1378,Time,1RSS(dB),2RSS(dB),TPWR(mW),Lipo,Curr(mA),Temp(°C),Bat,dent,Rpm(kmh),Tmp2(°C),dist,Capa,ST,TH,P1,P2,P3,P4,SA,SB,SC,SD,LSW,CH1(us),CH2(us),CH3(us),CH4(us),CH5(us),CH6(us),CH7(us),CH8(us),CH9(us),CH10(us),CH11(us),CH12(us),CH13(us),CH14(us),CH15(us),CH16(us),CH17(us),CH18(us),CH19(us),CH20(us),CH21(us),CH22(us),CH23(us),CH24(us),CH25(us),CH26(us),CH27(us),CH28(us),CH29(us),CH30(us),CH31(us),CH32(us),TxBat(V)
2026-04-19,17:04:30.270,-57,-68,10,4166,0,26,44,16,0,33,8,294,1,0,508,1024,204,1024,0,-1,-1,-1,0x1000480A98140204,1499,1500,1500,988,2012,1500,1500,1500,1500,1500,1193,1449,1500,1500,1500,1500,1500,1500,1500,2012,1500,1609,1500,2012,1500,1501,1500,1500,1520,1705,1500,988,8.2
2026-04-19,17:04:30.770,-56,-65,10,4166,0,26,44,16,0,33,8,294,1,0,508,1024,205,1024,0,-1,-1,-1,0x1000480A98140204,1499,1500,1500,988,2012,1500,1500,1500,1500,1500,1193,1449,1500,1500,1500,1500,1500,1500,1500,2012,1500,1609,1500,2012,1500,1500,1500,1500,1520,1705,1500,988,8.2
2026-04-19,17:04:31.270,-56,-76,10,4166,0,26,44,16,0,33,8,294,1,0,508,1024,205,1024,0,-1,-1,-1,0x1000480A98140204,1499,1500,1500,988,2012,1500,1500,1500,1500,1500,1193,1449,1500,1500,1500,1500,1500,1500,1500,2012,1500,1609,1500,2012,1500,1500,1500,1500,1520,1705,1500,988,8.2
2026-04-19,17:04:31.770,-56,-76,10,4166,0,26,44,16,0,33,8,294,1,0,508,1024,205,1024,0,-1,-1,-1,0x1000480A98140204,1499,1500,1500,988,2012,1500,1500,1500,1500,1500,1193,1449,1500,1500,1500,1500,1500,1500,1500,2012,1500,1609,1500,2012,1500,1500,1500,1500,1520,1705,1500,988,8.2
2026-04-19,17:04:32.270,-52,-57,10,4166,0,26,44,16,0,33,8,294,1,0,508,1024,204,1024,0,-1,-1,-1,0x1000480A98140204,1499,1500,1500,988,2012,1500,1500,1500,1500,1500,1193,1449,1500,1500,1500,1500,1500,1500,1500,2012,1500,1609,1500,2012,1500,1500,1500,1500,1520,1705,1500,988,8.2
2026-04-19,17:04:32.770,-55,-63,10,4166,0,26,44,16,0,33,8,294,0,1,508,1024,205,1024,0,-1,-1,-1,0x1000480A98140204,1499,1500,1500,988,2012,1500,1500,1500,1500,1500,1193,1449,1500,1500,1500,1500,1500,1500,1500,2012,1500,1609,1500,2012,1500,1501,1500,1500,1520,1705,1500,988,8.2
2026-04-19,17:04:33.270,-56,-63,10,4166,0,26,44,16,0,33,8,294,0,1,508,1024,205,1024,0,-1,-1,-1,0x1000480A98140204,1499,1500,1500,988,2012,1500,1500,1500,1500,1500,1193,1449,1500,1500,1500,1500,1500,1500,1500,2012,1500,1609,1500,2012,1500,1501,1500,1500,1520,1705,1500,988,8.2
2026-04-19,17:04:33.770,-57,-62,10,4166,0,26,44,16,0,33,8,294,0,1,508,1024,205,1024,0,-1,-1,-1,0x1000480A98140204,1499,1500,1500,988,2012,1500,1500,1500,1500,1500,1193,1449,1500,1500,1500,1500,1500,1500,1500,2012,1500,1609,1500,2012,1500,1501,1500,1500,1520,1705,1500,988,8.2
2026-04-19,17:04:34.270,-56,-62,10,4166,0,26,44,16,0,33,8,294,0,1,508,1024,205,1024,0,-1,-1,-1,0x1000480A98140204,1499,1500,1500,988,2012,1500,1500,1500,1500,1500,1193,1449,1500,1500,1500,1500,1500,1500,1500,2012,1500,1609,1500,2012,1500,1501,1500,1500,1520,1705,1500,988,8.2
2026-04-19,17:04:34.770,-56,-62,10,4166,0,26,44,16,0,33,8,294,0,1,508,1024,204,1024,0,-1,-1,-1,0x1000480A98140204,1499,1500,1500,988,2012,1500,1500,1500,1500,1500,1193,1449,1500,1500,1500,1500,1500,1500,1500,2012,1500,1609,1500,2012,1500,1501,1500,1500,1520,1705,1500,988,8.2
2026-04-19,17:04:35.270,-57,-60,10,4166,0,26,44,16,0,33,8,294,1,1,508,1024,205,1024,0,-1,-1,-1,0x1000480A98140204,1499,1500,1500,988,2012,1500,1500,1500,1500,1500,1193,1449,1500,1500,1500,1500,1500,1500,1500,2012,1500,1609,1500,2012,1500,1501,1500,1500,1520,1705,1500,988,8.2
2026-04-19,17:04:35.770,-58,-57,10,4166,0,26,44,16,0,33,8,294,0,3,508,1024,204,1024,0,-1,-1,-1,0x1000480A98140204,1499,1501,1500,988,2012,1500,1501,1500,1500,1500,1193,1449,1500,1500,1500,1500,1500,1500,1500,2012,1500,1609,1500,2012,1500,1501,1501,1500,1520,1705,1500,988,8.2
2026-04-19,17:04:36.270,-57,-58,10,4166,0,26,44,16,0,33,8,294,0,2,508,1024,205,1024,0,-1,-1,-1,0x1000480A98140204,1499,1500,1500,988,2012,1500,1501,1500,1500,1500,1193,1449,1500,1500,1500,1500,1500,1500,1500,2012,1500,1609,1500,2012,1500,1501,1500,1500,1520,1705,1500,988,8.2
2026-04-19,17:04:36.770,-57,-58,10,4166,0,26,44,16,0,33,8,294,0,3,508,1024,204,1024,0,-1,-1,-1,0x1000480A98140204,1499,1501,1500,988,2012,1500,1501,1500,1500,1500,1193,1449,1500,1500,1500,1500,1500,1500,1500,2012,1500,1609,1500,2012,1500,1502,1501,1500,1520,1705,1500,988,8.2
2026-04-19,17:04:37.270,-54,-63,10,4166,0,26,44,16,0,33,8,294,0,4,508,1024,205,1024,0,-1,-1,-1,0x1000480A98140204,1499,1501,1500,988,2012,1500,1502,1500,1500,1500,1193,1449,1500,1500,1500,1500,1500,1500,1500,2012,1500,1609,1500,2012,1500,1503,1501,1500,1520,1705,1500,988,8.2
2026-04-19,17:04:37.770,-57,-63,10,4166,0,26,44,16,0,33,8,294,1,3,508,1024,204,1024,0,-1,-1,-1,0x1000480A98140204,1499,1501,1500,988,2012,1500,1501,1500,1500,1500,1193,1449,1500,1500,1500,1500,1500,1500,1500,2012,1500,1609,1500,2012,1500,1502,1501,1500,1520,1705,1500,988,8.2
2026-04-19,17:04:38.270,-60,-57,10,4166,0,26,44,16,0,33,8,294,0,2,508,1024,204,1024,0,-1,-1,-1,0x1000480A98140204,1499,1500,1500,988,2012,1500,1501,1500,1500,1500,1193,1449,1500,1500,1500,1500,1500,1500,1500,2012,1500,1609,1500,2012,1500,1501,1500,1500,1520,1705,1500,988,8.2
2026-04-19,17:04:38.770,-56,-56,10,4166,0,26,44,16,0,33,8,294,0,1,508,1024,204,1024,0,-1,-1,-1,0x1000480A98140204,1499,1500,1500,988,2012,1500,1500,1500,1500,1500,1193,1449,1500,1500,1500,1500,1500,1500,1500,2012,1500,1609,1500,2012,1500,1501,1500,1500,1520,1705,1500,988,8.2
2026-04-19,17:04:39.270,-59,-60,10,4166,0,26,44,16,0,33,8,294,0,0,508,1024,205,1024,0,-1,-1,-1,0x1000480A98140204,1499,1500,1500,988,2012,1500,1500,1500,1500,1500,1193,1449,1500,1500,1500,1500,1500,1500,1500,2012,1500,1609,1500,2012,1500,1500,1500,1500,1520,1705,1500,988,8.2
2026-04-19,17:04:39.770,-56,-55,10,4166,0,26,44,16,0,33,8,294,0,3,508,1024,204,1024,0,-1,-1,-1,0x1000480A98140204,1499,1500,1500,988,2012,1500,1501,1500,1500,1500,1193,1449,1500,1500,1500,1500,1500,1500,1500,2012,1500,1609,1500,2012,1500,1502,1500,1500,1520,1705,1500,988,8.2
2026-04-19,17:04:40.270,-62,-68,10,4166,0,26,44,16,0,32,8,294,0,2,508,1024,205,1024,0,-1,-1,-1,0x1000480A98140204,1499,1500,1500,988,2012,1500,1501,1500,1500,1500,1193,1449,1500,1500,1500,1500,1500,1500,1500,2012,1500,1609,1500,2012,1500,1501,1500,1500,1520,1705,1500,988,8.2
2026-04-19,17:04:40.770,-55,-50,50,4166,0,26,44,16,0,32,8,294,0,2,508,1024,204,1024,0,-1,-1,-1,0x1000480A98140204,1499,1500,1500,988,2012,1500,1501,1500,1500,1500,1193,1449,1500,1500,1500,1500,1500,1500,1500,2012,1500,1609,1500,2012,1500,1501,1500,1500,1520,1705,1500,988,8.2
2026-04-19,17:04:41.270,-56,-57,10,4166,0,26,44,16,0,32,8,294,0,1,508,1024,204,1024,0,-1,-1,-1,0x1000480A98140204,1499,1500,1500,988,2012,1500,1500,1500,1500,1500,1193,1449,1500,1500,1500,1500,1500,1500,1500,2012,1500,1609,1500,2012,1500,1501,1500,1500,1520,1705,1500,988,8.2
2026-04-19,17:04:41.770,-56,-56,10,4166,0,26,44,16,0,32,8,294,0,1,508,1024,205,1024,0,-1,-1,-1,0x1000480A98140204,1499,1500,1500,988,2012,1500,1500,1500,1500,1500,1193,1449,1500,1500,1500,1500,1500,1500,1500,2012,1500,1609,1500,2012,1500,1501,1500,1500,1520,1705,1500,988,8.2
2026-04-19,17:04:42.270,-58,-57,10,4166,0,26,44,16,0,32,8,294,0,1,508,1024,204,1024,0,-1,-1,-1,0x1000480A98140204,1499,1500,1500,988,2012,1500,1500,1500,1500,1500,1193,1449,1500,1500,1500,1500,1500,1500,1500,2012,1500,1609,1500,2012,1500,1501,1500,1500,1520,1705,1500,988,8.2
2026-04-19,17:04:42.770,-59,-59,10,4166,0,26,44,16,0,32,8,294,1,2,508,1024,205,1024,0,-1,-1,-1,0x1000480A98140204,1499,1500,1500,988,2012,1500,1501,1500,1500,1500,1193,1449,1500,1500,1500,1500,1500,1500,1500,2012,1500,1609,1500,2012,1500,1501,1500,1500,1520,1705,1500,988,8.2
2026-04-19,17:04:43.270,-63,-58,10,4166,0,26,44,16,0,32,8,294,0,2,508,1024,204,1024,0,-1,-1,-1,0x1000480A98140204,1499,1500,1500,988,2012,1500,1501,1500,1500,1500,1193,1449,1500,1500,1500,1500,1500,1500,1500,2012,1500,1609,1500,2012,1500,1501,1500,1500,1520,1705,1500,988,8.2
2026-04-19,17:04:43.770,-58,-57,10,4166,0,26,44,16,0,32,8,294,1,1,508,1024,204,1024,0,-1,-1,-1,0x1000480A98140204,1499,1500,1500,988,2012,1500,1500,1500,1500,1500,1193,1449,1500,1500,1500,1500,1500,1500,1500,2012,1500,1609,1500,2012,1500,1501,1500,1500,1520,1705,1500,988,8.2
2026-04-19,17:04:44.270,-52,-62,10,4166,0,26,44,16,0,32,8,294,0,2,508,1024,204,1024,0,-1,-1,-1,0x1000480A98140204,1499,1500,1500,988,2012,1500,1501,1500,1500,1500,1193,1449,1500,1500,1500,1500,1500,1500,1500,2012,1500,1609,1500,2012,1500,1501,1500,1500,1520,1705,1500,988,8.2
2026-04-19,17:04:44.770,-58,-59,10,4166,0,26,44,16,0,32,8,294,1,2,508,1024,204,1024,0,-1,-1,-1,0x1000480A98140204,1499,1500,1500,988,2012,1500,1501,1500,1500,1500,1193,1449,1500,1500,1500,1500,1500,1500,1500,2012,1500,1609,1500,2012,1500,1501,1500,1500,1520,1705,1500,988,8.2
2026-04-19,17:04:45.270,-56,-61,10,4166,0,26,44,16,0,32,8,294,0,1,508,1024,204,1024,0,-1,-1,-1,0x1000480A98140204,1499,1500,1500,988,2012,1500,1500,1500,1500,1500,1193,1449,1500,1500,1500,1500,1500,1500,1500,2012,1500,1609,1500,2012,1500,1501,1500,1500,1520,1705,1500,988,8.2
2026-04-19,17:04:45.770,-60,-65,10,4166,0,26,44,16,0,32,8,294,1,1,508,1024,204,1024,0,-1,-1,-1,0x1000480A98140204,1499,1500,1500,988,2012,1500,1500,1500,1500,1500,1193,1449,1500,1500,1500,1500,1500,1500,1500,2012,1500,1609,1500,2012,1500,1501,1500,1500,1520,1705,1500,988,8.2
2026-04-19,17:04:46.270,-73,-55,10,4166,0,26,44,16,0,32,8,294,0,1,508,1024,205,1024,0,-1,-1,-1,0x1000480A98140204,1499,1500,1500,988,2012,1500,1500,1500,1500,1500,1193,1449,1500,1500,1500,1500,1500,1500,1500,2012,1500,1609,1500,2012,1500,1501,1500,1500,1520,1705,1500,988,8.2
2026-04-19,17:04:46.770,-58,-57,10,4166,0,26,44,16,0,32,8,294,0,1,508,1024,204,1024,0,-1,-1,-1,0x1000480A98140204,1499,1500,1500,988,2012,1500,1500,1500,1500,1500,1193,1449,1500,1500,1500,1500,1500,1500,1500,2012,1500,1609,1500,2012,1500,1501,1500,1500,1520,1705,1500,988,8.2
2026-04-19,17:04:47.270,-55,-60,10,4166,0,26,44,16,0,32,8,294,0,2,508,1024,204,1024,0,-1,-1,-1,0x1000480A98140204,1499,1500,1500,988,2012,1500,1501,1500,1500,1500,1193,1449,1500,1500,1500,1500,1500,1500,1500,2012,1500,1609,1500,2012,1500,1501,1500,1500,1520,1705,1500,988,8.2
2026-04-19,17:04:47.770,-56,-53,10,4166,0,26,44,16,0,32,8,294,5,2,508,1024,204,1024,0,-1,-1,-1,0x1000480A98140204,1500,1500,1500,988,2012,1502,1501,1500,1500,1502,1193,1449,1500,1500,1500,1500,1500,1500,1500,2012,1500,1609,1500,2012,1500,1501,1500,1500,1520,1705,1500,988,8.2
2026-04-19,17:04:48.270,-52,-55,10,4166,0,26,44,16,0,32,8,294,0,3,508,1024,204,1024,0,-1,-1,-1,0x1000480A98140204,1499,1501,1500,988,2012,1500,1501,1500,1500,1500,1193,1449,1500,1500,1500,1500,1500,1500,1500,2012,1500,1609,1500,2012,1500,1502,1501,1500,1520,1705,1500,988,8.2
2026-04-19,17:04:48.770,-55,-59,10,4166,0,26,44,16,0,32,8,294,1,3,508,1024,204,1024,0,-1,-1,-1,0x1000480A98140204,1499,1501,1500,988,2012,1500,1501,1500,1500,1500,1193,1449,1500,1500,1500,1500,1500,1500,1500,2012,1500,1609,1500,2012,1500,1502,1501,1500,1520,1705,1500,988,8.2
2026-04-19,17:04:49.270,-56,-59,10,4166,0,26,44,16,0,32,8,294,1,3,508,1024,205,1024,0,-1,-1,-1,0x1000480A98140204,1499,1501,1500,988,2012,1500,1501,1500,1500,1500,1193,1449,1500,1500,1500,1500,1500,1500,1500,2012,1500,1609,1500,2012,1500,1502,1501,1500,1520,1705,1500,988,8.2
2026-04-19,17:04:49.770,-56,-58,10,4166,0,26,44,16,0,32,8,294,1,5,508,1024,204,1024,0,-1,-1,-1,0x1000480A98140204,1499,1501,1500,988,2012,1500,1502,1500,1500,1500,1193,1449,1500,1500,1500,1500,1500,1500,1500,2012,1500,1609,1500,2012,1500,1503,1501,1500,1520,1705,1500,988,8.2
2026-04-19,17:04:50.270,-56,-60,10,4166,0,26,44,16,0,32,8,294,334,7,508,1024,205,1024,0,-1,-1,-1,0x1000480A9C140204,1552,1502,1500,988,2012,1667,1503,1500,1500,1661,1193,1449,1500,1500,1500,1500,1500,1500,1500,2012,1500,1609,1500,2012,1500,1505,1502,1500,1520,1705,1500,988,8.2
2026-04-19,17:04:50.770,-55,-57,10,4166,0,26,44,16,0,32,8,294,423,10,508,1024,204,1024,0,-1,-1,-1,0x1000480A9C140204,1570,1503,1500,988,2012,1711,1505,1500,1500,1711,1193,1449,1500,1500,1500,1500,1500,1500,1500,2012,1500,1609,1500,2012,1500,1508,1503,1500,1520,1705,1500,988,8.2
2026-04-19,17:04:51.270,-55,-66,10,4166,0,26,44,16,0,32,8,294,435,15,508,1024,204,1024,0,-1,-1,-1,0x1000480A9C140204,1573,1505,1500,988,2012,1717,1507,1500,1500,1717,1193,1449,1500,1500,1500,1500,1500,1500,1500,2012,1500,1609,1500,2012,1500,1512,1505,1500,1520,1705,1500,988,8.2
2026-04-19,17:04:51.770,-57,-63,10,4166,0,26,44,16,0,32,8,294,451,29,508,1024,204,1024,0,-1,-1,-1,0x1000480A9C140204,1576,1511,1500,988,2012,1725,1514,1500,1500,1725,1193,1449,1500,1500,1500,1500,1500,1500,1500,2012,1500,1609,1500,2012,1500,1523,1511,1500,1520,1705,1500,988,8.2
2026-04-19,17:04:52.270,-57,-63,10,4166,940,26,44,16,0,32,8,294,497,345,508,1024,205,1024,0,-1,-1,-1,0x1000480A9C140205,1586,1601,1536,988,2012,1748,1672,1500,1500,1748,1193,1449,1500,1500,1500,1500,1500,1500,1372,1628,1500,1609,1500,2012,1500,1721,1601,1500,1520,1705,1500,988,8.2
2026-04-19,17:04:52.770,-56,-56,10,4144,33170,26,44,16,16676,32,8,297,424,663,508,1024,205,1024,0,-1,-1,-1,0x100048099C140605,1574,1740,1730,988,2012,1712,1831,1500,1500,1719,1193,1449,1500,1500,1500,1500,1500,1500,1372,1628,1500,1609,1500,2012,1500,1878,1740,1500,1520,1705,1500,988,8.2
2026-04-19,17:04:53.270,-56,-57,10,4110,39860,26,44,16,21112,32,8,301,-154,656,508,1024,204,1024,0,-1,-1,-1,0x100048099C140205,1472,1729,1730,988,2012,1423,1828,1500,1500,1415,1193,1449,1500,1500,1500,1500,1500,1500,1372,1628,1500,1609,1500,2012,1500,1876,1729,1500,1520,1705,1500,988,8.2
2026-04-19,17:04:53.770,-59,-60,10,4094,6340,26,44,16,13446,32,8,304,-350,125,508,1024,205,1024,0,-1,-1,-1,0x100048049C140205,1441,1537,1730,988,2012,1325,1562,1500,1500,1326,1193,1449,1500,1500,1500,1500,1500,1500,1372,1628,1500,1609,1500,2012,1500,1586,1537,1500,1520,1705,1500,988,8.2
2026-04-19,17:04:54.270,-71,-63,10,4093,1960,28,44,16,11126,32,8,305,-366,1,507,1024,203,1024,0,-1,-1,-1,0x100048009C140205,1443,1500,1730,988,2012,1317,1500,1500,1500,1331,1193,1449,1500,1500,1500,1500,1500,1500,1270,1730,1500,1609,1500,2012,1500,1572,1500,1500,1520,1705,1500,988,8.2
2026-04-19,17:04:54.770,-70,-72,10,4093,1430,28,44,16,7498,32,8,305,788,97,508,1024,204,1024,0,-1,-1,-1,0x100048009C140205,1663,1537,1730,988,2012,1894,1548,1500,1500,1893,1193,1449,1500,1500,1500,1500,1500,1500,1372,1628,1500,1609,1500,2012,1500,1582,1537,1500,1520,1705,1500,988,8.2
2026-04-19,17:04:55.270,-66,-65,10,4121,7460,28,44,16,8970,32,8,305,-41,380,508,1024,204,1024,0,-1,-1,-1,0x1000480098140205,1495,1620,1730,988,2012,1480,1690,1500,1500,1485,1193,1449,1500,1500,1500,1500,1500,1500,1372,1628,1500,1609,1500,2012,1500,1749,1620,1500,1520,1705,1500,988,8.2
2026-04-19,17:04:55.770,-70,-73,10,4140,36010,28,44,16,16750,32,8,307,207,769,508,1024,205,1024,0,-1,-1,-1,0x100048009C140205,1529,1790,1730,988,2012,1603,1884,1500,1500,1596,1193,1449,1500,1500,1500,1500,1500,1500,1372,1628,1500,1609,1500,2012,1500,1915,1790,1500,1520,1705,1500,988,8.2
2026-04-19,17:04:56.270,-74,-75,50,4109,29880,28,44,16,23852,32,8,312,-193,400,508,1024,204,1024,0,-1,-1,-1,0x100048009C140205,1467,1626,1730,988,2012,1404,1700,1500,1500,1398,1193,1449,1500,1500,1500,1500,1500,1500,1372,1628,1500,1609,1500,2012,1500,1758,1626,1500,1520,1705,1500,988,8.2
2026-04-19,17:04:56.770,-84,-70,10,4105,2760,28,44,16,15182,32,8,313,-676,520,508,1024,204,1024,0,-1,-1,-1,0x100048049C140245,1363,1673,1730,988,2012,1162,1760,1500,1500,1162,1193,1449,1500,1500,1500,1500,1500,1500,1372,1628,1500,1609,1500,2012,1500,1817,1673,1500,1520,1705,1500,988,8.2
2026-04-19,17:04:57.270,-74,-80,50,4099,2410,28,44,16,10934,32,8,314,-799,227,508,1024,204,1024,0,-1,-1,-1,0x100048009C140205,1325,1561,1730,988,2012,1101,1613,1500,1500,1106,1193,1449,1500,1500,1500,1500,1500,1500,1372,1628,1500,1609,1500,2012,1500,1660,1561,1500,1520,1705,1500,988,8.2
2026-04-19,17:04:57.770,-83,-75,10,4101,10890,28,44,16,11050,32,8,314,-321,490,508,1024,205,1024,0,-1,-1,-1,0x100048009C140205,1439,1662,1730,988,2012,1340,1745,1500,1500,1321,1193,1449,1500,1500,1500,1500,1500,1500,1372,1628,1500,1609,1500,2012,1500,1803,1662,1500,1520,1705,1500,988,8.2
2026-04-19,17:04:58.270,-72,-69,25,4111,18350,28,44,16,13714,33,9,316,-67,42,508,1024,204,1024,0,-1,-1,-1,0x100048009C140205,1489,1519,1730,988,2012,1467,1521,1500,1500,1467,1193,1449,1500,1500,1500,1500,1500,1500,1321,1679,1500,1609,1500,2012,1500,1540,1519,1500,1520,1705,1500,988,8.2
2026-04-19,17:04:58.770,-79,-79,10,4132,1850,28,44,16,7438,33,9,318,-3,-249,508,1024,205,1024,0,-1,-1,-1,0x100048009A1C0205,1499,1351,1730,1244,2012,1499,1376,1294,1500,1499,1193,1449,1500,1500,1500,1500,1500,1293,1050,2012,1500,1609,1500,988,1500,1380,1500,1500,1520,1705,1294,988,8.2
2026-04-19,17:04:59.270,-94,-78,10,4135,6620,28,44,16,6524,33,9,318,-1024,507,508,1024,205,1024,0,-1,-1,-1,0x100048009C140205,1204,1673,1730,988,2012,988,1753,1500,1500,988,1193,1449,1500,1500,1500,1500,1500,1500,1372,1628,1500,1609,1500,2012,1500,1811,1673,1500,1520,1705,1500,988,8.2
2026-04-19,17:04:59.770,-73,-77,10,4135,10080,28,44,16,6820,33,9,319,-1024,230,508,1024,204,1024,0,-1,-1,-1,0x100048009C140205,1204,1617,1730,988,2012,988,1608,1500,1500,988,1193,1449,1500,1500,1500,1500,1500,1500,1372,1628,1500,1609,1500,2012,1500,1739,1617,1500,1520,1705,1500,988,8.2
2026-04-19,17:05:00.270,-78,-85,10,4123,14570,28,44,16,11570,33,9,321,-389,469,508,1024,204,1024,0,-1,-1,-1,0x100048029C140205,1433,1653,1730,988,2012,1306,1734,1500,1500,1306,1193,1449,1500,1500,1500,1500,1500,1500,1372,1628,1500,1609,1500,2012,1500,1793,1653,1500,1520,1705,1500,988,8.2
2026-04-19,17:05:00.770,-81,-81,10,4121,18840,28,44,16,13672,33,9,323,-360,465,508,1024,204,1024,0,-1,-1,-1,0x100048029C140205,1439,1641,1730,988,2012,1320,1732,1500,1500,1320,1193,1449,1500,1500,1500,1500,1500,1500,1372,1628,1500,1609,1500,2012,1500,1786,1641,1500,1520,1705,1500,988,8.2
2026-04-19,17:05:01.270,-89,-78,10,4104,16500,28,44,16,15738,33,9,325,-1,595,508,1024,204,1024,0,-1,-1,-1,0x1000480998140605,1499,1705,1730,988,2012,1500,1797,1500,1500,1500,1193,1449,1500,1500,1500,1500,1500,1500,1372,1628,1500,1609,1500,2012,1500,1850,1705,1500,1520,1705,1500,988,8.2
2026-04-19,17:05:01.770,-81,-76,10,4086,25920,28,44,16,24132,33,9,329,-6,27,508,1024,204,1024,0,-1,-1,-1,0x1000480498140245,1499,1510,1730,988,2012,1497,1513,1500,1500,1497,1193,1449,1500,1500,1500,1500,1500,1500,1090,2012,1500,1609,1500,2012,1500,1521,1510,1500,1520,1705,1500,988,8.2
2026-04-19,17:05:02.270,-68,-75,10,4088,1990,28,44,16,22138,33,9,330,-138,190,508,1024,205,1024,0,-1,-1,-1,0x100048049C140205,1478,1558,1730,988,2012,1431,1595,1500,1500,1431,1193,1449,1500,1500,1500,1500,1500,1500,1372,1628,1500,1609,1500,2012,1500,1637,1558,1500,1520,1705,1500,988,8.2
2026-04-19,17:05:02.770,-76,-72,10,4097,9350,28,44,16,12326,33,9,330,-1,69,508,1024,204,1024,0,-1,-1,-1,0x1000480098140205,1499,1530,1730,988,2012,1500,1534,1500,1500,1500,1193,1449,1500,1500,1500,1500,1500,1500,1372,1628,1500,1609,1500,2012,1500,1562,1530,1500,1520,1705,1500,988,8.2
2026-04-19,17:05:03.270,-80,-74,10,4112,940,28,44,16,9004,33,9,331,1024,1,508,1024,205,1024,0,-1,-1,-1,0x100048009C100205,1763,1500,1730,988,2012,2012,1500,1500,1500,2012,1193,1449,1500,1500,1500,1500,1500,1500,1122,2012,1500,1609,1500,988,1500,1501,1500,1500,1520,1705,1500,988,8.2
2026-04-19,17:05:03.770,-75,-70,10,4131,0,28,44,16,3026,34,9,331,1010,58,508,1024,205,1024,0,-1,-1,-1,0x100048009C140205,1756,1521,1730,988,2012,2005,1529,1500,1500,2005,1193,1449,1500,1500,1500,1500,1500,1500,1372,2012,1500,1609,1500,2012,1500,1544,1521,1500,1520,1705,1500,988,8.2
2026-04-19,17:05:04.270,-72,-72,10,4123,45850,28,44,16,24118,34,9,333,-575,855,508,1024,205,1024,0,-1,-1,-1,0x100048009C140205,1391,1854,1730,988,2012,1213,1927,1500,1500,1213,1193,1449,1500,1500,1500,1500,1500,1500,1372,1628,1500,1609,1500,2012,1500,1957,1854,1500,1520,1705,1500,988,8.2
2026-04-19,17:05:04.770,-72,-65,10,4100,16390,28,44,16,10496,34,9,337,1024,-81,508,1024,204,1024,0,-1,-1,-1,0x100048009E1C0205,1763,1438,1730,1095,2012,2012,1460,1413,1500,2012,1193,1449,1500,1500,1500,1500,1500,1413,1050,2012,1500,1609,1500,2012,1500,1417,1500,1500,1520,1705,1413,988,8.2
2026-04-19,17:05:05.270,-72,-73,10,4100,3920,28,44,16,1790,34,9,337,457,440,508,1024,204,1024,0,-1,-1,-1,0x100048009C140205,1577,1641,1730,988,2012,1728,1720,1500,1500,1728,1193,1449,1500,1500,1500,1500,1500,1500,1372,1628,1500,1609,1500,2012,1500,1779,1641,1500,1520,1705,1500,988,8.2
2026-04-19,17:05:05.770,-76,-74,10,4077,20590,28,44,16,16310,34,9,341,1024,69,508,1024,204,1024,0,-1,-1,-1,0x100048009C140205,1763,1525,1730,988,2012,2012,1534,1500,1500,2012,1193,1449,1500,1500,1500,1500,1500,1500,1372,1628,1500,1609,1500,2012,1500,1553,1525,1500,1520,1705,1500,988,8.2
2026-04-19,17:05:06.270,-69,-78,10,4061,32470,28,44,16,15172,34,9,343,-293,564,508,1024,205,1024,0,-1,-1,-1,0x100048009C140205,1451,1692,1730,988,2012,1354,1782,1500,1500,1354,1193,1449,1500,1500,1500,1500,1500,1500,1372,1628,1500,1609,1500,2012,1500,1837,1692,1500,1520,1705,1500,988,8.2
2026-04-19,17:05:06.770,-66,-70,10,4074,12290,28,44,16,9886,34,9,346,-499,159,508,1024,204,1024,0,-1,-1,-1,0x100048089C140205,1409,1548,1730,988,2012,1251,1579,1500,1500,1251,1193,1449,1500,1500,1500,1500,1500,1500,1372,1628,1500,1609,1500,2012,1500,1617,1548,1500,1520,1705,1500,988,8.2
2026-04-19,17:05:07.270,-74,-67,10,4079,12820,28,44,16,11982,34,9,347,-785,639,508,1024,204,1024,0,-1,-1,-1,0x100048089C140205,1326,1728,1730,988,2012,1108,1819,1500,1500,1108,1193,1449,1500,1500,1500,1500,1500,1500,1372,1628,1500,1609,1500,2012,1500,1869,1728,1500,1520,1705,1500,988,8.2
2026-04-19,17:05:07.770,-71,-70,10,4060,33280,28,44,16,16574,34,9,350,568,670,508,1024,205,1024,0,-1,-1,-1,0x100048089C140205,1608,1756,1730,988,2012,1784,1835,1500,1500,1794,1193,1449,1500,1500,1500,1500,1500,1500,1372,1628,1500,1609,1500,2012,1500,1886,1756,1500,1520,1705,1500,988,8.2
2026-04-19,17:05:08.270,-72,-73,10,4031,56680,30,44,16,28626,34,10,356,-130,1024,507,1024,205,1024,0,-1,-1,-1,0x100048059C142645,1481,2012,1730,988,2012,1435,2012,1500,1500,1442,1193,1449,1500,1500,1500,1500,1500,1500,1372,1628,1500,1609,1500,2012,1500,2012,2012,1500,1520,1705,1500,988,8.2
2026-04-19,17:05:08.770,-72,-74,10,3999,17410,30,44,16,28728,34,10,363,223,0,508,1024,204,1024,0,-1,-1,-1,0x100048049C140245,1534,1513,1730,988,2012,1611,1500,1500,1500,1611,1193,1449,1500,1500,1500,1500,1500,1500,1321,1679,1500,1609,1500,2012,1500,1619,1513,1500,1520,1705,1500,988,8.2
2026-04-19,17:05:09.270,-83,-78,50,4002,1570,30,44,16,17420,34,10,364,941,176,508,1024,204,1024,0,-1,-1,-1,0x100048049C140205,1717,1555,1730,988,2012,1970,1588,1500,1500,1965,1193,1449,1500,1500,1500,1500,1500,1500,1372,1628,1500,1609,1500,2012,1500,1635,1555,1500,1520,1705,1500,988,8.2
2026-04-19,17:05:09.770,-69,-73,10,4008,7490,30,44,16,10750,34,10,365,1024,341,508,1024,205,1024,0,-1,-1,-1,0x100048009C140205,1763,1619,1730,988,2012,2012,1670,1500,1500,2012,1193,1449,1500,1500,1500,1500,1500,1500,1372,1628,1500,1609,1500,2012,1500,1753,1619,1500,1520,1705,1500,988,8.2
2026-04-19,17:05:10.270,-69,-77,10,4015,30510,30,44,16,17216,35,10,367,990,561,508,1024,205,1024,0,-1,-1,-1,0x100048009C140205,1745,1690,1730,988,2012,1995,1780,1500,1500,1995,1193,1449,1500,1500,1500,1500,1500,1500,1372,1628,1500,1609,1500,2012,1500,1836,1690,1500,1520,1705,1500,988,8.2
2026-04-19,17:05:10.770,-77,-68,10,4015,33490,30,44,16,20224,35,10,371,784,735,507,1024,204,1024,0,-1,-1,-1,0x100048019C140205,1662,1780,1730,988,2012,1892,1867,1500,1500,1891,1193,1449,1500,1500,1500,1500,1500,1500,1372,1628,1500,1609,1500,2012,1500,1908,1780,1500,1520,1705,1500,988,8.2
2026-04-19,17:05:11.270,-82,-69,10,4023,55380,30,44,16,29416,35,10,376,-4,1024,507,1024,205,1024,0,-1,-1,-1,0x1000480598142645,1499,2012,1730,988,2012,1498,2012,1500,1500,1498,1193,1449,1500,1500,1500,1500,1500,1500,1372,1628,1500,1609,1500,2012,1500,2012,2012,1500,1520,1705,1500,988,8.2
2026-04-19,17:05:11.770,-79,-75,10,3998,18670,30,44,16,21122,35,10,381,-2,440,508,1024,204,1024,0,-1,-1,-1,0x1000480498140205,1499,1642,1730,988,2012,1499,1720,1500,1500,1500,1193,1449,1500,1500,1500,1500,1500,1500,1372,1628,1500,1609,1500,2012,1500,1779,1642,1500,1520,1705,1500,988,8.2
2026-04-19,17:05:12.270,-75,-77,10,3992,8370,30,44,16,19050,35,10,383,201,440,508,1024,204,1024,0,-1,-1,-1,0x100048049C140245,1530,1637,1730,988,2012,1600,1720,1500,1500,1600,1193,1449,1500,1500,1500,1500,1500,1500,1372,1628,1500,1609,1500,2012,1500,1774,1637,1500,1520,1705,1500,988,8.2
2026-04-19,17:05:12.770,-80,-70,10,4009,1960,30,44,16,8648,35,10,383,431,-3,508,1024,205,1024,0,-1,-1,-1,0x100048049C140205,1576,1489,1730,1007,2012,1715,1499,1485,1500,1723,1193,1449,1500,1500,1500,1500,1500,1485,1117,1883,1500,1609,1500,2012,1500,1568,1500,1500,1520,1705,1485,988,8.2
2026-04-19,17:05:13.270,-78,-80,10,4026,11870,30,44,16,14694,35,10,385,575,234,508,1024,204,1024,0,-1,-1,-1,0x100048009C140205,1608,1560,1730,988,2012,1787,1617,1500,1500,1794,1193,1449,1500,1500,1500,1500,1500,1500,1372,1628,1500,1609,1500,2012,1500,1656,1560,1500,1520,1705,1500,988,8.2
2026-04-19,17:05:13.770,-79,-72,10,4079,4690,30,44,16,12650,35,10,385,-1024,10,508,1024,204,1024,0,-1,-1,-1,0x100048009C101A85,1204,1504,1730,988,2012,988,1505,1500,1500,988,1193,1449,1500,1500,1500,1500,1500,1500,1069,2012,1500,1609,1500,988,1500,1509,1504,1500,1520,1705,1500,988,8.2
2026-04-19,17:05:14.270,-72,-60,10,4089,16990,30,44,16,7220,35,10,386,-949,273,508,1024,205,1024,0,-1,-1,-1,0x100048009C140205,1241,1591,1730,988,2012,1026,1636,1500,1500,1018,1193,1449,1500,1500,1500,1500,1500,1500,1372,1628,1500,1609,1500,2012,1500,1759,1591,1500,1520,1705,1500,988,8.2
2026-04-19,17:05:14.770,-57,-75,25,4067,23920,30,44,16,13940,35,10,390,-495,808,508,1024,204,1024,0,-1,-1,-1,0x100048009C140205,1421,1727,1730,988,2012,1253,1904,1500,1500,1277,1193,1449,1500,1500,1500,1500,1500,1500,1372,1628,1500,1609,1500,2012,1500,1925,1727,1500,1520,1705,1500,988,8.2
2026-04-19,17:05:15.270,-64,-70,10,4055,18250,30,44,16,13450,35,11,393,1024,341,508,1024,203,1024,0,-1,-1,-1,0x100048009C141A85,1763,1601,1730,988,2012,2012,1670,1500,1500,2012,1193,1449,1500,1500,1500,1500,1500,1500,1372,1628,1500,1609,1500,2012,1500,1721,1601,1500,1520,1705,1500,988,8.2
2026-04-19,17:05:15.770,-63,-58,10,4061,12290,30,44,16,8770,35,11,394,1024,429,507,1024,205,1024,0,-1,-1,-1,0x100048029C140205,1763,1637,1730,988,2012,2012,1714,1500,1500,2012,1193,1449,1500,1500,1500,1500,1500,1500,1372,1628,1500,1609,1500,2012,1500,1774,1637,1500,1520,1705,1500,988,8.2
2026-04-19,17:05:16.270,-83,-67,10,4046,21260,30,44,16,15992,35,11,396,-618,402,508,1024,204,1024,0,-1,-1,-1,0x100048019C140605,1385,1641,1730,988,2012,1191,1701,1500,1500,1200,1193,1449,1500,1500,1500,1500,1500,1500,1372,1628,1500,1609,1500,2012,1500,1782,1641,1500,1520,1705,1500,988,8.2
2026-04-19,17:05:16.770,-69,-60,10,4045,12540,30,44,16,14270,35,11,398,-990,446,508,1024,205,1024,0,-1,-1,-1,0x100048089C140205,1233,1644,1730,988,2012,1005,1723,1500,1500,1012,1193,1449,1500,1500,1500,1500,1500,1500,1372,1628,1500,1609,1500,2012,1500,1782,1644,1500,1520,1705,1500,988,8.2
2026-04-19,17:05:17.270,-65,-67,10,4050,44560,30,44,16,16154,35,11,402,-230,250,508,1024,204,1024,0,-1,-1,-1,0x100048089C140205,1462,1586,1730,988,2012,1391,1615,1500,1500,1385,1193,1449,1500,1500,1500,1500,1500,1500,1372,1628,1500,1609,1500,2012,1500,1809,1586,1500,1520,1705,1500,988,8.2
2026-04-19,17:05:17.770,-56,-55,10,4040,10190,30,44,16,26306,35,11,405,-451,247,508,1024,204,1024,0,-1,-1,-1,0x100048049C140245,1418,1590,1730,988,2012,1275,1609,1500,1500,1269,1193,1449,1500,1500,1500,1500,1500,1500,1372,1628,1500,1609,1500,2012,1500,1824,1590,1500,1520,1705,1500,988,8.2
2026-04-19,17:05:18.270,-47,-49,10,4043,1190,30,44,16,18282,35,11,405,-1024,2,508,1024,204,1024,0,-1,-1,-1,0x100048049C140245,1204,1500,1730,988,2012,988,1501,1500,1500,988,1193,1449,1500,1500,1500,1500,1500,1500,1192,2012,1500,1609,1500,988,1500,1501,1500,1500,1520,1705,1500,988,8.2
2026-04-19,17:05:18.770,-48,-49,10,4053,20310,30,44,16,11502,36,11,406,-490,568,508,1024,205,1024,0,-1,-1,-1,0x100048009C140205,1419,1698,1730,988,2012,1255,1784,1500,1500,1273,1193,1449,1500,1500,1500,1500,1500,1500,1372,1628,1500,1609,1500,2012,1500,1845,1698,1500,1520,1705,1500,988,8.2
2026-04-19,17:05:19.270,-52,-53,10,4052,11000,30,44,16,9074,36,11,408,-1024,211,508,1024,204,1024,0,-1,-1,-1,0x100048009C140205,1204,1557,1730,988,2012,988,1605,1500,1500,988,1193,1449,1500,1500,1500,1500,1500,1500,1372,1628,1500,1609,1500,2012,1500,1650,1557,1500,1520,1705,1500,988,8.2
2026-04-19,17:05:19.770,-55,-69,10,4073,13690,32,44,16,10060,36,11,410,-1024,542,508,1024,204,1024,0,-1,-1,-1,0x100048009C140205,1204,1689,1730,988,2012,988,1771,1500,1500,988,1193,1449,1500,1500,1500,1500,1500,1500,1372,1628,1500,1609,1500,2012,1500,1835,1689,1500,1520,1705,1500,988,8.2
2026-04-19,17:05:20.270,-68,-58,10,4070,16250,32,44,16,12096,36,11,412,1024,-319,508,1024,205,1024,0,-1,-1,-1,0x100048009E1C0205,1763,1315,1730,1300,2012,2012,1341,1244,1500,2012,1193,1449,1500,1500,1500,1500,1500,1244,1009,2012,1500,1609,1500,2012,1500,1284,1500,1500,1520,1705,1244,988,8.2
2026-04-19,17:05:20.770,-77,-65,10,4061,13970,32,44,16,10626,36,11,414,1024,410,508,1024,204,1024,0,-1,-1,-1,0x100048009C140205,1763,1630,1730,988,2012,2012,1710,1500,1500,2012,1193,1449,1500,1500,1500,1500,1500,1500,1372,1628,1500,1609,1500,2012,1500,1764,1630,1500,1520,1705,1500,988,8.2
2026-04-19,17:05:21.270,-77,-60,10,4059,16850,32,44,16,11928,36,11,416,683,509,508,1024,204,1024,0,-1,-1,-1,0x100048019C140605,1630,1669,1730,988,2012,1842,1754,1500,1500,1835,1193,1449,1500,1500,1500,1500,1500,1500,1372,1628,1500,1609,1500,2012,1500,1812,1669,1500,1520,1705,1500,988,8.2
2026-04-19,17:05:21.770,-61,-65,10,4047,56990,32,44,16,16000,36,11,419,518,605,508,1024,204,1024,0,-1,-1,-1,0x100048019C140205,1591,1724,1730,988,2012,1759,1802,1500,1500,1759,1193,1449,1500,1500,1500,1500,1500,1500,1372,1628,1500,1609,1500,2012,1500,1859,1724,1500,1520,1705,1500,988,8.2
2026-04-19,17:05:22.270,-56,-64,10,4036,10820,32,44,16,23958,36,11,423,228,5,508,1024,204,1024,0,-1,-1,-1,0x100048009C140205,1532,1502,1730,988,2012,1614,1502,1500,1500,1605,1193,1449,1500,1500,1500,1500,1500,1500,1219,1781,1500,1609,1500,2012,1500,1645,1502,1500,1520,1705,1500,988,8.2
2026-04-19,17:05:22.770,-51,-64,10,4041,1960,32,44,16,8442,36,11,423,884,267,508,1024,204,1024,0,-1,-1,-1,0x100048009C140205,1691,1587,1730,988,2012,1942,1633,1500,1500,1934,1193,1449,1500,1500,1500,1500,1500,1500,1372,1628,1500,1609,1500,2012,1500,1699,1587,1500,1520,1705,1500,988,8.2
2026-04-19,17:05:23.270,-55,-68,10,4051,3290,32,44,16,7602,36,11,424,1024,339,508,1024,205,1024,0,-1,-1,-1,0x100048009C140205,1763,1592,1730,988,2012,2012,1669,1500,1500,2012,1193,1449,1500,1500,1500,1500,1500,1500,1372,1628,1500,1609,1500,2012,1500,1714,1592,1500,1520,1705,1500,988,8.2
2026-04-19,17:05:23.770,-61,-53,10,4051,32300,32,44,16,16438,36,11,426,668,800,508,1024,205,1024,0,-1,-1,-1,0x100048019C140605,1640,1823,1730,988,2012,1834,1900,1500,1500,1853,1193,1449,1500,1500,1500,1500,1500,1500,1372,1628,1500,1609,1500,2012,1500,1937,1823,1500,1520,1705,1500,988,8.2
2026-04-19,17:05:24.270,-69,-58,10,4068,2030,32,44,16,7286,36,12,430,112,500,508,1024,204,1024,0,-1,-1,-1,0x100048009C140205,1513,1620,1730,988,2012,1561,1760,1500,1500,1546,1193,1449,1500,1500,1500,1500,1500,1500,1372,1628,1500,1609,1500,2012,1500,1798,1620,1500,1520,1705,1500,988,8.2
2026-04-19,17:05:24.770,-50,-58,10,4061,14360,32,44,16,9498,36,12,431,-41,370,508,1024,204,1024,0,-1,-1,-1,0x100048009C140205,1486,1620,1730,988,2012,1501,1685,1500,1500,1457,1193,1449,1500,1500,1500,1500,1500,1500,1372,1628,1500,1609,1500,2012,1500,1748,1620,1500,1520,1705,1500,988,8.2
2026-04-19,17:05:25.270,-50,-58,10,4054,16780,32,44,16,9890,37,12,433,-367,527,507,1024,204,1024,0,-1,-1,-1,0x100048009C140205,1440,1677,1730,988,2012,1311,1763,1500,1500,1324,1193,1449,1500,1500,1500,1500,1500,1500,1372,1628,1500,1609,1500,2012,1500,1820,1677,1500,1520,1705,1500,988,8.2
2026-04-19,17:05:25.770,-61,-67,10,4039,16640,32,44,16,13772,37,12,435,178,571,508,1024,204,1024,0,-1,-1,-1,0x100048019C140605,1525,1694,1730,988,2012,1589,1785,1500,1500,1583,1193,1449,1500,1500,1500,1500,1500,1500,1372,1628,1500,1609,1500,2012,1500,1840,1694,1500,1520,1705,1500,988,8.2
2026-04-19,17:05:26.270,-65,-68,10,4056,3360,32,44,16,7638,37,12,437,1024,-4,508,1024,204,1024,0,-1,-1,-1,0x100048009C140205,1763,1499,1730,992,2012,2012,1498,1497,1500,2012,1193,1449,1500,1500,1500,1500,1500,1497,1321,1679,1500,1609,1500,2012,1500,1595,1501,1500,1520,1705,1497,988,8.2
2026-04-19,17:05:26.770,-58,-59,10,4052,16950,32,44,16,9912,37,12,439,998,557,508,1024,204,1024,0,-1,-1,-1,0x100048089C140205,1748,1693,1730,988,2012,1999,1778,1500,1500,1998,1193,1449,1500,1500,1500,1500,1500,1500,1372,1628,1500,1609,1500,2012,1500,1839,1693,1500,1520,1705,1500,988,8.2
2026-04-19,17:05:27.270,-57,-73,10,4045,18280,32,44,16,12930,37,12,442,732,558,508,1024,204,1024,0,-1,-1,-1,0x100048099C140205,1644,1688,1730,988,2012,1866,1779,1500,1500,1860,1193,1449,1500,1500,1500,1500,1500,1500,1372,1628,1500,1609,1500,2012,1500,1834,1688,1500,1520,1705,1500,988,8.2
2026-04-19,17:05:27.770,-60,-56,10,4033,27710,32,44,16,15134,37,12,445,478,356,508,1024,205,1024,0,-1,-1,-1,0x100048089C140205,1582,1621,1730,988,2012,1739,1678,1500,1500,1739,1193,1449,1500,1500,1500,1500,1500,1500,1372,1628,1500,1609,1500,2012,1500,1805,1621,1500,1520,1705,1500,988,8.2
2026-04-19,17:05:28.270,-60,-60,10,4040,9980,32,44,16,12248,37,12,447,653,267,508,1024,204,1024,0,-1,-1,-1,0x100048089C140205,1625,1577,1730,988,2012,1826,1633,1500,1500,1826,1193,1449,1500,1500,1500,1500,1500,1500,1372,1628,1500,1609,1500,2012,1500,1684,1577,1500,1520,1705,1500,988,8.2
2026-04-19,17:05:28.770,-69,-66,10,4035,12290,32,44,16,13672,37,12,448,433,453,508,1024,204,1024,0,-1,-1,-1,0x100048089C140205,1572,1643,1730,988,2012,1716,1726,1500,1500,1716,1193,1449,1500,1500,1500,1500,1500,1500,1372,1628,1500,1609,1500,2012,1500,1785,1643,1500,1520,1705,1500,988,8.2
2026-04-19,17:05:29.270,-62,-67,250,4032,19860,32,44,16,27708,37,12,451,482,505,508,1024,204,1024,0,-1,-1,-1,0x100048099C140605,1583,1667,1730,988,2012,1735,1752,1500,1500,1741,1193,1449,1500,1500,1500,1500,1500,1500,1372,1628,1500,1609,1500,2012,1500,1810,1667,1500,1520,1705,1500,988,8.2
2026-04-19,17:05:29.770,-56,-67,10,4018,53560,32,44,16,23420,37,12,454,323,1024,507,1024,204,1024,0,-1,-1,-1,0x100048059C142245,1552,2012,1730,988,2012,1661,2012,1500,1500,1661,1193,1449,1500,1500,1500,1500,1500,1500,1372,1628,1500,1609,1500,2012,1500,2012,2012,1500,1520,1705,1500,988,8.2
2026-04-19,17:05:30.270,-53,-57,10,3993,58470,32,44,16,29102,37,12,461,-48,1002,507,1024,204,1024,0,-1,-1,-1,0x1000480598142605,1492,1984,1730,988,2012,1476,1990,1500,1500,1476,1193,1449,1500,1500,1500,1500,1500,1500,1372,1628,1500,1609,1500,2012,1500,2012,2012,1500,1520,1705,1500,988,8.2
2026-04-19,17:05:30.770,-48,-57,10,3984,4550,32,44,16,18670,37,12,464,-28,75,508,1024,204,1024,0,-1,-1,-1,0x1000480498140245,1494,1510,1730,988,2012,1486,1537,1500,1500,1480,1193,1449,1500,1500,1500,1500,1500,1500,1117,1883,1500,1609,1500,2012,1500,1530,1510,1500,1520,1705,1500,988,8.2
2026-04-19,17:05:31.270,-55,-64,10,3990,4690,32,44,16,17182,37,12,464,-305,199,508,1024,204,1024,0,-1,-1,-1,0x100048049C140205,1447,1554,1730,988,2012,1355,1599,1500,1500,1341,1193,1449,1500,1500,1500,1500,1500,1500,1372,1628,1500,1609,1500,2012,1500,1643,1554,1500,1520,1705,1500,988,8.2
2026-04-19,17:05:31.770,-69,-79,10,4009,4370,32,44,16,15456,37,13,465,-64,397,508,1024,204,1024,0,-1,-1,-1,0x100048049C140245,1490,1625,1730,988,2012,1461,1703,1500,1500,1468,1193,1449,1500,1500,1500,1500,1500,1500,1372,1628,1500,1609,1500,2012,1500,1757,1625,1500,1520,1705,1500,988,8.2
2026-04-19,17:05:32.270,-61,-70,50,4039,2380,34,44,16,14484,37,13,466,134,213,508,1024,204,1024,0,-1,-1,-1,0x100048049C140205,1510,1552,1730,988,2012,1567,1606,1500,1500,1535,1193,1449,1500,1500,1500,1500,1500,1500,1372,1628,1500,1609,1500,2012,1500,1636,1552,1500,1520,1705,1500,988,8.2
2026-04-19,17:05:32.770,-67,-66,10,4080,14810,34,44,16,14418,37,13,466,-160,831,508,1024,204,1024,0,-1,-1,-1,0x100048009C140205,1474,1832,1730,988,2012,1420,1915,1500,1500,1421,1193,1449,1500,1500,1500,1500,1500,1500,1372,1628,1500,1609,1500,2012,1500,1943,1832,1500,1520,1705,1500,988,8.2
2026-04-19,17:05:33.270,-60,-65,10,4043,33030,34,44,16,32058,37,13,472,-524,220,508,1024,204,1024,0,-1,-1,-1,0x100048009C140205,1404,1559,1730,988,2012,1238,1610,1500,1500,1238,1193,1449,1500,1500,1500,1500,1500,1500,1372,1628,1500,1609,1500,2012,1500,1790,1559,1500,1520,1705,1500,988,8.2
2026-04-19,17:05:33.770,-59,-79,250,4037,13100,34,44,16,18122,37,13,474,-568,394,508,1024,203,1024,0,-1,-1,-1,0x100048049C140245,1393,1620,1730,988,2012,1216,1697,1500,1500,1216,1193,1449,1500,1500,1500,1500,1500,1500,1372,1628,1500,1609,1500,2012,1500,1756,1620,1500,1520,1705,1500,988,8.2
2026-04-19,17:05:34.270,-86,-79,10,4036,5710,34,44,16,16652,37,13,475,-505,271,508,1024,204,1024,0,-1,-1,-1,0x100048049C140245,1408,1579,1730,988,2012,1248,1636,1500,1500,1248,1193,1449,1500,1500,1500,1500,1500,1500,1372,1628,1500,1609,1500,2012,1500,1687,1579,1500,1520,1705,1500,988,8.2
2026-04-19,17:05:34.770,-80,-78,10,4036,1850,34,44,16,13396,37,13,475,-477,-725,508,1024,204,1024,0,-1,-1,-1,0x100048049E1C0205,1414,1213,1730,1411,2012,1262,1138,1101,1500,1262,1193,1449,1500,1500,1500,1500,1500,1101,1060,2012,1500,1609,1500,2012,1500,1106,1500,1500,1520,1705,1101,988,8.2
2026-04-19,17:05:35.270,-76,-81,10,4053,1640,34,44,16,2584,37,13,475,-897,180,508,1024,204,1024,0,-1,-1,-1,0x100048009C100205,1279,1550,1730,988,2012,1052,1595,1500,1500,1052,1193,1449,1500,1500,1500,1500,1500,1500,1372,1628,1500,1609,1500,2012,1500,1630,1550,1500,1520,1705,1500,988,8.2
2026-04-19,17:05:35.770,-83,-84,10,4082,3850,34,44,16,7926,37,13,476,-1024,329,508,1024,204,1024,0,-1,-1,-1,0x100048009C140205,1204,1596,1730,988,2012,988,1664,1500,1500,988,1193,1449,1500,1500,1500,1500,1500,1500,1372,1628,1500,1609,1500,2012,1500,1720,1596,1500,1520,1705,1500,988,8.2
2026-04-19,17:05:36.270,-79,-74,10,4082,15830,34,44,16,12280,37,13,477,-82,447,508,1024,204,1024,0,-1,-1,-1,0x100048019C140605,1483,1645,1730,988,2012,1459,1723,1500,1500,1448,1193,1449,1500,1500,1500,1500,1500,1500,1372,1628,1500,1609,1500,2012,1500,1782,1645,1500,1520,1705,1500,988,8.2
2026-04-19,17:05:36.770,-81,-86,10,4070,18670,34,44,16,11390,37,13,480,173,582,508,1024,204,1024,0,-1,-1,-1,0x100048009C140205,1524,1704,1730,988,2012,1592,1791,1500,1500,1580,1193,1449,1500,1500,1500,1500,1500,1500,1372,1628,1500,1609,1500,2012,1500,1845,1704,1500,1520,1705,1500,988,8.2
2026-04-19,17:05:37.270,-82,-79,10,4041,39510,34,44,16,17132,37,13,484,-3,2,508,1024,204,1024,0,-1,-1,-1,0x1000480098140205,1499,1500,1730,988,2012,1499,1501,1500,1500,1499,1193,1449,1500,1500,1500,1500,1500,1500,1014,1986,1500,1609,1500,2012,1500,1539,1500,1500,1520,1705,1500,988,8.2
2026-04-19,17:05:37.770,-81,-75,10,4037,37480,34,44,16,29292,37,13,487,-3,0,508,1024,204,1024,0,-1,-1,-1,0x1000480498140245,1499,1500,1730,988,2012,1499,1500,1500,1500,1499,1193,1449,1500,1500,1500,1500,1500,1500,1219,1781,1500,1609,1500,2012,1500,1859,1500,1500,1520,1705,1500,988,8.2
2026-04-19,17:05:38.270,-73,-79,10,4030,6720,34,44,16,12778,37,13,489,507,-253,508,1024,204,1024,0,-1,-1,-1,0x100048009E100205,1588,1368,1730,1215,2012,1753,1380,1317,1500,1754,1193,1449,1500,1500,1500,1500,1500,1316,1060,2012,1500,1609,1500,988,1500,1315,1500,1500,1520,1705,1284,988,8.2
2026-04-19,17:05:38.770,-78,-73,10,4043,6410,34,44,16,6926,37,13,489,1024,214,508,1024,204,1024,0,-1,-1,-1,0x100048009C140205,1763,1557,1730,988,2012,2012,1607,1500,1500,2012,1193,1449,1500,1500,1500,1500,1500,1500,1372,1628,1500,1609,1500,2012,1500,1642,1557,1500,1520,1705,1500,988,8.2
2026-04-19,17:05:39.270,-74,-71,10,4051,14220,34,44,16,7140,37,13,490,983,390,508,1024,204,1024,0,-1,-1,-1,0x100048009C140205,1747,1623,1730,988,2012,1991,1695,1500,1500,1997,1193,1449,1500,1500,1500,1500,1500,1500,1372,1628,1500,1609,1500,2012,1500,1754,1623,1500,1520,1705,1500,988,8.2
2026-04-19,17:05:39.770,-72,-71,10,4053,32470,34,44,16,19014,37,13,494,-141,793,508,1024,204,1024,0,-1,-1,-1,0x100048019C140605,1477,1818,1730,988,2012,1430,1896,1500,1500,1430,1193,1449,1500,1500,1500,1500,1500,1500,1372,1628,1500,1609,1500,2012,1500,1933,1818,1500,1520,1705,1500,988,8.2
2026-04-19,17:05:40.270,-71,-74,10,4018,69570,34,44,16,27376,37,14,500,33,924,507,1024,204,1024,0,-1,-1,-1,0x1000480198140605,1502,1944,1730,988,2012,1516,1949,1500,1500,1511,1193,1449,1500,1500,1500,1500,1500,1500,1372,1628,1500,1609,1500,2012,1500,1997,1944,1500,1520,1705,1500,988,8.2
2026-04-19,17:05:40.770,-82,-86,10,3997,2870,34,44,16,17650,37,14,504,296,11,508,1024,204,1024,0,-1,-1,-1,0x100048049C140205,1544,1504,1730,988,2012,1648,1505,1500,1500,1641,1193,1449,1500,1500,1500,1500,1500,1500,1219,1781,1500,1609,1500,2012,1500,1509,1504,1500,1520,1705,1500,988,8.2
2026-04-19,17:05:41.270,-76,-84,10,3997,1990,34,44,16,15612,37,14,504,1022,229,508,1024,204,1024,0,-1,-1,-1,0x100048049C140245,1761,1570,1730,988,2012,2011,1614,1500,1500,2011,1193,1449,1500,1500,1500,1500,1500,1500,1372,1628,1500,1609,1500,2012,1500,1672,1570,1500,1520,1705,1500,988,8.2
2026-04-19,17:05:41.770,-63,-70,10,4000,8650,34,44,16,13936,37,14,505,757,569,507,1024,204,1024,0,-1,-1,-1,0x100048049C140205,1654,1693,1730,988,2012,1878,1784,1500,1500,1878,1193,1449,1500,1500,1500,1500,1500,1500,1372,1628,1500,1609,1500,2012,1500,1839,1693,1500,1520,1705,1500,988,8.2
2026-04-19,17:05:42.270,-70,-79,10,4002,39930,34,44,16,20206,38,14,509,700,778,508,1024,204,1024,0,-1,-1,-1,0x100048059C140245,1638,1810,1730,988,2012,1850,1889,1500,1500,1850,1193,1449,1500,1500,1500,1500,1500,1500,1372,1628,1500,1609,1500,2012,1500,1928,1810,1500,1520,1705,1500,988,8.2
2026-04-19,17:05:42.770,-82,-75,10,4028,6300,34,44,16,16452,38,14,513,738,241,508,1024,204,1024,0,-1,-1,-1,0x100048049C140205,1645,1568,1730,988,2012,1869,1620,1500,1500,1863,1193,1449,1500,1500,1500,1500,1500,1500,1372,1628,1500,1609,1500,2012,1500,1669,1568,1500,1520,1705,1500,988,8.2
2026-04-19,17:05:43.270,-79,-79,10,4032,1710,34,44,16,10972,38,14,513,526,292,508,1024,204,1024,0,-1,-1,-1,0x100048009C140205,1596,1573,1730,988,2012,1762,1653,1500,1500,1770,1193,1449,1500,1500,1500,1500,1500,1500,1372,1628,1500,1609,1500,2012,1500,1685,1573,1500,1520,1705,1500,988,8.2
2026-04-19,17:05:43.770,-79,-77,10,4011,58220,34,44,16,24834,38,14,515,-194,1024,507,1024,204,1024,0,-1,-1,-1,0x100048019C142605,1467,2012,1730,988,2012,1403,2012,1500,1500,1398,1193,1449,1500,1500,1500,1500,1500,1500,1372,1628,1500,1609,1500,2012,1500,2012,2012,1500,1520,1705,1500,988,8.2
2026-04-19,17:05:44.270,-75,-69,10,3977,11490,34,44,16,19086,38,14,522,-5,446,508,1024,204,1024,0,-1,-1,-1,0x1000480098140205,1499,1644,1730,988,2012,1498,1723,1500,1500,1498,1193,1449,1500,1500,1500,1500,1500,1500,1372,1628,1500,1609,1500,2012,1500,1782,1644,1500,1520,1705,1500,988,8.2
2026-04-19,17:05:44.770,-86,-70,10,4005,6160,34,44,16,15808,38,14,523,274,-1,508,1024,204,1024,0,-1,-1,-1,0x100048049C140245,1543,1499,1730,989,2012,1637,1500,1499,1500,1636,1193,1449,1500,1500,1500,1500,1500,1499,1270,1730,1500,1609,1500,2012,1500,1561,1500,1500,1520,1705,1499,988,8.2
2026-04-19,17:05:45.270,-85,-74,10,4013,5180,34,44,16,14930,38,14,524,543,429,508,1024,204,1024,0,-1,-1,-1,0x100048049C140205,1594,1629,1730,988,2012,1771,1714,1500,1500,1766,1193,1449,1500,1500,1500,1500,1500,1500,1372,1628,1500,1609,1500,2012,1500,1768,1629,1500,1520,1705,1500,988,8.2
2026-04-19,17:05:45.770,-85,-76,10,4011,5000,34,44,16,11574,38,14,525,-846,-614,508,1024,205,1024,0,-1,-1,-1,0x100048009E181A85,1302,1263,1730,1357,2012,1077,1193,1172,1500,1077,1193,1449,1500,1500,1500,1500,1500,1171,988,2012,1500,1609,1500,988,1500,1267,1500,1500,1520,1705,1114,988,8.2
2026-04-19,17:05:46.270,-82,-70,10,4058,2480,34,44,16,5104,38,14,525,234,63,508,1024,204,1024,0,-1,-1,-1,0x100048009C140A85,1534,1523,1730,988,2012,1617,1531,1500,1500,1612,1193,1449,1500,1500,1500,1500,1500,1500,1372,1628,1500,1609,1500,2012,1500,1548,1523,1500,1520,1705,1500,988,8.2
2026-04-19,17:05:46.770,-69,-69,10,4077,2550,34,44,16,3306,38,14,526,-733,182,508,1024,204,1024,0,-1,-1,-1,0x100048009C140205,1338,1556,1730,988,2012,1141,1591,1500,1500,1123,1193,1449,1500,1500,1500,1500,1500,1500,1372,1628,1500,1609,1500,2012,1500,1639,1556,1500,1520,1705,1500,988,8.2
2026-04-19,17:05:47.270,-59,-75,10,4084,560,34,44,16,2370,38,14,526,467,1,508,1024,204,1024,0,-1,-1,-1,0x100048009C140205,1580,1500,1730,988,2012,1733,1500,1500,1500,1734,1193,1449,1500,1500,1500,1500,1500,1500,1039,2012,1500,1609,1500,2012,1500,1501,1500,1500,1520,1705,1500,988,8.2
2026-04-19,17:05:47.770,-69,-69,10,4086,0,34,44,16,0,38,14,526,530,60,508,1024,204,1024,0,-1,-1,-1,0x100048009C140205,1591,1516,1730,988,2012,1765,1530,1500,1500,1758,1193,1449,1500,1500,1500,1500,1500,1500,1372,2012,1500,1609,1500,2012,1500,1535,1516,1500,1520,1705,1500,988,8.2
2026-04-19,17:05:48.270,-68,-59,25,4085,12890,34,44,16,6122,38,14,527,-577,371,508,1024,204,1024,0,-1,-1,-1,0x100048029C140A85,1408,1607,1730,988,2012,1212,1685,1500,1500,1247,1193,1449,1500,1500,1500,1500,1500,1500,1372,1628,1500,1609,1500,2012,1500,1737,1607,1500,1520,1705,1500,988,8.2
2026-04-19,17:05:48.770,-61,-64,10,4082,11840,34,44,16,9796,38,14,528,-617,502,508,1024,204,1024,0,-1,-1,-1,0x100048029C140205,1365,1661,1730,988,2012,1192,1751,1500,1500,1166,1193,1449,1500,1500,1500,1500,1500,1500,1372,1628,1500,1609,1500,2012,1500,1802,1661,1500,1520,1705,1500,988,8.2
2026-04-19,17:05:49.270,-65,-79,10,4065,12190,34,44,16,8996,37,14,531,1024,156,508,1024,204,1024,0,-1,-1,-1,0x100048029C140205,1763,1543,1730,988,2012,2012,1578,1500,1500,2012,1193,1449,1500,1500,1500,1500,1500,1500,1372,1628,1500,1609,1500,2012,1500,1604,1543,1500,1520,1705,1500,988,8.2
2026-04-19,17:05:49.770,-62,-51,100,4054,14920,34,44,16,14168,37,14,532,860,352,508,1024,204,1024,0,-1,-1,-1,0x1000480A9C140205,1681,1605,1730,988,2012,1930,1676,1500,1500,1921,1193,1449,1500,1500,1500,1500,1500,1500,1372,1628,1500,1609,1500,2012,1500,1733,1605,1500,1520,1705,1500,988,8.2
2026-04-19,17:05:50.270,-83,-60,10,4042,36820,34,44,16,17008,37,15,535,-167,322,508,1024,204,1024,0,-1,-1,-1,0x100048089C140205,1474,1597,1730,988,2012,1417,1661,1500,1500,1422,1193,1449,1500,1500,1500,1500,1500,1500,1372,1628,1500,1609,1500,2012,1500,1768,1597,1500,1520,1705,1500,988,8.2
2026-04-19,17:05:50.770,-75,-59,10,4032,16780,34,44,16,15834,37,15,537,-348,670,508,1024,204,1024,0,-1,-1,-1,0x100048089C140205,1441,1745,1730,988,2012,1326,1835,1500,1500,1326,1193,1449,1500,1500,1500,1500,1500,1500,1372,1628,1500,1609,1500,2012,1500,1882,1745,1500,1520,1705,1500,988,8.2
2026-04-19,17:05:51.270,-65,-56,10,4014,15340,34,44,16,26004,37,15,542,-292,2,508,1024,204,1024,0,-1,-1,-1,0x100048049C140245,1452,1500,1730,988,2012,1354,1501,1500,1500,1355,1193,1449,1500,1500,1500,1500,1500,1500,1168,1832,1500,1609,1500,2012,1500,1769,1500,1500,1520,1705,1500,988,8.2
2026-04-19,17:05:51.770,-56,-51,10,4020,2310,34,44,16,24018,37,15,543,-536,-605,508,1024,204,1024,0,-1,-1,-1,0x100048049E1C0205,1385,1219,1730,1404,2012,1232,1198,1111,1500,1201,1193,1449,1500,1500,1500,1500,1500,1111,999,2012,1500,1609,1500,2012,1500,1168,1500,1500,1520,1705,1116,988,8.2
2026-04-19,17:05:52.270,-48,-48,10,4028,1990,36,44,16,4670,37,15,543,-1024,-784,508,1024,204,1024,0,-1,-1,-1,0x100048009E100205,1204,1256,1730,1364,2012,988,1108,1161,1500,988,1193,1449,1500,1500,1500,1500,1500,1161,1234,2012,1500,1609,1500,988,1500,1068,1500,1500,1520,1705,1101,988,8.2
2026-04-19,17:05:52.770,-46,-48,10,4043,6440,36,44,16,3672,38,15,544,-1024,371,508,1024,204,1024,0,-1,-1,-1,0x100048009C140205,1204,1616,1730,988,2012,988,1685,1500,1500,988,1193,1449,1500,1500,1500,1500,1500,1500,1372,1628,1500,1609,1500,2012,1500,1743,1616,1500,1520,1705,1500,988,8.2
2026-04-19,17:05:53.270,-67,-63,10,4054,15720,36,44,16,8796,38,15,545,-649,523,507,1024,204,1024,0,-1,-1,-1,0x100048009C140205,1371,1675,1730,988,2012,1176,1761,1500,1500,1176,1193,1449,1500,1500,1500,1500,1500,1500,1372,1628,1500,1609,1500,2012,1500,1819,1675,1500,1520,1705,1500,988,8.2
2026-04-19,17:05:53.770,-64,-66,10,4059,15300,36,44,16,13716,38,15,548,176,434,508,1024,204,1024,0,-1,-1,-1,0x100048009C140205,1520,1640,1730,988,2012,1588,1717,1500,1500,1568,1193,1449,1500,1500,1500,1500,1500,1500,1372,1628,1500,1609,1500,2012,1500,1777,1640,1500,1520,1705,1500,988,8.2
2026-04-19,17:05:54.270,-63,-72,10,4058,4650,36,44,16,7060,38,15,549,1024,211,508,1024,204,1024,0,-1,-1,-1,0x100048009C140205,1763,1551,1730,988,2012,2012,1605,1500,1500,2012,1193,1449,1500,1500,1500,1500,1500,1500,1372,1628,1500,1609,1500,2012,1500,1636,1551,1500,1520,1705,1500,988,8.2
2026-04-19,17:05:54.770,-78,-59,10,4063,5250,36,44,16,4628,38,15,549,1024,286,508,1024,204,1024,0,-1,-1,-1,0x100048009C140205,1763,1584,1730,988,2012,2012,1643,1500,1500,2012,1193,1449,1500,1500,1500,1500,1500,1500,1372,1628,1500,1609,1500,2012,1500,1696,1584,1500,1520,1705,1500,988,8.2
2026-04-19,17:05:55.270,-67,-66,10,4060,17130,36,44,16,11916,38,15,551,270,438,508,1024,204,1024,0,-1,-1,-1,0x100048029C140205,1542,1641,1730,988,2012,1635,1719,1500,1500,1635,1193,1449,1500,1500,1500,1500,1500,1500,1372,1628,1500,1609,1500,2012,1500,1779,1641,1500,1520,1705,1500,988,8.2
2026-04-19,17:05:55.770,-66,-73,10,4042,69680,36,44,16,19040,38,15,555,-2,7,508,1024,204,1024,0,-1,-1,-1,0x1000480098140205,1499,1502,1730,988,2012,1499,1503,1500,1500,1499,1193,1449,1500,1500,1500,1500,1500,1500,988,2012,1500,1609,1500,2012,1500,1545,1502,1500,1520,1705,1500,988,8.2
2026-04-19,17:05:56.270,-49,-62,10,4039,16810,36,44,16,33758,38,15,559,121,-55,508,1024,204,1024,0,-1,-1,-1,0x100048089C140205,1515,1482,1730,1019,2012,1560,1473,1475,1500,1550,1193,1449,1500,1500,1500,1500,1500,1475,988,2012,1500,1609,1500,2012,1500,1720,1500,1500,1520,1705,1450,988,8.2
2026-04-19,17:05:56.770,-53,-61,10,4036,3640,36,44,16,7178,38,15,561,1024,467,508,1024,204,1024,0,-1,-1,-1,0x100048089C140205,1763,1653,1730,988,2012,2012,1733,1500,1500,2012,1193,1449,1500,1500,1500,1500,1500,1500,1372,1628,1500,1609,1500,2012,1500,1792,1653,1500,1520,1705,1500,988,8.2
2026-04-19,17:05:57.270,-59,-58,10,4026,25430,36,44,16,13426,38,15,562,265,646,508,1024,204,1024,0,-1,-1,-1,0x100048089C140205,1544,1726,1730,988,2012,1632,1823,1500,1500,1640,1193,1449,1500,1500,1500,1500,1500,1500,1372,1628,1500,1609,1500,2012,1500,1867,1726,1500,1520,1705,1500,988,8.2
2026-04-19,17:05:57.770,-59,-55,10,4020,17580,36,44,16,15204,38,15,566,-1024,5,508,1024,204,1024,0,-1,-1,-1,0x100048089C100205,1204,1500,1730,988,2012,988,1502,1500,1500,988,1193,1449,1500,1500,1500,1500,1500,1500,1162,2012,1500,1609,1500,988,1500,1503,1500,1500,1520,1705,1500,988,8.2
2026-04-19,17:05:58.270,-50,-58,10,4038,13550,36,44,16,8732,38,15,567,-1024,45,508,1024,204,1024,0,-1,-1,-1,0x100048089C140205,1204,1505,1730,988,2012,988,1522,1500,1500,988,1193,1449,1500,1500,1500,1500,1500,1500,1014,1986,1500,1609,1500,2012,1500,1522,1505,1500,1520,1705,1500,988,8.2
2026-04-19,17:05:58.770,-51,-58,10,4044,11870,36,44,16,9184,38,15,569,-654,322,508,1024,204,1024,0,-1,-1,-1,0x100048089C140205,1364,1610,1730,988,2012,1173,1661,1500,1500,1164,1193,1449,1500,1500,1500,1500,1500,1500,1372,1628,1500,1609,1500,2012,1500,1745,1610,1500,1520,1705,1500,988,8.2
2026-04-19,17:05:59.270,-67,-57,10,4040,26520,36,44,16,11076,38,15,570,-256,645,508,1024,204,1024,0,-1,-1,-1,0x100048089C140205,1458,1731,1730,988,2012,1372,1822,1500,1500,1372,1193,1449,1500,1500,1500,1500,1500,1500,1372,1628,1500,1609,1500,2012,1500,1871,1731,1500,1520,1705,1500,988,8.2
2026-04-19,17:05:59.770,-70,-69,10,4035,11910,36,44,16,12542,38,15,573,1022,260,508,1024,204,1024,0,-1,-1,-1,0x100048089C140205,1761,1575,1730,988,2012,2011,1630,1500,1500,2011,1193,1449,1500,1500,1500,1500,1500,1500,1372,1628,1500,1609,1500,2012,1500,1680,1575,1500,1520,1705,1500,988,8.2
2026-04-19,17:06:00.270,-59,-84,10,4048,9030,36,44,16,8074,38,16,574,478,351,508,1024,204,1024,0,-1,-1,-1,0x100048089C140205,1579,1619,1730,988,2012,1745,1675,1500,1500,1732,1193,1449,1500,1500,1500,1500,1500,1500,1372,1628,1500,1609,1500,2012,1500,1747,1619,1500,1520,1705,1500,988,8.2
2026-04-19,17:06:00.770,-82,-63,10,4053,2170,36,44,16,5514,38,16,575,948,550,508,1024,204,1024,0,-1,-1,-1,0x100048089C140205,1736,1673,1730,988,2012,1974,1775,1500,1500,1986,1193,1449,1500,1500,1500,1500,1500,1500,1372,1628,1500,1609,1500,2012,1500,1823,1673,1500,1520,1705,1500,988,8.2
2026-04-19,17:06:01.270,-64,-58,10,4026,69260,36,44,16,29082,39,16,579,-420,140,508,1024,204,1024,0,-1,-1,-1,0x100048089C140205,1427,1561,1730,988,2012,1290,1570,1500,1500,1290,1193,1449,1500,1500,1500,1500,1500,1500,1372,1628,1500,1609,1500,2012,1500,1924,1561,1500,1520,1705,1500,988,8.2
2026-04-19,17:06:01.770,-67,-65,10,4028,13170,36,44,16,13856,39,16,583,956,-3,508,1024,204,1024,0,-1,-1,-1,0x100048089C140205,1728,1498,1730,992,2012,1978,1499,1497,1500,1978,1193,1449,1500,1500,1500,1500,1500,1497,988,2012,1500,1609,1500,2012,1500,1497,1500,1500,1520,1705,1497,988,8.2
2026-04-19,17:06:02.270,-67,-56,10,4025,13940,36,44,16,12376,39,16,584,869,378,508,1024,204,1024,0,-1,-1,-1,0x100048009C140205,1692,1618,1730,988,2012,1934,1689,1500,1500,1934,1193,1449,1500,1500,1500,1500,1500,1500,1372,1628,1500,1609,1500,2012,1500,1747,1618,1500,1520,1705,1500,988,8.2
2026-04-19,17:06:02.770,-60,-68,10,4004,59900,36,44,16,21418,39,16,586,252,1024,507,1024,204,1024,0,-1,-1,-1,0x100048019C142605,1541,2012,1730,988,2012,1626,2012,1500,1500,1631,1193,1449,1500,1500,1500,1500,1500,1500,1372,1628,1500,1609,1500,2012,1500,2012,2012,1500,1520,1705,1500,988,8.2
2026-04-19,17:06:03.270,-57,-68,10,3967,68700,36,44,16,28820,39,16,592,3,1024,508,1024,204,1024,0,-1,-1,-1,0x1000480198142205,1500,2012,1730,988,2012,1501,2012,1500,1500,1502,1193,1449,1500,1500,1500,1500,1500,1500,1372,1628,1500,1609,1500,2012,1500,2012,2012,1500,1520,1705,1500,988,8.2
2026-04-19,17:06:03.770,-59,-68,10,3971,29280,36,44,16,23810,39,16,598,-140,381,508,1024,204,1024,0,-1,-1,-1,0x100048049C140205,1477,1592,1730,988,2012,1430,1690,1500,1500,1430,1193,1449,1500,1500,1500,1500,1500,1500,1372,1628,1500,1609,1500,2012,1500,1727,1592,1500,1520,1705,1500,988,8.2
2026-04-19,17:06:04.270,-51,-68,10,3963,11560,36,44,16,17804,39,16,600,-237,653,508,1024,204,1024,0,-1,-1,-1,0x100048049C140245,1461,1735,1730,988,2012,1382,1826,1500,1500,1382,1193,1449,1500,1500,1500,1500,1500,1500,1372,1628,1500,1609,1500,2012,1500,1875,1735,1500,1520,1705,1500,988,8.2
2026-04-19,17:06:04.770,-53,-68,10,3961,3110,36,44,16,16594,39,16,601,117,3,508,1024,204,1024,0,-1,-1,-1,0x100048049C140205,1519,1501,1730,988,2012,1558,1501,1500,1500,1565,1193,1449,1500,1500,1500,1500,1500,1500,1219,1781,1500,1609,1500,2012,1500,1566,1501,1500,1520,1705,1500,988,8.2
2026-04-19,17:06:05.270,-78,-66,10,3981,7350,36,44,16,16492,39,16,602,-311,452,508,1024,204,1024,0,-1,-1,-1,0x100048049C140245,1441,1643,1730,988,2012,1345,1726,1500,1500,1326,1193,1449,1500,1500,1500,1500,1500,1500,1372,1628,1500,1609,1500,2012,1500,1785,1643,1500,1520,1705,1500,988,8.2
2026-04-19,17:06:05.770,-67,-63,10,4026,12710,36,44,16,16846,39,16,603,0,11,508,1024,204,1024,0,-1,-1,-1,0x1000480498140205,1499,1508,1730,988,2012,1500,1505,1500,1500,1500,1193,1449,1500,1500,1500,1500,1500,1500,1270,1730,1500,1609,1500,2012,1500,1667,1508,1500,1520,1705,1500,988,8.2
2026-04-19,17:06:06.270,-62,-59,10,4042,11490,37,44,16,19458,39,16,604,841,19,508,1024,204,1024,0,-1,-1,-1,0x100048049C100245,1681,1501,1730,988,2012,1920,1509,1500,1500,1920,1193,1449,1500,1500,1500,1500,1500,1500,999,2012,1500,1609,1500,988,1500,1503,1501,1500,1520,1705,1500,988,8.2
2026-04-19,17:06:06.770,-65,-65,10,4051,13480,37,44,16,14262,39,16,606,222,728,508,1024,204,1024,0,-1,-1,-1,0x100048009C140205,1534,1775,1730,988,2012,1611,1864,1500,1500,1610,1193,1449,1500,1500,1500,1500,1500,1500,1372,1628,1500,1609,1500,2012,1500,1905,1775,1500,1520,1705,1500,988,8.2
2026-04-19,17:06:07.270,-65,-67,10,4034,17200,37,44,16,16406,39,17,609,-465,491,508,1024,204,1024,0,-1,-1,-1,0x100048009C140205,1420,1662,1730,988,2012,1268,1745,1500,1500,1274,1193,1449,1500,1500,1500,1500,1500,1500,1372,1628,1500,1609,1500,2012,1500,1803,1662,1500,1520,1705,1500,988,8.2
2026-04-19,17:06:07.770,-75,-77,10,4022,21510,37,44,16,20372,39,17,611,-473,767,508,1024,204,1024,0,-1,-1,-1,0x100048059C140645,1416,1796,1730,988,2012,1264,1883,1500,1500,1264,1193,1449,1500,1500,1500,1500,1500,1500,1372,1628,1500,1609,1500,2012,1500,1919,1796,1500,1520,1705,1500,988,8.2
2026-04-19,17:06:08.270,-82,-81,10,4012,7140,37,44,16,18178,39,17,614,-95,334,508,1024,204,1024,0,-1,-1,-1,0x100048049C140205,1484,1612,1730,988,2012,1453,1667,1500,1500,1453,1193,1449,1500,1500,1500,1500,1500,1500,1372,1628,1500,1609,1500,2012,1500,1729,1612,1500,1520,1705,1500,988,8.2
2026-04-19,17:06:08.770,-79,-69,250,4014,1120,37,44,16,13314,39,17,615,-1024,-942,508,1024,204,1024,0,-1,-1,-1,0x100048049E100245,1204,1149,1730,1479,2012,988,1029,1500,1014,988,1193,1449,1500,1500,1500,1500,1500,1014,1243,2012,1500,1609,1500,988,1500,1006,1500,1500,1520,1705,1014,988,8.2
2026-04-19,17:06:09.270,-79,-74,10,4026,0,37,44,16,3332,39,17,615,-1024,180,508,1024,204,1024,0,-1,-1,-1,0x100048009C140205,1204,1560,1730,988,2012,988,1590,1500,1500,988,1193,1449,1500,1500,1500,1500,1500,1500,1372,1628,1500,1609,1500,2012,1500,1640,1560,1500,1520,1705,1500,988,8.2
2026-04-19,17:06:09.770,-78,-85,10,4036,12400,37,44,16,7398,39,17,616,-1024,362,508,1024,204,1024,0,-1,-1,-1,0x100048009C140205,1204,1603,1730,988,2012,988,1681,1500,1500,988,1193,1449,1500,1500,1500,1500,1500,1500,1372,1628,1500,1609,1500,2012,1500,1733,1603,1500,1520,1705,1500,988,8.2
2026-04-19,17:06:10.270,-79,-82,10,4055,11490,37,44,16,10372,39,17,617,-749,232,508,1024,204,1024,0,-1,-1,-1,0x100048009C140205,1330,1562,1730,988,2012,1126,1616,1500,1500,1112,1193,1449,1500,1500,1500,1500,1500,1500,1372,1628,1500,1609,1500,2012,1500,1655,1562,1500,1520,1705,1500,988,8.2
2026-04-19,17:06:10.770,-81,-75,25,4049,22520,37,44,16,15526,39,17,619,26,555,508,1024,204,1024,0,-1,-1,-1,0x1000480098140205,1503,1671,1730,988,2012,1513,1777,1500,1500,1513,1193,1449,1500,1500,1500,1500,1500,1500,1372,1628,1500,1609,1500,2012,1500,1821,1671,1500,1520,1705,1500,988,8.2
2026-04-19,17:06:11.270,-87,-83,10,4021,45540,37,44,16,20274,39,17,623,-99,1,508,1024,204,1024,0,-1,-1,-1,0x100048009C140205,1484,1500,1730,988,2012,1451,1500,1500,1500,1451,1193,1449,1500,1500,1500,1500,1500,1500,1168,1832,1500,1609,1500,2012,1500,1689,1500,1500,1520,1705,1500,988,8.2
2026-04-19,17:06:11.770,-75,-77,10,4010,10510,37,44,16,25766,39,17,627,28,275,508,1024,204,1024,0,-1,-1,-1,0x1000480498140205,1503,1599,1730,988,2012,1514,1637,1500,1500,1514,1193,1449,1500,1500,1500,1500,1500,1500,1372,1628,1500,1609,1500,2012,1500,1723,1599,1500,1520,1705,1500,988,8.2
2026-04-19,17:06:12.270,-75,-72,10,4016,770,37,44,16,15940,39,17,627,936,-52,508,1024,204,1024,0,-1,-1,-1,0x100048049E180245,1720,1462,1730,1052,2012,1968,1474,1448,1500,1968,1193,1449,1500,1500,1500,1500,1500,1448,1254,2012,1500,1609,1500,988,1500,1447,1500,1500,1520,1705,1438,988,8.2
2026-04-19,17:06:12.770,-95,-87,10,4020,15410,37,44,16,9858,39,17,628,1024,435,508,1024,204,1024,0,-1,-1,-1,0x100048009C140205,1763,1645,1730,988,2012,2012,1717,1500,1500,2012,1193,1449,1500,1500,1500,1500,1500,1500,1372,1628,1500,1609,1500,2012,1500,1783,1645,1500,1520,1705,1500,988,8.2
2026-04-19,17:06:13.270,-71,-73,10,4029,15410,37,44,16,9052,39,17,629,1024,503,508,1024,204,1024,0,-1,-1,-1,0x100048009C140205,1763,1667,1730,988,2012,2012,1751,1500,1500,2012,1193,1449,1500,1500,1500,1500,1500,1500,1372,1628,1500,1609,1500,2012,1500,1809,1667,1500,1520,1705,1500,988,8.2
2026-04-19,17:06:13.770,-68,-71,10,4038,29670,37,44,16,14632,39,17,632,-107,997,507,1024,204,1024,0,-1,-1,-1,0x100048019C140205,1485,1936,1730,988,2012,1447,1998,1500,1500,1454,1193,1449,1500,1500,1500,1500,1500,1500,1372,1628,1500,1609,1500,2012,1500,1998,1936,1500,1520,1705,1500,988,8.2
2026-04-19,17:06:14.270,-77,-76,10,3991,69470,37,44,16,27484,39,17,638,-186,1024,507,1024,204,1024,0,-1,-1,-1,0x100048019C142605,1470,2012,1730,988,2012,1407,2012,1500,1500,1407,1193,1449,1500,1500,1500,1500,1500,1500,1372,1628,1500,1609,1500,2012,1500,2012,2012,1500,1520,1705,1500,988,8.2
2026-04-19,17:06:14.770,-75,-74,10,3953,19930,37,44,16,20958,39,17,645,436,429,508,1024,204,1024,0,-1,-1,-1,0x100048049C140245,1570,1631,1730,988,2012,1718,1714,1500,1500,1711,1193,1449,1500,1500,1500,1500,1500,1500,1372,1628,1500,1609,1500,2012,1500,1765,1631,1500,1520,1705,1500,988,8.2
2026-04-19,17:06:15.270,-92,-74,50,3952,5140,37,44,16,15416,39,18,647,925,482,508,1024,204,1024,0,-1,-1,-1,0x100048049C140245,1714,1636,1730,988,2012,1962,1741,1500,1500,1963,1193,1449,1500,1500,1500,1500,1500,1500,1372,1628,1500,1609,1500,2012,1500,1787,1636,1500,1520,1705,1500,988,8.2
2026-04-19,17:06:15.770,-76,-72,10,3953,4580,37,44,16,12456,39,18,648,879,249,508,1024,204,1024,0,-1,-1,-1,0x100048009C140205,1695,1570,1730,988,2012,1939,1624,1500,1500,1939,1193,1449,1500,1500,1500,1500,1500,1500,1372,1628,1500,1609,1500,2012,1500,1674,1570,1500,1520,1705,1500,988,8.2
2026-04-19,17:06:16.270,-77,-83,10,3961,22730,37,44,16,15446,39,18,649,630,664,508,1024,204,1024,0,-1,-1,-1,0x100048009C140205,1615,1743,1730,988,2012,1815,1832,1500,1500,1807,1193,1449,1500,1500,1500,1500,1500,1500,1372,1628,1500,1609,1500,2012,1500,1880,1743,1500,1520,1705,1500,988,8.2
2026-04-19,17:06:16.770,-80,-76,10,4004,18040,37,44,16,17862,39,18,652,593,625,508,1024,204,1024,0,-1,-1,-1,0x100048009C140205,1613,1714,1730,988,2012,1796,1812,1500,1500,1804,1193,1449,1500,1500,1500,1500,1500,1500,1372,1628,1500,1609,1500,2012,1500,1863,1714,1500,1520,1705,1500,988,8.2
2026-04-19,17:06:17.270,-75,-74,10,3989,59060,37,44,16,26830,39,18,657,202,1024,508,1024,204,1024,0,-1,-1,-1,0x100048059C142245,1528,2012,1730,988,2012,1601,2012,1500,1500,1593,1193,1449,1500,1500,1500,1500,1500,1500,1372,1628,1500,1609,1500,2012,1500,2012,2012,1500,1520,1705,1500,988,8.2
2026-04-19,17:06:17.770,-81,-77,10,3968,15340,37,44,16,20888,39,18,662,301,523,508,1024,204,1024,0,-1,-1,-1,0x100048049C140205,1547,1668,1730,988,2012,1650,1761,1500,1500,1650,1193,1449,1500,1500,1500,1500,1500,1500,1372,1628,1500,1609,1500,2012,1500,1811,1668,1500,1520,1705,1500,988,8.2
2026-04-19,17:06:18.270,-81,-73,10,3966,4060,37,44,16,17478,39,18,663,142,11,508,1024,204,1024,0,-1,-1,-1,0x100048049C1C0245,1519,1500,1730,988,2012,1571,1505,1500,1500,1565,1193,1449,1500,1500,1500,1500,1500,1500,1029,2012,1500,1609,1500,2012,1500,1501,1500,1500,1520,1705,1500,988,8.2
2026-04-19,17:06:18.770,-78,-72,10,3978,2310,37,44,16,13188,39,18,663,626,-726,508,1024,204,1024,0,-1,-1,-1,0x100048009E1C1A85,1592,1213,1730,1411,2012,1813,1137,1101,1500,1762,1193,1449,1500,1500,1500,1500,1500,1101,988,2012,1500,1609,1500,2012,1500,1214,1500,1500,1520,1705,1101,988,8.2
2026-04-19,17:06:19.270,-71,-74,10,3997,1610,37,44,16,8152,39,18,664,-189,363,508,1024,204,1024,0,-1,-1,-1,0x100048009C141A85,1472,1591,1730,988,2012,1406,1681,1500,1500,1413,1193,1449,1500,1500,1500,1500,1500,1500,1372,1628,1500,1609,1500,2012,1500,1717,1591,1500,1520,1705,1500,988,8.2
2026-04-19,17:06:19.770,-73,-70,10,4031,10610,37,44,16,11078,39,18,665,-1024,3,508,1024,204,1024,0,-1,-1,-1,0x100048009C100A85,1204,1501,1730,988,2012,988,1501,1500,1500,988,1193,1449,1500,1500,1500,1500,1500,1500,1122,2012,1500,1609,1500,988,1500,1502,1501,1500,1520,1705,1500,988,8.2
2026-04-19,17:06:20.270,-76,-69,10,4040,13380,37,44,16,6504,39,18,666,-1006,275,508,1024,204,1024,0,-1,-1,-1,0x100048009C140205,1215,1575,1730,988,2012,997,1637,1500,1500,997,1193,1449,1500,1500,1500,1500,1500,1500,1372,1628,1500,1609,1500,2012,1500,1681,1575,1500,1520,1705,1500,988,8.2
2026-04-19,17:06:20.770,-67,-67,10,4030,32680,37,44,16,14268,39,18,669,-136,631,508,1024,204,1024,0,-1,-1,-1,0x100048009C140205,1468,1724,1730,988,2012,1432,1815,1500,1500,1402,1193,1449,1500,1500,1500,1500,1500,1500,1372,1628,1500,1609,1500,2012,1500,1866,1724,1500,1520,1705,1500,988,8.2
2026-04-19,17:06:21.270,-61,-61,10,4011,21960,37,44,16,17008,39,18,673,1024,-43,508,1024,204,1024,0,-1,-1,-1,0x100048009E1C1205,1763,1464,1730,1049,2012,2012,1479,1450,1500,2012,1193,1449,1500,1500,1500,1500,1500,1450,1183,2012,1500,1609,1500,2012,1500,1457,1500,1500,1520,1705,1450,988,8.2
2026-04-19,17:06:21.770,-63,-76,10,4010,9420,37,44,16,5806,39,18,674,1023,391,508,1024,204,1024,0,-1,-1,-1,0x100048029C140205,1762,1612,1730,988,2012,2011,1695,1500,1500,2011,1193,1449,1500,1500,1500,1500,1500,1500,1372,1628,1500,1609,1500,2012,1500,1745,1612,1500,1520,1705,1500,988,8.2
2026-04-19,17:06:22.270,-68,-61,10,4004,21050,37,44,16,14938,39,18,676,-526,128,508,1024,204,1024,0,-1,-1,-1,0x100048029C140205,1409,1535,1725,988,2012,1230,1572,1500,1500,1251,1193,1449,1500,1500,1500,1500,1500,1500,1372,1628,1500,1609,1500,2012,1500,1586,1535,1500,1520,1705,1500,988,8.2
2026-04-19,17:06:22.770,-64,-53,10,4003,19510,37,44,16,13616,39,18,678,-493,486,508,1024,204,1024,0,-1,-1,-1,0x1000480A9C140205,1411,1660,1730,988,2012,1254,1743,1500,1500,1254,1193,1449,1500,1500,1500,1500,1500,1500,1372,1628,1500,1609,1500,2012,1500,1801,1660,1500,1520,1705,1500,988,8.2
2026-04-19,17:06:23.270,-68,-62,10,4011,10190,37,44,16,12718,39,18,680,-630,230,508,1024,205,1024,0,-1,-1,-1,0x1000480A9C140205,1374,1570,1730,988,2012,1185,1615,1500,1500,1180,1193,1449,1500,1500,1500,1500,1500,1500,1372,1628,1500,1609,1500,2012,1500,1691,1570,1500,1520,1705,1500,988,8.2
2026-04-19,17:06:23.770,-54,-58,10,4013,16460,37,44,16,27668,39,18,682,-541,450,508,1024,204,1024,0,-1,-1,-1,0x1000480A9C140205,1399,1645,1730,988,2012,1230,1725,1500,1500,1229,1193,1449,1500,1500,1500,1500,1500,1500,1372,1628,1500,1609,1500,2012,1500,1783,1645,1500,1520,1705,1500,988,8.2
2026-04-19,17:06:24.270,-56,-49,10,4016,2030,37,44,16,10156,39,19,683,-783,214,508,1024,204,1024,0,-1,-1,-1,0x1000480A9C140205,1327,1550,1730,988,2012,1109,1607,1500,1500,1109,1193,1449,1500,1500,1500,1500,1500,1500,1372,1628,1500,1609,1500,2012,1500,1634,1550,1500,1520,1705,1500,988,8.2
2026-04-19,17:06:24.770,-47,-50,10,4023,2410,37,44,16,8068,39,19,684,-1024,-166,508,1024,204,1024,0,-1,-1,-1,0x1000480A9E1C0205,1204,1398,1730,1163,2012,988,1417,1359,1500,988,1193,1449,1500,1500,1500,1500,1500,1358,1065,1935,1500,1609,1500,2012,1500,1493,1500,1500,1520,1705,1359,988,8.2
2026-04-19,17:06:25.270,-55,-53,10,4032,10960,39,44,16,6638,39,19,685,-749,256,508,1024,204,1024,0,-1,-1,-1,0x1000480A9C140205,1340,1569,1730,988,2012,1126,1628,1500,1500,1126,1193,1449,1500,1500,1500,1500,1500,1500,1372,1628,1500,1609,1500,2012,1500,1678,1569,1500,1520,1705,1500,988,8.2
2026-04-19,17:06:25.770,-72,-64,100,4036,14460,39,44,16,9560,39,19,686,-735,285,508,1024,204,1024,0,-1,-1,-1,0x1000480A9C140205,1340,1584,1730,988,2012,1133,1642,1500,1500,1126,1193,1449,1500,1500,1500,1500,1500,1500,1372,1628,1500,1609,1500,2012,1500,1695,1584,1500,1520,1705,1500,988,8.2
2026-04-19,17:06:26.270,-76,-69,10,4035,13270,39,44,16,13182,39,19,688,1024,0,508,1024,204,1024,0,-1,-1,-1,0x1000480A9C140205,1763,1500,1730,988,2012,2012,1500,1500,1500,2012,1193,1449,1500,1500,1500,1500,1500,1500,1117,1883,1500,1609,1500,2012,1500,1514,1500,1500,1520,1705,1500,988,8.2
2026-04-19,17:06:26.770,-61,-59,10,4033,3390,39,44,16,5272,39,19,689,106,362,508,1024,204,1024,0,-1,-1,-1,0x1000480A9C140205,1514,1597,1730,988,2012,1553,1681,1500,1500,1547,1193,1449,1500,1500,1500,1500,1500,1500,1372,1628,1500,1609,1500,2012,1500,1725,1597,1500,1520,1705,1500,988,8.2
2026-04-19,17:06:27.270,-55,-66,10,4036,1640,39,44,16,4490,39,19,689,420,101,508,1024,204,1024,0,-1,-1,-1,0x1000480A9C140205,1570,1532,1730,988,2012,1710,1550,1500,1500,1710,1193,1449,1500,1500,1500,1500,1500,1500,1372,1628,1500,1609,1500,2012,1500,1576,1532,1500,1520,1705,1500,988,8.2
2026-04-19,17:06:27.770,-52,-65,10,4038,11730,39,44,16,7554,39,19,690,475,484,508,1024,204,1024,0,-1,-1,-1,0x1000480A9C140205,1588,1654,1730,988,2012,1737,1742,1500,1500,1752,1193,1449,1500,1500,1500,1500,1500,1500,1372,1628,1500,1609,1500,2012,1500,1800,1654,1500,1520,1705,1500,988,8.2
2026-04-19,17:06:28.270,-56,-62,10,3997,81620,39,44,16,28274,39,19,697,-1,29,508,1024,204,1024,0,-1,-1,-1,0x1000480898140205,1499,1501,1730,988,2012,1500,1514,1500,1500,1500,1193,1449,1500,1500,1500,1500,1500,1500,988,2012,1500,1609,1500,2012,1500,1672,1501,1500,1520,1705,1500,988,8.2
2026-04-19,17:06:28.770,-55,-62,10,4003,4690,39,44,16,9714,39,19,700,742,248,508,1024,204,1024,0,-1,-1,-1,0x100048089C140205,1649,1590,1730,988,2012,1871,1624,1500,1500,1871,1193,1449,1500,1500,1500,1500,1500,1500,1372,1628,1500,1609,1500,2012,1500,1742,1590,1500,1520,1705,1500,988,8.2
2026-04-19,17:06:29.270,-53,-63,10,4003,2900,39,44,16,7860,39,19,701,1024,436,508,1024,204,1024,0,-1,-1,-1,0x100048089C140205,1763,1640,1730,988,2012,2012,1718,1500,1500,2012,1193,1449,1500,1500,1500,1500,1500,1500,1372,1628,1500,1609,1500,2012,1500,1777,1640,1500,1520,1705,1500,988,8.2
2026-04-19,17:06:29.770,-58,-54,10,3988,37340,39,44,16,17970,39,19,703,169,867,508,1024,204,1024,0,-1,-1,-1,0x100048089C140205,1528,1875,1730,988,2012,1584,1933,1500,1500,1592,1193,1449,1500,1500,1500,1500,1500,1500,1372,1628,1500,1609,1500,2012,1500,1967,1875,1500,1520,1705,1500,988,8.2
2026-04-19,17:06:30.270,-58,-52,10,3979,12010,39,44,16,13880,39,19,706,-801,381,508,1024,204,1024,0,-1,-1,-1,0x100048089C100205,1330,1615,1730,988,2012,1100,1690,1500,1500,1112,1193,1449,1500,1500,1500,1500,1500,1500,1372,1628,1500,1609,1500,988,1500,1742,1615,1500,1520,1705,1500,988,8.2
2026-04-19,17:06:30.770,-58,-52,10,4013,22490,39,44,16,13360,40,19,708,-1024,124,508,1024,204,1024,0,-1,-1,-1,0x100048089C140205,1204,1534,1730,988,2012,988,1562,1500,1500,988,1193,1449,1500,1500,1500,1500,1500,1500,1372,1628,1500,1609,1500,2012,1500,1583,1534,1500,1520,1705,1500,988,8.2
2026-04-19,17:06:31.270,-58,-56,10,4013,14110,39,44,16,7716,40,19,709,-909,426,508,1024,204,1024,0,-1,-1,-1,0x100048089C140205,1264,1641,1730,988,2012,1046,1713,1500,1500,1038,1193,1449,1500,1500,1500,1500,1500,1500,1372,1628,1500,1609,1500,2012,1500,1779,1641,1500,1520,1705,1500,988,8.2
2026-04-19,17:06:31.770,-69,-61,10,3997,22940,39,44,16,14492,40,19,711,-358,264,508,1024,204,1024,0,-1,-1,-1,0x100048089C140205,1437,1602,1730,988,2012,1321,1632,1500,1500,1316,1193,1449,1500,1500,1500,1500,1500,1500,1372,1628,1500,1609,1500,2012,1500,1815,1602,1500,1520,1705,1500,988,8.2
2026-04-19,17:06:32.270,-75,-73,10,4006,6060,39,44,16,15634,40,19,714,1024,358,508,1024,204,1024,0,-1,-1,-1,0x100048089C100205,1763,1612,1730,988,2012,2012,1679,1500,1500,2012,1193,1449,1500,1500,1500,1500,1500,1500,1372,1628,1500,1609,1500,2012,1500,1737,1612,1500,1520,1705,1500,988,8.2
2026-04-19,17:06:32.770,-63,-71,10,4011,17900,39,44,16,11548,40,19,715,1024,333,508,1024,204,1024,0,-1,-1,-1,0x100048089C140205,1763,1607,1730,988,2012,2012,1666,1500,1500,2012,1193,1449,1500,1500,1500,1500,1500,1500,1372,1628,1500,1609,1500,2012,1500,1723,1607,1500,1520,1705,1500,988,8.2
2026-04-19,17:06:33.270,-59,-71,10,4010,14990,39,44,16,9960,40,19,718,735,480,508,1024,204,1024,0,-1,-1,-1,0x100048089C140205,1651,1657,1730,988,2012,1867,1740,1500,1500,1872,1193,1449,1500,1500,1500,1500,1500,1500,1372,1628,1500,1609,1500,2012,1500,1798,1657,1500,1520,1705,1500,988,8.2
2026-04-19,17:06:33.770,-56,-71,10,3996,27110,39,44,16,14128,40,19,721,801,179,507,1024,204,1024,0,-1,-1,-1,0x100048089C140205,1665,1566,1730,988,2012,1900,1589,1500,1500,1895,1193,1449,1500,1500,1500,1500,1500,1500,1372,1628,1500,1609,1500,2012,1500,1807,1566,1500,1520,1705,1500,988,8.2
2026-04-19,17:06:34.270,-62,-56,10,4004,3950,39,44,16,10230,40,19,723,868,467,508,1024,204,1024,0,-1,-1,-1,0x1000480A9C140205,1691,1652,1730,988,2012,1934,1733,1500,1500,1934,1193,1449,1500,1500,1500,1500,1500,1500,1372,1628,1500,1609,1500,2012,1500,1792,1652,1500,1520,1705,1500,988,8.2
2026-04-19,17:06:34.770,-63,-59,10,3999,22730,39,44,16,15020,40,20,725,720,437,508,1024,204,1024,0,-1,-1,-1,0x1000480A9C140205,1643,1636,1730,988,2012,1860,1718,1500,1500,1860,1193,1449,1500,1500,1500,1500,1500,1500,1372,1628,1500,1609,1500,2012,1500,1771,1636,1500,1520,1705,1500,988,8.2
2026-04-19,17:06:35.270,-54,-64,10,3992,28550,39,44,16,21506,40,20,727,241,544,508,1024,204,1024,0,-1,-1,-1,0x100048099C140205,1538,1665,1730,988,2012,1620,1772,1500,1500,1621,1193,1449,1500,1500,1500,1500,1500,1500,1372,1628,1500,1609,1500,2012,1500,1816,1665,1500,1520,1705,1500,988,8.2
2026-04-19,17:06:35.770,-56,-72,10,3971,27110,39,44,16,29156,40,20,732,6,928,507,1024,204,1024,0,-1,-1,-1,0x1000480598140605,1500,1876,1730,988,2012,1503,1964,1500,1500,1502,1193,1449,1500,1500,1500,1500,1500,1500,1372,1628,1500,1609,1500,2012,1500,1971,1876,1500,1520,1705,1500,988,8.2
2026-04-19,17:06:36.270,-50,-53,10,3948,54580,39,44,16,30016,40,20,738,-3,690,508,1024,204,1024,0,-1,-1,-1,0x1000480598140245,1499,1809,1730,988,2012,1499,1845,1500,1500,1499,1193,1449,1500,1500,1500,1500,1500,1500,1372,1628,1500,1609,1500,2012,1500,1983,1809,1500,1520,1705,1500,988,8.2
2026-04-19,17:06:36.770,-41,-52,10,3938,8930,39,44,16,20730,40,20,742,-175,176,508,1024,204,1024,0,-1,-1,-1,0x100048049C140205,1472,1542,1730,988,2012,1413,1588,1500,1500,1413,1193,1449,1500,1500,1500,1500,1500,1500,1372,1628,1500,1609,1500,2012,1500,1606,1542,1500,1520,1705,1500,988,8.2
2026-04-19,17:06:37.270,-58,-61,10,3945,2940,39,44,16,18272,40,20,742,-292,380,508,1024,204,1024,0,-1,-1,-1,0x100048049C140245,1451,1615,1730,988,2012,1354,1690,1500,1500,1354,1193,1449,1500,1500,1500,1500,1500,1500,1372,1628,1500,1609,1500,2012,1500,1748,1615,1500,1520,1705,1500,988,8.2
2026-04-19,17:06:37.770,-61,-64,10,3958,1500,39,44,16,15654,40,20,743,77,74,508,1024,204,1024,0,-1,-1,-1,0x100048049C140205,1511,1528,1730,988,2012,1538,1537,1500,1500,1538,1193,1449,1500,1500,1500,1500,1500,1500,1372,1628,1500,1609,1500,2012,1500,1557,1528,1500,1520,1705,1500,988,8.2
2026-04-19,17:06:38.270,-54,-60,10,3982,7840,39,44,16,11394,40,20,743,584,2,508,1024,203,1024,0,-1,-1,-1,0x100048009C140205,1604,1501,1730,988,2012,1792,1501,1500,1500,1786,1193,1449,1500,1500,1500,1500,1500,1500,1321,1679,1500,1609,1500,2012,1500,1690,1501,1500,1520,1705,1500,988,8.2
2026-04-19,17:06:38.770,-55,-77,25,4033,1820,39,44,16,10274,40,20,744,413,373,508,1024,204,1024,0,-1,-1,-1,0x100048009C140205,1569,1613,1730,988,2012,1706,1686,1500,1500,1707,1193,1449,1500,1500,1500,1500,1500,1500,1372,1628,1500,1609,1500,2012,1500,1739,1613,1500,1520,1705,1500,988,8.2
2026-04-19,17:06:39.270,-60,-61,10,4028,28410,39,44,16,15786,40,20,745,-640,364,508,1024,204,1024,0,-1,-1,-1,0x100048009C140205,1368,1609,1730,988,2012,1180,1682,1500,1500,1170,1193,1449,1500,1500,1500,1500,1500,1500,1372,1628,1500,1609,1500,2012,1500,1734,1609,1500,1520,1705,1500,988,8.2
2026-04-19,17:06:39.770,-72,-77,10,4010,30020,39,44,16,20294,40,20,749,-621,610,508,1024,204,1024,0,-1,-1,-1,0x100048009C140205,1375,1712,1730,988,2012,1190,1805,1500,1500,1183,1193,1449,1500,1500,1500,1500,1500,1500,1372,1628,1500,1609,1500,2012,1500,1856,1712,1500,1520,1705,1500,988,8.2
2026-04-19,17:06:40.270,-84,-70,10,3993,12850,39,44,16,19368,40,20,752,-125,138,508,1024,204,1024,0,-1,-1,-1,0x100048049C140205,1480,1546,1730,988,2012,1438,1569,1500,1500,1438,1193,1449,1500,1500,1500,1500,1500,1500,1372,1628,1500,1609,1500,2012,1500,1768,1546,1500,1520,1705,1500,988,8.2
2026-04-19,17:06:40.770,-75,-71,10,3992,1430,39,44,16,14344,40,20,754,60,185,508,1024,204,1024,0,-1,-1,-1,0x100048049C140245,1508,1554,1730,988,2012,1530,1592,1500,1500,1530,1193,1449,1500,1500,1500,1500,1500,1500,1372,1628,1500,1609,1500,2012,1500,1634,1554,1500,1520,1705,1500,988,8.2
2026-04-19,17:06:41.270,-80,-77,10,3993,350,39,44,16,11068,40,21,754,-1024,-844,508,1024,204,1024,0,-1,-1,-1,0x100048009E180205,1204,1149,1730,1479,2012,988,1078,1500,1014,988,1193,1449,1500,1500,1500,1500,1500,1014,1192,2012,1500,1609,1500,988,1500,1034,1500,1500,1520,1705,1014,988,8.2
2026-04-19,17:06:41.770,-78,-81,10,4003,1640,39,44,16,2992,40,21,754,-1024,286,508,1024,204,1024,0,-1,-1,-1,0x100048009C140205,1204,1585,1730,988,2012,988,1643,1500,1500,988,1193,1449,1500,1500,1500,1500,1500,1500,1372,1628,1500,1609,1500,2012,1500,1696,1585,1500,1520,1705,1500,988,8.2
2026-04-19,17:06:42.270,-76,-82,10,4025,5570,39,44,16,4718,40,21,755,-1024,342,508,1024,204,1024,0,-1,-1,-1,0x100048009C140205,1204,1604,1730,988,2012,988,1671,1500,1500,988,1193,1449,1500,1500,1500,1500,1500,1500,1372,1628,1500,1609,1500,2012,1500,1727,1604,1500,1520,1705,1500,988,8.2
2026-04-19,17:06:42.770,-76,-81,10,4037,17480,39,44,16,9464,40,21,756,-211,373,508,1024,204,1024,0,-1,-1,-1,0x100048009C140205,1465,1633,1730,988,2012,1395,1686,1500,1500,1394,1193,1449,1500,1500,1500,1500,1500,1500,1372,1628,1500,1609,1500,2012,1500,1810,1633,1500,1520,1705,1500,988,8.2
2026-04-19,17:06:43.270,-92,-77,10,4020,16780,39,44,16,14418,40,21,759,-355,562,508,1024,204,1024,0,-1,-1,-1,0x100048009C140205,1440,1690,1730,988,2012,1323,1781,1500,1500,1322,1193,1449,1500,1500,1500,1500,1500,1500,1372,1628,1500,1609,1500,2012,1500,1836,1690,1500,1520,1705,1500,988,8.2
2026-04-19,17:06:43.770,-82,-86,10,4015,24660,39,44,16,15388,40,21,762,-79,101,508,1024,204,1024,0,-1,-1,-1,0x100048009C140205,1487,1535,1730,988,2012,1461,1550,1500,1500,1461,1193,1449,1500,1500,1500,1500,1500,1500,1372,1628,1500,1609,1500,2012,1500,1576,1535,1500,1520,1705,1500,988,8.2
2026-04-19,17:06:44.270,-75,-67,10,3992,18320,39,44,16,31104,40,21,764,-366,25,508,1024,204,1024,0,-1,-1,-1,0x100048069C140205,1440,1500,1730,988,2012,1317,1512,1500,1500,1323,1193,1449,1500,1500,1500,1500,1500,1500,1014,1986,1500,1609,1500,2012,1500,1678,1500,1500,1520,1705,1500,988,8.2
2026-04-19,17:06:44.770,-80,-87,10,4000,840,39,44,16,25564,40,21,765,588,284,508,1024,204,1024,0,-1,-1,-1,0x100048069C140245,1594,1607,1730,988,2012,1794,1642,1500,1500,1765,1193,1449,1500,1500,1500,1500,1500,1500,1372,1628,1500,1609,1500,2012,1500,1745,1607,1500,1520,1705,1500,988,8.2
2026-04-19,17:06:45.270,-71,-74,10,4008,5210,41,44,16,2620,40,21,766,1024,567,508,1024,204,1024,0,-1,-1,-1,0x100048029C140205,1763,1688,1730,988,2012,2012,1783,1500,1500,2012,1193,1449,1500,1500,1500,1500,1500,1500,1372,1628,1500,1609,1500,2012,1500,1838,1688,1500,1520,1705,1500,988,8.2
2026-04-19,17:06:45.770,-75,-86,10,4014,17550,41,44,16,9810,40,21,768,562,474,508,1024,204,1024,0,-1,-1,-1,0x100048029C140205,1598,1655,1730,988,2012,1781,1737,1500,1500,1773,1193,1449,1500,1500,1500,1500,1500,1500,1372,1628,1500,1609,1500,2012,1500,1796,1655,1500,1520,1705,1500,988,8.2
2026-04-19,17:06:46.270,-70,-69,10,4013,31950,41,44,16,20612,40,21,770,193,781,508,1024,204,1024,0,-1,-1,-1,0x100048019C140205,1531,1799,1730,988,2012,1596,1890,1500,1500,1602,1193,1449,1500,1500,1500,1500,1500,1500,1372,1628,1500,1609,1500,2012,1500,1921,1799,1500,1520,1705,1500,988,8.2
2026-04-19,17:06:46.770,-73,-72,10,3985,45820,41,44,16,22948,40,21,776,333,1023,507,1024,204,1024,0,-1,-1,-1,0x100048019C142605,1553,2010,1730,988,2012,1666,2011,1500,1500,1666,1193,1449,1500,1500,1500,1500,1500,1500,1372,1628,1500,1609,1500,2012,1500,2011,2009,1500,1520,1705,1500,988,8.2
2026-04-19,17:06:47.270,-76,-74,10,3949,14950,41,44,16,20310,40,21,782,450,321,508,1024,204,1024,0,-1,-1,-1,0x100048049C140245,1576,1575,1730,988,2012,1725,1660,1500,1500,1725,1193,1449,1500,1500,1500,1500,1500,1500,1372,1628,1500,1609,1500,2012,1500,1694,1575,1500,1520,1705,1500,988,8.2
2026-04-19,17:06:47.770,-81,-76,10,3947,4440,41,44,16,16060,40,21,783,805,634,508,1024,204,1024,0,-1,-1,-1,0x100048049C140205,1664,1732,1730,988,2012,1902,1817,1500,1500,1895,1193,1449,1500,1500,1500,1500,1500,1500,1372,1628,1500,1609,1500,2012,1500,1871,1732,1500,1520,1705,1500,988,8.2
2026-04-19,17:06:48.270,-60,-67,10,3947,10220,41,44,16,15742,40,21,785,1023,350,508,1024,204,1024,0,-1,-1,-1,0x100048049C140245,1762,1602,1730,988,2012,2011,1675,1500,1500,2011,1193,1449,1500,1500,1500,1500,1500,1500,1372,1628,1500,1609,1500,2012,1500,1723,1602,1500,1520,1705,1500,988,8.2
2026-04-19,17:06:48.770,-65,-85,10,3956,24200,41,44,16,15488,40,21,786,870,730,508,1024,204,1024,0,-1,-1,-1,0x100048019C140605,1692,1777,1730,988,2012,1935,1865,1500,1500,1935,1193,1449,1500,1500,1500,1500,1500,1500,1372,1628,1500,1609,1500,2012,1500,1906,1777,1500,1520,1705,1500,988,8.2
2026-04-19,17:06:49.270,-64,-53,10,3964,22730,41,44,16,19824,40,21,790,836,573,508,1024,204,1024,0,-1,-1,-1,0x100048019C140205,1679,1694,1730,988,2012,1918,1786,1500,1500,1918,1193,1449,1500,1500,1500,1500,1500,1500,1372,1628,1500,1609,1500,2012,1500,1840,1694,1500,1520,1705,1500,988,8.2
2026-04-19,17:06:49.770,-88,-78,10,3959,58290,41,44,16,28982,40,22,794,-320,1024,508,1024,204,1024,0,-1,-1,-1,0x100048059C142605,1444,2012,1730,988,2012,1340,2012,1500,1500,1334,1193,1449,1500,1500,1500,1500,1500,1500,1372,1628,1500,1609,1500,2012,1500,2012,2012,1500,1520,1705,1500,988,8.2
2026-04-19,17:06:50.270,-80,-74,10,3913,44210,41,44,16,27886,40,22,803,-32,469,508,1024,204,1024,0,-1,-1,-1,0x1000480498140245,1495,1653,1730,988,2012,1484,1734,1500,1500,1484,1193,1449,1500,1500,1500,1500,1500,1500,1372,1628,1500,1609,1500,2012,1500,1793,1653,1500,1520,1705,1500,988,8.2
2026-04-19,17:06:50.770,-78,-71,10,3911,9310,41,44,16,21244,40,22,805,611,164,508,1024,204,1024,0,-1,-1,-1,0x100048049C100205,1611,1541,1730,988,2012,1805,1582,1500,1500,1800,1193,1449,1500,1500,1500,1500,1500,1500,1372,1628,1500,1609,1500,988,1500,1605,1541,1500,1520,1705,1500,988,8.2
2026-04-19,17:06:51.270,-78,-77,10,3925,7740,41,44,16,14018,41,22,805,921,446,508,1024,204,1024,0,-1,-1,-1,0x100048049C140245,1712,1636,1730,988,2012,1960,1723,1500,1500,1960,1193,1449,1500,1500,1500,1500,1500,1500,1372,1628,1500,1609,1500,2012,1500,1777,1636,1500,1520,1705,1500,988,8.2
2026-04-19,17:06:51.770,-76,-80,10,3937,9450,41,44,16,15440,41,22,807,1023,340,508,1024,204,1024,0,-1,-1,-1,0x100048009C141A85,1761,1588,1730,988,2012,2011,1670,1500,1500,2011,1193,1449,1500,1500,1500,1500,1500,1500,1372,1628,1500,1609,1500,2012,1500,1710,1588,1500,1520,1705,1500,988,8.2
2026-04-19,17:06:52.270,-74,-71,10,3977,4620,41,44,16,11266,41,22,808,-1024,80,508,1024,205,1024,0,-1,-1,-1,0x100048009C140A85,1204,1530,1730,988,2012,988,1540,1500,1500,988,1193,1449,1500,1500,1500,1500,1500,1500,1372,1628,1500,1609,1500,2012,1500,1562,1530,1500,1520,1705,1500,988,8.2
2026-04-19,17:06:52.770,-65,-70,25,4008,13900,41,44,16,11132,41,22,809,-1024,508,508,1024,204,1024,0,-1,-1,-1,0x100048009C140205,1204,1663,1730,988,2012,988,1754,1500,1500,988,1193,1449,1500,1500,1500,1500,1500,1500,1372,1628,1500,1609,1500,2012,1500,1806,1663,1500,1520,1705,1500,988,8.2
2026-04-19,17:06:53.270,-61,-73,10,3995,25500,41,44,16,15806,41,22,811,294,760,508,1024,204,1024,0,-1,-1,-1,0x100048019C140605,1541,1793,1730,988,2012,1647,1880,1500,1500,1632,1193,1449,1500,1500,1500,1500,1500,1500,1372,1628,1500,1609,1500,2012,1500,1917,1793,1500,1520,1705,1500,988,8.2
2026-04-19,17:06:53.770,-65,-64,10,3981,9420,41,44,16,10260,41,22,815,1024,175,507,1024,204,1024,0,-1,-1,-1,0x100048009C140205,1763,1542,1730,988,2012,2012,1587,1500,1500,2012,1193,1449,1500,1500,1500,1500,1500,1500,1372,1628,1500,1609,1500,2012,1500,1609,1542,1500,1520,1705,1500,988,8.2
2026-04-19,17:06:54.270,-69,-62,10,3982,16740,41,44,16,9752,41,22,817,28,381,508,1024,204,1024,0,-1,-1,-1,0x1000480098140205,1505,1613,1730,988,2012,1514,1690,1500,1500,1521,1193,1449,1500,1500,1500,1500,1500,1500,1372,1628,1500,1609,1500,2012,1500,1739,1613,1500,1520,1705,1500,988,8.2
2026-04-19,17:06:54.770,-69,-58,10,3981,7770,41,44,16,8236,41,22,818,24,377,508,1024,204,1024,0,-1,-1,-1,0x100048009C140205,1513,1617,1730,988,2012,1512,1688,1500,1500,1545,1193,1449,1500,1500,1500,1500,1500,1500,1372,1628,1500,1609,1500,2012,1500,1746,1617,1500,1520,1705,1500,988,8.2
2026-04-19,17:06:55.270,-66,-71,10,3975,14740,41,44,16,12128,41,22,820,-949,300,508,1024,204,1024,0,-1,-1,-1,0x100048009C140205,1242,1614,1730,988,2012,1026,1650,1500,1500,1019,1193,1449,1500,1500,1500,1500,1500,1500,1372,1628,1500,1609,1500,2012,1500,1813,1614,1500,1520,1705,1500,988,8.2
2026-04-19,17:06:55.770,-60,-63,10,3990,9030,41,44,16,11224,41,22,822,621,662,508,1024,204,1024,0,-1,-1,-1,0x100048089C140205,1620,1735,1730,988,2012,1810,1831,1500,1500,1817,1193,1449,1500,1500,1500,1500,1500,1500,1372,1628,1500,1609,1500,2012,1500,1874,1735,1500,1520,1705,1500,988,8.2
2026-04-19,17:06:56.270,-56,-54,10,3984,4790,41,44,16,27664,41,22,825,-2,952,508,1024,204,1024,0,-1,-1,-1,0x1000480898140205,1499,1921,1730,988,2012,1499,1976,1500,1500,1499,1193,1449,1500,1500,1500,1500,1500,1500,1372,1628,1500,1609,1500,2012,1500,1987,1921,1500,1520,1705,1500,988,8.2
2026-04-19,17:06:56.770,-48,-57,10,3986,14950,41,44,16,18600,41,22,826,775,4,508,1024,204,1024,0,-1,-1,-1,0x100048089C140205,1659,1505,1730,988,2012,1887,1502,1500,1500,1887,1193,1449,1500,1500,1500,1500,1500,1500,1270,1730,1500,1609,1500,2012,1500,1635,1505,1500,1520,1705,1500,988,8.2
2026-04-19,17:06:57.270,-55,-54,10,3989,7670,41,44,16,11752,41,22,827,-182,1001,508,1024,204,1024,0,-1,-1,-1,0x100048009C142205,1470,1983,1730,988,2012,1409,1992,1500,1500,1409,1193,1449,1500,1500,1500,1500,1500,1500,1372,1628,1500,1609,1500,2012,1500,2012,1916,1500,1520,1705,1500,988,8.2
2026-04-19,17:06:57.770,-57,-58,10,3982,23120,41,44,16,32558,41,23,831,2,425,508,1024,204,1024,0,-1,-1,-1,0x1000480198140205,1499,1661,1730,988,2012,1501,1712,1500,1500,1501,1193,1449,1500,1500,1500,1500,1500,1500,1372,1628,1500,1609,1500,2012,1500,1954,1661,1500,1520,1705,1500,988,8.2
2026-04-19,17:06:58.270,-57,-48,10,3985,2800,41,44,16,17108,41,23,833,-1024,926,508,1024,204,1024,0,-1,-1,-1,0x100048049C140245,1204,1740,1730,988,2012,988,1963,1500,1500,988,1193,1449,1500,1500,1500,1500,1500,1500,1372,1628,1500,1609,1500,2012,1500,1977,1740,1500,1520,1705,1500,988,8.2
2026-04-19,17:06:58.770,-41,-47,10,3980,5000,41,44,16,2958,41,23,836,-1024,320,508,1024,204,1024,0,-1,-1,-1,0x100048009C140205,1204,1597,1730,988,2012,988,1660,1500,1500,988,1193,1449,1500,1500,1500,1500,1500,1500,1372,1628,1500,1609,1500,2012,1500,1715,1597,1500,1520,1705,1500,988,8.2
2026-04-19,17:06:59.270,-46,-50,10,3977,15340,41,44,16,8494,41,23,838,-1023,220,508,1024,205,1024,0,-1,-1,-1,0x100048009C140205,1205,1557,1730,988,2012,989,1610,1500,1500,989,1193,1449,1500,1500,1500,1500,1500,1500,1372,1628,1500,1609,1500,2012,1500,1650,1557,1500,1520,1705,1500,988,8.2
2026-04-19,17:06:59.770,-53,-57,10,3979,9630,43,44,16,10354,41,23,839,-967,516,508,1024,204,1024,0,-1,-1,-1,0x100048009C140205,1230,1676,1730,988,2012,1017,1757,1500,1500,1009,1193,1449,1500,1500,1500,1500,1500,1500,1372,1628,1500,1609,1500,2012,1500,1815,1676,1500,1520,1705,1500,988,8.2
2026-04-19,17:07:00.270,-69,-62,10,3984,19330,43,44,16,12908,41,23,841,17,537,508,1024,204,1024,0,-1,-1,-1,0x1000480198140605,1502,1686,1730,988,2012,1508,1768,1500,1500,1509,1193,1449,1500,1500,1500,1500,1500,1500,1372,1628,1500,1609,1500,2012,1500,1831,1686,1500,1520,1705,1500,988,8.2
2026-04-19,17:07:00.770,-61,-70,10,3982,10050,43,44,16,12048,41,23,844,1024,-148,508,1024,204,1024,0,-1,-1,-1,0x100048009E100205,1763,1403,1730,1153,2012,2012,1426,1366,1500,2012,1193,1449,1500,1500,1500,1500,1500,1366,1122,2012,1500,1609,1500,988,1500,1357,1500,1500,1520,1705,1342,988,8.2
2026-04-19,17:07:01.270,-66,-62,250,3981,12570,43,44,16,8352,41,23,846,1024,436,508,1024,204,1024,0,-1,-1,-1,0x100048009C140205,1763,1640,1730,988,2012,2012,1718,1500,1500,2012,1193,1449,1500,1500,1500,1500,1500,1500,1372,1628,1500,1609,1500,2012,1500,1777,1640,1500,1520,1705,1500,988,8.2
2026-04-19,17:07:01.770,-63,-58,10,3986,13240,43,44,16,8716,41,23,847,920,430,508,1024,204,1024,0,-1,-1,-1,0x100048009C140205,1712,1642,1730,988,2012,1959,1715,1500,1500,1960,1193,1449,1500,1500,1500,1500,1500,1500,1372,1628,1500,1609,1500,2012,1500,1774,1642,1500,1520,1705,1500,988,8.2
2026-04-19,17:07:02.270,-60,-71,10,3983,22800,43,44,16,12672,41,23,849,603,711,508,1024,204,1024,0,-1,-1,-1,0x100048099C140605,1612,1767,1730,988,2012,1801,1855,1500,1500,1801,1193,1449,1500,1500,1500,1500,1500,1500,1372,1628,1500,1609,1500,2012,1500,1898,1767,1500,1520,1705,1500,988,8.2
2026-04-19,17:07:02.770,-60,-71,10,3986,5570,43,44,16,15322,41,23,852,116,713,508,1024,204,1024,0,-1,-1,-1,0x100048089C140205,1517,1768,1730,988,2012,1558,1856,1500,1500,1558,1193,1449,1500,1500,1500,1500,1500,1500,1372,1628,1500,1609,1500,2012,1500,1899,1768,1500,1520,1705,1500,988,8.2
2026-04-19,17:07:03.270,-56,-71,10,3977,23920,43,44,16,27110,41,23,854,2,654,508,1024,205,1024,0,-1,-1,-1,0x1000480998140605,1499,1744,1730,988,2012,1501,1819,1500,1500,1501,1193,1449,1500,1500,1500,1500,1500,1500,1372,1628,1500,1609,1500,2012,1500,1954,1744,1500,1520,1705,1500,988,8.2
2026-04-19,17:07:03.770,-66,-60,10,3978,2480,43,44,16,7464,41,23,857,1024,189,508,1024,204,1024,0,-1,-1,-1,0x100048009C140205,1763,1555,1730,988,2012,2012,1594,1500,1500,2012,1193,1449,1500,1500,1500,1500,1500,1500,1372,1628,1500,1609,1500,2012,1500,1637,1555,1500,1520,1705,1500,988,8.2
2026-04-19,17:07:04.270,-57,-61,10,3981,6580,43,44,16,7880,41,23,858,1024,306,508,1024,204,1024,0,-1,-1,-1,0x100048009C140205,1763,1592,1730,988,2012,2012,1648,1500,1500,2012,1193,1449,1500,1500,1500,1500,1500,1500,1372,1628,1500,1609,1500,2012,1500,1708,1592,1500,1520,1705,1500,988,8.2
2026-04-19,17:07:04.770,-67,-64,10,3993,17720,43,44,16,11978,41,23,859,195,646,508,1024,204,1024,0,-1,-1,-1,0x100048009C140205,1530,1732,1730,988,2012,1597,1823,1500,1500,1598,1193,1449,1500,1500,1500,1500,1500,1500,1372,1628,1500,1609,1500,2012,1500,1871,1732,1500,1520,1705,1500,988,8.2
2026-04-19,17:07:05.270,-60,-70,10,3977,11770,43,44,16,19316,41,23,863,-868,319,508,1024,205,1024,0,-1,-1,-1,0x100048009C140205,1288,1597,1730,988,2012,1073,1659,1500,1500,1061,1193,1449,1500,1500,1500,1500,1500,1500,1372,1628,1500,1609,1500,2012,1500,1715,1597,1500,1520,1705,1500,988,8.2
2026-04-19,17:07:05.770,-55,-70,10,3979,4830,43,44,16,5400,41,23,865,-1024,366,508,1024,204,1024,0,-1,-1,-1,0x100048009C140205,1204,1624,1730,988,2012,988,1683,1500,1500,988,1193,1449,1500,1500,1500,1500,1500,1500,1372,1628,1500,1609,1500,2012,1500,1748,1624,1500,1520,1705,1500,988,8.2
2026-04-19,17:07:06.270,-51,-70,10,3978,27570,43,44,16,15806,41,24,866,-829,408,507,1024,204,1024,0,-1,-1,-1,0x100048009C140205,1305,1629,1730,988,2012,1086,1704,1500,1500,1081,1193,1449,1500,1500,1500,1500,1500,1500,1372,1628,1500,1609,1500,2012,1500,1763,1629,1500,1520,1705,1500,988,8.2
2026-04-19,17:07:06.770,-66,-70,10,3961,29770,43,44,16,20294,41,24,870,-155,676,508,1024,204,1024,0,-1,-1,-1,0x100048009C140205,1475,1747,1730,988,2012,1423,1845,1500,1500,1423,1193,1449,1500,1500,1500,1500,1500,1500,1372,1628,1500,1609,1500,2012,1500,1884,1747,1500,1520,1705,1500,988,8.2
2026-04-19,17:07:07.270,-66,-70,10,3958,19440,43,44,16,15474,41,24,875,1024,82,508,1024,204,1024,0,-1,-1,-1,0x100048049C100245,1763,1530,1730,988,2012,2012,1540,1500,1500,2012,1193,1449,1500,1500,1500,1500,1500,1500,1372,1628,1500,1609,1500,2012,1500,1563,1530,1500,1520,1705,1500,988,8.2
2026-04-19,17:07:07.770,-61,-70,10,3969,2800,43,44,16,7278,41,24,876,1024,289,508,1024,204,1024,0,-1,-1,-1,0x100048009C140205,1763,1585,1730,988,2012,2012,1644,1500,1500,2012,1193,1449,1500,1500,1500,1500,1500,1500,1372,1628,1500,1609,1500,2012,1500,1698,1585,1500,1520,1705,1500,988,8.2
2026-04-19,17:07:08.270,-62,-70,10,3971,8470,43,44,16,7904,41,24,876,927,501,508,1024,204,1024,0,-1,-1,-1,0x100048009C140205,1715,1661,1730,988,2012,1963,1750,1500,1500,1963,1193,1449,1500,1500,1500,1500,1500,1500,1372,1628,1500,1609,1500,2012,1500,1802,1661,1500,1520,1705,1500,988,8.2
2026-04-19,17:07:08.770,-61,-70,10,3966,40810,43,44,16,20524,41,24,879,218,598,508,1024,205,1024,0,-1,-1,-1,0x100048019C140205,1536,1694,1730,988,2012,1602,1806,1500,1500,1616,1193,1449,1500,1500,1500,1500,1500,1500,1372,1628,1500,1609,1500,2012,1500,1847,1694,1500,1520,1705,1500,988,8.2
2026-04-19,17:07:09.270,-64,-59,10,3972,13340,43,44,16,13096,42,24,883,698,2,508,1024,204,1024,0,-1,-1,-1,0x100048009C140205,1638,1500,1730,988,2012,1855,1501,1500,1500,1849,1193,1449,1500,1500,1500,1500,1500,1500,988,2012,1500,1609,1500,2012,1500,1501,1500,1500,1520,1705,1500,988,8.2
2026-04-19,17:07:09.770,-65,-72,10,3975,11560,43,44,16,14442,42,24,884,640,571,508,1024,204,1024,0,-1,-1,-1,0x100048009C140205,1621,1694,1730,988,2012,1820,1791,1500,1500,1819,1193,1449,1500,1500,1500,1500,1500,1500,1372,1628,1500,1609,1500,2012,1500,1840,1694,1500,1520,1705,1500,988,8.2
2026-04-19,17:07:10.270,-59,-72,10,3950,62770,43,44,16,25834,42,24,888,441,400,508,1024,204,1024,0,-1,-1,-1,0x100048009C140205,1577,1615,1730,988,2012,1720,1700,1500,1500,1727,1193,1449,1500,1500,1500,1500,1500,1500,1372,1628,1500,1609,1500,2012,1500,1865,1615,1500,1520,1705,1500,988,8.2
2026-04-19,17:07:10.770,-55,-72,10,3934,32120,43,44,16,24680,42,24,892,0,1022,507,1024,204,1024,0,-1,-1,-1,0x1000480598142645,1499,2009,1730,988,2012,1500,2011,1500,1500,1500,1193,1449,1500,1500,1500,1500,1500,1500,1372,1628,1500,1609,1500,2012,1500,2011,2008,1500,1520,1705,1500,988,8.2
2026-04-19,17:07:11.270,-58,-72,10,3926,72340,43,44,16,26084,42,24,898,2,654,507,1024,204,1024,0,-1,-1,-1,0x1000480598140205,1499,1797,1730,988,2012,1501,1827,1500,1500,1501,1193,1449,1500,1500,1500,1500,1500,1500,1372,1628,1500,1609,1500,2012,1500,1973,1797,1500,1520,1705,1500,988,8.2
2026-04-19,17:07:11.770,-50,-72,10,3905,12680,43,44,16,21656,42,24,902,-470,271,508,1024,204,1024,0,-1,-1,-1,0x100048049C140245,1419,1573,1730,988,2012,1265,1635,1500,1500,1273,1193,1449,1500,1500,1500,1500,1500,1500,1372,1628,1500,1609,1500,2012,1500,1726,1573,1500,1520,1705,1500,988,8.2
2026-04-19,17:07:12.270,-67,-55,10,3905,8720,43,44,16,19276,42,24,903,-222,350,508,1024,205,1024,0,-1,-1,-1,0x100048049C140205,1464,1596,1730,988,2012,1389,1675,1500,1500,1389,1193,1449,1500,1500,1500,1500,1500,1500,1372,1628,1500,1609,1500,2012,1500,1723,1596,1500,1520,1705,1500,988,8.2
2026-04-19,17:07:12.770,-71,-64,10,3927,4970,43,44,16,16802,42,24,904,16,80,508,1024,205,1024,0,-1,-1,-1,0x1000480498140245,1501,1529,1730,988,2012,1507,1540,1500,1500,1508,1193,1449,1500,1500,1500,1500,1500,1500,1372,1628,1500,1609,1500,2012,1500,1561,1529,1500,1520,1705,1500,988,8.2
2026-04-19,17:07:13.270,-63,-66,10,3955,3570,45,44,16,13122,42,25,904,215,398,508,1024,205,1024,0,-1,-1,-1,0x100048049C140205,1533,1631,1730,988,2012,1607,1699,1500,1500,1607,1193,1449,1500,1500,1500,1500,1500,1500,1372,1628,1500,1609,1500,2012,1500,1790,1631,1500,1520,1705,1500,988,8.2
2026-04-19,17:07:13.770,-68,-63,25,3991,4970,45,44,16,13130,42,25,905,951,466,508,1024,204,1024,0,-1,-1,-1,0x100048049C140245,1726,1664,1730,988,2012,1975,1733,1500,1500,1975,1193,1449,1500,1500,1500,1500,1500,1500,1372,1628,1500,1609,1500,2012,1500,1800,1664,1500,1520,1705,1500,988,8.2
2026-04-19,17:07:14.270,-65,-77,10,3994,7210,45,44,16,12370,42,25,907,-59,501,508,1024,205,1024,0,-1,-1,-1,0x100048009C140205,1491,1666,1730,988,2012,1463,1750,1500,1500,1471,1193,1449,1500,1500,1500,1500,1500,1500,1372,1628,1500,1609,1500,2012,1500,1808,1666,1500,1520,1705,1500,988,8.2
2026-04-19,17:07:14.770,-77,-72,10,3990,11030,45,44,16,15002,42,25,908,-157,113,508,1024,205,1024,0,-1,-1,-1,0x100048009C140205,1474,1537,1730,988,2012,1422,1556,1500,1500,1422,1193,1449,1500,1500,1500,1500,1500,1500,1372,1628,1500,1609,1500,2012,1500,1585,1537,1500,1520,1705,1500,988,8.2
2026-04-19,17:07:15.270,-76,-63,10,3993,1710,45,44,16,6958,42,25,909,416,1024,508,1024,205,1024,0,-1,-1,-1,0x100048029C142205,1569,2012,1730,988,2012,1708,2012,1500,1500,1708,1193,1449,1500,1500,1500,1500,1500,1500,1372,1628,1500,1609,1500,2012,1500,2012,1780,1500,1520,1705,1500,988,8.2
2026-04-19,17:07:15.770,-80,-70,10,3983,8510,45,44,16,33496,42,25,912,81,-776,508,1024,204,1024,0,-1,-1,-1,0x100048009E180205,1514,1256,1730,1364,2012,1540,1112,1161,1500,1548,1193,1449,1500,1500,1500,1500,1500,1161,1014,1986,1500,1609,1500,988,1500,1817,1500,1500,1520,1705,1101,988,8.2
2026-04-19,17:07:16.270,-64,-63,10,3987,0,45,44,16,7528,42,25,913,-1,-7,508,1024,204,1024,0,-1,-1,-1,0x1000480098140205,1499,1496,1730,995,2012,1500,1497,1494,1500,1500,1193,1449,1500,1500,1500,1500,1500,1494,1372,2012,1500,1609,1500,2012,1500,1495,1500,1500,1520,1705,1494,988,8.2
2026-04-19,17:07:16.770,-78,-77,10,3989,0,45,44,16,0,42,25,913,-1,3,508,1024,204,1024,0,-1,-1,-1,0x1000480098140205,1499,1501,1730,988,2012,1500,1501,1500,1500,1500,1193,1449,1500,1500,1500,1500,1500,1500,1372,2012,1500,1609,1500,2012,1500,1502,1501,1500,1520,1705,1500,988,8.2
2026-04-19,17:07:17.270,-65,-65,10,4000,0,45,44,16,0,42,25,913,-1,1,508,1024,204,1024,0,-1,-1,-1,0x1000480098140205,1499,1500,1730,988,2012,1500,1500,1500,1500,1500,1193,1449,1500,1500,1500,1500,1500,1500,1500,2012,1500,1609,1500,2012,1500,1501,1500,1500,1520,1705,1500,988,8.2
2026-04-19,17:07:17.770,-63,-68,10,4012,0,45,44,16,0,42,25,913,-2,3,508,1024,204,1024,0,-1,-1,-1,0x1000480098140205,1499,1500,1730,988,2012,1499,1501,1500,1500,1500,1193,1449,1500,1500,1500,1500,1500,1500,1500,2012,1500,1609,1500,2012,1500,1501,1500,1500,1520,1705,1500,988,8.2
2026-04-19,17:07:18.270,-63,-68,10,4016,0,43,44,16,0,42,25,913,-1,2,508,1024,204,1024,0,-1,-1,-1,0x1000480898140205,1499,1500,1730,988,2012,1500,1501,1500,1500,1500,1193,1449,1500,1500,1500,1500,1500,1500,1500,2012,1500,1609,1500,2012,1500,1501,1500,1500,1520,1705,1500,988,8.2
2026-04-19,17:07:18.770,-69,-65,10,4016,0,43,44,16,0,41,25,913,-1,49,508,1024,205,1024,0,-1,-1,-1,0x1000480898140205,1499,1518,1698,988,2012,1500,1524,1500,1500,1500,1193,1449,1500,1500,1500,1500,1500,1500,1500,2012,1500,1609,1500,2012,1500,1538,1518,1500,1520,1705,1500,988,8.2
2026-04-19,17:07:19.270,-67,-65,10,4016,0,43,44,16,0,41,25,913,-1,39,508,1024,204,1024,0,-1,-1,-1,0x1000480898140204,1499,1514,1500,988,2012,1500,1519,1500,1500,1500,1193,1449,1500,1500,1500,1500,1500,1500,1500,2012,1500,1609,1500,2012,1500,1530,1514,1500,1520,1705,1500,988,8.2
2026-04-19,17:07:19.770,-66,-59,10,4017,0,43,44,16,0,41,25,913,-1,47,508,1024,204,1024,0,-1,-1,-1,0x1000480A98140204,1499,1517,1500,988,2012,1500,1523,1500,1500,1500,1193,1449,1500,1500,1500,1500,1500,1500,1500,2012,1500,1609,1500,2012,1500,1536,1517,1500,1520,1705,1500,988,8.2
2026-04-19,17:07:20.270,-58,-71,10,4020,0,43,44,16,0,41,25,913,-1,51,508,1024,205,1024,0,-1,-1,-1,0x1000480A98140204,1499,1519,1500,988,2012,1500,1525,1500,1500,1500,1193,1449,1500,1500,1500,1500,1500,1500,1500,2012,1500,1609,1500,2012,1500,1539,1519,1500,1520,1705,1500,988,8.2
2026-04-19,17:07:20.770,-67,-63,10,4024,0,43,44,16,0,41,25,913,-2,54,508,1024,204,1024,0,-1,-1,-1,0x1000480A98140204,1499,1520,1500,988,2012,1499,1527,1500,1500,1499,1193,1449,1500,1500,1500,1500,1500,1500,1500,2012,1500,1609,1500,2012,1500,1542,1520,1500,1520,1705,1500,988,8.2
2026-04-19,17:07:21.270,-74,-74,10,4028,0,43,44,16,0,41,25,913,-2,13,508,1024,204,1024,0,-1,-1,-1,0x1000480A98140204,1499,1504,1500,988,2012,1499,1506,1500,1500,1499,1193,1449,1500,1500,1500,1500,1500,1500,1500,2012,1500,1609,1500,2012,1500,1510,1504,1500,1520,1705,1500,988,8.2
2026-04-19,17:07:21.770,-59,-69,10,4029,13800,43,44,16,1638,41,25,913,-1,737,508,1024,204,1024,0,-1,-1,-1,0x1000480A98140205,1499,1786,1582,988,2012,1500,1868,1500,1500,1500,1193,1449,1500,1500,1500,1500,1500,1500,1372,1628,1500,1609,1500,2012,1500,1908,1786,1500,1520,1705,1500,988,8.2
2026-04-19,17:07:22.270,-64,-70,10,4025,14780,43,44,16,20698,41,25,916,-312,147,508,1024,204,1024,0,-1,-1,-1,0x100048089C140205,1448,1545,1730,988,2012,1344,1573,1500,1500,1344,1193,1449,1500,1500,1500,1500,1500,1500,1372,1628,1500,1609,1500,2012,1500,1608,1545,1500,1520,1705,1500,988,8.2
2026-04-19,17:07:22.770,-76,-89,10,4004,26380,43,44,16,12452,40,25,918,-387,802,508,1024,204,1024,0,-1,-1,-1,0x100048089C140205,1434,1816,1730,988,2012,1307,1901,1500,1500,1308,1193,1449,1500,1500,1500,1500,1500,1500,1372,1628,1500,1609,1500,2012,1500,1933,1816,1500,1520,1705,1500,988,8.2
2026-04-19,17:07:23.270,-75,-75,10,3986,6900,43,44,16,13878,40,25,921,-443,165,508,1024,204,1024,0,-1,-1,-1,0x100048089C140205,1420,1554,1730,988,2012,1279,1582,1500,1500,1273,1193,1449,1500,1500,1500,1500,1500,1500,1372,1628,1500,1609,1500,2012,1500,1643,1554,1500,1520,1705,1500,988,8.2
2026-04-19,17:07:23.770,-86,-79,10,3985,1570,43,44,16,12040,40,25,922,17,2,508,1024,204,1024,0,-1,-1,-1,0x1000480898100205,1502,1500,1730,988,2012,1509,1501,1500,1500,1508,1193,1449,1500,1500,1500,1500,1500,1500,1141,2012,1500,1609,1500,988,1500,1501,1500,1500,1520,1705,1500,988,8.2
2026-04-19,17:07:24.270,-78,-76,10,3996,1820,43,44,16,6240,40,25,922,-1024,149,508,1024,204,1024,0,-1,-1,-1,0x100048089C140205,1204,1540,1730,988,2012,988,1574,1500,1500,988,1193,1449,1500,1500,1500,1500,1500,1500,1372,1628,1500,1609,1500,2012,1500,1602,1540,1500,1520,1705,1500,988,8.2
2026-04-19,17:07:24.770,-88,-81,10,4005,6930,43,44,16,5814,40,25,922,-1024,275,508,1024,204,1024,0,-1,-1,-1,0x100048089C140205,1204,1576,1730,988,2012,988,1637,1500,1500,988,1193,1449,1500,1500,1500,1500,1500,1500,1372,1628,1500,1609,1500,2012,1500,1683,1576,1500,1520,1705,1500,988,8.2
2026-04-19,17:07:25.270,-77,-75,10,4018,17690,43,44,16,10136,40,25,923,-391,444,508,1024,204,1024,0,-1,-1,-1,0x100048089C140205,1433,1643,1730,988,2012,1305,1722,1500,1500,1305,1193,1449,1500,1500,1500,1500,1500,1500,1372,1628,1500,1609,1500,2012,1500,1780,1643,1500,1520,1705,1500,988,8.2
2026-04-19,17:07:25.770,-82,-76,10,4012,21820,43,44,16,16690,40,25,926,-110,416,508,1024,204,1024,0,-1,-1,-1,0x100048089C140205,1484,1627,1730,988,2012,1445,1708,1500,1500,1451,1193,1449,1500,1500,1500,1500,1500,1500,1372,1628,1500,1609,1500,2012,1500,1831,1627,1500,1520,1705,1500,988,8.2
2026-04-19,17:07:26.270,-86,-82,10,3990,22210,43,44,16,24194,40,25,930,11,2,508,1024,204,1024,0,-1,-1,-1,0x1000480898140205,1500,1500,1730,988,2012,1505,1501,1500,1500,1505,1193,1449,1500,1500,1500,1500,1500,1500,1168,1832,1500,1609,1500,2012,1500,1501,1500,1500,1520,1705,1500,988,8.2
2026-04-19,17:07:26.770,-73,-74,10,3989,2200,43,44,16,20406,40,26,931,427,240,508,1024,204,1024,0,-1,-1,-1,0x100048049C140205,1571,1564,1730,988,2012,1713,1620,1500,1500,1713,1193,1449,1500,1500,1500,1500,1500,1500,1372,1628,1500,1609,1500,2012,1500,1659,1564,1500,1520,1705,1500,988,8.2
2026-04-19,17:07:27.270,-73,-69,10,3983,15370,45,44,16,14988,40,26,932,1024,173,508,1024,204,1024,0,-1,-1,-1,0x100048049C140245,1763,1564,1730,988,2012,2012,1586,1500,1500,2012,1193,1449,1500,1500,1500,1500,1500,1500,1372,1628,1500,1609,1500,2012,1500,1725,1564,1500,1520,1705,1500,988,8.2
2026-04-19,17:07:27.770,-83,-80,10,3983,27710,45,44,16,10478,40,26,934,-230,279,508,1024,204,1024,0,-1,-1,-1,0x100048009C140205,1462,1563,1730,988,2012,1385,1639,1500,1500,1386,1193,1449,1500,1500,1500,1500,1500,1500,1372,1628,1500,1609,1500,2012,1500,1667,1563,1500,1520,1705,1500,988,8.2
2026-04-19,17:07:28.270,-73,-73,10,3994,23080,45,44,16,12246,40,26,936,1024,464,508,1024,204,1024,0,-1,-1,-1,0x100048009C140205,1763,1655,1730,988,2012,2012,1727,1500,1500,2012,1193,1449,1500,1500,1500,1500,1500,1500,1372,1628,1500,1609,1500,2012,1500,1791,1655,1500,1520,1705,1500,988,8.2
2026-04-19,17:07:28.770,-72,-68,10,3988,33420,45,44,16,21810,40,26,939,-187,725,508,1024,205,1024,0,-1,-1,-1,0x100048019C140605,1470,1761,1730,988,2012,1407,1862,1500,1500,1407,1193,1449,1500,1500,1500,1500,1500,1500,1372,1628,1500,1609,1500,2012,1500,1899,1761,1500,1520,1705,1500,988,8.2
2026-04-19,17:07:29.270,-80,-72,10,3941,74580,45,44,16,27498,40,26,946,49,1024,507,1024,205,1024,0,-1,-1,-1,0x1000480198142205,1506,2012,1730,988,2012,1524,2012,1500,1500,1524,1193,1449,1500,1500,1500,1500,1500,1500,1372,1628,1500,1609,1500,2012,1500,2012,2012,1500,1520,1705,1500,988,8.2
2026-04-19,17:07:29.770,-79,-80,10,3927,8050,45,44,16,20022,40,26,950,526,262,508,1024,205,1024,0,-1,-1,-1,0x100048049C140205,1599,1593,1730,988,2012,1763,1631,1500,1500,1775,1193,1449,1500,1500,1500,1500,1500,1500,1372,1628,1500,1609,1500,2012,1500,1731,1593,1500,1520,1705,1500,988,8.2
2026-04-19,17:07:30.270,-75,-86,10,3923,10750,45,44,16,17956,40,26,952,888,252,508,1024,204,1024,0,-1,-1,-1,0x100048049C140245,1699,1572,1730,988,2012,1944,1626,1500,1500,1944,1193,1449,1500,1500,1500,1500,1500,1500,1372,1628,1500,1609,1500,2012,1500,1676,1572,1500,1520,1705,1500,988,8.2
2026-04-19,17:07:30.770,-78,-66,10,3928,13340,45,44,16,17442,41,26,953,985,416,508,1024,204,1024,0,-1,-1,-1,0x100048049C140205,1742,1645,1730,988,2012,1992,1708,1500,1500,1992,1193,1449,1500,1500,1500,1500,1500,1500,1372,1628,1500,1609,1500,2012,1500,1775,1645,1500,1520,1705,1500,988,8.2
2026-04-19,17:07:31.270,-73,-84,10,3939,16010,45,44,16,13204,41,26,955,950,553,508,1024,205,1024,0,-1,-1,-1,0x100048019C140605,1725,1687,1730,988,2012,1975,1776,1500,1500,1975,1193,1449,1500,1500,1500,1500,1500,1500,1372,1628,1500,1609,1500,2012,1500,1832,1687,1500,1520,1705,1500,988,8.2
2026-04-19,17:07:31.770,-73,-65,10,3972,23500,45,44,16,18426,41,26,957,315,813,508,1024,204,1024,0,-1,-1,-1,0x100048019C140605,1553,1816,1730,988,2012,1657,1906,1500,1500,1664,1193,1449,1500,1500,1500,1500,1500,1500,1372,1628,1500,1609,1500,2012,1500,1937,1816,1500,1520,1705,1500,988,8.2
2026-04-19,17:07:32.270,-77,-61,50,3932,56640,45,44,16,28746,41,26,964,345,1024,507,1024,205,1024,0,-1,-1,-1,0x100048059C142245,1556,2012,1730,988,2012,1672,2012,1500,1500,1672,1193,1449,1500,1500,1500,1500,1500,1500,1372,1628,1500,1609,1500,2012,1500,2012,2012,1500,1520,1705,1500,988,8.2
2026-04-19,17:07:32.770,-79,-75,10,3914,14570,45,44,16,22098,41,26,969,419,358,508,1024,204,1024,0,-1,-1,-1,0x100048049C140245,1570,1631,1730,988,2012,1709,1679,1500,1500,1709,1193,1449,1500,1500,1500,1500,1500,1500,1372,1628,1500,1609,1500,2012,1500,1794,1631,1500,1520,1705,1500,988,8.2
2026-04-19,17:07:33.270,-77,-68,10,3913,13940,45,44,16,18718,41,26,970,198,457,508,1024,204,1024,0,-1,-1,-1,0x100048049C140205,1556,1653,1730,988,2012,1599,1722,1500,1500,1673,1193,1449,1500,1500,1500,1500,1500,1500,1372,1628,1500,1609,1500,2012,1500,1792,1653,1500,1520,1705,1500,988,8.2
2026-04-19,17:07:33.770,-81,-84,10,3917,4720,45,44,16,16898,41,27,971,628,399,508,1024,205,1024,0,-1,-1,-1,0x100048049C140245,1626,1626,1730,988,2012,1805,1699,1500,1500,1828,1193,1449,1500,1500,1500,1500,1500,1500,1372,1628,1500,1609,1500,2012,1500,1758,1626,1500,1520,1705,1500,988,8.2
2026-04-19,17:07:34.270,-74,-73,10,3935,15270,45,44,16,15596,41,27,972,-1024,-531,508,1024,204,1024,0,-1,-1,-1,0x100048049E181A85,1204,1279,1730,1339,2012,988,1234,1193,1500,988,1193,1449,1500,1500,1500,1500,1500,1193,988,2012,1500,1609,1500,988,1500,1465,1500,1500,1520,1705,1139,988,8.2
2026-04-19,17:07:34.770,-77,-75,10,3972,4900,45,44,16,8396,41,27,974,-1024,57,508,1024,204,1024,0,-1,-1,-1,0x100048009C140A85,1204,1514,1730,988,2012,988,1528,1500,1500,988,1193,1449,1500,1500,1500,1500,1500,1500,988,2012,1500,1609,1500,2012,1500,1530,1514,1500,1520,1705,1500,988,8.2
2026-04-19,17:07:35.270,-68,-79,10,3972,38430,45,44,16,19152,41,27,976,167,945,508,1024,204,1024,0,-1,-1,-1,0x100048019C141E85,1527,1878,1730,988,2012,1583,1972,1500,1500,1590,1193,1449,1500,1500,1500,1500,1500,1500,1372,1628,1500,1609,1500,2012,1500,1984,1878,1500,1520,1705,1500,988,8.2
2026-04-19,17:07:35.770,-60,-58,50,3956,17580,45,44,16,13736,41,27,980,574,35,508,1024,204,1024,0,-1,-1,-1,0x100048009C141A85,1616,1501,1730,988,2012,1787,1517,1500,1500,1809,1193,1449,1500,1500,1500,1500,1500,1500,988,2012,1500,1609,1500,2012,1500,1504,1501,1500,1520,1705,1500,988,8.2
2026-04-19,17:07:36.270,-73,-67,10,3952,13340,45,44,16,9614,41,27,982,1024,335,508,1024,204,1024,0,-1,-1,-1,0x100048009C140205,1763,1597,1730,988,2012,2012,1667,1500,1500,2012,1193,1449,1500,1500,1500,1500,1500,1500,1372,1628,1500,1609,1500,2012,1500,1723,1597,1500,1520,1705,1500,988,8.2
2026-04-19,17:07:36.770,-61,-59,10,3952,9210,45,44,16,9762,41,27,983,996,360,508,1024,204,1024,0,-1,-1,-1,0x100048009C140205,1748,1612,1730,988,2012,1998,1680,1500,1500,1998,1193,1449,1500,1500,1500,1500,1500,1500,1372,1628,1500,1609,1500,2012,1500,1738,1612,1500,1520,1705,1500,988,8.2
2026-04-19,17:07:37.270,-67,-63,10,3948,12220,45,44,16,11252,41,27,985,-697,525,508,1024,204,1024,0,-1,-1,-1,0x100048009C140205,1362,1671,1730,988,2012,1152,1762,1500,1500,1160,1193,1449,1500,1500,1500,1500,1500,1500,1372,1628,1500,1609,1500,2012,1500,1814,1671,1500,1520,1705,1500,988,8.2
2026-04-19,17:07:37.770,-58,-64,10,3958,42000,45,44,16,17094,41,27,988,-219,544,508,1024,204,1024,0,-1,-1,-1,0x100048009C140205,1464,1688,1730,988,2012,1391,1772,1500,1500,1390,1193,1449,1500,1500,1500,1500,1500,1500,1372,1628,1500,1609,1500,2012,1500,1828,1688,1500,1520,1705,1500,988,8.2
2026-04-19,17:07:38.270,-57,-51,10,3960,15510,45,44,16,24348,41,27,990,2,515,508,1024,204,1024,0,-1,-1,-1,0x1000480098140205,1498,1648,1730,988,2012,1501,1757,1500,1500,1495,1193,1449,1500,1500,1500,1500,1500,1500,1372,1628,1500,1609,1500,2012,1500,1807,1648,1500,1520,1705,1500,988,8.2
2026-04-19,17:07:38.770,-57,-50,10,3960,4900,45,44,16,14018,41,27,991,-1023,-872,508,1024,204,1024,0,-1,-1,-1,0x100048049E180245,1205,1149,1730,1479,2012,989,1064,1500,1014,989,1193,1449,1500,1500,1500,1500,1500,1014,1173,2012,1500,1609,1500,988,1500,1024,1500,1500,1520,1705,1014,988,8.2
2026-04-19,17:07:39.270,-57,-47,10,3968,15580,45,44,16,5936,41,27,991,-1024,261,508,1024,204,1024,0,-1,-1,-1,0x100048009C140205,1204,1559,1730,988,2012,988,1640,1500,1500,988,1193,1449,1500,1500,1500,1500,1500,1500,1372,1628,1500,1609,1500,2012,1500,1660,1559,1500,1520,1705,1500,988,8.2
2026-04-19,17:07:39.770,-52,-54,10,3972,5530,45,44,16,5386,41,27,993,-1024,244,508,1024,204,1024,0,-1,-1,-1,0x100048029C140205,1204,1570,1730,988,2012,988,1622,1500,1500,988,1193,1449,1500,1500,1500,1500,1500,1500,1372,1628,1500,1609,1500,2012,1500,1672,1570,1500,1520,1705,1500,988,8.2
2026-04-19,17:07:40.270,-59,-63,10,3986,13550,45,44,16,9994,41,27,994,-793,479,508,1024,205,1024,0,-1,-1,-1,0x100048029C140205,1329,1673,1730,988,2012,1104,1739,1500,1500,1111,1193,1449,1500,1500,1500,1500,1500,1500,1372,1628,1500,1609,1500,2012,1500,1823,1673,1500,1520,1705,1500,988,8.2
2026-04-19,17:07:40.770,-61,-71,10,3977,16080,45,44,16,13956,41,27,997,1024,3,508,1024,205,1024,0,-1,-1,-1,0x100048029C100205,1763,1501,1730,988,2012,2012,1501,1500,1500,2012,1193,1449,1500,1500,1500,1500,1500,1500,1122,2012,1500,1609,1500,988,1500,1502,1501,1500,1520,1705,1500,988,8.2
2026-04-19,17:07:41.270,-69,-63,10,3975,4930,45,44,16,5542,41,27,998,1024,254,508,1024,204,1024,0,-1,-1,-1,0x100048029C140205,1763,1568,1730,988,2012,2012,1627,1500,1500,2012,1193,1449,1500,1500,1500,1500,1500,1500,1372,1628,1500,1609,1500,2012,1500,1669,1568,1500,1520,1705,1500,988,8.2
2026-04-19,17:07:41.770,-67,-56,10,3976,13660,45,44,16,8516,41,27,999,599,518,508,1024,204,1024,0,-1,-1,-1,0x100048029C140205,1607,1687,1730,988,2012,1799,1759,1500,1500,1792,1193,1449,1500,1500,1500,1500,1500,1500,1372,1628,1500,1609,1500,2012,1500,1826,1687,1500,1520,1705,1500,988,8.2
2026-04-19,17:07:42.270,-57,-56,10,3960,38290,45,44,16,18512,41,27,1003,-3,890,508,1024,204,1024,0,-1,-1,-1,0x1000480198140205,1499,1873,1730,988,2012,1499,1945,1500,1500,1499,1193,1449,1500,1500,1500,1500,1500,1500,1372,1628,1500,1609,1500,2012,1500,1969,1873,1500,1520,1705,1500,988,8.2
2026-04-19,17:07:42.770,-55,-81,10,3945,30720,46,44,16,30772,41,27,1010,-98,124,508,1024,205,1024,0,-1,-1,-1,0x100048009C140205,1484,1560,1730,988,2012,1451,1562,1500,1500,1452,1193,1449,1500,1500,1500,1500,1500,1500,1372,1628,1500,1609,1500,2012,1500,1933,1560,1500,1520,1705,1500,988,8.2
2026-04-19,17:07:43.270,-55,-59,10,3947,1710,46,44,16,12482,41,28,1011,-109,197,508,1024,204,1024,0,-1,-1,-1,0x100048009C140205,1482,1557,1730,988,2012,1446,1598,1500,1500,1446,1193,1449,1500,1500,1500,1500,1500,1500,1372,1628,1500,1609,1500,2012,1500,1641,1557,1500,1520,1705,1500,988,8.2
2026-04-19,17:07:43.770,-62,-74,10,3951,4580,46,44,16,11730,41,28,1012,4,51,508,1024,205,1024,0,-1,-1,-1,0x1000480098140205,1500,1514,1730,988,2012,1502,1525,1500,1500,1501,1193,1449,1500,1500,1500,1500,1500,1500,1018,2012,1500,1609,1500,2012,1500,1531,1514,1500,1520,1705,1500,988,8.2
2026-04-19,17:07:44.270,-51,-74,10,3953,12890,46,44,16,19108,42,28,1013,1024,306,508,1024,204,1024,0,-1,-1,-1,0x100048009C140205,1755,1579,1725,988,2012,2012,1653,1500,1500,2005,1193,1449,1500,1500,1500,1500,1500,1500,1372,1628,1500,1609,1500,2012,1500,1694,1579,1500,1520,1705,1500,988,8.2
2026-04-19,17:07:44.770,-57,-66,10,3973,7250,46,44,16,4930,42,28,1016,1024,419,508,1024,204,1024,0,-1,-1,-1,0x100048009C140205,1763,1634,1730,988,2012,2012,1709,1500,1500,2012,1193,1449,1500,1500,1500,1500,1500,1500,1372,1628,1500,1609,1500,2012,1500,1769,1634,1500,1520,1705,1500,988,8.2
2026-04-19,17:07:45.270,-50,-66,10,3979,5460,46,44,16,5250,42,28,1017,1024,407,508,1024,204,1024,0,-1,-1,-1,0x100048009C140205,1763,1624,1730,988,2012,2012,1703,1500,1500,2012,1193,1449,1500,1500,1500,1500,1500,1500,1372,1628,1500,1609,1500,2012,1500,1756,1624,1500,1520,1705,1500,988,8.2
2026-04-19,17:07:45.770,-55,-54,10,3969,19190,46,44,16,12558,42,28,1019,209,734,508,1024,204,1024,0,-1,-1,-1,0x100048019C140605,1532,1779,1730,988,2012,1604,1867,1500,1500,1605,1193,1449,1500,1500,1500,1500,1500,1500,1372,1628,1500,1609,1500,2012,1500,1907,1779,1500,1520,1705,1500,988,8.2
2026-04-19,17:07:46.270,-55,-54,10,3952,14850,46,44,16,13550,42,28,1023,-1024,-286,508,1024,204,1024,0,-1,-1,-1,0x100048009E1C0205,1204,1317,1730,1298,2012,988,1357,1247,1500,988,1193,1449,1500,1500,1500,1500,1500,1247,1029,2012,1500,1609,1500,2012,1500,1273,1500,1500,1520,1705,1247,988,8.2
2026-04-19,17:07:46.770,-55,-51,10,3958,4650,46,44,16,7588,42,28,1023,-1024,352,508,1024,204,1024,0,-1,-1,-1,0x100048009C140205,1204,1609,1730,988,2012,988,1676,1500,1500,988,1193,1449,1500,1500,1500,1500,1500,1500,1372,1628,1500,1609,1500,2012,1500,1733,1609,1500,1520,1705,1500,988,8.2
2026-04-19,17:07:47.270,-54,-61,10,3969,6510,46,44,16,7368,42,28,1024,-1024,417,508,1024,204,1024,0,-1,-1,-1,0x100048089C140205,1204,1633,1730,988,2012,988,1708,1500,1500,988,1193,1449,1500,1500,1500,1500,1500,1500,1372,1628,1500,1609,1500,2012,1500,1767,1633,1500,1520,1705,1500,988,8.2
2026-04-19,17:07:47.770,-64,-60,10,3964,22660,46,44,16,14958,42,28,1026,-133,615,508,1024,205,1024,0,-1,-1,-1,0x100048089C140205,1476,1708,1730,988,2012,1434,1807,1500,1500,1425,1193,1449,1500,1500,1500,1500,1500,1500,1372,1628,1500,1609,1500,2012,1500,1853,1708,1500,1520,1705,1500,988,8.2
2026-04-19,17:07:48.270,-64,-61,10,3958,47640,46,44,16,24132,42,28,1030,493,439,508,1024,205,1024,0,-1,-1,-1,0x100048089C140205,1582,1637,1730,988,2012,1746,1719,1500,1500,1738,1193,1449,1500,1500,1500,1500,1500,1500,1372,1628,1500,1609,1500,2012,1500,1773,1637,1500,1520,1705,1500,988,8.2
2026-04-19,17:07:48.770,-57,-62,10,3962,3670,46,44,16,6884,42,28,1032,1024,259,508,1024,204,1024,0,-1,-1,-1,0x100048089C140205,1763,1564,1730,988,2012,2012,1629,1500,1500,2012,1193,1449,1500,1500,1500,1500,1500,1500,1372,1628,1500,1609,1500,2012,1500,1670,1564,1500,1520,1705,1500,988,8.2
2026-04-19,17:07:49.270,-64,-59,10,3959,8960,46,44,16,7474,42,28,1033,1024,396,508,1024,204,1024,0,-1,-1,-1,0x100048089C140205,1763,1637,1730,988,2012,2012,1698,1500,1500,2012,1193,1449,1500,1500,1500,1500,1500,1500,1372,1628,1500,1609,1500,2012,1500,1766,1637,1500,1520,1705,1500,988,8.2
2026-04-19,17:07:49.770,-58,-57,10,3951,15800,46,44,16,11736,42,28,1035,271,579,508,1024,204,1024,0,-1,-1,-1,0x100048089C140205,1550,1696,1730,988,2012,1635,1789,1500,1500,1657,1193,1449,1500,1500,1500,1500,1500,1500,1372,1628,1500,1609,1500,2012,1500,1843,1696,1500,1520,1705,1500,988,8.2
2026-04-19,17:07:50.270,-64,-55,10,3947,16920,46,44,16,12720,42,28,1038,569,523,508,1024,204,1024,0,-1,-1,-1,0x100048089C140205,1595,1674,1730,988,2012,1784,1761,1500,1500,1767,1193,1449,1500,1500,1500,1500,1500,1500,1372,1628,1500,1609,1500,2012,1500,1818,1674,1500,1520,1705,1500,988,8.2
2026-04-19,17:07:50.770,-76,-58,10,3959,6970,46,44,16,10402,42,28,1040,826,181,508,1024,204,1024,0,-1,-1,-1,0x100048089C140205,1676,1549,1730,988,2012,1913,1590,1500,1500,1913,1193,1449,1500,1500,1500,1500,1500,1500,1372,1628,1500,1609,1500,2012,1500,1620,1549,1500,1520,1705,1500,988,8.2
2026-04-19,17:07:51.270,-76,-58,10,3957,16320,46,44,16,12854,42,28,1041,589,438,508,1024,205,1024,0,-1,-1,-1,0x100048089C140205,1608,1633,1730,988,2012,1794,1719,1500,1500,1794,1193,1449,1500,1500,1500,1500,1500,1500,1372,1628,1500,1609,1500,2012,1500,1773,1633,1500,1520,1705,1500,988,8.2
2026-04-19,17:07:51.770,-59,-71,10,3948,24620,46,44,16,24820,42,28,1044,292,804,508,1024,204,1024,0,-1,-1,-1,0x100048099C140605,1546,1810,1730,988,2012,1646,1902,1500,1500,1646,1193,1449,1500,1500,1500,1500,1500,1500,1372,1628,1500,1609,1500,2012,1500,1929,1810,1500,1520,1705,1500,988,8.2
2026-04-19,17:07:52.270,-57,-71,10,3928,43540,46,44,16,30742,42,29,1049,-20,1024,508,1024,204,1024,0,-1,-1,-1,0x1000480598142245,1497,2012,1730,988,2012,1490,2012,1500,1500,1490,1193,1449,1500,1500,1500,1500,1500,1500,1372,1628,1500,1609,1500,2012,1500,2012,2012,1500,1520,1705,1500,988,8.2
2026-04-19,17:07:52.770,-61,-52,10,3902,30680,46,44,16,32004,42,29,1057,-44,0,508,1024,204,1024,0,-1,-1,-1,0x1000480498140245,1493,1500,1730,988,2012,1478,1500,1500,1500,1479,1193,1449,1500,1500,1500,1500,1500,1500,1270,1730,1500,1609,1500,2012,1500,1859,1500,1500,1520,1705,1500,988,8.2
2026-04-19,17:07:53.270,-61,-50,10,3894,11870,46,44,16,20314,42,29,1059,-84,555,508,1024,205,1024,0,-1,-1,-1,0x100048049C140205,1489,1654,1730,988,2012,1458,1777,1500,1500,1466,1193,1449,1500,1500,1500,1500,1500,1500,1372,1628,1500,1609,1500,2012,1500,1823,1654,1500,1520,1705,1500,988,8.2
2026-04-19,17:07:53.770,-59,-69,10,3896,2030,46,44,16,18284,42,29,1060,-62,308,508,1024,205,1024,0,-1,-1,-1,0x1000480498140245,1492,1585,1730,988,2012,1469,1654,1500,1500,1475,1193,1449,1500,1500,1500,1500,1500,1500,1372,1628,1500,1609,1500,2012,1500,1697,1585,1500,1520,1705,1500,988,8.2
2026-04-19,17:07:54.270,-67,-67,10,3918,660,46,44,16,15816,43,29,1060,87,178,508,1024,204,1024,0,-1,-1,-1,0x100048049C140205,1512,1543,1730,988,2012,1543,1589,1500,1500,1544,1193,1449,1500,1500,1500,1500,1500,1500,1372,1628,1500,1609,1500,2012,1500,1608,1543,1500,1520,1705,1500,988,8.2
2026-04-19,17:07:54.770,-60,-63,10,3949,1960,48,44,16,16390,43,29,1060,635,29,508,1024,205,1024,0,-1,-1,-1,0x100048049C140245,1620,1511,1730,988,2012,1817,1514,1500,1500,1817,1193,1449,1500,1500,1500,1500,1500,1500,1168,1832,1500,1609,1500,2012,1500,1523,1511,1500,1520,1705,1500,988,8.2
2026-04-19,17:07:55.270,-61,-65,10,3981,14320,48,44,16,15868,43,29,1061,33,456,508,1024,204,1024,0,-1,-1,-1,0x1000480098140205,1502,1653,1730,988,2012,1516,1727,1500,1500,1509,1193,1449,1500,1500,1500,1500,1500,1500,1372,1628,1500,1609,1500,2012,1500,1792,1653,1500,1520,1705,1500,988,8.2
2026-04-19,17:07:55.770,-68,-62,10,3980,11840,48,44,16,17004,42,29,1063,-524,2,508,1024,204,1024,0,-1,-1,-1,0x100048009C140205,1401,1500,1730,988,2012,1238,1501,1500,1500,1233,1193,1449,1500,1500,1500,1500,1500,1500,1270,1730,1500,1609,1500,2012,1500,1569,1500,1500,1520,1705,1500,988,8.2
2026-04-19,17:07:56.270,-76,-71,10,3978,10860,48,44,16,14042,42,29,1064,-566,456,508,1024,204,1024,0,-1,-1,-1,0x100048049C140245,1393,1642,1730,988,2012,1217,1728,1500,1500,1217,1193,1449,1500,1500,1500,1500,1500,1500,1372,1628,1500,1609,1500,2012,1500,1780,1642,1500,1520,1705,1500,988,8.2
2026-04-19,17:07:56.770,-77,-86,10,3968,21820,48,44,16,16508,42,29,1066,245,517,508,1024,204,1024,0,-1,-1,-1,0x100048069C140245,1538,1659,1730,988,2012,1622,1758,1500,1500,1623,1193,1449,1500,1500,1500,1500,1500,1500,1372,1628,1500,1609,1500,2012,1500,1811,1659,1500,1520,1705,1500,988,8.2
2026-04-19,17:07:57.270,-73,-74,10,3966,3500,48,44,16,13384,42,29,1067,-456,-930,508,1024,204,1024,0,-1,-1,-1,0x100048069E1C0205,1422,1149,1629,1479,2012,1272,1035,1500,1014,1279,1193,1449,1500,1500,1500,1500,1500,1014,1029,2012,1500,1609,1500,2012,1500,1185,1500,1500,1520,1705,1014,988,8.2
2026-04-19,17:07:57.770,-75,-79,10,3971,0,48,44,16,6268,42,29,1067,-488,415,508,1024,204,1024,0,-1,-1,-1,0x100048029C100205,1418,1626,1585,988,2012,1256,1707,1500,1500,1270,1193,1449,1500,1500,1500,1500,1500,1500,1372,1628,1500,1609,1500,2012,1500,1766,1626,1500,1520,1705,1500,988,8.2
2026-04-19,17:07:58.270,-96,-84,100,3975,4480,48,44,16,6374,42,29,1068,-1024,277,508,1024,204,1024,0,-1,-1,-1,0x100048029C140205,1204,1581,1730,988,2012,988,1638,1500,1500,988,1193,1449,1500,1500,1500,1500,1500,1500,1372,1628,1500,1609,1500,2012,1500,1691,1581,1500,1520,1705,1500,988,8.2
2026-04-19,17:07:58.770,-68,-85,25,3981,8680,48,44,16,7230,42,29,1069,-1024,427,508,1024,204,1024,0,-1,-1,-1,0x100048029C140205,1204,1637,1730,988,2012,988,1713,1500,1500,988,1193,1449,1500,1500,1500,1500,1500,1500,1372,1628,1500,1609,1500,2012,1500,1773,1637,1500,1520,1705,1500,988,8.2
2026-04-19,17:07:59.270,-74,-73,50,3985,22450,48,44,16,11606,42,29,1070,-398,832,508,1024,204,1024,0,-1,-1,-1,0x100048029C140205,1434,1840,1730,988,2012,1301,1916,1500,1500,1307,1193,1449,1500,1500,1500,1500,1500,1500,1372,1628,1500,1609,1500,2012,1500,1948,1840,1500,1520,1705,1500,988,8.2
2026-04-19,17:07:59.770,-85,-78,25,3969,18250,48,44,16,14742,42,29,1074,-61,737,508,1024,204,1024,0,-1,-1,-1,0x100048029C140205,1490,1764,1730,988,2012,1470,1868,1500,1500,1470,1193,1449,1500,1500,1500,1500,1500,1500,1372,1628,1500,1609,1500,2012,1500,1902,1764,1500,1520,1705,1500,988,8.2
2026-04-19,17:08:00.270,-89,-75,10,3961,1220,48,44,16,10760,42,30,1077,-87,1014,508,1024,205,1024,0,-1,-1,-1,0x100048029C142245,1486,1998,1730,988,2012,1457,2007,1500,1500,1457,1193,1449,1500,1500,1500,1500,1500,1500,1372,1628,1500,1609,1500,2012,1500,2003,1852,1500,1520,1705,1500,988,8.2
2026-04-19,17:08:00.770,-87,-78,10,3954,6720,48,44,16,31982,42,30,1080,1017,4,508,1024,204,1024,0,-1,-1,-1,0x100048029C140205,1758,1501,1730,988,2012,2008,1508,1500,1500,2008,1193,1449,1500,1500,1500,1500,1500,1500,1122,2012,1500,1609,1500,2012,1500,1503,1501,1500,1520,1705,1500,988,8.2
2026-04-19,17:08:01.270,-69,-72,10,3953,15060,48,44,16,12684,42,30,1081,-568,373,508,1024,204,1024,0,-1,-1,-1,0x100048029C140205,1390,1593,1730,988,2012,1216,1686,1500,1500,1210,1193,1449,1500,1500,1500,1500,1500,1500,1372,1628,1500,1609,1500,2012,1500,1726,1593,1500,1520,1705,1500,988,8.2
2026-04-19,17:08:01.770,-79,-67,10,3963,3810,48,44,16,7574,42,30,1082,20,396,508,1024,204,1024,0,-1,-1,-1,0x1000480298140205,1500,1595,1730,988,2012,1510,1698,1500,1500,1503,1193,1449,1500,1500,1500,1500,1500,1500,1372,1628,1500,1609,1500,2012,1500,1741,1595,1500,1520,1705,1500,988,8.2
2026-04-19,17:08:02.270,-74,-81,10,3973,8790,48,44,16,5092,42,30,1083,1024,263,508,1024,205,1024,0,-1,-1,-1,0x100048029C140205,1763,1576,1730,988,2012,2012,1631,1500,1500,2012,1193,1449,1500,1500,1500,1500,1500,1500,1372,1628,1500,1609,1500,2012,1500,1682,1576,1500,1520,1705,1500,988,8.2
2026-04-19,17:08:02.770,-78,-80,10,3979,14220,48,44,16,8332,42,30,1084,569,567,508,1024,205,1024,0,-1,-1,-1,0x100048029C140205,1603,1692,1730,988,2012,1784,1783,1500,1500,1785,1193,1449,1500,1500,1500,1500,1500,1500,1372,1628,1500,1609,1500,2012,1500,1838,1692,1500,1520,1705,1500,988,8.2
2026-04-19,17:08:03.270,-70,-80,10,3962,26870,48,44,16,21434,42,30,1087,4,663,508,1024,204,1024,0,-1,-1,-1,0x1000480198140205,1500,1741,1730,988,2012,1502,1831,1500,1500,1502,1193,1449,1500,1500,1500,1500,1500,1500,1372,1628,1500,1609,1500,2012,1500,1879,1741,1500,1520,1705,1500,988,8.2
2026-04-19,17:08:03.770,-71,-72,10,3929,65300,48,44,16,29338,42,30,1094,-2,1024,508,1024,204,1024,0,-1,-1,-1,0x1000480198142605,1499,2012,1730,988,2012,1499,2012,1500,1500,1499,1193,1449,1500,1500,1500,1500,1500,1500,1372,1628,1500,1609,1500,2012,1500,2012,2012,1500,1520,1705,1500,988,8.2
2026-04-19,17:08:04.270,-74,-76,10,3909,5600,48,44,16,18568,42,30,1099,609,416,508,1024,204,1024,0,-1,-1,-1,0x100048049C140245,1613,1620,1730,988,2012,1804,1708,1500,1500,1804,1193,1449,1500,1500,1500,1500,1500,1500,1372,1628,1500,1609,1500,2012,1500,1756,1620,1500,1520,1705,1500,988,8.2
2026-04-19,17:08:04.770,-71,-67,10,3905,8540,48,44,16,16260,42,30,1100,922,480,508,1024,204,1024,0,-1,-1,-1,0x100048049C140205,1708,1658,1730,988,2012,1961,1740,1500,1500,1955,1193,1449,1500,1500,1500,1500,1500,1500,1372,1628,1500,1609,1500,2012,1500,1798,1658,1500,1520,1705,1500,988,8.2
2026-04-19,17:08:05.270,-67,-72,10,3905,7210,48,44,16,13768,42,30,1102,1024,462,508,1024,204,1024,0,-1,-1,-1,0x100048049C140245,1763,1646,1730,988,2012,2012,1731,1500,1500,2012,1193,1449,1500,1500,1500,1500,1500,1500,1372,1628,1500,1609,1500,2012,1500,1784,1646,1500,1520,1705,1500,988,8.2
2026-04-19,17:08:05.770,-73,-65,10,3907,30370,48,44,16,17314,42,30,1105,818,732,508,1024,204,1024,0,-1,-1,-1,0x100048049C140205,1673,1778,1730,988,2012,1909,1866,1500,1500,1909,1193,1449,1500,1500,1500,1500,1500,1500,1372,1628,1500,1609,1500,2012,1500,1906,1778,1500,1520,1705,1500,988,8.2
2026-04-19,17:08:06.270,-71,-72,10,3929,46170,48,44,16,21100,42,30,1109,224,982,508,1024,204,1024,0,-1,-1,-1,0x100048059C140245,1536,1916,1730,988,2012,1611,1991,1500,1500,1617,1193,1449,1500,1500,1500,1500,1500,1500,1372,1628,1500,1609,1500,2012,1500,1991,1916,1500,1520,1705,1500,988,8.2
2026-04-19,17:08:06.770,-80,-80,10,3892,65930,48,44,16,27586,42,30,1117,24,99,508,1024,205,1024,0,-1,-1,-1,0x1000480498140205,1503,1537,1730,988,2012,1512,1549,1500,1500,1512,1193,1449,1500,1500,1500,1500,1500,1500,1372,1628,1500,1609,1500,2012,1500,1876,1537,1500,1520,1705,1500,988,8.2
2026-04-19,17:08:07.270,-76,-76,10,3882,12010,48,44,16,20754,42,30,1120,114,436,508,1024,204,1024,0,-1,-1,-1,0x100048049C140245,1516,1651,1730,988,2012,1557,1718,1500,1500,1556,1193,1449,1500,1500,1500,1500,1500,1500,1372,1628,1500,1609,1500,2012,1500,1790,1651,1500,1520,1705,1500,988,8.2
2026-04-19,17:08:07.770,-79,-88,10,3882,9730,48,44,16,19144,42,31,1121,699,372,508,1024,204,1024,0,-1,-1,-1,0x100048049C140205,1638,1597,1730,988,2012,1849,1686,1500,1500,1849,1193,1449,1500,1500,1500,1500,1500,1500,1372,1628,1500,1609,1500,2012,1500,1728,1597,1500,1520,1705,1500,988,8.2
2026-04-19,17:08:08.270,-77,-74,10,3897,6690,48,44,16,16790,43,31,1122,1024,398,508,1024,204,1024,0,-1,-1,-1,0x100048049C141AC5,1763,1626,1730,988,2012,2012,1699,1500,1500,2012,1193,1449,1500,1500,1500,1500,1500,1500,1372,1628,1500,1609,1500,2012,1500,1758,1626,1500,1520,1705,1500,988,8.2
2026-04-19,17:08:08.770,-74,-72,10,3924,1430,48,44,16,13838,43,31,1122,-191,-377,508,1024,204,1024,0,-1,-1,-1,0x100048049E181A85,1469,1321,1730,1293,2012,1405,1312,1252,1500,1405,1193,1449,1500,1500,1500,1500,1500,1252,1224,2012,1500,1609,1500,988,1500,1246,1500,1500,1520,1705,1209,988,8.2
2026-04-19,17:08:09.270,-66,-82,10,3959,23080,48,44,16,7342,43,31,1123,-184,1023,508,1024,204,1024,0,-1,-1,-1,0x100048009C142205,1473,2010,1730,988,2012,1408,2011,1500,1500,1416,1193,1449,1500,1500,1500,1500,1500,1500,1372,1628,1500,1609,1500,2012,1500,2011,2009,1500,1520,1705,1500,988,8.2
2026-04-19,17:08:09.770,-73,-68,10,3955,7530,48,44,16,33200,43,31,1125,2,1,508,1024,204,1024,0,-1,-1,-1,0x1000480098100205,1499,1500,1730,988,2012,1501,1500,1500,1500,1501,1193,1449,1500,1500,1500,1500,1500,1500,1122,2012,1500,1609,1500,988,1500,1500,1500,1500,1520,1705,1500,988,8.2
2026-04-19,17:08:10.270,-61,-60,10,3963,0,48,44,16,0,43,31,1126,0,3,508,1024,204,1024,0,-1,-1,-1,0x1000480098140205,1499,1501,1730,988,2012,1500,1501,1500,1500,1500,1193,1449,1500,1500,1500,1500,1500,1500,1372,2012,1500,1609,1500,2012,1500,1501,1501,1500,1520,1705,1500,988,8.2
2026-04-19,17:08:10.770,-61,-61,10,3966,0,48,44,16,0,43,31,1126,0,1,508,1024,204,1024,0,-1,-1,-1,0x1000480298140205,1499,1500,1730,988,2012,1500,1500,1500,1500,1500,1193,1449,1500,1500,1500,1500,1500,1500,1372,2012,1500,1609,1500,2012,1500,1501,1500,1500,1520,1705,1500,988,8.2
2026-04-19,17:08:11.270,-63,-61,10,3967,0,48,44,16,0,43,31,1126,-1,1,508,1024,204,1024,0,-1,-1,-1,0x1000480298140205,1499,1500,1730,988,2012,1500,1500,1500,1500,1500,1193,1449,1500,1500,1500,1500,1500,1500,1500,2012,1500,1609,1500,2012,1500,1501,1500,1500,1520,1705,1500,988,8.2
2026-04-19,17:08:11.770,-68,-65,10,3980,0,48,44,16,0,42,31,1126,-1,2,508,1024,204,1024,0,-1,-1,-1,0x1000480298140205,1499,1500,1730,988,2012,1500,1501,1500,1500,1500,1193,1449,1500,1500,1500,1500,1500,1500,1500,2012,1500,1609,1500,2012,1500,1501,1500,1500,1520,1705,1500,988,8.2
2026-04-19,17:08:12.270,-62,-62,10,3982,0,48,44,16,0,42,31,1126,-1,2,508,1024,204,1024,0,-1,-1,-1,0x1000480298140205,1499,1500,1730,988,2012,1500,1501,1500,1500,1500,1193,1449,1500,1500,1500,1500,1500,1500,1500,2012,1500,1609,1500,2012,1500,1501,1500,1500,1520,1705,1500,988,8.2
2026-04-19,17:08:12.770,-70,-73,10,3983,0,48,44,16,0,42,31,1126,0,3,508,1024,204,1024,0,-1,-1,-1,0x1000480A98140205,1499,1501,1601,988,2012,1500,1501,1500,1500,1500,1193,1449,1500,1500,1500,1500,1500,1500,1500,2012,1500,1609,1500,2012,1500,1502,1501,1500,1520,1705,1500,988,8.2
2026-04-19,17:08:13.270,-71,-67,10,3983,0,48,44,16,0,42,31,1126,3,26,508,1024,204,1024,0,-1,-1,-1,0x1000480A98140204,1500,1508,1500,988,2012,1501,1513,1500,1500,1501,1193,1449,1500,1500,1500,1500,1500,1500,1500,2012,1500,1609,1500,2012,1500,1519,1508,1500,1520,1705,1500,988,8.2
2026-04-19,17:08:13.770,-70,-71,10,3968,47110,48,44,16,15654,42,31,1128,524,325,508,1024,204,1024,0,-1,-1,-1,0x100048089C140205,1602,1589,1707,988,2012,1762,1662,1500,1500,1781,1193,1449,1500,1500,1500,1500,1500,1500,1372,1628,1500,1609,1500,2012,1500,1741,1589,1500,1520,1705,1500,988,8.2
2026-04-19,17:08:14.270,-54,-62,10,3967,1540,48,44,16,6582,42,31,1130,-1022,516,508,1024,205,1024,0,-1,-1,-1,0x100048089C140205,1205,1668,1730,988,2012,989,1758,1500,1500,989,1193,1449,1500,1500,1500,1500,1500,1500,1372,1628,1500,1609,1500,2012,1500,1811,1668,1500,1520,1705,1500,988,8.2
2026-04-19,17:08:14.770,-61,-72,10,3950,41580,48,44,16,19632,42,31,1133,1024,0,508,1024,204,1024,0,-1,-1,-1,0x100048089C140205,1763,1500,1730,988,2012,2012,1500,1500,1500,2012,1193,1449,1500,1500,1500,1500,1500,1500,988,2012,1500,1609,1500,2012,1500,1583,1500,1500,1520,1705,1500,988,8.2
2026-04-19,17:08:15.270,-65,-65,10,3947,11630,48,44,16,9686,42,31,1136,-146,522,508,1024,204,1024,0,-1,-1,-1,0x100048089C140205,1474,1669,1730,988,2012,1427,1761,1500,1500,1422,1193,1449,1500,1500,1500,1500,1500,1500,1372,1628,1500,1609,1500,2012,1500,1812,1669,1500,1520,1705,1500,988,8.2
2026-04-19,17:08:15.770,-67,-70,10,3930,20840,48,44,16,19272,42,31,1139,-288,377,508,1024,204,1024,0,-1,-1,-1,0x100048089C140205,1452,1636,1730,988,2012,1356,1688,1500,1500,1357,1193,1449,1500,1500,1500,1500,1500,1500,1372,1628,1500,1609,1500,2012,1500,1809,1636,1500,1520,1705,1500,988,8.2
2026-04-19,17:08:16.270,-65,-58,10,3933,15060,48,44,16,15380,42,31,1142,-697,576,508,1024,204,1024,0,-1,-1,-1,0x100048089C140205,1357,1701,1730,988,2012,1152,1788,1500,1500,1152,1193,1449,1500,1500,1500,1500,1500,1500,1372,1628,1500,1609,1500,2012,1500,1847,1701,1500,1520,1705,1500,988,8.2
2026-04-19,17:08:16.770,-60,-67,10,3926,17860,48,44,16,17388,42,31,1144,-345,11,508,1024,204,1024,0,-1,-1,-1,0x100048049C140245,1437,1522,1730,988,2012,1328,1505,1500,1500,1316,1193,1449,1500,1500,1500,1500,1500,1500,1321,1679,1500,1609,1500,2012,1500,1697,1522,1500,1520,1705,1500,988,8.2
2026-04-19,17:08:17.270,-60,-55,10,3936,11940,48,44,16,25630,42,31,1146,-761,557,508,1024,204,1024,0,-1,-1,-1,0x100048049C140205,1335,1689,1730,988,2012,1120,1778,1500,1500,1119,1193,1449,1500,1500,1500,1500,1500,1500,1372,1628,1500,1609,1500,2012,1500,1834,1689,1500,1520,1705,1500,988,8.2
2026-04-19,17:08:17.770,-46,-51,10,3938,10580,48,44,16,12942,42,31,1147,-1024,-719,508,1024,205,1024,0,-1,-1,-1,0x100048009E100205,1204,1256,1730,1364,2012,988,1141,1161,1500,988,1193,1449,1500,1500,1500,1500,1500,1161,1111,2012,1500,1609,1500,988,1500,1099,1500,1500,1520,1705,1101,988,8.2
2026-04-19,17:08:18.270,-49,-51,10,3950,26410,48,44,16,9942,42,31,1148,-1024,437,508,1024,204,1024,0,-1,-1,-1,0x100048009C140205,1204,1640,1730,988,2012,988,1718,1500,1500,988,1193,1449,1500,1500,1500,1500,1500,1500,1372,1628,1500,1609,1500,2012,1500,1778,1640,1500,1520,1705,1500,988,8.2
2026-04-19,17:08:18.770,-55,-54,10,3959,5140,48,44,16,6264,42,31,1150,-1024,379,508,1024,204,1024,0,-1,-1,-1,0x100048009C140205,1204,1614,1730,988,2012,988,1689,1500,1500,988,1193,1449,1500,1500,1500,1500,1500,1500,1372,1628,1500,1609,1500,2012,1500,1741,1614,1500,1520,1705,1500,988,8.2
2026-04-19,17:08:19.270,-54,-64,10,3962,13410,48,44,16,10748,42,31,1151,81,652,508,1024,204,1024,0,-1,-1,-1,0x100048009C140205,1511,1727,1730,988,2012,1540,1826,1500,1500,1540,1193,1449,1500,1500,1500,1500,1500,1500,1372,1628,1500,1609,1500,2012,1500,1868,1727,1500,1520,1705,1500,988,8.2
2026-04-19,17:08:19.770,-54,-64,10,3951,22910,48,44,16,16030,42,32,1155,1023,-15,508,1024,204,1024,0,-1,-1,-1,0x100048029E100205,1762,1469,1730,1042,2012,2011,1493,1456,1500,2011,1193,1449,1500,1500,1500,1500,1500,1456,1141,2012,1500,1609,1500,988,1500,1423,1500,1500,1520,1705,1448,988,8.2
2026-04-19,17:08:20.270,-73,-58,10,3949,11210,48,44,16,6798,42,32,1156,1024,314,508,1024,205,1024,0,-1,-1,-1,0x100048029C140205,1763,1595,1730,988,2012,2012,1657,1500,1500,2012,1193,1449,1500,1500,1500,1500,1500,1500,1372,1628,1500,1609,1500,2012,1500,1712,1595,1500,1520,1705,1500,988,8.2
2026-04-19,17:08:20.770,-60,-59,10,3953,16180,48,44,16,9714,42,32,1158,545,373,508,1024,204,1024,0,-1,-1,-1,0x100048029C140205,1600,1617,1730,988,2012,1772,1686,1500,1500,1779,1193,1449,1500,1500,1500,1500,1500,1500,1372,1628,1500,1609,1500,2012,1500,1745,1617,1500,1520,1705,1500,988,8.2
2026-04-19,17:08:21.270,-54,-60,10,3937,51070,48,44,16,18208,42,32,1161,178,-2,508,1024,204,1024,0,-1,-1,-1,0x100048029C140205,1527,1499,1730,989,2012,1589,1499,1499,1500,1588,1193,1449,1500,1500,1500,1500,1500,1499,1168,1832,1500,1609,1500,2012,1500,1673,1500,1500,1520,1705,1499,988,8.2
2026-04-19,17:08:21.770,-52,-70,10,3944,8300,48,44,16,20826,42,32,1164,363,121,508,1024,204,1024,0,-1,-1,-1,0x1000480A9C140205,1559,1540,1730,988,2012,1681,1560,1500,1500,1681,1193,1449,1500,1500,1500,1500,1500,1500,1372,1628,1500,1609,1500,2012,1500,1590,1540,1500,1520,1705,1500,988,8.2
2026-04-19,17:08:22.270,-54,-70,10,3951,3110,48,44,16,9640,42,32,1164,457,482,508,1024,204,1024,0,-1,-1,-1,0x1000480A9C140205,1591,1645,1730,988,2012,1728,1741,1500,1500,1758,1193,1449,1500,1500,1500,1500,1500,1500,1372,1628,1500,1609,1500,2012,1500,1788,1645,1500,1520,1705,1500,988,8.2
2026-04-19,17:08:22.770,-62,-63,10,3932,40210,48,44,16,20604,42,32,1168,-1024,872,508,1024,204,1024,0,-1,-1,-1,0x100048089C140205,1204,1778,1730,988,2012,988,1936,1500,1500,988,1193,1449,1500,1500,1500,1500,1500,1500,1372,1628,1500,1609,1500,2012,1500,1953,1778,1500,1520,1705,1500,988,8.2
2026-04-19,17:08:23.270,-62,-55,10,3918,32650,48,44,16,13694,42,32,1172,890,498,508,1024,204,1024,0,-1,-1,-1,0x100048089C140205,1687,1684,1730,988,2012,1945,1749,1500,1500,1928,1193,1449,1500,1500,1500,1500,1500,1500,1372,1628,1500,1609,1500,2012,1500,1835,1684,1500,1520,1705,1500,988,8.2
2026-04-19,17:08:23.770,-62,-52,10,3926,14670,48,44,16,12466,42,32,1175,-1024,4,508,1024,204,1024,0,-1,-1,-1,0x100048009C140205,1204,1501,1730,988,2012,988,1502,1500,1500,988,1193,1449,1500,1500,1500,1500,1500,1500,1111,2012,1500,1609,1500,2012,1500,1503,1501,1500,1520,1705,1500,988,8.2
2026-04-19,17:08:24.270,-47,-53,10,3924,17160,50,44,16,10160,42,32,1176,-1023,309,508,1024,204,1024,0,-1,-1,-1,0x100048009C140205,1205,1581,1730,988,2012,989,1654,1500,1500,989,1193,1449,1500,1500,1500,1500,1500,1500,1372,1628,1500,1609,1500,2012,1500,1698,1581,1500,1520,1705,1500,988,8.2
2026-04-19,17:08:24.770,-51,-56,10,3918,19860,50,44,16,12444,42,32,1178,-408,509,508,1024,205,1024,0,-1,-1,-1,0x100048009C140205,1429,1657,1730,988,2012,1296,1754,1500,1500,1296,1193,1449,1500,1500,1500,1500,1500,1500,1372,1628,1500,1609,1500,2012,1500,1806,1657,1500,1520,1705,1500,988,8.2
2026-04-19,17:08:25.270,-66,-65,10,3931,20660,50,44,16,15278,43,32,1180,83,751,508,1024,204,1024,0,-1,-1,-1,0x100048019C140605,1510,1787,1730,988,2012,1541,1875,1500,1500,1535,1193,1449,1500,1500,1500,1500,1500,1500,1372,1628,1500,1609,1500,2012,1500,1913,1787,1500,1520,1705,1500,988,8.2
2026-04-19,17:08:25.770,-64,-72,10,3936,5290,50,44,16,9900,43,32,1184,1024,-182,508,1024,205,1024,0,-1,-1,-1,0x100048009E180205,1763,1398,1730,1163,2012,2012,1409,1359,1500,2012,1193,1449,1500,1500,1500,1500,1500,1359,988,2012,1500,1609,1500,988,1500,1362,1500,1500,1520,1705,1334,988,8.2
2026-04-19,17:08:26.270,-57,-77,10,3932,20030,50,44,16,12088,43,32,1185,-557,761,508,1024,204,1024,0,-1,-1,-1,0x100048009C140205,1380,1793,1730,988,2012,1222,1880,1500,1500,1192,1193,1449,1500,1500,1500,1500,1500,1500,1372,1628,1500,1609,1500,2012,1500,1917,1793,1500,1520,1705,1500,988,8.2
2026-04-19,17:08:26.770,-59,-78,10,3915,37970,50,44,16,18122,43,32,1189,731,904,508,1024,204,1024,0,-1,-1,-1,0x100048019C140605,1643,1864,1730,988,2012,1865,1952,1500,1500,1859,1193,1449,1500,1500,1500,1500,1500,1500,1372,1628,1500,1609,1500,2012,1500,1964,1864,1500,1520,1705,1500,988,8.2
2026-04-19,17:08:27.270,-60,-78,10,3897,17020,50,44,16,15130,43,32,1195,437,166,508,1024,205,1024,0,-1,-1,-1,0x100048009C140205,1573,1538,1730,988,2012,1718,1583,1500,1500,1718,1193,1449,1500,1500,1500,1500,1500,1500,1372,1628,1500,1609,1500,2012,1500,1601,1538,1500,1520,1705,1500,988,8.2
2026-04-19,17:08:27.770,-64,-58,10,3906,2030,50,44,16,8142,43,32,1196,908,154,508,1024,204,1024,0,-1,-1,-1,0x100048089C140205,1707,1555,1730,988,2012,1954,1577,1500,1500,1954,1193,1449,1500,1500,1500,1500,1500,1500,1372,1628,1500,1609,1500,2012,1500,1636,1555,1500,1520,1705,1500,988,8.2
2026-04-19,17:08:28.270,-67,-73,10,3908,16780,50,44,16,13144,43,32,1197,537,510,508,1024,204,1024,0,-1,-1,-1,0x100048089C140205,1596,1656,1730,988,2012,1768,1755,1500,1500,1769,1193,1449,1500,1500,1500,1500,1500,1500,1372,1628,1500,1609,1500,2012,1500,1804,1656,1500,1520,1705,1500,988,8.2
2026-04-19,17:08:28.770,-58,-73,10,3905,25180,50,44,16,24652,43,33,1201,209,709,508,1024,204,1024,0,-1,-1,-1,0x100048089C140205,1532,1772,1730,988,2012,1604,1854,1500,1500,1604,1193,1449,1500,1500,1500,1500,1500,1500,1372,1628,1500,1609,1500,2012,1500,1902,1772,1500,1520,1705,1500,988,8.2
2026-04-19,17:08:29.270,-58,-73,10,3914,45710,50,44,16,23374,43,33,1204,-211,1023,508,1024,205,1024,0,-1,-1,-1,0x100048099C142205,1467,2010,1730,988,2012,1395,2011,1500,1500,1400,1193,1449,1500,1500,1500,1500,1500,1500,1372,1628,1500,1609,1500,2012,1500,2011,2010,1500,1520,1705,1500,988,8.2
2026-04-19,17:08:29.770,-60,-55,10,3887,69120,50,44,16,28294,43,33,1211,-114,885,508,1024,204,1024,0,-1,-1,-1,0x100048059C140605,1481,1927,1730,988,2012,1443,1942,1500,1500,1443,1193,1449,1500,1500,1500,1500,1500,1500,1372,1628,1500,1609,1500,2012,1500,1997,1927,1500,1520,1705,1500,988,8.2
2026-04-19,17:08:30.270,-52,-48,10,3876,13060,50,44,16,20882,43,33,1214,-4,88,508,1024,204,1024,0,-1,-1,-1,0x1000480498140245,1497,1523,1725,988,2012,1498,1544,1500,1500,1491,1193,1449,1500,1500,1500,1500,1500,1500,1372,1628,1500,1609,1500,2012,1500,1737,1523,1500,1520,1705,1500,988,8.2
2026-04-19,17:08:30.770,-56,-55,10,3877,4300,50,44,16,18808,43,33,1216,2,121,508,1024,204,1024,0,-1,-1,-1,0x1000480498140205,1499,1542,1730,988,2012,1501,1560,1500,1500,1501,1193,1449,1500,1500,1500,1500,1500,1500,1372,1628,1500,1609,1500,2012,1500,1613,1542,1500,1520,1705,1500,988,8.2
2026-04-19,17:08:31.270,-65,-76,10,3890,1430,50,44,16,15834,43,33,1216,-113,218,508,1024,205,1024,0,-1,-1,-1,0x100048049C140245,1482,1560,1730,988,2012,1444,1609,1500,1500,1444,1193,1449,1500,1500,1500,1500,1500,1500,1372,1628,1500,1609,1500,2012,1500,1649,1560,1500,1520,1705,1500,988,8.2
2026-04-19,17:08:31.770,-56,-69,10,3920,28340,50,44,16,20538,43,33,1217,-1,1024,508,1024,205,1024,0,-1,-1,-1,0x1000480498142205,1499,2012,1730,988,2012,1500,2012,1500,1500,1500,1193,1449,1500,1500,1500,1500,1500,1500,1372,1628,1500,1609,1500,2012,1500,2012,2012,1500,1520,1705,1500,988,8.2
2026-04-19,17:08:32.270,-73,-66,10,3939,7280,50,44,16,30138,43,33,1220,0,2,508,1024,204,1024,0,-1,-1,-1,0x1000480498140245,1499,1500,1730,988,2012,1500,1501,1500,1500,1500,1193,1449,1500,1500,1500,1500,1500,1500,1213,2012,1500,1609,1500,2012,1500,1501,1500,1500,1520,1705,1500,988,8.2
2026-04-19,17:08:32.770,-59,-68,10,3943,7530,50,44,16,6568,43,33,1220,473,713,508,1024,205,1024,0,-1,-1,-1,0x100048009C140205,1579,1767,1730,988,2012,1736,1856,1500,1500,1731,1193,1449,1500,1500,1500,1500,1500,1500,1372,1628,1500,1609,1500,2012,1500,1898,1767,1500,1520,1705,1500,988,8.2
2026-04-19,17:08:33.270,-62,-65,10,3940,16990,50,44,16,7480,43,33,1222,1024,278,508,1024,204,1024,0,-1,-1,-1,0x100048009C140205,1763,1572,1730,988,2012,2012,1639,1500,1500,2012,1193,1449,1500,1500,1500,1500,1500,1500,1372,1628,1500,1609,1500,2012,1500,1676,1572,1500,1520,1705,1500,988,8.2
2026-04-19,17:08:33.770,-65,-77,10,3934,11240,50,44,16,6616,43,33,1223,127,505,508,1024,204,1024,0,-1,-1,-1,0x100048009C140205,1526,1662,1730,988,2012,1563,1752,1500,1500,1587,1193,1449,1500,1500,1500,1500,1500,1500,1372,1628,1500,1609,1500,2012,1500,1804,1662,1500,1520,1705,1500,988,8.2
2026-04-19,17:08:34.270,-55,-61,100,3925,24830,50,44,16,23488,43,33,1228,3,809,508,1024,204,1024,0,-1,-1,-1,0x1000480098140205,1500,1814,1730,988,2012,1501,1905,1500,1500,1501,1193,1449,1500,1500,1500,1500,1500,1500,1372,1628,1500,1609,1500,2012,1500,1931,1814,1500,1520,1705,1500,988,8.2
2026-04-19,17:08:34.770,-70,-77,10,3911,20560,50,44,16,17484,43,33,1231,-750,644,508,1024,204,1024,0,-1,-1,-1,0x100048009C140205,1339,1731,1730,988,2012,1125,1821,1500,1500,1125,1193,1449,1500,1500,1500,1500,1500,1500,1372,1628,1500,1609,1500,2012,1500,1871,1731,1500,1520,1705,1500,988,8.2
2026-04-19,17:08:35.270,-75,-73,10,3891,42560,50,44,16,29052,43,34,1236,-527,388,508,1024,204,1024,0,-1,-1,-1,0x100048049C140245,1400,1613,1730,988,2012,1237,1700,1500,1500,1231,1193,1449,1500,1500,1500,1500,1500,1500,1372,1628,1500,1609,1500,2012,1500,1745,1613,1500,1520,1705,1500,988,8.2
2026-04-19,17:08:35.770,-92,-73,100,3890,5040,50,44,16,13592,43,34,1238,-357,285,508,1024,204,1024,0,-1,-1,-1,0x100048049C140205,1439,1584,1730,988,2012,1313,1643,1500,1500,1322,1193,1449,1500,1500,1500,1500,1500,1500,1372,1628,1500,1609,1500,2012,1500,1696,1584,1500,1520,1705,1500,988,8.2
2026-04-19,17:08:36.270,-76,-77,10,3895,2100,50,44,16,12540,43,34,1238,5,210,508,1024,204,1024,0,-1,-1,-1,0x1000480098100205,1500,1552,1730,988,2012,1502,1605,1500,1500,1502,1193,1449,1500,1500,1500,1500,1500,1500,1372,1628,1500,1609,1500,988,1500,1642,1552,1500,1520,1705,1500,988,8.2
2026-04-19,17:08:36.770,-83,-77,10,3921,3180,50,44,16,7060,43,34,1239,-502,0,508,1024,204,1024,0,-1,-1,-1,0x100048009C140205,1406,1500,1730,988,2012,1249,1500,1500,1500,1243,1193,1449,1500,1500,1500,1500,1500,1500,1219,1781,1500,1609,1500,2012,1500,1657,1500,1500,1520,1705,1500,988,8.2
2026-04-19,17:08:37.270,-83,-92,25,3931,8790,50,44,16,5976,43,34,1240,-1024,22,508,1024,204,1024,0,-1,-1,-1,0x100048009C140205,1204,1508,1730,988,2012,988,1510,1500,1500,988,1193,1449,1500,1500,1500,1500,1500,1500,1270,1730,1500,1609,1500,2012,1500,1566,1508,1500,1520,1705,1500,988,8.2
2026-04-19,17:08:37.770,-81,-76,10,3950,10290,50,44,16,7502,43,34,1241,-567,430,508,1024,204,1024,0,-1,-1,-1,0x100048009C140205,1390,1634,1730,988,2012,1224,1715,1500,1500,1210,1193,1449,1500,1500,1500,1500,1500,1500,1372,1628,1500,1609,1500,2012,1500,1774,1634,1500,1520,1705,1500,988,8.2
2026-04-19,17:08:38.270,-85,-80,10,3940,23540,50,44,16,17316,43,34,1243,-525,413,508,1024,204,1024,0,-1,-1,-1,0x100048009C140205,1404,1651,1730,988,2012,1238,1706,1500,1500,1238,1193,1449,1500,1500,1500,1500,1500,1500,1372,1628,1500,1609,1500,2012,1500,1813,1651,1500,1520,1705,1500,988,8.2
2026-04-19,17:08:38.770,-85,-83,10,3933,19510,50,44,16,15242,43,34,1246,-153,591,508,1024,204,1024,0,-1,-1,-1,0x100048009C140205,1475,1717,1730,988,2012,1424,1795,1500,1500,1424,1193,1449,1500,1500,1500,1500,1500,1500,1372,1628,1500,1609,1500,2012,1500,1860,1717,1500,1520,1705,1500,988,8.2
2026-04-19,17:08:39.270,-81,-79,250,3925,1610,50,44,16,22400,43,34,1248,-116,229,508,1024,204,1024,0,-1,-1,-1,0x100048069C140205,1481,1560,1730,988,2012,1442,1614,1500,1500,1442,1193,1449,1500,1500,1500,1500,1500,1500,1372,1628,1500,1609,1500,2012,1500,1655,1560,1500,1520,1705,1500,988,8.2
2026-04-19,17:08:39.770,-73,-74,10,3919,15900,50,44,16,22394,43,34,1250,522,-110,508,1024,204,1024,0,-1,-1,-1,0x100048069E140245,1585,1427,1730,1113,2012,1776,1430,1400,1500,1746,1193,1449,1500,1500,1500,1500,1500,1399,1219,1781,1500,1609,1500,2012,1500,1638,1500,1500,1520,1705,1400,988,8.2
2026-04-19,17:08:40.270,-75,-72,10,3920,1050,50,44,16,1002,43,34,1251,1024,-3,508,1024,204,1024,0,-1,-1,-1,0x100048029C140205,1763,1498,1730,992,2012,2012,1499,1497,1500,2012,1193,1449,1500,1500,1500,1500,1500,1497,1270,1730,1500,1609,1500,2012,1500,1602,1500,1500,1520,1705,1497,988,8.2
2026-04-19,17:08:40.770,-69,-72,10,3930,15650,50,44,16,8222,43,34,1253,1024,460,508,1024,204,1024,0,-1,-1,-1,0x100048029C140205,1763,1650,1730,988,2012,2012,1729,1500,1500,2012,1193,1449,1500,1500,1500,1500,1500,1500,1372,1628,1500,1609,1500,2012,1500,1789,1650,1500,1520,1705,1500,988,8.2
2026-04-19,17:08:41.270,-66,-71,10,3926,31210,50,44,16,17400,43,34,1256,-36,806,508,1024,204,1024,0,-1,-1,-1,0x1000480198140205,1494,1819,1730,988,2012,1482,1903,1500,1500,1483,1193,1449,1500,1500,1500,1500,1500,1500,1372,1628,1500,1609,1500,2012,1500,1934,1819,1500,1520,1705,1500,988,8.2
2026-04-19,17:08:41.770,-69,-75,10,3891,58010,50,44,16,29396,43,34,1261,5,1024,508,1024,204,1024,0,-1,-1,-1,0x1000480198142605,1500,2012,1730,988,2012,1502,2012,1500,1500,1502,1193,1449,1500,1500,1500,1500,1500,1500,1372,1628,1500,1609,1500,2012,1500,2012,2012,1500,1520,1705,1500,988,8.2
2026-04-19,17:08:42.270,-81,-79,10,3865,58400,50,44,16,26910,43,34,1270,118,671,508,1024,204,1024,0,-1,-1,-1,0x100048049C140245,1517,1756,1730,988,2012,1559,1829,1500,1500,1559,1193,1449,1500,1500,1500,1500,1500,1500,1372,1628,1500,1609,1500,2012,1500,1890,1756,1500,1520,1705,1500,988,8.2
2026-04-19,17:08:42.770,-85,-76,10,3860,9000,50,44,16,17904,43,34,1271,843,430,508,1024,204,1024,0,-1,-1,-1,0x100048049C140205,1677,1647,1730,988,2012,1921,1709,1500,1500,1915,1193,1449,1500,1500,1500,1500,1500,1500,1372,1628,1500,1609,1500,2012,1500,1786,1647,1500,1520,1705,1500,988,8.2
2026-04-19,17:08:43.270,-63,-70,10,3860,14850,52,44,16,15010,43,35,1273,910,510,508,1024,204,1024,0,-1,-1,-1,0x100048049C140245,1708,1669,1730,988,2012,1955,1760,1500,1500,1955,1193,1449,1500,1500,1500,1500,1500,1500,1372,1628,1500,1609,1500,2012,1500,1813,1669,1500,1520,1705,1500,988,8.2
2026-04-19,17:08:43.770,-69,-71,10,3870,15370,52,44,16,13456,43,35,1275,938,564,508,1024,204,1024,0,-1,-1,-1,0x100048049C140205,1720,1691,1730,988,2012,1969,1782,1500,1500,1969,1193,1449,1500,1500,1500,1500,1500,1500,1372,1628,1500,1609,1500,2012,1500,1837,1691,1500,1520,1705,1500,988,8.2
2026-04-19,17:08:44.270,-71,-74,250,3886,16150,52,44,16,16214,43,35,1277,881,493,508,1024,203,1024,0,-1,-1,-1,0x100048059C140645,1700,1662,1730,988,2012,1940,1746,1500,1500,1946,1193,1449,1500,1500,1500,1500,1500,1500,1372,1628,1500,1609,1500,2012,1500,1804,1662,1500,1520,1705,1500,988,8.2
2026-04-19,17:08:44.770,-70,-69,10,3894,66630,52,44,16,29940,43,35,1281,-90,1024,507,1024,204,1024,0,-1,-1,-1,0x100048059C142205,1486,2012,1730,988,2012,1455,2012,1500,1500,1456,1193,1449,1500,1500,1500,1500,1500,1500,1372,1628,1500,1609,1500,2012,1500,2012,2012,1500,1520,1705,1500,988,8.2
2026-04-19,17:08:45.270,-83,-84,10,3852,69150,52,44,16,27466,43,35,1288,-165,279,508,1024,204,1024,0,-1,-1,-1,0x100048049C140245,1471,1596,1730,988,2012,1418,1639,1500,1500,1412,1193,1449,1500,1500,1500,1500,1500,1500,1372,1628,1500,1609,1500,2012,1500,1865,1596,1500,1520,1705,1500,988,8.2
2026-04-19,17:08:45.770,-82,-70,10,3848,8160,52,44,16,21220,43,35,1292,128,-392,508,1024,204,1024,0,-1,-1,-1,0x100048049E180205,1519,1322,1730,1293,2012,1569,1304,1246,1500,1563,1193,1449,1500,1500,1500,1500,1500,1245,988,2012,1500,1609,1500,988,1500,1295,1500,1500,1520,1705,1201,988,8.2
2026-04-19,17:08:46.270,-81,-75,10,3857,12640,52,44,16,15184,43,35,1293,7,469,508,1024,204,1024,0,-1,-1,-1,0x1000480098140205,1499,1676,1730,988,2012,1503,1734,1500,1500,1499,1193,1449,1500,1500,1500,1500,1500,1500,1372,1628,1500,1609,1500,2012,1500,1860,1676,1500,1520,1705,1500,988,8.2
2026-04-19,17:08:46.770,-75,-72,10,3857,3530,52,44,16,11896,43,35,1295,735,505,508,1024,204,1024,0,-1,-1,-1,0x100048009C141A85,1641,1645,1730,988,2012,1867,1752,1500,1500,1854,1193,1449,1500,1500,1500,1500,1500,1500,1372,1628,1500,1609,1500,2012,1500,1805,1645,1500,1520,1705,1500,988,8.2
2026-04-19,17:08:47.270,-73,-78,50,3882,19820,52,44,16,13126,44,35,1297,-960,-403,508,1024,204,1024,0,-1,-1,-1,0x100048009E1C0A85,1244,1285,1730,1333,2012,1020,1299,1202,1500,1021,1193,1449,1500,1500,1500,1500,1500,1194,1065,1935,1500,1609,1500,988,1500,1487,1500,1500,1520,1705,1194,988,8.2
2026-04-19,17:08:47.770,-75,-66,10,3916,5040,52,44,16,6314,44,35,1298,-653,167,508,1024,204,1024,0,-1,-1,-1,0x100048009C140A85,1370,1550,1730,988,2012,1174,1583,1500,1500,1174,1193,1449,1500,1500,1500,1500,1500,1500,1372,1628,1500,1609,1500,2012,1500,1747,1550,1500,1520,1705,1500,988,8.2
2026-04-19,17:08:48.270,-66,-64,10,3910,14500,52,44,16,10168,44,35,1301,-1024,393,508,1024,204,1024,0,-1,-1,-1,0x100048009C140205,1204,1633,1730,988,2012,988,1696,1500,1500,988,1193,1449,1500,1500,1500,1500,1500,1500,1372,1628,1500,1609,1500,2012,1500,1774,1633,1500,1520,1705,1500,988,8.2
2026-04-19,17:08:48.770,-76,-78,10,3900,39690,52,44,16,20896,44,35,1305,541,23,508,1024,204,1024,0,-1,-1,-1,0x100048009C1C0205,1614,1503,1730,988,2012,1750,1511,1500,1500,1805,1193,1449,1500,1500,1500,1500,1500,1500,988,2012,1500,1609,1500,2012,1500,1560,1503,1500,1520,1705,1500,988,8.2
2026-04-19,17:08:49.270,-63,-68,10,3900,8890,52,44,16,8742,44,35,1306,1024,331,508,1024,204,1024,0,-1,-1,-1,0x100048029C140205,1763,1601,1730,988,2012,2012,1665,1500,1500,2012,1193,1449,1500,1500,1500,1500,1500,1500,1372,1628,1500,1609,1500,2012,1500,1722,1601,1500,1520,1705,1500,988,8.2
2026-04-19,17:08:49.770,-63,-59,10,3906,11770,52,44,16,10196,44,35,1307,106,562,508,1024,204,1024,0,-1,-1,-1,0x100048029C140205,1517,1691,1730,988,2012,1553,1781,1500,1500,1558,1193,1449,1500,1500,1500,1500,1500,1500,1372,1628,1500,1609,1500,2012,1500,1837,1691,1500,1520,1705,1500,988,8.2
2026-04-19,17:08:50.270,-69,-70,10,3893,21370,52,44,16,15384,44,35,1310,-811,463,508,1024,204,1024,0,-1,-1,-1,0x1000480A9C140205,1317,1651,1730,988,2012,1095,1731,1500,1500,1095,1193,1449,1500,1500,1500,1500,1500,1500,1372,1628,1500,1609,1500,2012,1500,1790,1651,1500,1520,1705,1500,988,8.2
2026-04-19,17:08:50.770,-65,-58,10,3886,47960,52,44,16,19952,44,35,1313,-691,2,508,1024,204,1024,0,-1,-1,-1,0x1000480A9C140205,1358,1501,1730,988,2012,1155,1501,1500,1500,1154,1193,1449,1500,1500,1500,1500,1500,1500,1219,1781,1500,1609,1500,2012,1500,1759,1501,1500,1520,1705,1500,988,8.2
2026-04-19,17:08:51.270,-51,-56,10,3895,9170,52,44,16,26240,44,36,1316,-184,516,508,1024,204,1024,0,-1,-1,-1,0x100048069C140205,1468,1689,1730,988,2012,1408,1746,1500,1500,1403,1193,1449,1500,1500,1500,1500,1500,1500,1372,1628,1500,1609,1500,2012,1500,1868,1689,1500,1520,1705,1500,988,8.2
2026-04-19,17:08:51.770,-47,-52,10,3895,3710,52,44,16,10976,44,36,1317,-1024,-370,508,1024,204,1024,0,-1,-1,-1,0x100048029E180205,1204,1324,1730,1289,2012,988,1315,1256,1500,988,1193,1449,1500,1500,1500,1500,1500,1256,1152,2012,1500,1609,1500,988,1500,1257,1500,1500,1520,1705,1213,988,8.2
2026-04-19,17:08:52.270,-48,-65,10,3900,13970,52,44,16,8240,44,36,1318,-1024,18,508,1024,204,1024,0,-1,-1,-1,0x100048029C140205,1204,1501,1730,988,2012,988,1515,1500,1500,988,1193,1449,1500,1500,1500,1500,1500,1500,1065,1935,1500,1609,1500,2012,1500,1576,1501,1500,1520,1705,1500,988,8.2
2026-04-19,17:08:52.770,-55,-54,10,3911,6930,52,44,16,5938,44,36,1319,-1024,382,508,1024,204,1024,0,-1,-1,-1,0x100048029C140205,1204,1613,1730,988,2012,988,1691,1500,1500,988,1193,1449,1500,1500,1500,1500,1500,1500,1372,1628,1500,1609,1500,2012,1500,1740,1613,1500,1520,1705,1500,988,8.2
2026-04-19,17:08:53.270,-54,-65,10,3922,15550,52,44,16,9876,44,36,1321,-1009,628,508,1024,204,1024,0,-1,-1,-1,0x100048029C140205,1224,1722,1730,988,2012,989,1814,1500,1500,1004,1193,1449,1500,1500,1500,1500,1500,1500,1372,1628,1500,1609,1500,2012,1500,1864,1722,1500,1520,1705,1500,988,8.2
2026-04-19,17:08:53.770,-58,-63,10,3915,25950,52,44,16,18416,44,36,1323,1024,-48,508,1024,204,1024,0,-1,-1,-1,0x100048029C140205,1763,1476,1730,1030,2012,2012,1476,1467,1500,2012,1193,1449,1500,1500,1500,1500,1500,1456,1065,1935,1500,1609,1500,2012,1500,1579,1500,1500,1520,1705,1457,988,8.2
2026-04-19,17:08:54.270,-62,-58,10,3914,8090,52,44,16,6956,44,36,1325,96,609,508,1024,204,1024,0,-1,-1,-1,0x100048029C140205,1519,1712,1730,988,2012,1548,1804,1500,1500,1563,1193,1449,1500,1500,1500,1500,1500,1500,1372,1628,1500,1609,1500,2012,1500,1856,1712,1500,1520,1705,1500,988,8.2
2026-04-19,17:08:54.770,-57,-58,10,3907,19090,52,44,16,11376,44,36,1328,1024,303,508,1024,205,1024,0,-1,-1,-1,0x100048029C140205,1763,1590,1730,988,2012,2012,1651,1500,1500,2012,1193,1449,1500,1500,1500,1500,1500,1500,1372,1628,1500,1609,1500,2012,1500,1706,1590,1500,1520,1705,1500,988,8.2
2026-04-19,17:08:55.270,-61,-82,100,3901,16780,52,44,16,11708,44,36,1330,316,714,508,1024,204,1024,0,-1,-1,-1,0x100048019C140605,1550,1768,1730,988,2012,1658,1857,1500,1500,1658,1193,1449,1500,1500,1500,1500,1500,1500,1372,1628,1500,1609,1500,2012,1500,1899,1768,1500,1520,1705,1500,988,8.2
2026-04-19,17:08:55.770,-57,-64,10,3883,44490,52,44,16,21198,44,36,1336,-2,640,508,1024,204,1024,0,-1,-1,-1,0x1000480898140205,1499,1722,1730,988,2012,1499,1820,1500,1500,1499,1193,1449,1500,1500,1500,1500,1500,1500,1372,1628,1500,1609,1500,2012,1500,1864,1722,1500,1520,1705,1500,988,8.2
2026-04-19,17:08:56.270,-53,-64,10,3891,3460,52,44,16,19290,44,36,1337,829,-5,508,1024,204,1024,0,-1,-1,-1,0x100048089C140205,1673,1497,1730,993,2012,1914,1498,1496,1500,1909,1193,1449,1500,1500,1500,1500,1500,1496,1219,1781,1500,1609,1500,2012,1500,1576,1500,1500,1520,1705,1496,988,8.2
2026-04-19,17:08:56.770,-53,-64,10,3895,1540,52,44,16,6270,44,36,1338,764,602,508,1024,204,1024,0,-1,-1,-1,0x100048009C140205,1660,1699,1730,988,2012,1875,1801,1500,1500,1889,1193,1449,1500,1500,1500,1500,1500,1500,1372,1628,1500,1609,1500,2012,1500,1846,1699,1500,1520,1705,1500,988,8.2
2026-04-19,17:08:57.270,-56,-55,10,3889,18670,52,44,16,15212,44,36,1340,138,522,508,1024,204,1024,0,-1,-1,-1,0x100048009C140205,1522,1684,1730,988,2012,1569,1761,1500,1500,1575,1193,1449,1500,1500,1500,1500,1500,1500,1372,1628,1500,1609,1500,2012,1500,1829,1684,1500,1520,1705,1500,988,8.2
2026-04-19,17:08:57.770,-56,-48,10,3890,11730,52,44,16,8924,44,36,1343,-1024,-218,508,1024,204,1024,0,-1,-1,-1,0x100048009E1C0205,1204,1355,1730,1230,2012,988,1399,1305,1500,988,1193,1449,1500,1500,1500,1500,1500,1305,1065,1935,1500,1609,1500,988,1500,1459,1500,1500,1520,1705,1305,988,8.2
2026-04-19,17:08:58.270,-56,-48,10,3900,21020,52,44,16,9038,44,36,1345,-1024,49,508,1024,204,1024,0,-1,-1,-1,0x100048009C140205,1204,1517,1730,988,2012,988,1524,1500,1500,988,1193,1449,1500,1500,1500,1500,1500,1500,1168,1832,1500,1609,1500,2012,1500,1545,1517,1500,1520,1705,1500,988,8.2
2026-04-19,17:08:58.770,-51,-53,10,3899,14320,52,44,16,8082,44,36,1346,-1024,79,508,1024,204,1024,0,-1,-1,-1,0x100048009C140205,1204,1529,1730,988,2012,988,1539,1500,1500,988,1193,1449,1500,1500,1500,1500,1500,1500,1372,1628,1500,1609,1500,2012,1500,1617,1529,1500,1520,1705,1500,988,8.2
2026-04-19,17:08:59.270,-68,-68,10,3894,23500,52,44,16,15340,44,36,1348,-605,575,508,1024,204,1024,0,-1,-1,-1,0x100048009C140205,1380,1687,1730,988,2012,1207,1788,1500,1500,1191,1193,1449,1500,1500,1500,1500,1500,1500,1372,1628,1500,1609,1500,2012,1500,1837,1687,1500,1520,1705,1500,988,8.2
2026-04-19,17:08:59.770,-67,-64,10,3888,13520,52,44,16,19586,44,36,1352,1023,88,508,1024,204,1024,0,-1,-1,-1,0x100048009C140205,1762,1535,1730,988,2012,2011,1544,1500,1500,2011,1193,1449,1500,1500,1500,1500,1500,1500,1372,1628,1500,1609,1500,2012,1500,1586,1535,1500,1520,1705,1500,988,8.2
2026-04-19,17:09:00.270,-54,-64,10,3892,14430,52,44,16,10408,44,36,1354,401,439,508,1024,204,1024,0,-1,-1,-1,0x100048009C140205,1566,1641,1730,988,2012,1700,1719,1500,1500,1701,1193,1449,1500,1500,1500,1500,1500,1500,1372,1628,1500,1609,1500,2012,1500,1778,1641,1500,1520,1705,1500,988,8.2
2026-04-19,17:09:00.770,-60,-67,10,3890,35380,52,44,16,14130,44,36,1357,299,687,508,1024,204,1024,0,-1,-1,-1,0x100048089C140205,1547,1747,1730,988,2012,1649,1843,1500,1500,1650,1193,1449,1500,1500,1500,1500,1500,1500,1372,1628,1500,1609,1500,2012,1500,1883,1747,1500,1520,1705,1500,988,8.2
2026-04-19,17:09:01.270,-63,-55,10,3864,22840,52,44,16,15608,44,37,1362,107,101,508,1024,204,1024,0,-1,-1,-1,0x100048089C140205,1514,1553,1730,988,2012,1553,1550,1500,1500,1548,1193,1449,1500,1500,1500,1500,1500,1500,1372,1628,1500,1609,1500,2012,1500,1762,1553,1500,1520,1705,1500,988,8.2
2026-04-19,17:09:01.770,-63,-59,10,3872,3390,52,44,16,8640,44,37,1363,825,384,508,1024,204,1024,0,-1,-1,-1,0x100048009C140205,1679,1621,1730,988,2012,1912,1692,1500,1500,1918,1193,1449,1500,1500,1500,1500,1500,1500,1372,1628,1500,1609,1500,2012,1500,1751,1621,1500,1520,1705,1500,988,8.2
2026-04-19,17:09:02.270,-63,-58,10,3876,20450,52,44,16,15134,44,37,1365,390,734,508,1024,204,1024,0,-1,-1,-1,0x100048009C140205,1568,1779,1730,988,2012,1695,1867,1500,1500,1703,1193,1449,1500,1500,1500,1500,1500,1500,1372,1628,1500,1609,1500,2012,1500,1907,1779,1500,1520,1705,1500,988,8.2
2026-04-19,17:09:02.770,-56,-64,10,3866,18910,52,44,16,31656,44,37,1369,398,586,508,1024,204,1024,0,-1,-1,-1,0x100048019C140605,1564,1685,1730,988,2012,1699,1793,1500,1500,1694,1193,1449,1500,1500,1500,1500,1500,1500,1372,1628,1500,1609,1500,2012,1500,1857,1685,1500,1520,1705,1500,988,8.2
2026-04-19,17:09:03.270,-59,-68,10,3860,61580,52,44,16,27004,44,37,1374,384,369,508,1024,204,1024,0,-1,-1,-1,0x100048049C140245,1563,1615,1730,988,2012,1692,1684,1500,1500,1692,1193,1449,1500,1500,1500,1500,1500,1500,1372,1628,1500,1609,1500,2012,1500,1858,1615,1500,1520,1705,1500,988,8.2
2026-04-19,17:09:03.770,-49,-68,10,3861,23920,52,44,16,21278,44,37,1377,-112,738,508,1024,204,1024,0,-1,-1,-1,0x100048049C140205,1482,1732,1730,988,2012,1444,1869,1500,1500,1444,1193,1449,1500,1500,1500,1500,1500,1500,1372,1628,1500,1609,1500,2012,1500,1901,1732,1500,1520,1705,1500,988,8.2
2026-04-19,17:09:04.270,-49,-68,10,3841,9310,54,44,16,24262,44,37,1381,-421,126,508,1024,204,1024,0,-1,-1,-1,0x100048049C140245,1425,1540,1730,988,2012,1290,1563,1500,1500,1285,1193,1449,1500,1500,1500,1500,1500,1500,1372,1628,1500,1609,1500,2012,1500,1681,1540,1500,1520,1705,1500,988,8.2
2026-04-19,17:09:04.770,-59,-65,10,3848,4480,54,44,16,18682,44,37,1383,-140,114,508,1024,204,1024,0,-1,-1,-1,0x100048049C140205,1480,1538,1730,988,2012,1430,1557,1500,1500,1437,1193,1449,1500,1500,1500,1500,1500,1500,1372,1628,1500,1609,1500,2012,1500,1608,1538,1500,1520,1705,1500,988,8.2
2026-04-19,17:09:05.270,-65,-63,10,3873,2030,54,44,16,15370,44,37,1383,-2,102,508,1024,204,1024,0,-1,-1,-1,0x1000480498140245,1499,1537,1730,988,2012,1499,1551,1500,1500,1499,1193,1449,1500,1500,1500,1500,1500,1500,1372,1628,1500,1609,1500,2012,1500,1577,1537,1500,1520,1705,1500,988,8.2
2026-04-19,17:09:05.770,-65,-69,10,3894,13450,54,44,16,12604,44,37,1383,208,-1,508,1024,204,1024,0,-1,-1,-1,0x100048009C140205,1529,1500,1730,989,2012,1604,1500,1499,1500,1595,1193,1449,1500,1500,1500,1500,1500,1499,1219,1781,1500,1609,1500,2012,1500,1697,1500,1500,1520,1705,1499,988,8.2
2026-04-19,17:09:06.270,-61,-65,10,3899,3040,54,44,16,11738,44,37,1384,276,807,508,1024,204,1024,0,-1,-1,-1,0x100048009C140205,1543,1818,1730,988,2012,1638,1903,1500,1500,1637,1193,1449,1500,1500,1500,1500,1500,1500,1372,1628,1500,1609,1500,2012,1500,1934,1818,1500,1520,1705,1500,988,8.2
2026-04-19,17:09:06.770,-60,-59,10,3890,52760,54,44,16,30054,44,37,1390,-278,843,508,1024,204,1024,0,-1,-1,-1,0x100048019C140205,1449,1870,1730,988,2012,1367,1916,1500,1500,1348,1193,1449,1500,1500,1500,1500,1500,1500,1372,1628,1500,1609,1500,2012,1500,1988,1870,1500,1520,1705,1500,988,8.2
2026-04-19,17:09:07.270,-74,-68,10,3882,4580,54,44,16,15640,44,38,1393,-309,372,508,1024,204,1024,0,-1,-1,-1,0x100048009C140205,1448,1621,1730,988,2012,1346,1686,1500,1500,1346,1193,1449,1500,1500,1500,1500,1500,1500,1372,1628,1500,1609,1500,2012,1500,1766,1621,1500,1520,1705,1500,988,8.2
2026-04-19,17:09:07.770,-72,-70,10,3873,11280,54,44,16,17480,44,38,1395,-43,263,508,1024,204,1024,0,-1,-1,-1,0x100048049C140205,1491,1588,1730,988,2012,1479,1631,1500,1500,1472,1193,1449,1500,1500,1500,1500,1500,1500,1372,1628,1500,1609,1500,2012,1500,1716,1588,1500,1520,1705,1500,988,8.2
2026-04-19,17:09:08.270,-84,-72,10,3875,1400,54,44,16,15008,44,38,1396,-112,-953,508,1024,204,1024,0,-1,-1,-1,0x100048049E100245,1482,1149,1730,1479,2012,1444,1024,1500,1014,1445,1193,1449,1500,1500,1500,1500,1500,1014,1152,2012,1500,1609,1500,988,1500,1028,1500,1500,1520,1705,1014,988,8.2
2026-04-19,17:09:08.770,-83,-78,10,3880,3570,54,44,16,8798,44,38,1396,-1024,96,508,1024,204,1024,0,-1,-1,-1,0x100048009C140205,1204,1531,1730,988,2012,988,1548,1500,1500,988,1193,1449,1500,1500,1500,1500,1500,1500,1372,1628,1500,1609,1500,2012,1500,1565,1531,1500,1520,1705,1500,988,8.2
2026-04-19,17:09:09.270,-79,-77,10,3916,2030,54,44,16,5170,44,38,1396,-1024,334,508,1024,204,1024,0,-1,-1,-1,0x100048009C140205,1204,1607,1730,988,2012,988,1667,1500,1500,988,1193,1449,1500,1500,1500,1500,1500,1500,1372,1628,1500,1609,1500,2012,1500,1731,1607,1500,1520,1705,1500,988,8.2
2026-04-19,17:09:09.770,-76,-72,10,3917,10400,54,44,16,9252,44,38,1397,-1024,301,508,1024,204,1024,0,-1,-1,-1,0x100048009C140205,1204,1590,1730,988,2012,988,1650,1500,1500,988,1193,1449,1500,1500,1500,1500,1500,1500,1372,1628,1500,1609,1500,2012,1500,1705,1590,1500,1520,1705,1500,988,8.2
2026-04-19,17:09:10.270,-88,-86,10,3918,19440,54,44,16,13578,44,38,1399,-335,861,508,1024,204,1024,0,-1,-1,-1,0x100048009C140205,1442,1843,1730,988,2012,1333,1930,1500,1500,1327,1193,1449,1500,1500,1500,1500,1500,1500,1372,1628,1500,1609,1500,2012,1500,1950,1843,1500,1520,1705,1500,988,8.2
2026-04-19,17:09:10.770,-70,-87,250,3900,28060,54,44,16,15798,44,38,1403,208,644,508,1024,203,1024,0,-1,-1,-1,0x100048009C140205,1532,1730,1730,988,2012,1604,1822,1500,1500,1604,1193,1449,1500,1500,1500,1500,1500,1500,1372,1628,1500,1609,1500,2012,1500,1871,1730,1500,1520,1705,1500,988,8.2
2026-04-19,17:09:11.270,-88,-73,10,3881,32020,54,44,16,22702,44,38,1409,8,138,508,1024,204,1024,0,-1,-1,-1,0x1000480498140245,1500,1537,1730,988,2012,1504,1569,1500,1500,1504,1193,1449,1500,1500,1500,1500,1500,1500,1372,1628,1500,1609,1500,2012,1500,1583,1537,1500,1520,1705,1500,988,8.2
2026-04-19,17:09:11.770,-84,-76,10,3873,14780,54,44,16,32240,44,38,1411,8,300,508,1024,204,1024,0,-1,-1,-1,0x1000480498140245,1500,1578,1730,988,2012,1504,1650,1500,1500,1504,1193,1449,1500,1500,1500,1500,1500,1500,1372,1628,1500,1609,1500,2012,1500,1696,1578,1500,1520,1705,1500,988,8.2
2026-04-19,17:09:12.270,-74,-70,10,3874,6480,54,44,16,12484,44,38,1412,1023,2,508,1024,204,1024,0,-1,-1,-1,0x100048009C100205,1762,1500,1730,988,2012,2011,1501,1500,1500,2011,1193,1449,1500,1500,1500,1500,1500,1500,1173,2012,1500,1609,1500,988,1500,1501,1500,1500,1520,1705,1500,988,8.2
2026-04-19,17:09:12.770,-73,-73,10,3885,18950,54,44,16,10030,44,38,1413,1024,271,508,1024,204,1024,0,-1,-1,-1,0x100048009C140205,1763,1583,1730,988,2012,2012,1635,1500,1500,2012,1193,1449,1500,1500,1500,1500,1500,1500,1372,1628,1500,1609,1500,2012,1500,1694,1583,1500,1520,1705,1500,988,8.2
2026-04-19,17:09:13.270,-67,-70,10,3894,17690,54,44,16,10168,44,38,1415,598,536,508,1024,204,1024,0,-1,-1,-1,0x100048009C140205,1622,1662,1730,988,2012,1799,1768,1500,1500,1821,1193,1449,1500,1500,1500,1500,1500,1500,1372,1628,1500,1609,1500,2012,1500,1812,1662,1500,1520,1705,1500,988,8.2
2026-04-19,17:09:13.770,-81,-69,10,3876,60640,54,44,16,23074,44,38,1419,344,1024,508,1024,204,1024,0,-1,-1,-1,0x100048019C142205,1558,2012,1730,988,2012,1672,2012,1500,1500,1678,1193,1449,1500,1500,1500,1500,1500,1500,1372,1628,1500,1609,1500,2012,1500,2012,2012,1500,1520,1705,1500,988,8.2
2026-04-19,17:09:14.270,-84,-70,10,3843,71570,54,44,16,28708,44,38,1427,248,337,508,1024,204,1024,0,-1,-1,-1,0x100048009C140205,1538,1578,1730,988,2012,1629,1692,1500,1500,1623,1193,1449,1500,1500,1500,1500,1500,1500,1372,1628,1500,1609,1500,2012,1500,1823,1578,1500,1520,1705,1500,988,8.2
2026-04-19,17:09:14.770,-73,-73,10,3836,9380,54,44,16,19546,44,38,1430,670,144,508,1024,204,1024,0,-1,-1,-1,0x100048049C140245,1630,1545,1730,988,2012,1835,1572,1500,1500,1834,1193,1449,1500,1500,1500,1500,1500,1500,1372,1628,1500,1609,1500,2012,1500,1607,1545,1500,1520,1705,1500,988,8.2
2026-04-19,17:09:15.270,-73,-77,10,3835,9520,54,44,16,16698,44,39,1431,404,567,508,1024,204,1024,0,-1,-1,-1,0x100048049C140205,1569,1709,1730,988,2012,1702,1783,1500,1500,1708,1193,1449,1500,1500,1500,1500,1500,1500,1372,1628,1500,1609,1500,2012,1500,1856,1709,1500,1520,1705,1500,988,8.2
2026-04-19,17:09:15.770,-66,-74,250,3840,10120,54,44,16,14672,44,39,1433,864,182,508,1024,204,1024,0,-1,-1,-1,0x100048049C140245,1689,1554,1730,988,2012,1932,1591,1500,1500,1931,1193,1449,1500,1500,1500,1500,1500,1500,1372,1628,1500,1609,1500,2012,1500,1632,1554,1500,1520,1705,1500,988,8.2
2026-04-19,17:09:16.270,-73,-86,10,3859,26730,54,44,16,16470,44,39,1434,840,469,507,1024,204,1024,0,-1,-1,-1,0x100048019C140605,1681,1653,1730,988,2012,1920,1734,1500,1500,1920,1193,1449,1500,1500,1500,1500,1500,1500,1372,1628,1500,1609,1500,2012,1500,1793,1653,1500,1520,1705,1500,988,8.2
2026-04-19,17:09:16.770,-89,-67,100,3881,25390,54,44,16,16026,44,39,1437,676,972,508,1024,204,1024,0,-1,-1,-1,0x100048019C140605,1631,1931,1730,988,2012,1838,1986,1500,1500,1837,1193,1449,1500,1500,1500,1500,1500,1500,1372,1628,1500,1609,1500,2012,1500,1990,1931,1500,1520,1705,1500,988,8.2
2026-04-19,17:09:17.270,-85,-73,10,3866,50930,54,44,16,28470,44,39,1444,-169,1024,507,1024,204,1024,0,-1,-1,-1,0x100048019C142205,1472,2012,1730,988,2012,1416,2012,1500,1500,1416,1193,1449,1500,1500,1500,1500,1500,1500,1372,1628,1500,1609,1500,2012,1500,2012,2012,1500,1520,1705,1500,988,8.2
2026-04-19,17:09:17.770,-80,-73,10,3826,14390,54,44,16,21892,44,39,1451,18,284,508,1024,204,1024,0,-1,-1,-1,0x1000480498140245,1500,1578,1730,988,2012,1509,1642,1500,1500,1502,1193,1449,1500,1500,1500,1500,1500,1500,1372,1628,1500,1609,1500,2012,1500,1686,1578,1500,1520,1705,1500,988,8.2
2026-04-19,17:09:18.270,-74,-70,10,3822,15230,54,44,16,19764,44,39,1452,600,-546,508,1024,204,1024,0,-1,-1,-1,0x100048049E180205,1607,1275,1730,1344,2012,1800,1227,1188,1500,1792,1193,1449,1500,1500,1500,1500,1500,1188,988,2012,1500,1609,1500,988,1500,1356,1500,1500,1520,1705,1133,988,8.2
2026-04-19,17:09:18.770,-79,-86,10,3830,7950,54,44,16,14294,44,39,1453,1022,3,508,1024,204,1024,0,-1,-1,-1,0x100048009C140205,1761,1501,1730,988,2012,2011,1501,1500,1500,2011,1193,1449,1500,1500,1500,1500,1500,1500,1270,1730,1500,1609,1500,2012,1500,1819,1501,1500,1520,1705,1500,988,8.2
2026-04-19,17:09:19.270,-93,-69,25,3841,5880,54,44,16,11700,44,39,1455,-716,-427,508,1024,204,1024,0,-1,-1,-1,0x100048009E181A85,1369,1310,1730,1306,2012,1142,1287,1230,1500,1172,1193,1449,1500,1500,1500,1500,1500,1230,988,2012,1500,1609,1500,988,1500,1375,1500,1500,1520,1705,1182,988,8.2
2026-04-19,17:09:19.770,-67,-69,10,3877,1850,54,44,16,5466,44,39,1456,-1024,358,508,1024,203,1024,0,-1,-1,-1,0x100048009C140205,1204,1602,1730,988,2012,988,1679,1500,1500,988,1193,1449,1500,1500,1500,1500,1500,1500,1372,1628,1500,1609,1500,2012,1500,1730,1602,1500,1520,1705,1500,988,8.2
2026-04-19,17:09:20.270,-67,-73,25,3889,26900,54,44,16,13694,44,39,1458,-1024,566,508,1024,204,1024,0,-1,-1,-1,0x100048009C140205,1204,1692,1730,988,2012,988,1783,1500,1500,988,1193,1449,1500,1500,1500,1500,1500,1500,1372,1628,1500,1609,1500,2012,1500,1837,1692,1500,1520,1705,1500,988,8.2
2026-04-19,17:09:20.770,-67,-63,10,3876,34920,54,44,16,17936,44,39,1461,742,405,508,1024,204,1024,0,-1,-1,-1,0x100048019C140205,1649,1660,1730,988,2012,1871,1702,1500,1500,1870,1193,1449,1500,1500,1500,1500,1500,1500,1372,1628,1500,1609,1500,2012,1500,1837,1660,1500,1520,1705,1500,988,8.2
2026-04-19,17:09:21.270,-64,-61,10,3876,1890,54,44,16,4976,44,39,1464,1024,512,508,1024,203,1024,0,-1,-1,-1,0x100048009C140205,1763,1671,1730,988,2012,2012,1756,1500,1500,2012,1193,1449,1500,1500,1500,1500,1500,1500,1372,1628,1500,1609,1500,2012,1500,1814,1671,1500,1520,1705,1500,988,8.2
2026-04-19,17:09:21.770,-65,-62,10,3876,13130,54,44,16,9166,44,39,1465,1024,506,508,1024,204,1024,0,-1,-1,-1,0x100048009C140205,1763,1668,1730,988,2012,2012,1753,1500,1500,2012,1193,1449,1500,1500,1500,1500,1500,1500,1372,1628,1500,1609,1500,2012,1500,1811,1668,1500,1520,1705,1500,988,8.2
2026-04-19,17:09:22.270,-78,-68,10,3866,26230,54,44,16,15324,44,39,1467,-699,531,508,1024,204,1024,0,-1,-1,-1,0x100048019C140605,1361,1683,1730,988,2012,1151,1765,1500,1500,1158,1193,1449,1500,1500,1500,1500,1500,1500,1372,1628,1500,1609,1500,2012,1500,1828,1683,1500,1520,1705,1500,988,8.2
2026-04-19,17:09:22.770,-70,-55,10,3863,18630,54,44,16,14876,44,39,1470,-941,585,508,1024,204,1024,0,-1,-1,-1,0x100048099C140605,1255,1699,1730,988,2012,1030,1792,1500,1500,1030,1193,1449,1500,1500,1500,1500,1500,1500,1372,1628,1500,1609,1500,2012,1500,1846,1699,1500,1520,1705,1500,988,8.2
2026-04-19,17:09:23.270,-53,-66,50,3865,28620,54,44,16,14272,44,39,1474,-233,427,508,1024,204,1024,0,-1,-1,-1,0x100048049C140245,1460,1662,1730,988,2012,1391,1704,1500,1500,1378,1193,1449,1500,1500,1500,1500,1500,1500,1372,1628,1500,1609,1500,2012,1500,1852,1662,1500,1520,1705,1500,988,8.2
2026-04-19,17:09:23.770,-56,-63,10,3861,3920,54,44,16,20594,44,40,1477,264,4,508,1024,204,1024,0,-1,-1,-1,0x100048049C140205,1541,1501,1730,988,2012,1632,1502,1500,1500,1632,1193,1449,1500,1500,1500,1500,1500,1500,1117,1883,1500,1609,1500,2012,1500,1504,1501,1500,1520,1705,1500,988,8.2
2026-04-19,17:09:24.270,-50,-60,10,3866,0,54,44,16,16216,44,40,1477,334,105,508,1024,204,1024,0,-1,-1,-1,0x100048049C140245,1556,1535,1730,988,2012,1667,1552,1500,1500,1673,1193,1449,1500,1500,1500,1500,1500,1500,1372,1628,1500,1609,1500,2012,1500,1579,1535,1500,1520,1705,1500,988,8.2
2026-04-19,17:09:24.770,-45,-60,10,3878,0,55,44,16,5418,44,40,1477,-1024,4,508,1024,204,1024,0,-1,-1,-1,0x100048009C100205,1204,1501,1730,988,2012,988,1502,1500,1500,988,1193,1449,1500,1500,1500,1500,1500,1500,1315,2012,1500,1609,1500,988,1500,1503,1501,1500,1520,1705,1500,988,8.2
2026-04-19,17:09:25.270,-47,-60,10,3890,1220,55,44,16,2918,44,40,1477,-1024,209,508,1024,204,1024,0,-1,-1,-1,0x100048009C140205,1204,1566,1730,988,2012,988,1604,1500,1500,988,1193,1449,1500,1500,1500,1500,1500,1500,1372,1628,1500,1609,1500,2012,1500,1665,1566,1500,1520,1705,1500,988,8.2
2026-04-19,17:09:25.770,-67,-58,10,3910,7600,54,44,16,5378,44,40,1478,-1024,543,508,1024,204,1024,0,-1,-1,-1,0x100048009C140205,1204,1682,1730,988,2012,988,1771,1500,1500,988,1193,1449,1500,1500,1500,1500,1500,1500,1372,1628,1500,1609,1500,2012,1500,1827,1682,1500,1520,1705,1500,988,8.2
2026-04-19,17:09:26.270,-58,-68,10,3900,20770,54,44,16,14228,44,40,1481,22,577,508,1024,204,1024,0,-1,-1,-1,0x1000480098140205,1500,1702,1730,988,2012,1511,1788,1500,1500,1503,1193,1449,1500,1500,1500,1500,1500,1500,1372,1628,1500,1609,1500,2012,1500,1847,1702,1500,1520,1705,1500,988,8.2
2026-04-19,17:09:26.770,-58,-57,10,3891,11700,54,44,16,12770,44,40,1484,943,446,508,1024,204,1024,0,-1,-1,-1,0x100048009C140205,1709,1659,1730,988,2012,1971,1723,1500,1500,1957,1193,1449,1500,1500,1500,1500,1500,1500,1372,1628,1500,1609,1500,2012,1500,1808,1659,1500,1520,1705,1500,988,8.2
2026-04-19,17:09:27.270,-62,-66,25,3873,47920,54,44,16,18638,44,40,1488,790,367,508,1024,204,1024,0,-1,-1,-1,0x100048009C140205,1683,1601,1730,988,2012,1895,1683,1500,1500,1923,1193,1449,1500,1500,1500,1500,1500,1500,1372,1628,1500,1609,1500,2012,1500,1732,1601,1500,1520,1705,1500,988,8.2
2026-04-19,17:09:27.770,-49,-57,10,3850,33100,54,44,16,19390,44,40,1492,-406,728,508,1024,204,1024,0,-1,-1,-1,0x100048009C140205,1430,1776,1730,988,2012,1297,1864,1500,1500,1298,1193,1449,1500,1500,1500,1500,1500,1500,1372,1628,1500,1609,1500,2012,1500,1905,1776,1500,1520,1705,1500,988,8.2
2026-04-19,17:09:28.270,-54,-57,10,3840,18950,54,44,16,14986,44,40,1496,-446,289,508,1024,204,1024,0,-1,-1,-1,0x100048009C140205,1421,1568,1730,988,2012,1277,1644,1500,1500,1277,1193,1449,1500,1500,1500,1500,1500,1500,1372,1628,1500,1609,1500,2012,1500,1678,1568,1500,1520,1705,1500,988,8.2
2026-04-19,17:09:28.770,-56,-75,10,3812,108320,54,44,16,22950,44,40,1502,-1,-1,508,1024,204,1024,0,-1,-1,-1,0x1000480898140205,1499,1500,1730,989,2012,1500,1500,1499,1500,1500,1193,1449,1500,1500,1500,1500,1500,1499,1065,1935,1500,1609,1500,2012,1500,1833,1500,1500,1520,1705,1499,988,8.2
2026-04-19,17:09:29.270,-51,-59,10,3809,7250,55,44,16,27078,44,40,1507,4,453,508,1024,204,1024,0,-1,-1,-1,0x1000480898140205,1500,1671,1730,988,2012,1502,1726,1500,1500,1502,1193,1449,1500,1500,1500,1500,1500,1500,1372,1628,1500,1609,1500,2012,1500,1855,1671,1500,1520,1705,1500,988,8.2
2026-04-19,17:09:29.770,-58,-59,10,3827,1960,55,44,16,22012,44,40,1508,1024,232,508,1024,204,1024,0,-1,-1,-1,0x100048049C140205,1763,1550,1730,988,2012,2012,1616,1500,1500,2012,1193,1449,1500,1500,1500,1500,1500,1500,1372,1628,1500,1609,1500,2012,1500,1636,1550,1500,1520,1705,1500,988,8.2
2026-04-19,17:09:30.270,-59,-53,10,3846,23050,55,44,16,11514,44,40,1510,424,453,508,1024,204,1024,0,-1,-1,-1,0x100048009C140205,1577,1643,1730,988,2012,1712,1726,1500,1500,1726,1193,1449,1500,1500,1500,1500,1500,1500,1372,1628,1500,1609,1500,2012,1500,1785,1643,1500,1520,1705,1500,988,8.2
2026-04-19,17:09:30.770,-59,-53,10,3838,39480,55,44,16,21510,44,40,1514,-847,-285,508,1024,205,1024,0,-1,-1,-1,0x100048009E1C0205,1302,1322,1730,1293,2012,1077,1358,1254,1500,1076,1193,1449,1500,1500,1500,1500,1500,1253,999,2012,1500,1609,1500,2012,1500,1427,1500,1500,1520,1705,1254,988,8.2
2026-04-19,17:09:31.270,-59,-49,10,3874,6370,55,44,16,6910,44,40,1516,-1024,4,508,1024,204,1024,0,-1,-1,-1,0x100048009C140205,1204,1501,1730,988,2012,988,1502,1500,1500,988,1193,1449,1500,1500,1500,1500,1500,1500,1270,1730,1500,1609,1500,2012,1500,1531,1501,1500,1520,1705,1500,988,8.2
2026-04-19,17:09:31.770,-48,-54,10,3875,14990,55,44,16,10234,44,40,1517,-627,473,508,1024,204,1024,0,-1,-1,-1,0x100048009C140205,1374,1651,1730,988,2012,1187,1736,1500,1500,1182,1193,1449,1500,1500,1500,1500,1500,1500,1372,1628,1500,1609,1500,2012,1500,1795,1651,1500,1520,1705,1500,988,8.2
2026-04-19,17:09:32.270,-48,-54,10,3867,17860,55,44,16,11834,44,41,1519,-214,668,508,1024,204,1024,0,-1,-1,-1,0x100048009C140205,1463,1752,1730,988,2012,1393,1834,1500,1500,1388,1193,1449,1500,1500,1500,1500,1500,1500,1372,1628,1500,1609,1500,2012,1500,1887,1752,1500,1520,1705,1500,988,8.2
2026-04-19,17:09:32.770,-67,-68,10,3869,21470,55,44,16,14244,44,41,1522,920,-42,508,1024,204,1024,0,-1,-1,-1,0x100048009E1C0205,1690,1444,1730,1084,2012,1960,1479,1422,1500,1932,1193,1449,1500,1500,1500,1500,1500,1422,1018,2012,1500,1609,1500,2012,1500,1401,1500,1500,1520,1705,1462,988,8.2
2026-04-19,17:09:33.270,-56,-67,10,3880,15020,55,44,16,9702,44,41,1524,1024,310,508,1024,204,1024,0,-1,-1,-1,0x100048009C140205,1763,1589,1730,988,2012,2012,1655,1500,1500,2012,1193,1449,1500,1500,1500,1500,1500,1500,1372,1628,1500,1609,1500,2012,1500,1703,1589,1500,1520,1705,1500,988,8.2
2026-04-19,17:09:33.770,-61,-68,10,3879,10510,55,44,16,7970,44,41,1525,669,485,508,1024,204,1024,0,-1,-1,-1,0x100048009C140205,1641,1659,1730,988,2012,1834,1742,1500,1500,1854,1193,1449,1500,1500,1500,1500,1500,1500,1372,1628,1500,1609,1500,2012,1500,1800,1659,1500,1520,1705,1500,988,8.2
2026-04-19,17:09:34.270,-58,-68,10,3868,32750,55,44,16,15916,44,41,1528,366,522,508,1024,204,1024,0,-1,-1,-1,0x100048099C140205,1555,1700,1730,988,2012,1683,1761,1500,1500,1670,1193,1449,1500,1500,1500,1500,1500,1500,1372,1628,1500,1609,1500,2012,1500,1878,1700,1500,1520,1705,1500,988,8.2
2026-04-19,17:09:34.770,-61,-57,10,3870,5070,55,44,16,10008,44,41,1531,424,565,508,1024,204,1024,0,-1,-1,-1,0x100048089C140205,1571,1692,1730,988,2012,1712,1782,1500,1500,1712,1193,1449,1500,1500,1500,1500,1500,1500,1372,1628,1500,1609,1500,2012,1500,1837,1692,1500,1520,1705,1500,988,8.2
2026-04-19,17:09:35.270,-61,-59,25,3870,19470,55,44,16,14014,44,41,1532,472,663,508,1024,204,1024,0,-1,-1,-1,0x100048089C140205,1581,1734,1730,988,2012,1736,1831,1500,1500,1736,1193,1449,1500,1500,1500,1500,1500,1500,1372,1628,1500,1609,1500,2012,1500,1873,1734,1500,1520,1705,1500,988,8.2
2026-04-19,17:09:35.770,-58,-67,10,3845,47290,55,44,16,32306,44,41,1537,389,537,508,1024,204,1024,0,-1,-1,-1,0x100048099C140605,1564,1724,1730,988,2012,1694,1768,1500,1500,1694,1193,1449,1500,1500,1500,1500,1500,1500,1372,1628,1500,1609,1500,2012,1500,1968,1724,1500,1520,1705,1500,988,8.2
2026-04-19,17:09:36.270,-56,-67,10,3836,33030,55,44,16,27464,44,41,1540,-97,1024,507,1024,204,1024,0,-1,-1,-1,0x100048049C142245,1484,2012,1730,988,2012,1452,2012,1500,1500,1451,1193,1449,1500,1500,1500,1500,1500,1500,1372,1628,1500,1609,1500,2012,1500,2012,2012,1500,1520,1705,1500,988,8.2
2026-04-19,17:09:36.770,-58,-53,10,3833,11730,55,44,16,18496,45,41,1545,49,130,508,1024,204,1024,0,-1,-1,-1,0x100048049C140205,1509,1534,1730,988,2012,1524,1565,1500,1500,1532,1193,1449,1500,1500,1500,1500,1500,1500,1372,1628,1500,1609,1500,2012,1500,1700,1534,1500,1520,1705,1500,988,8.2
2026-04-19,17:09:37.270,-45,-51,10,3827,13830,55,44,16,20004,45,41,1547,9,478,508,1024,204,1024,0,-1,-1,-1,0x1000480498140245,1500,1653,1730,988,2012,1504,1739,1500,1500,1505,1193,1449,1500,1500,1500,1500,1500,1500,1372,1628,1500,1609,1500,2012,1500,1798,1653,1500,1520,1705,1500,988,8.2
2026-04-19,17:09:37.770,-61,-61,10,3831,6970,55,44,16,15550,45,41,1548,-122,206,508,1024,204,1024,0,-1,-1,-1,0x100048049C140205,1480,1564,1730,988,2012,1439,1603,1500,1500,1440,1193,1449,1500,1500,1500,1500,1500,1500,1372,1628,1500,1609,1500,2012,1500,1666,1564,1500,1520,1705,1500,988,8.2
2026-04-19,17:09:38.270,-61,-60,10,3852,7840,55,44,16,15416,45,41,1549,4,349,508,1024,204,1024,0,-1,-1,-1,0x1000480498140245,1500,1604,1730,988,2012,1502,1674,1500,1500,1502,1193,1449,1500,1500,1500,1500,1500,1500,1372,1628,1500,1609,1500,2012,1500,1726,1604,1500,1520,1705,1500,988,8.2
2026-04-19,17:09:38.770,-78,-67,10,3877,8580,55,44,16,16098,45,41,1550,1,22,508,1024,204,1024,0,-1,-1,-1,0x1000480498140205,1499,1508,1730,988,2012,1500,1511,1500,1500,1500,1193,1449,1500,1500,1500,1500,1500,1500,1014,1986,1500,1609,1500,2012,1500,1517,1508,1500,1520,1705,1500,988,8.2
2026-04-19,17:09:39.270,-62,-61,10,3882,7390,55,44,16,21824,45,41,1552,683,1,508,1024,204,1024,0,-1,-1,-1,0x100048049C140245,1634,1500,1730,988,2012,1841,1500,1500,1500,1841,1193,1449,1500,1500,1500,1500,1500,1500,999,2012,1500,1609,1500,2012,1500,1500,1500,1500,1520,1705,1500,988,8.2
2026-04-19,17:09:39.770,-59,-71,10,3889,31560,55,44,16,16606,45,41,1553,-628,495,508,1024,204,1024,0,-1,-1,-1,0x100048009C140205,1377,1657,1730,988,2012,1186,1747,1500,1500,1186,1193,1449,1500,1500,1500,1500,1500,1500,1372,1628,1500,1609,1500,2012,1500,1798,1657,1500,1520,1705,1500,988,8.2
2026-04-19,17:09:40.270,-72,-72,10,3876,34010,55,44,16,22910,45,42,1557,-615,846,508,1024,204,1024,0,-1,-1,-1,0x100048009C140205,1389,1868,1730,988,2012,1193,1923,1500,1500,1208,1193,1449,1500,1500,1500,1500,1500,1500,1372,1628,1500,1609,1500,2012,1500,1976,1868,1500,1520,1705,1500,988,8.2
2026-04-19,17:09:40.770,-77,-68,10,3864,31240,55,44,16,20026,44,42,1560,-329,1024,508,1024,204,1024,0,-1,-1,-1,0x100048059C142645,1447,2012,1730,988,2012,1336,2012,1500,1500,1343,1193,1449,1500,1500,1500,1500,1500,1500,1372,1628,1500,1609,1500,2012,1500,2012,2012,1500,1520,1705,1500,988,8.2
2026-04-19,17:09:41.270,-82,-75,10,3844,7700,55,44,16,17330,44,42,1565,-73,640,508,1024,204,1024,0,-1,-1,-1,0x100048049C140245,1491,1749,1730,988,2012,1464,1820,1500,1500,1471,1193,1449,1500,1500,1500,1500,1500,1500,1372,1628,1500,1609,1500,2012,1500,1881,1749,1500,1520,1705,1500,988,8.2
2026-04-19,17:09:41.770,-79,-71,10,3840,7910,55,44,16,16362,44,42,1566,-69,-1004,508,1024,204,1024,0,-1,-1,-1,0x100048049E1C0205,1491,1149,1730,1479,2012,1466,998,1500,1014,1471,1193,1449,1500,1500,1500,1500,1500,1014,1090,2012,1500,1609,1500,2012,1500,1222,1500,1500,1520,1705,1014,988,8.2
2026-04-19,17:09:42.270,-90,-79,25,3848,2940,55,44,16,5308,44,42,1567,-1024,-205,508,1024,204,1024,0,-1,-1,-1,0x100048009E1C0205,1204,1372,1730,1207,2012,988,1398,1323,1500,988,1193,1449,1500,1500,1500,1500,1500,1323,988,2012,1500,1609,1500,988,1500,1396,1500,1500,1520,1705,1323,988,8.2
2026-04-19,17:09:42.770,-81,-82,25,3865,11590,55,44,16,6452,44,42,1567,-1024,260,508,1024,204,1024,0,-1,-1,-1,0x100048009C140205,1204,1594,1730,988,2012,988,1630,1500,1500,988,1193,1449,1500,1500,1500,1500,1500,1500,1372,1628,1500,1609,1500,2012,1500,1761,1594,1500,1520,1705,1500,988,8.2
2026-04-19,17:09:43.270,-88,-93,10,3880,16990,55,44,16,10908,44,42,1569,-690,500,508,1024,204,1024,0,-1,-1,-1,0x100048009C140205,1359,1672,1730,988,2012,1155,1750,1500,1500,1155,1193,1449,1500,1500,1500,1500,1500,1500,1372,1628,1500,1609,1500,2012,1500,1815,1672,1500,1520,1705,1500,988,8.2
2026-04-19,17:09:43.770,-84,-91,10,3876,24970,55,44,16,15278,44,42,1571,-286,659,508,1024,204,1024,0,-1,-1,-1,0x100048009C140205,1457,1745,1730,988,2012,1357,1829,1500,1500,1369,1193,1449,1500,1500,1500,1500,1500,1500,1372,1628,1500,1609,1500,2012,1500,1882,1745,1500,1520,1705,1500,988,8.2
2026-04-19,17:09:44.270,-89,-95,25,3868,15550,55,44,16,14530,44,42,1575,-256,938,508,1024,204,1024,0,-1,-1,-1,0x100048009C140205,1458,1946,1730,988,2012,1372,1969,1500,1500,1372,1193,1449,1500,1500,1500,1500,1500,1500,1372,1628,1500,1609,1500,2012,1500,1989,1946,1500,1520,1705,1500,988,8.2
2026-04-19,17:09:44.770,-83,-69,25,3861,4620,55,44,16,16364,44,42,1580,-192,970,507,1024,204,1024,0,-1,-1,-1,0x100048049C140205,1467,1944,1730,988,2012,1404,1985,1500,1500,1399,1193,1449,1500,1500,1500,1500,1500,1500,1372,1628,1500,1609,1500,2012,1500,1993,1944,1500,1520,1705,1500,988,8.2
2026-04-19,17:09:45.270,-79,-71,10,3850,4650,55,44,16,21014,44,42,1583,1024,300,508,1024,204,1024,0,-1,-1,-1,0x100048049C140245,1763,1589,1730,988,2012,2012,1650,1500,1500,2012,1193,1449,1500,1500,1500,1500,1500,1500,1372,1628,1500,1609,1500,2012,1500,1704,1589,1500,1520,1705,1500,988,8.2
2026-04-19,17:09:45.770,-77,-76,10,3850,27530,55,44,16,13878,44,42,1584,1024,-189,508,1024,204,1024,0,-1,-1,-1,0x100048009E1C0205,1763,1364,1730,1222,2012,2012,1406,1311,1500,2012,1193,1449,1500,1500,1500,1500,1500,1311,988,2012,1500,1609,1500,2012,1500,1388,1500,1500,1520,1705,1311,988,8.2
2026-04-19,17:09:46.270,-78,-73,10,3860,4370,55,44,16,6172,44,42,1586,1024,211,508,1024,205,1024,0,-1,-1,-1,0x100048009C140205,1763,1560,1730,988,2012,2012,1605,1500,1500,2012,1193,1449,1500,1500,1500,1500,1500,1500,1372,1628,1500,1609,1500,2012,1500,1650,1560,1500,1520,1705,1500,988,8.2
2026-04-19,17:09:46.770,-72,-76,10,3872,28090,55,44,16,11336,44,42,1588,241,755,508,1024,204,1024,0,-1,-1,-1,0x100048009C140205,1537,1790,1730,988,2012,1620,1877,1500,1500,1620,1193,1449,1500,1500,1500,1500,1500,1500,1372,1628,1500,1609,1500,2012,1500,1915,1790,1500,1520,1705,1500,988,8.2
2026-04-19,17:09:47.270,-70,-68,10,3848,41090,55,44,16,28128,44,42,1594,397,1024,507,1024,204,1024,0,-1,-1,-1,0x100048019C142605,1565,2012,1730,988,2012,1698,2012,1500,1500,1699,1193,1449,1500,1500,1500,1500,1500,1500,1372,1628,1500,1609,1500,2012,1500,2012,2012,1500,1520,1705,1500,988,8.2
2026-04-19,17:09:47.770,-72,-78,10,3811,22030,55,44,16,26074,44,43,1601,264,712,508,1024,204,1024,0,-1,-1,-1,0x100048049C140245,1541,1788,1730,988,2012,1632,1856,1500,1500,1632,1193,1449,1500,1500,1500,1500,1500,1500,1372,1628,1500,1609,1500,2012,1500,1914,1788,1500,1520,1705,1500,988,8.2
2026-04-19,17:09:48.270,-75,-78,10,3811,7910,55,44,16,18524,44,43,1604,548,344,508,1024,204,1024,0,-1,-1,-1,0x100048049C140245,1598,1588,1730,988,2012,1774,1672,1500,1500,1774,1193,1449,1500,1500,1500,1500,1500,1500,1372,1628,1500,1609,1500,2012,1500,1711,1588,1500,1520,1705,1500,988,8.2
2026-04-19,17:09:48.770,-86,-66,10,3810,5740,55,44,16,14352,44,43,1605,831,615,508,1024,204,1024,0,-1,-1,-1,0x100048049C140205,1677,1716,1730,988,2012,1915,1807,1500,1500,1915,1193,1449,1500,1500,1500,1500,1500,1500,1372,1628,1500,1609,1500,2012,1500,1859,1716,1500,1520,1705,1500,988,8.2
2026-04-19,17:09:49.270,-69,-72,10,3817,13130,57,44,16,15850,45,43,1606,864,505,508,1024,204,1024,0,-1,-1,-1,0x100048049C140245,1689,1667,1730,988,2012,1932,1752,1500,1500,1931,1193,1449,1500,1500,1500,1500,1500,1500,1372,1628,1500,1609,1500,2012,1500,1810,1667,1500,1520,1705,1500,988,8.2
2026-04-19,17:09:49.770,-71,-79,10,3840,20100,57,44,16,16176,45,43,1609,752,672,508,1024,204,1024,0,-1,-1,-1,0x100048019C140605,1652,1746,1730,988,2012,1876,1836,1500,1500,1876,1193,1449,1500,1500,1500,1500,1500,1500,1372,1628,1500,1609,1500,2012,1500,1882,1746,1500,1520,1705,1500,988,8.2
2026-04-19,17:09:50.270,-80,-81,10,3852,59800,57,44,16,25594,45,43,1613,440,1024,508,1024,204,1024,0,-1,-1,-1,0x100048019C142605,1574,2012,1730,988,2012,1720,2012,1500,1500,1720,1193,1449,1500,1500,1500,1500,1500,1500,1372,1628,1500,1609,1500,2012,1500,2012,2012,1500,1520,1705,1500,988,8.2
2026-04-19,17:09:50.770,-77,-84,10,3817,23850,57,44,16,19912,45,43,1620,335,596,508,1024,204,1024,0,-1,-1,-1,0x100048049C140245,1554,1730,1730,988,2012,1667,1790,1500,1500,1667,1193,1449,1500,1500,1500,1500,1500,1500,1372,1628,1500,1609,1500,2012,1500,1865,1730,1500,1520,1705,1500,988,8.2
2026-04-19,17:09:51.270,-75,-74,10,3815,6130,57,44,16,18088,45,43,1622,-29,191,508,1024,204,1024,0,-1,-1,-1,0x1000480498140205,1495,1547,1730,988,2012,1486,1595,1500,1500,1486,1193,1449,1500,1500,1500,1500,1500,1500,1372,1628,1500,1609,1500,2012,1500,1680,1547,1500,1520,1705,1500,988,8.2
2026-04-19,17:09:51.770,-79,-71,10,3817,2900,57,44,16,15212,45,43,1623,-29,4,508,1024,204,1024,0,-1,-1,-1,0x1000480498180245,1494,1501,1730,988,2012,1486,1502,1500,1500,1480,1193,1449,1500,1500,1500,1500,1500,1500,988,2012,1500,1609,1500,988,1500,1503,1501,1500,1520,1705,1500,988,8.2
2026-04-19,17:09:52.270,-84,-71,10,3833,4230,57,44,16,11514,45,43,1623,571,295,508,1024,204,1024,0,-1,-1,-1,0x100048009C141A85,1615,1575,1730,988,2012,1785,1647,1500,1500,1807,1193,1449,1500,1500,1500,1500,1500,1500,1372,1628,1500,1609,1500,2012,1500,1711,1575,1500,1520,1705,1500,988,8.2
2026-04-19,17:09:52.770,-70,-70,25,3857,3150,57,44,16,5334,45,43,1625,-1024,0,508,1024,204,1024,0,-1,-1,-1,0x100048009C140A85,1204,1500,1730,988,2012,988,1500,1500,1500,988,1193,1449,1500,1500,1500,1500,1500,1500,1117,1883,1500,1609,1500,2012,1500,1500,1500,1500,1520,1705,1500,988,8.2
2026-04-19,17:09:53.270,-63,-73,100,3874,15270,57,44,16,9782,45,43,1626,-1024,604,508,1024,204,1024,0,-1,-1,-1,0x100048009C140205,1204,1709,1730,988,2012,988,1802,1500,1500,988,1193,1449,1500,1500,1500,1500,1500,1500,1372,1628,1500,1609,1500,2012,1500,1854,1709,1500,1520,1705,1500,988,8.2
2026-04-19,17:09:53.770,-63,-71,10,3857,48900,57,44,16,23128,45,43,1630,321,309,508,1024,204,1024,0,-1,-1,-1,0x100048009C140205,1539,1621,1730,988,2012,1660,1654,1500,1500,1626,1193,1449,1500,1500,1500,1500,1500,1500,1372,1628,1500,1609,1500,2012,1500,1768,1621,1500,1520,1705,1500,988,8.2
2026-04-19,17:09:54.270,-69,-74,10,3852,11770,57,44,16,8878,44,43,1633,-348,277,508,1024,204,1024,0,-1,-1,-1,0x100048009C141205,1447,1603,1730,988,2012,1326,1638,1500,1500,1342,1193,1449,1500,1500,1500,1500,1500,1500,1372,1628,1500,1609,1500,2012,1500,1728,1603,1500,1520,1705,1500,988,8.2
2026-04-19,17:09:54.770,-69,-63,10,3851,11000,57,44,16,9032,44,43,1634,801,293,508,1024,204,1024,0,-1,-1,-1,0x100048009C140205,1667,1592,1730,988,2012,1901,1646,1500,1500,1900,1193,1449,1500,1500,1500,1500,1500,1500,1372,1628,1500,1609,1500,2012,1500,1708,1592,1500,1520,1705,1500,988,8.2
2026-04-19,17:09:55.270,-75,-62,10,3850,21650,57,44,16,15238,44,43,1636,-731,566,508,1024,204,1024,0,-1,-1,-1,0x100048009C140205,1342,1692,1730,988,2012,1135,1783,1500,1500,1129,1193,1449,1500,1500,1500,1500,1500,1500,1372,1628,1500,1609,1500,2012,1500,1838,1692,1500,1520,1705,1500,988,8.2
2026-04-19,17:09:55.770,-68,-57,10,3850,14290,57,44,16,15534,44,44,1638,-458,905,508,1024,204,1024,0,-1,-1,-1,0x100048009C140205,1417,1857,1730,988,2012,1271,1952,1500,1500,1266,1193,1449,1500,1500,1500,1500,1500,1500,1372,1628,1500,1609,1500,2012,1500,1964,1857,1500,1520,1705,1500,988,8.2
2026-04-19,17:09:56.270,-58,-70,10,3846,13900,57,44,16,21676,44,44,1644,-18,391,508,1024,204,1024,0,-1,-1,-1,0x1000480898140205,1497,1608,1730,988,2012,1491,1695,1500,1500,1492,1193,1449,1500,1500,1500,1500,1500,1500,1372,1628,1500,1609,1500,2012,1500,1738,1608,1500,1520,1705,1500,988,8.2
2026-04-19,17:09:56.770,-59,-56,10,3849,3320,57,44,16,24528,44,44,1645,-1024,-742,508,1024,204,1024,0,-1,-1,-1,0x100048049E100205,1204,1256,1730,1364,2012,988,1129,1161,1500,988,1193,1449,1500,1500,1500,1500,1500,1161,1039,2012,1500,1609,1500,988,1500,1117,1500,1500,1520,1705,1101,988,8.2
2026-04-19,17:09:57.270,-50,-56,10,3852,1820,57,44,16,5666,45,44,1645,-1024,1,508,1024,204,1024,0,-1,-1,-1,0x100048009C100205,1204,1500,1730,988,2012,988,1500,1500,1500,988,1193,1449,1500,1500,1500,1500,1500,1500,1162,2012,1500,1609,1500,988,1500,1501,1500,1500,1520,1705,1500,988,8.2
2026-04-19,17:09:57.770,-50,-58,10,3861,2170,57,44,16,3484,45,44,1646,-1024,115,508,1024,204,1024,0,-1,-1,-1,0x100048029C140205,1204,1531,1730,988,2012,988,1557,1500,1500,988,1193,1449,1500,1500,1500,1500,1500,1500,1372,1628,1500,1609,1500,2012,1500,1565,1531,1500,1520,1705,1500,988,8.2
2026-04-19,17:09:58.270,-64,-75,100,3880,22070,57,44,16,11730,45,44,1647,-680,528,508,1024,204,1024,0,-1,-1,-1,0x100048029C140205,1370,1664,1730,988,2012,1160,1764,1500,1500,1175,1193,1449,1500,1500,1500,1500,1500,1500,1372,1628,1500,1609,1500,2012,1500,1814,1664,1500,1520,1705,1500,988,8.2
2026-04-19,17:09:58.770,-62,-67,10,3879,36430,57,44,16,14270,45,44,1649,298,417,508,1024,204,1024,0,-1,-1,-1,0x100048029C140205,1547,1644,1730,988,2012,1649,1708,1500,1500,1649,1193,1449,1500,1500,1500,1500,1500,1500,1372,1628,1500,1609,1500,2012,1500,1821,1644,1500,1520,1705,1500,988,8.2
2026-04-19,17:09:59.270,-55,-63,10,3874,4690,57,44,16,10640,45,44,1652,1024,417,508,1024,204,1024,0,-1,-1,-1,0x100048029C140205,1763,1629,1730,988,2012,2012,1708,1500,1500,2012,1193,1449,1500,1500,1500,1500,1500,1500,1372,1628,1500,1609,1500,2012,1500,1762,1629,1500,1520,1705,1500,988,8.2
2026-04-19,17:09:59.770,-70,-60,10,3871,5570,57,44,16,5748,45,44,1653,948,426,508,1024,204,1024,0,-1,-1,-1,0x100048029C140205,1725,1645,1730,988,2012,1974,1713,1500,1500,1974,1193,1449,1500,1500,1500,1500,1500,1500,1372,1628,1500,1609,1500,2012,1500,1778,1645,1500,1520,1705,1500,988,8.2
2026-04-19,17:10:00.270,-57,-54,10,3866,15900,57,44,16,11048,45,44,1654,687,481,508,1024,204,1024,0,-1,-1,-1,0x100048029C140205,1634,1658,1730,988,2012,1843,1740,1500,1500,1843,1193,1449,1500,1500,1500,1500,1500,1500,1372,1628,1500,1609,1500,2012,1500,1799,1658,1500,1520,1705,1500,988,8.2
2026-04-19,17:10:00.770,-57,-64,10,3861,40000,57,44,16,16090,45,44,1657,405,3,508,1024,204,1024,0,-1,-1,-1,0x100048009C140205,1569,1501,1730,988,2012,1702,1501,1500,1500,1707,1193,1449,1500,1500,1500,1500,1500,1500,1014,1986,1500,1609,1500,2012,1500,1597,1501,1500,1520,1705,1500,988,8.2
2026-04-19,17:10:01.270,-54,-64,10,3859,13970,57,44,16,23382,45,44,1660,373,387,508,1024,204,1024,0,-1,-1,-1,0x100048089C140205,1560,1569,1730,988,2012,1687,1693,1500,1500,1684,1193,1449,1500,1500,1500,1500,1500,1500,1372,1628,1500,1609,1500,2012,1500,1671,1569,1500,1520,1705,1500,988,8.2
2026-04-19,17:10:01.770,-53,-64,10,3860,14670,57,44,16,31684,45,44,1663,309,993,508,1024,204,1024,0,-1,-1,-1,0x100048099C142605,1549,2012,1730,988,2012,1654,1996,1500,1500,1655,1193,1449,1500,1500,1500,1500,1500,1500,1372,1628,1500,1609,1500,2012,1500,2012,2012,1500,1520,1705,1500,988,8.2
2026-04-19,17:10:02.270,-65,-57,10,3859,5040,57,44,16,27468,45,44,1665,277,1,508,1024,204,1024,0,-1,-1,-1,0x100048089C140205,1545,1500,1730,988,2012,1638,1500,1500,1500,1643,1193,1449,1500,1500,1500,1500,1500,1500,1275,2012,1500,1609,1500,2012,1500,1501,1500,1500,1520,1705,1500,988,8.2
2026-04-19,17:10:02.770,-58,-59,10,3863,1960,57,44,16,508,45,44,1665,315,1023,508,1024,204,1024,0,-1,-1,-1,0x100048009C142205,1548,2010,1730,988,2012,1657,2011,1500,1500,1652,1193,1449,1500,1500,1500,1500,1500,1500,1372,1628,1500,1609,1500,2012,1500,2011,1842,1500,1520,1705,1500,988,8.2
2026-04-19,17:10:03.270,-65,-63,10,3838,66170,57,44,16,26744,45,44,1673,1024,3,508,1024,204,1024,0,-1,-1,-1,0x100048009C140205,1763,1501,1730,988,2012,2012,1501,1500,1500,2012,1193,1449,1500,1500,1500,1500,1500,1500,1069,2012,1500,1609,1500,2012,1500,1502,1501,1500,1520,1705,1500,988,8.2
2026-04-19,17:10:03.770,-64,-70,10,3839,2100,57,44,16,3194,45,45,1675,1024,33,508,1024,204,1024,0,-1,-1,-1,0x100048009C140205,1763,1511,1730,988,2012,2012,1516,1500,1500,2012,1193,1449,1500,1500,1500,1500,1500,1500,1117,1883,1500,1609,1500,2012,1500,1526,1511,1500,1520,1705,1500,988,8.2
2026-04-19,17:10:04.270,-67,-64,10,3848,10190,57,44,16,5702,45,45,1676,1024,1,508,1024,204,1024,0,-1,-1,-1,0x100048009C140205,1763,1500,1730,988,2012,2012,1500,1500,1500,2012,1193,1449,1500,1500,1500,1500,1500,1500,1009,2012,1500,1609,1500,2012,1500,1501,1500,1500,1520,1705,1500,988,8.2
2026-04-19,17:10:04.770,-71,-72,10,3848,0,57,44,16,2214,45,45,1677,915,1,508,1024,204,1024,0,-1,-1,-1,0x100048009C140205,1714,1500,1730,988,2012,1957,1500,1500,1500,1963,1193,1449,1500,1500,1500,1500,1500,1500,1372,2012,1500,1609,1500,2012,1500,1501,1500,1500,1520,1705,1500,988,8.2
2026-04-19,17:10:05.270,-63,-62,10,3860,10820,57,44,16,5480,45,45,1677,115,384,508,1024,204,1024,0,-1,-1,-1,0x100048009C140205,1515,1629,1730,988,2012,1557,1692,1500,1500,1552,1193,1449,1500,1500,1500,1500,1500,1500,1372,1628,1500,1609,1500,2012,1500,1757,1629,1500,1520,1705,1500,988,8.2
2026-04-19,17:10:05.770,-68,-56,10,3883,7530,57,44,16,10036,45,45,1678,250,463,508,1024,204,1024,0,-1,-1,-1,0x100048009C140205,1537,1651,1730,988,2012,1625,1731,1500,1500,1619,1193,1449,1500,1500,1500,1500,1500,1500,1372,1628,1500,1609,1500,2012,1500,1790,1651,1500,1520,1705,1500,988,8.2
2026-04-19,17:10:06.270,-68,-57,10,3865,24270,57,44,16,18222,45,45,1683,-5,779,508,1024,204,1024,0,-1,-1,-1,0x1000480098140205,1499,1797,1730,988,2012,1498,1889,1500,1500,1497,1193,1449,1500,1500,1500,1500,1500,1500,1372,1628,1500,1609,1500,2012,1500,1919,1797,1500,1520,1705,1500,988,8.2
2026-04-19,17:10:06.770,-67,-53,10,3863,3810,57,44,16,18466,45,45,1687,-1022,-312,508,1024,204,1024,0,-1,-1,-1,0x100048089E1C0205,1206,1318,1730,1297,2012,989,1344,1248,1500,990,1193,1449,1500,1500,1500,1500,1500,1248,1065,1935,1500,1609,1500,988,1500,1382,1500,1500,1520,1705,1248,988,8.2
2026-04-19,17:10:07.270,-54,-72,10,3849,14990,57,44,16,10780,45,45,1688,-1024,437,508,1024,204,1024,0,-1,-1,-1,0x1000480A9C140205,1204,1640,1730,988,2012,988,1718,1500,1500,988,1193,1449,1500,1500,1500,1500,1500,1500,1372,1628,1500,1609,1500,2012,1500,1777,1640,1500,1520,1705,1500,988,8.2
2026-04-19,17:10:07.770,-51,-72,10,3849,11350,57,44,16,8388,45,45,1689,-1024,428,508,1024,204,1024,0,-1,-1,-1,0x1000480A9C140205,1204,1637,1730,988,2012,988,1714,1500,1500,988,1193,1449,1500,1500,1500,1500,1500,1500,1372,1628,1500,1609,1500,2012,1500,1773,1637,1500,1520,1705,1500,988,8.2
2026-04-19,17:10:08.270,-73,-55,10,3841,27250,57,44,16,17534,45,45,1692,-44,626,508,1024,204,1024,0,-1,-1,-1,0x100048099C140605,1491,1736,1730,988,2012,1478,1806,1500,1500,1471,1193,1449,1500,1500,1500,1500,1500,1500,1372,1628,1500,1609,1500,2012,1500,1885,1736,1500,1520,1705,1500,988,8.2
2026-04-19,17:10:08.770,-69,-66,10,3854,9280,57,44,16,12470,45,45,1695,730,-530,508,1024,204,1024,0,-1,-1,-1,0x100048089E1C0205,1632,1240,1730,1382,2012,1865,1235,1139,1500,1839,1193,1449,1500,1500,1500,1500,1500,1139,988,2012,1500,1609,1500,2012,1500,1209,1500,1500,1520,1705,1139,988,8.2
2026-04-19,17:10:09.270,-55,-59,10,3860,10750,57,44,16,9056,45,45,1696,1024,421,508,1024,204,1024,0,-1,-1,-1,0x100048089C140205,1763,1630,1730,988,2012,2012,1710,1500,1500,2012,1193,1449,1500,1500,1500,1500,1500,1500,1372,1628,1500,1609,1500,2012,1500,1764,1630,1500,1520,1705,1500,988,8.2
2026-04-19,17:10:09.770,-60,-61,10,3861,7350,57,44,16,7368,45,45,1697,993,407,508,1024,204,1024,0,-1,-1,-1,0x100048089C140205,1746,1630,1730,988,2012,1996,1703,1500,1500,1996,1193,1449,1500,1500,1500,1500,1500,1500,1372,1628,1500,1609,1500,2012,1500,1763,1630,1500,1520,1705,1500,988,8.2
2026-04-19,17:10:10.270,-63,-55,10,3856,17480,57,44,16,13728,45,45,1699,242,591,508,1024,204,1024,0,-1,-1,-1,0x100048099C140605,1540,1702,1730,988,2012,1621,1795,1500,1500,1627,1193,1449,1500,1500,1500,1500,1500,1500,1372,1628,1500,1609,1500,2012,1500,1848,1702,1500,1520,1705,1500,988,8.2
2026-04-19,17:10:10.770,-63,-57,10,3855,20000,57,44,16,18826,45,45,1703,326,314,508,1024,204,1024,0,-1,-1,-1,0x100048089C140205,1552,1595,1730,988,2012,1662,1663,1500,1500,1662,1193,1449,1500,1500,1500,1500,1500,1500,1372,1628,1500,1609,1500,2012,1500,1712,1595,1500,1520,1705,1500,988,8.2
2026-04-19,17:10:11.270,-68,-60,10,3857,7460,57,44,16,11686,45,45,1704,413,463,508,1024,204,1024,0,-1,-1,-1,0x100048089C140205,1568,1651,1730,988,2012,1706,1726,1500,1500,1706,1193,1449,1500,1500,1500,1500,1500,1500,1372,1628,1500,1609,1500,2012,1500,1791,1651,1500,1520,1705,1500,988,8.2
2026-04-19,17:10:11.770,-58,-65,50,3851,25500,57,44,16,14332,45,45,1706,512,536,508,1024,204,1024,0,-1,-1,-1,0x100048099C140205,1589,1690,1730,988,2012,1763,1760,1500,1500,1755,1193,1449,1500,1500,1500,1500,1500,1500,1372,1628,1500,1609,1500,2012,1500,1849,1690,1500,1520,1705,1500,988,8.2
2026-04-19,17:10:12.270,-65,-74,10,3849,27640,57,44,16,21742,45,45,1709,461,775,508,1024,204,1024,0,-1,-1,-1,0x100048099C140605,1566,1793,1730,988,2012,1730,1887,1500,1500,1700,1193,1449,1500,1500,1500,1500,1500,1500,1372,1628,1500,1609,1500,2012,1500,1922,1793,1500,1520,1705,1500,988,8.2
2026-04-19,17:10:12.770,-63,-51,10,3837,24900,57,44,16,24236,45,45,1713,97,1023,507,1024,204,1024,0,-1,-1,-1,0x100048059C142245,1516,2010,1730,988,2012,1548,2011,1500,1500,1553,1193,1449,1500,1500,1500,1500,1500,1500,1372,1628,1500,1609,1500,2012,1500,2011,2010,1500,1520,1705,1500,988,8.2
2026-04-19,17:10:13.270,-52,-49,10,3812,64880,57,44,16,26900,45,46,1720,-7,6,508,1024,204,1024,0,-1,-1,-1,0x1000480498140205,1499,1502,1730,988,2012,1497,1503,1500,1500,1497,1193,1449,1500,1500,1500,1500,1500,1500,1321,1679,1500,1609,1500,2012,1500,1892,1502,1500,1520,1705,1500,988,8.2
2026-04-19,17:10:13.770,-58,-59,10,3806,4620,57,44,16,18938,45,46,1723,-1,376,508,1024,204,1024,0,-1,-1,-1,0x1000480498140245,1499,1617,1730,988,2012,1500,1688,1500,1500,1500,1193,1449,1500,1500,1500,1500,1500,1500,1372,1628,1500,1609,1500,2012,1500,1746,1617,1500,1520,1705,1500,988,8.2
2026-04-19,17:10:14.270,-62,-62,10,3815,5110,57,44,16,17164,45,46,1723,-15,329,508,1024,204,1024,0,-1,-1,-1,0x1000480498140205,1497,1596,1730,988,2012,1492,1672,1500,1500,1493,1193,1449,1500,1500,1500,1500,1500,1500,1372,1628,1500,1609,1500,2012,1500,1721,1596,1500,1520,1705,1500,988,8.2
2026-04-19,17:10:14.770,-71,-72,10,3829,5880,57,44,16,16040,45,46,1724,-1,2,508,1024,204,1024,0,-1,-1,-1,0x1000480498140245,1499,1500,1730,988,2012,1500,1500,1500,1500,1500,1193,1449,1500,1500,1500,1500,1500,1500,1018,2012,1500,1609,1500,2012,1500,1501,1500,1500,1520,1705,1500,988,8.2
2026-04-19,17:10:15.270,-64,-73,25,3846,2800,57,44,16,16400,45,46,1725,235,101,508,1024,204,1024,0,-1,-1,-1,0x100048009C140205,1534,1535,1730,988,2012,1623,1550,1500,1500,1612,1193,1449,1500,1500,1500,1500,1500,1500,1372,1628,1500,1609,1500,2012,1500,1576,1535,1500,1520,1705,1500,988,8.2
2026-04-19,17:10:15.770,-66,-64,10,3873,26590,57,44,16,16400,45,46,1726,-419,789,508,1024,204,1024,0,-1,-1,-1,0x100048009C140205,1425,1800,1730,988,2012,1291,1895,1500,1500,1286,1193,1449,1500,1500,1500,1500,1500,1500,1372,1628,1500,1609,1500,2012,1500,1928,1800,1500,1520,1705,1500,988,8.2
2026-04-19,17:10:16.270,-77,-92,10,3850,28860,57,44,16,30102,45,46,1731,-582,1,508,1024,204,1024,0,-1,-1,-1,0x100048009C140205,1390,1500,1730,988,2012,1209,1500,1500,1500,1209,1193,1449,1500,1500,1500,1500,1500,1500,1168,1832,1500,1609,1500,2012,1500,1804,1500,1500,1520,1705,1500,988,8.2
2026-04-19,17:10:16.770,-78,-72,10,3842,20420,57,44,16,20628,45,46,1734,-591,491,508,1024,204,1024,0,-1,-1,-1,0x100048049C140245,1387,1657,1730,988,2012,1204,1753,1500,1500,1205,1193,1449,1500,1500,1500,1500,1500,1500,1372,1628,1500,1609,1500,2012,1500,1804,1657,1500,1520,1705,1500,988,8.2
2026-04-19,17:10:17.270,-87,-71,10,3831,18460,57,44,16,20258,45,46,1737,16,104,508,1024,204,1024,0,-1,-1,-1,0x1000480498140245,1501,1538,1730,988,2012,1508,1552,1500,1500,1508,1193,1449,1500,1500,1500,1500,1500,1500,1372,1628,1500,1609,1500,2012,1500,1693,1538,1500,1520,1705,1500,988,8.2
2026-04-19,17:10:17.770,-85,-75,10,3830,3180,57,44,16,11680,45,46,1738,16,-1024,508,1024,204,1024,0,-1,-1,-1,0x100048009A180205,1501,1149,1730,1479,2012,1508,988,1500,1014,1508,1193,1449,1500,1500,1500,1500,1500,1014,1224,2012,1500,1609,1500,988,1500,988,1500,1500,1520,1705,1014,988,8.2
2026-04-19,17:10:18.270,-80,-82,10,3838,910,57,44,16,3380,45,46,1738,-1024,43,508,1024,204,1024,0,-1,-1,-1,0x100048009C140205,1204,1510,1730,988,2012,988,1521,1500,1500,988,1193,1449,1500,1500,1500,1500,1500,1500,988,2012,1500,1609,1500,2012,1500,1522,1510,1500,1520,1705,1500,988,8.2
2026-04-19,17:10:18.770,-83,-80,10,3862,17720,57,44,16,5204,45,46,1738,-1024,194,508,1024,204,1024,0,-1,-1,-1,0x100048009C140205,1204,1550,1730,988,2012,988,1597,1500,1500,988,1193,1449,1500,1500,1500,1500,1500,1500,1372,1628,1500,1609,1500,2012,1500,1633,1550,1500,1520,1705,1500,988,8.2
2026-04-19,17:10:19.270,-75,-79,10,3869,10580,57,44,16,8066,45,46,1740,-1024,382,508,1024,204,1024,0,-1,-1,-1,0x100048009C140205,1204,1620,1730,988,2012,988,1691,1500,1500,988,1193,1449,1500,1500,1500,1500,1500,1500,1372,1628,1500,1609,1500,2012,1500,1749,1620,1500,1520,1705,1500,988,8.2
2026-04-19,17:10:19.770,-82,-86,10,3869,19610,57,44,16,15312,45,46,1742,-176,766,508,1024,204,1024,0,-1,-1,-1,0x100048009C140205,1473,1797,1730,988,2012,1412,1883,1500,1500,1419,1193,1449,1500,1500,1500,1500,1500,1500,1372,1628,1500,1609,1500,2012,1500,1919,1797,1500,1520,1705,1500,988,8.2
2026-04-19,17:10:20.270,-85,-86,10,3854,26230,57,44,16,18838,44,46,1745,-135,634,508,1024,204,1024,0,-1,-1,-1,0x100048009C140205,1478,1726,1730,988,2012,1433,1817,1500,1500,1433,1193,1449,1500,1500,1500,1500,1500,1500,1372,1628,1500,1609,1500,2012,1500,1867,1726,1500,1520,1705,1500,988,8.2
2026-04-19,17:10:20.770,-85,-70,10,3844,4410,57,44,16,13078,44,46,1749,-161,1024,508,1024,204,1024,0,-1,-1,-1,0x100048049C142245,1474,2012,1730,988,2012,1420,2012,1500,1500,1420,1193,1449,1500,1500,1500,1500,1500,1500,1372,1628,1500,1609,1500,2012,1500,2012,1995,1500,1520,1705,1500,988,8.2
2026-04-19,17:10:21.270,-84,-76,10,3837,2900,57,44,16,28694,44,47,1751,1024,-404,508,1024,204,1024,0,-1,-1,-1,0x100048049E1C0205,1763,1274,1730,1344,2012,2012,1304,1193,1500,2012,1193,1449,1500,1500,1500,1500,1500,1193,988,2012,1500,1609,1500,2012,1500,1257,1500,1500,1520,1705,1193,988,8.2
2026-04-19,17:10:21.770,-82,-74,10,3839,11000,57,44,16,9264,44,47,1752,1024,417,508,1024,204,1024,0,-1,-1,-1,0x100048009C140205,1763,1625,1730,988,2012,2012,1708,1500,1500,2012,1193,1449,1500,1500,1500,1500,1500,1500,1372,1628,1500,1609,1500,2012,1500,1757,1625,1500,1520,1705,1500,988,8.2
2026-04-19,17:10:22.270,-76,-75,10,3847,14710,57,44,16,10222,45,47,1754,1024,503,508,1024,204,1024,0,-1,-1,-1,0x100048009C140205,1763,1667,1730,988,2012,2012,1751,1500,1500,2012,1193,1449,1500,1500,1500,1500,1500,1500,1372,1628,1500,1609,1500,2012,1500,1809,1667,1500,1520,1705,1500,988,8.2
2026-04-19,17:10:22.770,-79,-69,10,3853,18770,57,44,16,12882,45,47,1757,865,564,508,1024,205,1024,0,-1,-1,-1,0x100048019C140205,1694,1691,1730,988,2012,1932,1782,1500,1500,1938,1193,1449,1500,1500,1500,1500,1500,1500,1372,1628,1500,1609,1500,2012,1500,1837,1691,1500,1520,1705,1500,988,8.2
2026-04-19,17:10:23.270,-72,-74,10,3843,31600,57,44,16,23516,45,47,1760,72,1023,508,1024,204,1024,0,-1,-1,-1,0x100048019C142605,1508,2010,1730,988,2012,1536,2011,1500,1500,1529,1193,1449,1500,1500,1500,1500,1500,1500,1372,1628,1500,1609,1500,2012,1500,2011,2010,1500,1520,1705,1500,988,8.2
2026-04-19,17:10:23.770,-70,-82,10,3806,57980,57,44,16,28478,45,47,1768,261,259,508,1024,205,1024,0,-1,-1,-1,0x100048009C140205,1541,1560,1730,988,2012,1630,1629,1500,1500,1631,1193,1449,1500,1500,1500,1500,1500,1500,1372,1628,1500,1609,1500,2012,1500,1823,1560,1500,1520,1705,1500,988,8.2
2026-04-19,17:10:24.270,-85,-77,25,3801,9030,57,44,16,18372,45,47,1770,460,285,508,1024,204,1024,0,-1,-1,-1,0x100048049C140205,1578,1596,1730,988,2012,1730,1634,1500,1500,1730,1193,1449,1500,1500,1500,1500,1500,1500,1372,1628,1500,1609,1500,2012,1500,1750,1596,1500,1520,1705,1500,988,8.2
2026-04-19,17:10:24.770,-92,-73,10,3805,16220,59,44,16,16948,45,47,1771,634,338,508,1024,205,1024,0,-1,-1,-1,0x100048049C140245,1620,1604,1730,988,2012,1817,1669,1500,1500,1817,1193,1449,1500,1500,1500,1500,1500,1500,1372,1628,1500,1609,1500,2012,1500,1726,1604,1500,1520,1705,1500,988,8.2
2026-04-19,17:10:25.270,-61,-64,10,3811,8440,59,44,16,13806,45,47,1773,906,204,508,1024,204,1024,0,-1,-1,-1,0x100048049C140205,1706,1555,1730,988,2012,1953,1602,1500,1500,1953,1193,1449,1500,1500,1500,1500,1500,1500,1372,1628,1500,1609,1500,2012,1500,1635,1555,1500,1520,1705,1500,988,8.2
2026-04-19,17:10:25.770,-71,-74,10,3835,14180,59,44,16,12376,45,47,1774,952,563,508,1024,205,1024,0,-1,-1,-1,0x100048009C140205,1726,1690,1730,988,2012,1976,1781,1500,1500,1976,1193,1449,1500,1500,1500,1500,1500,1500,1372,1628,1500,1609,1500,2012,1500,1837,1690,1500,1520,1705,1500,988,8.2
2026-04-19,17:10:26.270,-90,-69,10,3843,41330,59,44,16,19414,45,47,1778,562,1010,507,1024,205,1024,0,-1,-1,-1,0x100048019C142605,1602,1994,1730,988,2012,1781,2005,1500,1500,1781,1193,1449,1500,1500,1500,1500,1500,1500,1372,1628,1500,1609,1500,2012,1500,2007,1993,1500,1520,1705,1500,988,8.2
2026-04-19,17:10:26.770,-76,-74,10,3813,46480,59,44,16,24496,45,47,1784,413,1024,507,1024,204,1024,0,-1,-1,-1,0x100048019C142205,1568,2012,1730,988,2012,1706,2012,1500,1500,1706,1193,1449,1500,1500,1500,1500,1500,1500,1372,1628,1500,1609,1500,2012,1500,2012,2012,1500,1520,1705,1500,988,8.2
2026-04-19,17:10:27.270,-82,-83,10,3793,15270,59,44,16,21784,45,47,1790,25,134,508,1024,204,1024,0,-1,-1,-1,0x1000480498140205,1503,1545,1730,988,2012,1512,1567,1500,1500,1512,1193,1449,1500,1500,1500,1500,1500,1500,1372,1628,1500,1609,1500,2012,1500,1739,1545,1500,1520,1705,1500,988,8.2
2026-04-19,17:10:27.770,-77,-78,50,3788,8330,59,44,16,18996,45,47,1792,-1,-12,508,1024,204,1024,0,-1,-1,-1,0x1000480498140245,1499,1492,1730,1001,2012,1500,1494,1489,1500,1500,1193,1449,1500,1500,1500,1500,1500,1489,1270,1730,1500,1609,1500,2012,1500,1505,1500,1500,1520,1705,1489,988,8.2
2026-04-19,17:10:28.270,-75,-77,10,3793,2620,59,44,16,11172,45,48,1792,907,217,508,1024,204,1024,0,-1,-1,-1,0x100048009C140205,1701,1557,1730,988,2012,1953,1608,1500,1500,1947,1193,1449,1500,1500,1500,1500,1500,1500,1372,1628,1500,1609,1500,2012,1500,1654,1557,1500,1520,1705,1500,988,8.2
2026-04-19,17:10:28.770,-79,-76,10,3818,15160,59,44,16,17886,45,48,1794,-998,-692,508,1024,204,1024,0,-1,-1,-1,0x100048009E181A85,1255,1256,1730,1364,2012,1001,1154,1161,1500,1030,1193,1449,1500,1500,1500,1500,1500,1161,988,2012,1500,1609,1500,988,1500,1491,1500,1500,1520,1705,1101,988,8.2
2026-04-19,17:10:29.270,-72,-67,10,3840,5670,59,44,16,7254,45,48,1795,-1024,253,508,1024,204,1024,0,-1,-1,-1,0x100048009C141A85,1204,1573,1730,988,2012,988,1626,1500,1500,988,1193,1449,1500,1500,1500,1500,1500,1500,1372,1628,1500,1609,1500,2012,1500,1719,1573,1500,1520,1705,1500,988,8.2
2026-04-19,17:10:29.770,-61,-74,10,3852,22420,59,44,16,14326,45,48,1797,-449,735,508,1024,204,1024,0,-1,-1,-1,0x100048009C140205,1426,1779,1730,988,2012,1276,1867,1500,1500,1287,1193,1449,1500,1500,1500,1500,1500,1500,1372,1628,1500,1609,1500,2012,1500,1907,1779,1500,1520,1705,1500,988,8.2
2026-04-19,17:10:30.270,-64,-62,10,3840,24970,59,44,16,15906,45,48,1800,992,-26,508,1024,204,1024,0,-1,-1,-1,0x100048009E1C1A85,1739,1483,1730,1016,2012,2002,1498,1476,1500,1989,1193,1449,1500,1500,1500,1500,1500,1476,1029,2012,1500,1609,1500,2012,1500,1464,1500,1500,1520,1705,1476,988,8.2
2026-04-19,17:10:30.770,-63,-64,10,3836,19440,59,44,16,11832,45,48,1802,1024,440,508,1024,204,1024,0,-1,-1,-1,0x100048009C141205,1763,1642,1730,988,2012,2012,1720,1500,1500,2012,1193,1449,1500,1500,1500,1500,1500,1500,1372,1628,1500,1609,1500,2012,1500,1780,1642,1500,1520,1705,1500,988,8.2
2026-04-19,17:10:31.270,-64,-64,10,3834,22800,59,44,16,14134,45,48,1804,-241,650,508,1024,204,1024,0,-1,-1,-1,0x100048009C140205,1463,1734,1730,988,2012,1380,1825,1500,1500,1388,1193,1449,1500,1500,1500,1500,1500,1500,1372,1628,1500,1609,1500,2012,1500,1873,1734,1500,1520,1705,1500,988,8.2
2026-04-19,17:10:31.770,-67,-62,10,3827,6480,59,44,16,12540,45,48,1807,-673,508,508,1024,204,1024,0,-1,-1,-1,0x100048009C140205,1364,1660,1730,988,2012,1164,1754,1500,1500,1164,1193,1449,1500,1500,1500,1500,1500,1500,1372,1628,1500,1609,1500,2012,1500,1807,1660,1500,1520,1705,1500,988,8.2
2026-04-19,17:10:32.270,-67,-62,10,3829,39440,59,44,16,20770,45,48,1810,-297,121,508,1024,205,1024,0,-1,-1,-1,0x100048089C140205,1448,1550,1730,988,2012,1352,1549,1500,1500,1346,1193,1449,1500,1500,1500,1500,1500,1500,1372,1628,1500,1609,1500,2012,1500,1851,1550,1500,1520,1705,1500,988,8.2
2026-04-19,17:10:32.770,-64,-55,10,3826,27500,59,44,16,29660,45,48,1813,-14,612,508,1024,204,1024,0,-1,-1,-1,0x1000480898140205,1498,1646,1730,988,2012,1498,1813,1500,1500,1493,1193,1449,1500,1500,1500,1500,1500,1500,1372,1628,1500,1609,1500,2012,1500,1850,1646,1500,1520,1705,1500,988,8.2
2026-04-19,17:10:33.270,-51,-58,10,3830,3250,59,44,16,13636,45,48,1814,-1024,0,508,1024,204,1024,0,-1,-1,-1,0x100048049C180205,1204,1500,1730,989,2012,988,1500,1499,1500,988,1193,1449,1500,1500,1500,1500,1500,1499,1224,2012,1500,1609,1500,988,1500,1499,1500,1500,1520,1705,1500,988,8.2
2026-04-19,17:10:33.770,-51,-66,10,3840,7840,59,44,16,5628,45,48,1814,-1024,379,508,1024,204,1024,0,-1,-1,-1,0x100048009C140205,1204,1619,1730,988,2012,988,1689,1500,1500,988,1193,1449,1500,1500,1500,1500,1500,1500,1372,1628,1500,1609,1500,2012,1500,1747,1619,1500,1520,1705,1500,988,8.2
2026-04-19,17:10:34.270,-63,-68,10,3845,7320,59,44,16,5766,45,48,1815,-1024,387,508,1024,204,1024,0,-1,-1,-1,0x100048009C140205,1204,1621,1730,988,2012,988,1693,1500,1500,988,1193,1449,1500,1500,1500,1500,1500,1500,1372,1628,1500,1609,1500,2012,1500,1751,1621,1500,1520,1705,1500,988,8.2
2026-04-19,17:10:34.770,-60,-68,10,3853,28650,59,44,16,13834,45,48,1817,-111,628,508,1024,204,1024,0,-1,-1,-1,0x100048009C140205,1482,1709,1730,988,2012,1445,1820,1500,1500,1445,1193,1449,1500,1500,1500,1500,1500,1500,1372,1628,1500,1609,1500,2012,1500,1860,1709,1500,1520,1705,1500,988,8.2
2026-04-19,17:10:35.270,-59,-76,10,3847,13550,59,44,16,14722,45,48,1821,1023,-265,508,1024,204,1024,0,-1,-1,-1,0x100048009E100205,1762,1347,1730,1250,2012,2011,1368,1288,1500,2011,1193,1449,1500,1500,1500,1500,1500,1288,1101,2012,1500,1609,1500,988,1500,1291,1500,1500,1520,1705,1277,988,8.2
2026-04-19,17:10:35.770,-56,-60,10,3849,6480,59,44,16,5502,45,48,1822,1024,446,508,1024,204,1024,0,-1,-1,-1,0x100048009C140205,1763,1645,1730,988,2012,2012,1723,1500,1500,2012,1193,1449,1500,1500,1500,1500,1500,1500,1372,1628,1500,1609,1500,2012,1500,1782,1645,1500,1520,1705,1500,988,8.2
2026-04-19,17:10:36.270,-56,-60,10,3844,17410,59,44,16,11032,45,48,1824,770,407,508,1024,204,1024,0,-1,-1,-1,0x100048009C140205,1658,1633,1730,988,2012,1885,1703,1500,1500,1885,1193,1449,1500,1500,1500,1500,1500,1500,1372,1628,1500,1609,1500,2012,1500,1767,1633,1500,1520,1705,1500,988,8.2
2026-04-19,17:10:36.770,-52,-62,10,3830,44380,59,44,16,16966,45,48,1827,324,444,508,1024,204,1024,0,-1,-1,-1,0x100048019C140605,1552,1656,1730,988,2012,1662,1713,1500,1500,1662,1193,1449,1500,1500,1500,1500,1500,1500,1372,1628,1500,1609,1500,2012,1500,1811,1656,1500,1520,1705,1500,988,8.2
2026-04-19,17:10:37.270,-54,-68,10,3841,7000,59,44,16,21720,45,48,1830,301,539,508,1024,204,1024,0,-1,-1,-1,0x100048009C140205,1547,1659,1730,988,2012,1650,1769,1500,1500,1650,1193,1449,1500,1500,1500,1500,1500,1500,1372,1628,1500,1609,1500,2012,1500,1819,1659,1500,1520,1705,1500,988,8.2
2026-04-19,17:10:37.770,-55,-68,10,3825,61370,59,44,16,24566,45,49,1833,690,-339,508,1024,205,1024,0,-1,-1,-1,0x100048049E180245,1636,1340,1730,1262,2012,1845,1331,1279,1500,1845,1193,1449,1500,1500,1500,1500,1500,1278,988,2012,1500,1609,1500,988,1500,1713,1500,1500,1520,1705,1232,988,8.2
2026-04-19,17:10:38.270,-79,-59,10,3829,4270,59,44,16,4660,45,49,1837,-238,863,508,1024,204,1024,0,-1,-1,-1,0x100048009C140205,1463,1850,1730,988,2012,1381,1931,1500,1500,1387,1193,1449,1500,1500,1500,1500,1500,1500,1372,1628,1500,1609,1500,2012,1500,1955,1850,1500,1520,1705,1500,988,8.2
2026-04-19,17:10:38.770,-64,-65,10,3814,13520,59,44,16,11574,45,49,1841,-1024,399,508,1024,204,1024,0,-1,-1,-1,0x100048009C140205,1204,1622,1730,988,2012,988,1699,1500,1500,988,1193,1449,1500,1500,1500,1500,1500,1500,1372,1628,1500,1609,1500,2012,1500,1758,1622,1500,1520,1705,1500,988,8.2
2026-04-19,17:10:39.270,-62,-52,10,3821,31240,59,44,16,15924,45,49,1844,-65,880,508,1024,204,1024,0,-1,-1,-1,0x100048009C140205,1490,1852,1730,988,2012,1468,1940,1500,1500,1468,1193,1449,1500,1500,1500,1500,1500,1500,1372,1628,1500,1609,1500,2012,1500,1956,1852,1500,1520,1705,1500,988,8.2
2026-04-19,17:10:39.770,-62,-54,10,3805,19090,59,44,16,15956,45,49,1848,-1024,-18,508,1024,204,1024,0,-1,-1,-1,0x100048009C100205,1204,1490,1730,1004,2012,988,1491,1487,1500,988,1193,1449,1500,1500,1500,1500,1500,1486,1101,2012,1500,1609,1500,988,1500,1486,1500,1500,1520,1705,1484,988,8.2
2026-04-19,17:10:40.270,-55,-53,10,3821,20280,59,44,16,12992,45,49,1850,-807,590,508,1024,204,1024,0,-1,-1,-1,0x100048009C140205,1318,1708,1730,988,2012,1096,1795,1500,1500,1097,1193,1449,1500,1500,1500,1500,1500,1500,1372,1628,1500,1609,1500,2012,1500,1853,1708,1500,1520,1705,1500,988,8.2
2026-04-19,17:10:40.770,-49,-53,10,3817,24940,59,44,16,13900,45,49,1852,-906,558,508,1024,204,1024,0,-1,-1,-1,0x100048019C140605,1275,1693,1730,988,2012,1047,1779,1500,1500,1048,1193,1449,1500,1500,1500,1500,1500,1500,1372,1628,1500,1609,1500,2012,1500,1834,1693,1500,1520,1705,1500,988,8.2
2026-04-19,17:10:41.270,-65,-66,10,3814,27780,59,44,16,17736,45,49,1856,-440,936,508,1024,204,1024,0,-1,-1,-1,0x100048019C140205,1423,1936,1730,988,2012,1280,1968,1500,1500,1281,1193,1449,1500,1500,1500,1500,1500,1500,1372,1628,1500,1609,1500,2012,1500,1985,1936,1500,1520,1705,1500,988,8.2
2026-04-19,17:10:41.770,-59,-68,10,3816,10750,59,44,16,17018,45,49,1861,1024,-12,508,1024,204,1024,0,-1,-1,-1,0x100048049C140245,1763,1492,1730,1001,2012,2012,1494,1489,1500,2012,1193,1449,1500,1500,1500,1500,1500,1489,1254,2012,1500,1609,1500,2012,1500,1491,1500,1500,1520,1705,1489,988,8.2
2026-04-19,17:10:42.270,-59,-56,10,3819,9100,59,44,16,7636,45,49,1861,1024,440,508,1024,204,1024,0,-1,-1,-1,0x100048009C140205,1763,1643,1730,988,2012,2012,1720,1500,1500,2012,1193,1449,1500,1500,1500,1500,1500,1500,1372,1628,1500,1609,1500,2012,1500,1780,1643,1500,1520,1705,1500,988,8.2
2026-04-19,17:10:42.770,-62,-67,10,3821,11940,59,44,16,8842,45,49,1863,951,515,508,1024,205,1024,0,-1,-1,-1,0x100048009C140205,1726,1668,1730,988,2012,1975,1757,1500,1500,1975,1193,1449,1500,1500,1500,1500,1500,1500,1372,1628,1500,1609,1500,2012,1500,1810,1668,1500,1520,1705,1500,988,8.2
2026-04-19,17:10:43.270,-61,-67,10,3820,31600,59,44,16,20386,46,49,1866,238,437,508,1024,205,1024,0,-1,-1,-1,0x100048019C140605,1537,1665,1730,988,2012,1619,1718,1500,1500,1619,1193,1449,1500,1500,1500,1500,1500,1500,1372,1628,1500,1609,1500,2012,1500,1840,1665,1500,1520,1705,1500,988,8.2
2026-04-19,17:10:43.770,-62,-59,10,3833,6230,59,44,16,11702,46,49,1869,740,426,508,1024,204,1024,0,-1,-1,-1,0x100048009C140205,1649,1636,1730,988,2012,1870,1713,1500,1500,1870,1193,1449,1500,1500,1500,1500,1500,1500,1372,1628,1500,1609,1500,2012,1500,1772,1636,1500,1520,1705,1500,988,8.2
2026-04-19,17:10:44.270,-74,-53,10,3832,14460,59,44,16,13998,46,49,1870,791,483,508,1024,204,1024,0,-1,-1,-1,0x100048009C140205,1664,1659,1730,988,2012,1895,1741,1500,1500,1895,1193,1449,1500,1500,1500,1500,1500,1500,1372,1628,1500,1609,1500,2012,1500,1800,1659,1500,1520,1705,1500,988,8.2
2026-04-19,17:10:44.770,-60,-78,10,3819,48830,59,44,16,30036,46,49,1874,349,531,508,1024,204,1024,0,-1,-1,-1,0x100048019C140605,1556,1728,1730,988,2012,1674,1765,1500,1500,1675,1193,1449,1500,1500,1500,1500,1500,1500,1372,1628,1500,1609,1500,2012,1500,1965,1728,1500,1520,1705,1500,988,8.2
2026-04-19,17:10:45.270,-58,-78,10,3811,23990,59,44,16,19138,46,49,1878,-289,739,508,1024,204,1024,0,-1,-1,-1,0x100048049C140205,1452,1781,1730,988,2012,1355,1869,1500,1500,1356,1193,1449,1500,1500,1500,1500,1500,1500,1372,1628,1500,1609,1500,2012,1500,1932,1781,1500,1520,1705,1500,988,8.2
2026-04-19,17:10:45.770,-55,-51,10,3788,60990,59,44,16,28378,46,50,1884,-514,1024,507,1024,204,1024,0,-1,-1,-1,0x100048059C142245,1403,2012,1730,988,2012,1243,2012,1500,1500,1237,1193,1449,1500,1500,1500,1500,1500,1500,1372,1628,1500,1609,1500,2012,1500,2012,2012,1500,1520,1705,1500,988,8.2
2026-04-19,17:10:46.270,-47,-53,10,3778,5850,59,44,16,22260,46,50,1889,-162,425,508,1024,204,1024,0,-1,-1,-1,0x100048049C140205,1474,1659,1730,988,2012,1419,1712,1500,1500,1420,1193,1449,1500,1500,1500,1500,1500,1500,1372,1628,1500,1609,1500,2012,1500,1829,1659,1500,1520,1705,1500,988,8.2
2026-04-19,17:10:46.770,-60,-51,10,3778,7460,61,44,16,17910,46,50,1890,-3,445,508,1024,204,1024,0,-1,-1,-1,0x1000480498140245,1499,1644,1730,988,2012,1499,1722,1500,1500,1499,1193,1449,1500,1500,1500,1500,1500,1500,1372,1628,1500,1609,1500,2012,1500,1781,1644,1500,1520,1705,1500,988,8.2
2026-04-19,17:10:47.270,-60,-75,250,3797,1960,61,44,16,15370,46,50,1891,2,185,508,1024,203,1024,0,-1,-1,-1,0x1000480498140205,1499,1554,1730,988,2012,1501,1592,1500,1500,1501,1193,1449,1500,1500,1500,1500,1500,1500,1372,1628,1500,1609,1500,2012,1500,1634,1554,1500,1520,1705,1500,988,8.2
2026-04-19,17:10:47.770,-63,-69,10,3818,1610,61,44,16,12602,46,50,1891,-25,585,508,1024,204,1024,0,-1,-1,-1,0x1000480098140205,1496,1708,1730,988,2012,1488,1792,1500,1500,1488,1193,1449,1500,1500,1500,1500,1500,1500,1372,1628,1500,1609,1500,2012,1500,1853,1708,1500,1520,1705,1500,988,8.2
2026-04-19,17:10:48.270,-65,-64,10,3850,9560,61,44,16,14228,46,50,1892,727,489,508,1024,204,1024,0,-1,-1,-1,0x100048009C140205,1649,1657,1730,988,2012,1863,1744,1500,1500,1870,1193,1449,1500,1500,1500,1500,1500,1500,1372,1628,1500,1609,1500,2012,1500,1798,1657,1500,1520,1705,1500,988,8.2
2026-04-19,17:10:48.770,-73,-67,10,3840,42320,61,44,16,20786,46,50,1894,-674,1024,508,1024,205,1024,0,-1,-1,-1,0x100048019C142605,1364,2012,1730,988,2012,1163,2012,1500,1500,1164,1193,1449,1500,1500,1500,1500,1500,1500,1372,1628,1500,1609,1500,2012,1500,2012,2012,1500,1520,1705,1500,988,8.2
2026-04-19,17:10:49.270,-74,-73,10,3825,31350,61,44,16,19768,46,50,1899,-477,764,508,1024,204,1024,0,-1,-1,-1,0x100048049C140205,1417,1712,1730,988,2012,1262,1882,1500,1500,1268,1193,1449,1500,1500,1500,1500,1500,1500,1372,1628,1500,1609,1500,2012,1500,1900,1712,1500,1520,1705,1500,988,8.2
2026-04-19,17:10:49.770,-79,-81,10,3812,10430,61,44,16,15866,46,50,1903,-643,341,508,1024,204,1024,0,-1,-1,-1,0x100048049C140245,1373,1595,1730,988,2012,1179,1670,1500,1500,1178,1193,1449,1500,1500,1500,1500,1500,1500,1372,1628,1500,1609,1500,2012,1500,1720,1595,1500,1520,1705,1500,988,8.2
2026-04-19,17:10:50.270,-70,-74,10,3810,7910,61,44,16,14568,46,50,1904,-451,0,508,1024,204,1024,0,-1,-1,-1,0x100048049C140205,1420,1500,1730,988,2012,1275,1500,1500,1500,1274,1193,1449,1500,1500,1500,1500,1500,1500,1065,1935,1500,1609,1500,2012,1500,1501,1500,1500,1520,1705,1500,988,8.2
2026-04-19,17:10:50.770,-87,-79,10,3814,980,61,44,16,6708,46,50,1904,964,111,508,1024,204,1024,0,-1,-1,-1,0x100048009C140205,1737,1537,1730,988,2012,1981,1555,1500,1500,1987,1193,1449,1500,1500,1500,1500,1500,1500,1372,1628,1500,1609,1500,2012,1500,1583,1537,1500,1520,1705,1500,988,8.2
2026-04-19,17:10:51.270,-82,-93,10,3838,3740,61,44,16,6342,46,50,1904,-978,36,508,1024,204,1024,0,-1,-1,-1,0x100048009C140205,1245,1513,1730,988,2012,1011,1518,1500,1500,1021,1193,1449,1500,1500,1500,1500,1500,1500,1090,2012,1500,1609,1500,2012,1500,1528,1513,1500,1520,1705,1500,988,8.2
2026-04-19,17:10:51.770,-81,-80,25,3851,4790,61,44,16,4336,46,50,1905,-1024,196,508,1024,204,1024,0,-1,-1,-1,0x100048009C140205,1204,1552,1730,988,2012,988,1598,1500,1500,988,1193,1449,1500,1500,1500,1500,1500,1500,1372,1628,1500,1609,1500,2012,1500,1628,1552,1500,1520,1705,1500,988,8.2
2026-04-19,17:10:52.270,-86,-93,10,3858,12890,61,44,16,7020,45,50,1906,-822,437,508,1024,204,1024,0,-1,-1,-1,0x100048009C140205,1301,1641,1730,988,2012,1089,1718,1500,1500,1076,1193,1449,1500,1500,1500,1500,1500,1500,1372,1628,1500,1609,1500,2012,1500,1778,1641,1500,1520,1705,1500,988,8.2
2026-04-19,17:10:52.770,-91,-82,50,3848,24340,61,44,16,14276,45,50,1909,-312,372,508,1024,204,1024,0,-1,-1,-1,0x100048009C140205,1448,1633,1730,988,2012,1344,1686,1500,1500,1344,1193,1449,1500,1500,1500,1500,1500,1500,1372,1628,1500,1609,1500,2012,1500,1806,1633,1500,1520,1705,1500,988,8.2
2026-04-19,17:10:53.270,-91,-81,50,3839,13060,61,44,16,14370,45,51,1912,-396,141,508,1024,204,1024,0,-1,-1,-1,0x100048009C140205,1432,1546,1730,988,2012,1302,1570,1500,1500,1302,1193,1449,1500,1500,1500,1500,1500,1500,1372,1628,1500,1609,1500,2012,1500,1731,1546,1500,1520,1705,1500,988,8.2
2026-04-19,17:10:53.770,-76,-75,10,3830,22630,61,44,16,19368,45,51,1913,-230,120,508,1024,204,1024,0,-1,-1,-1,0x100048009C140205,1462,1546,1730,988,2012,1385,1560,1500,1500,1385,1193,1449,1500,1500,1500,1500,1500,1500,1372,1628,1500,1609,1500,2012,1500,1845,1546,1500,1520,1705,1500,988,8.2
2026-04-19,17:10:54.270,-78,-73,10,3825,17580,61,44,16,14350,45,51,1915,292,383,508,1024,204,1024,0,-1,-1,-1,0x100048009C140205,1546,1626,1730,988,2012,1646,1691,1500,1500,1646,1193,1449,1500,1500,1500,1500,1500,1500,1372,1628,1500,1609,1500,2012,1500,1758,1626,1500,1520,1705,1500,988,8.2
2026-04-19,17:10:54.770,-79,-83,10,3829,0,61,44,16,9464,45,51,1916,1024,372,508,1024,205,1024,0,-1,-1,-1,0x100048009C140205,1763,1611,1730,988,2012,2012,1686,1500,1500,2012,1193,1449,1500,1500,1500,1500,1500,1500,1372,1628,1500,1609,1500,2012,1500,1737,1611,1500,1520,1705,1500,988,8.2
2026-04-19,17:10:55.270,-81,-86,10,3838,15020,61,44,16,9214,45,51,1917,1024,442,508,1024,204,1024,0,-1,-1,-1,0x100048009C140205,1763,1643,1730,988,2012,2012,1721,1500,1500,2012,1193,1449,1500,1500,1500,1500,1500,1500,1372,1628,1500,1609,1500,2012,1500,1780,1643,1500,1520,1705,1500,988,8.2
2026-04-19,17:10:55.770,-82,-79,10,3841,31240,61,44,16,16110,45,51,1920,234,735,508,1024,204,1024,0,-1,-1,-1,0x100048019C140605,1536,1772,1730,988,2012,1617,1867,1500,1500,1617,1193,1449,1500,1500,1500,1500,1500,1500,1372,1628,1500,1609,1500,2012,1500,1902,1772,1500,1520,1705,1500,988,8.2
2026-04-19,17:10:56.270,-68,-79,25,3815,57620,61,44,16,28372,45,51,1926,182,1024,507,1024,204,1024,0,-1,-1,-1,0x100048019C142205,1530,2012,1730,988,2012,1591,2012,1500,1500,1596,1193,1449,1500,1500,1500,1500,1500,1500,1372,1628,1500,1609,1500,2012,1500,2012,2012,1500,1520,1705,1500,988,8.2
2026-04-19,17:10:56.770,-70,-72,10,3785,16640,61,44,16,20234,45,51,1933,135,399,508,1024,204,1024,0,-1,-1,-1,0x100048049C140245,1520,1592,1730,988,2012,1567,1699,1500,1500,1567,1193,1449,1500,1500,1500,1500,1500,1500,1372,1628,1500,1609,1500,2012,1500,1733,1592,1500,1520,1705,1500,988,8.2
2026-04-19,17:10:57.270,-79,-77,10,3779,6230,61,44,16,18060,45,51,1934,624,462,508,1024,204,1024,0,-1,-1,-1,0x100048049C140205,1617,1636,1730,988,2012,1812,1731,1500,1500,1812,1193,1449,1500,1500,1500,1500,1500,1500,1372,1628,1500,1609,1500,2012,1500,1778,1636,1500,1520,1705,1500,988,8.2
2026-04-19,17:10:57.770,-75,-72,10,3777,7770,61,44,16,14180,45,51,1936,919,646,508,1024,204,1024,0,-1,-1,-1,0x100048049C140245,1712,1733,1730,988,2012,1959,1823,1500,1500,1959,1193,1449,1500,1500,1500,1500,1500,1500,1372,1628,1500,1609,1500,2012,1500,1872,1733,1500,1520,1705,1500,988,8.2
2026-04-19,17:10:58.270,-75,-73,10,3787,18390,61,44,16,13460,45,51,1938,1001,580,508,1024,204,1024,0,-1,-1,-1,0x100048009C140205,1750,1692,1730,988,2012,2000,1790,1500,1500,2000,1193,1449,1500,1500,1500,1500,1500,1500,1372,1628,1500,1609,1500,2012,1500,1838,1692,1500,1520,1705,1500,988,8.2
2026-04-19,17:10:58.770,-75,-90,50,3816,15690,61,44,16,14880,45,51,1940,935,579,508,1024,204,1024,0,-1,-1,-1,0x100048019C140605,1719,1696,1730,988,2012,1967,1789,1500,1500,1968,1193,1449,1500,1500,1500,1500,1500,1500,1372,1628,1500,1609,1500,2012,1500,1843,1696,1500,1520,1705,1500,988,8.2
2026-04-19,17:10:59.270,-85,-79,10,3802,56850,61,44,16,28344,45,51,1945,-90,1024,508,1024,204,1024,0,-1,-1,-1,0x100048059C142245,1485,2012,1730,988,2012,1455,2012,1500,1500,1455,1193,1449,1500,1500,1500,1500,1500,1500,1372,1628,1500,1609,1500,2012,1500,2012,2012,1500,1520,1705,1500,988,8.2
2026-04-19,17:10:59.770,-81,-70,10,3769,59830,61,44,16,27118,45,51,1953,-103,6,508,1024,205,1024,0,-1,-1,-1,0x100048049C140245,1483,1502,1730,988,2012,1449,1503,1500,1500,1449,1193,1449,1500,1500,1500,1500,1500,1500,1270,1730,1500,1609,1500,2012,1500,1823,1502,1500,1520,1705,1500,988,8.2
2026-04-19,17:11:00.270,-72,-71,10,3765,6550,61,44,16,18918,45,52,1956,261,399,508,1024,205,1024,0,-1,-1,-1,0x100048049C140205,1540,1639,1730,988,2012,1630,1699,1500,1500,1630,1193,1449,1500,1500,1500,1500,1500,1500,1372,1628,1500,1609,1500,2012,1500,1770,1639,1500,1520,1705,1500,988,8.2
2026-04-19,17:11:00.770,-83,-76,10,3768,2940,61,44,16,7306,45,52,1957,423,494,508,1024,205,1024,0,-1,-1,-1,0x100048009C140205,1583,1653,1730,988,2012,1711,1747,1500,1500,1741,1193,1449,1500,1500,1500,1500,1500,1500,1372,1628,1500,1609,1500,2012,1500,1797,1653,1500,1520,1705,1500,988,8.2
2026-04-19,17:11:01.270,-74,-74,10,3771,11910,61,44,16,14646,45,52,1958,1022,335,508,1024,204,1024,0,-1,-1,-1,0x100048009C141A85,1762,1631,1730,988,2012,2011,1667,1500,1500,2011,1193,1449,1500,1500,1500,1500,1500,1500,1372,1628,1500,1609,1500,2012,1500,1792,1631,1500,1520,1705,1500,988,8.2
2026-04-19,17:11:01.770,-74,-77,10,3807,7250,61,44,16,11802,45,52,1960,-1024,4,508,1024,204,1024,0,-1,-1,-1,0x100048009C100A85,1204,1501,1730,988,2012,988,1502,1500,1500,988,1193,1449,1500,1500,1500,1500,1500,1500,1111,2012,1500,1609,1500,988,1500,1503,1501,1500,1520,1705,1500,988,8.2
2026-04-19,17:11:02.270,-71,-64,10,3825,22490,61,44,16,12930,45,52,1962,-1024,549,508,1024,205,1024,0,-1,-1,-1,0x100048019C140E85,1204,1681,1730,988,2012,988,1774,1500,1500,988,1193,1449,1500,1500,1500,1500,1500,1500,1372,1628,1500,1609,1500,2012,1500,1825,1681,1500,1520,1705,1500,988,8.2
2026-04-19,17:11:02.770,-64,-63,10,3819,14850,61,44,16,11798,45,52,1965,-1024,683,508,1024,204,1024,0,-1,-1,-1,0x100048009C140205,1204,1730,1730,988,2012,988,1841,1500,1500,988,1193,1449,1500,1500,1500,1500,1500,1500,1372,1628,1500,1609,1500,2012,1500,1871,1730,1500,1520,1705,1500,988,8.2
2026-04-19,17:11:03.270,-60,-61,10,3806,32230,61,44,16,17722,45,52,1968,1024,209,508,1024,204,1024,0,-1,-1,-1,0x100048009C100205,1763,1557,1730,988,2012,2012,1604,1500,1500,2012,1193,1449,1500,1500,1500,1500,1500,1500,1372,1628,1500,1609,1500,988,1500,1642,1557,1500,1520,1705,1500,988,8.2
2026-04-19,17:11:03.770,-60,-66,10,3811,4090,61,44,16,5710,45,52,1969,1024,371,508,1024,204,1024,0,-1,-1,-1,0x100048009C140205,1763,1616,1730,988,2012,2012,1685,1500,1500,2012,1193,1449,1500,1500,1500,1500,1500,1500,1372,1628,1500,1609,1500,2012,1500,1743,1616,1500,1520,1705,1500,988,8.2
2026-04-19,17:11:04.270,-73,-67,10,3808,20700,61,44,16,11202,45,52,1971,-89,625,508,1024,204,1024,0,-1,-1,-1,0x100048009C140205,1489,1721,1730,988,2012,1456,1812,1500,1500,1465,1193,1449,1500,1500,1500,1500,1500,1500,1372,1628,1500,1609,1500,2012,1500,1863,1721,1500,1520,1705,1500,988,8.2
2026-04-19,17:11:04.770,-67,-53,10,3810,11450,61,44,16,13080,45,52,1974,-719,511,508,1024,204,1024,0,-1,-1,-1,0x100048089C140205,1349,1670,1730,988,2012,1141,1755,1500,1500,1140,1193,1449,1500,1500,1500,1500,1500,1500,1372,1628,1500,1609,1500,2012,1500,1813,1670,1500,1520,1705,1500,988,8.2
2026-04-19,17:11:05.270,-60,-74,10,3799,57480,61,44,16,27686,45,52,1978,-531,5,508,1024,204,1024,0,-1,-1,-1,0x100048089C140205,1402,1501,1730,988,2012,1235,1502,1500,1500,1234,1193,1449,1500,1500,1500,1500,1500,1500,1014,1986,1500,1609,1500,2012,1500,1741,1501,1500,1520,1705,1500,988,8.2
2026-04-19,17:11:05.770,-51,-55,10,3804,11380,61,44,16,29412,45,52,1982,-1021,-434,508,1024,204,1024,0,-1,-1,-1,0x100048049E1C0245,1206,1280,1730,1338,2012,990,1283,1195,1500,990,1193,1449,1500,1500,1500,1500,1500,1195,1168,1832,1500,1609,1500,2012,1500,1563,1500,1500,1520,1705,1195,988,8.2
2026-04-19,17:11:06.270,-48,-55,10,3808,11000,61,44,16,8544,45,52,1982,-44,514,508,1024,204,1024,0,-1,-1,-1,0x1000480098140205,1497,1671,1730,988,2012,1478,1757,1500,1500,1492,1193,1449,1500,1500,1500,1500,1500,1500,1372,1628,1500,1609,1500,2012,1500,1814,1671,1500,1520,1705,1500,988,8.2
2026-04-19,17:11:06.770,-51,-55,10,3812,4340,61,44,16,7268,45,52,1984,-1024,91,508,1024,204,1024,0,-1,-1,-1,0x100048009C140205,1204,1520,1730,988,2012,988,1545,1500,1500,988,1193,1449,1500,1500,1500,1500,1500,1500,1141,2012,1500,1609,1500,2012,1500,1543,1520,1500,1520,1705,1500,988,8.2
2026-04-19,17:11:07.270,-70,-66,10,3818,3430,61,44,16,5928,45,52,1986,-744,377,508,1024,204,1024,0,-1,-1,-1,0x100048009C140205,1346,1614,1730,988,2012,1128,1688,1500,1500,1135,1193,1449,1500,1500,1500,1500,1500,1500,1372,1628,1500,1609,1500,2012,1500,1741,1614,1500,1520,1705,1500,988,8.2
2026-04-19,17:11:07.770,-71,-63,10,3830,28790,61,44,16,15256,46,52,1988,101,700,508,1024,205,1024,0,-1,-1,-1,0x100048009C140205,1510,1761,1730,988,2012,1550,1850,1500,1500,1535,1193,1449,1500,1500,1500,1500,1500,1500,1372,1628,1500,1609,1500,2012,1500,1894,1761,1500,1520,1705,1500,988,8.2
2026-04-19,17:11:08.270,-65,-59,10,3827,2660,61,44,16,8880,46,52,1991,621,423,508,1024,204,1024,0,-1,-1,-1,0x100048009C140205,1600,1634,1730,988,2012,1810,1711,1500,1500,1779,1193,1449,1500,1500,1500,1500,1500,1500,1372,1628,1500,1609,1500,2012,1500,1770,1634,1500,1520,1705,1500,988,8.2
2026-04-19,17:11:08.770,-65,-53,10,3823,14570,61,44,16,8628,46,52,1993,1024,400,508,1024,204,1024,0,-1,-1,-1,0x100048009C140205,1763,1622,1730,988,2012,2012,1700,1500,1500,2012,1193,1449,1500,1500,1500,1500,1500,1500,1372,1628,1500,1609,1500,2012,1500,1753,1622,1500,1520,1705,1500,988,8.2
2026-04-19,17:11:09.270,-58,-63,10,3818,15160,61,44,16,10992,46,53,1995,291,621,508,1024,205,1024,0,-1,-1,-1,0x100048029C140205,1551,1699,1730,988,2012,1645,1810,1500,1500,1660,1193,1449,1500,1500,1500,1500,1500,1500,1372,1628,1500,1609,1500,2012,1500,1851,1699,1500,1520,1705,1500,988,8.2
2026-04-19,17:11:09.770,-57,-64,10,3795,66660,61,44,16,23540,46,53,2003,49,717,508,1024,204,1024,0,-1,-1,-1,0x1000480098140205,1506,1693,1730,988,2012,1524,1858,1500,1500,1525,1193,1449,1500,1500,1500,1500,1500,1500,1372,1628,1500,1609,1500,2012,1500,1884,1693,1500,1520,1705,1500,988,8.2
2026-04-19,17:11:10.270,-54,-53,10,3802,13130,61,44,16,32432,46,53,2005,1023,-84,508,1024,204,1024,0,-1,-1,-1,0x100048089E1C0205,1762,1423,1730,1120,2012,2011,1458,1393,1500,2011,1193,1449,1500,1500,1500,1500,1500,1393,1080,2012,1500,1609,1500,2012,1500,1390,1500,1500,1520,1705,1393,988,8.2
2026-04-19,17:11:10.770,-55,-68,10,3799,21720,61,44,16,11642,46,53,2006,1024,435,508,1024,204,1024,0,-1,-1,-1,0x100048009C140205,1763,1634,1730,988,2012,2012,1717,1500,1500,2012,1193,1449,1500,1500,1500,1500,1500,1500,1372,1628,1500,1609,1500,2012,1500,1776,1634,1500,1520,1705,1500,988,8.2
2026-04-19,17:11:11.270,-63,-61,10,3794,25710,61,44,16,15876,46,53,2009,-356,816,508,1024,204,1024,0,-1,-1,-1,0x100048009C140205,1446,1811,1730,988,2012,1322,1908,1500,1500,1339,1193,1449,1500,1500,1500,1500,1500,1500,1372,1628,1500,1609,1500,2012,1500,1933,1811,1500,1520,1705,1500,988,8.2
2026-04-19,17:11:11.770,-65,-54,10,3797,8510,61,44,16,13424,46,53,2013,-90,326,508,1024,204,1024,0,-1,-1,-1,0x100048009C100205,1490,1594,1730,988,2012,1455,1663,1500,1500,1470,1193,1449,1500,1500,1500,1500,1500,1500,1372,1628,1500,1609,1500,988,1500,1710,1594,1500,1520,1705,1500,988,8.2
2026-04-19,17:11:12.270,-65,-54,10,3810,15650,61,44,16,8780,46,53,2014,-1023,35,508,1024,204,1024,0,-1,-1,-1,0x100048009C140205,1205,1517,1707,988,2012,989,1517,1500,1500,989,1193,1449,1500,1500,1500,1500,1500,1500,1270,1730,1500,1609,1500,2012,1500,1528,1517,1500,1520,1705,1500,988,8.2
2026-04-19,17:11:12.770,-49,-55,10,3810,3850,61,44,16,5552,46,53,2015,-1024,344,508,1024,204,1024,0,-1,-1,-1,0x100048009C140205,1204,1601,1730,988,2012,988,1672,1500,1500,988,1193,1449,1500,1500,1500,1500,1500,1500,1372,1628,1500,1609,1500,2012,1500,1721,1601,1500,1520,1705,1500,988,8.2
2026-04-19,17:11:13.270,-52,-55,10,3810,21190,61,44,16,13494,46,53,2016,-279,535,508,1024,204,1024,0,-1,-1,-1,0x100048009C140205,1451,1674,1730,988,2012,1361,1767,1500,1500,1353,1193,1449,1500,1500,1500,1500,1500,1500,1372,1628,1500,1609,1500,2012,1500,1819,1674,1500,1520,1705,1500,988,8.2
2026-04-19,17:11:13.770,-62,-70,10,3816,22800,61,44,16,17056,46,53,2019,1014,-270,508,1024,204,1024,0,-1,-1,-1,0x100048009E1C0205,1750,1352,1730,1242,2012,2007,1365,1296,1500,2000,1193,1449,1500,1500,1500,1500,1500,1295,1219,1781,1500,1609,1500,2012,1500,1576,1500,1500,1520,1705,1296,988,8.2
2026-04-19,17:11:14.270,-59,-72,10,3820,17480,61,44,16,6858,46,53,2021,226,583,508,1024,204,1024,0,-1,-1,-1,0x100048009C140205,1537,1699,1730,988,2012,1613,1791,1500,1500,1618,1193,1449,1500,1500,1500,1500,1500,1500,1372,1628,1500,1609,1500,2012,1500,1845,1699,1500,1520,1705,1500,988,8.2
2026-04-19,17:11:14.770,-53,-72,10,3820,11240,61,44,16,9426,46,53,2023,1008,482,508,1024,204,1024,0,-1,-1,-1,0x100048089C140205,1759,1659,1730,988,2012,2004,1741,1500,1500,2009,1193,1449,1500,1500,1500,1500,1500,1500,1372,1628,1500,1609,1500,2012,1500,1800,1659,1500,1520,1705,1500,988,8.2
2026-04-19,17:11:15.270,-57,-70,10,3812,17860,61,44,16,14768,46,53,2026,265,701,508,1024,205,1024,0,-1,-1,-1,0x100048089C140205,1545,1761,1730,988,2012,1632,1850,1500,1500,1643,1193,1449,1500,1500,1500,1500,1500,1500,1372,1628,1500,1609,1500,2012,1500,1894,1761,1500,1520,1705,1500,988,8.2
2026-04-19,17:11:15.770,-61,-55,10,3807,12640,61,44,16,12662,46,53,2029,633,18,508,1024,205,1024,0,-1,-1,-1,0x100048089C140205,1614,1520,1730,988,2012,1816,1509,1500,1500,1805,1193,1449,1500,1500,1500,1500,1500,1500,1321,1679,1500,1609,1500,2012,1500,1754,1520,1500,1520,1705,1500,988,8.2
2026-04-19,17:11:16.270,-62,-55,10,3810,3950,61,44,16,10400,46,53,2031,858,423,508,1024,204,1024,0,-1,-1,-1,0x100048089C140205,1688,1624,1730,988,2012,1929,1711,1500,1500,1929,1193,1449,1500,1500,1500,1500,1500,1500,1372,1628,1500,1609,1500,2012,1500,1762,1624,1500,1520,1705,1500,988,8.2
2026-04-19,17:11:16.770,-65,-64,10,3811,18950,61,44,16,14932,46,53,2033,479,790,508,1024,205,1024,0,-1,-1,-1,0x100048089C140205,1582,1803,1730,988,2012,1739,1895,1500,1500,1739,1193,1449,1500,1500,1500,1500,1500,1500,1372,1628,1500,1609,1500,2012,1500,1928,1803,1500,1520,1705,1500,988,8.2
2026-04-19,17:11:17.270,-64,-64,10,3806,8120,61,44,16,19470,46,53,2036,471,583,508,1024,205,1024,0,-1,-1,-1,0x100048089C140205,1581,1698,1730,988,2012,1735,1791,1500,1500,1735,1193,1449,1500,1500,1500,1500,1500,1500,1372,1628,1500,1609,1500,2012,1500,1845,1698,1500,1520,1705,1500,988,8.2
2026-04-19,17:11:17.770,-57,-64,10,3806,57550,61,44,16,28688,46,53,2040,-470,876,508,1024,204,1024,0,-1,-1,-1,0x100048059C140245,1416,1857,1730,988,2012,1265,1938,1500,1500,1264,1193,1449,1500,1500,1500,1500,1500,1500,1372,1628,1500,1609,1500,2012,1500,1959,1857,1500,1520,1705,1500,988,8.2
2026-04-19,17:11:18.270,-58,-51,10,3780,39580,61,44,16,29830,46,54,2047,-90,4,508,1024,204,1024,0,-1,-1,-1,0x100048049C140205,1483,1501,1730,988,2012,1455,1502,1500,1500,1449,1193,1449,1500,1500,1500,1500,1500,1500,1270,1730,1500,1609,1500,2012,1500,1876,1501,1500,1520,1705,1500,988,8.2
2026-04-19,17:11:18.770,-58,-47,10,3772,17130,63,44,16,20870,46,54,2049,-93,724,508,1024,204,1024,0,-1,-1,-1,0x100048049C140245,1487,1735,1730,988,2012,1454,1862,1500,1500,1459,1193,1449,1500,1500,1500,1500,1500,1500,1372,1628,1500,1609,1500,2012,1500,1898,1735,1500,1520,1705,1500,988,8.2
2026-04-19,17:11:19.270,-62,-59,10,3777,3780,63,44,16,18552,46,54,2050,-28,235,508,1024,204,1024,0,-1,-1,-1,0x1000480498140205,1497,1563,1730,988,2012,1486,1617,1500,1500,1492,1193,1449,1500,1500,1500,1500,1500,1500,1372,1628,1500,1609,1500,2012,1500,1665,1563,1500,1520,1705,1500,988,8.2
2026-04-19,17:11:19.770,-67,-58,10,3783,1640,63,44,16,16172,46,54,2051,-114,528,508,1024,204,1024,0,-1,-1,-1,0x100048049C140245,1481,1677,1730,988,2012,1443,1764,1500,1500,1443,1193,1449,1500,1500,1500,1500,1500,1500,1372,1628,1500,1609,1500,2012,1500,1821,1677,1500,1520,1705,1500,988,8.2
2026-04-19,17:11:20.270,-60,-67,10,3803,11660,63,44,16,24104,46,54,2052,-71,1024,508,1024,204,1024,0,-1,-1,-1,0x100048049C142205,1489,2012,1730,988,2012,1465,2012,1500,1500,1465,1193,1449,1500,1500,1500,1500,1500,1500,1372,1628,1500,1609,1500,2012,1500,2012,2012,1500,1520,1705,1500,988,8.2
2026-04-19,17:11:20.770,-58,-66,25,3819,14500,63,44,16,29786,46,54,2055,1,1,508,1024,204,1024,0,-1,-1,-1,0x1000480498140245,1499,1500,1730,988,2012,1500,1500,1500,1500,1500,1193,1449,1500,1500,1500,1500,1500,1500,1111,2012,1500,1609,1500,2012,1500,1501,1500,1500,1520,1705,1500,988,8.2
2026-04-19,17:11:21.270,-61,-70,10,3825,3430,63,44,16,2714,46,54,2056,1024,535,508,1024,205,1024,0,-1,-1,-1,0x100048009C140205,1763,1680,1730,988,2012,2012,1767,1500,1500,2012,1193,1449,1500,1500,1500,1500,1500,1500,1372,1628,1500,1609,1500,2012,1500,1824,1680,1500,1520,1705,1500,988,8.2
2026-04-19,17:11:21.770,-70,-68,10,3813,39020,63,44,16,18678,46,54,2059,700,686,508,1024,204,1024,0,-1,-1,-1,0x100048009C140205,1638,1747,1730,988,2012,1850,1843,1500,1500,1850,1193,1449,1500,1500,1500,1500,1500,1500,1372,1628,1500,1609,1500,2012,1500,1888,1747,1500,1520,1705,1500,988,8.2
2026-04-19,17:11:22.270,-65,-66,10,3797,26380,63,44,16,19002,46,54,2063,-769,511,508,1024,204,1024,0,-1,-1,-1,0x100048009C140205,1337,1658,1730,988,2012,1116,1755,1500,1500,1121,1193,1449,1500,1500,1500,1500,1500,1500,1372,1628,1500,1609,1500,2012,1500,1807,1658,1500,1520,1705,1500,988,8.2
2026-04-19,17:11:22.770,-74,-73,10,3796,25530,63,44,16,20556,46,54,2066,-754,949,508,1024,204,1024,0,-1,-1,-1,0x100048059C140645,1338,1916,1730,988,2012,1123,1974,1500,1500,1123,1193,1449,1500,1500,1500,1500,1500,1500,1372,1628,1500,1609,1500,2012,1500,1985,1916,1500,1520,1705,1500,988,8.2
2026-04-19,17:11:23.270,-81,-83,10,3784,22700,63,44,16,21902,46,54,2070,404,587,508,1024,204,1024,0,-1,-1,-1,0x100048049C140205,1562,1718,1730,988,2012,1702,1793,1500,1500,1688,1193,1449,1500,1500,1500,1500,1500,1500,1372,1628,1500,1609,1500,2012,1500,1860,1718,1500,1520,1705,1500,988,8.2
2026-04-19,17:11:23.770,-87,-71,10,3774,7600,63,44,16,15250,46,54,2073,-71,69,508,1024,204,1024,0,-1,-1,-1,0x100048049C140245,1488,1537,1730,988,2012,1465,1534,1500,1500,1464,1193,1449,1500,1500,1500,1500,1500,1500,1372,1628,1500,1609,1500,2012,1500,1600,1537,1500,1520,1705,1500,988,8.2
2026-04-19,17:11:24.270,-75,-74,10,3791,1540,63,44,16,4872,46,55,2073,-911,0,508,1024,204,1024,0,-1,-1,-1,0x100048009C140205,1297,1500,1730,988,2012,1045,1500,1500,1500,1071,1193,1449,1500,1500,1500,1500,1500,1500,988,2012,1500,1609,1500,2012,1500,1500,1500,1500,1520,1705,1500,988,8.2
2026-04-19,17:11:24.770,-82,-89,10,3805,7840,63,44,16,5246,46,55,2073,-1024,85,508,1024,204,1024,0,-1,-1,-1,0x100048009C140205,1204,1531,1730,988,2012,988,1542,1500,1500,988,1193,1449,1500,1500,1500,1500,1500,1500,1372,1628,1500,1609,1500,2012,1500,1605,1531,1500,1520,1705,1500,988,8.2
2026-04-19,17:11:25.270,-73,-82,25,3822,14290,63,44,16,7548,46,55,2074,-1024,371,508,1024,204,1024,0,-1,-1,-1,0x100048009C140205,1204,1616,1730,988,2012,988,1685,1500,1500,988,1193,1449,1500,1500,1500,1500,1500,1500,1372,1628,1500,1609,1500,2012,1500,1743,1616,1500,1520,1705,1500,988,8.2
2026-04-19,17:11:25.770,-78,-82,25,3829,26590,63,44,16,14122,46,55,2076,-220,719,508,1024,204,1024,0,-1,-1,-1,0x100048019C140605,1462,1764,1730,988,2012,1390,1859,1500,1500,1385,1193,1449,1500,1500,1500,1500,1500,1500,1372,1628,1500,1609,1500,2012,1500,1896,1764,1500,1520,1705,1500,988,8.2
2026-04-19,17:11:26.270,-88,-81,250,3821,17760,63,44,16,19208,46,55,2079,-77,701,508,1024,203,1024,0,-1,-1,-1,0x100048009C140205,1488,1761,1730,988,2012,1462,1850,1500,1500,1462,1193,1449,1500,1500,1500,1500,1500,1500,1372,1628,1500,1609,1500,2012,1500,1894,1761,1500,1520,1705,1500,988,8.2
2026-04-19,17:11:26.770,-75,-76,25,3803,46240,63,44,16,19796,46,55,2083,-229,0,508,1024,204,1024,0,-1,-1,-1,0x100048009C140205,1463,1500,1730,988,2012,1386,1500,1500,1500,1386,1193,1449,1500,1500,1500,1500,1500,1500,988,2012,1500,1609,1500,2012,1500,1500,1500,1500,1520,1705,1500,988,8.2
2026-04-19,17:11:27.270,-72,-68,10,3796,27740,63,44,16,30884,46,55,2087,-179,763,508,1024,204,1024,0,-1,-1,-1,0x100048049C140245,1471,1677,1730,988,2012,1411,1881,1500,1500,1411,1193,1449,1500,1500,1500,1500,1500,1500,1372,1628,1500,1609,1500,2012,1500,1907,1677,1500,1520,1705,1500,988,8.2
2026-04-19,17:11:27.770,-76,-81,10,3798,8540,63,44,16,13026,46,55,2088,1023,-402,508,1024,204,1024,0,-1,-1,-1,0x100048049E1C0205,1762,1275,1730,1344,2012,2011,1299,1188,1500,2011,1193,1449,1500,1500,1500,1500,1500,1187,999,2012,1500,1609,1500,2012,1500,1227,1500,1500,1520,1705,1188,988,8.2
2026-04-19,17:11:28.270,-79,-74,10,3805,23360,63,44,16,11664,46,55,2089,1024,313,508,1024,204,1024,0,-1,-1,-1,0x100048009C140205,1763,1595,1730,988,2012,2012,1656,1500,1500,2012,1193,1449,1500,1500,1500,1500,1500,1500,1372,1628,1500,1609,1500,2012,1500,1741,1595,1500,1520,1705,1500,988,8.2
2026-04-19,17:11:28.770,-74,-73,10,3806,28860,63,44,16,15608,46,55,2093,926,591,508,1024,204,1024,0,-1,-1,-1,0x100048019C140605,1720,1703,1730,988,2012,1963,1795,1500,1500,1969,1193,1449,1500,1500,1500,1500,1500,1500,1372,1628,1500,1609,1500,2012,1500,1849,1703,1500,1520,1705,1500,988,8.2
2026-04-19,17:11:29.270,-73,-72,10,3795,49460,63,44,16,28474,46,55,2097,-2,1024,508,1024,204,1024,0,-1,-1,-1,0x1000480198142605,1499,2012,1730,988,2012,1499,2012,1500,1500,1499,1193,1449,1500,1500,1500,1500,1500,1500,1372,1628,1500,1609,1500,2012,1500,2012,2012,1500,1520,1705,1500,988,8.2
2026-04-19,17:11:29.770,-72,-75,25,3763,65330,63,44,16,29886,46,55,2105,455,991,507,1024,204,1024,0,-1,-1,-1,0x100048059C142245,1577,1988,1730,988,2012,1727,1995,1500,1500,1727,1193,1449,1500,1500,1500,1500,1500,1500,1372,1628,1500,1609,1500,2012,1500,2012,2012,1500,1520,1705,1500,988,8.2
2026-04-19,17:11:30.270,-77,-84,10,3747,15160,63,44,16,19646,46,55,2109,713,685,508,1024,204,1024,0,-1,-1,-1,0x100048049C140205,1641,1746,1730,988,2012,1856,1842,1500,1500,1857,1193,1449,1500,1500,1500,1500,1500,1500,1372,1628,1500,1609,1500,2012,1500,1887,1746,1500,1520,1705,1500,988,8.2
2026-04-19,17:11:30.770,-87,-77,10,3745,6930,63,44,16,17944,46,55,2111,922,477,508,1024,203,1024,0,-1,-1,-1,0x100048049C140245,1713,1662,1730,988,2012,1961,1738,1500,1500,1961,1193,1449,1500,1500,1500,1500,1500,1500,1372,1628,1500,1609,1500,2012,1500,1798,1662,1500,1520,1705,1500,988,8.2
2026-04-19,17:11:31.270,-61,-77,10,3750,18420,63,44,16,16356,46,55,2113,962,459,508,1024,204,1024,0,-1,-1,-1,0x100048049C140205,1731,1643,1730,988,2012,1981,1729,1500,1500,1980,1193,1449,1500,1500,1500,1500,1500,1500,1372,1628,1500,1609,1500,2012,1500,1781,1643,1500,1520,1705,1500,988,8.2
2026-04-19,17:11:31.770,-71,-82,10,3767,21820,63,44,16,17204,46,55,2115,948,629,507,1024,204,1024,0,-1,-1,-1,0x100048049C140245,1724,1718,1730,988,2012,1974,1814,1500,1500,1973,1193,1449,1500,1500,1500,1500,1500,1500,1372,1628,1500,1609,1500,2012,1500,1865,1718,1500,1520,1705,1500,988,8.2
2026-04-19,17:11:32.270,-77,-73,10,3787,44730,63,44,16,20852,46,56,2120,518,939,508,1024,205,1024,0,-1,-1,-1,0x100048059C140205,1594,1904,1730,988,2012,1759,1969,1500,1500,1765,1193,1449,1500,1500,1500,1500,1500,1500,1372,1628,1500,1609,1500,2012,1500,1982,1904,1500,1520,1705,1500,988,8.2
2026-04-19,17:11:32.770,-78,-83,10,3761,45640,63,44,16,29890,46,56,2126,-1,1024,507,1024,205,1024,0,-1,-1,-1,0x1000480598142645,1499,2012,1730,988,2012,1500,2012,1500,1500,1500,1193,1449,1500,1500,1500,1500,1500,1500,1372,1628,1500,1609,1500,2012,1500,2012,2012,1500,1520,1705,1500,988,8.2
2026-04-19,17:11:33.270,-79,-73,10,3738,17690,63,44,16,21556,46,56,2133,459,352,508,1024,204,1024,0,-1,-1,-1,0x100048049C140205,1578,1603,1730,988,2012,1729,1676,1500,1500,1729,1193,1449,1500,1500,1500,1500,1500,1500,1372,1628,1500,1609,1500,2012,1500,1725,1603,1500,1520,1705,1500,988,8.2
2026-04-19,17:11:33.770,-78,-71,10,3742,11070,63,44,16,16486,46,56,2133,563,212,508,1024,204,1024,0,-1,-1,-1,0x100048049C140245,1602,1561,1730,988,2012,1781,1606,1500,1500,1781,1193,1449,1500,1500,1500,1500,1500,1500,1372,1628,1500,1609,1500,2012,1500,1690,1561,1500,1520,1705,1500,988,8.2
2026-04-19,17:11:34.270,-75,-75,10,3747,6830,63,44,16,17198,46,56,2135,964,507,508,1024,204,1024,0,-1,-1,-1,0x100048049C140205,1733,1659,1730,988,2012,1982,1753,1500,1500,1982,1193,1449,1500,1500,1500,1500,1500,1500,1372,1628,1500,1609,1500,2012,1500,1805,1659,1500,1520,1705,1500,988,8.2
2026-04-19,17:11:34.770,-73,-70,10,3747,9350,63,44,16,15924,46,56,2136,-1024,-98,508,1024,204,1024,0,-1,-1,-1,0x100048049E100245,1204,1436,1730,1082,2012,988,1460,1424,1500,988,1193,1449,1500,1500,1500,1500,1500,1424,1101,2012,1500,1609,1500,988,1500,1357,1500,1500,1520,1705,1410,988,8.2
2026-04-19,17:11:35.270,-68,-71,250,3804,17720,63,44,16,6380,46,56,2136,-1024,438,508,1024,204,1024,0,-1,-1,-1,0x100048009C141205,1204,1655,1730,988,2012,988,1719,1500,1500,988,1193,1449,1500,1500,1500,1500,1500,1500,1372,1628,1500,1609,1500,2012,1500,1796,1655,1500,1520,1705,1500,988,8.2
2026-04-19,17:11:35.770,-67,-60,10,3801,35870,63,44,16,18438,46,56,2140,615,483,508,1024,204,1024,0,-1,-1,-1,0x100048019C140605,1609,1659,1730,988,2012,1807,1741,1500,1500,1796,1193,1449,1500,1500,1500,1500,1500,1500,1372,1628,1500,1609,1500,2012,1500,1800,1659,1500,1520,1705,1500,988,8.2
2026-04-19,17:11:36.270,-58,-65,10,3789,29210,63,44,16,16508,46,56,2144,1023,-160,508,1024,204,1024,0,-1,-1,-1,0x100048009E181A85,1762,1410,1730,1143,2012,2011,1420,1375,1500,2011,1193,1449,1500,1500,1500,1500,1500,1375,988,2012,1500,1609,1500,988,1500,1399,1500,1500,1520,1705,1353,988,8.2
2026-04-19,17:11:36.770,-64,-72,50,3791,12960,63,44,16,10714,46,56,2146,840,557,508,1024,204,1024,0,-1,-1,-1,0x100048009C140205,1659,1703,1730,988,2012,1920,1778,1500,1500,1887,1193,1449,1500,1500,1500,1500,1500,1500,1372,1628,1500,1609,1500,2012,1500,1847,1703,1500,1520,1705,1500,988,8.2
2026-04-19,17:11:37.270,-75,-62,10,3785,14180,63,44,16,11346,46,56,2148,-7,515,508,1024,204,1024,0,-1,-1,-1,0x1000480098140205,1499,1666,1730,988,2012,1497,1757,1500,1500,1497,1193,1449,1500,1500,1500,1500,1500,1500,1372,1628,1500,1609,1500,2012,1500,1814,1666,1500,1520,1705,1500,988,8.2
2026-04-19,17:11:37.770,-72,-67,10,3780,25810,63,44,16,15344,46,56,2150,-740,572,508,1024,204,1024,0,-1,-1,-1,0x100048019C140605,1343,1694,1730,988,2012,1130,1786,1500,1500,1131,1193,1449,1500,1500,1500,1500,1500,1500,1372,1628,1500,1609,1500,2012,1500,1840,1694,1500,1520,1705,1500,988,8.2
2026-04-19,17:11:38.270,-71,-61,10,3781,45890,63,44,16,22114,46,56,2154,-543,140,508,1024,204,1024,0,-1,-1,-1,0x100048009C140205,1399,1556,1730,988,2012,1229,1570,1500,1500,1228,1193,1449,1500,1500,1500,1500,1500,1500,1372,1628,1500,1609,1500,2012,1500,1833,1556,1500,1520,1705,1500,988,8.2
2026-04-19,17:11:38.770,-64,-54,10,3784,14670,63,44,16,28488,46,56,2157,-674,423,508,1024,204,1024,0,-1,-1,-1,0x100048049C140245,1374,1635,1730,988,2012,1163,1711,1500,1500,1180,1193,1449,1500,1500,1500,1500,1500,1500,1372,1628,1500,1609,1500,2012,1500,1770,1635,1500,1520,1705,1500,988,8.2
2026-04-19,17:11:39.270,-49,-62,10,3792,2520,63,44,16,2742,46,57,2158,-1024,-714,508,1024,204,1024,0,-1,-1,-1,0x100048009E1C0205,1204,1213,1730,1411,2012,988,1143,1101,1500,988,1193,1449,1500,1500,1500,1500,1500,1101,988,2012,1500,1609,1500,2012,1500,1248,1500,1500,1520,1705,1101,988,8.2
2026-04-19,17:11:39.770,-50,-64,10,3797,7350,63,44,16,4742,46,57,2158,-1024,231,508,1024,204,1024,0,-1,-1,-1,0x100048009C140205,1204,1555,1730,988,2012,988,1615,1500,1500,988,1193,1449,1500,1500,1500,1500,1500,1500,1372,1628,1500,1609,1500,2012,1500,1645,1555,1500,1520,1705,1500,988,8.2
2026-04-19,17:11:40.270,-53,-58,10,3801,9980,63,44,16,8832,46,57,2159,-1024,525,508,1024,204,1024,0,-1,-1,-1,0x100048009C140205,1204,1676,1730,988,2012,988,1762,1500,1500,988,1193,1449,1500,1500,1500,1500,1500,1500,1372,1628,1500,1609,1500,2012,1500,1819,1676,1500,1520,1705,1500,988,8.2
2026-04-19,17:11:40.770,-66,-62,10,3816,9770,63,44,16,8798,46,57,2161,-211,559,508,1024,204,1024,0,-1,-1,-1,0x100048009C140205,1459,1684,1730,988,2012,1395,1779,1500,1500,1375,1193,1449,1500,1500,1500,1500,1500,1500,1372,1628,1500,1609,1500,2012,1500,1829,1684,1500,1520,1705,1500,988,8.2
2026-04-19,17:11:41.270,-74,-60,10,3812,9980,63,44,16,10348,46,57,2164,1024,-404,508,1024,205,1024,0,-1,-1,-1,0x100048009E180205,1763,1319,1730,1297,2012,2012,1298,1248,1500,2012,1193,1449,1500,1500,1500,1500,1500,1248,988,2012,1500,1609,1500,988,1500,1412,1500,1500,1520,1705,1204,988,8.2
2026-04-19,17:11:41.770,-66,-64,10,3811,4130,63,44,16,5454,46,57,2165,1024,257,508,1024,204,1024,0,-1,-1,-1,0x100048009C140205,1763,1570,1730,988,2012,2012,1628,1500,1500,2012,1193,1449,1500,1500,1500,1500,1500,1500,1372,1628,1500,1609,1500,2012,1500,1679,1570,1500,1520,1705,1500,988,8.2
2026-04-19,17:11:42.270,-56,-59,10,3811,15270,63,44,16,9170,46,57,2165,821,471,508,1024,204,1024,0,-1,-1,-1,0x100048029C140205,1677,1654,1730,988,2012,1910,1735,1500,1500,1915,1193,1449,1500,1500,1500,1500,1500,1500,1372,1628,1500,1609,1500,2012,1500,1795,1654,1500,1520,1705,1500,988,8.2
2026-04-19,17:11:42.770,-51,-62,10,3807,27180,63,44,16,15648,46,57,2168,-32,850,508,1024,204,1024,0,-1,-1,-1,0x1000480198140605,1494,1843,1730,988,2012,1484,1925,1500,1500,1483,1193,1449,1500,1500,1500,1500,1500,1500,1372,1628,1500,1609,1500,2012,1500,1950,1843,1500,1520,1705,1500,988,8.2
2026-04-19,17:11:43.270,-54,-53,10,3792,6760,63,44,16,25726,46,57,2174,-3,142,508,1024,204,1024,0,-1,-1,-1,0x1000480898140205,1499,1559,1730,988,2012,1499,1571,1500,1500,1499,1193,1449,1500,1500,1500,1500,1500,1500,1372,1628,1500,1609,1500,2012,1500,1749,1559,1500,1520,1705,1500,988,8.2
2026-04-19,17:11:43.770,-55,-54,10,3796,1470,63,44,16,23440,46,57,2175,1024,0,508,1024,204,1024,0,-1,-1,-1,0x100048049C100245,1763,1500,1730,989,2012,2012,1500,1499,1500,2012,1193,1449,1500,1500,1500,1500,1500,1499,1152,2012,1500,1609,1500,988,1500,1499,1500,1500,1520,1705,1499,988,8.2
2026-04-19,17:11:44.270,-50,-54,10,3795,13410,63,44,16,9798,46,57,2176,1024,450,508,1024,204,1024,0,-1,-1,-1,0x100048009C140205,1763,1645,1730,988,2012,2012,1725,1500,1500,2012,1193,1449,1500,1500,1500,1500,1500,1500,1372,1628,1500,1609,1500,2012,1500,1784,1645,1500,1520,1705,1500,988,8.2
2026-04-19,17:11:44.770,-75,-61,10,3792,23540,63,44,16,15306,46,57,2178,-755,112,508,1024,204,1024,0,-1,-1,-1,0x100048009C140205,1344,1564,1730,988,2012,1123,1556,1500,1500,1131,1193,1449,1500,1500,1500,1500,1500,1500,1372,1628,1500,1609,1500,2012,1500,1798,1564,1500,1520,1705,1500,988,8.2
2026-04-19,17:11:45.270,-64,-71,10,3808,4020,63,44,16,7730,46,57,2180,-1022,-3,508,1024,205,1024,0,-1,-1,-1,0x100048009C140205,1206,1500,1730,992,2012,989,1499,1497,1500,990,1193,1449,1500,1500,1500,1500,1500,1497,1321,1679,1500,1609,1500,2012,1500,1706,1502,1500,1520,1705,1497,988,8.2
2026-04-19,17:11:45.770,-50,-71,10,3814,14320,63,44,16,6352,46,57,2181,-985,320,508,1024,204,1024,0,-1,-1,-1,0x100048009C140205,1344,1568,1730,988,2012,993,1660,1500,1500,1132,1193,1449,1500,1500,1500,1500,1500,1500,1372,1628,1500,1609,1500,2012,1500,1669,1568,1500,1520,1705,1500,988,8.2
2026-04-19,17:11:46.270,-54,-71,10,3814,21120,63,44,16,13020,46,57,2183,-219,503,508,1024,203,1024,0,-1,-1,-1,0x100048009C140205,1450,1661,1730,988,2012,1391,1751,1500,1500,1351,1193,1449,1500,1500,1500,1500,1500,1500,1372,1628,1500,1609,1500,2012,1500,1803,1661,1500,1520,1705,1500,988,8.2
2026-04-19,17:11:46.770,-66,-68,10,3803,20940,63,44,16,13074,46,57,2185,361,311,508,1024,204,1024,0,-1,-1,-1,0x100048009C140205,1555,1589,1730,988,2012,1680,1655,1500,1500,1671,1193,1449,1500,1500,1500,1500,1500,1500,1372,1628,1500,1609,1500,2012,1500,1775,1589,1500,1520,1705,1500,988,8.2
2026-04-19,17:11:47.270,-53,-60,10,3809,8050,63,44,16,7172,46,57,2188,1024,107,508,1024,204,1024,0,-1,-1,-1,0x100048009C140205,1763,1533,1730,988,2012,2012,1561,1500,1500,2012,1193,1449,1500,1500,1500,1500,1500,1500,1372,1628,1500,1609,1500,2012,1500,1581,1533,1500,1520,1705,1500,988,8.2
2026-04-19,17:11:47.770,-58,-58,10,3809,6230,63,44,16,6650,46,57,2188,918,394,508,1024,205,1024,0,-1,-1,-1,0x100048009C140205,1712,1624,1730,988,2012,1959,1697,1500,1500,1959,1193,1449,1500,1500,1500,1500,1500,1500,1372,1628,1500,1609,1500,2012,1500,1756,1624,1500,1520,1705,1500,988,8.2
2026-04-19,17:11:48.270,-56,-63,250,3805,23890,63,44,16,12868,46,57,2190,784,549,508,1024,204,1024,0,-1,-1,-1,0x100048089C140205,1663,1678,1730,988,2012,1892,1774,1500,1500,1892,1193,1449,1500,1500,1500,1500,1500,1500,1372,1628,1500,1609,1500,2012,1500,1822,1678,1500,1520,1705,1500,988,8.2
2026-04-19,17:11:48.770,-56,-63,10,3799,27390,63,44,16,13724,46,57,2194,793,492,508,1024,204,1024,0,-1,-1,-1,0x100048089C140205,1665,1662,1730,988,2012,1896,1745,1500,1500,1896,1193,1449,1500,1500,1500,1500,1500,1500,1372,1628,1500,1609,1500,2012,1500,1804,1662,1500,1520,1705,1500,988,8.2
2026-04-19,17:11:49.270,-74,-59,10,3805,13800,63,44,16,14480,46,58,2196,773,465,508,1024,204,1024,0,-1,-1,-1,0x100048089C140205,1659,1647,1730,988,2012,1886,1732,1500,1500,1886,1193,1449,1500,1500,1500,1500,1500,1500,1372,1628,1500,1609,1500,2012,1500,1786,1647,1500,1520,1705,1500,988,8.2
2026-04-19,17:11:49.770,-67,-77,10,3800,23290,63,44,16,17304,46,58,2197,524,935,508,1024,204,1024,0,-1,-1,-1,0x100048089C140205,1592,1880,1730,988,2012,1762,1968,1500,1500,1762,1193,1449,1500,1500,1500,1500,1500,1500,1372,1628,1500,1609,1500,2012,1500,1975,1880,1500,1520,1705,1500,988,8.2
2026-04-19,17:11:50.270,-58,-77,10,3782,18000,63,44,16,27550,47,58,2202,-22,904,508,1024,204,1024,0,-1,-1,-1,0x1000480898140205,1496,1880,1730,988,2012,1481,1952,1500,1500,1490,1193,1449,1500,1500,1500,1500,1500,1500,1372,1628,1500,1609,1500,2012,1500,1973,1880,1500,1520,1705,1500,988,8.2
2026-04-19,17:11:50.770,-55,-77,10,3764,45190,63,44,16,26196,47,58,2207,-211,1024,507,1024,204,1024,0,-1,-1,-1,0x100048059C142645,1468,2012,1730,988,2012,1395,2012,1500,1500,1401,1193,1449,1500,1500,1500,1500,1500,1500,1372,1628,1500,1609,1500,2012,1500,2012,2012,1500,1520,1705,1500,988,8.2
2026-04-19,17:11:51.270,-63,-52,10,3745,37310,63,44,16,28536,47,58,2214,207,540,508,1024,204,1024,0,-1,-1,-1,0x100048049C140205,1530,1681,1730,988,2012,1603,1770,1500,1500,1598,1193,1449,1500,1500,1500,1500,1500,1500,1372,1628,1500,1609,1500,2012,1500,1826,1681,1500,1520,1705,1500,988,8.2
2026-04-19,17:11:51.770,-63,-50,10,3745,7530,65,44,16,17856,47,58,2215,-1,190,508,1024,204,1024,0,-1,-1,-1,0x1000480498140245,1499,1546,1730,988,2012,1500,1595,1500,1500,1500,1193,1449,1500,1500,1500,1500,1500,1500,1372,1628,1500,1609,1500,2012,1500,1643,1546,1500,1520,1705,1500,988,8.2
2026-04-19,17:11:52.270,-71,-61,10,3745,2030,65,44,16,16232,47,58,2216,-222,302,508,1024,204,1024,0,-1,-1,-1,0x100048049C140205,1470,1579,1730,988,2012,1389,1651,1500,1500,1408,1193,1449,1500,1500,1500,1500,1500,1500,1372,1628,1500,1609,1500,2012,1500,1688,1579,1500,1520,1705,1500,988,8.2
2026-04-19,17:11:52.770,-67,-69,10,3778,4550,65,44,16,16286,47,58,2216,-1,70,508,1024,204,1024,0,-1,-1,-1,0x1000480498140245,1499,1526,1730,988,2012,1500,1535,1500,1500,1500,1193,1449,1500,1500,1500,1500,1500,1500,1372,1628,1500,1609,1500,2012,1500,1554,1526,1500,1520,1705,1500,988,8.2
2026-04-19,17:11:53.270,-65,-61,10,3799,15160,65,44,16,24088,47,58,2218,464,0,508,1024,204,1024,0,-1,-1,-1,0x100048009C140205,1576,1500,1730,988,2012,1739,1500,1500,1500,1725,1193,1449,1500,1500,1500,1500,1500,1500,1009,2012,1500,1609,1500,2012,1500,1500,1500,1500,1520,1705,1500,988,8.2
2026-04-19,17:11:53.770,-59,-71,25,3817,9910,65,44,16,12898,47,58,2219,874,599,508,1024,204,1024,0,-1,-1,-1,0x100048009C140205,1693,1707,1730,988,2012,1937,1799,1500,1500,1937,1193,1449,1500,1500,1500,1500,1500,1500,1372,1628,1500,1609,1500,2012,1500,1852,1707,1500,1520,1705,1500,988,8.2
2026-04-19,17:11:54.270,-62,-74,50,3808,21930,65,44,16,17560,47,58,2221,-651,418,508,1024,204,1024,0,-1,-1,-1,0x100048019C140205,1371,1637,1730,988,2012,1170,1708,1500,1500,1175,1193,1449,1500,1500,1500,1500,1500,1500,1372,1628,1500,1609,1500,2012,1500,1804,1637,1500,1520,1705,1500,988,8.2
2026-04-19,17:11:54.770,-85,-72,25,3795,25460,65,44,16,22316,46,58,2225,-678,746,508,1024,204,1024,0,-1,-1,-1,0x100048009C140205,1363,1793,1730,988,2012,1161,1873,1500,1500,1161,1193,1449,1500,1500,1500,1500,1500,1500,1372,1628,1500,1609,1500,2012,1500,1917,1793,1500,1520,1705,1500,988,8.2
2026-04-19,17:11:55.270,-75,-79,10,3780,25920,65,44,16,17370,46,58,2228,-351,681,508,1024,204,1024,0,-1,-1,-1,0x100048049C140245,1441,1751,1730,988,2012,1330,1840,1500,1500,1325,1193,1449,1500,1500,1500,1500,1500,1500,1372,1628,1500,1609,1500,2012,1500,1886,1751,1500,1520,1705,1500,988,8.2
2026-04-19,17:11:55.770,-79,-72,10,3778,5460,65,44,16,15896,46,59,2230,67,-959,508,1024,204,1024,0,-1,-1,-1,0x100048049E1C0205,1509,1149,1730,1479,2012,1528,1021,1500,1014,1534,1193,1449,1500,1500,1500,1500,1500,1014,1050,2012,1500,1609,1500,2012,1500,1113,1500,1500,1520,1705,1014,988,8.2
2026-04-19,17:11:56.270,-77,-77,10,3783,0,65,44,16,2998,46,59,2231,-1024,-246,508,1024,205,1024,0,-1,-1,-1,0x100048009E1C0205,1204,1347,1730,1250,2012,988,1377,1288,1500,988,1193,1449,1500,1500,1500,1500,1500,1288,1372,2012,1500,1609,1500,2012,1500,1328,1500,1500,1520,1705,1288,988,8.2
2026-04-19,17:11:56.770,-80,-85,10,3793,17160,65,44,16,8892,46,59,2231,-1024,415,508,1024,204,1024,0,-1,-1,-1,0x100048009C140205,1204,1636,1730,988,2012,988,1707,1500,1500,988,1193,1449,1500,1500,1500,1500,1500,1500,1372,1628,1500,1609,1500,2012,1500,1772,1636,1500,1520,1705,1500,988,8.2
2026-04-19,17:11:57.270,-80,-82,10,3810,10720,65,44,16,7588,46,59,2233,-689,412,508,1024,204,1024,0,-1,-1,-1,0x100048009C140205,1359,1636,1730,988,2012,1156,1706,1500,1500,1156,1193,1449,1500,1500,1500,1500,1500,1500,1372,1628,1500,1609,1500,2012,1500,1772,1636,1500,1520,1705,1500,988,8.2
2026-04-19,17:11:57.770,-90,-84,10,3808,18880,65,44,16,13626,46,59,2235,15,582,508,1024,204,1024,0,-1,-1,-1,0x1000480098140205,1502,1651,1730,988,2012,1507,1791,1500,1500,1508,1193,1449,1500,1500,1500,1500,1500,1500,1372,1628,1500,1609,1500,2012,1500,1803,1651,1500,1520,1705,1500,988,8.2
2026-04-19,17:11:58.270,-85,-79,100,3802,19090,65,44,16,14192,46,59,2237,-96,695,508,1024,204,1024,0,-1,-1,-1,0x100048029C140205,1484,1758,1730,988,2012,1452,1847,1500,1500,1453,1193,1449,1500,1500,1500,1500,1500,1500,1372,1628,1500,1609,1500,2012,1500,1891,1758,1500,1520,1705,1500,988,8.2
2026-04-19,17:11:58.770,-79,-77,10,3797,1850,65,44,16,12956,46,59,2240,-77,752,508,1024,204,1024,0,-1,-1,-1,0x100048009C140205,1488,1708,1730,988,2012,1467,1884,1500,1500,1462,1193,1449,1500,1500,1500,1500,1500,1500,1372,1628,1500,1609,1500,2012,1500,1906,1708,1500,1520,1705,1500,988,8.2
2026-04-19,17:11:59.270,-73,-79,25,3794,4480,65,44,16,26734,46,59,2242,344,426,508,1024,204,1024,0,-1,-1,-1,0x100048009C140205,1555,1649,1730,988,2012,1672,1713,1500,1500,1672,1193,1449,1500,1500,1500,1500,1500,1500,1372,1628,1500,1609,1500,2012,1500,1815,1649,1500,1520,1705,1500,988,8.2
2026-04-19,17:11:59.770,-88,-71,10,3796,0,65,44,16,12650,46,59,2244,1024,460,508,1024,204,1024,0,-1,-1,-1,0x100048009C140205,1763,1645,1730,988,2012,2012,1730,1500,1500,2012,1193,1449,1500,1500,1500,1500,1500,1500,1372,1628,1500,1609,1500,2012,1500,1783,1645,1500,1520,1705,1500,988,8.2
2026-04-19,17:12:00.270,-78,-77,10,3799,17930,65,44,16,9408,46,59,2246,1024,300,508,1024,204,1024,0,-1,-1,-1,0x100048089C140205,1763,1589,1730,988,2012,2012,1650,1500,1500,2012,1193,1449,1500,1500,1500,1500,1500,1500,1372,1628,1500,1609,1500,2012,1500,1704,1589,1500,1520,1705,1500,988,8.2
2026-04-19,17:12:00.770,-74,-84,10,3802,21190,65,44,16,12950,46,59,2248,619,682,508,1024,204,1024,0,-1,-1,-1,0x100048099C140605,1616,1751,1730,988,2012,1809,1841,1500,1500,1810,1193,1449,1500,1500,1500,1500,1500,1500,1372,1628,1500,1609,1500,2012,1500,1886,1751,1500,1520,1705,1500,988,8.2
2026-04-19,17:12:01.270,-69,-71,10,3785,43090,65,44,16,25242,46,59,2252,106,771,508,1024,204,1024,0,-1,-1,-1,0x100048099C140605,1517,1793,1730,988,2012,1553,1885,1500,1500,1559,1193,1449,1500,1500,1500,1500,1500,1500,1372,1628,1500,1609,1500,2012,1500,1917,1793,1500,1520,1705,1500,988,8.2
2026-04-19,17:12:01.770,-73,-73,10,3761,47540,65,44,16,25226,46,59,2259,259,780,508,1024,204,1024,0,-1,-1,-1,0x100048089C140205,1540,1708,1730,988,2012,1629,1890,1500,1500,1629,1193,1449,1500,1500,1500,1500,1500,1500,1372,1628,1500,1609,1500,2012,1500,1919,1708,1500,1520,1705,1500,988,8.2
2026-04-19,17:12:02.270,-84,-75,10,3754,11210,65,44,16,17672,46,59,2262,602,279,508,1024,204,1024,0,-1,-1,-1,0x100048049C140205,1611,1567,1730,988,2012,1801,1650,1500,1500,1800,1193,1449,1500,1500,1500,1500,1500,1500,1372,1628,1500,1609,1500,2012,1500,1680,1567,1500,1520,1705,1500,988,8.2
2026-04-19,17:12:02.770,-78,-78,10,3757,3780,65,44,16,14682,46,59,2263,824,284,508,1024,204,1024,0,-1,-1,-1,0x100048049C140245,1675,1584,1730,988,2012,1912,1642,1500,1500,1911,1193,1449,1500,1500,1500,1500,1500,1500,1372,1628,1500,1609,1500,2012,1500,1695,1584,1500,1520,1705,1500,988,8.2
2026-04-19,17:12:03.270,-65,-68,10,3766,4480,65,44,16,10350,46,59,2264,1024,494,508,1024,204,1024,0,-1,-1,-1,0x100048009C140205,1763,1637,1730,988,2012,2012,1747,1500,1500,2012,1193,1449,1500,1500,1500,1500,1500,1500,1372,1628,1500,1609,1500,2012,1500,1781,1637,1500,1520,1705,1500,988,8.2
2026-04-19,17:12:03.770,-71,-76,10,3766,32260,65,44,16,18112,46,59,2267,821,814,508,1024,204,1024,0,-1,-1,-1,0x100048019C140605,1678,1823,1730,988,2012,1910,1907,1500,1500,1916,1193,1449,1500,1500,1500,1500,1500,1500,1372,1628,1500,1609,1500,2012,1500,1937,1823,1500,1520,1705,1500,988,8.2
2026-04-19,17:12:04.270,-80,-82,10,3779,29210,65,44,16,22910,46,60,2271,-295,371,508,1024,204,1024,0,-1,-1,-1,0x100048009C140205,1451,1617,1730,988,2012,1353,1685,1500,1500,1353,1193,1449,1500,1500,1500,1500,1500,1500,1372,1628,1500,1609,1500,2012,1500,1745,1617,1500,1520,1705,1500,988,8.2
2026-04-19,17:12:04.770,-80,-72,10,3779,7210,65,44,16,13188,46,60,2274,-1,691,508,1024,204,1024,0,-1,-1,-1,0x1000480098140205,1499,1756,1730,988,2012,1500,1845,1500,1500,1499,1193,1449,1500,1500,1500,1500,1500,1500,1372,1628,1500,1609,1500,2012,1500,1890,1756,1500,1520,1705,1500,988,8.2
2026-04-19,17:12:05.270,-79,-79,10,3748,65160,65,44,16,28362,46,60,2280,114,108,508,1024,204,1024,0,-1,-1,-1,0x100048009C140205,1515,1527,1730,988,2012,1557,1554,1500,1500,1551,1193,1449,1500,1500,1500,1500,1500,1500,1372,1628,1500,1609,1500,2012,1500,1824,1527,1500,1520,1705,1500,988,8.2
2026-04-19,17:12:05.770,-79,-77,10,3744,7770,65,44,16,17708,46,60,2282,-3,441,508,1024,204,1024,0,-1,-1,-1,0x1000480498140245,1499,1647,1730,988,2012,1499,1720,1500,1500,1499,1193,1449,1500,1500,1500,1500,1500,1500,1372,1628,1500,1609,1500,2012,1500,1785,1647,1500,1520,1705,1500,988,8.2
2026-04-19,17:12:06.270,-83,-69,10,3761,1610,65,44,16,11924,46,60,2283,42,2,508,1024,204,1024,0,-1,-1,-1,0x1000480098140205,1505,1500,1730,988,2012,1521,1501,1500,1500,1521,1193,1449,1500,1500,1500,1500,1500,1500,1270,1730,1500,1609,1500,2012,1500,1545,1500,1500,1520,1705,1500,988,8.2
2026-04-19,17:12:06.770,-81,-72,10,3775,0,65,44,16,12526,46,60,2284,880,127,508,1024,204,1024,0,-1,-1,-1,0x100048009C141A85,1707,1540,1730,988,2012,1940,1563,1500,1500,1954,1193,1449,1500,1500,1500,1500,1500,1500,1372,1628,1500,1609,1500,2012,1500,1594,1540,1500,1520,1705,1500,988,8.2
2026-04-19,17:12:07.270,-72,-71,10,3777,18910,65,44,16,26392,46,60,2285,-7,282,508,1024,204,1024,0,-1,-1,-1,0x1000480098140A85,1499,1583,1730,988,2012,1497,1641,1500,1500,1497,1193,1449,1500,1500,1500,1500,1500,1500,1372,1628,1500,1609,1500,2012,1500,1694,1583,1500,1520,1705,1500,988,8.2
2026-04-19,17:12:07.770,-70,-68,10,3804,1610,65,44,16,15458,46,60,2286,213,56,508,1024,204,1024,0,-1,-1,-1,0x100048009C140A85,1532,1521,1730,988,2012,1606,1527,1500,1500,1606,1193,1449,1500,1500,1500,1500,1500,1500,1270,1730,1500,1609,1500,2012,1500,1543,1521,1500,1520,1705,1500,988,8.2
2026-04-19,17:12:08.270,-70,-72,10,3811,7810,65,44,16,4294,46,60,2286,-1,1024,508,1024,204,1024,0,-1,-1,-1,0x1000480098142A85,1499,2012,1730,988,2012,1500,2012,1500,1500,1500,1193,1449,1500,1500,1500,1500,1500,1500,1372,1628,1500,1609,1500,2012,1500,2012,1793,1500,1520,1705,1500,988,8.2
2026-04-19,17:12:08.770,-81,-76,10,3788,46380,65,44,16,28532,46,60,2292,42,-442,508,1024,204,1024,0,-1,-1,-1,0x100048009A100A85,1505,1297,1730,1320,2012,1521,1279,1218,1500,1521,1193,1449,1500,1500,1500,1500,1500,1218,1039,2012,1500,1609,1500,988,1500,1468,1500,1500,1520,1705,1168,988,8.2
2026-04-19,17:12:09.290,-70,-76,10,3787,0,65,44,16,1646,46,60,2294,-2,-2,508,1024,204,1024,0,-1,-1,-1,0x1000480298140A85,1499,1498,1730,992,2012,1499,1499,1497,1500,1499,1193,1449,1500,1500,1500,1500,1500,1497,1372,2012,1500,1609,1500,2012,1500,1500,1500,1500,1520,1705,1497,988,8.2
2026-04-19,17:12:09.770,-71,-73,10,3787,0,65,44,16,0,46,60,2294,-2,1,508,1024,204,1024,0,-1,-1,-1,0x1000480298140A85,1499,1500,1698,988,2012,1499,1500,1500,1500,1499,1193,1449,1500,1500,1500,1500,1500,1500,1065,1935,1500,1609,1500,2012,1500,1501,1500,1500,1520,1705,1500,988,8.2
2026-04-19,17:12:10.270,-67,-76,25,3794,0,65,44,16,0,46,60,2294,-2,1,508,1024,204,1024,0,-1,-1,-1,0x1000480A98140A05,1499,1500,1625,988,2012,1499,1500,1500,1500,1499,1193,1449,1500,1500,1500,1500,1500,1500,1372,2012,1500,1609,1500,2012,1500,1501,1500,1500,1520,1705,1500,988,8.2
2026-04-19,17:12:10.770,-67,-74,10,3807,0,65,44,16,0,46,60,2294,-2,1,508,1024,204,1024,0,-1,-1,-1,0x1000480A98140A05,1499,1500,1625,988,2012,1499,1500,1500,1500,1499,1193,1449,1500,1500,1500,1500,1500,1500,1372,2012,1500,1609,1500,2012,1500,1501,1500,1500,1520,1705,1500,988,8.2
2026-04-19,17:12:11.270,-68,-77,10,3816,0,65,44,16,0,46,60,2294,-2,4,508,1024,204,1024,0,-1,-1,-1,0x1000480A98140A05,1499,1501,1625,988,2012,1499,1501,1500,1500,1499,1193,1449,1500,1500,1500,1500,1500,1500,1500,2012,1500,1609,1500,2012,1500,1502,1501,1500,1520,1705,1500,988,8.2
2026-04-19,17:12:11.770,-60,-77,10,3816,0,65,44,16,0,46,60,2294,-2,5,508,1024,204,1024,0,-1,-1,-1,0x1000480A98140A05,1499,1501,1625,988,2012,1499,1502,1500,1500,1499,1193,1449,1500,1500,1500,1500,1500,1500,1500,2012,1500,1609,1500,2012,1500,1504,1501,1500,1520,1705,1500,988,8.2
2026-04-19,17:12:12.270,-71,-73,10,3818,0,63,44,16,0,46,60,2294,-2,3,508,1024,204,1024,0,-1,-1,-1,0x1000480A98140A05,1499,1501,1625,988,2012,1499,1501,1500,1500,1499,1193,1449,1500,1500,1500,1500,1500,1500,1500,2012,1500,1609,1500,2012,1500,1502,1501,1500,1520,1705,1500,988,8.2
2026-04-19,17:12:12.770,-64,-66,10,3818,19400,63,44,16,6706,46,60,2294,-1024,470,508,1024,204,1024,0,-1,-1,-1,0x1000480A9C140205,1204,1649,1730,988,2012,988,1735,1500,1500,988,1193,1449,1500,1500,1500,1500,1500,1500,1372,1628,1500,1609,1500,2012,1500,1793,1649,1500,1520,1705,1500,988,8.2
2026-04-19,17:12:13.270,-67,-63,10,3812,15440,63,44,16,11386,46,60,2297,-1024,401,508,1024,204,1024,0,-1,-1,-1,0x1000480A9C140205,1204,1627,1730,988,2012,988,1707,1500,1500,988,1193,1449,1500,1500,1500,1500,1500,1500,1372,1628,1500,1609,1500,2012,1500,1759,1627,1500,1520,1705,1500,988,8.2
2026-04-19,17:12:13.770,-66,-62,10,3801,35340,63,44,16,17914,45,60,2300,28,751,508,1024,204,1024,0,-1,-1,-1,0x1000480998140605,1505,1788,1730,988,2012,1514,1875,1500,1500,1520,1193,1449,1500,1500,1500,1500,1500,1500,1372,1628,1500,1609,1500,2012,1500,1913,1788,1500,1520,1705,1500,988,8.2
2026-04-19,17:12:14.270,-66,-68,10,3793,11000,63,44,16,8660,45,60,2304,865,414,508,1024,204,1024,0,-1,-1,-1,0x100048089C140205,1698,1631,1730,988,2012,1932,1707,1500,1500,1943,1193,1449,1500,1500,1500,1500,1500,1500,1372,1628,1500,1609,1500,2012,1500,1766,1631,1500,1520,1705,1500,988,8.2
2026-04-19,17:12:14.770,-77,-64,10,3788,10430,65,44,16,8716,45,60,2305,77,481,508,1024,204,1024,0,-1,-1,-1,0x100048089C140205,1508,1658,1730,988,2012,1538,1740,1500,1500,1530,1193,1449,1500,1500,1500,1500,1500,1500,1372,1628,1500,1609,1500,2012,1500,1799,1658,1500,1520,1705,1500,988,8.2
2026-04-19,17:12:15.270,-68,-67,10,3786,30580,65,44,16,16608,45,60,2308,-603,413,507,1024,204,1024,0,-1,-1,-1,0x100048089C140205,1384,1599,1730,988,2012,1199,1706,1500,1500,1199,1193,1449,1500,1500,1500,1500,1500,1500,1372,1628,1500,1609,1500,2012,1500,1728,1599,1500,1520,1705,1500,988,8.2
2026-04-19,17:12:15.770,-78,-58,10,3782,11870,65,44,16,15382,45,60,2310,-319,783,507,1024,204,1024,0,-1,-1,-1,0x100048089C140205,1447,1797,1730,988,2012,1341,1899,1500,1500,1341,1193,1449,1500,1500,1500,1500,1500,1500,1372,1628,1500,1609,1500,2012,1500,1925,1797,1500,1520,1705,1500,988,8.2
2026-04-19,17:12:16.270,-58,-54,10,3773,36110,65,44,16,30710,45,61,2316,-173,-1,508,1024,205,1024,0,-1,-1,-1,0x100048049C140205,1472,1500,1730,989,2012,1414,1500,1499,1500,1414,1193,1449,1500,1500,1500,1500,1500,1499,1060,2012,1500,1609,1500,2012,1500,1499,1500,1500,1520,1705,1499,988,8.2
2026-04-19,17:12:16.770,-58,-53,10,3776,1330,65,44,16,21680,45,61,2318,-1024,-332,508,1024,204,1024,0,-1,-1,-1,0x100048049E180245,1204,1332,1730,1276,2012,988,1334,1267,1500,988,1193,1449,1500,1500,1500,1500,1500,1276,1152,2012,1500,1609,1500,988,1500,1268,1500,1500,1520,1705,1237,988,8.2
2026-04-19,17:12:17.270,-50,-55,10,3781,1080,65,44,16,2316,45,61,2318,-652,387,508,1024,204,1024,0,-1,-1,-1,0x100048009C140205,1356,1627,1730,988,2012,1174,1693,1500,1500,1150,1193,1449,1500,1500,1500,1500,1500,1500,1372,1628,1500,1609,1500,2012,1500,1759,1627,1500,1520,1705,1500,988,8.2
2026-04-19,17:12:17.770,-60,-59,10,3774,21580,65,44,16,17628,46,61,2322,-1024,227,508,1024,204,1024,0,-1,-1,-1,0x100048009C140205,1204,1586,1730,988,2012,988,1613,1500,1500,988,1193,1449,1500,1500,1500,1500,1500,1500,1372,1628,1500,1609,1500,2012,1500,1771,1586,1500,1520,1705,1500,988,8.2
2026-04-19,17:12:18.270,-54,-63,10,3783,16360,65,44,16,11796,46,61,2325,-708,604,507,1024,204,1024,0,-1,-1,-1,0x100048009C140205,1354,1716,1730,988,2012,1146,1802,1500,1500,1147,1193,1449,1500,1500,1500,1500,1500,1500,1372,1628,1500,1609,1500,2012,1500,1859,1716,1500,1520,1705,1500,988,8.2
2026-04-19,17:12:18.770,-63,-62,10,3784,15620,65,44,16,15448,46,61,2327,581,177,508,1024,204,1024,0,-1,-1,-1,0x100048009C140205,1606,1555,1730,988,2012,1790,1588,1500,1500,1790,1193,1449,1500,1500,1500,1500,1500,1500,1372,1628,1500,1609,1500,2012,1500,1637,1555,1500,1520,1705,1500,988,8.2
2026-04-19,17:12:19.270,-63,-61,10,3784,0,65,44,16,3334,46,61,2328,1024,394,508,1024,204,1024,0,-1,-1,-1,0x100048009C140205,1763,1624,1730,988,2012,2012,1697,1500,1500,2012,1193,1449,1500,1500,1500,1500,1500,1500,1372,1628,1500,1609,1500,2012,1500,1756,1624,1500,1520,1705,1500,988,8.2
2026-04-19,17:12:19.770,-55,-64,10,3785,10220,65,44,16,7094,46,61,2329,1023,236,508,1024,204,1024,0,-1,-1,-1,0x100048009C140205,1763,1566,1730,988,2012,2011,1618,1500,1500,2012,1193,1449,1500,1500,1500,1500,1500,1500,1372,1628,1500,1609,1500,2012,1500,1666,1566,1500,1520,1705,1500,988,8.2
2026-04-19,17:12:20.270,-60,-64,10,3799,14810,65,44,16,8458,46,61,2330,561,500,508,1024,204,1024,0,-1,-1,-1,0x100048029C140205,1601,1662,1730,988,2012,1780,1750,1500,1500,1780,1193,1449,1500,1500,1500,1500,1500,1500,1372,1628,1500,1609,1500,2012,1500,1803,1662,1500,1520,1705,1500,988,8.2
2026-04-19,17:12:20.770,-55,-64,10,3799,36150,65,44,16,18738,46,61,2335,0,2,508,1024,204,1024,0,-1,-1,-1,0x1000480098140205,1499,1500,1730,988,2012,1500,1501,1500,1500,1500,1193,1449,1500,1500,1500,1500,1500,1500,1018,2012,1500,1609,1500,2012,1500,1501,1500,1500,1520,1705,1500,988,8.2
2026-04-19,17:12:21.270,-49,-58,10,3796,5850,65,44,16,26116,46,61,2337,776,30,508,1024,204,1024,0,-1,-1,-1,0x100048089C140205,1656,1518,1730,988,2012,1888,1508,1500,1500,1882,1193,1449,1500,1500,1500,1500,1500,1500,1321,1679,1500,1609,1500,2012,1500,1628,1518,1500,1520,1705,1500,988,8.2
2026-04-19,17:12:21.770,-55,-76,10,3795,7250,65,44,16,11030,46,61,2338,1012,2,508,1024,204,1024,0,-1,-1,-1,0x100048089C100205,1756,1500,1730,988,2012,2006,1501,1500,1500,2005,1193,1449,1500,1500,1500,1500,1500,1500,1141,2012,1500,1609,1500,988,1500,1501,1500,1500,1520,1705,1500,988,8.2
2026-04-19,17:12:22.270,-69,-60,10,3789,19120,65,44,16,12440,46,61,2339,241,684,508,1024,204,1024,0,-1,-1,-1,0x100048089C140205,1531,1764,1730,988,2012,1620,1842,1500,1500,1601,1193,1449,1500,1500,1500,1500,1500,1500,1372,1628,1500,1609,1500,2012,1500,1892,1764,1500,1520,1705,1500,988,8.2
2026-04-19,17:12:22.770,-67,-54,10,3782,8580,65,44,16,8072,46,61,2343,-989,219,508,1024,204,1024,0,-1,-1,-1,0x100048089C140205,1213,1557,1730,988,2012,1006,1609,1500,1500,996,1193,1449,1500,1500,1500,1500,1500,1500,1372,1628,1500,1609,1500,2012,1500,1642,1557,1500,1520,1705,1500,988,8.2
2026-04-19,17:12:23.270,-51,-58,10,3792,7460,65,44,16,5422,46,61,2344,-1024,265,508,1024,204,1024,0,-1,-1,-1,0x100048089C140205,1204,1582,1730,988,2012,988,1632,1500,1500,988,1193,1449,1500,1500,1500,1500,1500,1500,1372,1628,1500,1609,1500,2012,1500,1691,1582,1500,1520,1705,1500,988,8.2
2026-04-19,17:12:23.770,-50,-58,10,3792,18630,65,44,16,10762,46,61,2345,-784,481,508,1024,204,1024,0,-1,-1,-1,0x100048089C140205,1327,1653,1730,988,2012,1108,1740,1500,1500,1109,1193,1449,1500,1500,1500,1500,1500,1500,1372,1628,1500,1609,1500,2012,1500,1794,1653,1500,1520,1705,1500,988,8.2
2026-04-19,17:12:24.270,-69,-59,10,3784,22770,65,44,16,15140,46,61,2348,-362,609,508,1024,204,1024,0,-1,-1,-1,0x100048089C140205,1437,1707,1730,988,2012,1319,1804,1500,1500,1314,1193,1449,1500,1500,1500,1500,1500,1500,1372,1628,1500,1609,1500,2012,1500,1856,1707,1500,1520,1705,1500,988,8.2
2026-04-19,17:12:24.770,-63,-60,10,3794,7810,65,44,16,7680,46,61,2350,1023,64,508,1024,204,1024,0,-1,-1,-1,0x100048089C140205,1762,1505,1730,988,2012,2011,1532,1500,1500,2011,1193,1449,1500,1500,1500,1500,1500,1500,1065,1935,1500,1609,1500,2012,1500,1527,1505,1500,1520,1705,1500,988,8.2
2026-04-19,17:12:25.270,-62,-63,10,3796,10610,65,44,16,7524,46,61,2351,1024,417,508,1024,204,1024,0,-1,-1,-1,0x100048089C140205,1763,1624,1730,988,2012,2012,1708,1500,1500,2012,1193,1449,1500,1500,1500,1500,1500,1500,1372,1628,1500,1609,1500,2012,1500,1762,1624,1500,1520,1705,1500,988,8.2
2026-04-19,17:12:25.770,-55,-63,10,3792,19860,65,44,16,11400,46,62,2353,647,515,508,1024,204,1024,0,-1,-1,-1,0x100048089C140205,1631,1668,1730,988,2012,1823,1757,1500,1500,1837,1193,1449,1500,1500,1500,1500,1500,1500,1372,1628,1500,1609,1500,2012,1500,1810,1668,1500,1520,1705,1500,988,8.2
2026-04-19,17:12:26.270,-54,-63,10,3792,10150,65,44,16,12656,46,62,2356,664,468,508,1024,204,1024,0,-1,-1,-1,0x100048089C140205,1634,1648,1730,988,2012,1832,1734,1500,1500,1842,1193,1449,1500,1500,1500,1500,1500,1500,1372,1628,1500,1609,1500,2012,1500,1787,1648,1500,1520,1705,1500,988,8.2
2026-04-19,17:12:26.770,-58,-56,10,3793,4580,65,44,16,8392,46,62,2358,759,397,508,1024,204,1024,0,-1,-1,-1,0x100048089C140205,1660,1625,1730,988,2012,1874,1704,1500,1500,1888,1193,1449,1500,1500,1500,1500,1500,1500,1372,1628,1500,1609,1500,2012,1500,1757,1625,1500,1520,1705,1500,988,8.2
2026-04-19,17:12:27.270,-64,-63,10,3791,12680,65,44,16,10348,46,62,2359,657,516,508,1024,204,1024,0,-1,-1,-1,0x100048089C140205,1624,1672,1730,988,2012,1828,1758,1500,1500,1823,1193,1449,1500,1500,1500,1500,1500,1500,1372,1628,1500,1609,1500,2012,1500,1815,1672,1500,1520,1705,1500,988,8.2
2026-04-19,17:12:27.770,-62,-63,10,3778,59030,65,44,16,29554,46,62,2363,236,118,508,1024,204,1024,0,-1,-1,-1,0x100048089C140205,1537,1550,1730,988,2012,1618,1559,1500,1500,1618,1193,1449,1500,1500,1500,1500,1500,1500,1372,1628,1500,1609,1500,2012,1500,1910,1550,1500,1520,1705,1500,988,8.2
2026-04-19,17:12:28.270,-54,-63,10,3768,43960,65,44,16,29860,46,62,2368,-1,1024,508,1024,204,1024,0,-1,-1,-1,0x1000480998142605,1499,2012,1730,988,2012,1500,2012,1500,1500,1500,1193,1449,1500,1500,1500,1500,1500,1500,1372,1628,1500,1609,1500,2012,1500,2012,2012,1500,1520,1705,1500,988,8.2
2026-04-19,17:12:28.770,-47,-50,10,3747,54470,65,44,16,28236,46,62,2375,-129,564,508,1024,204,1024,0,-1,-1,-1,0x100048049C140205,1479,1628,1730,988,2012,1436,1782,1500,1500,1436,1193,1449,1500,1500,1500,1500,1500,1500,1372,1628,1500,1609,1500,2012,1500,1820,1628,1500,1520,1705,1500,988,8.2
2026-04-19,17:12:29.270,-47,-58,10,3736,12750,65,44,16,25026,46,62,2378,-9,158,508,1024,204,1024,0,-1,-1,-1,0x1000480498140245,1499,1545,1730,988,2012,1496,1579,1500,1500,1496,1193,1449,1500,1500,1500,1500,1500,1500,1372,1628,1500,1609,1500,2012,1500,1615,1545,1500,1520,1705,1500,988,8.2
2026-04-19,17:12:29.770,-58,-59,10,3741,3220,66,44,16,17988,46,62,2379,-317,152,508,1024,204,1024,0,-1,-1,-1,0x100048049C140205,1447,1547,1730,988,2012,1342,1576,1500,1500,1341,1193,1449,1500,1500,1500,1500,1500,1500,1372,1628,1500,1609,1500,2012,1500,1612,1547,1500,1520,1705,1500,988,8.2
2026-04-19,17:12:30.270,-68,-67,10,3757,1220,66,44,16,15500,47,62,2380,-111,32,508,1024,204,1024,0,-1,-1,-1,0x100048049C140245,1482,1512,1730,988,2012,1445,1516,1500,1500,1445,1193,1449,1500,1500,1500,1500,1500,1500,1168,1832,1500,1609,1500,2012,1500,1526,1512,1500,1520,1705,1500,988,8.2
2026-04-19,17:12:30.770,-70,-60,10,3781,1960,66,44,16,11648,47,62,2380,377,46,508,1024,204,1024,0,-1,-1,-1,0x100048009C140205,1559,1517,1707,988,2012,1688,1523,1500,1500,1682,1193,1449,1500,1500,1500,1500,1500,1500,1168,1832,1500,1609,1500,2012,1500,1536,1517,1500,1520,1705,1500,988,8.2
2026-04-19,17:12:31.270,-66,-60,10,3804,520,66,44,16,4864,47,62,2380,6,66,508,1024,204,1024,0,-1,-1,-1,0x1000480098140205,1500,1528,1730,988,2012,1503,1533,1500,1500,1503,1193,1449,1500,1500,1500,1500,1500,1500,1372,1628,1500,1609,1500,2012,1500,1558,1528,1500,1520,1705,1500,988,8.2
2026-04-19,17:12:31.770,-66,-58,10,3797,31000,66,44,16,21292,47,62,2383,-244,795,507,1024,204,1024,0,-1,-1,-1,0x100048019C140605,1457,1805,1730,988,2012,1378,1897,1500,1500,1370,1193,1449,1500,1500,1500,1500,1500,1500,1372,1628,1500,1609,1500,2012,1500,1925,1805,1500,1520,1705,1500,988,8.2
2026-04-19,17:12:32.270,-61,-63,10,3768,55450,66,44,16,31372,46,62,2389,-569,1024,508,1024,204,1024,0,-1,-1,-1,0x100048019C142605,1396,2012,1730,988,2012,1216,2012,1500,1500,1222,1193,1449,1500,1500,1500,1500,1500,1500,1372,1628,1500,1609,1500,2012,1500,2012,2012,1500,1520,1705,1500,988,8.2
2026-04-19,17:12:32.770,-70,-69,10,3748,12780,66,44,16,19514,46,63,2394,-293,242,508,1024,204,1024,0,-1,-1,-1,0x100048049C140205,1449,1590,1730,988,2012,1354,1621,1500,1500,1348,1193,1449,1500,1500,1500,1500,1500,1500,1372,1628,1500,1609,1500,2012,1500,1812,1590,1500,1520,1705,1500,988,8.2
2026-04-19,17:12:33.270,-77,-83,10,3741,5500,66,44,16,13648,46,63,2396,390,204,508,1024,204,1024,0,-1,-1,-1,0x100048049C140245,1564,1558,1730,988,2012,1695,1602,1500,1500,1695,1193,1449,1500,1500,1500,1500,1500,1500,1372,1628,1500,1609,1500,2012,1500,1645,1558,1500,1520,1705,1500,988,8.2
2026-04-19,17:12:33.770,-75,-71,10,3736,18390,66,44,16,13792,46,63,2397,-278,422,508,1024,204,1024,0,-1,-1,-1,0x100048009C140205,1456,1629,1730,988,2012,1361,1711,1500,1500,1367,1193,1449,1500,1500,1500,1500,1500,1500,1372,1628,1500,1609,1500,2012,1500,1762,1629,1500,1520,1705,1500,988,8.2
2026-04-19,17:12:34.270,-91,-74,10,3757,1150,66,44,16,11352,46,63,2398,-548,-486,508,1024,204,1024,0,-1,-1,-1,0x100048009E1C0205,1407,1267,1730,1352,2012,1226,1257,1177,1500,1245,1193,1449,1500,1500,1500,1500,1500,1177,1014,1986,1500,1609,1500,2012,1500,1406,1500,1500,1520,1705,1177,988,8.2
2026-04-19,17:12:34.770,-87,-74,10,3781,0,66,44,16,6702,46,63,2398,-1024,4,508,1024,204,1024,0,-1,-1,-1,0x100048009C140205,1204,1501,1730,988,2012,988,1502,1500,1500,988,1193,1449,1500,1500,1500,1500,1500,1500,1372,2012,1500,1609,1500,2012,1500,1503,1501,1500,1520,1705,1500,988,8.2
2026-04-19,17:12:35.270,-76,-79,10,3800,7560,66,44,16,5534,46,63,2399,-1024,381,508,1024,204,1024,0,-1,-1,-1,0x100048009C140205,1204,1624,1730,988,2012,988,1690,1500,1500,988,1193,1449,1500,1500,1500,1500,1500,1500,1372,1628,1500,1609,1500,2012,1500,1755,1624,1500,1520,1705,1500,988,8.2
2026-04-19,17:12:35.770,-84,-76,10,3801,4650,66,44,16,6396,46,63,2400,-1024,402,508,1024,204,1024,0,-1,-1,-1,0x100048009C140205,1204,1627,1730,988,2012,988,1701,1500,1500,988,1193,1449,1500,1500,1500,1500,1500,1500,1372,1628,1500,1609,1500,2012,1500,1759,1627,1500,1520,1705,1500,988,8.2
2026-04-19,17:12:36.270,-75,-72,50,3799,27500,66,44,16,14366,46,63,2402,-359,633,508,1024,204,1024,0,-1,-1,-1,0x100048009C140205,1434,1725,1730,988,2012,1321,1816,1500,1500,1308,1193,1449,1500,1500,1500,1500,1500,1500,1372,1628,1500,1609,1500,2012,1500,1866,1725,1500,1520,1705,1500,988,8.2
2026-04-19,17:12:36.770,-81,-83,10,3783,21400,66,44,16,18756,46,63,2406,-139,667,508,1024,204,1024,0,-1,-1,-1,0x100048009C140205,1477,1743,1730,988,2012,1431,1833,1500,1500,1431,1193,1449,1500,1500,1500,1500,1500,1500,1372,1628,1500,1609,1500,2012,1500,1880,1743,1500,1520,1705,1500,988,8.2
2026-04-19,17:12:37.270,-82,-72,10,3780,2410,66,44,16,13658,46,63,2408,-117,654,508,1024,204,1024,0,-1,-1,-1,0x100048049C140245,1481,1755,1730,988,2012,1442,1827,1500,1500,1442,1193,1449,1500,1500,1500,1500,1500,1500,1372,1628,1500,1609,1500,2012,1500,1883,1755,1500,1520,1705,1500,988,8.2
2026-04-19,17:12:37.770,-78,-80,10,3779,4270,66,44,16,23402,46,63,2409,1024,-5,508,1024,204,1024,0,-1,-1,-1,0x100048049C140245,1763,1497,1730,993,2012,2012,1498,1496,1500,2012,1193,1449,1500,1500,1500,1500,1500,1496,1168,1832,1500,1609,1500,2012,1500,1580,1500,1500,1520,1705,1496,988,8.2
2026-04-19,17:12:38.270,-67,-63,10,3777,17060,66,44,16,9380,46,63,2410,553,98,508,1024,204,1024,0,-1,-1,-1,0x100048009C140205,1606,1534,1730,988,2012,1776,1549,1500,1500,1789,1193,1449,1500,1500,1500,1500,1500,1500,1372,1628,1500,1609,1500,2012,1500,1575,1534,1500,1520,1705,1500,988,8.2
2026-04-19,17:12:38.770,-70,-74,10,3788,0,66,44,16,6760,46,63,2411,6,35,508,1024,204,1024,0,-1,-1,-1,0x1000480098140205,1500,1513,1730,988,2012,1503,1517,1500,1500,1503,1193,1449,1500,1500,1500,1500,1500,1500,1326,2012,1500,1609,1500,2012,1500,1527,1513,1500,1520,1705,1500,988,8.2
2026-04-19,17:12:39.270,-68,-73,10,3802,0,66,44,16,616,46,63,2411,-15,44,508,1024,204,1024,0,-1,-1,-1,0x1000480098140205,1499,1512,1730,988,2012,1493,1522,1500,1500,1500,1193,1449,1500,1500,1500,1500,1500,1500,1372,2012,1500,1609,1500,2012,1500,1526,1512,1500,1520,1705,1500,988,8.2
2026-04-19,17:12:39.770,-68,-81,10,3786,70690,66,44,16,21330,46,63,2414,-1024,-588,508,1024,204,1024,0,-1,-1,-1,0x100048009E1C0205,1204,1226,1730,1397,2012,988,1206,1119,1500,988,1193,1449,1500,1500,1500,1500,1500,1119,988,2012,1500,1609,1500,2012,1500,1673,1500,1500,1520,1705,1119,988,8.2
2026-04-19,17:12:40.270,-71,-73,10,3783,14460,66,44,16,6412,46,63,2418,-1024,449,508,1024,204,1024,0,-1,-1,-1,0x100048009C140205,1204,1645,1730,988,2012,988,1724,1500,1500,988,1193,1449,1500,1500,1500,1500,1500,1500,1372,1628,1500,1609,1500,2012,1500,1783,1645,1500,1520,1705,1500,988,8.2
2026-04-19,17:12:40.770,-71,-73,10,3782,19960,65,44,16,9622,46,63,2420,-209,561,508,1024,204,1024,0,-1,-1,-1,0x100048029C140205,1456,1690,1730,988,2012,1396,1780,1500,1500,1368,1193,1449,1500,1500,1500,1500,1500,1500,1372,1628,1500,1609,1500,2012,1500,1835,1690,1500,1520,1705,1500,988,8.2
2026-04-19,17:12:41.270,-77,-88,10,3781,13130,65,44,16,8104,46,63,2422,1024,561,508,1024,204,1024,0,-1,-1,-1,0x100048029C140205,1763,1684,1730,988,2012,2012,1780,1500,1500,2012,1193,1449,1500,1500,1500,1500,1500,1500,1372,1628,1500,1609,1500,2012,1500,1829,1684,1500,1520,1705,1500,988,8.2
2026-04-19,17:12:41.770,-71,-78,10,3765,37270,65,44,16,21416,46,63,2425,347,953,508,1024,204,1024,0,-1,-1,-1,0x100048019C140605,1562,1909,1730,988,2012,1673,1976,1500,1500,1690,1193,1449,1500,1500,1500,1500,1500,1500,1372,1628,1500,1609,1500,2012,1500,1987,1909,1500,1520,1705,1500,988,8.2
2026-04-19,17:12:42.270,-72,-76,10,3755,72480,66,44,16,26616,46,63,2431,-72,1024,508,1024,204,1024,0,-1,-1,-1,0x100048099C142205,1488,2012,1730,988,2012,1464,2012,1500,1500,1464,1193,1449,1500,1500,1500,1500,1500,1500,1372,1628,1500,1609,1500,2012,1500,2012,2012,1500,1520,1705,1500,988,8.2
2026-04-19,17:12:42.770,-76,-71,10,3734,11100,66,44,16,23002,46,64,2439,303,146,508,1024,204,1024,0,-1,-1,-1,0x100048049C140205,1548,1532,1730,988,2012,1651,1573,1500,1500,1652,1193,1449,1500,1500,1500,1500,1500,1500,1372,1628,1500,1609,1500,2012,1500,1583,1532,1500,1520,1705,1500,988,8.2
2026-04-19,17:12:43.270,-77,-75,25,3735,6970,66,44,16,17450,46,64,2440,598,426,508,1024,204,1024,0,-1,-1,-1,0x100048049C140245,1607,1620,1730,988,2012,1799,1713,1500,1500,1793,1193,1449,1500,1500,1500,1500,1500,1500,1372,1628,1500,1609,1500,2012,1500,1756,1620,1500,1520,1705,1500,988,8.2
2026-04-19,17:12:43.770,-71,-70,10,3734,10360,66,44,16,14254,46,64,2441,913,335,508,1024,204,1024,0,-1,-1,-1,0x100048049C140205,1709,1607,1730,988,2012,1956,1667,1500,1500,1956,1193,1449,1500,1500,1500,1500,1500,1500,1372,1628,1500,1609,1500,2012,1500,1730,1607,1500,1520,1705,1500,988,8.2
2026-04-19,17:12:44.270,-71,-79,10,3752,15370,66,44,16,12566,46,64,2443,981,564,508,1024,204,1024,0,-1,-1,-1,0x100048009C140205,1740,1691,1730,988,2012,1990,1782,1500,1500,1990,1193,1449,1500,1500,1500,1500,1500,1500,1372,1628,1500,1609,1500,2012,1500,1837,1691,1500,1520,1705,1500,988,8.2
2026-04-19,17:12:44.770,-85,-81,10,3769,26970,66,44,16,22904,46,64,2446,866,679,508,1024,204,1024,0,-1,-1,-1,0x100048019C140205,1691,1750,1730,988,2012,1933,1839,1500,1500,1933,1193,1449,1500,1500,1500,1500,1500,1500,1372,1628,1500,1609,1500,2012,1500,1885,1750,1500,1520,1705,1500,988,8.2
2026-04-19,17:12:45.270,-76,-76,10,3752,58260,66,44,16,28056,46,64,2452,128,1024,508,1024,204,1024,0,-1,-1,-1,0x100048019C142605,1519,2012,1730,988,2012,1564,2012,1500,1500,1564,1193,1449,1500,1500,1500,1500,1500,1500,1372,1628,1500,1609,1500,2012,1500,2012,2012,1500,1520,1705,1500,988,8.2
2026-04-19,17:12:45.770,-77,-67,50,3721,44490,66,44,16,26234,46,64,2459,18,784,508,1024,204,1024,0,-1,-1,-1,0x1000480498140245,1500,1788,1730,988,2012,1509,1892,1500,1500,1501,1193,1449,1500,1500,1500,1500,1500,1500,1372,1628,1500,1609,1500,2012,1500,1921,1788,1500,1520,1705,1500,988,8.2
2026-04-19,17:12:46.270,-78,-68,10,3717,10470,66,44,16,22252,46,64,2462,1,332,508,1024,204,1024,0,-1,-1,-1,0x1000480498140205,1499,1606,1730,988,2012,1500,1666,1500,1500,1500,1193,1449,1500,1500,1500,1500,1500,1500,1372,1628,1500,1609,1500,2012,1500,1722,1606,1500,1520,1705,1500,988,8.2
2026-04-19,17:12:46.770,-76,-69,10,3723,3430,66,44,16,16382,46,64,2463,275,-13,508,1024,204,1024,0,-1,-1,-1,0x100048049C140245,1532,1492,1730,1001,2012,1637,1494,1489,1500,1605,1193,1449,1500,1500,1500,1500,1500,1489,1111,2012,1500,1609,1500,2012,1500,1499,1500,1500,1520,1705,1489,988,8.2
2026-04-19,17:12:47.270,-73,-76,10,3737,3080,66,44,16,12422,46,64,2463,1022,6,508,1024,204,1024,0,-1,-1,-1,0x100048009C141A85,1761,1517,1730,988,2012,2011,1503,1500,1500,2011,1193,1449,1500,1500,1500,1500,1500,1500,1321,1679,1500,1609,1500,2012,1500,1560,1517,1500,1520,1705,1500,988,8.2
2026-04-19,17:12:47.770,-75,-73,10,3763,14780,66,44,16,11356,46,64,2464,-1024,28,508,1024,204,1024,0,-1,-1,-1,0x100048009C140A85,1204,1501,1730,988,2012,988,1514,1500,1500,988,1193,1449,1500,1500,1500,1500,1500,1500,1029,2012,1500,1609,1500,988,1500,1502,1501,1500,1520,1705,1500,988,8.2
2026-04-19,17:12:48.270,-68,-69,10,3783,22560,66,44,16,10660,46,64,2465,-826,555,508,1024,204,1024,0,-1,-1,-1,0x100048019C140605,1331,1709,1730,988,2012,1087,1777,1500,1500,1113,1193,1449,1500,1500,1500,1500,1500,1500,1372,1628,1500,1609,1500,2012,1500,1865,1709,1500,1520,1705,1500,988,8.2
2026-04-19,17:12:48.770,-64,-71,10,3770,48310,66,44,16,21080,46,64,2470,19,671,508,1024,204,1024,0,-1,-1,-1,0x1000480098140205,1502,1738,1730,988,2012,1509,1835,1500,1500,1509,1193,1449,1500,1500,1500,1500,1500,1500,1372,1628,1500,1609,1500,2012,1500,1876,1738,1500,1520,1705,1500,988,8.2
2026-04-19,17:12:49.270,-62,-65,10,3757,9210,66,44,16,6296,46,64,2474,1024,111,508,1024,204,1024,0,-1,-1,-1,0x100048009C141205,1763,1511,1730,988,2012,2012,1555,1500,1500,2012,1193,1449,1500,1500,1500,1500,1500,1500,1065,1935,1500,1609,1500,2012,1500,1536,1511,1500,1520,1705,1500,988,8.2
2026-04-19,17:12:49.770,-63,-62,10,3755,9980,66,44,16,8660,46,65,2475,1024,358,508,1024,204,1024,0,-1,-1,-1,0x100048009C140205,1763,1611,1730,988,2012,2012,1679,1500,1500,2012,1193,1449,1500,1500,1500,1500,1500,1500,1372,1628,1500,1609,1500,2012,1500,1736,1611,1500,1520,1705,1500,988,8.2
2026-04-19,17:12:50.270,-65,-64,10,3747,17930,66,44,16,14934,46,65,2478,-855,309,508,1024,204,1024,0,-1,-1,-1,0x100048009C140205,1304,1593,1730,988,2012,1073,1654,1500,1500,1079,1193,1449,1500,1500,1500,1500,1500,1500,1372,1628,1500,1609,1500,2012,1500,1735,1593,1500,1520,1705,1500,988,8.2
2026-04-19,17:12:50.770,-72,-60,10,3751,24800,66,44,16,16488,46,65,2480,-698,471,508,1024,204,1024,0,-1,-1,-1,0x100048009C140205,1356,1639,1730,988,2012,1151,1735,1500,1500,1151,1193,1449,1500,1500,1500,1500,1500,1500,1372,1628,1500,1609,1500,2012,1500,1780,1639,1500,1520,1705,1500,988,8.2
2026-04-19,17:12:51.270,-70,-73,10,3740,76750,66,44,16,27334,46,65,2488,-587,915,508,1024,204,1024,0,-1,-1,-1,0x100048089C140205,1388,1696,1730,988,2012,1207,1957,1500,1500,1207,1193,1449,1500,1500,1500,1500,1500,1500,1372,1628,1500,1609,1500,2012,1500,1957,1696,1500,1520,1705,1500,988,8.2
2026-04-19,17:12:51.770,-52,-54,10,3745,2830,66,44,16,28212,46,65,2490,-1024,-889,508,1024,204,1024,0,-1,-1,-1,0x100048049E1C0245,1204,1149,1730,1479,2012,988,1056,1500,1014,988,1193,1449,1500,1500,1500,1500,1500,1014,988,2012,1500,1609,1500,2012,1500,1242,1500,1500,1520,1705,1014,988,8.2
2026-04-19,17:12:52.270,-45,-54,10,3746,1540,66,44,16,2702,46,65,2490,-1024,-513,508,1024,204,1024,0,-1,-1,-1,0x100048009E180205,1204,1283,1730,1334,2012,988,1244,1200,1500,988,1193,1449,1500,1500,1500,1500,1500,1199,988,2012,1500,1609,1500,988,1500,1274,1500,1500,1520,1705,1146,988,8.2
2026-04-19,17:12:52.770,-51,-64,10,3750,36850,66,44,16,15098,46,65,2491,-1024,186,508,1024,204,1024,0,-1,-1,-1,0x100048009C140205,1204,1552,1730,988,2012,988,1593,1500,1500,988,1193,1449,1500,1500,1500,1500,1500,1500,1372,1628,1500,1609,1500,2012,1500,1634,1552,1500,1520,1705,1500,988,8.2
2026-04-19,17:12:53.270,-59,-71,10,3755,17230,66,44,16,11908,46,65,2493,-901,540,508,1024,204,1024,0,-1,-1,-1,0x100048009C140205,1276,1670,1730,988,2012,1050,1770,1500,1500,1049,1193,1449,1500,1500,1500,1500,1500,1500,1372,1628,1500,1609,1500,2012,1500,1820,1670,1500,1520,1705,1500,988,8.2
2026-04-19,17:12:53.770,-66,-86,10,3774,27290,66,44,16,14032,46,65,2496,11,433,508,1024,204,1024,0,-1,-1,-1,0x1000480098140205,1500,1643,1730,988,2012,1505,1716,1500,1500,1505,1193,1449,1500,1500,1500,1500,1500,1500,1372,1628,1500,1609,1500,2012,1500,1776,1643,1500,1520,1705,1500,988,8.2
2026-04-19,17:12:54.270,-58,-86,10,3771,4090,66,44,16,9064,46,65,2498,867,220,508,1024,204,1024,0,-1,-1,-1,0x100048029C100205,1673,1566,1730,988,2012,1933,1610,1500,1500,1909,1193,1449,1500,1500,1500,1500,1500,1500,1372,1628,1500,1609,1500,988,1500,1665,1566,1500,1520,1705,1500,988,8.2
2026-04-19,17:12:54.770,-68,-56,10,3769,8470,66,44,16,6830,46,65,2499,1024,264,508,1024,204,1024,0,-1,-1,-1,0x100048029C140205,1763,1577,1730,988,2012,2012,1632,1500,1500,2012,1193,1449,1500,1500,1500,1500,1500,1500,1372,1628,1500,1609,1500,2012,1500,1683,1577,1500,1520,1705,1500,988,8.2
2026-04-19,17:12:55.270,-65,-59,10,3774,19930,66,44,16,8894,46,65,2500,615,470,508,1024,204,1024,0,-1,-1,-1,0x100048029C140205,1615,1663,1730,988,2012,1807,1735,1500,1500,1807,1193,1449,1500,1500,1500,1500,1500,1500,1372,1628,1500,1609,1500,2012,1500,1799,1663,1500,1520,1705,1500,988,8.2
2026-04-19,17:12:55.770,-62,-61,10,3759,60040,66,44,16,20310,46,65,2505,139,58,508,1024,204,1024,0,-1,-1,-1,0x100048009C140205,1521,1521,1730,988,2012,1569,1529,1500,1500,1570,1193,1449,1500,1500,1500,1500,1500,1500,988,2012,1500,1609,1500,2012,1500,1586,1521,1500,1520,1705,1500,988,8.2
2026-04-19,17:12:56.270,-52,-67,10,3761,15760,66,44,16,32102,46,65,2509,-4,171,508,1024,204,1024,0,-1,-1,-1,0x1000480898140205,1499,1532,1730,988,2012,1498,1585,1500,1500,1498,1193,1449,1500,1500,1500,1500,1500,1500,1372,1628,1500,1609,1500,2012,1500,1784,1532,1500,1520,1705,1500,988,8.2
2026-04-19,17:12:56.770,-57,-67,10,3759,3040,66,44,16,9916,46,65,2510,933,26,508,1024,204,1024,0,-1,-1,-1,0x100048009C140205,1713,1504,1730,988,2012,1966,1513,1500,1500,1961,1193,1449,1500,1500,1500,1500,1500,1500,1213,2012,1500,1609,1500,2012,1500,1511,1504,1500,1520,1705,1500,988,8.2
2026-04-19,17:12:57.270,-53,-67,10,3762,14250,66,44,16,9516,46,65,2511,1008,229,508,1024,204,1024,0,-1,-1,-1,0x100048009C140205,1754,1564,1730,988,2012,2004,1614,1500,1500,2004,1193,1449,1500,1500,1500,1500,1500,1500,1372,1628,1500,1609,1500,2012,1500,1661,1564,1500,1520,1705,1500,988,8.2
2026-04-19,17:12:57.770,-77,-59,10,3761,26410,66,44,16,14574,47,65,2514,-1024,-91,508,1024,204,1024,0,-1,-1,-1,0x100048009E1C0205,1204,1440,1730,1090,2012,988,1455,1417,1500,988,1193,1449,1500,1500,1500,1500,1500,1417,1009,2012,1500,1609,1500,2012,1500,1431,1500,1500,1520,1705,1417,988,8.2
2026-04-19,17:12:58.270,-62,-50,10,3779,8750,66,44,16,7856,47,65,2516,-1024,394,508,1024,204,1024,0,-1,-1,-1,0x100048009C140205,1204,1624,1730,988,2012,988,1697,1500,1500,988,1193,1449,1500,1500,1500,1500,1500,1500,1372,1628,1500,1609,1500,2012,1500,1755,1624,1500,1520,1705,1500,988,8.2
2026-04-19,17:12:58.770,-53,-58,10,3783,14950,66,44,16,9996,47,66,2517,-907,372,508,1024,204,1024,0,-1,-1,-1,0x100048009C140205,1287,1612,1730,988,2012,1047,1686,1500,1500,1060,1193,1449,1500,1500,1500,1500,1500,1500,1372,1628,1500,1609,1500,2012,1500,1737,1612,1500,1520,1705,1500,988,8.2
2026-04-19,17:12:59.270,-53,-58,10,3781,13060,66,44,16,9992,47,66,2519,-553,603,508,1024,204,1024,0,-1,-1,-1,0x100048009C140205,1397,1717,1730,988,2012,1216,1794,1500,1500,1224,1193,1449,1500,1500,1500,1500,1500,1500,1372,1628,1500,1609,1500,2012,1500,1860,1717,1500,1520,1705,1500,988,8.2
2026-04-19,17:12:59.770,-56,-61,10,3774,23540,66,44,16,16820,47,66,2521,744,-90,508,1024,204,1024,0,-1,-1,-1,0x100048029E140205,1647,1448,1730,1078,2012,1872,1455,1428,1500,1866,1193,1449,1500,1500,1500,1500,1500,1428,1065,1935,1500,1609,1500,2012,1500,1520,1500,1500,1520,1705,1428,988,8.2
2026-04-19,17:13:00.270,-52,-64,10,3780,3390,66,44,16,5176,47,66,2523,1024,518,508,1024,204,1024,0,-1,-1,-1,0x100048029C140205,1763,1677,1730,988,2012,2012,1759,1500,1500,2012,1193,1449,1500,1500,1500,1500,1500,1500,1372,1628,1500,1609,1500,2012,1500,1821,1677,1500,1520,1705,1500,988,8.2
2026-04-19,17:13:00.770,-56,-56,10,3779,10510,66,44,16,7844,47,66,2525,919,324,508,1024,204,1024,0,-1,-1,-1,0x1000480A9C140205,1717,1598,1730,988,2012,1959,1662,1500,1500,1965,1193,1449,1500,1500,1500,1500,1500,1500,1372,1628,1500,1609,1500,2012,1500,1717,1598,1500,1520,1705,1500,988,8.2
2026-04-19,17:13:01.270,-57,-60,10,3771,36820,66,44,16,21882,47,66,2527,596,628,507,1024,204,1024,0,-1,-1,-1,0x100048099C140605,1618,1751,1730,988,2012,1798,1814,1500,1500,1813,1193,1449,1500,1500,1500,1500,1500,1500,1372,1628,1500,1609,1500,2012,1500,1895,1751,1500,1520,1705,1500,988,8.2
2026-04-19,17:13:01.770,-65,-55,10,3767,8720,66,44,16,10996,47,66,2531,244,2,508,1024,204,1024,0,-1,-1,-1,0x100048089C140205,1533,1500,1730,988,2012,1622,1501,1500,1500,1609,1193,1449,1500,1500,1500,1500,1500,1500,1270,1730,1500,1609,1500,2012,1500,1590,1500,1500,1520,1705,1500,988,8.2
2026-04-19,17:13:02.270,-65,-56,10,3773,5920,66,44,16,12232,47,66,2532,656,487,508,1024,204,1024,0,-1,-1,-1,0x100048089C140205,1626,1660,1730,988,2012,1828,1743,1500,1500,1828,1193,1449,1500,1500,1500,1500,1500,1500,1372,1628,1500,1609,1500,2012,1500,1801,1660,1500,1520,1705,1500,988,8.2
2026-04-19,17:13:02.770,-61,-70,10,3766,33520,66,44,16,21636,47,66,2534,397,1023,507,1024,204,1024,0,-1,-1,-1,0x100048099C142205,1565,2010,1730,988,2012,1698,2011,1500,1500,1698,1193,1449,1500,1500,1500,1500,1500,1500,1372,1628,1500,1609,1500,2012,1500,2011,2010,1500,1520,1705,1500,988,8.2
2026-04-19,17:13:03.270,-57,-70,10,3747,87790,68,44,16,26322,47,66,2540,177,1024,507,1024,204,1024,0,-1,-1,-1,0x100048099C142605,1527,2012,1730,988,2012,1588,2012,1500,1500,1588,1193,1449,1500,1500,1500,1500,1500,1500,1372,1628,1500,1609,1500,2012,1500,2012,2012,1500,1520,1705,1500,988,8.2
2026-04-19,17:13:03.770,-54,-70,10,3732,58640,68,44,16,27206,47,66,2545,59,956,508,1024,204,1024,0,-1,-1,-1,0x1000480598142245,1506,1950,1730,988,2012,1529,1978,1500,1500,1524,1193,1449,1500,1500,1500,1500,1500,1500,1372,1628,1500,1609,1500,2012,1500,2001,1986,1500,1520,1705,1500,988,8.2
2026-04-19,17:13:04.270,-61,-47,10,3720,6760,68,44,16,19120,47,66,2550,-265,110,508,1024,204,1024,0,-1,-1,-1,0x100048049C140205,1463,1550,1730,988,2012,1368,1555,1500,1500,1386,1193,1449,1500,1500,1500,1500,1500,1500,1372,1628,1500,1609,1500,2012,1500,1736,1550,1500,1520,1705,1500,988,8.2
2026-04-19,17:13:04.770,-51,-50,10,3719,4930,68,44,16,18834,47,66,2551,-245,461,508,1024,204,1024,0,-1,-1,-1,0x100048049C140245,1462,1636,1730,988,2012,1378,1730,1500,1500,1383,1193,1449,1500,1500,1500,1500,1500,1500,1372,1628,1500,1609,1500,2012,1500,1777,1636,1500,1520,1705,1500,988,8.2
2026-04-19,17:13:05.270,-64,-66,10,3736,5430,68,44,16,16568,47,66,2552,-358,253,508,1024,204,1024,0,-1,-1,-1,0x100048049C140205,1439,1572,1730,988,2012,1321,1626,1500,1500,1322,1193,1449,1500,1500,1500,1500,1500,1500,1372,1628,1500,1609,1500,2012,1500,1676,1572,1500,1520,1705,1500,988,8.2
2026-04-19,17:13:05.770,-64,-78,10,3760,8330,68,44,16,16238,47,66,2553,-115,26,508,1024,204,1024,0,-1,-1,-1,0x100048049C140245,1481,1509,1730,988,2012,1443,1513,1500,1500,1443,1193,1449,1500,1500,1500,1500,1500,1500,988,2012,1500,1609,1500,2012,1500,1520,1509,1500,1520,1705,1500,988,8.2
2026-04-19,17:13:06.270,-55,-67,10,3786,0,68,44,16,14158,47,66,2553,802,225,508,1024,204,1024,0,-1,-1,-1,0x100048049C140205,1667,1557,1730,988,2012,1901,1612,1500,1500,1900,1193,1449,1500,1500,1500,1500,1500,1500,1372,1628,1500,1609,1500,2012,1500,1652,1557,1500,1520,1705,1500,988,8.2
2026-04-19,17:13:06.770,-61,-68,10,3784,21020,68,44,16,16614,47,67,2555,-347,770,508,1024,204,1024,0,-1,-1,-1,0x100048009C140205,1446,1805,1730,988,2012,1327,1885,1500,1500,1339,1193,1449,1500,1500,1500,1500,1500,1500,1372,1628,1500,1609,1500,2012,1500,1925,1805,1500,1520,1705,1500,988,8.2
2026-04-19,17:13:07.270,-65,-67,10,3773,29420,68,44,16,18444,47,67,2558,-481,749,508,1024,204,1024,0,-1,-1,-1,0x100048019C140605,1408,1779,1730,988,2012,1260,1874,1500,1500,1248,1193,1449,1500,1500,1500,1500,1500,1500,1372,1628,1500,1609,1500,2012,1500,1907,1779,1500,1520,1705,1500,988,8.2
2026-04-19,17:13:07.770,-75,-72,10,3749,46900,68,44,16,24264,47,67,2563,-581,98,508,1024,204,1024,0,-1,-1,-1,0x100048049C140205,1390,1537,1730,988,2012,1210,1549,1500,1500,1210,1193,1449,1500,1500,1500,1500,1500,1500,1372,1628,1500,1609,1500,2012,1500,1679,1537,1500,1520,1705,1500,988,8.2
2026-04-19,17:13:08.270,-76,-84,10,3748,14810,68,44,16,16540,47,67,2565,-572,70,508,1024,204,1024,0,-1,-1,-1,0x100048049C140245,1392,1520,1730,988,2012,1214,1535,1500,1500,1215,1193,1449,1500,1500,1500,1500,1500,1500,1219,1781,1500,1609,1500,2012,1500,1649,1520,1500,1520,1705,1500,988,8.2
2026-04-19,17:13:08.770,-77,-74,100,3747,4230,68,44,16,12516,47,67,2566,-200,296,508,1024,204,1024,0,-1,-1,-1,0x100048009C140205,1464,1579,1730,988,2012,1400,1648,1500,1500,1391,1193,1449,1500,1500,1500,1500,1500,1500,1372,1628,1500,1609,1500,2012,1500,1696,1579,1500,1520,1705,1500,988,8.2
2026-04-19,17:13:09.270,-87,-86,10,3759,1680,68,44,16,10944,47,67,2567,-1024,1,508,1024,204,1024,0,-1,-1,-1,0x100048009C140205,1204,1500,1730,988,2012,988,1500,1500,1500,988,1193,1449,1500,1500,1500,1500,1500,1500,1234,2012,1500,1609,1500,2012,1500,1501,1500,1500,1520,1705,1500,988,8.2
2026-04-19,17:13:09.770,-75,-78,10,3765,0,68,44,16,1712,47,67,2567,-559,5,508,1024,204,1024,0,-1,-1,-1,0x100048009C140205,1392,1501,1730,988,2012,1221,1502,1500,1500,1214,1193,1449,1500,1500,1500,1500,1500,1500,1372,2012,1500,1609,1500,2012,1500,1504,1501,1500,1520,1705,1500,988,8.2
2026-04-19,17:13:10.270,-75,-76,10,3787,0,68,44,16,0,47,67,2567,87,33,508,1024,204,1024,0,-1,-1,-1,0x100048009C140205,1507,1507,1730,988,2012,1543,1516,1500,1500,1527,1193,1449,1500,1500,1500,1500,1500,1500,1372,2012,1500,1609,1500,2012,1500,1516,1507,1500,1520,1705,1500,988,8.2
2026-04-19,17:13:10.770,-84,-88,10,3776,56080,68,44,16,24338,47,67,2572,1024,197,508,1024,204,1024,0,-1,-1,-1,0x100048009C100205,1763,1557,1730,988,2012,2012,1598,1500,1500,2012,1193,1449,1500,1500,1500,1500,1500,1500,1372,1628,1500,1609,1500,2012,1500,1641,1557,1500,1520,1705,1500,988,8.2
2026-04-19,17:13:11.270,-81,-80,10,3776,2970,68,44,16,3382,47,67,2573,897,323,508,1024,204,1024,0,-1,-1,-1,0x100048009C140205,1713,1599,1730,988,2012,1948,1661,1500,1500,1961,1193,1449,1500,1500,1500,1500,1500,1500,1372,1628,1500,1609,1500,2012,1500,1718,1599,1500,1520,1705,1500,988,8.2
2026-04-19,17:13:11.770,-78,-86,10,3776,9980,68,44,16,6254,46,67,2574,-858,413,508,1024,204,1024,0,-1,-1,-1,0x100048029C140205,1280,1627,1730,988,2012,1071,1706,1500,1500,1054,1193,1449,1500,1500,1500,1500,1500,1500,1372,1628,1500,1609,1500,2012,1500,1760,1627,1500,1520,1705,1500,988,8.2
2026-04-19,17:13:12.270,-90,-84,10,3771,27040,68,44,16,20028,46,67,2576,-333,667,508,1024,204,1024,0,-1,-1,-1,0x100048009C140205,1447,1744,1730,988,2012,1334,1833,1500,1500,1340,1193,1449,1500,1500,1500,1500,1500,1500,1372,1628,1500,1609,1500,2012,1500,1881,1744,1500,1520,1705,1500,988,8.2
2026-04-19,17:13:12.770,-83,-84,10,3757,57240,68,44,16,21404,46,67,2579,-33,45,508,1024,204,1024,0,-1,-1,-1,0x1000480898140205,1495,1528,1730,988,2012,1484,1522,1500,1500,1484,1193,1449,1500,1500,1500,1500,1500,1500,1372,1628,1500,1609,1500,2012,1500,1877,1528,1500,1520,1705,1500,988,8.2
2026-04-19,17:13:13.270,-77,-78,10,3756,24130,68,44,16,16038,46,67,2586,-124,867,508,1024,204,1024,0,-1,-1,-1,0x100048049C140245,1482,1895,1730,988,2012,1438,1933,1500,1500,1444,1193,1449,1500,1500,1500,1500,1500,1500,1372,1628,1500,1609,1500,2012,1500,1988,1895,1500,1520,1705,1500,988,8.2
2026-04-19,17:13:13.770,-72,-82,10,3752,2450,68,44,16,28168,46,67,2588,-538,0,508,1024,204,1024,0,-1,-1,-1,0x100048049C140245,1400,1500,1730,988,2012,1239,1500,1500,1500,1231,1193,1449,1500,1500,1500,1500,1500,1500,988,2012,1500,1609,1500,2012,1500,1500,1500,1500,1520,1705,1500,988,8.2
2026-04-19,17:13:14.270,-76,-82,10,3753,0,68,44,16,12942,46,67,2588,1023,-320,508,1024,204,1024,0,-1,-1,-1,0x100048009E100205,1762,1343,1730,1258,2012,2011,1340,1282,1500,2011,1193,1449,1500,1500,1500,1500,1500,1282,1372,2012,1500,1609,1500,988,1500,1284,1500,1500,1520,1705,1243,988,8.2
2026-04-19,17:13:14.770,-76,-65,10,3767,3880,68,44,16,4788,46,67,2588,254,97,508,1024,204,1024,0,-1,-1,-1,0x100048009C140205,1542,1533,1730,988,2012,1627,1548,1500,1500,1634,1193,1449,1500,1500,1500,1500,1500,1500,1372,1628,1500,1609,1500,2012,1500,1573,1533,1500,1520,1705,1500,988,8.2
2026-04-19,17:13:15.270,-81,-75,10,3779,33140,68,44,16,18400,46,67,2591,72,770,508,1024,204,1024,0,-1,-1,-1,0x100048009C140205,1512,1785,1730,988,2012,1536,1885,1500,1500,1542,1193,1449,1500,1500,1500,1500,1500,1500,1372,1628,1500,1609,1500,2012,1500,1911,1785,1500,1520,1705,1500,988,8.2
2026-04-19,17:13:15.770,-73,-74,25,3759,59030,68,44,16,21878,46,68,2597,171,1024,508,1024,204,1024,0,-1,-1,-1,0x100048019C142205,1531,2012,1730,988,2012,1585,2012,1500,1500,1602,1193,1449,1500,1500,1500,1500,1500,1500,1372,1628,1500,1609,1500,2012,1500,2012,2010,1500,1520,1705,1500,988,8.2
2026-04-19,17:13:16.270,-79,-72,10,3727,57200,68,44,16,28854,46,68,2604,304,1024,508,1024,204,1024,0,-1,-1,-1,0x100048059C142645,1552,2012,1730,988,2012,1652,2012,1500,1500,1661,1193,1449,1500,1500,1500,1500,1500,1500,1372,1628,1500,1609,1500,2012,1500,2012,2012,1500,1520,1705,1500,988,8.2
2026-04-19,17:13:16.770,-82,-84,10,3701,11630,68,44,16,20456,46,68,2610,168,0,508,1024,204,1024,0,-1,-1,-1,0x100048049C140205,1525,1500,1730,988,2012,1584,1500,1500,1500,1584,1193,1449,1500,1500,1500,1500,1500,1500,1219,1781,1500,1609,1500,2012,1500,1673,1500,1500,1520,1705,1500,988,8.2
2026-04-19,17:13:17.270,-88,-75,100,3695,3390,68,44,16,18286,46,68,2611,600,333,508,1024,203,1024,0,-1,-1,-1,0x100048049C140245,1607,1591,1730,988,2012,1800,1666,1500,1500,1793,1193,1449,1500,1500,1500,1500,1500,1500,1372,1628,1500,1609,1500,2012,1500,1716,1591,1500,1520,1705,1500,988,8.2
2026-04-19,17:13:17.770,-77,-71,10,3713,3360,68,44,16,12950,46,68,2612,955,482,508,1024,204,1024,0,-1,-1,-1,0x100048009C140205,1728,1653,1730,988,2012,1977,1741,1500,1500,1977,1193,1449,1500,1500,1500,1500,1500,1500,1372,1628,1500,1609,1500,2012,1500,1793,1653,1500,1520,1705,1500,988,8.2
2026-04-19,17:13:18.270,-73,-75,10,3743,1820,68,44,16,7874,46,68,2612,1021,300,508,1024,204,1024,0,-1,-1,-1,0x100048009C140205,1761,1590,1730,988,2012,2010,1650,1500,1500,2011,1193,1449,1500,1500,1500,1500,1500,1500,1372,1628,1500,1609,1500,2012,1500,1704,1590,1500,1520,1705,1500,988,8.2
2026-04-19,17:13:18.770,-71,-80,25,3770,30540,68,44,16,14464,46,68,2614,357,775,508,1024,204,1024,0,-1,-1,-1,0x100048019C140605,1565,1787,1730,988,2012,1678,1887,1500,1500,1696,1193,1449,1500,1500,1500,1500,1500,1500,1372,1628,1500,1609,1500,2012,1500,1918,1787,1500,1520,1705,1500,988,8.2
2026-04-19,17:13:19.270,-76,-76,10,3747,74020,68,44,16,26780,46,68,2621,-51,1024,508,1024,204,1024,0,-1,-1,-1,0x1000480198142605,1492,2012,1730,988,2012,1475,2012,1500,1500,1475,1193,1449,1500,1500,1500,1500,1500,1500,1372,1628,1500,1609,1500,2012,1500,2012,2012,1500,1520,1705,1500,988,8.2
2026-04-19,17:13:19.770,-80,-84,10,3717,47540,68,44,16,28084,46,68,2628,112,461,508,1024,204,1024,0,-1,-1,-1,0x100048049C140245,1515,1637,1730,988,2012,1556,1730,1500,1500,1550,1193,1449,1500,1500,1500,1500,1500,1500,1372,1628,1500,1609,1500,2012,1500,1779,1637,1500,1520,1705,1500,988,8.2
2026-04-19,17:13:20.270,-74,-75,10,3716,2970,68,44,16,19670,46,68,2630,251,336,508,1024,204,1024,0,-1,-1,-1,0x100048049C140205,1543,1603,1730,988,2012,1625,1668,1500,1500,1638,1193,1449,1500,1500,1500,1500,1500,1500,1372,1628,1500,1609,1500,2012,1500,1725,1603,1500,1520,1705,1500,988,8.2
2026-04-19,17:13:20.770,-78,-76,10,3713,6480,68,44,16,16976,46,68,2631,639,-3,508,1024,204,1024,0,-1,-1,-1,0x100048049C140245,1621,1499,1730,989,2012,1819,1499,1499,1500,1819,1193,1449,1500,1500,1500,1500,1500,1499,988,2012,1500,1609,1500,2012,1500,1499,1500,1500,1520,1705,1499,988,8.2
2026-04-19,17:13:21.270,-78,-93,10,3732,2100,68,44,16,12342,46,68,2631,1024,454,508,1024,204,1024,0,-1,-1,-1,0x100048009C141A85,1763,1643,1730,988,2012,2012,1727,1500,1500,2012,1193,1449,1500,1500,1500,1500,1500,1500,1372,1628,1500,1609,1500,2012,1500,1781,1643,1500,1520,1705,1500,988,8.2
2026-04-19,17:13:21.770,-79,-87,10,3755,23470,68,44,16,12828,46,68,2633,-1024,-49,508,1024,204,1024,0,-1,-1,-1,0x100048009E1C0A85,1204,1467,1730,1044,2012,988,1476,1455,1500,988,1193,1449,1500,1500,1500,1500,1500,1454,1029,2012,1500,1609,1500,2012,1500,1461,1500,1500,1520,1705,1455,988,8.2
2026-04-19,17:13:22.270,-70,-72,10,3770,19190,68,44,16,8550,46,68,2634,867,259,508,1024,204,1024,0,-1,-1,-1,0x100048009C140205,1684,1594,1730,988,2012,1933,1629,1500,1500,1925,1193,1449,1500,1500,1500,1500,1500,1500,1372,1628,1500,1609,1500,2012,1500,1757,1594,1500,1520,1705,1500,988,8.2
2026-04-19,17:13:22.770,-66,-64,10,3763,19330,68,44,16,11410,46,69,2637,-1024,269,508,1024,204,1024,0,-1,-1,-1,0x100048009C140205,1204,1583,1730,988,2012,988,1629,1500,1500,988,1193,1449,1500,1500,1500,1500,1500,1500,1372,1628,1500,1609,1500,2012,1500,1694,1583,1500,1520,1705,1500,988,8.2
2026-04-19,17:13:23.290,-74,-61,10,3759,26480,68,44,16,16198,46,69,2640,-170,607,508,1024,204,1024,0,-1,-1,-1,0x100048009C140205,1456,1706,1730,988,2012,1415,1803,1500,1500,1415,1193,1449,1500,1500,1500,1500,1500,1500,1372,1628,1500,1609,1500,2012,1500,1856,1706,1500,1520,1705,1500,988,8.2
2026-04-19,17:13:23.770,-63,-66,10,3750,1850,68,44,16,7544,46,69,2643,1024,278,507,1024,204,1024,0,-1,-1,-1,0x100048029C140205,1763,1577,1730,988,2012,2012,1639,1500,1500,2012,1193,1449,1500,1500,1500,1500,1500,1500,1372,1628,1500,1609,1500,2012,1500,1684,1577,1500,1520,1705,1500,988,8.2
2026-04-19,17:13:24.270,-63,-64,10,3758,8510,68,44,16,5602,46,69,2644,985,438,508,1024,204,1024,0,-1,-1,-1,0x100048029C140205,1748,1641,1730,988,2012,1992,1719,1500,1500,1998,1193,1449,1500,1500,1500,1500,1500,1500,1372,1628,1500,1609,1500,2012,1500,1778,1641,1500,1520,1705,1500,988,8.2
2026-04-19,17:13:24.770,-74,-65,10,3753,25810,68,44,16,16818,46,69,2646,-882,645,508,1024,204,1024,0,-1,-1,-1,0x100048019C140605,1286,1731,1730,988,2012,1059,1823,1500,1500,1059,1193,1449,1500,1500,1500,1500,1500,1500,1372,1628,1500,1609,1500,2012,1500,1871,1731,1500,1520,1705,1500,988,8.2
2026-04-19,17:13:25.270,-66,-53,10,3750,18740,68,44,16,14556,46,69,2649,-570,687,508,1024,204,1024,0,-1,-1,-1,0x100048099C140205,1395,1753,1730,988,2012,1215,1848,1500,1500,1220,1193,1449,1500,1500,1500,1500,1500,1500,1372,1628,1500,1609,1500,2012,1500,1888,1753,1500,1520,1705,1500,988,8.2
2026-04-19,17:13:25.770,-59,-63,10,3745,38600,68,44,16,17842,46,69,2654,-271,69,508,1024,204,1024,0,-1,-1,-1,0x100048049C140205,1455,1510,1730,988,2012,1365,1534,1500,1500,1364,1193,1449,1500,1500,1500,1500,1500,1500,999,2012,1500,1609,1500,2012,1500,1534,1510,1500,1520,1705,1500,988,8.2
2026-04-19,17:13:26.270,-77,-56,10,3745,4090,68,44,16,21926,46,69,2656,-849,4,508,1024,204,1024,0,-1,-1,-1,0x100048049C140245,1307,1501,1730,988,2012,1076,1502,1500,1500,1082,1193,1449,1500,1500,1500,1500,1500,1500,1270,1730,1500,1609,1500,2012,1500,1520,1501,1500,1520,1705,1500,988,8.2
2026-04-19,17:13:26.770,-49,-55,10,3747,0,68,44,16,1362,46,69,2656,-654,526,508,1024,204,1024,0,-1,-1,-1,0x100048009C140205,1369,1676,1730,988,2012,1173,1763,1500,1500,1173,1193,1449,1500,1500,1500,1500,1500,1500,1372,1628,1500,1609,1500,2012,1500,1820,1676,1500,1520,1705,1500,988,8.2
2026-04-19,17:13:27.270,-54,-61,10,3753,9730,68,44,16,21290,46,69,2659,-256,1,508,1024,205,1024,0,-1,-1,-1,0x100048009C140205,1458,1500,1730,988,2012,1372,1500,1500,1500,1372,1193,1449,1500,1500,1500,1500,1500,1500,1111,2012,1500,1609,1500,2012,1500,1501,1500,1500,1520,1705,1500,988,8.2
2026-04-19,17:13:27.770,-52,-48,10,3766,0,68,44,16,9582,46,69,2659,2,2,508,1024,205,1024,0,-1,-1,-1,0x1000480098140205,1499,1500,1730,988,2012,1501,1501,1500,1500,1501,1193,1449,1500,1500,1500,1500,1500,1500,1372,2012,1500,1609,1500,2012,1500,1501,1500,1500,1520,1705,1500,988,8.2
2026-04-19,17:13:28.270,-64,-47,10,3777,0,68,44,16,1884,46,69,2659,1,1,508,1024,204,1024,0,-1,-1,-1,0x1000480098140205,1499,1500,1730,988,2012,1501,1500,1500,1500,1501,1193,1449,1500,1500,1500,1500,1500,1500,1372,2012,1500,1609,1500,2012,1500,1501,1500,1500,1520,1705,1500,988,8.2
2026-04-19,17:13:28.770,-64,-46,10,3779,0,68,44,16,0,46,69,2659,1,-4,508,1024,204,1024,0,-1,-1,-1,0x1000480098140205,1499,1498,1730,992,2012,1500,1498,1497,1500,1500,1193,1449,1500,1500,1500,1500,1500,1497,1500,2012,1500,1609,1500,2012,1500,1497,1500,1500,1520,1705,1497,988,8.2
2026-04-19,17:13:29.270,-64,-47,10,3780,0,68,44,16,0,46,69,2659,1,-1,508,1024,204,1024,0,-1,-1,-1,0x1000480098140205,1499,1500,1730,989,2012,1500,1500,1499,1500,1500,1193,1449,1500,1500,1500,1500,1500,1499,1500,2012,1500,1609,1500,2012,1500,1499,1500,1500,1520,1705,1499,988,8.2
2026-04-19,17:13:29.770,-64,-47,10,3783,0,68,44,16,0,46,69,2659,1,0,508,1024,204,1024,0,-1,-1,-1,0x1000480298140205,1499,1500,1730,988,2012,1500,1500,1500,1500,1500,1193,1449,1500,1500,1500,1500,1500,1500,1500,2012,1500,1609,1500,2012,1500,1500,1500,1500,1520,1705,1500,988,8.2
2026-04-19,17:13:30.270,-64,-49,10,3783,0,68,44,16,0,46,69,2659,1,3,508,1024,204,1024,0,-1,-1,-1,0x1000480298140205,1499,1501,1606,988,2012,1500,1501,1500,1500,1500,1193,1449,1500,1500,1500,1500,1500,1500,1500,2012,1500,1609,1500,2012,1500,1502,1501,1500,1520,1705,1500,988,8.2
2026-04-19,17:13:30.770,-64,-48,10,3786,0,68,44,16,0,46,69,2659,1,7,508,1024,205,1024,0,-1,-1,-1,0x1000480A98140204,1499,1502,1500,988,2012,1500,1503,1500,1500,1500,1193,1449,1500,1500,1500,1500,1500,1500,1500,2012,1500,1609,1500,2012,1500,1505,1502,1500,1520,1705,1500,988,8.2
2026-04-19,17:13:31.270,-64,-46,10,3790,0,66,44,16,0,46,69,2659,0,0,508,1024,205,1024,0,-1,-1,-1,0x1000480A98140204,1499,1500,1500,988,2012,1500,1500,1500,1500,1500,1193,1449,1500,1500,1500,1500,1500,1500,1500,2012,1500,1609,1500,2012,1500,1501,1500,1500,1520,1705,1500,988,8.2
2026-04-19,17:13:31.770,-59,-70,10,3791,20630,66,44,16,11344,46,69,2660,109,534,508,1024,204,1024,0,-1,-1,-1,0x100048099C140605,1522,1679,1702,988,2012,1554,1767,1500,1500,1572,1193,1449,1500,1500,1500,1500,1500,1500,1372,1628,1500,1609,1500,2012,1500,1824,1679,1500,1520,1705,1500,988,8.2
2026-04-19,17:13:32.270,-64,-61,10,3780,11210,66,44,16,11456,46,69,2664,-546,467,508,1024,204,1024,0,-1,-1,-1,0x100048089C140205,1387,1656,1730,988,2012,1227,1733,1500,1500,1204,1193,1449,1500,1500,1500,1500,1500,1500,1372,1628,1500,1609,1500,2012,1500,1797,1656,1500,1520,1705,1500,988,8.2
2026-04-19,17:13:32.770,-53,-67,10,3779,12820,66,44,16,14124,45,69,2665,-368,397,508,1024,204,1024,0,-1,-1,-1,0x100048089C140205,1435,1630,1730,988,2012,1325,1698,1500,1500,1309,1193,1449,1500,1500,1500,1500,1500,1500,1372,1628,1500,1609,1500,2012,1500,1762,1630,1500,1520,1705,1500,988,8.2
2026-04-19,17:13:33.270,-54,-67,10,3778,0,68,44,16,8926,45,69,2666,1024,210,508,1024,205,1024,0,-1,-1,-1,0x100048089C140205,1763,1557,1730,988,2012,2012,1605,1500,1500,2012,1193,1449,1500,1500,1500,1500,1500,1500,1372,1628,1500,1609,1500,2012,1500,1650,1557,1500,1520,1705,1500,988,8.2
2026-04-19,17:13:33.770,-61,-68,10,3777,7350,68,44,16,5532,45,69,2667,1024,442,508,1024,205,1024,0,-1,-1,-1,0x100048089C140205,1763,1643,1730,988,2012,2012,1721,1500,1500,2012,1193,1449,1500,1500,1500,1500,1500,1500,1372,1628,1500,1609,1500,2012,1500,1780,1643,1500,1520,1705,1500,988,8.2
2026-04-19,17:13:34.270,-54,-58,10,3784,13200,68,44,16,9102,45,69,2668,97,511,508,1024,204,1024,0,-1,-1,-1,0x100048089C140205,1514,1670,1730,988,2012,1548,1755,1500,1500,1548,1193,1449,1500,1500,1500,1500,1500,1500,1372,1628,1500,1609,1500,2012,1500,1813,1670,1500,1520,1705,1500,988,8.2
2026-04-19,17:13:34.770,-54,-58,10,3772,51700,68,44,16,18966,45,69,2673,1,3,508,1024,204,1024,0,-1,-1,-1,0x1000480898140205,1499,1501,1730,988,2012,1500,1501,1500,1500,1500,1193,1449,1500,1500,1500,1500,1500,1500,1168,1832,1500,1609,1500,2012,1500,1627,1501,1500,1520,1705,1500,988,8.2
2026-04-19,17:13:35.270,-50,-58,10,3772,8510,68,44,16,20284,45,69,2675,490,438,508,1024,204,1024,0,-1,-1,-1,0x100048089C140205,1584,1640,1730,988,2012,1745,1719,1500,1500,1744,1193,1449,1500,1500,1500,1500,1500,1500,1372,1628,1500,1609,1500,2012,1500,1778,1640,1500,1520,1705,1500,988,8.2
2026-04-19,17:13:35.770,-56,-59,10,3771,1680,68,44,16,9544,45,70,2676,1024,371,508,1024,204,1024,0,-1,-1,-1,0x100048009C140205,1763,1612,1730,988,2012,2012,1685,1500,1500,2012,1193,1449,1500,1500,1500,1500,1500,1500,1372,1628,1500,1609,1500,2012,1500,1743,1612,1500,1520,1705,1500,988,8.2
2026-04-19,17:13:36.270,-56,-58,10,3769,15340,68,44,16,10416,45,70,2677,575,508,508,1024,204,1024,0,-1,-1,-1,0x100048009C140205,1609,1669,1730,988,2012,1787,1754,1500,1500,1796,1193,1449,1500,1500,1500,1500,1500,1500,1372,1628,1500,1609,1500,2012,1500,1812,1669,1500,1520,1705,1500,988,8.2
2026-04-19,17:13:36.770,-71,-62,10,3766,13970,68,44,16,12148,45,70,2680,-1020,-296,508,1024,205,1024,0,-1,-1,-1,0x100048009E180205,1206,1352,1730,1242,2012,990,1352,1294,1500,990,1193,1449,1500,1500,1500,1500,1500,1294,988,2012,1500,1609,1500,988,1500,1298,1500,1500,1520,1705,1258,988,8.2
2026-04-19,17:13:37.270,-71,-50,10,3778,17020,68,44,16,12370,45,70,2681,-1024,429,508,1024,204,1024,0,-1,-1,-1,0x100048009C140205,1204,1623,1730,988,2012,988,1714,1500,1500,988,1193,1449,1500,1500,1500,1500,1500,1500,1372,1628,1500,1609,1500,2012,1500,1761,1623,1500,1520,1705,1500,988,8.2
2026-04-19,17:13:37.770,-71,-52,10,3775,20490,68,44,16,11798,45,70,2682,-1023,488,508,1024,204,1024,0,-1,-1,-1,0x100048009C140205,1205,1661,1730,988,2012,989,1744,1500,1500,989,1193,1449,1500,1500,1500,1500,1500,1500,1372,1628,1500,1609,1500,2012,1500,1802,1661,1500,1520,1705,1500,988,8.2
2026-04-19,17:13:38.270,-56,-51,10,3764,30540,68,44,16,17970,45,70,2686,-649,618,508,1024,204,1024,0,-1,-1,-1,0x100048019C140605,1371,1731,1730,988,2012,1170,1803,1500,1500,1176,1193,1449,1500,1500,1500,1500,1500,1500,1372,1628,1500,1609,1500,2012,1500,1894,1731,1500,1520,1705,1500,988,8.2
2026-04-19,17:13:38.770,-68,-62,10,3756,23500,68,44,16,18152,45,70,2690,1024,4,508,1024,204,1024,0,-1,-1,-1,0x100048009C140205,1763,1501,1730,988,2012,2012,1502,1500,1500,2012,1193,1449,1500,1500,1500,1500,1500,1500,1050,2012,1500,1609,1500,2012,1500,1503,1501,1500,1520,1705,1500,988,8.2
2026-04-19,17:13:39.270,-52,-66,10,3757,12150,68,44,16,10328,45,70,2691,1024,332,508,1024,204,1024,0,-1,-1,-1,0x100048009C140205,1763,1602,1730,988,2012,2012,1660,1500,1500,2012,1193,1449,1500,1500,1500,1500,1500,1500,1372,1628,1500,1609,1500,2012,1500,1722,1602,1500,1520,1705,1500,988,8.2
2026-04-19,17:13:39.770,-55,-66,10,3756,13900,68,44,16,10034,45,70,2693,1024,414,508,1024,204,1024,0,-1,-1,-1,0x100048089C140205,1763,1632,1730,988,2012,2012,1707,1500,1500,2012,1193,1449,1500,1500,1500,1500,1500,1500,1372,1628,1500,1609,1500,2012,1500,1766,1632,1500,1520,1705,1500,988,8.2
2026-04-19,17:13:40.270,-58,-66,10,3755,18980,68,44,16,12198,45,70,2695,197,707,508,1024,204,1024,0,-1,-1,-1,0x100048089C140205,1528,1764,1730,988,2012,1598,1853,1500,1500,1593,1193,1449,1500,1500,1500,1500,1500,1500,1372,1628,1500,1609,1500,2012,1500,1896,1764,1500,1520,1705,1500,988,8.2
2026-04-19,17:13:40.770,-58,-56,10,3752,16010,68,44,16,12678,46,70,2699,660,16,508,1024,204,1024,0,-1,-1,-1,0x100048089C140205,1627,1505,1730,988,2012,1830,1508,1500,1500,1830,1193,1449,1500,1500,1500,1500,1500,1500,1117,1883,1500,1609,1500,2012,1500,1512,1505,1500,1520,1705,1500,988,8.2
2026-04-19,17:13:41.270,-58,-56,10,3756,7420,68,44,16,13288,46,70,2701,625,564,508,1024,204,1024,0,-1,-1,-1,0x100048089C140205,1618,1691,1730,988,2012,1812,1782,1500,1500,1812,1193,1449,1500,1500,1500,1500,1500,1500,1372,1628,1500,1609,1500,2012,1500,1837,1691,1500,1520,1705,1500,988,8.2
2026-04-19,17:13:41.770,-62,-65,10,3753,16530,68,44,16,15608,46,70,2702,369,871,508,1024,204,1024,0,-1,-1,-1,0x100048089C140205,1560,1845,1730,988,2012,1684,1936,1500,1500,1684,1193,1449,1500,1500,1500,1500,1500,1500,1372,1628,1500,1609,1500,2012,1500,1952,1845,1500,1520,1705,1500,988,8.2
2026-04-19,17:13:42.270,-59,-65,10,3742,6900,68,44,16,28904,46,70,2707,185,1024,507,1024,204,1024,0,-1,-1,-1,0x100048089C142205,1528,2010,1730,988,2012,1592,2012,1500,1500,1592,1193,1449,1500,1500,1500,1500,1500,1500,1372,1628,1500,1609,1500,2012,1500,2011,1994,1500,1520,1705,1500,988,8.2
2026-04-19,17:13:42.770,-55,-65,10,3733,14780,68,44,16,32254,46,70,2711,1,1024,508,1024,204,1024,0,-1,-1,-1,0x1000480598142245,1499,2012,1730,988,2012,1500,2012,1500,1500,1501,1193,1449,1500,1500,1500,1500,1500,1500,1372,1628,1500,1609,1500,2012,1500,2012,2012,1500,1520,1705,1500,988,8.2
2026-04-19,17:13:43.270,-49,-53,10,3714,45150,68,44,16,26526,46,70,2718,-300,1,508,1024,204,1024,0,-1,-1,-1,0x100048049C140205,1450,1500,1730,988,2012,1350,1500,1500,1500,1350,1193,1449,1500,1500,1500,1500,1500,1500,1219,1781,1500,1609,1500,2012,1500,1784,1500,1500,1520,1705,1500,988,8.2
2026-04-19,17:13:43.770,-41,-50,10,3711,13170,68,44,16,21244,46,71,2720,0,377,508,1024,204,1024,0,-1,-1,-1,0x1000480498140245,1499,1614,1730,988,2012,1500,1688,1500,1500,1500,1193,1449,1500,1500,1500,1500,1500,1500,1372,1628,1500,1609,1500,2012,1500,1741,1614,1500,1520,1705,1500,988,8.2
2026-04-19,17:13:44.270,-55,-56,10,3723,3150,68,44,16,17230,46,71,2720,-268,122,508,1024,204,1024,0,-1,-1,-1,0x100048049C140205,1456,1537,1730,988,2012,1366,1561,1500,1500,1367,1193,1449,1500,1500,1500,1500,1500,1500,1372,1628,1500,1609,1500,2012,1500,1584,1537,1500,1520,1705,1500,988,8.2
2026-04-19,17:13:44.770,-65,-71,10,3737,7390,68,44,16,15192,46,71,2721,-39,58,508,1024,204,1024,0,-1,-1,-1,0x1000480498140245,1494,1528,1730,988,2012,1481,1529,1500,1500,1481,1193,1449,1500,1500,1500,1500,1500,1500,1372,1628,1500,1609,1500,2012,1500,1647,1528,1500,1520,1705,1500,988,8.2
2026-04-19,17:13:45.270,-61,-70,10,3753,10650,68,44,16,18434,46,71,2722,697,137,508,1024,204,1024,0,-1,-1,-1,0x100048049C140205,1637,1540,1730,988,2012,1848,1568,1500,1500,1848,1193,1449,1500,1500,1500,1500,1500,1500,1372,1628,1500,1609,1500,2012,1500,1602,1540,1500,1520,1705,1500,988,8.2
2026-04-19,17:13:45.770,-57,-61,10,3772,22730,68,44,16,19196,46,71,2723,-42,1020,508,1024,204,1024,0,-1,-1,-1,0x100048019C142605,1491,2006,1730,988,2012,1479,2010,1500,1500,1473,1193,1449,1500,1500,1500,1500,1500,1500,1372,1628,1500,1609,1500,2012,1500,2010,2005,1500,1520,1705,1500,988,8.2
2026-04-19,17:13:46.270,-64,-67,10,3750,39480,68,44,16,29826,46,71,2730,-586,103,508,1024,204,1024,0,-1,-1,-1,0x100048009C140205,1389,1540,1730,988,2012,1207,1543,1500,1500,1207,1193,1449,1500,1500,1500,1500,1500,1500,1372,1628,1500,1609,1500,2012,1500,1876,1540,1500,1520,1705,1500,988,8.2
2026-04-19,17:13:46.770,-77,-72,10,3741,11730,68,44,16,18432,46,71,2732,-518,458,508,1024,204,1024,0,-1,-1,-1,0x100048049C140205,1405,1649,1730,988,2012,1241,1729,1500,1500,1241,1193,1449,1500,1500,1500,1500,1500,1500,1372,1628,1500,1609,1500,2012,1500,1788,1649,1500,1520,1705,1500,988,8.2
2026-04-19,17:13:47.270,-74,-72,10,3738,4550,68,44,16,15672,46,71,2733,-153,-94,508,1024,204,1024,0,-1,-1,-1,0x100048049E140245,1475,1452,1730,1070,2012,1424,1453,1434,1500,1424,1193,1449,1500,1500,1500,1500,1500,1434,1065,1935,1500,1609,1500,2012,1500,1466,1500,1500,1520,1705,1415,988,8.2
2026-04-19,17:13:47.770,-77,-75,10,3740,0,70,44,16,5896,46,71,2734,-994,19,508,1024,204,1024,0,-1,-1,-1,0x100048009C140205,1223,1506,1730,988,2012,1003,1509,1500,1500,1003,1193,1449,1500,1500,1500,1500,1500,1500,1372,2012,1500,1609,1500,2012,1500,1514,1506,1500,1520,1705,1500,988,8.2
2026-04-19,17:13:48.270,-79,-80,10,3741,2550,70,44,16,5036,46,71,2734,-1022,212,508,1024,204,1024,0,-1,-1,-1,0x100048009C140205,1205,1557,1730,988,2012,989,1606,1500,1500,989,1193,1449,1500,1500,1500,1500,1500,1500,1372,1628,1500,1609,1500,2012,1500,1641,1557,1500,1520,1705,1500,988,8.2
2026-04-19,17:13:48.770,-83,-84,10,3775,8090,68,44,16,5936,46,71,2734,-1024,194,508,1024,204,1024,0,-1,-1,-1,0x100048009C140205,1204,1553,1730,988,2012,988,1597,1500,1500,988,1193,1449,1500,1500,1500,1500,1500,1500,1372,1628,1500,1609,1500,2012,1500,1631,1553,1500,1520,1705,1500,988,8.2
2026-04-19,17:13:49.270,-85,-85,10,3775,27880,68,44,16,11848,46,71,2736,-469,544,508,1024,204,1024,0,-1,-1,-1,0x100048019C140605,1419,1683,1730,988,2012,1266,1772,1500,1500,1272,1193,1449,1500,1500,1500,1500,1500,1500,1372,1628,1500,1609,1500,2012,1500,1828,1683,1500,1520,1705,1500,988,8.2
2026-04-19,17:13:49.770,-83,-90,10,3764,26550,68,44,16,16178,46,71,2739,-352,568,508,1024,204,1024,0,-1,-1,-1,0x100048009C140205,1440,1686,1730,988,2012,1324,1784,1500,1500,1324,1193,1449,1500,1500,1500,1500,1500,1500,1372,1628,1500,1609,1500,2012,1500,1838,1686,1500,1520,1705,1500,988,8.2
2026-04-19,17:13:50.270,-79,-75,10,3754,9910,68,44,16,22060,45,71,2743,-355,5,508,1024,205,1024,0,-1,-1,-1,0x100048049C140245,1440,1501,1730,988,2012,1323,1502,1500,1500,1323,1193,1449,1500,1500,1500,1500,1500,1500,988,2012,1500,1609,1500,2012,1500,1504,1501,1500,1520,1705,1500,988,8.2
2026-04-19,17:13:50.770,-80,-91,10,3753,8160,68,44,16,21268,45,71,2743,61,423,508,1024,204,1024,0,-1,-1,-1,0x1000480498140245,1506,1630,1730,988,2012,1530,1711,1500,1500,1522,1193,1449,1500,1500,1500,1500,1500,1500,1372,1628,1500,1609,1500,2012,1500,1771,1630,1500,1520,1705,1500,988,8.2
2026-04-19,17:13:51.270,-72,-67,10,3754,3080,68,44,16,13036,45,72,2745,1024,-276,508,1024,204,1024,0,-1,-1,-1,0x100048049E180205,1763,1349,1730,1246,2012,2012,1362,1291,1500,2012,1193,1449,1500,1500,1500,1500,1500,1291,1234,2012,1500,1609,1500,988,1500,1294,1500,1500,1520,1705,1270,988,8.2
2026-04-19,17:13:51.770,-76,-75,50,3765,5000,68,44,16,4330,45,72,2745,1024,260,508,1024,204,1024,0,-1,-1,-1,0x100048009C140205,1763,1581,1730,988,2012,2012,1630,1500,1500,2012,1193,1449,1500,1500,1500,1500,1500,1500,1372,1628,1500,1609,1500,2012,1500,1690,1581,1500,1520,1705,1500,988,8.2
2026-04-19,17:13:52.270,-75,-74,10,3773,21190,68,44,16,9718,45,72,2746,838,570,508,1024,205,1024,0,-1,-1,-1,0x100048009C140205,1686,1694,1730,988,2012,1919,1785,1500,1500,1928,1193,1449,1500,1500,1500,1500,1500,1500,1372,1628,1500,1609,1500,2012,1500,1840,1694,1500,1520,1705,1500,988,8.2
2026-04-19,17:13:52.770,-70,-69,10,3763,34710,68,44,16,18914,45,72,2750,-75,734,508,1024,204,1024,0,-1,-1,-1,0x100048019C140605,1488,1779,1730,988,2012,1463,1867,1500,1500,1463,1193,1449,1500,1500,1500,1500,1500,1500,1372,1628,1500,1609,1500,2012,1500,1907,1779,1500,1520,1705,1500,988,8.2
2026-04-19,17:13:53.270,-71,-77,10,3739,54790,68,44,16,28564,45,72,2756,0,1024,507,1024,204,1024,0,-1,-1,-1,0x1000480198142205,1499,2012,1730,988,2012,1500,2012,1500,1500,1500,1193,1449,1500,1500,1500,1500,1500,1500,1372,1628,1500,1609,1500,2012,1500,2012,2012,1500,1520,1705,1500,988,8.2
2026-04-19,17:13:53.770,-73,-71,25,3729,7560,68,44,16,18932,45,72,2761,259,5,508,1024,203,1024,0,-1,-1,-1,0x100048049C140245,1538,1502,1730,988,2012,1629,1502,1500,1500,1622,1193,1449,1500,1500,1500,1500,1500,1500,1270,1730,1500,1609,1500,2012,1500,1661,1502,1500,1520,1705,1500,988,8.2
2026-04-19,17:13:54.270,-78,-76,25,3720,1820,68,44,16,15882,45,72,2762,775,324,508,1024,204,1024,0,-1,-1,-1,0x100048049C140205,1659,1599,1730,988,2012,1887,1662,1500,1500,1887,1193,1449,1500,1500,1500,1500,1500,1500,1372,1628,1500,1609,1500,2012,1500,1718,1599,1500,1520,1705,1500,988,8.2
2026-04-19,17:13:54.770,-70,-70,10,3724,7180,68,44,16,12170,46,72,2763,930,312,508,1024,204,1024,0,-1,-1,-1,0x100048009C140205,1716,1578,1730,988,2012,1965,1656,1500,1500,1964,1193,1449,1500,1500,1500,1500,1500,1500,1372,1628,1500,1609,1500,2012,1500,1698,1578,1500,1520,1705,1500,988,8.2
2026-04-19,17:13:55.270,-75,-74,10,3736,17410,68,44,16,12582,46,72,2764,927,544,508,1024,204,1024,0,-1,-1,-1,0x100048019C140605,1715,1684,1730,988,2012,1963,1772,1500,1500,1963,1193,1449,1500,1500,1500,1500,1500,1500,1372,1628,1500,1609,1500,2012,1500,1828,1684,1500,1520,1705,1500,988,8.2
2026-04-19,17:13:55.770,-78,-75,10,3752,34120,68,44,16,20898,46,72,2768,290,862,508,1024,204,1024,0,-1,-1,-1,0x100048019C140605,1546,1842,1730,988,2012,1645,1931,1500,1500,1645,1193,1449,1500,1500,1500,1500,1500,1500,1372,1628,1500,1609,1500,2012,1500,1955,1842,1500,1520,1705,1500,988,8.2
2026-04-19,17:13:56.270,-76,-75,10,3724,65680,70,44,16,27008,46,72,2774,-255,1024,507,1024,204,1024,0,-1,-1,-1,0x100048059C142245,1458,2012,1730,988,2012,1373,2012,1500,1500,1372,1193,1449,1500,1500,1500,1500,1500,1500,1372,1628,1500,1609,1500,2012,1500,2012,2012,1500,1520,1705,1500,988,8.2
2026-04-19,17:13:56.770,-81,-75,10,3709,9380,70,44,16,20804,46,72,2780,347,487,508,1024,204,1024,0,-1,-1,-1,0x100048049C140245,1556,1660,1730,988,2012,1673,1743,1500,1500,1673,1193,1449,1500,1500,1500,1500,1500,1500,1372,1628,1500,1609,1500,2012,1500,1802,1660,1500,1520,1705,1500,988,8.2
2026-04-19,17:13:57.270,-81,-72,10,3706,8090,70,44,16,18054,46,72,2781,446,220,508,1024,204,1024,0,-1,-1,-1,0x100048049C140205,1575,1565,1730,988,2012,1723,1610,1500,1500,1723,1193,1449,1500,1500,1500,1500,1500,1500,1372,1628,1500,1609,1500,2012,1500,1663,1565,1500,1520,1705,1500,988,8.2
2026-04-19,17:13:57.770,-85,-73,10,3712,3220,70,44,16,14956,46,72,2781,559,48,508,1024,204,1024,0,-1,-1,-1,0x100048049C140245,1611,1529,1730,988,2012,1779,1524,1500,1500,1800,1193,1449,1500,1500,1500,1500,1500,1500,1372,1628,1500,1609,1500,2012,1500,1561,1529,1500,1520,1705,1500,988,8.2
2026-04-19,17:13:58.270,-71,-67,10,3732,3290,70,44,16,11888,46,73,2782,1007,436,508,1024,204,1024,0,-1,-1,-1,0x100048009C141A85,1762,1655,1730,988,2012,1993,1710,1500,1500,2011,1193,1449,1500,1500,1500,1500,1500,1500,1372,1628,1500,1609,1500,2012,1500,1791,1655,1500,1520,1705,1500,988,8.2
2026-04-19,17:13:58.770,-70,-71,10,3768,4970,70,44,16,9654,46,73,2783,-1024,238,508,1024,204,1024,0,-1,-1,-1,0x100048009C140A85,1204,1563,1730,988,2012,988,1619,1500,1500,988,1193,1449,1500,1500,1500,1500,1500,1500,1372,1628,1500,1609,1500,2012,1500,1659,1563,1500,1520,1705,1500,988,8.2
2026-04-19,17:13:59.270,-70,-62,10,3769,15940,70,44,16,9348,46,73,2784,-1024,428,508,1024,203,1024,0,-1,-1,-1,0x100048009C140A85,1204,1638,1730,988,2012,988,1714,1500,1500,988,1193,1449,1500,1500,1500,1500,1500,1500,1372,1628,1500,1609,1500,2012,1500,1774,1638,1500,1520,1705,1500,988,8.2
2026-04-19,17:13:59.770,-65,-74,10,3763,24380,70,44,16,14460,46,73,2787,15,657,508,1024,204,1024,0,-1,-1,-1,0x1000480198140605,1499,1738,1730,988,2012,1512,1829,1500,1500,1500,1193,1449,1500,1500,1500,1500,1500,1500,1372,1628,1500,1609,1500,2012,1500,1876,1738,1500,1520,1705,1500,988,8.2
2026-04-19,17:14:00.270,-66,-67,10,3754,16990,70,44,16,8148,46,73,2790,1024,5,508,1024,204,1024,0,-1,-1,-1,0x100048009C140205,1763,1502,1730,988,2012,2012,1502,1500,1500,2012,1193,1449,1500,1500,1500,1500,1500,1500,1270,1730,1500,1609,1500,2012,1500,1717,1502,1500,1520,1705,1500,988,8.2
2026-04-19,17:14:00.770,-63,-62,10,3749,15270,68,44,16,11198,46,73,2792,1024,376,508,1024,204,1024,0,-1,-1,-1,0x100048009C140205,1763,1618,1730,988,2012,2012,1688,1500,1500,2012,1193,1449,1500,1500,1500,1500,1500,1500,1372,1628,1500,1609,1500,2012,1500,1747,1618,1500,1520,1705,1500,988,8.2
2026-04-19,17:14:01.270,-67,-63,10,3743,21160,68,44,16,13706,46,73,2794,-21,608,508,1024,204,1024,0,-1,-1,-1,0x1000480198140605,1499,1711,1730,988,2012,1489,1804,1500,1500,1498,1193,1449,1500,1500,1500,1500,1500,1500,1372,1628,1500,1609,1500,2012,1500,1856,1711,1500,1520,1705,1500,988,8.2
2026-04-19,17:14:01.770,-72,-75,10,3739,16460,68,44,16,14548,46,73,2797,-752,505,508,1024,205,1024,0,-1,-1,-1,0x100048019C140605,1334,1668,1730,988,2012,1124,1752,1500,1500,1118,1193,1449,1500,1500,1500,1500,1500,1500,1372,1628,1500,1609,1500,2012,1500,1811,1668,1500,1520,1705,1500,988,8.2
2026-04-19,17:14:02.270,-66,-73,250,3737,31700,68,44,16,21476,46,73,2800,-524,59,508,1024,204,1024,0,-1,-1,-1,0x100048049C140245,1400,1522,1730,988,2012,1238,1529,1500,1500,1231,1193,1449,1500,1500,1500,1500,1500,1500,1014,1986,1500,1609,1500,2012,1500,1617,1522,1500,1520,1705,1500,988,8.2
2026-04-19,17:14:02.770,-55,-56,10,3739,5390,68,44,16,24026,46,73,2802,-630,339,508,1024,204,1024,0,-1,-1,-1,0x100048049C140245,1385,1610,1730,988,2012,1185,1669,1500,1500,1201,1193,1449,1500,1500,1500,1500,1500,1500,1372,1628,1500,1609,1500,2012,1500,1734,1610,1500,1520,1705,1500,988,8.2
2026-04-19,17:14:03.270,-47,-56,10,3744,1430,70,44,16,7894,46,73,2803,-1024,-188,508,1024,204,1024,0,-1,-1,-1,0x100048009E100205,1204,1385,1730,1185,2012,988,1406,1341,1500,988,1193,1449,1500,1500,1500,1500,1500,1341,1254,2012,1500,1609,1500,988,1500,1340,1500,1500,1520,1705,1313,988,8.2
2026-04-19,17:14:03.770,-47,-56,10,3752,9240,70,44,16,5104,46,73,2803,-1024,94,508,1024,204,1024,0,-1,-1,-1,0x100048009C140205,1204,1538,1730,988,2012,988,1547,1500,1500,988,1193,1449,1500,1500,1500,1500,1500,1500,1372,1628,1500,1609,1500,2012,1500,1662,1538,1500,1520,1705,1500,988,8.2
2026-04-19,17:14:04.270,-62,-65,10,3755,14780,70,44,16,10782,46,73,2805,-626,456,508,1024,204,1024,0,-1,-1,-1,0x100048009C140205,1378,1649,1730,988,2012,1187,1728,1500,1500,1188,1193,1449,1500,1500,1500,1500,1500,1500,1372,1628,1500,1609,1500,2012,1500,1787,1649,1500,1520,1705,1500,988,8.2
2026-04-19,17:14:04.770,-77,-67,10,3757,22870,68,44,16,15864,46,73,2808,-416,646,508,1024,204,1024,0,-1,-1,-1,0x100048009C140205,1421,1716,1730,988,2012,1292,1823,1500,1500,1277,1193,1449,1500,1500,1500,1500,1500,1500,1372,1628,1500,1609,1500,2012,1500,1866,1716,1500,1520,1705,1500,988,8.2
2026-04-19,17:14:05.270,-69,-67,10,3753,14950,68,44,16,12990,46,73,2811,262,374,508,1024,204,1024,0,-1,-1,-1,0x100048009C100205,1555,1606,1730,988,2012,1613,1687,1500,1500,1672,1193,1449,1500,1500,1500,1500,1500,1500,1372,1628,1500,1609,1500,988,1500,1737,1606,1500,1520,1705,1500,988,8.2
2026-04-19,17:14:05.770,-54,-50,10,3748,18770,68,44,16,8138,46,73,2813,226,416,508,1024,204,1024,0,-1,-1,-1,0x100048009C140205,1537,1644,1730,988,2012,1613,1708,1500,1500,1618,1193,1449,1500,1500,1500,1500,1500,1500,1372,1628,1500,1609,1500,2012,1500,1777,1644,1500,1520,1705,1500,988,8.2
2026-04-19,17:14:06.270,-61,-68,10,3743,15440,68,44,16,10348,46,73,2815,465,553,508,1024,204,1024,0,-1,-1,-1,0x100048009C140205,1584,1682,1730,988,2012,1732,1776,1500,1500,1745,1193,1449,1500,1500,1500,1500,1500,1500,1372,1628,1500,1609,1500,2012,1500,1832,1682,1500,1520,1705,1500,988,8.2
2026-04-19,17:14:06.770,-55,-68,10,3729,56780,68,44,16,20050,46,73,2821,-3,249,508,1024,205,1024,0,-1,-1,-1,0x1000480098140205,1499,1551,1730,988,2012,1499,1624,1500,1500,1498,1193,1449,1500,1500,1500,1500,1500,1500,1372,1628,1500,1609,1500,2012,1500,1641,1551,1500,1520,1705,1500,988,8.2
2026-04-19,17:14:07.270,-49,-75,50,3734,17200,68,44,16,27024,46,73,2824,-2,0,508,1024,204,1024,0,-1,-1,-1,0x1000480898140205,1499,1500,1730,988,2012,1499,1500,1500,1500,1499,1193,1449,1500,1500,1500,1500,1500,1500,999,2012,1500,1609,1500,2012,1500,1548,1500,1500,1520,1705,1500,988,8.2
2026-04-19,17:14:07.770,-50,-62,10,3736,0,68,44,16,15090,46,74,2824,1024,-162,508,1024,204,1024,0,-1,-1,-1,0x100048049E1C0245,1763,1393,1730,1171,2012,2012,1419,1352,1500,2012,1193,1449,1500,1500,1500,1500,1500,1351,1111,2012,1500,1609,1500,2012,1500,1372,1500,1500,1520,1705,1352,988,8.2
2026-04-19,17:14:08.270,-53,-65,10,3741,14640,68,44,16,8488,46,74,2825,940,511,508,1024,204,1024,0,-1,-1,-1,0x100048009C140205,1721,1666,1730,988,2012,1970,1755,1500,1500,1970,1193,1449,1500,1500,1500,1500,1500,1500,1372,1628,1500,1609,1500,2012,1500,1808,1666,1500,1520,1705,1500,988,8.2
2026-04-19,17:14:08.770,-71,-57,10,3742,16640,68,44,16,12046,46,74,2827,-1021,-320,508,1024,204,1024,0,-1,-1,-1,0x100048009E180205,1206,1343,1730,1257,2012,990,1340,1282,1500,990,1193,1449,1500,1500,1500,1500,1500,1282,988,2012,1500,1609,1500,988,1500,1284,1500,1500,1520,1705,1244,988,8.2
2026-04-19,17:14:09.270,-67,-56,10,3759,4970,68,44,16,7396,46,74,2828,-1024,468,508,1024,204,1024,0,-1,-1,-1,0x100048009C140205,1204,1658,1730,988,2012,988,1734,1500,1500,988,1193,1449,1500,1500,1500,1500,1500,1500,1372,1628,1500,1609,1500,2012,1500,1799,1658,1500,1520,1705,1500,988,8.2
2026-04-19,17:14:09.770,-67,-50,10,3763,8680,68,44,16,7388,46,74,2829,-1024,178,508,1024,204,1024,0,-1,-1,-1,0x100048009C140205,1204,1552,1730,988,2012,988,1589,1500,1500,988,1193,1449,1500,1500,1500,1500,1500,1500,1372,1628,1500,1609,1500,2012,1500,1628,1552,1500,1520,1705,1500,988,8.2
2026-04-19,17:14:10.270,-48,-55,10,3763,14850,68,44,16,9324,46,74,2831,-702,533,508,1024,204,1024,0,-1,-1,-1,0x100048009C140205,1355,1674,1730,988,2012,1149,1766,1500,1500,1149,1193,1449,1500,1500,1500,1500,1500,1500,1372,1628,1500,1609,1500,2012,1500,1818,1674,1500,1520,1705,1500,988,8.2
2026-04-19,17:14:10.770,-64,-63,10,3761,17130,68,44,16,15098,46,74,2833,-650,303,508,1024,204,1024,0,-1,-1,-1,0x100048009C140205,1368,1605,1730,988,2012,1175,1651,1500,1500,1170,1193,1449,1500,1500,1500,1500,1500,1500,1372,1628,1500,1609,1500,2012,1500,1772,1605,1500,1520,1705,1500,988,8.2
2026-04-19,17:14:11.270,-71,-65,25,3763,3880,68,44,16,7852,46,74,2835,112,467,508,1024,204,1024,0,-1,-1,-1,0x100048009C140205,1522,1648,1730,988,2012,1556,1733,1500,1500,1574,1193,1449,1500,1500,1500,1500,1500,1500,1372,1628,1500,1609,1500,2012,1500,1787,1648,1500,1520,1705,1500,988,8.2
2026-04-19,17:14:11.770,-62,-66,10,3759,6550,68,44,16,8928,46,74,2836,1024,406,508,1024,204,1024,0,-1,-1,-1,0x100048009C140205,1763,1629,1730,988,2012,2012,1703,1500,1500,2012,1193,1449,1500,1500,1500,1500,1500,1500,1372,1628,1500,1609,1500,2012,1500,1761,1629,1500,1520,1705,1500,988,8.2
2026-04-19,17:14:12.270,-64,-63,10,3754,18670,68,44,16,11288,46,74,2838,996,510,508,1024,204,1024,0,-1,-1,-1,0x100048089C140205,1747,1665,1730,988,2012,1998,1755,1500,1500,1997,1193,1449,1500,1500,1500,1500,1500,1500,1372,1628,1500,1609,1500,2012,1500,1812,1665,1500,1520,1705,1500,988,8.2
2026-04-19,17:14:12.770,-68,-59,10,3745,44140,68,44,16,22476,46,74,2842,-51,644,508,1024,205,1024,0,-1,-1,-1,0x1000480998140605,1494,1755,1730,988,2012,1475,1822,1500,1500,1482,1193,1449,1500,1500,1500,1500,1500,1500,1372,1628,1500,1609,1500,2012,1500,1893,1755,1500,1520,1705,1500,988,8.2
2026-04-19,17:14:13.270,-68,-56,10,3740,5640,68,44,16,12220,46,74,2846,552,312,508,1024,204,1024,0,-1,-1,-1,0x100048089C140205,1599,1595,1730,988,2012,1776,1656,1500,1500,1775,1193,1449,1500,1500,1500,1500,1500,1500,1372,1628,1500,1609,1500,2012,1500,1711,1595,1500,1520,1705,1500,988,8.2
2026-04-19,17:14:13.770,-64,-60,10,3741,8540,68,44,16,12106,46,74,2846,685,432,508,1024,204,1024,0,-1,-1,-1,0x100048089C140205,1637,1639,1730,988,2012,1842,1716,1500,1500,1848,1193,1449,1500,1500,1500,1500,1500,1500,1372,1628,1500,1609,1500,2012,1500,1776,1639,1500,1520,1705,1500,988,8.2
2026-04-19,17:14:14.270,-64,-67,10,3734,17760,68,44,16,26580,46,74,2849,379,591,508,1024,204,1024,0,-1,-1,-1,0x100048089C140205,1562,1687,1730,988,2012,1689,1795,1500,1500,1689,1193,1449,1500,1500,1500,1500,1500,1500,1372,1628,1500,1609,1500,2012,1500,1837,1687,1500,1520,1705,1500,988,8.2
2026-04-19,17:14:14.770,-57,-67,10,3727,24830,70,44,16,18066,46,74,2853,-460,713,508,1024,205,1024,0,-1,-1,-1,0x100048089C140205,1416,1768,1730,988,2012,1270,1856,1500,1500,1265,1193,1449,1500,1500,1500,1500,1500,1500,1372,1628,1500,1609,1500,2012,1500,1899,1768,1500,1520,1705,1500,988,8.2
2026-04-19,17:14:15.270,-56,-67,10,3723,59480,70,44,16,23692,46,74,2856,-279,1024,507,1024,204,1024,0,-1,-1,-1,0x100048059C142205,1452,2012,1730,988,2012,1361,2012,1500,1500,1356,1193,1449,1500,1500,1500,1500,1500,1500,1372,1628,1500,1609,1500,2012,1500,2012,2012,1500,1520,1705,1500,988,8.2
2026-04-19,17:14:15.770,-57,-48,10,3725,24270,70,44,16,29264,46,75,2863,30,108,508,1024,204,1024,0,-1,-1,-1,0x1000480498140245,1503,1519,1730,988,2012,1515,1554,1500,1500,1514,1193,1449,1500,1500,1500,1500,1500,1500,988,2012,1500,1609,1500,2012,1500,1696,1519,1500,1520,1705,1500,988,8.2
2026-04-19,17:14:16.270,-59,-60,10,3708,2970,70,44,16,18346,46,75,2864,-46,268,508,1024,204,1024,0,-1,-1,-1,0x1000480498140205,1492,1582,1730,988,2012,1477,1634,1500,1500,1477,1193,1449,1500,1500,1500,1500,1500,1500,1372,1628,1500,1609,1500,2012,1500,1691,1582,1500,1520,1705,1500,988,8.2
2026-04-19,17:14:16.770,-63,-75,10,3717,1470,70,44,16,15282,46,75,2864,-260,435,508,1024,204,1024,0,-1,-1,-1,0x100048049C140245,1457,1635,1730,988,2012,1370,1717,1500,1500,1370,1193,1449,1500,1500,1500,1500,1500,1500,1372,1628,1500,1609,1500,2012,1500,1770,1635,1500,1520,1705,1500,988,8.2
2026-04-19,17:14:17.270,-56,-65,10,3734,2940,70,44,16,17200,46,75,2865,-405,95,508,1024,204,1024,0,-1,-1,-1,0x100048049C140205,1430,1533,1730,988,2012,1298,1547,1500,1500,1298,1193,1449,1500,1500,1500,1500,1500,1500,1372,1628,1500,1609,1500,2012,1500,1572,1533,1500,1520,1705,1500,988,8.2
2026-04-19,17:14:17.770,-68,-66,10,3757,0,70,44,16,11350,46,75,2865,-181,33,508,1024,204,1024,0,-1,-1,-1,0x100048009C140205,1471,1512,1730,988,2012,1410,1516,1500,1500,1410,1193,1449,1500,1500,1500,1500,1500,1500,1203,2012,1500,1609,1500,2012,1500,1526,1512,1500,1520,1705,1500,988,8.2
2026-04-19,17:14:18.270,-63,-66,10,3763,33140,70,44,16,13286,46,75,2866,-937,564,508,1024,204,1024,0,-1,-1,-1,0x100048009C140205,1246,1686,1730,988,2012,1032,1782,1500,1500,1022,1193,1449,1500,1500,1500,1500,1500,1500,1372,1628,1500,1609,1500,2012,1500,1831,1686,1500,1520,1705,1500,988,8.2
2026-04-19,17:14:18.770,-62,-61,10,3750,36460,70,44,16,14270,46,75,2870,-341,696,508,1024,204,1024,0,-1,-1,-1,0x100048019C140605,1439,1759,1730,988,2012,1330,1848,1500,1500,1321,1193,1449,1500,1500,1500,1500,1500,1500,1372,1628,1500,1609,1500,2012,1500,1892,1759,1500,1520,1705,1500,988,8.2
2026-04-19,17:14:19.270,-65,-65,10,3722,41650,70,44,16,23278,46,75,2877,-542,601,508,1024,204,1024,0,-1,-1,-1,0x100048009C140205,1396,1668,1730,988,2012,1229,1800,1500,1500,1222,1193,1449,1500,1500,1500,1500,1500,1500,1372,1628,1500,1609,1500,2012,1500,1839,1668,1500,1520,1705,1500,988,8.2
2026-04-19,17:14:19.770,-76,-74,10,3715,9770,70,44,16,16038,46,75,2879,-280,461,508,1024,204,1024,0,-1,-1,-1,0x100048049C140245,1454,1650,1730,988,2012,1360,1730,1500,1500,1360,1193,1449,1500,1500,1500,1500,1500,1500,1372,1628,1500,1609,1500,2012,1500,1789,1650,1500,1520,1705,1500,988,8.2
2026-04-19,17:14:20.270,-76,-87,10,3712,8820,70,44,16,15584,46,75,2880,-268,340,508,1024,204,1024,0,-1,-1,-1,0x100048049C140245,1454,1589,1730,988,2012,1366,1670,1500,1500,1361,1193,1449,1500,1500,1500,1500,1500,1500,1372,1628,1500,1609,1500,2012,1500,1710,1589,1500,1520,1705,1500,988,8.2
2026-04-19,17:14:20.770,-77,-93,10,3718,8510,70,44,16,14624,46,75,2881,-141,2,508,1024,204,1024,0,-1,-1,-1,0x100048049C140205,1480,1506,1730,988,2012,1430,1501,1500,1500,1439,1193,1449,1500,1500,1500,1500,1500,1500,1321,1679,1500,1609,1500,2012,1500,1515,1506,1500,1520,1705,1500,988,8.2
2026-04-19,17:14:21.270,-82,-84,50,3722,0,70,44,16,7704,46,75,2882,-853,-61,508,1024,203,1024,0,-1,-1,-1,0x100048009E180205,1272,1449,1730,1076,2012,1074,1470,1429,1500,1046,1193,1449,1500,1500,1500,1500,1500,1429,1357,2012,1500,1609,1500,988,1500,1393,1500,1500,1520,1705,1445,988,8.2
2026-04-19,17:14:21.770,-74,-81,50,3760,3990,70,44,16,5808,46,75,2882,-1021,128,508,1024,204,1024,0,-1,-1,-1,0x100048009C140205,1206,1538,1730,988,2012,990,1564,1500,1500,990,1193,1449,1500,1500,1500,1500,1500,1500,1372,1628,1500,1609,1500,2012,1500,1595,1538,1500,1520,1705,1500,988,8.2
2026-04-19,17:14:22.270,-73,-73,25,3766,8860,70,44,16,6216,46,75,2883,-1024,344,508,1024,204,1024,0,-1,-1,-1,0x100048009C140205,1204,1602,1730,988,2012,988,1672,1500,1500,988,1193,1449,1500,1500,1500,1500,1500,1500,1372,1628,1500,1609,1500,2012,1500,1723,1602,1500,1520,1705,1500,988,8.2
2026-04-19,17:14:22.770,-84,-78,10,3768,14530,70,44,16,9550,46,75,2884,-287,444,508,1024,204,1024,0,-1,-1,-1,0x100048009C140205,1452,1643,1730,988,2012,1357,1722,1500,1500,1357,1193,1449,1500,1500,1500,1500,1500,1500,1372,1628,1500,1609,1500,2012,1500,1780,1643,1500,1520,1705,1500,988,8.2
2026-04-19,17:14:23.270,-85,-81,10,3762,19400,70,44,16,12954,46,75,2886,-220,616,508,1024,204,1024,0,-1,-1,-1,0x100048019C140205,1464,1723,1730,988,2012,1390,1808,1500,1500,1390,1193,1449,1500,1500,1500,1500,1500,1500,1372,1628,1500,1609,1500,2012,1500,1864,1723,1500,1520,1705,1500,988,8.2
2026-04-19,17:14:23.770,-74,-72,10,3746,21020,70,44,16,21704,46,75,2890,-147,3,508,1024,204,1024,0,-1,-1,-1,0x100048009C140205,1476,1501,1730,988,2012,1427,1501,1500,1500,1427,1193,1449,1500,1500,1500,1500,1500,1500,1065,1935,1500,1609,1500,2012,1500,1502,1501,1500,1520,1705,1500,988,8.2
2026-04-19,17:14:24.270,-77,-73,10,3746,6200,70,44,16,23842,46,76,2892,188,353,508,1024,204,1024,0,-1,-1,-1,0x100048009C140205,1526,1614,1730,988,2012,1594,1676,1500,1500,1587,1193,1449,1500,1500,1500,1500,1500,1500,1372,1628,1500,1609,1500,2012,1500,1741,1614,1500,1520,1705,1500,988,8.2
2026-04-19,17:14:24.770,-77,-65,10,3747,3530,70,44,16,4318,46,76,2892,1023,259,508,1024,204,1024,0,-1,-1,-1,0x100048009C140205,1762,1589,1730,988,2012,2011,1629,1500,1500,2011,1193,1449,1500,1500,1500,1500,1500,1500,1372,1628,1500,1609,1500,2012,1500,1698,1589,1500,1520,1705,1500,988,8.2
2026-04-19,17:14:25.270,-77,-70,10,3747,14950,70,44,16,9330,46,76,2894,1024,97,508,1024,205,1024,0,-1,-1,-1,0x100048009C140205,1763,1526,1725,988,2012,2012,1548,1500,1500,2012,1193,1449,1500,1500,1500,1500,1500,1500,1372,1628,1500,1609,1500,2012,1500,1565,1526,1500,1520,1705,1500,988,8.2
2026-04-19,17:14:25.770,-74,-73,10,3752,16360,70,44,16,10230,46,76,2896,1024,532,508,1024,204,1024,0,-1,-1,-1,0x100048009C140205,1763,1678,1730,988,2012,2012,1766,1500,1500,2012,1193,1449,1500,1500,1500,1500,1500,1500,1372,1628,1500,1609,1500,2012,1500,1822,1678,1500,1520,1705,1500,988,8.2
2026-04-19,17:14:26.270,-71,-72,10,3750,33560,70,44,16,17008,46,76,2899,348,926,508,1024,204,1024,0,-1,-1,-1,0x100048019C140605,1552,1887,1730,988,2012,1674,1963,1500,1500,1662,1193,1449,1500,1500,1500,1500,1500,1500,1372,1628,1500,1609,1500,2012,1500,1977,1887,1500,1520,1705,1500,988,8.2
2026-04-19,17:14:26.770,-76,-83,10,3748,69220,70,44,16,27614,46,76,2906,53,497,508,1024,203,1024,0,-1,-1,-1,0x100048019C140205,1509,1710,1730,988,2012,1526,1748,1500,1500,1533,1193,1449,1500,1500,1500,1500,1500,1500,1372,1628,1500,1609,1500,2012,1500,1947,1710,1500,1520,1705,1500,988,8.2
2026-04-19,17:14:27.270,-79,-81,10,3708,10860,70,44,16,18290,46,76,2909,160,200,508,1024,204,1024,0,-1,-1,-1,0x100048049C140205,1526,1545,1730,988,2012,1580,1600,1500,1500,1586,1193,1449,1500,1500,1500,1500,1500,1500,1372,1628,1500,1609,1500,2012,1500,1619,1545,1500,1520,1705,1500,988,8.2
2026-04-19,17:14:27.770,-84,-79,10,3709,7910,70,44,16,17548,46,76,2910,671,253,508,1024,204,1024,0,-1,-1,-1,0x100048049C140245,1630,1563,1730,988,2012,1835,1626,1500,1500,1836,1193,1449,1500,1500,1500,1500,1500,1500,1372,1628,1500,1609,1500,2012,1500,1668,1563,1500,1520,1705,1500,988,8.2
2026-04-19,17:14:28.270,-72,-68,10,3713,11310,70,44,16,14036,46,76,2911,825,477,508,1024,204,1024,0,-1,-1,-1,0x100048049C140205,1675,1656,1730,988,2012,1912,1738,1500,1500,1912,1193,1449,1500,1500,1500,1500,1500,1500,1372,1628,1500,1609,1500,2012,1500,1797,1656,1500,1520,1705,1500,988,8.2
2026-04-19,17:14:28.770,-78,-77,10,3727,14880,70,44,16,12136,46,76,2913,941,544,508,1024,205,1024,0,-1,-1,-1,0x100048009C140205,1721,1678,1730,988,2012,1970,1772,1500,1500,1970,1193,1449,1500,1500,1500,1500,1500,1500,1372,1628,1500,1609,1500,2012,1500,1828,1678,1500,1520,1705,1500,988,8.2
2026-04-19,17:14:29.270,-76,-75,10,3749,17370,70,44,16,14448,46,76,2915,492,727,508,1024,204,1024,0,-1,-1,-1,0x100048009C140205,1585,1769,1730,988,2012,1746,1863,1500,1500,1746,1193,1449,1500,1500,1500,1500,1500,1500,1372,1628,1500,1609,1500,2012,1500,1900,1769,1500,1520,1705,1500,988,8.2
2026-04-19,17:14:29.770,-79,-71,10,3725,56330,70,44,16,28544,46,76,2921,183,1024,508,1024,204,1024,0,-1,-1,-1,0x100048019C142205,1528,2012,1730,988,2012,1591,2012,1500,1500,1592,1193,1449,1500,1500,1500,1500,1500,1500,1372,1628,1500,1609,1500,2012,1500,2012,2012,1500,1520,1705,1500,988,8.2
2026-04-19,17:14:30.270,-84,-77,10,3706,21090,70,44,16,22838,46,76,2927,278,389,508,1024,204,1024,0,-1,-1,-1,0x100048049C140245,1543,1627,1730,988,2012,1639,1694,1500,1500,1639,1193,1449,1500,1500,1500,1500,1500,1500,1372,1628,1500,1609,1500,2012,1500,1759,1627,1500,1520,1705,1500,988,8.2
2026-04-19,17:14:30.770,-84,-72,10,3706,9730,70,44,16,18672,46,76,2928,-1,218,508,1024,204,1024,0,-1,-1,-1,0x1000480498140205,1499,1565,1730,988,2012,1500,1609,1500,1500,1500,1193,1449,1500,1500,1500,1500,1500,1500,1372,1628,1500,1609,1500,2012,1500,1664,1565,1500,1520,1705,1500,988,8.2
2026-04-19,17:14:31.270,-79,-72,10,3710,2590,70,44,16,15604,46,76,2929,470,367,508,1024,204,1024,0,-1,-1,-1,0x100048049C140245,1581,1608,1730,988,2012,1735,1683,1500,1500,1735,1193,1449,1500,1500,1500,1500,1500,1500,1372,1628,1500,1609,1500,2012,1500,1732,1608,1500,1520,1705,1500,988,8.2
2026-04-19,17:14:31.770,-77,-70,10,3719,5110,70,44,16,12436,46,77,2929,1023,352,508,1024,204,1024,0,-1,-1,-1,0x100048009C141A85,1762,1621,1730,988,2012,2011,1676,1500,1500,2011,1193,1449,1500,1500,1500,1500,1500,1500,1372,1628,1500,1609,1500,2012,1500,1743,1621,1500,1520,1705,1500,988,8.2
2026-04-19,17:14:32.270,-68,-72,10,3723,7910,70,44,16,9244,46,77,2930,-1024,157,508,1024,204,1024,0,-1,-1,-1,0x100048009C100A85,1204,1542,1730,988,2012,988,1578,1500,1500,988,1193,1449,1500,1500,1500,1500,1500,1500,1372,1628,1500,1609,1500,988,1500,1599,1542,1500,1520,1705,1500,988,8.2
2026-04-19,17:14:32.770,-75,-65,10,3758,10890,70,44,16,6778,46,77,2931,-1024,496,508,1024,204,1024,0,-1,-1,-1,0x100048009C140A85,1204,1664,1730,988,2012,988,1748,1500,1500,988,1193,1449,1500,1500,1500,1500,1500,1500,1372,1628,1500,1609,1500,2012,1500,1806,1664,1500,1520,1705,1500,988,8.2
2026-04-19,17:14:33.270,-61,-77,10,3750,24760,70,44,16,13052,46,77,2934,-833,674,508,1024,205,1024,0,-1,-1,-1,0x100048019C140605,1308,1741,1730,988,2012,1084,1837,1500,1500,1084,1193,1449,1500,1500,1500,1500,1500,1500,1372,1628,1500,1609,1500,2012,1500,1883,1741,1500,1520,1705,1500,988,8.2
2026-04-19,17:14:33.770,-71,-65,10,3738,27990,70,44,16,13072,46,77,2938,583,509,508,1024,204,1024,0,-1,-1,-1,0x100048009C141A85,1622,1657,1730,988,2012,1791,1754,1500,1500,1820,1193,1449,1500,1500,1500,1500,1500,1500,1372,1628,1500,1609,1500,2012,1500,1798,1657,1500,1520,1705,1500,988,8.2
2026-04-19,17:14:34.270,-67,-59,10,3731,29420,70,44,16,14406,46,77,2940,1024,494,508,1024,204,1024,0,-1,-1,-1,0x100048009C141205,1763,1662,1730,988,2012,2012,1747,1500,1500,2012,1193,1449,1500,1500,1500,1500,1500,1500,1372,1628,1500,1609,1500,2012,1500,1804,1662,1500,1520,1705,1500,988,8.2
2026-04-19,17:14:34.770,-68,-58,10,3725,16360,70,44,16,12778,46,77,2942,-132,500,508,1024,204,1024,0,-1,-1,-1,0x100048009C140205,1479,1665,1730,988,2012,1434,1755,1500,1500,1434,1193,1449,1500,1500,1500,1500,1500,1500,1372,1628,1500,1609,1500,2012,1500,1807,1665,1500,1520,1705,1500,988,8.2
2026-04-19,17:14:35.270,-69,-58,10,3721,14180,70,44,16,13814,46,77,2945,-805,587,508,1024,204,1024,0,-1,-1,-1,0x100048009C140205,1319,1695,1730,988,2012,1098,1793,1500,1500,1098,1193,1449,1500,1500,1500,1500,1500,1500,1372,1628,1500,1609,1500,2012,1500,1842,1695,1500,1520,1705,1500,988,8.2
2026-04-19,17:14:35.770,-70,-72,10,3715,47680,70,44,16,22090,46,77,2949,-411,104,508,1024,204,1024,0,-1,-1,-1,0x100048089C140205,1429,1536,1730,988,2012,1295,1552,1500,1500,1295,1193,1449,1500,1500,1500,1500,1500,1500,1372,1628,1500,1609,1500,2012,1500,1756,1536,1500,1520,1705,1500,988,8.2
2026-04-19,17:14:36.270,-59,-55,10,3721,16290,70,44,16,24106,46,77,2951,58,636,508,1024,204,1024,0,-1,-1,-1,0x100048049C140245,1508,1727,1730,988,2012,1529,1818,1500,1500,1528,1193,1449,1500,1500,1500,1500,1500,1500,1372,1628,1500,1609,1500,2012,1500,1868,1727,1500,1520,1705,1500,988,8.2
2026-04-19,17:14:36.770,-51,-59,10,3727,7070,70,44,16,19464,46,77,2953,-278,-237,508,1024,205,1024,0,-1,-1,-1,0x100048049E180205,1461,1378,1730,1197,2012,1361,1382,1330,1500,1380,1193,1449,1500,1500,1500,1500,1500,1330,1152,2012,1500,1609,1500,988,1500,1340,1500,1500,1520,1705,1300,988,8.2
2026-04-19,17:14:37.270,-48,-59,10,3731,0,70,44,16,2982,46,77,2953,-1024,282,508,1024,204,1024,0,-1,-1,-1,0x100048009C140205,1204,1587,1730,988,2012,988,1641,1500,1500,988,1193,1449,1500,1500,1500,1500,1500,1500,1372,1628,1500,1609,1500,2012,1500,1700,1587,1500,1520,1705,1500,988,8.2
2026-04-19,17:14:37.770,-47,-59,10,3732,5600,70,44,16,4196,46,77,2953,-1024,297,508,1024,204,1024,0,-1,-1,-1,0x100048009C140205,1204,1588,1730,988,2012,988,1648,1500,1500,988,1193,1449,1500,1500,1500,1500,1500,1500,1372,1628,1500,1609,1500,2012,1500,1702,1588,1500,1520,1705,1500,988,8.2
2026-04-19,17:14:38.270,-59,-61,10,3752,19680,70,44,16,10964,46,77,2955,-254,543,508,1024,205,1024,0,-1,-1,-1,0x100048009C140205,1456,1682,1730,988,2012,1373,1771,1500,1500,1368,1193,1449,1500,1500,1500,1500,1500,1500,1372,1628,1500,1609,1500,2012,1500,1827,1682,1500,1520,1705,1500,988,8.2
2026-04-19,17:14:38.770,-63,-63,10,3745,19790,70,44,16,23968,46,77,2958,543,-428,508,1024,204,1024,0,-1,-1,-1,0x100048009E180205,1581,1310,1730,1306,2012,1771,1286,1237,1500,1737,1193,1449,1500,1500,1500,1500,1500,1237,988,2012,1500,1609,1500,988,1500,1435,1500,1500,1520,1705,1191,988,8.2
2026-04-19,17:14:39.270,-63,-59,10,3747,3670,70,44,16,5836,46,77,2960,1024,298,508,1024,204,1024,0,-1,-1,-1,0x100048009C140205,1763,1579,1730,988,2012,2012,1649,1500,1500,2012,1193,1449,1500,1500,1500,1500,1500,1500,1372,1628,1500,1609,1500,2012,1500,1687,1579,1500,1520,1705,1500,988,8.2
2026-04-19,17:14:39.770,-54,-61,10,3745,17650,70,44,16,10780,46,77,2961,569,417,508,1024,204,1024,0,-1,-1,-1,0x100048009C140205,1611,1633,1730,988,2012,1784,1708,1500,1500,1800,1193,1449,1500,1500,1500,1500,1500,1500,1372,1628,1500,1609,1500,2012,1500,1767,1633,1500,1520,1705,1500,988,8.2
2026-04-19,17:14:40.270,-53,-61,10,3738,22350,70,44,16,12748,46,77,2963,385,843,508,1024,204,1024,0,-1,-1,-1,0x100048019C140605,1563,1824,1730,988,2012,1692,1921,1500,1500,1692,1193,1449,1500,1500,1500,1500,1500,1500,1372,1628,1500,1609,1500,2012,1500,1943,1824,1500,1520,1705,1500,988,8.2
2026-04-19,17:14:40.770,-52,-69,10,3731,12920,70,44,16,12892,46,77,2969,1,874,508,1024,204,1024,0,-1,-1,-1,0x1000480098140205,1499,1763,1730,988,2012,1500,1937,1500,1500,1500,1193,1449,1500,1500,1500,1500,1500,1500,1372,1628,1500,1609,1500,2012,1500,1951,1763,1500,1520,1705,1500,988,8.2
2026-04-19,17:14:41.270,-62,-63,10,3735,7460,70,44,16,14654,46,78,2971,1018,-16,508,1024,204,1024,0,-1,-1,-1,0x100048089C140205,1759,1490,1730,1006,2012,2009,1492,1486,1500,2008,1193,1449,1500,1500,1500,1500,1500,1486,1168,1832,1500,1609,1500,2012,1500,1566,1500,1500,1520,1705,1486,988,8.2
2026-04-19,17:14:41.770,-55,-63,10,3734,4020,70,44,16,7618,46,78,2972,1024,444,508,1024,204,1024,0,-1,-1,-1,0x100048089C140205,1763,1637,1730,988,2012,2012,1722,1500,1500,2012,1193,1449,1500,1500,1500,1500,1500,1500,1372,1628,1500,1609,1500,2012,1500,1773,1637,1500,1520,1705,1500,988,8.2
2026-04-19,17:14:42.270,-59,-59,10,3731,21050,70,44,16,12100,46,78,2973,803,592,507,1024,204,1024,0,-1,-1,-1,0x100048099C140605,1674,1698,1730,988,2012,1901,1796,1500,1500,1910,1193,1449,1500,1500,1500,1500,1500,1500,1372,1628,1500,1609,1500,2012,1500,1844,1698,1500,1520,1705,1500,988,8.2
2026-04-19,17:14:42.770,-64,-77,10,3739,11070,70,44,16,13612,46,78,2977,-838,202,508,1024,205,1024,0,-1,-1,-1,0x100048089C140205,1311,1574,1730,988,2012,1081,1601,1500,1500,1088,1193,1449,1500,1500,1500,1500,1500,1500,1372,1628,1500,1609,1500,2012,1500,1694,1574,1500,1520,1705,1500,988,8.2
2026-04-19,17:14:43.270,-62,-50,10,3744,1290,70,44,16,5082,47,78,2978,-1024,275,508,1024,204,1024,0,-1,-1,-1,0x100048089C140205,1204,1581,1730,988,2012,988,1637,1500,1500,988,1193,1449,1500,1500,1500,1500,1500,1500,1372,1628,1500,1609,1500,2012,1500,1690,1581,1500,1520,1705,1500,988,8.2
2026-04-19,17:14:43.770,-47,-54,10,3744,8330,70,44,16,6930,47,78,2978,-768,350,508,1024,204,1024,0,-1,-1,-1,0x100048089C140205,1329,1604,1730,988,2012,1116,1675,1500,1500,1111,1193,1449,1500,1500,1500,1500,1500,1500,1372,1628,1500,1609,1500,2012,1500,1732,1604,1500,1520,1705,1500,988,8.2
2026-04-19,17:14:44.270,-52,-54,10,3741,23360,70,44,16,13264,47,78,2980,-771,647,508,1024,204,1024,0,-1,-1,-1,0x100048089C140205,1332,1747,1730,988,2012,1115,1823,1500,1500,1115,1193,1449,1500,1500,1500,1500,1500,1500,1372,1628,1500,1609,1500,2012,1500,1883,1747,1500,1520,1705,1500,988,8.2
2026-04-19,17:14:44.770,-60,-60,10,3739,23430,70,44,16,16688,47,78,2984,1020,-331,508,1024,204,1024,0,-1,-1,-1,0x100048089E180205,1760,1339,1730,1264,2012,2010,1335,1277,1500,2009,1193,1449,1500,1500,1500,1500,1500,1276,988,2012,1500,1609,1500,988,1500,1381,1500,1500,1520,1705,1237,988,8.2
2026-04-19,17:14:45.270,-52,-65,10,3746,11840,70,44,16,9020,47,78,2985,1024,418,508,1024,204,1024,0,-1,-1,-1,0x100048089C140205,1763,1638,1730,988,2012,2012,1709,1500,1500,2012,1193,1449,1500,1500,1500,1500,1500,1500,1372,1628,1500,1609,1500,2012,1500,1774,1638,1500,1520,1705,1500,988,8.2
2026-04-19,17:14:45.770,-55,-65,10,3741,13270,70,44,16,8648,47,78,2987,944,404,508,1024,204,1024,0,-1,-1,-1,0x100048089C140205,1723,1627,1730,988,2012,1972,1702,1500,1500,1972,1193,1449,1500,1500,1500,1500,1500,1500,1372,1628,1500,1609,1500,2012,1500,1760,1627,1500,1520,1705,1500,988,8.2
2026-04-19,17:14:46.270,-58,-72,10,3739,14880,70,44,16,9826,47,78,2988,526,530,508,1024,204,1024,0,-1,-1,-1,0x100048089C140205,1596,1678,1730,988,2012,1763,1765,1500,1500,1769,1193,1449,1500,1500,1500,1500,1500,1500,1372,1628,1500,1609,1500,2012,1500,1822,1678,1500,1520,1705,1500,988,8.2
2026-04-19,17:14:46.770,-63,-55,10,3736,26160,70,44,16,12826,47,78,2992,163,380,508,1024,204,1024,0,-1,-1,-1,0x100048089C140205,1522,1624,1730,988,2012,1581,1690,1500,1500,1573,1193,1449,1500,1500,1500,1500,1500,1500,1372,1628,1500,1609,1500,2012,1500,1755,1624,1500,1520,1705,1500,988,8.2
2026-04-19,17:14:47.270,-63,-60,10,3743,2200,70,44,16,9340,47,78,2992,622,243,508,1024,204,1024,0,-1,-1,-1,0x100048089C140205,1617,1574,1730,988,2012,1811,1621,1500,1500,1811,1193,1449,1500,1500,1500,1500,1500,1500,1372,1628,1500,1609,1500,2012,1500,1679,1574,1500,1520,1705,1500,988,8.2
2026-04-19,17:14:47.770,-65,-68,10,3744,10860,70,44,16,13736,47,78,2994,276,579,508,1024,204,1024,0,-1,-1,-1,0x100048089C140205,1543,1697,1730,988,2012,1638,1789,1500,1500,1638,1193,1449,1500,1500,1500,1500,1500,1500,1372,1628,1500,1609,1500,2012,1500,1844,1697,1500,1520,1705,1500,988,8.2
2026-04-19,17:14:48.270,-56,-68,10,3737,17760,70,44,16,27268,47,78,2996,0,1020,508,1024,204,1024,0,-1,-1,-1,0x1000480998142205,1499,2005,1730,988,2012,1500,2010,1500,1500,1500,1193,1449,1500,1500,1500,1500,1500,1500,1372,1628,1500,1609,1500,2012,1500,2010,1975,1500,1520,1705,1500,988,8.2
2026-04-19,17:14:48.770,-57,-68,10,3711,65190,70,44,16,30326,47,78,3004,-1,1024,507,1024,204,1024,0,-1,-1,-1,0x1000480598142645,1499,2012,1730,988,2012,1500,2012,1500,1500,1500,1193,1449,1500,1500,1500,1500,1500,1500,1372,1628,1500,1609,1500,2012,1500,2012,2012,1500,1520,1705,1500,988,8.2
2026-04-19,17:14:49.270,-63,-50,10,3701,12360,70,44,16,20394,47,78,3009,136,263,508,1024,204,1024,0,-1,-1,-1,0x100048049C140245,1517,1590,1730,988,2012,1568,1631,1500,1500,1560,1193,1449,1500,1500,1500,1500,1500,1500,1372,1628,1500,1609,1500,2012,1500,1712,1590,1500,1520,1705,1500,988,8.2
2026-04-19,17:14:49.770,-54,-47,10,3698,6690,70,44,16,18742,47,78,3010,-326,249,508,1024,204,1024,0,-1,-1,-1,0x100048049C140205,1443,1566,1730,988,2012,1337,1624,1500,1500,1332,1193,1449,1500,1500,1500,1500,1500,1500,1372,1628,1500,1609,1500,2012,1500,1673,1566,1500,1520,1705,1500,988,8.2
2026-04-19,17:14:50.270,-58,-59,10,3702,5320,70,44,16,15504,47,79,3011,-264,297,508,1024,204,1024,0,-1,-1,-1,0x100048049C140245,1456,1583,1730,988,2012,1368,1648,1500,1500,1369,1193,1449,1500,1500,1500,1500,1500,1500,1372,1628,1500,1609,1500,2012,1500,1694,1583,1500,1520,1705,1500,988,8.2
2026-04-19,17:14:50.770,-66,-79,10,3723,730,70,44,16,14636,47,79,3011,-174,112,508,1024,204,1024,0,-1,-1,-1,0x100048049C140205,1472,1537,1730,988,2012,1413,1556,1500,1500,1414,1193,1449,1500,1500,1500,1500,1500,1500,1372,1628,1500,1609,1500,2012,1500,1585,1537,1500,1520,1705,1500,988,8.2
2026-04-19,17:14:51.270,-62,-66,10,3745,8260,70,44,16,15392,47,79,3011,586,378,508,1024,204,1024,0,-1,-1,-1,0x100048009C140205,1607,1618,1730,988,2012,1793,1689,1500,1500,1793,1193,1449,1500,1500,1500,1500,1500,1500,1372,1628,1500,1609,1500,2012,1500,1747,1618,1500,1520,1705,1500,988,8.2
2026-04-19,17:14:51.770,-65,-69,10,3756,29280,70,44,16,18020,47,79,3013,-701,779,508,1024,204,1024,0,-1,-1,-1,0x100048019C140605,1356,1821,1730,988,2012,1150,1889,1500,1500,1150,1193,1449,1500,1500,1500,1500,1500,1500,1372,1628,1500,1609,1500,2012,1500,1936,1821,1500,1520,1705,1500,988,8.2
2026-04-19,17:14:52.270,-64,-65,10,3737,29490,70,44,16,28236,47,79,3018,-657,112,508,1024,204,1024,0,-1,-1,-1,0x100048009C140205,1369,1537,1730,988,2012,1172,1556,1500,1500,1171,1193,1449,1500,1500,1500,1500,1500,1500,1372,1628,1500,1609,1500,2012,1500,1823,1537,1500,1520,1705,1500,988,8.2
2026-04-19,17:14:52.770,-81,-74,10,3732,15720,70,44,16,16330,47,79,3020,-136,700,508,1024,204,1024,0,-1,-1,-1,0x100048049C140205,1478,1760,1730,988,2012,1432,1850,1500,1500,1432,1193,1449,1500,1500,1500,1500,1500,1500,1372,1628,1500,1609,1500,2012,1500,1893,1760,1500,1520,1705,1500,988,8.2
2026-04-19,17:14:53.270,-79,-73,10,3723,9660,70,44,16,17090,47,79,3022,69,207,508,1024,205,1024,0,-1,-1,-1,0x100048049C140245,1510,1562,1730,988,2012,1534,1603,1500,1500,1535,1193,1449,1500,1500,1500,1500,1500,1500,1372,1628,1500,1609,1500,2012,1500,1654,1562,1500,1520,1705,1500,988,8.2
2026-04-19,17:14:53.770,-88,-71,10,3725,1290,70,44,16,11216,47,79,3023,-430,-849,508,1024,204,1024,0,-1,-1,-1,0x100048009E100205,1422,1208,1730,1416,2012,1285,1076,1314,1282,1280,1193,1449,1500,1500,1500,1500,1500,1095,1315,2012,1500,1609,1500,988,1500,1051,1500,1500,1520,1705,1062,988,8.2
2026-04-19,17:14:54.270,-82,-77,10,3736,2380,70,44,16,4844,47,79,3023,-746,492,508,1024,204,1024,0,-1,-1,-1,0x100048009C140205,1344,1658,1730,988,2012,1127,1746,1500,1500,1132,1193,1449,1500,1500,1500,1500,1500,1500,1372,1628,1500,1609,1500,2012,1500,1804,1658,1500,1520,1705,1500,988,8.2
2026-04-19,17:14:54.770,-83,-79,10,3748,7840,70,44,16,6042,47,79,3024,-1024,322,508,1024,204,1024,0,-1,-1,-1,0x100048009C140205,1204,1593,1730,988,2012,988,1661,1500,1500,988,1193,1449,1500,1500,1500,1500,1500,1500,1372,1628,1500,1609,1500,2012,1500,1716,1593,1500,1520,1705,1500,988,8.2
2026-04-19,17:14:55.270,-78,-82,10,3752,8160,70,44,16,6536,46,79,3024,-831,534,508,1024,204,1024,0,-1,-1,-1,0x100048009C140205,1309,1679,1730,988,2012,1085,1767,1500,1500,1085,1193,1449,1500,1500,1500,1500,1500,1500,1372,1628,1500,1609,1500,2012,1500,1823,1679,1500,1520,1705,1500,988,8.2
2026-04-19,17:14:55.770,-81,-88,10,3750,24900,70,44,16,12338,46,79,3026,-306,458,508,1024,204,1024,0,-1,-1,-1,0x100048009C140205,1447,1643,1730,988,2012,1347,1729,1500,1500,1342,1193,1449,1500,1500,1500,1500,1500,1500,1372,1628,1500,1609,1500,2012,1500,1781,1643,1500,1520,1705,1500,988,8.2
2026-04-19,17:14:56.270,-82,-88,10,3742,17650,70,44,16,14828,46,79,3029,-445,715,507,1024,204,1024,0,-1,-1,-1,0x100048019C140605,1419,1769,1730,988,2012,1278,1857,1500,1500,1273,1193,1449,1500,1500,1500,1500,1500,1500,1372,1628,1500,1609,1500,2012,1500,1899,1769,1500,1520,1705,1500,988,8.2
2026-04-19,17:14:56.770,-74,-73,10,3738,6650,70,44,16,20334,46,79,3032,-202,650,508,1024,204,1024,0,-1,-1,-1,0x100048049C140245,1467,1734,1730,988,2012,1399,1825,1500,1500,1399,1193,1449,1500,1500,1500,1500,1500,1500,1372,1628,1500,1609,1500,2012,1500,1873,1734,1500,1520,1705,1500,988,8.2
2026-04-19,17:14:57.270,-74,-66,10,3738,9910,70,44,16,13520,46,79,3033,678,527,508,1024,204,1024,0,-1,-1,-1,0x100048049C140245,1632,1676,1730,988,2012,1839,1763,1500,1500,1839,1193,1449,1500,1500,1500,1500,1500,1500,1372,1628,1500,1609,1500,2012,1500,1820,1676,1500,1520,1705,1500,988,8.2
2026-04-19,17:14:57.770,-77,-71,10,3740,2380,70,44,16,9334,46,79,3034,1024,-257,508,1024,204,1024,0,-1,-1,-1,0x100048009E1C0205,1763,1343,1730,1258,2012,2012,1372,1282,1500,2012,1193,1449,1500,1500,1500,1500,1500,1282,1162,2012,1500,1609,1500,2012,1500,1321,1500,1500,1520,1705,1282,988,8.2
2026-04-19,17:14:58.270,-79,-85,10,3748,4970,70,44,16,5048,46,79,3034,1024,326,508,1024,204,1024,0,-1,-1,-1,0x100048009C140205,1763,1599,1730,988,2012,2012,1662,1500,1500,2012,1193,1449,1500,1500,1500,1500,1500,1500,1372,1628,1500,1609,1500,2012,1500,1719,1599,1500,1520,1705,1500,988,8.2
2026-04-19,17:14:58.770,-74,-69,10,3755,12990,70,44,16,8774,46,79,3035,664,452,508,1024,204,1024,0,-1,-1,-1,0x100048009C140205,1639,1647,1730,988,2012,1832,1726,1500,1500,1851,1193,1449,1500,1500,1500,1500,1500,1500,1372,1628,1500,1609,1500,2012,1500,1785,1647,1500,1520,1705,1500,988,8.2
2026-04-19,17:14:59.270,-67,-76,10,3747,28900,70,44,16,14768,46,80,3039,-391,603,508,1024,204,1024,0,-1,-1,-1,0x100048019C140205,1426,1710,1730,988,2012,1305,1801,1500,1500,1287,1193,1449,1500,1500,1500,1500,1500,1500,1372,1628,1500,1609,1500,2012,1500,1855,1710,1500,1520,1705,1500,988,8.2
2026-04-19,17:14:59.770,-70,-76,10,3720,72370,70,44,16,27742,46,80,3045,3,1024,507,1024,204,1024,0,-1,-1,-1,0x1000480198142605,1499,2012,1730,988,2012,1501,2012,1500,1500,1501,1193,1449,1500,1500,1500,1500,1500,1500,1372,1628,1500,1609,1500,2012,1500,2012,2012,1500,1520,1705,1500,988,8.2
2026-04-19,17:15:00.270,-69,-78,10,3705,7180,70,44,16,19290,46,80,3050,215,517,508,1024,204,1024,0,-1,-1,-1,0x100048049C140205,1533,1667,1730,988,2012,1607,1764,1500,1500,1607,1193,1449,1500,1500,1500,1500,1500,1500,1372,1628,1500,1609,1500,2012,1500,1816,1667,1500,1520,1705,1500,988,8.2
2026-04-19,17:15:00.770,-80,-81,10,3703,4020,70,44,16,16838,46,80,3051,663,212,508,1024,204,1024,0,-1,-1,-1,0x100048049C140245,1628,1554,1730,988,2012,1831,1606,1500,1500,1831,1193,1449,1500,1500,1500,1500,1500,1500,1372,1628,1500,1609,1500,2012,1500,1643,1554,1500,1520,1705,1500,988,8.2
2026-04-19,17:15:01.270,-67,-69,10,3709,1610,70,44,16,10778,46,80,3051,799,430,508,1024,205,1024,0,-1,-1,-1,0x100048009C140205,1667,1637,1730,988,2012,1899,1715,1500,1500,1899,1193,1449,1500,1500,1500,1500,1500,1500,1372,1628,1500,1609,1500,2012,1500,1774,1637,1500,1520,1705,1500,988,8.2
2026-04-19,17:15:01.770,-72,-82,10,3719,7840,70,44,16,11044,46,80,3052,836,355,508,1024,204,1024,0,-1,-1,-1,0x100048009C140205,1679,1610,1730,988,2012,1918,1677,1500,1500,1918,1193,1449,1500,1500,1500,1500,1500,1500,1372,1628,1500,1609,1500,2012,1500,1735,1610,1500,1520,1705,1500,988,8.2
2026-04-19,17:15:02.270,-76,-76,10,3745,25250,70,44,16,14328,46,80,3054,388,711,508,1024,204,1024,0,-1,-1,-1,0x100048019C140605,1564,1766,1730,988,2012,1689,1861,1500,1500,1694,1193,1449,1500,1500,1500,1500,1500,1500,1372,1628,1500,1609,1500,2012,1500,1898,1766,1500,1520,1705,1500,988,8.2
2026-04-19,17:15:02.770,-78,-74,10,3731,36570,70,44,16,22188,46,80,3059,483,971,508,1024,204,1024,0,-1,-1,-1,0x100048019C140205,1584,1945,1730,988,2012,1741,1985,1500,1500,1742,1193,1449,1500,1500,1500,1500,1500,1500,1372,1628,1500,1609,1500,2012,1500,1993,1945,1500,1520,1705,1500,988,8.2
2026-04-19,17:15:03.270,-80,-75,10,3703,53350,70,44,16,28428,46,80,3065,144,2,508,1024,204,1024,0,-1,-1,-1,0x100048049C140245,1524,1500,1730,988,2012,1572,1501,1500,1500,1579,1193,1449,1500,1500,1500,1500,1500,1500,1168,1832,1500,1609,1500,2012,1500,1804,1500,1500,1520,1705,1500,988,8.2
2026-04-19,17:15:03.770,-76,-72,10,3701,8510,70,44,16,19698,46,80,3068,-18,403,508,1024,204,1024,0,-1,-1,-1,0x1000480498140245,1497,1620,1730,988,2012,1491,1708,1500,1500,1491,1193,1449,1500,1500,1500,1500,1500,1500,1372,1628,1500,1609,1500,2012,1500,1760,1620,1500,1520,1705,1500,988,8.2
2026-04-19,17:15:04.270,-83,-71,10,3701,3740,70,44,16,16388,46,80,3068,120,323,508,1024,204,1024,0,-1,-1,-1,0x100048049C140205,1517,1610,1730,988,2012,1560,1653,1500,1500,1560,1193,1449,1500,1500,1500,1500,1500,1500,1372,1628,1500,1609,1500,2012,1500,1742,1610,1500,1520,1705,1500,988,8.2
2026-04-19,17:15:04.770,-71,-72,10,3707,2660,70,44,16,14180,46,80,3069,898,399,508,1024,204,1024,0,-1,-1,-1,0x100048049C140245,1708,1626,1730,988,2012,1949,1699,1500,1500,1955,1193,1449,1500,1500,1500,1500,1500,1500,1372,1628,1500,1609,1500,2012,1500,1758,1626,1500,1520,1705,1500,988,8.2
2026-04-19,17:15:05.270,-74,-79,10,3736,6410,70,44,16,11070,46,80,3070,-1024,226,508,1024,204,1024,0,-1,-1,-1,0x100048009C101A85,1204,1553,1730,988,2012,988,1613,1500,1500,988,1193,1449,1500,1500,1500,1500,1500,1500,1372,1628,1500,1609,1500,988,1500,1641,1553,1500,1520,1705,1500,988,8.2
2026-04-19,17:15:05.770,-66,-69,10,3751,8860,70,44,16,7032,46,80,3071,-708,691,508,1024,204,1024,0,-1,-1,-1,0x100048009C140205,1354,1750,1730,988,2012,1146,1845,1500,1500,1147,1193,1449,1500,1500,1500,1500,1500,1500,1372,1628,1500,1609,1500,2012,1500,1885,1750,1500,1520,1705,1500,988,8.2
2026-04-19,17:15:06.270,-62,-63,10,3741,26900,70,44,16,15198,46,80,3074,311,587,508,1024,204,1024,0,-1,-1,-1,0x100048009C140205,1546,1709,1730,988,2012,1660,1793,1500,1500,1647,1193,1449,1500,1500,1500,1500,1500,1500,1372,1628,1500,1609,1500,2012,1500,1853,1709,1500,1520,1705,1500,988,8.2
2026-04-19,17:15:06.770,-66,-66,10,3737,9140,70,44,16,9490,46,81,3076,1000,301,508,1024,204,1024,0,-1,-1,-1,0x100048009C141205,1756,1590,1730,988,2012,2000,1650,1500,1500,2006,1193,1449,1500,1500,1500,1500,1500,1500,1372,1628,1500,1609,1500,2012,1500,1705,1590,1500,1520,1705,1500,988,8.2
2026-04-19,17:15:07.270,-76,-67,10,3735,12540,70,44,16,9684,46,81,3077,353,464,508,1024,204,1024,0,-1,-1,-1,0x100048029C140205,1562,1646,1730,988,2012,1676,1732,1500,1500,1688,1193,1449,1500,1500,1500,1500,1500,1500,1372,1628,1500,1609,1500,2012,1500,1784,1646,1500,1520,1705,1500,988,8.2
2026-04-19,17:15:07.770,-75,-65,10,3730,18040,70,44,16,13584,46,81,3080,-338,320,508,1024,204,1024,0,-1,-1,-1,0x100048009C140205,1447,1598,1730,988,2012,1331,1660,1500,1500,1341,1193,1449,1500,1500,1500,1500,1500,1500,1372,1628,1500,1609,1500,2012,1500,1716,1598,1500,1520,1705,1500,988,8.2
2026-04-19,17:15:08.270,-75,-56,10,3729,20350,70,44,16,14608,46,81,3081,-716,785,507,1024,204,1024,0,-1,-1,-1,0x100048009C140205,1351,1828,1730,988,2012,1142,1892,1500,1500,1142,1193,1449,1500,1500,1500,1500,1500,1500,1372,1628,1500,1609,1500,2012,1500,1940,1828,1500,1520,1705,1500,988,8.2
2026-04-19,17:15:08.770,-63,-55,10,3731,13240,70,44,16,22100,46,81,3085,-706,178,508,1024,204,1024,0,-1,-1,-1,0x100048089C140205,1354,1545,1730,988,2012,1147,1597,1500,1500,1147,1193,1449,1500,1500,1500,1500,1500,1500,1372,1628,1500,1609,1500,2012,1500,1638,1545,1500,1520,1705,1500,988,8.2
2026-04-19,17:15:09.270,-63,-52,10,3733,1990,70,44,16,4740,46,81,3086,-1024,1,508,1024,205,1024,0,-1,-1,-1,0x100048009C140205,1204,1500,1730,988,2012,988,1500,1500,1500,988,1193,1449,1500,1500,1500,1500,1500,1500,1014,1986,1500,1609,1500,2012,1500,1500,1500,1500,1520,1705,1500,988,8.2
2026-04-19,17:15:09.770,-63,-52,10,3732,13900,70,44,16,8302,46,81,3087,-752,-278,508,1024,204,1024,0,-1,-1,-1,0x100048009E1C0205,1331,1333,1730,1274,2012,1135,1371,1269,1500,1113,1193,1449,1500,1500,1500,1500,1500,1269,988,2012,1500,1609,1500,2012,1500,1360,1500,1500,1520,1705,1269,988,8.2
2026-04-19,17:15:10.270,-55,-52,10,3737,3950,70,44,16,6106,46,81,3088,-1006,435,508,1024,204,1024,0,-1,-1,-1,0x100048009C140205,1216,1636,1730,988,2012,997,1717,1500,1500,998,1193,1449,1500,1500,1500,1500,1500,1500,1372,1628,1500,1609,1500,2012,1500,1772,1636,1500,1520,1705,1500,988,8.2
2026-04-19,17:15:10.770,-65,-59,10,3745,17970,70,44,16,9060,46,81,3090,-350,499,508,1024,204,1024,0,-1,-1,-1,0x100048009C140205,1449,1660,1730,988,2012,1325,1749,1500,1500,1349,1193,1449,1500,1500,1500,1500,1500,1500,1372,1628,1500,1609,1500,2012,1500,1807,1660,1500,1520,1705,1500,988,8.2
2026-04-19,17:15:11.270,-65,-56,10,3739,13590,70,44,16,12592,46,81,3092,1024,-332,508,1024,204,1024,0,-1,-1,-1,0x100048009E1C0205,1763,1303,1730,1314,2012,2012,1334,1227,1500,2012,1193,1449,1500,1500,1500,1500,1500,1227,988,2012,1500,1609,1500,2012,1500,1313,1500,1500,1520,1705,1237,988,8.2
2026-04-19,17:15:11.770,-47,-60,10,3738,6580,70,44,16,5620,46,81,3093,1024,267,508,1024,204,1024,0,-1,-1,-1,0x100048029C140205,1763,1578,1730,988,2012,2012,1633,1500,1500,2012,1193,1449,1500,1500,1500,1500,1500,1500,1372,1628,1500,1609,1500,2012,1500,1685,1578,1500,1520,1705,1500,988,8.2
2026-04-19,17:15:12.270,-57,-55,10,3742,16880,70,44,16,9036,46,81,3095,693,466,508,1024,204,1024,0,-1,-1,-1,0x100048029C140205,1633,1656,1730,988,2012,1846,1733,1500,1500,1840,1193,1449,1500,1500,1500,1500,1500,1500,1372,1628,1500,1609,1500,2012,1500,1792,1656,1500,1520,1705,1500,988,8.2
2026-04-19,17:15:12.770,-52,-58,10,3737,24340,70,44,16,13680,46,81,3097,-5,832,508,1024,204,1024,0,-1,-1,-1,0x1000480298140205,1499,1833,1730,988,2012,1498,1916,1500,1500,1498,1193,1449,1500,1500,1500,1500,1500,1500,1372,1628,1500,1609,1500,2012,1500,1944,1833,1500,1520,1705,1500,988,8.2
2026-04-19,17:15:13.270,-55,-58,10,3728,17580,70,44,16,20602,46,81,3102,3,824,508,1024,204,1024,0,-1,-1,-1,0x1000480898140205,1500,1679,1730,988,2012,1501,1912,1500,1500,1501,1193,1449,1500,1500,1500,1500,1500,1500,1372,1628,1500,1609,1500,2012,1500,1934,1679,1500,1520,1705,1500,988,8.2
2026-04-19,17:15:13.770,-55,-56,10,3732,4090,70,44,16,13150,46,81,3104,1024,361,508,1024,204,1024,0,-1,-1,-1,0x100048049C140245,1763,1612,1730,988,2012,2012,1680,1500,1500,2012,1193,1449,1500,1500,1500,1500,1500,1500,1372,1628,1500,1609,1500,2012,1500,1738,1612,1500,1520,1705,1500,988,8.2
2026-04-19,17:15:14.270,-62,-52,10,3732,24870,70,44,16,9526,46,81,3105,12,630,508,1024,204,1024,0,-1,-1,-1,0x1000480098140205,1500,1723,1730,988,2012,1506,1815,1500,1500,1506,1193,1449,1500,1500,1500,1500,1500,1500,1372,1628,1500,1609,1500,2012,1500,1865,1723,1500,1520,1705,1500,988,8.2
2026-04-19,17:15:14.770,-63,-59,10,3719,31840,70,44,16,16212,46,81,3109,-619,149,508,1024,204,1024,0,-1,-1,-1,0x100048009C140205,1383,1557,1730,988,2012,1186,1563,1500,1500,1196,1193,1449,1500,1500,1500,1500,1500,1500,1372,1628,1500,1609,1500,2012,1500,1725,1557,1500,1520,1705,1500,988,8.2
2026-04-19,17:15:15.270,-63,-52,10,3733,4340,70,44,16,8410,46,81,3111,-888,0,508,1024,204,1024,0,-1,-1,-1,0x100048009C140205,1293,1500,1730,988,2012,1056,1500,1500,1500,1066,1193,1449,1500,1500,1500,1500,1500,1500,1117,1883,1500,1609,1500,2012,1500,1517,1500,1500,1520,1705,1500,988,8.2
2026-04-19,17:15:15.770,-63,-56,10,3736,10220,70,44,16,8484,47,81,3112,-1024,333,508,1024,204,1024,0,-1,-1,-1,0x100048009C140205,1204,1593,1730,988,2012,988,1666,1500,1500,988,1193,1449,1500,1500,1500,1500,1500,1500,1372,1628,1500,1609,1500,2012,1500,1710,1593,1500,1520,1705,1500,988,8.2
2026-04-19,17:15:16.270,-62,-58,10,3730,17340,70,44,16,11710,47,81,3113,-773,371,508,1024,204,1024,0,-1,-1,-1,0x100048009C140205,1326,1616,1730,988,2012,1114,1685,1500,1500,1108,1193,1449,1500,1500,1500,1500,1500,1500,1372,1628,1500,1609,1500,2012,1500,1744,1616,1500,1520,1705,1500,988,8.2
2026-04-19,17:15:16.770,-62,-64,10,3725,43370,70,44,16,24932,47,82,3117,560,582,508,1024,204,1024,0,-1,-1,-1,0x100048009C140205,1597,1698,1730,988,2012,1787,1791,1500,1500,1771,1193,1449,1500,1500,1500,1500,1500,1500,1372,1628,1500,1609,1500,2012,1500,1844,1698,1500,1520,1705,1500,988,8.2
2026-04-19,17:15:17.270,-64,-65,10,3733,7740,70,44,16,9990,47,82,3119,1024,222,508,1024,204,1024,0,-1,-1,-1,0x100048009C140205,1763,1559,1730,988,2012,2012,1611,1500,1500,2012,1193,1449,1500,1500,1500,1500,1500,1500,1372,1628,1500,1609,1500,2012,1500,1648,1559,1500,1520,1705,1500,988,8.2
2026-04-19,17:15:17.770,-64,-67,10,3731,5920,70,44,16,6614,47,82,3120,1024,94,508,1024,204,1024,0,-1,-1,-1,0x100048009C140205,1763,1525,1725,988,2012,2012,1547,1500,1500,2012,1193,1449,1500,1500,1500,1500,1500,1500,1372,1628,1500,1609,1500,2012,1500,1562,1525,1500,1520,1705,1500,988,8.2
2026-04-19,17:15:18.270,-63,-71,10,3729,39580,70,44,16,12846,47,82,3122,1024,545,508,1024,204,1024,0,-1,-1,-1,0x100048089C140205,1763,1702,1730,988,2012,2012,1761,1500,1500,2012,1193,1449,1500,1500,1500,1500,1500,1500,1372,1628,1500,1609,1500,2012,1500,1896,1702,1500,1520,1705,1500,988,8.2
2026-04-19,17:15:18.770,-86,-69,10,3717,67470,70,44,16,23230,47,82,3127,-697,4,508,1024,204,1024,0,-1,-1,-1,0x100048089C140205,1350,1501,1730,988,2012,1152,1502,1500,1500,1142,1193,1449,1500,1500,1500,1500,1500,1500,1168,1832,1500,1609,1500,2012,1500,1807,1501,1500,1520,1705,1500,988,8.2
2026-04-19,17:15:19.270,-86,-64,10,3722,7000,70,44,16,10676,47,82,3130,-117,17,508,1024,204,1024,0,-1,-1,-1,0x100048089C140205,1478,1506,1730,988,2012,1442,1508,1500,1500,1432,1193,1449,1500,1500,1500,1500,1500,1500,988,2012,1500,1609,1500,2012,1500,1513,1506,1500,1520,1705,1500,988,8.2
2026-04-19,17:15:19.770,-86,-60,10,3723,2310,70,44,16,5910,47,82,3130,944,324,508,1024,205,1024,0,-1,-1,-1,0x100048089C140205,1723,1591,1730,988,2012,1972,1670,1500,1500,1972,1193,1449,1500,1500,1500,1500,1500,1500,1372,1628,1500,1609,1500,2012,1500,1717,1591,1500,1520,1705,1500,988,8.2
2026-04-19,17:15:20.270,-72,-82,10,3721,15830,70,44,16,9478,47,82,3131,35,85,508,1024,204,1024,0,-1,-1,-1,0x1000480898140205,1504,1525,1725,988,2012,1517,1542,1500,1500,1517,1193,1449,1500,1500,1500,1500,1500,1500,1372,1628,1500,1609,1500,2012,1500,1564,1525,1500,1520,1705,1500,988,8.2
2026-04-19,17:15:20.770,-70,-74,10,3728,10540,70,44,16,13464,47,82,3133,5,118,508,1024,204,1024,0,-1,-1,-1,0x1000480A98140205,1500,1542,1730,988,2012,1503,1550,1500,1500,1502,1193,1449,1500,1500,1500,1500,1500,1500,1372,1628,1500,1609,1500,2012,1500,1709,1542,1500,1520,1705,1500,988,8.2
2026-04-19,17:15:21.270,-67,-71,10,3742,6580,70,44,16,9284,47,82,3134,-326,3,508,1024,204,1024,0,-1,-1,-1,0x1000480A9C140205,1447,1501,1730,988,2012,1337,1501,1500,1500,1343,1193,1449,1500,1500,1500,1500,1500,1500,1168,1832,1500,1609,1500,2012,1500,1530,1501,1500,1520,1705,1500,988,8.2
2026-04-19,17:15:21.770,-65,-71,10,3746,1010,70,44,16,8480,47,82,3135,-90,110,508,1024,204,1024,0,-1,-1,-1,0x1000480A9C140205,1487,1537,1730,988,2012,1455,1555,1500,1500,1461,1193,1449,1500,1500,1500,1500,1500,1500,1372,1628,1500,1609,1500,2012,1500,1582,1537,1500,1520,1705,1500,988,8.2
2026-04-19,17:15:22.270,-67,-56,10,3748,380,70,44,16,6476,47,82,3135,230,65,508,1024,204,1024,0,-1,-1,-1,0x1000480A9C140205,1536,1524,1730,988,2012,1615,1532,1500,1500,1615,1193,1449,1500,1500,1500,1500,1500,1500,1372,1628,1500,1609,1500,2012,1500,1550,1524,1500,1520,1705,1500,988,8.2
2026-04-19,17:15:22.770,-67,-54,10,3751,1820,70,44,16,3582,47,82,3135,-189,209,508,1024,204,1024,0,-1,-1,-1,0x1000480A9C140205,1469,1560,1730,988,2012,1406,1598,1500,1500,1406,1193,1449,1500,1500,1500,1500,1500,1500,1372,1628,1500,1609,1500,2012,1500,1650,1560,1500,1520,1705,1500,988,8.2
2026-04-19,17:15:23.270,-58,-59,10,3758,1330,70,44,16,3182,47,82,3135,46,139,508,1024,204,1024,0,-1,-1,-1,0x1000480A98140205,1506,1544,1730,988,2012,1523,1569,1500,1500,1523,1193,1449,1500,1500,1500,1500,1500,1500,1372,1628,1500,1609,1500,2012,1500,1603,1544,1500,1520,1705,1500,988,8.2
2026-04-19,17:15:23.770,-57,-48,10,3763,1010,70,44,16,1884,47,82,3135,-388,276,508,1024,204,1024,0,-1,-1,-1,0x1000480A9C140205,1433,1580,1730,988,2012,1306,1638,1500,1500,1306,1193,1449,1500,1500,1500,1500,1500,1500,1372,1628,1500,1609,1500,2012,1500,1690,1580,1500,1520,1705,1500,988,8.2
2026-04-19,17:15:24.270,-57,-41,10,3763,2480,70,44,16,2124,47,82,3136,-64,287,508,1024,204,1024,0,-1,-1,-1,0x1000480A9C140205,1492,1585,1730,988,2012,1468,1643,1500,1500,1474,1193,1449,1500,1500,1500,1500,1500,1500,1372,1628,1500,1609,1500,2012,1500,1697,1585,1500,1520,1705,1500,988,8.2
2026-04-19,17:15:24.770,-44,-52,10,3764,1330,70,44,16,1850,46,82,3136,-367,204,508,1024,204,1024,0,-1,-1,-1,0x1000480A9C140205,1435,1562,1730,988,2012,1317,1602,1500,1500,1310,1193,1449,1500,1500,1500,1500,1500,1500,1372,1628,1500,1609,1500,2012,1500,1655,1562,1500,1520,1705,1500,988,8.2
2026-04-19,17:15:25.270,-44,-56,10,3765,310,70,44,16,924,46,82,3137,101,156,508,1024,204,1024,0,-1,-1,-1,0x1000480A9C140205,1515,1547,1730,988,2012,1550,1578,1500,1500,1550,1193,1449,1500,1500,1500,1500,1500,1500,1372,1628,1500,1609,1500,2012,1500,1614,1547,1500,1520,1705,1500,988,8.2
2026-04-19,17:15:25.770,-49,-48,10,3768,450,68,44,16,1258,46,82,3137,18,-651,508,1024,204,1024,0,-1,-1,-1,0x1000480A9A180205,1502,1258,1730,1362,2012,1509,1175,1164,1500,1509,1193,1449,1500,1500,1500,1500,1500,1164,1018,2012,1500,1609,1500,988,1500,1280,1500,1500,1520,1705,1105,988,8.2
2026-04-19,17:15:26.270,-49,-49,10,3769,0,68,44,16,364,46,82,3137,-1,2,508,1024,204,1024,0,-1,-1,-1,0x1000480A98140205,1499,1500,1730,988,2012,1500,1501,1500,1500,1500,1193,1449,1500,1500,1500,1500,1500,1500,1372,2012,1500,1609,1500,2012,1500,1501,1500,1500,1520,1705,1500,988,8.2
2026-04-19,17:15:26.770,-52,-47,10,3769,0,68,44,16,0,46,82,3137,-1,0,508,1024,204,1024,0,-1,-1,-1,0x1000480A98140205,1499,1500,1730,988,2012,1500,1500,1500,1500,1500,1193,1449,1500,1500,1500,1500,1500,1500,1372,2012,1500,1609,1500,2012,1500,1500,1500,1500,1520,1705,1500,988,8.2
2026-04-19,17:15:27.270,-52,-54,10,3770,0,68,44,16,0,46,82,3137,-1,0,508,1024,204,1024,0,-1,-1,-1,0x1000480A98140205,1499,1500,1730,988,2012,1500,1500,1500,1500,1500,1193,1449,1500,1500,1500,1500,1500,1500,1500,2012,1500,1609,1500,2012,1500,1500,1500,1500,1520,1705,1500,988,8.2
2026-04-19,17:15:27.770,-49,-53,10,3768,0,68,44,16,0,46,82,3137,-1,1,508,1024,204,1024,0,-1,-1,-1,0x1000480A98140205,1499,1500,1730,988,2012,1500,1500,1500,1500,1500,1193,1449,1500,1500,1500,1500,1500,1500,1500,2012,1500,1609,1500,2012,1500,1500,1500,1500,1520,1705,1500,988,8.2
2026-04-19,17:15:28.270,-49,-49,10,3766,0,68,44,16,0,46,82,3137,-2,1,508,1024,204,1024,0,-1,-1,-1,0x1000480A98140205,1499,1500,1730,988,2012,1499,1500,1500,1500,1499,1193,1449,1500,1500,1500,1500,1500,1500,1500,2012,1500,1609,1500,2012,1500,1501,1500,1500,1520,1705,1500,988,8.2
2026-04-19,17:15:28.770,-45,-50,10,3766,0,68,44,16,0,46,82,3137,-1,1,508,1024,204,1024,0,-1,-1,-1,0x1000480A98140205,1499,1500,1647,988,2012,1500,1500,1500,1500,1500,1193,1449,1500,1500,1500,1500,1500,1500,1500,2012,1500,1609,1500,2012,1500,1501,1500,1500,1520,1705,1500,988,8.2
2026-04-19,17:15:29.270,-51,-55,10,3766,0,68,44,16,0,46,82,3137,-1,1,508,1024,204,1024,0,-1,-1,-1,0x1000480A98140204,1499,1500,1500,988,2012,1500,1500,1500,1500,1499,1193,1449,1500,1500,1500,1500,1500,1500,1500,2012,1500,1609,1500,2012,1500,1501,1500,1500,1520,1705,1500,988,8.2
2026-04-19,17:15:29.770,-52,-59,10,3766,0,68,44,16,0,46,82,3137,-2,1,508,1024,204,1024,0,-1,-1,-1,0x1000480A98140204,1499,1500,1500,988,2012,1499,1500,1500,1500,1499,1193,1449,1500,1500,1500,1500,1500,1500,1500,2012,1500,1609,1500,2012,1500,1501,1500,1500,1520,1705,1500,988,8.2
2026-04-19,17:15:30.270,-56,-54,10,3766,0,68,44,16,0,46,82,3137,-3,2,508,1024,204,1024,0,-1,-1,-1,0x1000480A98140204,1499,1500,1500,988,2012,1499,1501,1500,1500,1499,1193,1449,1500,1500,1500,1500,1500,1500,1500,2012,1500,1609,1500,2012,1500,1501,1500,1500,1520,1705,1500,988,8.2
2026-04-19,17:15:30.770,-56,-52,50,3766,0,68,44,16,0,46,82,3137,-2,1,508,1024,204,1024,0,-1,-1,-1,0x1000480A98140204,1499,1500,1500,988,2012,1499,1500,1500,1500,1499,1193,1449,1500,1500,1500,1500,1500,1500,1500,2012,1500,1609,1500,2012,1500,1501,1500,1500,1520,1705,1500,988,8.2
2026-04-19,17:15:31.270,-51,-53,10,3766,0,68,44,16,0,45,82,3137,-2,2,508,1024,204,1024,0,-1,-1,-1,0x1000480A98140204,1499,1500,1500,988,2012,1499,1501,1500,1500,1499,1193,1449,1500,1500,1500,1500,1500,1500,1500,2012,1500,1609,1500,2012,1500,1501,1500,1500,1520,1705,1500,988,8.2
2026-04-19,17:15:31.770,-51,-56,10,3766,0,68,44,16,0,45,82,3137,-2,1,508,1024,204,1024,0,-1,-1,-1,0x1000480A98140204,1499,1500,1500,988,2012,1499,1500,1500,1500,1499,1193,1449,1500,1500,1500,1500,1500,1500,1500,2012,1500,1609,1500,2012,1500,1501,1500,1500,1520,1705,1500,988,8.2
2026-04-19,17:15:32.270,-55,-62,10,3766,0,66,44,16,0,45,82,3137,-3,1,508,1024,203,1024,0,-1,-1,-1,0x1000480A98140204,1499,1500,1500,988,2012,1499,1500,1500,1500,1499,1193,1449,1500,1500,1500,1500,1500,1500,1500,2012,1500,1609,1500,2012,1500,1501,1500,1500,1520,1705,1500,988,8.2
2026-04-19,17:15:32.770,-50,-55,10,3766,0,66,44,16,0,45,82,3137,-2,1,508,1024,204,1024,0,-1,-1,-1,0x1000480A98140204,1499,1500,1500,988,2012,1499,1500,1500,1500,1499,1193,1449,1500,1500,1500,1500,1500,1500,1500,2012,1500,1609,1500,2012,1500,1501,1500,1500,1520,1705,1500,988,8.2
2026-04-19,17:15:33.270,-57,-63,25,3766,0,66,44,16,0,45,82,3137,-2,2,508,1024,204,1024,0,-1,-1,-1,0x1000480A98140204,1499,1500,1500,988,2012,1499,1501,1500,1500,1499,1193,1449,1500,1500,1500,1500,1500,1500,1500,2012,1500,1609,1500,2012,1500,1501,1500,1500,1520,1705,1500,988,8.2
2026-04-19,17:15:33.770,-56,-87,10,3766,0,66,44,16,0,45,82,3137,-2,1,508,1024,204,1024,0,-1,-1,-1,0x1000480A98140204,1499,1500,1500,988,2012,1499,1500,1500,1500,1499,1193,1449,1500,1500,1500,1500,1500,1500,1500,2012,1500,1609,1500,2012,1500,1501,1500,1500,1520,1705,1500,988,8.2
2026-04-19,17:15:34.270,-48,-87,10,3766,0,66,44,16,0,45,82,3137,-1,2,508,1024,204,1024,0,-1,-1,-1,0x1000480A98140204,1499,1500,1500,988,2012,1500,1501,1500,1500,1499,1193,1449,1500,1500,1500,1500,1500,1500,1500,2012,1500,1609,1500,2012,1500,1501,1500,1500,1520,1705,1500,988,8.2
2026-04-19,17:15:34.770,-50,-59,10,3766,0,66,44,16,0,45,82,3137,-1,1,508,1024,204,1024,0,-1,-1,-1,0x1000480A98140204,1499,1500,1500,988,2012,1500,1500,1500,1500,1500,1193,1449,1500,1500,1500,1500,1500,1500,1500,2012,1500,1609,1500,2012,1500,1501,1500,1500,1520,1705,1500,988,8.2
2026-04-19,17:15:35.270,-51,-65,10,3766,0,66,44,16,0,44,82,3137,-1,1,508,1024,204,1024,0,-1,-1,-1,0x1000480A98140204,1499,1500,1500,988,2012,1500,1500,1500,1500,1500,1193,1449,1500,1500,1500,1500,1500,1500,1500,2012,1500,1609,1500,2012,1500,1501,1500,1500,1520,1705,1500,988,8.2
2026-04-19,17:15:35.770,-53,-65,10,3766,0,66,44,16,0,44,82,3137,-2,1,508,1024,204,1024,0,-1,-1,-1,0x1000480A98140204,1499,1500,1500,988,2012,1499,1500,1500,1500,1499,1193,1449,1500,1500,1500,1500,1500,1500,1500,2012,1500,1609,1500,2012,1500,1501,1500,1500,1520,1705,1500,988,8.2
2026-04-19,17:15:36.270,-58,-55,10,3766,0,66,44,16,0,44,82,3137,-1,0,508,1024,204,1024,0,-1,-1,-1,0x1000480A98140204,1499,1500,1500,988,2012,1500,1500,1500,1500,1500,1193,1449,1500,1500,1500,1500,1500,1500,1500,2012,1500,1609,1500,2012,1500,1501,1500,1500,1520,1705,1500,988,8.2
2026-04-19,17:15:36.770,-68,-59,10,3766,0,66,44,16,0,44,82,3137,-2,0,508,1024,204,1024,0,-1,-1,-1,0x1000480A98140204,1499,1500,1500,988,2012,1499,1500,1500,1500,1500,1193,1449,1500,1500,1500,1500,1500,1500,1500,2012,1500,1609,1500,2012,1500,1500,1500,1500,1520,1705,1500,988,8.2
2026-04-19,17:15:37.270,-68,-56,10,3766,0,66,44,16,0,44,82,3137,-1,0,508,1024,204,1024,0,-1,-1,-1,0x1000480A98140204,1499,1500,1500,988,2012,1500,1500,1500,1500,1500,1193,1449,1500,1500,1500,1500,1500,1500,1500,2012,1500,1609,1500,2012,1500,1501,1500,1500,1520,1705,1500,988,8.2
2026-04-19,17:15:37.770,-42,-57,10,3766,0,66,44,16,0,44,82,3137,-1,1,508,1024,204,1024,0,-1,-1,-1,0x1000480A98140204,1499,1500,1500,988,2012,1500,1500,1500,1500,1500,1193,1449,1500,1500,1500,1500,1500,1500,1500,2012,1500,1609,1500,2012,1500,1501,1500,1500,1520,1705,1500,988,8.2
2026-04-19,17:15:38.270,-40,-57,10,3766,0,66,44,16,0,44,82,3137,-1,0,508,1024,204,1024,0,-1,-1,-1,0x1000480A98140204,1499,1500,1500,988,2012,1500,1500,1500,1500,1500,1193,1449,1500,1500,1500,1500,1500,1500,1500,2012,1500,1609,1500,2012,1500,1500,1500,1500,1520,1705,1500,988,8.2
2026-04-19,17:15:38.770,-58,-48,10,3766,0,66,44,16,0,44,82,3137,-2,1,508,1024,204,1024,0,-1,-1,-1,0x1000480A98140204,1499,1500,1500,988,2012,1499,1500,1500,1500,1499,1193,1449,1500,1500,1500,1500,1500,1500,1500,2012,1500,1609,1500,2012,1500,1501,1500,1500,1520,1705,1500,988,8.2
2026-04-19,17:15:39.270,-48,-53,10,3766,0,66,44,16,0,44,82,3137,-1,0,508,1024,204,1024,0,-1,-1,-1,0x1000480A98140204,1499,1500,1500,988,2012,1500,1500,1500,1500,1500,1193,1449,1500,1500,1500,1500,1500,1500,1500,2012,1500,1609,1500,2012,1500,1500,1500,1500,1520,1705,1500,988,8.2
2026-04-19,17:15:39.770,-51,-69,10,3766,0,66,44,16,0,44,82,3137,-1,1,508,1024,204,1024,0,-1,-1,-1,0x1000480A98140204,1499,1500,1500,988,2012,1500,1500,1500,1500,1500,1193,1449,1500,1500,1500,1500,1500,1500,1500,2012,1500,1609,1500,2012,1500,1501,1500,1500,1520,1705,1500,988,8.2
2026-04-19,17:15:40.270,-47,-69,10,3767,0,66,44,16,0,44,82,3137,-1,1,508,1024,204,1024,0,-1,-1,-1,0x1000480A98140204,1499,1500,1500,988,2012,1500,1500,1500,1500,1500,1193,1449,1500,1500,1500,1500,1500,1500,1500,2012,1500,1609,1500,2012,1500,1500,1500,1500,1520,1705,1500,988,8.2
2026-04-19,17:15:40.770,-45,-51,10,3767,0,66,44,16,0,44,82,3137,-1,0,508,1024,204,1024,0,-1,-1,-1,0x1000480A98140204,1499,1500,1500,988,2012,1500,1500,1500,1500,1500,1193,1449,1500,1500,1500,1500,1500,1500,1500,2012,1500,1609,1500,2012,1500,1500,1500,1500,1520,1705,1500,988,8.2
2026-04-19,17:15:41.270,-53,-62,10,3769,0,66,44,16,0,44,82,3137,-1,0,508,1024,204,1024,0,-1,-1,-1,0x1000480A98140204,1499,1500,1500,988,2012,1500,1500,1500,1500,1500,1193,1449,1500,1500,1500,1500,1500,1500,1500,2012,1500,1609,1500,2012,1500,1501,1500,1500,1520,1705,1500,988,8.2
2026-04-19,17:15:41.770,-58,-60,10,3770,0,66,44,16,0,44,82,3137,-2,1,508,1024,204,1024,0,-1,-1,-1,0x1000480A98140204,1499,1500,1500,988,2012,1499,1500,1500,1500,1500,1193,1449,1500,1500,1500,1500,1500,1500,1500,2012,1500,1609,1500,2012,1500,1501,1500,1500,1520,1705,1500,988,8.2
2026-04-19,17:15:42.270,-53,-61,10,3773,0,66,44,16,0,44,82,3137,-1,1,508,1024,204,1024,0,-1,-1,-1,0x1000480A98140204,1499,1500,1500,988,2012,1500,1500,1500,1500,1500,1193,1449,1500,1500,1500,1500,1500,1500,1500,2012,1500,1609,1500,2012,1500,1501,1500,1500,1520,1705,1500,988,8.2
2026-04-19,17:15:42.770,-53,-56,10,3776,0,65,44,16,0,44,82,3137,-1,1,508,1024,204,1024,0,-1,-1,-1,0x1000480A98140204,1499,1500,1500,988,2012,1500,1500,1500,1500,1500,1193,1449,1500,1500,1500,1500,1500,1500,1500,2012,1500,1609,1500,2012,1500,1501,1500,1500,1520,1705,1500,988,8.2
2026-04-19,17:15:43.270,-53,-56,10,3779,0,65,44,16,0,44,82,3137,-1,2,508,1024,204,1024,0,-1,-1,-1,0x1000480A98140204,1499,1500,1500,988,2012,1500,1501,1500,1500,1500,1193,1449,1500,1500,1500,1500,1500,1500,1500,2012,1500,1609,1500,2012,1500,1501,1500,1500,1520,1705,1500,988,8.2
2026-04-19,17:15:43.770,-51,-56,10,3781,0,65,44,16,0,44,82,3137,-2,1,508,1024,204,1024,0,-1,-1,-1,0x1000480A98140204,1499,1500,1500,988,2012,1499,1500,1500,1500,1499,1193,1449,1500,1500,1500,1500,1500,1500,1500,2012,1500,1609,1500,2012,1500,1501,1500,1500,1520,1705,1500,988,8.2
2026-04-19,17:15:44.270,-49,-56,10,3782,0,65,44,16,0,44,82,3137,-1,1,508,1024,204,1024,0,-1,-1,-1,0x1000480A98140204,1499,1500,1500,988,2012,1500,1500,1500,1500,1500,1193,1449,1500,1500,1500,1500,1500,1500,1500,2012,1500,1609,1500,2012,1500,1501,1500,1500,1520,1705,1500,988,8.2
2026-04-19,17:15:44.770,-49,-59,10,3782,0,65,44,16,0,44,82,3137,-1,1,508,1024,204,1024,0,-1,-1,-1,0x1000480A98140204,1499,1500,1500,988,2012,1500,1500,1500,1500,1499,1193,1449,1500,1500,1500,1500,1500,1500,1500,2012,1500,1609,1500,2012,1500,1501,1500,1500,1520,1705,1500,988,8.2
2026-04-19,17:15:45.270,-44,-52,10,3782,0,65,44,16,0,44,82,3137,-2,1,508,1024,205,1024,0,-1,-1,-1,0x1000480A98140204,1499,1500,1500,988,2012,1499,1500,1500,1500,1499,1193,1449,1500,1500,1500,1500,1500,1500,1500,2012,1500,1609,1500,2012,1500,1501,1500,1500,1520,1705,1500,988,8.2
2026-04-19,17:15:45.770,-42,-52,10,3782,0,65,44,16,0,43,82,3137,-1,1,508,1024,204,1024,0,-1,-1,-1,0x1000480A98140204,1499,1500,1500,988,2012,1500,1500,1500,1500,1499,1193,1449,1500,1500,1500,1500,1500,1500,1500,2012,1500,1609,1500,2012,1500,1501,1500,1500,1520,1705,1500,988,8.2
2026-04-19,17:15:46.270,-37,-52,10,3782,0,65,44,16,0,43,82,3137,-1,1,508,1024,204,1024,0,-1,-1,-1,0x1000480A98140204,1499,1500,1500,988,2012,1500,1500,1500,1500,1500,1193,1449,1500,1500,1500,1500,1500,1500,1500,2012,1500,1609,1500,2012,1500,1501,1500,1500,1520,1705,1500,988,8.2
2026-04-19,17:15:46.770,-38,-52,10,3782,0,65,44,16,0,43,82,3137,-2,1,508,1024,204,1024,0,-1,-1,-1,0x1000480A98140204,1499,1500,1500,988,2012,1499,1500,1500,1500,1499,1193,1449,1500,1500,1500,1500,1500,1500,1500,2012,1500,1609,1500,2012,1500,1501,1500,1500,1520,1705,1500,988,8.2
2026-04-19,17:15:47.270,-34,-46,10,3783,0,65,44,16,0,43,82,3137,-2,1,508,1024,204,1024,0,-1,-1,-1,0x1000480A98140204,1499,1500,1500,988,2012,1499,1500,1500,1500,1499,1193,1449,1500,1500,1500,1500,1500,1500,1500,2012,1500,1609,1500,2012,1500,1501,1500,1500,1520,1705,1500,988,8.2
2026-04-19,17:15:47.770,-32,-46,10,3782,0,65,44,16,0,43,82,3137,-2,1,508,1024,204,1024,0,-1,-1,-1,0x1000480A98140204,1499,1500,1500,988,2012,1499,1500,1500,1500,1499,1193,1449,1500,1500,1500,1500,1500,1500,1500,2012,1500,1609,1500,2012,1500,1501,1500,1500,1520,1705,1500,988,8.2
2026-04-19,17:15:48.270,-45,-45,10,3782,0,65,44,16,0,43,82,3137,-3,2,508,1024,204,1024,0,-1,-1,-1,0x1000480A98140204,1499,1500,1500,988,2012,1499,1501,1500,1500,1499,1193,1449,1500,1500,1500,1500,1500,1500,1500,2012,1500,1609,1500,2012,1500,1501,1500,1500,1520,1705,1500,988,8.2
2026-04-19,17:15:48.770,-42,-45,10,3782,0,65,44,16,0,43,82,3137,-1,2,508,1024,204,1024,0,-1,-1,-1,0x1000480A98140204,1499,1500,1500,988,2012,1500,1501,1500,1500,1500,1193,1449,1500,1500,1500,1500,1500,1500,1500,2012,1500,1609,1500,2012,1500,1501,1500,1500,1520,1705,1500,988,8.2
2026-04-19,17:15:49.270,-43,-45,10,3782,0,65,44,16,0,43,82,3137,-1,2,508,1024,204,1024,0,-1,-1,-1,0x1000480A98140204,1499,1500,1500,988,2012,1500,1500,1500,1500,1500,1193,1449,1500,1500,1500,1500,1500,1500,1500,2012,1500,1609,1500,2012,1500,1501,1500,1500,1520,1705,1500,988,8.2
2026-04-19,17:15:49.770,-32,-56,10,3782,0,65,44,16,0,43,82,3137,-1,2,508,1024,204,1024,0,-1,-1,-1,0x1000480A98140204,1499,1500,1500,988,2012,1500,1501,1500,1500,1500,1193,1449,1500,1500,1500,1500,1500,1500,1500,2012,1500,1609,1500,2012,1500,1501,1500,1500,1520,1705,1500,988,8.2
2026-04-19,17:15:50.270,-31,-56,10,3782,0,65,44,16,0,43,82,3137,0,2,508,1024,204,1024,0,-1,-1,-1,0x1000480A98140204,1499,1500,1500,988,2012,1500,1501,1500,1500,1500,1193,1449,1500,1500,1500,1500,1500,1500,1500,2012,1500,1609,1500,2012,1500,1501,1500,1500,1520,1705,1500,988,8.2
2026-04-19,17:15:50.770,-32,-31,10,3783,0,65,44,16,0,43,82,3137,-1,2,508,1024,204,1024,0,-1,-1,-1,0x1000480A98140204,1499,1500,1500,988,2012,1500,1501,1500,1500,1500,1193,1449,1500,1500,1500,1500,1500,1500,1500,2012,1500,1609,1500,2012,1500,1501,1500,1500,1520,1705,1500,988,8.2
2026-04-19,17:15:51.270,-34,-30,10,3783,0,65,44,16,0,43,82,3137,-1,1,508,1024,204,1024,0,-1,-1,-1,0x1000480A98140204,1499,1500,1500,988,2012,1500,1500,1500,1500,1500,1193,1449,1500,1500,1500,1500,1500,1500,1500,2012,1500,1609,1500,2012,1500,1501,1500,1500,1520,1705,1500,988,8.2
2026-04-19,17:15:51.770,-34,-31,10,3783,0,65,44,16,0,43,82,3137,-1,1,508,1024,204,1024,0,-1,-1,-1,0x1000480A98140204,1499,1500,1500,988,2012,1500,1501,1500,1500,1500,1193,1449,1500,1500,1500,1500,1500,1500,1500,2012,1500,1609,1500,2012,1500,1501,1500,1500,1520,1705,1500,988,8.2
2026-04-19,17:15:52.270,-28,-35,10,3783,0,65,44,16,0,43,82,3137,-1,2,508,1024,204,1024,0,-1,-1,-1,0x1000480A98140204,1499,1500,1500,988,2012,1500,1501,1500,1500,1500,1193,1449,1500,1500,1500,1500,1500,1500,1500,2012,1500,1609,1500,2012,1500,1501,1500,1500,1520,1705,1500,988,8.2
2026-04-19,17:15:52.770,-29,-35,10,3783,0,65,44,16,0,43,82,3137,-1,2,508,1024,204,1024,0,-1,-1,-1,0x1000480A98140204,1499,1500,1500,988,2012,1500,1501,1500,1500,1500,1193,1449,1500,1500,1500,1500,1500,1500,1500,2012,1500,1609,1500,2012,1500,1501,1500,1500,1520,1705,1500,988,8.2
2026-04-19,17:15:53.270,-28,-35,10,3783,0,65,44,16,0,43,82,3137,-1,1,508,1024,204,1024,0,-1,-1,-1,0x1000480A98140204,1499,1500,1500,988,2012,1500,1500,1500,1500,1500,1193,1449,1500,1500,1500,1500,1500,1500,1500,2012,1500,1609,1500,2012,1500,1501,1500,1500,1520,1705,1500,988,8.2
2026-04-19,17:15:53.770,-27,-35,10,3783,0,65,44,16,0,43,82,3137,-1,2,508,1024,204,1024,0,-1,-1,-1,0x1000480A98140204,1499,1500,1500,988,2012,1500,1501,1500,1500,1500,1193,1449,1500,1500,1500,1500,1500,1500,1500,2012,1500,1609,1500,2012,1500,1501,1500,1500,1520,1705,1500,988,8.2
2026-04-19,17:15:54.270,-29,-35,10,3783,0,65,44,16,0,43,82,3137,-1,2,508,1024,204,1024,0,-1,-1,-1,0x1000480A98140204,1499,1500,1500,988,2012,1500,1501,1500,1500,1500,1193,1449,1500,1500,1500,1500,1500,1500,1500,2012,1500,1609,1500,2012,1500,1501,1500,1500,1520,1705,1500,988,8.2
2026-04-19,17:15:54.770,-28,-35,10,3783,0,65,44,16,0,43,82,3137,-1,1,508,1024,204,1024,0,-1,-1,-1,0x1000480A98140204,1499,1500,1500,988,2012,1500,1501,1500,1500,1500,1193,1449,1500,1500,1500,1500,1500,1500,1500,2012,1500,1609,1500,2012,1500,1501,1500,1500,1520,1705,1500,988,8.2
2026-04-19,17:15:55.270,-29,-26,10,3783,0,65,44,16,0,43,82,3137,-1,2,508,1024,204,1024,0,-1,-1,-1,0x1000480A98140204,1499,1500,1500,988,2012,1500,1501,1500,1500,1500,1193,1449,1500,1500,1500,1500,1500,1500,1500,2012,1500,1609,1500,2012,1500,1501,1500,1500,1520,1705,1500,988,8.2
2026-04-19,17:15:55.770,-29,-27,10,3783,0,65,44,16,0,43,82,3137,-1,2,508,1024,204,1024,0,-1,-1,-1,0x1000480A98140204,1499,1500,1500,988,2012,1500,1501,1500,1500,1500,1193,1449,1500,1500,1500,1500,1500,1500,1500,2012,1500,1609,1500,2012,1500,1501,1500,1500,1520,1705,1500,988,8.2
2026-04-19,17:15:56.270,-29,-27,10,3783,0,65,44,16,0,43,82,3137,-1,2,508,1024,204,1024,0,-1,-1,-1,0x1000480A98140204,1499,1500,1500,988,2012,1500,1501,1500,1500,1500,1193,1449,1500,1500,1500,1500,1500,1500,1500,2012,1500,1609,1500,2012,1500,1501,1500,1500,1520,1705,1500,988,8.2
2026-04-19,17:15:56.770,-29,-28,10,3783,0,65,44,16,0,43,82,3137,-1,1,508,1024,204,1024,0,-1,-1,-1,0x1000480A98140204,1499,1500,1500,988,2012,1500,1500,1500,1500,1500,1193,1449,1500,1500,1500,1500,1500,1500,1500,2012,1500,1609,1500,2012,1500,1501,1500,1500,1520,1705,1500,988,8.2
2026-04-19,17:15:57.270,-29,-28,10,3783,0,65,44,16,0,43,82,3137,-1,2,508,1024,204,1024,0,-1,-1,-1,0x1000480A98140204,1499,1500,1500,988,2012,1500,1501,1500,1500,1500,1193,1449,1500,1500,1500,1500,1500,1500,1500,2012,1500,1609,1500,2012,1500,1501,1500,1500,1520,1705,1500,988,8.2
2026-04-19,17:15:57.770,-29,-28,10,3783,0,65,44,16,0,43,82,3137,-1,1,508,1024,203,1024,0,-1,-1,-1,0x1000480A98140204,1499,1500,1500,988,2012,1500,1500,1500,1500,1500,1193,1449,1500,1500,1500,1500,1500,1500,1500,2012,1500,1609,1500,2012,1500,1501,1500,1500,1520,1705,1500,988,8.2
2026-04-19,17:15:58.270,-29,-28,10,3783,0,65,44,16,0,43,82,3137,-1,2,508,1024,203,1024,0,-1,-1,-1,0x1000480A98140204,1499,1500,1500,988,2012,1500,1501,1500,1500,1500,1193,1449,1500,1500,1500,1500,1500,1500,1500,2012,1500,1609,1500,2012,1500,1501,1500,1500,1520,1705,1500,988,8.2
