1244,Time,1RSS(dB),2RSS(dB),TPWR(mW),Lipo,Curr(mA),Temp(°C),Bat%,dent,Rpm(kmh),Tmp2(°C),dist,Capa,ST,TH,P1,P2,P3,P4,SA,SB,SC,SD,LSW,CH1(us),CH2(us),CH3(us),CH4(us),CH5(us),CH6(us),CH7(us),CH8(us),CH9(us),CH10(us),CH11(us),CH12(us),CH13(us),CH14(us),CH15(us),CH16(us),CH17(us),CH18(us),CH19(us),CH20(us),CH21(us),CH22(us),CH23(us),CH24(us),CH25(us),CH26(us),CH27(us),CH28(us),CH29(us),CH30(us),CH31(us),CH32(us),TxBat(V)
2025-07-05,18:39:39.710,-72,-71,10,3808,190,42,1,16,0,150,5,381,0,5,349,-6,205,516,0,-1,-1,-1,0x1020488010140014,1504,1501,1500,988,2012,1500,1502,1500,1500,1500,988,1500,1500,1500,1500,1500,1500,1500,1500,2012,1500,1541,1500,2012,1500,1504,1502,1500,1520,1505,1500,2012,8.3
2025-07-05,18:39:40.170,-68,-72,10,3808,150,42,1,16,0,150,5,381,13,5,349,-6,205,516,0,-1,-1,-1,0x1020488010140014,1507,1501,1500,988,2012,1506,1502,1500,1500,1506,988,1500,1500,1500,1500,1500,1500,1500,1500,2012,1500,1541,1500,2012,1500,1504,1502,1500,1520,1505,1500,2012,8.3
2025-07-05,18:39:40.670,-72,-68,10,3809,180,42,1,16,0,150,5,381,2,5,349,-6,205,516,0,-1,-1,-1,0x1020488010140014,1505,1501,1500,988,2012,1501,1502,1500,1500,1501,988,1500,1500,1500,1500,1500,1500,1500,1500,2012,1500,1541,1500,2012,1500,1503,1502,1500,1520,1505,1500,2012,8.3
2025-07-05,18:39:41.170,-70,-68,10,3809,1400,42,1,16,2194,150,5,382,267,580,349,-6,206,516,0,-1,-1,-1,0x1020488014140055,1567,1631,1581,988,2012,1633,1796,1500,1500,1633,988,1500,1500,1500,1500,1500,1500,1500,1372,1628,1500,1541,1500,2012,1500,1848,1763,1500,1520,1505,1500,2012,8.3
2025-07-05,18:39:41.670,-60,-58,50,3808,12080,42,1,16,0,150,6,383,452,733,349,-6,205,516,0,-1,-1,-1,0x1020488014140055,1607,1661,1607,988,2012,1726,1874,1500,1500,1726,988,1500,1500,1500,1500,1500,1500,1500,1372,1628,1500,1541,1500,2012,1500,1912,1822,1500,1520,1505,1500,2012,8.3
2025-07-05,18:39:42.170,-60,-64,10,3788,10970,42,1,16,0,150,6,385,375,816,349,-6,206,516,0,-1,-1,-1,0x1020488014140055,1591,1682,1607,988,2012,1687,1916,1500,1500,1687,988,1500,1500,1500,1500,1500,1500,1500,1372,1628,1500,1541,1500,2012,1500,1944,1864,1500,1520,1505,1500,2012,8.3
2025-07-05,18:39:42.670,-65,-70,10,3786,25230,45,1,16,12760,150,6,388,11,1004,349,-6,205,516,0,-1,-1,-1,0x1020488010142055,1506,1756,1607,988,2012,1505,2012,1500,1500,1505,988,1500,1500,1500,1500,1500,1500,1500,1372,1628,1500,1541,1500,2012,1500,2012,2012,1500,1520,1505,1500,2012,8.3
2025-07-05,18:39:43.170,-65,-70,10,3771,10740,47,1,16,13282,150,6,390,661,959,349,-6,205,516,0,-1,-1,-1,0x1020488014142015,1653,1733,1607,988,2012,1830,1989,1500,1500,1822,988,1500,1500,1500,1500,1500,1500,1500,1372,1628,1500,1541,1500,2012,1500,1996,1966,1500,1520,1505,1500,2012,8.3
2025-07-05,18:39:43.670,-78,-69,10,3781,11130,50,1,16,11248,38,6,391,-36,926,349,-6,206,516,0,-1,-1,-1,0x1020480010140015,1499,1716,1607,988,2012,1482,1972,1500,1500,1482,988,1500,1500,1500,1500,1500,1500,1500,1372,1628,1500,1541,1500,2012,1500,1984,1931,1500,1520,1505,1500,2012,8.3
2025-07-05,18:39:44.170,-75,-72,10,3777,18980,50,1,16,13306,1,6,391,-110,1003,349,-6,205,516,0,-1,-1,-1,0x1020480014142015,1486,1755,1607,988,2012,1445,2011,1500,1500,1445,988,1500,1500,1500,1500,1500,1500,1500,1372,1628,1500,1541,1500,2012,1500,2011,2009,1500,1520,1505,1500,2012,8.3
2025-07-05,18:39:44.670,-72,-75,10,3767,17950,50,1,16,15324,1,6,391,10,1002,349,-6,205,516,0,-1,-1,-1,0x1020480010142015,1506,1755,1607,988,2012,1505,2011,1500,1500,1505,988,1500,1500,1500,1500,1500,1500,1500,1372,1628,1500,1541,1500,2012,1500,2011,2009,1500,1520,1505,1500,2012,8.3
2025-07-05,18:39:45.170,-68,-72,10,3766,14090,49,1,16,20968,1,6,391,8,896,349,-6,205,516,0,-1,-1,-1,0x1020480010140015,1506,1702,1607,988,2012,1504,1957,1500,1500,1504,988,1500,1500,1500,1500,1500,1500,1500,1372,1628,1500,1541,1500,2012,1500,1973,1911,1500,1520,1505,1500,2012,8.3
2025-07-05,18:39:45.670,-71,-70,10,3768,0,48,1,16,11346,1,6,391,15,-741,350,-6,205,516,0,-1,-1,-1,0x1020480012100015,1508,1225,1607,988,2012,1507,1130,1222,1500,1507,988,1500,1500,1500,1500,1500,1500,1222,1111,2012,1500,1541,1500,2012,1500,1125,1500,1500,1520,1505,1500,2012,8.3
2025-07-05,18:39:46.170,-72,-71,10,3789,2170,49,1,16,7252,1,6,391,1024,343,349,-6,205,516,0,-1,-1,-1,0x1020480014140015,1786,1581,1607,988,2012,2012,1675,1500,1500,2012,988,1500,1500,1500,1500,1500,1500,1500,1372,1628,1500,1541,1500,2012,1500,1732,1656,1500,1520,1505,1500,2012,8.3
2025-07-05,18:39:46.670,-71,-73,10,3795,15950,49,1,16,18046,150,6,402,358,813,349,-6,205,516,0,-1,-1,-1,0x1020480014140015,1585,1681,1607,988,2012,1679,1914,1500,1500,1671,988,1500,1500,1500,1500,1500,1500,1500,1372,1628,1500,1541,1500,2012,1500,1942,1856,1500,1520,1505,1500,2012,8.3
2025-07-05,18:39:47.170,-88,-72,10,3783,10970,49,1,16,10898,150,6,403,180,786,349,-6,205,516,0,-1,-1,-1,0x1020480014140015,1546,1674,1607,988,2012,1590,1901,1500,1500,1590,988,1500,1500,1500,1500,1500,1500,1500,1372,1628,1500,1541,1500,2012,1500,1932,1849,1500,1520,1505,1500,2012,8.3
2025-07-05,18:39:47.670,-74,-68,10,3777,10420,50,1,16,8294,150,6,405,1021,738,349,-6,205,516,0,-1,-1,-1,0x1020488014140055,1784,1662,1607,988,2012,2010,1876,1500,1500,2010,988,1500,1500,1500,1500,1500,1500,1500,1372,1628,1500,1541,1500,2012,1500,1914,1824,1500,1520,1505,1500,2012,8.3
2025-07-05,18:39:48.170,-77,-80,10,3777,28540,50,1,16,12180,150,6,408,1024,1004,349,-6,206,516,0,-1,-1,-1,0x1020488014142055,1786,1756,1607,988,2012,2012,2012,1500,1500,2012,988,1500,1500,1500,1500,1500,1500,1500,1372,1628,1500,1541,1500,2012,1500,2012,2012,1500,1520,1505,1500,2012,8.3
2025-07-05,18:39:48.670,-71,-82,10,4693,14430,51,1,16,10940,150,6,410,1024,429,349,-6,205,516,0,-1,-1,-1,0x1020488014140015,1786,1604,1607,988,2012,2012,1719,1500,1500,2012,988,1500,1500,1500,1500,1500,1500,1500,1372,1628,1500,1541,1500,2012,1500,1852,1714,1500,1520,1505,1500,2012,8.3
2025-07-05,18:39:49.170,-70,-67,10,3766,2670,51,1,16,6198,150,6,411,-1024,147,349,-6,205,516,0,-1,-1,-1,0x1020488014140015,1176,1534,1607,988,2012,988,1575,1500,1500,988,988,1500,1500,1500,1500,1500,1500,1500,1372,1628,1500,1541,1500,2012,1500,1598,1567,1500,1520,1505,1500,2012,8.3
2025-07-05,18:39:49.670,-70,-59,10,3787,40790,51,1,16,11482,150,6,415,-797,1003,349,-6,205,516,0,-1,-1,-1,0x1020488014142015,1309,1755,1607,988,2012,1102,2011,1500,1500,1109,988,1500,1500,1500,1500,1500,1500,1500,1372,1628,1500,1541,1500,2012,1500,2011,2009,1500,1520,1505,1500,2012,8.3
2025-07-05,18:39:50.170,-70,-68,10,3746,20850,51,1,16,12956,150,6,418,-1024,1000,349,-6,205,516,0,-1,-1,-1,0x1020488014142015,1176,1754,1607,988,2012,988,2010,1500,1500,988,988,1500,1500,1500,1500,1500,1500,1500,1372,1628,1500,1541,1500,2012,1500,2010,2007,1500,1520,1505,1500,2012,8.3
2025-07-05,18:39:50.670,-73,-64,10,3747,35230,51,1,16,11374,150,6,422,2,1000,349,-6,205,516,0,-1,-1,-1,0x1020488010142015,1505,1753,1607,988,2012,1501,2010,1500,1500,1501,988,1500,1500,1500,1500,1500,1500,1500,1372,1628,1500,1541,1500,2012,1500,2010,2006,1500,1520,1505,1500,2012,8.3
2025-07-05,18:39:51.170,-71,-67,10,3749,14960,50,1,16,14246,150,6,425,569,755,349,-6,206,516,0,-1,-1,-1,0x1020488014140015,1630,1667,1607,988,2012,1784,1885,1500,1500,1776,988,1500,1500,1500,1500,1500,1500,1500,1372,1628,1500,1541,1500,2012,1500,1921,1834,1500,1520,1505,1500,2012,8.3
2025-07-05,18:39:51.670,-72,-73,10,3751,4460,50,1,16,11498,150,6,427,967,86,350,-6,205,516,0,-1,-1,-1,0x1020488014140015,1756,1526,1607,988,2012,1983,1544,1500,1500,1983,988,1500,1500,1500,1500,1500,1500,1500,1372,1628,1500,1541,1500,2012,1500,1616,1552,1500,1520,1505,1500,2012,8.3
2025-07-05,18:39:52.170,-67,-72,10,3770,6220,50,1,16,9052,150,6,427,-1024,618,349,-6,205,516,0,-1,-1,-1,0x1020488014140015,1176,1639,1607,988,2012,988,1815,1500,1500,988,988,1500,1500,1500,1500,1500,1500,1500,1372,1628,1500,1541,1500,2012,1500,1865,1778,1500,1520,1505,1500,2012,8.3
2025-07-05,18:39:52.670,-72,-66,10,3777,22600,49,1,16,10944,150,6,428,-570,1003,349,-6,205,516,0,-1,-1,-1,0x1020488014142015,1388,1755,1607,988,2012,1215,2011,1500,1500,1220,988,1500,1500,1500,1500,1500,1500,1500,1372,1628,1500,1541,1500,2012,1500,2011,2009,1500,1520,1505,1500,2012,8.3
2025-07-05,18:39:53.170,-66,-68,10,3774,28870,49,1,16,12376,150,6,431,-819,1002,349,-6,206,516,0,-1,-1,-1,0x1020488014142055,1293,1754,1607,988,2012,1091,2011,1500,1500,1091,988,1500,1500,1500,1500,1500,1500,1500,1372,1628,1500,1541,1500,2012,1500,2011,2008,1500,1520,1505,1500,2012,8.3
2025-07-05,18:39:53.670,-69,-71,10,4069,20800,49,1,16,12818,150,6,433,-442,738,349,-6,205,516,0,-1,-1,-1,0x1020488014140055,1414,1662,1607,988,2012,1279,1876,1500,1500,1269,988,1500,1500,1500,1500,1500,1500,1500,1372,1628,1500,1541,1500,2012,1500,1913,1824,1500,1520,1505,1500,2012,8.3
2025-07-05,18:39:54.170,-71,-72,10,4068,11740,49,1,16,11798,150,7,436,550,842,349,-6,205,516,0,-1,-1,-1,0x1020488014140015,1633,1689,1607,988,2012,1775,1929,1500,1500,1781,988,1500,1500,1500,1500,1500,1500,1500,1372,1628,1500,1541,1500,2012,1500,1953,1883,1500,1520,1505,1500,2012,8.3
2025-07-05,18:39:54.670,-71,-72,10,3763,22430,49,1,16,12984,150,7,438,176,999,349,-6,205,516,0,-1,-1,-1,0x1020488014142015,1545,1753,1607,988,2012,1588,2009,1500,1500,1588,988,1500,1500,1500,1500,1500,1500,1500,1372,1628,1500,1541,1500,2012,1500,2010,2005,1500,1520,1505,1500,2012,8.3
2025-07-05,18:39:55.170,-68,-71,10,3754,12630,49,1,16,21176,150,7,441,366,648,349,-6,205,516,0,-1,-1,-1,0x1020488014140015,1592,1648,1607,988,2012,1683,1830,1500,1500,1690,988,1500,1500,1500,1500,1500,1500,1500,1372,1628,1500,1541,1500,2012,1500,1917,1800,1500,1520,1505,1500,2012,8.3
2025-07-05,18:39:55.670,-58,-71,10,3757,8450,49,1,16,22656,150,7,442,435,448,350,-6,205,516,0,-1,-1,-1,0x1020488014140015,1604,1608,1607,988,2012,1717,1728,1500,1500,1717,988,1500,1500,1500,1500,1500,1500,1500,1372,1628,1500,1541,1500,2012,1500,1919,1723,1500,1520,1505,1500,2012,8.3
2025-07-05,18:39:56.170,-66,-74,10,3771,4620,49,1,16,7332,150,7,442,10,536,349,-6,205,516,0,-1,-1,-1,0x1020488010140015,1506,1623,1607,988,2012,1505,1774,1500,1500,1505,988,1500,1500,1500,1500,1500,1500,1500,1372,1628,1500,1541,1500,2012,1500,1829,1745,1500,1520,1505,1500,2012,8.3
2025-07-05,18:39:56.670,-69,-66,10,3777,25850,49,1,16,64546,150,7,444,127,603,349,-6,205,516,0,-1,-1,-1,0x1020488014140015,1531,1636,1607,988,2012,1563,1807,1500,1500,1558,988,1500,1500,1500,1500,1500,1500,1500,1372,1628,1500,1541,1500,2012,1500,1859,1771,1500,1520,1505,1500,2012,8.3
2025-07-05,18:39:57.170,-72,-67,10,3773,7760,49,1,16,4608,150,7,446,1024,9,349,-6,205,516,0,-1,-1,-1,0x1020488014140015,1786,1502,1607,988,2012,2012,1504,1500,1500,2012,988,1500,1500,1500,1500,1500,1500,1500,1219,1781,1500,1541,1500,2012,1500,1611,1505,1500,1520,1505,1500,2012,8.3
2025-07-05,18:39:57.670,-68,-63,10,3768,25200,49,1,16,8580,150,7,447,0,1001,349,-6,206,516,0,-1,-1,-1,0x1020488010142015,1504,1754,1607,988,2012,1500,2010,1500,1500,1500,988,1500,1500,1500,1500,1500,1500,1500,1372,1628,1500,1541,1500,2012,1500,2010,2007,1500,1520,1505,1500,2012,8.3
2025-07-05,18:39:58.170,-68,-61,10,3771,9020,49,1,16,10122,150,7,450,862,1002,349,-6,205,516,0,-1,-1,-1,0x1020488014142015,1723,1754,1607,988,2012,1931,2011,1500,1500,1939,988,1500,1500,1500,1500,1500,1500,1500,1372,1628,1500,1541,1500,2012,1500,2011,2008,1500,1520,1505,1500,2012,8.3
2025-07-05,18:39:58.670,-72,-76,10,3753,22510,50,1,16,12940,150,7,453,1024,996,349,-6,205,516,0,-1,-1,-1,0x1020488014142015,1786,1751,1607,988,2012,2012,2008,1500,1500,2012,988,1500,1500,1500,1500,1500,1500,1500,1372,1628,1500,1541,1500,2012,1500,2009,2002,1500,1520,1505,1500,2012,8.3
2025-07-05,18:39:59.170,-66,-70,10,4687,880,49,1,16,4684,150,7,455,1024,-590,349,-6,205,516,0,-1,-1,-1,0x1020488016100015,1786,1265,1607,988,2012,2012,1205,1263,1500,2012,988,1500,1500,1500,1500,1500,1500,1263,1060,2012,1500,1541,1500,2012,1500,1361,1500,1500,1520,1505,1500,2012,8.3
2025-07-05,18:39:59.670,-69,-65,10,3765,1550,49,1,16,1698,150,7,455,1024,185,349,-5,205,516,0,-1,-1,-1,0x1020488014140015,1786,1543,1607,988,2012,2012,1594,1500,1500,2012,988,1500,1500,1500,1500,1500,1500,1500,1372,1628,1500,1541,1500,2012,1500,1627,1578,1500,1520,1505,1500,2012,8.3
2025-07-05,18:40:00.170,-70,-64,10,3782,1470,49,1,16,2578,150,7,456,986,32,349,-6,206,516,0,-1,-1,-1,0x1020488014140015,1777,1509,1607,988,2012,1993,1516,1500,1500,2003,988,1500,1500,1500,1500,1500,1500,1500,988,2012,1500,1541,1500,2012,1500,1525,1517,1500,1520,1505,1500,2012,8.3
2025-07-05,18:40:00.670,-62,-60,10,3782,6920,49,1,16,4024,150,7,457,532,315,349,-6,205,516,0,-1,-1,-1,0x1020488014140015,1632,1575,1607,988,2012,1766,1660,1500,1500,1780,988,1500,1500,1500,1500,1500,1500,1500,1372,1628,1500,1541,1500,2012,1500,1716,1650,1500,1520,1505,1500,2012,8.3
2025-07-05,18:40:01.170,-65,-57,10,3780,37810,49,1,16,11166,150,7,460,-142,996,349,-6,205,516,0,-1,-1,-1,0x1020488014142015,1480,1751,1607,988,2012,1429,2008,1500,1500,1429,988,1500,1500,1500,1500,1500,1500,1500,1372,1628,1500,1541,1500,2012,1500,2009,2002,1500,1520,1505,1500,2012,8.3
2025-07-05,18:40:01.670,-62,-56,10,3748,20830,48,1,16,12016,150,7,463,-204,995,349,-6,205,516,0,-1,-1,-1,0x1020488014142015,1469,1751,1607,988,2012,1398,2007,1500,1500,1398,988,1500,1500,1500,1500,1500,1500,1500,1372,1628,1500,1541,1500,2012,1500,2008,2001,1500,1520,1505,1500,2012,8.3
2025-07-05,18:40:02.170,-62,-56,10,3741,18250,48,1,16,14694,150,7,466,-256,995,349,-6,205,516,0,-1,-1,-1,0x1020488014142015,1460,1751,1607,988,2012,1365,2007,1500,1500,1373,988,1500,1500,1500,1500,1500,1500,1500,1372,1628,1500,1541,1500,2012,1500,2008,2001,1500,1520,1505,1500,2012,8.3
2025-07-05,18:40:02.670,-54,-64,10,3749,17260,49,1,16,15886,150,7,469,-1,997,349,-6,205,516,0,-1,-1,-1,0x1020488010142015,1504,1752,1607,988,2012,1500,2008,1500,1500,1500,988,1500,1500,1500,1500,1500,1500,1500,1372,1628,1500,1541,1500,2012,1500,2009,2003,1500,1520,1505,1500,2012,8.3
2025-07-05,18:40:03.170,-62,-70,10,3751,16880,49,1,16,16654,150,7,471,295,998,349,-6,206,516,0,-1,-1,-1,0x1020488014142015,1573,1752,1607,988,2012,1647,2009,1500,1500,1647,988,1500,1500,1500,1500,1500,1500,1500,1372,1628,1500,1541,1500,2012,1500,2009,2004,1500,1520,1505,1500,2012,8.3
2025-07-05,18:40:03.670,-72,-78,100,3752,15760,49,1,16,17778,150,7,473,329,999,349,-6,206,516,0,-1,-1,-1,0x1020488014142015,1579,1753,1607,988,2012,1664,2009,1500,1500,1659,988,1500,1500,1500,1500,1500,1500,1500,1372,1628,1500,1541,1500,2012,1500,2010,2005,1500,1520,1505,1500,2012,8.3
2025-07-05,18:40:04.170,-69,-70,10,4377,14860,49,1,16,18206,150,7,475,321,999,349,-6,206,516,0,-1,-1,-1,0x1020488014142015,1580,1753,1607,988,2012,1660,2009,1500,1500,1660,988,1500,1500,1500,1500,1500,1500,1500,1372,1628,1500,1541,1500,2012,1500,2010,2005,1500,1520,1505,1500,2012,8.3
2025-07-05,18:40:04.670,-67,-73,10,3755,15490,49,1,16,18142,150,7,477,760,999,349,-6,205,516,0,-1,-1,-1,0x1020488014142015,1687,1753,1607,988,2012,1880,2009,1500,1500,1880,988,1500,1500,1500,1500,1500,1500,1500,1372,1628,1500,1541,1500,2012,1500,2010,2005,1500,1520,1505,1500,2012,8.3
2025-07-05,18:40:05.170,-65,-86,10,3755,16950,50,1,16,15350,150,8,479,1024,999,349,-6,206,516,0,-1,-1,-1,0x1020488014142015,1786,1753,1607,988,2012,2012,2009,1500,1500,2012,988,1500,1500,1500,1500,1500,1500,1500,1372,1628,1500,1541,1500,2012,1500,2010,2005,1500,1520,1505,1500,2012,8.3
2025-07-05,18:40:05.670,-67,-75,10,3753,18600,51,1,16,15186,150,8,482,156,999,349,-6,205,516,0,-1,-1,-1,0x1020488014142015,1540,1753,1607,988,2012,1578,2009,1500,1500,1578,988,1500,1500,1500,1500,1500,1500,1500,1372,1628,1500,1541,1500,2012,1500,2010,2005,1500,1520,1505,1500,2012,8.3
2025-07-05,18:40:06.170,-66,-75,10,3749,19180,51,1,16,15640,150,8,484,5,872,349,-6,206,516,0,-1,-1,-1,0x1020488010140015,1505,1701,1607,988,2012,1502,1944,1500,1500,1502,988,1500,1500,1500,1500,1500,1500,1500,1372,1628,1500,1541,1500,2012,1500,1985,1912,1500,1520,1505,1500,2012,8.3
2025-07-05,18:40:06.670,-69,-80,250,3750,5390,50,1,16,14362,150,8,485,684,698,349,-6,205,516,0,-1,-1,-1,0x1020488014140015,1664,1654,1607,988,2012,1842,1856,1500,1500,1842,988,1500,1500,1500,1500,1500,1500,1500,1372,1628,1500,1541,1500,2012,1500,1898,1808,1500,1520,1505,1500,2012,8.3
2025-07-05,18:40:07.170,-79,-80,50,3770,7190,49,1,16,11248,150,8,486,1024,665,349,-6,205,516,0,-1,-1,-1,0x1020488014140015,1786,1648,1607,988,2012,2012,1839,1500,1500,2012,988,1500,1500,1500,1500,1500,1500,1500,1372,1628,1500,1541,1500,2012,1500,1884,1795,1500,1520,1505,1500,2012,8.3
2025-07-05,18:40:07.670,-73,-83,250,3771,7380,49,1,16,8320,150,8,486,1024,608,350,-6,205,515,0,-1,-1,-1,0x1020488014140015,1786,1637,1607,988,2012,2012,1810,1500,1500,2012,988,1500,1500,1500,1500,1500,1500,1500,1372,1628,1500,1541,1500,2012,1500,1861,1774,1500,1520,1505,1500,2012,8.3
2025-07-05,18:40:08.170,-78,-78,25,3770,8030,49,1,16,7344,150,8,488,-70,705,349,-6,206,516,0,-1,-1,-1,0x1020488010140015,1497,1656,1607,988,2012,1465,1859,1500,1500,1477,988,1500,1500,1500,1500,1500,1500,1500,1372,1628,1500,1541,1500,2012,1500,1901,1811,1500,1520,1505,1500,2012,8.3
2025-07-05,18:40:08.670,-77,-75,10,3769,11820,50,1,16,64876,150,8,489,206,842,349,-6,205,516,0,-1,-1,-1,0x1020488014140055,1552,1689,1607,988,2012,1603,1929,1500,1500,1603,988,1500,1500,1500,1500,1500,1500,1500,1372,1628,1500,1541,1500,2012,1500,1953,1877,1500,1520,1505,1500,2012,8.3
2025-07-05,18:40:09.170,-86,-80,10,3764,15450,50,1,16,9542,150,8,491,13,977,349,-6,205,516,0,-1,-1,-1,0x1020488010142055,1507,1741,1607,988,2012,1506,1998,1500,1500,1506,988,1500,1500,1500,1500,1500,1500,1500,1372,1628,1500,1541,1500,2012,1500,2002,1982,1500,1520,1505,1500,2012,8.3
2025-07-05,18:40:09.670,-75,-69,10,4378,10470,50,1,16,10686,150,8,493,717,310,349,-6,205,516,0,-1,-1,-1,0x1020488014140015,1671,1574,1607,988,2012,1858,1658,1500,1500,1853,988,1500,1500,1500,1500,1500,1500,1500,1372,1628,1500,1541,1500,2012,1500,1758,1648,1500,1520,1505,1500,2012,8.3
2025-07-05,18:40:10.170,-75,-80,10,3772,2680,53,1,16,6702,38,8,493,9,384,349,-6,206,516,0,-1,-1,-1,0x1020480010140015,1506,1591,1607,988,2012,1504,1696,1500,1500,1504,988,1500,1500,1500,1500,1500,1500,1500,1372,1628,1500,1541,1500,2012,1500,1754,1682,1500,1520,1505,1500,2012,8.3
2025-07-05,18:40:10.670,-69,-73,10,3777,6910,50,1,16,2062,1,8,493,-271,509,350,-6,205,516,0,-1,-1,-1,0x1020480014140015,1457,1617,1607,988,2012,1365,1759,1500,1500,1365,988,1500,1500,1500,1500,1500,1500,1500,1372,1628,1500,1541,1500,2012,1500,1817,1735,1500,1520,1505,1500,2012,8.3
2025-07-05,18:40:11.170,-68,-84,10,3773,11470,50,1,16,2712,1,8,493,1024,281,350,-6,205,516,0,-1,-1,-1,0x1020480014140015,1786,1568,1607,988,2012,2012,1643,1500,1500,2012,988,1500,1500,1500,1500,1500,1500,1500,1372,1628,1500,1541,1500,2012,1500,1697,1635,1500,1520,1505,1500,2012,8.3
2025-07-05,18:40:11.670,-71,-81,10,3301,1210,51,1,16,2712,1,8,493,13,121,350,-6,206,516,0,-1,-1,-1,0x1020480010140015,1507,1532,1607,988,2012,1506,1561,1500,1500,1506,988,1500,1500,1500,1500,1500,1500,1500,1372,1628,1500,1541,1500,2012,1500,1592,1564,1500,1520,1505,1500,2012,8.3
2025-07-05,18:40:12.170,-73,-80,10,3301,1210,51,1,16,2712,1,8,493,4,4,350,-6,205,516,0,-1,-1,-1,0x1020480010140015,1505,1501,1607,988,2012,1502,1502,1500,1500,1502,988,1500,1500,1500,1500,1500,1500,1500,1275,2012,1500,1541,1500,2012,1500,1503,1502,1500,1520,1505,1500,2012,8.3
2025-07-05,18:40:12.650,-71,-72,10,3784,1710,55,1,16,272,1,8,493,611,5,349,-6,205,516,0,-1,-1,-1,0x1020480014140015,1642,1501,1607,988,2012,1805,1502,1500,1500,1800,988,1500,1500,1500,1500,1500,1500,1500,1372,2012,1500,1541,1500,2012,1500,1504,1502,1500,1520,1505,1500,2012,8.3
2025-07-05,18:40:13.150,-69,-69,10,3784,750,55,1,16,394,1,8,493,1024,226,350,-6,205,516,0,-1,-1,-1,0x1020480014140015,1786,1552,1607,988,2012,2012,1615,1500,1500,2012,988,1500,1500,1500,1500,1500,1500,1500,1372,1628,1500,1541,1500,2012,1500,1655,1605,1500,1520,1505,1500,2012,8.3
2025-07-05,18:40:13.650,-69,-74,10,3781,2040,53,1,16,2450,1,8,493,1024,622,350,-6,206,516,0,-1,-1,-1,0x1020480014140055,1786,1639,1607,988,2012,2012,1817,1500,1500,2012,988,1500,1500,1500,1500,1500,1500,1500,1372,1628,1500,1541,1500,2012,1500,1866,1774,1500,1520,1505,1500,2012,8.3
2025-07-05,18:40:14.150,-78,-76,10,3781,2040,53,1,16,2450,1,8,493,1024,232,350,-6,205,516,0,-1,-1,-1,0x1020480014140055,1786,1559,1607,988,2012,2012,1618,1500,1500,2012,988,1500,1500,1500,1500,1500,1500,1500,1372,1628,1500,1541,1500,2012,1500,1686,1618,1500,1520,1505,1500,2012,8.3
2025-07-05,18:40:14.650,-88,-72,10,3781,1770,53,1,16,2918,1,8,493,1024,174,349,-6,206,516,0,-1,-1,-1,0x1020480014140015,1786,1543,1607,988,2012,2012,1588,1500,1500,2012,988,1500,1500,1500,1500,1500,1500,1500,1372,1628,1500,1541,1500,2012,1500,1628,1587,1500,1520,1505,1500,2012,8.3
2025-07-05,18:40:15.150,-72,-78,10,3781,1770,53,1,16,2918,1,8,493,1024,454,349,-6,205,516,0,-1,-1,-1,0x1020480014140015,1786,1606,1607,988,2012,2012,1731,1500,1500,2012,988,1500,1500,1500,1500,1500,1500,1500,1372,1628,1500,1541,1500,2012,1500,1790,1712,1500,1520,1505,1500,2012,8.3
2025-07-05,18:40:15.650,-71,-69,10,3776,9840,56,1,16,0,1,8,493,482,265,349,-6,205,516,0,-1,-1,-1,0x1020480014140015,1609,1566,1607,988,2012,1741,1635,1500,1500,1729,988,1500,1500,1500,1500,1500,1500,1500,1372,1628,1500,1541,1500,2012,1500,1733,1638,1500,1520,1505,1500,2012,8.3
2025-07-05,18:40:16.150,-70,-80,10,3775,1920,56,1,16,4474,1,8,493,1024,6,350,-6,205,516,0,-1,-1,-1,0x1020480014140055,1786,1501,1607,988,2012,2012,1503,1500,1500,2012,988,1500,1500,1500,1500,1500,1500,1500,1296,2012,1500,1541,1500,2012,1500,1504,1503,1500,1520,1505,1500,2012,8.3
2025-07-05,18:40:16.650,-72,-76,10,3778,1470,54,1,16,740,1,8,493,90,6,350,-6,205,516,0,-1,-1,-1,0x1020480014140055,1525,1501,1607,988,2012,1539,1503,1500,1500,1545,988,1500,1500,1500,1500,1500,1500,1500,1372,2012,1500,1541,1500,2012,1500,1505,1503,1500,1520,1505,1500,2012,8.3
2025-07-05,18:40:17.150,-70,-77,10,3788,1490,51,1,16,0,1,8,493,-3,4,349,-6,205,516,0,-1,-1,-1,0x1020480010140015,1504,1501,1607,988,2012,1499,1502,1500,1500,1499,988,1500,1500,1500,1500,1500,1500,1500,1427,2012,1500,1541,1500,2012,1500,1503,1502,1500,1520,1505,1500,2012,8.3
2025-07-05,18:40:17.650,-70,-80,25,3788,1470,51,1,16,1234,1,8,493,-2,5,349,-6,205,516,0,-1,-1,-1,0x1020480010140055,1504,1501,1607,988,2012,1499,1502,1500,1500,1499,988,1500,1500,1500,1500,1500,1500,1500,1500,2012,1500,1541,1500,2012,1500,1504,1502,1500,1520,1505,1500,2012,8.3
2025-07-05,18:40:18.150,-73,-65,10,3788,1500,51,1,16,388,1,8,493,-3,5,350,-6,205,515,0,-1,-1,-1,0x1020480010140055,1504,1501,1607,988,2012,1499,1502,1500,1500,1499,988,1500,1500,1500,1500,1500,1500,1500,1500,2012,1500,1541,1500,2012,1500,1504,1502,1500,1520,1505,1500,2012,8.3
2025-07-05,18:40:18.650,-75,-73,10,3788,1500,51,1,16,388,1,8,493,-2,5,349,-6,205,516,0,-1,-1,-1,0x1020480010140015,1504,1501,1607,988,2012,1499,1502,1500,1500,1499,988,1500,1500,1500,1500,1500,1500,1500,1500,2012,1500,1541,1500,2012,1500,1504,1502,1500,1520,1505,1500,2012,8.3
2025-07-05,18:40:19.150,-73,-74,10,3790,350,61,1,16,0,1,8,493,-2,5,349,-6,205,516,0,-1,-1,-1,0x1020480010140014,1504,1501,1510,988,2012,1499,1502,1500,1500,1499,988,1500,1500,1500,1500,1500,1500,1500,1500,2012,1500,1541,1500,2012,1500,1504,1502,1500,1520,1505,1500,2012,8.3
2025-07-05,18:40:19.650,-80,-70,10,3792,160,54,1,16,0,1,8,493,-3,4,350,-6,206,516,0,-1,-1,-1,0x1020480010140014,1504,1501,1500,988,2012,1499,1502,1500,1500,1499,988,1500,1500,1500,1500,1500,1500,1500,1500,2012,1500,1541,1500,2012,1500,1503,1502,1500,1520,1505,1500,2012,8.3
2025-07-05,18:40:20.150,-74,-72,10,3793,170,45,1,16,0,1,8,493,-3,5,350,-6,206,516,0,-1,-1,-1,0x1020480010140014,1504,1501,1500,988,2012,1499,1502,1500,1500,1499,988,1500,1500,1500,1500,1500,1500,1500,1500,2012,1500,1541,1500,2012,1500,1504,1502,1500,1520,1505,1500,2012,8.3
2025-07-05,18:40:20.650,-74,-62,10,3794,160,45,1,16,0,1,8,493,-3,5,350,-6,206,516,0,-1,-1,-1,0x1020480010140014,1504,1501,1500,988,2012,1499,1502,1500,1500,1499,988,1500,1500,1500,1500,1500,1500,1500,1500,2012,1500,1541,1500,2012,1500,1504,1503,1500,1520,1505,1500,2012,8.3
2025-07-05,18:40:21.150,-82,-66,10,3794,150,44,1,16,0,1,8,493,-3,5,349,-6,205,516,0,-1,-1,-1,0x1020480010140014,1504,1501,1500,988,2012,1499,1502,1500,1500,1499,988,1500,1500,1500,1500,1500,1500,1500,1500,2012,1500,1541,1500,2012,1500,1504,1502,1500,1520,1505,1500,2012,8.3
2025-07-05,18:40:21.650,-70,-72,10,3795,160,44,1,16,0,38,8,493,-3,5,349,-6,205,516,0,-1,-1,-1,0x1020480010140014,1504,1501,1500,988,2012,1499,1502,1500,1500,1499,988,1500,1500,1500,1500,1500,1500,1500,1500,2012,1500,1541,1500,2012,1500,1504,1502,1500,1520,1505,1500,2012,8.3
2025-07-05,18:40:22.150,-86,-79,10,3795,220,44,1,16,480,150,8,493,-4,5,349,-6,205,516,0,-1,-1,-1,0x1020480010140054,1503,1501,1500,988,2012,1498,1502,1500,1500,1498,988,1500,1500,1500,1500,1500,1500,1500,1500,2012,1500,1541,1500,2012,1500,1504,1502,1500,1520,1505,1500,2012,8.3
2025-07-05,18:40:22.650,-74,-84,10,3796,210,44,1,16,0,150,8,493,-2,5,349,-6,206,516,0,-1,-1,-1,0x1020480010140054,1504,1501,1500,988,2012,1499,1502,1500,1500,1499,988,1500,1500,1500,1500,1500,1500,1500,1500,2012,1500,1541,1500,2012,1500,1504,1502,1500,1520,1505,1500,2012,8.3
2025-07-05,18:40:23.150,-67,-76,10,3796,210,44,1,16,168,150,8,493,-3,4,350,-6,206,516,0,-1,-1,-1,0x1020488010140014,1504,1501,1500,988,2012,1499,1502,1500,1500,1499,988,1500,1500,1500,1500,1500,1500,1500,1500,2012,1500,1541,1500,2012,1500,1503,1502,1500,1520,1505,1500,2012,8.3
2025-07-05,18:40:23.650,-81,-74,10,3796,290,44,1,16,0,150,8,493,-3,4,349,-6,205,516,0,-1,-1,-1,0x1020488010140014,1504,1501,1500,988,2012,1499,1502,1500,1500,1499,988,1500,1500,1500,1500,1500,1500,1500,1500,2012,1500,1541,1500,2012,1500,1503,1502,1500,1520,1505,1500,2012,8.3
2025-07-05,18:40:24.150,-70,-74,10,4398,330,44,1,16,0,150,8,493,-3,5,349,-6,205,516,0,-1,-1,-1,0x1020488010140014,1504,1501,1500,988,2012,1499,1502,1500,1500,1499,988,1500,1500,1500,1500,1500,1500,1500,1500,2012,1500,1541,1500,2012,1500,1504,1502,1500,1520,1505,1500,2012,8.3
2025-07-05,18:40:24.650,-68,-92,10,3797,400,44,1,16,0,150,8,493,-3,16,349,-6,206,516,0,-1,-1,-1,0x1020488010140014,1504,1504,1500,988,2012,1499,1508,1500,1500,1499,988,1500,1500,1500,1500,1500,1500,1500,1500,2012,1500,1541,1500,2012,1500,1512,1509,1500,1520,1505,1500,2012,8.3
2025-07-05,18:40:25.150,-73,-73,10,3797,290,44,1,16,0,150,8,493,-3,5,349,-6,205,516,0,-1,-1,-1,0x1020488010140014,1504,1501,1500,988,2012,1499,1502,1500,1500,1499,988,1500,1500,1500,1500,1500,1500,1500,1500,2012,1500,1541,1500,2012,1500,1504,1502,1500,1520,1505,1500,2012,8.3
2025-07-05,18:40:25.650,-70,-73,10,3797,350,44,1,16,0,150,8,493,-3,6,349,-6,206,516,0,-1,-1,-1,0x1020488010140014,1504,1501,1500,988,2012,1499,1503,1500,1500,1499,988,1500,1500,1500,1500,1500,1500,1500,1500,2012,1500,1541,1500,2012,1500,1505,1503,1500,1520,1505,1500,2012,8.3
2025-07-05,18:40:26.150,-66,-73,10,3798,170,44,1,16,0,150,8,493,-2,6,350,-6,206,516,0,-1,-1,-1,0x1020488010140014,1504,1501,1500,988,2012,1499,1503,1500,1500,1499,988,1500,1500,1500,1500,1500,1500,1500,1500,2012,1500,1541,1500,2012,1500,1505,1503,1500,1520,1505,1500,2012,8.3
2025-07-05,18:40:26.650,-71,-77,10,3798,210,43,1,16,0,150,8,493,-3,6,350,-6,206,516,0,-1,-1,-1,0x1020488010140014,1504,1501,1500,988,2012,1499,1503,1500,1500,1499,988,1500,1500,1500,1500,1500,1500,1500,1500,2012,1500,1541,1500,2012,1500,1505,1503,1500,1520,1505,1500,2012,8.3
2025-07-05,18:40:27.150,-72,-76,10,3798,210,43,1,16,0,150,8,493,-3,5,350,-6,205,516,0,-1,-1,-1,0x1020488010140014,1504,1501,1500,988,2012,1499,1502,1500,1500,1499,988,1500,1500,1500,1500,1500,1500,1500,1500,2012,1500,1541,1500,2012,1500,1504,1502,1500,1520,1505,1500,2012,8.3
2025-07-05,18:40:27.650,-71,-63,10,3799,180,43,1,16,0,150,8,493,-3,5,350,-6,205,516,0,-1,-1,-1,0x1020488010140014,1504,1501,1500,988,2012,1499,1502,1500,1500,1499,988,1500,1500,1500,1500,1500,1500,1500,1500,2012,1500,1541,1500,2012,1500,1504,1502,1500,1520,1505,1500,2012,8.3
2025-07-05,18:40:28.150,-62,-65,10,3799,200,43,1,16,0,150,8,493,-3,6,349,-6,206,516,0,-1,-1,-1,0x1020488010140014,1504,1501,1500,988,2012,1499,1503,1500,1500,1499,988,1500,1500,1500,1500,1500,1500,1500,1500,2012,1500,1541,1500,2012,1500,1505,1503,1500,1520,1505,1500,2012,8.3
2025-07-05,18:40:28.650,-62,-65,10,3799,160,43,1,16,0,150,8,493,-2,6,349,-6,206,516,0,-1,-1,-1,0x1020488010140014,1504,1501,1500,988,2012,1499,1503,1500,1500,1499,988,1500,1500,1500,1500,1500,1500,1500,1500,2012,1500,1541,1500,2012,1500,1505,1503,1500,1520,1505,1500,2012,8.3
2025-07-05,18:40:29.150,-64,-65,10,4699,160,43,1,16,0,150,8,493,-3,5,349,-6,205,516,0,-1,-1,-1,0x1020488010140014,1504,1501,1500,988,2012,1499,1502,1500,1500,1499,988,1500,1500,1500,1500,1500,1500,1500,1500,2012,1500,1541,1500,2012,1500,1504,1502,1500,1520,1505,1500,2012,8.3
2025-07-05,18:40:29.650,-72,-79,100,3799,160,43,1,16,490,150,8,493,-3,5,349,-6,205,516,0,-1,-1,-1,0x1020488010140054,1504,1501,1500,988,2012,1499,1502,1500,1500,1499,988,1500,1500,1500,1500,1500,1500,1500,1500,2012,1500,1541,1500,2012,1500,1504,1502,1500,1520,1505,1500,2012,8.3
2025-07-05,18:40:30.150,-74,-71,10,3800,170,43,1,16,380,150,8,493,-3,5,350,-6,206,516,0,-1,-1,-1,0x1020488010140054,1504,1501,1500,988,2012,1499,1502,1500,1500,1499,988,1500,1500,1500,1500,1500,1500,1500,1500,2012,1500,1541,1500,2012,1500,1504,1502,1500,1520,1505,1500,2012,8.3
2025-07-05,18:40:30.650,-68,-75,25,3800,170,43,1,16,0,150,8,493,-3,5,349,-6,205,516,0,-1,-1,-1,0x1020488010140014,1504,1501,1500,988,2012,1499,1502,1500,1500,1499,988,1500,1500,1500,1500,1500,1500,1500,1500,2012,1500,1541,1500,2012,1500,1504,1502,1500,1520,1505,1500,2012,8.3
2025-07-05,18:40:31.150,-68,-87,10,3800,220,43,1,16,0,150,8,493,-3,5,349,-6,205,516,0,-1,-1,-1,0x1020488010140014,1504,1501,1500,988,2012,1499,1502,1500,1500,1499,988,1500,1500,1500,1500,1500,1500,1500,1500,2012,1500,1541,1500,2012,1500,1504,1502,1500,1520,1505,1500,2012,8.3
2025-07-05,18:40:31.650,-70,-77,10,3800,160,43,1,16,0,150,8,493,-3,5,350,-6,205,516,0,-1,-1,-1,0x1020488010140014,1504,1501,1500,988,2012,1499,1502,1500,1500,1499,988,1500,1500,1500,1500,1500,1500,1500,1500,2012,1500,1541,1500,2012,1500,1504,1502,1500,1520,1505,1500,2012,8.3
2025-07-05,18:40:32.150,-71,-78,10,3800,230,43,1,16,0,150,8,493,-3,6,349,-6,205,516,0,-1,-1,-1,0x1020488010140014,1504,1501,1500,988,2012,1499,1503,1500,1500,1499,988,1500,1500,1500,1500,1500,1500,1500,1500,2012,1500,1541,1500,2012,1500,1505,1503,1500,1520,1505,1500,2012,8.3
2025-07-05,18:40:32.650,-69,-78,10,3800,290,43,1,16,0,150,8,493,-2,6,350,-6,205,516,0,-1,-1,-1,0x1020488010140014,1504,1501,1500,988,2012,1499,1503,1500,1500,1499,988,1500,1500,1500,1500,1500,1500,1500,1500,2012,1500,1541,1500,2012,1500,1505,1503,1500,1520,1505,1500,2012,8.3
2025-07-05,18:40:33.150,-65,-71,10,3801,160,43,1,16,0,150,8,493,-3,6,349,-6,206,516,0,-1,-1,-1,0x1020488010140014,1504,1501,1500,988,2012,1499,1503,1500,1500,1499,988,1500,1500,1500,1500,1500,1500,1500,1500,2012,1500,1541,1500,2012,1500,1505,1503,1500,1520,1505,1500,2012,8.3
2025-07-05,18:40:33.650,-72,-75,10,3801,150,43,1,16,0,150,8,493,-3,5,350,-6,205,516,0,-1,-1,-1,0x1020488010140014,1504,1501,1500,988,2012,1499,1502,1500,1500,1499,988,1500,1500,1500,1500,1500,1500,1500,1500,2012,1500,1541,1500,2012,1500,1504,1502,1500,1520,1505,1500,2012,8.3
2025-07-05,18:40:34.150,-70,-72,10,4100,150,43,1,16,0,150,8,493,-2,6,349,-6,206,516,0,-1,-1,-1,0x1020488010140014,1504,1501,1500,988,2012,1499,1503,1500,1500,1499,988,1500,1500,1500,1500,1500,1500,1500,1500,2012,1500,1541,1500,2012,1500,1505,1503,1500,1520,1505,1500,2012,8.3
2025-07-05,18:40:34.650,-75,-77,10,4100,160,43,1,16,0,150,8,493,-3,6,349,-6,205,516,0,-1,-1,-1,0x1020488010140014,1504,1501,1500,988,2012,1499,1503,1500,1500,1499,988,1500,1500,1500,1500,1500,1500,1500,1500,2012,1500,1541,1500,2012,1500,1505,1503,1500,1520,1505,1500,2012,8.3
2025-07-05,18:40:35.150,-76,-66,10,3801,150,43,1,16,0,150,8,494,-2,6,350,-6,205,516,0,-1,-1,-1,0x1020488010140014,1504,1501,1500,988,2012,1499,1503,1500,1500,1499,988,1500,1500,1500,1500,1500,1500,1500,1500,2012,1500,1541,1500,2012,1500,1505,1503,1500,1520,1505,1500,2012,8.3
2025-07-05,18:40:35.650,-79,-71,10,3801,200,43,1,16,0,150,8,494,-2,5,350,-6,206,516,0,-1,-1,-1,0x1020488010140014,1504,1501,1500,988,2012,1499,1502,1500,1500,1499,988,1500,1500,1500,1500,1500,1500,1500,1500,2012,1500,1541,1500,2012,1500,1504,1502,1500,1520,1505,1500,2012,8.3
2025-07-05,18:40:36.150,-59,-63,10,3801,160,43,1,16,0,150,8,494,-2,5,350,-6,206,516,0,-1,-1,-1,0x1020488010140014,1504,1501,1500,988,2012,1499,1502,1500,1500,1499,988,1500,1500,1500,1500,1500,1500,1500,1500,2012,1500,1541,1500,2012,1500,1504,1502,1500,1520,1505,1500,2012,8.3
2025-07-05,18:40:36.650,-61,-67,10,3801,150,43,1,16,1828,150,8,494,-2,5,350,-6,206,516,0,-1,-1,-1,0x1020488010140014,1504,1501,1500,988,2012,1499,1502,1500,1500,1499,988,1500,1500,1500,1500,1500,1500,1500,1500,2012,1500,1541,1500,2012,1500,1504,1502,1500,1520,1505,1500,2012,8.3
2025-07-05,18:40:37.150,-67,-68,10,3801,440,43,1,16,1000,150,8,494,-3,279,349,-6,205,516,0,-1,-1,-1,0x1020488010140055,1504,1567,1560,988,2012,1499,1642,1500,1500,1499,988,1500,1500,1500,1500,1500,1500,1500,1372,1628,1500,1541,1500,2012,1500,1687,1621,1500,1520,1505,1500,2012,8.3
2025-07-05,18:40:37.650,-79,-77,10,3801,27140,43,1,16,9198,150,8,495,13,465,349,-6,206,516,0,-1,-1,-1,0x1020488010140055,1504,1609,1607,988,2012,1506,1737,1500,1500,1506,988,1500,1500,1500,1500,1500,1500,1500,1372,1628,1500,1541,1500,2012,1500,1831,1717,1500,1520,1505,1500,2012,8.3
2025-07-05,18:40:38.150,-77,-71,10,3790,5720,43,1,16,0,150,8,497,730,749,349,-6,205,516,0,-1,-1,-1,0x1020488014140015,1678,1665,1607,988,2012,1857,1882,1500,1500,1865,988,1500,1500,1500,1500,1500,1500,1500,1372,1628,1500,1541,1500,2012,1500,1918,1830,1500,1520,1505,1500,2012,8.3
2025-07-05,18:40:38.650,-76,-79,10,3781,12090,47,1,16,0,150,8,498,848,739,349,-6,206,516,0,-1,-1,-1,0x1020488014140055,1724,1662,1607,988,2012,1924,1877,1500,1500,1924,988,1500,1500,1500,1500,1500,1500,1500,1372,1628,1500,1541,1500,2012,1500,1914,1825,1500,1520,1505,1500,2012,8.3
2025-07-05,18:40:39.150,-73,-75,10,3780,5470,49,1,16,9078,150,8,500,-171,859,349,-6,206,516,0,-1,-1,-1,0x1020488014140055,1480,1693,1607,988,2012,1415,1938,1500,1500,1415,988,1500,1500,1500,1500,1500,1500,1500,1372,1628,1500,1541,1500,2012,1500,1960,1886,1500,1520,1505,1500,2012,8.3
2025-07-05,18:40:39.650,-78,-78,10,4695,8020,50,1,16,10002,150,8,501,-2,989,349,-6,205,516,0,-1,-1,-1,0x1020488010142055,1504,1748,1607,988,2012,1499,2004,1500,1500,1499,988,1500,1500,1500,1500,1500,1500,1500,1372,1628,1500,1541,1500,2012,1500,2006,1995,1500,1520,1505,1500,2012,8.3
2025-07-05,18:40:40.150,-86,-81,10,3779,9820,50,1,16,15334,150,8,503,-546,956,349,-6,206,516,0,-1,-1,-1,0x1020488014142055,1395,1740,1607,988,2012,1227,1987,1500,1500,1233,988,1500,1500,1500,1500,1500,1500,1500,1372,1628,1500,1541,1500,2012,1500,2001,1980,1500,1520,1505,1500,2012,8.3
2025-07-05,18:40:40.640,-74,-77,10,3781,15050,50,1,16,11592,150,8,504,-242,1004,349,-6,205,516,0,-1,-1,-1,0x1020488014142015,1463,1756,1607,988,2012,1373,2012,1500,1500,1379,988,1500,1500,1500,1500,1500,1500,1500,1372,1628,1500,1541,1500,2012,1500,2012,2012,1500,1520,1505,1500,2012,8.3
2025-07-05,18:40:41.120,-75,-72,50,3778,7530,50,1,16,11654,150,8,507,-580,943,350,-6,204,515,0,-1,-1,-1,0x1020488014140015,1382,1724,1607,988,2012,1210,1981,1500,1500,1210,988,1500,1500,1500,1500,1500,1500,1500,1372,1628,1500,1541,1500,2012,1500,1989,1930,1500,1520,1505,1500,2012,8.3
2025-07-05,18:40:41.620,-80,-86,10,3771,24810,50,1,16,11376,150,8,508,-766,811,349,-6,205,516,0,-1,-1,-1,0x1020488014140015,1315,1684,1607,988,2012,1117,1913,1500,1500,1117,988,1500,1500,1500,1500,1500,1500,1500,1372,1628,1500,1541,1500,2012,1500,1969,1877,1500,1520,1505,1500,2012,8.3
2025-07-05,18:40:42.120,-78,-73,10,3768,20670,51,1,16,12798,150,8,511,2,1000,349,-6,206,516,0,-1,-1,-1,0x1020488010142015,1505,1753,1607,988,2012,1501,2010,1500,1500,1501,988,1500,1500,1500,1500,1500,1500,1500,1372,1628,1500,1541,1500,2012,1500,2010,2006,1500,1520,1505,1500,2012,8.3
2025-07-05,18:40:42.620,-78,-74,10,3756,19080,51,1,16,14504,150,8,514,-561,733,349,-6,206,516,0,-1,-1,-1,0x1020488014140015,1380,1666,1607,988,2012,1220,1865,1500,1500,1220,988,1500,1500,1500,1500,1500,1500,1500,1372,1628,1500,1541,1500,2012,1500,1957,1831,1500,1520,1505,1500,2012,8.3
2025-07-05,18:40:43.120,-73,-75,10,3756,5990,51,1,16,13022,150,8,515,-529,347,349,-6,206,516,0,-1,-1,-1,0x1020488014140015,1396,1582,1607,988,2012,1236,1677,1500,1500,1236,988,1500,1500,1500,1500,1500,1500,1500,1372,1628,1500,1541,1500,2012,1500,1734,1665,1500,1520,1505,1500,2012,8.3
2025-07-05,18:40:43.620,-69,-69,10,3764,9740,52,1,16,12660,150,8,517,98,421,349,-6,206,516,0,-1,-1,-1,0x1020488014140015,1535,1599,1607,988,2012,1549,1714,1500,1500,1549,988,1500,1500,1500,1500,1500,1500,1500,1372,1628,1500,1541,1500,2012,1500,1774,1698,1500,1520,1505,1500,2012,8.3
2025-07-05,18:40:44.120,-63,-62,10,3775,18030,51,1,16,17720,150,8,518,115,990,349,-6,205,516,0,-1,-1,-1,0x1020488014142015,1528,1748,1607,988,2012,1557,2005,1500,1500,1557,988,1500,1500,1500,1500,1500,1500,1500,1372,1628,1500,1541,1500,2012,1500,2007,1996,1500,1520,1505,1500,2012,8.3
2025-07-05,18:40:44.620,-73,-59,25,4077,2880,51,1,16,9912,150,8,519,610,107,350,-6,205,516,0,-1,-1,-1,0x1020488014140015,1644,1532,1607,988,2012,1805,1554,1500,1500,1805,988,1500,1500,1500,1500,1500,1500,1500,1372,1628,1500,1541,1500,2012,1500,1586,1565,1500,1520,1505,1500,2012,8.3
2025-07-05,18:40:45.120,-68,-51,10,4085,450,51,1,16,3716,150,8,519,-911,-503,350,-6,205,516,0,-1,-1,-1,0x10204880161C0015,1262,1252,1607,988,2012,1045,1249,1249,1500,1060,988,1500,1500,1500,1500,1500,1500,1256,1336,2012,1500,1541,1500,2012,1500,1185,1500,1500,1520,1505,1500,2012,8.3
2025-07-05,18:40:45.620,-70,-61,10,3785,1560,51,1,16,776,150,8,519,-1024,6,350,-6,205,516,0,-1,-1,-1,0x1020488014140055,1176,1501,1607,988,2012,988,1503,1500,1500,988,988,1500,1500,1500,1500,1500,1500,1500,1372,2012,1500,1541,1500,2012,1500,1505,1503,1500,1520,1505,1500,2012,8.3
2025-07-05,18:40:46.120,-57,-57,10,3787,1520,51,1,16,2504,150,8,520,-1024,383,350,-6,206,516,0,-1,-1,-1,0x1020488014140055,1176,1588,1607,988,2012,988,1695,1500,1500,988,988,1500,1500,1500,1500,1500,1500,1500,1372,1628,1500,1541,1500,2012,1500,1754,1676,1500,1520,1505,1500,2012,8.3
2025-07-05,18:40:46.620,-57,-54,10,3787,11050,50,1,16,6828,150,8,522,-724,894,349,-6,205,516,0,-1,-1,-1,0x1020488014140015,1361,1702,1607,988,2012,1138,1956,1500,1500,1138,988,1500,1500,1500,1500,1500,1500,1500,1372,1628,1500,1541,1500,2012,1500,1972,1903,1500,1520,1505,1500,2012,8.3
2025-07-05,18:40:47.120,-67,-66,10,3771,9980,50,1,16,7738,150,8,523,-1024,738,349,-6,205,516,0,-1,-1,-1,0x1020488014140015,1176,1662,1607,988,2012,988,1876,1500,1500,988,988,1500,1500,1500,1500,1500,1500,1500,1372,1628,1500,1541,1500,2012,1500,1914,1824,1500,1520,1505,1500,2012,8.3
2025-07-05,18:40:47.620,-67,-65,10,3770,29680,50,1,16,10928,150,8,526,700,952,349,-6,205,516,0,-1,-1,-1,0x1020488014140055,1666,1729,1607,988,2012,1850,1985,1500,1500,1850,988,1500,1500,1500,1500,1500,1500,1500,1372,1628,1500,1541,1500,2012,1500,1993,1957,1500,1520,1505,1500,2012,8.3
2025-07-05,18:40:48.120,-66,-76,10,3758,21060,50,1,16,12834,150,8,530,-414,915,349,-6,205,516,0,-1,-1,-1,0x1020488014140055,1423,1719,1607,988,2012,1293,1966,1500,1500,1293,988,1500,1500,1500,1500,1500,1500,1500,1372,1628,1500,1541,1500,2012,1500,1981,1938,1500,1520,1505,1500,2012,8.3
2025-07-05,18:40:48.620,-63,-76,10,3746,15150,50,1,16,12004,150,8,531,-95,695,349,-6,205,516,0,-1,-1,-1,0x1020488014140015,1488,1656,1607,988,2012,1453,1854,1500,1500,1453,988,1500,1500,1500,1500,1500,1500,1500,1372,1628,1500,1541,1500,2012,1500,1929,1812,1500,1520,1505,1500,2012,8.3
2025-07-05,18:40:49.120,-62,-76,10,3759,29170,50,1,16,14312,150,8,533,1,849,349,-6,205,516,0,-1,-1,-1,0x1020488010140015,1504,1690,1607,988,2012,1500,1933,1500,1500,1500,988,1500,1500,1500,1500,1500,1500,1500,1372,1628,1500,1541,1500,2012,1500,1956,1881,1500,1520,1505,1500,2012,8.3
2025-07-05,18:40:49.620,-70,-73,10,3761,13270,50,1,16,19094,150,9,535,-1,864,349,-6,206,516,0,-1,-1,-1,0x1020488010140015,1504,1694,1607,988,2012,1500,1940,1500,1500,1500,988,1500,1500,1500,1500,1500,1500,1500,1372,1628,1500,1541,1500,2012,1500,1961,1889,1500,1520,1505,1500,2012,8.3
2025-07-05,18:40:50.120,-72,-74,10,3763,3400,50,1,16,13246,150,9,536,-1,375,349,-6,206,516,0,-1,-1,-1,0x1020488010140015,1504,1589,1607,988,2012,1500,1691,1500,1500,1500,988,1500,1500,1500,1500,1500,1500,1500,1372,1628,1500,1541,1500,2012,1500,1749,1678,1500,1520,1505,1500,2012,8.3
2025-07-05,18:40:50.620,-70,-72,50,3776,2720,49,1,16,6316,150,9,536,4,348,349,-6,205,516,0,-1,-1,-1,0x1020488010140015,1505,1583,1607,988,2012,1502,1677,1500,1500,1502,988,1500,1500,1500,1500,1500,1500,1500,1372,1628,1500,1541,1500,2012,1500,1734,1665,1500,1520,1505,1500,2012,8.3
2025-07-05,18:40:51.120,-65,-74,100,3780,7900,50,1,16,6990,150,9,537,-715,617,349,-6,205,515,0,-1,-1,-1,0x1020488014140015,1336,1639,1607,988,2012,1138,1814,1500,1500,1143,988,1500,1500,1500,1500,1500,1500,1500,1372,1628,1500,1541,1500,2012,1500,1865,1777,1500,1520,1505,1500,2012,8.3
2025-07-05,18:40:51.620,-75,-86,10,3776,17450,51,1,16,15562,150,9,538,-844,1000,350,-6,205,516,0,-1,-1,-1,0x1020488014142015,1280,1753,1607,988,2012,1078,2010,1500,1500,1078,988,1500,1500,1500,1500,1500,1500,1500,1372,1628,1500,1541,1500,2012,1500,2010,2006,1500,1520,1505,1500,2012,8.3
2025-07-05,18:40:52.120,-75,-82,10,3762,1730,51,1,16,14184,150,9,540,537,3,349,-6,206,516,0,-1,-1,-1,0x1020488014140015,1623,1501,1607,988,2012,1768,1501,1500,1500,1768,988,1500,1500,1500,1500,1500,1500,1500,1018,2012,1500,1541,1500,2012,1500,1502,1501,1500,1520,1505,1500,2012,8.3
2025-07-05,18:40:52.620,-73,-80,10,3762,17960,51,1,16,14794,150,9,541,-776,1002,349,-6,205,516,0,-1,-1,-1,0x1020488014142015,1312,1754,1607,988,2012,1112,2011,1500,1500,1112,988,1500,1500,1500,1500,1500,1500,1500,1372,1628,1500,1541,1500,2012,1500,2011,2008,1500,1520,1505,1500,2012,8.3
2025-07-05,18:40:53.120,-74,-76,10,3776,1590,51,1,16,11906,150,9,542,-14,85,349,-6,205,516,0,-1,-1,-1,0x1020488010140015,1452,1524,1607,988,2012,1493,1543,1500,1500,1493,988,1500,1500,1500,1500,1500,1500,1500,1372,1628,1500,1541,1500,2012,1500,1565,1547,1500,1520,1505,1500,2012,8.3
2025-07-05,18:40:53.620,-74,-82,10,3781,1490,51,1,16,3020,150,9,542,-1024,96,350,-6,205,516,0,-1,-1,-1,0x1020488014140015,1176,1526,1607,988,2012,988,1549,1500,1500,988,988,1500,1500,1500,1500,1500,1500,1500,1372,1628,1500,1541,1500,2012,1500,1573,1552,1500,1520,1505,1500,2012,8.3
2025-07-05,18:40:54.120,-76,-84,10,3782,1460,52,1,16,0,150,9,543,-1,58,349,-6,205,516,0,-1,-1,-1,0x1020488010140015,1504,1516,1607,988,2012,1500,1529,1500,1500,1500,988,1500,1500,1500,1500,1500,1500,1500,1219,1832,1500,1541,1500,2012,1500,1545,1533,1500,1520,1505,1500,2012,8.3
2025-07-05,18:40:54.620,-75,-90,10,3784,1460,51,1,16,0,150,9,543,-1,28,349,-6,206,516,0,-1,-1,-1,0x1020488010140015,1504,1508,1607,988,2012,1500,1514,1500,1500,1500,988,1500,1500,1500,1500,1500,1500,1500,1372,2012,1500,1541,1500,2012,1500,1522,1515,1500,1520,1505,1500,2012,8.3
2025-07-05,18:40:55.120,-74,-77,10,3785,1450,50,1,16,0,150,9,543,-1,45,349,-6,206,516,0,-1,-1,-1,0x1020488010140015,1504,1512,1607,988,2012,1500,1523,1500,1500,1500,988,1500,1500,1500,1500,1500,1500,1500,1372,2012,1500,1541,1500,2012,1500,1535,1525,1500,1520,1505,1500,2012,8.3
2025-07-05,18:40:55.620,-71,-73,10,3786,1450,49,1,16,0,150,9,543,0,39,349,-6,205,516,0,-1,-1,-1,0x1020488010140015,1504,1511,1607,988,2012,1500,1520,1500,1500,1500,988,1500,1500,1500,1500,1500,1500,1500,1500,2012,1500,1541,1500,2012,1500,1530,1521,1500,1520,1505,1500,2012,8.3
2025-07-05,18:40:56.120,-71,-82,10,3786,1460,49,1,16,8,150,9,543,7,38,350,-6,205,516,0,-1,-1,-1,0x1020488010140015,1505,1510,1607,988,2012,1503,1519,1500,1500,1503,988,1500,1500,1500,1500,1500,1500,1500,1500,2012,1500,1541,1500,2012,1500,1530,1521,1500,1520,1505,1500,2012,8.3
2025-07-05,18:40:56.620,-71,-69,10,3787,1460,49,1,16,0,150,9,544,7,40,350,-6,206,516,0,-1,-1,-1,0x1020488010140015,1506,1511,1607,988,2012,1503,1520,1500,1500,1503,988,1500,1500,1500,1500,1500,1500,1500,1500,2012,1500,1541,1500,2012,1500,1531,1522,1500,1520,1505,1500,2012,8.3
2025-07-05,18:40:57.120,-80,-69,10,3787,1550,49,1,16,0,150,9,544,5,44,350,-6,206,516,0,-1,-1,-1,0x1020488010140015,1505,1512,1599,988,2012,1502,1522,1500,1500,1502,988,1500,1500,1500,1500,1500,1500,1500,1500,2012,1500,1541,1500,2012,1500,1534,1524,1500,1520,1505,1500,2012,8.3
2025-07-05,18:40:57.620,-71,-79,10,3788,17710,49,1,16,4498,150,9,545,249,486,349,-6,206,516,0,-1,-1,-1,0x1020488014140055,1548,1615,1607,988,2012,1624,1748,1500,1500,1624,988,1500,1500,1500,1500,1500,1500,1500,1372,1628,1500,1541,1500,2012,1500,1806,1730,1500,1520,1505,1500,2012,8.3
2025-07-05,18:40:58.120,-84,-75,25,3781,2120,49,1,16,5110,150,9,546,1024,372,349,-6,205,516,0,-1,-1,-1,0x1020488014140055,1786,1586,1607,988,2012,2012,1689,1500,1500,2012,988,1500,1500,1500,1500,1500,1500,1500,1372,1628,1500,1541,1500,2012,1500,1748,1671,1500,1520,1505,1500,2012,8.3
2025-07-05,18:40:58.620,-69,-82,10,3777,2590,49,1,16,4240,150,9,547,1008,336,349,-6,205,516,0,-1,-1,-1,0x1020488014140415,1785,1577,1607,988,2012,2004,1671,1500,1500,2004,988,1500,1500,1500,1500,1500,1500,1500,1372,1628,1500,1541,1500,2012,1500,1728,1653,1500,1520,1505,1500,2012,8.3
2025-07-05,18:40:59.120,-73,-74,10,3781,3650,50,1,16,6480,150,9,549,997,629,349,-6,205,516,0,-1,-1,-1,0x1020488014140015,1785,1643,1607,988,2012,1998,1821,1500,1500,1998,988,1500,1500,1500,1500,1500,1500,1500,1372,1628,1500,1541,1500,2012,1500,1870,1786,1500,1520,1505,1500,2012,8.3
2025-07-05,18:40:59.620,-73,-73,10,3776,16450,50,1,16,8538,1,9,549,-15,715,349,-6,205,516,0,-1,-1,-1,0x1020480010140015,1500,1654,1607,988,2012,1493,1864,1500,1500,1493,988,1500,1500,1500,1500,1500,1500,1500,1372,1628,1500,1541,1500,2012,1500,1905,1807,1500,1520,1505,1500,2012,8.3
2025-07-05,18:41:00.120,-77,-75,10,3760,5490,50,1,16,11912,1,9,549,4,928,349,-6,205,516,0,-1,-1,-1,0x1020480010140015,1505,1716,1607,988,2012,1502,1973,1500,1500,1502,988,1500,1500,1500,1500,1500,1500,1500,1372,1628,1500,1541,1500,2012,1500,1984,1932,1500,1520,1505,1500,2012,8.3
2025-07-05,18:41:00.620,-71,-77,10,3751,1810,50,1,16,11956,1,9,549,6,219,349,-6,206,516,0,-1,-1,-1,0x1020480010140015,1505,1553,1607,988,2012,1503,1611,1500,1500,1503,988,1500,1500,1500,1500,1500,1500,1500,1372,1628,1500,1541,1500,2012,1500,1658,1607,1500,1520,1505,1500,2012,8.3
2025-07-05,18:41:01.120,-69,-71,100,3774,1870,50,1,16,10704,1,9,549,-1024,2,349,-6,205,516,0,-1,-1,-1,0x1020480014140015,1176,1500,1607,988,2012,988,1501,1500,1500,988,988,1500,1500,1500,1500,1500,1500,1500,1039,2012,1500,1541,1500,2012,1500,1501,1501,1500,1520,1505,1500,2012,8.3
2025-07-05,18:41:01.620,-61,-72,10,3782,11320,50,1,16,64056,1,9,549,-1024,678,349,-6,205,516,0,-1,-1,-1,0x1020480014140055,1176,1650,1607,988,2012,988,1846,1500,1500,988,988,1500,1500,1500,1500,1500,1500,1500,1372,1628,1500,1541,1500,2012,1500,1890,1801,1500,1520,1505,1500,2012,8.3
2025-07-05,18:41:02.120,-80,-77,10,3775,22400,50,1,16,8388,1,9,549,-853,878,349,-6,206,516,0,-1,-1,-1,0x1020480014140055,1283,1698,1607,988,2012,1068,1947,1500,1500,1074,988,1500,1500,1500,1500,1500,1500,1500,1372,1628,1500,1541,1500,2012,1500,1966,1896,1500,1520,1505,1500,2012,8.3
2025-07-05,18:41:02.620,-73,-76,10,3758,2880,51,1,16,7144,150,9,560,1024,527,350,-6,206,516,0,-1,-1,-1,0x1020480014140015,1786,1621,1607,988,2012,2012,1769,1500,1500,2012,988,1500,1500,1500,1500,1500,1500,1500,1372,1628,1500,1541,1500,2012,1500,1825,1741,1500,1520,1505,1500,2012,8.3
2025-07-05,18:41:03.120,-64,-69,10,3760,16560,51,1,16,9704,150,9,561,1024,835,349,-6,205,516,0,-1,-1,-1,0x1020480014140015,1785,1687,1607,988,2012,2012,1926,1500,1500,2012,988,1500,1500,1500,1500,1500,1500,1500,1372,1628,1500,1541,1500,2012,1500,1951,1874,1500,1520,1505,1500,2012,8.3
2025-07-05,18:41:03.620,-62,-69,10,3760,14360,51,1,16,8866,150,9,563,1016,822,349,-6,206,516,0,-1,-1,-1,0x1020488014140055,1781,1684,1607,988,2012,2008,1919,1500,1500,2008,988,1500,1500,1500,1500,1500,1500,1500,1372,1628,1500,1541,1500,2012,1500,1946,1867,1500,1520,1505,1500,2012,8.3
2025-07-05,18:41:04.120,-71,-73,10,3757,27250,51,1,16,12050,150,9,566,-129,992,349,-6,205,516,0,-1,-1,-1,0x1020488014142055,1483,1749,1607,988,2012,1436,2006,1500,1500,1436,988,1500,1500,1500,1500,1500,1500,1500,1372,1628,1500,1541,1500,2012,1500,2007,1998,1500,1520,1505,1500,2012,8.3
2025-07-05,18:41:04.620,-67,-79,10,4374,13820,51,1,16,17868,150,9,569,11,915,349,-6,206,516,0,-1,-1,-1,0x1020488010140015,1506,1717,1607,988,2012,1505,1966,1500,1500,1505,988,1500,1500,1500,1500,1500,1500,1500,1372,1628,1500,1541,1500,2012,1500,1985,1933,1500,1520,1505,1500,2012,8.3
2025-07-05,18:41:05.120,-66,-66,10,3751,7210,51,1,16,10588,150,9,570,11,848,349,-6,206,516,0,-1,-1,-1,0x1020488010140015,1506,1687,1607,988,2012,1505,1932,1500,1500,1505,988,1500,1500,1500,1500,1500,1500,1500,1372,1628,1500,1541,1500,2012,1500,1955,1874,1500,1520,1505,1500,2012,8.3
2025-07-05,18:41:05.620,-66,-67,10,3762,12510,51,1,16,12130,150,9,572,304,890,349,-6,205,516,0,-1,-1,-1,0x1020488014140015,1573,1701,1607,988,2012,1652,1954,1500,1500,1646,988,1500,1500,1500,1500,1500,1500,1500,1372,1628,1500,1541,1500,2012,1500,1971,1902,1500,1520,1505,1500,2012,8.3
2025-07-05,18:41:06.120,-71,-68,250,3762,2050,52,1,16,10180,150,9,573,-1024,335,349,-6,205,516,0,-1,-1,-1,0x1020488014140015,1176,1575,1607,988,2012,988,1671,1500,1500,988,988,1500,1500,1500,1500,1500,1500,1500,1372,1628,1500,1541,1500,2012,1500,1715,1638,1500,1520,1505,1500,2012,8.3
2025-07-05,18:41:06.620,-67,-68,10,3762,8450,52,1,16,13254,150,9,574,-470,656,349,-6,205,516,0,-1,-1,-1,0x1020488014140015,1433,1646,1607,988,2012,1265,1834,1500,1500,1265,988,1500,1500,1500,1500,1500,1500,1500,1372,1628,1500,1541,1500,2012,1500,1881,1793,1500,1520,1505,1500,2012,8.3
2025-07-05,18:41:07.120,-69,-68,10,3767,10390,53,1,16,64452,150,9,575,17,787,349,-6,205,516,0,-1,-1,-1,0x1020488010140055,1508,1674,1607,988,2012,1508,1901,1500,1500,1508,988,1500,1500,1500,1500,1500,1500,1500,1372,1628,1500,1541,1500,2012,1500,1932,1849,1500,1520,1505,1500,2012,8.3
2025-07-05,18:41:07.620,-69,-73,25,3764,21230,54,1,16,12488,150,9,579,-2,999,349,-6,206,516,0,-1,-1,-1,0x1020488010142055,1504,1753,1607,988,2012,1499,2009,1500,1500,1499,988,1500,1500,1500,1500,1500,1500,1500,1372,1628,1500,1541,1500,2012,1500,2010,2005,1500,1520,1505,1500,2012,8.3
2025-07-05,18:41:08.120,-65,-73,10,3740,21760,54,1,16,16182,150,9,582,204,993,349,-6,206,516,0,-1,-1,-1,0x1020488014142015,1551,1750,1607,988,2012,1602,2006,1500,1500,1602,988,1500,1500,1500,1500,1500,1500,1500,1372,1628,1500,1541,1500,2012,1500,2008,1999,1500,1520,1505,1500,2012,8.3
2025-07-05,18:41:08.620,-64,-67,10,3743,18170,53,1,16,14252,150,9,584,3,993,349,-6,205,516,0,-1,-1,-1,0x1020488010142015,1505,1750,1607,988,2012,1501,2006,1500,1500,1502,988,1500,1500,1500,1500,1500,1500,1500,1372,1628,1500,1541,1500,2012,1500,2008,1999,1500,1520,1505,1500,2012,8.3
2025-07-05,18:41:09.120,-67,-70,10,3745,18490,51,1,16,14684,150,9,587,1022,994,349,-6,206,516,0,-1,-1,-1,0x1020488014142015,1784,1750,1607,988,2012,2011,2007,1500,1500,2011,988,1500,1500,1500,1500,1500,1500,1500,1372,1628,1500,1541,1500,2012,1500,2008,2000,1500,1520,1505,1500,2012,8.3
2025-07-05,18:41:09.620,-71,-72,10,3743,19510,56,1,16,12850,38,9,587,-2,996,349,-6,205,516,0,-1,-1,-1,0x1020480010142015,1504,1751,1607,988,2012,1499,2008,1500,1500,1499,988,1500,1500,1500,1500,1500,1500,1500,1372,1628,1500,1541,1500,2012,1500,2009,2001,1500,1520,1505,1500,2012,8.3
2025-07-05,18:41:10.120,-74,-72,10,3742,18700,53,1,16,14720,1,9,587,-425,995,349,-6,206,516,0,-1,-1,-1,0x1020480014142015,1433,1751,1607,988,2012,1288,2007,1500,1500,1288,988,1500,1500,1500,1500,1500,1500,1500,1372,1628,1500,1541,1500,2012,1500,2008,2001,1500,1520,1505,1500,2012,8.3
2025-07-05,18:41:10.620,-74,-76,10,3743,16880,52,1,16,16598,1,9,587,-213,996,349,-6,206,516,0,-1,-1,-1,0x1020480014142015,1467,1751,1607,988,2012,1394,2008,1500,1500,1394,988,1500,1500,1500,1500,1500,1500,1500,1372,1628,1500,1541,1500,2012,1500,2009,2002,1500,1520,1505,1500,2012,8.3
2025-07-05,18:41:11.120,-70,-74,10,3744,5920,51,1,16,17536,1,9,587,-366,716,350,-6,206,516,0,-1,-1,-1,0x1020480014140015,1443,1661,1607,988,2012,1317,1865,1500,1500,1327,988,1500,1500,1500,1500,1500,1500,1500,1372,1628,1500,1541,1500,2012,1500,1912,1822,1500,1520,1505,1500,2012,8.3
2025-07-05,18:41:11.620,-78,-73,10,3753,0,52,1,16,8804,1,9,587,1021,-684,350,-6,206,516,0,-1,-1,-1,0x1020480016140015,1784,1155,1607,988,2012,2010,1158,1152,1500,2010,988,1500,1500,1500,1500,1500,1500,1152,1264,2012,1500,1541,1500,2012,1500,1109,1500,1500,1520,1505,1500,2012,8.3
2025-07-05,18:41:12.120,-73,-75,10,3767,27060,52,1,16,12576,1,9,587,-290,988,350,-5,205,516,0,-1,-1,1,0x1020480014142055,1453,1747,1607,988,2012,1355,2004,1500,1500,1355,988,1500,1500,1500,1500,1500,1500,1500,1372,1628,1500,1541,1500,2012,1500,2006,1994,1500,1520,1505,1500,2012,8.3
2025-07-05,18:41:12.620,-73,-77,10,3754,16840,51,1,16,17806,75,9,587,551,990,349,-6,205,515,0,-1,-1,-1,0x1020480014142055,1642,1748,1607,988,2012,1768,2005,1500,1500,1775,988,1500,1500,1500,1500,1500,1500,1500,1372,1628,1500,1541,1500,2012,1500,2007,1996,1500,1520,1505,1500,2012,8.3
2025-07-05,18:41:13.120,-74,-83,10,3745,16460,51,1,16,17902,1,9,600,1022,995,349,-6,206,516,0,-1,-1,-1,0x1020480014142015,1784,1751,1607,988,2012,2011,2007,1500,1500,2011,988,1500,1500,1500,1500,1500,1500,1500,1372,1628,1500,1541,1500,2012,1500,2008,2001,1500,1520,1505,1500,2012,8.3
2025-07-05,18:41:13.620,-74,-77,10,3744,20350,52,1,16,12674,1,9,600,908,996,349,-6,205,516,0,-1,-1,-1,0x1020480014142015,1733,1751,1607,988,2012,1954,2008,1500,1500,1954,988,1500,1500,1500,1500,1500,1500,1500,1372,1628,1500,1541,1500,2012,1500,2009,2002,1500,1520,1505,1500,2012,8.3
2025-07-05,18:41:14.120,-71,-70,10,3742,4310,53,1,16,9664,1,9,600,404,461,349,-6,205,516,0,-1,-1,-1,0x1020480014140015,1599,1608,1607,988,2012,1702,1735,1500,1500,1707,988,1500,1500,1500,1500,1500,1500,1500,1372,1628,1500,1541,1500,2012,1500,1794,1715,1500,1520,1505,1500,2012,8.3
2025-07-05,18:41:14.610,-63,-57,10,3758,37520,53,1,16,13698,1,9,600,409,998,349,-6,205,516,0,-1,-1,-1,0x1020480014142015,1589,1752,1607,988,2012,1704,2009,1500,1500,1704,988,1500,1500,1500,1500,1500,1500,1500,1372,1628,1500,1541,1500,2012,1500,2009,2004,1500,1520,1505,1500,2012,8.3
2025-07-05,18:41:15.100,-65,-68,10,3762,47070,53,1,16,10800,1,9,600,589,998,349,-6,205,516,0,-1,-1,-1,0x1020480014142015,1636,1752,1607,988,2012,1794,2009,1500,1500,1789,988,1500,1500,1500,1500,1500,1500,1500,1372,1628,1500,1541,1500,2012,1500,2009,2004,1500,1520,1505,1500,2012,8.3
2025-07-05,18:41:15.580,-70,-68,10,3735,22300,53,1,16,12640,75,9,615,1020,928,349,-6,205,516,0,-1,-1,-1,0x1020480014140015,1783,1717,1607,988,2012,2010,1973,1500,1500,2009,988,1500,1500,1500,1500,1500,1500,1500,1372,1628,1500,1541,1500,2012,1500,1985,1933,1500,1520,1505,1500,2012,8.3
2025-07-05,18:41:16.080,-68,-71,10,3726,13880,53,1,16,11662,150,9,617,-767,886,349,-6,205,516,0,-1,-1,-1,0x1020480014140015,1309,1700,1607,988,2012,1117,1952,1500,1500,1109,988,1500,1500,1500,1500,1500,1500,1500,1372,1628,1500,1541,1500,2012,1500,1969,1900,1500,1520,1505,1500,2012,8.3
2025-07-05,18:41:16.580,-74,-73,10,3745,9400,53,1,16,9634,150,9,619,-586,767,349,-6,206,516,0,-1,-1,-1,0x1020480014140055,1373,1670,1607,988,2012,1207,1891,1500,1500,1195,988,1500,1500,1500,1500,1500,1500,1500,1372,1628,1500,1541,1500,2012,1500,1925,1839,1500,1520,1505,1500,2012,8.3
2025-07-05,18:41:17.080,-78,-80,10,3747,33770,53,1,16,11688,150,9,621,-653,1000,349,-6,205,516,0,-1,-1,-1,0x1020488014142055,1359,1753,1607,988,2012,1174,2010,1500,1500,1174,988,1500,1500,1500,1500,1500,1500,1500,1372,1628,1500,1541,1500,2012,1500,2010,2006,1500,1520,1505,1500,2012,8.3
2025-07-05,18:41:17.580,-72,-77,10,4057,20960,53,1,16,12506,150,9,624,-450,1000,349,-6,206,516,0,-1,-1,-1,0x1020488014142015,1417,1753,1607,988,2012,1275,2010,1500,1500,1275,988,1500,1500,1500,1500,1500,1500,1500,1372,1628,1500,1541,1500,2012,1500,2010,2006,1500,1520,1505,1500,2012,8.3
2025-07-05,18:41:18.080,-68,-67,25,4374,2020,54,1,16,12560,150,9,626,995,612,349,-6,205,516,0,-1,-1,-1,0x1020488014140015,1775,1635,1607,988,2012,1997,1812,1500,1500,2002,988,1500,1500,1500,1500,1500,1500,1500,1372,1628,1500,1541,1500,2012,1500,1857,1765,1500,1520,1505,1500,2012,8.3
2025-07-05,18:41:18.580,-65,-76,10,3744,4170,55,1,16,16224,1,9,626,-1024,242,350,-6,205,516,0,-1,-1,-1,0x1020480014140015,1176,1559,1607,988,2012,988,1623,1500,1500,988,988,1500,1500,1500,1500,1500,1500,1500,1372,1628,1500,1541,1500,2012,1500,1706,1617,1500,1520,1505,1500,2012,8.3
2025-07-05,18:41:19.080,-68,-72,10,3758,27940,54,1,16,7976,1,9,626,756,789,349,-6,205,516,0,-1,-1,-1,0x1020480014140015,1686,1678,1607,988,2012,1878,1902,1500,1500,1878,988,1500,1500,1500,1500,1500,1500,1500,1372,1628,1500,1541,1500,2012,1500,1944,1862,1500,1520,1505,1500,2012,8.3
2025-07-05,18:41:19.580,-60,-67,10,3761,3310,55,1,16,3722,1,9,626,-916,392,349,-6,206,516,0,-1,-1,-1,0x1020480014140015,1242,1593,1607,988,2012,1042,1700,1500,1500,1042,988,1500,1500,1500,1500,1500,1500,1500,1372,1628,1500,1541,1500,2012,1500,1758,1685,1500,1520,1505,1500,2012,8.3
2025-07-05,18:41:20.080,-70,-65,10,3762,8250,56,1,16,62604,1,9,626,200,546,349,-6,206,516,0,-1,-1,-1,0x1020480014140015,1551,1625,1607,988,2012,1600,1778,1500,1500,1600,988,1500,1500,1500,1500,1500,1500,1500,1372,1628,1500,1541,1500,2012,1500,1833,1749,1500,1520,1505,1500,2012,8.3
2025-07-05,18:41:20.580,-70,-65,10,3761,26040,55,1,16,7136,1,9,626,-475,869,349,-6,206,516,0,-1,-1,-1,0x1020480014140055,1406,1696,1607,988,2012,1263,1943,1500,1500,1254,988,1500,1500,1500,1500,1500,1500,1500,1372,1628,1500,1541,1500,2012,1500,1963,1892,1500,1520,1505,1500,2012,8.3
2025-07-05,18:41:21.080,-70,-68,10,3757,24170,53,1,16,9046,38,9,633,-536,992,349,-6,206,516,0,-1,-1,-1,0x1020480014142055,1397,1749,1607,988,2012,1232,2006,1500,1500,1238,988,1500,1500,1500,1500,1500,1500,1500,1372,1628,1500,1541,1500,2012,1500,2007,1997,1500,1520,1505,1500,2012,8.3
2025-07-05,18:41:21.580,-74,-80,10,3739,31980,53,1,16,11942,150,9,636,75,992,349,-6,205,516,0,-1,-1,-1,0x1020480014142015,1521,1749,1607,988,2012,1537,2006,1500,1500,1537,988,1500,1500,1500,1500,1500,1500,1500,1372,1628,1500,1541,1500,2012,1500,2007,1998,1500,1520,1505,1500,2012,8.3
2025-07-05,18:41:22.080,-62,-67,10,3732,10750,53,1,16,21434,150,9,639,0,992,349,-6,205,516,0,-1,-1,-1,0x1020480010142015,1504,1749,1607,988,2012,1500,2006,1500,1500,1500,988,1500,1500,1500,1500,1500,1500,1500,1372,1628,1500,1541,1500,2012,1500,2007,1998,1500,1520,1505,1500,2012,8.3
2025-07-05,18:41:22.580,-67,-75,10,3745,4150,53,1,16,16574,150,9,641,85,364,349,-6,206,516,0,-1,-1,-1,0x1020488014140015,1524,1586,1607,988,2012,1542,1685,1500,1500,1542,988,1500,1500,1500,1500,1500,1500,1500,1372,1628,1500,1541,1500,2012,1500,1744,1673,1500,1520,1505,1500,2012,8.3
2025-07-05,18:41:23.080,-58,-61,10,4067,2280,53,1,16,3568,150,9,641,-3,324,350,-6,205,516,0,-1,-1,-1,0x1020488010140015,1504,1577,1607,988,2012,1499,1665,1500,1500,1499,988,1500,1500,1500,1500,1500,1500,1500,1372,1628,1500,1541,1500,2012,1500,1721,1654,1500,1520,1505,1500,2012,8.3
2025-07-05,18:41:23.580,-70,-81,10,4075,3800,52,1,16,6250,150,9,641,-2,369,349,-6,206,516,0,-1,-1,-1,0x1020488010140015,1504,1587,1607,988,2012,1499,1688,1500,1500,1499,988,1500,1500,1500,1500,1500,1500,1500,1372,1628,1500,1541,1500,2012,1500,1746,1675,1500,1520,1505,1500,2012,8.3
2025-07-05,18:41:24.080,-66,-65,10,3768,3070,52,1,16,4692,150,9,642,-1,377,349,-6,206,516,0,-1,-1,-1,0x1020488010140015,1504,1589,1607,988,2012,1500,1692,1500,1500,1499,988,1500,1500,1500,1500,1500,1500,1500,1372,1628,1500,1541,1500,2012,1500,1750,1679,1500,1520,1505,1500,2012,8.3
2025-07-05,18:41:24.580,-67,-65,10,3769,2700,52,1,16,9372,150,9,644,1024,208,350,-6,205,516,0,-1,-1,-1,0x1020488014140015,1786,1551,1607,988,2012,2012,1606,1500,1500,2012,988,1500,1500,1500,1500,1500,1500,1500,1372,1628,1500,1541,1500,2012,1500,1677,1602,1500,1520,1505,1500,2012,8.3
2025-07-05,18:41:25.080,-67,-66,10,3767,6160,52,1,16,9994,150,9,645,791,452,349,-6,205,516,0,-1,-1,-1,0x1020488014140015,1697,1606,1607,988,2012,1895,1730,1500,1500,1896,988,1500,1500,1500,1500,1500,1500,1500,1372,1628,1500,1541,1500,2012,1500,1789,1712,1500,1520,1505,1500,2012,8.3
2025-07-05,18:41:25.580,-74,-80,10,3762,2110,52,1,16,7014,150,9,646,1024,261,349,-6,206,516,0,-1,-1,-1,0x1020488014140015,1786,1563,1607,988,2012,2012,1633,1500,1500,2012,988,1500,1500,1500,1500,1500,1500,1500,1372,1628,1500,1541,1500,2012,1500,1684,1626,1500,1520,1505,1500,2012,8.3
2025-07-05,18:41:26.080,-56,-56,250,3766,25580,52,1,16,5056,150,9,646,-439,999,349,-6,205,516,0,-1,-1,-1,0x1020488014142055,1420,1753,1607,988,2012,1281,2009,1500,1500,1281,988,1500,1500,1500,1500,1500,1500,1500,1372,1628,1500,1541,1500,2012,1500,2010,2005,1500,1520,1505,1500,2012,8.3
2025-07-05,18:41:26.580,-73,-77,10,3763,31100,52,1,16,7898,150,9,649,11,1000,349,-6,206,516,0,-1,-1,-1,0x1020488010142055,1506,1753,1607,988,2012,1505,2010,1500,1500,1505,988,1500,1500,1500,1500,1500,1500,1500,1372,1628,1500,1541,1500,2012,1500,2010,2006,1500,1520,1505,1500,2012,8.3
2025-07-05,18:41:27.080,-68,-61,10,3737,18450,52,1,16,15014,150,9,652,-143,997,349,-6,206,516,0,-1,-1,-1,0x1020488014142015,1480,1752,1607,988,2012,1429,2008,1500,1500,1429,988,1500,1500,1500,1500,1500,1500,1500,1372,1628,1500,1541,1500,2012,1500,2009,2003,1500,1520,1505,1500,2012,8.3
2025-07-05,18:41:27.580,-56,-58,10,3738,18370,52,1,16,14424,150,9,655,-62,998,349,-6,206,516,0,-1,-1,-1,0x1020488014142015,1492,1752,1607,988,2012,1469,2009,1500,1500,1462,988,1500,1500,1500,1500,1500,1500,1500,1372,1628,1500,1541,1500,2012,1500,2009,2004,1500,1520,1505,1500,2012,8.3
2025-07-05,18:41:28.080,-61,-57,10,3739,17470,52,1,16,15126,150,9,657,3,999,349,-6,206,516,0,-1,-1,-1,0x1020488010142015,1505,1753,1607,988,2012,1501,2009,1500,1500,1501,988,1500,1500,1500,1500,1500,1500,1500,1372,1628,1500,1541,1500,2012,1500,2010,2004,1500,1520,1505,1500,2012,8.3
2025-07-05,18:41:28.580,-66,-61,10,4685,16230,52,1,16,16674,150,9,660,203,999,349,-6,205,515,0,-1,-1,-1,0x1020488014142015,1551,1753,1607,988,2012,1601,2009,1500,1500,1602,988,1500,1500,1500,1500,1500,1500,1500,1372,1628,1500,1541,1500,2012,1500,2010,2005,1500,1520,1505,1500,2012,8.3
2025-07-05,18:41:29.080,-71,-70,10,3741,15890,52,1,16,17896,150,9,662,34,998,349,-6,205,516,0,-1,-1,-1,0x1020488010142015,1512,1752,1607,988,2012,1517,2009,1500,1500,1517,988,1500,1500,1500,1500,1500,1500,1500,1372,1628,1500,1541,1500,2012,1500,2009,2004,1500,1520,1505,1500,2012,8.3
2025-07-05,18:41:29.580,-67,-69,25,3743,15650,52,1,16,20690,150,9,664,242,998,349,-6,205,516,0,-1,-1,-1,0x1020488014142015,1561,1752,1607,988,2012,1621,2009,1500,1500,1621,988,1500,1500,1500,1500,1500,1500,1500,1372,1628,1500,1541,1500,2012,1500,2009,2004,1500,1520,1505,1500,2012,8.3
2025-07-05,18:41:30.080,-69,-65,25,3744,7070,52,1,16,16876,150,10,666,1024,687,349,-6,206,516,0,-1,-1,-1,0x1020488014140015,1786,1652,1607,988,2012,2012,1850,1500,1500,2012,988,1500,1500,1500,1500,1500,1500,1500,1372,1628,1500,1541,1500,2012,1500,1894,1804,1500,1520,1505,1500,2012,8.3
2025-07-05,18:41:30.580,-66,-79,10,3757,13050,56,1,16,12546,1,10,666,893,854,349,-6,205,516,0,-1,-1,-1,0x1020480014140015,1728,1692,1607,988,2012,1946,1935,1500,1500,1946,988,1500,1500,1500,1500,1500,1500,1500,1372,1628,1500,1541,1500,2012,1500,1958,1885,1500,1520,1505,1500,2012,8.3
2025-07-05,18:41:31.080,-70,-75,10,3753,18750,55,1,16,14594,1,10,666,181,994,349,-6,205,516,0,-1,-1,-1,0x1020480014142015,1542,1750,1607,988,2012,1590,2007,1500,1500,1582,988,1500,1500,1500,1500,1500,1500,1500,1372,1628,1500,1541,1500,2012,1500,2008,2000,1500,1520,1505,1500,2012,8.3
2025-07-05,18:41:31.580,-67,-72,10,3744,18640,54,1,16,14750,1,10,666,-2,859,349,-6,206,516,0,-1,-1,-1,0x1020480010140015,1504,1693,1607,988,2012,1499,1938,1500,1500,1499,988,1500,1500,1500,1500,1500,1500,1500,1372,1628,1500,1541,1500,2012,1500,1960,1886,1500,1520,1505,1500,2012,8.3
2025-07-05,18:41:32.080,-68,-63,10,3739,4260,54,1,16,13146,1,10,666,1022,526,349,-6,205,516,0,-1,-1,-1,0x1020480014140015,1784,1621,1607,988,2012,2011,1768,1500,1500,2011,988,1500,1500,1500,1500,1500,1500,1500,1372,1628,1500,1541,1500,2012,1500,1824,1741,1500,1520,1505,1500,2012,8.3
2025-07-05,18:41:32.580,-72,-74,10,3753,5660,54,1,16,15440,1,10,666,524,678,349,-6,205,516,0,-1,-1,-1,0x1020480014140015,1623,1650,1607,988,2012,1762,1846,1500,1500,1762,988,1500,1500,1500,1500,1500,1500,1500,1372,1628,1500,1541,1500,2012,1500,1890,1801,1500,1520,1505,1500,2012,8.3
2025-07-05,18:41:33.080,-72,-72,25,3758,8260,56,1,16,9908,1,10,666,1024,701,349,-6,205,516,0,-1,-1,-1,0x1020480014140015,1786,1655,1607,988,2012,2012,1857,1500,1500,2012,988,1500,1500,1500,1500,1500,1500,1500,1372,1628,1500,1541,1500,2012,1500,1899,1809,1500,1520,1505,1500,2012,8.3
2025-07-05,18:41:33.580,-74,-74,100,3757,9960,56,1,16,11144,1,10,666,-346,911,349,-6,205,516,0,-1,-1,-1,0x1020480014140015,1443,1703,1607,988,2012,1327,1964,1500,1500,1327,988,1500,1500,1500,1500,1500,1500,1500,1372,1628,1500,1541,1500,2012,1500,1974,1906,1500,1520,1505,1500,2012,8.3
2025-07-05,18:41:34.080,-74,-84,10,3754,14480,56,1,16,16576,1,10,666,-73,657,349,-6,205,516,0,-1,-1,-1,0x1020480010140055,1502,1646,1607,988,2012,1457,1827,1500,1500,1495,988,1500,1500,1500,1500,1500,1500,1500,1372,1628,1500,1541,1500,2012,1500,1919,1819,1500,1520,1505,1500,2012,8.3
2025-07-05,18:41:34.580,-77,-74,25,3741,11620,54,1,16,10852,1,10,666,11,875,349,-6,205,516,0,-1,-1,-1,0x1020480010140055,1506,1693,1607,988,2012,1505,1946,1500,1500,1505,988,1500,1500,1500,1500,1500,1500,1500,1372,1628,1500,1541,1500,2012,1500,1960,1887,1500,1520,1505,1500,2012,8.3
2025-07-05,18:41:35.080,-70,-74,10,3747,13580,52,1,16,12192,1,10,666,252,670,349,-6,206,516,0,-1,-1,-1,0x1020480014140015,1557,1651,1607,988,2012,1626,1841,1500,1500,1615,988,1500,1500,1500,1500,1500,1500,1500,1372,1628,1500,1541,1500,2012,1500,1926,1808,1500,1520,1505,1500,2012,8.3
2025-07-05,18:41:35.580,-75,-75,10,3753,6190,52,1,16,11766,1,10,666,408,709,349,-6,206,516,0,-1,-1,-1,0x1020480014140015,1602,1656,1607,988,2012,1704,1861,1500,1500,1712,988,1500,1500,1500,1500,1500,1500,1500,1372,1628,1500,1541,1500,2012,1500,1903,1813,1500,1520,1505,1500,2012,8.3
2025-07-05,18:41:36.080,-70,-76,10,3754,13100,52,1,16,10568,1,10,666,1024,859,349,-6,206,516,0,-1,-1,-1,0x1020480014140015,1786,1693,1607,988,2012,2012,1938,1500,1500,2012,988,1500,1500,1500,1500,1500,1500,1500,1372,1628,1500,1541,1500,2012,1500,1960,1886,1500,1520,1505,1500,2012,8.3
2025-07-05,18:41:36.580,-68,-75,10,3749,7190,54,1,16,6512,1,10,666,1024,706,349,-6,206,516,0,-1,-1,-1,0x1020480014140015,1786,1656,1607,988,2012,2012,1860,1500,1500,2012,988,1500,1500,1500,1500,1500,1500,1500,1372,1628,1500,1541,1500,2012,1500,1901,1811,1500,1520,1505,1500,2012,8.3
2025-07-05,18:41:37.080,-66,-70,10,3750,12410,54,1,16,11864,1,10,666,469,899,349,-6,205,516,0,-1,-1,-1,0x1020480014140055,1614,1703,1607,988,2012,1734,1958,1500,1500,1741,988,1500,1500,1500,1500,1500,1500,1500,1372,1628,1500,1541,1500,2012,1500,1973,1906,1500,1520,1505,1500,2012,8.3
2025-07-05,18:41:37.580,-79,-68,10,3751,5770,53,1,16,14924,1,10,666,888,593,349,-6,205,516,0,-1,-1,-1,0x1020480014140055,1732,1634,1607,988,2012,1944,1802,1500,1500,1952,988,1500,1500,1500,1500,1500,1500,1500,1372,1628,1500,1541,1500,2012,1500,1854,1768,1500,1520,1505,1500,2012,8.3
2025-07-05,18:41:38.080,-64,-65,10,3752,21510,54,1,16,0,1,10,666,-1024,911,349,-6,206,516,0,-1,-1,-1,0x1020480014140015,1176,1708,1607,988,2012,988,1964,1500,1500,988,988,1500,1500,1500,1500,1500,1500,1500,1372,1628,1500,1541,1500,2012,1500,1978,1916,1500,1520,1505,1500,2012,8.3
2025-07-05,18:41:38.580,-64,-65,10,3761,1490,54,1,16,6550,1,10,666,-2,39,349,-6,205,516,0,-1,-1,-1,0x1020480010140055,1504,1511,1607,988,2012,1499,1520,1500,1500,1499,988,1500,1500,1500,1500,1500,1500,1500,999,2012,1500,1541,1500,2012,1500,1530,1521,1500,1520,1505,1500,2012,8.3
2025-07-05,18:41:39.080,-67,-65,10,3767,1510,54,1,16,1038,75,10,673,-1,8,350,-6,205,516,0,-1,-1,-1,0x1020480010140055,1504,1502,1607,988,2012,1500,1504,1500,1500,1500,988,1500,1500,1500,1500,1500,1500,1500,1372,2012,1500,1541,1500,2012,1500,1506,1504,1500,1520,1505,1500,2012,8.3
2025-07-05,18:41:39.580,-70,-61,10,3770,1440,54,1,16,0,150,10,673,-1,243,349,-6,205,516,0,-1,-1,-1,0x1020480010140015,1504,1559,1607,988,2012,1500,1624,1500,1500,1500,988,1500,1500,1500,1500,1500,1500,1500,1372,1628,1500,1541,1500,2012,1500,1672,1610,1500,1520,1505,1500,2012,8.3
2025-07-05,18:41:40.080,-73,-65,10,3771,24800,54,1,16,9274,150,10,674,1024,996,349,-6,205,516,0,-1,-1,-1,0x1020480014142055,1786,1752,1607,988,2012,2012,2008,1500,1500,2012,988,1500,1500,1500,1500,1500,1500,1500,1372,1628,1500,1541,1500,2012,1500,2009,2002,1500,1520,1505,1500,2012,8.3
2025-07-05,18:41:40.570,-74,-71,10,3762,1490,54,1,16,16432,150,10,676,-326,81,349,-6,205,516,0,-1,-1,-1,0x1020488014140055,1455,1519,1607,988,2012,1337,1541,1500,1500,1360,988,1500,1500,1500,1500,1500,1500,1500,1117,1883,1500,1541,1500,2012,1500,1575,1532,1500,1520,1505,1500,2012,8.3
2025-07-05,18:41:41.060,-68,-61,10,4377,15670,54,1,16,16220,150,10,677,-1024,993,350,-5,204,515,0,-1,-1,-1,0x1020488014142015,1176,1749,1607,988,2012,988,2006,1500,1500,988,988,1500,1500,1500,1500,1500,1500,1500,1372,1628,1500,1541,1500,2012,1500,2007,1998,1500,1520,1505,1500,2012,8.3
2025-07-05,18:41:41.560,-77,-62,10,3764,1500,54,1,16,9358,150,10,678,-1,2,350,-6,205,516,0,-1,-1,-1,0x1020488010140015,1504,1500,1607,988,2012,1500,1501,1500,1500,1500,988,1500,1500,1500,1500,1500,1500,1500,1264,2012,1500,1541,1500,2012,1500,1501,1501,1500,1520,1505,1500,2012,8.3
2025-07-05,18:41:42.060,-71,-60,10,3770,1450,54,1,16,2652,150,10,678,-1,2,350,-6,205,516,0,-1,-1,-1,0x1020488010140015,1504,1500,1607,988,2012,1500,1501,1500,1500,1500,988,1500,1500,1500,1500,1500,1500,1500,1372,2012,1500,1541,1500,2012,1500,1501,1501,1500,1520,1505,1500,2012,8.3
2025-07-05,18:41:42.560,-69,-69,10,3772,1440,54,1,16,0,150,10,678,-1,1,349,-6,206,516,0,-1,-1,-1,0x1020488010140015,1504,1500,1607,988,2012,1500,1500,1500,1500,1500,988,1500,1500,1500,1500,1500,1500,1500,1385,2012,1500,1541,1500,2012,1500,1501,1501,1500,1520,1505,1500,2012,8.3
2025-07-05,18:41:43.060,-68,-69,10,3773,1440,54,1,16,0,150,10,678,-2,1,350,-6,206,516,0,-1,-1,-1,0x1020488010140015,1504,1500,1607,988,2012,1499,1500,1500,1500,1499,988,1500,1500,1500,1500,1500,1500,1500,1500,2012,1500,1541,1500,2012,1500,1501,1500,1500,1520,1505,1500,2012,8.3
2025-07-05,18:41:43.560,-69,-72,25,3774,1430,54,1,16,0,150,10,679,-2,2,350,-6,205,516,0,-1,-1,-1,0x1020488010140015,1504,1500,1607,988,2012,1499,1501,1500,1500,1499,988,1500,1500,1500,1500,1500,1500,1500,1500,2012,1500,1541,1500,2012,1500,1501,1501,1500,1520,1505,1500,2012,8.3
2025-07-05,18:41:44.060,-67,-69,50,3775,1430,54,1,16,0,150,10,679,-3,2,349,-6,205,516,0,-1,-1,-1,0x1020488010140015,1504,1500,1607,988,2012,1499,1501,1500,1500,1499,988,1500,1500,1500,1500,1500,1500,1500,1500,2012,1500,1541,1500,2012,1500,1501,1501,1500,1520,1505,1500,2012,8.3
2025-07-05,18:41:44.560,-71,-67,10,3775,230,54,1,16,0,150,10,679,-2,3,349,-6,206,516,0,-1,-1,-1,0x1020488010140014,1504,1501,1517,988,2012,1499,1501,1500,1500,1499,988,1500,1500,1500,1500,1500,1500,1500,1500,2012,1500,1541,1500,2012,1500,1502,1501,1500,1520,1505,1500,2012,8.3
2025-07-05,18:41:45.060,-73,-62,10,3777,150,53,1,16,0,150,10,679,-2,7,349,-6,205,516,0,-1,-1,-1,0x1020488010140014,1504,1502,1500,988,2012,1499,1503,1500,1500,1499,988,1500,1500,1500,1500,1500,1500,1500,1500,2012,1500,1541,1500,2012,1500,1506,1504,1500,1520,1505,1500,2012,8.3
2025-07-05,18:41:45.560,-74,-61,10,3779,160,51,1,16,0,150,10,679,-2,7,349,-6,205,516,0,-1,-1,-1,0x1020488010140414,1504,1502,1500,988,2012,1499,1503,1500,1500,1499,988,1500,1500,1500,1500,1500,1500,1500,1500,2012,1500,1541,1500,2012,1500,1505,1503,1500,1520,1505,1500,2012,8.3
2025-07-05,18:41:46.060,-71,-69,10,3779,170,45,1,16,0,150,10,679,-2,7,350,-6,206,516,0,-1,-1,-1,0x1020488010140414,1504,1502,1500,988,2012,1499,1503,1500,1500,1499,988,1500,1500,1500,1500,1500,1500,1500,1500,2012,1500,1541,1500,2012,1500,1505,1503,1500,1520,1505,1500,2012,8.3
2025-07-05,18:41:46.560,-68,-60,50,4390,170,45,1,16,0,150,10,679,-2,5,349,-6,206,516,0,-1,-1,-1,0x1020488010140014,1504,1501,1500,988,2012,1499,1502,1500,1500,1499,988,1500,1500,1500,1500,1500,1500,1500,1500,2012,1500,1541,1500,2012,1500,1504,1502,1500,1520,1505,1500,2012,8.3
2025-07-05,18:41:47.060,-67,-67,10,3781,160,45,1,16,0,150,10,679,-1,3,349,-6,205,516,0,-1,-1,-1,0x1020488010140014,1504,1501,1500,988,2012,1500,1501,1500,1500,1500,988,1500,1500,1500,1500,1500,1500,1500,1500,2012,1500,1541,1500,2012,1500,1502,1501,1500,1520,1505,1500,2012,8.3
2025-07-05,18:41:47.560,-75,-66,10,3781,160,45,1,16,0,150,10,679,-1,2,349,-6,205,516,0,-1,-1,-1,0x1020488010140014,1504,1500,1500,988,2012,1499,1501,1500,1500,1500,988,1500,1500,1500,1500,1500,1500,1500,1500,2012,1500,1541,1500,2012,1500,1501,1501,1500,1520,1505,1500,2012,8.3
2025-07-05,18:41:48.060,-67,-63,10,3782,160,45,1,16,0,150,10,679,-2,2,350,-6,205,516,0,-1,-1,-1,0x1020488010140014,1504,1500,1500,988,2012,1499,1501,1500,1500,1499,988,1500,1500,1500,1500,1500,1500,1500,1500,2012,1500,1541,1500,2012,1500,1501,1501,1500,1520,1505,1500,2012,8.3
2025-07-05,18:41:48.560,-70,-63,10,3782,160,45,1,16,0,150,10,679,-1,5,349,-6,206,516,0,-1,-1,-1,0x1020488010140014,1504,1501,1500,988,2012,1500,1502,1500,1500,1500,988,1500,1500,1500,1500,1500,1500,1500,1500,2012,1500,1541,1500,2012,1500,1504,1502,1500,1520,1505,1500,2012,8.3
2025-07-05,18:41:49.060,-76,-73,10,3783,160,45,1,16,0,150,10,679,57,5,349,-6,205,516,0,-1,-1,-1,0x1020488010140014,1513,1501,1500,988,2012,1528,1502,1500,1500,1520,988,1500,1500,1500,1500,1500,1500,1500,1500,2012,1500,1541,1500,2012,1500,1504,1502,1500,1520,1505,1500,2012,8.3
2025-07-05,18:41:49.560,-67,-65,10,3783,370,45,1,16,0,150,10,679,-25,4,349,-6,205,516,0,-1,-1,-1,0x1020488010140014,1502,1501,1500,988,2012,1488,1502,1500,1500,1494,988,1500,1500,1500,1500,1500,1500,1500,1500,2012,1500,1541,1500,2012,1500,1503,1502,1500,1520,1505,1500,2012,8.3
2025-07-05,18:41:50.060,-67,-71,10,3783,270,45,1,16,0,150,10,679,-3,4,350,-6,205,516,0,-1,-1,-1,0x1020488010140014,1504,1501,1500,988,2012,1499,1502,1500,1500,1499,988,1500,1500,1500,1500,1500,1500,1500,1500,2012,1500,1541,1500,2012,1500,1503,1502,1500,1520,1505,1500,2012,8.3
2025-07-05,18:41:50.560,-69,-71,10,3784,220,45,1,16,0,150,10,679,-806,8,349,-6,205,516,0,-1,-1,-1,0x1020488014140014,1299,1502,1500,988,2012,1097,1504,1500,1500,1097,988,1500,1500,1500,1500,1500,1500,1500,1500,2012,1500,1541,1500,2012,1500,1506,1504,1500,1520,1505,1500,2012,8.3
2025-07-05,18:41:51.060,-68,-65,10,3784,180,45,1,16,0,150,10,679,-783,6,349,-6,205,516,0,-1,-1,-1,0x1020488014140014,1309,1501,1500,988,2012,1109,1503,1500,1500,1109,988,1500,1500,1500,1500,1500,1500,1500,1500,2012,1500,1541,1500,2012,1500,1505,1503,1500,1520,1505,1500,2012,8.3
2025-07-05,18:41:51.560,-72,-73,10,4696,880,45,1,16,0,150,10,679,369,5,350,-6,205,516,0,-1,-1,-1,0x1020488014140014,1587,1501,1500,988,2012,1684,1502,1500,1500,1677,988,1500,1500,1500,1500,1500,1500,1500,1500,2012,1500,1541,1500,2012,1500,1504,1502,1500,1520,1505,1500,2012,8.3
2025-07-05,18:41:52.060,-70,-70,10,3785,150,45,1,16,0,150,10,679,-1024,7,349,-6,206,516,0,-1,-1,-1,0x1020488014140414,1176,1502,1500,988,2012,988,1503,1500,1500,988,988,1500,1500,1500,1500,1500,1500,1500,1500,2012,1500,1541,1500,2012,1500,1505,1503,1500,1520,1505,1500,2012,8.3
2025-07-05,18:41:52.560,-69,-72,50,3785,160,45,1,16,0,150,10,679,-964,5,349,-6,206,516,0,-1,-1,-1,0x1020488014140014,1212,1501,1500,988,2012,1018,1502,1500,1500,1018,988,1500,1500,1500,1500,1500,1500,1500,1500,2012,1500,1541,1500,2012,1500,1504,1502,1500,1520,1505,1500,2012,8.3
2025-07-05,18:41:53.060,-66,-66,10,3785,24680,45,1,16,0,150,10,680,-1024,862,349,-6,205,516,0,-1,-1,-1,0x1020488014140014,1176,1694,1525,988,2012,988,1939,1500,1500,988,988,1500,1500,1500,1500,1500,1500,1500,1372,1628,1500,1541,1500,2012,1500,1961,1882,1500,1520,1505,1500,2012,8.3
2025-07-05,18:41:53.560,-67,-69,10,3785,1570,45,1,16,622,150,10,680,762,-2,349,-6,205,516,0,-1,-1,-1,0x1020488014180055,1688,1499,1607,988,2012,1881,1499,1500,1500,1881,988,1500,1500,1500,1500,1500,1500,1499,1243,2012,1500,1541,1500,988,1500,1499,1500,1500,1520,1505,1500,2012,8.3
2025-07-05,18:41:54.060,-69,-68,25,3783,1490,45,1,16,0,150,10,681,-4,9,350,-6,205,516,0,-1,-1,-1,0x1020488010140055,1504,1502,1607,988,2012,1498,1504,1500,1500,1499,988,1500,1500,1500,1500,1500,1500,1500,1372,2012,1500,1541,1500,2012,1500,1507,1505,1500,1520,1505,1500,2012,8.3
2025-07-05,18:41:54.560,-74,-68,10,3783,1440,47,1,16,0,150,10,681,-4,9,349,-6,206,516,0,-1,-1,-1,0x1020488010140015,1503,1502,1607,988,2012,1498,1504,1500,1500,1498,988,1500,1500,1500,1500,1500,1500,1500,1372,2012,1500,1541,1500,2012,1500,1507,1505,1500,1520,1505,1500,2012,8.3
2025-07-05,18:41:55.060,-71,-71,10,3783,1430,51,1,16,0,150,10,681,-4,9,349,-6,205,516,0,-1,-1,-1,0x1020488010140015,1503,1502,1607,988,2012,1498,1504,1500,1500,1498,988,1500,1500,1500,1500,1500,1500,1500,1500,2012,1500,1541,1500,2012,1500,1507,1505,1500,1520,1505,1500,2012,8.3
2025-07-05,18:41:55.560,-70,-72,10,3783,1480,51,1,16,0,150,10,681,-4,9,349,-6,205,516,0,-1,-1,-1,0x1020488010140015,1503,1502,1607,988,2012,1498,1504,1500,1500,1498,988,1500,1500,1500,1500,1500,1500,1500,1500,2012,1500,1541,1500,2012,1500,1507,1505,1500,1520,1505,1500,2012,8.3
2025-07-05,18:41:56.060,-70,-71,10,3784,1430,51,1,16,0,150,10,681,-5,9,349,-6,205,516,0,-1,-1,-1,0x1020488010140015,1503,1502,1607,988,2012,1498,1504,1500,1500,1498,988,1500,1500,1500,1500,1500,1500,1500,1500,2012,1500,1541,1500,2012,1500,1507,1505,1500,1520,1505,1500,2012,8.3
2025-07-05,18:41:56.560,-72,-72,10,4088,260,51,1,16,0,150,10,681,-4,9,350,-6,206,516,0,-1,-1,-1,0x1020488010140014,1503,1502,1521,988,2012,1498,1504,1500,1500,1498,988,1500,1500,1500,1500,1500,1500,1500,1500,2012,1500,1541,1500,2012,1500,1507,1505,1500,1520,1505,1500,2012,8.3
2025-07-05,18:41:57.060,-77,-69,10,4089,160,51,1,16,0,150,10,681,-3,9,349,-6,205,516,0,-1,-1,-1,0x1020488010140014,1504,1502,1500,988,2012,1499,1504,1500,1500,1499,988,1500,1500,1500,1500,1500,1500,1500,1500,2012,1500,1541,1500,2012,1500,1507,1505,1500,1520,1505,1500,2012,8.3
2025-07-05,18:41:57.560,-80,-81,25,3786,160,50,1,16,0,150,10,682,-3,9,350,-6,205,515,0,-1,-1,-1,0x1020488010140014,1504,1502,1500,988,2012,1499,1504,1500,1500,1499,988,1500,1500,1500,1500,1500,1500,1500,1500,2012,1500,1541,1500,2012,1500,1507,1505,1500,1520,1505,1500,2012,8.3
2025-07-05,18:41:58.060,-66,-76,250,3786,170,45,1,16,0,150,10,682,-2,9,350,-6,205,515,0,-1,-1,-1,0x1020488010140014,1504,1502,1500,988,2012,1499,1504,1500,1500,1499,988,1500,1500,1500,1500,1500,1500,1500,1500,2012,1500,1541,1500,2012,1500,1507,1505,1500,1520,1505,1500,2012,8.3
2025-07-05,18:41:58.560,-79,-70,10,3787,160,45,1,16,0,150,10,682,-3,9,349,-6,205,516,0,-1,-1,-1,0x1020488010140014,1504,1502,1500,988,2012,1499,1504,1500,1500,1499,988,1500,1500,1500,1500,1500,1500,1500,1500,2012,1500,1541,1500,2012,1500,1507,1505,1500,1520,1505,1500,2012,8.3
2025-07-05,18:41:59.060,-69,-70,25,3787,160,45,1,16,0,150,10,682,-2,9,349,-6,205,516,0,-1,-1,-1,0x1020488010140014,1504,1502,1500,988,2012,1499,1504,1500,1500,1499,988,1500,1500,1500,1500,1500,1500,1500,1500,2012,1500,1541,1500,2012,1500,1507,1505,1500,1520,1505,1500,2012,8.3
2025-07-05,18:41:59.560,-82,-76,10,3787,160,44,1,16,0,150,10,682,-3,8,349,-6,205,516,0,-1,-1,-1,0x1020488010140014,1504,1502,1500,988,2012,1499,1504,1500,1500,1499,988,1500,1500,1500,1500,1500,1500,1500,1500,2012,1500,1541,1500,2012,1500,1506,1504,1500,1520,1505,1500,2012,8.3
2025-07-05,18:42:00.060,-75,-68,50,3787,240,44,1,16,0,150,10,682,-3,10,350,-6,205,516,0,-1,-1,-1,0x1020488010140014,1504,1503,1500,988,2012,1499,1505,1500,1500,1499,988,1500,1500,1500,1500,1500,1500,1500,1500,2012,1500,1541,1500,2012,1500,1508,1505,1500,1520,1505,1500,2012,8.3
2025-07-05,18:42:00.560,-71,-66,10,3787,230,44,1,16,0,150,10,682,-3,10,350,-6,206,516,0,-1,-1,-1,0x1020488010140014,1504,1503,1500,988,2012,1499,1505,1500,1500,1499,988,1500,1500,1500,1500,1500,1500,1500,1500,2012,1500,1541,1500,2012,1500,1508,1505,1500,1520,1505,1500,2012,8.3
2025-07-05,18:42:01.060,-67,-57,250,3788,160,44,1,16,0,150,10,682,-3,11,349,-6,205,515,0,-1,-1,-1,0x1020488010140014,1504,1503,1500,988,2012,1499,1505,1500,1500,1499,988,1500,1500,1500,1500,1500,1500,1500,1500,2012,1500,1541,1500,2012,1500,1509,1506,1500,1520,1505,1500,2012,8.3
2025-07-05,18:42:01.560,-74,-68,250,3788,160,44,1,16,0,150,10,682,-3,11,349,-6,205,516,0,-1,-1,-1,0x1020488010140014,1504,1503,1500,988,2012,1499,1505,1500,1500,1499,988,1500,1500,1500,1500,1500,1500,1500,1500,2012,1500,1541,1500,2012,1500,1509,1506,1500,1520,1505,1500,2012,8.3
2025-07-05,18:42:02.060,-79,-76,10,4697,160,44,1,16,0,150,10,682,-3,10,350,-6,205,516,0,-1,-1,-1,0x1020488010140014,1504,1503,1500,988,2012,1499,1505,1500,1500,1499,988,1500,1500,1500,1500,1500,1500,1500,1500,2012,1500,1541,1500,2012,1500,1508,1505,1500,1520,1505,1500,2012,8.3
2025-07-05,18:42:02.560,-82,-70,10,3788,170,44,1,16,0,150,10,682,-4,10,350,-6,206,516,0,-1,-1,-1,0x1020488010140014,1503,1503,1500,988,2012,1498,1505,1500,1500,1498,988,1500,1500,1500,1500,1500,1500,1500,1500,2012,1500,1541,1500,2012,1500,1508,1505,1500,1520,1505,1500,2012,8.3
2025-07-05,18:42:03.060,-72,-65,10,3788,270,44,1,16,0,150,10,682,-4,10,350,-6,205,516,0,-1,-1,-1,0x1020488010140014,1503,1503,1500,988,2012,1498,1505,1500,1500,1498,988,1500,1500,1500,1500,1500,1500,1500,1500,2012,1500,1541,1500,2012,1500,1508,1505,1500,1520,1505,1500,2012,8.3
2025-07-05,18:42:03.560,-74,-71,10,3789,190,44,1,16,0,150,10,682,-4,10,349,-6,205,516,0,-1,-1,-1,0x1020488010140014,1503,1503,1500,988,2012,1498,1505,1500,1500,1498,988,1500,1500,1500,1500,1500,1500,1500,1500,2012,1500,1541,1500,2012,1500,1508,1505,1500,1520,1505,1500,2012,8.3
2025-07-05,18:42:04.060,-68,-64,50,3789,210,44,1,16,0,150,10,682,-3,10,349,-6,205,516,0,-1,-1,-1,0x1020488010140014,1504,1503,1500,988,2012,1498,1505,1500,1500,1499,988,1500,1500,1500,1500,1500,1500,1500,1500,2012,1500,1541,1500,2012,1500,1508,1505,1500,1520,1505,1500,2012,8.3
2025-07-05,18:42:04.560,-69,-67,10,3789,200,44,1,16,0,150,10,682,-3,10,350,-6,205,516,0,-1,-1,-1,0x1020488010140014,1504,1503,1500,988,2012,1499,1505,1500,1500,1499,988,1500,1500,1500,1500,1500,1500,1500,1500,2012,1500,1541,1500,2012,1500,1508,1505,1500,1520,1505,1500,2012,8.3
2025-07-05,18:42:05.060,-71,-62,10,3789,170,44,1,16,2,150,10,682,-3,10,350,-6,205,516,0,-1,-1,-1,0x1020488010140014,1504,1503,1500,988,2012,1499,1505,1500,1500,1499,988,1500,1500,1500,1500,1500,1500,1500,1500,2012,1500,1541,1500,2012,1500,1508,1505,1500,1520,1505,1500,2012,8.3
2025-07-05,18:42:05.560,-72,-73,10,3789,240,44,1,16,448,150,10,682,-3,13,350,-6,205,516,0,-1,-1,-1,0x1020488010140054,1504,1503,1500,988,2012,1499,1506,1500,1500,1499,988,1500,1500,1500,1500,1500,1500,1500,1500,2012,1500,1541,1500,2012,1500,1510,1507,1500,1520,1505,1500,2012,8.3
2025-07-05,18:42:06.060,-85,-76,10,3789,180,44,1,16,0,150,10,682,-2,14,350,-6,205,516,0,-1,-1,-1,0x1020488010140054,1504,1504,1500,988,2012,1499,1507,1500,1500,1499,988,1500,1500,1500,1500,1500,1500,1500,1500,2012,1500,1541,1500,2012,1500,1511,1507,1500,1520,1505,1500,2012,8.3
2025-07-05,18:42:06.560,-74,-78,10,3789,300,44,1,16,0,150,10,682,575,107,349,-6,205,516,0,-1,-1,-1,0x1020488014140014,1636,1529,1508,988,2012,1787,1554,1500,1500,1787,988,1500,1500,1500,1500,1500,1500,1500,1372,1628,1500,1541,1500,2012,1500,1582,1557,1500,1520,1505,1500,2012,8.3
2025-07-05,18:42:07.060,-74,-74,10,3789,7800,45,1,16,1276,150,10,682,470,594,349,-6,205,516,0,-1,-1,-1,0x1020488014140015,1611,1634,1607,988,2012,1735,1803,1500,1500,1735,988,1500,1500,1500,1500,1500,1500,1500,1372,1628,1500,1541,1500,2012,1500,1854,1764,1500,1520,1505,1500,2012,8.3
2025-07-05,18:42:07.560,-83,-74,10,3786,10050,45,1,16,4660,150,10,683,-4,160,349,-6,205,516,0,-1,-1,-1,0x1020488010140055,1503,1541,1607,988,2012,1498,1581,1500,1500,1498,988,1500,1500,1500,1500,1500,1500,1500,1372,1628,1500,1541,1500,2012,1500,1619,1581,1500,1520,1505,1500,2012,8.3
2025-07-05,18:42:08.060,-75,-83,10,3778,1920,46,1,16,6724,150,10,685,8,610,349,-6,205,516,0,-1,-1,-1,0x1020488010140055,1506,1641,1607,988,2012,1504,1811,1500,1500,1504,988,1500,1500,1500,1500,1500,1500,1500,1372,1628,1500,1541,1500,2012,1500,1862,1781,1500,1520,1505,1500,2012,8.3
2025-07-05,18:42:08.560,-73,-83,50,3778,7810,50,1,16,0,150,10,685,-68,364,349,-6,205,516,0,-1,-1,-1,0x1020488014140015,1496,1586,1607,988,2012,1466,1685,1500,1500,1466,988,1500,1500,1500,1500,1500,1500,1500,1372,1628,1500,1541,1500,2012,1500,1744,1673,1500,1520,1505,1500,2012,8.3
2025-07-05,18:42:09.060,-72,-76,10,3777,2370,51,1,16,7522,150,10,686,10,372,349,-6,205,516,0,-1,-1,-1,0x1020488010140055,1506,1588,1607,988,2012,1505,1689,1500,1500,1505,988,1500,1500,1500,1500,1500,1500,1500,1372,1628,1500,1541,1500,2012,1500,1748,1676,1500,1520,1505,1500,2012,8.3
2025-07-05,18:42:09.560,-77,-75,10,3779,4320,52,1,16,7392,150,10,687,-363,453,349,-6,205,516,0,-1,-1,-1,0x1020488014140055,1446,1609,1607,988,2012,1311,1731,1500,1500,1319,988,1500,1500,1500,1500,1500,1500,1500,1372,1628,1500,1541,1500,2012,1500,1790,1717,1500,1520,1505,1500,2012,8.3
2025-07-05,18:42:10.060,-79,-76,10,3780,7260,51,1,16,8410,150,10,687,-587,681,349,-6,205,516,0,-1,-1,-1,0x1020488014140015,1380,1651,1607,988,2012,1207,1847,1500,1500,1207,988,1500,1500,1500,1500,1500,1500,1500,1372,1628,1500,1541,1500,2012,1500,1891,1802,1500,1520,1505,1500,2012,8.3
2025-07-05,18:42:10.560,-80,-67,250,3776,17060,51,1,16,0,150,10,689,-187,889,349,-6,205,516,0,-1,-1,-1,0x1020488014140055,1472,1701,1607,988,2012,1407,1953,1500,1500,1407,988,1500,1500,1500,1500,1500,1500,1500,1372,1628,1500,1541,1500,2012,1500,1970,1901,1500,1520,1505,1500,2012,8.3
2025-07-05,18:42:11.060,-76,-74,25,3769,7950,51,1,16,9460,150,10,690,-562,783,349,-6,205,516,0,-1,-1,-1,0x1020488014140055,1388,1674,1607,988,2012,1219,1899,1500,1500,1219,988,1500,1500,1500,1500,1500,1500,1500,1372,1628,1500,1541,1500,2012,1500,1931,1847,1500,1520,1505,1500,2012,8.3
2025-07-05,18:42:11.560,-77,-82,10,3765,30620,52,1,16,11454,150,10,692,-513,750,349,-6,205,516,0,-1,-1,-1,0x1020488014140015,1401,1665,1607,988,2012,1244,1882,1500,1500,1244,988,1500,1500,1500,1500,1500,1500,1500,1372,1628,1500,1541,1500,2012,1500,1918,1823,1500,1520,1505,1500,2012,8.3
2025-07-05,18:42:12.060,-83,-77,250,3764,16290,52,1,16,12902,150,10,695,8,1003,349,-6,205,516,0,-1,-1,-1,0x1020488010142015,1506,1755,1607,988,2012,1504,2011,1500,1500,1504,988,1500,1500,1500,1500,1500,1500,1500,1372,1628,1500,1541,1500,2012,1500,2011,2009,1500,1520,1505,1500,2012,8.3
2025-07-05,18:42:12.560,-66,-79,10,3751,15280,52,1,16,12866,150,10,696,9,698,349,-6,205,516,0,-1,-1,-1,0x1020488010140015,1506,1651,1607,988,2012,1504,1856,1500,1500,1504,988,1500,1500,1500,1500,1500,1500,1500,1372,1628,1500,1541,1500,2012,1500,1898,1802,1500,1520,1505,1500,2012,8.3
2025-07-05,18:42:13.060,-76,-69,10,3763,3950,52,1,16,12348,150,10,697,67,720,349,-6,205,515,0,-1,-1,-1,0x1020488014140015,1519,1658,1607,988,2012,1539,1867,1500,1500,1533,988,1500,1500,1500,1500,1500,1500,1500,1372,1628,1500,1541,1500,2012,1500,1907,1817,1500,1520,1505,1500,2012,8.3
2025-07-05,18:42:13.560,-67,-62,10,3767,1530,52,1,16,13612,150,10,699,39,1001,349,-6,205,516,0,-1,-1,-1,0x1020488010142015,1513,1754,1607,988,2012,1519,2010,1500,1500,1519,988,1500,1500,1500,1500,1500,1500,1500,1372,1628,1500,1541,1500,2012,1500,2010,2007,1500,1520,1505,1500,2012,8.3
2025-07-05,18:42:14.060,-62,-62,10,3767,16330,52,1,16,15288,150,10,700,3,255,349,-6,205,516,0,-1,-1,-1,0x1020488010140015,1505,1567,1607,988,2012,1501,1617,1500,1500,1501,988,1500,1500,1500,1500,1500,1500,1500,1372,1628,1500,1541,1500,2012,1500,1899,1634,1500,1520,1505,1500,2012,8.3
2025-07-05,18:42:14.560,-63,-57,10,3771,710,52,1,16,7396,150,11,700,87,-129,349,-6,205,516,0,-1,-1,-1,0x10204880161C0015,1520,1438,1607,988,2012,1543,1436,1438,1500,1543,988,1500,1500,1500,1500,1500,1500,1428,1326,2012,1500,1541,1500,2012,1500,1410,1500,1500,1520,1505,1500,2012,8.3
2025-07-05,18:42:15.060,-58,-60,10,3778,1650,52,1,16,6930,150,11,700,-825,31,349,-6,205,516,0,-1,-1,-1,0x1020488014140015,1291,1508,1607,988,2012,1088,1516,1500,1500,1088,988,1500,1500,1500,1500,1500,1500,1500,1372,2012,1500,1541,1500,2012,1500,1524,1517,1500,1520,1505,1500,2012,8.3
2025-07-05,18:42:15.560,-54,-60,10,3779,2170,52,1,16,3466,150,11,700,532,11,349,-6,205,516,0,-1,-1,-1,0x1020488014140415,1623,1503,1607,988,2012,1766,1505,1500,1500,1766,988,1500,1500,1500,1500,1500,1500,1500,1469,2012,1500,1541,1500,2012,1500,1509,1506,1500,1520,1505,1500,2012,8.3
2025-07-05,18:42:16.060,-57,-54,10,3779,2400,52,1,16,2238,150,11,701,-1024,10,349,-6,205,516,0,-1,-1,-1,0x1020488014140015,1176,1503,1607,988,2012,988,1505,1500,1500,988,988,1500,1500,1500,1500,1500,1500,1500,1500,2012,1500,1541,1500,2012,1500,1508,1505,1500,1520,1505,1500,2012,8.3
2025-07-05,18:42:16.560,-63,-64,10,3780,1390,52,1,16,974,150,11,701,9,-701,350,-6,205,516,0,-1,-1,-1,0x1020488012100015,1506,1225,1607,988,2012,1504,1150,1222,1500,1504,988,1500,1500,1500,1500,1500,1500,1222,1500,2012,1500,1541,1500,988,1500,1106,1500,1500,1520,1505,1500,2012,8.3
2025-07-05,18:42:17.060,-63,-62,10,3780,1480,52,1,16,266,150,11,701,1,12,349,-6,205,516,0,-1,-1,-1,0x1020488010140015,1504,1503,1607,988,2012,1500,1506,1500,1500,1500,988,1500,1500,1500,1500,1500,1500,1500,1500,2012,1500,1541,1500,2012,1500,1509,1506,1500,1520,1505,1500,2012,8.3
2025-07-05,18:42:17.550,-63,-64,10,3781,370,51,1,16,132,150,11,701,1,11,349,-6,205,516,0,-1,-1,-1,0x1020488010140014,1504,1503,1506,988,2012,1500,1505,1500,1500,1500,988,1500,1500,1500,1500,1500,1500,1500,1500,2012,1500,1541,1500,2012,1500,1509,1506,1500,1520,1505,1500,2012,8.3
2025-07-05,18:42:18.050,-67,-64,10,3782,210,51,1,16,0,150,11,701,1,11,350,-6,205,516,0,-1,-1,-1,0x1020488010140014,1504,1503,1500,988,2012,1500,1505,1500,1500,1500,988,1500,1500,1500,1500,1500,1500,1500,1500,2012,1500,1541,1500,2012,1500,1509,1506,1500,1520,1505,1500,2012,8.3
2025-07-05,18:42:18.550,-65,-65,10,3784,180,50,1,16,0,150,11,701,1,10,350,-6,205,516,0,-1,-1,-1,0x1020488010140014,1504,1503,1500,988,2012,1500,1505,1500,1500,1500,988,1500,1500,1500,1500,1500,1500,1500,1500,2012,1500,1541,1500,2012,1500,1508,1505,1500,1520,1505,1500,2012,8.3
2025-07-05,18:42:19.050,-64,-65,10,3784,160,45,1,16,0,150,11,701,1,10,350,-6,205,516,0,-1,-1,-1,0x1020488010140014,1504,1503,1500,988,2012,1500,1505,1500,1500,1500,988,1500,1500,1500,1500,1500,1500,1500,1500,2012,1500,1541,1500,2012,1500,1508,1505,1500,1520,1505,1500,2012,8.3
2025-07-05,18:42:19.550,-62,-68,10,3785,160,45,1,16,0,150,11,701,0,12,349,-6,205,516,0,-1,-1,-1,0x1020488010140014,1504,1503,1500,988,2012,1500,1506,1500,1500,1500,988,1500,1500,1500,1500,1500,1500,1500,1500,2012,1500,1541,1500,2012,1500,1509,1506,1500,1520,1505,1500,2012,8.3
2025-07-05,18:42:20.050,-60,-69,10,3785,150,45,1,16,0,150,11,701,1,12,349,-6,205,516,0,-1,-1,-1,0x1020488010140014,1504,1503,1500,988,2012,1500,1506,1500,1500,1500,988,1500,1500,1500,1500,1500,1500,1500,1500,2012,1500,1541,1500,2012,1500,1509,1506,1500,1520,1505,1500,2012,8.3
2025-07-05,18:42:20.550,-60,-69,10,3785,160,44,1,16,0,150,11,701,1,12,350,-6,205,516,0,-1,-1,-1,0x1020488010140014,1504,1503,1500,988,2012,1500,1506,1500,1500,1500,988,1500,1500,1500,1500,1500,1500,1500,1500,2012,1500,1541,1500,2012,1500,1509,1506,1500,1520,1505,1500,2012,8.3
2025-07-05,18:42:21.050,-60,-61,10,3786,160,44,1,16,0,150,11,701,1,12,350,-6,205,516,0,-1,-1,-1,0x1020488010140014,1504,1503,1500,988,2012,1500,1506,1500,1500,1500,988,1500,1500,1500,1500,1500,1500,1500,1500,2012,1500,1541,1500,2012,1500,1509,1506,1500,1520,1505,1500,2012,8.3
2025-07-05,18:42:21.550,-61,-62,10,3786,160,44,1,16,0,150,11,701,0,12,349,-6,205,516,0,-1,-1,-1,0x1020488010140014,1504,1503,1500,988,2012,1500,1506,1500,1500,1500,988,1500,1500,1500,1500,1500,1500,1500,1500,2012,1500,1541,1500,2012,1500,1509,1506,1500,1520,1505,1500,2012,8.3
2025-07-05,18:42:22.050,-58,-64,10,3786,160,44,1,16,0,150,11,701,0,11,350,-5,204,515,0,-1,-1,-1,0x1020488010140014,1504,1503,1500,988,2012,1500,1505,1500,1500,1500,988,1500,1500,1500,1500,1500,1500,1500,1500,2012,1500,1541,1500,2012,1500,1509,1506,1500,1520,1505,1500,2012,8.3
2025-07-05,18:42:22.550,-58,-62,10,3786,160,44,1,16,0,150,11,701,1,12,350,-6,205,515,0,-1,-1,-1,0x1020488010140014,1504,1503,1500,988,2012,1500,1506,1500,1500,1500,988,1500,1500,1500,1500,1500,1500,1500,1500,2012,1500,1541,1500,2012,1500,1509,1506,1500,1520,1505,1500,2012,8.3
2025-07-05,18:42:23.050,-59,-59,10,3787,150,44,1,16,0,150,11,701,1,12,349,-6,205,516,0,-1,-1,-1,0x1020488010140014,1504,1503,1500,988,2012,1500,1506,1500,1500,1500,988,1500,1500,1500,1500,1500,1500,1500,1500,2012,1500,1541,1500,2012,1500,1509,1506,1500,1520,1505,1500,2012,8.3
2025-07-05,18:42:23.550,-59,-63,10,3787,170,44,1,16,0,150,11,701,1,12,349,-6,205,516,0,-1,-1,-1,0x1020488010140014,1504,1503,1500,988,2012,1500,1506,1500,1500,1500,988,1500,1500,1500,1500,1500,1500,1500,1500,2012,1500,1541,1500,2012,1500,1509,1506,1500,1520,1505,1500,2012,8.3
2025-07-05,18:42:24.050,-59,-67,10,3787,160,44,1,16,0,150,11,701,0,12,349,-6,205,515,0,-1,-1,-1,0x1020488010140014,1504,1503,1500,988,2012,1500,1506,1500,1500,1500,988,1500,1500,1500,1500,1500,1500,1500,1500,2012,1500,1541,1500,2012,1500,1509,1506,1500,1520,1505,1500,2012,8.3
2025-07-05,18:42:24.550,-60,-63,10,3787,160,44,1,16,0,150,11,701,1,12,350,-5,205,516,0,-1,-1,-1,0x1020488010140014,1504,1503,1500,988,2012,1500,1506,1500,1500,1500,988,1500,1500,1500,1500,1500,1500,1500,1500,2012,1500,1541,1500,2012,1500,1509,1506,1500,1520,1505,1500,2012,8.3
2025-07-05,18:42:25.050,-61,-68,10,3788,160,44,1,16,0,150,11,701,0,12,349,-6,205,516,0,-1,-1,-1,0x1020488010140014,1504,1503,1500,988,2012,1500,1506,1500,1500,1500,988,1500,1500,1500,1500,1500,1500,1500,1500,2012,1500,1541,1500,2012,1500,1509,1506,1500,1520,1505,1500,2012,8.3
2025-07-05,18:42:25.550,-58,-69,10,3788,160,44,1,16,0,150,11,702,1,12,349,-6,205,516,0,-1,-1,-1,0x1020488010140014,1504,1503,1500,988,2012,1500,1506,1500,1500,1500,988,1500,1500,1500,1500,1500,1500,1500,1500,2012,1500,1541,1500,2012,1500,1509,1506,1500,1520,1505,1500,2012,8.3
2025-07-05,18:42:26.050,-60,-65,10,3788,160,44,1,16,0,150,11,702,0,12,350,-6,205,516,0,-1,-1,-1,0x1020488010140014,1504,1503,1500,988,2012,1500,1506,1500,1500,1500,988,1500,1500,1500,1500,1500,1500,1500,1500,2012,1500,1541,1500,2012,1500,1509,1506,1500,1520,1505,1500,2012,8.3
2025-07-05,18:42:26.550,-60,-61,10,3788,170,44,1,16,0,150,11,702,0,12,349,-6,205,516,0,-1,-1,-1,0x1020488010140014,1504,1503,1500,988,2012,1500,1506,1500,1500,1500,988,1500,1500,1500,1500,1500,1500,1500,1500,2012,1500,1541,1500,2012,1500,1509,1506,1500,1520,1505,1500,2012,8.3
2025-07-05,18:42:27.050,-60,-63,10,3788,160,44,1,16,0,150,11,702,0,12,349,-6,205,516,0,-1,-1,-1,0x1020488010140014,1504,1502,1500,988,2012,1500,1506,1500,1500,1500,988,1500,1500,1500,1500,1500,1500,1500,1500,2012,1500,1541,1500,2012,1500,1509,1506,1500,1520,1505,1500,2012,8.3
2025-07-05,18:42:27.550,-59,-65,10,3788,150,44,1,16,0,150,11,702,0,12,350,-6,204,515,0,-1,-1,-1,0x1020488010140014,1504,1505,1500,988,2012,1500,1506,1500,1500,1500,988,1500,1500,1500,1500,1500,1500,1500,1500,2012,1500,1541,1500,2012,1500,1509,1506,1500,1520,1505,1500,2012,8.3
2025-07-05,18:42:28.050,-57,-65,10,3788,150,44,1,16,0,150,11,702,0,12,350,-5,204,516,0,-1,-1,-1,0x1020488010140014,1504,1506,1500,988,2012,1500,1506,1500,1500,1500,988,1500,1500,1500,1500,1500,1500,1500,1500,2012,1500,1541,1500,2012,1500,1509,1506,1500,1520,1505,1500,2012,8.3
2025-07-05,18:42:28.550,-58,-60,10,3789,170,44,1,16,0,150,11,702,0,13,350,-6,205,516,0,-1,-1,-1,0x1020488010140014,1504,1507,1500,988,2012,1500,1506,1500,1500,1500,988,1500,1500,1500,1500,1500,1500,1500,1500,2012,1500,1541,1500,2012,1500,1510,1507,1500,1520,1505,1500,2012,8.3
2025-07-05,18:42:29.050,-58,-62,10,3789,150,44,1,16,0,150,11,702,1,13,349,-6,205,516,0,-1,-1,-1,0x1020488010140014,1504,1507,1500,988,2012,1500,1506,1500,1500,1500,988,1500,1500,1500,1500,1500,1500,1500,1500,2012,1500,1541,1500,2012,1500,1510,1507,1500,1520,1505,1500,2012,8.3
2025-07-05,18:42:29.550,-62,-63,10,3789,160,44,1,16,0,150,11,702,0,13,349,-6,205,516,0,-1,-1,-1,0x1020488010140014,1504,1507,1500,988,2012,1500,1506,1500,1500,1500,988,1500,1500,1500,1500,1500,1500,1500,1500,2012,1500,1541,1500,2012,1500,1510,1507,1500,1520,1505,1500,2012,8.3
2025-07-05,18:42:30.050,-62,-64,10,3789,160,44,1,16,0,150,11,702,1,13,350,-5,204,515,0,-1,-1,-1,0x1020488010140014,1504,1507,1500,988,2012,1500,1506,1500,1500,1500,988,1500,1500,1500,1500,1500,1500,1500,1500,2012,1500,1541,1500,2012,1500,1510,1507,1500,1520,1505,1500,2012,8.3
2025-07-05,18:42:30.550,-63,-63,10,3789,170,44,1,16,0,150,11,702,0,12,349,-6,205,516,0,-1,-1,-1,0x1020488010140014,1504,1506,1500,988,2012,1500,1506,1500,1500,1500,988,1500,1500,1500,1500,1500,1500,1500,1500,2012,1500,1541,1500,2012,1500,1509,1506,1500,1520,1505,1500,2012,8.3
2025-07-05,18:42:31.050,-63,-64,10,3789,160,44,1,16,0,150,11,702,0,13,350,-6,205,516,0,-1,-1,-1,0x1020488010140014,1504,1507,1500,988,2012,1500,1506,1500,1500,1500,988,1500,1500,1500,1500,1500,1500,1500,1500,2012,1500,1541,1500,2012,1500,1510,1507,1500,1520,1505,1500,2012,8.3
2025-07-05,18:42:31.550,-68,-63,10,3789,150,44,1,16,0,150,11,702,1,13,349,-6,205,516,0,-1,-1,-1,0x1020488010140014,1504,1507,1500,988,2012,1500,1506,1500,1500,1500,988,1500,1500,1500,1500,1500,1500,1500,1500,2012,1500,1541,1500,2012,1500,1510,1507,1500,1520,1505,1500,2012,8.3
2025-07-05,18:42:32.050,-68,-64,10,3789,170,44,1,16,0,150,11,702,0,15,349,-6,205,516,0,-1,-1,-1,0x1020488010140014,1504,1508,1500,988,2012,1500,1507,1500,1500,1500,988,1500,1500,1500,1500,1500,1500,1500,1500,2012,1500,1541,1500,2012,1500,1512,1508,1500,1520,1505,1500,2012,8.3
2025-07-05,18:42:32.550,-60,-63,10,3789,160,44,1,16,0,150,11,702,1,12,350,-6,205,516,0,-1,-1,-1,0x1020488010140014,1504,1506,1500,988,2012,1500,1506,1500,1500,1500,988,1500,1500,1500,1500,1500,1500,1500,1500,2012,1500,1541,1500,2012,1500,1509,1506,1500,1520,1505,1500,2012,8.3
2025-07-05,18:42:33.050,-61,-55,10,3790,160,44,1,16,0,150,11,702,1,12,349,-6,205,516,0,-1,-1,-1,0x1020488010140014,1504,1506,1500,988,2012,1500,1506,1500,1500,1500,988,1500,1500,1500,1500,1500,1500,1500,1500,2012,1500,1541,1500,2012,1500,1509,1506,1500,1520,1505,1500,2012,8.3
2025-07-05,18:42:33.550,-59,-66,10,3790,170,44,1,16,0,150,11,702,1,12,350,-6,205,516,0,-1,-1,-1,0x1020488010140014,1504,1506,1500,988,2012,1500,1506,1500,1500,1500,988,1500,1500,1500,1500,1500,1500,1500,1500,2012,1500,1541,1500,2012,1500,1509,1506,1500,1520,1505,1500,2012,8.3
2025-07-05,18:42:34.050,-62,-62,10,3790,160,44,1,16,0,150,11,702,1,11,349,-6,205,516,0,-1,-1,-1,0x1020488010140014,1505,1506,1500,988,2012,1500,1505,1500,1500,1500,988,1500,1500,1500,1500,1500,1500,1500,1500,2012,1500,1541,1500,2012,1500,1509,1506,1500,1520,1505,1500,2012,8.3
2025-07-05,18:42:34.550,-62,-62,10,3790,18160,44,1,16,4504,150,11,703,-699,124,350,-6,205,516,0,-1,-1,-1,0x1020488014140055,1343,1572,1558,988,2012,1151,1563,1500,1500,1151,988,1500,1500,1500,1500,1500,1500,1500,1372,1628,1500,1541,1500,2012,1500,1603,1572,1500,1520,1505,1500,2012,8.3
2025-07-05,18:42:35.050,-71,-66,10,3788,26080,44,1,16,8358,150,11,704,-532,445,349,-6,205,516,0,-1,-1,-1,0x1020488014140055,1395,1708,1607,988,2012,1234,1727,1500,1500,1234,988,1500,1500,1500,1500,1500,1500,1500,1372,1628,1500,1541,1500,2012,1500,1785,1708,1500,1520,1505,1500,2012,8.3
2025-07-05,18:42:35.550,-62,-69,10,3762,5660,44,1,16,0,150,11,707,13,214,350,-6,205,516,0,-1,-1,-1,0x1020488010140015,1500,1611,1607,988,2012,1506,1609,1500,1500,1506,988,1500,1500,1500,1500,1500,1500,1500,1372,1628,1500,1541,1500,2012,1500,1704,1611,1500,1520,1505,1500,2012,8.3
2025-07-05,18:42:36.050,-64,-69,10,3761,23950,48,1,16,0,150,11,708,-86,510,350,-6,205,516,0,-1,-1,-1,0x1020488014140055,1490,1735,1607,988,2012,1457,1760,1500,1500,1457,988,1500,1500,1500,1500,1500,1500,1500,1372,1628,1500,1541,1500,2012,1500,1817,1735,1500,1520,1505,1500,2012,8.3
2025-07-05,18:42:36.550,-66,-74,10,3770,10530,50,1,16,10126,150,11,709,-59,487,349,-6,205,516,0,-1,-1,-1,0x1020488014140055,1494,1725,1607,988,2012,1471,1748,1500,1500,1471,988,1500,1500,1500,1500,1500,1500,1500,1372,1628,1500,1541,1500,2012,1500,1806,1725,1500,1520,1505,1500,2012,8.3
2025-07-05,18:42:37.050,-68,-74,10,3767,1450,50,1,16,13242,150,11,711,-66,13,350,-6,205,516,0,-1,-1,-1,0x1020488014140015,1493,1507,1607,988,2012,1467,1506,1500,1500,1467,988,1500,1500,1500,1500,1500,1500,1500,1131,2012,1500,1541,1500,2012,1500,1510,1507,1500,1520,1505,1500,2012,8.3
2025-07-05,18:42:37.550,-68,-70,10,3776,15100,50,1,16,15088,150,11,712,-1,12,350,-6,205,516,0,-1,-1,-1,0x1020488010140015,1504,1507,1607,988,2012,1500,1506,1500,1500,1500,988,1500,1500,1500,1500,1500,1500,1500,1168,1883,1500,1541,1500,2012,1500,1509,1507,1500,1520,1505,1500,2012,8.3
2025-07-05,18:42:38.050,-70,-77,10,3779,5970,51,1,16,9074,150,11,713,11,501,349,-6,205,516,0,-1,-1,-1,0x1020488010140015,1506,1731,1607,988,2012,1505,1755,1500,1500,1505,988,1500,1500,1500,1500,1500,1500,1500,1372,1628,1500,1541,1500,2012,1500,1813,1731,1500,1520,1505,1500,2012,8.3
2025-07-05,18:42:38.550,-65,-73,10,3775,0,51,1,16,7070,150,11,713,978,11,350,-6,205,516,0,-1,-1,-1,0x1020488014100015,1771,1506,1607,988,2012,1980,1505,1500,1500,1989,988,1500,1500,1500,1500,1500,1500,1500,1243,2012,1500,1541,1500,988,1500,1509,1506,1500,1520,1505,1500,2012,8.3
2025-07-05,18:42:39.050,-73,-72,10,3777,25810,51,1,16,12688,150,11,715,997,458,349,-6,205,516,0,-1,-1,-1,0x1020488014140015,1757,1718,1607,988,2012,1998,1733,1500,1500,1998,988,1500,1500,1500,1500,1500,1500,1500,1372,1628,1500,1541,1500,2012,1500,1792,1718,1500,1520,1505,1500,2012,8.3
2025-07-05,18:42:39.550,-69,-74,10,3769,29980,51,1,16,11526,150,11,718,701,552,350,-6,205,516,0,-1,-1,-1,0x1020488014140055,1661,1752,1607,988,2012,1850,1781,1500,1500,1850,988,1500,1500,1500,1500,1500,1500,1500,1372,1628,1500,1541,1500,2012,1500,1836,1752,1500,1520,1505,1500,2012,8.3
2025-07-05,18:42:40.050,-72,-76,10,3740,35220,51,1,16,13244,150,11,722,4,817,349,-6,205,516,0,-1,-1,-1,0x1020488010140055,1505,1859,1607,988,2012,1502,1916,1500,1500,1502,988,1500,1500,1500,1500,1500,1500,1500,1372,1628,1500,1541,1500,2012,1500,1940,1858,1500,1520,1505,1500,2012,8.3
2025-07-05,18:42:40.540,-70,-82,10,3734,1910,51,1,16,13114,150,11,725,-236,329,350,-6,204,515,0,-1,-1,-1,0x1020488014140015,1458,1666,1607,988,2012,1382,1668,1500,1500,1382,988,1500,1500,1500,1500,1500,1500,1500,1372,1628,1500,1541,1500,2012,1500,1780,1666,1500,1520,1505,1500,2012,8.3
2025-07-05,18:42:41.020,-75,-78,10,3749,0,51,1,16,11840,150,11,725,-262,12,350,-5,204,515,0,-1,-1,-1,0x1020488014140015,1467,1506,1568,988,2012,1369,1506,1500,1500,1369,988,1500,1500,1500,1500,1500,1500,1500,1131,2012,1500,1541,1500,2012,1500,1509,1506,1500,1520,1505,1500,2012,8.3
2025-07-05,18:42:41.520,-72,-84,10,3772,2320,51,1,16,7346,150,11,725,-313,433,349,-6,204,515,0,-1,-1,-1,0x1020488014140015,1449,1704,1607,988,2012,1344,1721,1500,1500,1344,988,1500,1500,1500,1500,1500,1500,1500,1372,1628,1500,1541,1500,2012,1500,1780,1708,1500,1520,1505,1500,2012,8.3
2025-07-05,18:42:42.020,-69,-70,10,3773,29090,52,1,16,12882,150,11,728,-1024,570,349,-6,205,516,0,-1,-1,-1,0x1020488014140015,1176,1759,1607,988,2012,988,1790,1500,1500,988,988,1500,1500,1500,1500,1500,1500,1500,1372,1628,1500,1541,1500,2012,1500,1844,1759,1500,1520,1505,1500,2012,8.3
2025-07-05,18:42:42.520,-83,-85,10,3746,550,52,1,16,7490,150,11,731,873,5,349,-6,205,515,0,-1,-1,-1,0x1020488014140015,1713,1502,1607,988,2012,1936,1502,1500,1500,1936,988,1500,1500,1500,1500,1500,1500,1500,1050,2012,1500,1541,1500,2012,1500,1504,1502,1500,1520,1505,1500,2012,8.3
2025-07-05,18:42:43.020,-65,-86,50,3743,22110,52,1,16,9982,150,11,732,420,579,349,-6,205,516,0,-1,-1,-1,0x1020488014140015,1597,1763,1607,988,2012,1710,1795,1500,1500,1701,988,1500,1500,1500,1500,1500,1500,1500,1372,1628,1500,1541,1500,2012,1500,1848,1763,1500,1520,1505,1500,2012,8.3
2025-07-05,18:42:43.520,-85,-78,10,3742,21370,52,1,16,11620,150,11,736,668,728,349,-6,205,516,0,-1,-1,-1,0x1020488014140015,1660,1816,1607,988,2012,1834,1871,1500,1500,1834,988,1500,1500,1500,1500,1500,1500,1500,1372,1628,1500,1541,1500,2012,1500,1906,1816,1500,1520,1505,1500,2012,8.3
2025-07-05,18:42:44.020,-79,-77,10,3729,57110,52,1,16,12454,150,11,740,178,17,350,-6,205,516,0,-1,-1,-1,0x1020488014140015,1545,1510,1607,988,2012,1589,1508,1500,1500,1589,988,1500,1500,1500,1500,1500,1500,1500,1270,1730,1500,1541,1500,2012,1500,1683,1510,1500,1520,1505,1500,2012,8.3
2025-07-05,18:42:44.520,-67,-72,10,3740,1870,52,1,16,10052,150,12,741,623,137,350,-6,205,516,0,-1,-1,-1,0x1020488014140015,1641,1570,1607,988,2012,1811,1570,1500,1500,1811,988,1500,1500,1500,1500,1500,1500,1500,1372,1628,1500,1541,1500,2012,1500,1603,1570,1500,1520,1505,1500,2012,8.3
2025-07-05,18:42:45.020,-71,-71,10,3763,15890,52,1,16,12170,150,12,742,424,625,349,-6,205,516,0,-1,-1,-1,0x1020488014140015,1604,1781,1607,988,2012,1712,1818,1500,1500,1712,988,1500,1500,1500,1500,1500,1500,1500,1372,1628,1500,1541,1500,2012,1500,1868,1781,1500,1520,1505,1500,2012,8.3
2025-07-05,18:42:45.520,-70,-78,25,3753,27590,51,1,16,15364,150,12,746,-664,510,350,-6,205,516,0,-1,-1,-1,0x1020488014140015,1355,1735,1607,988,2012,1168,1760,1500,1500,1168,988,1500,1500,1500,1500,1500,1500,1500,1372,1628,1500,1541,1500,2012,1500,1817,1730,1500,1520,1505,1500,2012,8.3
2025-07-05,18:42:46.020,-69,-72,10,3734,17940,51,1,16,14142,150,12,749,-755,672,349,-6,205,516,0,-1,-1,-1,0x1020488014140015,1315,1798,1607,988,2012,1123,1842,1500,1500,1117,988,1500,1500,1500,1500,1500,1500,1500,1372,1628,1500,1541,1500,2012,1500,1887,1798,1500,1520,1505,1500,2012,8.3
2025-07-05,18:42:46.520,-72,-79,10,3729,19070,52,1,16,17528,150,12,755,-7,879,349,-6,205,516,0,-1,-1,-1,0x1020488010140015,1503,1896,1607,988,2012,1497,1948,1500,1500,1497,988,1500,1500,1500,1500,1500,1500,1500,1372,1628,1500,1541,1500,2012,1500,1967,1896,1500,1520,1505,1500,2012,8.3
2025-07-05,18:42:47.020,-78,-62,100,3718,40310,53,1,16,19192,150,12,759,559,847,349,-6,205,516,0,-1,-1,-1,0x1020488014140015,1632,1880,1607,988,2012,1779,1932,1500,1500,1779,988,1500,1500,1500,1500,1500,1500,1500,1372,1628,1500,1541,1500,2012,1500,1955,1880,1500,1520,1505,1500,2012,8.3
2025-07-05,18:42:47.520,-65,-67,10,3700,104840,54,1,16,22332,150,12,767,813,1003,349,-6,205,515,0,-1,-1,-1,0x1020488014142015,1704,2009,1607,988,2012,1906,2011,1500,1500,1906,988,1500,1500,1500,1500,1500,1500,1500,1372,1628,1500,1541,1500,2012,1500,2011,2009,1500,1520,1505,1500,2012,8.3
2025-07-05,18:42:48.020,-74,-71,10,3666,1640,54,1,16,19832,150,12,779,-9,417,350,-6,205,516,0,-1,-1,-1,0x1020488010140015,1504,1692,1607,988,2012,1496,1712,1500,1500,1500,988,1500,1500,1500,1500,1500,1500,1500,1372,1628,1500,1541,1500,2012,1500,1766,1687,1500,1520,1505,1500,2012,8.3
2025-07-05,18:42:48.520,-68,-73,10,3698,2200,54,1,16,18224,150,12,780,-359,394,349,-6,205,516,0,-1,-1,-1,0x1020488014140015,1437,1686,1607,988,2012,1321,1701,1500,1500,1321,988,1500,1500,1500,1500,1500,1500,1500,1372,1628,1500,1541,1500,2012,1500,1759,1686,1500,1520,1505,1500,2012,8.3
2025-07-05,18:42:49.020,-74,-70,10,3732,1750,53,1,16,16648,150,12,781,181,3,349,-6,205,516,0,-1,-1,-1,0x1020488014140015,1546,1502,1607,988,2012,1590,1501,1500,1500,1590,988,1500,1500,1500,1500,1500,1500,1500,988,2012,1500,1541,1500,2012,1500,1503,1502,1500,1520,1505,1500,2012,8.3
2025-07-05,18:42:49.520,-65,-63,10,3741,1580,53,1,16,7970,150,12,780,1024,58,350,-6,205,516,0,-1,-1,-1,0x1020488014140015,1786,1532,1607,988,2012,2012,1529,1500,1500,2012,988,1500,1500,1500,1500,1500,1500,1500,1065,1935,1500,1541,1500,2012,1500,1545,1522,1500,1520,1505,1500,2012,8.3
2025-07-05,18:42:50.020,-72,-69,10,3748,75100,53,1,16,12034,150,12,785,725,403,349,-6,205,516,0,-1,-1,-1,0x1020488014140015,1677,1691,1607,988,2012,1862,1705,1500,1500,1862,988,1500,1500,1500,1500,1500,1500,1500,1372,1628,1500,1541,1500,2012,1500,1764,1686,1500,1520,1505,1500,2012,8.3
2025-07-05,18:42:50.520,-69,-70,10,3730,1980,53,1,16,10446,150,12,786,698,131,350,-6,205,516,0,-1,-1,-1,0x1020488014140015,1668,1568,1607,988,2012,1849,1567,1500,1500,1849,988,1500,1500,1500,1500,1500,1500,1500,1372,1628,1500,1541,1500,2012,1500,1599,1568,1500,1520,1505,1500,2012,8.3
2025-07-05,18:42:51.020,-63,-58,10,3734,1630,53,1,16,3354,150,12,787,386,62,350,-6,205,516,0,-1,-1,-1,0x1020488014140015,1593,1535,1607,988,2012,1693,1531,1500,1500,1693,988,1500,1500,1500,1500,1500,1500,1500,1372,1628,1500,1541,1500,2012,1500,1549,1535,1500,1520,1505,1500,2012,8.3
2025-07-05,18:42:51.520,-62,-62,10,3750,330,54,1,16,276,150,12,787,36,9,349,-6,205,516,0,-1,-1,-1,0x1020488010140014,1512,1505,1529,988,2012,1518,1504,1500,1500,1518,988,1500,1500,1500,1500,1500,1500,1500,1336,2012,1500,1541,1500,2012,1500,1507,1505,1500,1520,1505,1500,2012,8.3
2025-07-05,18:42:52.020,-65,-65,10,3755,2450,53,1,16,2012,150,12,787,-1024,257,350,-6,205,516,0,-1,-1,-1,0x1020488014140055,1176,1624,1557,988,2012,988,1631,1500,1500,988,988,1500,1500,1500,1500,1500,1500,1500,1372,1628,1500,1541,1500,2012,1500,1682,1624,1500,1520,1505,1500,2012,8.3
2025-07-05,18:42:52.520,-67,-64,10,3756,1520,51,1,16,2546,150,12,787,-1011,11,349,-6,205,516,0,-1,-1,-1,0x1020488014140055,1185,1506,1607,988,2012,995,1505,1500,1500,995,988,1500,1500,1500,1500,1500,1500,1500,1254,2012,1500,1541,1500,2012,1500,1509,1506,1500,1520,1505,1500,2012,8.3
2025-07-05,18:42:53.020,-58,-63,10,3757,2550,51,1,16,3304,150,12,788,-250,108,349,-6,205,516,0,-1,-1,-1,0x1020488014140015,1463,1558,1607,988,2012,1375,1555,1500,1500,1382,988,1500,1500,1500,1500,1500,1500,1500,1372,1628,1500,1541,1500,2012,1500,1583,1558,1500,1520,1505,1500,2012,8.3
2025-07-05,18:42:53.520,-49,-63,10,3758,7440,51,1,16,2840,150,12,788,-842,245,350,-6,204,515,0,-1,-1,-1,0x1020488014140015,1283,1613,1607,988,2012,1079,1625,1500,1500,1079,988,1500,1500,1500,1500,1500,1500,1500,1372,1628,1500,1541,1500,2012,1500,1667,1613,1500,1520,1505,1500,2012,8.3
2025-07-05,18:42:54.020,-55,-54,10,3758,1500,51,1,16,1304,150,12,789,-659,10,350,-6,205,516,0,-1,-1,-1,0x1020488014140015,1356,1505,1607,988,2012,1176,1505,1500,1500,1171,988,1500,1500,1500,1500,1500,1500,1500,1213,2012,1500,1541,1500,2012,1500,1508,1505,1500,1520,1505,1500,2012,8.3
2025-07-05,18:42:54.520,-55,-52,10,3760,1530,52,1,16,1192,150,12,789,-479,61,350,-6,205,516,0,-1,-1,-1,0x1020488014140055,1409,1527,1607,988,2012,1261,1531,1500,1500,1261,988,1500,1500,1500,1500,1500,1500,1500,1372,2012,1500,1541,1500,2012,1500,1538,1526,1500,1520,1505,1500,2012,8.3
2025-07-05,18:42:55.020,-55,-53,10,3762,1890,52,1,16,1896,150,12,791,-515,85,349,-6,205,515,0,-1,-1,-1,0x1020488014140055,1400,1547,1607,988,2012,1243,1543,1500,1500,1243,988,1500,1500,1500,1500,1500,1500,1500,1372,1628,1500,1541,1500,2012,1500,1565,1552,1500,1520,1505,1500,2012,8.3
2025-07-05,18:42:55.520,-58,-58,10,3759,18920,52,1,16,12572,150,12,794,-390,6,349,-6,205,516,0,-1,-1,-1,0x1020488014140015,1429,1503,1607,988,2012,1305,1503,1500,1500,1300,988,1500,1500,1500,1500,1500,1500,1500,1014,1986,1500,1541,1500,2012,1500,1622,1503,1500,1520,1505,1500,2012,8.3
2025-07-05,18:42:56.020,-64,-65,10,3757,24500,52,1,16,5664,150,12,795,-611,77,350,-6,205,516,0,-1,-1,-1,0x1020488014140015,1373,1549,1607,988,2012,1195,1539,1500,1500,1195,988,1500,1500,1500,1500,1500,1500,1500,1372,1628,1500,1541,1500,2012,1500,1602,1553,1500,1520,1505,1500,2012,8.3
2025-07-05,18:42:56.520,-82,-70,25,3757,5060,52,1,16,4282,150,12,796,-895,266,350,-6,205,516,0,-1,-1,-1,0x1020488014140015,1255,1628,1607,988,2012,1053,1635,1500,1500,1053,988,1500,1500,1500,1500,1500,1500,1500,1372,1628,1500,1541,1500,2012,1500,1687,1627,1500,1520,1505,1500,2012,8.3
2025-07-05,18:42:57.020,-81,-75,10,3757,1990,52,1,16,5310,150,13,797,7,324,349,-6,205,516,0,-1,-1,-1,0x1020488010140055,1506,1655,1607,988,2012,1503,1665,1500,1500,1503,988,1500,1500,1500,1500,1500,1500,1500,1372,1628,1500,1541,1500,2012,1500,1722,1655,1500,1520,1505,1500,2012,8.3
2025-07-05,18:42:57.520,-76,-69,10,3755,2530,52,1,16,6072,150,13,798,898,162,349,-6,205,516,0,-1,-1,-1,0x1020488014140055,1729,1588,1607,988,2012,1949,1582,1500,1500,1948,988,1500,1500,1500,1500,1500,1500,1500,1372,1628,1500,1541,1500,2012,1500,1630,1588,1500,1520,1505,1500,2012,8.3
2025-07-05,18:42:58.020,-73,-70,10,3757,18340,53,1,16,7544,150,13,799,310,456,349,-6,205,516,0,-1,-1,-1,0x1020488014140015,1582,1713,1607,988,2012,1655,1732,1500,1500,1664,988,1500,1500,1500,1500,1500,1500,1500,1372,1628,1500,1541,1500,2012,1500,1791,1714,1500,1520,1505,1500,2012,8.3
2025-07-05,18:42:58.520,-62,-67,10,3755,10310,53,1,16,0,150,13,801,548,313,349,-6,205,516,0,-1,-1,-1,0x1020488014140015,1632,1649,1607,988,2012,1774,1659,1500,1500,1780,988,1500,1500,1500,1500,1500,1500,1500,1372,1628,1500,1541,1500,2012,1500,1715,1649,1500,1520,1505,1500,2012,8.3
2025-07-05,18:42:59.020,-63,-67,10,3746,2340,53,1,16,9540,150,13,803,-703,334,349,-6,205,516,0,-1,-1,-1,0x1020488014140055,1340,1652,1607,988,2012,1149,1670,1500,1500,1149,988,1500,1500,1500,1500,1500,1500,1500,1372,1628,1500,1541,1500,2012,1500,1718,1652,1500,1520,1505,1500,2012,8.3
2025-07-05,18:42:59.520,-75,-77,10,3748,12180,54,1,16,0,150,13,804,-684,339,350,-6,205,516,0,-1,-1,-1,0x1020488014140055,1348,1661,1607,988,2012,1158,1673,1500,1500,1159,988,1500,1500,1500,1500,1500,1500,1500,1372,1628,1500,1541,1500,2012,1500,1729,1666,1500,1520,1505,1500,2012,8.3
2025-07-05,18:43:00.020,-71,-83,10,3748,30130,54,1,16,10202,150,13,806,-532,492,350,-6,205,516,0,-1,-1,-1,0x1020488014140015,1395,1728,1607,988,2012,1234,1751,1500,1500,1234,988,1500,1500,1500,1500,1500,1500,1500,1372,1628,1500,1541,1500,2012,1500,1809,1728,1500,1520,1505,1500,2012,8.3
2025-07-05,18:43:00.520,-82,-75,10,3739,19400,54,1,16,11566,150,13,808,798,233,350,-6,205,516,0,-1,-1,-1,0x1020488014140015,1699,1608,1607,988,2012,1899,1619,1500,1500,1898,988,1500,1500,1500,1500,1500,1500,1500,1372,1628,1500,1541,1500,2012,1500,1660,1608,1500,1520,1505,1500,2012,8.3
2025-07-05,18:43:01.020,-81,-72,10,3736,7190,55,1,16,10544,150,13,810,-25,487,349,-6,205,516,0,-1,-1,-1,0x1020488010140015,1500,1726,1607,988,2012,1488,1748,1500,1500,1488,988,1500,1500,1500,1500,1500,1500,1500,1372,1628,1500,1541,1500,2012,1500,1807,1726,1500,1520,1505,1500,2012,8.3
2025-07-05,18:43:01.520,-72,-76,10,3745,1590,54,1,16,9764,150,13,811,-350,-360,349,-6,205,516,0,-1,-1,-1,0x10204880161C0015,1441,1329,1607,988,2012,1325,1320,1328,1500,1325,988,1500,1500,1500,1500,1500,1500,1327,1018,2012,1500,1541,1500,988,1500,1340,1500,1500,1520,1505,1500,2012,8.3
2025-07-05,18:43:02.020,-77,-75,10,3756,1910,54,1,16,7812,150,13,811,-774,10,350,-6,205,516,0,-1,-1,-1,0x1020488014140415,1313,1505,1607,988,2012,1113,1505,1500,1500,1113,988,1500,1500,1500,1500,1500,1500,1500,1372,2012,1500,1541,1500,2012,1500,1508,1505,1500,1520,1505,1500,2012,8.3
2025-07-05,18:43:02.520,-71,-73,10,3762,5390,54,1,16,7484,150,13,812,-657,537,350,-6,205,516,0,-1,-1,-1,0x1020488014140015,1357,1746,1607,988,2012,1172,1774,1500,1500,1172,988,1500,1500,1500,1500,1500,1500,1500,1372,1628,1500,1541,1500,2012,1500,1829,1746,1500,1520,1505,1500,2012,8.3
2025-07-05,18:43:03.020,-74,-80,10,3754,40900,54,1,16,12266,150,13,816,-559,387,349,-6,205,516,0,-1,-1,-1,0x1020488014140055,1388,1683,1607,988,2012,1221,1697,1500,1500,1221,988,1500,1500,1500,1500,1500,1500,1500,1372,1628,1500,1541,1500,2012,1500,1756,1683,1500,1520,1505,1500,2012,8.3
2025-07-05,18:43:03.520,-75,-78,10,3727,11820,54,1,16,14320,150,13,820,-47,660,349,-6,205,516,0,-1,-1,-1,0x1020488010140055,1497,1794,1607,988,2012,1477,1836,1500,1500,1477,988,1500,1500,1500,1500,1500,1500,1500,1372,1628,1500,1541,1500,2012,1500,1883,1794,1500,1520,1505,1500,2012,8.3
2025-07-05,18:43:04.020,-70,-73,50,3723,8180,54,1,16,13308,150,13,823,-145,6,350,-6,205,516,0,-1,-1,-1,0x1020488014140015,1480,1503,1607,988,2012,1428,1503,1500,1500,1428,988,1500,1500,1500,1500,1500,1500,1500,988,2012,1500,1541,1500,2012,1500,1607,1503,1500,1520,1505,1500,2012,8.3
2025-07-05,18:43:04.520,-77,-73,10,3740,1470,54,1,16,10274,150,13,824,-147,26,350,-6,205,516,0,-1,-1,-1,0x1020488014140415,1479,1515,1607,988,2012,1427,1513,1500,1500,1427,988,1500,1500,1500,1500,1500,1500,1500,1372,2012,1500,1541,1500,2012,1500,1521,1515,1500,1520,1505,1500,2012,8.3
2025-07-05,18:43:05.020,-74,-71,10,3756,24530,54,1,16,16856,150,13,824,-136,885,349,-6,205,516,0,-1,-1,-1,0x1020488014140015,1481,1899,1607,988,2012,1432,1951,1500,1500,1432,988,1500,1500,1500,1500,1500,1500,1500,1372,1628,1500,1541,1500,2012,1500,1973,1906,1500,1520,1505,1500,2012,8.3
2025-07-05,18:43:05.520,-56,-63,10,3740,0,55,1,16,9572,1,13,824,1024,-706,350,-6,205,515,0,-1,-1,-1,0x10204800161C0015,1786,1155,1607,988,2012,2012,1147,1152,1500,2012,988,1500,1500,1500,1500,1500,1500,1152,1122,2012,1500,1541,1500,2012,1500,1163,1500,1500,1520,1505,1500,2012,8.3
2025-07-05,18:43:06.020,-80,-68,10,3759,1640,54,1,16,3052,1,13,824,1024,156,349,-6,205,516,0,-1,-1,-1,0x1020480014140015,1786,1579,1607,988,2012,2012,1579,1500,1500,2012,988,1500,1500,1500,1500,1500,1500,1500,1372,1628,1500,1541,1500,2012,1500,1617,1579,1500,1520,1505,1500,2012,8.3
2025-07-05,18:43:06.520,-66,-70,10,3758,46650,54,1,16,7502,1,13,824,799,607,349,-6,205,516,0,-1,-1,-1,0x1020480014140015,1694,1777,1607,988,2012,1899,1809,1500,1500,1890,988,1500,1500,1500,1500,1500,1500,1500,1372,1628,1500,1541,1500,2012,1500,1865,1777,1500,1520,1505,1500,2012,8.3
2025-07-05,18:43:07.020,-65,-72,10,3736,9870,54,1,16,14810,1,13,824,173,455,349,-6,205,516,0,-1,-1,-1,0x1020480014140015,1544,1706,1607,988,2012,1586,1732,1500,1500,1586,988,1500,1500,1500,1500,1500,1500,1500,1372,1628,1500,1541,1500,2012,1500,1782,1701,1500,1520,1505,1500,2012,8.3
2025-07-05,18:43:07.520,-70,-59,10,3714,21290,54,1,16,14168,1,13,824,404,753,349,-6,205,516,0,-1,-1,-1,0x1020480014140015,1597,1827,1607,988,2012,1702,1884,1500,1500,1702,988,1500,1500,1500,1500,1500,1500,1500,1372,1628,1500,1541,1500,2012,1500,1916,1827,1500,1520,1505,1500,2012,8.3
2025-07-05,18:43:08.020,-56,-69,50,3713,34270,54,1,16,20162,1,13,824,328,824,349,-6,205,516,0,-1,-1,-1,0x1020480014140015,1582,1868,1607,988,2012,1664,1920,1500,1500,1664,988,1500,1500,1500,1500,1500,1500,1500,1372,1628,1500,1541,1500,2012,1500,1947,1869,1500,1520,1505,1500,2012,8.3
2025-07-05,18:43:08.520,-60,-64,10,3690,60340,54,1,16,28266,1,13,824,36,1003,349,-6,205,516,0,-1,-1,-1,0x1020480010142015,1512,2009,1607,988,2012,1518,2011,1500,1500,1518,988,1500,1500,1500,1500,1500,1500,1500,1372,1628,1500,1541,1500,2012,1500,2011,2009,1500,1520,1505,1500,2012,8.3
2025-07-05,18:43:09.020,-67,-72,10,3655,9550,54,1,16,28234,150,13,855,120,8,350,-6,205,516,0,-1,-1,-1,0x1020480014140015,1532,1505,1607,988,2012,1560,1504,1500,1500,1560,988,1500,1500,1500,1500,1500,1500,1500,1270,1730,1500,1541,1500,2012,1500,1807,1504,1500,1520,1505,1500,2012,8.3
2025-07-05,18:43:09.520,-61,-61,250,3683,3430,54,1,16,23284,150,13,855,661,360,350,-6,205,515,0,-1,-1,-1,0x1020480014140015,1658,1671,1607,988,2012,1830,1683,1500,1500,1830,988,1500,1500,1500,1500,1500,1500,1500,1372,1628,1500,1541,1500,2012,1500,1741,1662,1500,1520,1505,1500,2012,8.3
2025-07-05,18:43:10.020,-74,-79,10,3739,2400,55,1,16,18258,38,13,856,964,550,349,-6,205,516,0,-1,-1,-1,0x1020480014140015,1754,1751,1607,988,2012,1982,1780,1500,1500,1982,988,1500,1500,1500,1500,1500,1500,1500,1372,1628,1500,1541,1500,2012,1500,1835,1746,1500,1520,1505,1500,2012,8.3
2025-07-05,18:43:10.520,-61,-73,10,3738,7690,56,1,16,19298,1,13,856,1003,284,350,-6,205,515,0,-1,-1,-1,0x1020480014140015,1774,1636,1607,988,2012,2001,1645,1500,1500,2001,988,1500,1500,1500,1500,1500,1500,1500,1372,1628,1500,1541,1500,2012,1500,1705,1642,1500,1520,1505,1500,2012,8.3
2025-07-05,18:43:11.020,-72,-69,10,3739,1370,56,1,16,7070,1,13,856,-1,9,350,-6,205,516,0,-1,-1,-1,0x1020480010140015,1504,1505,1607,988,2012,1500,1504,1500,1500,1500,988,1500,1500,1500,1500,1500,1500,1500,1090,2012,1500,1541,1500,2012,1500,1508,1505,1500,1520,1505,1500,2012,8.3
2025-07-05,18:43:11.520,-69,-71,10,3750,1490,53,1,16,1010,1,13,856,0,9,349,-6,205,516,0,-1,-1,-1,0x1020480010140015,1504,1505,1607,988,2012,1500,1504,1500,1500,1500,988,1500,1500,1500,1500,1500,1500,1500,1372,2012,1500,1541,1500,2012,1500,1507,1505,1500,1520,1505,1500,2012,8.3
2025-07-05,18:43:12.020,-75,-70,10,3751,1470,52,1,16,1762,1,13,856,25,10,349,-6,205,516,0,-1,-1,-1,0x1020480010140055,1510,1505,1607,988,2012,1512,1505,1500,1500,1512,988,1500,1500,1500,1500,1500,1500,1500,1372,2012,1500,1541,1500,2012,1500,1508,1505,1500,1520,1505,1500,2012,8.3
2025-07-05,18:43:12.520,-74,-83,10,3752,87310,52,1,16,21068,1,13,856,-1024,995,349,-6,205,516,0,-1,-1,-1,0x1020480014142055,1176,2001,1607,988,2012,988,2007,1500,1500,988,988,1500,1500,1500,1500,1500,1500,1500,1372,1628,1500,1541,1500,2012,1500,2008,2001,1500,1520,1505,1500,2012,8.3
2025-07-05,18:43:13.020,-73,-87,25,3751,1040,52,1,16,2248,1,13,856,-1024,-253,349,-6,205,516,0,-1,-1,-1,0x1020480016140015,1176,1368,1607,988,2012,988,1374,1367,1500,988,988,1500,1500,1500,1500,1500,1500,1367,1224,2012,1500,1541,1500,2012,1500,1323,1500,1500,1520,1505,1500,2012,8.3
2025-07-05,18:43:13.520,-84,-90,10,3747,2060,52,1,16,4298,1,13,856,-510,742,349,-6,205,516,0,-1,-1,-1,0x1020480014140015,1401,1826,1607,988,2012,1245,1878,1500,1500,1245,988,1500,1500,1500,1500,1500,1500,1500,1372,1628,1500,1541,1500,2012,1500,1915,1826,1500,1520,1505,1500,2012,8.3
2025-07-05,18:43:14.020,-72,-69,10,3744,54080,52,1,16,11286,1,13,856,595,58,349,-6,205,516,0,-1,-1,-1,0x1020480014140015,1644,1533,1607,988,2012,1797,1529,1500,1500,1804,988,1500,1500,1500,1500,1500,1500,1500,1372,1628,1500,1541,1500,2012,1500,1685,1541,1500,1520,1505,1500,2012,8.3
2025-07-05,18:43:14.520,-77,-74,25,3725,1610,52,1,16,8294,150,13,870,791,407,349,-6,205,516,0,-1,-1,-1,0x1020480014140015,1697,1693,1607,988,2012,1895,1707,1500,1500,1895,988,1500,1500,1500,1500,1500,1500,1500,1372,1628,1500,1541,1500,2012,1500,1767,1693,1500,1520,1505,1500,2012,8.3
2025-07-05,18:43:15.020,-74,-82,25,3739,37880,52,1,16,9392,150,13,872,171,8,349,-6,205,516,0,-1,-1,-1,0x1020480014140055,1539,1504,1607,988,2012,1585,1504,1500,1500,1575,988,1500,1500,1500,1500,1500,1500,1500,1117,1883,1500,1541,1500,2012,1500,1568,1503,1500,1520,1505,1500,2012,8.3
2025-07-05,18:43:15.520,-74,-78,10,3745,2770,53,1,16,7956,150,13,872,604,466,349,-6,205,516,0,-1,-1,-1,0x1020488014140055,1643,1717,1607,988,2012,1802,1737,1500,1500,1802,988,1500,1500,1500,1500,1500,1500,1500,1372,1628,1500,1541,1500,2012,1500,1796,1717,1500,1520,1505,1500,2012,8.3
2025-07-05,18:43:16.020,-89,-84,10,3744,34280,53,1,16,13618,150,13,876,-42,86,349,-6,205,516,0,-1,-1,-1,0x1020488010140015,1498,1555,1607,988,2012,1479,1544,1500,1500,1480,988,1500,1500,1500,1500,1500,1500,1500,1372,1628,1500,1541,1500,2012,1500,1735,1570,1500,1520,1505,1500,2012,8.3
2025-07-05,18:43:16.520,-72,-69,10,4683,8330,54,1,16,13350,150,13,877,249,436,350,-6,205,516,0,-1,-1,-1,0x1020488014140015,1565,1704,1607,988,2012,1624,1722,1500,1500,1630,988,1500,1500,1500,1500,1500,1500,1500,1372,1628,1500,1541,1500,2012,1500,1780,1700,1500,1520,1505,1500,2012,8.3
2025-07-05,18:43:17.020,-75,-78,50,3737,1600,53,1,16,10540,150,13,878,270,-335,350,-6,205,515,0,-1,-1,-1,0x10204880161C0015,1567,1348,1607,988,2012,1635,1333,1347,1500,1635,988,1500,1500,1500,1500,1500,1500,1347,1029,2012,1500,1541,1500,2012,1500,1385,1500,1500,1520,1505,1500,2012,8.3
2025-07-05,18:43:17.520,-85,-76,10,3748,1480,53,1,16,6604,150,13,878,279,128,350,-6,205,516,0,-1,-1,-1,0x1020488014140055,1570,1566,1607,988,2012,1639,1565,1500,1500,1639,988,1500,1500,1500,1500,1500,1500,1500,1372,1628,1500,1541,1500,2012,1500,1597,1566,1500,1520,1505,1500,2012,8.3
2025-07-05,18:43:18.020,-71,-76,50,3753,1880,53,1,16,8208,150,13,878,1022,216,350,-6,205,516,0,-1,-1,-1,0x1020488014140055,1784,1606,1607,988,2012,2011,1610,1500,1500,2011,988,1500,1500,1500,1500,1500,1500,1500,1372,1628,1500,1541,1500,2012,1500,1657,1611,1500,1520,1505,1500,2012,8.3
2025-07-05,18:43:18.520,-75,-82,10,3754,2350,53,1,16,4064,150,13,879,996,360,349,-6,205,516,0,-1,-1,-1,0x1020488014140015,1771,1671,1607,988,2012,1998,1683,1500,1500,1998,988,1500,1500,1500,1500,1500,1500,1500,1372,1628,1500,1541,1500,2012,1500,1741,1676,1500,1520,1505,1500,2012,8.3
2025-07-05,18:43:19.020,-65,-73,250,3751,7770,53,1,16,8454,150,13,881,635,452,349,-6,205,516,0,-1,-1,-1,0x1020488014140015,1651,1717,1607,988,2012,1817,1730,1500,1500,1817,988,1500,1500,1500,1500,1500,1500,1500,1372,1628,1500,1541,1500,2012,1500,1796,1717,1500,1520,1505,1500,2012,8.3
2025-07-05,18:43:19.520,-84,-86,10,3731,47160,54,1,16,17698,150,13,885,99,789,349,-6,205,516,0,-1,-1,-1,0x1020488014140015,1530,1855,1607,988,2012,1549,1902,1500,1500,1555,988,1500,1500,1500,1500,1500,1500,1500,1372,1628,1500,1541,1500,2012,1500,1937,1856,1500,1520,1505,1500,2012,8.3
2025-07-05,18:43:20.020,-71,-68,50,3719,43220,54,1,16,17454,150,13,889,-417,171,349,-6,205,516,0,-1,-1,-1,0x1020488014140015,1428,1585,1607,988,2012,1292,1587,1500,1500,1297,988,1500,1500,1500,1500,1500,1500,1500,1372,1628,1500,1541,1500,2012,1500,1715,1585,1500,1520,1505,1500,2012,8.3
2025-07-05,18:43:20.520,-86,-80,10,3723,2580,53,1,16,10004,150,13,890,-756,127,349,-6,205,516,0,-1,-1,-1,0x1020488014140015,1320,1566,1607,988,2012,1122,1565,1500,1500,1122,988,1500,1500,1500,1500,1500,1500,1500,1372,1628,1500,1541,1500,2012,1500,1596,1566,1500,1520,1505,1500,2012,8.3
2025-07-05,18:43:21.020,-84,-78,10,3747,41960,53,1,16,8032,150,13,890,-98,776,349,-6,205,516,0,-1,-1,-1,0x1020488014140015,1487,1844,1607,988,2012,1451,1895,1500,1500,1451,988,1500,1500,1500,1500,1500,1500,1500,1372,1628,1500,1541,1500,2012,1500,1928,1844,1500,1520,1505,1500,2012,8.3
2025-07-05,18:43:21.520,-73,-84,100,4061,25710,53,1,16,14154,150,13,896,-546,665,349,-6,205,516,0,-1,-1,-1,0x1020488014140015,1392,1796,1607,988,2012,1227,1839,1500,1500,1228,988,1500,1500,1500,1500,1500,1500,1500,1372,1628,1500,1541,1500,2012,1500,1885,1796,1500,1520,1505,1500,2012,8.3
2025-07-05,18:43:22.020,-78,-77,10,4036,23400,53,1,16,14980,150,13,898,-753,671,349,-6,205,516,0,-1,-1,-1,0x1020488014140015,1321,1798,1607,988,2012,1124,1842,1500,1500,1123,988,1500,1500,1500,1500,1500,1500,1500,1372,1628,1500,1541,1500,2012,1500,1887,1798,1500,1520,1505,1500,2012,8.3
2025-07-05,18:43:22.520,-74,-79,10,3713,64260,53,1,16,18954,150,13,903,-683,747,349,-6,206,516,0,-1,-1,-1,0x1020488014140015,1348,1829,1607,988,2012,1159,1881,1500,1500,1159,988,1500,1500,1500,1500,1500,1500,1500,1372,1628,1500,1541,1500,2012,1500,1917,1836,1500,1520,1505,1500,2012,8.3
2025-07-05,18:43:23.020,-72,-72,25,3709,19180,54,1,16,16310,150,13,906,-172,557,349,-6,205,516,0,-1,-1,-1,0x1020488014140015,1473,1754,1607,988,2012,1414,1784,1500,1500,1409,988,1500,1500,1500,1500,1500,1500,1500,1372,1628,1500,1541,1500,2012,1500,1839,1754,1500,1520,1505,1500,2012,8.3
2025-07-05,18:43:23.520,-69,-69,25,3720,9770,54,1,16,15374,150,14,907,11,748,349,-6,206,516,0,-1,-1,-1,0x1020488010140015,1506,1824,1607,988,2012,1505,1881,1500,1500,1505,988,1500,1500,1500,1500,1500,1500,1500,1372,1628,1500,1541,1500,2012,1500,1913,1824,1500,1520,1505,1500,2012,8.3
2025-07-05,18:43:24.020,-65,-64,10,3736,3150,54,1,16,16850,150,14,908,-242,10,349,-6,205,516,0,-1,-1,-1,0x1020488014140015,1464,1506,1607,988,2012,1379,1505,1500,1500,1384,988,1500,1500,1500,1500,1500,1500,1500,1270,1730,1500,1541,1500,2012,1500,1613,1506,1500,1520,1505,1500,2012,8.3
2025-07-05,18:43:24.520,-55,-62,10,3745,2380,54,1,16,7058,150,14,908,-893,10,350,-6,206,516,0,-1,-1,-1,0x1020488014140015,1265,1505,1607,988,2012,1054,1505,1500,1500,1062,988,1500,1500,1500,1500,1500,1500,1500,1321,1679,1500,1541,1500,2012,1500,1529,1505,1500,1520,1505,1500,2012,8.3
2025-07-05,18:43:25.020,-53,-59,10,3749,5160,54,1,16,6522,150,14,909,-717,382,349,-6,205,516,0,-1,-1,-1,0x1020488014140015,1335,1681,1607,988,2012,1142,1695,1500,1500,1141,988,1500,1500,1500,1500,1500,1500,1500,1372,1628,1500,1541,1500,2012,1500,1753,1686,1500,1520,1505,1500,2012,8.3
2025-07-05,18:43:25.520,-74,-67,10,3748,11120,54,1,16,31674,150,14,910,-988,425,350,-6,205,516,0,-1,-1,-1,0x1020488014140015,1198,1700,1607,988,2012,1006,1716,1500,1500,1006,988,1500,1500,1500,1500,1500,1500,1500,1372,1628,1500,1541,1500,2012,1500,1775,1700,1500,1520,1505,1500,2012,8.3
2025-07-05,18:43:26.020,-69,-69,10,3734,30950,55,1,16,11248,150,14,914,-508,511,349,-6,206,516,0,-1,-1,-1,0x1020488014140055,1402,1735,1607,988,2012,1246,1761,1500,1500,1246,988,1500,1500,1500,1500,1500,1500,1500,1372,1628,1500,1541,1500,2012,1500,1818,1735,1500,1520,1505,1500,2012,8.3
2025-07-05,18:43:26.520,-75,-69,10,3726,1550,55,1,16,10710,150,14,917,-497,470,349,-6,206,516,0,-1,-1,-1,0x1020488014140055,1405,1718,1607,988,2012,1252,1739,1500,1500,1252,988,1500,1500,1500,1500,1500,1500,1500,1372,1628,1500,1541,1500,2012,1500,1798,1714,1500,1520,1505,1500,2012,8.3
2025-07-05,18:43:27.020,-72,-75,100,4680,7140,54,1,16,22258,150,14,920,-546,9,350,-6,205,516,0,-1,-1,-1,0x1020488014140015,1391,1505,1607,988,2012,1227,1504,1500,1500,1227,988,1500,1500,1500,1500,1500,1500,1500,988,2012,1500,1541,1500,2012,1500,1552,1505,1500,1520,1505,1500,2012,8.3
2025-07-05,18:43:27.520,-60,-58,25,3742,7790,54,1,16,16432,150,14,920,-605,615,349,-6,205,516,0,-1,-1,-1,0x1020488014140015,1374,1777,1607,988,2012,1198,1813,1500,1500,1198,988,1500,1500,1500,1500,1500,1500,1500,1372,1628,1500,1541,1500,2012,1500,1864,1777,1500,1520,1505,1500,2012,8.3
2025-07-05,18:43:28.020,-65,-72,10,3739,1510,54,1,16,2838,150,14,921,-844,10,349,-6,205,516,0,-1,-1,-1,0x1020488014140015,1282,1506,1607,988,2012,1078,1505,1500,1500,1079,988,1500,1500,1500,1500,1500,1500,1500,1234,2012,1500,1541,1500,2012,1500,1509,1506,1500,1520,1505,1500,2012,8.3
2025-07-05,18:43:28.520,-78,-83,25,3749,1510,54,1,16,324,150,14,921,-1023,9,349,-6,206,516,0,-1,-1,-1,0x1020488014140015,1176,1505,1607,988,2012,989,1504,1500,1500,988,988,1500,1500,1500,1500,1500,1500,1500,1372,2012,1500,1541,1500,2012,1500,1507,1505,1500,1520,1505,1500,2012,8.3
2025-07-05,18:43:29.020,-76,-79,10,3750,1700,54,1,16,0,150,14,921,-901,9,349,-6,205,516,0,-1,-1,-1,0x1020488014140015,1251,1505,1607,988,2012,1050,1504,1500,1500,1050,988,1500,1500,1500,1500,1500,1500,1500,1372,2012,1500,1541,1500,2012,1500,1507,1505,1500,1520,1505,1500,2012,8.3
2025-07-05,18:43:29.520,-79,-80,10,3752,77240,54,1,16,17730,150,14,923,-806,10,350,-6,206,516,0,-1,-1,-1,0x1020488014140055,1299,1505,1607,988,2012,1097,1505,1500,1500,1097,988,1500,1500,1500,1500,1500,1500,1500,1219,1781,1500,1541,1500,2012,1500,1771,1505,1500,1520,1505,1500,2012,8.3
2025-07-05,18:43:30.020,-78,-71,10,3752,15240,54,1,16,13968,150,14,926,-820,8,349,-6,205,516,0,-1,-1,-1,0x1020488014140055,1292,1504,1607,988,2012,1090,1504,1500,1500,1090,988,1500,1500,1500,1500,1500,1500,1500,988,2012,1500,1541,1500,2012,1500,1670,1505,1500,1520,1505,1500,2012,8.3
2025-07-05,18:43:30.520,-55,-64,10,3747,1630,54,1,16,2464,150,14,926,-488,9,350,-6,205,516,0,-1,-1,-1,0x1020488014140015,1401,1505,1607,988,2012,1256,1504,1500,1500,1244,988,1500,1500,1500,1500,1500,1500,1500,1372,2012,1500,1541,1500,2012,1500,1507,1505,1500,1520,1505,1500,2012,8.3
2025-07-05,18:43:31.020,-66,-66,10,3747,17450,54,1,16,25616,150,14,930,-274,-756,350,-6,205,516,0,-1,-1,-1,0x1020488016180015,1459,1225,1607,988,2012,1348,1104,1222,1500,1371,988,1500,1500,1500,1500,1500,1500,1222,988,2012,1500,1541,1500,988,1500,1802,1500,1500,1520,1505,1500,2012,8.3
2025-07-05,18:43:31.520,-70,-74,25,3748,1600,55,1,16,0,150,14,930,-1,11,349,-6,205,516,0,-1,-1,-1,0x1020488010140015,1504,1506,1607,988,2012,1500,1505,1500,1500,1500,988,1500,1500,1500,1500,1500,1500,1500,1372,2012,1500,1541,1500,2012,1500,1509,1506,1500,1520,1505,1500,2012,8.3
2025-07-05,18:43:32.020,-68,-79,25,4374,1470,54,1,16,0,150,14,930,-1,11,349,-6,205,516,0,-1,-1,-1,0x1020488010140015,1504,1506,1607,988,2012,1500,1505,1500,1500,1500,988,1500,1500,1500,1500,1500,1500,1500,1372,2012,1500,1541,1500,2012,1500,1509,1506,1500,1520,1505,1500,2012,8.3
2025-07-05,18:43:32.520,-86,-74,10,3751,1460,54,1,16,0,150,14,930,-2,10,349,-6,206,516,0,-1,-1,-1,0x1020488010140015,1504,1505,1607,988,2012,1499,1505,1500,1500,1499,988,1500,1500,1500,1500,1500,1500,1500,1500,2012,1500,1541,1500,2012,1500,1508,1505,1500,1520,1505,1500,2012,8.3
2025-07-05,18:43:33.020,-78,-93,10,3753,1460,53,1,16,0,150,14,931,-3,10,349,-6,205,516,0,-1,-1,-1,0x1020488010140015,1504,1505,1607,988,2012,1499,1505,1500,1500,1499,988,1500,1500,1500,1500,1500,1500,1500,1500,2012,1500,1541,1500,2012,1500,1508,1505,1500,1520,1505,1500,2012,8.3
2025-07-05,18:43:33.520,-84,-92,10,3754,1480,53,1,16,0,150,14,931,-3,10,349,-6,205,516,0,-1,-1,-1,0x1020488010140015,1504,1505,1607,988,2012,1499,1505,1500,1500,1499,988,1500,1500,1500,1500,1500,1500,1500,1500,2012,1500,1541,1500,2012,1500,1508,1505,1500,1520,1505,1500,2012,8.3
2025-07-05,18:43:34.020,-64,-75,250,3755,1450,53,1,16,0,150,14,931,-2,10,349,-6,205,516,0,-1,-1,-1,0x1020488010140015,1504,1505,1590,988,2012,1499,1505,1500,1500,1499,988,1500,1500,1500,1500,1500,1500,1500,1500,2012,1500,1541,1500,2012,1500,1508,1505,1500,1520,1505,1500,2012,8.3
2025-07-05,18:43:34.520,-75,-76,250,3756,160,53,1,16,0,150,14,931,-2,10,350,-6,205,516,0,-1,-1,-1,0x1020488010140014,1504,1505,1500,988,2012,1499,1505,1500,1500,1499,988,1500,1500,1500,1500,1500,1500,1500,1500,2012,1500,1541,1500,2012,1500,1508,1505,1500,1520,1505,1500,2012,8.3
2025-07-05,18:43:35.020,-69,-71,50,3759,160,53,1,16,0,150,14,931,-2,10,349,-6,205,516,0,-1,-1,-1,0x1020488010140014,1504,1505,1500,988,2012,1499,1505,1500,1500,1499,988,1500,1500,1500,1500,1500,1500,1500,1500,2012,1500,1541,1500,2012,1500,1508,1505,1500,1520,1505,1500,2012,8.3
2025-07-05,18:43:35.520,-79,-79,10,3760,160,50,1,16,0,150,14,931,-2,9,349,-6,205,516,0,-1,-1,-1,0x1020488010140014,1504,1505,1500,988,2012,1499,1504,1500,1500,1499,988,1500,1500,1500,1500,1500,1500,1500,1500,2012,1500,1541,1500,2012,1500,1507,1505,1500,1520,1505,1500,2012,8.3
2025-07-05,18:43:36.020,-78,-74,25,3761,170,47,1,16,0,150,14,931,-1,9,349,-6,206,516,0,-1,-1,-1,0x1020488010140014,1504,1505,1500,988,2012,1500,1504,1500,1500,1500,988,1500,1500,1500,1500,1500,1500,1500,1500,2012,1500,1541,1500,2012,1500,1507,1505,1500,1520,1505,1500,2012,8.3
2025-07-05,18:43:36.520,-77,-85,25,3762,170,47,1,16,0,150,14,931,-1,9,350,-6,205,515,0,-1,-1,-1,0x1020488010140014,1504,1505,1500,988,2012,1500,1504,1500,1500,1500,988,1500,1500,1500,1500,1500,1500,1500,1500,2012,1500,1541,1500,2012,1500,1507,1505,1500,1520,1505,1500,2012,8.3
2025-07-05,18:43:37.020,-67,-69,250,3763,170,47,1,16,0,150,14,931,-2,9,349,-6,205,516,0,-1,-1,-1,0x1020488010140014,1504,1505,1500,988,2012,1499,1504,1500,1500,1499,988,1500,1500,1500,1500,1500,1500,1500,1500,2012,1500,1541,1500,2012,1500,1507,1505,1500,1520,1505,1500,2012,8.3
2025-07-05,18:43:37.520,-76,-69,10,4691,170,47,1,16,0,150,14,931,-2,12,349,-6,205,516,0,-1,-1,-1,0x1020488010140014,1504,1506,1500,988,2012,1499,1506,1500,1500,1499,988,1500,1500,1500,1500,1500,1500,1500,1500,2012,1500,1541,1500,2012,1500,1509,1506,1500,1520,1505,1500,2012,8.3
2025-07-05,18:43:38.020,-68,-75,10,3764,160,47,1,16,0,150,14,931,-2,13,349,-6,206,516,0,-1,-1,-1,0x1020488010140014,1504,1507,1500,988,2012,1499,1506,1500,1500,1499,988,1500,1500,1500,1500,1500,1500,1500,1500,2012,1500,1541,1500,2012,1500,1510,1507,1500,1520,1505,1500,2012,8.3
2025-07-05,18:43:38.520,-65,-75,25,3765,160,47,1,16,0,150,14,931,-2,13,350,-6,206,516,0,-1,-1,-1,0x1020488010140014,1504,1507,1500,988,2012,1499,1506,1500,1500,1499,988,1500,1500,1500,1500,1500,1500,1500,1500,2012,1500,1541,1500,2012,1500,1511,1507,1500,1520,1505,1500,2012,8.3
2025-07-05,18:43:39.020,-79,-81,10,3766,170,47,1,16,0,150,14,931,-1,14,349,-6,206,516,0,-1,-1,-1,0x1020488010140014,1504,1507,1500,988,2012,1500,1507,1500,1500,1500,988,1500,1500,1500,1500,1500,1500,1500,1500,2012,1500,1541,1500,2012,1500,1511,1507,1500,1520,1505,1500,2012,8.3
2025-07-05,18:43:39.520,-70,-75,50,3766,160,47,1,16,0,150,14,931,-1,12,350,-6,206,516,0,-1,-1,-1,0x1020488010140014,1504,1506,1500,988,2012,1500,1506,1500,1500,1499,988,1500,1500,1500,1500,1500,1500,1500,1500,2012,1500,1541,1500,2012,1500,1509,1506,1500,1520,1505,1500,2012,8.3
2025-07-05,18:43:40.020,-70,-78,10,3767,170,47,1,16,0,150,14,931,-1,14,349,-6,205,516,0,-1,-1,-1,0x1020488010140014,1504,1507,1500,988,2012,1500,1507,1500,1500,1500,988,1500,1500,1500,1500,1500,1500,1500,1500,2012,1500,1541,1500,2012,1500,1511,1507,1500,1520,1505,1500,2012,8.3
2025-07-05,18:43:40.510,-72,-78,10,3767,290,47,1,16,2,150,14,931,-2,13,350,-6,204,516,0,-1,-1,-1,0x1020488010140014,1504,1507,1500,988,2012,1499,1506,1500,1500,1499,988,1500,1500,1500,1500,1500,1500,1500,1500,2012,1500,1541,1500,2012,1500,1510,1507,1500,1520,1505,1500,2012,8.3
2025-07-05,18:43:41.000,-74,-75,50,3767,240,47,1,16,6466,150,14,931,1,255,350,-5,204,515,0,-1,-1,-1,0x1020488010140014,1504,1623,1528,988,2012,1500,1630,1500,1500,1500,988,1500,1500,1500,1500,1500,1500,1500,1372,1628,1500,1541,1500,2012,1500,1681,1623,1500,1520,1505,1500,2012,8.3
2025-07-05,18:43:41.500,-73,-77,10,3767,14610,47,1,16,5838,150,14,933,813,195,349,-6,205,516,0,-1,-1,-1,0x1020488014140055,1704,1596,1607,988,2012,1906,1599,1500,1500,1906,988,1500,1500,1500,1500,1500,1500,1500,1372,1628,1500,1541,1500,2012,1500,1642,1596,1500,1520,1505,1500,2012,8.3
2025-07-05,18:43:42.000,-68,-72,10,3754,38040,47,1,16,9476,150,14,935,8,430,349,-6,205,516,0,-1,-1,-1,0x1020488010140055,1506,1708,1607,988,2012,1504,1719,1500,1500,1504,988,1500,1500,1500,1500,1500,1500,1500,1372,1628,1500,1541,1500,2012,1500,1785,1708,1500,1520,1505,1500,2012,8.3
2025-07-05,18:43:42.500,-78,-79,10,3754,1450,49,1,16,7726,150,14,936,489,-348,349,-6,205,516,0,-1,-1,-1,0x10204880161C0015,1615,1333,1607,988,2012,1745,1334,1332,1500,1744,988,1500,1500,1500,1500,1500,1500,1332,1101,2012,1500,1541,1500,2012,1500,1269,1500,1500,1520,1505,1500,2012,8.3
2025-07-05,18:43:43.000,-77,-68,10,3759,4640,52,1,16,8366,150,14,936,851,212,349,-6,205,516,0,-1,-1,-1,0x1020488014140015,1714,1603,1607,988,2012,1930,1607,1500,1500,1925,988,1500,1500,1500,1500,1500,1500,1500,1372,1628,1500,1541,1500,2012,1500,1654,1608,1500,1520,1505,1500,2012,8.3
2025-07-05,18:43:43.500,-72,-69,10,3761,7660,53,1,16,8780,150,14,937,940,288,349,-6,205,516,0,-1,-1,-1,0x1020488014140015,1745,1638,1607,988,2012,1970,1647,1500,1500,1970,988,1500,1500,1500,1500,1500,1500,1500,1372,1628,1500,1541,1500,2012,1500,1700,1638,1500,1520,1505,1500,2012,8.3
2025-07-05,18:43:44.000,-74,-74,100,3754,10570,55,1,16,63680,150,14,938,157,354,350,-6,205,516,0,-1,-1,-1,0x1020488014140015,1541,1668,1607,988,2012,1578,1680,1500,1500,1578,988,1500,1500,1500,1500,1500,1500,1500,1372,1628,1500,1541,1500,2012,1500,1738,1668,1500,1520,1505,1500,2012,8.3
2025-07-05,18:43:44.500,-72,-82,10,3753,6430,54,1,16,7722,150,14,939,-2,80,350,-6,206,516,0,-1,-1,-1,0x1020488010140015,1508,1552,1607,988,2012,1499,1535,1500,1500,1499,988,1500,1500,1500,1500,1500,1500,1500,1372,1628,1500,1541,1500,2012,1500,1614,1552,1500,1520,1505,1500,2012,8.3
2025-07-05,18:43:45.000,-73,-79,10,3752,6780,54,1,16,0,150,14,941,218,473,350,-6,206,516,0,-1,-1,-1,0x1020488014140015,1555,1720,1607,988,2012,1609,1740,1500,1500,1609,988,1500,1500,1500,1500,1500,1500,1500,1372,1628,1500,1541,1500,2012,1500,1799,1720,1500,1520,1505,1500,2012,8.3
2025-07-05,18:43:45.500,-71,-73,50,3754,1520,54,1,16,8084,150,14,941,-3,13,350,-6,205,516,0,-1,-1,-1,0x1020488010140055,1504,1507,1607,988,2012,1499,1506,1500,1500,1499,988,1500,1500,1500,1500,1500,1500,1500,1254,2012,1500,1541,1500,2012,1500,1510,1507,1500,1520,1505,1500,2012,8.3
2025-07-05,18:43:46.000,-73,-69,25,3761,1840,53,1,16,7268,150,14,941,84,13,350,-6,206,516,0,-1,-1,-1,0x1020488014140055,1526,1507,1607,988,2012,1542,1506,1500,1500,1542,988,1500,1500,1500,1500,1500,1500,1500,1372,2012,1500,1541,1500,2012,1500,1510,1507,1500,1520,1505,1500,2012,8.3
2025-07-05,18:43:46.500,-65,-78,250,3762,1750,53,1,16,6042,150,14,942,-3,13,350,-6,205,516,0,-1,-1,-1,0x1020488010140015,1504,1507,1607,988,2012,1499,1506,1500,1500,1499,988,1500,1500,1500,1500,1500,1500,1500,1372,2012,1500,1541,1500,2012,1500,1510,1507,1500,1520,1505,1500,2012,8.3
2025-07-05,18:43:47.000,-75,-84,10,3763,1580,53,1,16,5074,150,14,942,-226,41,349,-6,206,516,0,-1,-1,-1,0x1020488014140015,1476,1522,1607,988,2012,1387,1521,1500,1500,1387,988,1500,1500,1500,1500,1500,1500,1500,1500,2012,1500,1541,1500,2012,1500,1532,1522,1500,1520,1505,1500,2012,8.3
2025-07-05,18:43:47.500,-70,-71,10,3764,1650,54,1,16,4016,150,14,942,-94,12,349,-6,205,516,0,-1,-1,-1,0x1020488014140015,1488,1506,1607,988,2012,1458,1506,1500,1500,1453,988,1500,1500,1500,1500,1500,1500,1500,1234,2012,1500,1541,1500,2012,1500,1509,1506,1500,1520,1505,1500,2012,8.3
2025-07-05,18:43:48.000,-67,-73,50,3764,2640,54,1,16,3372,150,15,942,-792,14,349,-6,206,516,0,-1,-1,-1,0x1020488014140015,1247,1507,1607,988,2012,1119,1507,1500,1500,1104,988,1500,1500,1500,1500,1500,1500,1500,1372,2012,1500,1541,1500,2012,1500,1511,1507,1500,1520,1505,1500,2012,8.3
2025-07-05,18:43:48.500,-69,-72,10,3764,1860,54,1,16,1970,150,15,943,-1024,10,349,-6,205,516,0,-1,-1,-1,0x1020488014140015,1176,1505,1607,988,2012,988,1505,1500,1500,988,988,1500,1500,1500,1500,1500,1500,1500,1372,2012,1500,1541,1500,2012,1500,1508,1506,1500,1520,1505,1500,2012,8.3
2025-07-05,18:43:49.000,-75,-72,10,3765,2580,54,1,16,1016,150,15,943,969,-1010,350,-6,205,516,0,-1,-1,-1,0x1020488016140015,1763,1069,1607,989,2012,1984,995,1500,1065,1990,988,1500,1500,1500,1500,1500,1500,1065,1500,2012,1500,1541,1500,2012,1500,993,1500,1500,1520,1505,1500,2012,8.3
2025-07-05,18:43:49.500,-70,-72,10,3765,1500,53,1,16,162,150,15,943,8,10,349,-6,206,516,0,-1,-1,-1,0x1020488010140015,1506,1505,1607,988,2012,1504,1505,1500,1500,1504,988,1500,1500,1500,1500,1500,1500,1500,1500,2012,1500,1541,1500,988,1500,1508,1505,1500,1520,1505,1500,2012,8.3
2025-07-05,18:43:50.000,-72,-73,10,3766,1450,53,1,16,0,150,15,943,1,14,349,-6,205,516,0,-1,-1,-1,0x1020488010140015,1504,1507,1607,988,2012,1500,1507,1500,1500,1500,988,1500,1500,1500,1500,1500,1500,1500,1500,2012,1500,1541,1500,2012,1500,1511,1507,1500,1520,1505,1500,2012,8.3
2025-07-05,18:43:50.500,-67,-68,25,3766,410,53,1,16,0,150,15,944,1,13,349,-6,205,516,0,-1,-1,-1,0x1020488010140014,1504,1507,1523,988,2012,1500,1506,1500,1500,1500,988,1500,1500,1500,1500,1500,1500,1500,1500,2012,1500,1541,1500,2012,1500,1510,1507,1500,1520,1505,1500,2012,8.3
2025-07-05,18:43:51.000,-67,-69,10,3767,170,52,1,16,0,150,15,944,0,15,349,-6,205,516,0,-1,-1,-1,0x1020488010140014,1504,1508,1500,988,2012,1500,1507,1500,1500,1500,988,1500,1500,1500,1500,1500,1500,1500,1500,2012,1500,1541,1500,2012,1500,1512,1508,1500,1520,1505,1500,2012,8.3
2025-07-05,18:43:51.500,-72,-72,10,3769,160,51,1,16,0,150,15,944,-1,15,187,-6,205,516,0,-1,-1,-1,0x1020488010140014,1504,1508,1500,988,2012,1500,1507,1500,1500,1500,988,1500,1500,1500,1500,1500,1500,1500,1500,2012,1500,1541,1500,2012,1500,1512,1508,1500,1520,1505,1500,2012,8.3
2025-07-05,18:43:52.000,-62,-59,250,3769,160,47,1,16,0,150,15,944,0,16,297,-6,205,516,0,-1,-1,-1,0x1020488010140014,1504,1508,1500,988,2012,1500,1508,1500,1500,1500,988,1500,1500,1500,1500,1500,1500,1500,1500,2012,1500,1541,1500,2012,1500,1512,1508,1500,1520,1505,1500,2012,8.3
2025-07-05,18:43:52.500,-72,-70,10,3770,150,47,1,16,0,150,15,944,0,17,477,-6,205,516,0,-1,-1,-1,0x1020488010140014,1504,1509,1500,988,2012,1500,1508,1500,1500,1500,988,1500,1500,1500,1500,1500,1500,1500,1500,2012,1500,1541,1500,2012,1500,1513,1509,1500,1520,1505,1500,2012,8.3
2025-07-05,18:43:53.000,-71,-71,10,3770,170,47,1,16,0,150,15,944,-1,19,548,-6,205,516,0,-1,-1,-1,0x1020488010140014,1504,1510,1500,988,2012,1500,1509,1500,1500,1500,988,1500,1500,1500,1500,1500,1500,1500,1500,2012,1500,1541,1500,2012,1500,1515,1510,1500,1520,1505,1500,2012,8.3
2025-07-05,18:43:53.500,-85,-73,10,3770,170,47,1,16,0,150,15,944,0,17,548,-6,205,516,0,-1,-1,-1,0x1020488010140014,1504,1509,1500,988,2012,1500,1508,1500,1500,1500,988,1500,1500,1500,1500,1500,1500,1500,1500,2012,1500,1541,1500,2012,1500,1513,1509,1500,1520,1505,1500,2012,8.3
2025-07-05,18:43:54.000,-70,-71,10,3771,160,47,1,16,0,150,15,944,0,18,548,-6,205,516,0,-1,-1,-1,0x1020488010140014,1504,1510,1500,988,2012,1500,1509,1500,1500,1500,988,1500,1500,1500,1500,1500,1500,1500,1500,2012,1500,1541,1500,2012,1500,1514,1510,1500,1520,1505,1500,2012,8.3
2025-07-05,18:43:54.500,-80,-76,10,3771,170,47,1,16,0,150,15,944,0,15,548,-6,205,515,0,-1,-1,-1,0x1020488010140014,1504,1508,1500,988,2012,1500,1507,1500,1500,1500,988,1500,1500,1500,1500,1500,1500,1500,1500,2012,1500,1541,1500,2012,1500,1512,1508,1500,1520,1505,1500,2012,8.3
2025-07-05,18:43:55.000,-67,-58,250,3772,160,47,1,16,0,150,15,944,0,15,547,-6,205,516,0,-1,-1,-1,0x1020488010140014,1504,1508,1500,988,2012,1500,1507,1500,1500,1500,988,1500,1500,1500,1500,1500,1500,1500,1500,2012,1500,1541,1500,2012,1500,1512,1508,1500,1520,1505,1500,2012,8.3
2025-07-05,18:43:55.500,-67,-68,10,3772,170,47,1,16,0,150,15,944,0,15,548,-6,205,516,0,-1,-1,-1,0x1020488010140014,1504,1508,1500,988,2012,1500,1507,1500,1500,1500,988,1500,1500,1500,1500,1500,1500,1500,1500,2012,1500,1541,1500,2012,1500,1512,1508,1500,1520,1505,1500,2012,8.3
2025-07-05,18:43:56.000,-71,-64,100,3772,160,47,1,16,0,150,15,944,0,15,548,-6,205,516,0,-1,-1,-1,0x1020488010140014,1504,1508,1500,988,2012,1500,1507,1500,1500,1500,988,1500,1500,1500,1500,1500,1500,1500,1500,2012,1500,1541,1500,2012,1500,1512,1508,1500,1520,1505,1500,2012,8.3
2025-07-05,18:43:56.500,-69,-71,10,3772,160,47,1,16,0,150,15,944,-1,15,547,-6,205,516,0,-1,-1,-1,0x1020488010140014,1504,1508,1500,988,2012,1500,1507,1500,1500,1500,988,1500,1500,1500,1500,1500,1500,1500,1500,2012,1500,1541,1500,2012,1500,1512,1508,1500,1520,1505,1500,2012,8.3
2025-07-05,18:43:57.000,-71,-72,10,3772,160,47,1,16,0,150,15,944,0,15,548,-6,206,516,0,-1,-1,-1,0x1020488010140014,1504,1508,1500,988,2012,1500,1507,1500,1500,1500,988,1500,1500,1500,1500,1500,1500,1500,1500,2012,1500,1541,1500,2012,1500,1512,1508,1500,1520,1505,1500,2012,8.3
2025-07-05,18:43:57.500,-76,-71,10,3773,160,47,1,16,0,150,15,944,-1,15,548,-5,205,516,0,-1,-1,-1,0x1020488010140014,1505,1508,1500,988,2012,1500,1507,1500,1500,1500,988,1500,1500,1500,1500,1500,1500,1500,1500,2012,1500,1541,1500,2012,1500,1512,1508,1500,1520,1505,1500,2012,8.3
2025-07-05,18:43:58.000,-74,-70,10,3773,160,47,1,16,0,150,15,944,-1,15,548,-6,205,516,0,-1,-1,-1,0x1020488010140014,1505,1508,1500,988,2012,1500,1507,1500,1500,1500,988,1500,1500,1500,1500,1500,1500,1500,1500,2012,1500,1541,1500,2012,1500,1512,1508,1500,1520,1505,1500,2012,8.3
2025-07-05,18:43:58.500,-71,-70,10,3773,160,46,1,16,0,150,15,944,-1,15,548,-6,205,516,0,-1,-1,-1,0x1020488010140014,1506,1508,1500,988,2012,1500,1507,1500,1500,1500,988,1500,1500,1500,1500,1500,1500,1500,1500,2012,1500,1541,1500,2012,1500,1512,1508,1500,1520,1505,1500,2012,8.3
2025-07-05,18:43:59.000,-82,-69,10,3773,170,46,1,16,0,150,15,944,0,15,548,-6,205,516,0,-1,-1,-1,0x1020488010140014,1507,1508,1500,988,2012,1500,1507,1500,1500,1500,988,1500,1500,1500,1500,1500,1500,1500,1500,2012,1500,1541,1500,2012,1500,1512,1508,1500,1520,1505,1500,2012,8.3
2025-07-05,18:43:59.500,-71,-68,10,3773,750,46,1,16,0,150,15,944,4,16,548,-5,205,515,0,-1,-1,-1,0x1020488010140014,1508,1508,1500,988,2012,1502,1508,1500,1500,1501,988,1500,1500,1500,1500,1500,1500,1500,1500,2012,1500,1541,1500,2012,1500,1512,1508,1500,1520,1505,1500,2012,8.3
2025-07-05,18:44:00.000,-68,-71,10,3773,12760,46,1,16,3450,150,15,944,-1001,324,548,-6,205,516,0,-1,-1,-1,0x1020488014140015,1198,1654,1551,988,2012,1000,1665,1500,1500,1000,988,1500,1500,1500,1500,1500,1500,1500,1372,1628,1500,1541,1500,2012,1500,1721,1654,1500,1520,1505,1500,2012,8.3
2025-07-05,18:44:00.500,-72,-82,250,3769,4960,46,1,16,6642,150,15,947,-607,404,548,-6,205,515,0,-1,-1,-1,0x1020488014140055,1369,1691,1607,988,2012,1204,1706,1500,1500,1197,988,1500,1500,1500,1500,1500,1500,1500,1372,1628,1500,1541,1500,2012,1500,1765,1691,1500,1520,1505,1500,2012,8.3
2025-07-05,18:44:01.000,-76,-74,10,3753,350,47,1,16,6244,150,15,947,923,12,548,-6,205,516,0,-1,-1,-1,0x1020488014140055,1727,1506,1607,988,2012,1961,1506,1500,1500,1961,988,1500,1500,1500,1500,1500,1500,1500,1234,2012,1500,1541,1500,2012,1500,1509,1506,1500,1520,1505,1500,2012,8.3
2025-07-05,18:44:01.500,-59,-73,100,3765,17940,49,1,16,7100,150,15,948,1024,314,548,-5,205,516,0,-1,-1,-1,0x1020488014140015,1767,1650,1607,988,2012,2012,1660,1500,1500,2012,988,1500,1500,1500,1500,1500,1500,1500,1372,1628,1500,1541,1500,2012,1500,1716,1650,1500,1520,1505,1500,2012,8.3
2025-07-05,18:44:02.000,-71,-88,10,3759,16270,53,1,16,11090,150,15,951,1010,614,548,-6,205,516,0,-1,-1,-1,0x1020488014140015,1760,1776,1607,988,2012,2005,1813,1500,1500,2005,988,1500,1500,1500,1500,1500,1500,1500,1372,1628,1500,1541,1500,2012,1500,1864,1776,1500,1520,1505,1500,2012,8.3
2025-07-05,18:44:02.500,-71,-77,10,3742,42140,53,1,16,13686,150,15,954,-2,600,547,-6,205,516,0,-1,-1,-1,0x1020488010140015,1508,1770,1607,988,2012,1499,1806,1500,1500,1499,988,1500,1500,1500,1500,1500,1500,1500,1372,1628,1500,1541,1500,2012,1500,1857,1770,1500,1520,1505,1500,2012,8.3
2025-07-05,18:44:03.000,-64,-74,25,3726,1500,53,1,16,13366,150,15,957,-2,14,548,-5,205,516,0,-1,-1,-1,0x1020488010140015,1508,1507,1607,988,2012,1499,1507,1500,1500,1499,988,1500,1500,1500,1500,1500,1500,1500,1141,2012,1500,1541,1500,2012,1500,1511,1507,1500,1520,1505,1500,2012,8.3
2025-07-05,18:44:03.500,-69,-72,10,3748,72600,53,1,16,17610,150,15,958,56,461,548,-6,205,516,0,-1,-1,-1,0x1020488014140015,1519,1711,1607,988,2012,1528,1735,1500,1500,1528,988,1500,1500,1500,1500,1500,1500,1500,1372,1628,1500,1541,1500,2012,1500,1795,1711,1500,1520,1505,1500,2012,8.3
2025-07-05,18:44:04.000,-70,-78,10,3745,8290,53,1,16,14112,150,15,961,-85,440,547,-6,205,516,0,-1,-1,-1,0x1020488014140015,1499,1706,1607,988,2012,1458,1724,1500,1500,1458,988,1500,1500,1500,1500,1500,1500,1500,1372,1628,1500,1541,1500,2012,1500,1783,1706,1500,1520,1505,1500,2012,8.3
2025-07-05,18:44:04.500,-68,-78,10,3741,14200,53,1,16,13876,150,15,963,-746,609,547,-6,205,516,0,-1,-1,-1,0x1020488014140015,1340,1774,1607,988,2012,1127,1810,1500,1500,1127,988,1500,1500,1500,1500,1500,1500,1500,1372,1628,1500,1541,1500,2012,1500,1861,1770,1500,1520,1505,1500,2012,8.3
2025-07-05,18:44:05.000,-69,-78,10,3740,44750,53,1,16,18366,150,15,967,-457,780,547,-6,205,516,0,-1,-1,-1,0x1020488014140015,1425,1846,1607,988,2012,1272,1898,1500,1500,1272,988,1500,1500,1500,1500,1500,1500,1500,1372,1628,1500,1541,1500,2012,1500,1930,1846,1500,1520,1505,1500,2012,8.3
2025-07-05,18:44:05.500,-68,-73,10,3716,19080,53,1,16,21706,150,15,971,451,924,547,-6,205,516,0,-1,-1,-1,0x1020488014140015,1592,1918,1607,988,2012,1725,1971,1500,1500,1725,988,1500,1500,1500,1500,1500,1500,1500,1372,1628,1500,1541,1500,2012,1500,1983,1918,1500,1520,1505,1500,2012,8.3
2025-07-05,18:44:06.000,-58,-73,10,3699,160730,53,1,16,24024,150,15,983,870,1003,547,-6,205,516,0,-1,-1,-1,0x1020488014142015,1712,2009,1607,988,2012,1935,2011,1500,1500,1935,988,1500,1500,1500,1500,1500,1500,1500,1372,1628,1500,1541,1500,2012,1500,2011,2009,1500,1520,1505,1500,2012,8.3
2025-07-05,18:44:06.500,-83,-72,10,3589,27970,54,1,16,23838,150,15,999,-75,36,548,-6,205,516,0,-1,-1,-1,0x1020488014140015,1500,1525,1607,988,2012,1463,1518,1500,1500,1463,988,1500,1500,1500,1500,1500,1500,1500,1321,1679,1500,1541,1500,2012,1500,1756,1525,1500,1520,1505,1500,2012,8.3
2025-07-05,18:44:07.000,-71,-68,10,3579,2310,54,1,16,19858,150,15,1000,-379,407,548,-6,205,516,0,-1,-1,-1,0x1020488014140015,1441,1692,1607,988,2012,1311,1707,1500,1500,1311,988,1500,1500,1500,1500,1500,1500,1500,1372,1628,1500,1541,1500,2012,1500,1766,1692,1500,1520,1505,1500,2012,8.3
2025-07-05,18:44:07.500,-73,-68,10,3723,1670,54,1,16,16596,150,15,1000,3,-680,548,-6,205,516,0,-1,-1,-1,0x10204880121C0015,1509,1164,1607,988,2012,1501,1160,1161,1500,1501,988,1500,1500,1500,1500,1500,1500,1152,1069,2012,1500,1541,1500,2012,1500,1226,1500,1500,1520,1505,1500,2012,8.3
2025-07-05,18:44:08.000,-69,-67,10,3732,1580,54,1,16,1374,150,15,1000,987,14,548,-6,205,516,0,-1,-1,-1,0x1020488014140055,1762,1507,1607,988,2012,1993,1507,1500,1500,1993,988,1500,1500,1500,1500,1500,1500,1500,1372,2012,1500,1541,1500,2012,1500,1511,1507,1500,1520,1505,1500,2012,8.3
2025-07-05,18:44:08.500,-69,-73,10,3739,23630,54,1,16,6290,150,15,1004,16,134,548,-6,205,516,0,-1,-1,-1,0x1020488010140055,1511,1564,1607,988,2012,1508,1568,1500,1500,1508,988,1500,1500,1500,1500,1500,1500,1500,1372,1628,1500,1541,1500,2012,1500,1601,1564,1500,1520,1505,1500,2012,8.3
2025-07-05,18:44:09.000,-66,-67,10,3730,8380,54,1,16,12292,150,16,1006,178,502,548,-6,205,516,0,-1,-1,-1,0x1020488014140015,1546,1726,1607,988,2012,1589,1756,1500,1500,1589,988,1500,1500,1500,1500,1500,1500,1500,1372,1628,1500,1541,1500,2012,1500,1813,1726,1500,1520,1505,1500,2012,8.3
2025-07-05,18:44:09.500,-69,-71,10,3722,11160,54,1,16,9998,150,16,1008,450,193,548,-6,205,516,0,-1,-1,-1,0x1020488014140055,1603,1603,1607,988,2012,1725,1598,1500,1500,1724,988,1500,1500,1500,1500,1500,1500,1500,1372,1628,1500,1541,1500,2012,1500,1706,1610,1500,1520,1505,1500,2012,8.3
2025-07-05,18:44:10.000,-66,-71,10,3725,5930,54,1,16,7984,150,16,1009,1005,-34,547,-6,205,516,0,-1,-1,-1,0x1020488014140055,1758,1481,1607,988,2012,2003,1483,1481,1500,2002,988,1500,1500,1500,1500,1500,1500,1481,988,2012,1500,1541,1500,2012,1500,1474,1500,1500,1520,1505,1500,2012,8.3
2025-07-05,18:44:10.500,-69,-69,10,3733,13360,54,1,16,9528,150,16,1010,998,511,548,-6,205,516,0,-1,-1,-1,0x1020488014140015,1760,1735,1607,988,2012,1999,1760,1500,1500,1999,988,1500,1500,1500,1500,1500,1500,1500,1372,1628,1500,1541,1500,2012,1500,1818,1735,1500,1520,1505,1500,2012,8.3
2025-07-05,18:44:11.000,-69,-66,10,3732,12170,54,1,16,12400,150,16,1014,-149,335,548,-6,205,516,0,-1,-1,-1,0x1020488014140015,1487,1666,1607,988,2012,1426,1663,1500,1500,1426,988,1500,1500,1500,1500,1500,1500,1500,1372,1628,1500,1541,1500,2012,1500,1775,1666,1500,1520,1505,1500,2012,8.3
2025-07-05,18:44:11.500,-60,-64,10,3721,1350,54,1,16,10608,150,16,1015,-755,10,548,-6,205,516,0,-1,-1,-1,0x1020488014100015,1337,1505,1607,988,2012,1123,1505,1500,1500,1123,988,1500,1500,1500,1500,1500,1500,1500,1111,2012,1500,1541,1500,2012,1500,1508,1505,1500,1520,1505,1500,2012,8.3
2025-07-05,18:44:12.000,-71,-70,10,3732,16370,55,1,16,10816,150,16,1017,-1024,561,548,-6,205,516,0,-1,-1,-1,0x1020488014140015,1198,1756,1607,988,2012,988,1786,1500,1500,988,988,1500,1500,1500,1500,1500,1500,1500,1372,1628,1500,1541,1500,2012,1500,1840,1756,1500,1520,1505,1500,2012,8.3
2025-07-05,18:44:12.500,-70,-69,10,3725,71250,55,1,16,17748,150,16,1022,767,432,548,-6,205,516,0,-1,-1,-1,0x1020488014140015,1671,1703,1607,988,2012,1883,1720,1500,1500,1883,988,1500,1500,1500,1500,1500,1500,1500,1372,1628,1500,1541,1500,2012,1500,1818,1703,1500,1520,1505,1500,2012,8.3
2025-07-05,18:44:13.000,-70,-73,10,3709,12450,55,1,16,11958,150,16,1024,581,17,548,-6,205,516,0,-1,-1,-1,0x1020488014140015,1638,1509,1607,988,2012,1790,1508,1500,1500,1790,988,1500,1500,1500,1500,1500,1500,1500,1270,1730,1500,1541,1500,2012,1500,1570,1509,1500,1520,1505,1500,2012,8.3
2025-07-05,18:44:13.500,-70,-73,10,3723,1540,55,1,16,9710,150,16,1024,-77,-709,548,-6,205,516,0,-1,-1,-1,0x10204880161C0015,1494,1155,1607,988,2012,1462,1146,1152,1500,1462,988,1500,1500,1500,1500,1500,1500,1152,1039,2012,1500,1541,1500,2012,1500,1214,1500,1500,1520,1505,1500,2012,8.3
2025-07-05,18:44:14.000,-72,-83,10,3739,6200,55,1,16,9206,150,16,1024,-797,5,548,-6,205,516,0,-1,-1,-1,0x1020488014140015,1324,1502,1607,988,2012,1102,1502,1500,1500,1102,988,1500,1500,1500,1500,1500,1500,1500,988,2012,1500,1541,1500,2012,1500,1504,1502,1500,1520,1505,1500,2012,8.3
2025-07-05,18:44:14.500,-77,-75,10,3743,11770,56,1,16,8002,150,16,1025,-892,449,548,-6,205,516,0,-1,-1,-1,0x1020488014140015,1276,1710,1607,988,2012,1054,1729,1500,1500,1054,988,1500,1500,1500,1500,1500,1500,1500,1372,1628,1500,1541,1500,2012,1500,1787,1710,1500,1520,1505,1500,2012,8.3
2025-07-05,18:44:15.000,-85,-75,10,3734,68160,56,1,16,18786,150,16,1031,-747,918,547,-6,205,516,0,-1,-1,-1,0x1020488014140015,1339,1923,1607,988,2012,1127,1968,1500,1500,1127,988,1500,1500,1500,1500,1500,1500,1500,1372,1628,1500,1541,1500,2012,1500,1981,1923,1500,1520,1505,1500,2012,8.3
2025-07-05,18:44:15.500,-78,-75,10,3699,20170,55,1,16,17796,150,16,1036,-625,318,548,-6,205,516,0,-1,-1,-1,0x1020488014140015,1381,1652,1607,988,2012,1193,1651,1500,1500,1188,988,1500,1500,1500,1500,1500,1500,1500,1372,1628,1500,1541,1500,2012,1500,1800,1661,1500,1520,1505,1500,2012,8.3
2025-07-05,18:44:16.000,-85,-62,10,3702,1490,55,1,16,11974,150,16,1038,-241,9,548,-6,205,516,0,-1,-1,-1,0x1020488014140015,1469,1505,1607,988,2012,1380,1504,1500,1500,1380,988,1500,1500,1500,1500,1500,1500,1500,1029,2012,1500,1541,1500,2012,1500,1507,1505,1500,1520,1505,1500,2012,8.3
2025-07-05,18:44:16.500,-61,-69,50,3722,2350,55,1,16,14210,150,16,1039,-299,136,547,-6,205,515,0,-1,-1,-1,0x1020488014140015,1459,1575,1607,988,2012,1351,1569,1500,1500,1351,988,1500,1500,1500,1500,1500,1500,1500,1372,1628,1500,1541,1500,2012,1500,1630,1575,1500,1520,1505,1500,2012,8.3
2025-07-05,18:44:17.000,-72,-64,10,3738,1510,55,1,16,7418,150,16,1039,-319,652,548,-6,205,516,0,-1,-1,-1,0x1020488014140015,1456,1790,1607,988,2012,1341,1832,1500,1500,1341,988,1500,1500,1500,1500,1500,1500,1500,1372,1628,1500,1541,1500,2012,1500,1879,1790,1500,1520,1505,1500,2012,8.3
2025-07-05,18:44:17.500,-57,-56,10,3740,940,55,1,16,1920,150,16,1040,1024,2,548,-6,205,516,0,-1,-1,-1,0x1020488014140015,1767,1501,1607,988,2012,2012,1501,1500,1500,2012,988,1500,1500,1500,1500,1500,1500,1500,1183,2012,1500,1541,1500,2012,1500,1501,1501,1500,1520,1505,1500,2012,8.3
2025-07-05,18:44:18.000,-63,-57,10,3742,10430,55,1,16,4284,150,16,1041,1024,220,547,-6,205,516,0,-1,-1,-1,0x1020488014140015,1767,1601,1607,988,2012,2012,1612,1500,1500,2012,988,1500,1500,1500,1500,1500,1500,1500,1372,1628,1500,1541,1500,2012,1500,1659,1601,1500,1520,1505,1500,2012,8.3
2025-07-05,18:44:18.500,-73,-67,10,3741,22150,55,1,16,11932,150,16,1043,756,497,547,-6,205,516,0,-1,-1,-1,0x1020488014140015,1680,1730,1607,988,2012,1878,1753,1500,1500,1885,988,1500,1500,1500,1500,1500,1500,1500,1372,1628,1500,1541,1500,2012,1500,1811,1730,1500,1520,1505,1500,2012,8.3
2025-07-05,18:44:19.000,-70,-61,10,3713,15450,56,1,16,11604,150,16,1047,642,623,548,-6,205,516,0,-1,-1,-1,0x1020488014140015,1643,1779,1607,988,2012,1821,1817,1500,1500,1821,988,1500,1500,1500,1500,1500,1500,1500,1372,1628,1500,1541,1500,2012,1500,1867,1779,1500,1520,1505,1500,2012,8.3
2025-07-05,18:44:19.500,-64,-60,10,3706,33430,57,1,16,18232,150,16,1051,437,776,548,-6,205,516,0,-1,-1,-1,0x1020488014140015,1597,1844,1607,988,2012,1718,1895,1500,1500,1718,988,1500,1500,1500,1500,1500,1500,1500,1372,1628,1500,1541,1500,2012,1500,1928,1844,1500,1520,1505,1500,2012,8.3
2025-07-05,18:44:20.000,-60,-61,10,3689,45600,56,1,16,22522,150,17,1058,13,997,548,-6,205,516,0,-1,-1,-1,0x1020488010142015,1510,2003,1607,988,2012,1506,2008,1500,1500,1506,988,1500,1500,1500,1500,1500,1500,1500,1372,1628,1500,1541,1500,2012,1500,2009,2003,1500,1520,1505,1500,2012,8.3
2025-07-05,18:44:20.500,-59,-68,50,3661,62680,56,1,16,29324,150,17,1068,168,1003,547,-6,205,516,0,-1,-1,-1,0x1020488014142015,1544,2009,1607,988,2012,1583,2011,1500,1500,1584,988,1500,1500,1500,1500,1500,1500,1500,1372,1628,1500,1541,1500,2012,1500,2011,2009,1500,1520,1505,1500,2012,8.3
2025-07-05,18:44:21.000,-69,-71,10,3651,1640,56,1,16,23326,150,17,1071,328,3,548,-6,205,516,0,-1,-1,-1,0x1020488014140015,1579,1502,1607,988,2012,1664,1501,1500,1500,1664,988,1500,1500,1500,1500,1500,1500,1500,1009,2012,1500,1541,1500,2012,1500,1502,1502,1500,1520,1505,1500,2012,8.3
2025-07-05,18:44:21.500,-69,-74,10,3715,6440,56,1,16,20614,150,17,1070,869,459,547,-6,205,516,0,-1,-1,-1,0x1020488014140015,1711,1708,1607,988,2012,1934,1734,1500,1500,1934,988,1500,1500,1500,1500,1500,1500,1500,1372,1628,1500,1541,1500,2012,1500,1793,1708,1500,1520,1505,1500,2012,8.3
2025-07-05,18:44:22.000,-66,-74,10,3725,18790,57,1,16,19704,150,17,1072,940,678,547,-6,205,516,0,-1,-1,-1,0x1020488014140015,1733,1801,1607,988,2012,1970,1846,1500,1500,1970,988,1500,1500,1500,1500,1500,1500,1500,1372,1628,1500,1541,1500,2012,1500,1890,1801,1500,1520,1505,1500,2012,8.3
2025-07-05,18:44:22.500,-73,-76,10,3713,20350,58,1,16,20398,150,17,1074,887,695,547,-5,205,516,0,-1,-1,-1,0x1020488014140015,1716,1807,1607,988,2012,1943,1854,1500,1500,1943,988,1500,1500,1500,1500,1500,1500,1500,1372,1628,1500,1541,1500,2012,1500,1897,1807,1500,1520,1505,1500,2012,8.3
2025-07-05,18:44:23.000,-68,-68,10,3705,0,57,1,16,14832,150,17,1076,-38,-995,548,-5,205,515,0,-1,-1,-1,0x10204880121C0015,1502,1069,1607,989,2012,1481,1003,1500,1065,1481,988,1500,1500,1500,1500,1500,1500,1065,1039,2012,1500,1541,1500,2012,1500,1144,1500,1500,1520,1505,1500,2012,8.3
2025-07-05,18:44:23.500,-85,-77,10,3705,0,57,1,16,10302,150,17,1076,2,321,548,-6,205,516,0,-1,-1,-1,0x1020488010140015,1508,1658,1607,988,2012,1501,1663,1500,1500,1500,988,1500,1500,1500,1500,1500,1500,1500,1372,1628,1500,1541,1500,2012,1500,1760,1658,1500,1520,1505,1500,2012,8.3
2025-07-05,18:44:24.000,-66,-82,25,3728,12820,60,1,16,10638,75,17,1076,1024,282,548,-6,204,515,0,-1,-1,-1,0x1020480014140015,1767,1630,1607,988,2012,2012,1644,1500,1500,2012,988,1500,1500,1500,1500,1500,1500,1500,1372,1628,1500,1541,1500,2012,1500,1697,1630,1500,1520,1505,1500,2012,8.3
2025-07-05,18:44:24.500,-74,-72,250,3709,31200,57,1,16,12850,1,17,1076,947,305,548,-6,205,515,0,-1,-1,-1,0x1020480014140015,1736,1646,1607,988,2012,1973,1655,1500,1500,1973,988,1500,1500,1500,1500,1500,1500,1500,1372,1628,1500,1541,1500,2012,1500,1711,1646,1500,1520,1505,1500,2012,8.3
2025-07-05,18:44:25.000,-83,-77,10,3711,38580,57,1,16,14154,1,17,1076,12,672,547,-6,205,516,0,-1,-1,-1,0x1020480010140015,1511,1798,1607,988,2012,1506,1842,1500,1500,1506,988,1500,1500,1500,1500,1500,1500,1500,1372,1628,1500,1541,1500,2012,1500,1888,1798,1500,1520,1505,1500,2012,8.3
2025-07-05,18:44:25.500,-83,-86,10,3712,6290,58,1,16,12274,1,17,1076,77,406,547,-6,205,516,0,-1,-1,-1,0x1020480014140015,1527,1692,1607,988,2012,1538,1701,1500,1500,1544,988,1500,1500,1500,1500,1500,1500,1500,1372,1628,1500,1541,1500,2012,1500,1796,1717,1500,1520,1505,1500,2012,8.3
2025-07-05,18:44:26.000,-80,-74,50,3722,0,57,1,16,10338,1,17,1076,2,-1017,548,-6,205,516,0,-1,-1,-1,0x10204800121C0015,1509,1069,1607,989,2012,1501,992,1500,1065,1501,988,1500,1500,1500,1500,1500,1500,1065,1101,2012,1500,1541,1500,2012,1500,1133,1500,1500,1520,1505,1500,2012,8.3
2025-07-05,18:44:26.500,-80,-81,10,3736,1540,57,1,16,5498,1,17,1076,191,11,548,-6,205,516,0,-1,-1,-1,0x1020480014140015,1549,1506,1607,988,2012,1595,1505,1500,1500,1596,988,1500,1500,1500,1500,1500,1500,1500,988,2012,1500,1541,1500,2012,1500,1509,1506,1500,1520,1505,1500,2012,8.3
2025-07-05,18:44:27.000,-75,-67,100,3741,1410,56,1,16,3866,1,17,1076,1024,5,548,-6,205,516,0,-1,-1,-1,0x1020480014140015,1767,1502,1607,988,2012,2012,1502,1500,1500,2012,988,1500,1500,1500,1500,1500,1500,1500,1183,2012,1500,1541,1500,2012,1500,1504,1502,1500,1520,1505,1500,2012,8.3
2025-07-05,18:44:27.500,-86,-80,10,3741,11970,57,1,16,10646,150,17,1086,1024,601,548,-6,205,516,0,-1,-1,-1,0x1020480014140015,1767,1771,1607,988,2012,2012,1806,1500,1500,2012,988,1500,1500,1500,1500,1500,1500,1500,1372,1628,1500,1541,1500,2012,1500,1858,1771,1500,1520,1505,1500,2012,8.3
2025-07-05,18:44:28.000,-83,-85,10,3720,28300,55,1,16,11494,150,17,1089,1024,412,548,-6,205,516,0,-1,-1,-1,0x1020480014140015,1767,1695,1607,988,2012,2012,1710,1500,1500,2012,988,1500,1500,1500,1500,1500,1500,1500,1372,1628,1500,1541,1500,2012,1500,1769,1695,1500,1520,1505,1500,2012,8.3
2025-07-05,18:44:28.500,-74,-74,50,3716,6130,56,1,16,9052,150,17,1091,955,135,548,-6,205,516,0,-1,-1,-1,0x1020488014140015,1742,1570,1607,988,2012,1977,1569,1500,1500,1983,988,1500,1500,1500,1500,1500,1500,1500,1372,1628,1500,1541,1500,2012,1500,1602,1570,1500,1520,1505,1500,2012,8.3
2025-07-05,18:44:29.000,-78,-82,10,3721,4240,57,1,16,15072,150,17,1094,-31,609,548,-6,205,516,0,-1,-1,-1,0x1020488010140015,1503,1779,1607,988,2012,1478,1816,1500,1500,1485,988,1500,1500,1500,1500,1500,1500,1500,1372,1628,1500,1541,1500,2012,1500,1861,1774,1500,1520,1505,1500,2012,8.3
2025-07-05,18:44:29.500,-75,-80,10,4680,6530,57,1,16,10850,150,17,1096,-892,443,547,-6,205,516,0,-1,-1,-1,0x1020488014140015,1276,1708,1607,988,2012,1054,1726,1500,1500,1054,988,1500,1500,1500,1500,1500,1500,1500,1372,1628,1500,1541,1500,2012,1500,1784,1708,1500,1520,1505,1500,2012,8.3
2025-07-05,18:44:30.000,-77,-80,25,3719,18610,57,1,16,13914,150,17,1098,-892,455,548,-6,205,516,0,-1,-1,-1,0x1020488014140015,1276,1706,1607,988,2012,1054,1732,1500,1500,1054,988,1500,1500,1500,1500,1500,1500,1500,1372,1628,1500,1541,1500,2012,1500,1782,1705,1500,1520,1505,1500,2012,8.3
2025-07-05,18:44:30.500,-85,-76,10,3715,24900,57,1,16,15076,150,17,1102,-778,633,548,-6,205,516,0,-1,-1,-1,0x1020488014140015,1328,1783,1607,988,2012,1111,1823,1500,1500,1111,988,1500,1500,1500,1500,1500,1500,1500,1372,1628,1500,1541,1500,2012,1500,1871,1783,1500,1520,1505,1500,2012,8.3
2025-07-05,18:44:31.000,-78,-80,10,3699,28890,57,1,16,14740,150,17,1105,-771,705,548,-6,205,515,0,-1,-1,-1,0x1020488014140015,1330,1811,1607,988,2012,1115,1859,1500,1500,1115,988,1500,1500,1500,1500,1500,1500,1500,1372,1628,1500,1541,1500,2012,1500,1901,1811,1500,1520,1505,1500,2012,8.3
2025-07-05,18:44:31.500,-74,-75,10,3691,22480,57,1,16,18470,150,17,1111,-769,916,547,-6,205,516,0,-1,-1,-1,0x1020488014140015,1331,1910,1607,988,2012,1116,1967,1500,1500,1116,988,1500,1500,1500,1500,1500,1500,1500,1372,1628,1500,1541,1500,2012,1500,1976,1910,1500,1520,1505,1500,2012,8.3
2025-07-05,18:44:32.000,-69,-65,100,3685,2940,57,1,16,22682,150,17,1117,-323,698,548,-6,205,516,0,-1,-1,-1,0x1020488014140015,1455,1808,1607,988,2012,1339,1856,1500,1500,1339,988,1500,1500,1500,1500,1500,1500,1500,1372,1628,1500,1541,1500,2012,1500,1898,1809,1500,1520,1505,1500,2012,8.3
2025-07-05,18:44:32.500,-74,-69,10,3697,1540,57,1,16,15712,150,17,1117,8,7,548,-6,205,516,0,-1,-1,-1,0x1020488010140015,1510,1503,1607,988,2012,1504,1503,1500,1500,1504,988,1500,1500,1500,1500,1500,1500,1500,1296,2012,1500,1541,1500,2012,1500,1505,1503,1500,1520,1505,1500,2012,8.3
2025-07-05,18:44:33.000,-63,-64,10,3728,1500,57,1,16,15964,150,17,1118,13,5,548,-6,205,516,0,-1,-1,-1,0x1020488010140015,1511,1503,1607,988,2012,1506,1502,1500,1500,1506,988,1500,1500,1500,1500,1500,1500,1500,988,2012,1500,1541,1500,2012,1500,1505,1503,1500,1520,1505,1500,2012,8.3
2025-07-05,18:44:33.500,-63,-60,10,3732,0,58,1,16,5006,150,17,1118,-1024,-310,548,-6,205,516,0,-1,-1,-1,0x1020488016140015,1198,1332,1607,988,2012,988,1345,1331,1500,988,988,1500,1500,1500,1500,1500,1500,1331,1372,2012,1500,1541,1500,2012,1500,1268,1500,1500,1520,1505,1500,2012,8.3
2025-07-05,18:44:34.000,-55,-62,10,3738,3700,59,1,16,3214,150,17,1118,-1024,377,548,-6,205,516,0,-1,-1,-1,0x1020488014140415,1198,1679,1607,988,2012,988,1692,1500,1500,988,988,1500,1500,1500,1500,1500,1500,1500,1372,1628,1500,1541,1500,2012,1500,1751,1679,1500,1520,1505,1500,2012,8.3
2025-07-05,18:44:34.500,-68,-70,10,4369,54940,58,1,16,11264,150,17,1121,222,409,548,-6,205,516,0,-1,-1,-1,0x1020488014140015,1556,1699,1607,988,2012,1611,1708,1500,1500,1611,988,1500,1500,1500,1500,1500,1500,1500,1372,1628,1500,1541,1500,2012,1500,1803,1704,1500,1520,1505,1500,2012,8.3
2025-07-05,18:44:35.000,-75,-79,10,3706,9030,58,1,16,9632,150,18,1124,-363,553,548,-6,205,516,0,-1,-1,-1,0x1020488014140015,1447,1753,1607,988,2012,1319,1782,1500,1500,1319,988,1500,1500,1500,1500,1500,1500,1500,1372,1628,1500,1541,1500,2012,1500,1837,1752,1500,1520,1505,1500,2012,8.3
2025-07-05,18:44:35.500,-80,-74,100,3711,1530,58,1,16,9074,150,18,1126,27,273,548,-6,205,516,0,-1,-1,-1,0x1020488010140055,1514,1625,1607,988,2012,1513,1639,1500,1500,1513,988,1500,1500,1500,1500,1500,1500,1500,1372,1628,1500,1541,1500,2012,1500,1684,1619,1500,1520,1505,1500,2012,8.3
2025-07-05,18:44:36.000,-67,-64,100,3717,1700,58,1,16,11472,150,18,1128,-65,9,548,-5,205,516,0,-1,-1,-1,0x1020488014140055,1498,1505,1607,988,2012,1468,1504,1500,1500,1468,988,1500,1500,1500,1500,1500,1500,1500,988,2012,1500,1541,1500,2012,1500,1507,1505,1500,1520,1505,1500,2012,8.3
2025-07-05,18:44:36.500,-80,-74,10,3727,1780,57,1,16,15306,150,18,1130,-527,223,548,-6,205,516,0,-1,-1,-1,0x1020488014140015,1408,1608,1607,988,2012,1237,1613,1500,1500,1236,988,1500,1500,1500,1500,1500,1500,1500,1372,1628,1500,1541,1500,2012,1500,1652,1603,1500,1520,1505,1500,2012,8.3
2025-07-05,18:44:37.000,-78,-65,50,3731,1720,57,1,16,13802,150,18,1130,-519,187,548,-6,205,516,0,-1,-1,-1,0x1020488014140055,1410,1592,1607,988,2012,1241,1595,1500,1500,1241,988,1500,1500,1500,1500,1500,1500,1500,1372,1628,1500,1541,1500,2012,1500,1637,1592,1500,1520,1505,1500,2012,8.3
2025-07-05,18:44:37.500,-76,-74,10,3735,2250,57,1,16,4076,150,18,1131,1024,171,548,-6,205,516,0,-1,-1,-1,0x1020488014140055,1767,1585,1607,988,2012,2012,1587,1500,1500,2012,988,1500,1500,1500,1500,1500,1500,1500,1372,1628,1500,1541,1500,2012,1500,1627,1591,1500,1520,1505,1500,2012,8.3
2025-07-05,18:44:38.000,-87,-76,10,3736,3470,57,1,16,4158,150,18,1132,1024,298,548,-6,205,516,0,-1,-1,-1,0x1020488014140015,1767,1643,1607,988,2012,2012,1652,1500,1500,2012,988,1500,1500,1500,1500,1500,1500,1500,1372,1628,1500,1541,1500,2012,1500,1706,1643,1500,1520,1505,1500,2012,8.3
2025-07-05,18:44:38.500,-75,-71,10,3732,2450,57,1,16,8560,150,18,1135,1024,-212,548,-6,205,516,0,-1,-1,-1,0x10204880161C0055,1767,1384,1607,988,2012,2012,1394,1383,1500,2012,988,1500,1500,1500,1500,1500,1500,1383,988,2012,1500,1541,1500,2012,1500,1374,1500,1500,1520,1505,1500,2012,8.3
2025-07-05,18:44:39.000,-71,-68,50,3735,16600,59,1,16,8106,38,18,1135,1023,305,548,-6,205,515,0,-1,-1,-1,0x1020480014140055,1767,1652,1607,988,2012,2011,1655,1500,1500,2011,988,1500,1500,1500,1500,1500,1500,1500,1372,1628,1500,1541,1500,2012,1500,1718,1652,1500,1520,1505,1500,2012,8.3
2025-07-05,18:44:39.500,-83,-79,10,3723,32760,57,1,16,11866,1,18,1135,585,598,548,-5,205,516,0,-1,-1,-1,0x1020480014140015,1632,1770,1607,988,2012,1792,1805,1500,1500,1792,988,1500,1500,1500,1500,1500,1500,1500,1372,1628,1500,1541,1500,2012,1500,1856,1770,1500,1520,1505,1500,2012,8.3
2025-07-05,18:44:40.000,-73,-74,10,3704,27320,57,1,16,13008,1,18,1135,-1,663,548,-6,205,516,0,-1,-1,-1,0x1020480010140015,1508,1800,1607,988,2012,1500,1838,1500,1500,1500,988,1500,1500,1500,1500,1500,1500,1500,1372,1628,1500,1541,1500,2012,1500,1890,1801,1500,1520,1505,1500,2012,8.3
2025-07-05,18:44:40.490,-72,-74,10,3702,1680,57,1,16,12144,1,18,1135,192,385,548,-5,204,515,0,-1,-1,-1,0x1020480014140015,1544,1682,1607,988,2012,1596,1696,1500,1500,1585,988,1500,1500,1500,1500,1500,1500,1500,1372,1628,1500,1541,1500,2012,1500,1755,1682,1500,1520,1505,1500,2012,8.3
2025-07-05,18:44:40.980,-75,-71,10,3725,1420,57,1,16,42508,1,18,1135,-148,16,549,-5,204,515,0,-1,-1,-1,0x1020480014140015,1486,1508,1607,988,2012,1426,1508,1500,1500,1431,988,1500,1500,1500,1500,1500,1500,1500,1224,2012,1500,1541,1500,2012,1500,1512,1508,1500,1520,1505,1500,2012,8.3
2025-07-05,18:44:41.480,-71,-76,10,3738,6650,57,1,16,5732,1,18,1135,-1024,468,548,-6,205,516,0,-1,-1,-1,0x1020480014140015,1198,1718,1607,988,2012,988,1747,1500,1500,988,988,1500,1500,1500,1500,1500,1500,1500,1372,1628,1500,1541,1500,2012,1500,1797,1718,1500,1520,1505,1500,2012,8.3
2025-07-05,18:44:41.980,-74,-73,10,3738,35810,58,1,16,14616,150,18,1148,-430,148,547,-6,205,515,0,-1,-1,-1,0x1020480014140055,1414,1587,1607,988,2012,1285,1575,1500,1500,1249,988,1500,1500,1500,1500,1500,1500,1500,1372,1628,1500,1541,1500,2012,1500,1774,1612,1500,1520,1505,1500,2012,8.3
2025-07-05,18:44:42.480,-71,-77,10,3720,4370,58,1,16,8474,150,18,1149,966,454,547,-6,205,516,0,-1,-1,-1,0x1020480014140055,1743,1712,1607,988,2012,1978,1731,1500,1500,1983,988,1500,1500,1500,1500,1500,1500,1500,1372,1628,1500,1541,1500,2012,1500,1790,1712,1500,1520,1505,1500,2012,8.3
2025-07-05,18:44:42.980,-69,-81,10,3716,14410,59,1,16,0,150,18,1151,972,546,547,-6,205,516,0,-1,-1,-1,0x1020488014140055,1745,1749,1607,988,2012,1986,1778,1500,1500,1986,988,1500,1500,1500,1500,1500,1500,1500,1372,1628,1500,1541,1500,2012,1500,1833,1749,1500,1520,1505,1500,2012,8.3
2025-07-05,18:44:43.480,-78,-78,10,3711,12380,58,1,16,12022,150,18,1155,442,660,548,-6,205,516,0,-1,-1,-1,0x1020488014140055,1602,1800,1607,988,2012,1721,1836,1500,1500,1721,988,1500,1500,1500,1500,1500,1500,1500,1372,1628,1500,1541,1500,2012,1500,1898,1805,1500,1520,1505,1500,2012,8.3
2025-07-05,18:44:43.980,-62,-72,50,4679,1500,58,1,16,8904,150,18,1156,255,242,548,-6,205,515,0,-1,-1,-1,0x1020488014140015,1563,1609,1607,988,2012,1627,1623,1500,1500,1627,988,1500,1500,1500,1500,1500,1500,1500,1372,1628,1500,1541,1500,2012,1500,1661,1603,1500,1520,1505,1500,2012,8.3
2025-07-05,18:44:44.480,-76,-83,10,3723,44550,58,1,16,12268,150,18,1159,363,672,548,-6,205,516,0,-1,-1,-1,0x1020488014140015,1587,1798,1607,988,2012,1681,1842,1500,1500,1681,988,1500,1500,1500,1500,1500,1500,1500,1372,1628,1500,1541,1500,2012,1500,1888,1798,1500,1520,1505,1500,2012,8.3
2025-07-05,18:44:44.980,-75,-83,10,3717,2830,58,1,16,13702,150,18,1161,-298,194,547,-6,206,516,0,-1,-1,-1,0x1020488014140015,1459,1595,1607,988,2012,1351,1599,1500,1500,1352,988,1500,1500,1500,1500,1500,1500,1500,1372,1628,1500,1541,1500,2012,1500,1642,1595,1500,1520,1505,1500,2012,8.3
2025-07-05,18:44:45.480,-66,-83,10,3722,8230,58,1,16,17992,150,18,1162,-748,837,547,-6,206,516,0,-1,-1,-1,0x1020488014140015,1339,1868,1607,988,2012,1126,1927,1500,1500,1126,988,1500,1500,1500,1500,1500,1500,1500,1372,1628,1500,1541,1500,2012,1500,1947,1860,1500,1520,1505,1500,2012,8.3
2025-07-05,18:44:45.980,-69,-77,25,3729,12530,58,1,16,7776,150,18,1164,238,632,548,-6,205,516,0,-1,-1,-1,0x1020488014140015,1557,1783,1607,988,2012,1619,1822,1500,1500,1614,988,1500,1500,1500,1500,1500,1500,1500,1372,1628,1500,1541,1500,2012,1500,1871,1778,1500,1520,1505,1500,2012,8.3
2025-07-05,18:44:46.480,-67,-69,250,3729,2050,58,1,16,16456,150,18,1165,-2,9,548,-5,205,516,0,-1,-1,-1,0x1020488010140015,1508,1505,1607,988,2012,1499,1504,1500,1500,1499,988,1500,1500,1500,1500,1500,1500,1500,1254,2012,1500,1541,1500,2012,1500,1507,1505,1500,1520,1505,1500,2012,8.3
2025-07-05,18:44:46.980,-78,-73,10,3738,56050,58,1,16,16410,1,18,1165,1024,270,548,-6,206,516,0,-1,-1,-1,0x1020480014140015,1767,1640,1607,988,2012,2012,1637,1500,1500,2012,988,1500,1500,1500,1500,1500,1500,1500,1372,1628,1500,1541,1500,2012,1500,1859,1652,1500,1520,1505,1500,2012,8.3
2025-07-05,18:44:47.480,-76,-79,10,3735,15720,55,1,16,5588,1,18,1165,1024,354,548,-6,205,516,0,-1,-1,-1,0x1020480014140015,1767,1668,1607,988,2012,2012,1680,1500,1500,2012,988,1500,1500,1500,1500,1500,1500,1500,1372,1628,1500,1541,1500,2012,1500,1738,1668,1500,1520,1505,1500,2012,8.3
2025-07-05,18:44:47.980,-81,-72,10,3721,30930,56,1,16,9908,1,18,1165,528,539,547,-6,205,516,0,-1,-1,-1,0x1020480014140015,1622,1747,1607,988,2012,1764,1775,1500,1500,1769,988,1500,1500,1500,1500,1500,1500,1500,1372,1628,1500,1541,1500,2012,1500,1830,1747,1500,1520,1505,1500,2012,8.3
2025-07-05,18:44:48.480,-72,-68,10,3700,31910,56,1,16,15190,1,18,1165,-33,701,548,-6,206,516,0,-1,-1,-1,0x1020480010140015,1505,1809,1607,988,2012,1484,1857,1500,1500,1489,988,1500,1500,1500,1500,1500,1500,1500,1372,1628,1500,1541,1500,2012,1500,1899,1809,1500,1520,1505,1500,2012,8.3
2025-07-05,18:44:48.980,-61,-68,10,3684,33980,56,1,16,19622,1,18,1165,32,528,548,-6,205,516,0,-1,-1,-1,0x1020480010140015,1515,1751,1607,988,2012,1516,1769,1500,1500,1516,988,1500,1500,1500,1500,1500,1500,1500,1372,1628,1500,1541,1500,2012,1500,1883,1759,1500,1520,1505,1500,2012,8.3
2025-07-05,18:44:49.480,-73,-71,10,3681,46130,56,1,16,17640,38,18,1185,821,842,547,-6,205,516,0,-1,-1,-1,0x1020480014140015,1696,1872,1607,988,2012,1910,1929,1500,1500,1911,988,1500,1500,1500,1500,1500,1500,1500,1372,1628,1500,1541,1500,2012,1500,1949,1872,1500,1520,1505,1500,2012,8.3
2025-07-05,18:44:49.980,-70,-72,10,3654,4090,56,1,16,28284,150,18,1195,-312,10,548,-6,206,516,0,-1,-1,-1,0x1020480014140015,1457,1505,1607,988,2012,1344,1505,1500,1500,1345,988,1500,1500,1500,1500,1500,1500,1500,1117,1883,1500,1541,1500,2012,1500,1769,1505,1500,1520,1505,1500,2012,8.3
2025-07-05,18:44:50.480,-78,-74,10,3661,2100,56,1,16,18440,150,18,1195,-166,109,548,-6,206,516,0,-1,-1,-1,0x1020480014140015,1482,1564,1607,988,2012,1417,1555,1500,1500,1417,988,1500,1500,1500,1500,1500,1500,1500,1372,1628,1500,1541,1500,2012,1500,1628,1570,1500,1520,1505,1500,2012,8.3
2025-07-05,18:44:50.980,-78,-72,10,3717,1830,57,1,16,16552,150,18,1196,9,1,548,-6,205,516,0,-1,-1,-1,0x1020488010140015,1510,1501,1607,988,2012,1504,1500,1500,1500,1504,988,1500,1500,1500,1500,1500,1500,1500,1090,2012,1500,1541,1500,2012,1500,1501,1501,1500,1520,1505,1500,2012,8.3
2025-07-05,18:44:51.480,-64,-74,10,4043,1590,58,1,16,8382,150,18,1195,1003,13,548,-6,206,516,0,-1,-1,-1,0x1020488014140015,1757,1507,1607,988,2012,2001,1506,1500,1500,2001,988,1500,1500,1500,1500,1500,1500,1500,1372,2012,1500,1541,1500,2012,1500,1510,1506,1500,1520,1505,1500,2012,8.3
2025-07-05,18:44:51.980,-69,-67,10,4046,10400,58,1,16,6526,150,18,1196,805,406,548,-6,205,516,0,-1,-1,-1,0x1020488014140055,1691,1686,1607,988,2012,1902,1707,1500,1500,1902,988,1500,1500,1500,1500,1500,1500,1500,1372,1628,1500,1541,1500,2012,1500,1759,1686,1500,1520,1505,1500,2012,8.3
2025-07-05,18:44:52.480,-69,-65,10,3717,20120,58,1,16,11868,150,18,1199,540,357,548,-6,205,516,0,-1,-1,-1,0x1020488014140055,1626,1670,1607,988,2012,1770,1682,1500,1500,1777,988,1500,1500,1500,1500,1500,1500,1500,1372,1628,1500,1541,1500,2012,1500,1766,1677,1500,1520,1505,1500,2012,8.3
2025-07-05,18:44:52.980,-69,-69,10,3712,14570,58,1,16,10996,150,18,1201,590,411,547,-6,205,516,0,-1,-1,-1,0x1020488014140015,1634,1695,1607,988,2012,1795,1709,1500,1500,1795,988,1500,1500,1500,1500,1500,1500,1500,1372,1628,1500,1541,1500,2012,1500,1769,1695,1500,1520,1505,1500,2012,8.3
2025-07-05,18:44:53.480,-71,-73,10,3717,11710,58,1,16,8262,112,18,1201,930,453,548,-6,206,516,0,-1,-1,-1,0x1020488014140015,1730,1706,1607,988,2012,1965,1731,1500,1500,1965,988,1500,1500,1500,1500,1500,1500,1500,1372,1628,1500,1541,1500,2012,1500,1783,1706,1500,1520,1505,1500,2012,8.3
2025-07-05,18:44:53.980,-64,-77,10,3695,42050,58,1,16,10864,1,18,1201,-108,530,548,-6,205,516,0,-1,-1,-1,0x1020480014140015,1491,1743,1607,988,2012,1446,1770,1500,1500,1446,988,1500,1500,1500,1500,1500,1500,1500,1372,1628,1500,1541,1500,2012,1500,1826,1743,1500,1520,1505,1500,2012,8.3
2025-07-05,18:44:54.480,-59,-77,10,3706,3550,58,1,16,10160,1,18,1201,-851,207,548,-6,205,516,0,-1,-1,-1,0x1020480014140015,1297,1601,1607,988,2012,1075,1605,1500,1500,1075,988,1500,1500,1500,1500,1500,1500,1500,1372,1628,1500,1541,1500,2012,1500,1650,1596,1500,1520,1505,1500,2012,8.3
2025-07-05,18:44:54.980,-73,-66,10,3719,23410,58,1,16,10110,1,18,1201,-832,585,548,-6,205,516,0,-1,-1,-1,0x1020480014140015,1305,1765,1607,988,2012,1084,1798,1500,1500,1084,988,1500,1500,1500,1500,1500,1500,1500,1372,1628,1500,1541,1500,2012,1500,1851,1765,1500,1520,1505,1500,2012,8.3
2025-07-05,18:44:55.480,-76,-65,10,3713,3520,57,1,16,12466,1,18,1201,17,74,548,-6,206,516,0,-1,-1,-1,0x1020480010140015,1512,1542,1607,988,2012,1508,1537,1500,1500,1508,988,1500,1500,1500,1500,1500,1500,1500,1372,1628,1500,1541,1500,2012,1500,1557,1542,1500,1520,1505,1500,2012,8.3
2025-07-05,18:44:55.980,-77,-75,10,3707,25930,57,1,16,11576,1,18,1201,94,581,547,-5,205,516,0,-1,-1,-1,0x1020480014140015,1528,1763,1607,988,2012,1547,1796,1500,1500,1546,988,1500,1500,1500,1500,1500,1500,1500,1372,1628,1500,1541,1500,2012,1500,1849,1759,1500,1520,1505,1500,2012,8.3
2025-07-05,18:44:56.480,-73,-74,10,3707,14200,57,1,16,12492,1,18,1201,-16,59,547,-6,205,516,0,-1,-1,-1,0x1020480010140015,1506,1539,1607,988,2012,1492,1530,1500,1500,1493,988,1500,1500,1500,1500,1500,1500,1500,1372,1628,1500,1541,1500,2012,1500,1605,1549,1500,1520,1505,1500,2012,8.3
2025-07-05,18:44:56.980,-71,-90,10,3711,1870,57,1,16,10796,112,18,1214,-766,84,548,-6,206,516,0,-1,-1,-1,0x1020480014140015,1332,1547,1607,988,2012,1117,1543,1500,1500,1117,988,1500,1500,1500,1500,1500,1500,1500,1372,1628,1500,1541,1500,2012,1500,1565,1547,1500,1520,1505,1500,2012,8.3
2025-07-05,18:44:57.480,-73,-72,10,3729,16670,57,1,16,10384,150,18,1215,-879,480,547,-6,205,516,0,-1,-1,-1,0x1020480014140015,1283,1722,1607,988,2012,1061,1745,1500,1500,1061,988,1500,1500,1500,1500,1500,1500,1500,1372,1628,1500,1541,1500,2012,1500,1802,1727,1500,1520,1505,1500,2012,8.3
2025-07-05,18:44:57.980,-83,-74,10,3719,39470,58,1,16,15834,150,18,1220,-1024,699,548,-6,205,516,0,-1,-1,-1,0x1020488014140015,1198,1809,1607,988,2012,988,1856,1500,1500,988,988,1500,1500,1500,1500,1500,1500,1500,1372,1628,1500,1541,1500,2012,1500,1898,1809,1500,1520,1505,1500,2012,8.3
2025-07-05,18:44:58.480,-77,-78,10,3682,51410,58,1,16,18894,150,18,1225,-856,238,548,-6,205,516,0,-1,-1,-1,0x1020488014140015,1294,1615,1607,988,2012,1072,1621,1500,1500,1072,988,1500,1500,1500,1500,1500,1500,1500,1372,1628,1500,1541,1500,2012,1500,1738,1615,1500,1520,1505,1500,2012,8.3
2025-07-05,18:44:58.980,-72,-77,10,4340,39910,58,1,16,12774,150,18,1226,7,9,547,-6,205,516,0,-1,-1,-1,0x1020488010140015,1510,1505,1607,988,2012,1503,1504,1500,1500,1503,988,1500,1500,1500,1500,1500,1500,1500,1117,1883,1500,1541,1500,2012,1500,1623,1505,1500,1520,1505,1500,2012,8.3
2025-07-05,18:44:59.480,-69,-67,100,3711,1510,58,1,16,8964,150,18,1227,10,11,548,-6,205,516,0,-1,-1,-1,0x1020488010140015,1510,1506,1607,988,2012,1505,1505,1500,1500,1505,988,1500,1500,1500,1500,1500,1500,1500,1372,2012,1500,1541,1500,2012,1500,1509,1506,1500,1520,1505,1500,2012,8.3
2025-07-05,18:44:59.980,-64,-66,100,3728,1680,58,1,16,8120,150,18,1228,313,416,547,-6,206,516,0,-1,-1,-1,0x1020488014140015,1576,1696,1607,988,2012,1656,1712,1500,1500,1657,988,1500,1500,1500,1500,1500,1500,1500,1372,1628,1500,1541,1500,2012,1500,1771,1696,1500,1520,1505,1500,2012,8.3
2025-07-05,18:45:00.480,-69,-66,10,3729,6590,58,1,16,11782,150,18,1229,458,4,547,-6,205,516,0,-1,-1,-1,0x1020488014140055,1605,1502,1607,988,2012,1729,1502,1500,1500,1728,988,1500,1500,1500,1500,1500,1500,1500,988,2012,1500,1541,1500,2012,1500,1503,1502,1500,1520,1505,1500,2012,8.3
2025-07-05,18:45:00.980,-63,-65,10,3728,1940,58,1,16,11782,150,18,1229,1024,312,547,-6,205,516,0,-1,-1,-1,0x1020488014140455,1767,1649,1607,988,2012,2012,1659,1500,1500,2012,988,1500,1500,1500,1500,1500,1500,1500,1372,1628,1500,1541,1500,2012,1500,1717,1655,1500,1520,1505,1500,2012,8.3
2025-07-05,18:45:01.480,-90,-69,10,3715,8570,58,1,16,8266,75,18,1229,1024,389,548,-6,206,516,0,-1,-1,-1,0x1020480014140015,1767,1684,1607,988,2012,2012,1698,1500,1500,2012,988,1500,1500,1500,1500,1500,1500,1500,1372,1628,1500,1541,1500,2012,1500,1757,1684,1500,1520,1505,1500,2012,8.3
2025-07-05,18:45:01.980,-70,-66,10,3714,18310,58,1,16,12612,1,18,1229,633,594,548,-6,206,516,0,-1,-1,-1,0x1020480014140015,1644,1768,1607,988,2012,1816,1803,1500,1500,1816,988,1500,1500,1500,1500,1500,1500,1500,1372,1628,1500,1541,1500,2012,1500,1854,1768,1500,1520,1505,1500,2012,8.3
2025-07-05,18:45:02.480,-70,-56,10,3705,38180,59,1,16,20010,1,18,1229,378,754,548,-6,206,516,0,-1,-1,-1,0x1020480014140055,1590,1833,1607,988,2012,1689,1884,1500,1500,1689,988,1500,1500,1500,1500,1500,1500,1500,1372,1628,1500,1541,1500,2012,1500,1921,1833,1500,1520,1505,1500,2012,8.3
2025-07-05,18:45:02.980,-70,-59,10,3685,101410,60,1,16,20026,1,18,1229,-60,957,547,-6,206,516,0,-1,-1,-1,0x1020480014142055,1499,1962,1607,988,2012,1470,1988,1500,1500,1471,988,1500,1500,1500,1500,1500,1500,1500,1372,1628,1500,1541,1500,2012,1500,1995,1962,1500,1520,1505,1500,2012,8.3
2025-07-05,18:45:03.480,-76,-65,10,3661,21340,59,1,16,30626,1,18,1229,-323,1006,547,-6,205,516,0,-1,-1,-1,0x1020480014142015,1455,2012,1607,988,2012,1339,2012,1500,1500,1339,988,1500,1500,1500,1500,1500,1500,1500,1372,1628,1500,1541,1500,2012,1500,2012,2012,1500,1520,1505,1500,2012,8.3
2025-07-05,18:45:03.980,-65,-72,10,3648,1980,59,1,16,23374,1,18,1229,118,515,548,-6,206,516,0,-1,-1,-1,0x1020480014140015,1533,1737,1607,988,2012,1559,1762,1500,1500,1559,988,1500,1500,1500,1500,1500,1500,1500,1372,1628,1500,1541,1500,2012,1500,1819,1731,1500,1520,1505,1500,2012,8.3
2025-07-05,18:45:04.480,-67,-70,25,3699,0,59,1,16,21312,112,18,1256,695,-394,548,-6,205,516,0,-1,-1,-1,0x10204800161C0015,1660,1309,1607,988,2012,1847,1303,1308,1500,1848,988,1500,1500,1500,1500,1500,1500,1307,1029,2012,1500,1541,1500,2012,1500,1235,1500,1500,1520,1505,1500,2012,8.3
2025-07-05,18:45:04.980,-60,-63,50,3715,19900,59,1,16,18072,150,18,1256,1005,640,548,-6,206,516,0,-1,-1,-1,0x1020480014140015,1758,1786,1607,988,2012,2002,1826,1500,1500,2002,988,1500,1500,1500,1500,1500,1500,1500,1372,1628,1500,1541,1500,2012,1500,1874,1786,1500,1520,1505,1500,2012,8.3
2025-07-05,18:45:05.480,-70,-71,10,3702,36150,59,1,16,18718,150,18,1259,987,798,547,-6,206,516,0,-1,-1,-1,0x1020488014140015,1750,1855,1607,988,2012,1993,1907,1500,1500,1994,988,1500,1500,1500,1500,1500,1500,1500,1372,1628,1500,1541,1500,2012,1500,1937,1854,1500,1520,1505,1500,2012,8.3
2025-07-05,18:45:05.980,-72,-78,10,3687,19110,59,1,16,24652,150,18,1266,283,660,548,-6,205,516,0,-1,-1,-1,0x1020488014140015,1569,1798,1607,988,2012,1641,1836,1500,1500,1641,988,1500,1500,1500,1500,1500,1500,1500,1372,1628,1500,1541,1500,2012,1500,1888,1803,1500,1520,1505,1500,2012,8.3
2025-07-05,18:45:06.480,-71,-72,10,4671,0,59,1,16,0,150,18,1266,3,15,548,-6,205,516,0,-1,-1,-1,0x1020488010140015,1509,1508,1607,988,2012,1501,1507,1500,1500,1501,988,1500,1500,1500,1500,1500,1500,1500,1264,2012,1500,1541,1500,988,1500,1512,1508,1500,1520,1505,1500,2012,8.3
2025-07-05,18:45:06.980,-70,-59,250,3706,0,59,1,16,15936,150,18,1267,1021,5,548,-6,205,516,0,-1,-1,-1,0x1020488014140055,1766,1502,1607,988,2012,2010,1502,1500,1500,2010,988,1500,1500,1500,1500,1500,1500,1500,1122,2012,1500,1541,1500,2012,1500,1504,1502,1500,1520,1505,1500,2012,8.3
2025-07-05,18:45:07.480,-84,-76,10,3706,0,59,1,16,15936,150,18,1267,-2,11,548,-6,205,516,0,-1,-1,-1,0x1020488010140055,1508,1506,1607,988,2012,1499,1505,1500,1500,1499,988,1500,1500,1500,1500,1500,1500,1500,1050,2012,1500,1541,1500,2012,1500,1509,1506,1500,1520,1505,1500,2012,8.3
2025-07-05,18:45:07.980,-75,-63,250,3728,1580,57,1,16,1138,38,18,1267,-3,13,548,-6,205,516,0,-1,-1,-1,0x1020480010140055,1508,1507,1607,988,2012,1499,1506,1500,1500,1499,988,1500,1500,1500,1500,1500,1500,1500,1372,2012,1500,1541,1500,2012,1500,1511,1507,1500,1520,1505,1500,2012,8.3
2025-07-05,18:45:08.480,-73,-73,10,3729,1610,57,1,16,256,1,18,1267,-3,9,548,-6,206,516,0,-1,-1,-1,0x1020480010140055,1508,1505,1607,988,2012,1499,1504,1500,1500,1499,988,1500,1500,1500,1500,1500,1500,1500,1372,2012,1500,1541,1500,2012,1500,1507,1505,1500,1520,1505,1500,2012,8.3
2025-07-05,18:45:08.980,-78,-79,10,3730,1470,57,1,16,0,1,18,1267,-3,9,547,-6,205,516,0,-1,-1,-1,0x1020480010140015,1508,1505,1607,988,2012,1499,1504,1500,1500,1499,988,1500,1500,1500,1500,1500,1500,1500,1500,2012,1500,1541,1500,2012,1500,1508,1505,1500,1520,1505,1500,2012,8.3
2025-07-05,18:45:09.480,-88,-81,50,3732,2000,57,1,16,0,1,18,1267,416,11,548,-6,205,516,0,-1,-1,-1,0x1020480014140015,1597,1506,1607,988,2012,1708,1505,1500,1500,1708,988,1500,1500,1500,1500,1500,1500,1500,1500,2012,1500,1541,1500,2012,1500,1509,1506,1500,1520,1505,1500,2012,8.3
2025-07-05,18:45:09.980,-85,-78,10,3733,1470,57,1,16,0,1,18,1267,-3,13,548,-6,206,516,0,-1,-1,-1,0x1020480010140015,1507,1507,1607,988,2012,1499,1506,1500,1500,1498,988,1500,1500,1500,1500,1500,1500,1500,1500,2012,1500,1541,1500,2012,1500,1510,1507,1500,1520,1505,1500,2012,8.3
2025-07-05,18:45:10.480,-73,-79,50,3735,880,57,1,16,0,1,18,1267,-3,7,548,-6,205,516,0,-1,-1,-1,0x1020480010140015,1508,1503,1562,988,2012,1499,1503,1500,1500,1499,988,1500,1500,1500,1500,1500,1500,1500,1500,2012,1500,1541,1500,2012,1500,1505,1503,1500,1520,1505,1500,2012,8.3
2025-07-05,18:45:10.980,-86,-89,10,3736,160,56,1,16,0,150,18,1268,-3,9,547,-6,205,516,0,-1,-1,-1,0x1020480010140014,1508,1505,1500,988,2012,1499,1504,1500,1500,1499,988,1500,1500,1500,1500,1500,1500,1500,1500,2012,1500,1541,1500,2012,1500,1507,1505,1500,1520,1505,1500,2012,8.3
2025-07-05,18:45:11.480,-84,-86,10,3739,170,55,1,16,0,150,18,1268,-3,9,548,-5,206,516,0,-1,-1,-1,0x1020480010140014,1508,1505,1500,988,2012,1499,1504,1500,1500,1499,988,1500,1500,1500,1500,1500,1500,1500,1500,2012,1500,1541,1500,2012,1500,1507,1505,1500,1520,1505,1500,2012,8.3
2025-07-05,18:45:11.980,-78,-94,50,3740,170,52,1,16,0,150,18,1268,-4,11,548,-6,205,516,0,-1,-1,-1,0x1020488010140014,1507,1506,1500,988,2012,1498,1505,1500,1500,1498,988,1500,1500,1500,1500,1500,1500,1500,1500,2012,1500,1541,1500,2012,1500,1509,1506,1500,1520,1505,1500,2012,8.3
2025-07-05,18:45:12.480,-75,-86,50,3741,160,50,1,16,0,150,18,1268,-3,11,547,-6,205,516,0,-1,-1,-1,0x1020488010140014,1508,1506,1500,988,2012,1499,1505,1500,1500,1499,988,1500,1500,1500,1500,1500,1500,1500,1500,2012,1500,1541,1500,2012,1500,1509,1506,1500,1520,1505,1500,2012,8.3
2025-07-05,18:45:12.980,-75,-86,250,4685,170,50,1,16,0,150,18,1268,-4,11,548,-6,205,515,0,-1,-1,-1,0x1020488010140014,1507,1506,1500,988,2012,1498,1505,1500,1500,1498,988,1500,1500,1500,1500,1500,1500,1500,1500,2012,1500,1541,1500,2012,1500,1509,1506,1500,1520,1505,1500,2012,8.3
2025-07-05,18:45:13.480,-85,-80,100,3743,160,50,1,16,0,150,18,1268,-3,10,548,-6,205,516,0,-1,-1,-1,0x1020488010140014,1508,1505,1500,988,2012,1499,1505,1500,1500,1499,988,1500,1500,1500,1500,1500,1500,1500,1500,2012,1500,1541,1500,2012,1500,1508,1505,1500,1520,1505,1500,2012,8.3
2025-07-05,18:45:13.980,-85,-80,100,3744,170,50,1,16,0,150,18,1268,-3,10,548,-6,205,516,0,-1,-1,-1,0x1020488010140014,1508,1505,1500,988,2012,1499,1505,1500,1500,1499,988,1500,1500,1500,1500,1500,1500,1500,1500,2012,1500,1541,1500,2012,1500,1508,1505,1500,1520,1505,1500,2012,8.3
2025-07-05,18:45:14.480,-71,-78,250,3745,170,50,1,16,0,150,18,1268,-4,10,548,-6,204,515,0,-1,-1,-1,0x1020488010140014,1508,1505,1500,988,2012,1498,1505,1500,1500,1499,988,1500,1500,1500,1500,1500,1500,1500,1500,2012,1500,1541,1500,2012,1500,1508,1505,1500,1520,1505,1500,2012,8.3
2025-07-05,18:45:14.980,-91,-87,25,3745,170,50,1,16,0,150,18,1268,-3,9,547,-6,205,516,0,-1,-1,-1,0x1020488010140014,1508,1505,1500,988,2012,1499,1504,1500,1500,1499,988,1500,1500,1500,1500,1500,1500,1500,1500,2012,1500,1541,1500,2012,1500,1507,1505,1500,1520,1505,1500,2012,8.3
2025-07-05,18:45:15.480,-87,-76,10,3746,160,50,1,16,0,150,18,1268,-3,8,548,-6,205,516,0,-1,-1,-1,0x1020488010140014,1508,1504,1500,988,2012,1499,1504,1500,1500,1499,988,1500,1500,1500,1500,1500,1500,1500,1500,2012,1500,1541,1500,2012,1500,1506,1504,1500,1520,1505,1500,2012,8.3
2025-07-05,18:45:15.980,-75,-81,25,3746,170,50,1,16,0,150,18,1268,-4,9,548,-6,205,516,0,-1,-1,-1,0x1020488010140014,1508,1505,1500,988,2012,1498,1504,1500,1500,1499,988,1500,1500,1500,1500,1500,1500,1500,1500,2012,1500,1541,1500,2012,1500,1507,1505,1500,1520,1505,1500,2012,8.3
2025-07-05,18:45:16.480,-75,-76,25,3747,170,50,1,16,0,150,18,1268,-3,9,548,-6,205,516,0,-1,-1,-1,0x1020488010140014,1508,1505,1500,988,2012,1499,1504,1500,1500,1499,988,1500,1500,1500,1500,1500,1500,1500,1500,2012,1500,1541,1500,2012,1500,1507,1505,1500,1520,1505,1500,2012,8.3
2025-07-05,18:45:16.980,-72,-70,25,3747,180,50,1,16,0,150,18,1268,-3,11,548,-6,206,516,0,-1,-1,-1,0x1020488010140014,1508,1506,1500,988,2012,1499,1505,1500,1500,1499,988,1500,1500,1500,1500,1500,1500,1500,1500,2012,1500,1541,1500,2012,1500,1509,1506,1500,1520,1505,1500,2012,8.3
2025-07-05,18:45:17.480,-69,-90,10,3748,170,50,1,16,0,150,18,1268,-3,11,548,-6,205,516,0,-1,-1,-1,0x1020488010140014,1508,1506,1500,988,2012,1499,1505,1500,1500,1499,988,1500,1500,1500,1500,1500,1500,1500,1500,2012,1500,1541,1500,2012,1500,1509,1506,1500,1520,1505,1500,2012,8.3
2025-07-05,18:45:17.980,-77,-82,10,4374,160,50,1,16,0,150,18,1268,-3,9,548,-6,205,516,0,-1,-1,-1,0x1020488010140014,1508,1505,1500,988,2012,1499,1504,1500,1500,1499,988,1500,1500,1500,1500,1500,1500,1500,1500,2012,1500,1541,1500,2012,1500,1507,1505,1500,1520,1505,1500,2012,8.3
2025-07-05,18:45:18.480,-77,-84,10,3749,170,50,1,16,0,150,18,1268,-3,9,548,-6,206,516,0,-1,-1,-1,0x1020488010140014,1508,1505,1500,988,2012,1499,1504,1500,1500,1499,988,1500,1500,1500,1500,1500,1500,1500,1500,2012,1500,1541,1500,2012,1500,1507,1505,1500,1520,1505,1500,2012,8.3
2025-07-05,18:45:18.980,-77,-76,10,3749,170,50,1,16,0,150,18,1268,-3,10,548,-6,205,516,0,-1,-1,-1,0x1020488010140014,1508,1505,1500,988,2012,1499,1504,1500,1500,1499,988,1500,1500,1500,1500,1500,1500,1500,1500,2012,1500,1541,1500,2012,1500,1508,1505,1500,1520,1505,1500,2012,8.3
2025-07-05,18:45:19.480,-84,-84,10,3750,160,50,1,16,0,150,18,1268,-2,10,548,-6,205,516,0,-1,-1,-1,0x1020488010140014,1508,1505,1500,988,2012,1499,1505,1500,1500,1499,988,1500,1500,1500,1500,1500,1500,1500,1500,2012,1500,1541,1500,2012,1500,1508,1505,1500,1520,1505,1500,2012,8.3
2025-07-05,18:45:19.980,-75,-76,10,3750,170,50,1,16,0,150,18,1268,-3,10,548,-6,205,516,0,-1,-1,-1,0x1020488010140014,1508,1505,1500,988,2012,1499,1505,1500,1500,1499,988,1500,1500,1500,1500,1500,1500,1500,1500,2012,1500,1541,1500,2012,1500,1508,1505,1500,1520,1505,1500,2012,8.3
2025-07-05,18:45:20.480,-94,-75,10,3751,160,50,1,16,0,150,18,1268,-3,10,548,-6,205,516,0,-1,-1,-1,0x1020488010140014,1508,1506,1500,988,2012,1499,1505,1500,1500,1499,988,1500,1500,1500,1500,1500,1500,1500,1500,2012,1500,1541,1500,2012,1500,1509,1506,1500,1520,1505,1500,2012,8.3
2025-07-05,18:45:20.980,-77,-79,10,3751,170,50,1,16,0,150,18,1268,-3,10,548,-6,205,516,0,-1,-1,-1,0x1020488010140014,1508,1505,1500,988,2012,1499,1505,1500,1500,1499,988,1500,1500,1500,1500,1500,1500,1500,1500,2012,1500,1541,1500,2012,1500,1508,1505,1500,1520,1505,1500,2012,8.3
2025-07-05,18:45:21.480,-74,-72,50,3751,480,50,1,16,0,150,18,1268,0,12,548,-6,205,516,0,-1,-1,-1,0x1020488010140014,1508,1506,1500,988,2012,1500,1506,1500,1500,1500,988,1500,1500,1500,1500,1500,1500,1500,1500,2012,1500,1541,1500,2012,1500,1509,1506,1500,1520,1505,1500,2012,8.3
2025-07-05,18:45:21.980,-89,-80,10,3752,170,50,1,16,0,150,18,1268,-2,12,547,-6,206,516,0,-1,-1,-1,0x1020488010140014,1508,1506,1500,988,2012,1499,1506,1500,1500,1499,988,1500,1500,1500,1500,1500,1500,1500,1500,2012,1500,1541,1500,2012,1500,1509,1506,1500,1520,1505,1500,2012,8.3
2025-07-05,18:45:22.480,-85,-86,10,3752,150,50,1,16,0,150,18,1268,-3,9,547,-6,205,516,0,-1,-1,-1,0x1020488010140014,1508,1505,1500,988,2012,1499,1504,1500,1500,1499,988,1500,1500,1500,1500,1500,1500,1500,1500,2012,1500,1541,1500,2012,1500,1507,1505,1500,1520,1505,1500,2012,8.3
2025-07-05,18:45:22.980,-80,-84,10,3752,170,50,1,16,0,150,18,1268,-3,7,548,-6,205,516,0,-1,-1,-1,0x1020488010140014,1508,1503,1500,988,2012,1499,1503,1500,1500,1499,988,1500,1500,1500,1500,1500,1500,1500,1500,2012,1500,1541,1500,2012,1500,1505,1503,1500,1520,1505,1500,2012,8.3
2025-07-05,18:45:23.480,-81,-73,25,4376,160,50,1,16,0,150,18,1268,-3,12,548,-6,205,516,0,-1,-1,-1,0x1020488010140014,1508,1506,1500,988,2012,1499,1506,1500,1500,1499,988,1500,1500,1500,1500,1500,1500,1500,1500,2012,1500,1541,1500,2012,1500,1509,1506,1500,1520,1505,1500,2012,8.3
2025-07-05,18:45:23.980,-82,-90,25,3753,170,50,1,16,0,150,18,1268,-2,9,548,-6,205,516,0,-1,-1,-1,0x1020488010140014,1508,1505,1500,988,2012,1499,1504,1500,1500,1499,988,1500,1500,1500,1500,1500,1500,1500,1500,2012,1500,1541,1500,2012,1500,1507,1505,1500,1520,1505,1500,2012,8.3
2025-07-05,18:45:24.480,-77,-76,10,3753,160,50,1,16,0,150,18,1268,-2,9,548,-6,206,516,0,-1,-1,-1,0x1020488010140014,1508,1505,1500,988,2012,1499,1504,1500,1500,1499,988,1500,1500,1500,1500,1500,1500,1500,1500,2012,1500,1541,1500,2012,1500,1507,1505,1500,1520,1505,1500,2012,8.3
2025-07-05,18:45:24.980,-76,-72,250,3753,160,50,1,16,0,150,18,1268,-2,10,548,-6,205,515,0,-1,-1,-1,0x1020488010140014,1508,1505,1500,988,2012,1499,1505,1500,1500,1499,988,1500,1500,1500,1500,1500,1500,1500,1500,2012,1500,1541,1500,2012,1500,1508,1505,1500,1520,1505,1500,2012,8.3
2025-07-05,18:45:25.480,-71,-72,100,3753,170,50,1,16,0,150,18,1268,-3,10,548,-6,205,516,0,-1,-1,-1,0x1020488010140014,1508,1505,1500,988,2012,1499,1505,1500,1500,1499,988,1500,1500,1500,1500,1500,1500,1500,1500,2012,1500,1541,1500,2012,1500,1508,1505,1500,1520,1505,1500,2012,8.3
2025-07-05,18:45:25.980,-81,-82,10,3754,170,49,1,16,0,150,18,1268,-3,10,548,-6,205,516,0,-1,-1,-1,0x1020488010140014,1508,1505,1500,988,2012,1499,1505,1500,1500,1499,988,1500,1500,1500,1500,1500,1500,1500,1500,2012,1500,1541,1500,2012,1500,1508,1505,1500,1520,1505,1500,2012,8.3
2025-07-05,18:45:26.480,-78,-80,10,3754,170,49,1,16,0,150,18,1268,-2,10,547,-6,205,516,0,-1,-1,-1,0x1020488010140014,1508,1505,1500,988,2012,1499,1505,1500,1500,1499,988,1500,1500,1500,1500,1500,1500,1500,1500,2012,1500,1541,1500,2012,1500,1508,1505,1500,1520,1505,1500,2012,8.3
2025-07-05,18:45:26.980,-78,-77,10,3754,160,49,1,16,0,150,18,1269,-3,11,548,-6,205,516,0,-1,-1,-1,0x1020488010140014,1508,1506,1500,988,2012,1499,1505,1500,1500,1499,988,1500,1500,1500,1500,1500,1500,1500,1500,2012,1500,1541,1500,2012,1500,1509,1506,1500,1520,1505,1500,2012,8.3
2025-07-05,18:45:27.480,-77,-77,10,3754,160,49,1,16,0,150,18,1269,-3,10,548,-6,205,516,0,-1,-1,-1,0x1020488010140014,1508,1505,1500,988,2012,1499,1505,1500,1500,1499,988,1500,1500,1500,1500,1500,1500,1500,1500,2012,1500,1541,1500,2012,1500,1508,1505,1500,1520,1505,1500,2012,8.3
2025-07-05,18:45:27.980,-79,-77,10,3755,160,49,1,16,0,150,18,1269,-3,10,548,-6,205,516,0,-1,-1,-1,0x1020488010140014,1508,1505,1500,988,2012,1499,1505,1500,1500,1499,988,1500,1500,1500,1500,1500,1500,1500,1500,2012,1500,1541,1500,2012,1500,1508,1505,1500,1520,1505,1500,2012,8.3
2025-07-05,18:45:28.480,-77,-81,10,4688,160,49,1,16,0,150,18,1269,-3,10,547,-6,205,516,0,-1,-1,-1,0x1020488010140014,1508,1505,1500,988,2012,1499,1505,1500,1500,1499,988,1500,1500,1500,1500,1500,1500,1500,1500,2012,1500,1541,1500,2012,1500,1508,1505,1500,1520,1505,1500,2012,8.3
2025-07-05,18:45:28.980,-71,-77,25,3755,160,49,1,16,0,150,18,1269,-3,11,548,-6,205,516,0,-1,-1,-1,0x1020488010140014,1508,1505,1500,988,2012,1499,1505,1500,1500,1499,988,1500,1500,1500,1500,1500,1500,1500,1500,2012,1500,1541,1500,2012,1500,1509,1505,1500,1520,1505,1500,2012,8.3
2025-07-05,18:45:29.480,-81,-77,50,3755,160,49,1,16,0,150,18,1269,-3,10,548,-6,205,516,0,-1,-1,-1,0x1020488010140014,1508,1505,1500,988,2012,1499,1505,1500,1500,1499,988,1500,1500,1500,1500,1500,1500,1500,1500,2012,1500,1541,1500,2012,1500,1508,1505,1500,1520,1505,1500,2012,8.3
2025-07-05,18:45:29.980,-77,-82,10,3755,170,49,1,16,0,150,18,1269,-2,10,548,-5,205,516,0,-1,-1,-1,0x1020488010140014,1508,1505,1500,988,2012,1499,1505,1500,1500,1499,988,1500,1500,1500,1500,1500,1500,1500,1500,2012,1500,1541,1500,2012,1500,1508,1505,1500,1520,1505,1500,2012,8.3
2025-07-05,18:45:30.480,-76,-78,250,3756,160,49,1,16,0,150,18,1269,-2,10,548,-6,205,515,0,-1,-1,-1,0x1020488010140014,1508,1505,1500,988,2012,1499,1505,1500,1500,1499,988,1500,1500,1500,1500,1500,1500,1500,1500,2012,1500,1541,1500,2012,1500,1508,1505,1500,1520,1505,1500,2012,8.3
2025-07-05,18:45:30.980,-85,-79,10,3756,150,49,1,16,0,150,18,1269,-3,10,548,-6,205,516,0,-1,-1,-1,0x1020488010140014,1508,1505,1500,988,2012,1499,1505,1500,1500,1499,988,1500,1500,1500,1500,1500,1500,1500,1500,2012,1500,1541,1500,2012,1500,1508,1505,1500,1520,1505,1500,2012,8.3
2025-07-05,18:45:31.480,-77,-81,10,3756,170,49,1,16,546,150,18,1269,-3,10,548,-6,206,516,0,-1,-1,-1,0x1020488010140014,1508,1505,1500,988,2012,1499,1505,1500,1500,1499,988,1500,1500,1500,1500,1500,1500,1500,1500,2012,1500,1541,1500,2012,1500,1508,1505,1500,1520,1505,1500,2012,8.3
2025-07-05,18:45:31.980,-72,-73,10,3756,190,49,1,16,314,150,18,1269,-3,10,548,-6,205,516,0,-1,-1,-1,0x1020488010140054,1508,1505,1500,988,2012,1499,1505,1500,1500,1499,988,1500,1500,1500,1500,1500,1500,1500,1500,2012,1500,1541,1500,2012,1500,1508,1505,1500,1520,1505,1500,2012,8.3
2025-07-05,18:45:32.480,-75,-77,10,3756,160,49,1,16,0,150,18,1269,-3,10,548,-6,206,516,0,-1,-1,-1,0x1020488010140054,1508,1505,1500,988,2012,1499,1505,1500,1500,1499,988,1500,1500,1500,1500,1500,1500,1500,1500,2012,1500,1541,1500,2012,1500,1508,1505,1500,1520,1505,1500,2012,8.3
2025-07-05,18:45:32.980,-77,-70,100,3756,880,49,1,16,0,150,18,1269,-2,10,548,-6,205,516,0,-1,-1,-1,0x1020488010140014,1508,1505,1500,988,2012,1499,1505,1500,1500,1499,988,1500,1500,1500,1500,1500,1500,1500,1500,2012,1500,1541,1500,2012,1500,1508,1505,1500,1520,1505,1500,2012,8.3
2025-07-05,18:45:33.480,-80,-82,10,4067,7630,49,1,16,2032,150,18,1269,597,198,548,-6,206,516,0,-1,-1,-1,0x1020488014140055,1636,1597,1562,988,2012,1798,1601,1500,1500,1798,988,1500,1500,1500,1500,1500,1500,1500,1372,1628,1500,1541,1500,2012,1500,1644,1597,1500,1520,1505,1500,2012,8.3
2025-07-05,18:45:33.980,-87,-71,50,4063,16490,49,1,16,7350,150,18,1270,-2,422,548,-6,205,516,0,-1,-1,-1,0x1020488010140055,1508,1699,1607,988,2012,1499,1715,1500,1500,1499,988,1500,1500,1500,1500,1500,1500,1500,1372,1628,1500,1541,1500,2012,1500,1774,1699,1500,1520,1505,1500,2012,8.3
2025-07-05,18:45:34.480,-71,-74,10,3740,12090,50,1,16,9114,150,18,1272,506,335,548,-6,205,516,0,-1,-1,-1,0x1020488014140015,1615,1659,1607,988,2012,1753,1671,1500,1500,1753,988,1500,1500,1500,1500,1500,1500,1500,1372,1628,1500,1541,1500,2012,1500,1727,1659,1500,1520,1505,1500,2012,8.3
2025-07-05,18:45:34.980,-76,-75,10,3733,1750,52,1,16,13300,150,18,1274,-3,12,547,-6,206,516,0,-1,-1,-1,0x1020488010140015,1508,1506,1607,988,2012,1499,1506,1500,1500,1499,988,1500,1500,1500,1500,1500,1500,1500,988,2012,1500,1541,1500,2012,1500,1509,1506,1500,1520,1505,1500,2012,8.3
2025-07-05,18:45:35.480,-88,-76,10,3742,1440,55,1,16,8718,150,18,1274,20,12,548,-6,205,516,0,-1,-1,-1,0x1020488010140015,1517,1506,1607,988,2012,1510,1506,1500,1500,1510,988,1500,1500,1500,1500,1500,1500,1500,1372,2012,1500,1541,1500,2012,1500,1509,1506,1500,1520,1505,1500,2012,8.3
2025-07-05,18:45:35.980,-71,-77,50,3751,1640,55,1,16,7258,150,18,1274,-2,13,548,-6,205,516,0,-1,-1,-1,0x1020488010140015,1508,1507,1607,988,2012,1499,1506,1500,1500,1499,988,1500,1500,1500,1500,1500,1500,1500,1372,2012,1500,1541,1500,2012,1500,1510,1507,1500,1520,1505,1500,2012,8.3
2025-07-05,18:45:36.480,-76,-76,10,3751,1570,56,1,16,5934,150,18,1275,40,12,548,-6,206,516,0,-1,-1,-1,0x1020488010140015,1513,1506,1607,988,2012,1520,1506,1500,1500,1512,988,1500,1500,1500,1500,1500,1500,1500,1500,2012,1500,1541,1500,2012,1500,1509,1506,1500,1520,1505,1500,2012,8.3
2025-07-05,18:45:36.980,-68,-73,10,3752,2020,56,1,16,5202,150,18,1275,515,12,548,-6,205,516,0,-1,-1,-1,0x1020488014140015,1617,1506,1607,988,2012,1758,1506,1500,1500,1757,988,1500,1500,1500,1500,1500,1500,1500,1500,2012,1500,1541,1500,2012,1500,1509,1506,1500,1520,1505,1500,2012,8.3
2025-07-05,18:45:37.480,-76,-75,10,3752,1630,56,1,16,4606,150,18,1275,289,12,548,-6,205,516,0,-1,-1,-1,0x1020488014140015,1577,1506,1607,988,2012,1644,1506,1500,1500,1644,988,1500,1500,1500,1500,1500,1500,1500,1500,2012,1500,1541,1500,2012,1500,1509,1506,1500,1520,1505,1500,2012,8.3
2025-07-05,18:45:37.980,-79,-82,10,3752,1580,56,1,16,3772,150,18,1275,1022,-609,548,-6,205,516,0,-1,-1,-1,0x10204880161C0015,1766,1194,1579,988,2012,2011,1196,1191,1500,2011,988,1500,1500,1500,1500,1500,1500,1191,1500,2012,1500,1541,1500,2012,1500,1234,1500,1500,1520,1505,1500,2012,8.3
2025-07-05,18:45:38.480,-84,-80,10,3752,380,56,1,16,2180,150,18,1275,1024,-33,548,-6,205,516,0,-1,-1,-1,0x1020488014140014,1767,1487,1500,988,2012,2012,1484,1487,1500,2012,988,1500,1500,1500,1500,1500,1500,1487,1500,2012,1500,1541,1500,2012,1500,1474,1500,1500,1520,1505,1500,2012,8.3
2025-07-05,18:45:38.980,-77,-78,10,3754,420,56,1,16,1022,150,18,1275,1024,8,547,-6,205,516,0,-1,-1,-1,0x1020488014140014,1767,1504,1500,988,2012,2012,1504,1500,1500,2012,988,1500,1500,1500,1500,1500,1500,1500,1500,2012,1500,1541,1500,2012,1500,1506,1504,1500,1520,1505,1500,2012,8.3
2025-07-05,18:45:39.480,-68,-61,250,3755,270,54,1,16,164,150,18,1275,-5,11,548,-6,205,515,0,-1,-1,-1,0x1020488010140014,1507,1506,1500,988,2012,1498,1505,1500,1500,1498,988,1500,1500,1500,1500,1500,1500,1500,1500,2012,1500,1541,1500,2012,1500,1509,1506,1500,1520,1505,1500,2012,8.3
2025-07-05,18:45:39.980,-78,-80,10,3755,200,50,1,16,128,150,18,1275,-4,11,547,-5,205,516,0,-1,-1,-1,0x1020488010140014,1508,1506,1500,988,2012,1498,1505,1500,1500,1498,988,1500,1500,1500,1500,1500,1500,1500,1500,2012,1500,1541,1500,2012,1500,1509,1506,1500,1520,1505,1500,2012,8.3
2025-07-05,18:45:40.470,-76,-76,10,3756,180,50,1,16,0,150,18,1275,-6,10,548,-6,205,516,0,-1,-1,-1,0x1020488010140014,1507,1505,1500,988,2012,1497,1505,1500,1500,1498,988,1500,1500,1500,1500,1500,1500,1500,1500,2012,1500,1541,1500,2012,1500,1508,1505,1500,1520,1505,1500,2012,8.3
2025-07-05,18:45:40.950,-65,-76,250,3756,200,50,1,16,0,150,18,1275,-4,11,548,-5,204,515,0,-1,-1,-1,0x1020488010140014,1507,1506,1500,988,2012,1498,1505,1500,1500,1498,988,1500,1500,1500,1500,1500,1500,1500,1500,2012,1500,1541,1500,2012,1500,1509,1506,1500,1520,1505,1500,2012,8.3
2025-07-05,18:45:41.450,-79,-74,10,3756,180,50,1,16,0,150,18,1276,-3,8,548,-6,205,516,0,-1,-1,-1,0x1020488010140014,1509,1504,1500,988,2012,1499,1504,1500,1500,1499,988,1500,1500,1500,1500,1500,1500,1500,1500,2012,1500,1541,1500,2012,1500,1506,1504,1500,1520,1505,1500,2012,8.3
2025-07-05,18:45:41.950,-74,-75,10,3756,160,50,1,16,0,150,18,1276,-4,9,548,-5,205,515,0,-1,-1,-1,0x1020488010140014,1510,1505,1500,988,2012,1498,1504,1500,1500,1498,988,1500,1500,1500,1500,1500,1500,1500,1500,2012,1500,1541,1500,2012,1500,1507,1505,1500,1520,1505,1500,2012,8.3
2025-07-05,18:45:42.450,-73,-72,25,3757,160,50,1,16,0,150,18,1276,-2,11,548,-5,205,515,0,-1,-1,-1,0x1020488010140014,1512,1506,1500,988,2012,1499,1505,1500,1500,1499,988,1500,1500,1500,1500,1500,1500,1500,1500,2012,1500,1541,1500,2012,1500,1509,1506,1500,1520,1505,1500,2012,8.3
2025-07-05,18:45:42.950,-77,-70,25,3757,190,49,1,16,0,150,18,1276,-2,356,548,-6,205,516,0,-1,-1,-1,0x1020488010140014,1515,1669,1519,988,2012,1499,1681,1500,1500,1499,988,1500,1500,1500,1500,1500,1500,1500,1372,1628,1500,1541,1500,2012,1500,1739,1669,1500,1520,1505,1500,2012,8.3
2025-07-05,18:45:43.450,-71,-70,10,3757,8360,49,1,16,5840,150,18,1278,572,418,548,-6,205,516,0,-1,-1,-1,0x1020488014140055,1634,1697,1607,988,2012,1786,1713,1500,1500,1786,988,1500,1500,1500,1500,1500,1500,1500,1372,1628,1500,1541,1500,2012,1500,1772,1697,1500,1520,1505,1500,2012,8.3
2025-07-05,18:45:43.950,-74,-73,10,3740,13410,49,1,16,8246,150,18,1280,434,361,548,-6,205,516,0,-1,-1,-1,0x1020488014140055,1597,1671,1607,988,2012,1717,1684,1500,1500,1717,988,1500,1500,1500,1500,1500,1500,1500,1372,1628,1500,1541,1500,2012,1500,1742,1671,1500,1520,1505,1500,2012,8.3
2025-07-05,18:45:44.450,-79,-73,10,3738,1490,51,1,16,6604,150,18,1281,-2,14,548,-6,205,516,0,-1,-1,-1,0x1020488010140055,1515,1507,1607,988,2012,1499,1507,1500,1500,1499,988,1500,1500,1500,1500,1500,1500,1500,1029,2012,1500,1541,1500,2012,1500,1511,1507,1500,1520,1505,1500,2012,8.3
2025-07-05,18:45:44.950,-85,-76,10,3744,1490,55,1,16,6808,150,18,1281,-2,384,548,-5,205,516,0,-1,-1,-1,0x1020488010140055,1515,1675,1607,988,2012,1499,1696,1500,1500,1499,988,1500,1500,1500,1500,1500,1500,1500,1372,1628,1500,1541,1500,2012,1500,1754,1675,1500,1520,1505,1500,2012,8.3
2025-07-05,18:45:45.450,-75,-77,10,3751,1560,56,1,16,9316,150,18,1283,13,14,548,-6,205,516,0,-1,-1,-1,0x1020488010140015,1518,1507,1607,988,2012,1506,1507,1500,1500,1506,988,1500,1500,1500,1500,1500,1500,1500,1080,2012,1500,1541,1500,2012,1500,1511,1507,1500,1520,1505,1500,2012,8.3
2025-07-05,18:45:45.950,-75,-79,10,3749,6560,56,1,16,7922,150,18,1283,-562,439,547,-6,205,516,0,-1,-1,-1,0x1020488014140015,1404,1706,1607,988,2012,1219,1724,1500,1500,1219,988,1500,1500,1500,1500,1500,1500,1500,1372,1628,1500,1541,1500,2012,1500,1782,1706,1500,1520,1505,1500,2012,8.3
2025-07-05,18:45:46.450,-84,-79,10,3744,27630,56,1,16,10290,150,18,1285,-816,537,547,-6,205,516,0,-1,-1,-1,0x1020488014140015,1315,1746,1607,988,2012,1092,1774,1500,1500,1092,988,1500,1500,1500,1500,1500,1500,1500,1372,1628,1500,1541,1500,2012,1500,1829,1746,1500,1520,1505,1500,2012,8.3
2025-07-05,18:45:46.950,-91,-85,50,3727,15890,56,1,16,14560,150,18,1288,-695,424,548,-6,205,516,0,-1,-1,-1,0x1020488014140015,1363,1694,1607,988,2012,1153,1716,1500,1500,1153,988,1500,1500,1500,1500,1500,1500,1500,1372,1628,1500,1541,1500,2012,1500,1768,1688,1500,1520,1505,1500,2012,8.3
2025-07-05,18:45:47.450,-78,-71,10,3719,52710,56,1,16,12322,150,18,1291,-736,637,548,-6,205,515,0,-1,-1,-1,0x1020488014140015,1348,1789,1607,988,2012,1132,1825,1500,1500,1132,988,1500,1500,1500,1500,1500,1500,1500,1372,1628,1500,1541,1500,2012,1500,1889,1789,1500,1520,1505,1500,2012,8.3
2025-07-05,18:45:47.950,-64,-71,10,3712,26800,56,1,16,16008,150,18,1295,-257,845,548,-6,205,516,0,-1,-1,-1,0x1020488014140015,1464,1885,1607,988,2012,1372,1931,1500,1500,1372,988,1500,1500,1500,1500,1500,1500,1500,1372,1628,1500,1541,1500,2012,1500,1954,1885,1500,1520,1505,1500,2012,8.3
2025-07-05,18:45:48.450,-75,-69,10,3710,3120,56,1,16,16056,150,18,1298,-3,630,548,-6,205,516,0,-1,-1,-1,0x1020488010140015,1515,1782,1607,988,2012,1499,1821,1500,1500,1499,988,1500,1500,1500,1500,1500,1500,1500,1372,1628,1500,1541,1500,2012,1500,1870,1782,1500,1520,1505,1500,2012,8.3
2025-07-05,18:45:48.950,-79,-69,25,3718,12660,56,1,16,15530,150,18,1300,-2,11,548,-6,205,516,0,-1,-1,-1,0x1020488010140015,1515,1506,1607,988,2012,1499,1505,1500,1500,1499,988,1500,1500,1500,1500,1500,1500,1500,1270,1781,1500,1541,1500,2012,1500,1623,1506,1500,1520,1505,1500,2012,8.3
2025-07-05,18:45:49.450,-66,-58,10,3730,1470,56,1,16,13666,150,18,1301,-187,-337,548,-6,205,516,0,-1,-1,-1,0x10204880161C0015,1490,1347,1607,988,2012,1407,1332,1346,1500,1407,988,1500,1500,1500,1500,1500,1500,1336,1372,2012,1500,1541,1500,2012,1500,1393,1500,1500,1520,1505,1500,2012,8.3
2025-07-05,18:45:49.950,-67,-63,10,3740,1620,56,1,16,9286,150,18,1301,-216,6,548,-6,205,516,0,-1,-1,-1,0x1020488014140015,1476,1503,1607,988,2012,1392,1503,1500,1500,1392,988,1500,1500,1500,1500,1500,1500,1500,1372,2012,1500,1541,1500,2012,1500,1505,1503,1500,1520,1505,1500,2012,8.3
2025-07-05,18:45:50.450,-54,-58,10,3741,1580,56,1,16,9286,150,18,1301,-1024,-81,548,-6,205,516,0,-1,-1,-1,0x1020488016180015,1199,1456,1607,988,2012,988,1460,1456,1500,988,988,1500,1500,1500,1500,1500,1500,1464,1500,2012,1500,1541,1500,988,1500,1438,1500,1500,1520,1505,1500,2012,8.3
2025-07-05,18:45:50.950,-63,-65,10,3274,1650,56,1,16,9286,150,18,1301,186,12,548,-6,205,516,0,-1,-1,-1,0x1020488014140415,1552,1506,1607,988,2012,1593,1506,1500,1500,1593,988,1500,1500,1500,1500,1500,1500,1500,1500,2012,1500,1541,1500,2012,1500,1509,1506,1500,1520,1505,1500,2012,8.3
2025-07-05,18:45:51.450,-62,-67,10,3275,1480,56,1,16,9286,150,18,1301,58,13,548,-6,205,516,0,-1,-1,-1,0x1020488014140015,1528,1507,1607,988,2012,1529,1506,1500,1500,1529,988,1500,1500,1500,1500,1500,1500,1500,1500,2012,1500,1541,1500,2012,1500,1510,1507,1500,1520,1505,1500,2012,8.3
2025-07-05,18:45:51.930,-62,-67,10,3746,1450,57,1,16,0,1,18,1301,66,12,548,-5,204,515,0,-1,-1,-1,0x1020480014140015,1529,1506,1605,988,2012,1533,1506,1500,1500,1532,988,1500,1500,1500,1500,1500,1500,1500,1500,2012,1500,1541,1500,2012,1500,1509,1506,1500,1520,1505,1500,2012,8.3
2025-07-05,18:45:52.430,-61,-69,10,3747,290,57,1,16,0,1,18,1301,-3,13,548,-6,205,516,0,-1,-1,-1,0x1020480010140014,1515,1507,1500,988,2012,1499,1506,1500,1500,1499,988,1500,1500,1500,1500,1500,1500,1500,1500,2012,1500,1541,1500,2012,1500,1510,1507,1500,1520,1505,1500,2012,8.3
2025-07-05,18:45:52.930,-63,-69,10,3748,240,55,1,16,0,1,18,1301,-3,12,548,-6,205,516,0,-1,-1,-1,0x1020480010140014,1515,1506,1500,988,2012,1499,1506,1500,1500,1499,988,1500,1500,1500,1500,1500,1500,1500,1500,2012,1500,1541,1500,2012,1500,1509,1506,1500,1520,1505,1500,2012,8.3
2025-07-05,18:45:53.430,-63,-69,10,3750,350,51,1,16,0,1,18,1301,-4,12,548,-5,205,515,0,-1,-1,-1,0x1020480010140014,1513,1506,1500,988,2012,1498,1506,1500,1500,1498,988,1500,1500,1500,1500,1500,1500,1500,1500,2012,1500,1541,1500,2012,1500,1509,1506,1500,1520,1505,1500,2012,8.3
2025-07-05,18:45:53.930,-63,-69,10,3750,390,50,1,16,0,1,18,1301,-5,13,548,-5,205,515,0,-1,-1,-1,0x1020480010140014,1512,1507,1500,988,2012,1498,1506,1500,1500,1498,988,1500,1500,1500,1500,1500,1500,1500,1500,2012,1500,1541,1500,2012,1500,1510,1507,1500,1520,1505,1500,2012,8.3
2025-07-05,18:45:54.430,-62,-69,10,3751,330,50,1,16,0,38,18,1301,-4,13,548,-6,205,516,0,-1,-1,-1,0x1020480010140014,1512,1507,1500,988,2012,1498,1506,1500,1500,1498,988,1500,1500,1500,1500,1500,1500,1500,1500,2012,1500,1541,1500,2012,1500,1510,1507,1500,1520,1505,1500,2012,8.3
2025-07-05,18:45:54.930,-62,-71,10,3751,290,50,1,16,0,150,18,1301,241,294,548,-6,205,516,0,-1,-1,-1,0x1020480014140014,1544,1640,1515,988,2012,1620,1650,1500,1500,1620,988,1500,1500,1500,1500,1500,1500,1500,1372,1628,1500,1541,1500,2012,1500,1704,1640,1500,1520,1505,1500,2012,8.3
2025-07-05,18:45:55.430,-64,-65,10,3751,32400,50,1,16,3206,150,18,1302,1024,406,547,-6,205,516,0,-1,-1,-1,0x1020480014140055,1768,1692,1607,988,2012,2012,1707,1500,1500,2012,988,1500,1500,1500,1500,1500,1500,1500,1372,1628,1500,1541,1500,2012,1500,1766,1692,1500,1520,1505,1500,2012,8.3
2025-07-05,18:45:55.930,-71,-76,10,3732,13410,50,1,16,9206,150,18,1305,-271,66,548,-6,205,516,0,-1,-1,-1,0x1020488014140055,1470,1526,1607,988,2012,1365,1533,1500,1500,1365,988,1500,1500,1500,1500,1500,1500,1500,1168,1883,1500,1541,1500,2012,1500,1551,1526,1500,1520,1505,1500,2012,8.3
2025-07-05,18:45:56.430,-81,-59,10,4046,5110,53,1,16,9180,150,18,1306,-295,434,548,-6,205,516,0,-1,-1,-1,0x1020488014140055,1450,1704,1607,988,2012,1353,1721,1500,1500,1353,988,1500,1500,1500,1500,1500,1500,1500,1372,1628,1500,1541,1500,2012,1500,1780,1704,1500,1520,1505,1500,2012,8.3
2025-07-05,18:45:56.930,-73,-69,10,4049,24230,56,1,16,9934,150,18,1309,-2,551,548,-6,205,516,0,-1,-1,-1,0x1020488010140055,1512,1751,1607,988,2012,1499,1781,1500,1500,1499,988,1500,1500,1500,1500,1500,1500,1500,1372,1628,1500,1541,1500,2012,1500,1836,1757,1500,1520,1505,1500,2012,8.3
2025-07-05,18:45:57.430,-62,-67,25,3734,17110,57,1,16,16024,150,18,1310,0,633,548,-6,205,516,0,-1,-1,-1,0x1020488010140015,1512,1783,1607,988,2012,1500,1823,1500,1500,1500,988,1500,1500,1500,1500,1500,1500,1500,1372,1628,1500,1541,1500,2012,1500,1871,1778,1500,1520,1505,1500,2012,8.3
2025-07-05,18:45:57.930,-67,-68,10,3727,42160,58,1,16,14684,150,18,1313,-82,190,548,-6,205,516,0,-1,-1,-1,0x1020488014140015,1500,1605,1607,988,2012,1459,1597,1500,1500,1459,988,1500,1500,1500,1500,1500,1500,1500,1372,1628,1500,1541,1500,2012,1500,1870,1605,1500,1520,1505,1500,2012,8.3
2025-07-05,18:45:58.430,-78,-73,10,3727,7080,57,1,16,20086,150,18,1316,-234,12,548,-6,205,516,0,-1,-1,-1,0x1020488014140015,1474,1506,1607,988,2012,1383,1506,1500,1500,1383,988,1500,1500,1500,1500,1500,1500,1500,1168,1883,1500,1541,1500,2012,1500,1608,1506,1500,1520,1505,1500,2012,8.3
2025-07-05,18:45:58.930,-77,-78,10,3736,2820,56,1,16,11128,150,18,1316,-7,13,548,-6,205,516,0,-1,-1,-1,0x1020488010140015,1511,1507,1607,988,2012,1497,1506,1500,1500,1497,988,1500,1500,1500,1500,1500,1500,1500,1270,1781,1500,1541,1500,2012,1500,1510,1507,1500,1520,1505,1500,2012,8.3
2025-07-05,18:45:59.430,-70,-71,10,3741,1790,57,1,16,6446,112,18,1317,1024,10,548,-6,205,516,0,-1,-1,-1,0x1020488014140415,1768,1505,1607,988,2012,2012,1505,1500,1500,2012,988,1500,1500,1500,1500,1500,1500,1500,1372,2012,1500,1541,1500,2012,1500,1508,1505,1500,1520,1505,1500,2012,8.3
2025-07-05,18:45:59.930,-67,-71,10,3735,31450,58,1,16,11448,1,18,1317,998,555,547,-6,205,516,0,-1,-1,-1,0x1020480014140015,1755,1753,1607,988,2012,1999,1783,1500,1500,1999,988,1500,1500,1500,1500,1500,1500,1500,1372,1628,1500,1541,1500,2012,1500,1838,1753,1500,1520,1505,1500,2012,8.3
2025-07-05,18:46:00.430,-74,-78,10,3697,36820,58,1,16,14946,1,18,1317,949,664,548,-6,205,516,0,-1,-1,-1,0x1020480014140015,1742,1795,1607,988,2012,1974,1838,1500,1500,1974,988,1500,1500,1500,1500,1500,1500,1500,1372,1628,1500,1541,1500,2012,1500,1884,1795,1500,1520,1505,1500,2012,8.3
2025-07-05,18:46:00.930,-76,-75,10,3684,20690,58,1,16,20158,1,18,1317,45,887,547,-6,205,516,0,-1,-1,-1,0x1020480010140015,1521,1900,1607,988,2012,1522,1952,1500,1500,1522,988,1500,1500,1500,1500,1500,1500,1500,1372,1628,1500,1541,1500,2012,1500,1970,1900,1500,1520,1505,1500,2012,8.3
2025-07-05,18:46:01.430,-86,-69,10,3690,6190,58,1,16,13144,1,18,1317,-2,441,547,-6,205,516,0,-1,-1,-1,0x1020480010140015,1512,1712,1607,988,2012,1499,1725,1500,1500,1499,988,1500,1500,1500,1500,1500,1500,1500,1372,1628,1500,1541,1500,2012,1500,1783,1712,1500,1520,1505,1500,2012,8.3
2025-07-05,18:46:01.930,-67,-66,10,3721,1970,58,1,16,5732,1,18,1317,-977,11,548,-6,205,516,0,-1,-1,-1,0x1020480014140415,1236,1506,1607,988,2012,1012,1505,1500,1500,1012,988,1500,1500,1500,1500,1500,1500,1500,1296,2012,1500,1541,1500,2012,1500,1509,1506,1500,1520,1505,1500,2012,8.3
2025-07-05,18:46:02.430,-68,-77,10,3734,2380,58,1,16,5514,75,18,1333,-549,419,547,-6,205,516,0,-1,-1,-1,0x1020480014140015,1400,1698,1607,988,2012,1226,1713,1500,1500,1217,988,1500,1500,1500,1500,1500,1500,1500,1372,1628,1500,1541,1500,2012,1500,1773,1693,1500,1520,1505,1500,2012,8.3
2025-07-05,18:46:02.930,-78,-80,10,3735,47400,58,1,16,14396,150,18,1336,-987,654,548,-6,205,516,0,-1,-1,-1,0x1020480014140015,1210,1792,1607,988,2012,1013,1833,1500,1500,1007,988,1500,1500,1500,1500,1500,1500,1500,1372,1628,1500,1541,1500,2012,1500,1880,1792,1500,1520,1505,1500,2012,8.3
2025-07-05,18:46:03.430,-78,-77,10,3697,0,58,1,16,8576,150,18,1339,586,9,548,-6,205,516,0,-1,-1,-1,0x1020480014140015,1639,1504,1607,988,2012,1793,1504,1500,1500,1793,988,1500,1500,1500,1500,1500,1500,1500,1111,2012,1500,1541,1500,2012,1500,1507,1504,1500,1520,1505,1500,2012,8.3
2025-07-05,18:46:03.930,-66,-74,50,3724,19870,59,1,16,7968,150,18,1340,1024,453,547,-6,205,516,0,-1,-1,-1,0x1020488014140015,1768,1712,1607,988,2012,2012,1731,1500,1500,2012,988,1500,1500,1500,1500,1500,1500,1500,1372,1628,1500,1541,1500,2012,1500,1790,1712,1500,1520,1505,1500,2012,8.3
2025-07-05,18:46:04.430,-76,-79,10,4048,32130,59,1,16,12674,150,18,1343,694,679,548,-6,205,516,0,-1,-1,-1,0x1020488014140015,1661,1801,1607,988,2012,1847,1846,1500,1500,1846,988,1500,1500,1500,1500,1500,1500,1500,1372,1628,1500,1541,1500,2012,1500,1890,1806,1500,1520,1505,1500,2012,8.3
2025-07-05,18:46:04.930,-75,-75,10,3698,1660,58,1,16,11822,150,18,1348,254,10,548,-6,205,516,0,-1,-1,-1,0x1020488014140015,1566,1505,1607,988,2012,1627,1505,1500,1500,1627,988,1500,1500,1500,1500,1500,1500,1500,988,2012,1500,1541,1500,2012,1500,1508,1505,1500,1520,1505,1500,2012,8.3
2025-07-05,18:46:05.430,-70,-70,100,3708,4110,58,1,16,11478,150,18,1348,652,405,548,-6,205,516,0,-1,-1,-1,0x1020488014140015,1648,1691,1607,988,2012,1826,1706,1500,1500,1820,988,1500,1500,1500,1500,1500,1500,1500,1372,1628,1500,1541,1500,2012,1500,1765,1691,1500,1520,1505,1500,2012,8.3
2025-07-05,18:46:05.930,-76,-72,10,3727,25650,58,1,16,12652,150,18,1350,256,426,548,-6,205,516,0,-1,-1,-1,0x1020488014140015,1583,1706,1607,988,2012,1628,1717,1500,1500,1628,988,1500,1500,1500,1500,1500,1500,1500,1372,1628,1500,1541,1500,2012,1500,1797,1706,1500,1520,1505,1500,2012,8.3
2025-07-05,18:46:06.430,-74,-80,10,3721,24000,57,1,16,10580,150,18,1351,-489,517,548,-6,205,516,0,-1,-1,-1,0x1020488014140015,1416,1738,1607,988,2012,1256,1763,1500,1500,1247,988,1500,1500,1500,1500,1500,1500,1500,1372,1628,1500,1541,1500,2012,1500,1822,1745,1500,1520,1505,1500,2012,8.3
2025-07-05,18:46:06.930,-68,-80,10,3712,55830,57,1,16,15010,150,18,1354,-600,812,547,-6,205,516,0,-1,-1,-1,0x1020488014140015,1386,1862,1607,988,2012,1200,1914,1500,1500,1192,988,1500,1500,1500,1500,1500,1500,1500,1372,1628,1500,1541,1500,2012,1500,1942,1856,1500,1520,1505,1500,2012,8.3
2025-07-05,18:46:07.430,-72,-74,10,3693,87560,57,1,16,20632,150,18,1360,-299,900,548,-6,205,516,0,-1,-1,-1,0x1020488014140015,1463,1906,1607,988,2012,1351,1959,1500,1500,1351,988,1500,1500,1500,1500,1500,1500,1500,1372,1628,1500,1541,1500,2012,1500,1974,1906,1500,1520,1505,1500,2012,8.3
2025-07-05,18:46:07.930,-62,-67,10,3671,103760,58,1,16,19872,150,18,1365,91,982,547,-6,205,515,0,-1,-1,-1,0x1020488014142015,1531,1988,1607,988,2012,1545,2001,1500,1500,1545,988,1500,1500,1500,1500,1500,1500,1500,1372,1628,1500,1541,1500,2012,1500,2003,1987,1500,1520,1505,1500,2012,8.3
2025-07-05,18:46:08.430,-60,-67,10,3652,81620,58,1,16,22830,150,18,1377,863,1006,547,-6,205,516,0,-1,-1,-1,0x1020488014142015,1711,2012,1607,988,2012,1931,2012,1500,1500,1931,988,1500,1500,1500,1500,1500,1500,1500,1372,1628,1500,1541,1500,2012,1500,2012,2012,1500,1520,1505,1500,2012,8.3
2025-07-05,18:46:08.930,-68,-84,10,3478,5250,60,1,16,25302,1,18,1377,-192,10,548,-6,205,516,0,-1,-1,-1,0x1020480014140015,1481,1505,1607,988,2012,1404,1505,1500,1500,1405,988,1500,1500,1500,1500,1500,1500,1500,1065,1935,1500,1541,1500,2012,1500,1771,1505,1500,1520,1505,1500,2012,8.3
2025-07-05,18:46:09.430,-66,-70,10,3665,3590,60,1,16,19788,1,18,1377,-332,249,547,-6,205,516,0,-1,-1,-1,0x1020480014140015,1457,1620,1607,988,2012,1334,1627,1500,1500,1334,988,1500,1500,1500,1500,1500,1500,1500,1372,1628,1500,1541,1500,2012,1500,1676,1620,1500,1520,1505,1500,2012,8.3
2025-07-05,18:46:09.930,-71,-68,10,3703,0,59,1,16,14176,1,18,1377,166,-1012,548,-6,205,516,0,-1,-1,-1,0x1020480016140015,1543,1069,1607,989,2012,1583,994,1500,1065,1574,988,1500,1500,1500,1500,1500,1500,1065,1131,2012,1500,1541,1500,2012,1500,1084,1500,1500,1520,1505,1500,2012,8.3
2025-07-05,18:46:10.430,-66,-70,10,3710,900,60,1,16,7202,1,18,1377,1024,62,548,-6,205,516,0,-1,-1,-1,0x1020480014140055,1768,1535,1605,988,2012,2012,1531,1500,1500,2012,988,1500,1500,1500,1500,1500,1500,1500,1372,1628,1500,1541,1500,2012,1500,1548,1534,1500,1520,1505,1500,2012,8.3
2025-07-05,18:46:10.930,-70,-69,10,3712,3550,60,1,16,5890,1,18,1377,712,564,548,-6,205,516,0,-1,-1,-1,0x1020480014140055,1669,1757,1607,988,2012,1856,1787,1500,1500,1856,988,1500,1500,1500,1500,1500,1500,1500,1372,1628,1500,1541,1500,2012,1500,1842,1757,1500,1520,1505,1500,2012,8.3
2025-07-05,18:46:11.430,-73,-76,10,3698,14510,59,1,16,14266,1,18,1377,588,546,548,-5,205,516,0,-1,-1,-1,0x1020480014140015,1636,1749,1607,988,2012,1794,1778,1500,1500,1794,988,1500,1500,1500,1500,1500,1500,1500,1372,1628,1500,1541,1500,2012,1500,1833,1749,1500,1520,1505,1500,2012,8.3
2025-07-05,18:46:11.930,-63,-82,50,3692,17370,59,1,16,9580,1,18,1377,793,340,548,-6,205,516,0,-1,-1,-1,0x1020480014140015,1689,1667,1607,988,2012,1896,1673,1500,1500,1896,988,1500,1500,1500,1500,1500,1500,1500,1372,1628,1500,1541,1500,2012,1500,1746,1674,1500,1520,1505,1500,2012,8.3
2025-07-05,18:46:12.430,-80,-77,10,3699,13030,58,1,16,7630,1,18,1377,915,462,548,-6,205,516,0,-1,-1,-1,0x1020480014140015,1726,1715,1607,988,2012,1957,1735,1500,1500,1957,988,1500,1500,1500,1500,1500,1500,1500,1372,1628,1500,1541,1500,2012,1500,1794,1715,1500,1520,1505,1500,2012,8.3
2025-07-05,18:46:12.930,-80,-68,10,3699,26320,58,1,16,13016,1,18,1377,-139,576,548,-6,205,516,0,-1,-1,-1,0x1020480014140015,1490,1761,1607,988,2012,1431,1793,1500,1500,1431,988,1500,1500,1500,1500,1500,1500,1500,1372,1628,1500,1541,1500,2012,1500,1847,1757,1500,1520,1505,1500,2012,8.3
2025-07-05,18:46:13.430,-75,-67,10,3688,1800,59,1,16,10384,1,18,1377,-865,73,548,-5,205,516,0,-1,-1,-1,0x1020480014140015,1292,1541,1607,988,2012,1068,1537,1500,1500,1068,988,1500,1500,1500,1500,1500,1500,1500,1243,2012,1500,1541,1500,2012,1500,1546,1533,1500,1520,1505,1500,2012,8.3
2025-07-05,18:46:13.930,-73,-67,25,3706,31860,59,1,16,10334,1,18,1377,-829,660,548,-6,205,516,0,-1,-1,-1,0x1020480014140015,1309,1794,1607,988,2012,1093,1836,1500,1500,1086,988,1500,1500,1500,1500,1500,1500,1500,1372,1628,1500,1541,1500,2012,1500,1883,1794,1500,1520,1505,1500,2012,8.3
2025-07-05,18:46:14.430,-71,-69,10,3684,37750,59,1,16,18928,75,18,1395,319,125,548,-6,205,516,0,-1,-1,-1,0x1020480014140015,1581,1574,1607,988,2012,1659,1563,1500,1500,1659,988,1500,1500,1500,1500,1500,1500,1500,1372,1628,1500,1541,1500,2012,1500,1835,1583,1500,1520,1505,1500,2012,8.3
2025-07-05,18:46:14.930,-78,-76,10,3662,4040,59,1,16,15482,150,18,1397,4,177,548,-6,205,516,0,-1,-1,-1,0x1020480010140015,1513,1592,1607,988,2012,1502,1590,1500,1500,1502,988,1500,1500,1500,1500,1500,1500,1500,1372,1628,1500,1541,1500,2012,1500,1637,1597,1500,1520,1505,1500,2012,8.3
2025-07-05,18:46:15.430,-69,-66,10,3708,2310,59,1,16,4346,150,18,1397,-1004,13,548,-6,205,516,0,-1,-1,-1,0x1020488014140415,1211,1507,1607,988,2012,998,1506,1500,1500,999,988,1500,1500,1500,1500,1500,1500,1500,1336,2012,1500,1541,1500,2012,1500,1510,1507,1500,1520,1505,1500,2012,8.3
2025-07-05,18:46:15.930,-84,-71,10,3718,32510,59,1,16,11058,150,18,1398,-1024,648,548,-6,205,516,0,-1,-1,-1,0x1020488014140015,1199,1789,1607,988,2012,988,1830,1500,1500,988,988,1500,1500,1500,1500,1500,1500,1500,1372,1628,1500,1541,1500,2012,1500,1877,1785,1500,1520,1505,1500,2012,8.3
2025-07-05,18:46:16.430,-79,-81,10,4356,20410,59,1,16,15952,150,18,1404,-1024,615,548,-6,205,516,0,-1,-1,-1,0x1020488014140015,1199,1777,1607,988,2012,988,1813,1500,1500,988,988,1500,1500,1500,1500,1500,1500,1500,1372,1628,1500,1541,1500,2012,1500,1864,1772,1500,1520,1505,1500,2012,8.3
2025-07-05,18:46:16.930,-81,-83,10,3666,65740,59,1,16,18404,150,18,1409,-523,988,547,-6,205,516,0,-1,-1,-1,0x1020488014142015,1412,1994,1607,988,2012,1239,2004,1500,1500,1239,988,1500,1500,1500,1500,1500,1500,1500,1372,1628,1500,1541,1500,2012,1500,2006,1994,1500,1520,1505,1500,2012,8.3
2025-07-05,18:46:17.430,-73,-78,25,3667,2250,59,1,16,13436,150,18,1414,-54,8,548,-6,205,516,0,-1,-1,-1,0x1020488014140015,1504,1504,1607,988,2012,1473,1504,1500,1500,1473,988,1500,1500,1500,1500,1500,1500,1500,1117,1883,1500,1541,1500,2012,1500,1623,1504,1500,1520,1505,1500,2012,8.3
2025-07-05,18:46:17.930,-60,-68,10,3694,1790,59,1,16,11582,150,18,1414,2,10,548,-6,205,516,0,-1,-1,-1,0x1020488010140015,1513,1505,1607,988,2012,1501,1505,1500,1500,1501,988,1500,1500,1500,1500,1500,1500,1500,1117,1883,1500,1541,1500,2012,1500,1508,1505,1500,1520,1505,1500,2012,8.3
2025-07-05,18:46:18.430,-69,-67,10,3714,1490,59,1,16,8070,150,18,1414,4,8,548,-6,205,516,0,-1,-1,-1,0x1020488010140015,1513,1504,1607,988,2012,1502,1504,1500,1500,1502,988,1500,1500,1500,1500,1500,1500,1500,1372,2012,1500,1541,1500,2012,1500,1506,1504,1500,1520,1505,1500,2012,8.3
2025-07-05,18:46:18.930,-57,-64,10,3717,0,59,1,16,7908,150,18,1415,1024,0,548,-6,205,516,0,-1,-1,-1,0x1020488014140055,1768,1500,1607,988,2012,2012,1500,1500,1500,2012,988,1500,1500,1500,1500,1500,1500,1500,1101,2012,1500,1541,1500,988,1500,1500,1500,1500,1520,1505,1500,2012,8.3
2025-07-05,18:46:19.430,-62,-72,10,3718,23140,59,1,16,9412,150,18,1415,1024,474,548,-6,205,516,0,-1,-1,-1,0x1020488014140055,1768,1720,1607,988,2012,2012,1741,1500,1500,2012,988,1500,1500,1500,1500,1500,1500,1500,1372,1628,1500,1541,1500,2012,1500,1800,1720,1500,1520,1505,1500,2012,8.3
2025-07-05,18:46:19.930,-69,-73,10,3697,26650,61,1,16,14184,150,18,1419,815,772,548,-6,205,516,0,-1,-1,-1,0x1020488014140015,1696,1841,1607,988,2012,1907,1893,1500,1500,1907,988,1500,1500,1500,1500,1500,1500,1500,1372,1628,1500,1541,1500,2012,1500,1927,1841,1500,1520,1505,1500,2012,8.3
2025-07-05,18:46:20.430,-60,-59,10,3679,59920,61,1,16,18816,150,18,1424,667,868,548,-6,205,516,0,-1,-1,-1,0x1020488014140015,1655,1891,1607,988,2012,1833,1942,1500,1500,1834,988,1500,1500,1500,1500,1500,1500,1500,1372,1628,1500,1541,1500,2012,1500,1963,1891,1500,1520,1505,1500,2012,8.3
2025-07-05,18:46:20.930,-60,-58,10,3653,37910,62,1,16,26418,150,19,1433,0,1005,547,-6,205,516,0,-1,-1,-1,0x1020488010142015,1512,2012,1607,988,2012,1500,2012,1500,1500,1500,988,1500,1500,1500,1500,1500,1500,1500,1372,1628,1500,1541,1500,2012,1500,2012,2012,1500,1520,1505,1500,2012,8.3
2025-07-05,18:46:21.430,-67,-63,10,3619,63410,61,1,16,26422,150,19,1442,-2,993,547,-6,205,516,0,-1,-1,-1,0x1020488010142015,1512,2009,1607,988,2012,1499,2006,1500,1500,1499,988,1500,1500,1500,1500,1500,1500,1500,1372,1628,1500,1541,1500,2012,1500,2008,2009,1500,1520,1505,1500,2012,8.3
2025-07-05,18:46:21.930,-74,-73,10,4662,1720,60,1,16,23632,150,19,1446,563,418,548,-6,205,516,0,-1,-1,-1,0x1020488014140015,1630,1691,1607,988,2012,1781,1713,1500,1500,1781,988,1500,1500,1500,1500,1500,1500,1500,1372,1628,1500,1541,1500,2012,1500,1764,1690,1500,1520,1505,1500,2012,8.3
2025-07-05,18:46:22.430,-77,-66,10,3697,12600,60,1,16,21672,150,19,1447,854,386,547,-6,205,516,0,-1,-1,-1,0x1020488014140015,1709,1683,1607,988,2012,1927,1697,1500,1500,1927,988,1500,1500,1500,1500,1500,1500,1500,1372,1628,1500,1541,1500,2012,1500,1755,1683,1500,1520,1505,1500,2012,8.3
2025-07-05,18:46:22.930,-57,-69,250,3697,13790,60,1,16,19456,150,19,1448,888,639,548,-6,204,515,0,-1,-1,-1,0x1020488014140015,1718,1786,1607,988,2012,1944,1826,1500,1500,1944,988,1500,1500,1500,1500,1500,1500,1500,1372,1628,1500,1541,1500,2012,1500,1874,1785,1500,1520,1505,1500,2012,8.3
2025-07-05,18:46:23.430,-74,-74,10,3694,14910,60,1,16,18104,150,19,1450,535,591,547,-6,205,516,0,-1,-1,-1,0x1020488014140015,1624,1767,1607,988,2012,1767,1801,1500,1500,1767,988,1500,1500,1500,1500,1500,1500,1500,1372,1628,1500,1541,1500,2012,1500,1853,1763,1500,1520,1505,1500,2012,8.3
2025-07-05,18:46:23.930,-73,-72,10,3692,1480,61,1,16,15618,150,19,1452,35,-390,548,-6,205,516,0,-1,-1,-1,0x10204880121C0015,1520,1328,1607,988,2012,1517,1305,1326,1500,1518,988,1500,1500,1500,1500,1500,1500,1326,988,2012,1500,1541,1500,2012,1500,1388,1500,1500,1520,1505,1500,2012,8.3
2025-07-05,18:46:24.430,-70,-80,10,3698,14540,61,1,16,8192,150,19,1452,98,433,548,-6,205,516,0,-1,-1,-1,0x1020488014140015,1530,1704,1607,988,2012,1549,1721,1500,1500,1543,988,1500,1500,1500,1500,1500,1500,1500,1372,1628,1500,1541,1500,2012,1500,1782,1710,1500,1520,1505,1500,2012,8.3
2025-07-05,18:46:24.930,-71,-86,10,3715,19430,62,1,16,10366,150,19,1453,932,301,548,-6,205,516,0,-1,-1,-1,0x1020488014140015,1732,1644,1607,988,2012,1966,1653,1500,1500,1966,988,1500,1500,1500,1500,1500,1500,1500,1372,1628,1500,1541,1500,2012,1500,1709,1650,1500,1520,1505,1500,2012,8.3
2025-07-05,18:46:25.430,-82,-77,10,3706,29400,61,1,16,11304,150,19,1455,809,518,548,-6,205,516,0,-1,-1,-1,0x1020488014140015,1694,1738,1607,988,2012,1904,1764,1500,1500,1904,988,1500,1500,1500,1500,1500,1500,1500,1372,1628,1500,1541,1500,2012,1500,1821,1738,1500,1520,1505,1500,2012,8.3
2025-07-05,18:46:25.930,-76,-80,10,3692,28370,61,1,16,12704,150,19,1458,-18,776,547,-6,205,516,0,-1,-1,-1,0x1020488010140015,1509,1844,1607,988,2012,1491,1895,1500,1500,1491,988,1500,1500,1500,1500,1500,1500,1500,1372,1628,1500,1541,1500,2012,1500,1929,1844,1500,1520,1505,1500,2012,8.3
2025-07-05,18:46:26.430,-73,-74,10,3691,11560,60,1,16,11964,150,19,1460,3,48,548,-5,205,516,0,-1,-1,-1,0x1020488010140015,1513,1535,1607,988,2012,1501,1524,1500,1500,1501,988,1500,1500,1500,1500,1500,1500,1500,1372,1628,1500,1541,1500,2012,1500,1638,1543,1500,1520,1505,1500,2012,8.3
2025-07-05,18:46:26.930,-74,-73,10,4351,1470,61,1,16,10616,150,19,1460,0,-713,548,-6,205,516,0,-1,-1,-1,0x10204880121C0015,1512,1155,1607,988,2012,1500,1144,1152,1500,1500,988,1500,1500,1500,1500,1500,1500,1152,1347,2012,1500,1541,1500,2012,1500,1257,1500,1500,1520,1505,1500,2012,8.3
2025-07-05,18:46:27.430,-77,-74,10,4038,0,61,1,16,5676,150,19,1460,483,96,548,-6,205,516,0,-1,-1,-1,0x1020488014140415,1613,1552,1607,988,2012,1741,1549,1500,1500,1741,988,1500,1500,1500,1500,1500,1500,1500,1372,1628,1500,1541,1500,2012,1500,1573,1552,1500,1520,1505,1500,2012,8.3
2025-07-05,18:46:27.930,-82,-74,50,3722,1950,60,1,16,4244,150,19,1460,1024,-280,548,-6,205,516,0,-1,-1,-1,0x10204880161C0015,1768,1359,1607,988,2012,2012,1360,1357,1500,2012,988,1500,1500,1500,1500,1500,1500,1357,1183,2012,1500,1541,1500,2012,1500,1307,1500,1500,1520,1505,1500,2012,8.3
2025-07-05,18:46:28.430,-82,-78,10,3722,17900,61,1,16,11164,150,19,1463,1024,534,548,-6,205,516,0,-1,-1,-1,0x1020488014140015,1768,1744,1607,988,2012,2012,1772,1500,1500,2012,988,1500,1500,1500,1500,1500,1500,1500,1372,1628,1500,1541,1500,2012,1500,1828,1738,1500,1520,1505,1500,2012,8.3
2025-07-05,18:46:28.930,-76,-76,10,3699,15840,61,1,16,9740,150,19,1466,1024,558,547,-6,205,516,0,-1,-1,-1,0x1020488014140055,1768,1755,1607,988,2012,2012,1784,1500,1500,2012,988,1500,1500,1500,1500,1500,1500,1500,1372,1628,1500,1541,1500,2012,1500,1839,1754,1500,1520,1505,1500,2012,8.3
2025-07-05,18:46:29.430,-87,-76,10,3691,15430,61,1,16,12948,150,20,1468,873,441,548,-6,205,516,0,-1,-1,-1,0x1020488014140055,1719,1707,1607,988,2012,1936,1725,1500,1500,1946,988,1500,1500,1500,1500,1500,1500,1500,1372,1628,1500,1541,1500,2012,1500,1784,1707,1500,1520,1505,1500,2012,8.3
2025-07-05,18:46:29.930,-80,-83,10,3697,10450,61,1,16,15350,150,20,1473,-220,450,547,-6,205,516,0,-1,-1,-1,0x1020488014140015,1476,1710,1607,988,2012,1390,1729,1500,1500,1390,988,1500,1500,1500,1500,1500,1500,1500,1372,1628,1500,1541,1500,2012,1500,1788,1706,1500,1520,1505,1500,2012,8.3
2025-07-05,18:46:30.430,-71,-72,10,3699,3880,61,1,16,10394,150,20,1474,-870,195,548,-6,205,516,0,-1,-1,-1,0x1020488014140015,1290,1596,1607,988,2012,1065,1599,1500,1500,1066,988,1500,1500,1500,1500,1500,1500,1500,1372,1628,1500,1541,1500,2012,1500,1642,1596,1500,1520,1505,1500,2012,8.3
2025-07-05,18:46:30.930,-93,-83,10,3711,8250,61,1,16,4894,150,20,1475,408,662,547,-6,205,516,0,-1,-1,-1,0x1020488014140015,1596,1795,1607,988,2012,1704,1837,1500,1500,1697,988,1500,1500,1500,1500,1500,1500,1500,1372,1628,1500,1541,1500,2012,1500,1884,1790,1500,1520,1505,1500,2012,8.3
2025-07-05,18:46:31.430,-77,-80,10,3706,43590,60,1,16,17068,150,20,1482,8,836,547,-6,205,516,0,-1,-1,-1,0x1020488010140015,1514,1874,1607,988,2012,1504,1926,1500,1500,1504,988,1500,1500,1500,1500,1500,1500,1500,1372,1628,1500,1541,1500,2012,1500,1951,1874,1500,1520,1505,1500,2012,8.3
2025-07-05,18:46:31.930,-86,-76,10,3645,16050,60,1,16,13552,150,20,1487,-524,224,548,-6,205,516,0,-1,-1,-1,0x1020488014140015,1412,1601,1607,988,2012,1238,1614,1500,1500,1239,988,1500,1500,1500,1500,1500,1500,1500,1372,1628,1500,1541,1500,2012,1500,1650,1592,1500,1520,1505,1500,2012,8.3
2025-07-05,18:46:32.430,-77,-75,10,4342,21630,60,1,16,13360,150,20,1489,-788,742,548,-6,205,516,0,-1,-1,-1,0x1020488014140015,1325,1821,1607,988,2012,1106,1878,1500,1500,1106,988,1500,1500,1500,1500,1500,1500,1500,1372,1628,1500,1541,1500,2012,1500,1911,1821,1500,1520,1505,1500,2012,8.3
2025-07-05,18:46:32.930,-71,-79,10,3688,24700,60,1,16,14220,150,20,1492,-740,650,548,-6,205,516,0,-1,-1,-1,0x1020488014140015,1340,1794,1607,988,2012,1130,1831,1500,1500,1124,988,1500,1500,1500,1500,1500,1500,1500,1372,1628,1500,1541,1500,2012,1500,1883,1794,1500,1520,1505,1500,2012,8.3
2025-07-05,18:46:33.430,-74,-74,10,3681,22200,60,1,16,15662,150,20,1496,-21,379,548,-6,205,516,0,-1,-1,-1,0x1020488010140015,1509,1675,1607,988,2012,1490,1693,1500,1500,1489,988,1500,1500,1500,1500,1500,1500,1500,1372,1628,1500,1541,1500,2012,1500,1746,1664,1500,1520,1505,1500,2012,8.3
2025-07-05,18:46:33.930,-70,-78,10,3685,43280,60,1,16,14774,150,20,1497,1,488,548,-6,205,516,0,-1,-1,-1,0x1020488010140015,1512,1733,1607,988,2012,1500,1749,1500,1500,1500,988,1500,1500,1500,1500,1500,1500,1500,1372,1628,1500,1541,1500,2012,1500,1858,1739,1500,1520,1505,1500,2012,8.3
2025-07-05,18:46:34.430,-65,-65,10,3697,16850,60,1,16,17580,150,20,1499,-82,10,548,-6,205,516,0,-1,-1,-1,0x1020488014140015,1499,1505,1607,988,2012,1459,1505,1500,1500,1459,988,1500,1500,1500,1500,1500,1500,1500,1219,1781,1500,1541,1500,2012,1500,1727,1505,1500,1520,1505,1500,2012,8.3
2025-07-05,18:46:34.930,-58,-76,10,3709,800,60,1,16,0,150,20,1499,-399,13,548,-6,205,516,0,-1,-1,-1,0x1020488014140415,1444,1507,1607,988,2012,1301,1506,1500,1500,1306,988,1500,1500,1500,1500,1500,1500,1500,1372,2012,1500,1541,1500,2012,1500,1510,1507,1500,1520,1505,1500,2012,8.3
2025-07-05,18:46:35.430,-57,-64,10,3716,1920,60,1,16,5986,150,20,1499,-930,383,548,-6,205,516,0,-1,-1,-1,0x1020488014140455,1256,1681,1607,988,2012,1035,1695,1500,1500,1035,988,1500,1500,1500,1500,1500,1500,1500,1372,1628,1500,1541,1500,2012,1500,1754,1682,1500,1520,1505,1500,2012,8.3
2025-07-05,18:46:35.930,-56,-64,10,3715,10560,61,1,16,11168,150,20,1502,-1024,248,548,-6,205,516,0,-1,-1,-1,0x1020488014140055,1199,1619,1607,988,2012,988,1626,1500,1500,988,988,1500,1500,1500,1500,1500,1500,1500,1372,1628,1500,1541,1500,2012,1500,1676,1626,1500,1520,1505,1500,2012,8.3
2025-07-05,18:46:36.430,-69,-69,10,3702,47850,61,1,16,11664,150,20,1504,-1010,480,548,-6,205,516,0,-1,-1,-1,0x1020488014140015,1207,1728,1607,988,2012,995,1745,1500,1500,995,988,1500,1500,1500,1500,1500,1500,1500,1372,1628,1500,1541,1500,2012,1500,1816,1732,1500,1520,1505,1500,2012,8.3
2025-07-05,18:46:36.930,-68,-67,10,3687,30570,62,1,16,12206,150,20,1508,-377,593,547,-6,205,516,0,-1,-1,-1,0x1020488014140015,1448,1768,1607,988,2012,1312,1802,1500,1500,1312,988,1500,1500,1500,1500,1500,1500,1500,1372,1628,1500,1541,1500,2012,1500,1855,1768,1500,1520,1505,1500,2012,8.3
2025-07-05,18:46:37.430,-63,-66,10,4669,12410,63,1,16,15794,150,20,1510,-347,563,548,-6,205,516,0,-1,-1,-1,0x1020488014140015,1454,1757,1607,988,2012,1327,1787,1500,1500,1327,988,1500,1500,1500,1500,1500,1500,1500,1372,1628,1500,1541,1500,2012,1500,1841,1757,1500,1520,1505,1500,2012,8.3
2025-07-05,18:46:37.930,-66,-70,10,3695,15110,63,1,16,14446,150,20,1512,-349,506,548,-6,205,516,0,-1,-1,-1,0x1020488014140015,1454,1733,1607,988,2012,1326,1758,1500,1500,1326,988,1500,1500,1500,1500,1500,1500,1500,1372,1628,1500,1541,1500,2012,1500,1815,1733,1500,1520,1505,1500,2012,8.3
2025-07-05,18:46:38.430,-73,-76,10,3696,1500,63,1,16,12986,150,20,1514,-320,11,547,-6,205,516,0,-1,-1,-1,0x1020488014140015,1459,1506,1607,988,2012,1340,1505,1500,1500,1340,988,1500,1500,1500,1500,1500,1500,1500,988,2012,1500,1541,1500,2012,1500,1509,1506,1500,1520,1505,1500,2012,8.3
2025-07-05,18:46:38.930,-76,-71,10,3697,1980,63,1,16,10892,150,21,1515,692,-68,548,-6,205,516,0,-1,-1,-1,0x1020488016140015,1661,1462,1607,988,2012,1846,1466,1462,1500,1846,988,1500,1500,1500,1500,1500,1500,1462,1080,2012,1500,1541,1500,2012,1500,1448,1500,1500,1520,1505,1500,2012,8.3
2025-07-05,18:46:39.430,-55,-62,50,3713,1490,62,1,16,9454,150,21,1515,1024,108,548,-6,205,515,0,-1,-1,-1,0x1020488014140015,1768,1552,1607,988,2012,2012,1555,1500,1500,2012,988,1500,1500,1500,1500,1500,1500,1500,1372,1628,1500,1541,1500,2012,1500,1573,1552,1500,1520,1505,1500,2012,8.3
2025-07-05,18:46:39.930,-68,-73,10,3696,29420,60,1,16,8132,1,21,1515,749,254,548,-6,205,516,0,-1,-1,-1,0x1020480014140015,1677,1627,1607,988,2012,1874,1629,1500,1500,1875,988,1500,1500,1500,1500,1500,1500,1500,1372,1628,1500,1541,1500,2012,1500,1714,1633,1500,1520,1505,1500,2012,8.3
2025-07-05,18:46:40.420,-70,-74,10,3707,18650,60,1,16,64534,1,21,1515,1008,381,548,-6,205,516,0,-1,-1,-1,0x1020480014140015,1760,1680,1607,988,2012,2004,1694,1500,1500,2004,988,1500,1500,1500,1500,1500,1500,1500,1372,1628,1500,1541,1500,2012,1500,1753,1680,1500,1520,1505,1500,2012,8.3
2025-07-05,18:46:40.880,-82,-77,10,3701,27720,60,1,16,13876,1,21,1515,-2,575,548,-5,204,515,0,-1,-1,-1,0x1020480010140055,1512,1761,1607,988,2012,1499,1793,1500,1500,1499,988,1500,1500,1500,1500,1500,1500,1500,1372,1628,1500,1541,1500,2012,1500,1852,1766,1500,1520,1505,1500,2012,8.3
2025-07-05,18:46:41.380,-67,-67,10,3690,3020,60,1,16,12888,1,21,1515,5,207,548,-6,205,516,0,-1,-1,-1,0x1020480010140055,1513,1594,1607,988,2012,1502,1605,1500,1500,1502,988,1500,1500,1500,1500,1500,1500,1500,1372,1628,1500,1541,1500,2012,1500,1640,1588,1500,1520,1505,1500,2012,8.3
2025-07-05,18:46:41.880,-75,-74,10,3695,2200,59,1,16,11058,1,21,1515,-210,347,548,-6,205,516,0,-1,-1,-1,0x1020480014140015,1476,1665,1607,988,2012,1395,1677,1500,1500,1390,988,1500,1500,1500,1500,1500,1500,1500,1372,1628,1500,1541,1500,2012,1500,1734,1665,1500,1520,1505,1500,2012,8.3
2025-07-05,18:46:42.380,-75,-73,10,3712,520,59,1,16,6468,38,21,1525,-538,-438,548,-6,205,516,0,-1,-1,-1,0x10204800161C0015,1408,1295,1607,988,2012,1231,1281,1294,1500,1231,988,1500,1500,1500,1500,1500,1500,1293,1264,2012,1500,1541,1500,2012,1500,1224,1500,1500,1520,1505,1500,2012,8.3
2025-07-05,18:46:42.880,-68,-73,10,3718,13330,59,1,16,5744,150,21,1526,-1024,457,548,-6,205,516,0,-1,-1,-1,0x1020480014140015,1199,1714,1607,988,2012,988,1733,1500,1500,988,988,1500,1500,1500,1500,1500,1500,1500,1372,1628,1500,1541,1500,2012,1500,1792,1714,1500,1520,1505,1500,2012,8.3
2025-07-05,18:46:43.380,-68,-72,10,3718,1270,59,1,16,7868,150,21,1529,801,-437,547,-6,205,516,0,-1,-1,-1,0x10204800161C0015,1698,1295,1607,988,2012,1900,1282,1294,1500,1911,988,1500,1500,1500,1500,1500,1500,1293,1009,2012,1500,1541,1500,2012,1500,1336,1500,1500,1520,1505,1500,2012,8.3
2025-07-05,18:46:43.880,-72,-75,10,3712,10170,60,1,16,8606,150,21,1530,1024,383,548,-6,206,516,0,-1,-1,-1,0x1020488014140015,1768,1681,1607,988,2012,2012,1695,1500,1500,2012,988,1500,1500,1500,1500,1500,1500,1500,1372,1628,1500,1541,1500,2012,1500,1753,1676,1500,1520,1505,1500,2012,8.3
2025-07-05,18:46:44.380,-75,-81,10,4028,18580,60,1,16,11640,150,21,1532,788,583,547,-6,205,516,0,-1,-1,-1,0x1020488014140055,1688,1764,1607,988,2012,1894,1797,1500,1500,1894,988,1500,1500,1500,1500,1500,1500,1500,1372,1628,1500,1541,1500,2012,1500,1850,1764,1500,1520,1505,1500,2012,8.3
2025-07-05,18:46:44.880,-78,-71,10,4015,11310,60,1,16,11928,150,21,1536,15,16,548,-6,205,516,0,-1,-1,-1,0x1020488010140055,1515,1508,1607,988,2012,1507,1508,1500,1500,1507,988,1500,1500,1500,1500,1500,1500,1500,1270,1730,1500,1541,1500,2012,1500,1593,1515,1500,1520,1505,1500,2012,8.3
2025-07-05,18:46:45.380,-69,-74,10,3690,2850,60,1,16,10754,150,21,1537,469,358,548,-6,205,516,0,-1,-1,-1,0x1020488014140015,1609,1670,1607,988,2012,1734,1682,1500,1500,1729,988,1500,1500,1500,1500,1500,1500,1500,1372,1628,1500,1541,1500,2012,1500,1740,1670,1500,1520,1505,1500,2012,8.3
2025-07-05,18:46:45.880,-78,-71,10,3710,21160,60,1,16,11880,150,21,1538,281,602,547,-6,205,516,0,-1,-1,-1,0x1020488014140015,1572,1771,1607,988,2012,1640,1807,1500,1500,1640,988,1500,1500,1500,1500,1500,1500,1500,1372,1628,1500,1541,1500,2012,1500,1858,1771,1500,1520,1505,1500,2012,8.3
2025-07-05,18:46:46.380,-77,-75,10,3701,16980,60,1,16,13506,150,21,1540,-958,591,548,-6,205,516,0,-1,-1,-1,0x1020488014140015,1239,1767,1607,988,2012,1021,1801,1500,1500,1021,988,1500,1500,1500,1500,1500,1500,1500,1372,1628,1500,1541,1500,2012,1500,1853,1763,1500,1520,1505,1500,2012,8.3
2025-07-05,18:46:46.880,-67,-73,10,3691,64730,60,1,16,22780,150,21,1544,-132,773,548,-6,205,516,0,-1,-1,-1,0x1020488014140015,1491,1835,1607,988,2012,1434,1894,1500,1500,1435,988,1500,1500,1500,1500,1500,1500,1500,1372,1628,1500,1541,1500,2012,1500,1922,1834,1500,1520,1505,1500,2012,8.3
2025-07-05,18:46:47.380,-72,-83,10,3669,114210,60,1,16,22502,150,21,1552,-186,1007,547,-6,206,516,0,-1,-1,-1,0x1020488014142015,1482,2012,1607,988,2012,1407,2012,1500,1500,1407,988,1500,1500,1500,1500,1500,1500,1500,1372,1628,1500,1541,1500,2012,1500,2012,2012,1500,1520,1505,1500,2012,8.3
2025-07-05,18:46:47.880,-62,-73,10,3618,18680,60,1,16,23412,150,21,1563,194,914,547,-6,205,516,0,-1,-1,-1,0x1020488014140015,1553,1908,1607,988,2012,1597,1966,1500,1500,1597,988,1500,1500,1500,1500,1500,1500,1500,1372,1628,1500,1541,1500,2012,1500,1975,1908,1500,1520,1505,1500,2012,8.3
2025-07-05,18:46:48.380,-61,-67,10,3566,173100,60,1,16,25572,150,21,1565,757,1007,547,-6,205,516,0,-1,-1,-1,0x1020488014142015,1679,2012,1607,988,2012,1878,2012,1500,1500,1879,988,1500,1500,1500,1500,1500,1500,1500,1372,1628,1500,1541,1500,2012,1500,2012,2012,1500,1520,1505,1500,2012,8.3
2025-07-05,18:46:48.880,-63,-68,50,3642,2490,61,1,16,17856,1,21,1565,-313,79,548,-6,205,516,0,-1,-1,-1,0x1020480014140015,1460,1549,1607,988,2012,1344,1540,1500,1500,1344,988,1500,1500,1500,1500,1500,1500,1500,1372,1628,1500,1541,1500,2012,1500,1568,1549,1500,1520,1505,1500,2012,8.3
2025-07-05,18:46:49.380,-67,-68,10,3687,8970,61,1,16,17034,1,21,1565,7,280,548,-6,205,516,0,-1,-1,-1,0x1020480010140015,1514,1634,1607,988,2012,1503,1643,1500,1500,1503,988,1500,1500,1500,1500,1500,1500,1500,1372,1628,1500,1541,1500,2012,1500,1696,1634,1500,1520,1505,1500,2012,8.3
2025-07-05,18:46:49.880,-69,-74,10,3690,1620,61,1,16,15156,1,21,1565,5,-374,548,-6,205,516,0,-1,-1,-1,0x1020480012180015,1513,1366,1607,988,2012,1502,1313,1365,1500,1502,988,1500,1500,1500,1500,1500,1500,1365,1039,2012,1500,1541,1500,988,1500,1324,1500,1500,1520,1505,1500,2012,8.3
2025-07-05,18:46:50.380,-66,-74,10,3699,2170,61,1,16,10362,1,21,1565,751,92,548,-6,205,516,0,-1,-1,-1,0x1020480014140415,1677,1545,1607,988,2012,1875,1547,1500,1500,1875,988,1500,1500,1500,1500,1500,1500,1500,1372,1628,1500,1541,1500,2012,1500,1562,1544,1500,1520,1505,1500,2012,8.3
2025-07-05,18:46:50.880,-74,-69,10,3706,16210,61,1,16,7640,1,21,1565,912,584,548,-6,205,516,0,-1,-1,-1,0x1020480014140015,1725,1764,1607,988,2012,1956,1798,1500,1500,1956,988,1500,1500,1500,1500,1500,1500,1500,1372,1628,1500,1541,1500,2012,1500,1850,1764,1500,1520,1505,1500,2012,8.3
2025-07-05,18:46:51.380,-71,-70,10,3701,7380,62,1,16,8522,38,21,1573,593,418,547,-6,205,516,0,-1,-1,-1,0x1020480014140015,1641,1697,1607,988,2012,1796,1713,1500,1500,1805,988,1500,1500,1500,1500,1500,1500,1500,1372,1628,1500,1541,1500,2012,1500,1772,1697,1500,1520,1505,1500,2012,8.3
2025-07-05,18:46:51.880,-68,-69,10,3691,14780,62,1,16,10702,150,21,1575,-200,545,547,-6,206,516,0,-1,-1,-1,0x1020480014140015,1479,1749,1607,988,2012,1400,1778,1500,1500,1400,988,1500,1500,1500,1500,1500,1500,1500,1372,1628,1500,1541,1500,2012,1500,1833,1749,1500,1520,1505,1500,2012,8.3
2025-07-05,18:46:52.380,-70,-76,10,3695,1980,61,1,16,6964,112,21,1565,953,438,548,-6,205,516,0,-1,-1,-1,0x1020480014140015,1739,1699,1607,988,2012,1976,1723,1500,1500,1976,988,1500,1500,1500,1500,1500,1500,1500,1372,1628,1500,1541,1500,2012,1500,1774,1699,1500,1520,1505,1500,2012,8.3
2025-07-05,18:46:52.880,-67,-76,10,3676,29440,61,1,16,15210,1,21,1577,790,645,548,-6,205,516,0,-1,-1,-1,0x1020480014140015,1692,1788,1607,988,2012,1895,1829,1500,1500,1901,988,1500,1500,1500,1500,1500,1500,1500,1372,1628,1500,1541,1500,2012,1500,1876,1788,1500,1520,1505,1500,2012,8.3
2025-07-05,18:46:53.380,-58,-76,10,3667,700,61,1,16,11916,1,21,1577,-938,210,547,-6,205,516,0,-1,-1,-1,0x1020480014140415,1251,1603,1607,988,2012,1031,1607,1500,1500,1031,988,1500,1500,1500,1500,1500,1500,1500,1372,1628,1500,1541,1500,2012,1500,1652,1607,1500,1520,1505,1500,2012,8.3
2025-07-05,18:46:53.880,-66,-68,10,3685,23200,61,1,16,14476,1,21,1577,-876,640,548,-6,206,516,0,-1,-1,-1,0x1020480014140015,1286,1786,1607,988,2012,1062,1834,1500,1500,1062,988,1500,1500,1500,1500,1500,1500,1500,1372,1628,1500,1541,1500,2012,1500,1874,1786,1500,1520,1505,1500,2012,8.3
2025-07-05,18:46:54.380,-68,-68,10,3680,107890,61,1,16,12848,1,21,1577,-45,901,548,-6,205,516,0,-1,-1,-1,0x1020480010140015,1505,1907,1607,988,2012,1485,1959,1500,1500,1478,988,1500,1500,1500,1500,1500,1500,1500,1372,1628,1500,1541,1500,2012,1500,1975,1907,1500,1520,1505,1500,2012,8.3
2025-07-05,18:46:54.880,-72,-70,10,3651,1660,61,1,16,16148,1,21,1577,31,409,548,-6,205,516,0,-1,-1,-1,0x1020480010140015,1518,1693,1607,988,2012,1515,1708,1500,1500,1515,988,1500,1500,1500,1500,1500,1500,1500,1372,1628,1500,1541,1500,2012,1500,1775,1699,1500,1520,1505,1500,2012,8.3
2025-07-05,18:46:55.380,-69,-73,10,3668,780,61,1,16,1340,75,21,1596,-421,-790,548,-6,206,516,0,-1,-1,-1,0x10204800161C0015,1437,1155,1607,988,2012,1289,1111,1152,1500,1290,988,1500,1500,1500,1500,1500,1500,1152,1192,2012,1500,1541,1500,2012,1500,1072,1500,1500,1520,1505,1500,2012,8.3
2025-07-05,18:46:55.880,-75,-70,25,3706,7860,61,1,16,8606,150,21,1596,-1024,464,548,-6,205,516,0,-1,-1,-1,0x1020480014140055,1199,1716,1607,988,2012,988,1736,1500,1500,988,988,1500,1500,1500,1500,1500,1500,1500,1372,1628,1500,1541,1500,2012,1500,1795,1712,1500,1520,1505,1500,2012,8.3
2025-07-05,18:46:56.380,-77,-77,10,3705,55700,61,1,16,17410,150,21,1601,-963,707,548,-6,205,516,0,-1,-1,-1,0x1020480014140055,1229,1812,1607,988,2012,1019,1860,1500,1500,1019,988,1500,1500,1500,1500,1500,1500,1500,1372,1628,1500,1541,1500,2012,1500,1902,1812,1500,1520,1505,1500,2012,8.3
2025-07-05,18:46:56.880,-82,-76,10,3672,19160,61,1,16,17554,150,21,1606,-688,290,548,-6,205,516,0,-1,-1,-1,0x1020488014140015,1359,1639,1607,988,2012,1156,1641,1500,1500,1150,988,1500,1500,1500,1500,1500,1500,1500,1372,1628,1500,1541,1500,2012,1500,1819,1655,1500,1520,1505,1500,2012,8.3
2025-07-05,18:46:57.380,-71,-71,10,3989,12340,61,1,16,14194,150,21,1610,8,13,548,-6,206,516,0,-1,-1,-1,0x1020488010140015,1514,1507,1607,988,2012,1504,1506,1500,1500,1504,988,1500,1500,1500,1500,1500,1500,1500,1321,1679,1500,1541,1500,2012,1500,1746,1507,1500,1520,1505,1500,2012,8.3
2025-07-05,18:46:57.880,-65,-90,25,4010,1550,61,1,16,10160,150,21,1610,-42,9,548,-6,205,516,0,-1,-1,-1,0x1020488010140015,1505,1505,1607,988,2012,1479,1504,1500,1500,1479,988,1500,1500,1500,1500,1500,1500,1500,1357,2012,1500,1541,1500,2012,1500,1507,1505,1500,1520,1505,1500,2012,8.3
2025-07-05,18:46:58.380,-68,-61,10,3702,1500,61,1,16,11726,150,21,1611,-75,9,548,-6,206,516,0,-1,-1,-1,0x1020488014140055,1500,1505,1607,988,2012,1462,1504,1500,1500,1463,988,1500,1500,1500,1500,1500,1500,1500,1131,2012,1500,1541,1500,2012,1500,1507,1505,1500,1520,1505,1500,2012,8.3
2025-07-05,18:46:58.880,-62,-69,10,3704,3440,61,1,16,11348,150,21,1611,1024,-28,548,-6,206,516,0,-1,-1,-1,0x10204880141C0055,1768,1484,1607,988,2012,2012,1500,1485,1500,2012,988,1500,1500,1500,1500,1500,1500,1484,1060,2012,1500,1541,1500,2012,1500,1478,1500,1500,1520,1505,1500,2012,8.3
2025-07-05,18:46:59.380,-66,-64,10,3708,4110,64,1,16,8644,1,21,1611,1024,493,548,-6,205,516,0,-1,-1,-1,0x1020480014140015,1768,1728,1607,988,2012,2012,1752,1500,1500,2012,988,1500,1500,1500,1500,1500,1500,1500,1372,1628,1500,1541,1500,2012,1500,1809,1728,1500,1520,1505,1500,2012,8.3
2025-07-05,18:46:59.880,-64,-71,10,3694,24790,63,1,16,0,1,21,1611,522,591,548,-6,205,516,0,-1,-1,-1,0x1020480014140015,1621,1767,1607,988,2012,1769,1801,1500,1500,1761,988,1500,1500,1500,1500,1500,1500,1500,1372,1628,1500,1541,1500,2012,1500,1853,1767,1500,1520,1505,1500,2012,8.3
2025-07-05,18:47:00.380,-66,-74,10,3681,33990,62,1,16,13172,1,21,1611,693,707,548,-6,205,516,0,-1,-1,-1,0x1020480014140055,1661,1812,1607,988,2012,1846,1861,1500,1500,1846,988,1500,1500,1500,1500,1500,1500,1500,1372,1628,1500,1541,1500,2012,1500,1902,1812,1500,1520,1505,1500,2012,8.3
2025-07-05,18:47:00.880,-58,-57,10,3673,58730,62,1,16,21910,1,21,1611,431,951,547,-6,206,516,0,-1,-1,-1,0x1020480014140055,1603,1956,1607,988,2012,1715,1985,1500,1500,1715,988,1500,1500,1500,1500,1500,1500,1500,1372,1628,1500,1541,1500,2012,1500,1992,1956,1500,1520,1505,1500,2012,8.3
2025-07-05,18:47:01.380,-58,-65,25,3639,125260,62,1,16,26876,1,21,1611,205,1006,548,-6,205,516,0,-1,-1,-1,0x1020480014142015,1552,2012,1607,988,2012,1602,2012,1500,1500,1593,988,1500,1500,1500,1500,1500,1500,1500,1372,1628,1500,1541,1500,2012,1500,2012,2012,1500,1520,1505,1500,2012,8.3
2025-07-05,18:47:01.880,-70,-74,10,3605,5550,62,1,16,23784,38,21,1611,9,519,548,-6,206,516,0,-1,-1,-1,0x1020480010140015,1514,1738,1607,988,2012,1504,1764,1500,1500,1504,988,1500,1500,1500,1500,1500,1500,1500,1372,1628,1500,1541,1500,2012,1500,1821,1733,1500,1520,1505,1500,2012,8.3
2025-07-05,18:47:02.380,-51,-62,250,3647,7320,62,1,16,22558,150,21,1641,602,219,548,-6,205,516,0,-1,-1,-1,0x1020480014140015,1639,1616,1607,988,2012,1801,1611,1500,1500,1801,988,1500,1500,1500,1500,1500,1500,1500,1372,1628,1500,1541,1500,2012,1500,1710,1622,1500,1520,1505,1500,2012,8.3
2025-07-05,18:47:02.880,-63,-68,25,3691,7460,62,1,16,20216,150,21,1642,748,448,548,-6,205,516,0,-1,-1,-1,0x1020480014140015,1677,1710,1607,988,2012,1874,1728,1500,1500,1874,988,1500,1500,1500,1500,1500,1500,1500,1372,1628,1500,1541,1500,2012,1500,1787,1710,1500,1520,1505,1500,2012,8.3
2025-07-05,18:47:03.380,-67,-70,10,3691,11510,63,1,16,18482,150,21,1643,732,668,548,-6,205,516,0,-1,-1,-1,0x1020488014140015,1672,1797,1607,988,2012,1866,1840,1500,1500,1866,988,1500,1500,1500,1500,1500,1500,1500,1372,1628,1500,1541,1500,2012,1500,1886,1797,1500,1520,1505,1500,2012,8.3
2025-07-05,18:47:03.880,-68,-73,10,3685,18450,64,1,16,17794,150,21,1646,634,629,547,-6,206,516,0,-1,-1,-1,0x1020488014140015,1646,1782,1607,988,2012,1817,1821,1500,1500,1817,988,1500,1500,1500,1500,1500,1500,1500,1372,1628,1500,1541,1500,2012,1500,1870,1782,1500,1520,1505,1500,2012,8.3
2025-07-05,18:47:04.380,-51,-69,250,4341,0,65,1,16,6910,150,21,1646,26,-434,548,-6,205,516,0,-1,-1,-1,0x10204880121C0015,1518,1296,1607,988,2012,1513,1283,1295,1500,1513,988,1500,1500,1500,1500,1500,1500,1295,1162,2012,1500,1541,1500,2012,1500,1224,1500,1500,1520,1505,1500,2012,8.3
2025-07-05,18:47:04.880,-69,-79,10,3694,2160,66,1,16,13244,150,21,1647,867,8,548,-6,206,516,0,-1,-1,-1,0x1020488014140015,1712,1504,1607,988,2012,1933,1504,1500,1500,1934,988,1500,1500,1500,1500,1500,1500,1500,1065,1935,1500,1541,1500,2012,1500,1506,1505,1500,1520,1505,1500,2012,8.3
2025-07-05,18:47:05.380,-87,-77,10,3704,22090,65,1,16,11916,150,21,1648,854,507,548,-6,206,516,0,-1,-1,-1,0x1020488014140015,1712,1734,1607,988,2012,1927,1758,1500,1500,1927,988,1500,1500,1500,1500,1500,1500,1500,1372,1628,1500,1541,1500,2012,1500,1816,1734,1500,1520,1505,1500,2012,8.3
2025-07-05,18:47:05.880,-76,-80,10,3686,6960,65,1,16,12694,150,21,1652,496,701,548,-5,206,516,0,-1,-1,-1,0x1020488014140015,1614,1805,1607,988,2012,1748,1857,1500,1500,1742,988,1500,1500,1500,1500,1500,1500,1500,1372,1628,1500,1541,1500,2012,1500,1894,1805,1500,1520,1505,1500,2012,8.3
2025-07-05,18:47:06.380,-74,-84,10,3679,16700,65,1,16,12928,150,21,1654,84,227,548,-6,205,516,0,-1,-1,-1,0x1020488014140015,1535,1615,1607,988,2012,1542,1616,1500,1500,1542,988,1500,1500,1500,1500,1500,1500,1500,1372,1628,1500,1541,1500,2012,1500,1682,1615,1500,1520,1505,1500,2012,8.3
2025-07-05,18:47:06.880,-74,-76,10,3690,240,64,1,16,4964,150,22,1654,240,12,548,-6,205,516,0,-1,-1,-1,0x1020488014100015,1551,1506,1607,988,2012,1620,1506,1500,1500,1620,988,1500,1500,1500,1500,1500,1500,1500,1315,2012,1500,1541,1500,988,1500,1509,1506,1500,1520,1505,1500,2012,8.3
2025-07-05,18:47:07.380,-76,-77,10,3708,2240,63,1,16,6254,150,22,1654,672,122,548,-6,206,516,0,-1,-1,-1,0x1020488014140015,1655,1563,1607,988,2012,1836,1562,1500,1500,1836,988,1500,1500,1500,1500,1500,1500,1500,1372,1628,1500,1541,1500,2012,1500,1593,1563,1500,1520,1505,1500,2012,8.3
2025-07-05,18:47:07.880,-71,-84,50,3709,2370,62,1,16,5810,150,22,1654,1024,24,548,-6,205,516,0,-1,-1,-1,0x1020488014140015,1768,1512,1607,988,2012,2012,1512,1500,1500,2012,988,1500,1500,1500,1500,1500,1500,1500,1050,2012,1500,1541,1500,2012,1500,1518,1512,1500,1520,1505,1500,2012,8.3
2025-07-05,18:47:08.380,-73,-70,250,3709,2080,62,1,16,5234,150,22,1656,1024,175,548,-6,205,516,0,-1,-1,-1,0x1020488014140015,1768,1588,1607,988,2012,2012,1589,1500,1500,2012,988,1500,1500,1500,1500,1500,1500,1500,1372,1628,1500,1541,1500,2012,1500,1630,1588,1500,1520,1505,1500,2012,8.3
2025-07-05,18:47:08.880,-75,-82,10,3707,29880,62,1,16,11896,150,22,1658,946,483,548,-6,206,516,0,-1,-1,-1,0x1020488014140015,1731,1724,1607,988,2012,1973,1746,1500,1500,1973,988,1500,1500,1500,1500,1500,1500,1500,1372,1628,1500,1541,1500,2012,1500,1804,1724,1500,1520,1505,1500,2012,8.3
2025-07-05,18:47:09.380,-70,-71,50,4670,32480,63,1,16,14502,150,22,1661,-98,688,548,-6,205,516,0,-1,-1,-1,0x1020488014140015,1496,1804,1607,988,2012,1445,1851,1500,1500,1451,988,1500,1500,1500,1500,1500,1500,1500,1372,1628,1500,1541,1500,2012,1500,1894,1804,1500,1520,1505,1500,2012,8.3
2025-07-05,18:47:09.880,-74,-73,10,3676,18250,62,1,16,12240,150,22,1665,-700,586,548,-6,206,516,0,-1,-1,-1,0x1020488014140015,1358,1765,1607,988,2012,1150,1799,1500,1500,1150,988,1500,1500,1500,1500,1500,1500,1500,1372,1628,1500,1541,1500,2012,1500,1851,1765,1500,1520,1505,1500,2012,8.3
2025-07-05,18:47:10.380,-79,-77,10,3677,38020,63,1,16,11734,150,22,1667,-584,596,548,-6,205,516,0,-1,-1,-1,0x1020488014140015,1388,1773,1607,988,2012,1208,1804,1500,1500,1208,988,1500,1500,1500,1500,1500,1500,1500,1372,1628,1500,1541,1500,2012,1500,1856,1773,1500,1520,1505,1500,2012,8.3
2025-07-05,18:47:10.880,-79,-88,10,3683,1670,64,1,16,15808,150,22,1671,-497,259,548,-6,205,516,0,-1,-1,-1,0x1020488014140015,1421,1624,1607,988,2012,1252,1632,1500,1500,1252,988,1500,1500,1500,1500,1500,1500,1500,1372,1628,1500,1541,1500,2012,1500,1683,1624,1500,1520,1505,1500,2012,8.3
2025-07-05,18:47:11.380,-76,-70,50,3689,15930,64,1,16,11218,150,22,1672,-830,578,548,-6,205,516,0,-1,-1,-1,0x1020488014140015,1308,1762,1607,988,2012,1085,1795,1500,1500,1085,988,1500,1500,1500,1500,1500,1500,1500,1372,1628,1500,1541,1500,2012,1500,1848,1762,1500,1520,1505,1500,2012,8.3
2025-07-05,18:47:11.880,-70,-72,10,3688,49070,64,1,16,17932,150,22,1676,-805,709,547,-6,205,516,0,-1,-1,-1,0x1020488014140015,1319,1813,1607,988,2012,1098,1861,1500,1500,1098,988,1500,1500,1500,1500,1500,1500,1500,1372,1628,1500,1541,1500,2012,1500,1903,1813,1500,1520,1505,1500,2012,8.3
2025-07-05,18:47:12.380,-72,-71,10,3663,72080,65,1,16,20648,150,22,1682,-336,880,547,-6,205,516,0,-1,-1,-1,0x1020488014140015,1458,1897,1607,988,2012,1332,1949,1500,1500,1332,988,1500,1500,1500,1500,1500,1500,1500,1372,1628,1500,1541,1500,2012,1500,1967,1897,1500,1520,1505,1500,2012,8.3
2025-07-05,18:47:12.880,-72,-71,10,3645,1560,64,1,16,16566,150,22,1685,11,10,548,-6,205,516,0,-1,-1,-1,0x1020488010140015,1514,1505,1607,988,2012,1505,1505,1500,1500,1505,988,1500,1500,1500,1500,1500,1500,1500,1039,2012,1500,1541,1500,2012,1500,1508,1506,1500,1520,1505,1500,2012,8.3
2025-07-05,18:47:13.380,-66,-71,10,3690,3680,62,1,16,14688,150,22,1685,-10,10,548,-6,205,516,0,-1,-1,-1,0x1020488010140015,1511,1505,1607,988,2012,1495,1505,1500,1500,1495,988,1500,1500,1500,1500,1500,1500,1500,1014,1986,1500,1541,1500,2012,1500,1508,1505,1500,1520,1505,1500,2012,8.3
2025-07-05,18:47:13.880,-72,-64,10,3702,1280,62,1,16,0,150,22,1685,-238,-812,548,-6,205,516,0,-1,-1,-1,0x10204880161C0015,1473,1155,1607,988,2012,1381,1094,1152,1500,1382,988,1500,1500,1500,1500,1500,1500,1152,1372,2012,1500,1541,1500,2012,1500,1054,1500,1500,1520,1505,1500,2012,8.3
2025-07-05,18:47:14.380,-56,-65,10,4028,3250,62,1,16,5404,150,22,1685,-1024,248,548,-6,205,516,0,-1,-1,-1,0x1020488014140055,1199,1619,1607,988,2012,988,1626,1500,1500,988,988,1500,1500,1500,1500,1500,1500,1500,1372,1628,1500,1541,1500,2012,1500,1676,1619,1500,1520,1505,1500,2012,8.3
2025-07-05,18:47:14.880,-70,-68,10,4029,19360,62,1,16,13276,150,22,1688,-1024,331,548,-5,205,516,0,-1,-1,-1,0x1020488014140055,1199,1657,1607,988,2012,988,1669,1500,1500,988,988,1500,1500,1500,1500,1500,1500,1500,1372,1628,1500,1541,1500,2012,1500,1737,1657,1500,1520,1505,1500,2012,8.3
2025-07-05,18:47:15.380,-65,-67,10,3677,30660,64,1,16,14596,150,22,1692,-922,572,548,-5,205,516,0,-1,-1,-1,0x1020488014140015,1260,1760,1607,988,2012,1039,1791,1500,1500,1039,988,1500,1500,1500,1500,1500,1500,1500,1372,1628,1500,1541,1500,2012,1500,1845,1760,1500,1520,1505,1500,2012,8.3
2025-07-05,18:47:15.880,-67,-67,10,3668,15220,65,1,16,11532,150,22,1695,-342,399,548,-6,205,516,0,-1,-1,-1,0x1020488014140015,1454,1688,1607,988,2012,1329,1703,1500,1500,1329,988,1500,1500,1500,1500,1500,1500,1500,1372,1628,1500,1541,1500,2012,1500,1762,1688,1500,1520,1505,1500,2012,8.3
2025-07-05,18:47:16.380,-66,-70,10,3684,23870,65,1,16,13714,150,22,1696,-410,618,548,-6,205,516,0,-1,-1,-1,0x1020488014140015,1440,1778,1607,988,2012,1295,1815,1500,1500,1295,988,1500,1500,1500,1500,1500,1500,1500,1372,1628,1500,1541,1500,2012,1500,1865,1774,1500,1520,1505,1500,2012,8.3
2025-07-05,18:47:16.880,-69,-75,10,3693,15640,64,1,16,14868,150,23,1698,-382,717,548,-6,206,516,0,-1,-1,-1,0x1020488014140015,1447,1816,1607,988,2012,1309,1865,1500,1500,1309,988,1500,1500,1500,1500,1500,1500,1500,1372,1628,1500,1541,1500,2012,1500,1906,1816,1500,1520,1505,1500,2012,8.3
2025-07-05,18:47:17.380,-89,-77,10,3693,14000,63,1,16,16430,150,23,1700,-322,16,548,-6,205,516,0,-1,-1,-1,0x1020488014140015,1458,1508,1607,988,2012,1339,1507,1500,1500,1339,988,1500,1500,1500,1500,1500,1500,1500,1014,1986,1500,1541,1500,2012,1500,1512,1508,1500,1520,1505,1500,2012,8.3
2025-07-05,18:47:17.880,-63,-73,10,3702,1440,63,1,16,1076,150,23,1700,-302,-282,548,-5,205,516,0,-1,-1,-1,0x10204880161C0015,1462,1354,1607,988,2012,1349,1359,1353,1500,1349,988,1500,1500,1500,1500,1500,1500,1353,1372,2012,1500,1541,1500,2012,1500,1306,1500,1500,1520,1505,1500,2012,8.3
2025-07-05,18:47:18.380,-68,-65,10,3705,54850,63,1,16,9536,150,23,1702,1024,16,548,-6,206,516,0,-1,-1,-1,0x1020488014140055,1768,1508,1607,988,2012,2012,1508,1500,1500,2012,988,1500,1500,1500,1500,1500,1500,1500,1219,1781,1500,1541,1500,2012,1500,1626,1508,1500,1520,1505,1500,2012,8.3
2025-07-05,18:47:18.880,-69,-69,10,3706,18050,63,1,16,8756,150,23,1703,954,446,548,-6,205,516,0,-1,-1,-1,0x1020488014140055,1744,1709,1607,988,2012,1977,1727,1500,1500,1984,988,1500,1500,1500,1500,1500,1500,1500,1372,1628,1500,1541,1500,2012,1500,1786,1714,1500,1520,1505,1500,2012,8.3
2025-07-05,18:47:19.380,-61,-74,50,3685,25820,63,1,16,12532,150,23,1707,898,148,548,-6,205,516,0,-1,-1,-1,0x1020488014140015,1717,1568,1607,988,2012,1949,1575,1500,1500,1949,988,1500,1500,1500,1500,1500,1500,1500,1372,1628,1500,1541,1500,2012,1500,1610,1568,1500,1520,1505,1500,2012,8.3
2025-07-05,18:47:19.880,-64,-84,10,4670,1570,63,1,16,7006,150,23,1708,263,500,548,-6,205,516,0,-1,-1,-1,0x1020488014140415,1565,1727,1607,988,2012,1631,1755,1500,1500,1631,988,1500,1500,1500,1500,1500,1500,1500,1372,1628,1500,1541,1500,2012,1500,1812,1727,1500,1520,1505,1500,2012,8.3
2025-07-05,18:47:20.380,-70,-75,10,3695,2920,63,1,16,12758,150,23,1710,1023,69,548,-6,205,516,0,-1,-1,-1,0x1020488014140015,1767,1539,1599,988,2012,2011,1535,1500,1500,2011,988,1500,1500,1500,1500,1500,1500,1500,1372,1628,1500,1541,1500,2012,1500,1554,1539,1500,1520,1505,1500,2012,8.3
2025-07-05,18:47:20.880,-75,-77,25,3700,12450,63,1,16,64112,1,23,1710,317,492,548,-6,206,516,0,-1,-1,-1,0x1020480014140015,1586,1728,1607,988,2012,1658,1751,1500,1500,1658,988,1500,1500,1500,1500,1500,1500,1500,1372,1628,1500,1541,1500,2012,1500,1808,1728,1500,1520,1505,1500,2012,8.3
2025-07-05,18:47:21.380,-79,-79,10,3686,28390,65,1,16,11344,1,23,1710,-272,626,548,-6,206,516,0,-1,-1,-1,0x1020480014140015,1471,1781,1607,988,2012,1364,1819,1500,1500,1364,988,1500,1500,1500,1500,1500,1500,1500,1372,1628,1500,1541,1500,2012,1500,1869,1781,1500,1520,1505,1500,2012,8.3
2025-07-05,18:47:21.880,-68,-72,10,3672,10060,64,1,16,12034,1,23,1710,-81,177,548,-6,206,516,0,-1,-1,-1,0x1020480014140015,1502,1588,1607,988,2012,1460,1590,1500,1500,1471,988,1500,1500,1500,1500,1500,1500,1500,1372,1628,1500,1541,1500,2012,1500,1639,1588,1500,1520,1505,1500,2012,8.3
2025-07-05,18:47:22.380,-68,-76,10,3684,0,64,1,16,10226,1,23,1710,-80,-707,548,-6,206,516,0,-1,-1,-1,0x1020480016140015,1497,1155,1607,988,2012,1460,1147,1152,1500,1460,988,1500,1500,1500,1500,1500,1500,1152,1173,2012,1500,1541,1500,2012,1500,1104,1500,1500,1520,1505,1500,2012,8.3
2025-07-05,18:47:22.880,-82,-72,100,3703,1690,63,1,16,7940,1,23,1710,-937,19,548,-6,205,516,0,-1,-1,-1,0x1020480014140415,1269,1511,1607,988,2012,1032,1509,1500,1500,1032,988,1500,1500,1500,1500,1500,1500,1500,1321,1679,1500,1541,1500,2012,1500,1576,1511,1500,1520,1505,1500,2012,8.3
2025-07-05,18:47:23.380,-70,-78,10,3707,16000,62,1,16,8246,1,23,1710,-827,559,548,-5,206,516,0,-1,-1,-1,0x1020480014140015,1297,1755,1607,988,2012,1087,1785,1500,1500,1087,988,1500,1500,1500,1500,1500,1500,1500,1372,1628,1500,1541,1500,2012,1500,1840,1755,1500,1520,1505,1500,2012,8.3
2025-07-05,18:47:23.880,-75,-82,25,3700,1580,62,1,16,8028,150,23,1721,1024,-201,548,-6,206,516,0,-1,-1,-1,0x10204800161C0015,1768,1383,1607,988,2012,2012,1400,1382,1500,2012,988,1500,1500,1500,1500,1500,1500,1382,1029,2012,1500,1541,1500,2012,1500,1356,1500,1500,1520,1505,1500,2012,8.3
2025-07-05,18:47:24.380,-66,-83,10,3694,14870,62,1,16,0,150,23,1722,1024,378,548,-6,205,516,0,-1,-1,-1,0x1020480014140015,1768,1679,1607,988,2012,2011,1693,1500,1500,2012,988,1500,1500,1500,1500,1500,1500,1500,1372,1628,1500,1541,1500,2012,1500,1751,1679,1500,1520,1505,1500,2012,8.3
2025-07-05,18:47:24.880,-77,-75,10,3695,12480,63,1,16,11554,150,23,1725,819,556,547,-6,205,516,0,-1,-1,-1,0x1020488014140055,1702,1754,1607,988,2012,1909,1783,1500,1500,1909,988,1500,1500,1500,1500,1500,1500,1500,1372,1628,1500,1541,1500,2012,1500,1838,1754,1500,1520,1505,1500,2012,8.3
2025-07-05,18:47:25.380,-76,-74,10,3683,13070,63,1,16,12060,150,23,1728,506,490,548,-6,205,516,0,-1,-1,-1,0x1020488014140055,1620,1727,1607,988,2012,1753,1750,1500,1500,1753,988,1500,1500,1500,1500,1500,1500,1500,1372,1628,1500,1541,1500,2012,1500,1807,1727,1500,1520,1505,1500,2012,8.3
2025-07-05,18:47:25.880,-68,-75,10,4671,1530,63,1,16,9474,150,23,1729,382,263,547,-6,205,516,0,-1,-1,-1,0x1020488014140015,1591,1622,1607,988,2012,1691,1634,1500,1500,1691,988,1500,1500,1500,1500,1500,1500,1500,1372,1628,1500,1541,1500,2012,1500,1685,1622,1500,1520,1505,1500,2012,8.3
2025-07-05,18:47:26.380,-73,-74,100,3694,33430,62,1,16,13778,150,23,1732,187,858,547,-6,205,516,0,-1,-1,-1,0x1020488014140015,1554,1885,1607,988,2012,1593,1937,1500,1500,1593,988,1500,1500,1500,1500,1500,1500,1500,1372,1628,1500,1541,1500,2012,1500,1959,1885,1500,1520,1505,1500,2012,8.3
2025-07-05,18:47:26.880,-88,-75,10,3686,15650,62,1,16,14908,150,23,1735,-660,519,547,-6,206,516,0,-1,-1,-1,0x1020488014140015,1372,1739,1607,988,2012,1170,1764,1500,1500,1170,988,1500,1500,1500,1500,1500,1500,1500,1372,1628,1500,1541,1500,2012,1500,1821,1739,1500,1520,1505,1500,2012,8.3
2025-07-05,18:47:27.380,-69,-75,10,3680,48580,62,1,16,17972,150,23,1739,-744,813,548,-6,206,516,0,-1,-1,-1,0x1020488014140015,1333,1863,1607,988,2012,1128,1914,1500,1500,1128,988,1500,1500,1500,1500,1500,1500,1500,1372,1628,1500,1541,1500,2012,1500,1943,1863,1500,1520,1505,1500,2012,8.3
2025-07-05,18:47:27.880,-72,-77,10,3670,145420,62,1,16,29888,150,23,1749,-272,1006,548,-6,206,516,0,-1,-1,-1,0x1020488014142015,1472,2012,1607,988,2012,1364,2012,1500,1500,1364,988,1500,1500,1500,1500,1500,1500,1500,1372,1628,1500,1541,1500,2012,1500,2012,2012,1500,1520,1505,1500,2012,8.3
2025-07-05,18:47:28.380,-60,-72,10,3633,17290,62,1,16,21714,150,23,1753,574,816,547,-6,206,516,0,-1,-1,-1,0x1020488014140015,1627,1864,1607,988,2012,1787,1916,1500,1500,1787,988,1500,1500,1500,1500,1500,1500,1500,1372,1628,1500,1541,1500,2012,1500,1944,1864,1500,1520,1505,1500,2012,8.3
2025-07-05,18:47:28.880,-70,-68,10,3559,145640,63,1,16,22762,75,23,1753,637,944,547,-6,206,516,0,-1,-1,-1,0x1020480014142015,1653,1963,1607,988,2012,1818,1981,1500,1500,1818,988,1500,1500,1500,1500,1500,1500,1500,1372,1628,1500,1541,1500,2012,1500,1994,1963,1500,1520,1505,1500,2012,8.3
2025-07-05,18:47:29.380,-71,-73,10,3595,10400,64,1,16,18178,1,23,1753,-510,536,547,-6,205,516,0,-1,-1,-1,0x1020480014140015,1415,1745,1607,988,2012,1245,1773,1500,1500,1246,988,1500,1500,1500,1500,1500,1500,1500,1372,1628,1500,1541,1500,2012,1500,1821,1739,1500,1520,1505,1500,2012,8.3
2025-07-05,18:47:29.880,-69,-67,10,3670,2870,64,1,16,15920,1,23,1753,-182,37,548,-6,205,516,0,-1,-1,-1,0x1020480014140015,1482,1520,1607,988,2012,1410,1525,1500,1500,1409,988,1500,1500,1500,1500,1500,1500,1500,988,2012,1500,1541,1500,2012,1500,1529,1520,1500,1520,1505,1500,2012,8.3
2025-07-05,18:47:30.380,-69,-71,10,3683,0,64,1,16,43934,1,23,1753,44,7,548,-6,206,516,0,-1,-1,-1,0x1020480010100015,1521,1503,1607,988,2012,1522,1503,1500,1500,1522,988,1500,1500,1500,1500,1500,1500,1500,1243,2012,1500,1541,1500,988,1500,1505,1503,1500,1520,1505,1500,2012,8.3
2025-07-05,18:47:30.880,-64,-71,10,3692,1980,64,1,16,8608,1,23,1753,863,376,548,-6,206,516,0,-1,-1,-1,0x1020480014140415,1707,1673,1607,988,2012,1931,1691,1500,1500,1931,988,1500,1500,1500,1500,1500,1500,1500,1372,1628,1500,1541,1500,2012,1500,1750,1673,1500,1520,1505,1500,2012,8.3
2025-07-05,18:47:31.380,-75,-69,10,3695,9460,65,1,16,9292,1,23,1753,804,355,548,-6,205,516,0,-1,-1,-1,0x1020480014140015,1696,1664,1607,988,2012,1902,1681,1500,1500,1902,988,1500,1500,1500,1500,1500,1500,1500,1372,1628,1500,1541,1500,2012,1500,1739,1664,1500,1520,1505,1500,2012,8.3
2025-07-05,18:47:31.880,-75,-66,10,3686,31750,64,1,16,14432,112,23,1766,90,414,548,-5,205,516,0,-1,-1,-1,0x1020480014140015,1538,1696,1607,988,2012,1545,1711,1500,1500,1545,988,1500,1500,1500,1500,1500,1500,1500,1372,1628,1500,1541,1500,2012,1500,1770,1696,1500,1520,1505,1500,2012,8.3
2025-07-05,18:47:32.380,-74,-72,10,3684,7600,63,1,16,8766,150,23,1767,529,104,548,-6,206,516,0,-1,-1,-1,0x1020480014140015,1619,1556,1607,988,2012,1764,1553,1500,1500,1764,988,1500,1500,1500,1500,1500,1500,1500,1372,1628,1500,1541,1500,2012,1500,1580,1556,1500,1520,1505,1500,2012,8.3
2025-07-05,18:47:32.880,-74,-77,10,3687,36350,63,1,16,9290,150,23,1767,842,314,548,-6,205,516,0,-1,-1,-1,0x1020488014140015,1699,1643,1607,988,2012,1921,1660,1500,1500,1921,988,1500,1500,1500,1500,1500,1500,1500,1372,1628,1500,1541,1500,2012,1500,1716,1643,1500,1520,1505,1500,2012,8.3
2025-07-05,18:47:33.380,-69,-80,10,3671,25280,62,1,16,12212,75,23,1768,564,290,548,-6,206,516,0,-1,-1,-1,0x1020480014140055,1647,1649,1607,988,2012,1782,1648,1500,1500,1782,988,1500,1500,1500,1500,1500,1500,1500,1372,1628,1500,1541,1500,2012,1500,1755,1649,1500,1520,1505,1500,2012,8.3
2025-07-05,18:47:33.880,-72,-64,10,3686,12530,62,1,16,8482,1,23,1768,-979,465,548,-6,206,516,0,-1,-1,-1,0x1020480014140455,1225,1717,1607,988,2012,1011,1737,1500,1500,1011,988,1500,1500,1500,1500,1500,1500,1500,1372,1628,1500,1541,1500,2012,1500,1796,1717,1500,1520,1505,1500,2012,8.3
2025-07-05,18:47:34.380,-74,-68,10,3679,19240,63,1,16,14886,1,23,1768,-877,540,548,-6,205,516,0,-1,-1,-1,0x1020480014140055,1263,1747,1607,988,2012,1062,1775,1500,1500,1062,988,1500,1500,1500,1500,1500,1500,1500,1372,1628,1500,1541,1500,2012,1500,1831,1747,1500,1520,1505,1500,2012,8.3
2025-07-05,18:47:34.880,-73,-71,10,3672,48940,63,1,16,14070,1,23,1768,428,677,548,-6,205,516,0,-1,-1,-1,0x1020480014140055,1602,1800,1607,988,2012,1714,1845,1500,1500,1714,988,1500,1500,1500,1500,1500,1500,1500,1372,1628,1500,1541,1500,2012,1500,1889,1800,1500,1520,1505,1500,2012,8.3
2025-07-05,18:47:35.380,-77,-72,100,3666,34510,63,1,16,14036,1,23,1768,438,366,547,-6,205,516,0,-1,-1,-1,0x1020480014140015,1608,1674,1607,988,2012,1719,1686,1500,1500,1728,988,1500,1500,1500,1500,1500,1500,1500,1372,1628,1500,1541,1500,2012,1500,1745,1674,1500,1520,1505,1500,2012,8.3
2025-07-05,18:47:35.880,-73,-78,10,3669,0,63,1,16,0,1,23,1768,7,-923,548,-6,205,516,0,-1,-1,-1,0x1020480012140015,1511,1069,1607,989,2012,1503,1039,1500,1065,1503,988,1500,1500,1500,1500,1500,1500,1065,1173,2012,1500,1541,1500,2012,1500,1024,1500,1500,1520,1505,1500,2012,8.3
2025-07-05,18:47:36.380,-78,-80,50,3693,1680,63,1,16,6130,112,23,1781,-1024,125,548,-6,205,516,0,-1,-1,-1,0x1020480014140455,1199,1560,1607,988,2012,988,1563,1500,1500,988,988,1500,1500,1500,1500,1500,1500,1500,1372,1628,1500,1541,1500,2012,1500,1595,1560,1500,1520,1505,1500,2012,8.3
2025-07-05,18:47:36.880,-74,-69,10,3700,2010,63,1,16,3084,150,23,1781,13,12,548,-6,206,516,0,-1,-1,-1,0x1020480010140055,1515,1506,1607,988,2012,1506,1506,1500,1500,1506,988,1500,1500,1500,1500,1500,1500,1500,1192,2012,1500,1541,1500,2012,1500,1509,1506,1500,1520,1505,1500,2012,8.3
2025-07-05,18:47:37.380,-75,-71,25,3701,1580,65,1,16,284,1,23,1781,-227,13,548,-6,205,516,0,-1,-1,-1,0x1020480014140055,1480,1507,1607,988,2012,1387,1506,1500,1500,1387,988,1500,1500,1500,1500,1500,1500,1500,1372,2012,1500,1541,1500,2012,1500,1510,1507,1500,1520,1505,1500,2012,8.3
2025-07-05,18:47:37.880,-65,-72,10,3702,2300,65,1,16,0,1,23,1781,-1022,329,547,-6,205,516,0,-1,-1,-1,0x1020480014140055,1200,1662,1607,988,2012,989,1668,1500,1500,989,988,1500,1500,1500,1500,1500,1500,1500,1372,1628,1500,1541,1500,2012,1500,1756,1662,1500,1520,1505,1500,2012,8.3
2025-07-05,18:47:38.380,-79,-75,10,3637,0,63,1,16,1790,1,23,1781,1024,-1010,548,-6,206,516,0,-1,-1,-1,0x1020480016140015,1768,1069,1607,989,2012,2012,995,1500,1065,2012,988,1500,1500,1500,1500,1500,1500,1065,1060,2012,1500,1541,1500,2012,1500,1492,1500,1500,1520,1505,1500,2012,8.3
2025-07-05,18:47:38.880,-81,-67,10,3701,1700,63,1,16,0,1,23,1781,-2,11,548,-6,206,516,0,-1,-1,-1,0x1020480010140015,1515,1506,1607,988,2012,1499,1505,1500,1500,1499,988,1500,1500,1500,1500,1500,1500,1500,1372,2012,1500,1541,1500,2012,1500,1509,1506,1500,1520,1505,1500,2012,8.3
2025-07-05,18:47:39.380,-76,-66,10,3702,1530,63,1,16,0,1,23,1781,-5,11,548,-6,206,516,0,-1,-1,-1,0x1020480010140015,1511,1506,1607,988,2012,1498,1505,1500,1500,1498,988,1500,1500,1500,1500,1500,1500,1500,1372,2012,1500,1541,1500,2012,1500,1509,1506,1500,1520,1505,1500,2012,8.3
2025-07-05,18:47:39.880,-85,-69,10,3703,1470,62,1,16,0,1,23,1781,-5,11,548,-6,206,516,0,-1,-1,-1,0x1020480010140015,1511,1506,1607,988,2012,1498,1505,1500,1500,1498,988,1500,1500,1500,1500,1500,1500,1500,1500,2012,1500,1541,1500,2012,1500,1509,1506,1500,1520,1505,1500,2012,8.3
2025-07-05,18:47:40.370,-72,-68,25,3704,1480,62,1,16,0,1,23,1781,-6,11,548,-5,205,516,0,-1,-1,-1,0x1020480010140015,1511,1506,1607,988,2012,1497,1505,1500,1500,1498,988,1500,1500,1500,1500,1500,1500,1500,1500,2012,1500,1541,1500,2012,1500,1509,1506,1500,1520,1505,1500,2012,8.3
2025-07-05,18:47:40.830,-78,-63,100,3706,1470,61,1,16,0,1,23,1781,-6,11,548,-5,204,515,0,-1,-1,-1,0x1020480010140015,1511,1506,1607,988,2012,1497,1505,1500,1500,1497,988,1500,1500,1500,1500,1500,1500,1500,1500,2012,1500,1541,1500,2012,1500,1509,1506,1500,1520,1505,1500,2012,8.3
2025-07-05,18:47:41.330,-80,-72,10,3707,1130,61,1,16,0,150,23,1784,-5,11,548,-6,205,516,0,-1,-1,-1,0x1020480010140015,1511,1506,1571,988,2012,1498,1505,1500,1500,1498,988,1500,1500,1500,1500,1500,1500,1500,1500,2012,1500,1541,1500,2012,1500,1509,1506,1500,1520,1505,1500,2012,8.3
2025-07-05,18:47:41.830,-90,-65,100,3708,170,61,1,16,0,150,23,1785,-6,11,548,-6,205,516,0,-1,-1,-1,0x1020480010140014,1511,1506,1500,988,2012,1497,1505,1500,1500,1498,988,1500,1500,1500,1500,1500,1500,1500,1500,2012,1500,1541,1500,2012,1500,1509,1506,1500,1520,1505,1500,2012,8.3
2025-07-05,18:47:42.330,-84,-72,10,3710,170,61,1,16,0,150,23,1785,-5,11,548,-6,206,516,0,-1,-1,-1,0x1020488010140014,1511,1506,1500,988,2012,1498,1505,1500,1500,1497,988,1500,1500,1500,1500,1500,1500,1500,1500,2012,1500,1541,1500,2012,1500,1509,1506,1500,1520,1505,1500,2012,8.3
2025-07-05,18:47:42.830,-74,-57,250,3711,170,57,1,16,0,150,23,1785,-5,11,548,-6,205,516,0,-1,-1,-1,0x1020488010140014,1511,1506,1500,988,2012,1498,1505,1500,1500,1498,988,1500,1500,1500,1500,1500,1500,1500,1500,2012,1500,1541,1500,2012,1500,1509,1506,1500,1520,1505,1500,2012,8.3
2025-07-05,18:47:43.330,-72,-65,50,4678,170,54,1,16,0,150,23,1785,-6,11,548,-6,205,516,0,-1,-1,-1,0x1020488010140014,1511,1506,1500,988,2012,1497,1505,1500,1500,1497,988,1500,1500,1500,1500,1500,1500,1500,1500,2012,1500,1541,1500,2012,1500,1509,1506,1500,1520,1505,1500,2012,8.3
2025-07-05,18:47:43.830,-87,-74,10,3713,170,54,1,16,0,150,23,1785,-5,11,548,-6,205,516,0,-1,-1,-1,0x1020488010140014,1511,1506,1500,988,2012,1498,1505,1500,1500,1498,988,1500,1500,1500,1500,1500,1500,1500,1500,2012,1500,1541,1500,2012,1500,1509,1506,1500,1520,1505,1500,2012,8.3
2025-07-05,18:47:44.330,-80,-73,10,3713,170,54,1,16,0,150,23,1785,-5,11,548,-6,206,516,0,-1,-1,-1,0x1020488010140014,1511,1506,1500,988,2012,1498,1505,1500,1500,1498,988,1500,1500,1500,1500,1500,1500,1500,1500,2012,1500,1541,1500,2012,1500,1509,1506,1500,1520,1505,1500,2012,8.3
2025-07-05,18:47:44.830,-88,-68,250,3714,170,54,1,16,0,150,23,1785,-5,11,548,-5,205,516,0,-1,-1,-1,0x1020488010140014,1511,1506,1500,988,2012,1498,1505,1500,1500,1497,988,1500,1500,1500,1500,1500,1500,1500,1500,2012,1500,1541,1500,2012,1500,1509,1506,1500,1520,1505,1500,2012,8.3
2025-07-05,18:47:45.330,-93,-70,10,3714,170,54,1,16,0,150,23,1785,-5,11,548,-6,205,516,0,-1,-1,-1,0x1020488010140014,1511,1506,1500,988,2012,1498,1505,1500,1500,1498,988,1500,1500,1500,1500,1500,1500,1500,1500,2012,1500,1541,1500,2012,1500,1509,1506,1500,1520,1505,1500,2012,8.3
2025-07-05,18:47:45.830,-83,-76,10,3715,170,54,1,16,0,150,23,1785,-6,11,548,-6,205,516,0,-1,-1,-1,0x1020488010140014,1511,1506,1500,988,2012,1497,1505,1500,1500,1497,988,1500,1500,1500,1500,1500,1500,1500,1500,2012,1500,1541,1500,2012,1500,1509,1506,1500,1520,1505,1500,2012,8.3
2025-07-05,18:47:46.330,-85,-69,250,3715,170,54,1,16,0,150,23,1785,-6,11,548,-6,205,515,0,-1,-1,-1,0x1020488010140014,1511,1506,1500,988,2012,1497,1505,1500,1500,1497,988,1500,1500,1500,1500,1500,1500,1500,1500,2012,1500,1541,1500,2012,1500,1509,1506,1500,1520,1505,1500,2012,8.3
2025-07-05,18:47:46.830,-80,-80,10,3716,300,54,1,16,2,150,23,1785,-6,11,548,-6,205,516,0,-1,-1,-1,0x1020488010140014,1511,1506,1500,988,2012,1497,1505,1500,1500,1497,988,1500,1500,1500,1500,1500,1500,1500,1500,2012,1500,1541,1500,2012,1500,1509,1506,1500,1520,1505,1500,2012,8.3
2025-07-05,18:47:47.330,-70,-83,50,3716,210,54,1,16,0,150,23,1785,-5,11,548,-6,205,516,0,-1,-1,-1,0x1020488010140014,1511,1506,1500,988,2012,1498,1505,1500,1500,1497,988,1500,1500,1500,1500,1500,1500,1500,1500,2012,1500,1541,1500,2012,1500,1509,1506,1500,1520,1505,1500,2012,8.3
2025-07-05,18:47:47.830,-77,-79,10,3717,210,54,1,16,0,150,23,1785,-6,11,548,-6,206,516,0,-1,-1,-1,0x1020488010140014,1511,1506,1500,988,2012,1497,1505,1500,1500,1497,988,1500,1500,1500,1500,1500,1500,1500,1500,2012,1500,1541,1500,2012,1500,1509,1506,1500,1520,1505,1500,2012,8.3
2025-07-05,18:47:48.330,-71,-75,10,4358,170,54,1,16,0,150,23,1785,-5,11,548,-6,205,516,0,-1,-1,-1,0x1020488010140014,1511,1506,1500,988,2012,1498,1505,1500,1500,1497,988,1500,1500,1500,1500,1500,1500,1500,1500,2012,1500,1541,1500,2012,1500,1509,1506,1500,1520,1505,1500,2012,8.3
2025-07-05,18:47:48.830,-80,-80,10,3717,170,54,1,16,0,150,23,1785,-5,11,548,-6,205,516,0,-1,-1,-1,0x1020488010140014,1511,1506,1500,988,2012,1498,1505,1500,1500,1498,988,1500,1500,1500,1500,1500,1500,1500,1500,2012,1500,1541,1500,2012,1500,1509,1506,1500,1520,1505,1500,2012,8.3
2025-07-05,18:47:49.330,-77,-77,10,3718,170,54,1,16,0,150,23,1785,-5,11,548,-6,205,516,0,-1,-1,-1,0x1020488010140014,1511,1506,1500,988,2012,1498,1505,1500,1500,1498,988,1500,1500,1500,1500,1500,1500,1500,1500,2012,1500,1541,1500,2012,1500,1509,1506,1500,1520,1505,1500,2012,8.3
2025-07-05,18:47:49.830,-85,-82,10,3718,170,54,1,16,0,150,23,1785,-5,10,548,-6,206,516,0,-1,-1,-1,0x1020488010140014,1511,1506,1500,988,2012,1498,1505,1500,1500,1498,988,1500,1500,1500,1500,1500,1500,1500,1500,2012,1500,1541,1500,2012,1500,1509,1505,1500,1520,1505,1500,2012,8.3
2025-07-05,18:47:50.330,-74,-74,25,3718,160,54,1,16,0,150,23,1785,-5,11,548,-6,205,516,0,-1,-1,-1,0x1020488010140014,1511,1506,1500,988,2012,1498,1505,1500,1500,1498,988,1500,1500,1500,1500,1500,1500,1500,1500,2012,1500,1541,1500,2012,1500,1509,1506,1500,1520,1505,1500,2012,8.3
2025-07-05,18:47:50.830,-72,-91,25,3719,170,54,1,16,0,150,23,1785,-5,11,548,-6,205,516,0,-1,-1,-1,0x1020488010140014,1511,1506,1500,988,2012,1498,1505,1500,1500,1498,988,1500,1500,1500,1500,1500,1500,1500,1500,2012,1500,1541,1500,2012,1500,1509,1506,1500,1520,1505,1500,2012,8.3
2025-07-05,18:47:51.330,-75,-68,250,3719,170,54,1,16,0,150,23,1785,-6,11,548,-6,205,516,0,-1,-1,-1,0x1020488010140014,1511,1506,1500,988,2012,1497,1505,1500,1500,1498,988,1500,1500,1500,1500,1500,1500,1500,1500,2012,1500,1541,1500,2012,1500,1509,1506,1500,1520,1505,1500,2012,8.3
2025-07-05,18:47:51.830,-94,-78,10,3719,160,53,1,16,0,150,23,1785,-5,11,548,-6,205,516,0,-1,-1,-1,0x1020488010140014,1511,1506,1500,988,2012,1498,1505,1500,1500,1498,988,1500,1500,1500,1500,1500,1500,1500,1500,2012,1500,1541,1500,2012,1500,1509,1506,1500,1520,1505,1500,2012,8.3
2025-07-05,18:47:52.330,-87,-79,10,3719,170,53,1,16,0,150,23,1785,-5,11,548,-6,205,516,0,-1,-1,-1,0x1020488010140014,1511,1506,1500,988,2012,1498,1505,1500,1500,1498,988,1500,1500,1500,1500,1500,1500,1500,1500,2012,1500,1541,1500,2012,1500,1509,1506,1500,1520,1505,1500,2012,8.3
2025-07-05,18:47:52.830,-77,-76,10,3719,160,53,1,16,0,150,23,1785,-5,12,548,-6,205,516,0,-1,-1,-1,0x1020488010140014,1511,1506,1500,988,2012,1498,1506,1500,1500,1497,988,1500,1500,1500,1500,1500,1500,1500,1500,2012,1500,1541,1500,2012,1500,1509,1506,1500,1520,1505,1500,2012,8.3
2025-07-05,18:47:53.330,-70,-74,250,3720,180,53,1,16,0,150,23,1785,-5,11,548,-6,205,516,0,-1,-1,-1,0x1020488010140014,1511,1506,1500,988,2012,1498,1505,1500,1500,1498,988,1500,1500,1500,1500,1500,1500,1500,1500,2012,1500,1541,1500,2012,1500,1509,1506,1500,1520,1505,1500,2012,8.3
2025-07-05,18:47:53.830,-79,-75,10,4360,160,53,1,16,0,150,23,1785,-6,11,548,-6,205,516,0,-1,-1,-1,0x1020488010140014,1511,1506,1500,988,2012,1497,1505,1500,1500,1497,988,1500,1500,1500,1500,1500,1500,1500,1500,2012,1500,1541,1500,2012,1500,1509,1506,1500,1520,1505,1500,2012,8.3
2025-07-05,18:47:54.330,-80,-77,25,3720,170,53,1,16,0,150,23,1785,-5,11,548,-6,205,516,0,-1,-1,-1,0x1020488010140014,1511,1506,1500,988,2012,1498,1505,1500,1500,1498,988,1500,1500,1500,1500,1500,1500,1500,1500,2012,1500,1541,1500,2012,1500,1509,1506,1500,1520,1505,1500,2012,8.3
2025-07-05,18:47:54.830,-69,-80,10,3720,170,53,1,16,0,150,23,1785,-5,11,547,-6,206,516,0,-1,-1,-1,0x1020488010140014,1511,1506,1500,988,2012,1498,1505,1500,1500,1498,988,1500,1500,1500,1500,1500,1500,1500,1500,2012,1500,1541,1500,2012,1500,1509,1506,1500,1520,1505,1500,2012,8.3
2025-07-05,18:47:55.330,-72,-82,10,3720,170,53,1,16,0,150,23,1785,-5,11,548,-6,205,516,0,-1,-1,-1,0x1020488010140014,1511,1506,1500,988,2012,1498,1505,1500,1500,1498,988,1500,1500,1500,1500,1500,1500,1500,1500,2012,1500,1541,1500,2012,1500,1509,1506,1500,1520,1505,1500,2012,8.3
2025-07-05,18:47:55.830,-75,-75,10,3721,170,53,1,16,0,150,23,1785,-5,11,548,-6,205,516,0,-1,-1,-1,0x1020488010140014,1511,1506,1500,988,2012,1498,1505,1500,1500,1498,988,1500,1500,1500,1500,1500,1500,1500,1500,2012,1500,1541,1500,2012,1500,1509,1506,1500,1520,1505,1500,2012,8.3
2025-07-05,18:47:56.330,-88,-78,10,3721,160,53,1,16,0,150,23,1785,-6,11,548,-6,205,516,0,-1,-1,-1,0x1020488010140014,1511,1506,1500,988,2012,1497,1505,1500,1500,1497,988,1500,1500,1500,1500,1500,1500,1500,1500,2012,1500,1541,1500,2012,1500,1509,1506,1500,1520,1505,1500,2012,8.3
2025-07-05,18:47:56.830,-77,-73,10,3721,170,53,1,16,0,150,23,1785,-5,11,548,-6,205,516,0,-1,-1,-1,0x1020488010140014,1511,1506,1500,988,2012,1498,1505,1500,1500,1498,988,1500,1500,1500,1500,1500,1500,1500,1500,2012,1500,1541,1500,2012,1500,1509,1506,1500,1520,1505,1500,2012,8.3
2025-07-05,18:47:57.330,-78,-74,10,3721,160,53,1,16,0,150,23,1785,-6,11,548,-6,205,516,0,-1,-1,-1,0x1020488010140014,1511,1506,1500,988,2012,1498,1505,1500,1500,1497,988,1500,1500,1500,1500,1500,1500,1500,1500,2012,1500,1541,1500,2012,1500,1509,1506,1500,1520,1505,1500,2012,8.3
2025-07-05,18:47:57.830,-92,-77,25,3721,170,53,1,16,0,150,23,1785,-5,11,548,-6,205,516,0,-1,-1,-1,0x1020488010140014,1511,1506,1500,988,2012,1498,1505,1500,1500,1498,988,1500,1500,1500,1500,1500,1500,1500,1500,2012,1500,1541,1500,2012,1500,1509,1506,1500,1520,1505,1500,2012,8.3
2025-07-05,18:47:58.330,-83,-74,10,3721,490,53,1,16,608,150,23,1785,-5,11,547,-6,205,516,0,-1,-1,-1,0x1020488010140014,1511,1506,1500,988,2012,1498,1505,1500,1500,1498,988,1500,1500,1500,1500,1500,1500,1500,1500,2012,1500,1541,1500,2012,1500,1509,1506,1500,1520,1505,1500,2012,8.3
2025-07-05,18:47:58.830,-80,-80,10,4680,170,53,1,16,602,150,23,1785,-5,11,548,-6,206,516,0,-1,-1,-1,0x1020488010140054,1511,1506,1500,988,2012,1498,1505,1500,1500,1497,988,1500,1500,1500,1500,1500,1500,1500,1500,2012,1500,1541,1500,2012,1500,1509,1506,1500,1520,1505,1500,2012,8.3
2025-07-05,18:47:59.330,-72,-69,10,3721,170,53,1,16,30,150,23,1785,-5,11,548,-6,205,516,0,-1,-1,-1,0x1020488010140054,1511,1506,1500,988,2012,1498,1505,1500,1500,1498,988,1500,1500,1500,1500,1500,1500,1500,1500,2012,1500,1541,1500,2012,1500,1509,1506,1500,1520,1505,1500,2012,8.3
2025-07-05,18:47:59.830,-74,-76,10,3722,170,53,1,16,0,150,23,1785,-8,15,548,-6,206,516,0,-1,-1,-1,0x1020488010140014,1511,1508,1500,988,2012,1496,1507,1500,1500,1496,988,1500,1500,1500,1500,1500,1500,1500,1500,2012,1500,1541,1500,2012,1500,1512,1508,1500,1520,1505,1500,2012,8.3
2025-07-05,18:48:00.330,-79,-83,10,3722,6880,53,1,16,5792,150,23,1786,-2,401,548,-6,206,516,0,-1,-1,-1,0x1020488010140055,1512,1685,1581,988,2012,1499,1704,1500,1500,1499,988,1500,1500,1500,1500,1500,1500,1500,1372,1628,1500,1541,1500,2012,1500,1758,1685,1500,1520,1505,1500,2012,8.3
2025-07-05,18:48:00.830,-78,-76,10,3707,35730,53,1,16,11386,150,23,1790,84,737,548,-6,206,516,0,-1,-1,-1,0x1020488014140055,1530,1824,1607,988,2012,1542,1876,1500,1500,1542,988,1500,1500,1500,1500,1500,1500,1500,1372,1628,1500,1541,1500,2012,1500,1913,1824,1500,1520,1505,1500,2012,8.3
2025-07-05,18:48:01.330,-68,-70,25,3670,64620,53,1,16,16238,150,23,1795,-47,208,548,-6,205,516,0,-1,-1,-1,0x1020488010140015,1506,1607,1607,988,2012,1477,1606,1500,1500,1483,988,1500,1500,1500,1500,1500,1500,1500,1372,1628,1500,1541,1500,2012,1500,1850,1613,1500,1520,1505,1500,2012,8.3
2025-07-05,18:48:01.830,-67,-66,10,3666,1550,58,1,16,18248,150,23,1799,-3,11,548,-6,205,516,0,-1,-1,-1,0x1020488010140015,1512,1506,1607,988,2012,1499,1505,1500,1500,1499,988,1500,1500,1500,1500,1500,1500,1500,1009,2012,1500,1541,1500,2012,1500,1509,1506,1500,1520,1505,1500,2012,8.3
2025-07-05,18:48:02.330,-62,-62,25,3697,1730,60,1,16,13682,150,23,1799,-16,10,548,-6,205,516,0,-1,-1,-1,0x1020488010140015,1510,1505,1607,988,2012,1492,1505,1500,1500,1493,988,1500,1500,1500,1500,1500,1500,1500,1372,2012,1500,1541,1500,2012,1500,1508,1505,1500,1520,1505,1500,2012,8.3
2025-07-05,18:48:02.830,-67,-63,10,3709,0,61,1,16,9486,150,23,1799,11,-1010,548,-6,205,516,0,-1,-1,-1,0x1020488012140015,1514,1069,1558,989,2012,1505,995,1500,1065,1505,988,1500,1500,1500,1500,1500,1500,1065,1060,2012,1500,1541,1500,2012,1500,1071,1500,1500,1520,1505,1500,2012,8.3
2025-07-05,18:48:03.330,-74,-65,10,3711,720,61,1,16,4486,150,23,1799,1024,13,548,-6,205,516,0,-1,-1,-1,0x1020488014140415,1768,1507,1539,988,2012,2012,1506,1500,1500,2012,988,1500,1500,1500,1500,1500,1500,1500,1372,2012,1500,1541,1500,2012,1500,1510,1507,1500,1520,1505,1500,2012,8.3
2025-07-05,18:48:03.830,-61,-80,10,4035,16550,61,1,16,9394,150,23,1800,907,439,548,-6,205,516,0,-1,-1,-1,0x1020488014140015,1724,1706,1607,988,2012,1953,1724,1500,1500,1953,988,1500,1500,1500,1500,1500,1500,1500,1372,1628,1500,1541,1500,2012,1500,1782,1706,1500,1520,1505,1500,2012,8.3
2025-07-05,18:48:04.330,-64,-65,10,4014,31850,61,1,16,0,150,23,1803,503,589,547,-6,205,516,0,-1,-1,-1,0x1020488014140055,1617,1771,1607,988,2012,1751,1800,1500,1500,1752,988,1500,1500,1500,1500,1500,1500,1500,1372,1628,1500,1541,1500,2012,1500,1858,1772,1500,1520,1505,1500,2012,8.3
2025-07-05,18:48:04.830,-63,-51,10,3678,27160,61,1,16,14050,150,23,1807,-43,630,548,-6,206,516,0,-1,-1,-1,0x1020488010140055,1505,1782,1607,988,2012,1479,1821,1500,1500,1479,988,1500,1500,1500,1500,1500,1500,1500,1372,1628,1500,1541,1500,2012,1500,1870,1782,1500,1520,1505,1500,2012,8.3
2025-07-05,18:48:05.330,-62,-59,10,3671,32510,61,1,16,17226,150,23,1811,-22,754,548,-6,206,516,0,-1,-1,-1,0x1020488010140015,1509,1833,1607,988,2012,1489,1884,1500,1500,1489,988,1500,1500,1500,1500,1500,1500,1500,1372,1628,1500,1541,1500,2012,1500,1920,1833,1500,1520,1505,1500,2012,8.3
2025-07-05,18:48:05.830,-62,-60,10,3666,65650,61,1,16,25476,150,23,1816,1,982,547,-6,205,516,0,-1,-1,-1,0x1020488010142015,1512,1988,1607,988,2012,1500,2001,1500,1500,1500,988,1500,1500,1500,1500,1500,1500,1500,1372,1628,1500,1541,1500,2012,1500,2004,1988,1500,1520,1505,1500,2012,8.3
2025-07-05,18:48:06.330,-70,-71,10,3656,1670,62,1,16,21240,150,23,1820,316,6,548,-6,205,516,0,-1,-1,-1,0x1020488014140415,1580,1503,1607,988,2012,1658,1503,1500,1500,1657,988,1500,1500,1500,1500,1500,1500,1500,1122,2012,1500,1541,1500,2012,1500,1505,1503,1500,1520,1505,1500,2012,8.3
2025-07-05,18:48:06.830,-61,-64,10,3684,2720,62,1,16,19394,150,23,1820,491,471,548,-6,205,516,0,-1,-1,-1,0x1020488014140015,1613,1719,1607,988,2012,1745,1740,1500,1500,1740,988,1500,1500,1500,1500,1500,1500,1500,1372,1628,1500,1541,1500,2012,1500,1798,1720,1500,1520,1505,1500,2012,8.3
2025-07-05,18:48:07.330,-79,-79,10,3697,7060,63,1,16,18450,150,23,1821,637,446,548,-5,205,516,0,-1,-1,-1,0x1020488014140015,1647,1709,1607,988,2012,1818,1727,1500,1500,1818,988,1500,1500,1500,1500,1500,1500,1500,1372,1628,1500,1541,1500,2012,1500,1786,1709,1500,1520,1505,1500,2012,8.3
2025-07-05,18:48:07.830,-69,-77,10,3691,16240,63,1,16,17164,150,23,1823,746,455,548,-6,205,516,0,-1,-1,-1,0x1020488014140015,1672,1713,1607,988,2012,1873,1732,1500,1500,1867,988,1500,1500,1500,1500,1500,1500,1500,1372,1628,1500,1541,1500,2012,1500,1791,1713,1500,1520,1505,1500,2012,8.3
2025-07-05,18:48:08.330,-67,-72,10,3685,17210,64,1,16,16436,150,24,1825,570,619,548,-6,205,516,0,-1,-1,-1,0x1020488014140015,1631,1778,1607,988,2012,1785,1815,1500,1500,1785,988,1500,1500,1500,1500,1500,1500,1500,1372,1628,1500,1541,1500,2012,1500,1866,1778,1500,1520,1505,1500,2012,8.3
2025-07-05,18:48:08.830,-65,-70,10,3684,0,65,1,16,44694,150,24,1826,35,6,548,-6,206,516,0,-1,-1,-1,0x1020488010140015,1520,1503,1607,988,2012,1517,1503,1500,1500,1518,988,1500,1500,1500,1500,1500,1500,1500,1152,2012,1500,1541,1500,2012,1500,1505,1503,1500,1520,1505,1500,2012,8.3
2025-07-05,18:48:09.330,-78,-75,25,3696,9730,65,1,16,16778,150,24,1826,307,11,548,-6,205,516,0,-1,-1,-1,0x1020488014140015,1578,1506,1607,988,2012,1653,1505,1500,1500,1653,988,1500,1500,1500,1500,1500,1500,1500,1270,1730,1500,1541,1500,2012,1500,1603,1506,1500,1520,1505,1500,2012,8.3
2025-07-05,18:48:09.830,-72,-75,25,3701,16140,65,1,16,10896,150,24,1827,906,448,548,-6,205,516,0,-1,-1,-1,0x1020488014140015,1723,1710,1607,988,2012,1953,1728,1500,1500,1953,988,1500,1500,1500,1500,1500,1500,1500,1372,1628,1500,1541,1500,2012,1500,1787,1709,1500,1520,1505,1500,2012,8.3
2025-07-05,18:48:10.330,-76,-73,25,3687,30940,64,1,16,12416,150,24,1830,786,657,548,-6,205,516,0,-1,-1,-1,0x1020488014140015,1687,1789,1607,988,2012,1893,1835,1500,1500,1893,988,1500,1500,1500,1500,1500,1500,1500,1372,1628,1500,1541,1500,2012,1500,1877,1789,1500,1520,1505,1500,2012,8.3
2025-07-05,18:48:10.830,-74,-77,25,3675,14370,62,1,16,22156,150,24,1833,389,644,548,-6,205,516,0,-1,-1,-1,0x1020488014140015,1595,1788,1607,988,2012,1694,1828,1500,1500,1694,988,1500,1500,1500,1500,1500,1500,1500,1372,1628,1500,1541,1500,2012,1500,1876,1788,1500,1520,1505,1500,2012,8.3
2025-07-05,18:48:11.330,-80,-81,10,3676,0,62,1,16,12252,150,24,1835,93,-759,548,-6,206,516,0,-1,-1,-1,0x1020488016140015,1532,1155,1607,988,2012,1546,1121,1152,1500,1546,988,1500,1500,1500,1500,1500,1500,1152,1090,2012,1500,1541,1500,2012,1500,1084,1500,1500,1520,1505,1500,2012,8.3
2025-07-05,18:48:11.830,-76,-77,10,3699,2020,62,1,16,6974,150,24,1835,662,14,548,-6,206,516,0,-1,-1,-1,0x1020488014140455,1653,1507,1607,988,2012,1831,1507,1500,1500,1831,988,1500,1500,1500,1500,1500,1500,1500,1372,2012,1500,1541,1500,2012,1500,1511,1507,1500,1520,1505,1500,2012,8.3
2025-07-05,18:48:12.330,-78,-70,10,3703,1680,62,1,16,6256,150,24,1835,1024,-503,548,-6,205,516,0,-1,-1,-1,0x1020488016180055,1768,1312,1607,988,2012,2012,1249,1311,1500,2012,988,1500,1500,1500,1500,1500,1500,1310,999,2012,1500,1541,1500,2012,1500,1275,1500,1500,1520,1505,1500,2012,8.3
2025-07-05,18:48:12.830,-79,-81,10,3703,16270,62,1,16,5260,150,24,1835,1024,371,548,-6,205,516,0,-1,-1,-1,0x1020488014140015,1768,1675,1607,988,2012,2012,1689,1500,1500,2012,988,1500,1500,1500,1500,1500,1500,1500,1372,1628,1500,1541,1500,2012,1500,1747,1670,1500,1520,1505,1500,2012,8.3
2025-07-05,18:48:13.330,-76,-76,10,3696,17170,63,1,16,10302,150,24,1838,1024,478,548,-6,205,516,0,-1,-1,-1,0x1020488014140055,1768,1722,1607,988,2012,2012,1744,1500,1500,2012,988,1500,1500,1500,1500,1500,1500,1500,1372,1628,1500,1541,1500,2012,1500,1802,1722,1500,1520,1505,1500,2012,8.3
2025-07-05,18:48:13.830,-81,-84,25,3679,47820,64,1,16,18180,150,24,1841,-9,749,547,-6,206,516,0,-1,-1,-1,0x1020488010140055,1511,1830,1607,988,2012,1496,1882,1500,1500,1496,988,1500,1500,1500,1500,1500,1500,1500,1372,1628,1500,1541,1500,2012,1500,1918,1830,1500,1520,1505,1500,2012,8.3
2025-07-05,18:48:14.330,-77,-75,100,3672,17930,63,1,16,13124,150,24,1845,-544,628,548,-6,205,516,0,-1,-1,-1,0x1020488014140015,1406,1782,1607,988,2012,1228,1820,1500,1500,1228,988,1500,1500,1500,1500,1500,1500,1500,1372,1628,1500,1541,1500,2012,1500,1869,1782,1500,1520,1505,1500,2012,8.3
2025-07-05,18:48:14.830,-70,-66,50,3670,10680,63,1,16,12308,150,24,1847,-745,508,548,-5,205,516,0,-1,-1,-1,0x1020488014140015,1342,1739,1607,988,2012,1128,1759,1500,1500,1128,988,1500,1500,1500,1500,1500,1500,1500,1372,1628,1500,1541,1500,2012,1500,1821,1739,1500,1520,1505,1500,2012,8.3
2025-07-05,18:48:15.330,-86,-80,10,3675,22860,63,1,16,13682,150,24,1850,-825,642,547,-6,206,516,0,-1,-1,-1,0x1020488014140015,1310,1787,1607,988,2012,1088,1827,1500,1500,1088,988,1500,1500,1500,1500,1500,1500,1500,1372,1628,1500,1541,1500,2012,1500,1875,1787,1500,1520,1505,1500,2012,8.3
2025-07-05,18:48:15.830,-86,-78,100,3671,21510,62,1,16,14214,150,24,1853,-868,587,548,-6,205,516,0,-1,-1,-1,0x1020488014140015,1290,1766,1607,988,2012,1066,1799,1500,1500,1066,988,1500,1500,1500,1500,1500,1500,1500,1372,1628,1500,1541,1500,2012,1500,1852,1766,1500,1520,1505,1500,2012,8.3
2025-07-05,18:48:16.330,-71,-74,10,3665,21090,62,1,16,15544,150,24,1856,-866,667,548,-6,206,516,0,-1,-1,-1,0x1020488014140015,1291,1797,1607,988,2012,1067,1840,1500,1500,1067,988,1500,1500,1500,1500,1500,1500,1500,1372,1628,1500,1541,1500,2012,1500,1886,1797,1500,1520,1505,1500,2012,8.3
2025-07-05,18:48:16.830,-75,-74,10,3662,47910,62,1,16,17516,150,24,1860,-594,995,547,-6,205,516,0,-1,-1,-1,0x1020488014142015,1387,2000,1607,988,2012,1203,2007,1500,1500,1194,988,1500,1500,1500,1500,1500,1500,1500,1372,1628,1500,1541,1500,2012,1500,2008,2000,1500,1520,1505,1500,2012,8.3
2025-07-05,18:48:17.330,-72,-82,250,3656,2000,62,1,16,17724,150,24,1867,1,14,548,-6,205,516,0,-1,-1,-1,0x1020488010140015,1512,1507,1607,988,2012,1500,1507,1500,1500,1500,988,1500,1500,1500,1500,1500,1500,1500,988,2012,1500,1541,1500,2012,1500,1511,1507,1500,1520,1505,1500,2012,8.3
2025-07-05,18:48:17.830,-83,-74,100,3674,12290,63,1,16,14870,150,24,1867,-47,292,548,-6,205,516,0,-1,-1,-1,0x1020488010140015,1505,1647,1607,988,2012,1477,1649,1500,1500,1477,988,1500,1500,1500,1500,1500,1500,1500,1372,1628,1500,1541,1500,2012,1500,1741,1654,1500,1520,1505,1500,2012,8.3
2025-07-05,18:48:18.330,-66,-62,10,3690,1250,63,1,16,0,150,25,1867,-438,-937,548,-6,206,516,0,-1,-1,-1,0x10204880161C0015,1433,1069,1607,989,2012,1281,1032,1500,1065,1281,988,1500,1500,1500,1500,1500,1500,1065,1141,2012,1500,1541,1500,2012,1500,1019,1500,1500,1520,1505,1500,2012,8.3
2025-07-05,18:48:18.830,-51,-64,250,3692,1550,63,1,16,7292,150,25,1867,-792,8,548,-6,205,516,0,-1,-1,-1,0x1020488014140055,1316,1504,1607,988,2012,1105,1504,1500,1500,1095,988,1500,1500,1500,1500,1500,1500,1500,1270,1730,1500,1541,1500,2012,1500,1627,1504,1500,1520,1505,1500,2012,8.3
2025-07-05,18:48:19.330,-58,-57,10,3692,1550,63,1,16,7292,150,25,1867,-1021,323,548,-6,206,516,0,-1,-1,-1,0x1020488014140055,1201,1653,1607,988,2012,990,1664,1500,1500,990,988,1500,1500,1500,1500,1500,1500,1500,1372,1628,1500,1541,1500,2012,1500,1720,1647,1500,1520,1505,1500,2012,8.3
2025-07-05,18:48:19.830,-94,-71,10,3675,44660,64,1,16,14570,38,25,1867,-954,502,548,-6,205,516,0,-1,-1,-1,0x1020480014140015,1242,1737,1607,988,2012,1023,1756,1500,1500,1024,988,1500,1500,1500,1500,1500,1500,1500,1372,1628,1500,1541,1500,2012,1500,1846,1750,1500,1520,1505,1500,2012,8.3
2025-07-05,18:48:20.330,-76,-68,10,3655,16880,64,1,16,12154,1,25,1867,-373,213,548,-6,206,516,0,-1,-1,-1,0x1020480014140015,1448,1609,1607,988,2012,1314,1608,1500,1500,1314,988,1500,1500,1500,1500,1500,1500,1500,1372,1628,1500,1541,1500,2012,1500,1685,1613,1500,1520,1505,1500,2012,8.3
2025-07-05,18:48:20.830,-71,-66,10,3668,15860,64,1,16,17406,1,25,1867,-516,583,548,-6,206,516,0,-1,-1,-1,0x1020480014140015,1413,1760,1607,988,2012,1242,1797,1500,1500,1242,988,1500,1500,1500,1500,1500,1500,1500,1372,1628,1500,1541,1500,2012,1500,1845,1760,1500,1520,1505,1500,2012,8.3
2025-07-05,18:48:21.330,-66,-77,100,3677,6160,64,1,16,14526,1,25,1867,-486,499,548,-6,205,516,0,-1,-1,-1,0x1020480014140015,1421,1730,1607,988,2012,1257,1754,1500,1500,1257,988,1500,1500,1500,1500,1500,1500,1500,1372,1628,1500,1541,1500,2012,1500,1812,1731,1500,1520,1505,1500,2012,8.3
2025-07-05,18:48:21.830,-68,-71,10,3679,1490,64,1,16,16656,1,25,1867,-349,11,548,-6,206,516,0,-1,-1,-1,0x1020480014140015,1454,1506,1607,988,2012,1326,1505,1500,1500,1326,988,1500,1500,1500,1500,1500,1500,1500,988,2012,1500,1541,1500,2012,1500,1509,1506,1500,1520,1505,1500,2012,8.3
2025-07-05,18:48:22.330,-75,-77,10,3685,1820,64,1,16,10874,1,25,1867,524,326,548,-6,205,516,0,-1,-1,-1,0x1020480014140415,1621,1660,1607,988,2012,1762,1666,1500,1500,1761,988,1500,1500,1500,1500,1500,1500,1500,1372,1628,1500,1541,1500,2012,1500,1728,1660,1500,1520,1505,1500,2012,8.3
2025-07-05,18:48:22.830,-61,-87,50,3692,1640,65,1,16,7734,150,25,1880,932,386,547,-6,206,516,0,-1,-1,-1,0x1020480014140015,1731,1678,1607,988,2012,1966,1697,1500,1500,1965,988,1500,1500,1500,1500,1500,1500,1500,1372,1628,1500,1541,1500,2012,1500,1749,1672,1500,1520,1505,1500,2012,8.3
2025-07-05,18:48:23.330,-74,-74,10,3692,20350,65,1,16,10988,150,25,1882,1024,299,548,-6,206,516,0,-1,-1,-1,0x1020480014140015,1768,1643,1607,988,2012,2012,1652,1500,1500,2012,988,1500,1500,1500,1500,1500,1500,1500,1372,1628,1500,1541,1500,2012,1500,1706,1643,1500,1520,1505,1500,2012,8.3
2025-07-05,18:48:23.830,-78,-76,10,3676,22170,66,1,16,10502,150,25,1884,996,550,548,-6,205,516,0,-1,-1,-1,0x1020488014140055,1755,1751,1607,988,2012,1998,1780,1500,1500,1998,988,1500,1500,1500,1500,1500,1500,1500,1372,1628,1500,1541,1500,2012,1500,1835,1751,1500,1520,1505,1500,2012,8.3
2025-07-05,18:48:24.330,-83,-71,10,3668,24820,65,1,16,12532,150,25,1888,362,644,547,-6,205,516,0,-1,-1,-1,0x1020488014140055,1593,1787,1607,988,2012,1681,1828,1500,1500,1690,988,1500,1500,1500,1500,1500,1500,1500,1372,1628,1500,1541,1500,2012,1500,1876,1787,1500,1520,1505,1500,2012,8.3
2025-07-05,18:48:24.830,-82,-75,10,4663,28050,65,1,16,16466,150,25,1891,-478,70,548,-6,206,516,0,-1,-1,-1,0x1020488014140015,1426,1539,1607,988,2012,1261,1535,1500,1500,1268,988,1500,1500,1500,1500,1500,1500,1500,1372,1628,1500,1541,1500,2012,1500,1749,1539,1500,1520,1505,1500,2012,8.3
2025-07-05,18:48:25.330,-65,-71,10,3664,1830,66,1,16,10898,150,25,1893,-626,8,548,-6,206,516,0,-1,-1,-1,0x1020488014140015,1384,1504,1607,988,2012,1187,1504,1500,1500,1187,988,1500,1500,1500,1500,1500,1500,1500,988,2012,1500,1541,1500,2012,1500,1506,1504,1500,1520,1505,1500,2012,8.3
2025-07-05,18:48:25.830,-71,-65,10,3684,1230,66,1,16,4274,150,25,1893,-256,11,548,-6,206,516,0,-1,-1,-1,0x1020488014140015,1470,1506,1607,988,2012,1372,1505,1500,1500,1372,988,1500,1500,1500,1500,1500,1500,1500,1372,2012,1500,1541,1500,2012,1500,1509,1506,1500,1520,1505,1500,2012,8.3
2025-07-05,18:48:26.330,-69,-66,10,3692,2070,66,1,16,814,150,25,1894,-170,12,548,-6,206,516,0,-1,-1,-1,0x1020488014140015,1485,1506,1607,988,2012,1415,1506,1500,1500,1415,988,1500,1500,1500,1500,1500,1500,1500,1372,2012,1500,1541,1500,2012,1500,1509,1506,1500,1520,1505,1500,2012,8.3
2025-07-05,18:48:26.830,-76,-78,10,3695,47960,65,1,16,2964,150,25,1894,-1024,455,548,-6,206,516,0,-1,-1,-1,0x1020488014140055,1199,1720,1607,988,2012,988,1732,1500,1500,988,988,1500,1500,1500,1500,1500,1500,1500,1372,1628,1500,1541,1500,2012,1500,1799,1720,1500,1520,1505,1500,2012,8.3
2025-07-05,18:48:27.330,-82,-72,10,3695,3960,65,1,16,3170,150,25,1896,-1024,247,547,-6,206,516,0,-1,-1,-1,0x1020488014140055,1199,1619,1607,988,2012,988,1626,1500,1500,988,988,1500,1500,1500,1500,1500,1500,1500,1372,1628,1500,1541,1500,2012,1500,1675,1619,1500,1520,1505,1500,2012,8.3
2025-07-05,18:48:27.830,-72,-76,10,3690,9160,62,1,16,4248,150,25,1897,-1024,352,547,-6,205,516,0,-1,-1,-1,0x1020488014140015,1199,1666,1607,988,2012,988,1679,1500,1500,988,988,1500,1500,1500,1500,1500,1500,1500,1372,1628,1500,1541,1500,2012,1500,1736,1666,1500,1520,1505,1500,2012,8.3
2025-07-05,18:48:28.330,-80,-80,10,3683,12230,62,1,16,10600,150,25,1900,186,384,548,-6,205,516,0,-1,-1,-1,0x1020488014140015,1547,1682,1607,988,2012,1593,1696,1500,1500,1583,988,1500,1500,1500,1500,1500,1500,1500,1372,1628,1500,1541,1500,2012,1500,1754,1682,1500,1520,1505,1500,2012,8.3
2025-07-05,18:48:28.830,-68,-71,10,3678,1610,62,1,16,6592,150,25,1901,939,-1,548,-6,205,516,0,-1,-1,-1,0x1020488014140015,1731,1500,1607,988,2012,1969,1500,1500,1500,1964,988,1500,1500,1500,1500,1500,1500,1500,999,2012,1500,1541,1500,2012,1500,1499,1500,1500,1520,1505,1500,2012,8.3
2025-07-05,18:48:29.330,-74,-75,10,3689,14100,62,1,16,10406,150,25,1902,1005,392,548,-6,205,516,0,-1,-1,-1,0x1020488014140015,1759,1685,1607,988,2012,2002,1700,1500,1500,2002,988,1500,1500,1500,1500,1500,1500,1500,1372,1628,1500,1541,1500,2012,1500,1752,1679,1500,1520,1505,1500,2012,8.3
2025-07-05,18:48:29.830,-72,-73,10,4343,25810,63,1,16,9538,150,25,1904,323,512,547,-6,205,516,0,-1,-1,-1,0x1020488014140015,1581,1736,1607,988,2012,1661,1761,1500,1500,1661,988,1500,1500,1500,1500,1500,1500,1500,1372,1628,1500,1541,1500,2012,1500,1819,1736,1500,1520,1505,1500,2012,8.3
2025-07-05,18:48:30.330,-77,-78,10,3668,6050,63,1,16,12198,150,25,1907,-20,18,548,-6,205,516,0,-1,-1,-1,0x1020488010140015,1509,1510,1607,988,2012,1490,1509,1500,1500,1490,988,1500,1500,1500,1500,1500,1500,1500,1219,1781,1500,1541,1500,2012,1500,1515,1510,1500,1520,1505,1500,2012,8.3
2025-07-05,18:48:30.830,-73,-69,10,3673,16580,63,1,16,17728,150,25,1908,104,597,547,-6,205,516,0,-1,-1,-1,0x1020488014140015,1531,1770,1607,988,2012,1552,1804,1500,1500,1545,988,1500,1500,1500,1500,1500,1500,1500,1372,1628,1500,1541,1500,2012,1500,1856,1770,1500,1520,1505,1500,2012,8.3
2025-07-05,18:48:31.330,-70,-83,10,3676,17160,63,1,16,14816,150,25,1912,3,491,547,-6,206,516,0,-1,-1,-1,0x1020488010140015,1513,1727,1607,988,2012,1501,1750,1500,1500,1501,988,1500,1500,1500,1500,1500,1500,1500,1372,1628,1500,1541,1500,2012,1500,1808,1727,1500,1520,1505,1500,2012,8.3
2025-07-05,18:48:31.830,-70,-68,10,3674,4720,63,1,16,12822,150,26,1913,-549,317,547,-5,205,516,0,-1,-1,-1,0x1020488014140015,1405,1651,1607,988,2012,1220,1661,1500,1500,1226,988,1500,1500,1500,1500,1500,1500,1500,1372,1628,1500,1541,1500,2012,1500,1717,1651,1500,1520,1505,1500,2012,8.3
2025-07-05,18:48:32.330,-74,-74,10,3684,7280,63,1,16,11754,150,26,1914,-599,493,548,-6,205,516,0,-1,-1,-1,0x1020488014140015,1391,1728,1607,988,2012,1201,1751,1500,1500,1201,988,1500,1500,1500,1500,1500,1500,1500,1372,1628,1500,1541,1500,2012,1500,1808,1722,1500,1520,1505,1500,2012,8.3
2025-07-05,18:48:32.830,-74,-73,10,3683,7840,63,1,16,10752,150,26,1916,493,489,548,-5,206,516,0,-1,-1,-1,0x1020488014140015,1615,1726,1607,988,2012,1746,1750,1500,1500,1746,988,1500,1500,1500,1500,1500,1500,1500,1372,1628,1500,1541,1500,2012,1500,1807,1726,1500,1520,1505,1500,2012,8.3
2025-07-05,18:48:33.330,-75,-65,10,3674,13320,64,1,16,11618,150,26,1919,593,534,548,-6,205,516,0,-1,-1,-1,0x1020488014140015,1637,1745,1607,988,2012,1796,1773,1500,1500,1796,988,1500,1500,1500,1500,1500,1500,1500,1372,1628,1500,1541,1500,2012,1500,1828,1745,1500,1520,1505,1500,2012,8.3
2025-07-05,18:48:33.830,-61,-70,10,3668,13640,64,1,16,15210,150,26,1922,441,574,547,-6,206,516,0,-1,-1,-1,0x1020488014140015,1605,1761,1607,988,2012,1713,1792,1500,1500,1720,988,1500,1500,1500,1500,1500,1500,1500,1372,1628,1500,1541,1500,2012,1500,1846,1761,1500,1520,1505,1500,2012,8.3
2025-07-05,18:48:34.330,-63,-77,10,3667,3590,64,1,16,14028,150,26,1924,154,72,548,-6,205,516,0,-1,-1,-1,0x1020488014140015,1544,1541,1607,988,2012,1577,1537,1500,1500,1577,988,1500,1500,1500,1500,1500,1500,1500,1117,1883,1500,1541,1500,2012,1500,1556,1533,1500,1520,1505,1500,2012,8.3
2025-07-05,18:48:34.830,-67,-77,10,3670,24750,64,1,16,13088,150,26,1925,601,633,547,-6,205,516,0,-1,-1,-1,0x1020488014140015,1639,1783,1607,988,2012,1795,1822,1500,1500,1801,988,1500,1500,1500,1500,1500,1500,1500,1372,1628,1500,1541,1500,2012,1500,1871,1783,1500,1520,1505,1500,2012,8.3
2025-07-05,18:48:35.330,-69,-71,10,4668,14610,65,1,16,13970,150,26,1929,-426,423,547,-6,205,516,0,-1,-1,-1,0x1020488014140015,1433,1700,1607,988,2012,1287,1715,1500,1500,1281,988,1500,1500,1500,1500,1500,1500,1500,1372,1628,1500,1541,1500,2012,1500,1775,1704,1500,1520,1505,1500,2012,8.3
2025-07-05,18:48:35.830,-77,-74,10,3668,1610,65,1,16,13540,150,26,1930,4,12,547,-6,206,516,0,-1,-1,-1,0x1020488010140015,1513,1506,1607,988,2012,1502,1506,1500,1500,1502,988,1500,1500,1500,1500,1500,1500,1500,1080,2012,1500,1541,1500,2012,1500,1509,1506,1500,1520,1505,1500,2012,8.3
2025-07-05,18:48:36.330,-77,-69,10,3686,1500,64,1,16,11754,150,26,1930,-136,9,547,-6,205,516,0,-1,-1,-1,0x1020488014140015,1490,1505,1607,988,2012,1432,1504,1500,1500,1432,988,1500,1500,1500,1500,1500,1500,1500,1372,2012,1500,1541,1500,2012,1500,1507,1505,1500,1520,1505,1500,2012,8.3
2025-07-05,18:48:36.830,-70,-71,10,3691,1560,63,1,16,10974,150,26,1931,4,8,548,-6,206,516,0,-1,-1,-1,0x1020488010140015,1513,1505,1607,988,2012,1502,1504,1500,1500,1502,988,1500,1500,1500,1500,1500,1500,1500,1372,2012,1500,1541,1500,2012,1500,1507,1504,1500,1520,1505,1500,2012,8.3
2025-07-05,18:48:37.330,-73,-70,10,3693,1500,63,1,16,9902,150,26,1931,3,8,548,-6,205,516,0,-1,-1,-1,0x1020488010140015,1513,1504,1607,988,2012,1501,1504,1500,1500,1501,988,1500,1500,1500,1500,1500,1500,1500,1500,2012,1500,1541,1500,2012,1500,1506,1504,1500,1520,1505,1500,2012,8.3
2025-07-05,18:48:37.830,-67,-79,10,3694,20,63,1,16,0,150,26,1931,3,10,548,-6,205,516,0,-1,-1,-1,0x1020488010140015,1513,1505,1607,988,2012,1501,1505,1500,1500,1501,988,1500,1500,1500,1500,1500,1500,1500,1500,2012,1500,1541,1500,2012,1500,1508,1505,1500,1520,1505,1500,2012,8.3
2025-07-05,18:48:38.330,-71,-73,25,3697,1520,63,1,16,3658,150,26,1931,-1,11,548,-6,206,516,0,-1,-1,-1,0x1020488010140055,1512,1506,1607,988,2012,1500,1506,1500,1500,1500,988,1500,1500,1500,1500,1500,1500,1500,988,2012,1500,1541,1500,2012,1500,1509,1506,1500,1520,1505,1500,2012,8.3
2025-07-05,18:48:38.830,-71,-78,10,3698,1480,63,1,16,1946,150,26,1931,-2,349,547,-6,205,516,0,-1,-1,-1,0x1020488010140055,1512,1666,1607,988,2012,1499,1678,1500,1500,1499,988,1500,1500,1500,1500,1500,1500,1500,1372,1628,1500,1541,1500,2012,1500,1735,1658,1500,1520,1505,1500,2012,8.3
2025-07-05,18:48:39.330,-72,-69,10,3697,1600,63,1,16,2226,150,26,1932,1,13,548,-6,205,516,0,-1,-1,-1,0x1020488010140015,1512,1507,1607,988,2012,1500,1506,1500,1500,1500,988,1500,1500,1500,1500,1500,1500,1500,1117,1883,1500,1541,1500,2012,1500,1510,1507,1500,1520,1505,1500,2012,8.3
2025-07-05,18:48:39.830,-65,-64,10,3697,1470,63,1,16,2364,150,26,1933,3,8,548,-6,205,516,0,-1,-1,-1,0x1020488010140415,1513,1504,1607,988,2012,1501,1504,1500,1500,1501,988,1500,1500,1500,1500,1500,1500,1500,1372,2012,1500,1541,1500,2012,1500,1506,1504,1500,1520,1505,1500,2012,8.3
2025-07-05,18:48:40.320,-70,-68,10,4349,1480,63,1,16,2342,150,26,1933,-2,8,548,-5,205,516,0,-1,-1,-1,0x1020488010140015,1512,1504,1607,988,2012,1499,1504,1500,1500,1499,988,1500,1500,1500,1500,1500,1500,1500,1372,2012,1500,1541,1500,2012,1500,1506,1504,1500,1520,1505,1500,2012,8.3
2025-07-05,18:48:40.770,-82,-70,10,3699,1470,63,1,16,1868,150,26,1933,-1,9,549,-5,204,515,0,-1,-1,-1,0x1020488010140015,1512,1505,1607,988,2012,1500,1504,1500,1500,1499,988,1500,1500,1500,1500,1500,1500,1500,1484,2012,1500,1541,1500,2012,1500,1507,1505,1500,1520,1505,1500,2012,8.3
2025-07-05,18:48:41.270,-71,-66,10,3699,1840,62,1,16,1002,150,26,1933,1024,218,547,-6,205,516,0,-1,-1,-1,0x1020488014140015,1768,1606,1607,988,2012,2012,1611,1500,1500,2012,988,1500,1500,1500,1500,1500,1500,1500,1372,1628,1500,1541,1500,2012,1500,1657,1606,1500,1520,1505,1500,2012,8.3
2025-07-05,18:48:41.770,-67,-70,10,3699,2510,62,1,16,3174,150,26,1934,106,135,547,-6,205,516,0,-1,-1,-1,0x1020488014140015,1538,1569,1607,988,2012,1553,1569,1500,1500,1563,988,1500,1500,1500,1500,1500,1500,1500,1372,1628,1500,1541,1500,2012,1500,1601,1569,1500,1520,1505,1500,2012,8.3
2025-07-05,18:48:42.270,-67,-70,10,3699,1300,62,1,16,1486,150,26,1935,12,-712,548,-6,205,516,0,-1,-1,-1,0x1020488012180015,1515,1225,1607,988,2012,1506,1145,1222,1500,1506,988,1500,1500,1500,1500,1500,1500,1222,1264,2012,1500,1541,1500,2012,1500,1102,1500,1500,1520,1505,1500,2012,8.3
2025-07-05,18:48:42.770,-71,-66,10,3700,1700,62,1,16,408,150,26,1935,574,13,548,-6,205,516,0,-1,-1,-1,0x1020488014140015,1623,1507,1607,988,2012,1787,1506,1500,1500,1787,988,1500,1500,1500,1500,1500,1500,1500,1372,2012,1500,1541,1500,2012,1500,1510,1507,1500,1520,1505,1500,2012,8.3
2025-07-05,18:48:43.270,-70,-68,10,3701,1510,62,1,16,0,150,26,1935,613,14,548,-6,205,516,0,-1,-1,-1,0x1020488014140015,1641,1507,1607,988,2012,1806,1507,1500,1500,1806,988,1500,1500,1500,1500,1500,1500,1500,1385,2012,1500,1541,1500,2012,1500,1511,1507,1500,1520,1505,1500,2012,8.3
2025-07-05,18:48:43.770,-70,-67,10,3701,1560,62,1,16,0,150,26,1935,-4,14,548,-6,206,516,0,-1,-1,-1,0x1020488010140015,1511,1507,1607,988,2012,1498,1507,1500,1500,1498,988,1500,1500,1500,1500,1500,1500,1500,1500,2012,1500,1541,1500,2012,1500,1511,1507,1500,1520,1505,1500,2012,8.3
2025-07-05,18:48:44.270,-67,-62,50,3702,1530,62,1,16,0,150,26,1935,-3,13,548,-6,205,516,0,-1,-1,-1,0x1020488010140015,1512,1507,1607,988,2012,1499,1506,1500,1500,1499,988,1500,1500,1500,1500,1500,1500,1500,1500,2012,1500,1541,1500,2012,1500,1510,1507,1500,1520,1505,1500,2012,8.3
2025-07-05,18:48:44.770,-65,-67,10,3702,1540,62,1,16,0,150,26,1936,-3,15,548,-6,205,516,0,-1,-1,-1,0x1020488010140015,1512,1508,1607,988,2012,1499,1507,1500,1500,1499,988,1500,1500,1500,1500,1500,1500,1500,1500,2012,1500,1541,1500,2012,1500,1512,1508,1500,1520,1505,1500,2012,8.3
2025-07-05,18:48:45.270,-78,-66,10,3702,360,62,1,16,0,150,26,1936,-3,15,548,-6,205,516,0,-1,-1,-1,0x1020488010140014,1512,1508,1517,988,2012,1499,1507,1500,1500,1499,988,1500,1500,1500,1500,1500,1500,1500,1500,2012,1500,1541,1500,2012,1500,1512,1508,1500,1520,1505,1500,2012,8.3
2025-07-05,18:48:45.770,-72,-63,10,4352,210,62,1,16,0,150,26,1936,-4,12,547,-6,205,516,0,-1,-1,-1,0x1020488010140014,1511,1506,1500,988,2012,1498,1506,1500,1500,1498,988,1500,1500,1500,1500,1500,1500,1500,1500,2012,1500,1541,1500,2012,1500,1509,1506,1500,1520,1505,1500,2012,8.3
2025-07-05,18:48:46.270,-64,-56,250,3705,310,60,1,16,0,150,26,1936,-3,11,548,-6,205,515,0,-1,-1,-1,0x1020488010140014,1512,1506,1500,988,2012,1499,1505,1500,1500,1499,988,1500,1500,1500,1500,1500,1500,1500,1500,2012,1500,1541,1500,2012,1500,1509,1505,1500,1520,1505,1500,2012,8.3
2025-07-05,18:48:46.770,-73,-73,10,3705,290,55,1,16,0,150,26,1936,-4,12,548,-6,206,516,0,-1,-1,-1,0x1020488010140014,1511,1506,1500,988,2012,1498,1506,1500,1500,1498,988,1500,1500,1500,1500,1500,1500,1500,1500,2012,1500,1541,1500,2012,1500,1509,1506,1500,1520,1505,1500,2012,8.3
2025-07-05,18:48:47.270,-56,-66,250,3706,270,55,1,16,0,150,26,1936,-4,11,548,-6,205,516,0,-1,-1,-1,0x1020488010140014,1511,1506,1500,988,2012,1498,1505,1500,1500,1498,988,1500,1500,1500,1500,1500,1500,1500,1500,2012,1500,1541,1500,2012,1500,1509,1506,1500,1520,1505,1500,2012,8.3
2025-07-05,18:48:47.770,-64,-69,10,3706,240,55,1,16,0,150,26,1936,-4,11,548,-6,205,516,0,-1,-1,-1,0x1020488010140014,1511,1506,1500,988,2012,1498,1505,1500,1500,1498,988,1500,1500,1500,1500,1500,1500,1500,1500,2012,1500,1541,1500,2012,1500,1509,1506,1500,1520,1505,1500,2012,8.3
2025-07-05,18:48:48.270,-69,-70,10,3706,300,55,1,16,0,150,26,1936,-4,11,548,-6,205,516,0,-1,-1,-1,0x1020488010140014,1511,1506,1500,988,2012,1498,1505,1500,1500,1498,988,1500,1500,1500,1500,1500,1500,1500,1500,2012,1500,1541,1500,2012,1500,1509,1506,1500,1520,1505,1500,2012,8.3
2025-07-05,18:48:48.770,-63,-67,25,3707,250,55,1,16,0,150,26,1936,-4,11,548,-6,205,516,0,-1,-1,-1,0x1020488010140014,1511,1506,1500,988,2012,1498,1505,1500,1500,1498,988,1500,1500,1500,1500,1500,1500,1500,1500,2012,1500,1541,1500,2012,1500,1509,1506,1500,1520,1505,1500,2012,8.3
2025-07-05,18:48:49.270,-71,-76,10,3707,240,54,1,16,0,150,26,1936,-4,11,548,-6,205,516,0,-1,-1,-1,0x1020488010140014,1511,1506,1500,988,2012,1498,1505,1500,1500,1498,988,1500,1500,1500,1500,1500,1500,1500,1500,2012,1500,1541,1500,2012,1500,1509,1506,1500,1520,1505,1500,2012,8.3
2025-07-05,18:48:49.770,-69,-75,10,3707,270,54,1,16,0,150,26,1936,-4,11,548,-6,205,516,0,-1,-1,-1,0x1020488010140014,1511,1506,1500,988,2012,1498,1505,1500,1500,1498,988,1500,1500,1500,1500,1500,1500,1500,1500,2012,1500,1541,1500,2012,1500,1509,1506,1500,1520,1505,1500,2012,8.3
2025-07-05,18:48:50.270,-73,-73,10,3707,280,54,1,16,0,150,26,1936,-4,11,548,-6,205,516,0,-1,-1,-1,0x1020488010140014,1511,1506,1500,988,2012,1498,1505,1500,1500,1498,988,1500,1500,1500,1500,1500,1500,1500,1500,2012,1500,1541,1500,2012,1500,1509,1506,1500,1520,1505,1500,2012,8.3
2025-07-05,18:48:50.770,-77,-89,10,3708,240,54,1,16,0,150,26,1936,-4,10,548,-6,205,516,0,-1,-1,-1,0x1020488010140014,1511,1505,1500,988,2012,1498,1505,1500,1500,1498,988,1500,1500,1500,1500,1500,1500,1500,1500,2012,1500,1541,1500,2012,1500,1508,1505,1500,1520,1505,1500,2012,8.3
2025-07-05,18:48:51.270,-73,-78,25,3708,220,54,1,16,0,150,26,1936,-3,10,548,-6,205,516,0,-1,-1,-1,0x1020488010140014,1512,1505,1500,988,2012,1499,1505,1500,1500,1499,988,1500,1500,1500,1500,1500,1500,1500,1500,2012,1500,1541,1500,2012,1500,1508,1505,1500,1520,1505,1500,2012,8.3
2025-07-05,18:48:51.770,-81,-81,50,3708,250,54,1,16,0,150,26,1936,-3,10,548,-6,205,516,0,-1,-1,-1,0x1020488010140014,1512,1505,1500,988,2012,1499,1505,1500,1500,1499,988,1500,1500,1500,1500,1500,1500,1500,1500,2012,1500,1541,1500,2012,1500,1508,1505,1500,1520,1505,1500,2012,8.3
2025-07-05,18:48:52.270,-87,-83,10,3708,260,54,1,16,0,150,26,1936,-4,10,547,-6,205,516,0,-1,-1,-1,0x1020488010140014,1511,1505,1500,988,2012,1498,1505,1500,1500,1498,988,1500,1500,1500,1500,1500,1500,1500,1500,2012,1500,1541,1500,2012,1500,1508,1505,1500,1520,1505,1500,2012,8.3
2025-07-05,18:48:52.770,-58,-73,250,3708,280,54,1,16,0,150,26,1936,-5,11,548,-6,205,516,0,-1,-1,-1,0x1020488010140014,1511,1506,1500,988,2012,1498,1505,1500,1500,1498,988,1500,1500,1500,1500,1500,1500,1500,1500,2012,1500,1541,1500,2012,1500,1509,1506,1500,1520,1505,1500,2012,8.3
2025-07-05,18:48:53.270,-78,-65,10,3709,300,54,1,16,0,150,26,1936,-5,11,548,-6,205,516,0,-1,-1,-1,0x1020488010140014,1511,1506,1500,988,2012,1498,1505,1500,1500,1498,988,1500,1500,1500,1500,1500,1500,1500,1500,2012,1500,1541,1500,2012,1500,1509,1506,1500,1520,1505,1500,2012,8.3
2025-07-05,18:48:53.770,-70,-87,10,3709,280,54,1,16,0,150,26,1936,-4,11,548,-6,205,516,0,-1,-1,-1,0x1020488010140014,1511,1506,1500,988,2012,1498,1505,1500,1500,1498,988,1500,1500,1500,1500,1500,1500,1500,1500,2012,1500,1541,1500,2012,1500,1509,1506,1500,1520,1505,1500,2012,8.3
2025-07-05,18:48:54.270,-78,-70,100,3709,270,54,1,16,0,150,26,1936,-4,11,548,-6,205,516,0,-1,-1,-1,0x1020488010140014,1512,1506,1500,988,2012,1498,1505,1500,1500,1498,988,1500,1500,1500,1500,1500,1500,1500,1500,2012,1500,1541,1500,2012,1500,1509,1506,1500,1520,1505,1500,2012,8.3
2025-07-05,18:48:54.770,-72,-74,10,3709,300,54,1,16,0,150,26,1936,-5,11,548,-6,205,516,0,-1,-1,-1,0x1020488010140014,1511,1506,1500,988,2012,1498,1505,1500,1500,1498,988,1500,1500,1500,1500,1500,1500,1500,1500,2012,1500,1541,1500,2012,1500,1509,1506,1500,1520,1505,1500,2012,8.3
2025-07-05,18:48:55.270,-67,-68,50,3709,290,54,1,16,0,150,26,1937,-5,11,548,-6,205,516,0,-1,-1,-1,0x1020488010140014,1511,1506,1500,988,2012,1498,1505,1500,1500,1498,988,1500,1500,1500,1500,1500,1500,1500,1500,2012,1500,1541,1500,2012,1500,1509,1506,1500,1520,1505,1500,2012,8.3
2025-07-05,18:48:55.770,-70,-73,50,3709,250,54,1,16,0,150,26,1937,-4,11,548,-6,205,516,0,-1,-1,-1,0x1020488010140014,1511,1506,1500,988,2012,1498,1505,1500,1500,1498,988,1500,1500,1500,1500,1500,1500,1500,1500,2012,1500,1541,1500,2012,1500,1509,1506,1500,1520,1505,1500,2012,8.3
2025-07-05,18:48:56.270,-79,-86,10,3709,350,54,1,16,0,150,26,1937,-5,12,548,-6,205,516,0,-1,-1,-1,0x1020488010140014,1511,1506,1500,988,2012,1498,1506,1500,1500,1498,988,1500,1500,1500,1500,1500,1500,1500,1500,2012,1500,1541,1500,2012,1500,1509,1506,1500,1520,1505,1500,2012,8.3
2025-07-05,18:48:56.770,-86,-77,100,3709,340,54,1,16,0,150,26,1937,-4,12,548,-6,205,515,0,-1,-1,-1,0x1020488010140014,1511,1506,1500,988,2012,1498,1506,1500,1500,1498,988,1500,1500,1500,1500,1500,1500,1500,1500,2012,1500,1541,1500,2012,1500,1509,1506,1500,1520,1505,1500,2012,8.3
2025-07-05,18:48:57.270,-76,-80,50,3710,260,54,1,16,0,150,26,1937,-3,11,548,-6,205,516,0,-1,-1,-1,0x1020488010140014,1512,1506,1500,988,2012,1499,1505,1500,1500,1499,988,1500,1500,1500,1500,1500,1500,1500,1500,2012,1500,1541,1500,2012,1500,1509,1506,1500,1520,1505,1500,2012,8.3
2025-07-05,18:48:57.770,-77,-77,10,3710,250,54,1,16,0,150,26,1937,-3,11,548,-6,205,516,0,-1,-1,-1,0x1020488010140014,1512,1506,1500,988,2012,1499,1505,1500,1500,1499,988,1500,1500,1500,1500,1500,1500,1500,1500,2012,1500,1541,1500,2012,1500,1509,1506,1500,1520,1505,1500,2012,8.3
2025-07-05,18:48:58.270,-85,-88,10,3710,290,54,1,16,0,150,26,1937,-3,12,548,-6,205,516,0,-1,-1,-1,0x1020488010140014,1512,1506,1500,988,2012,1499,1506,1500,1500,1499,988,1500,1500,1500,1500,1500,1500,1500,1500,2012,1500,1541,1500,2012,1500,1509,1506,1500,1520,1505,1500,2012,8.3
2025-07-05,18:48:58.770,-75,-74,10,3710,230,54,1,16,0,150,26,1937,-3,11,548,-6,206,516,0,-1,-1,-1,0x1020488010140014,1512,1506,1500,988,2012,1499,1505,1500,1500,1499,988,1500,1500,1500,1500,1500,1500,1500,1500,2012,1500,1541,1500,2012,1500,1509,1506,1500,1520,1505,1500,2012,8.3
2025-07-05,18:48:59.270,-74,-75,10,3710,300,54,1,16,0,150,26,1937,-3,12,548,-6,205,516,0,-1,-1,-1,0x1020488010140014,1512,1506,1500,988,2012,1499,1506,1500,1500,1499,988,1500,1500,1500,1500,1500,1500,1500,1500,2012,1500,1541,1500,2012,1500,1509,1506,1500,1520,1505,1500,2012,8.3
2025-07-05,18:48:59.770,-71,-76,10,3710,270,54,1,16,0,150,26,1937,-5,11,548,-6,205,516,0,-1,-1,-1,0x1020488010140014,1511,1506,1500,988,2012,1498,1505,1500,1500,1498,988,1500,1500,1500,1500,1500,1500,1500,1500,2012,1500,1541,1500,2012,1500,1509,1506,1500,1520,1505,1500,2012,8.3
2025-07-05,18:49:00.270,-77,-72,25,3710,270,54,1,16,0,150,26,1937,-5,11,548,-6,205,515,0,-1,-1,-1,0x1020488010140014,1511,1506,1500,988,2012,1498,1505,1500,1500,1498,988,1500,1500,1500,1500,1500,1500,1500,1500,2012,1500,1541,1500,2012,1500,1509,1506,1500,1520,1505,1500,2012,8.3
2025-07-05,18:49:00.770,-77,-84,10,3710,220,54,1,16,0,150,26,1937,-4,11,548,-5,205,516,0,-1,-1,-1,0x1020488010140014,1511,1506,1500,988,2012,1498,1505,1500,1500,1498,988,1500,1500,1500,1500,1500,1500,1500,1500,2012,1500,1541,1500,2012,1500,1509,1506,1500,1520,1505,1500,2012,8.3
2025-07-05,18:49:01.270,-72,-82,25,3710,270,54,1,16,0,150,26,1937,-4,11,548,-6,205,516,0,-1,-1,-1,0x1020488010140014,1511,1506,1500,988,2012,1498,1505,1500,1500,1498,988,1500,1500,1500,1500,1500,1500,1500,1500,2012,1500,1541,1500,2012,1500,1509,1506,1500,1520,1505,1500,2012,8.3
2025-07-05,18:49:01.770,-75,-79,25,3710,260,54,1,16,0,150,26,1937,-4,11,548,-6,205,516,0,-1,-1,-1,0x1020488010140014,1511,1506,1500,988,2012,1498,1505,1500,1500,1498,988,1500,1500,1500,1500,1500,1500,1500,1500,2012,1500,1541,1500,2012,1500,1509,1506,1500,1520,1505,1500,2012,8.3
2025-07-05,18:49:02.270,-71,-71,10,3710,240,54,1,16,0,150,26,1937,-5,11,548,-6,205,516,0,-1,-1,-1,0x1020488010140014,1511,1506,1500,988,2012,1498,1505,1500,1500,1498,988,1500,1500,1500,1500,1500,1500,1500,1500,2012,1500,1541,1500,2012,1500,1509,1506,1500,1520,1505,1500,2012,8.3
2025-07-05,18:49:02.770,-76,-88,10,3710,250,54,1,16,0,150,26,1937,-5,11,548,-6,205,516,0,-1,-1,-1,0x1020488010140014,1511,1506,1500,988,2012,1498,1505,1500,1500,1498,988,1500,1500,1500,1500,1500,1500,1500,1500,2012,1500,1541,1500,2012,1500,1509,1506,1500,1520,1505,1500,2012,8.3
2025-07-05,18:49:03.270,-70,-71,10,3710,320,53,1,16,0,150,26,1937,-5,11,548,-6,205,516,0,-1,-1,-1,0x1020488010140014,1511,1506,1500,988,2012,1498,1505,1500,1500,1498,988,1500,1500,1500,1500,1500,1500,1500,1500,2012,1500,1541,1500,2012,1500,1509,1506,1500,1520,1505,1500,2012,8.3
2025-07-05,18:49:03.770,-73,-71,10,3711,330,53,1,16,0,150,26,1937,-4,14,548,-6,205,516,0,-1,-1,-1,0x1020488010140014,1511,1507,1500,988,2012,1498,1507,1500,1500,1498,988,1500,1500,1500,1500,1500,1500,1500,1500,2012,1500,1541,1500,2012,1500,1511,1507,1500,1520,1505,1500,2012,8.3
2025-07-05,18:49:04.270,-81,-65,10,3711,10510,53,1,16,1352,150,26,1937,-800,258,548,-6,206,516,0,-1,-1,-1,0x1020488014140055,1307,1624,1571,988,2012,1100,1631,1500,1500,1100,988,1500,1500,1500,1500,1500,1500,1500,1372,1628,1500,1541,1500,2012,1500,1682,1624,1500,1520,1505,1500,2012,8.3
2025-07-05,18:49:04.770,-81,-66,10,3706,8250,53,1,16,4910,150,26,1939,12,234,548,-6,205,516,0,-1,-1,-1,0x1020488010140055,1514,1613,1607,988,2012,1506,1619,1500,1500,1506,988,1500,1500,1500,1500,1500,1500,1500,1372,1628,1500,1541,1500,2012,1500,1667,1613,1500,1520,1505,1500,2012,8.3
2025-07-05,18:49:05.270,-61,-68,10,3701,2100,55,1,16,3820,112,26,1939,1023,14,548,-6,205,516,0,-1,-1,-1,0x1020488014140015,1767,1507,1607,988,2012,2011,1507,1500,1500,2011,988,1500,1500,1500,1500,1500,1500,1500,1296,2012,1500,1541,1500,2012,1500,1511,1507,1500,1520,1505,1500,2012,8.3
2025-07-05,18:49:05.770,-53,-68,10,3706,2810,67,1,16,468,38,26,1939,-799,12,548,-6,206,516,0,-1,-1,-1,0x1020480014140015,1332,1506,1607,988,2012,1101,1506,1500,1500,1101,988,1500,1500,1500,1500,1500,1500,1500,1372,2012,1500,1541,1500,2012,1500,1509,1506,1500,1520,1505,1500,2012,8.3
2025-07-05,18:49:06.270,-57,-64,10,3706,1700,69,1,16,0,1,26,1939,-931,10,548,-6,206,516,0,-1,-1,-1,0x1020480014140015,1241,1505,1607,988,2012,1035,1505,1500,1500,1035,988,1500,1500,1500,1500,1500,1500,1500,1427,2012,1500,1541,1500,2012,1500,1508,1505,1500,1520,1505,1500,2012,8.3
2025-07-05,18:49:06.770,-72,-67,10,3706,2410,65,1,16,0,1,26,1939,666,10,547,-6,205,516,0,-1,-1,-1,0x1020480014140015,1623,1505,1607,988,2012,1833,1505,1500,1500,1833,988,1500,1500,1500,1500,1500,1500,1500,1500,2012,1500,1541,1500,2012,1500,1508,1505,1500,1520,1505,1500,2012,8.3
2025-07-05,18:49:07.270,-57,-66,10,3706,1440,65,1,16,0,1,26,1939,-3,9,548,-6,205,516,0,-1,-1,-1,0x1020480010140015,1512,1505,1607,988,2012,1499,1504,1500,1500,1499,988,1500,1500,1500,1500,1500,1500,1500,1500,2012,1500,1541,1500,2012,1500,1507,1505,1500,1520,1505,1500,2012,8.3
2025-07-05,18:49:07.770,-55,-66,10,3707,2850,65,1,16,0,1,26,1939,-1022,10,547,-6,205,516,0,-1,-1,-1,0x1020480014140015,1201,1505,1607,988,2012,989,1505,1500,1500,990,988,1500,1500,1500,1500,1500,1500,1500,1500,2012,1500,1541,1500,2012,1500,1508,1505,1500,1520,1505,1500,2012,8.3
2025-07-05,18:49:08.270,-50,-66,10,3707,1630,63,1,16,0,1,26,1939,-780,10,547,-6,205,516,0,-1,-1,-1,0x1020480014140014,1329,1505,1510,988,2012,1110,1505,1500,1500,1110,988,1500,1500,1500,1500,1500,1500,1500,1500,2012,1500,1541,1500,2012,1500,1508,1505,1500,1520,1505,1500,2012,8.3
2025-07-05,18:49:08.770,-40,-66,10,3708,440,58,1,16,0,1,26,1939,-660,9,548,-6,205,516,0,-1,-1,-1,0x1020480014140014,1411,1505,1500,988,2012,1170,1504,1500,1500,1170,988,1500,1500,1500,1500,1500,1500,1500,1500,2012,1500,1541,1500,2012,1500,1507,1505,1500,1520,1505,1500,2012,8.3
2025-07-05,18:49:09.270,-40,-66,10,3708,280,56,1,16,0,1,26,1939,-9,13,548,-6,205,516,0,-1,-1,-1,0x1020480010140014,1513,1507,1500,988,2012,1496,1506,1500,1500,1502,988,1500,1500,1500,1500,1500,1500,1500,1500,2012,1500,1541,1500,2012,1500,1510,1507,1500,1520,1505,1500,2012,8.3
2025-07-05,18:49:09.770,-36,-66,10,3709,220,56,1,16,0,1,26,1939,-3,9,548,-5,205,516,0,-1,-1,-1,0x1020480010140014,1511,1505,1500,988,2012,1499,1504,1500,1500,1499,988,1500,1500,1500,1500,1500,1500,1500,1500,2012,1500,1541,1500,2012,1500,1507,1505,1500,1520,1505,1500,2012,8.3
2025-07-05,18:49:10.270,-39,-66,10,3709,210,55,1,16,0,1,26,1939,-4,9,548,-6,205,516,0,-1,-1,-1,0x1020480010140014,1511,1505,1500,988,2012,1498,1504,1500,1500,1498,988,1500,1500,1500,1500,1500,1500,1500,1500,2012,1500,1541,1500,2012,1500,1507,1505,1500,1520,1505,1500,2012,8.3
2025-07-05,18:49:10.770,-50,-64,10,3710,230,53,1,16,10,1,26,1939,-4,9,548,-6,205,516,0,-1,-1,-1,0x1020480010140014,1511,1505,1500,988,2012,1498,1504,1500,1500,1498,988,1500,1500,1500,1500,1500,1500,1500,1500,2012,1500,1541,1500,2012,1500,1507,1505,1500,1520,1505,1500,2012,8.3
2025-07-05,18:49:11.270,-53,-49,10,3710,250,53,1,16,420,112,26,1939,-4,9,547,-6,205,516,0,-1,-1,-1,0x1020480010140054,1511,1505,1500,988,2012,1498,1504,1500,1500,1498,988,1500,1500,1500,1500,1500,1500,1500,1500,2012,1500,1541,1500,2012,1500,1507,1505,1500,1520,1505,1500,2012,8.3
2025-07-05,18:49:11.770,-53,-51,10,3710,160,53,1,16,0,150,26,1939,-2,9,548,-6,205,516,0,-1,-1,-1,0x1020480010140054,1512,1505,1500,988,2012,1499,1504,1500,1500,1499,988,1500,1500,1500,1500,1500,1500,1500,1500,2012,1500,1541,1500,2012,1500,1507,1505,1500,1520,1505,1500,2012,8.3
2025-07-05,18:49:12.270,-53,-49,10,3710,160,53,1,16,0,150,26,1939,-3,8,548,-6,205,516,0,-1,-1,-1,0x1020488010140014,1512,1504,1500,988,2012,1499,1504,1500,1500,1499,988,1500,1500,1500,1500,1500,1500,1500,1500,2012,1500,1541,1500,2012,1500,1506,1504,1500,1520,1505,1500,2012,8.3
2025-07-05,18:49:12.770,-53,-42,10,3710,170,53,1,16,0,150,26,1939,-3,9,548,-6,205,516,0,-1,-1,-1,0x1020488010140014,1512,1505,1500,988,2012,1499,1504,1500,1500,1499,988,1500,1500,1500,1500,1500,1500,1500,1500,2012,1500,1541,1500,2012,1500,1507,1505,1500,1520,1505,1500,2012,8.3
2025-07-05,18:49:13.270,-56,-57,10,4677,150,53,1,16,0,150,26,1939,-3,8,548,-6,205,516,0,-1,-1,-1,0x1020488010140014,1512,1504,1500,988,2012,1499,1504,1500,1500,1499,988,1500,1500,1500,1500,1500,1500,1500,1500,2012,1500,1541,1500,2012,1500,1506,1504,1500,1520,1505,1500,2012,8.3
2025-07-05,18:49:13.770,-56,-48,10,3710,210,53,1,16,0,150,26,1939,-4,8,548,-6,205,516,0,-1,-1,-1,0x1020488010140014,1511,1504,1500,988,2012,1498,1504,1500,1500,1498,988,1500,1500,1500,1500,1500,1500,1500,1500,2012,1500,1541,1500,2012,1500,1506,1504,1500,1520,1505,1500,2012,8.3
2025-07-05,18:49:14.270,-56,-55,10,3711,160,53,1,16,0,150,26,1939,-3,9,548,-6,205,516,0,-1,-1,-1,0x1020488010140014,1512,1505,1500,988,2012,1499,1504,1500,1500,1499,988,1500,1500,1500,1500,1500,1500,1500,1500,2012,1500,1541,1500,2012,1500,1507,1505,1500,1520,1505,1500,2012,8.3
2025-07-05,18:49:14.770,-56,-47,10,3711,170,53,1,16,0,150,26,1939,-2,9,548,-6,205,516,0,-1,-1,-1,0x1020488010140014,1512,1505,1500,988,2012,1499,1504,1500,1500,1499,988,1500,1500,1500,1500,1500,1500,1500,1500,2012,1500,1541,1500,2012,1500,1507,1505,1500,1520,1505,1500,2012,8.3
2025-07-05,18:49:15.270,-53,-43,10,3711,170,53,1,16,0,150,26,1939,-3,8,548,-6,205,516,0,-1,-1,-1,0x1020488010140014,1512,1504,1500,988,2012,1499,1504,1500,1500,1499,988,1500,1500,1500,1500,1500,1500,1500,1500,2012,1500,1541,1500,2012,1500,1506,1504,1500,1520,1505,1500,2012,8.3
2025-07-05,18:49:15.770,-56,-46,10,3711,170,53,1,16,0,150,26,1939,-3,8,548,-6,206,516,0,-1,-1,-1,0x1020488010140014,1511,1504,1500,988,2012,1499,1504,1500,1500,1499,988,1500,1500,1500,1500,1500,1500,1500,1500,2012,1500,1541,1500,2012,1500,1506,1504,1500,1520,1505,1500,2012,8.3
2025-07-05,18:49:16.270,-54,-49,10,3711,170,53,1,16,0,150,26,1939,-3,8,548,-6,205,516,0,-1,-1,-1,0x1020488010140014,1512,1504,1500,988,2012,1499,1504,1500,1500,1499,988,1500,1500,1500,1500,1500,1500,1500,1500,2012,1500,1541,1500,2012,1500,1506,1504,1500,1520,1505,1500,2012,8.3
2025-07-05,18:49:16.770,-59,-48,10,3711,150,53,1,16,0,150,26,1939,-4,9,548,-6,205,516,0,-1,-1,-1,0x1020488010140014,1511,1504,1500,988,2012,1498,1504,1500,1500,1498,988,1500,1500,1500,1500,1500,1500,1500,1500,2012,1500,1541,1500,2012,1500,1507,1504,1500,1520,1505,1500,2012,8.3
2025-07-05,18:49:17.270,-59,-48,10,3711,170,53,1,16,0,150,26,1939,-2,9,548,-6,205,516,0,-1,-1,-1,0x1020488010140014,1512,1505,1500,988,2012,1499,1504,1500,1500,1499,988,1500,1500,1500,1500,1500,1500,1500,1500,2012,1500,1541,1500,2012,1500,1507,1505,1500,1520,1505,1500,2012,8.3
2025-07-05,18:49:17.770,-54,-52,10,3711,220,53,1,16,0,150,26,1939,-4,8,548,-6,206,516,0,-1,-1,-1,0x1020488010140014,1511,1504,1500,988,2012,1498,1504,1500,1500,1498,988,1500,1500,1500,1500,1500,1500,1500,1500,2012,1500,1541,1500,2012,1500,1506,1505,1500,1520,1505,1500,2012,8.3
2025-07-05,18:49:18.270,-54,-45,10,4033,160,53,1,16,0,150,26,1939,-3,9,547,-6,205,516,0,-1,-1,-1,0x1020488010140014,1512,1505,1500,988,2012,1499,1504,1500,1500,1499,988,1500,1500,1500,1500,1500,1500,1500,1500,2012,1500,1541,1500,2012,1500,1507,1505,1500,1520,1505,1500,2012,8.3
2025-07-05,18:49:18.770,-56,-43,10,4033,160,53,1,16,0,150,26,1939,-4,8,548,-6,205,516,0,-1,-1,-1,0x1020488010140014,1511,1504,1500,988,2012,1498,1504,1500,1500,1498,988,1500,1500,1500,1500,1500,1500,1500,1500,2012,1500,1541,1500,2012,1500,1506,1504,1500,1520,1505,1500,2012,8.3
2025-07-05,18:49:19.270,-52,-58,10,3711,160,53,1,16,0,150,26,1939,-3,9,548,-6,206,516,0,-1,-1,-1,0x1020488010140014,1512,1504,1500,988,2012,1499,1504,1500,1500,1499,988,1500,1500,1500,1500,1500,1500,1500,1500,2012,1500,1541,1500,2012,1500,1507,1504,1500,1520,1505,1500,2012,8.3
2025-07-05,18:49:19.770,-58,-61,10,3711,160,52,1,16,0,150,26,1939,-4,8,548,-6,205,516,0,-1,-1,-1,0x1020488010140014,1511,1504,1500,988,2012,1498,1504,1500,1500,1498,988,1500,1500,1500,1500,1500,1500,1500,1500,2012,1500,1541,1500,2012,1500,1506,1504,1500,1520,1505,1500,2012,8.3
2025-07-05,18:49:20.270,-45,-61,10,3711,190,52,1,16,0,150,26,1939,-3,8,548,-6,205,516,0,-1,-1,-1,0x1020488010140014,1512,1504,1500,988,2012,1499,1504,1500,1500,1499,988,1500,1500,1500,1500,1500,1500,1500,1500,2012,1500,1541,1500,2012,1500,1506,1504,1500,1520,1505,1500,2012,8.3
2025-07-05,18:49:20.770,-55,-52,10,3711,170,52,1,16,0,150,26,1939,-3,9,548,-6,205,516,0,-1,-1,-1,0x1020488010140014,1512,1505,1500,988,2012,1499,1504,1500,1500,1499,988,1500,1500,1500,1500,1500,1500,1500,1500,2012,1500,1541,1500,2012,1500,1507,1505,1500,1520,1505,1500,2012,8.3
2025-07-05,18:49:21.270,-55,-53,10,3711,170,52,1,16,0,150,26,1939,-4,8,548,-6,205,516,0,-1,-1,-1,0x1020488010140014,1511,1504,1500,988,2012,1498,1504,1500,1500,1498,988,1500,1500,1500,1500,1500,1500,1500,1500,2012,1500,1541,1500,2012,1500,1506,1504,1500,1520,1505,1500,2012,8.3
2025-07-05,18:49:21.770,-55,-47,10,3711,160,52,1,16,0,150,26,1939,-3,8,548,-6,205,516,0,-1,-1,-1,0x1020488010140014,1512,1504,1500,988,2012,1499,1504,1500,1500,1499,988,1500,1500,1500,1500,1500,1500,1500,1500,2012,1500,1541,1500,2012,1500,1506,1504,1500,1520,1505,1500,2012,8.3
2025-07-05,18:49:22.270,-52,-50,10,3712,170,52,1,16,0,150,26,1939,-4,8,548,-6,205,516,0,-1,-1,-1,0x1020488010140014,1511,1504,1500,988,2012,1498,1504,1500,1500,1498,988,1500,1500,1500,1500,1500,1500,1500,1500,2012,1500,1541,1500,2012,1500,1506,1504,1500,1520,1505,1500,2012,8.3
2025-07-05,18:49:22.770,-52,-55,10,3712,160,52,1,16,0,150,26,1940,-3,8,548,-6,205,516,0,-1,-1,-1,0x1020488010140014,1512,1504,1500,988,2012,1499,1504,1500,1500,1499,988,1500,1500,1500,1500,1500,1500,1500,1500,2012,1500,1541,1500,2012,1500,1506,1505,1500,1520,1505,1500,2012,8.3
2025-07-05,18:49:23.270,-52,-53,10,3712,170,52,1,16,0,150,26,1940,-3,8,548,-6,205,516,0,-1,-1,-1,0x1020488010140014,1512,1504,1500,988,2012,1499,1504,1500,1500,1499,988,1500,1500,1500,1500,1500,1500,1500,1500,2012,1500,1541,1500,2012,1500,1506,1504,1500,1520,1505,1500,2012,8.3
2025-07-05,18:49:23.770,-53,-52,10,4678,160,52,1,16,0,150,26,1940,-2,9,548,-6,205,516,0,-1,-1,-1,0x1020488010140014,1512,1505,1500,988,2012,1499,1504,1500,1500,1499,988,1500,1500,1500,1500,1500,1500,1500,1500,2012,1500,1541,1500,2012,1500,1507,1505,1500,1520,1505,1500,2012,8.3
2025-07-05,18:49:24.270,-53,-49,10,3712,180,52,1,16,0,150,26,1940,-3,9,548,-6,206,516,0,-1,-1,-1,0x1020488010140014,1512,1505,1500,988,2012,1499,1504,1500,1500,1499,988,1500,1500,1500,1500,1500,1500,1500,1500,2012,1500,1541,1500,2012,1500,1506,1505,1500,1520,1505,1500,2012,8.3
2025-07-05,18:49:24.770,-50,-51,10,3712,160,52,1,16,0,150,26,1940,-2,8,548,-6,205,516,0,-1,-1,-1,0x1020488010140014,1512,1505,1500,988,2012,1499,1504,1500,1500,1499,988,1500,1500,1500,1500,1500,1500,1500,1500,2012,1500,1541,1500,2012,1500,1507,1505,1500,1520,1505,1500,2012,8.3
2025-07-05,18:49:25.270,-52,-61,10,3712,160,52,1,16,0,150,26,1940,-3,8,548,-6,205,516,0,-1,-1,-1,0x1020488010140014,1512,1504,1500,988,2012,1499,1504,1500,1500,1499,988,1500,1500,1500,1500,1500,1500,1500,1500,2012,1500,1541,1500,2012,1500,1506,1505,1500,1520,1505,1500,2012,8.3
2025-07-05,18:49:25.770,-49,-61,10,3712,170,52,1,16,0,150,26,1940,-3,8,548,-6,206,516,0,-1,-1,-1,0x1020488010140014,1512,1504,1500,988,2012,1499,1504,1500,1500,1499,988,1500,1500,1500,1500,1500,1500,1500,1500,2012,1500,1541,1500,2012,1500,1506,1504,1500,1520,1505,1500,2012,8.3
2025-07-05,18:49:26.270,-51,-53,10,3712,170,52,1,16,0,150,26,1940,-2,8,548,-6,205,516,0,-1,-1,-1,0x1020488010140014,1512,1505,1500,988,2012,1499,1504,1500,1500,1499,988,1500,1500,1500,1500,1500,1500,1500,1500,2012,1500,1541,1500,2012,1500,1507,1505,1500,1520,1505,1500,2012,8.3
2025-07-05,18:49:26.770,-51,-52,10,3712,180,52,1,16,0,150,26,1940,-3,8,548,-6,205,516,0,-1,-1,-1,0x1020488010140014,1512,1504,1500,988,2012,1499,1504,1500,1500,1499,988,1500,1500,1500,1500,1500,1500,1500,1500,2012,1500,1541,1500,2012,1500,1506,1504,1500,1520,1505,1500,2012,8.3
2025-07-05,18:49:27.270,-51,-48,10,3712,160,52,1,16,0,150,26,1940,-3,8,548,-6,205,516,0,-1,-1,-1,0x1020488010140014,1512,1505,1500,988,2012,1499,1504,1500,1500,1499,988,1500,1500,1500,1500,1500,1500,1500,1500,2012,1500,1541,1500,2012,1500,1507,1504,1500,1520,1505,1500,2012,8.3
2025-07-05,18:49:27.770,-52,-50,10,3712,160,52,1,16,0,150,26,1940,-3,8,548,-6,206,516,0,-1,-1,-1,0x1020488010140014,1512,1504,1500,988,2012,1499,1504,1500,1500,1499,988,1500,1500,1500,1500,1500,1500,1500,1500,2012,1500,1541,1500,2012,1500,1506,1504,1500,1520,1505,1500,2012,8.3
2025-07-05,18:49:28.270,-52,-50,10,3712,160,52,1,16,0,150,26,1940,-3,8,548,-6,205,516,0,-1,-1,-1,0x1020488010140014,1512,1504,1500,988,2012,1499,1504,1500,1500,1499,988,1500,1500,1500,1500,1500,1500,1500,1500,2012,1500,1541,1500,2012,1500,1506,1504,1500,1520,1505,1500,2012,8.3
2025-07-05,18:49:28.770,-48,-51,10,4356,170,52,1,16,0,150,26,1940,-3,8,548,-6,205,516,0,-1,-1,-1,0x1020488010140014,1512,1504,1500,988,2012,1499,1504,1500,1500,1499,988,1500,1500,1500,1500,1500,1500,1500,1500,2012,1500,1541,1500,2012,1500,1506,1504,1500,1520,1505,1500,2012,8.3
2025-07-05,18:49:29.270,-56,-51,10,3712,160,52,1,16,0,150,26,1940,-3,8,548,-6,205,516,0,-1,-1,-1,0x1020488010140014,1512,1504,1500,988,2012,1499,1504,1500,1500,1499,988,1500,1500,1500,1500,1500,1500,1500,1500,2012,1500,1541,1500,2012,1500,1506,1504,1500,1520,1505,1500,2012,8.3
2025-07-05,18:49:29.770,-56,-43,10,3712,160,52,1,16,0,150,26,1940,-3,8,548,-6,206,516,0,-1,-1,-1,0x1020488010140014,1512,1504,1500,988,2012,1499,1504,1500,1500,1499,988,1500,1500,1500,1500,1500,1500,1500,1500,2012,1500,1541,1500,2012,1500,1506,1504,1500,1520,1505,1500,2012,8.3
2025-07-05,18:49:30.270,-63,-50,10,3712,190,52,1,16,0,150,26,1940,-3,8,548,-5,205,516,0,-1,-1,-1,0x1020488010140014,1512,1504,1500,988,2012,1499,1504,1500,1500,1499,988,1500,1500,1500,1500,1500,1500,1500,1500,2012,1500,1541,1500,2012,1500,1506,1504,1500,1520,1505,1500,2012,8.3
2025-07-05,18:49:30.770,-63,-46,10,3712,160,52,1,16,0,150,26,1940,-3,8,548,-6,206,516,0,-1,-1,-1,0x1020488010140014,1512,1504,1500,988,2012,1499,1504,1500,1500,1499,988,1500,1500,1500,1500,1500,1500,1500,1500,2012,1500,1541,1500,2012,1500,1506,1504,1500,1520,1505,1500,2012,8.3
2025-07-05,18:49:31.270,-58,-54,10,3712,170,52,1,16,0,150,26,1940,-3,8,548,-6,206,516,0,-1,-1,-1,0x1020488010140014,1512,1504,1500,988,2012,1499,1504,1500,1500,1499,988,1500,1500,1500,1500,1500,1500,1500,1500,2012,1500,1541,1500,2012,1500,1506,1504,1500,1520,1505,1500,2012,8.3
2025-07-05,18:49:31.770,-58,-48,10,3712,170,52,1,16,0,150,26,1940,-4,8,548,-5,206,516,0,-1,-1,-1,0x1020488010140014,1511,1504,1500,988,2012,1498,1504,1500,1500,1498,988,1500,1500,1500,1500,1500,1500,1500,1500,2012,1500,1541,1500,2012,1500,1506,1504,1500,1520,1505,1500,2012,8.3
2025-07-05,18:49:32.270,-51,-45,10,3712,160,52,1,16,0,150,26,1940,-3,8,548,-6,205,516,0,-1,-1,-1,0x1020488010140014,1512,1504,1500,988,2012,1499,1504,1500,1500,1499,988,1500,1500,1500,1500,1500,1500,1500,1500,2012,1500,1541,1500,2012,1500,1506,1504,1500,1520,1505,1500,2012,8.3
2025-07-05,18:49:32.770,-56,-52,10,3712,170,52,1,16,0,150,26,1940,-4,8,548,-6,205,516,0,-1,-1,-1,0x1020488010140014,1511,1504,1500,988,2012,1498,1504,1500,1500,1498,988,1500,1500,1500,1500,1500,1500,1500,1500,2012,1500,1541,1500,2012,1500,1506,1504,1500,1520,1505,1500,2012,8.3
2025-07-05,18:49:33.270,-53,-52,10,3712,160,52,1,16,0,150,26,1940,-4,8,548,-6,206,516,0,-1,-1,-1,0x1020488010140014,1512,1504,1500,988,2012,1498,1504,1500,1500,1499,988,1500,1500,1500,1500,1500,1500,1500,1500,2012,1500,1541,1500,2012,1500,1506,1504,1500,1520,1505,1500,2012,8.3
2025-07-05,18:49:33.770,-53,-51,10,3712,170,52,1,16,0,150,26,1940,-4,9,548,-6,205,516,0,-1,-1,-1,0x1020488010140014,1511,1505,1500,988,2012,1498,1504,1500,1500,1498,988,1500,1500,1500,1500,1500,1500,1500,1500,2012,1500,1541,1500,2012,1500,1507,1505,1500,1520,1505,1500,2012,8.3
2025-07-05,18:49:34.270,-57,-51,10,4356,170,52,1,16,0,150,26,1940,-4,9,548,-6,205,516,0,-1,-1,-1,0x1020488010140014,1511,1505,1500,988,2012,1498,1504,1500,1500,1498,988,1500,1500,1500,1500,1500,1500,1500,1500,2012,1500,1541,1500,2012,1500,1507,1505,1500,1520,1505,1500,2012,8.3
2025-07-05,18:49:34.770,-57,-46,10,3712,170,52,1,16,0,150,26,1940,-3,8,548,-6,205,516,0,-1,-1,-1,0x1020488010140014,1512,1504,1500,988,2012,1499,1504,1500,1500,1499,988,1500,1500,1500,1500,1500,1500,1500,1500,2012,1500,1541,1500,2012,1500,1506,1504,1500,1520,1505,1500,2012,8.3
2025-07-05,18:49:35.270,-57,-44,10,3712,240,52,1,16,0,150,26,1940,-3,8,548,-6,205,516,0,-1,-1,-1,0x1020488010140014,1512,1504,1500,988,2012,1498,1504,1500,1500,1499,988,1500,1500,1500,1500,1500,1500,1500,1500,2012,1500,1541,1500,2012,1500,1507,1504,1500,1520,1505,1500,2012,8.3
2025-07-05,18:49:35.770,-52,-44,10,3712,160,52,1,16,0,150,26,1940,-4,9,548,-6,205,516,0,-1,-1,-1,0x1020488010140014,1511,1505,1500,988,2012,1498,1504,1500,1500,1498,988,1500,1500,1500,1500,1500,1500,1500,1500,2012,1500,1541,1500,2012,1500,1507,1505,1500,1520,1505,1500,2012,8.3
2025-07-05,18:49:36.270,-52,-45,10,3712,170,52,1,16,0,150,26,1940,-3,9,548,-6,205,516,0,-1,-1,-1,0x1020488010140014,1512,1505,1500,988,2012,1499,1504,1500,1500,1499,988,1500,1500,1500,1500,1500,1500,1500,1500,2012,1500,1541,1500,2012,1500,1507,1505,1500,1520,1505,1500,2012,8.3
2025-07-05,18:49:36.770,-48,-47,10,3712,170,52,1,16,0,150,26,1940,-4,9,548,-6,205,516,0,-1,-1,-1,0x1020488010140014,1511,1505,1500,988,2012,1498,1504,1500,1500,1498,988,1500,1500,1500,1500,1500,1500,1500,1500,2012,1500,1541,1500,2012,1500,1507,1505,1500,1520,1505,1500,2012,8.3
2025-07-05,18:49:37.270,-51,-42,10,3712,180,52,1,16,0,150,26,1940,-3,9,548,-6,205,516,0,-1,-1,-1,0x1020488010140014,1512,1505,1500,988,2012,1499,1504,1500,1500,1499,988,1500,1500,1500,1500,1500,1500,1500,1500,2012,1500,1541,1500,2012,1500,1507,1505,1500,1520,1505,1500,2012,8.3
2025-07-05,18:49:37.770,-52,-64,10,3712,180,52,1,16,0,150,26,1940,-3,9,548,-6,205,516,0,-1,-1,-1,0x1020488010140014,1512,1505,1500,988,2012,1499,1504,1500,1500,1499,988,1500,1500,1500,1500,1500,1500,1500,1500,2012,1500,1541,1500,2012,1500,1507,1505,1500,1520,1505,1500,2012,8.3
2025-07-05,18:49:38.270,-54,-64,10,3712,170,52,1,16,0,150,26,1940,-3,9,548,-6,206,516,0,-1,-1,-1,0x1020488010140014,1512,1505,1500,988,2012,1499,1504,1500,1500,1499,988,1500,1500,1500,1500,1500,1500,1500,1500,2012,1500,1541,1500,2012,1500,1507,1505,1500,1520,1505,1500,2012,8.3
2025-07-05,18:49:38.770,-55,-50,10,3712,170,52,1,16,0,150,26,1940,-3,9,548,-6,205,516,0,-1,-1,-1,0x1020488010140014,1512,1505,1500,988,2012,1499,1504,1500,1500,1499,988,1500,1500,1500,1500,1500,1500,1500,1500,2012,1500,1541,1500,2012,1500,1507,1505,1500,1520,1505,1500,2012,8.3
2025-07-05,18:49:39.270,-52,-54,10,3712,180,52,1,16,0,150,26,1940,-4,9,548,-6,205,516,0,-1,-1,-1,0x1020488010140014,1511,1505,1500,988,2012,1498,1504,1500,1500,1498,988,1500,1500,1500,1500,1500,1500,1500,1500,2012,1500,1541,1500,2012,1500,1507,1505,1500,1520,1505,1500,2012,8.3
2025-07-05,18:49:39.770,-51,-54,10,3712,160,52,1,16,0,150,26,1940,-3,8,548,-6,205,516,0,-1,-1,-1,0x1020488010140014,1512,1504,1500,988,2012,1499,1504,1500,1500,1499,988,1500,1500,1500,1500,1500,1500,1500,1500,2012,1500,1541,1500,2012,1500,1506,1504,1500,1520,1505,1500,2012,8.3
2025-07-05,18:49:40.250,-51,-47,10,3712,160,52,1,16,0,150,26,1940,-4,8,548,-6,205,516,0,-1,-1,-1,0x1020488010140014,1511,1504,1500,988,2012,1498,1504,1500,1500,1498,988,1500,1500,1500,1500,1500,1500,1500,1500,2012,1500,1541,1500,2012,1500,1506,1504,1500,1520,1505,1500,2012,8.3
2025-07-05,18:49:40.740,-51,-39,10,3712,180,52,1,16,0,150,26,1940,-4,9,549,-5,204,515,0,-1,-1,-1,0x1020488010140014,1511,1505,1500,988,2012,1498,1504,1500,1500,1498,988,1500,1500,1500,1500,1500,1500,1500,1500,2012,1500,1541,1500,2012,1500,1507,1505,1500,1520,1505,1500,2012,8.3
2025-07-05,18:49:41.240,-51,-36,10,3712,250,52,1,16,0,150,26,1940,-3,9,548,-5,205,515,0,-1,-1,-1,0x1020488010140014,1512,1505,1500,988,2012,1499,1504,1500,1500,1499,988,1500,1500,1500,1500,1500,1500,1500,1500,2012,1500,1541,1500,2012,1500,1507,1505,1500,1520,1505,1500,2012,8.3
2025-07-05,18:49:41.740,-51,-33,10,3712,210,52,1,16,46,150,26,1940,-2,10,548,-6,205,516,0,-1,-1,-1,0x1020488010140014,1512,1505,1500,988,2012,1499,1505,1500,1500,1499,988,1500,1500,1500,1500,1500,1500,1500,1500,2012,1500,1541,1500,2012,1500,1508,1505,1500,1520,1505,1500,2012,8.3
2025-07-05,18:49:42.240,-51,-33,10,3712,160,52,1,16,0,150,26,1940,-2,10,548,-5,205,516,0,-1,-1,-1,0x1020488010140014,1512,1505,1500,988,2012,1499,1505,1500,1500,1499,988,1500,1500,1500,1500,1500,1500,1500,1500,2012,1500,1541,1500,2012,1500,1508,1505,1500,1520,1505,1500,2012,8.3
2025-07-05,18:49:42.740,-51,-34,10,3712,160,52,1,16,0,150,26,1940,-2,9,548,-6,205,516,0,-1,-1,-1,0x1020488010140014,1512,1505,1500,988,2012,1499,1504,1500,1500,1499,988,1500,1500,1500,1500,1500,1500,1500,1500,2012,1500,1541,1500,2012,1500,1507,1505,1500,1520,1505,1500,2012,8.3
2025-07-05,18:49:43.240,-39,-37,10,3712,160,52,1,16,0,150,26,1941,-2,9,547,-6,205,516,0,-1,-1,-1,0x1020488010140014,1512,1505,1500,988,2012,1499,1504,1500,1500,1499,988,1500,1500,1500,1500,1500,1500,1500,1500,2012,1500,1541,1500,2012,1500,1507,1505,1500,1520,1505,1500,2012,8.3
2025-07-05,18:49:43.740,-39,-36,10,3713,160,52,1,16,0,150,26,1941,-3,9,548,-6,205,516,0,-1,-1,-1,0x1020488010140014,1512,1505,1500,988,2012,1499,1504,1500,1500,1499,988,1500,1500,1500,1500,1500,1500,1500,1500,2012,1500,1541,1500,2012,1500,1507,1505,1500,1520,1505,1500,2012,8.3
2025-07-05,18:49:44.240,-39,-33,10,3713,160,52,1,16,0,150,26,1941,-2,9,548,-6,206,516,0,-1,-1,-1,0x1020488010140014,1512,1505,1500,988,2012,1499,1504,1500,1500,1499,988,1500,1500,1500,1500,1500,1500,1500,1500,2012,1500,1541,1500,2012,1500,1507,1505,1500,1520,1505,1500,2012,8.3
2025-07-05,18:49:44.740,-39,-32,10,3713,380,52,1,16,0,150,26,1941,-2,10,548,-6,205,516,0,-1,-1,-1,0x1020488010140014,1512,1505,1500,988,2012,1499,1505,1500,1500,1499,988,1500,1500,1500,1500,1500,1500,1500,1500,2012,1500,1541,1500,2012,1500,1508,1505,1500,1520,1505,1500,2012,8.3
2025-07-05,18:49:45.240,-44,-38,10,3713,160,52,1,16,0,150,26,1941,-2,9,548,-6,205,516,0,-1,-1,-1,0x1020488010140014,1512,1505,1500,988,2012,1499,1504,1500,1500,1499,988,1500,1500,1500,1500,1500,1500,1500,1500,2012,1500,1541,1500,2012,1500,1507,1505,1500,1520,1505,1500,2012,8.3
2025-07-05,18:49:45.740,-44,-38,10,3713,160,52,1,16,0,150,26,1941,-3,9,547,-6,205,516,0,-1,-1,-1,0x1020488010140014,1512,1505,1500,988,2012,1499,1504,1500,1500,1499,988,1500,1500,1500,1500,1500,1500,1500,1500,2012,1500,1541,1500,2012,1500,1507,1505,1500,1520,1505,1500,2012,8.3
2025-07-05,18:49:46.240,-44,-35,10,3713,160,52,1,16,0,150,26,1941,-2,9,548,-6,205,516,0,-1,-1,-1,0x1020488010140014,1512,1505,1500,988,2012,1499,1504,1500,1500,1499,988,1500,1500,1500,1500,1500,1500,1500,1500,2012,1500,1541,1500,2012,1500,1507,1505,1500,1520,1505,1500,2012,8.3
2025-07-05,18:49:46.740,-44,-35,10,3713,170,52,1,16,0,150,26,1941,-2,9,548,-6,205,516,0,-1,-1,-1,0x1020488010140014,1512,1505,1500,988,2012,1499,1504,1500,1500,1499,988,1500,1500,1500,1500,1500,1500,1500,1500,2012,1500,1541,1500,2012,1500,1507,1505,1500,1520,1505,1500,2012,8.3
2025-07-05,18:49:47.240,-42,-41,10,3713,190,52,1,16,0,150,26,1941,-2,9,548,-6,205,516,0,-1,-1,-1,0x1020488010140014,1512,1505,1500,988,2012,1499,1504,1500,1500,1499,988,1500,1500,1500,1500,1500,1500,1500,1500,2012,1500,1541,1500,2012,1500,1507,1505,1500,1520,1505,1500,2012,8.3
2025-07-05,18:49:47.740,-42,-41,10,3713,160,52,1,16,0,150,26,1941,-2,9,548,-6,205,516,0,-1,-1,-1,0x1020488010140014,1512,1505,1500,988,2012,1499,1504,1500,1500,1499,988,1500,1500,1500,1500,1500,1500,1500,1500,2012,1500,1541,1500,2012,1500,1507,1505,1500,1520,1505,1500,2012,8.3
2025-07-05,18:49:48.240,-42,-41,10,3713,170,52,1,16,0,150,26,1941,-3,9,548,-6,206,516,0,-1,-1,-1,0x1020488010140014,1512,1505,1500,988,2012,1499,1504,1500,1500,1499,988,1500,1500,1500,1500,1500,1500,1500,1500,2012,1500,1541,1500,2012,1500,1507,1505,1500,1520,1505,1500,2012,8.3
2025-07-05,18:49:48.740,-42,-41,10,3713,250,52,1,16,0,150,26,1941,-2,9,548,-6,205,516,0,-1,-1,-1,0x1020488010140014,1512,1505,1500,988,2012,1499,1504,1500,1500,1499,988,1500,1500,1500,1500,1500,1500,1500,1500,2012,1500,1541,1500,2012,1500,1507,1505,1500,1520,1505,1500,2012,8.3
2025-07-05,18:49:49.240,-41,-39,10,3713,160,52,1,16,0,150,26,1941,-2,9,548,-6,205,516,0,-1,-1,-1,0x1020488010140014,1512,1505,1500,988,2012,1499,1504,1500,1500,1499,988,1500,1500,1500,1500,1500,1500,1500,1500,2012,1500,1541,1500,2012,1500,1507,1505,1500,1520,1505,1500,2012,8.3
2025-07-05,18:49:49.740,-41,-38,10,3713,160,52,1,16,0,150,26,1941,-2,9,548,-6,205,516,0,-1,-1,-1,0x1020488010140014,1512,1505,1500,988,2012,1499,1504,1500,1500,1499,988,1500,1500,1500,1500,1500,1500,1500,1500,2012,1500,1541,1500,2012,1500,1507,1505,1500,1520,1505,1500,2012,8.3
2025-07-05,18:49:50.240,-41,-36,10,3713,170,52,1,16,0,150,26,1941,-2,9,548,-6,206,516,0,-1,-1,-1,0x1020488010140014,1512,1505,1500,988,2012,1499,1504,1500,1500,1499,988,1500,1500,1500,1500,1500,1500,1500,1500,2012,1500,1541,1500,2012,1500,1507,1505,1500,1520,1505,1500,2012,8.3
2025-07-05,18:49:50.740,-41,-38,10,3713,160,52,1,16,0,150,26,1941,-2,9,548,-6,205,516,0,-1,-1,-1,0x1020488010140014,1512,1505,1500,988,2012,1499,1504,1500,1500,1499,988,1500,1500,1500,1500,1500,1500,1500,1500,2012,1500,1541,1500,2012,1500,1507,1505,1500,1520,1505,1500,2012,8.3
2025-07-05,18:49:51.240,-41,-38,10,3713,160,52,1,16,0,150,26,1941,-3,9,548,-6,205,516,0,-1,-1,-1,0x1020488010140014,1512,1505,1500,988,2012,1499,1504,1500,1500,1499,988,1500,1500,1500,1500,1500,1500,1500,1500,2012,1500,1541,1500,2012,1500,1508,1505,1500,1520,1505,1500,2012,8.3
2025-07-05,18:49:51.740,-41,-40,10,3713,170,52,1,16,0,150,26,1941,-3,9,548,-6,205,516,0,-1,-1,-1,0x1020488010140014,1512,1505,1500,988,2012,1499,1504,1500,1500,1499,988,1500,1500,1500,1500,1500,1500,1500,1500,2012,1500,1541,1500,2012,1500,1507,1505,1500,1520,1505,1500,2012,8.3
2025-07-05,18:49:52.240,-41,-40,10,3713,230,52,1,16,0,150,26,1941,-3,9,548,-6,205,516,0,-1,-1,-1,0x1020488010140014,1512,1505,1500,988,2012,1499,1504,1500,1500,1499,988,1500,1500,1500,1500,1500,1500,1500,1500,2012,1500,1541,1500,2012,1500,1507,1505,1500,1520,1505,1500,2012,8.3
2025-07-05,18:49:52.740,-45,-38,10,3713,170,52,1,16,0,150,26,1941,-2,9,548,-6,205,516,0,-1,-1,-1,0x1020488010140014,1512,1505,1500,988,2012,1499,1504,1500,1500,1499,988,1500,1500,1500,1500,1500,1500,1500,1500,2012,1500,1541,1500,2012,1500,1507,1505,1500,1520,1505,1500,2012,8.3
2025-07-05,18:49:53.240,-45,-38,10,3713,160,52,1,16,0,150,26,1941,-3,9,548,-6,205,516,0,-1,-1,-1,0x1020488010140014,1512,1505,1500,988,2012,1499,1504,1500,1500,1499,988,1500,1500,1500,1500,1500,1500,1500,1500,2012,1500,1541,1500,2012,1500,1507,1505,1500,1520,1505,1500,2012,8.3
2025-07-05,18:49:53.740,-45,-34,10,3713,170,51,1,16,0,150,26,1941,-3,9,548,-6,205,516,0,-1,-1,-1,0x1020488010140014,1512,1505,1500,988,2012,1499,1504,1500,1500,1499,988,1500,1500,1500,1500,1500,1500,1500,1500,2012,1500,1541,1500,2012,1500,1507,1505,1500,1520,1505,1500,2012,8.3
2025-07-05,18:49:54.240,-47,-53,10,3713,160,51,1,16,0,150,26,1941,-3,9,548,-5,205,516,0,-1,-1,-1,0x1020488010140014,1512,1505,1500,988,2012,1499,1504,1500,1500,1499,988,1500,1500,1500,1500,1500,1500,1500,1500,2012,1500,1541,1500,2012,1500,1507,1505,1500,1520,1505,1500,2012,8.3
2025-07-05,18:49:54.740,-41,-53,10,3713,160,51,1,16,0,150,26,1941,-2,9,548,-6,205,516,0,-1,-1,-1,0x1020488010140014,1512,1505,1500,988,2012,1499,1504,1500,1500,1499,988,1500,1500,1500,1500,1500,1500,1500,1500,2012,1500,1541,1500,2012,1500,1507,1505,1500,1520,1505,1500,2012,8.3
2025-07-05,18:49:55.240,-38,-53,10,3713,160,51,1,16,0,150,26,1941,-3,9,547,-6,205,516,0,-1,-1,-1,0x1020488010140014,1512,1505,1500,988,2012,1499,1504,1500,1500,1499,988,1500,1500,1500,1500,1500,1500,1500,1500,2012,1500,1541,1500,2012,1500,1507,1505,1500,1520,1505,1500,2012,8.3
2025-07-05,18:49:55.740,-36,-53,10,3713,160,51,1,16,0,150,26,1941,-3,9,548,-6,205,516,0,-1,-1,-1,0x1020488010140014,1512,1505,1500,988,2012,1499,1504,1500,1500,1499,988,1500,1500,1500,1500,1500,1500,1500,1500,2012,1500,1541,1500,2012,1500,1507,1505,1500,1520,1505,1500,2012,8.3
2025-07-05,18:49:56.240,-41,-53,10,3713,0,51,1,16,0,150,26,1941,-3,9,548,-6,205,516,0,-1,-1,-1,0x1020488010140014,1512,1505,1500,988,2012,1499,1504,1500,1500,1499,988,1500,1500,1500,1500,1500,1500,1500,1500,2012,1500,1541,1500,2012,1500,1507,1505,1500,1520,1505,1500,2012,8.3
2025-07-05,18:49:56.740,-41,-53,10,3713,0,51,1,16,0,150,26,1941,-2,9,548,-6,205,515,0,-1,-1,-1,0x1020488010140014,1512,1505,1500,988,2012,1499,1504,1500,1500,1499,988,1500,1500,1500,1500,1500,1500,1500,1500,2012,1500,1541,1500,2012,1500,1507,1505,1500,1520,1505,1500,2012,8.3
2025-07-05,18:49:57.240,-41,-53,10,3713,0,51,1,16,0,150,26,1941,-3,9,548,-6,205,515,0,-1,-1,-1,0x1020488010140014,1512,1505,1500,988,2012,1499,1504,1500,1500,1499,988,1500,1500,1500,1500,1500,1500,1500,1500,2012,1500,1541,1500,2012,1500,1507,1505,1500,1520,1505,1500,2012,8.3
2025-07-05,18:49:57.740,0,0,0,0,0,0,0,0,0,0,0,0,-2,9,548,-6,205,516,0,-1,-1,-1,0x0020480010140014,1512,1505,1500,988,2012,1499,1504,1500,1500,1499,988,1500,1500,1500,1500,1500,1500,1500,1500,2012,1500,1541,1500,2012,1500,1507,1505,1500,1520,1505,1500,2012,8.3
2025-07-05,18:49:58.240,0,0,0,0,0,0,0,0,0,0,0,0,-2,9,548,-6,205,515,0,-1,-1,-1,0x0020480010140014,1512,1505,1500,988,2012,1499,1504,1500,1500,1499,988,1500,1500,1500,1500,1500,1500,1500,1500,2012,1500,1541,1500,2012,1500,1507,1505,1500,1520,1505,1500,2012,8.3
2025-07-05,18:49:58.720,0,0,0,0,0,0,0,0,0,0,0,0,-3,9,548,-6,204,515,0,-1,-1,-1,0x0020480010140014,1512,1505,1500,988,2012,1499,1504,1500,1500,1499,988,1500,1500,1500,1500,1500,1500,1500,1500,2012,1500,1541,1500,2012,1500,1507,1505,1500,1520,1505,1500,2012,8.3
2025-07-05,18:49:59.220,0,0,0,0,0,0,0,0,0,0,0,0,-3,10,548,-6,204,515,0,-1,-1,-1,0x0020480010140014,1512,1505,1500,988,2012,1499,1505,1500,1500,1499,988,1500,1500,1500,1500,1500,1500,1500,1500,2012,1500,1541,1500,2012,1500,1508,1505,1500,1520,1505,1500,2012,8.3
2025-07-05,18:49:59.720,0,0,0,0,0,0,0,0,0,0,0,0,-2,9,548,-6,205,516,0,-1,-1,-1,0x0020480010140014,1512,1505,1500,988,2012,1499,1504,1500,1500,1499,988,1500,1500,1500,1500,1500,1500,1500,1500,2012,1500,1541,1500,2012,1500,1507,1505,1500,1520,1505,1500,2012,8.3
2025-07-05,18:50:00.220,0,0,0,0,0,0,0,0,0,0,0,0,-3,9,548,-6,205,515,0,-1,-1,-1,0x0020480010140014,1512,1505,1500,988,2012,1499,1504,1500,1500,1499,988,1500,1500,1500,1500,1500,1500,1500,1500,2012,1500,1541,1500,2012,1500,1507,1505,1500,1520,1505,1500,2012,8.3
