0563,Time,1RSS(dB),2RSS(dB),TPWR(mW),Lipo,Curr(mA),Temp(°C),Bat%(%),dent,Rpm(kmh),dist,Capa,ST,TH,P1,P2,P3,P4,SA,SB,SC,SD,LSW,CH1(us),CH2(us),CH3(us),CH4(us),CH5(us),CH6(us),CH7(us),CH8(us),CH9(us),CH10(us),CH11(us),CH12(us),CH13(us),CH14(us),CH15(us),CH16(us),CH17(us),CH18(us),CH19(us),CH20(us),CH21(us),CH22(us),CH23(us),CH24(us),CH25(us),CH26(us),CH27(us),CH28(us),CH29(us),CH30(us),CH31(us),CH32(us),TxBat(V)
2025-05-10,16:30:26.370,-70,-62,10,4190,150,26,1,15,0,0,6,-4,4,193,-8,519,516,0,-1,-1,-1,0x1020480010840004,1511,1501,1500,1500,2012,1498,1502,1500,1500,1498,988,1500,1500,1500,1500,1500,1500,1500,1500,2012,1500,1555,1500,2012,1500,1503,1501,1500,1520,1505,1500,2012,8.4
2025-05-10,16:30:26.830,-70,-66,10,4190,140,26,1,15,0,0,6,-4,5,193,-8,519,516,0,-1,-1,-1,0x1020480010840004,1511,1502,1500,1500,2012,1498,1502,1500,1500,1498,988,1500,1500,1500,1500,1500,1500,1500,1500,2012,1500,1555,1500,2012,1500,1504,1502,1500,1520,1505,1500,2012,8.4
2025-05-10,16:30:27.330,-70,-68,10,4190,140,26,1,15,0,0,6,-5,5,193,-9,519,516,0,-1,-1,-1,0x1020480010840004,1511,1502,1500,1500,2012,1498,1502,1500,1500,1498,988,1500,1500,1500,1500,1500,1500,1500,1500,2012,1500,1555,1500,2012,1500,1504,1502,1500,1520,1505,1500,2012,8.4
2025-05-10,16:30:27.830,-75,-74,10,4190,140,26,1,15,0,0,6,-4,5,193,-8,519,516,0,-1,-1,-1,0x1020480010840004,1511,1502,1500,1500,2012,1498,1502,1500,1500,1498,988,1500,1500,1500,1500,1500,1500,1500,1500,2012,1500,1555,1500,2012,1500,1504,1502,1500,1520,1505,1500,2012,8.4
2025-05-10,16:30:28.330,-75,-65,10,4190,140,26,1,15,0,0,6,-5,5,193,-8,519,516,0,-1,-1,-1,0x1020480010840004,1511,1502,1500,1500,2012,1498,1502,1500,1500,1498,988,1500,1500,1500,1500,1500,1500,1500,1500,2012,1500,1555,1500,2012,1500,1504,1502,1500,1520,1505,1500,2012,8.4
2025-05-10,16:30:28.830,-75,-60,10,4190,150,26,1,15,0,0,6,-5,5,193,-8,519,516,0,-1,-1,-1,0x1020480010840004,1511,1502,1500,1500,2012,1498,1502,1500,1500,1498,988,1500,1500,1500,1500,1500,1500,1500,1500,2012,1500,1555,1500,2012,1500,1504,1502,1500,1520,1505,1500,2012,8.4
2025-05-10,16:30:29.330,-69,-60,10,4190,140,26,1,15,0,0,6,-4,5,193,-9,519,516,0,-1,-1,-1,0x1020480010840004,1511,1502,1500,1500,2012,1498,1502,1500,1500,1498,988,1500,1500,1500,1500,1500,1500,1500,1500,2012,1500,1555,1500,2012,1500,1504,1502,1500,1520,1505,1500,2012,8.4
2025-05-10,16:30:29.830,-67,-58,10,4190,150,26,1,15,0,0,6,-4,5,193,-9,519,516,0,-1,-1,-1,0x1020480010840004,1511,1502,1500,1500,2012,1498,1502,1500,1500,1498,988,1500,1500,1500,1500,1500,1500,1500,1500,2012,1500,1555,1500,2012,1500,1504,1502,1500,1520,1505,1500,2012,8.4
2025-05-10,16:30:30.330,-67,-61,10,4190,150,26,1,15,0,0,6,-4,5,193,-8,519,516,0,-1,-1,-1,0x1020480010840004,1511,1502,1500,1500,2012,1498,1502,1500,1500,1498,988,1500,1500,1500,1500,1500,1500,1500,1500,2012,1500,1555,1500,2012,1500,1504,1502,1500,1520,1505,1500,2012,8.4
2025-05-10,16:30:30.830,-67,-61,10,4190,140,26,1,15,0,0,6,-5,5,193,-8,519,516,0,-1,-1,-1,0x1020480010840004,1511,1501,1500,1500,2012,1498,1502,1500,1500,1498,988,1500,1500,1500,1500,1500,1500,1500,1500,2012,1500,1555,1500,2012,1500,1504,1501,1500,1520,1505,1500,2012,8.4
2025-05-10,16:30:31.330,-78,-73,10,4190,140,26,1,15,0,0,6,-5,5,193,-8,519,516,0,-1,-1,-1,0x1020480010840004,1511,1502,1500,1500,2012,1498,1502,1500,1500,1498,988,1500,1500,1500,1500,1500,1500,1500,1500,2012,1500,1555,1500,2012,1500,1504,1502,1500,1520,1505,1500,2012,8.4
2025-05-10,16:30:31.830,-78,-68,10,4190,150,26,1,15,0,0,6,-4,5,192,-8,519,516,0,-1,-1,-1,0x1020480010840004,1511,1502,1500,1500,2012,1498,1502,1500,1500,1498,988,1500,1500,1500,1500,1500,1500,1500,1500,2012,1500,1555,1500,2012,1500,1504,1502,1500,1520,1505,1500,2012,8.4
2025-05-10,16:30:32.330,-75,-73,10,4190,150,26,1,15,0,0,6,-4,4,193,-8,519,516,0,-1,-1,-1,0x1020480010840004,1511,1501,1500,1500,2012,1498,1502,1500,1500,1498,988,1500,1500,1500,1500,1500,1500,1500,1500,2012,1500,1555,1500,2012,1500,1503,1501,1500,1520,1505,1500,2012,8.4
2025-05-10,16:30:32.830,-81,-72,10,4190,140,26,1,15,0,0,6,-4,5,193,-8,519,516,0,-1,-1,-1,0x1020480010840004,1511,1502,1500,1500,2012,1498,1502,1500,1500,1498,988,1500,1500,1500,1500,1500,1500,1500,1500,2012,1500,1555,1500,2012,1500,1504,1502,1500,1520,1505,1500,2012,8.4
2025-05-10,16:30:33.330,-81,-70,10,4190,140,26,1,15,0,0,6,-4,4,193,-9,519,516,0,-1,-1,-1,0x1020480010840004,1511,1501,1500,1500,2012,1498,1502,1500,1500,1498,988,1500,1500,1500,1500,1500,1500,1500,1500,2012,1500,1555,1500,2012,1500,1503,1501,1500,1520,1505,1500,2012,8.4
2025-05-10,16:30:33.830,-88,-77,10,4190,150,26,1,15,0,0,6,-4,5,193,-9,519,516,0,-1,-1,-1,0x1020480010840004,1511,1502,1500,1500,2012,1498,1502,1500,1500,1498,988,1500,1500,1500,1500,1500,1500,1500,1500,2012,1500,1555,1500,2012,1500,1504,1502,1500,1520,1505,1500,2012,8.4
2025-05-10,16:30:34.330,-90,-80,10,4190,150,26,1,15,0,0,6,-5,5,192,-8,519,516,0,-1,-1,-1,0x1020480010840004,1511,1502,1500,1500,2012,1498,1502,1500,1500,1498,988,1500,1500,1500,1500,1500,1500,1500,1500,2012,1500,1555,1500,2012,1500,1504,1502,1500,1520,1505,1500,2012,8.4
2025-05-10,16:30:34.830,-91,-81,10,4190,150,26,1,15,0,0,6,-5,4,193,-9,519,516,0,-1,-1,-1,0x1020480010840004,1511,1502,1500,1500,2012,1498,1502,1500,1500,1498,988,1500,1500,1500,1500,1500,1500,1500,1500,2012,1500,1555,1500,2012,1500,1503,1502,1500,1520,1505,1500,2012,8.4
2025-05-10,16:30:35.330,-89,-77,10,4190,150,26,1,15,0,0,6,-5,4,193,-8,519,516,0,-1,-1,-1,0x1020480010840004,1511,1501,1500,1500,2012,1498,1502,1500,1500,1498,988,1500,1500,1500,1500,1500,1500,1500,1500,2012,1500,1555,1500,2012,1500,1503,1501,1500,1520,1505,1500,2012,8.4
2025-05-10,16:30:35.830,-90,-87,25,4190,150,26,1,15,0,0,7,-5,4,193,-8,519,516,0,-1,-1,-1,0x1020480010840004,1511,1501,1500,1500,2012,1498,1502,1500,1500,1498,988,1500,1500,1500,1500,1500,1500,1500,1500,2012,1500,1555,1500,2012,1500,1503,1501,1500,1520,1505,1500,2012,8.4
2025-05-10,16:30:36.330,-87,-78,50,4190,140,26,1,15,0,0,7,-5,4,193,-9,519,515,0,-1,-1,-1,0x1020480010840004,1511,1501,1500,1500,2012,1498,1502,1500,1500,1498,988,1500,1500,1500,1500,1500,1500,1500,1500,2012,1500,1555,1500,2012,1500,1503,1501,1500,1520,1505,1500,2012,8.4
2025-05-10,16:30:36.830,-87,-78,50,4190,140,26,1,15,0,0,7,-4,5,193,-8,519,516,0,-1,-1,-1,0x1020480010840004,1511,1502,1500,1500,2012,1498,1502,1500,1500,1498,988,1500,1500,1500,1500,1500,1500,1500,1500,2012,1500,1555,1500,2012,1500,1504,1502,1500,1520,1505,1500,2012,8.4
2025-05-10,16:30:37.330,-93,-85,50,4190,140,26,1,15,0,0,7,-5,5,193,-8,519,515,0,-1,-1,-1,0x1020480010840004,1511,1502,1500,1500,2012,1498,1502,1500,1500,1498,988,1500,1500,1500,1500,1500,1500,1500,1500,2012,1500,1555,1500,2012,1500,1504,1502,1500,1520,1505,1500,2012,8.4
2025-05-10,16:30:37.830,-81,-80,50,4190,150,26,1,15,0,0,7,-4,5,192,-8,519,516,0,-1,-1,-1,0x1020480010840004,1511,1502,1500,1500,2012,1498,1502,1500,1500,1498,988,1500,1500,1500,1500,1500,1500,1500,1500,2012,1500,1555,1500,2012,1500,1504,1502,1500,1520,1505,1500,2012,8.4
2025-05-10,16:30:38.330,-87,-83,50,4190,140,26,1,15,0,0,7,-4,5,193,-9,519,515,0,-1,-1,-1,0x1020480010840004,1511,1502,1500,1500,2012,1498,1502,1500,1500,1498,988,1500,1500,1500,1500,1500,1500,1500,1500,2012,1500,1555,1500,2012,1500,1504,1502,1500,1520,1505,1500,2012,8.4
2025-05-10,16:30:38.830,-90,-80,50,4190,140,26,1,15,0,0,7,-4,4,193,-8,519,516,0,-1,-1,-1,0x1020480010840004,1511,1501,1500,1500,2012,1498,1502,1500,1500,1498,988,1500,1500,1500,1500,1500,1500,1500,1500,2012,1500,1555,1500,2012,1500,1503,1501,1500,1520,1505,1500,2012,8.4
2025-05-10,16:30:39.330,-88,-79,50,4190,150,26,1,15,0,0,7,-4,4,193,-9,519,516,0,-1,-1,-1,0x1020480010840004,1511,1501,1500,1500,2012,1498,1502,1500,1500,1498,988,1500,1500,1500,1500,1500,1500,1500,1500,2012,1500,1555,1500,2012,1500,1503,1501,1500,1520,1505,1500,2012,8.4
2025-05-10,16:30:39.830,-86,-84,50,4190,140,26,1,15,0,0,7,-3,4,193,-8,519,515,0,-1,-1,-1,0x1020480010840004,1511,1501,1500,1500,2012,1499,1502,1500,1500,1499,988,1500,1500,1500,1500,1500,1500,1500,1500,2012,1500,1555,1500,2012,1500,1503,1501,1500,1520,1505,1500,2012,8.4
2025-05-10,16:30:40.330,-91,-82,50,4190,140,26,1,15,0,0,7,-3,4,193,-8,519,516,0,-1,-1,-1,0x1020480010840004,1512,1501,1500,1500,2012,1499,1502,1500,1500,1499,988,1500,1500,1500,1500,1500,1500,1500,1500,2012,1500,1555,1500,2012,1500,1503,1501,1500,1520,1505,1500,2012,8.4
2025-05-10,16:30:40.830,-87,-92,25,4190,140,26,1,15,0,0,7,-3,5,193,-8,519,516,0,-1,-1,-1,0x1020480010840004,1512,1502,1500,1500,2012,1499,1502,1500,1500,1499,988,1500,1500,1500,1500,1500,1500,1500,1500,2012,1500,1555,1500,2012,1500,1504,1502,1500,1520,1505,1500,2012,8.4
2025-05-10,16:30:41.330,-85,-79,10,4190,150,26,1,15,0,0,7,-3,5,193,-8,519,516,0,-1,-1,-1,0x1020480010840004,1512,1502,1500,1500,2012,1499,1502,1500,1500,1499,988,1500,1500,1500,1500,1500,1500,1500,1500,2012,1500,1555,1500,2012,1500,1504,1502,1500,1520,1505,1500,2012,8.4
2025-05-10,16:30:41.830,-82,-79,10,4190,140,26,1,15,0,0,7,-3,5,193,-8,519,516,0,-1,-1,-1,0x1020480010840004,1512,1502,1500,1500,2012,1499,1502,1500,1500,1499,988,1500,1500,1500,1500,1500,1500,1500,1500,2012,1500,1555,1500,2012,1500,1504,1502,1500,1520,1505,1500,2012,8.4
2025-05-10,16:30:42.330,-82,-81,10,4190,140,26,1,15,0,0,7,-2,5,193,-9,519,516,0,-1,-1,-1,0x1020480010840004,1512,1502,1500,1500,2012,1499,1502,1500,1500,1499,988,1500,1500,1500,1500,1500,1500,1500,1500,2012,1500,1555,1500,2012,1500,1504,1502,1500,1520,1505,1500,2012,8.4
2025-05-10,16:30:42.830,-90,-84,10,4190,140,26,1,15,0,0,7,-4,5,193,-9,518,516,0,-1,-1,-1,0x1020480010840004,1512,1502,1500,1500,2012,1498,1502,1500,1500,1498,988,1500,1500,1500,1500,1500,1500,1500,1500,2012,1500,1555,1500,2012,1500,1504,1502,1500,1520,1505,1500,2012,8.4
2025-05-10,16:30:43.330,-70,-82,10,4190,140,26,1,15,0,0,7,-3,5,193,-9,519,515,0,-1,-1,-1,0x1020480010840004,1512,1502,1500,1500,2012,1499,1502,1500,1500,1499,988,1500,1500,1500,1500,1500,1500,1500,1500,2012,1500,1555,1500,2012,1500,1504,1502,1500,1520,1505,1500,2012,8.4
2025-05-10,16:30:43.830,-72,-80,10,4190,160,26,1,15,0,0,7,-3,5,193,-8,519,515,0,-1,-1,-1,0x1020480010840004,1511,1502,1500,1500,2012,1499,1502,1500,1500,1499,988,1500,1500,1500,1500,1500,1500,1500,1500,2012,1500,1555,1500,2012,1500,1504,1502,1500,1520,1505,1500,2012,8.4
2025-05-10,16:30:44.330,-75,-83,10,4190,140,26,1,15,0,0,7,-3,5,193,-8,519,516,0,-1,-1,-1,0x1020480010840004,1512,1502,1500,1500,2012,1499,1502,1500,1500,1499,988,1500,1500,1500,1500,1500,1500,1500,1500,2012,1500,1555,1500,2012,1500,1504,1502,1500,1520,1505,1500,2012,8.4
2025-05-10,16:30:44.830,-74,-68,10,4190,160,26,1,15,0,0,7,-3,5,193,-9,519,516,0,-1,-1,-1,0x1020480010840004,1512,1502,1500,1500,2012,1499,1502,1500,1500,1499,988,1500,1500,1500,1500,1500,1500,1500,1500,2012,1500,1555,1500,2012,1500,1504,1502,1500,1520,1505,1500,2012,8.4
2025-05-10,16:30:45.330,-74,-71,10,4190,170,26,1,15,0,0,7,-3,5,193,-8,519,516,0,-1,-1,-1,0x1020480010840004,1512,1502,1500,1500,2012,1499,1502,1500,1500,1499,988,1500,1500,1500,1500,1500,1500,1500,1500,2012,1500,1555,1500,2012,1500,1504,1502,1500,1520,1505,1500,2012,8.4
2025-05-10,16:30:45.830,-77,-71,10,4190,160,26,1,15,0,0,7,-2,5,192,-8,519,516,0,-1,-1,-1,0x1020480010840004,1512,1502,1500,1500,2012,1499,1502,1500,1500,1499,988,1500,1500,1500,1500,1500,1500,1500,1500,2012,1500,1555,1500,2012,1500,1504,1502,1500,1520,1505,1500,2012,8.4
2025-05-10,16:30:46.330,-72,-74,10,4190,150,26,1,15,0,0,7,-3,5,193,-9,519,516,0,-1,-1,-1,0x1020480010840004,1512,1502,1500,1500,2012,1499,1502,1500,1500,1499,988,1500,1500,1500,1500,1500,1500,1500,1500,2012,1500,1555,1500,2012,1500,1504,1502,1500,1520,1505,1500,2012,8.4
2025-05-10,16:30:46.830,-76,-76,10,4190,190,26,1,15,0,0,7,-3,5,193,-8,519,515,0,-1,-1,-1,0x1020480010840004,1512,1502,1500,1500,2012,1499,1502,1500,1500,1499,988,1500,1500,1500,1500,1500,1500,1500,1500,2012,1500,1555,1500,2012,1500,1504,1502,1500,1520,1505,1500,2012,8.4
2025-05-10,16:30:47.330,-73,-69,10,4190,140,26,1,15,0,0,7,-3,5,192,-8,519,516,0,-1,-1,-1,0x1020480010840004,1512,1502,1500,1500,2012,1499,1502,1500,1500,1499,988,1500,1500,1500,1500,1500,1500,1500,1500,2012,1500,1555,1500,2012,1500,1504,1502,1500,1520,1505,1500,2012,8.4
2025-05-10,16:30:47.830,-74,-78,10,4190,160,26,1,15,0,0,7,-3,6,192,-8,519,515,0,-1,-1,-1,0x1020480010840004,1512,1502,1500,1500,2012,1499,1503,1500,1500,1499,988,1500,1500,1500,1500,1500,1500,1500,1500,2012,1500,1555,1500,2012,1500,1505,1502,1500,1520,1505,1500,2012,8.4
2025-05-10,16:30:48.330,-78,-67,10,4190,140,26,1,15,0,0,7,-2,5,193,-8,519,515,0,-1,-1,-1,0x1020480010840004,1512,1502,1500,1500,2012,1499,1502,1500,1500,1499,988,1500,1500,1500,1500,1500,1500,1500,1500,2012,1500,1555,1500,2012,1500,1504,1502,1500,1520,1505,1500,2012,8.4
2025-05-10,16:30:48.830,-64,-69,10,4190,140,26,1,15,0,0,7,-3,6,193,-9,519,515,0,-1,-1,-1,0x1020480010840004,1512,1502,1500,1500,2012,1499,1503,1500,1500,1499,988,1500,1500,1500,1500,1500,1500,1500,1500,2012,1500,1555,1500,2012,1500,1505,1502,1500,1520,1505,1500,2012,8.4
2025-05-10,16:30:49.330,-62,-68,10,4190,150,26,1,15,0,0,7,-4,5,192,-8,519,516,0,-1,-1,-1,0x1020480010840004,1511,1502,1500,1500,2012,1498,1502,1500,1500,1498,988,1500,1500,1500,1500,1500,1500,1500,1500,2012,1500,1555,1500,2012,1500,1504,1502,1500,1520,1505,1500,2012,8.4
2025-05-10,16:30:49.830,-65,-74,10,4190,150,26,1,15,0,0,7,-2,5,192,-8,519,516,0,-1,-1,-1,0x1020480010840004,1512,1502,1500,1500,2012,1499,1502,1500,1500,1499,988,1500,1500,1500,1500,1500,1500,1500,1500,2012,1500,1555,1500,2012,1500,1504,1502,1500,1520,1505,1500,2012,8.4
2025-05-10,16:30:50.330,-66,-84,10,4190,140,26,1,15,0,0,7,-3,6,193,-9,519,516,0,-1,-1,-1,0x1020480010840004,1512,1502,1500,1500,2012,1499,1503,1500,1500,1499,988,1500,1500,1500,1500,1500,1500,1500,1500,2012,1500,1555,1500,2012,1500,1505,1502,1500,1520,1505,1500,2012,8.4
2025-05-10,16:30:50.830,-67,-60,10,4190,150,26,1,15,0,0,7,-3,5,193,-8,519,516,0,-1,-1,-1,0x1020480010840004,1512,1502,1500,1500,2012,1499,1502,1500,1500,1499,988,1500,1500,1500,1500,1500,1500,1500,1500,2012,1500,1555,1500,2012,1500,1504,1502,1500,1520,1505,1500,2012,8.4
2025-05-10,16:30:51.330,-62,-68,10,4190,140,26,1,15,0,0,7,-4,5,193,-9,519,516,0,-1,-1,-1,0x1020480010840004,1511,1502,1500,1500,2012,1498,1502,1500,1500,1498,988,1500,1500,1500,1500,1500,1500,1500,1500,2012,1500,1555,1500,2012,1500,1504,1502,1500,1520,1505,1500,2012,8.4
2025-05-10,16:30:51.830,-62,-56,10,4190,150,26,1,15,0,0,7,-3,6,193,-9,519,516,0,-1,-1,-1,0x1020480010840004,1512,1502,1500,1500,2012,1499,1503,1500,1500,1499,988,1500,1500,1500,1500,1500,1500,1500,1500,2012,1500,1555,1500,2012,1500,1505,1502,1500,1520,1505,1500,2012,8.4
2025-05-10,16:30:52.330,-73,-58,10,4190,140,26,1,15,0,0,7,-4,6,193,-8,519,516,0,-1,-1,-1,0x1020480010840004,1511,1502,1500,1500,2012,1498,1503,1500,1500,1498,988,1500,1500,1500,1500,1500,1500,1500,1500,2012,1500,1555,1500,2012,1500,1505,1502,1500,1520,1505,1500,2012,8.4
2025-05-10,16:30:52.830,-67,-62,10,4190,140,26,1,15,0,0,7,-3,5,193,-9,519,515,0,-1,-1,-1,0x1020480010840004,1512,1502,1500,1500,2012,1499,1502,1500,1500,1499,988,1500,1500,1500,1500,1500,1500,1500,1500,2012,1500,1555,1500,2012,1500,1504,1502,1500,1520,1505,1500,2012,8.4
2025-05-10,16:30:53.330,-68,-68,10,4190,150,26,1,15,0,0,7,-3,6,192,-9,519,515,0,-1,-1,-1,0x1020480010840004,1512,1502,1500,1500,2012,1499,1503,1500,1500,1499,988,1500,1500,1500,1500,1500,1500,1500,1500,2012,1500,1555,1500,2012,1500,1505,1502,1500,1520,1505,1500,2012,8.4
2025-05-10,16:30:53.830,-60,-65,10,4190,190,26,1,15,0,0,7,-4,6,193,-9,519,515,0,-1,-1,-1,0x1020480010840004,1512,1502,1500,1500,2012,1498,1503,1500,1500,1498,988,1500,1500,1500,1500,1500,1500,1500,1500,2012,1500,1555,1500,2012,1500,1505,1502,1500,1520,1505,1500,2012,8.4
2025-05-10,16:30:54.330,-80,-72,10,4190,230,26,1,15,0,0,7,-4,5,193,-8,519,515,0,-1,-1,-1,0x1020480010840004,1511,1502,1500,1500,2012,1498,1502,1500,1500,1498,988,1500,1500,1500,1500,1500,1500,1500,1500,2012,1500,1555,1500,2012,1500,1504,1502,1500,1520,1505,1500,2012,8.4
2025-05-10,16:30:54.830,-83,-79,10,4190,170,26,1,15,0,0,7,-4,5,193,-9,519,516,0,-1,-1,-1,0x1020480010840004,1512,1502,1500,1500,2012,1498,1502,1500,1500,1498,988,1500,1500,1500,1500,1500,1500,1500,1500,2012,1500,1555,1500,2012,1500,1504,1502,1500,1520,1505,1500,2012,8.4
2025-05-10,16:30:55.330,-74,-72,10,4190,150,26,1,15,0,0,7,-3,5,193,-8,519,516,0,-1,-1,-1,0x1020480010840004,1512,1502,1500,1500,2012,1499,1502,1500,1500,1499,988,1500,1500,1500,1500,1500,1500,1500,1500,2012,1500,1555,1500,2012,1500,1504,1502,1500,1520,1505,1500,2012,8.4
2025-05-10,16:30:55.830,-76,-73,10,4190,150,26,1,15,0,0,7,-4,5,193,-8,519,516,0,-1,-1,-1,0x1020480010840004,1511,1502,1500,1500,2012,1498,1502,1500,1500,1498,988,1500,1500,1500,1500,1500,1500,1500,1500,2012,1500,1555,1500,2012,1500,1504,1502,1500,1520,1505,1500,2012,8.4
2025-05-10,16:30:56.330,-74,-70,10,4190,150,26,1,15,0,0,7,-3,5,193,-8,519,515,0,-1,-1,-1,0x1020480010840004,1512,1502,1500,1500,2012,1499,1502,1500,1500,1499,988,1500,1500,1500,1500,1500,1500,1500,1500,2012,1500,1555,1500,2012,1500,1504,1502,1500,1520,1505,1500,2012,8.4
2025-05-10,16:30:56.830,-70,-72,10,4190,150,26,1,15,0,0,7,-3,5,192,-8,519,516,0,-1,-1,-1,0x1020480010840004,1512,1502,1500,1500,2012,1499,1502,1500,1500,1499,988,1500,1500,1500,1500,1500,1500,1500,1500,2012,1500,1555,1500,2012,1500,1504,1502,1500,1520,1505,1500,2012,8.4
2025-05-10,16:30:57.330,-72,-73,10,4190,170,26,1,15,0,0,7,-4,5,193,-8,519,515,0,-1,-1,-1,0x1020480010840004,1511,1502,1500,1500,2012,1498,1502,1500,1500,1498,988,1500,1500,1500,1500,1500,1500,1500,1500,2012,1500,1555,1500,2012,1500,1504,1502,1500,1520,1505,1500,2012,8.4
2025-05-10,16:30:57.830,-74,-74,10,4190,200,26,1,15,0,0,7,-3,5,193,-8,519,516,0,-1,-1,-1,0x1020480010840004,1511,1502,1500,1500,2012,1499,1502,1500,1500,1499,988,1500,1500,1500,1500,1500,1500,1500,1500,2012,1500,1555,1500,2012,1500,1504,1502,1500,1520,1505,1500,2012,8.4
2025-05-10,16:30:58.330,-73,-72,10,4190,160,26,1,15,0,0,7,-3,5,193,-8,519,516,0,-1,-1,-1,0x1020480010840004,1511,1502,1500,1500,2012,1499,1502,1500,1500,1499,988,1500,1500,1500,1500,1500,1500,1500,1500,2012,1500,1555,1500,2012,1500,1504,1502,1500,1520,1505,1500,2012,8.4
2025-05-10,16:30:58.830,-72,-76,10,4190,150,26,1,15,0,0,7,-3,5,193,-9,519,516,0,-1,-1,-1,0x1020480010840004,1511,1501,1500,1500,2012,1499,1502,1500,1500,1499,988,1500,1500,1500,1500,1500,1500,1500,1500,2012,1500,1555,1500,2012,1500,1504,1501,1500,1520,1505,1500,2012,8.4
2025-05-10,16:30:59.330,-80,-65,10,4190,150,26,1,15,0,0,7,-4,5,193,-9,519,515,0,-1,-1,-1,0x1020480010840004,1512,1502,1500,1500,2012,1498,1502,1500,1500,1498,988,1500,1500,1500,1500,1500,1500,1500,1500,2012,1500,1555,1500,2012,1500,1504,1502,1500,1520,1505,1500,2012,8.4
2025-05-10,16:30:59.830,-80,-68,10,4190,150,26,1,15,0,0,7,-3,5,192,-8,519,516,0,-1,-1,-1,0x1020480010840004,1512,1502,1500,1500,2012,1499,1502,1500,1500,1499,988,1500,1500,1500,1500,1500,1500,1500,1500,2012,1500,1555,1500,2012,1500,1504,1502,1500,1520,1505,1500,2012,8.4
2025-05-10,16:31:00.330,-71,-73,10,4190,150,26,1,15,0,0,7,-3,5,193,-8,519,516,0,-1,-1,-1,0x1020480010840004,1512,1502,1500,1500,2012,1499,1502,1500,1500,1499,988,1500,1500,1500,1500,1500,1500,1500,1500,2012,1500,1555,1500,2012,1500,1504,1502,1500,1520,1505,1500,2012,8.4
2025-05-10,16:31:00.830,-74,-63,10,4190,160,26,1,15,0,0,8,-3,5,193,-8,519,515,0,-1,-1,-1,0x1020480010840004,1512,1502,1500,1500,2012,1499,1502,1500,1500,1499,988,1500,1500,1500,1500,1500,1500,1500,1500,2012,1500,1555,1500,2012,1500,1504,1502,1500,1520,1505,1500,2012,8.4
2025-05-10,16:31:01.330,-68,-63,10,4190,150,26,1,15,0,0,8,-3,5,193,-8,519,516,0,-1,-1,-1,0x1020480010840004,1512,1502,1500,1500,2012,1499,1502,1500,1500,1499,988,1500,1500,1500,1500,1500,1500,1500,1500,2012,1500,1555,1500,2012,1500,1504,1502,1500,1520,1505,1500,2012,8.4
2025-05-10,16:31:01.830,-71,-62,10,4190,150,26,1,15,0,0,8,-3,5,193,-8,519,516,0,-1,-1,-1,0x1020480010840004,1512,1502,1500,1500,2012,1499,1502,1500,1500,1499,988,1500,1500,1500,1500,1500,1500,1500,1500,2012,1500,1555,1500,2012,1500,1504,1502,1500,1520,1505,1500,2012,8.4
2025-05-10,16:31:02.330,-79,-71,10,4190,150,26,1,15,0,0,8,-4,5,193,-8,519,516,0,-1,-1,-1,0x1020480010840004,1511,1502,1500,1500,2012,1498,1502,1500,1500,1498,988,1500,1500,1500,1500,1500,1500,1500,1500,2012,1500,1555,1500,2012,1500,1504,1502,1500,1520,1505,1500,2012,8.4
2025-05-10,16:31:02.830,-83,-75,10,4190,150,25,1,15,0,0,8,-2,5,192,-9,519,515,0,-1,-1,-1,0x1020480010840004,1512,1502,1500,1500,2012,1499,1502,1500,1500,1499,988,1500,1500,1500,1500,1500,1500,1500,1500,2012,1500,1555,1500,2012,1500,1504,1502,1500,1520,1505,1500,2012,8.4
2025-05-10,16:31:03.330,-73,-73,10,4190,140,26,1,15,0,0,8,-3,5,192,-9,519,516,0,-1,-1,-1,0x1020480010840004,1512,1502,1500,1500,2012,1499,1502,1500,1500,1499,988,1500,1500,1500,1500,1500,1500,1500,1500,2012,1500,1555,1500,2012,1500,1504,1502,1500,1520,1505,1500,2012,8.4
2025-05-10,16:31:03.830,-73,-76,10,4190,150,26,1,15,0,0,8,-3,7,193,-8,519,516,0,-1,-1,-1,0x1020480010840004,1511,1503,1500,1500,2012,1499,1503,1500,1500,1499,988,1500,1500,1500,1500,1500,1500,1500,1500,2012,1500,1555,1500,2012,1500,1505,1503,1500,1520,1505,1500,2012,8.4
2025-05-10,16:31:04.330,-77,-67,10,4190,160,26,1,15,0,0,8,-3,6,193,-8,519,516,0,-1,-1,-1,0x1020480010840004,1512,1502,1500,1500,2012,1499,1503,1500,1500,1499,988,1500,1500,1500,1500,1500,1500,1500,1500,2012,1500,1555,1500,2012,1500,1505,1502,1500,1520,1505,1500,2012,8.4
2025-05-10,16:31:04.830,-68,-73,10,4190,140,26,1,15,0,0,8,-4,9,193,-8,519,515,0,-1,-1,-1,0x1020480010840004,1511,1503,1500,1500,2012,1498,1504,1500,1500,1498,988,1500,1500,1500,1500,1500,1500,1500,1500,2012,1500,1555,1500,2012,1500,1507,1503,1500,1520,1505,1500,2012,8.4
2025-05-10,16:31:05.330,-68,-68,10,4190,150,26,1,15,0,0,8,-4,7,193,-8,519,516,0,-1,-1,-1,0x1020480010840004,1511,1503,1500,1500,2012,1498,1503,1500,1500,1498,988,1500,1500,1500,1500,1500,1500,1500,1500,2012,1500,1555,1500,2012,1500,1505,1503,1500,1520,1505,1500,2012,8.4
2025-05-10,16:31:05.830,-77,-64,10,4190,150,25,1,15,0,0,8,-4,7,192,-9,519,515,0,-1,-1,-1,0x1020480010840004,1512,1503,1500,1500,2012,1498,1503,1500,1500,1498,988,1500,1500,1500,1500,1500,1500,1500,1500,2012,1500,1555,1500,2012,1500,1505,1503,1500,1520,1505,1500,2012,8.4
2025-05-10,16:31:06.330,-69,-61,10,4190,140,25,1,15,0,0,8,-4,7,193,-9,519,516,0,-1,-1,-1,0x1020480010840004,1511,1503,1500,1500,2012,1498,1503,1500,1500,1498,988,1500,1500,1500,1500,1500,1500,1500,1500,2012,1500,1555,1500,2012,1500,1505,1503,1500,1520,1505,1500,2012,8.4
2025-05-10,16:31:06.830,-72,-61,10,4190,140,25,1,15,0,0,8,-4,6,193,-8,519,516,0,-1,-1,-1,0x1020480010840004,1511,1502,1500,1500,2012,1498,1503,1500,1500,1498,988,1500,1500,1500,1500,1500,1500,1500,1500,2012,1500,1555,1500,2012,1500,1505,1502,1500,1520,1505,1500,2012,8.4
2025-05-10,16:31:07.330,-76,-53,10,4190,180,25,1,15,0,0,8,-4,8,193,-8,519,516,0,-1,-1,-1,0x1020480010840004,1512,1503,1500,1500,2012,1498,1504,1500,1500,1498,988,1500,1500,1500,1500,1500,1500,1500,1500,2012,1500,1555,1500,2012,1500,1506,1503,1500,1520,1505,1500,2012,8.4
2025-05-10,16:31:07.830,-83,-62,10,4190,140,25,1,15,0,0,8,-4,6,193,-8,519,516,0,-1,-1,-1,0x1020480010840004,1511,1502,1500,1500,2012,1498,1503,1500,1500,1498,988,1500,1500,1500,1500,1500,1500,1500,1500,2012,1500,1555,1500,2012,1500,1505,1502,1500,1520,1505,1500,2012,8.4
2025-05-10,16:31:08.330,-65,-62,10,4190,140,26,1,15,0,0,8,-4,6,192,-9,519,516,0,-1,-1,-1,0x1020480010840004,1511,1502,1500,1500,2012,1498,1503,1500,1500,1498,988,1500,1500,1500,1500,1500,1500,1500,1500,2012,1500,1555,1500,2012,1500,1505,1502,1500,1520,1505,1500,2012,8.4
2025-05-10,16:31:08.830,-63,-65,10,4190,150,26,1,15,0,0,8,-4,5,193,-8,519,516,0,-1,-1,-1,0x1020480010840004,1511,1501,1500,1500,2012,1498,1502,1500,1500,1498,988,1500,1500,1500,1500,1500,1500,1500,1500,2012,1500,1555,1500,2012,1500,1504,1501,1500,1520,1505,1500,2012,8.4
2025-05-10,16:31:09.330,-66,-65,10,4190,130,25,1,15,0,0,8,-3,5,193,-9,519,516,0,-1,-1,-1,0x1020480010840004,1511,1502,1500,1500,2012,1499,1502,1500,1500,1499,988,1500,1500,1500,1500,1500,1500,1500,1500,2012,1500,1555,1500,2012,1500,1504,1502,1500,1520,1505,1500,2012,8.4
2025-05-10,16:31:09.830,-78,-71,10,4190,150,25,1,15,0,0,8,-3,6,193,-8,519,516,0,-1,-1,-1,0x1020480010840004,1512,1502,1500,1500,2012,1499,1503,1500,1500,1499,988,1500,1500,1500,1500,1500,1500,1500,1500,2012,1500,1555,1500,2012,1500,1505,1502,1500,1520,1505,1500,2012,8.4
2025-05-10,16:31:10.330,-78,-64,10,4190,140,26,1,15,0,0,8,-2,6,193,-8,519,516,0,-1,-1,-1,0x1020480010840004,1512,1502,1500,1500,2012,1499,1503,1500,1500,1499,988,1500,1500,1500,1500,1500,1500,1500,1500,2012,1500,1555,1500,2012,1500,1505,1502,1500,1520,1505,1500,2012,8.4
2025-05-10,16:31:10.830,-66,-59,10,4190,150,26,1,15,0,0,8,-3,4,193,-9,519,516,0,-1,-1,-1,0x1020480010840004,1512,1501,1500,1500,2012,1499,1502,1500,1500,1499,988,1500,1500,1500,1500,1500,1500,1500,1500,2012,1500,1555,1500,2012,1500,1503,1501,1500,1520,1505,1500,2012,8.4
2025-05-10,16:31:11.330,-66,-57,10,4190,140,26,1,15,0,0,8,-2,10,193,-8,519,516,0,-1,-1,-1,0x1020480010840004,1512,1504,1500,1500,2012,1499,1505,1500,1500,1499,988,1500,1500,1500,1500,1500,1500,1500,1500,2012,1500,1555,1500,2012,1500,1508,1504,1500,1520,1505,1500,2012,8.4
2025-05-10,16:31:11.830,-67,-53,10,4190,2970,26,1,15,489,0,8,-189,27,193,-8,519,516,0,-1,-1,-1,0x1020480014840005,1496,1512,1524,1500,2012,1406,1513,1500,1500,1406,988,1500,1500,1500,1500,1500,1500,1500,1270,1730,1500,1555,1500,2012,1500,1521,1512,1500,1520,1505,1500,2012,8.4
2025-05-10,16:31:12.330,-67,-53,10,4189,1910,26,1,15,815,0,8,-637,140,192,-8,519,515,0,-1,-1,-1,0x1020480014840005,1347,1552,1571,1500,2012,1182,1570,1500,1500,1182,988,1500,1500,1500,1500,1500,1500,1500,1372,1628,1500,1555,1500,2012,1500,1604,1552,1500,1520,1505,1500,2012,8.4
2025-05-10,16:31:12.830,-68,-57,10,4186,1070,26,1,15,4506,0,9,19,9,193,-8,519,516,0,-1,-1,-1,0x1020480010840005,1517,1503,1571,1500,2012,1509,1504,1500,1500,1509,988,1500,1500,1500,1500,1500,1500,1500,1168,1883,1500,1555,1500,2012,1500,1507,1503,1500,1520,1505,1500,2012,8.4
2025-05-10,16:31:13.330,-65,-57,10,4185,1120,27,1,15,6387,0,9,80,112,193,-8,519,516,0,-1,-1,-1,0x1020480014840005,1528,1541,1571,1500,2012,1540,1556,1500,1500,1540,988,1500,1500,1500,1500,1500,1500,1500,1372,1628,1500,1555,1500,2012,1500,1584,1541,1500,1520,1505,1500,2012,8.4
2025-05-10,16:31:13.830,-68,-60,10,4183,8120,28,1,15,9237,0,10,66,85,193,-9,519,516,0,-1,-1,-1,0x1020480014840005,1527,1537,1571,1500,2012,1533,1542,1500,1500,1533,988,1500,1500,1500,1500,1500,1500,1500,1372,1628,1500,1555,1500,2012,1500,1565,1537,1500,1520,1505,1500,2012,8.4
2025-05-10,16:31:14.330,-65,-59,10,4176,13900,28,1,15,10642,0,10,76,506,193,-8,519,515,0,-1,-1,-1,0x1020480014840005,1530,1686,1571,1500,2012,1538,1753,1500,1500,1538,988,1500,1500,1500,1500,1500,1500,1500,1372,1628,1500,1555,1500,2012,1500,1811,1686,1500,1520,1505,1500,2012,8.4
2025-05-10,16:31:14.830,-67,-59,10,4167,34920,28,1,15,17925,0,12,207,792,193,-8,519,516,0,-1,-1,-1,0x1020480014840005,1562,1826,1571,1500,2012,1603,1896,1500,1500,1603,988,1500,1500,1500,1500,1500,1500,1500,1372,1628,1500,1555,1500,2012,1500,1929,1826,1500,1520,1505,1500,2012,8.4
2025-05-10,16:31:15.330,-62,-62,10,4146,8330,28,1,15,18667,0,17,-311,703,193,-8,519,516,0,-1,-1,-1,0x1020480014840005,1454,1770,1571,1500,2012,1345,1852,1500,1500,1345,988,1500,1500,1500,1500,1500,1500,1500,1372,1628,1500,1555,1500,2012,1500,1895,1770,1500,1520,1505,1500,2012,8.4
2025-05-10,16:31:15.830,-73,-72,10,4133,13140,28,1,15,18483,0,18,0,626,192,-9,519,516,0,-1,-1,-1,0x1020480010840005,1512,1727,1571,1500,2012,1500,1813,1500,1500,1500,988,1500,1500,1500,1500,1500,1500,1500,1372,1628,1500,1555,1500,2012,1500,1864,1734,1500,1520,1505,1500,2012,8.4
2025-05-10,16:31:16.330,-74,-70,10,4138,1070,28,1,15,16140,0,20,589,4,192,-9,519,516,0,-1,-1,-1,0x1020480014840005,1650,1501,1571,1500,2012,1794,1502,1500,1500,1794,988,1500,1500,1500,1500,1500,1500,1500,988,2012,1500,1555,1500,2012,1500,1503,1501,1500,1520,1505,1500,2012,8.4
2025-05-10,16:31:16.830,-65,-71,10,4145,7920,29,1,15,10794,0,20,683,641,193,-9,519,516,0,-1,-1,-1,0x1020480014840005,1676,1741,1571,1500,2012,1841,1821,1500,1500,1841,988,1500,1500,1500,1500,1500,1500,1500,1372,1628,1500,1555,1500,2012,1500,1870,1741,1500,1520,1505,1500,2012,8.4
2025-05-10,16:31:17.330,-68,-69,10,4148,9730,29,1,15,11985,0,23,325,611,193,-9,519,516,0,-1,-1,-1,0x1020480014840005,1596,1720,1571,1500,2012,1662,1805,1500,1500,1662,988,1500,1500,1500,1500,1500,1500,1500,1372,1628,1500,1555,1500,2012,1500,1857,1720,1500,1520,1505,1500,2012,8.4
2025-05-10,16:31:17.830,-82,-63,10,4141,5050,29,1,15,13018,0,24,770,484,193,-9,519,515,0,-1,-1,-1,0x1020480014840005,1707,1678,1571,1500,2012,1885,1742,1500,1500,1885,988,1500,1500,1500,1500,1500,1500,1500,1372,1628,1500,1555,1500,2012,1500,1800,1678,1500,1520,1505,1500,2012,8.4
2025-05-10,16:31:18.330,-78,-80,10,4136,8370,29,1,15,15778,0,26,649,493,192,-8,519,516,0,-1,-1,-1,0x1020480014840005,1673,1681,1571,1500,2012,1824,1746,1500,1500,1824,988,1500,1500,1500,1500,1500,1500,1500,1372,1628,1500,1555,1500,2012,1500,1805,1681,1500,1520,1505,1500,2012,8.4
2025-05-10,16:31:18.830,-79,-72,10,4134,19470,29,1,15,15715,0,28,-663,628,192,-9,519,516,0,-1,-1,-1,0x1020480014840005,1371,1735,1571,1500,2012,1160,1814,1500,1500,1160,988,1500,1500,1500,1500,1500,1500,1500,1372,1628,1500,1555,1500,2012,1500,1864,1735,1500,1520,1505,1500,2012,8.4
2025-05-10,16:31:19.330,-79,-83,10,4130,1340,29,1,15,9281,0,29,997,-118,193,-8,519,516,0,-1,-1,-1,0x10204800168C0005,1718,1446,1571,1500,2012,2012,1441,1446,1500,2012,988,1500,1500,1500,1500,1500,1500,1446,988,2012,1500,1555,1500,2012,1500,1419,1500,1500,1520,1505,1500,2012,8.4
2025-05-10,16:31:19.830,-73,-65,10,4156,780,29,1,15,5774,1,30,-1024,-57,192,-8,519,516,0,-1,-1,-1,0x1020480016880005,1158,1482,1571,1500,2012,988,1479,1482,1500,988,988,1500,1500,1500,1500,1500,1500,1482,1372,2012,1500,1555,1500,988,1500,1467,1500,1500,1520,1505,1500,2012,8.4
2025-05-10,16:31:20.330,-67,-68,10,4165,1920,29,1,15,5963,1,30,-952,267,193,-8,519,516,0,-1,-1,-1,0x1020480014840805,1184,1594,1571,1500,2012,1032,1639,1500,1500,1032,988,1500,1500,1500,1500,1500,1500,1500,1372,1628,1500,1555,1500,2012,1500,1691,1594,1500,1520,1505,1500,2012,8.4
2025-05-10,16:31:20.830,-90,-74,10,4163,23580,30,1,15,12108,1,32,-587,526,192,-8,519,516,0,-1,-1,-1,0x1020480014840005,1371,1693,1571,1500,2012,1214,1755,1500,1500,1214,988,1500,1500,1500,1500,1500,1500,1500,1372,1628,1500,1555,1500,2012,1500,1813,1693,1500,1520,1505,1500,2012,8.4
2025-05-10,16:31:21.330,-72,-72,10,4130,8070,29,1,15,12024,1,34,-127,789,192,-9,519,516,0,-1,-1,-1,0x1020480014840005,1489,1824,1571,1500,2012,1436,1895,1500,1500,1436,988,1500,1500,1500,1500,1500,1500,1500,1372,1628,1500,1555,1500,2012,1500,1928,1824,1500,1520,1505,1500,2012,8.4
2025-05-10,16:31:21.830,-79,-72,10,4122,12440,29,1,15,15735,1,37,155,782,192,-8,519,516,0,-1,-1,-1,0x1020480014840005,1552,1818,1571,1500,2012,1577,1891,1500,1500,1577,988,1500,1500,1500,1500,1500,1500,1500,1372,1628,1500,1555,1500,2012,1500,1925,1818,1500,1520,1505,1500,2012,8.4
2025-05-10,16:31:22.330,-72,-69,10,4127,730,29,1,15,17914,1,39,-84,27,193,-9,519,516,0,-1,-1,-1,0x1020480014840005,1501,1511,1554,1500,2012,1458,1513,1500,1500,1458,988,1500,1500,1500,1500,1500,1500,1500,988,2012,1500,1555,1500,2012,1500,1521,1511,1500,1520,1505,1500,2012,8.4
2025-05-10,16:31:22.830,-73,-76,10,4150,1630,29,1,15,14783,1,40,-170,162,192,-9,519,515,0,-1,-1,-1,0x1020480014840005,1476,1559,1571,1500,2012,1415,1581,1500,1500,1415,988,1500,1500,1500,1500,1500,1500,1500,1372,1628,1500,1555,1500,2012,1500,1619,1559,1500,1520,1505,1500,2012,8.4
2025-05-10,16:31:23.330,-81,-76,10,4155,0,29,1,15,9708,1,40,990,-163,193,-8,519,516,0,-1,-1,-1,0x1020480016840005,1801,1418,1571,1499,2012,1995,1428,1425,1500,1995,988,1500,1500,1500,1500,1500,1500,1425,1069,2012,1500,1555,1500,988,1500,1393,1500,1500,1520,1505,1500,2012,8.4
2025-05-10,16:31:23.830,-82,-76,10,4156,12390,29,1,15,11909,1,41,1024,9,193,-9,519,516,0,-1,-1,-1,0x1020480014840005,1801,1503,1571,1500,2012,2012,1504,1500,1500,2012,988,1500,1500,1500,1500,1500,1500,1500,1270,1781,1500,1555,1500,2012,1500,1623,1503,1500,1520,1505,1500,2012,8.4
2025-05-10,16:31:24.330,-82,-74,10,4156,9110,29,1,15,8602,1,41,738,457,193,-8,519,516,0,-1,-1,-1,0x1020480014840005,1714,1668,1571,1500,2012,1859,1729,1500,1500,1859,988,1500,1500,1500,1500,1500,1500,1500,1372,1628,1500,1555,1500,2012,1500,1788,1668,1500,1520,1505,1500,2012,8.4
2025-05-10,16:31:24.830,-83,-77,10,4134,15200,29,1,15,11093,1,44,-106,552,193,-9,519,516,0,-1,-1,-1,0x1020480014840005,1492,1668,1571,1500,2012,1447,1790,1500,1500,1447,988,1500,1500,1500,1500,1500,1500,1500,1372,1628,1500,1555,1500,2012,1500,1844,1703,1500,1520,1505,1500,2012,8.4
2025-05-10,16:31:25.330,-84,-75,10,4122,2660,29,1,15,12527,1,48,300,309,192,-8,519,515,0,-1,-1,-1,0x1020480014840005,1588,1587,1571,1500,2012,1650,1660,1500,1500,1650,988,1500,1500,1500,1500,1500,1500,1500,1372,1628,1500,1555,1500,2012,1500,1716,1610,1500,1520,1505,1500,2012,8.4
2025-05-10,16:31:25.830,-89,-80,10,4123,16170,29,1,15,17311,1,49,-8,629,193,-9,519,516,0,-1,-1,-1,0x1020480010840005,1511,1736,1571,1500,2012,1497,1814,1500,1500,1497,988,1500,1500,1500,1500,1500,1500,1500,1372,1628,1500,1555,1500,2012,1500,1865,1736,1500,1520,1505,1500,2012,8.4
2025-05-10,16:31:26.330,-89,-75,10,4133,3430,29,1,15,14869,1,50,0,319,192,-9,519,516,0,-1,-1,-1,0x1020480010840005,1512,1614,1571,1500,2012,1500,1659,1500,1500,1500,988,1500,1500,1500,1500,1500,1500,1500,1372,1628,1500,1555,1500,2012,1500,1715,1614,1500,1520,1505,1500,2012,8.4
2025-05-10,16:31:26.830,-89,-65,10,4145,1160,29,1,15,14211,1,51,756,188,193,-9,519,516,0,-1,-1,-1,0x1020480014840005,1694,1567,1571,1500,2012,1883,1594,1500,1500,1883,988,1500,1500,1500,1500,1500,1500,1500,1372,1628,1500,1555,1500,2012,1500,1636,1567,1500,1520,1505,1500,2012,8.4
2025-05-10,16:31:27.330,-96,-85,10,4149,39690,29,1,15,17232,1,52,362,794,192,-9,519,515,0,-1,-1,-1,0x1020480014840005,1591,1828,1571,1500,2012,1681,1897,1500,1500,1681,988,1500,1500,1500,1500,1500,1500,1500,1372,1628,1500,1555,1500,2012,1500,1930,1828,1500,1520,1505,1500,2012,8.4
2025-05-10,16:31:27.830,-83,-78,10,4126,35460,30,1,15,20477,1,57,-296,842,193,-9,519,515,0,-1,-1,-1,0x1020480014842005,1456,1866,1571,1500,2012,1352,1921,1500,1500,1352,988,1500,1500,1500,1500,1500,1500,1500,1372,1628,1500,1555,1500,2012,1500,1947,1866,1500,1520,1505,1500,2012,8.4
2025-05-10,16:31:28.330,-76,-76,10,4091,6220,29,1,15,18859,1,60,-494,457,192,-8,519,516,0,-1,-1,-1,0x1020480014840005,1404,1668,1571,1500,2012,1253,1728,1500,1500,1253,988,1500,1500,1500,1500,1500,1500,1500,1372,1628,1500,1555,1500,2012,1500,1787,1668,1500,1520,1505,1500,2012,8.4
2025-05-10,16:31:28.830,-79,-66,10,4101,5450,30,1,15,16356,2,61,-546,505,192,-8,519,516,0,-1,-1,-1,0x1020480014840805,1390,1681,1571,1500,2012,1227,1752,1500,1500,1227,988,1500,1500,1500,1500,1500,1500,1500,1372,1628,1500,1555,1500,2012,1500,1810,1686,1500,1520,1505,1500,2012,8.4
2025-05-10,16:31:29.330,-87,-65,10,4125,810,30,1,15,12349,2,62,-153,216,193,-9,519,516,0,-1,-1,-1,0x1020480014840005,1484,1558,1571,1500,2012,1424,1608,1500,1500,1424,988,1500,1500,1500,1500,1500,1500,1500,1372,1628,1500,1555,1500,2012,1500,1660,1575,1500,1520,1505,1500,2012,8.4
2025-05-10,16:31:29.830,-87,-64,10,4132,6050,30,1,15,25958,2,64,371,6,193,-8,519,516,0,-1,-1,-1,0x1020480014840005,1591,1502,1571,1500,2012,1685,1503,1500,1500,1691,988,1500,1500,1500,1500,1500,1500,1500,1219,1832,1500,1555,1500,2012,1500,1751,1502,1500,1520,1505,1500,2012,8.4
2025-05-10,16:31:30.330,-87,-65,10,4135,8730,30,1,15,10347,2,64,801,435,192,-8,519,516,0,-1,-1,-1,0x1020480014840005,1711,1655,1571,1500,2012,1900,1717,1500,1500,1900,988,1500,1500,1500,1500,1500,1500,1500,1372,1628,1500,1555,1500,2012,1500,1777,1660,1500,1520,1505,1500,2012,8.4
2025-05-10,16:31:30.830,-74,-68,10,4126,36380,30,1,15,19456,2,67,-77,761,192,-8,519,516,0,-1,-1,-1,0x1020480014840005,1502,1811,1571,1500,2012,1462,1880,1500,1500,1454,988,1500,1500,1500,1500,1500,1500,1500,1372,1628,1500,1555,1500,2012,1500,1917,1802,1500,1520,1505,1500,2012,8.4
2025-05-10,16:31:31.330,-71,-63,10,4126,19810,30,1,15,11708,2,69,-147,7,193,-9,519,515,0,-1,-1,-1,0x1020480014840005,1495,1503,1571,1500,2012,1427,1503,1500,1500,1454,988,1500,1500,1500,1500,1500,1500,1500,1168,1883,1500,1555,1500,2012,1500,1667,1503,1500,1520,1505,1500,2012,8.4
2025-05-10,16:31:31.830,-60,-76,10,4118,11600,30,1,15,10514,2,70,-1024,120,193,-9,519,515,0,-1,-1,-1,0x1020480014840805,1158,1547,1571,1500,2012,988,1566,1500,1500,988,988,1500,1500,1500,1500,1500,1500,1500,1372,1628,1500,1555,1500,2012,1500,1600,1547,1500,1520,1505,1500,2012,8.4
2025-05-10,16:31:32.330,-56,-76,10,4133,22110,30,1,15,9626,2,71,-341,492,192,-9,519,516,0,-1,-1,-1,0x1020480014840005,1462,1681,1571,1500,2012,1330,1746,1500,1500,1366,988,1500,1500,1500,1500,1500,1500,1500,1372,1628,1500,1555,1500,2012,1500,1804,1681,1500,1520,1505,1500,2012,8.4
2025-05-10,16:31:32.830,-55,-76,10,4110,28980,30,1,15,22809,2,75,-304,733,193,-8,519,515,0,-1,-1,-1,0x1020480014840005,1452,1784,1571,1500,2012,1349,1857,1500,1500,1349,988,1500,1500,1500,1500,1500,1500,1500,1372,1628,1500,1555,1500,2012,1500,1903,1784,1500,1520,1505,1500,2012,8.4
2025-05-10,16:31:33.330,-58,-76,10,4086,4380,30,1,15,17212,2,78,-519,681,192,-9,519,515,0,-1,-1,-1,0x1020480014840805,1390,1760,1571,1500,2012,1241,1840,1500,1500,1241,988,1500,1500,1500,1500,1500,1500,1500,1372,1628,1500,1555,1500,2012,1500,1886,1760,1500,1520,1505,1500,2012,8.4
2025-05-10,16:31:33.830,-68,-67,10,4088,9030,31,1,15,9456,2,79,-911,398,193,-8,519,515,0,-1,-1,-1,0x1020480014840805,1225,1640,1571,1500,2012,1045,1699,1500,1500,1039,988,1500,1500,1500,1500,1500,1500,1500,1372,1628,1500,1555,1500,2012,1500,1758,1646,1500,1520,1505,1500,2012,8.4
2025-05-10,16:31:34.330,-72,-65,10,4108,32280,30,1,15,15369,2,81,265,671,193,-9,519,515,0,-1,-1,-1,0x1020480014840005,1579,1754,1571,1500,2012,1632,1835,1500,1500,1638,988,1500,1500,1500,1500,1500,1500,1500,1372,1628,1500,1555,1500,2012,1500,1886,1755,1500,1520,1505,1500,2012,8.4
2025-05-10,16:31:34.830,-84,-69,10,4102,34480,30,1,15,15557,2,85,-327,581,193,-9,519,515,0,-1,-1,-1,0x1020480014840005,1453,1725,1571,1500,2012,1337,1790,1500,1500,1344,988,1500,1500,1500,1500,1500,1500,1500,1372,1628,1500,1555,1500,2012,1500,1837,1713,1500,1520,1505,1500,2012,8.4
2025-05-10,16:31:35.330,-84,-72,10,4082,12900,30,1,15,13985,2,88,620,205,193,-8,519,516,0,-1,-1,-1,0x1020480014840005,1674,1565,1571,1500,2012,1810,1602,1500,1500,1838,988,1500,1500,1500,1500,1500,1500,1500,1372,1628,1500,1555,1500,2012,1500,1656,1572,1500,1520,1505,1500,2012,8.4
2025-05-10,16:31:35.830,-74,-73,10,4092,2640,31,1,15,15044,2,89,-304,503,192,-9,519,515,0,-1,-1,-1,0x1020480014840005,1461,1676,1571,1500,2012,1348,1751,1500,1500,1363,988,1500,1500,1500,1500,1500,1500,1500,1372,1628,1500,1555,1500,2012,1500,1809,1685,1500,1520,1505,1500,2012,8.4
2025-05-10,16:31:36.330,-68,-73,10,4102,1840,30,1,15,12384,2,91,-95,106,193,-8,519,516,0,-1,-1,-1,0x1020480014840005,1495,1542,1571,1500,2012,1453,1553,1500,1500,1453,988,1500,1500,1500,1500,1500,1500,1500,1372,1628,1500,1555,1500,2012,1500,1580,1543,1500,1520,1505,1500,2012,8.4
2025-05-10,16:31:36.830,-72,-70,10,4121,920,31,1,15,7044,2,91,1024,11,193,-9,519,515,0,-1,-1,-1,0x1020480014840005,1801,1504,1571,1500,2012,2012,1505,1500,1500,2012,988,1500,1500,1500,1500,1500,1500,1500,1192,2012,1500,1555,1500,2012,1500,1509,1504,1500,1520,1505,1500,2012,8.4
2025-05-10,16:31:37.330,-68,-66,10,4134,4880,30,1,15,5074,2,91,1024,394,193,-8,519,516,0,-1,-1,-1,0x1020480014840005,1801,1644,1571,1500,2012,2012,1697,1500,1500,2012,988,1500,1500,1500,1500,1500,1500,1500,1372,1628,1500,1555,1500,2012,1500,1756,1644,1500,1520,1505,1500,2012,8.4
2025-05-10,16:31:37.830,-67,-65,10,4133,45090,31,1,15,15980,3,93,64,787,193,-8,519,515,0,-1,-1,-1,0x1020480014840005,1525,1812,1571,1500,2012,1532,1893,1500,1500,1527,988,1500,1500,1500,1500,1500,1500,1500,1372,1628,1500,1555,1500,2012,1500,1927,1822,1500,1520,1505,1500,2012,8.4
2025-05-10,16:31:38.330,-70,-68,10,4103,43270,30,1,15,26127,3,99,72,840,192,-9,519,516,0,-1,-1,-1,0x1020480014842005,1532,1865,1571,1500,2012,1536,1920,1500,1500,1536,988,1500,1500,1500,1500,1500,1500,1500,1372,1628,1500,1555,1500,2012,1500,1947,1865,1500,1520,1505,1500,2012,8.4
2025-05-10,16:31:38.830,-80,-69,10,4075,45280,31,1,15,21957,3,103,220,283,193,-8,519,515,0,-1,-1,-1,0x1020480014840005,1559,1610,1571,1500,2012,1610,1641,1500,1500,1610,988,1500,1500,1500,1500,1500,1500,1500,1372,1628,1500,1555,1500,2012,1500,1847,1610,1500,1520,1505,1500,2012,8.4
2025-05-10,16:31:39.330,-74,-72,10,4090,2350,31,1,15,16567,3,104,31,12,192,-9,519,516,0,-1,-1,-1,0x1020480010840005,1520,1504,1571,1500,2012,1510,1506,1500,1500,1510,988,1500,1500,1500,1500,1500,1500,1500,1117,1935,1500,1555,1500,2012,1500,1509,1505,1500,1520,1505,1500,2012,8.4
2025-05-10,16:31:39.830,-68,-67,10,4110,930,31,1,15,25753,3,105,9,489,193,-9,519,516,0,-1,-1,-1,0x1020480010840005,1514,1638,1571,1500,2012,1504,1744,1500,1500,1505,988,1500,1500,1500,1500,1500,1500,1500,1372,1628,1500,1555,1500,2012,1500,1809,1679,1500,1520,1505,1500,2012,8.4
2025-05-10,16:31:40.330,-71,-64,10,4116,10500,30,1,15,15381,3,106,780,412,193,-9,519,515,0,-1,-1,-1,0x1020480014840005,1702,1665,1571,1500,2012,1890,1706,1500,1500,1884,988,1500,1500,1500,1500,1500,1500,1500,1372,1628,1500,1555,1500,2012,1500,1777,1651,1500,1520,1505,1500,2012,8.4
2025-05-10,16:31:40.830,-74,-78,10,4109,43070,31,1,15,18725,3,108,932,748,193,-8,519,516,0,-1,-1,-1,0x1020480014840005,1754,1813,1571,1500,2012,1966,1874,1500,1500,1967,988,1500,1500,1500,1500,1500,1500,1500,1372,1628,1500,1555,1500,2012,1500,1912,1791,1500,1520,1505,1500,2012,8.4
2025-05-10,16:31:41.330,-71,-68,10,4099,19040,31,1,15,20506,3,112,717,648,193,-8,519,515,0,-1,-1,-1,0x1020480014840005,1686,1756,1571,1500,2012,1858,1824,1500,1500,1859,988,1500,1500,1500,1500,1500,1500,1500,1372,1628,1500,1555,1500,2012,1500,1878,1756,1500,1520,1505,1500,2012,8.4
2025-05-10,16:31:41.830,-76,-70,10,4087,3580,31,1,15,14842,3,113,-42,403,193,-8,519,516,0,-1,-1,-1,0x1020480010840005,1505,1621,1571,1500,2012,1479,1707,1500,1500,1479,988,1500,1500,1500,1500,1500,1500,1500,1372,1628,1500,1555,1500,2012,1500,1766,1648,1500,1520,1505,1500,2012,8.4
2025-05-10,16:31:42.330,-73,-80,10,4101,7180,31,1,15,13226,3,114,1,517,192,-8,519,516,0,-1,-1,-1,0x1020480010840005,1512,1699,1571,1500,2012,1500,1758,1500,1500,1500,988,1500,1500,1500,1500,1500,1500,1500,1372,1628,1500,1555,1500,2012,1500,1822,1699,1500,1520,1505,1500,2012,8.4
2025-05-10,16:31:42.830,-68,-66,10,4116,2860,31,1,15,11247,3,115,-462,429,193,-9,519,516,0,-1,-1,-1,0x1020480014840005,1404,1657,1571,1500,2012,1269,1714,1500,1500,1269,988,1500,1500,1500,1500,1500,1500,1500,1372,1628,1500,1555,1500,2012,1500,1774,1658,1500,1520,1505,1500,2012,8.4
2025-05-10,16:31:43.330,-68,-62,10,4127,16700,32,1,15,7498,3,115,52,472,193,-9,519,516,0,-1,-1,-1,0x1020480010840005,1517,1665,1571,1500,2012,1526,1736,1500,1500,1511,988,1500,1500,1500,1500,1500,1500,1500,1372,1628,1500,1555,1500,2012,1500,1788,1665,1500,1520,1505,1500,2012,8.4
2025-05-10,16:31:43.830,-56,-56,10,4117,32500,32,1,15,13844,3,118,-1024,563,192,-8,519,515,0,-1,-1,-1,0x1020480014840005,1158,1712,1571,1500,2012,988,1781,1500,1500,988,988,1500,1500,1500,1500,1500,1500,1500,1372,1628,1500,1555,1500,2012,1500,1837,1712,1500,1520,1505,1500,2012,8.4
2025-05-10,16:31:44.330,-59,-58,10,4087,43250,32,1,15,18245,3,121,-36,785,192,-8,519,516,0,-1,-1,-1,0x1020480010840005,1509,1821,1571,1500,2012,1475,1893,1500,1500,1475,988,1500,1500,1500,1500,1500,1500,1500,1372,1628,1500,1555,1500,2012,1500,1927,1821,1500,1520,1505,1500,2012,8.4
2025-05-10,16:31:44.830,-64,-60,10,4067,72310,33,1,15,25929,3,126,327,905,192,-9,519,516,0,-1,-1,-1,0x1020480014842005,1586,1917,1571,1500,2012,1663,1952,1500,1500,1651,988,1500,1500,1500,1500,1500,1500,1500,1372,1628,1500,1555,1500,2012,1500,1970,1917,1500,1520,1505,1500,2012,8.4
2025-05-10,16:31:45.330,-64,-60,10,4039,63610,33,1,15,31661,4,133,292,1024,192,-8,519,516,0,-1,-1,-1,0x1020480014842405,1582,2012,1571,1500,2012,1646,2012,1500,1500,1645,988,1500,1500,1500,1500,1500,1500,1500,1372,1628,1500,1555,1500,2012,1500,2011,2012,1500,1520,1505,1500,2012,8.4
2025-05-10,16:31:45.830,-64,-62,10,4030,14780,32,1,15,19642,4,135,600,265,193,-9,519,516,0,-1,-1,-1,0x1020480014840405,1652,1627,1571,1500,2012,1800,1632,1500,1500,1799,988,1500,1500,1500,1500,1500,1500,1500,1372,1628,1500,1555,1500,2012,1500,1794,1627,1500,1520,1505,1500,2012,8.4
2025-05-10,16:31:46.330,-64,-64,10,4081,18230,32,1,15,14606,4,136,108,415,192,-8,519,516,0,-1,-1,-1,0x1020480014840405,1541,1610,1571,1500,2012,1554,1707,1500,1500,1549,988,1500,1500,1500,1500,1500,1500,1500,1372,1628,1500,1555,1500,2012,1500,1780,1651,1500,1520,1505,1500,2012,8.4
2025-05-10,16:31:46.830,-61,-66,10,4094,6550,32,1,15,15751,4,139,6,188,193,-8,519,516,0,-1,-1,-1,0x1020480010840405,1514,1567,1571,1500,2012,1503,1594,1500,1500,1503,988,1500,1500,1500,1500,1500,1500,1500,1372,1628,1500,1555,1500,2012,1500,1678,1567,1500,1520,1505,1500,2012,8.4
2025-05-10,16:31:47.330,-66,-65,10,4097,710,32,1,15,20785,4,140,1024,-180,193,-9,519,516,0,-1,-1,-1,0x1020480016880405,1801,1443,1571,1500,2012,2012,1410,1442,1500,2012,988,1500,1500,1500,1500,1500,1500,1442,988,2012,1500,1555,1500,2012,1500,1370,1500,1500,1520,1505,1500,2012,8.4
2025-05-10,16:31:47.830,-69,-69,10,4107,30850,32,1,15,9308,4,140,-266,612,193,-8,519,516,0,-1,-1,-1,0x1020480014840405,1448,1733,1571,1500,2012,1367,1806,1500,1500,1332,988,1500,1500,1500,1500,1500,1500,1500,1372,1628,1500,1555,1500,2012,1500,1862,1733,1500,1520,1505,1500,2012,8.4
2025-05-10,16:31:48.330,-68,-68,10,4109,19980,32,1,15,11256,4,142,1024,542,193,-8,519,516,0,-1,-1,-1,0x1020480014840405,1801,1699,1571,1500,2012,2012,1771,1500,1500,2012,988,1500,1500,1500,1500,1500,1500,1500,1372,1628,1500,1555,1500,2012,1500,1827,1699,1500,1520,1505,1500,2012,8.4
2025-05-10,16:31:48.830,-70,-71,10,4087,49910,33,1,15,14308,4,144,260,750,192,-8,519,516,0,-1,-1,-1,0x1020480014840405,1575,1791,1571,1500,2012,1630,1875,1500,1500,1630,988,1500,1500,1500,1500,1500,1500,1500,1372,1628,1500,1555,1500,2012,1500,1912,1791,1500,1520,1505,1500,2012,8.4
2025-05-10,16:31:49.330,-77,-72,10,4073,18790,33,1,15,15872,4,149,74,506,193,-9,519,516,0,-1,-1,-1,0x1020480014840005,1530,1691,1571,1500,2012,1537,1753,1500,1500,1537,988,1500,1500,1500,1500,1500,1500,1500,1372,1628,1500,1555,1500,2012,1500,1824,1691,1500,1520,1505,1500,2012,8.4
2025-05-10,16:31:49.830,-87,-75,10,4069,11540,33,1,15,14472,4,151,13,259,193,-8,519,516,0,-1,-1,-1,0x1020480010840005,1515,1591,1571,1500,2012,1506,1620,1500,1500,1506,988,1500,1500,1500,1500,1500,1500,1500,1372,1628,1500,1555,1500,2012,1500,1680,1591,1500,1520,1505,1500,2012,8.4
2025-05-10,16:31:50.330,-87,-69,10,4083,8720,32,1,15,25534,4,152,-661,-11,193,-9,519,516,0,-1,-1,-1,0x1020480014840005,1400,1495,1571,1500,2012,1170,1495,1495,1500,1245,988,1500,1500,1500,1500,1500,1500,1495,1168,1832,1500,1555,1500,2012,1500,1728,1500,1500,1520,1505,1500,2012,8.4
2025-05-10,16:31:50.830,-71,-63,10,4110,14070,33,1,15,759,4,152,-582,658,193,-8,519,516,0,-1,-1,-1,0x1020480014840805,1370,1730,1571,1500,2012,1209,1829,1500,1500,1196,988,1500,1500,1500,1500,1500,1500,1500,1372,1628,1500,1555,1500,2012,1500,1877,1749,1500,1520,1505,1500,2012,8.4
2025-05-10,16:31:51.330,-71,-62,10,4104,25840,33,1,15,11062,4,155,-435,437,192,-8,519,516,0,-1,-1,-1,0x1020480014840005,1422,1677,1571,1500,2012,1283,1718,1500,1500,1284,988,1500,1500,1500,1500,1500,1500,1500,1372,1628,1500,1555,1500,2012,1500,1794,1677,1500,1520,1505,1500,2012,8.4
2025-05-10,16:31:51.830,-55,-62,10,4078,7760,33,1,15,10478,4,157,-482,798,193,-8,519,516,0,-1,-1,-1,0x1020480014840005,1433,1784,1571,1500,2012,1259,1899,1500,1500,1304,988,1500,1500,1500,1500,1500,1500,1500,1372,1628,1500,1555,1500,2012,1500,1931,1824,1500,1520,1505,1500,2012,8.4
2025-05-10,16:31:52.330,-61,-66,10,4063,47650,33,1,15,21032,4,162,-823,797,192,-9,519,516,0,-1,-1,-1,0x1020480014840805,1287,1831,1571,1500,2012,1089,1898,1500,1500,1095,988,1500,1500,1500,1500,1500,1500,1500,1372,1628,1500,1555,1500,2012,1500,1931,1831,1500,1520,1505,1500,2012,8.4
2025-05-10,16:31:52.830,-64,-61,10,4064,15680,34,1,15,14184,5,164,752,318,193,-9,519,516,0,-1,-1,-1,0x1020480014840005,1692,1644,1571,1500,2012,1876,1659,1500,1500,1869,988,1500,1500,1500,1500,1500,1500,1500,1372,1628,1500,1555,1500,2012,1500,1754,1614,1500,1520,1505,1500,2012,8.4
2025-05-10,16:31:53.330,-61,-60,10,4081,9980,33,1,15,9599,5,165,426,477,192,-8,519,516,0,-1,-1,-1,0x1020480014840005,1600,1687,1571,1500,2012,1713,1738,1500,1500,1685,988,1500,1500,1500,1500,1500,1500,1500,1372,1628,1500,1555,1500,2012,1500,1792,1675,1500,1520,1505,1500,2012,8.4
2025-05-10,16:31:53.830,-65,-62,10,4093,880,33,1,15,12449,5,168,154,76,193,-9,519,516,0,-1,-1,-1,0x1020480014840005,1551,1509,1571,1500,2012,1577,1538,1500,1500,1582,988,1500,1500,1500,1500,1500,1500,1500,988,2012,1500,1555,1500,2012,1500,1623,1533,1500,1520,1505,1500,2012,8.4
2025-05-10,16:31:54.330,-73,-67,10,4106,2430,32,1,15,7043,5,168,1024,266,193,-8,519,516,0,-1,-1,-1,0x1020480014840005,1801,1580,1571,1500,2012,2012,1633,1500,1500,2012,988,1500,1500,1500,1500,1500,1500,1500,1372,1628,1500,1555,1500,2012,1500,1684,1593,1500,1520,1505,1500,2012,8.4
2025-05-10,16:31:54.830,-80,-72,10,4103,19300,33,1,15,11638,5,170,331,534,192,-8,519,516,0,-1,-1,-1,0x1020480014840005,1594,1696,1571,1500,2012,1660,1767,1500,1500,1660,988,1500,1500,1500,1500,1500,1500,1500,1372,1628,1500,1555,1500,2012,1500,1824,1696,1500,1520,1505,1500,2012,8.4
2025-05-10,16:31:55.330,-80,-69,10,4081,23410,33,1,15,17772,5,173,226,787,192,-8,519,516,0,-1,-1,-1,0x1020480014840005,1558,1789,1571,1500,2012,1613,1893,1500,1500,1597,988,1500,1500,1500,1500,1500,1500,1500,1372,1628,1500,1555,1500,2012,1500,1933,1822,1500,1520,1505,1500,2012,8.4
2025-05-10,16:31:55.830,-79,-67,10,4063,32520,33,1,15,21925,5,177,12,820,192,-9,519,516,0,-1,-1,-1,0x1020480010840005,1515,1849,1571,1500,2012,1506,1910,1500,1500,1506,988,1500,1500,1500,1500,1500,1500,1500,1372,1628,1500,1555,1500,2012,1500,1939,1849,1500,1520,1505,1500,2012,8.4
2025-05-10,16:31:56.330,-77,-70,10,4045,62090,33,1,15,23048,5,181,13,869,193,-8,519,516,0,-1,-1,-1,0x1020480010842005,1515,1887,1571,1500,2012,1506,1934,1500,1500,1506,988,1500,1500,1500,1500,1500,1500,1500,1372,1628,1500,1555,1500,2012,1500,1957,1887,1500,1520,1505,1500,2012,8.4
2025-05-10,16:31:56.830,-73,-73,10,4031,78780,33,1,15,31339,5,187,11,1024,192,-9,519,516,0,-1,-1,-1,0x1020480010842405,1515,2012,1571,1500,2012,1505,2012,1500,1500,1505,988,1500,1500,1500,1500,1500,1500,1500,1372,1628,1500,1555,1500,2012,1500,2012,2012,1500,1520,1505,1500,2012,8.4
2025-05-10,16:31:57.330,-68,-58,10,3973,63450,33,1,15,31070,5,195,-6,1024,193,-8,519,516,0,-1,-1,-1,0x1020480010842405,1514,2012,1571,1500,2012,1497,2012,1500,1500,1503,988,1500,1500,1500,1500,1500,1500,1500,1372,1628,1500,1555,1500,2012,1500,2012,2012,1500,1520,1505,1500,2012,8.4
2025-05-10,16:31:57.830,-68,-66,10,3954,36600,33,1,15,0,5,202,-254,1024,193,-9,519,516,0,-1,-1,-1,0x1020480014842405,1467,2012,1571,1500,2012,1373,2012,1500,1500,1379,988,1500,1500,1500,1500,1500,1500,1500,1372,1628,1500,1555,1500,2012,1500,2012,2012,1500,1520,1505,1500,2012,8.4
2025-05-10,16:31:58.330,-58,-59,10,3957,38700,33,1,15,31907,5,208,193,1023,192,-9,519,516,0,-1,-1,-1,0x1020480014842405,1561,2011,1571,1500,2012,1596,2011,1500,1500,1603,988,1500,1500,1500,1500,1500,1500,1500,1372,1628,1500,1555,1500,2012,1500,2011,2010,1500,1520,1505,1500,2012,8.4
2025-05-10,16:31:58.830,-65,-64,10,3968,13460,33,1,15,28328,6,212,256,662,192,-9,519,516,0,-1,-1,-1,0x1020480014840405,1574,1774,1571,1500,2012,1628,1831,1500,1500,1628,988,1500,1500,1500,1500,1500,1500,1500,1372,1628,1500,1555,1500,2012,1500,1903,1774,1500,1520,1505,1500,2012,8.4
2025-05-10,16:31:59.330,-72,-67,10,4009,57810,33,1,15,28132,6,214,282,641,193,-8,519,516,0,-1,-1,-1,0x1020480014840405,1587,1807,1571,1500,2012,1641,1820,1500,1500,1654,988,1500,1500,1500,1500,1500,1500,1500,1372,1628,1500,1555,1500,2012,1500,1949,1807,1500,1520,1505,1500,2012,8.4
2025-05-10,16:31:59.830,-67,-70,10,4059,1020,33,1,15,22597,6,215,299,-193,193,-8,519,516,0,-1,-1,-1,0x10204800168C0405,1590,1421,1571,1499,2012,1649,1404,1420,1500,1649,988,1500,1500,1500,1500,1500,1500,1420,988,2012,1500,1555,1500,988,1500,1377,1500,1500,1520,1505,1500,2012,8.4
2025-05-10,16:32:00.330,-66,-68,10,4084,1160,33,1,15,17084,6,215,1006,8,193,-9,519,516,0,-1,-1,-1,0x1020480014840405,1790,1503,1571,1500,2012,2003,1504,1500,1500,2002,988,1500,1500,1500,1500,1500,1500,1500,1372,2012,1500,1555,1500,2012,1500,1506,1503,1500,1520,1505,1500,2012,8.4
2025-05-10,16:32:00.830,-70,-67,10,4094,14090,34,1,15,12979,6,216,1022,470,193,-9,519,516,0,-1,-1,-1,0x1020480014840005,1772,1664,1571,1500,2012,2011,1735,1500,1500,1985,988,1500,1500,1500,1500,1500,1500,1500,1372,1628,1500,1555,1500,2012,1500,1782,1664,1500,1520,1505,1500,2012,8.4
2025-05-10,16:32:01.330,-67,-73,10,4082,20850,34,1,15,15856,6,220,795,839,192,-9,519,516,0,-1,-1,-1,0x1020480014840005,1706,1853,1571,1500,2012,1897,1919,1500,1500,1891,988,1500,1500,1500,1500,1500,1500,1500,1372,1628,1500,1555,1500,2012,1500,1941,1853,1500,1520,1505,1500,2012,8.4
2025-05-10,16:32:01.830,-72,-77,10,4047,15550,34,1,15,20280,6,223,133,596,192,-9,519,516,0,-1,-1,-1,0x1020480014840005,1535,1682,1571,1500,2012,1566,1798,1500,1500,1548,988,1500,1500,1500,1500,1500,1500,1500,1372,1628,1500,1555,1500,2012,1500,1815,1682,1500,1520,1505,1500,2012,8.4
2025-05-10,16:32:02.330,-74,-72,10,4044,250,34,1,15,7143,6,224,-1024,6,193,-8,519,516,0,-1,-1,-1,0x1020480016840005,1158,1495,1571,1500,2012,988,1503,1495,1500,988,988,1500,1500,1500,1500,1500,1500,1495,1090,2012,1500,1555,1500,2012,1500,1438,1500,1500,1520,1505,1500,2012,8.4
2025-05-10,16:32:02.830,-71,-71,10,4079,4160,34,1,15,10109,6,225,-1024,7,192,-9,519,516,0,-1,-1,-1,0x1020480014840805,1158,1503,1571,1500,2012,988,1503,1500,1500,988,988,1500,1500,1500,1500,1500,1500,1500,1117,1935,1500,1555,1500,2012,1500,1523,1503,1500,1520,1505,1500,2012,8.4
2025-05-10,16:32:03.330,-72,-67,10,4091,26040,34,1,15,11679,6,227,783,693,193,-8,519,516,0,-1,-1,-1,0x1020480014840005,1727,1775,1571,1500,2012,1891,1846,1500,1500,1928,988,1500,1500,1500,1500,1500,1500,1500,1372,1628,1500,1555,1500,2012,1500,1895,1775,1500,1520,1505,1500,2012,8.4
2025-05-10,16:32:03.830,-72,-69,10,4064,4460,34,1,15,8744,6,231,-490,571,192,-8,519,516,0,-1,-1,-1,0x1020480014840005,1399,1710,1571,1500,2012,1255,1785,1500,1500,1255,988,1500,1500,1500,1500,1500,1500,1500,1372,1628,1500,1555,1500,2012,1500,1840,1710,1500,1520,1505,1500,2012,8.4
2025-05-10,16:32:04.330,-73,-71,10,4053,18910,34,1,15,12835,6,232,-187,711,193,-8,519,516,0,-1,-1,-1,0x1020480014840005,1473,1774,1571,1500,2012,1407,1855,1500,1500,1407,988,1500,1500,1500,1500,1500,1500,1500,1372,1628,1500,1555,1500,2012,1500,1898,1774,1500,1520,1505,1500,2012,8.4
2025-05-10,16:32:04.830,-88,-67,10,4050,21790,33,1,15,17932,6,237,-104,735,192,-8,519,516,0,-1,-1,-1,0x1020480014840005,1494,1786,1571,1500,2012,1448,1867,1500,1500,1449,988,1500,1500,1500,1500,1500,1500,1500,1372,1628,1500,1555,1500,2012,1500,1908,1786,1500,1520,1505,1500,2012,8.4
2025-05-10,16:32:05.330,-71,-71,10,4043,790,34,1,15,18018,6,240,-62,36,192,-8,519,515,0,-1,-1,-1,0x1020480014840005,1501,1508,1571,1500,2012,1469,1518,1500,1500,1469,988,1500,1500,1500,1500,1500,1500,1500,1060,2012,1500,1555,1500,2012,1500,1528,1508,1500,1520,1505,1500,2012,8.4
2025-05-10,16:32:05.830,-70,-74,10,4061,1560,33,1,15,21358,7,241,432,7,193,-8,519,516,0,-1,-1,-1,0x1020480014840005,1612,1502,1571,1500,2012,1716,1503,1500,1500,1716,988,1500,1500,1500,1500,1500,1500,1500,988,2012,1500,1555,1500,2012,1500,1599,1502,1500,1520,1505,1500,2012,8.4
2025-05-10,16:32:06.330,-78,-79,10,4087,2910,33,1,15,11969,7,241,-216,489,192,-8,519,516,0,-1,-1,-1,0x1020480014840005,1485,1680,1571,1500,2012,1392,1744,1500,1500,1392,988,1500,1500,1500,1500,1500,1500,1500,1372,1628,1500,1555,1500,2012,1500,1803,1680,1500,1520,1505,1500,2012,8.4
2025-05-10,16:32:06.830,-84,-77,10,4093,890,33,1,15,7602,7,241,1024,173,193,-8,519,516,0,-1,-1,-1,0x1020480014840005,1801,1563,1571,1500,2012,2012,1586,1500,1500,2012,988,1500,1500,1500,1500,1500,1500,1500,1372,1628,1500,1555,1500,2012,1500,1626,1563,1500,1520,1505,1500,2012,8.4
2025-05-10,16:32:07.330,-76,-78,10,4096,25840,33,1,15,13514,7,243,698,464,192,-8,519,516,0,-1,-1,-1,0x1020480014840005,1677,1675,1571,1500,2012,1849,1732,1500,1500,1849,988,1500,1500,1500,1500,1500,1500,1500,1372,1628,1500,1555,1500,2012,1500,1791,1675,1500,1520,1505,1500,2012,8.4
2025-05-10,16:32:07.830,-79,-80,10,4075,20530,34,1,15,13772,7,245,480,686,193,-9,519,516,0,-1,-1,-1,0x1020480014840005,1618,1762,1571,1500,2012,1740,1843,1500,1500,1740,988,1500,1500,1500,1500,1500,1500,1500,1372,1628,1500,1555,1500,2012,1500,1888,1762,1500,1520,1505,1500,2012,8.4
2025-05-10,16:32:08.330,-88,-80,10,4057,12980,34,1,15,13782,7,248,420,628,193,-9,519,516,0,-1,-1,-1,0x1020480014840005,1618,1735,1571,1500,2012,1710,1814,1500,1500,1710,988,1500,1500,1500,1500,1500,1500,1500,1372,1628,1500,1555,1500,2012,1500,1864,1735,1500,1520,1505,1500,2012,8.4
2025-05-10,16:32:08.830,-81,-71,10,4055,14270,34,1,15,15307,7,250,0,37,193,-9,519,516,0,-1,-1,-1,0x1020480010840005,1512,1516,1571,1500,2012,1500,1518,1500,1500,1500,988,1500,1500,1500,1500,1500,1500,1500,1372,1679,1500,1555,1500,2012,1500,1708,1516,1500,1520,1505,1500,2012,8.4
2025-05-10,16:32:09.330,-87,-72,10,4068,1410,34,1,15,13873,7,251,554,442,193,-8,519,516,0,-1,-1,-1,0x1020480014840005,1638,1663,1571,1500,2012,1777,1721,1500,1500,1777,988,1500,1500,1500,1500,1500,1500,1500,1372,1628,1500,1555,1500,2012,1500,1780,1663,1500,1520,1505,1500,2012,8.4
2025-05-10,16:32:09.830,-81,-79,10,4084,11840,34,1,15,13937,7,252,661,553,193,-9,519,516,0,-1,-1,-1,0x1020480014840005,1674,1703,1571,1500,2012,1830,1776,1500,1500,1830,988,1500,1500,1500,1500,1500,1500,1500,1372,1628,1500,1555,1500,2012,1500,1832,1703,1500,1520,1505,1500,2012,8.4
2025-05-10,16:32:10.330,-79,-77,10,4076,22680,34,1,15,14732,7,255,-114,490,192,-8,519,516,0,-1,-1,-1,0x1020480014840005,1489,1675,1571,1500,2012,1443,1745,1500,1500,1443,988,1500,1500,1500,1500,1500,1500,1500,1372,1628,1500,1555,1500,2012,1500,1803,1675,1500,1520,1505,1500,2012,8.4
2025-05-10,16:32:10.830,-82,-82,10,4066,5330,34,1,15,14152,7,257,-653,484,193,-8,519,516,0,-1,-1,-1,0x1020480014840005,1353,1678,1571,1500,2012,1174,1742,1500,1500,1174,988,1500,1500,1500,1500,1500,1500,1500,1372,1628,1500,1555,1500,2012,1500,1800,1678,1500,1520,1505,1500,2012,8.4
2025-05-10,16:32:11.330,-80,-72,10,4066,14330,34,1,15,15770,7,258,-359,501,193,-9,519,516,0,-1,-1,-1,0x1020480014840805,1447,1684,1571,1500,2012,1321,1750,1500,1500,1321,988,1500,1500,1500,1500,1500,1500,1500,1372,1628,1500,1555,1500,2012,1500,1808,1684,1500,1520,1505,1500,2012,8.4
2025-05-10,16:32:11.830,-87,-80,10,4073,1010,34,1,15,12875,7,259,18,526,192,-9,519,516,0,-1,-1,-1,0x1020480010840005,1517,1693,1571,1500,2012,1509,1763,1500,1500,1509,988,1500,1500,1500,1500,1500,1500,1500,1372,1628,1500,1555,1500,2012,1500,1820,1693,1500,1520,1505,1500,2012,8.4
2025-05-10,16:32:12.330,-87,-66,10,4075,21690,34,1,15,22991,7,260,309,792,193,-9,519,516,0,-1,-1,-1,0x1020480014840005,1580,1826,1571,1500,2012,1654,1896,1500,1500,1654,988,1500,1500,1500,1500,1500,1500,1500,1372,1628,1500,1555,1500,2012,1500,1929,1826,1500,1520,1505,1500,2012,8.4
2025-05-10,16:32:12.820,-87,-61,10,4083,2530,34,1,15,14659,7,261,201,385,192,-9,519,516,0,-1,-1,-1,0x1020480014840005,1560,1640,1571,1500,2012,1562,1692,1500,1500,1600,988,1500,1500,1500,1500,1500,1500,1500,1372,1628,1500,1555,1500,2012,1500,1770,1640,1500,1520,1505,1500,2012,8.4
2025-05-10,16:32:13.320,-69,-65,10,4083,2530,34,1,15,14659,7,261,-216,6,193,-8,519,515,0,-1,-1,-1,0x1020480014840005,1481,1503,1571,1500,2012,1392,1503,1500,1500,1392,988,1500,1500,1500,1500,1500,1500,1500,1270,1730,1500,1555,1500,2012,1500,1602,1503,1500,1520,1505,1500,2012,8.4
2025-05-10,16:32:13.810,-75,-60,10,4083,2530,34,1,15,14659,7,261,-1024,161,193,-8,519,515,0,-1,-1,-1,0x1020480014840805,1158,1566,1571,1500,2012,988,1580,1500,1500,988,988,1500,1500,1500,1500,1500,1500,1500,1372,1628,1500,1555,1500,2012,1500,1666,1566,1500,1520,1505,1500,2012,8.4
2025-05-10,16:32:14.310,-75,-59,10,4083,2530,34,1,15,14659,7,261,-1024,529,192,-9,519,516,0,-1,-1,-1,0x1020480014840005,1158,1695,1571,1500,2012,988,1764,1500,1500,988,988,1500,1500,1500,1500,1500,1500,1500,1372,1628,1500,1555,1500,2012,1500,1821,1695,1500,1520,1505,1500,2012,8.4
2025-05-10,16:32:14.810,-60,-60,10,4083,2530,34,1,15,14659,7,261,-1024,599,193,-9,519,515,0,-1,-1,-1,0x1020480014840805,1158,1716,1571,1500,2012,988,1799,1500,1500,988,988,1500,1500,1500,1500,1500,1500,1500,1372,1628,1500,1555,1500,2012,1500,1852,1716,1500,1520,1505,1500,2012,8.4
2025-05-10,16:32:15.310,-72,-72,10,4083,2530,34,1,15,14659,7,261,237,611,192,-8,519,516,0,-1,-1,-1,0x1020480014840005,1565,1722,1571,1500,2012,1618,1805,1500,1500,1618,988,1500,1500,1500,1500,1500,1500,1500,1372,1628,1500,1555,1500,2012,1500,1857,1722,1500,1520,1505,1500,2012,8.4
2025-05-10,16:32:15.810,-72,-67,10,4083,2530,34,1,15,14659,7,261,-298,246,193,-9,519,516,0,-1,-1,-1,0x1020480014840005,1456,1595,1571,1500,2012,1351,1623,1500,1500,1351,988,1500,1500,1500,1500,1500,1500,1500,1372,1628,1500,1555,1500,2012,1500,1780,1595,1500,1520,1505,1500,2012,8.4
2025-05-10,16:32:16.310,-79,-73,10,4083,2530,34,1,15,14659,7,261,-576,463,192,-9,519,516,0,-1,-1,-1,0x1020480014840805,1365,1670,1571,1500,2012,1212,1731,1500,1500,1212,988,1500,1500,1500,1500,1500,1500,1500,1372,1628,1500,1555,1500,2012,1500,1790,1670,1500,1520,1505,1500,2012,8.4
2025-05-10,16:32:16.810,-89,-76,10,4083,2530,34,1,15,14659,7,261,-337,669,193,-8,519,516,0,-1,-1,-1,0x1020480014840005,1473,1754,1571,1500,2012,1332,1834,1500,1500,1332,988,1500,1500,1500,1500,1500,1500,1500,1372,1628,1500,1555,1500,2012,1500,1881,1754,1500,1520,1505,1500,2012,8.4
2025-05-10,16:32:17.310,-81,-68,10,4083,2530,34,1,15,14659,7,261,10,693,192,-8,519,516,0,-1,-1,-1,0x1020480010840005,1514,1776,1571,1500,2012,1505,1846,1500,1500,1505,988,1500,1500,1500,1500,1500,1500,1500,1372,1628,1500,1555,1500,2012,1500,1940,1776,1500,1520,1505,1500,2012,8.4
2025-05-10,16:32:17.810,-76,-74,10,4083,2530,34,1,15,14659,7,261,164,51,193,-8,519,516,0,-1,-1,-1,0x1020480014840005,1556,1522,1571,1500,2012,1582,1525,1500,1500,1582,988,1500,1500,1500,1500,1500,1500,1500,1372,1679,1500,1555,1500,2012,1500,1539,1522,1500,1520,1505,1500,2012,8.4
2025-05-10,16:32:18.310,-77,-69,10,4083,2530,34,1,15,14659,7,261,1024,7,193,-8,519,516,0,-1,-1,-1,0x1020480014840005,1801,1503,1545,1500,2012,2012,1503,1500,1500,2012,988,1500,1500,1500,1500,1500,1500,1500,1296,2012,1500,1555,1500,2012,1500,1505,1503,1500,1520,1505,1500,2012,8.4
2025-05-10,16:32:18.810,-77,-65,10,4083,2530,34,1,15,14659,7,261,889,576,192,-8,519,516,0,-1,-1,-1,0x1020480014840005,1728,1712,1571,1500,2012,1944,1788,1500,1500,1944,988,1500,1500,1500,1500,1500,1500,1500,1372,1628,1500,1555,1500,2012,1500,1842,1712,1500,1520,1505,1500,2012,8.4
2025-05-10,16:32:19.310,-66,-67,10,4083,2530,34,1,15,14659,7,261,589,590,193,-9,519,516,0,-1,-1,-1,0x1020480014840005,1664,1717,1571,1500,2012,1794,1795,1500,1500,1794,988,1500,1500,1500,1500,1500,1500,1500,1372,1628,1500,1555,1500,2012,1500,1848,1717,1500,1520,1505,1500,2012,8.4
2025-05-10,16:32:19.810,-67,-66,10,4083,2530,34,1,15,14659,7,261,213,774,193,-9,519,516,0,-1,-1,-1,0x1020480014840005,1562,1802,1571,1500,2012,1606,1887,1500,1500,1606,988,1500,1500,1500,1500,1500,1500,1500,1372,1628,1500,1555,1500,2012,1500,1922,1802,1500,1520,1505,1500,2012,8.4
2025-05-10,16:32:20.310,-67,-67,10,4083,2530,34,1,15,14659,7,261,362,797,193,-8,519,516,0,-1,-1,-1,0x1020480014840005,1603,1830,1571,1500,2012,1681,1898,1500,1500,1681,988,1500,1500,1500,1500,1500,1500,1500,1372,1628,1500,1555,1500,2012,1500,1931,1830,1500,1520,1505,1500,2012,8.4
2025-05-10,16:32:20.810,-76,-73,10,4083,2530,34,1,15,14659,7,261,168,46,193,-8,519,516,0,-1,-1,-1,0x1020480014840005,1552,1520,1571,1500,2012,1584,1523,1500,1500,1584,988,1500,1500,1500,1500,1500,1500,1500,1372,1679,1500,1555,1500,2012,1500,1708,1520,1500,1520,1505,1500,2012,8.4
2025-05-10,16:32:21.310,-70,-75,10,4083,2530,34,1,15,14659,7,261,132,199,193,-9,519,515,0,-1,-1,-1,0x1020480014840005,1543,1570,1571,1500,2012,1566,1599,1500,1500,1566,988,1500,1500,1500,1500,1500,1500,1500,1372,1628,1500,1555,1500,2012,1500,1643,1570,1500,1520,1505,1500,2012,8.4
2025-05-10,16:32:21.810,-72,-71,10,4083,2530,34,1,15,14659,7,261,453,602,193,-9,519,516,0,-1,-1,-1,0x1020480014840005,1625,1723,1571,1500,2012,1726,1801,1500,1500,1726,988,1500,1500,1500,1500,1500,1500,1500,1372,1628,1500,1555,1500,2012,1500,1853,1723,1500,1520,1505,1500,2012,8.4
2025-05-10,16:32:22.310,-69,-67,10,4083,2530,34,1,15,14659,7,261,820,628,192,-8,519,516,0,-1,-1,-1,0x1020480014840005,1716,1729,1571,1500,2012,1910,1814,1500,1500,1910,988,1500,1500,1500,1500,1500,1500,1500,1372,1628,1500,1555,1500,2012,1500,1864,1729,1500,1520,1505,1500,2012,8.4
2025-05-10,16:32:22.810,-74,-74,10,4083,2530,34,1,15,14659,7,261,607,747,192,-8,519,516,0,-1,-1,-1,0x1020480014840005,1658,1791,1571,1500,2012,1803,1873,1500,1500,1803,988,1500,1500,1500,1500,1500,1500,1500,1372,1628,1500,1555,1500,2012,1500,1912,1791,1500,1520,1505,1500,2012,8.4
2025-05-10,16:32:23.310,-74,-74,10,4083,2530,34,1,15,14659,7,261,297,668,192,-8,519,516,0,-1,-1,-1,0x1020480014840005,1587,1754,1571,1500,2012,1648,1834,1500,1500,1648,988,1500,1500,1500,1500,1500,1500,1500,1372,1628,1500,1555,1500,2012,1500,1881,1754,1500,1520,1505,1500,2012,8.4
2025-05-10,16:32:23.810,-79,-82,25,4083,2530,34,1,15,14659,7,261,155,374,193,-9,519,516,0,-1,-1,-1,0x1020480014840005,1549,1636,1571,1500,2012,1577,1687,1500,1500,1577,988,1500,1500,1500,1500,1500,1500,1500,1372,1628,1500,1555,1500,2012,1500,1745,1636,1500,1520,1505,1500,2012,8.4
2025-05-10,16:32:24.310,-71,-67,10,4083,2530,34,1,15,14659,7,261,-316,-783,193,-9,519,516,0,-1,-1,-1,0x1020480016880005,1479,1301,1571,1498,2012,1342,1109,1300,1500,1342,988,1500,1500,1500,1500,1500,1500,1299,988,2012,1500,1555,1500,988,1500,1387,1500,1500,1520,1505,1500,2012,8.4
2025-05-10,16:32:24.810,-66,-67,10,4083,2530,34,1,15,14659,7,261,-1024,344,193,-8,519,516,0,-1,-1,-1,0x1020480014840805,1158,1624,1571,1500,2012,988,1672,1500,1500,988,988,1500,1500,1500,1500,1500,1500,1500,1372,1628,1500,1555,1500,2012,1500,1729,1624,1500,1520,1505,1500,2012,8.4
2025-05-10,16:32:25.310,-61,-67,10,4083,2530,34,1,15,14659,7,261,843,620,192,-9,519,516,0,-1,-1,-1,0x1020480014840005,1694,1731,1571,1500,2012,1921,1810,1500,1500,1921,988,1500,1500,1500,1500,1500,1500,1500,1372,1628,1500,1555,1500,2012,1500,1861,1731,1500,1520,1505,1500,2012,8.4
2025-05-10,16:32:25.810,-61,-61,10,4083,2530,34,1,15,14659,7,261,-300,730,193,-9,519,516,0,-1,-1,-1,0x1020480014840005,1453,1783,1571,1500,2012,1350,1865,1500,1500,1350,988,1500,1500,1500,1500,1500,1500,1500,1372,1628,1500,1555,1500,2012,1500,1905,1783,1500,1520,1505,1500,2012,8.4
2025-05-10,16:32:26.310,-65,-61,10,4083,2530,34,1,15,14659,7,261,59,883,193,-9,519,516,0,-1,-1,-1,0x1020480014842005,1526,1889,1571,1500,2012,1529,1941,1500,1500,1529,988,1500,1500,1500,1500,1500,1500,1500,1372,1628,1500,1555,1500,2012,1500,1962,1889,1500,1520,1505,1500,2012,8.4
2025-05-10,16:32:26.810,-65,-62,10,4083,2530,34,1,15,14659,7,261,571,758,193,-8,519,515,0,-1,-1,-1,0x1020480014840005,1648,1800,1571,1500,2012,1785,1879,1500,1500,1791,988,1500,1500,1500,1500,1500,1500,1500,1372,1628,1500,1555,1500,2012,1500,1916,1800,1500,1520,1505,1500,2012,8.4
2025-05-10,16:32:27.310,-62,-67,10,4083,2530,34,1,15,14659,7,261,351,448,192,-8,519,516,0,-1,-1,-1,0x1020480014840005,1596,1659,1571,1500,2012,1675,1730,1500,1500,1675,988,1500,1500,1500,1500,1500,1500,1500,1372,1628,1500,1555,1500,2012,1500,1783,1659,1500,1520,1505,1500,2012,8.4
2025-05-10,16:32:27.790,-66,-69,10,0,0,0,0,15,0,0,0,126,4,193,-8,519,516,0,-1,-1,-1,0x1020480014840005,1549,1501,1571,1500,2012,1563,1502,1500,1500,1563,988,1500,1500,1500,1500,1500,1500,1500,1219,1781,1500,1555,1500,2012,1500,1621,1501,1500,1520,1505,1500,2012,8.4
2025-05-10,16:32:28.290,-63,-66,10,0,0,0,0,15,0,0,0,137,383,193,-8,519,515,0,-1,-1,-1,0x1020480014840005,1545,1633,1571,1500,2012,1568,1699,1500,1500,1568,988,1500,1500,1500,1500,1500,1500,1500,1372,1628,1500,1555,1500,2012,1500,1750,1633,1500,1520,1505,1500,2012,8.4
2025-05-10,16:32:28.790,-76,-66,10,0,0,0,0,15,0,0,0,-84,117,193,-8,518,515,0,-1,-1,-1,0x1020480014840005,1491,1546,1571,1500,2012,1458,1558,1500,1500,1458,988,1500,1500,1500,1500,1500,1500,1500,1372,1628,1500,1555,1500,2012,1500,1588,1546,1500,1520,1505,1500,2012,8.4
2025-05-10,16:32:29.290,-68,-72,10,0,0,0,0,15,0,0,0,1023,12,193,-8,519,515,0,-1,-1,-1,0x1020480014840005,1800,1505,1571,1500,2012,2011,1506,1500,1500,2011,988,1500,1500,1500,1500,1500,1500,1500,1315,2012,1500,1555,1500,2012,1500,1509,1505,1500,1520,1505,1500,2012,8.4
2025-05-10,16:32:29.790,-71,-67,10,0,0,0,0,15,0,0,0,1024,323,193,-8,519,515,0,-1,-1,-1,0x1020480014840005,1801,1616,1571,1500,2012,2012,1661,1500,1500,2012,988,1500,1500,1500,1500,1500,1500,1500,1372,1628,1500,1555,1500,2012,1500,1717,1616,1500,1520,1505,1500,2012,8.4
2025-05-10,16:32:30.290,-73,-71,10,0,0,0,0,15,0,0,0,92,614,193,-8,519,515,0,-1,-1,-1,0x1020480014840005,1534,1729,1571,1500,2012,1546,1807,1500,1500,1546,988,1500,1500,1500,1500,1500,1500,1500,1372,1628,1500,1555,1500,2012,1500,1859,1729,1500,1520,1505,1500,2012,8.4
2025-05-10,16:32:30.790,-78,-73,10,0,0,0,0,15,0,0,0,60,394,193,-8,519,516,0,-1,-1,-1,0x1020480014840005,1526,1650,1571,1500,2012,1530,1697,1500,1500,1530,988,1500,1500,1500,1500,1500,1500,1500,1372,1628,1500,1555,1500,2012,1500,1782,1650,1500,1520,1505,1500,2012,8.4
2025-05-10,16:32:31.290,-76,-76,10,0,0,0,0,15,0,0,0,9,327,193,-8,519,515,0,-1,-1,-1,0x1020480010840005,1514,1612,1571,1500,2012,1504,1670,1500,1500,1504,988,1500,1500,1500,1500,1500,1500,1500,1372,1628,1500,1555,1500,2012,1500,1720,1612,1500,1520,1505,1500,2012,8.4
2025-05-10,16:32:31.790,-76,-69,10,0,0,0,0,15,0,0,0,180,246,193,-9,519,516,0,-1,-1,-1,0x1020480014840005,1548,1577,1571,1500,2012,1590,1623,1500,1500,1590,988,1500,1500,1500,1500,1500,1500,1500,1372,1628,1500,1555,1500,2012,1500,1672,1577,1500,1520,1505,1500,2012,8.4
2025-05-10,16:32:32.290,-70,-71,10,0,0,0,0,15,0,0,0,12,4,193,-8,519,516,0,-1,-1,-1,0x1020480010840005,1515,1501,1571,1500,2012,1506,1502,1500,1500,1506,988,1500,1500,1500,1500,1500,1500,1500,1029,2012,1500,1555,1500,2012,1500,1503,1501,1500,1520,1505,1500,2012,8.4
2025-05-10,16:32:32.790,-71,-69,10,0,0,0,0,15,0,0,0,-985,-701,193,-8,519,516,0,-1,-1,-1,0x10204800168C0005,1192,1216,1571,1497,2012,1008,1150,1213,1500,1008,988,1500,1500,1500,1500,1500,1500,1213,1372,2012,1500,1555,1500,2012,1500,1160,1500,1500,1520,1505,1500,2012,8.4
2025-05-10,16:32:33.290,-71,-67,10,0,0,0,0,15,0,0,0,-860,-3,193,-9,519,516,0,-1,-1,-1,0x1020480014840005,1246,1498,1571,1500,2012,1070,1499,1499,1500,1070,988,1500,1500,1500,1500,1500,1500,1498,1372,2012,1500,1555,1500,2012,1500,1498,1500,1500,1520,1505,1500,2012,8.4
2025-05-10,16:32:33.790,-68,-63,10,0,0,0,0,15,0,0,0,44,6,192,-9,519,516,0,-1,-1,-1,0x1020480010840005,1534,1502,1571,1500,2012,1522,1503,1500,1500,1522,988,1500,1500,1500,1500,1500,1500,1500,1500,2012,1500,1555,1500,2012,1500,1505,1502,1500,1520,1505,1500,2012,8.4
2025-05-10,16:32:34.290,-68,-60,10,0,0,0,0,15,0,0,0,2,4,193,-8,519,516,0,-1,-1,-1,0x1020480010840005,1513,1501,1571,1500,2012,1501,1502,1500,1500,1501,988,1500,1500,1500,1500,1500,1500,1500,1500,2012,1500,1555,1500,2012,1500,1503,1501,1500,1520,1505,1500,2012,8.4
2025-05-10,16:32:34.790,-68,-62,10,0,0,0,0,15,0,0,0,-1,7,192,-9,519,516,0,-1,-1,-1,0x1020480010840005,1512,1503,1571,1500,2012,1500,1503,1500,1500,1500,988,1500,1500,1500,1500,1500,1500,1500,1500,2012,1500,1555,1500,2012,1500,1505,1503,1500,1520,1505,1500,2012,8.4
2025-05-10,16:32:35.290,-66,-61,10,0,0,0,0,15,0,0,0,0,8,193,-8,519,516,0,-1,-1,-1,0x1020480010840005,1512,1503,1544,1500,2012,1500,1504,1500,1500,1500,988,1500,1500,1500,1500,1500,1500,1500,1500,2012,1500,1555,1500,2012,1500,1506,1503,1500,1520,1505,1500,2012,8.4
2025-05-10,16:32:35.790,-66,-63,10,0,0,0,0,15,0,0,0,0,9,193,-8,519,516,0,-1,-1,-1,0x1020480010840004,1512,1503,1500,1500,2012,1500,1504,1500,1500,1500,988,1500,1500,1500,1500,1500,1500,1500,1500,2012,1500,1555,1500,2012,1500,1507,1503,1500,1520,1505,1500,2012,8.4
2025-05-10,16:32:36.290,-66,-62,10,0,0,0,0,15,0,0,0,0,9,192,-8,519,516,0,-1,-1,-1,0x1020480010840004,1512,1503,1500,1500,2012,1500,1504,1500,1500,1500,988,1500,1500,1500,1500,1500,1500,1500,1500,2012,1500,1555,1500,2012,1500,1507,1503,1500,1520,1505,1500,2012,8.4
2025-05-10,16:32:36.790,-66,-62,10,0,0,0,0,15,0,0,0,-1,9,193,-8,519,516,0,-1,-1,-1,0x1020480010840004,1512,1503,1500,1500,2012,1500,1504,1500,1500,1500,988,1500,1500,1500,1500,1500,1500,1500,1500,2012,1500,1555,1500,2012,1500,1507,1503,1500,1520,1505,1500,2012,8.4
2025-05-10,16:32:37.290,-66,-62,10,0,0,0,0,15,0,0,0,-1,11,193,-8,519,516,0,-1,-1,-1,0x1020480010840004,1512,1504,1500,1500,2012,1500,1505,1500,1500,1500,988,1500,1500,1500,1500,1500,1500,1500,1500,2012,1500,1555,1500,2012,1500,1509,1504,1500,1520,1505,1500,2012,8.4
2025-05-10,16:32:37.790,-66,-62,10,0,0,0,0,15,0,0,0,0,10,193,-9,519,516,0,-1,-1,-1,0x1020480010840004,1512,1504,1500,1500,2012,1500,1505,1500,1500,1500,988,1500,1500,1500,1500,1500,1500,1500,1500,2012,1500,1555,1500,2012,1500,1508,1504,1500,1520,1505,1500,2012,8.4
2025-05-10,16:32:38.290,-74,-63,10,0,0,0,0,15,0,0,0,0,9,193,-8,519,516,0,-1,-1,-1,0x1020480010840004,1512,1503,1500,1500,2012,1500,1504,1500,1500,1500,988,1500,1500,1500,1500,1500,1500,1500,1500,2012,1500,1555,1500,2012,1500,1507,1503,1500,1520,1505,1500,2012,8.4
2025-05-10,16:32:38.790,-74,-63,10,0,0,0,0,15,0,0,0,0,10,193,-9,519,516,0,-1,-1,-1,0x1020480010840004,1512,1504,1500,1500,2012,1500,1505,1500,1500,1500,988,1500,1500,1500,1500,1500,1500,1500,1500,2012,1500,1555,1500,2012,1500,1508,1504,1500,1520,1505,1500,2012,8.4
2025-05-10,16:32:39.290,-68,-61,10,0,0,0,0,15,0,0,0,0,9,193,-8,519,516,0,-1,-1,-1,0x1020480010840004,1512,1503,1500,1500,2012,1500,1504,1500,1500,1500,988,1500,1500,1500,1500,1500,1500,1500,1500,2012,1500,1555,1500,2012,1500,1507,1503,1500,1520,1505,1500,2012,8.4
2025-05-10,16:32:39.790,-68,-63,10,0,0,0,0,15,0,0,0,0,9,193,-8,519,516,0,-1,-1,-1,0x1020480010840004,1512,1503,1500,1500,2012,1500,1504,1500,1500,1500,988,1500,1500,1500,1500,1500,1500,1500,1500,2012,1500,1555,1500,2012,1500,1507,1503,1500,1520,1505,1500,2012,8.4
2025-05-10,16:32:40.290,-68,-61,10,0,0,0,0,15,0,0,0,0,8,193,-8,519,516,0,-1,-1,-1,0x1020480010840004,1512,1503,1500,1500,2012,1500,1504,1500,1500,1500,988,1500,1500,1500,1500,1500,1500,1500,1500,2012,1500,1555,1500,2012,1500,1506,1503,1500,1520,1505,1500,2012,8.4
2025-05-10,16:32:40.790,-68,-62,10,0,0,0,0,15,0,0,0,0,8,192,-8,519,516,0,-1,-1,-1,0x1020480010840004,1512,1503,1500,1500,2012,1500,1504,1500,1500,1500,988,1500,1500,1500,1500,1500,1500,1500,1500,2012,1500,1555,1500,2012,1500,1506,1503,1500,1520,1505,1500,2012,8.4
2025-05-10,16:32:41.290,-69,-62,10,0,0,0,0,15,0,0,0,-1,9,193,-9,519,516,0,-1,-1,-1,0x1020480010840004,1512,1503,1500,1500,2012,1500,1504,1500,1500,1500,988,1500,1500,1500,1500,1500,1500,1500,1500,2012,1500,1555,1500,2012,1500,1507,1503,1500,1520,1505,1500,2012,8.4
2025-05-10,16:32:41.790,-69,-62,10,0,0,0,0,15,0,0,0,0,9,193,-8,519,516,0,-1,-1,-1,0x1020480010840004,1512,1503,1500,1500,2012,1500,1504,1500,1500,1500,988,1500,1500,1500,1500,1500,1500,1500,1500,2012,1500,1555,1500,2012,1500,1507,1503,1500,1520,1505,1500,2012,8.4
2025-05-10,16:32:42.290,-69,-65,10,0,0,0,0,15,0,0,0,-1,9,193,-8,519,516,0,-1,-1,-1,0x1020480010840004,1512,1503,1500,1500,2012,1500,1504,1500,1500,1500,988,1500,1500,1500,1500,1500,1500,1500,1500,2012,1500,1555,1500,2012,1500,1507,1503,1500,1520,1505,1500,2012,8.4
2025-05-10,16:32:42.790,-69,-64,10,0,0,0,0,15,0,0,0,0,9,192,-9,519,516,0,-1,-1,-1,0x1020480010840004,1512,1503,1500,1500,2012,1500,1504,1500,1500,1500,988,1500,1500,1500,1500,1500,1500,1500,1500,2012,1500,1555,1500,2012,1500,1507,1503,1500,1520,1505,1500,2012,8.4
2025-05-10,16:32:43.290,-69,-63,10,0,0,0,0,15,0,0,0,0,8,193,-9,519,516,0,-1,-1,-1,0x1020480010840004,1512,1503,1500,1500,2012,1500,1504,1500,1500,1500,988,1500,1500,1500,1500,1500,1500,1500,1500,2012,1500,1555,1500,2012,1500,1506,1503,1500,1520,1505,1500,2012,8.4
2025-05-10,16:32:43.790,-69,-63,10,0,0,0,0,15,0,0,0,0,9,193,-9,519,516,0,-1,-1,-1,0x1020480010840004,1512,1503,1500,1500,2012,1500,1504,1500,1500,1500,988,1500,1500,1500,1500,1500,1500,1500,1500,2012,1500,1555,1500,2012,1500,1507,1503,1500,1520,1505,1500,2012,8.4
2025-05-10,16:32:44.290,-69,-63,10,0,0,0,0,15,0,0,0,0,8,193,-9,519,516,0,-1,-1,-1,0x1020480010840004,1512,1503,1500,1500,2012,1500,1504,1500,1500,1500,988,1500,1500,1500,1500,1500,1500,1500,1500,2012,1500,1555,1500,2012,1500,1506,1503,1500,1520,1505,1500,2012,8.4
2025-05-10,16:32:44.790,-69,-64,10,0,0,0,0,15,0,0,0,0,7,193,-8,519,516,0,-1,-1,-1,0x1020480010840004,1512,1503,1500,1500,2012,1500,1503,1500,1500,1500,988,1500,1500,1500,1500,1500,1500,1500,1500,2012,1500,1555,1500,2012,1500,1505,1503,1500,1520,1505,1500,2012,8.4
2025-05-10,16:32:45.290,-67,-62,10,0,0,0,0,15,0,0,0,0,7,193,-9,519,516,0,-1,-1,-1,0x1020480010840004,1512,1503,1500,1500,2012,1500,1503,1500,1500,1500,988,1500,1500,1500,1500,1500,1500,1500,1500,2012,1500,1555,1500,2012,1500,1505,1503,1500,1520,1505,1500,2012,8.4
2025-05-10,16:32:45.790,-65,-64,10,0,0,0,0,15,0,0,0,0,8,192,-9,519,516,0,-1,-1,-1,0x1020480010840004,1512,1503,1500,1500,2012,1500,1504,1500,1500,1500,988,1500,1500,1500,1500,1500,1500,1500,1500,2012,1500,1555,1500,2012,1500,1506,1503,1500,1520,1505,1500,2012,8.4
2025-05-10,16:32:46.290,-63,-64,10,0,0,0,0,15,0,0,0,0,8,193,-9,519,516,0,-1,-1,-1,0x1020480010840004,1512,1503,1500,1500,2012,1500,1504,1500,1500,1500,988,1500,1500,1500,1500,1500,1500,1500,1500,2012,1500,1555,1500,2012,1500,1506,1503,1500,1520,1505,1500,2012,8.4
2025-05-10,16:32:46.790,-60,-62,10,0,0,0,0,15,0,0,0,0,8,192,-9,519,516,0,-1,-1,-1,0x1020480010840004,1512,1503,1500,1500,2012,1500,1504,1500,1500,1500,988,1500,1500,1500,1500,1500,1500,1500,1500,2012,1500,1555,1500,2012,1500,1506,1503,1500,1520,1505,1500,2012,8.4
2025-05-10,16:32:47.290,-60,-63,10,0,0,0,0,15,0,0,0,0,8,193,-8,519,516,0,-1,-1,-1,0x1020480010840004,1512,1503,1500,1500,2012,1500,1504,1500,1500,1500,988,1500,1500,1500,1500,1500,1500,1500,1500,2012,1500,1555,1500,2012,1500,1506,1503,1500,1520,1505,1500,2012,8.4
2025-05-10,16:32:47.790,-60,-63,10,0,0,0,0,15,0,0,0,0,8,193,-9,519,515,0,-1,-1,-1,0x1020480010840004,1512,1503,1500,1500,2012,1500,1504,1500,1500,1500,988,1500,1500,1500,1500,1500,1500,1500,1500,2012,1500,1555,1500,2012,1500,1506,1503,1500,1520,1505,1500,2012,8.4
2025-05-10,16:32:48.290,-60,-64,10,0,0,0,0,15,0,0,0,0,8,193,-9,519,515,0,-1,-1,-1,0x1020480010840004,1512,1503,1500,1500,2012,1500,1504,1500,1500,1500,988,1500,1500,1500,1500,1500,1500,1500,1500,2012,1500,1555,1500,2012,1500,1506,1503,1500,1520,1505,1500,2012,8.4
2025-05-10,16:32:48.790,-64,-64,10,0,0,0,0,15,0,0,0,0,8,193,-9,519,516,0,-1,-1,-1,0x1020480010840004,1512,1503,1500,1500,2012,1500,1504,1500,1500,1500,988,1500,1500,1500,1500,1500,1500,1500,1500,2012,1500,1555,1500,2012,1500,1506,1503,1500,1520,1505,1500,2012,8.4
2025-05-10,16:32:49.290,-64,-64,10,0,0,0,0,15,0,0,0,-1,9,193,-8,518,515,0,-1,-1,-1,0x1020480010840004,1512,1503,1500,1500,2012,1500,1504,1500,1500,1500,988,1500,1500,1500,1500,1500,1500,1500,1500,2012,1500,1555,1500,2012,1500,1507,1503,1500,1520,1505,1500,2012,8.4
2025-05-10,16:32:49.790,-64,-64,10,0,0,0,0,15,0,0,0,0,8,193,-8,519,516,0,-1,-1,-1,0x1020480010840004,1512,1503,1500,1500,2012,1500,1504,1500,1500,1500,988,1500,1500,1500,1500,1500,1500,1500,1500,2012,1500,1555,1500,2012,1500,1506,1503,1500,1520,1505,1500,2012,8.4
2025-05-10,16:32:50.290,-64,-64,10,0,0,0,0,15,0,0,0,0,8,193,-9,519,516,0,-1,-1,-1,0x1020480010840004,1512,1503,1500,1500,2012,1500,1504,1500,1500,1500,988,1500,1500,1500,1500,1500,1500,1500,1500,2012,1500,1555,1500,2012,1500,1506,1503,1500,1520,1505,1500,2012,8.4
2025-05-10,16:32:50.790,-64,-64,10,0,0,0,0,15,0,0,0,0,8,193,-9,519,515,0,-1,-1,-1,0x1020480010840004,1512,1503,1500,1500,2012,1500,1504,1500,1500,1500,988,1500,1500,1500,1500,1500,1500,1500,1500,2012,1500,1555,1500,2012,1500,1506,1503,1500,1520,1505,1500,2012,8.4
2025-05-10,16:32:51.290,-64,-63,10,0,0,0,0,15,0,0,0,0,8,193,-9,519,515,0,-1,-1,-1,0x1020480010840004,1512,1503,1500,1500,2012,1500,1504,1500,1500,1500,988,1500,1500,1500,1500,1500,1500,1500,1500,2012,1500,1555,1500,2012,1500,1506,1503,1500,1520,1505,1500,2012,8.4
2025-05-10,16:32:51.790,-64,-64,10,0,0,0,0,15,0,0,0,-1,8,193,-9,519,516,0,-1,-1,-1,0x1020480010840004,1512,1503,1500,1500,2012,1500,1504,1500,1500,1500,988,1500,1500,1500,1500,1500,1500,1500,1500,2012,1500,1555,1500,2012,1500,1506,1503,1500,1520,1505,1500,2012,8.4
2025-05-10,16:32:52.290,-63,-58,10,0,0,0,0,15,0,0,0,0,8,192,-9,519,516,0,-1,-1,-1,0x1020480010840004,1512,1503,1500,1500,2012,1500,1504,1500,1500,1500,988,1500,1500,1500,1500,1500,1500,1500,1500,2012,1500,1555,1500,2012,1500,1506,1503,1500,1520,1505,1500,2012,8.4
2025-05-10,16:32:52.790,-63,-60,10,0,0,0,0,15,0,0,0,0,8,193,-8,519,516,0,-1,-1,-1,0x1020480010840004,1512,1503,1500,1500,2012,1500,1504,1500,1500,1500,988,1500,1500,1500,1500,1500,1500,1500,1500,2012,1500,1555,1500,2012,1500,1506,1503,1500,1520,1505,1500,2012,8.4
2025-05-10,16:32:53.290,-63,-60,10,0,0,0,0,15,0,0,0,-1,8,193,-8,519,516,0,-1,-1,-1,0x1020480010840004,1512,1503,1500,1500,2012,1500,1504,1500,1500,1500,988,1500,1500,1500,1500,1500,1500,1500,1500,2012,1500,1555,1500,2012,1500,1506,1503,1500,1520,1505,1500,2012,8.4
2025-05-10,16:32:53.790,-63,-59,10,0,0,0,0,15,0,0,0,0,8,192,-9,519,516,0,-1,-1,-1,0x1020480010840004,1512,1503,1500,1500,2012,1500,1504,1500,1500,1500,988,1500,1500,1500,1500,1500,1500,1500,1500,2012,1500,1555,1500,2012,1500,1506,1503,1500,1520,1505,1500,2012,8.4
2025-05-10,16:32:54.290,-63,-61,10,0,0,0,0,15,0,0,0,-2,8,193,-8,519,516,0,-1,-1,-1,0x1020480010840004,1512,1503,1500,1500,2012,1500,1504,1500,1500,1500,988,1500,1500,1500,1500,1500,1500,1500,1500,2012,1500,1555,1500,2012,1500,1506,1503,1500,1520,1505,1500,2012,8.4
2025-05-10,16:32:54.790,-65,-65,10,0,0,0,0,15,0,0,0,0,8,193,-9,519,516,0,-1,-1,-1,0x1020480010840004,1512,1503,1500,1500,2012,1500,1504,1500,1500,1500,988,1500,1500,1500,1500,1500,1500,1500,1500,2012,1500,1555,1500,2012,1500,1506,1503,1500,1520,1505,1500,2012,8.4
2025-05-10,16:32:55.290,-65,-64,10,0,0,0,0,15,0,0,0,0,8,193,-8,519,515,0,-1,-1,-1,0x1020480010840004,1512,1503,1500,1500,2012,1500,1504,1500,1500,1500,988,1500,1500,1500,1500,1500,1500,1500,1500,2012,1500,1555,1500,2012,1500,1506,1503,1500,1520,1505,1500,2012,8.4
2025-05-10,16:32:55.790,-65,-65,10,0,0,0,0,15,0,0,0,0,9,193,-8,519,515,0,-1,-1,-1,0x1020480010840004,1512,1503,1500,1500,2012,1500,1504,1500,1500,1500,988,1500,1500,1500,1500,1500,1500,1500,1500,2012,1500,1555,1500,2012,1500,1507,1503,1500,1520,1505,1500,2012,8.4
2025-05-10,16:32:56.290,-65,-65,10,0,0,0,0,15,0,0,0,0,9,193,-8,519,516,0,-1,-1,-1,0x1020480010840004,1512,1503,1500,1500,2012,1500,1504,1500,1500,1500,988,1500,1500,1500,1500,1500,1500,1500,1500,2012,1500,1555,1500,2012,1500,1507,1503,1500,1520,1505,1500,2012,8.4
2025-05-10,16:32:56.790,-65,-65,10,0,0,0,0,15,0,0,0,0,10,193,-8,519,516,0,-1,-1,-1,0x1020480010840004,1512,1504,1500,1500,2012,1500,1505,1500,1500,1500,988,1500,1500,1500,1500,1500,1500,1500,1500,2012,1500,1555,1500,2012,1500,1508,1504,1500,1520,1505,1500,2012,8.4
2025-05-10,16:32:57.290,-65,-64,10,0,0,0,0,15,0,0,0,0,13,193,-8,519,516,0,-1,-1,-1,0x1020480010840004,1512,1505,1500,1500,2012,1500,1506,1500,1500,1500,988,1500,1500,1500,1500,1500,1500,1500,1500,2012,1500,1555,1500,2012,1500,1510,1505,1500,1520,1505,1500,2012,8.4
2025-05-10,16:32:57.790,-65,-65,10,0,0,0,0,15,0,0,0,0,8,193,-8,519,516,0,-1,-1,-1,0x1020480010840004,1512,1503,1500,1500,2012,1500,1504,1500,1500,1500,988,1500,1500,1500,1500,1500,1500,1500,1500,2012,1500,1555,1500,2012,1500,1506,1503,1500,1520,1505,1500,2012,8.4
2025-05-10,16:32:58.290,-70,-64,10,0,0,0,0,15,0,0,0,0,9,192,-8,519,516,0,-1,-1,-1,0x1020480010840004,1512,1503,1500,1500,2012,1500,1504,1500,1500,1500,988,1500,1500,1500,1500,1500,1500,1500,1500,2012,1500,1555,1500,2012,1500,1507,1503,1500,1520,1505,1500,2012,8.4
2025-05-10,16:32:58.790,-68,-66,10,0,0,0,0,15,0,0,0,0,9,193,-9,519,515,0,-1,-1,-1,0x1020480010840004,1512,1503,1500,1500,2012,1500,1504,1500,1500,1500,988,1500,1500,1500,1500,1500,1500,1500,1500,2012,1500,1555,1500,2012,1500,1507,1503,1500,1520,1505,1500,2012,8.4
2025-05-10,16:32:59.290,-71,-64,10,0,0,0,0,15,0,0,0,0,7,193,-8,519,515,0,-1,-1,-1,0x1020480010840004,1512,1503,1500,1500,2012,1500,1503,1500,1500,1500,988,1500,1500,1500,1500,1500,1500,1500,1500,2012,1500,1555,1500,2012,1500,1505,1503,1500,1520,1505,1500,2012,8.4
2025-05-10,16:32:59.790,-71,-65,10,0,0,0,0,15,0,0,0,0,8,193,-9,519,515,0,-1,-1,-1,0x1020480010840004,1512,1503,1500,1500,2012,1500,1504,1500,1500,1500,988,1500,1500,1500,1500,1500,1500,1500,1500,2012,1500,1555,1500,2012,1500,1506,1503,1500,1520,1505,1500,2012,8.4
2025-05-10,16:33:00.290,-71,-63,10,0,0,0,0,15,0,0,0,0,9,192,-8,519,516,0,-1,-1,-1,0x1020480010840004,1512,1503,1500,1500,2012,1500,1504,1500,1500,1500,988,1500,1500,1500,1500,1500,1500,1500,1500,2012,1500,1555,1500,2012,1500,1507,1503,1500,1520,1505,1500,2012,8.4
2025-05-10,16:33:00.790,-71,-63,10,0,0,0,0,15,0,0,0,1,8,192,-9,519,516,0,-1,-1,-1,0x1020480010840004,1512,1503,1500,1500,2012,1500,1504,1500,1500,1500,988,1500,1500,1500,1500,1500,1500,1500,1500,2012,1500,1555,1500,2012,1500,1506,1503,1500,1520,1505,1500,2012,8.4
2025-05-10,16:33:01.290,-71,-62,10,0,0,0,0,15,0,0,0,0,8,193,-9,519,516,0,-1,-1,-1,0x1020480010840004,1512,1503,1500,1500,2012,1500,1504,1500,1500,1500,988,1500,1500,1500,1500,1500,1500,1500,1500,2012,1500,1555,1500,2012,1500,1506,1503,1500,1520,1505,1500,2012,8.4
2025-05-10,16:33:01.790,-71,-64,10,0,0,0,0,15,0,0,0,0,8,193,-8,519,515,0,-1,-1,-1,0x1020480010840004,1512,1503,1500,1500,2012,1500,1504,1500,1500,1500,988,1500,1500,1500,1500,1500,1500,1500,1500,2012,1500,1555,1500,2012,1500,1506,1503,1500,1520,1505,1500,2012,8.4
2025-05-10,16:33:02.290,-69,-66,10,0,0,0,0,15,0,0,0,0,9,193,-9,519,516,0,-1,-1,-1,0x1020480010840004,1512,1503,1500,1500,2012,1500,1504,1500,1500,1500,988,1500,1500,1500,1500,1500,1500,1500,1500,2012,1500,1555,1500,2012,1500,1507,1503,1500,1520,1505,1500,2012,8.4
2025-05-10,16:33:02.790,-69,-65,10,0,0,0,0,15,0,0,0,0,9,193,-8,518,515,0,-1,-1,-1,0x1020480010840004,1512,1503,1500,1500,2012,1500,1504,1500,1500,1500,988,1500,1500,1500,1500,1500,1500,1500,1500,2012,1500,1555,1500,2012,1500,1507,1503,1500,1520,1505,1500,2012,8.4
2025-05-10,16:33:03.290,-69,-65,10,0,0,0,0,15,0,0,0,0,9,193,-8,519,516,0,-1,-1,-1,0x1020480010840004,1512,1503,1500,1500,2012,1500,1504,1500,1500,1500,988,1500,1500,1500,1500,1500,1500,1500,1500,2012,1500,1555,1500,2012,1500,1506,1503,1500,1520,1505,1500,2012,8.4
2025-05-10,16:33:03.790,-69,-65,10,0,0,0,0,15,0,0,0,0,9,193,-8,519,515,0,-1,-1,-1,0x1020480010840004,1512,1503,1500,1500,2012,1500,1504,1500,1500,1500,988,1500,1500,1500,1500,1500,1500,1500,1500,2012,1500,1555,1500,2012,1500,1507,1503,1500,1520,1505,1500,2012,8.4
2025-05-10,16:33:04.290,-69,-65,10,0,0,0,0,15,0,0,0,0,9,192,-9,519,516,0,-1,-1,-1,0x1020480010840004,1512,1503,1500,1500,2012,1500,1504,1500,1500,1500,988,1500,1500,1500,1500,1500,1500,1500,1500,2012,1500,1555,1500,2012,1500,1507,1503,1500,1520,1505,1500,2012,8.4
2025-05-10,16:33:04.790,-67,-66,10,0,0,0,0,15,0,0,0,0,8,193,-9,519,516,0,-1,-1,-1,0x1020480010840004,1512,1503,1500,1500,2012,1500,1504,1500,1500,1500,988,1500,1500,1500,1500,1500,1500,1500,1500,2012,1500,1555,1500,2012,1500,1506,1503,1500,1520,1505,1500,2012,8.4
2025-05-10,16:33:05.290,-67,-64,10,0,0,0,0,15,0,0,0,0,7,193,-8,519,516,0,-1,-1,-1,0x1020480010840004,1512,1502,1500,1500,2012,1500,1503,1500,1500,1500,988,1500,1500,1500,1500,1500,1500,1500,1500,2012,1500,1555,1500,2012,1500,1505,1503,1500,1520,1505,1500,2012,8.4
2025-05-10,16:33:05.790,-69,-62,10,0,0,0,0,15,0,0,0,0,8,193,-8,519,515,0,-1,-1,-1,0x1020480010840004,1512,1503,1500,1500,2012,1500,1504,1500,1500,1500,988,1500,1500,1500,1500,1500,1500,1500,1500,2012,1500,1555,1500,2012,1500,1506,1503,1500,1520,1505,1500,2012,8.4
2025-05-10,16:33:06.290,-69,-63,10,0,0,0,0,15,0,0,0,0,7,193,-9,519,516,0,-1,-1,-1,0x1020480010840004,1512,1503,1500,1500,2012,1500,1503,1500,1500,1500,988,1500,1500,1500,1500,1500,1500,1500,1500,2012,1500,1555,1500,2012,1500,1505,1503,1500,1520,1505,1500,2012,8.4
2025-05-10,16:33:06.790,-72,-65,10,0,0,0,0,15,0,0,0,0,7,193,-8,519,516,0,-1,-1,-1,0x1020480010840004,1512,1503,1500,1500,2012,1500,1503,1500,1500,1500,988,1500,1500,1500,1500,1500,1500,1500,1500,2012,1500,1555,1500,2012,1500,1505,1503,1500,1520,1505,1500,2012,8.4
2025-05-10,16:33:07.290,-72,-65,10,0,0,0,0,15,0,0,0,0,8,193,-8,519,515,0,-1,-1,-1,0x1020480010840004,1512,1503,1500,1500,2012,1500,1504,1500,1500,1500,988,1500,1500,1500,1500,1500,1500,1500,1500,2012,1500,1555,1500,2012,1500,1506,1503,1500,1520,1505,1500,2012,8.4
2025-05-10,16:33:07.790,-72,-64,10,0,0,0,0,15,0,0,0,0,8,193,-8,519,515,0,-1,-1,-1,0x1020480010840004,1512,1503,1500,1500,2012,1500,1504,1500,1500,1500,988,1500,1500,1500,1500,1500,1500,1500,1500,2012,1500,1555,1500,2012,1500,1506,1503,1500,1520,1505,1500,2012,8.4
2025-05-10,16:33:08.290,-68,-64,10,0,0,0,0,15,0,0,0,0,9,193,-8,519,516,0,-1,-1,-1,0x1020480010840004,1512,1503,1500,1500,2012,1500,1504,1500,1500,1500,988,1500,1500,1500,1500,1500,1500,1500,1500,2012,1500,1555,1500,2012,1500,1507,1503,1500,1520,1505,1500,2012,8.4
2025-05-10,16:33:08.790,-68,-65,10,0,0,0,0,15,0,0,0,0,9,193,-9,519,516,0,-1,-1,-1,0x1020480010840004,1512,1503,1500,1500,2012,1500,1504,1500,1500,1500,988,1500,1500,1500,1500,1500,1500,1500,1500,2012,1500,1555,1500,2012,1500,1507,1503,1500,1520,1505,1500,2012,8.4
2025-05-10,16:33:09.290,-68,-65,10,0,0,0,0,15,0,0,0,0,9,193,-9,519,516,0,-1,-1,-1,0x1020480010840004,1512,1503,1500,1500,2012,1500,1504,1500,1500,1500,988,1500,1500,1500,1500,1500,1500,1500,1500,2012,1500,1555,1500,2012,1500,1507,1503,1500,1520,1505,1500,2012,8.4
2025-05-10,16:33:09.790,-68,-65,10,0,0,0,0,15,0,0,0,0,9,192,-9,519,516,0,-1,-1,-1,0x1020480010840004,1512,1503,1500,1500,2012,1500,1504,1500,1500,1500,988,1500,1500,1500,1500,1500,1500,1500,1500,2012,1500,1555,1500,2012,1500,1507,1503,1500,1520,1505,1500,2012,8.4
2025-05-10,16:33:10.290,-68,-66,10,0,0,0,0,15,0,0,0,-1,8,192,-9,519,516,0,-1,-1,-1,0x1020480010840004,1512,1503,1500,1500,2012,1500,1504,1500,1500,1500,988,1500,1500,1500,1500,1500,1500,1500,1500,2012,1500,1555,1500,2012,1500,1506,1503,1500,1520,1505,1500,2012,8.4
2025-05-10,16:33:10.790,-68,-65,10,0,0,0,0,15,0,0,0,0,9,193,-8,519,516,0,-1,-1,-1,0x1020480010840004,1512,1503,1500,1500,2012,1500,1504,1500,1500,1500,988,1500,1500,1500,1500,1500,1500,1500,1500,2012,1500,1555,1500,2012,1500,1507,1503,1500,1520,1505,1500,2012,8.4
2025-05-10,16:33:11.290,-68,-65,10,0,0,0,0,15,0,0,0,0,9,192,-8,519,516,0,-1,-1,-1,0x1020480010840004,1512,1503,1500,1500,2012,1500,1504,1500,1500,1500,988,1500,1500,1500,1500,1500,1500,1500,1500,2012,1500,1555,1500,2012,1500,1507,1503,1500,1520,1505,1500,2012,8.4
2025-05-10,16:33:11.790,-68,-63,10,0,0,0,0,15,0,0,0,0,8,193,-8,519,515,0,-1,-1,-1,0x1020480010840004,1512,1503,1500,1500,2012,1500,1504,1500,1500,1500,988,1500,1500,1500,1500,1500,1500,1500,1500,2012,1500,1555,1500,2012,1500,1506,1503,1500,1520,1505,1500,2012,8.4
2025-05-10,16:33:12.290,-69,-65,10,0,0,0,0,15,0,0,0,0,8,193,-8,519,516,0,-1,-1,-1,0x1020480010840004,1512,1503,1500,1500,2012,1500,1504,1500,1500,1500,988,1500,1500,1500,1500,1500,1500,1500,1500,2012,1500,1555,1500,2012,1500,1506,1503,1500,1520,1505,1500,2012,8.4
2025-05-10,16:33:12.790,-70,-64,10,0,0,0,0,15,0,0,0,1,8,193,-8,519,515,0,-1,-1,-1,0x1020480010840004,1512,1503,1500,1500,2012,1500,1504,1500,1500,1500,988,1500,1500,1500,1500,1500,1500,1500,1500,2012,1500,1555,1500,2012,1500,1507,1503,1500,1520,1505,1500,2012,8.4
2025-05-10,16:33:13.280,-70,-64,10,0,0,0,0,15,0,0,0,0,9,193,-8,519,515,0,-1,-1,-1,0x1020480010840004,1512,1503,1500,1500,2012,1500,1504,1500,1500,1500,988,1500,1500,1500,1500,1500,1500,1500,1500,2012,1500,1555,1500,2012,1500,1507,1503,1500,1520,1505,1500,2012,8.4
2025-05-10,16:33:13.760,-70,-64,10,0,0,0,0,15,0,0,0,0,9,193,-8,518,515,0,-1,-1,-1,0x1020480010840004,1512,1503,1500,1500,2012,1500,1504,1500,1500,1500,988,1500,1500,1500,1500,1500,1500,1500,1500,2012,1500,1555,1500,2012,1500,1507,1503,1500,1520,1505,1500,2012,8.4
2025-05-10,16:33:14.260,-70,-63,10,0,0,0,0,15,0,0,0,0,9,193,-8,519,516,0,-1,-1,-1,0x1020480010840004,1512,1503,1500,1500,2012,1500,1504,1500,1500,1500,988,1500,1500,1500,1500,1500,1500,1500,1500,2012,1500,1555,1500,2012,1500,1507,1503,1500,1520,1505,1500,2012,8.4
2025-05-10,16:33:14.760,-70,-63,10,0,0,0,0,15,0,0,0,1,9,193,-8,519,516,0,-1,-1,-1,0x1020480010840004,1512,1503,1500,1500,2012,1500,1504,1500,1500,1500,988,1500,1500,1500,1500,1500,1500,1500,1500,2012,1500,1555,1500,2012,1500,1507,1503,1500,1520,1505,1500,2012,8.4
2025-05-10,16:33:15.260,-66,-63,10,0,0,0,0,15,0,0,0,0,9,193,-8,519,516,0,-1,-1,-1,0x1020480010840004,1512,1503,1500,1500,2012,1500,1504,1500,1500,1500,988,1500,1500,1500,1500,1500,1500,1500,1500,2012,1500,1555,1500,2012,1500,1507,1503,1500,1520,1505,1500,2012,8.4
2025-05-10,16:33:15.760,-66,-62,10,0,0,0,0,15,0,0,0,0,9,193,-8,519,516,0,-1,-1,-1,0x1020480010840004,1512,1503,1500,1500,2012,1500,1504,1500,1500,1500,988,1500,1500,1500,1500,1500,1500,1500,1500,2012,1500,1555,1500,2012,1500,1507,1503,1500,1520,1505,1500,2012,8.4
2025-05-10,16:33:16.260,-66,-63,10,0,0,0,0,15,0,0,0,0,9,193,-8,519,516,0,-1,-1,-1,0x1020480010840004,1512,1503,1500,1500,2012,1500,1504,1500,1500,1500,988,1500,1500,1500,1500,1500,1500,1500,1500,2012,1500,1555,1500,2012,1500,1507,1503,1500,1520,1505,1500,2012,8.4
2025-05-10,16:33:16.760,-66,-63,10,0,0,0,0,15,0,0,0,-1,7,193,-8,519,516,0,-1,-1,-1,0x1020480010840004,1512,1503,1500,1500,2012,1500,1503,1500,1500,1500,988,1500,1500,1500,1500,1500,1500,1500,1500,2012,1500,1555,1500,2012,1500,1505,1503,1500,1520,1505,1500,2012,8.4
2025-05-10,16:33:17.260,-66,-63,10,0,0,0,0,15,0,0,0,0,5,193,-8,519,516,0,-1,-1,-1,0x1020480010840004,1512,1501,1500,1500,2012,1500,1502,1500,1500,1500,988,1500,1500,1500,1500,1500,1500,1500,1500,2012,1500,1555,1500,2012,1500,1504,1502,1500,1520,1505,1500,2012,8.4
2025-05-10,16:33:17.760,-66,-62,10,0,0,0,0,15,0,0,0,-380,294,192,-8,519,516,0,-1,-1,-1,0x1020480014840005,1435,1604,1531,1500,2012,1310,1647,1500,1500,1310,988,1500,1500,1500,1500,1500,1500,1500,1372,1628,1500,1555,1500,2012,1500,1701,1604,1500,1520,1505,1500,2012,8.4
2025-05-10,16:33:18.260,-65,-66,10,0,0,0,0,15,0,0,0,-326,386,193,-8,519,516,0,-1,-1,-1,0x1020480014840005,1447,1631,1571,1500,2012,1337,1693,1500,1500,1331,988,1500,1500,1500,1500,1500,1500,1500,1372,1628,1500,1555,1500,2012,1500,1751,1641,1500,1520,1505,1500,2012,8.4
2025-05-10,16:33:18.760,-65,-61,10,0,0,0,0,15,0,0,0,-336,447,192,-9,519,515,0,-1,-1,-1,0x1020480014840805,1448,1664,1571,1500,2012,1332,1723,1500,1500,1333,988,1500,1500,1500,1500,1500,1500,1500,1372,1628,1500,1555,1500,2012,1500,1782,1664,1500,1520,1505,1500,2012,8.4
2025-05-10,16:33:19.260,-63,-67,10,0,0,0,0,15,0,0,0,-72,628,192,-9,519,516,0,-1,-1,-1,0x1020480014840005,1502,1730,1571,1500,2012,1464,1814,1500,1500,1472,988,1500,1500,1500,1500,1500,1500,1500,1372,1628,1500,1555,1500,2012,1500,1865,1735,1500,1520,1505,1500,2012,8.4
2025-05-10,16:33:19.760,-63,-60,10,0,0,0,0,15,0,0,0,267,130,193,-8,519,516,0,-1,-1,-1,0x1020480014840005,1579,1534,1571,1500,2012,1633,1565,1500,1500,1639,988,1500,1500,1500,1500,1500,1500,1500,1372,1628,1500,1555,1500,2012,1500,1605,1550,1500,1520,1505,1500,2012,8.4
2025-05-10,16:33:20.260,-65,-65,10,0,0,0,0,15,0,0,0,629,310,192,-8,519,515,0,-1,-1,-1,0x1020480014840005,1658,1583,1571,1500,2012,1814,1655,1500,1500,1809,988,1500,1500,1500,1500,1500,1500,1500,1372,1628,1500,1555,1500,2012,1500,1717,1611,1500,1520,1505,1500,2012,8.4
2025-05-10,16:33:20.760,-70,-64,10,0,0,0,0,15,0,0,0,658,-510,193,-9,519,516,0,-1,-1,-1,0x1020480016880005,1672,1359,1571,1499,2012,1829,1245,1357,1500,1829,988,1500,1500,1500,1500,1500,1500,1357,999,2012,1500,1555,1500,988,1500,1262,1500,1500,1520,1505,1500,2012,8.4
2025-05-10,16:33:21.260,-69,-70,10,0,0,0,0,15,0,0,0,264,75,192,-8,519,516,0,-1,-1,-1,0x1020480014840005,1569,1538,1571,1500,2012,1632,1537,1500,1500,1619,988,1500,1500,1500,1500,1500,1500,1500,1372,1628,1500,1555,1500,2012,1500,1579,1532,1500,1520,1505,1500,2012,8.4
2025-05-10,16:33:21.760,-77,-78,10,0,0,0,0,15,0,0,0,538,462,193,-9,519,515,0,-1,-1,-1,0x1020480014840005,1643,1661,1571,1500,2012,1769,1731,1500,1500,1781,988,1500,1500,1500,1500,1500,1500,1500,1372,1628,1500,1555,1500,2012,1500,1783,1661,1500,1520,1505,1500,2012,8.4
2025-05-10,16:33:22.260,-75,-67,10,0,0,0,0,15,0,0,0,461,672,193,-9,519,515,0,-1,-1,-1,0x1020480014840005,1619,1755,1571,1500,2012,1730,1836,1500,1500,1731,988,1500,1500,1500,1500,1500,1500,1500,1372,1628,1500,1555,1500,2012,1500,1882,1756,1500,1520,1505,1500,2012,8.4
2025-05-10,16:33:22.760,-82,-70,10,0,0,0,0,15,0,0,0,-336,280,193,-9,519,515,0,-1,-1,-1,0x1020480014840005,1442,1609,1571,1500,2012,1332,1640,1500,1500,1321,988,1500,1500,1500,1500,1500,1500,1500,1372,1628,1500,1555,1500,2012,1500,1699,1609,1500,1520,1505,1500,2012,8.4
2025-05-10,16:33:23.260,-77,-74,10,0,0,0,0,15,0,0,0,-397,305,193,-8,519,516,0,-1,-1,-1,0x1020480014840005,1425,1615,1571,1500,2012,1302,1652,1500,1500,1302,988,1500,1500,1500,1500,1500,1500,1500,1372,1628,1500,1555,1500,2012,1500,1707,1609,1500,1520,1505,1500,2012,8.4
2025-05-10,16:33:23.760,-77,-68,10,0,0,0,0,15,0,0,0,504,706,193,-8,519,516,0,-1,-1,-1,0x1020480014840005,1626,1761,1571,1500,2012,1752,1853,1500,1500,1746,988,1500,1500,1500,1500,1500,1500,1500,1372,1628,1500,1555,1500,2012,1500,1891,1761,1500,1520,1505,1500,2012,8.4
2025-05-10,16:33:24.260,-77,-70,10,0,0,0,0,15,0,0,0,-17,832,193,-8,519,515,0,-1,-1,-1,0x1020480010840005,1504,1857,1571,1500,2012,1492,1916,1500,1500,1492,988,1500,1500,1500,1500,1500,1500,1500,1372,1628,1500,1555,1500,2012,1500,1944,1858,1500,1520,1505,1500,2012,8.4
2025-05-10,16:33:24.760,-71,-72,10,0,0,0,0,15,0,0,0,280,824,193,-9,519,516,0,-1,-1,-1,0x1020480014840005,1583,1850,1571,1500,2012,1640,1912,1500,1500,1646,988,1500,1500,1500,1500,1500,1500,1500,1372,1628,1500,1555,1500,2012,1500,1940,1850,1500,1520,1505,1500,2012,8.4
2025-05-10,16:33:25.260,-70,-59,10,0,0,0,0,15,0,0,0,-11,886,192,-8,519,515,0,-1,-1,-1,0x1020480010842405,1510,1901,1571,1500,2012,1495,1943,1500,1500,1495,988,1500,1500,1500,1500,1500,1500,1500,1372,1628,1500,1555,1500,2012,1500,1963,1901,1500,1520,1505,1500,2012,8.4
2025-05-10,16:33:25.760,-75,-65,10,0,0,0,0,15,0,0,0,10,1024,192,-8,519,516,0,-1,-1,-1,0x1020480010842405,1514,2012,1571,1500,2012,1505,2012,1500,1500,1505,988,1500,1500,1500,1500,1500,1500,1500,1372,1628,1500,1555,1500,2012,1500,2012,2012,1500,1520,1505,1500,2012,8.4
2025-05-10,16:33:26.260,-57,-58,10,0,0,0,0,15,0,0,0,59,1024,193,-8,519,516,0,-1,-1,-1,0x1020480014842405,1526,2012,1571,1500,2012,1529,2012,1500,1500,1529,988,1500,1500,1500,1500,1500,1500,1500,1372,1628,1500,1555,1500,2012,1500,2012,2012,1500,1520,1505,1500,2012,8.4
2025-05-10,16:33:26.760,-72,-69,10,0,0,0,0,15,0,0,0,97,369,193,-8,519,516,0,-1,-1,-1,0x1020480014840405,1535,1638,1571,1500,2012,1548,1684,1500,1500,1548,988,1500,1500,1500,1500,1500,1500,1500,1372,1628,1500,1555,1500,2012,1500,1817,1638,1500,1520,1505,1500,2012,8.4
2025-05-10,16:33:27.260,-79,-68,10,0,0,0,0,15,0,0,0,217,662,192,-8,519,516,0,-1,-1,-1,0x1020480014840405,1563,1711,1571,1500,2012,1608,1831,1500,1500,1608,988,1500,1500,1500,1500,1500,1500,1500,1372,1628,1500,1555,1500,2012,1500,1884,1751,1500,1520,1505,1500,2012,8.4
2025-05-10,16:33:27.760,-68,-84,10,0,0,0,0,15,0,0,0,467,269,192,-8,519,516,0,-1,-1,-1,0x1020480014840405,1620,1623,1571,1500,2012,1733,1634,1500,1500,1733,988,1500,1500,1500,1500,1500,1500,1500,1372,1628,1500,1555,1500,2012,1500,1725,1623,1500,1520,1505,1500,2012,8.4
2025-05-10,16:33:28.260,-70,-69,10,0,0,0,0,15,0,0,0,886,341,193,-9,519,516,0,-1,-1,-1,0x1020480014840405,1733,1606,1571,1500,2012,1943,1670,1500,1500,1938,988,1500,1500,1500,1500,1500,1500,1500,1372,1628,1500,1555,1500,2012,1500,1728,1623,1500,1520,1505,1500,2012,8.4
2025-05-10,16:33:28.760,-65,-66,10,0,0,0,0,15,0,0,0,886,450,193,-8,519,516,0,-1,-1,-1,0x1020480014840405,1728,1655,1571,1500,2012,1943,1725,1500,1500,1931,988,1500,1500,1500,1500,1500,1500,1500,1372,1628,1500,1555,1500,2012,1500,1771,1655,1500,1520,1505,1500,2012,8.4
2025-05-10,16:33:29.260,-74,-81,25,0,0,0,0,15,0,0,0,722,573,193,-8,519,516,0,-1,-1,-1,0x1020480014840005,1688,1715,1571,1500,2012,1861,1786,1500,1500,1862,988,1500,1500,1500,1500,1500,1500,1500,1372,1628,1500,1555,1500,2012,1500,1846,1715,1500,1520,1505,1500,2012,8.4
2025-05-10,16:33:29.760,-85,-79,10,0,0,0,0,15,0,0,0,103,755,193,-8,519,516,0,-1,-1,-1,0x1020480014840005,1545,1797,1571,1500,2012,1551,1877,1500,1500,1569,988,1500,1500,1500,1500,1500,1500,1500,1372,1628,1500,1555,1500,2012,1500,1915,1797,1500,1520,1505,1500,2012,8.4
2025-05-10,16:33:30.260,-76,-79,10,0,0,0,0,15,0,0,0,3,262,193,-8,519,516,0,-1,-1,-1,0x1020480010840005,1513,1598,1571,1500,2012,1501,1631,1500,1500,1502,988,1500,1500,1500,1500,1500,1500,1500,1372,1628,1500,1555,1500,2012,1500,1691,1598,1500,1520,1505,1500,2012,8.4
2025-05-10,16:33:30.760,-80,-72,10,0,0,0,0,15,0,0,0,-1024,-727,193,-8,519,516,0,-1,-1,-1,0x1020480016880005,1158,1301,1571,1498,2012,988,1137,1300,1500,988,988,1500,1500,1500,1500,1500,1500,1299,1264,2012,1500,1555,1500,988,1500,1096,1500,1500,1520,1505,1500,2012,8.4
2025-05-10,16:33:31.260,-64,-70,10,0,0,0,0,15,0,0,0,-1024,312,193,-8,519,516,0,-1,-1,-1,0x1020480014840805,1158,1612,1571,1500,2012,988,1656,1500,1500,988,988,1500,1500,1500,1500,1500,1500,1500,1372,1628,1500,1555,1500,2012,1500,1711,1612,1500,1520,1505,1500,2012,8.4
2025-05-10,16:33:31.760,-79,-69,10,0,0,0,0,15,0,0,0,984,527,193,-8,519,515,0,-1,-1,-1,0x1020480014840005,1754,1694,1571,1500,2012,2002,1763,1500,1500,2002,988,1500,1500,1500,1500,1500,1500,1500,1372,1628,1500,1555,1500,2012,1500,1820,1694,1500,1520,1505,1500,2012,8.4
2025-05-10,16:33:32.260,-70,-68,10,0,0,0,0,15,0,0,0,-403,617,192,-8,519,516,0,-1,-1,-1,0x1020480014840005,1424,1731,1571,1500,2012,1299,1808,1500,1500,1287,988,1500,1500,1500,1500,1500,1500,1500,1372,1628,1500,1555,1500,2012,1500,1861,1731,1500,1520,1505,1500,2012,8.4
2025-05-10,16:33:32.760,-70,-70,10,0,0,0,0,15,0,0,0,-145,645,193,-9,519,515,0,-1,-1,-1,0x1020480014840005,1485,1750,1571,1500,2012,1428,1822,1500,1500,1427,988,1500,1500,1500,1500,1500,1500,1500,1372,1628,1500,1555,1500,2012,1500,1871,1743,1500,1520,1505,1500,2012,8.4
2025-05-10,16:33:33.260,-85,-72,10,0,0,0,0,15,0,0,0,-166,725,193,-8,519,515,0,-1,-1,-1,0x1020480014840005,1481,1780,1571,1500,2012,1417,1862,1500,1500,1417,988,1500,1500,1500,1500,1500,1500,1500,1372,1628,1500,1555,1500,2012,1500,1903,1780,1500,1520,1505,1500,2012,8.4
2025-05-10,16:33:33.760,-78,-73,10,0,0,0,0,15,0,0,0,-75,9,193,-8,519,516,0,-1,-1,-1,0x1020480014840005,1496,1503,1571,1500,2012,1463,1504,1500,1500,1457,988,1500,1500,1500,1500,1500,1500,1500,1101,2012,1500,1555,1500,2012,1500,1507,1503,1500,1520,1505,1500,2012,8.4
2025-05-10,16:33:34.260,-79,-88,50,0,0,0,0,15,0,0,0,65,712,192,-9,519,515,0,-1,-1,-1,0x1020480014840005,1527,1756,1571,1500,2012,1532,1856,1500,1500,1532,988,1500,1500,1500,1500,1500,1500,1500,1372,1628,1500,1555,1500,2012,1500,1888,1756,1500,1520,1505,1500,2012,8.4
2025-05-10,16:33:34.760,-78,-79,10,0,0,0,0,15,0,0,0,719,4,193,-8,519,516,0,-1,-1,-1,0x1020480014800005,1703,1501,1571,1500,2012,1859,1502,1500,1500,1886,988,1500,1500,1500,1500,1500,1500,1500,999,2012,1500,1555,1500,988,1500,1504,1501,1500,1520,1505,1500,2012,8.4
2025-05-10,16:33:35.260,-78,-85,10,0,0,0,0,15,0,0,0,176,740,193,-9,519,516,0,-1,-1,-1,0x1020480014840005,1582,1781,1571,1500,2012,1588,1870,1500,1500,1645,988,1500,1500,1500,1500,1500,1500,1500,1372,1628,1500,1555,1500,2012,1500,1903,1781,1500,1520,1505,1500,2012,8.4
2025-05-10,16:33:35.760,-80,-79,10,0,0,0,0,15,0,0,0,1023,670,193,-8,519,515,0,-1,-1,-1,0x1020480014840005,1800,1739,1571,1500,2012,2011,1835,1500,1500,2011,988,1500,1500,1500,1500,1500,1500,1500,1372,1628,1500,1555,1500,2012,1500,1882,1755,1500,1520,1505,1500,2012,8.4
2025-05-10,16:33:36.260,-89,-84,10,0,0,0,0,15,0,0,0,-417,649,193,-9,519,516,0,-1,-1,-1,0x1020480014840005,1394,1752,1571,1500,2012,1292,1824,1500,1500,1234,988,1500,1500,1500,1500,1500,1500,1500,1372,1628,1500,1555,1500,2012,1500,1879,1752,1500,1520,1505,1500,2012,8.4
2025-05-10,16:33:36.760,-90,-78,10,0,0,0,0,15,0,0,0,-1,643,192,-9,519,516,0,-1,-1,-1,0x1020480010840005,1512,1742,1571,1500,2012,1500,1821,1500,1500,1500,988,1500,1500,1500,1500,1500,1500,1500,1372,1628,1500,1555,1500,2012,1500,1871,1742,1500,1520,1505,1500,2012,8.4
2025-05-10,16:33:37.260,-90,-75,10,0,0,0,0,15,0,0,0,572,524,193,-9,519,516,0,-1,-1,-1,0x1020480014840005,1649,1693,1571,1500,2012,1786,1762,1500,1500,1786,988,1500,1500,1500,1500,1500,1500,1500,1372,1628,1500,1555,1500,2012,1500,1819,1693,1500,1520,1505,1500,2012,8.4
2025-05-10,16:33:37.760,-84,-77,10,0,0,0,0,15,0,0,0,596,577,193,-9,519,515,0,-1,-1,-1,0x1020480014840005,1657,1707,1571,1500,2012,1798,1788,1500,1500,1808,988,1500,1500,1500,1500,1500,1500,1500,1372,1628,1500,1555,1500,2012,1500,1837,1707,1500,1520,1505,1500,2012,8.4
2025-05-10,16:33:38.260,-84,-70,10,0,0,0,0,15,0,0,0,786,593,193,-9,519,516,0,-1,-1,-1,0x1020480014840005,1707,1713,1571,1500,2012,1893,1796,1500,1500,1893,988,1500,1500,1500,1500,1500,1500,1500,1372,1628,1500,1555,1500,2012,1500,1849,1713,1500,1520,1505,1500,2012,8.4
2025-05-10,16:33:38.760,-84,-81,10,0,0,0,0,15,0,0,0,-64,753,193,-9,519,516,0,-1,-1,-1,0x1020480010840005,1505,1828,1571,1500,2012,1468,1876,1500,1500,1481,988,1500,1500,1500,1500,1500,1500,1500,1372,1628,1500,1555,1500,2012,1500,1925,1828,1500,1520,1505,1500,2012,8.4
2025-05-10,16:33:39.260,-78,-71,50,0,0,0,0,15,0,0,0,-495,687,193,-9,519,516,0,-1,-1,-1,0x1020480014840005,1405,1762,1571,1500,2012,1253,1843,1500,1500,1253,988,1500,1500,1500,1500,1500,1500,1500,1372,1628,1500,1555,1500,2012,1500,1888,1762,1500,1520,1505,1500,2012,8.4
2025-05-10,16:33:39.760,-77,-73,10,0,0,0,0,15,0,0,0,-394,647,193,-9,519,516,0,-1,-1,-1,0x1020480014840805,1425,1798,1571,1500,2012,1303,1823,1500,1500,1290,988,1500,1500,1500,1500,1500,1500,1500,1372,1628,1500,1555,1500,2012,1500,1924,1798,1500,1520,1505,1500,2012,8.4
2025-05-10,16:33:40.260,-68,-71,10,0,0,0,0,15,0,0,0,-271,142,193,-8,519,516,0,-1,-1,-1,0x1020480014840005,1461,1557,1571,1500,2012,1365,1571,1500,1500,1365,988,1500,1500,1500,1500,1500,1500,1500,1372,1628,1500,1555,1500,2012,1500,1612,1557,1500,1520,1505,1500,2012,8.4
2025-05-10,16:33:40.760,-67,-63,10,0,0,0,0,15,0,0,0,583,3,193,-8,519,516,0,-1,-1,-1,0x1020480014840005,1645,1501,1571,1500,2012,1791,1501,1500,1500,1785,988,1500,1500,1500,1500,1500,1500,1500,1009,2012,1500,1555,1500,2012,1500,1502,1501,1500,1520,1505,1500,2012,8.4
2025-05-10,16:33:41.260,-71,-71,10,0,0,0,0,15,0,0,0,406,562,193,-8,519,515,0,-1,-1,-1,0x1020480014840005,1593,1711,1571,1500,2012,1703,1781,1500,1500,1670,988,1500,1500,1500,1500,1500,1500,1500,1372,1628,1500,1555,1500,2012,1500,1842,1711,1500,1520,1505,1500,2012,8.4
2025-05-10,16:33:41.760,-70,-71,10,0,0,0,0,15,0,0,0,617,280,192,-8,519,516,0,-1,-1,-1,0x1020480014840005,1654,1614,1571,1500,2012,1808,1640,1500,1500,1808,988,1500,1500,1500,1500,1500,1500,1500,1372,1628,1500,1555,1500,2012,1500,1868,1614,1500,1520,1505,1500,2012,8.4
2025-05-10,16:33:42.260,-72,-64,10,0,0,0,0,15,0,0,0,-1024,64,193,-8,519,516,0,-1,-1,-1,0x1020480014840005,1158,1532,1571,1500,2012,988,1532,1500,1500,988,988,1500,1500,1500,1500,1500,1500,1500,1372,1628,1500,1555,1500,2012,1500,1549,1527,1500,1520,1505,1500,2012,8.4
2025-05-10,16:33:42.760,-52,-64,10,0,0,0,0,15,0,0,0,-1024,492,192,-8,519,516,0,-1,-1,-1,0x1020480014840005,1158,1682,1571,1500,2012,988,1746,1500,1500,988,988,1500,1500,1500,1500,1500,1500,1500,1372,1628,1500,1555,1500,2012,1500,1805,1682,1500,1520,1505,1500,2012,8.4
2025-05-10,16:33:43.260,-54,-64,10,0,0,0,0,15,0,0,0,-19,794,193,-8,519,515,0,-1,-1,-1,0x1020480010840005,1514,1827,1571,1500,2012,1491,1897,1500,1500,1503,988,1500,1500,1500,1500,1500,1500,1500,1372,1628,1500,1555,1500,2012,1500,1930,1827,1500,1520,1505,1500,2012,8.4
2025-05-10,16:33:43.760,-61,-62,10,0,0,0,0,15,0,0,0,-205,801,192,-8,519,516,0,-1,-1,-1,0x1020480014840005,1474,1834,1571,1500,2012,1398,1900,1500,1500,1398,988,1500,1500,1500,1500,1500,1500,1500,1372,1628,1500,1555,1500,2012,1500,1932,1834,1500,1520,1505,1500,2012,8.4
2025-05-10,16:33:44.260,-66,-65,10,0,0,0,0,15,0,0,0,-758,334,192,-8,519,515,0,-1,-1,-1,0x1020480014840805,1324,1627,1571,1500,2012,1121,1667,1500,1500,1121,988,1500,1500,1500,1500,1500,1500,1500,1372,1628,1500,1555,1500,2012,1500,1775,1627,1500,1520,1505,1500,2012,8.4
2025-05-10,16:33:44.760,-82,-73,10,0,0,0,0,15,0,0,0,-1022,630,193,-8,519,516,0,-1,-1,-1,0x1020480014840005,1160,1736,1571,1500,2012,989,1815,1500,1500,989,988,1500,1500,1500,1500,1500,1500,1500,1372,1628,1500,1555,1500,2012,1500,1865,1736,1500,1520,1505,1500,2012,8.4
2025-05-10,16:33:45.260,-75,-76,10,0,0,0,0,15,0,0,0,-664,806,193,-8,519,516,0,-1,-1,-1,0x1020480014840805,1358,1837,1571,1500,2012,1168,1903,1500,1500,1168,988,1500,1500,1500,1500,1500,1500,1500,1372,1628,1500,1555,1500,2012,1500,1934,1837,1500,1520,1505,1500,2012,8.4
2025-05-10,16:33:45.760,-78,-83,10,0,0,0,0,15,0,0,0,1020,271,193,-8,519,516,0,-1,-1,-1,0x1020480014840005,1798,1602,1571,1500,2012,2010,1635,1500,1500,2010,988,1500,1500,1500,1500,1500,1500,1500,1372,1628,1500,1555,1500,2012,1500,1829,1602,1500,1520,1505,1500,2012,8.4
2025-05-10,16:33:46.260,-79,-71,100,0,0,0,0,15,0,0,0,4,611,193,-8,519,515,0,-1,-1,-1,0x1020480010840005,1520,1727,1571,1500,2012,1502,1805,1500,1500,1502,988,1500,1500,1500,1500,1500,1500,1500,1372,1628,1500,1555,1500,2012,1500,1857,1727,1500,1520,1505,1500,2012,8.4
2025-05-10,16:33:46.760,-76,-69,10,0,0,0,0,15,0,0,0,-1024,477,192,-9,519,516,0,-1,-1,-1,0x1020480014840005,1158,1680,1571,1500,2012,988,1738,1500,1500,988,988,1500,1500,1500,1500,1500,1500,1500,1372,1628,1500,1555,1500,2012,1500,1806,1680,1500,1520,1505,1500,2012,8.4
2025-05-10,16:33:47.260,-77,-70,10,0,0,0,0,15,0,0,0,663,365,192,-9,519,515,0,-1,-1,-1,0x1020480014840005,1670,1626,1571,1500,2012,1831,1682,1500,1500,1831,988,1500,1500,1500,1500,1500,1500,1500,1372,1628,1500,1555,1500,2012,1500,1732,1626,1500,1520,1505,1500,2012,8.4
2025-05-10,16:33:47.760,-82,-69,10,0,0,0,0,15,0,0,0,839,288,192,-9,519,516,0,-1,-1,-1,0x1020480014800005,1741,1595,1571,1500,2012,1919,1644,1500,1500,1919,988,1500,1500,1500,1500,1500,1500,1500,1372,1628,1500,1555,1500,988,1500,1697,1595,1500,1520,1505,1500,2012,8.4
2025-05-10,16:33:48.260,-66,-69,10,0,0,0,0,15,0,0,0,956,422,193,-8,519,515,0,-1,-1,-1,0x1020480014840005,1765,1659,1571,1500,2012,1978,1711,1500,1500,1978,988,1500,1500,1500,1500,1500,1500,1500,1372,1628,1500,1555,1500,2012,1500,1770,1659,1500,1520,1505,1500,2012,8.4
2025-05-10,16:33:48.760,-67,-71,10,0,0,0,0,15,0,0,0,515,580,192,-9,519,516,0,-1,-1,-1,0x1020480014840005,1632,1713,1571,1500,2012,1757,1790,1500,1500,1757,988,1500,1500,1500,1500,1500,1500,1500,1372,1628,1500,1555,1500,2012,1500,1844,1713,1500,1520,1505,1500,2012,8.4
2025-05-10,16:33:49.260,-70,-71,10,0,0,0,0,15,0,0,0,95,890,193,-8,519,516,0,-1,-1,-1,0x1020480014842005,1545,1904,1571,1500,2012,1547,1945,1500,1500,1547,988,1500,1500,1500,1500,1500,1500,1500,1372,1628,1500,1555,1500,2012,1500,1965,1904,1500,1520,1505,1500,2012,8.4
2025-05-10,16:33:49.760,-72,-66,10,0,0,0,0,15,0,0,0,60,710,193,-8,519,516,0,-1,-1,-1,0x1020480014840005,1533,1735,1571,1500,2012,1530,1855,1500,1500,1530,988,1500,1500,1500,1500,1500,1500,1500,1372,1628,1500,1555,1500,2012,1500,1898,1735,1500,1520,1505,1500,2012,8.4
2025-05-10,16:33:50.260,-77,-68,10,0,0,0,0,15,0,0,0,34,8,193,-9,519,516,0,-1,-1,-1,0x1020480010840005,1520,1503,1571,1500,2012,1517,1504,1500,1500,1517,988,1500,1500,1500,1500,1500,1500,1500,1224,2012,1500,1555,1500,2012,1500,1506,1503,1500,1520,1505,1500,2012,8.4
2025-05-10,16:33:50.760,-64,-68,10,0,0,0,0,15,0,0,0,13,0,193,-8,519,515,0,-1,-1,-1,0x1020480010840005,1515,1500,1571,1500,2012,1506,1500,1500,1500,1506,988,1500,1500,1500,1500,1500,1500,1500,1270,1781,1500,1555,1500,2012,1500,1874,1500,1500,1520,1505,1500,2012,8.4
2025-05-10,16:33:51.260,-73,-80,10,0,0,0,0,15,0,0,0,795,441,193,-8,519,516,0,-1,-1,-1,0x1020480014840005,1707,1662,1571,1500,2012,1897,1720,1500,1500,1897,988,1500,1500,1500,1500,1500,1500,1500,1372,1628,1500,1555,1500,2012,1500,1780,1662,1500,1520,1505,1500,2012,8.4
2025-05-10,16:33:51.760,-73,-72,10,0,0,0,0,15,0,0,0,799,567,192,-8,519,516,0,-1,-1,-1,0x1020480014840005,1719,1708,1571,1500,2012,1899,1783,1500,1500,1899,988,1500,1500,1500,1500,1500,1500,1500,1372,1628,1500,1555,1500,2012,1500,1838,1708,1500,1520,1505,1500,2012,8.4
2025-05-10,16:33:52.260,-74,-73,10,0,0,0,0,15,0,0,0,561,774,192,-8,519,516,0,-1,-1,-1,0x1020480014840005,1639,1812,1571,1500,2012,1780,1887,1500,1500,1780,988,1500,1500,1500,1500,1500,1500,1500,1372,1628,1500,1555,1500,2012,1500,1922,1812,1500,1520,1505,1500,2012,8.4
2025-05-10,16:33:52.760,-72,-71,10,0,0,0,0,15,0,0,0,27,111,193,-8,519,516,0,-1,-1,-1,0x1020480010840005,1521,1544,1571,1500,2012,1513,1555,1500,1500,1513,988,1500,1500,1500,1500,1500,1500,1500,1372,1628,1500,1555,1500,2012,1500,1700,1544,1500,1520,1505,1500,2012,8.4
2025-05-10,16:33:53.260,-74,-67,10,0,0,0,0,15,0,0,0,10,700,193,-8,519,516,0,-1,-1,-1,0x1020480010840005,1514,1764,1571,1500,2012,1505,1850,1500,1500,1505,988,1500,1500,1500,1500,1500,1500,1500,1372,1628,1500,1555,1500,2012,1500,1894,1764,1500,1520,1505,1500,2012,8.4
2025-05-10,16:33:53.760,-81,-52,10,0,0,0,0,15,0,0,0,-511,-379,193,-8,519,516,0,-1,-1,-1,0x10204800168C0005,1446,1360,1571,1499,2012,1245,1311,1358,1500,1245,988,1500,1500,1500,1500,1500,1500,1358,988,2012,1500,1555,1500,988,1500,1381,1500,1500,1520,1505,1500,2012,8.4
2025-05-10,16:33:54.260,-67,-63,10,0,0,0,0,15,0,0,0,-1024,163,193,-8,519,516,0,-1,-1,-1,0x1020480014800805,1158,1554,1571,1500,2012,988,1581,1500,1500,988,988,1500,1500,1500,1500,1500,1500,1500,988,1628,1500,1555,1500,988,1500,1619,1554,1500,1520,1505,1500,2012,8.4
2025-05-10,16:33:54.760,-58,-66,10,0,0,0,0,15,0,0,0,-174,560,192,-9,519,516,0,-1,-1,-1,0x1020480014840005,1446,1706,1571,1500,2012,1413,1780,1500,1500,1413,988,1500,1500,1500,1500,1500,1500,1500,1372,1628,1500,1555,1500,2012,1500,1835,1706,1500,1520,1505,1500,2012,8.4
2025-05-10,16:33:55.260,-64,-65,10,0,0,0,0,15,0,0,0,-460,747,193,-9,519,515,0,-1,-1,-1,0x1020480014840005,1407,1791,1571,1500,2012,1270,1873,1500,1500,1270,988,1500,1500,1500,1500,1500,1500,1500,1372,1628,1500,1555,1500,2012,1500,1912,1791,1500,1520,1505,1500,2012,8.4
2025-05-10,16:33:55.760,-64,-67,10,0,0,0,0,15,0,0,0,13,722,192,-8,519,516,0,-1,-1,-1,0x1020480010840005,1515,1779,1571,1500,2012,1506,1861,1500,1500,1506,988,1500,1500,1500,1500,1500,1500,1500,1372,1628,1500,1555,1500,2012,1500,1902,1779,1500,1520,1505,1500,2012,8.4
2025-05-10,16:33:56.260,-62,-67,10,0,0,0,0,15,0,0,0,637,931,192,-8,519,516,0,-1,-1,-1,0x1020480014842005,1663,1937,1571,1500,2012,1818,1965,1500,1500,1818,988,1500,1500,1500,1500,1500,1500,1500,1372,1628,1500,1555,1500,2012,1500,1979,1937,1500,1520,1505,1500,2012,8.4
2025-05-10,16:33:56.760,-62,-67,10,0,0,0,0,15,0,0,0,703,812,193,-8,519,516,0,-1,-1,-1,0x1020480014840005,1682,1842,1571,1500,2012,1851,1906,1500,1500,1851,988,1500,1500,1500,1500,1500,1500,1500,1372,1628,1500,1555,1500,2012,1500,1936,1842,1500,1520,1505,1500,2012,8.4
2025-05-10,16:33:57.260,-64,-67,10,0,0,0,0,15,0,0,0,468,223,193,-8,519,516,0,-1,-1,-1,0x1020480014840005,1624,1577,1571,1500,2012,1734,1611,1500,1500,1734,988,1500,1500,1500,1500,1500,1500,1500,1372,1628,1500,1555,1500,2012,1500,1658,1577,1500,1520,1505,1500,2012,8.4
2025-05-10,16:33:57.760,-66,-66,10,0,0,0,0,15,0,0,0,1,21,193,-9,519,516,0,-1,-1,-1,0x1020480010840005,1512,1509,1571,1500,2012,1500,1510,1500,1500,1500,988,1500,1500,1500,1500,1500,1500,1500,1014,2012,1500,1555,1500,2012,1500,1527,1509,1500,1520,1505,1500,2012,8.4
2025-05-10,16:33:58.260,-74,-72,10,0,0,0,0,15,0,0,0,-178,529,192,-8,519,516,0,-1,-1,-1,0x1020480014840005,1479,1688,1571,1500,2012,1411,1764,1500,1500,1411,988,1500,1500,1500,1500,1500,1500,1500,1372,1628,1500,1555,1500,2012,1500,1821,1688,1500,1520,1505,1500,2012,8.4
2025-05-10,16:33:58.760,-74,-65,10,0,0,0,0,15,0,0,0,-37,7,192,-8,519,516,0,-1,-1,-1,0x1020480010840005,1505,1503,1571,1500,2012,1482,1503,1500,1500,1482,988,1500,1500,1500,1500,1500,1500,1500,1141,2012,1500,1555,1500,2012,1500,1505,1503,1500,1520,1505,1500,2012,8.4
2025-05-10,16:33:59.260,-87,-69,10,0,0,0,0,15,0,0,0,-13,1024,192,-9,519,515,0,-1,-1,-1,0x1020480010842005,1515,2012,1571,1500,2012,1494,2012,1500,1500,1494,988,1500,1500,1500,1500,1500,1500,1500,1372,1628,1500,1555,1500,2012,1500,2012,2012,1500,1520,1505,1500,2012,8.4
2025-05-10,16:33:59.760,-77,-76,10,0,0,0,0,15,0,0,0,-947,6,193,-8,519,516,0,-1,-1,-1,0x1020480014800005,1201,1502,1571,1500,2012,1027,1503,1500,1500,1027,988,1500,1500,1500,1500,1500,1500,1500,1275,2012,1500,1555,1500,988,1500,1505,1502,1500,1520,1505,1500,2012,8.4
2025-05-10,16:34:00.260,-77,-76,10,0,0,0,0,15,0,0,0,1024,847,192,-8,519,516,0,-1,-1,-1,0x1020480014840005,1801,1839,1571,1500,2012,2012,1923,1500,1500,2012,988,1500,1500,1500,1500,1500,1500,1500,1372,1628,1500,1555,1500,2012,1500,1949,1839,1500,1520,1505,1500,2012,8.4
2025-05-10,16:34:00.760,-77,-73,10,0,0,0,0,15,0,0,0,917,6,193,-8,519,516,0,-1,-1,-1,0x1020480014840005,1730,1502,1571,1500,2012,1958,1503,1500,1500,1958,988,1500,1500,1500,1500,1500,1500,1500,1213,2012,1500,1555,1500,2012,1500,1505,1502,1500,1520,1505,1500,2012,8.4
2025-05-10,16:34:01.260,-77,-71,10,0,0,0,0,15,0,0,0,-2,7,193,-9,519,516,0,-1,-1,-1,0x1020480010840005,1512,1503,1571,1500,2012,1499,1503,1500,1500,1499,988,1500,1500,1500,1500,1500,1500,1500,1372,2012,1500,1555,1500,2012,1500,1505,1503,1500,1520,1505,1500,2012,8.4
2025-05-10,16:34:01.760,-86,-69,10,0,0,0,0,15,0,0,0,-2,7,192,-8,519,516,0,-1,-1,-1,0x1020480010840005,1512,1503,1571,1500,2012,1499,1503,1500,1500,1499,988,1500,1500,1500,1500,1500,1500,1500,1372,2012,1500,1555,1500,2012,1500,1505,1503,1500,1520,1505,1500,2012,8.4
2025-05-10,16:34:02.260,-79,-70,10,0,0,0,0,15,0,0,0,-1,8,193,-9,519,516,0,-1,-1,-1,0x1020480010840005,1512,1503,1571,1500,2012,1500,1504,1500,1500,1500,988,1500,1500,1500,1500,1500,1500,1500,1500,2012,1500,1555,1500,2012,1500,1506,1503,1500,1520,1505,1500,2012,8.4
2025-05-10,16:34:02.760,-82,-72,10,0,0,0,0,15,0,0,0,-2,8,193,-8,519,516,0,-1,-1,-1,0x1020480010840005,1512,1503,1571,1500,2012,1499,1504,1500,1500,1499,988,1500,1500,1500,1500,1500,1500,1500,1500,2012,1500,1555,1500,2012,1500,1506,1503,1500,1520,1505,1500,2012,8.4
2025-05-10,16:34:03.260,-83,-78,10,0,0,0,0,15,0,0,0,-2,9,193,-8,519,516,0,-1,-1,-1,0x1020480010840005,1512,1503,1571,1500,2012,1499,1504,1500,1500,1499,988,1500,1500,1500,1500,1500,1500,1500,1500,2012,1500,1555,1500,2012,1500,1507,1503,1500,1520,1505,1500,2012,8.4
2025-05-10,16:34:03.760,-80,-74,10,0,0,0,0,15,0,0,0,-2,20,193,-9,519,516,0,-1,-1,-1,0x1020480010840004,1512,1508,1518,1500,2012,1499,1510,1500,1500,1499,988,1500,1500,1500,1500,1500,1500,1500,1500,2012,1500,1555,1500,2012,1500,1516,1508,1500,1520,1505,1500,2012,8.4
2025-05-10,16:34:04.260,-86,-80,10,0,0,0,0,15,0,0,0,-2,9,193,-8,519,516,0,-1,-1,-1,0x1020480010840004,1512,1503,1500,1500,2012,1499,1504,1500,1500,1499,988,1500,1500,1500,1500,1500,1500,1500,1500,2012,1500,1555,1500,2012,1500,1507,1503,1500,1520,1505,1500,2012,8.4
2025-05-10,16:34:04.760,-88,-79,10,0,0,0,0,15,0,0,0,-2,10,193,-8,519,515,0,-1,-1,-1,0x1020480010840004,1512,1504,1500,1500,2012,1499,1505,1500,1500,1499,988,1500,1500,1500,1500,1500,1500,1500,1500,2012,1500,1555,1500,2012,1500,1508,1504,1500,1520,1505,1500,2012,8.4
2025-05-10,16:34:05.260,-88,-73,10,0,0,0,0,15,0,0,0,-2,11,193,-9,519,516,0,-1,-1,-1,0x1020480010840004,1512,1504,1500,1500,2012,1499,1505,1500,1500,1499,988,1500,1500,1500,1500,1500,1500,1500,1500,2012,1500,1555,1500,2012,1500,1509,1504,1500,1520,1505,1500,2012,8.4
2025-05-10,16:34:05.760,-89,-73,10,0,0,0,0,15,0,0,0,-2,11,193,-8,519,516,0,-1,-1,-1,0x1020480010840004,1512,1504,1500,1500,2012,1499,1505,1500,1500,1499,988,1500,1500,1500,1500,1500,1500,1500,1500,2012,1500,1555,1500,2012,1500,1509,1504,1500,1520,1505,1500,2012,8.4
2025-05-10,16:34:06.260,-91,-62,25,0,0,0,0,15,0,0,0,-2,13,193,-8,519,515,0,-1,-1,-1,0x1020480010840004,1512,1505,1500,1500,2012,1499,1506,1500,1500,1499,988,1500,1500,1500,1500,1500,1500,1500,1500,2012,1500,1555,1500,2012,1500,1510,1505,1500,1520,1505,1500,2012,8.4
2025-05-10,16:34:06.760,-85,-71,10,0,0,0,0,15,0,0,0,-2,12,193,-8,519,515,0,-1,-1,-1,0x1020480010840004,1512,1505,1500,1500,2012,1499,1506,1500,1500,1499,988,1500,1500,1500,1500,1500,1500,1500,1500,2012,1500,1555,1500,2012,1500,1509,1505,1500,1520,1505,1500,2012,8.4
2025-05-10,16:34:07.260,-80,-82,10,0,0,0,0,15,0,0,0,-2,11,192,-9,519,516,0,-1,-1,-1,0x1020480010840004,1512,1504,1500,1500,2012,1499,1505,1500,1500,1499,988,1500,1500,1500,1500,1500,1500,1500,1500,2012,1500,1555,1500,2012,1500,1509,1504,1500,1520,1505,1500,2012,8.4
2025-05-10,16:34:07.760,-89,-74,10,0,0,0,0,15,0,0,0,-2,12,192,-8,519,516,0,-1,-1,-1,0x1020480010840004,1512,1505,1500,1500,2012,1499,1506,1500,1500,1499,988,1500,1500,1500,1500,1500,1500,1500,1500,2012,1500,1555,1500,2012,1500,1509,1505,1500,1520,1505,1500,2012,8.4
2025-05-10,16:34:08.260,-80,-77,50,0,0,0,0,15,0,0,0,-2,11,193,-8,519,516,0,-1,-1,-1,0x1020480010840004,1512,1504,1500,1500,2012,1499,1505,1500,1500,1499,988,1500,1500,1500,1500,1500,1500,1500,1500,2012,1500,1555,1500,2012,1500,1509,1504,1500,1520,1505,1500,2012,8.4
2025-05-10,16:34:08.760,-83,-77,50,0,0,0,0,15,0,0,0,-2,9,193,-9,519,516,0,-1,-1,-1,0x1020480010840004,1512,1503,1500,1500,2012,1499,1504,1500,1500,1499,988,1500,1500,1500,1500,1500,1500,1500,1500,2012,1500,1555,1500,2012,1500,1507,1503,1500,1520,1505,1500,2012,8.4
2025-05-10,16:34:09.260,-85,-81,10,0,0,0,0,15,0,0,0,-2,9,193,-8,519,516,0,-1,-1,-1,0x1020480010840004,1512,1503,1500,1500,2012,1499,1504,1500,1500,1499,988,1500,1500,1500,1500,1500,1500,1500,1500,2012,1500,1555,1500,2012,1500,1507,1503,1500,1520,1505,1500,2012,8.4
2025-05-10,16:34:09.760,-80,-78,10,0,0,0,0,15,0,0,0,-2,9,193,-8,519,516,0,-1,-1,-1,0x1020480010840004,1512,1503,1500,1500,2012,1499,1504,1500,1500,1499,988,1500,1500,1500,1500,1500,1500,1500,1500,2012,1500,1555,1500,2012,1500,1507,1503,1500,1520,1505,1500,2012,8.4
2025-05-10,16:34:10.260,-87,-75,10,0,0,0,0,15,0,0,0,-2,9,193,-8,519,516,0,-1,-1,-1,0x1020480010840004,1512,1503,1500,1500,2012,1499,1504,1500,1500,1499,988,1500,1500,1500,1500,1500,1500,1500,1500,2012,1500,1555,1500,2012,1500,1507,1503,1500,1520,1505,1500,2012,8.4
2025-05-10,16:34:10.760,-87,-72,10,0,0,0,0,15,0,0,0,-2,11,193,-8,519,516,0,-1,-1,-1,0x1020480010840004,1512,1504,1500,1500,2012,1499,1505,1500,1500,1499,988,1500,1500,1500,1500,1500,1500,1500,1500,2012,1500,1555,1500,2012,1500,1509,1504,1500,1520,1505,1500,2012,8.4
2025-05-10,16:34:11.260,-77,-73,10,0,0,0,0,15,0,0,0,-2,11,193,-8,519,516,0,-1,-1,-1,0x1020480010840004,1512,1504,1500,1500,2012,1499,1505,1500,1500,1499,988,1500,1500,1500,1500,1500,1500,1500,1500,2012,1500,1555,1500,2012,1500,1509,1504,1500,1520,1505,1500,2012,8.4
2025-05-10,16:34:11.760,-81,-74,10,0,0,0,0,15,0,0,0,-2,10,193,-8,519,516,0,-1,-1,-1,0x1020480010840004,1512,1504,1500,1500,2012,1499,1505,1500,1500,1499,988,1500,1500,1500,1500,1500,1500,1500,1500,2012,1500,1555,1500,2012,1500,1508,1504,1500,1520,1505,1500,2012,8.4
2025-05-10,16:34:12.260,-81,-73,10,0,0,0,0,15,0,0,0,-3,9,193,-8,519,516,0,-1,-1,-1,0x1020480010840004,1512,1503,1500,1500,2012,1499,1504,1500,1500,1499,988,1500,1500,1500,1500,1500,1500,1500,1500,2012,1500,1555,1500,2012,1500,1507,1503,1500,1520,1505,1500,2012,8.4
2025-05-10,16:34:12.760,-76,-72,10,0,0,0,0,15,0,0,0,-2,10,193,-9,519,516,0,-1,-1,-1,0x1020480010840004,1512,1504,1500,1500,2012,1499,1505,1500,1500,1499,988,1500,1500,1500,1500,1500,1500,1500,1500,2012,1500,1555,1500,2012,1500,1508,1504,1500,1520,1505,1500,2012,8.4
2025-05-10,16:34:13.250,-88,-72,10,0,0,0,0,15,0,0,0,-2,10,193,-8,519,516,0,-1,-1,-1,0x1020480010840004,1512,1504,1500,1500,2012,1499,1505,1500,1500,1499,988,1500,1500,1500,1500,1500,1500,1500,1500,2012,1500,1555,1500,2012,1500,1508,1504,1500,1520,1505,1500,2012,8.4
2025-05-10,16:34:13.740,-78,-71,10,0,0,0,0,15,0,0,0,-3,10,193,-8,518,515,0,-1,-1,-1,0x1020480010840004,1512,1504,1500,1500,2012,1499,1505,1500,1500,1499,988,1500,1500,1500,1500,1500,1500,1500,1500,2012,1500,1555,1500,2012,1500,1508,1504,1500,1520,1505,1500,2012,8.4
2025-05-10,16:34:14.240,-78,-70,10,0,0,0,0,15,0,0,0,-2,11,193,-8,519,515,0,-1,-1,-1,0x1020480010840004,1512,1504,1500,1500,2012,1499,1505,1500,1500,1499,988,1500,1500,1500,1500,1500,1500,1500,1500,2012,1500,1555,1500,2012,1500,1509,1504,1500,1520,1505,1500,2012,8.4
2025-05-10,16:34:14.740,-78,-71,10,0,0,0,0,15,0,0,0,-2,10,193,-9,519,516,0,-1,-1,-1,0x1020480010840004,1512,1504,1500,1500,2012,1499,1505,1500,1500,1499,988,1500,1500,1500,1500,1500,1500,1500,1500,2012,1500,1555,1500,2012,1500,1508,1504,1500,1520,1505,1500,2012,8.4
2025-05-10,16:34:15.240,-78,-70,10,0,0,0,0,15,0,0,0,-2,7,193,-8,519,516,0,-1,-1,-1,0x1020480010840004,1512,1503,1500,1500,2012,1499,1503,1500,1500,1499,988,1500,1500,1500,1500,1500,1500,1500,1500,2012,1500,1555,1500,2012,1500,1505,1503,1500,1520,1505,1500,2012,8.4
2025-05-10,16:34:15.740,-75,-71,10,0,0,0,0,15,0,0,0,-1,6,193,-8,519,515,0,-1,-1,-1,0x1020480010840004,1512,1502,1500,1500,2012,1500,1503,1500,1500,1500,988,1500,1500,1500,1500,1500,1500,1500,1500,2012,1500,1555,1500,2012,1500,1505,1502,1500,1520,1505,1500,2012,8.4
2025-05-10,16:34:16.240,-75,-74,10,0,0,0,0,15,0,0,0,-2,6,193,-8,519,516,0,-1,-1,-1,0x1020480010840004,1512,1502,1500,1500,2012,1499,1503,1500,1500,1499,988,1500,1500,1500,1500,1500,1500,1500,1500,2012,1500,1555,1500,2012,1500,1505,1502,1500,1520,1505,1500,2012,8.4
2025-05-10,16:34:16.740,-91,-77,10,0,0,0,0,15,0,0,0,-2,7,193,-8,519,516,0,-1,-1,-1,0x1020480010840004,1512,1503,1500,1500,2012,1499,1503,1500,1500,1499,988,1500,1500,1500,1500,1500,1500,1500,1500,2012,1500,1555,1500,2012,1500,1505,1503,1500,1520,1505,1500,2012,8.4
2025-05-10,16:34:17.240,-96,-83,10,0,0,0,0,15,0,0,0,-2,9,193,-8,519,516,0,-1,-1,-1,0x1020480010840004,1512,1503,1500,1500,2012,1499,1504,1500,1500,1499,988,1500,1500,1500,1500,1500,1500,1500,1500,2012,1500,1555,1500,2012,1500,1507,1503,1500,1520,1505,1500,2012,8.4
2025-05-10,16:34:17.740,-88,-78,10,0,0,0,0,15,0,0,0,-2,9,193,-8,519,516,0,-1,-1,-1,0x1020480010840004,1512,1503,1500,1500,2012,1499,1504,1500,1500,1499,988,1500,1500,1500,1500,1500,1500,1500,1500,2012,1500,1555,1500,2012,1500,1507,1503,1500,1520,1505,1500,2012,8.4
2025-05-10,16:34:18.240,-83,-77,10,0,0,0,0,15,0,0,0,-3,9,193,-8,519,516,0,-1,-1,-1,0x1020480010840004,1512,1503,1500,1500,2012,1499,1504,1500,1500,1499,988,1500,1500,1500,1500,1500,1500,1500,1500,2012,1500,1555,1500,2012,1500,1507,1503,1500,1520,1505,1500,2012,8.4
2025-05-10,16:34:18.740,-83,-76,10,0,0,0,0,15,0,0,0,-2,9,193,-8,519,516,0,-1,-1,-1,0x1020480010840004,1512,1503,1500,1500,2012,1499,1504,1500,1500,1499,988,1500,1500,1500,1500,1500,1500,1500,1500,2012,1500,1555,1500,2012,1500,1507,1503,1500,1520,1505,1500,2012,8.4
2025-05-10,16:34:19.240,-82,-72,10,0,0,0,0,15,0,0,0,-2,9,193,-8,519,516,0,-1,-1,-1,0x1020480010840004,1512,1503,1500,1500,2012,1499,1504,1500,1500,1499,988,1500,1500,1500,1500,1500,1500,1500,1500,2012,1500,1555,1500,2012,1500,1507,1503,1500,1520,1505,1500,2012,8.4
2025-05-10,16:34:19.740,-77,-76,10,0,0,0,0,15,0,0,0,-2,9,193,-8,519,516,0,-1,-1,-1,0x1020480010840004,1512,1503,1500,1500,2012,1499,1504,1500,1500,1499,988,1500,1500,1500,1500,1500,1500,1500,1500,2012,1500,1555,1500,2012,1500,1507,1503,1500,1520,1505,1500,2012,8.4
2025-05-10,16:34:20.240,-86,-75,10,0,0,0,0,15,0,0,0,-2,11,193,-9,519,516,0,-1,-1,-1,0x1020480010840004,1512,1504,1500,1500,2012,1499,1505,1500,1500,1499,988,1500,1500,1500,1500,1500,1500,1500,1500,2012,1500,1555,1500,2012,1500,1509,1504,1500,1520,1505,1500,2012,8.4
2025-05-10,16:34:20.740,-88,-78,10,0,0,0,0,15,0,0,0,-2,11,193,-8,519,516,0,-1,-1,-1,0x1020480010840004,1512,1504,1500,1500,2012,1499,1505,1500,1500,1499,988,1500,1500,1500,1500,1500,1500,1500,1500,2012,1500,1555,1500,2012,1500,1509,1504,1500,1520,1505,1500,2012,8.4
2025-05-10,16:34:21.240,-80,-74,10,0,0,0,0,15,0,0,0,-2,11,193,-8,519,515,0,-1,-1,-1,0x1020480010840004,1512,1504,1500,1500,2012,1499,1505,1500,1500,1499,988,1500,1500,1500,1500,1500,1500,1500,1500,2012,1500,1555,1500,2012,1500,1509,1504,1500,1520,1505,1500,2012,8.4
2025-05-10,16:34:21.740,-80,-74,10,0,0,0,0,15,0,0,0,-2,9,193,-8,519,515,0,-1,-1,-1,0x1020480010840004,1512,1503,1500,1500,2012,1499,1504,1500,1500,1499,988,1500,1500,1500,1500,1500,1500,1500,1500,2012,1500,1555,1500,2012,1500,1507,1503,1500,1520,1505,1500,2012,8.4
2025-05-10,16:34:22.240,-82,-77,10,0,0,0,0,15,0,0,0,-3,8,193,-8,518,515,0,-1,-1,1,0x1020480010840004,1512,1503,1500,1500,2012,1499,1504,1500,1500,1499,988,1500,1500,1500,1500,1500,1500,1500,1500,2012,1500,1555,1500,2012,1500,1506,1503,1500,1520,1505,1500,2012,8.4
2025-05-10,16:34:22.740,-87,-74,10,0,0,0,0,15,0,0,0,-2,10,192,-8,519,515,0,-1,-1,-1,0x1020480010840004,1512,1504,1500,1500,2012,1499,1505,1500,1500,1499,988,1500,1500,1500,1500,1500,1500,1500,1500,2012,1500,1555,1500,2012,1500,1508,1504,1500,1520,1505,1500,2012,8.4
2025-05-10,16:34:23.240,-78,-73,10,0,0,0,0,15,0,0,0,-2,11,193,-9,519,516,0,-1,-1,-1,0x1020480010840004,1512,1504,1500,1500,2012,1499,1505,1500,1500,1499,988,1500,1500,1500,1500,1500,1500,1500,1500,2012,1500,1555,1500,2012,1500,1509,1504,1500,1520,1505,1500,2012,8.4
2025-05-10,16:34:23.740,-78,-72,10,0,0,0,0,15,0,0,0,-1,12,192,-9,519,516,0,-1,-1,-1,0x1020480010840004,1512,1505,1500,1500,2012,1500,1506,1500,1500,1500,988,1500,1500,1500,1500,1500,1500,1500,1500,2012,1500,1555,1500,2012,1500,1509,1505,1500,1520,1505,1500,2012,8.4
2025-05-10,16:34:24.240,-81,-74,10,0,0,0,0,15,0,0,0,-2,9,193,-8,519,516,0,-1,-1,-1,0x1020480010840004,1512,1503,1500,1500,2012,1499,1504,1500,1500,1499,988,1500,1500,1500,1500,1500,1500,1500,1500,2012,1500,1555,1500,2012,1500,1507,1503,1500,1520,1505,1500,2012,8.4
2025-05-10,16:34:24.730,-78,-73,10,0,0,0,0,15,0,0,0,-2,10,193,-8,519,515,0,-1,-1,-1,0x1020480010840004,1512,1504,1500,1500,2012,1499,1505,1500,1500,1499,988,1500,1500,1500,1500,1500,1500,1500,1500,2012,1500,1555,1500,2012,1500,1508,1504,1500,1520,1505,1500,2012,8.4
2025-05-10,16:34:25.210,-80,-71,10,0,0,0,0,15,0,0,0,-2,10,193,-9,519,516,0,-1,-1,-1,0x1020480010840004,1512,1504,1500,1500,2012,1499,1505,1500,1500,1499,988,1500,1500,1500,1500,1500,1500,1500,1500,2012,1500,1555,1500,2012,1500,1508,1504,1500,1520,1505,1500,2012,8.4
2025-05-10,16:34:25.700,-80,-72,10,0,0,0,0,15,0,0,0,-3,10,193,-8,518,515,0,-1,-1,-1,0x1020480010840004,1512,1504,1500,1500,2012,1499,1505,1500,1500,1499,988,1500,1500,1500,1500,1500,1500,1500,1500,2012,1500,1555,1500,2012,1500,1508,1504,1500,1520,1505,1500,2012,8.4
2025-05-10,16:34:26.200,-80,-73,10,0,0,0,0,15,0,0,0,-2,10,193,-8,519,515,0,-1,-1,-1,0x1020480010840004,1512,1504,1500,1500,2012,1499,1505,1500,1500,1499,988,1500,1500,1500,1500,1500,1500,1500,1500,2012,1500,1555,1500,2012,1500,1508,1504,1500,1520,1505,1500,2012,8.4
2025-05-10,16:34:26.690,-77,-74,10,0,0,0,0,15,0,0,0,-2,10,193,-8,518,515,0,-1,-1,-1,0x1020480010840004,1512,1504,1500,1500,2012,1499,1505,1500,1500,1499,988,1500,1500,1500,1500,1500,1500,1500,1500,2012,1500,1555,1500,2012,1500,1508,1504,1500,1520,1505,1500,2012,8.4
2025-05-10,16:34:27.190,-77,-73,10,0,0,0,0,15,0,0,0,-3,10,193,-8,519,516,0,-1,-1,-1,0x1020480010840004,1512,1504,1500,1500,2012,1499,1505,1500,1500,1499,988,1500,1500,1500,1500,1500,1500,1500,1500,2012,1500,1555,1500,2012,1500,1508,1504,1500,1520,1505,1500,2012,8.4
2025-05-10,16:34:27.690,-77,-73,10,0,0,0,0,15,0,0,0,-2,10,193,-8,519,515,0,-1,-1,-1,0x1020480010840004,1512,1504,1500,1500,2012,1499,1505,1500,1500,1499,988,1500,1500,1500,1500,1500,1500,1500,1500,2012,1500,1555,1500,2012,1500,1508,1504,1500,1520,1505,1500,2012,8.4
2025-05-10,16:34:28.190,-78,-75,10,0,0,0,0,15,0,0,0,-2,10,193,-9,519,516,0,-1,-1,-1,0x1020480010840004,1512,1504,1500,1500,2012,1499,1505,1500,1500,1499,988,1500,1500,1500,1500,1500,1500,1500,1500,2012,1500,1555,1500,2012,1500,1508,1504,1500,1520,1505,1500,2012,8.4
2025-05-10,16:34:28.690,-78,-74,10,0,0,0,0,15,0,0,0,-2,10,193,-8,519,516,0,-1,-1,-1,0x1020480010840004,1512,1504,1500,1500,2012,1499,1505,1500,1500,1499,988,1500,1500,1500,1500,1500,1500,1500,1500,2012,1500,1555,1500,2012,1500,1508,1504,1500,1520,1505,1500,2012,8.4
2025-05-10,16:34:29.190,-80,-78,10,0,0,0,0,15,0,0,0,-2,10,193,-8,519,516,0,-1,-1,-1,0x1020480010840004,1512,1504,1500,1500,2012,1499,1505,1500,1500,1499,988,1500,1500,1500,1500,1500,1500,1500,1500,2012,1500,1555,1500,2012,1500,1508,1504,1500,1520,1505,1500,2012,8.4
2025-05-10,16:34:29.690,-83,-74,10,0,0,0,0,15,0,0,0,-2,10,193,-9,519,516,0,-1,-1,-1,0x1020480010840004,1512,1504,1500,1500,2012,1499,1505,1500,1500,1499,988,1500,1500,1500,1500,1500,1500,1500,1500,2012,1500,1555,1500,2012,1500,1508,1504,1500,1520,1505,1500,2012,8.4
2025-05-10,16:34:30.190,-83,-74,10,0,0,0,0,15,0,0,0,-2,10,193,-8,519,515,0,-1,-1,-1,0x1020480010840004,1512,1504,1500,1500,2012,1499,1505,1500,1500,1499,988,1500,1500,1500,1500,1500,1500,1500,1500,2012,1500,1555,1500,2012,1500,1508,1504,1500,1520,1505,1500,2012,8.4
2025-05-10,16:34:30.690,-78,-72,10,0,0,0,0,15,0,0,0,-2,10,193,-9,519,515,0,-1,-1,-1,0x1020480010840004,1512,1504,1500,1500,2012,1499,1505,1500,1500,1499,988,1500,1500,1500,1500,1500,1500,1500,1500,2012,1500,1555,1500,2012,1500,1508,1504,1500,1520,1505,1500,2012,8.4
2025-05-10,16:34:31.190,-78,-73,10,0,0,0,0,15,0,0,0,-2,10,193,-8,519,515,0,-1,-1,-1,0x1020480010840004,1512,1504,1500,1500,2012,1499,1505,1500,1500,1499,988,1500,1500,1500,1500,1500,1500,1500,1500,2012,1500,1555,1500,2012,1500,1508,1504,1500,1520,1505,1500,2012,8.4
2025-05-10,16:34:31.690,-78,-77,10,0,0,0,0,15,0,0,0,-2,10,192,-9,519,516,0,-1,-1,-1,0x1020480010840004,1512,1504,1500,1500,2012,1499,1505,1500,1500,1499,988,1500,1500,1500,1500,1500,1500,1500,1500,2012,1500,1555,1500,2012,1500,1508,1504,1500,1520,1505,1500,2012,8.4
2025-05-10,16:34:32.190,-83,-73,10,0,0,0,0,15,0,0,0,-2,11,193,-9,519,516,0,-1,-1,-1,0x1020480010840004,1512,1504,1500,1500,2012,1499,1505,1500,1500,1499,988,1500,1500,1500,1500,1500,1500,1500,1500,2012,1500,1555,1500,2012,1500,1509,1504,1500,1520,1505,1500,2012,8.4
2025-05-10,16:34:32.690,-88,-71,10,0,0,0,0,15,0,0,0,-2,10,193,-9,519,516,0,-1,-1,-1,0x1020480010840004,1512,1504,1500,1500,2012,1499,1505,1500,1500,1499,988,1500,1500,1500,1500,1500,1500,1500,1500,2012,1500,1555,1500,2012,1500,1508,1504,1500,1520,1505,1500,2012,8.4
2025-05-10,16:34:33.190,-79,-73,10,0,0,0,0,15,0,0,0,-2,10,193,-8,519,515,0,-1,-1,-1,0x1020480010840004,1512,1504,1500,1500,2012,1499,1505,1500,1500,1499,988,1500,1500,1500,1500,1500,1500,1500,1500,2012,1500,1555,1500,2012,1500,1508,1504,1500,1520,1505,1500,2012,8.4
2025-05-10,16:34:33.690,-76,-74,10,0,0,0,0,15,0,0,0,-2,9,192,-8,519,516,0,-1,-1,-1,0x1020480010840004,1512,1503,1500,1500,2012,1499,1504,1500,1500,1499,988,1500,1500,1500,1500,1500,1500,1500,1500,2012,1500,1555,1500,2012,1500,1507,1503,1500,1520,1505,1500,2012,8.4
2025-05-10,16:34:34.190,-79,-78,10,0,0,0,0,15,0,0,0,-2,8,193,-8,519,515,0,-1,-1,-1,0x1020480010840004,1512,1503,1500,1500,2012,1499,1504,1500,1500,1499,988,1500,1500,1500,1500,1500,1500,1500,1500,2012,1500,1555,1500,2012,1500,1506,1503,1500,1520,1505,1500,2012,8.4
2025-05-10,16:34:34.690,-81,-71,10,0,0,0,0,15,0,0,0,-2,8,193,-9,519,516,0,-1,-1,-1,0x1020480010840004,1512,1503,1500,1500,2012,1499,1504,1500,1500,1499,988,1500,1500,1500,1500,1500,1500,1500,1500,2012,1500,1555,1500,2012,1500,1506,1503,1500,1520,1505,1500,2012,8.4
2025-05-10,16:34:35.190,-76,-74,10,0,0,0,0,15,0,0,0,-2,9,193,-8,519,516,0,-1,-1,-1,0x1020480010840004,1512,1503,1500,1500,2012,1499,1504,1500,1500,1499,988,1500,1500,1500,1500,1500,1500,1500,1500,2012,1500,1555,1500,2012,1500,1507,1503,1500,1520,1505,1500,2012,8.4
2025-05-10,16:34:35.690,-75,-73,10,0,0,0,0,15,0,0,0,-3,10,193,-9,519,516,0,-1,-1,-1,0x1020480010840004,1512,1504,1500,1500,2012,1499,1505,1500,1500,1499,988,1500,1500,1500,1500,1500,1500,1500,1500,2012,1500,1555,1500,2012,1500,1508,1504,1500,1520,1505,1500,2012,8.4
2025-05-10,16:34:36.190,-75,-74,10,0,0,0,0,15,0,0,0,-1,10,193,-8,519,515,0,-1,-1,-1,0x1020480010840004,1512,1504,1500,1500,2012,1500,1505,1500,1500,1500,988,1500,1500,1500,1500,1500,1500,1500,1500,2012,1500,1555,1500,2012,1500,1508,1504,1500,1520,1505,1500,2012,8.4
2025-05-10,16:34:36.690,-77,-76,10,0,0,0,0,15,0,0,0,-2,10,192,-9,519,516,0,-1,-1,-1,0x1020480010840004,1512,1504,1500,1500,2012,1499,1505,1500,1500,1499,988,1500,1500,1500,1500,1500,1500,1500,1500,2012,1500,1555,1500,2012,1500,1508,1504,1500,1520,1505,1500,2012,8.4
2025-05-10,16:34:37.190,-77,-74,10,0,0,0,0,15,0,0,0,-2,11,193,-9,519,516,0,-1,-1,-1,0x1020480010840004,1512,1504,1500,1500,2012,1499,1505,1500,1500,1499,988,1500,1500,1500,1500,1500,1500,1500,1500,2012,1500,1555,1500,2012,1500,1509,1504,1500,1520,1505,1500,2012,8.4
2025-05-10,16:34:37.690,-78,-73,10,0,0,0,0,15,0,0,0,-1,11,193,-8,519,515,0,-1,-1,-1,0x1020480010840004,1512,1504,1500,1500,2012,1499,1505,1500,1500,1499,988,1500,1500,1500,1500,1500,1500,1500,1500,2012,1500,1555,1500,2012,1500,1509,1504,1500,1520,1505,1500,2012,8.4
2025-05-10,16:34:38.190,-76,-73,10,0,0,0,0,15,0,0,0,-2,11,193,-8,519,516,0,-1,-1,-1,0x1020480010840004,1512,1504,1500,1500,2012,1499,1505,1500,1500,1499,988,1500,1500,1500,1500,1500,1500,1500,1500,2012,1500,1555,1500,2012,1500,1509,1504,1500,1520,1505,1500,2012,8.4
2025-05-10,16:34:38.690,-79,-72,10,0,0,0,0,15,0,0,0,-2,11,192,-8,519,516,0,-1,-1,-1,0x1020480010840004,1512,1504,1500,1500,2012,1499,1505,1500,1500,1499,988,1500,1500,1500,1500,1500,1500,1500,1500,2012,1500,1555,1500,2012,1500,1509,1504,1500,1520,1505,1500,2012,8.4
2025-05-10,16:34:39.190,-78,-71,10,0,0,0,0,15,0,0,0,-1,11,193,-8,519,516,0,-1,-1,-1,0x1020480010840004,1512,1504,1500,1500,2012,1500,1505,1500,1500,1500,988,1500,1500,1500,1500,1500,1500,1500,1500,2012,1500,1555,1500,2012,1500,1509,1504,1500,1520,1505,1500,2012,8.4
2025-05-10,16:34:39.690,-78,-72,10,0,0,0,0,15,0,0,0,-2,11,193,-8,519,516,0,-1,-1,-1,0x1020480010840004,1512,1504,1500,1500,2012,1499,1505,1500,1500,1499,988,1500,1500,1500,1500,1500,1500,1500,1500,2012,1500,1555,1500,2012,1500,1509,1504,1500,1520,1505,1500,2012,8.4
2025-05-10,16:34:40.190,-80,-72,10,0,0,0,0,15,0,0,0,-2,11,193,-8,519,515,0,-1,-1,-1,0x1020480010840004,1512,1504,1500,1500,2012,1499,1505,1500,1500,1499,988,1500,1500,1500,1500,1500,1500,1500,1500,2012,1500,1555,1500,2012,1500,1509,1504,1500,1520,1505,1500,2012,8.4
2025-05-10,16:34:40.690,-78,-71,10,0,0,0,0,15,0,0,0,-1,12,193,-8,519,516,0,-1,-1,-1,0x1020480010840004,1512,1505,1500,1500,2012,1500,1506,1500,1500,1500,988,1500,1500,1500,1500,1500,1500,1500,1500,2012,1500,1555,1500,2012,1500,1509,1505,1500,1520,1505,1500,2012,8.4
2025-05-10,16:34:41.190,-76,-72,10,0,0,0,0,15,0,0,0,-2,12,193,-8,519,515,0,-1,-1,-1,0x1020480010840004,1512,1505,1500,1500,2012,1499,1506,1500,1500,1499,988,1500,1500,1500,1500,1500,1500,1500,1500,2012,1500,1555,1500,2012,1500,1509,1505,1500,1520,1505,1500,2012,8.4
2025-05-10,16:34:41.690,-76,-71,10,0,0,0,0,15,0,0,0,-2,11,193,-8,519,516,0,-1,-1,-1,0x1020480010840004,1512,1504,1500,1500,2012,1499,1505,1500,1500,1499,988,1500,1500,1500,1500,1500,1500,1500,1500,2012,1500,1555,1500,2012,1500,1509,1504,1500,1520,1505,1500,2012,8.4
2025-05-10,16:34:42.190,-81,-71,10,0,0,0,0,15,0,0,0,-3,11,193,-8,519,515,0,-1,-1,-1,0x1020480010840004,1512,1504,1500,1500,2012,1499,1505,1500,1500,1499,988,1500,1500,1500,1500,1500,1500,1500,1500,2012,1500,1555,1500,2012,1500,1509,1504,1500,1520,1505,1500,2012,8.4
2025-05-10,16:34:42.690,-77,-70,10,0,0,0,0,15,0,0,0,-2,10,192,-9,519,516,0,-1,-1,-1,0x1020480010840004,1512,1504,1500,1500,2012,1499,1505,1500,1500,1499,988,1500,1500,1500,1500,1500,1500,1500,1500,2012,1500,1555,1500,2012,1500,1508,1504,1500,1520,1505,1500,2012,8.4
2025-05-10,16:34:43.190,-77,-72,10,0,0,0,0,15,0,0,0,-2,7,193,-8,519,516,0,-1,-1,-1,0x1020480010840004,1512,1503,1500,1500,2012,1499,1503,1500,1500,1499,988,1500,1500,1500,1500,1500,1500,1500,1500,2012,1500,1555,1500,2012,1500,1505,1503,1500,1520,1505,1500,2012,8.4
2025-05-10,16:34:43.690,-78,-76,10,0,0,0,0,15,0,0,0,-2,12,193,-8,519,516,0,-1,-1,-1,0x1020480010840004,1512,1505,1500,1500,2012,1499,1506,1500,1500,1499,988,1500,1500,1500,1500,1500,1500,1500,1500,2012,1500,1555,1500,2012,1500,1509,1505,1500,1520,1505,1500,2012,8.4
2025-05-10,16:34:44.190,-76,-73,10,0,0,0,0,15,0,0,0,-2,10,193,-8,519,515,0,-1,-1,-1,0x1020480010840004,1512,1504,1500,1500,2012,1499,1505,1500,1500,1499,988,1500,1500,1500,1500,1500,1500,1500,1500,2012,1500,1555,1500,2012,1500,1508,1504,1500,1520,1505,1500,2012,8.4
2025-05-10,16:34:44.690,-79,-76,10,0,0,0,0,15,0,0,0,-2,11,192,-8,519,516,0,-1,-1,-1,0x1020480010840004,1512,1504,1500,1500,2012,1499,1505,1500,1500,1499,988,1500,1500,1500,1500,1500,1500,1500,1500,2012,1500,1555,1500,2012,1500,1509,1504,1500,1520,1505,1500,2012,8.4
2025-05-10,16:34:45.190,-75,-81,10,0,0,0,0,15,0,0,0,-2,10,193,-8,519,516,0,-1,-1,-1,0x1020480010840004,1512,1504,1500,1500,2012,1499,1505,1500,1500,1499,988,1500,1500,1500,1500,1500,1500,1500,1500,2012,1500,1555,1500,2012,1500,1508,1504,1500,1520,1505,1500,2012,8.4
2025-05-10,16:34:45.690,-77,-78,25,0,0,0,0,15,0,0,0,-2,10,193,-8,519,516,0,-1,-1,-1,0x1020480010840004,1512,1504,1500,1500,2012,1499,1505,1500,1500,1499,988,1500,1500,1500,1500,1500,1500,1500,1500,2012,1500,1555,1500,2012,1500,1508,1504,1500,1520,1505,1500,2012,8.4
2025-05-10,16:34:46.190,-84,-80,10,0,0,0,0,15,0,0,0,-2,11,193,-8,519,515,0,-1,-1,-1,0x1020480010840004,1512,1504,1500,1500,2012,1499,1505,1500,1500,1499,988,1500,1500,1500,1500,1500,1500,1500,1500,2012,1500,1555,1500,2012,1500,1509,1504,1500,1520,1505,1500,2012,8.4
2025-05-10,16:34:46.690,-80,-78,10,0,0,0,0,15,0,0,0,-2,10,193,-9,519,516,0,-1,-1,-1,0x1020480010840004,1512,1504,1500,1500,2012,1499,1505,1500,1500,1499,988,1500,1500,1500,1500,1500,1500,1500,1500,2012,1500,1555,1500,2012,1500,1508,1504,1500,1520,1505,1500,2012,8.4
2025-05-10,16:34:47.190,-79,-79,10,0,0,0,0,15,0,0,0,-2,11,193,-9,519,516,0,-1,-1,-1,0x1020480010840004,1512,1504,1500,1500,2012,1499,1505,1500,1500,1499,988,1500,1500,1500,1500,1500,1500,1500,1500,2012,1500,1555,1500,2012,1500,1509,1504,1500,1520,1505,1500,2012,8.4
2025-05-10,16:34:47.690,-82,-70,25,0,0,0,0,15,0,0,0,-2,10,193,-8,519,516,0,-1,-1,-1,0x1020480010840004,1512,1503,1500,1500,2012,1499,1505,1500,1500,1499,988,1500,1500,1500,1500,1500,1500,1500,1500,2012,1500,1555,1500,2012,1500,1508,1504,1500,1520,1505,1500,2012,8.4
2025-05-10,16:34:48.190,-79,-87,10,0,0,0,0,15,0,0,0,-2,9,192,-8,519,515,0,-1,-1,-1,0x1020480010840004,1512,1503,1500,1500,2012,1499,1504,1500,1500,1499,988,1500,1500,1500,1500,1500,1500,1500,1500,2012,1500,1555,1500,2012,1500,1507,1503,1500,1520,1505,1500,2012,8.4
2025-05-10,16:34:48.690,-86,-81,10,0,0,0,0,15,0,0,0,-2,9,193,-9,519,516,0,-1,-1,-1,0x1020480010840004,1512,1503,1500,1500,2012,1499,1504,1500,1500,1499,988,1500,1500,1500,1500,1500,1500,1500,1500,2012,1500,1555,1500,2012,1500,1507,1503,1500,1520,1505,1500,2012,8.4
2025-05-10,16:34:49.190,-88,-77,10,0,0,0,0,15,0,0,0,-2,9,193,-8,519,516,0,-1,-1,-1,0x1020480010840004,1512,1504,1500,1500,2012,1499,1504,1500,1500,1499,988,1500,1500,1500,1500,1500,1500,1500,1500,2012,1500,1555,1500,2012,1500,1508,1503,1500,1520,1505,1500,2012,8.4
2025-05-10,16:34:49.690,-86,-78,10,0,0,0,0,15,0,0,0,-1,9,193,-8,519,516,0,-1,-1,-1,0x1020480010840004,1512,1503,1500,1500,2012,1500,1504,1500,1500,1500,988,1500,1500,1500,1500,1500,1500,1500,1500,2012,1500,1555,1500,2012,1500,1507,1503,1500,1520,1505,1500,2012,8.4
2025-05-10,16:34:50.190,-82,-78,10,0,0,0,0,15,0,0,0,-1,9,193,-8,519,515,0,-1,-1,-1,0x1020480010840004,1512,1503,1500,1500,2012,1500,1504,1500,1500,1499,988,1500,1500,1500,1500,1500,1500,1500,1500,2012,1500,1555,1500,2012,1500,1507,1503,1500,1520,1505,1500,2012,8.4
2025-05-10,16:34:50.690,-80,-76,10,0,0,0,0,15,0,0,0,-1,10,193,-9,519,516,0,-1,-1,-1,0x1020480010840004,1512,1504,1500,1500,2012,1500,1505,1500,1500,1500,988,1500,1500,1500,1500,1500,1500,1500,1500,2012,1500,1555,1500,2012,1500,1508,1504,1500,1520,1505,1500,2012,8.4
2025-05-10,16:34:51.190,-81,-76,10,0,0,0,0,15,0,0,0,-2,9,193,-9,519,515,0,-1,-1,-1,0x1020480010840004,1512,1503,1500,1500,2012,1499,1504,1500,1500,1499,988,1500,1500,1500,1500,1500,1500,1500,1500,2012,1500,1555,1500,2012,1500,1507,1503,1500,1520,1505,1500,2012,8.4
2025-05-10,16:34:51.690,-95,-64,50,0,0,0,0,15,0,0,0,-2,9,193,-8,519,516,0,-1,-1,-1,0x1020480010840004,1512,1503,1500,1500,2012,1499,1504,1500,1500,1499,988,1500,1500,1500,1500,1500,1500,1500,1500,2012,1500,1555,1500,2012,1500,1507,1503,1500,1520,1505,1500,2012,8.4
2025-05-10,16:34:52.190,-81,-73,10,0,0,0,0,15,0,0,0,-2,10,193,-8,519,515,0,-1,-1,-1,0x1020480010840004,1512,1504,1500,1500,2012,1499,1505,1500,1500,1499,988,1500,1500,1500,1500,1500,1500,1500,1500,2012,1500,1555,1500,2012,1500,1508,1504,1500,1520,1505,1500,2012,8.4
2025-05-10,16:34:52.690,-79,-86,10,0,0,0,0,15,0,0,0,-2,9,193,-9,519,516,0,-1,-1,-1,0x1020480010840004,1512,1503,1500,1500,2012,1499,1504,1500,1500,1499,988,1500,1500,1500,1500,1500,1500,1500,1500,2012,1500,1555,1500,2012,1500,1507,1503,1500,1520,1505,1500,2012,8.4
2025-05-10,16:34:53.190,-79,-75,10,0,0,0,0,15,0,0,0,-1,9,193,-9,519,515,0,-1,-1,-1,0x1020480010840004,1512,1503,1500,1500,2012,1500,1504,1500,1500,1500,988,1500,1500,1500,1500,1500,1500,1500,1500,2012,1500,1555,1500,2012,1500,1507,1503,1500,1520,1505,1500,2012,8.4
2025-05-10,16:34:53.690,-76,-76,10,0,0,0,0,15,0,0,0,-2,9,193,-8,519,516,0,-1,-1,-1,0x1020480010840004,1512,1503,1500,1500,2012,1499,1504,1500,1500,1499,988,1500,1500,1500,1500,1500,1500,1500,1500,2012,1500,1555,1500,2012,1500,1507,1503,1500,1520,1505,1500,2012,8.4
2025-05-10,16:34:54.190,-83,-74,50,0,0,0,0,15,0,0,0,-2,7,193,-9,519,515,0,-1,-1,-1,0x1020480010840004,1512,1503,1500,1500,2012,1499,1503,1500,1500,1499,988,1500,1500,1500,1500,1500,1500,1500,1500,2012,1500,1555,1500,2012,1500,1505,1503,1500,1520,1505,1500,2012,8.4
2025-05-10,16:34:54.690,-71,-75,10,0,0,0,0,15,0,0,0,-2,5,193,-9,519,516,0,-1,-1,-1,0x1020480010840004,1512,1502,1500,1500,2012,1499,1502,1500,1500,1499,988,1500,1500,1500,1500,1500,1500,1500,1500,2012,1500,1555,1500,2012,1500,1504,1502,1500,1520,1505,1500,2012,8.4
2025-05-10,16:34:55.190,-76,-72,10,0,0,0,0,15,0,0,0,-2,20,193,-8,519,516,0,-1,-1,-1,0x1020480010840004,1512,1507,1500,1500,2012,1499,1510,1500,1500,1499,988,1500,1500,1500,1500,1500,1500,1500,1500,2012,1500,1555,1500,2012,1500,1516,1508,1500,1520,1505,1500,2012,8.4
2025-05-10,16:34:55.690,-79,-75,10,0,0,0,0,15,0,0,0,-3,9,192,-8,519,516,0,-1,-1,-1,0x1020480010840004,1512,1503,1500,1500,2012,1499,1504,1500,1500,1499,988,1500,1500,1500,1500,1500,1500,1500,1500,2012,1500,1555,1500,2012,1500,1507,1503,1500,1520,1505,1500,2012,8.4
2025-05-10,16:34:56.190,-79,-76,10,0,0,0,0,15,0,0,0,-2,7,193,-8,519,516,0,-1,-1,-1,0x1020480010840004,1512,1503,1500,1500,2012,1499,1503,1500,1500,1499,988,1500,1500,1500,1500,1500,1500,1500,1500,2012,1500,1555,1500,2012,1500,1506,1503,1500,1520,1505,1500,2012,8.4
2025-05-10,16:34:56.690,-84,-77,10,0,0,0,0,15,0,0,0,-2,8,192,-8,519,516,0,-1,-1,-1,0x1020480010840004,1512,1503,1500,1500,2012,1499,1504,1500,1500,1499,988,1500,1500,1500,1500,1500,1500,1500,1500,2012,1500,1555,1500,2012,1500,1507,1503,1500,1520,1505,1500,2012,8.4
2025-05-10,16:34:57.190,-79,-78,10,0,0,0,0,15,0,0,0,-2,9,193,-8,519,516,0,-1,-1,-1,0x1020480010840004,1512,1503,1500,1500,2012,1499,1504,1500,1500,1499,988,1500,1500,1500,1500,1500,1500,1500,1500,2012,1500,1555,1500,2012,1500,1507,1503,1500,1520,1505,1500,2012,8.4
2025-05-10,16:34:57.690,-75,-73,10,0,0,0,0,15,0,0,0,-2,9,193,-8,519,516,0,-1,-1,-1,0x1020480010840004,1512,1503,1500,1500,2012,1499,1504,1500,1500,1499,988,1500,1500,1500,1500,1500,1500,1500,1500,2012,1500,1555,1500,2012,1500,1507,1503,1500,1520,1505,1500,2012,8.4
2025-05-10,16:34:58.190,-76,-75,25,0,0,0,0,15,0,0,0,-1,8,193,-9,519,516,0,-1,-1,-1,0x1020480010840004,1512,1503,1500,1500,2012,1500,1504,1500,1500,1499,988,1500,1500,1500,1500,1500,1500,1500,1500,2012,1500,1555,1500,2012,1500,1506,1503,1500,1520,1505,1500,2012,8.4
2025-05-10,16:34:58.690,-79,-76,25,0,0,0,0,15,0,0,0,-2,8,193,-8,519,516,0,-1,-1,-1,0x1020480010840004,1512,1503,1500,1500,2012,1499,1504,1500,1500,1499,988,1500,1500,1500,1500,1500,1500,1500,1500,2012,1500,1555,1500,2012,1500,1506,1503,1500,1520,1505,1500,2012,8.4
2025-05-10,16:34:59.190,-78,-75,10,0,0,0,0,15,0,0,0,-2,8,193,-8,519,516,0,-1,-1,-1,0x1020480010840004,1512,1503,1500,1500,2012,1499,1504,1500,1500,1499,988,1500,1500,1500,1500,1500,1500,1500,1500,2012,1500,1555,1500,2012,1500,1506,1503,1500,1520,1505,1500,2012,8.4
2025-05-10,16:34:59.690,-79,-72,10,0,0,0,0,15,0,0,0,-1,8,193,-8,519,515,0,-1,-1,-1,0x1020480010840004,1512,1503,1500,1500,2012,1500,1504,1500,1500,1499,988,1500,1500,1500,1500,1500,1500,1500,1500,2012,1500,1555,1500,2012,1500,1506,1503,1500,1520,1505,1500,2012,8.4
2025-05-10,16:35:00.190,-81,-72,10,0,0,0,0,15,0,0,0,-2,7,192,-8,519,516,0,-1,-1,-1,0x1020480010840004,1512,1503,1500,1500,2012,1499,1503,1500,1500,1499,988,1500,1500,1500,1500,1500,1500,1500,1500,2012,1500,1555,1500,2012,1500,1505,1503,1500,1520,1505,1500,2012,8.4
2025-05-10,16:35:00.690,-74,-74,10,0,0,0,0,15,0,0,0,-1,8,193,-8,519,515,0,-1,-1,-1,0x1020480010840004,1512,1503,1500,1500,2012,1500,1504,1500,1500,1499,988,1500,1500,1500,1500,1500,1500,1500,1500,2012,1500,1555,1500,2012,1500,1506,1503,1500,1520,1505,1500,2012,8.4
2025-05-10,16:35:01.190,-78,-71,10,0,0,0,0,15,0,0,0,-2,9,193,-8,519,516,0,-1,-1,-1,0x1020480010840004,1512,1503,1500,1500,2012,1499,1504,1500,1500,1499,988,1500,1500,1500,1500,1500,1500,1500,1500,2012,1500,1555,1500,2012,1500,1507,1503,1500,1520,1505,1500,2012,8.4
2025-05-10,16:35:01.690,-75,-71,10,0,0,0,0,15,0,0,0,-3,8,193,-8,518,515,0,-1,-1,1,0x1020480010840004,1512,1503,1500,1500,2012,1499,1504,1500,1500,1499,988,1500,1500,1500,1500,1500,1500,1500,1500,2012,1500,1555,1500,2012,1500,1506,1503,1500,1520,1505,1500,2012,8.4
2025-05-10,16:35:02.190,-75,-74,10,0,0,0,0,15,0,0,0,-2,8,193,-8,519,516,0,-1,-1,1,0x1020480010840004,1512,1503,1500,1500,2012,1499,1504,1500,1500,1499,988,1500,1500,1500,1500,1500,1500,1500,1500,2012,1500,1555,1500,2012,1500,1506,1503,1500,1520,1505,1500,2012,8.4
2025-05-10,16:35:02.690,-84,-78,10,0,0,0,0,15,0,0,0,-1,8,193,-9,519,516,0,-1,-1,1,0x10204B0010840004,1512,1503,1500,1500,2012,1500,1504,1500,1500,1500,988,1500,1500,1500,1500,1500,1500,1500,1500,2012,1500,1555,1500,2012,1500,1506,1503,1500,1520,1505,1500,2012,8.4
2025-05-10,16:35:03.190,-89,-78,10,0,0,0,0,15,0,0,0,-2,9,193,-8,519,516,0,-1,-1,-1,0x10204A0010840004,1512,1503,1500,1500,2012,1499,1504,1500,1500,1499,988,1500,1500,1500,1500,1500,1500,1500,1500,2012,1500,1555,1500,2012,1500,1507,1503,1500,1520,1505,1500,2012,8.4
2025-05-10,16:35:03.690,-90,-75,10,0,0,0,0,15,0,0,0,-1,9,193,-8,519,516,0,-1,-1,-1,0x1020680010840004,1512,1503,1500,1500,2012,1500,1504,1500,1500,1500,988,1500,1500,1500,1500,1500,1500,1500,1500,2012,1500,1555,1500,2012,1500,1507,1503,1500,1520,1505,1500,2012,8.4
2025-05-10,16:35:04.190,-89,-76,10,0,0,0,0,15,0,0,0,-2,9,193,-8,518,515,0,-1,-1,-1,0x1020080010840004,1512,1503,1500,1500,2012,1499,1504,1500,1500,1499,988,1500,1500,1500,1500,1500,1500,1500,1500,2012,1500,1555,1500,2012,1500,1507,1503,1500,1520,1505,1500,2012,8.4
2025-05-10,16:35:04.690,-85,-79,10,0,0,0,0,15,0,0,0,-2,8,193,-8,518,515,0,-1,-1,-1,0x1020080010840004,1512,1503,1500,1500,2012,1499,1504,1500,1500,1499,988,1500,1500,1500,1500,1500,1500,1500,1500,2012,1500,1555,1500,2012,1500,1506,1503,1500,1520,1505,1500,2012,8.4
2025-05-10,16:35:05.180,-84,-68,10,0,0,0,0,15,0,0,0,-2,9,193,-8,519,515,0,-1,-1,-1,0x1020080010840004,1512,1503,1500,1500,2012,1499,1504,1500,1500,1499,988,1500,1500,1500,1500,1500,1500,1500,1500,2012,1500,1555,1500,2012,1500,1507,1503,1500,1520,1505,1500,2012,8.4
2025-05-10,16:35:05.680,-84,-67,10,0,0,0,0,15,0,0,0,-2,9,193,-8,519,516,0,-1,-1,-1,0x1020080010840004,1512,1503,1500,1500,2012,1499,1504,1500,1500,1499,988,1500,1500,1500,1500,1500,1500,1500,1500,2012,1500,1555,1500,2012,1500,1507,1503,1500,1520,1505,1500,2012,8.4
2025-05-10,16:35:06.170,-69,-73,10,0,0,0,0,15,0,0,0,-2,8,193,-8,518,515,0,-1,-1,-1,0x1020080010840004,1512,1503,1500,1500,2012,1499,1504,1500,1500,1499,988,1500,1500,1500,1500,1500,1500,1500,1500,2012,1500,1555,1500,2012,1500,1506,1503,1500,1520,1505,1500,2012,8.4
2025-05-10,16:35:06.670,-73,-77,10,0,0,0,0,15,0,0,0,26,216,193,-8,519,516,0,-1,-1,-1,0x1020080010840004,1515,1575,1508,1500,2012,1513,1608,1500,1500,1513,988,1500,1500,1500,1500,1500,1500,1500,1372,1628,1500,1555,1500,2012,1500,1654,1575,1500,1520,1505,1500,2012,8.4
