Date,Time,1RSS(dB),2RSS(dB),TPWR(mW),Lipo,Curr(mA),Temp(°C),Bat%(%),dent,Rpm(kmh),dist,Capa,ST,TH,P1,P2,P3,P4,SA,SB,SC,SD,LSW,CH1(us),CH2(us),CH3(us),CH4(us),CH5(us),CH6(us),CH7(us),CH8(us),CH9(us),CH10(us),CH11(us),CH12(us),CH13(us),CH14(us),CH15(us),CH16(us),CH17(us),CH18(us),CH19(us),CH20(us),CH21(us),CH22(us),CH23(us),CH24(us),CH25(us),CH26(us),CH27(us),CH28(us),CH29(us),CH30(us),CH31(us),CH32(us),TxBat(V)
2025-05-02,11:37:56.350,-54,-63,10,3713,5560,40,1,16,8231,7,237,-1024,1024,6,-7,344,515,-1,-1,-1,-1,0x1020480014442415,1142,1628,1500,1500,2012,988,2012,1500,1500,988,988,1500,1500,1500,1500,1500,1500,1500,1372,1628,1500,1538,1500,2012,1500,2012,2012,1500,1520,1505,1500,2012,8.2
2025-05-02,11:37:56.810,-42,-63,10,3713,10160,40,1,16,5122,7,237,-631,1024,6,-7,344,515,-1,-1,-1,-1,0x1020480014442C15,1285,1628,1500,1500,2012,1185,2012,1500,1500,1185,988,1500,1500,1500,1500,1500,1500,1500,1372,1628,1500,1538,1500,2012,1500,2012,2012,1500,1520,1505,1500,2012,8.2
2025-05-02,11:37:57.310,-64,-55,10,3708,5300,40,1,16,8219,7,239,-3,1024,6,-7,344,515,-1,-1,-1,-1,0x1020480010442415,1507,1628,1500,1500,2012,1499,2012,1500,1500,1499,988,1500,1500,1500,1500,1500,1500,1500,1372,1628,1500,1538,1500,2012,1500,2012,2012,1500,1520,1505,1500,2012,8.2
2025-05-02,11:37:57.810,-64,-47,10,3707,5510,40,1,16,6835,7,239,-5,1024,6,-7,344,515,-1,-1,-1,-1,0x1020480010442415,1507,1628,1500,1500,2012,1498,2012,1500,1500,1498,988,1500,1500,1500,1500,1500,1500,1500,1372,1628,1500,1538,1500,2012,1500,2012,2012,1500,1520,1505,1500,2012,8.2
2025-05-02,11:37:58.310,-64,-49,10,3710,5990,40,1,16,7177,7,240,1024,671,6,-7,344,515,-1,-1,-1,-1,0x1020480014442415,1812,1616,1500,1500,2012,2012,1959,1500,1500,2012,988,1500,1500,1500,1500,1500,1500,1500,1372,1628,1500,1538,1500,2012,1500,2012,1964,1500,1520,1505,1500,2012,8.2
2025-05-02,11:37:58.810,-53,-52,10,3711,2730,41,1,16,3036,7,240,1024,422,7,-7,344,515,-1,-1,-1,-1,0x1020480014440415,1812,1554,1500,1500,2012,2012,1789,1500,1500,2012,988,1500,1500,1500,1500,1500,1500,1500,1372,1628,1500,1538,1500,2012,1500,1863,1718,1500,1520,1505,1500,2012,8.2
2025-05-02,11:37:59.310,-55,-56,10,3731,7890,41,1,16,5606,7,241,1024,931,7,-6,344,515,-1,-1,-1,-1,0x1020480014442415,1812,1628,1500,1500,2012,2012,2012,1500,1500,2012,988,1500,1500,1500,1500,1500,1500,1500,1372,1628,1500,1538,1500,2012,1500,2012,2012,1500,1520,1505,1500,2012,8.2
2025-05-02,11:37:59.810,-58,-56,10,3732,1730,41,1,16,0,7,241,15,-650,7,-6,344,515,-1,-1,-1,-1,0x1020480012440015,1506,1182,1500,1497,2012,1507,1175,1179,1500,1496,988,1500,1500,1500,1500,1500,1500,1179,1275,2012,1500,1538,1500,2012,1500,1127,1500,1500,1520,1505,1500,2012,8.2
2025-05-02,11:38:00.310,-60,-56,10,3734,390,43,1,16,0,7,241,-5,6,7,-7,344,515,-1,-1,-1,-1,0x1020480010440015,1507,1501,1500,1500,2012,1498,1504,1500,1500,1498,988,1500,1500,1500,1500,1500,1500,1500,1372,2012,1500,1538,1500,2012,1500,1506,1503,1500,1520,1505,1500,2012,8.2
2025-05-02,11:38:00.810,-52,-61,10,3737,420,41,1,16,0,7,241,-4,5,7,-7,345,515,-1,-1,-1,-1,0x1020480010440015,1507,1500,1500,1500,2012,1498,1503,1500,1500,1498,988,1500,1500,1500,1500,1500,1500,1500,1398,2012,1500,1538,1500,2012,1500,1505,1502,1500,1520,1505,1500,2012,8.2
2025-05-02,11:38:01.310,-55,-53,10,3738,480,40,1,16,0,7,242,-5,6,7,-7,344,515,-1,-1,-1,-1,0x1020480010440015,1507,1501,1500,1500,2012,1498,1504,1500,1500,1498,988,1500,1500,1500,1500,1500,1500,1500,1500,2012,1500,1538,1500,2012,1500,1506,1503,1500,1520,1505,1500,2012,8.2
2025-05-02,11:38:01.810,-55,-51,10,3738,410,40,1,16,0,7,242,-5,7,6,-6,344,515,-1,-1,-1,-1,0x1020480010440015,1507,1501,1500,1500,2012,1498,1505,1500,1500,1498,988,1500,1500,1500,1500,1500,1500,1500,1111,2012,1500,1538,1500,2012,1500,1507,1503,1500,1520,1505,1500,2012,8.2
2025-05-02,11:38:02.310,-55,-47,10,3739,470,40,1,16,0,7,242,-4,6,7,-7,344,515,-1,-1,-1,-1,0x1020480010440015,1507,1501,1500,1500,2012,1498,1504,1500,1500,1498,988,1500,1500,1500,1500,1500,1500,1500,1372,2012,1500,1538,1500,2012,1500,1506,1503,1500,1520,1505,1500,2012,8.2
2025-05-02,11:38:02.810,-55,-35,10,3739,500,40,1,16,0,7,242,-4,6,7,-7,344,515,-1,-1,-1,-1,0x1020480010440015,1507,1501,1500,1500,2012,1498,1504,1500,1500,1498,988,1500,1500,1500,1500,1500,1500,1500,1372,2012,1500,1538,1500,2012,1500,1506,1503,1500,1520,1505,1500,2012,8.2
2025-05-02,11:38:03.310,-55,-34,10,3740,240,41,1,16,7,7,242,-5,6,7,-7,344,515,-1,-1,-1,-1,0x1020480010440015,1507,1501,1500,1500,2012,1498,1504,1500,1500,1498,988,1500,1500,1500,1500,1500,1500,1500,1500,2012,1500,1538,1500,2012,1500,1506,1503,1500,1520,1505,1500,2012,8.2
2025-05-02,11:38:03.810,-43,-44,10,3741,160,40,1,16,779,7,242,-4,6,6,-6,344,515,-1,-1,-1,-1,0x1020480010440015,1507,1501,1500,1500,2012,1498,1504,1500,1500,1498,988,1500,1500,1500,1500,1500,1500,1500,1500,2012,1500,1538,1500,2012,1500,1506,1502,1500,1520,1505,1500,2012,8.2
2025-05-02,11:38:04.310,-46,-44,10,3742,160,40,1,16,0,7,242,-4,5,6,-6,344,515,-1,-1,-1,-1,0x1020480010440015,1507,1500,1500,1500,2012,1498,1503,1500,1500,1499,988,1500,1500,1500,1500,1500,1500,1500,1500,2012,1500,1538,1500,2012,1500,1505,1502,1500,1520,1505,1500,2012,8.2
2025-05-02,11:38:04.810,-39,-44,10,3742,150,39,1,16,0,7,242,-3,5,7,-7,344,515,-1,-1,-1,-1,0x1020480010440015,1507,1500,1500,1500,2012,1499,1503,1500,1500,1499,988,1500,1500,1500,1500,1500,1500,1500,1500,2012,1500,1538,1500,2012,1500,1505,1502,1500,1520,1505,1500,2012,8.2
2025-05-02,11:38:05.310,-27,-44,10,3743,160,39,1,16,0,7,242,-3,6,7,-7,344,515,-1,-1,-1,-1,0x1020480010440014,1507,1501,1500,1500,2012,1499,1504,1500,1500,1498,988,1500,1500,1500,1500,1500,1500,1500,1500,2012,1500,1538,1500,2012,1500,1506,1503,1500,1520,1505,1500,2012,8.2
2025-05-02,11:38:05.810,-50,-46,10,3743,170,39,1,16,0,7,242,-3,5,7,-6,344,515,-1,-1,-1,-1,0x1020480010440014,1507,1500,1500,1500,2012,1499,1503,1500,1500,1499,988,1500,1500,1500,1500,1500,1500,1500,1500,2012,1500,1538,1500,2012,1500,1505,1502,1500,1520,1505,1500,2012,8.2
2025-05-02,11:38:06.310,-50,-48,10,3743,170,39,1,16,0,7,242,-2,6,7,-7,344,515,-1,-1,-1,-1,0x1020480010440014,1507,1501,1500,1500,2012,1499,1504,1500,1500,1499,988,1500,1500,1500,1500,1500,1500,1500,1500,2012,1500,1538,1500,2012,1500,1505,1502,1500,1520,1505,1500,2012,8.2
2025-05-02,11:38:06.810,-62,-64,10,3743,1460,39,1,16,0,7,242,-26,6,7,-7,344,515,-1,-1,-1,-1,0x1020480010440014,1507,1501,1500,1500,2012,1487,1504,1500,1500,1499,988,1500,1500,1500,1500,1500,1500,1500,1500,2012,1500,1538,1500,2012,1500,1506,1503,1500,1520,1505,1500,2012,8.2
2025-05-02,11:38:07.310,-65,-68,10,3744,160,39,1,16,0,7,242,-4,9,7,-7,344,515,-1,-1,-1,-1,0x1020480010440014,1507,1501,1500,1500,2012,1498,1506,1500,1500,1498,988,1500,1500,1500,1500,1500,1500,1500,1014,1986,1500,1538,1500,2012,1500,1509,1505,1500,1520,1505,1500,2012,8.2
2025-05-02,11:38:07.810,-68,-66,10,3744,160,39,1,16,0,7,242,-4,8,6,-7,344,515,-1,-1,-1,-1,0x1020480010440015,1507,1501,1500,1500,2012,1498,1505,1500,1500,1498,988,1500,1500,1500,1500,1500,1500,1500,1372,2012,1500,1538,1500,2012,1500,1508,1504,1500,1520,1505,1500,2012,8.2
2025-05-02,11:38:08.310,-68,-62,10,3744,160,39,1,16,0,7,242,6,7,7,-7,344,515,-1,-1,-1,-1,0x1020480010440015,1509,1501,1500,1500,2012,1503,1505,1500,1500,1503,988,1500,1500,1500,1500,1500,1500,1500,1372,2012,1500,1538,1500,2012,1500,1507,1503,1500,1520,1505,1500,2012,8.2
2025-05-02,11:38:08.810,-60,-62,10,3744,160,39,1,16,0,7,242,-3,9,7,-7,344,515,-1,-1,-1,-1,0x1020480010440015,1507,1501,1500,1500,2012,1499,1506,1500,1500,1499,988,1500,1500,1500,1500,1500,1500,1500,1500,2012,1500,1538,1500,2012,1500,1509,1505,1500,1520,1505,1500,2012,8.2
2025-05-02,11:38:09.310,-60,-62,10,3745,160,39,1,16,0,7,242,-2,9,7,-7,344,515,-1,-1,-1,-1,0x1020480010440015,1507,1501,1500,1500,2012,1499,1506,1500,1500,1499,988,1500,1500,1500,1500,1500,1500,1500,1500,2012,1500,1538,1500,2012,1500,1509,1505,1500,1520,1505,1500,2012,8.2
2025-05-02,11:38:09.810,-59,-62,10,3745,160,39,1,16,0,7,242,-2,16,7,-7,344,515,-1,-1,-1,-1,0x1020480010440015,1507,1502,1500,1500,2012,1499,1511,1500,1500,1499,988,1500,1500,1500,1500,1500,1500,1500,1500,2012,1500,1538,1500,2012,1500,1516,1509,1500,1520,1505,1500,2012,8.2
2025-05-02,11:38:10.310,-58,-62,10,3745,150,39,1,16,0,7,242,2,98,7,-7,344,515,-1,-1,-1,-1,0x1020480010440015,1508,1513,1500,1500,2012,1501,1567,1500,1500,1501,988,1500,1500,1500,1500,1500,1500,1500,1372,1628,1500,1538,1500,2012,1500,1599,1551,1500,1520,1505,1500,2012,8.2
2025-05-02,11:38:10.810,-56,-64,10,3745,1090,39,1,16,0,7,242,21,531,6,-7,344,515,-1,-1,-1,-1,0x1020480010440015,1513,1569,1500,1500,2012,1510,1863,1500,1500,1510,988,1500,1500,1500,1500,1500,1500,1500,1372,1628,1500,1538,1500,2012,1500,1899,1774,1500,1520,1505,1500,2012,8.2
2025-05-02,11:38:11.310,-52,-63,10,3745,9230,39,1,16,5531,7,244,506,1023,6,-7,344,515,-1,-1,-1,-1,0x1020480014442015,1636,1628,1500,1500,2012,1753,2012,1500,1500,1762,988,1500,1500,1500,1500,1500,1500,1500,1372,1628,1500,1538,1500,2012,1500,2012,2012,1500,1520,1505,1500,2012,8.2
2025-05-02,11:38:11.810,-63,-61,10,3710,5770,39,1,16,6655,7,244,45,1022,6,-7,344,515,-1,-1,-1,-1,0x1020480014442415,1522,1628,1500,1500,2012,1522,2012,1500,1500,1528,988,1500,1500,1500,1500,1500,1500,1500,1372,1628,1500,1538,1500,2012,1500,2012,2012,1500,1520,1505,1500,2012,8.2
2025-05-02,11:38:12.310,-56,-61,10,3712,5310,39,1,16,7613,7,245,267,1022,6,-6,344,515,-1,-1,-1,-1,0x1020480014442415,1568,1628,1500,1500,2012,1633,2012,1500,1500,1633,988,1500,1500,1500,1500,1500,1500,1500,1372,1628,1500,1538,1500,2012,1500,2012,2012,1500,1520,1505,1500,2012,8.2
2025-05-02,11:38:12.810,-60,-59,10,3715,5440,39,1,16,7382,7,246,1024,1024,6,-7,344,515,-1,-1,-1,-1,0x1020480014442415,1812,1628,1500,1500,2012,2012,2012,1500,1500,2012,988,1500,1500,1500,1500,1500,1500,1500,1372,1628,1500,1538,1500,2012,1500,2012,2012,1500,1520,1505,1500,2012,8.2
2025-05-02,11:38:13.310,-56,-58,10,3716,6350,40,1,16,6289,7,246,1024,971,6,-7,344,515,-1,-1,-1,-1,0x1020480014442415,1805,1628,1500,1500,2012,2012,2012,1500,1500,2004,988,1500,1500,1500,1500,1500,1500,1500,1372,1628,1500,1538,1500,2012,1500,2012,2012,1500,1520,1505,1500,2012,8.2
2025-05-02,11:38:13.810,-59,-52,10,3716,650,40,1,16,4056,7,247,1024,11,6,-7,344,515,-1,-1,-1,-1,0x1020480014440415,1812,1501,1500,1500,2012,2012,1507,1500,1500,2012,988,1500,1500,1500,1500,1500,1500,1500,1234,2012,1500,1538,1500,2012,1500,1512,1506,1500,1520,1505,1500,2012,8.2
2025-05-02,11:38:14.310,-54,-57,10,3738,14710,40,1,16,4561,7,247,1024,1024,6,-6,344,515,-1,-1,-1,-1,0x1020480014442415,1812,1628,1500,1500,2012,2012,2012,1500,1500,2012,988,1500,1500,1500,1500,1500,1500,1500,1372,1628,1500,1538,1500,2012,1500,2012,2012,1500,1520,1505,1500,2012,8.2
2025-05-02,11:38:14.810,-65,-63,10,3737,6350,41,1,16,6244,7,248,1024,1024,6,-7,344,515,-1,-1,-1,-1,0x1020480014442415,1812,1628,1500,1500,2012,2012,2012,1500,1500,2012,988,1500,1500,1500,1500,1500,1500,1500,1372,1628,1500,1538,1500,2012,1500,2012,2012,1500,1520,1505,1500,2012,8.2
2025-05-02,11:38:15.310,-66,-69,10,3705,6710,41,1,16,5444,7,249,-1024,208,6,-7,344,515,-1,-1,-1,-1,0x1020480014440415,1142,1528,1500,1500,2012,988,1642,1500,1500,988,988,1500,1500,1500,1500,1500,1500,1500,1372,1628,1500,1538,1500,2012,1500,2008,1623,1500,1520,1505,1500,2012,8.2
2025-05-02,11:38:15.810,-63,-69,10,3710,530,41,1,16,1665,7,249,-1024,10,7,-7,344,515,-1,-1,-1,-1,0x1020480014440815,1142,1501,1500,1500,2012,988,1507,1500,1500,988,988,1500,1500,1500,1500,1500,1500,1500,1326,2012,1500,1538,1500,2012,1500,1510,1505,1500,1520,1505,1500,2012,8.2
2025-05-02,11:38:16.310,-62,-69,10,3737,160,41,1,16,1413,7,249,222,11,7,-7,345,515,-1,-1,-1,-1,0x1020480014440015,1564,1501,1500,1500,2012,1611,1507,1500,1500,1611,988,1500,1500,1500,1500,1500,1500,1500,1372,2012,1500,1538,1500,2012,1500,1512,1506,1500,1520,1505,1500,2012,8.2
2025-05-02,11:38:16.810,-56,-69,10,3740,200,41,1,16,839,7,249,-1,-477,7,-7,344,515,-1,-1,-1,-1,0x1020480012440015,1508,1284,1500,1498,2012,1500,1262,1282,1500,1500,988,1500,1500,1500,1500,1500,1500,1282,1469,2012,1500,1538,1500,2012,1500,1203,1500,1500,1520,1505,1500,2012,8.2
2025-05-02,11:38:17.310,-55,-69,10,3741,180,40,1,16,166,7,249,8,-601,7,-6,344,515,-1,-1,-1,-1,0x10204800124C0015,1510,1213,1500,1497,2012,1504,1200,1210,1500,1504,988,1500,1500,1500,1500,1500,1500,1210,1500,2012,1500,1538,1500,2012,1500,1147,1500,1500,1520,1505,1500,2012,8.2
2025-05-02,11:38:17.810,-49,-69,10,3742,180,39,1,16,0,7,249,-1,9,7,-6,344,515,-1,-1,-1,-1,0x1020480010440015,1508,1501,1500,1500,2012,1500,1506,1500,1500,1500,988,1500,1500,1500,1500,1500,1500,1500,1500,2012,1500,1538,1500,2012,1500,1509,1505,1500,1520,1505,1500,2012,8.2
2025-05-02,11:38:18.310,-47,-69,10,3742,160,39,1,16,0,7,249,-1,7,7,-7,344,515,-1,-1,-1,-1,0x1020480010440015,1508,1501,1500,1500,2012,1500,1505,1500,1500,1500,988,1500,1500,1500,1500,1500,1500,1500,1500,2012,1500,1538,1500,2012,1500,1507,1503,1500,1520,1505,1500,2012,8.2
2025-05-02,11:38:18.810,-48,-69,10,3742,160,39,1,16,0,7,249,-1,11,7,-7,344,515,-1,-1,-1,-1,0x1020480010440014,1508,1501,1500,1500,2012,1500,1507,1500,1500,1500,988,1500,1500,1500,1500,1500,1500,1500,1500,2012,1500,1538,1500,2012,1500,1512,1506,1500,1520,1505,1500,2012,8.2
2025-05-02,11:38:19.310,-48,-69,10,3743,160,39,1,16,0,7,249,-1,8,6,-7,344,515,-1,-1,-1,-1,0x1020480010440014,1508,1501,1500,1500,2012,1500,1505,1500,1500,1500,988,1500,1500,1500,1500,1500,1500,1500,1500,2012,1500,1538,1500,2012,1500,1508,1504,1500,1520,1505,1500,2012,8.2
2025-05-02,11:38:19.810,-43,-69,10,3743,160,39,1,16,0,7,249,-1,9,7,-7,344,515,-1,-1,-1,-1,0x1020480010440014,1508,1501,1500,1500,2012,1500,1506,1500,1500,1500,988,1500,1500,1500,1500,1500,1500,1500,1500,2012,1500,1538,1500,2012,1500,1509,1505,1500,1520,1505,1500,2012,8.2
2025-05-02,11:38:20.310,-32,-69,10,3743,1230,39,1,16,0,7,250,-645,11,7,-7,344,515,-1,-1,-1,-1,0x1020480014440014,1346,1501,1500,1500,2012,1178,1507,1500,1500,1178,988,1500,1500,1500,1500,1500,1500,1500,1500,2012,1500,1538,1500,2012,1500,1512,1506,1500,1520,1505,1500,2012,8.2
2025-05-02,11:38:20.810,-38,-33,10,3743,190,39,1,16,0,7,250,-5,8,7,-7,344,515,-1,-1,-1,-1,0x1020480010440014,1506,1501,1500,1500,2012,1498,1505,1500,1500,1497,988,1500,1500,1500,1500,1500,1500,1500,1500,2012,1500,1538,1500,2012,1500,1508,1504,1500,1520,1505,1500,2012,8.2
2025-05-02,11:38:21.310,-38,-32,10,3743,160,39,1,16,0,7,250,-4,4,7,-7,344,515,-1,-1,-1,-1,0x1020480010440014,1507,1500,1500,1500,2012,1498,1502,1500,1500,1498,988,1500,1500,1500,1500,1500,1500,1500,1500,2012,1500,1538,1500,2012,1500,1504,1502,1500,1520,1505,1500,2012,8.2
2025-05-02,11:38:21.810,-38,-30,10,3744,160,39,1,16,0,7,250,-3,8,6,-7,344,515,-1,-1,-1,-1,0x1020480010440014,1507,1501,1500,1500,2012,1499,1505,1500,1500,1499,988,1500,1500,1500,1500,1500,1500,1500,1500,2012,1500,1538,1500,2012,1500,1508,1504,1500,1520,1505,1500,2012,8.2
2025-05-02,11:38:22.310,-38,-33,10,3744,160,39,1,16,0,7,250,-4,8,7,-7,344,515,-1,-1,-1,-1,0x1020480010440014,1507,1501,1500,1500,2012,1498,1505,1500,1500,1498,988,1500,1500,1500,1500,1500,1500,1500,1500,2012,1500,1538,1500,2012,1500,1508,1504,1500,1520,1505,1500,2012,8.2
2025-05-02,11:38:22.810,-38,-32,10,3744,180,39,1,16,0,7,250,-3,9,7,-6,344,515,-1,-1,-1,-1,0x1020480010440014,1507,1501,1500,1500,2012,1499,1506,1500,1500,1499,988,1500,1500,1500,1500,1500,1500,1500,1500,2012,1500,1538,1500,2012,1500,1509,1505,1500,1520,1505,1500,2012,8.2
2025-05-02,11:38:23.310,-36,-36,10,3745,160,39,1,16,0,7,250,-4,7,7,-7,344,515,-1,-1,-1,-1,0x1020480010440014,1507,1501,1500,1500,2012,1498,1505,1500,1500,1498,988,1500,1500,1500,1500,1500,1500,1500,1500,2012,1500,1538,1500,2012,1500,1507,1503,1500,1520,1505,1500,2012,8.2
2025-05-02,11:38:23.810,-34,-45,10,3745,160,39,1,16,0,7,250,-4,9,7,-6,344,515,-1,-1,-1,-1,0x1020480010440014,1507,1501,1500,1500,2012,1498,1506,1500,1500,1498,988,1500,1500,1500,1500,1500,1500,1500,1500,2012,1500,1538,1500,2012,1500,1509,1505,1500,1520,1505,1500,2012,8.2
2025-05-02,11:38:24.310,-32,-45,10,3745,160,39,1,16,0,7,250,-3,9,7,-7,344,515,-1,-1,-1,-1,0x1020480010440014,1507,1501,1500,1500,2012,1499,1506,1500,1500,1499,988,1500,1500,1500,1500,1500,1500,1500,1500,2012,1500,1538,1500,2012,1500,1509,1505,1500,1520,1505,1500,2012,8.2
2025-05-02,11:38:24.810,-28,-45,10,3745,170,39,1,16,0,7,250,-3,8,7,-7,345,515,-1,-1,-1,-1,0x1020480010440014,1507,1501,1500,1500,2012,1499,1505,1500,1500,1499,988,1500,1500,1500,1500,1500,1500,1500,1500,2012,1500,1538,1500,2012,1500,1508,1504,1500,1520,1505,1500,2012,8.2
2025-05-02,11:38:25.310,-41,-46,10,3745,170,39,1,16,0,7,250,-4,9,7,-6,344,515,-1,-1,-1,-1,0x1020480010440014,1507,1501,1500,1500,2012,1498,1506,1500,1500,1498,988,1500,1500,1500,1500,1500,1500,1500,1500,2012,1500,1538,1500,2012,1500,1509,1505,1500,1520,1505,1500,2012,8.2
2025-05-02,11:38:25.810,-45,-41,10,3746,150,39,1,16,0,7,250,-3,9,7,-7,344,515,-1,-1,-1,-1,0x1020480010440014,1507,1501,1500,1500,2012,1499,1506,1500,1500,1499,988,1500,1500,1500,1500,1500,1500,1500,1500,2012,1500,1538,1500,2012,1500,1509,1505,1500,1520,1505,1500,2012,8.2
2025-05-02,11:38:26.310,-59,-44,10,3746,150,39,1,16,0,7,250,-2,10,7,-7,344,515,-1,-1,-1,-1,0x1020480010440014,1507,1501,1500,1500,2012,1499,1507,1500,1500,1499,988,1500,1500,1500,1500,1500,1500,1500,1500,2012,1500,1538,1500,2012,1500,1510,1505,1500,1520,1505,1500,2012,8.2
2025-05-02,11:38:26.810,-58,-65,10,3746,160,39,1,16,0,7,250,-3,9,7,-7,344,515,-1,-1,-1,-1,0x1020480010440014,1507,1501,1500,1500,2012,1499,1506,1500,1500,1499,988,1500,1500,1500,1500,1500,1500,1500,1500,2012,1500,1538,1500,2012,1500,1509,1505,1500,1520,1505,1500,2012,8.2
2025-05-02,11:38:27.310,-48,-65,10,3746,160,39,1,16,0,7,250,-3,10,7,-6,345,515,-1,-1,-1,-1,0x1020480010440014,1507,1501,1500,1500,2012,1499,1507,1500,1500,1499,988,1500,1500,1500,1500,1500,1500,1500,1500,2012,1500,1538,1500,2012,1500,1510,1505,1500,1520,1505,1500,2012,8.2
2025-05-02,11:38:27.810,-47,-65,10,3746,170,39,1,16,0,7,250,0,10,6,-7,344,515,-1,-1,-1,-1,0x1020480010440014,1508,1501,1500,1500,2012,1500,1507,1500,1500,1500,988,1500,1500,1500,1500,1500,1500,1500,1500,2012,1500,1538,1500,2012,1500,1510,1505,1500,1520,1505,1500,2012,8.2
2025-05-02,11:38:28.310,-50,-65,10,3746,160,39,1,16,0,7,250,0,11,6,-7,345,515,-1,-1,-1,-1,0x1020480010440014,1508,1501,1500,1500,2012,1500,1507,1500,1500,1500,988,1500,1500,1500,1500,1500,1500,1500,1500,2012,1500,1538,1500,2012,1500,1512,1506,1500,1520,1505,1500,2012,8.2
2025-05-02,11:38:28.810,-49,-65,10,3747,150,39,1,16,0,7,250,-2,48,7,-7,344,515,-1,-1,-1,-1,0x1020480010440014,1507,1507,1500,1500,2012,1499,1533,1500,1500,1499,988,1500,1500,1500,1500,1500,1500,1500,1372,1628,1500,1538,1500,2012,1500,1549,1527,1500,1520,1505,1500,2012,8.2
2025-05-02,11:38:29.310,-50,-65,10,3747,230,39,1,16,0,7,250,-105,8,6,-6,344,515,-1,-1,-1,-1,0x1020480014440015,1488,1501,1500,1500,2012,1448,1505,1500,1500,1448,988,1500,1500,1500,1500,1500,1500,1500,1326,2012,1500,1538,1500,2012,1500,1508,1504,1500,1520,1505,1500,2012,8.2
2025-05-02,11:38:29.810,-51,-65,10,3747,2010,39,1,16,0,7,250,-3,928,6,-7,344,515,-1,-1,-1,-1,0x1020480010442015,1507,1628,1500,1500,2012,1499,2012,1500,1500,1499,988,1500,1500,1500,1500,1500,1500,1500,1372,1628,1500,1538,1500,2012,1500,2012,2012,1500,1520,1505,1500,2012,8.2
2025-05-02,11:38:30.310,-53,-53,10,3746,8990,39,1,16,5307,7,252,-3,1023,6,-7,344,515,-1,-1,-1,-1,0x1020480010442015,1507,1628,1500,1500,2012,1499,2012,1500,1500,1499,988,1500,1500,1500,1500,1500,1500,1500,1372,1628,1500,1538,1500,2012,1500,2012,2012,1500,1520,1505,1500,2012,8.2
2025-05-02,11:38:30.810,-50,-56,10,3712,550,39,1,16,4577,7,252,-1024,845,6,-7,344,515,-1,-1,-1,-1,0x1020480014442415,1142,1628,1500,1500,2012,988,2012,1500,1500,988,988,1500,1500,1500,1500,1500,1500,1500,1372,1628,1500,1538,1500,2012,1500,2012,1996,1500,1520,1505,1500,2012,8.2
2025-05-02,11:38:31.310,-40,-56,10,3707,7030,40,1,16,5674,7,253,-894,1023,6,-6,344,515,-1,-1,-1,-1,0x1020480014442415,1214,1628,1500,1500,2012,1053,2012,1500,1500,1043,988,1500,1500,1500,1500,1500,1500,1500,1372,1628,1500,1538,1500,2012,1500,2012,2012,1500,1520,1505,1500,2012,8.2
2025-05-02,11:38:31.810,-46,-47,10,3712,5910,40,1,16,6214,7,254,-2,1023,6,-7,344,515,-1,-1,-1,-1,0x1020480010442415,1507,1628,1500,1500,2012,1499,2012,1500,1500,1499,988,1500,1500,1500,1500,1500,1500,1500,1372,1628,1500,1538,1500,2012,1500,2012,2012,1500,1520,1505,1500,2012,8.2
2025-05-02,11:38:32.310,-57,-50,10,3713,5650,40,1,16,7317,7,255,145,1023,6,-6,344,515,-1,-1,-1,-1,0x1020480014442415,1545,1628,1500,1500,2012,1572,2012,1500,1500,1573,988,1500,1500,1500,1500,1500,1500,1500,1372,1628,1500,1538,1500,2012,1500,2012,2012,1500,1520,1505,1500,2012,8.2
2025-05-02,11:38:32.810,-55,-55,10,3716,770,40,1,16,2915,7,255,1024,698,7,-7,344,515,-1,-1,-1,-1,0x1020480014442415,1812,1610,1500,1500,2012,2012,1978,1500,1500,2012,988,1500,1500,1500,1500,1500,1500,1500,1372,1628,1500,1538,1500,2012,1500,1980,1938,1500,1520,1505,1500,2012,8.2
2025-05-02,11:38:33.310,-59,-56,10,3732,1510,40,1,16,2164,7,255,1024,386,6,-7,344,515,-1,-1,-1,-1,0x1020480014440415,1812,1548,1500,1500,2012,2012,1764,1500,1500,2012,988,1500,1500,1500,1500,1500,1500,1500,1372,1628,1500,1538,1500,2012,1500,1821,1694,1500,1520,1505,1500,2012,8.2
2025-05-02,11:38:33.810,-57,-77,10,3737,1660,41,1,16,2188,7,255,-5,489,7,-7,344,515,-1,-1,-1,-1,0x1020480010440415,1507,1563,1500,1500,2012,1498,1835,1500,1500,1498,988,1500,1500,1500,1500,1500,1500,1500,1372,1628,1500,1538,1500,2012,1500,1881,1754,1500,1520,1505,1500,2012,8.2
2025-05-02,11:38:34.310,-56,-64,10,3733,1830,41,1,16,3168,7,256,-19,584,7,-7,344,515,-1,-1,-1,-1,0x1020480010440415,1504,1583,1500,1500,2012,1491,1900,1500,1500,1490,988,1500,1500,1500,1500,1500,1500,1500,1372,1628,1500,1538,1500,2012,1500,1932,1833,1500,1520,1505,1500,2012,8.2
2025-05-02,11:38:34.810,-61,-60,10,3727,11370,41,1,16,4127,7,256,729,834,6,-7,344,515,-1,-1,-1,-1,0x1020480014442015,1695,1628,1500,1500,2012,1864,2012,1500,1500,1864,988,1500,1500,1500,1500,1500,1500,1500,1372,1628,1500,1538,1500,2012,1500,2012,2012,1500,1520,1505,1500,2012,8.2
2025-05-02,11:38:35.310,-61,-60,10,3721,5730,41,1,16,6555,7,257,-146,1023,7,-7,344,515,-1,-1,-1,-1,0x1020480014442015,1480,1628,1500,1500,2012,1427,2012,1500,1500,1427,988,1500,1500,1500,1500,1500,1500,1500,1372,1628,1500,1538,1500,2012,1500,2012,2012,1500,1520,1505,1500,2012,8.2
2025-05-02,11:38:35.810,-55,-58,10,3714,5640,40,1,16,7586,8,258,777,1022,6,-7,344,515,-1,-1,-1,-1,0x1020480014442015,1710,1628,1500,1500,2012,1888,2012,1500,1500,1888,988,1500,1500,1500,1500,1500,1500,1500,1372,1628,1500,1538,1500,2012,1500,2012,2012,1500,1520,1505,1500,2012,8.2
2025-05-02,11:38:36.310,-60,-64,10,3714,5630,40,1,16,7783,8,259,407,323,6,-7,344,515,-1,-1,-1,-1,0x1020480014440015,1608,1543,1500,1500,2012,1703,1721,1500,1500,1703,988,1500,1500,1500,1500,1500,1500,1500,1372,1628,1500,1538,1500,2012,1500,2012,1685,1500,1520,1505,1500,2012,8.2
2025-05-02,11:38:36.810,-58,-64,10,3715,0,40,1,16,3242,8,259,1024,-450,7,-7,345,515,-1,-1,-1,-1,0x10204800164C0015,1812,1287,1500,1498,2012,2012,1275,1286,1500,2012,988,1500,1500,1500,1500,1500,1500,1285,1305,2012,1500,1538,1500,2012,1500,1206,1500,1500,1520,1505,1500,2012,8.2
2025-05-02,11:38:37.310,-60,-59,10,3737,960,41,1,16,2265,8,259,1024,156,7,-6,344,515,-1,-1,-1,-1,0x1020480014440015,1812,1519,1500,1500,2012,2012,1607,1500,1500,2012,988,1500,1500,1500,1500,1500,1500,1500,1372,1628,1500,1538,1500,2012,1500,1652,1574,1500,1520,1505,1500,2012,8.2
2025-05-02,11:38:37.810,-59,-59,10,3737,1330,41,1,16,1436,8,259,1024,517,7,-6,344,515,-1,-1,-1,-1,0x1020480014440015,1812,1568,1500,1500,2012,2012,1854,1500,1500,2012,988,1500,1500,1500,1500,1500,1500,1500,1372,1628,1500,1538,1500,2012,1500,1897,1772,1500,1520,1505,1500,2012,8.2
2025-05-02,11:38:38.310,-59,-58,10,3736,9610,41,1,16,5377,8,260,-181,1024,6,-7,344,515,-1,-1,-1,-1,0x1020480014442015,1477,1628,1500,1500,2012,1410,2012,1500,1500,1419,988,1500,1500,1500,1500,1500,1500,1500,1372,1628,1500,1538,1500,2012,1500,2012,2012,1500,1520,1505,1500,2012,8.2
2025-05-02,11:38:38.810,-67,-62,10,3711,5230,41,1,16,6981,8,261,1,699,6,-7,344,515,-1,-1,-1,-1,0x1020480010442415,1508,1614,1500,1500,2012,1500,1979,1500,1500,1500,988,1500,1500,1500,1500,1500,1500,1500,1372,1628,1500,1538,1500,2012,1500,1989,1958,1500,1520,1505,1500,2012,8.2
2025-05-02,11:38:39.310,-53,-52,10,3712,380,41,1,16,6197,8,261,-1,299,7,-7,344,515,-1,-1,-1,-1,0x1020480010440415,1508,1537,1500,1500,2012,1500,1705,1500,1500,1500,988,1500,1500,1500,1500,1500,1500,1500,1372,1628,1500,1538,1500,2012,1500,1764,1650,1500,1520,1505,1500,2012,8.2
2025-05-02,11:38:39.810,-53,-50,10,3734,1670,40,1,16,4748,8,261,-1024,639,7,-6,344,515,-1,-1,-1,-1,0x1020480014442415,1142,1598,1500,1500,2012,988,1937,1500,1500,988,988,1500,1500,1500,1500,1500,1500,1500,1372,1628,1500,1538,1500,2012,1500,1959,1891,1500,1520,1505,1500,2012,8.2
2025-05-02,11:38:40.310,-45,-46,10,3734,5280,40,1,16,4866,8,262,-543,698,7,-6,344,515,-1,-1,-1,-1,0x1020480014442415,1382,1614,1500,1500,2012,1229,1978,1500,1500,1229,988,1500,1500,1500,1500,1500,1500,1500,1372,1628,1500,1538,1500,2012,1500,1988,1957,1500,1520,1505,1500,2012,8.2
2025-05-02,11:38:40.810,-49,-46,10,3713,6480,40,1,16,6219,8,263,7,835,6,-7,344,515,-1,-1,-1,-1,0x1020480010442415,1507,1628,1500,1500,2012,1503,2012,1500,1500,1498,988,1500,1500,1500,1500,1500,1500,1500,1372,1628,1500,1538,1500,2012,1500,2012,2012,1500,1520,1505,1500,2012,8.2
2025-05-02,11:38:41.310,-59,-49,10,3710,5870,40,1,16,6967,8,264,557,877,6,-7,344,515,-1,-1,-1,-1,0x1020480014442415,1642,1628,1500,1500,2012,1778,2012,1500,1500,1772,988,1500,1500,1500,1500,1500,1500,1500,1372,1628,1500,1538,1500,2012,1500,2012,2012,1500,1520,1505,1500,2012,8.2
2025-05-02,11:38:41.810,-59,-50,10,3711,1120,40,1,16,5476,8,264,1024,-274,7,-7,344,515,-1,-1,-1,-1,0x10204800164C0415,1812,1374,1500,1499,2012,2012,1363,1372,1500,2012,988,1500,1500,1500,1500,1500,1500,1372,988,2012,1500,1538,1500,2012,1500,1692,1500,1500,1520,1505,1500,2012,8.2
2025-05-02,11:38:42.310,-49,-55,10,3713,1290,40,1,16,2009,8,265,1024,455,7,-7,344,515,-1,-1,-1,-1,0x1020480014440415,1812,1558,1500,1500,2012,2012,1811,1500,1500,2012,988,1500,1500,1500,1500,1500,1500,1500,1372,1628,1500,1538,1500,2012,1500,1862,1733,1500,1520,1505,1500,2012,8.2
2025-05-02,11:38:42.810,-55,-56,10,3733,1390,40,1,16,1832,8,265,1024,462,6,-7,344,515,-1,-1,-1,-1,0x1020480014440015,1812,1559,1500,1500,2012,2012,1816,1500,1500,2012,988,1500,1500,1500,1500,1500,1500,1500,1372,1628,1500,1538,1500,2012,1500,1866,1737,1500,1520,1505,1500,2012,8.2
2025-05-02,11:38:43.310,-58,-64,10,3733,1330,41,1,16,1855,8,265,1024,486,7,-7,344,515,-1,-1,-1,-1,0x1020480014440015,1812,1563,1500,1500,2012,2012,1833,1500,1500,2012,988,1500,1500,1500,1500,1500,1500,1500,1372,1628,1500,1538,1500,2012,1500,1880,1752,1500,1520,1505,1500,2012,8.2
2025-05-02,11:38:43.810,-63,-60,10,3731,8760,41,1,16,5395,8,266,330,1023,6,-7,344,515,-1,-1,-1,-1,0x1020480014442015,1586,1628,1500,1500,2012,1665,2012,1500,1500,1654,988,1500,1500,1500,1500,1500,1500,1500,1372,1628,1500,1538,1500,2012,1500,2012,2012,1500,1520,1505,1500,2012,8.2
2025-05-02,11:38:44.310,-63,-56,10,3710,5640,41,1,16,6820,8,267,213,1023,6,-7,344,515,-1,-1,-1,-1,0x1020480014442415,1562,1628,1500,1500,2012,1606,2012,1500,1500,1606,988,1500,1500,1500,1500,1500,1500,1500,1372,1628,1500,1538,1500,2012,1500,2012,2012,1500,1520,1505,1500,2012,8.2
2025-05-02,11:38:44.810,-58,-56,10,3708,5640,41,1,16,7234,8,267,1024,927,6,-7,344,515,-1,-1,-1,-1,0x1020480014442415,1812,1628,1500,1500,2012,2012,2012,1500,1500,2012,988,1500,1500,1500,1500,1500,1500,1500,1372,1628,1500,1538,1500,2012,1500,2012,2012,1500,1520,1505,1500,2012,8.2
2025-05-02,11:38:45.310,-58,-59,10,3711,6650,41,1,16,6070,8,268,351,1022,6,-6,344,515,-1,-1,-1,-1,0x1020480014442415,1596,1628,1500,1500,2012,1675,2012,1500,1500,1675,988,1500,1500,1500,1500,1500,1500,1500,1372,1628,1500,1538,1500,2012,1500,2012,2012,1500,1520,1505,1500,2012,8.2
2025-05-02,11:38:45.810,-58,-57,10,3708,5740,42,1,16,6927,8,269,1024,11,6,-7,344,515,-1,-1,-1,-1,0x1020480014440415,1812,1501,1500,1500,2012,2012,1507,1500,1500,2012,988,1500,1500,1500,1500,1500,1500,1500,1321,1679,1500,1538,1500,2012,1500,2012,1522,1500,1520,1505,1500,2012,8.2
2025-05-02,11:38:46.310,-58,-56,10,3709,13040,43,1,16,5296,8,269,1024,659,7,-7,344,515,-1,-1,-1,-1,0x1020480014442415,1812,1608,1500,1500,2012,2012,1951,1500,1500,2012,988,1500,1500,1500,1500,1500,1500,1500,1372,1628,1500,1538,1500,2012,1500,1983,1934,1500,1520,1505,1500,2012,8.2
2025-05-02,11:38:46.810,-61,-61,10,3729,10310,42,1,16,5473,8,270,1024,990,6,-7,344,515,-1,-1,-1,-1,0x1020480014442415,1812,1628,1500,1500,2012,2012,2012,1500,1500,2012,988,1500,1500,1500,1500,1500,1500,1500,1372,1628,1500,1538,1500,2012,1500,2012,2012,1500,1520,1505,1500,2012,8.2
2025-05-02,11:38:47.310,-67,-65,10,3704,7950,41,1,16,5587,8,271,1024,1023,6,-7,344,515,-1,-1,-1,-1,0x1020480014442415,1812,1628,1500,1500,2012,2012,2012,1500,1500,2012,988,1500,1500,1500,1500,1500,1500,1500,1372,1628,1500,1538,1500,2012,1500,2012,2012,1500,1520,1505,1500,2012,8.2
2025-05-02,11:38:47.810,-67,-63,10,3702,14500,41,1,16,4331,8,272,1024,980,6,-7,344,515,-1,-1,-1,-1,0x1020480014442415,1812,1628,1500,1500,2012,2012,2012,1500,1500,2012,988,1500,1500,1500,1500,1500,1500,1500,1372,1628,1500,1538,1500,2012,1500,2012,2012,1500,1520,1505,1500,2012,8.2
2025-05-02,11:38:48.310,-87,-63,10,3707,650,41,1,16,716,8,272,1024,6,6,-7,344,515,-1,-1,-1,-1,0x1020480014440015,1812,1501,1500,1500,2012,2012,1504,1500,1500,2012,988,1500,1500,1500,1500,1500,1500,1500,1080,2012,1500,1538,1500,2012,1500,1506,1503,1500,1520,1505,1500,2012,8.2
2025-05-02,11:38:48.810,-87,-61,10,3731,400,41,1,16,0,8,272,-302,1,6,-7,344,515,-1,-1,-1,-1,0x1020480014440015,1452,1500,1500,1500,2012,1349,1500,1500,1500,1356,988,1500,1500,1500,1500,1500,1500,1500,1372,2012,1500,1538,1500,2012,1500,1501,1500,1500,1520,1505,1500,2012,8.2
2025-05-02,11:38:49.310,-63,-62,10,3734,210,41,1,16,0,8,272,-1,3,6,-7,344,515,-1,-1,-1,-1,0x1020480010440015,1508,1500,1500,1500,2012,1500,1502,1500,1500,1500,988,1500,1500,1500,1500,1500,1500,1500,1372,2012,1500,1538,1500,2012,1500,1501,1500,1500,1520,1505,1500,2012,8.2
2025-05-02,11:38:49.810,-63,-62,10,3736,260,41,1,16,0,8,272,-2,5,6,-7,344,515,-1,-1,-1,-1,0x1020480010440015,1507,1501,1500,1500,2012,1499,1503,1500,1500,1499,988,1500,1500,1500,1500,1500,1500,1500,1500,2012,1500,1538,1500,2012,1500,1506,1502,1500,1520,1505,1500,2012,8.2
2025-05-02,11:38:50.310,-63,-57,10,3737,160,40,1,16,0,8,272,-2,8,7,-6,344,515,-1,-1,-1,-1,0x1020480010440015,1507,1501,1500,1500,2012,1499,1505,1500,1500,1499,988,1500,1500,1500,1500,1500,1500,1500,1500,2012,1500,1538,1500,2012,1500,1508,1504,1500,1520,1505,1500,2012,8.2
2025-05-02,11:38:50.800,-63,-55,10,3738,160,40,1,16,0,8,272,-2,5,6,-7,344,515,-1,-1,-1,-1,0x1020480010440015,1507,1500,1500,1500,2012,1499,1503,1500,1500,1499,988,1500,1500,1500,1500,1500,1500,1500,1500,2012,1500,1538,1500,2012,1500,1505,1502,1500,1520,1505,1500,2012,8.2
2025-05-02,11:38:51.300,-53,-57,10,3739,170,39,1,16,0,8,272,-2,7,7,-7,344,515,-1,-1,-1,-1,0x1020480010440015,1507,1501,1500,1500,2012,1499,1505,1500,1500,1499,988,1500,1500,1500,1500,1500,1500,1500,1500,2012,1500,1538,1500,2012,1500,1507,1503,1500,1520,1505,1500,2012,8.2
2025-05-02,11:38:51.780,-48,-57,10,3739,160,39,1,16,0,8,272,-2,6,7,-6,344,515,-1,-1,-1,-1,0x1020480010440014,1507,1500,1500,1500,2012,1499,1504,1500,1500,1499,988,1500,1500,1500,1500,1500,1500,1500,1500,2012,1500,1538,1500,2012,1500,1505,1502,1500,1520,1505,1500,2012,8.2
2025-05-02,11:38:52.280,-44,-57,10,3740,170,39,1,16,0,8,272,-2,5,6,-7,344,515,-1,-1,-1,-1,0x1020480010440014,1507,1500,1500,1500,2012,1499,1503,1500,1500,1499,988,1500,1500,1500,1500,1500,1500,1500,1500,2012,1500,1538,1500,2012,1500,1505,1502,1500,1520,1505,1500,2012,8.2
2025-05-02,11:38:52.780,-49,-57,10,3740,160,39,1,16,0,8,272,-2,5,7,-7,344,515,-1,-1,-1,-1,0x1020480010440014,1507,1500,1500,1500,2012,1499,1503,1500,1500,1499,988,1500,1500,1500,1500,1500,1500,1500,1500,2012,1500,1538,1500,2012,1500,1505,1502,1500,1520,1505,1500,2012,8.2
2025-05-02,11:38:53.280,-50,-30,10,3740,160,39,1,16,0,8,272,-2,7,7,-7,344,515,-1,-1,-1,-1,0x1020480010440014,1507,1501,1500,1500,2012,1499,1505,1500,1500,1499,988,1500,1500,1500,1500,1500,1500,1500,1500,2012,1500,1538,1500,2012,1500,1507,1503,1500,1520,1505,1500,2012,8.2
2025-05-02,11:38:53.780,-39,-50,10,3740,160,39,1,16,0,8,272,-2,29,7,-7,344,515,-1,-1,-1,-1,0x1020480010440014,1507,1504,1500,1500,2012,1500,1520,1500,1500,1499,988,1500,1500,1500,1500,1500,1500,1500,1500,2012,1500,1538,1500,2012,1500,1530,1517,1500,1520,1505,1500,2012,8.2
2025-05-02,11:38:54.280,-39,-50,10,3741,400,39,1,16,0,8,272,-2,7,7,-7,345,515,-1,-1,-1,-1,0x1020480010440014,1507,1501,1500,1500,2012,1499,1505,1500,1500,1499,988,1500,1500,1500,1500,1500,1500,1500,1500,2012,1500,1538,1500,2012,1500,1507,1503,1500,1520,1505,1500,2012,8.2
2025-05-02,11:38:54.780,-37,-50,10,3741,170,39,1,16,1144,8,272,-2,7,7,-7,344,515,-1,-1,-1,-1,0x1020480010440014,1508,1501,1500,1500,2012,1499,1505,1500,1500,1500,988,1500,1500,1500,1500,1500,1500,1500,1500,2012,1500,1538,1500,2012,1500,1507,1503,1500,1520,1505,1500,2012,8.2
2025-05-02,11:38:55.280,-37,-50,10,3741,160,39,1,16,667,8,272,-2,9,6,-7,344,515,-1,-1,-1,-1,0x1020480010440014,1507,1501,1500,1500,2012,1499,1505,1500,1500,1499,988,1500,1500,1500,1500,1500,1500,1500,1500,2012,1500,1538,1500,2012,1500,1509,1505,1500,1520,1505,1500,2012,8.2
2025-05-02,11:38:55.780,-38,-34,10,3742,170,39,1,16,310,8,272,-2,9,6,-7,344,515,-1,-1,-1,-1,0x1020480010440014,1507,1501,1500,1500,2012,1499,1506,1500,1500,1499,988,1500,1500,1500,1500,1500,1500,1500,1500,2012,1500,1538,1500,2012,1500,1509,1505,1500,1520,1505,1500,2012,8.2
2025-05-02,11:38:56.280,-38,-30,10,3742,160,39,1,16,0,8,273,-2,8,7,-7,344,515,-1,-1,-1,-1,0x1020480010440014,1507,1501,1500,1500,2012,1499,1505,1500,1500,1499,988,1500,1500,1500,1500,1500,1500,1500,1500,2012,1500,1538,1500,2012,1500,1508,1504,1500,1520,1505,1500,2012,8.2
2025-05-02,11:38:56.780,-38,-35,10,3742,1360,39,1,16,0,8,273,-34,5,7,-6,345,516,-1,-1,-1,-1,0x1020480010440015,1506,1500,1500,1500,2012,1483,1503,1500,1500,1495,988,1500,1500,1500,1500,1500,1500,1500,1275,2012,1500,1538,1500,2012,1500,1505,1502,1500,1520,1505,1500,2012,8.2
2025-05-02,11:38:57.280,-40,-45,10,3742,170,39,1,16,0,8,273,-5,6,6,-7,345,515,-1,-1,-1,-1,0x1020480010440015,1507,1501,1500,1500,2012,1498,1504,1500,1500,1498,988,1500,1500,1500,1500,1500,1500,1500,1372,2012,1500,1538,1500,2012,1500,1506,1503,1500,1520,1505,1500,2012,8.2
2025-05-02,11:38:57.780,-47,-54,10,3742,170,39,1,16,0,8,273,-3,8,7,-7,345,515,-1,-1,-1,-1,0x1020480010440015,1507,1501,1500,1500,2012,1499,1505,1500,1500,1499,988,1500,1500,1500,1500,1500,1500,1500,1398,2012,1500,1538,1500,2012,1500,1508,1504,1500,1520,1505,1500,2012,8.2
2025-05-02,11:38:58.280,-53,-43,10,3742,540,39,1,16,0,8,273,-1024,370,7,-7,345,515,-1,-1,-1,-1,0x1020480014440015,1142,1546,1500,1500,2012,988,1754,1500,1500,988,988,1500,1500,1500,1500,1500,1500,1500,1372,1628,1500,1538,1500,2012,1500,1811,1681,1500,1520,1505,1500,2012,8.2
2025-05-02,11:38:58.780,-48,-48,10,3742,1610,39,1,16,1351,8,273,-1024,482,7,-7,345,516,-1,-1,-1,-1,0x1020480014440815,1142,1562,1500,1500,2012,988,1830,1500,1500,988,988,1500,1500,1500,1500,1500,1500,1500,1372,1628,1500,1538,1500,2012,1500,1878,1749,1500,1520,1505,1500,2012,8.2
2025-05-02,11:38:59.280,-49,-48,10,3736,1380,40,1,16,2135,8,273,-344,366,7,-7,345,515,-1,-1,-1,-1,0x1020480014440815,1411,1547,1500,1500,2012,1339,1750,1500,1500,1328,988,1500,1500,1500,1500,1500,1500,1500,1372,1628,1500,1538,1500,2012,1500,1808,1689,1500,1520,1505,1500,2012,8.2
2025-05-02,11:38:59.780,-47,-53,10,3736,630,40,1,16,1901,8,273,8,424,6,-7,344,515,-1,-1,-1,-1,0x1020480010440015,1510,1553,1500,1500,2012,1504,1790,1500,1500,1503,988,1500,1500,1500,1500,1500,1500,1500,1372,1628,1500,1538,1500,2012,1500,1844,1713,1500,1520,1505,1500,2012,8.2
2025-05-02,11:39:00.280,-48,-53,10,3741,150,40,1,16,1404,8,273,1,-705,7,-7,344,515,-1,-1,-1,-1,0x1020480012480015,1508,1237,1500,1498,2012,1500,1148,1235,1500,1500,988,1500,1500,1500,1500,1500,1500,1235,1050,2012,1500,1538,1500,2012,1500,1253,1500,1500,1520,1505,1500,2012,8.2
2025-05-02,11:39:00.780,-38,-53,10,3742,160,40,1,16,227,8,273,0,7,6,-7,344,515,-1,-1,-1,-1,0x1020480010440015,1508,1501,1500,1500,2012,1500,1505,1500,1500,1500,988,1500,1500,1500,1500,1500,1500,1500,1372,2012,1500,1538,1500,2012,1500,1507,1503,1500,1520,1505,1500,2012,8.2
2025-05-02,11:39:01.280,-43,-29,10,3743,200,39,1,16,0,8,274,-2,8,6,-7,345,515,-1,-1,-1,-1,0x1020480010440015,1507,1501,1500,1500,2012,1499,1505,1500,1500,1499,988,1500,1500,1500,1500,1500,1500,1500,1372,2012,1500,1538,1500,2012,1500,1508,1504,1500,1520,1505,1500,2012,8.2
2025-05-02,11:39:01.780,-43,-31,10,3743,200,39,1,16,0,8,274,-3,8,6,-7,344,515,-1,-1,-1,-1,0x1020480010440015,1507,1501,1500,1500,2012,1499,1505,1500,1500,1499,988,1500,1500,1500,1500,1500,1500,1500,1500,2012,1500,1538,1500,2012,1500,1508,1504,1500,1520,1505,1500,2012,8.2
2025-05-02,11:39:02.280,-42,-38,10,3743,160,39,1,16,0,8,274,-653,9,6,-7,344,515,-1,-1,-1,-1,0x1020480014440015,1346,1501,1500,1500,2012,1174,1506,1500,1500,1179,988,1500,1500,1500,1500,1500,1500,1500,1500,2012,1500,1538,1500,2012,1500,1509,1505,1500,1520,1505,1500,2012,8.2
2025-05-02,11:39:02.780,-41,-43,10,3743,380,39,1,16,0,8,274,18,12,6,-7,344,515,-1,-1,-1,-1,0x1020480010440015,1515,1501,1500,1500,2012,1509,1508,1500,1500,1509,988,1500,1500,1500,1500,1500,1500,1500,1500,2012,1500,1538,1500,2012,1500,1512,1506,1500,1520,1505,1500,2012,8.2
2025-05-02,11:39:03.280,-41,-46,10,3743,290,40,1,16,0,8,274,8,10,7,-7,344,515,-1,-1,-1,-1,0x1020480010440015,1510,1501,1500,1500,2012,1504,1507,1500,1500,1504,988,1500,1500,1500,1500,1500,1500,1500,1500,2012,1500,1538,1500,2012,1500,1510,1505,1500,1520,1505,1500,2012,8.2
2025-05-02,11:39:03.780,-55,-50,10,3743,190,40,1,16,0,8,274,-133,9,7,-7,344,515,-1,-1,-1,-1,0x1020480014440014,1482,1501,1500,1500,2012,1434,1506,1500,1500,1434,988,1500,1500,1500,1500,1500,1500,1500,1500,2012,1500,1538,1500,2012,1500,1509,1505,1500,1520,1505,1500,2012,8.2
2025-05-02,11:39:04.280,-57,-54,10,3744,250,40,1,16,0,8,274,10,10,6,-7,344,515,-1,-1,-1,-1,0x1020480010440014,1510,1501,1500,1500,2012,1505,1507,1500,1500,1505,988,1500,1500,1500,1500,1500,1500,1500,1500,2012,1500,1538,1500,2012,1500,1510,1505,1500,1520,1505,1500,2012,8.2
2025-05-02,11:39:04.780,-53,-54,10,3744,250,40,1,16,0,8,274,-1,11,6,-7,345,515,-1,-1,-1,-1,0x1020480010440014,1508,1501,1500,1500,2012,1500,1507,1500,1500,1500,988,1500,1500,1500,1500,1500,1500,1500,1500,2012,1500,1538,1500,2012,1500,1512,1506,1500,1520,1505,1500,2012,8.2
2025-05-02,11:39:05.280,-55,-54,10,3744,240,40,1,16,0,8,274,-1,12,7,-7,344,515,-1,-1,-1,-1,0x1020480010440014,1508,1501,1500,1500,2012,1500,1508,1500,1500,1500,988,1500,1500,1500,1500,1500,1500,1500,1500,2012,1500,1538,1500,2012,1500,1512,1506,1500,1520,1505,1500,2012,8.2
2025-05-02,11:39:05.780,-55,-54,10,3744,240,40,1,16,0,8,274,-1,11,6,-7,345,515,-1,-1,-1,-1,0x1020480010440014,1508,1501,1500,1500,2012,1500,1507,1500,1500,1500,988,1500,1500,1500,1500,1500,1500,1500,1500,2012,1500,1538,1500,2012,1500,1510,1506,1500,1520,1505,1500,2012,8.2
2025-05-02,11:39:06.280,-56,-50,10,3744,440,40,1,16,0,8,274,-1010,234,7,-7,345,515,-1,-1,-1,-1,0x1020480014440015,1152,1529,1500,1500,2012,995,1660,1500,1500,995,988,1500,1500,1500,1500,1500,1500,1500,1372,1628,1500,1538,1500,2012,1500,1716,1615,1500,1520,1505,1500,2012,8.2
2025-05-02,11:39:06.780,-56,-50,10,3744,480,40,1,16,0,8,274,-91,210,7,-7,345,515,-1,-1,-1,-1,0x1020480014440015,1489,1525,1500,1500,2012,1455,1644,1500,1500,1455,988,1500,1500,1500,1500,1500,1500,1500,1372,1628,1500,1538,1500,2012,1500,1697,1602,1500,1520,1505,1500,2012,8.2
2025-05-02,11:39:07.280,-56,-51,10,3744,630,40,1,16,0,8,274,880,242,6,-7,344,515,-1,-1,-1,-1,0x1020480014440015,1741,1530,1500,1500,2012,1940,1666,1500,1500,1940,988,1500,1500,1500,1500,1500,1500,1500,1372,1628,1500,1538,1500,2012,1500,1722,1619,1500,1520,1505,1500,2012,8.2
2025-05-02,11:39:07.780,-56,-53,10,3743,410,40,1,16,0,8,274,-3,222,6,-6,344,515,-1,-1,-1,-1,0x1020480010440015,1507,1527,1500,1500,2012,1499,1651,1500,1500,1499,988,1500,1500,1500,1500,1500,1500,1500,1372,1628,1500,1538,1500,2012,1500,1706,1608,1500,1520,1505,1500,2012,8.2
2025-05-02,11:39:08.280,-56,-52,10,3744,440,40,1,16,0,8,274,9,209,7,-7,345,515,-1,-1,-1,-1,0x1020480010440015,1514,1525,1500,1500,2012,1504,1643,1500,1500,1504,988,1500,1500,1500,1500,1500,1500,1500,1372,1628,1500,1538,1500,2012,1500,1696,1602,1500,1520,1505,1500,2012,8.2
2025-05-02,11:39:08.780,-56,-54,10,3744,12580,40,1,16,4569,8,275,0,1022,6,-7,345,515,-1,-1,-1,-1,0x1020480010442015,1508,1628,1500,1500,2012,1500,2012,1500,1500,1500,988,1500,1500,1500,1500,1500,1500,1500,1372,1628,1500,1538,1500,2012,1500,2012,2012,1500,1520,1505,1500,2012,8.2
2025-05-02,11:39:09.280,-51,-56,10,3740,1880,40,1,16,2794,8,276,-1024,589,7,-7,345,515,-1,-1,-1,-1,0x1020480014440015,1142,1584,1500,1500,2012,988,1903,1500,1500,988,988,1500,1500,1500,1500,1500,1500,1500,1372,1628,1500,1538,1500,2012,1500,1934,1837,1500,1520,1505,1500,2012,8.2
2025-05-02,11:39:09.780,-35,-56,10,3714,10950,40,1,16,3964,8,277,-619,746,6,-6,344,515,-1,-1,-1,-1,0x1020480014442C15,1346,1627,1500,1500,2012,1191,2011,1500,1500,1178,988,1500,1500,1500,1500,1500,1500,1500,1372,1628,1500,1538,1500,2012,1500,2010,2008,1500,1520,1505,1500,2012,8.2
2025-05-02,11:39:10.280,-51,-46,10,3705,4830,40,1,16,6287,8,278,3,1007,6,-7,344,515,-1,-1,-1,-1,0x1020480010442415,1506,1628,1500,1500,2012,1501,2012,1500,1500,1501,988,1500,1500,1500,1500,1500,1500,1500,1372,1628,1500,1538,1500,2012,1500,2012,2012,1500,1520,1505,1500,2012,8.2
2025-05-02,11:39:10.780,-61,-60,10,3712,5550,40,1,16,6541,8,278,-131,1023,6,-7,344,515,-1,-1,-1,-1,0x1020480014442415,1479,1628,1500,1500,2012,1435,2012,1500,1500,1426,988,1500,1500,1500,1500,1500,1500,1500,1372,1628,1500,1538,1500,2012,1500,2012,2012,1500,1520,1505,1500,2012,8.2
2025-05-02,11:39:11.280,-61,-52,10,3712,6130,41,1,16,6276,8,279,1024,714,7,-6,344,515,-1,-1,-1,1,0x1020480014442415,1812,1628,1500,1500,2012,2012,1989,1500,1500,2012,988,1500,1500,1500,1500,1500,1500,1500,1372,1628,1500,1538,1500,2012,1500,2012,2012,1500,1520,1505,1500,2012,8.2
2025-05-02,11:39:11.780,-54,-55,10,3713,670,41,1,16,3300,8,279,1024,377,6,-7,344,515,-1,-1,-1,-1,0x1020480014440415,1812,1547,1500,1500,2012,2012,1758,1500,1500,2012,988,1500,1500,1500,1500,1500,1500,1500,1372,1628,1500,1538,1500,2012,1500,1815,1689,1500,1520,1505,1500,2012,8.2
2025-05-02,11:39:12.280,-58,-60,10,3735,1220,41,1,16,2345,8,280,1024,465,6,-7,344,515,-1,-1,-1,-1,0x1020480014440415,1812,1560,1500,1500,2012,2012,1818,1500,1500,2012,988,1500,1500,1500,1500,1500,1500,1500,1372,1628,1500,1538,1500,2012,1500,1868,1739,1500,1520,1505,1500,2012,8.2
2025-05-02,11:39:12.780,-58,-60,10,3735,5030,41,1,16,2846,8,280,329,640,6,-6,345,515,-1,-1,-1,-1,0x1020480014442415,1594,1598,1500,1500,2012,1664,1938,1500,1500,1664,988,1500,1500,1500,1500,1500,1500,1500,1372,1628,1500,1538,1500,2012,1500,1960,1892,1500,1520,1505,1500,2012,8.2
2025-05-02,11:39:13.280,-59,-62,10,3730,6870,41,1,16,5935,8,281,836,1023,6,-7,345,515,-1,-1,-1,-1,0x1020480014442415,1731,1628,1500,1500,2012,1918,2012,1500,1500,1926,988,1500,1500,1500,1500,1500,1500,1500,1372,1628,1500,1538,1500,2012,1500,2012,2012,1500,1520,1505,1500,2012,8.2
2025-05-02,11:39:13.760,-57,-58,10,3710,5300,41,1,16,6912,8,282,-252,1024,6,-7,344,515,-1,-1,-1,-1,0x1020480014442015,1459,1628,1500,1500,2012,1374,2012,1500,1500,1374,988,1500,1500,1500,1500,1500,1500,1500,1372,1628,1500,1538,1500,2012,1500,2012,2012,1500,1520,1505,1500,2012,8.2
2025-05-02,11:39:14.260,-58,-58,10,3709,5360,41,1,16,7500,8,282,-10,1023,7,-7,344,515,-1,-1,-1,-1,0x1020480010442015,1506,1628,1500,1500,2012,1495,2012,1500,1500,1495,988,1500,1500,1500,1500,1500,1500,1500,1372,1628,1500,1538,1500,2012,1500,2012,2012,1500,1520,1505,1500,2012,8.2
2025-05-02,11:39:14.750,-62,-56,10,3711,6270,41,1,16,7093,8,283,1024,740,6,-6,344,515,-1,-1,-1,-1,0x1020480014442015,1812,1628,1500,1500,2012,2012,2007,1500,1500,2012,988,1500,1500,1500,1500,1500,1500,1500,1372,1628,1500,1538,1500,2012,1500,2012,2012,1500,1520,1505,1500,2012,8.2
2025-05-02,11:39:15.250,-71,-60,10,3712,560,41,1,16,3429,8,283,1024,189,6,-7,344,515,-1,-1,-1,-1,0x1020480014440015,1812,1522,1500,1500,2012,2012,1629,1500,1500,2012,988,1500,1500,1500,1500,1500,1500,1500,1372,1628,1500,1538,1500,2012,1500,1679,1597,1500,1520,1505,1500,2012,8.2
2025-05-02,11:39:15.750,-71,-59,10,3734,880,42,1,16,2746,8,283,1024,306,6,-7,345,515,-1,-1,-1,-1,0x1020480014440015,1812,1538,1500,1500,2012,2012,1709,1500,1500,2012,988,1500,1500,1500,1500,1500,1500,1500,1372,1628,1500,1538,1500,2012,1500,1768,1654,1500,1520,1505,1500,2012,8.2
2025-05-02,11:39:16.250,-71,-59,10,3735,1080,42,1,16,1593,8,284,1024,69,7,-7,344,515,-1,-1,-1,-1,0x1020480014440015,1812,1511,1500,1500,2012,2012,1547,1500,1500,2012,988,1500,1500,1500,1500,1500,1500,1500,1372,1628,1500,1538,1500,2012,1500,1669,1551,1500,1520,1505,1500,2012,8.2
2025-05-02,11:39:16.750,-67,-69,10,3736,280,42,1,16,510,8,284,112,-706,7,-6,344,515,-1,-1,-1,-1,0x1020480016400015,1539,1237,1500,1498,2012,1556,1147,1235,1500,1556,988,1500,1500,1500,1500,1500,1500,1235,1336,2012,1500,1538,1500,988,1500,1104,1500,1500,1520,1505,1500,2012,8.2
2025-05-02,11:39:17.250,-72,-68,10,3738,310,42,1,16,0,8,284,19,-602,7,-7,345,516,-1,-1,-1,-1,0x1020480012480015,1512,1270,1500,1498,2012,1509,1199,1268,1500,1509,988,1500,1500,1500,1500,1500,1500,1268,1372,2012,1500,1538,1500,988,1500,1147,1500,1500,1520,1505,1500,2012,8.2
2025-05-02,11:39:17.750,-68,-69,10,3739,200,41,1,16,0,8,284,-3,2,6,-7,345,515,-1,-1,-1,-1,0x1020480010440015,1507,1500,1500,1500,2012,1499,1501,1500,1500,1499,988,1500,1500,1500,1500,1500,1500,1500,1484,2012,1500,1538,1500,2012,1500,1501,1500,1500,1520,1505,1500,2012,8.2
2025-05-02,11:39:18.250,-67,-66,10,3740,200,40,1,16,0,8,284,-4,2,7,-6,345,515,-1,-1,-1,-1,0x1020480010440015,1507,1500,1500,1500,2012,1498,1501,1500,1500,1498,988,1500,1500,1500,1500,1500,1500,1500,1500,2012,1500,1538,1500,2012,1500,1501,1500,1500,1520,1505,1500,2012,8.2
2025-05-02,11:39:18.750,-67,-62,10,3740,2100,40,1,16,0,8,284,20,5,7,-7,344,515,-1,-1,-1,-1,0x1020480010440015,1486,1500,1500,1500,2012,1510,1503,1500,1500,1510,988,1500,1500,1500,1500,1500,1500,1500,1500,2012,1500,1538,1500,2012,1500,1505,1502,1500,1520,1505,1500,2012,8.2
2025-05-02,11:39:19.250,-71,-63,10,3740,200,40,1,16,0,8,284,-5,5,7,-7,345,515,-1,-1,-1,-1,0x1020480010440015,1507,1500,1500,1500,2012,1498,1503,1500,1500,1498,988,1500,1500,1500,1500,1500,1500,1500,1500,2012,1500,1538,1500,2012,1500,1505,1502,1500,1520,1505,1500,2012,8.2
2025-05-02,11:39:19.750,-65,-63,10,3741,170,40,1,16,0,8,284,-5,122,7,-6,344,515,-1,-1,-1,-1,0x1020480010440015,1506,1515,1500,1500,2012,1498,1583,1500,1500,1498,988,1500,1500,1500,1500,1500,1500,1500,1372,1628,1500,1538,1500,2012,1500,1622,1560,1500,1520,1505,1500,2012,8.2
2025-05-02,11:39:20.250,-68,-61,10,3741,14150,40,1,16,4702,8,285,1,879,6,-6,344,515,-1,-1,-1,-1,0x1020480010442015,1508,1628,1500,1500,2012,1500,2012,1500,1500,1500,988,1500,1500,1500,1500,1500,1500,1500,1372,1628,1500,1538,1500,2012,1500,2012,2012,1500,1520,1505,1500,2012,8.2
2025-05-02,11:39:20.750,-67,-62,10,3712,5700,40,1,16,6504,8,286,-218,1024,6,-7,345,515,-1,-1,-1,-1,0x1020480014442415,1469,1628,1500,1500,2012,1391,2012,1500,1500,1391,988,1500,1500,1500,1500,1500,1500,1500,1372,1628,1500,1538,1500,2012,1500,2012,2012,1500,1520,1505,1500,2012,8.2
2025-05-02,11:39:21.250,-67,-63,10,3712,0,40,1,16,4510,8,286,-101,5,7,-7,345,515,-1,-1,-1,-1,0x1020480014440415,1489,1500,1500,1500,2012,1450,1503,1500,1500,1450,988,1500,1500,1500,1500,1500,1500,1500,1213,2012,1500,1538,1500,2012,1500,1505,1502,1500,1520,1505,1500,2012,8.2
2025-05-02,11:39:21.750,-67,-54,10,3737,450,40,1,16,3507,8,286,-336,131,6,-7,344,515,-1,-1,-1,-1,0x1020480014440415,1440,1516,1500,1500,2012,1332,1589,1500,1500,1333,988,1500,1500,1500,1500,1500,1500,1500,1372,1628,1500,1538,1500,2012,1500,1630,1564,1500,1520,1505,1500,2012,8.2
2025-05-02,11:39:22.250,-67,-47,10,3739,550,40,1,16,1637,8,286,-1024,246,7,-6,344,515,-1,-1,-1,-1,0x1020480014440C15,1142,1530,1500,1500,2012,988,1668,1500,1500,988,988,1500,1500,1500,1500,1500,1500,1500,1372,1628,1500,1538,1500,2012,1500,1725,1621,1500,1520,1505,1500,2012,8.2
2025-05-02,11:39:22.750,-67,-41,10,3738,1560,40,1,16,641,8,286,-273,433,6,-7,344,515,-1,-1,-1,-1,0x1020480014440415,1460,1554,1500,1500,2012,1364,1796,1500,1500,1364,988,1500,1500,1500,1500,1500,1500,1500,1372,1628,1500,1538,1500,2012,1500,1850,1718,1500,1520,1505,1500,2012,8.2
2025-05-02,11:39:23.250,-67,-39,10,3734,10970,40,1,16,4917,8,288,-1024,1024,6,-7,344,515,-1,-1,-1,-1,0x1020480014442415,1142,1628,1500,1500,2012,988,2012,1500,1500,988,988,1500,1500,1500,1500,1500,1500,1500,1372,1628,1500,1538,1500,2012,1500,2012,2012,1500,1520,1505,1500,2012,8.2
2025-05-02,11:39:23.750,-52,-56,10,3704,5370,41,1,16,7271,8,289,-279,1024,6,-6,345,515,-1,-1,-1,-1,0x1020480014442415,1459,1628,1500,1500,2012,1361,2012,1500,1500,1361,988,1500,1500,1500,1500,1500,1500,1500,1372,1628,1500,1538,1500,2012,1500,2012,2012,1500,1520,1505,1500,2012,8.2
2025-05-02,11:39:24.250,-57,-60,10,3704,5620,41,1,16,6689,9,289,-390,944,6,-7,344,515,-1,-1,-1,-1,0x1020480014442415,1417,1628,1500,1500,2012,1305,2012,1500,1500,1305,988,1500,1500,1500,1500,1500,1500,1500,1372,1628,1500,1538,1500,2012,1500,2012,2012,1500,1520,1505,1500,2012,8.2
2025-05-02,11:39:24.750,-65,-63,10,3710,230,41,1,16,4887,9,290,1024,-27,7,-7,344,515,-1,-1,-1,-1,0x1020480014400015,1812,1484,1500,1500,2012,2012,1487,1484,1500,2012,988,1500,1500,1500,1500,1500,1500,1484,1069,2012,1500,1538,1500,988,1500,1479,1500,1500,1520,1505,1500,2012,8.2
2025-05-02,11:39:25.250,-65,-57,10,3724,830,42,1,16,2536,9,290,1024,448,6,-7,345,515,-1,-1,-1,-1,0x1020480014440015,1812,1557,1500,1500,2012,2012,1807,1500,1500,2012,988,1500,1500,1500,1500,1500,1500,1500,1372,1628,1500,1538,1500,2012,1500,1858,1728,1500,1520,1505,1500,2012,8.2
2025-05-02,11:39:25.750,-52,-59,10,3733,12050,41,1,16,5073,9,290,1024,657,6,-7,344,515,-1,-1,-1,-1,0x1020480014442015,1812,1603,1500,1500,2012,2012,1950,1500,1500,2012,988,1500,1500,1500,1500,1500,1500,1500,1372,1628,1500,1538,1500,2012,1500,2012,1912,1500,1520,1505,1500,2012,8.2
2025-05-02,11:39:26.250,-61,-67,10,3731,9130,42,1,16,5383,9,291,125,1020,6,-7,345,516,-1,-1,-1,-1,0x1020480014442015,1529,1628,1500,1500,2012,1562,2012,1500,1500,1562,988,1500,1500,1500,1500,1500,1500,1500,1372,1628,1500,1538,1500,2012,1500,2012,2012,1500,1520,1505,1500,2012,8.2
2025-05-02,11:39:26.750,-57,-62,10,3706,5600,42,1,16,6615,9,292,-53,1020,6,-7,344,515,-1,-1,-1,-1,0x1020480014442415,1498,1628,1500,1500,2012,1474,2012,1500,1500,1474,988,1500,1500,1500,1500,1500,1500,1500,1372,1628,1500,1538,1500,2012,1500,2012,2012,1500,1520,1505,1500,2012,8.2
2025-05-02,11:39:27.250,-58,-61,10,3709,5040,42,1,16,7694,9,293,626,1020,6,-7,344,515,-1,-1,-1,-1,0x1020480014442415,1655,1628,1500,1500,2012,1827,2012,1500,1500,1797,988,1500,1500,1500,1500,1500,1500,1500,1372,1628,1500,1538,1500,2012,1500,2012,2012,1500,1520,1505,1500,2012,8.2
2025-05-02,11:39:27.750,-62,-55,10,3710,5320,41,1,16,7848,9,294,1024,1024,6,-7,344,515,-1,-1,-1,-1,0x1020480014442415,1768,1628,1500,1500,2012,2012,2012,1500,1500,2012,988,1500,1500,1500,1500,1500,1500,1500,1372,1628,1500,1538,1500,2012,1500,2012,2012,1500,1520,1505,1500,2012,8.2
2025-05-02,11:39:28.250,-62,-54,10,3711,3750,41,1,16,6055,9,294,1024,247,6,-7,344,515,-1,-1,-1,-1,0x1020480014440415,1812,1533,1500,1500,2012,2012,1669,1500,1500,2012,988,1500,1500,1500,1500,1500,1500,1500,1372,1628,1500,1538,1500,2012,1500,1908,1634,1500,1520,1505,1500,2012,8.2
2025-05-02,11:39:28.750,-59,-75,10,3729,1160,41,1,16,3306,9,294,1024,439,6,-7,344,515,-1,-1,-1,-1,0x1020480014440415,1812,1556,1500,1500,2012,2012,1800,1500,1500,2012,988,1500,1500,1500,1500,1500,1500,1500,1372,1628,1500,1538,1500,2012,1500,1853,1723,1500,1520,1505,1500,2012,8.2
2025-05-02,11:39:29.250,-60,-75,10,3732,11770,41,1,16,4617,9,294,1024,780,6,-7,344,515,-1,-1,-1,-1,0x1020480014442415,1812,1628,1500,1500,2012,2012,2012,1500,1500,2012,988,1500,1500,1500,1500,1500,1500,1500,1372,1628,1500,1538,1500,2012,1500,2012,2012,1500,1520,1505,1500,2012,8.2
2025-05-02,11:39:29.750,-63,-64,10,3726,6320,41,1,16,5905,9,296,-432,826,6,-7,344,515,-1,-1,-1,-1,0x1020480014442415,1399,1628,1500,1500,2012,1284,2012,1500,1500,1284,988,1500,1500,1500,1500,1500,1500,1500,1372,1628,1500,1538,1500,2012,1500,2012,2012,1500,1520,1505,1500,2012,8.2
2025-05-02,11:39:30.250,-61,-63,10,3706,4950,41,1,16,7164,9,296,20,720,6,-7,344,515,-1,-1,-1,-1,0x1020480010442415,1510,1620,1500,1500,2012,1510,1993,1500,1500,1510,988,1500,1500,1500,1500,1500,1500,1500,1372,1628,1500,1538,1500,2012,1500,1998,1981,1500,1520,1505,1500,2012,8.2
2025-05-02,11:39:30.750,-55,-63,10,3709,2990,41,1,16,6902,9,297,-1024,847,6,-7,344,515,-1,-1,-1,-1,0x1020480014442015,1142,1628,1500,1500,2012,988,2012,1500,1500,988,988,1500,1500,1500,1500,1500,1500,1500,1372,1628,1500,1538,1500,2012,1500,2012,2012,1500,1520,1505,1500,2012,8.2
2025-05-02,11:39:31.250,-37,-63,10,3710,11150,42,1,16,5245,9,297,-237,1024,6,-7,345,515,-1,-1,-1,-1,0x1020480014442815,1379,1628,1500,1500,2012,1382,2012,1500,1500,1382,988,1500,1500,1500,1500,1500,1500,1500,1372,1628,1500,1538,1500,2012,1500,2012,2012,1500,1520,1505,1500,2012,8.2
2025-05-02,11:39:31.750,-53,-57,10,3704,6610,42,1,16,6274,9,299,758,1024,6,-7,345,515,-1,-1,-1,-1,0x1020480014442015,1725,1628,1500,1500,2012,1879,2012,1500,1500,1879,988,1500,1500,1500,1500,1500,1500,1500,1372,1628,1500,1538,1500,2012,1500,2012,2012,1500,1520,1505,1500,2012,8.2
2025-05-02,11:39:32.250,-52,-57,10,3701,6040,42,1,16,6443,9,299,-5,1024,6,-7,344,515,-1,-1,-1,-1,0x1020480010442015,1507,1628,1500,1500,2012,1498,2012,1500,1500,1498,988,1500,1500,1500,1500,1500,1500,1500,1372,1628,1500,1538,1500,2012,1500,2012,2012,1500,1520,1505,1500,2012,8.2
2025-05-02,11:39:32.750,-55,-67,10,3704,670,42,1,16,3553,9,300,1024,823,6,-7,344,515,-1,-1,-1,-1,0x1020480014402015,1812,1628,1500,1500,2012,2012,2012,1500,1500,2012,988,1500,1500,1500,1500,1500,1500,1500,1372,1628,1500,1538,1500,2012,1500,2012,2012,1500,1520,1505,1500,2012,8.2
2025-05-02,11:39:33.250,-59,-57,10,3707,630,42,1,16,3137,9,300,1024,7,7,-6,344,515,-1,-1,-1,-1,0x1020480014440015,1812,1501,1500,1500,2012,2012,1505,1500,1500,2012,988,1500,1500,1500,1500,1500,1500,1500,1029,2012,1500,1538,1500,2012,1500,1507,1503,1500,1520,1505,1500,2012,8.2
2025-05-02,11:39:33.750,-59,-58,10,3728,11510,42,1,16,4912,9,301,1024,1024,6,-7,344,516,-1,-1,-1,-1,0x1020480014442015,1812,1628,1500,1500,2012,2012,2012,1500,1500,2012,988,1500,1500,1500,1500,1500,1500,1500,1372,1628,1500,1538,1500,2012,1500,2012,2012,1500,1520,1505,1500,2012,8.2
2025-05-02,11:39:34.250,-65,-64,10,3724,8110,42,1,16,5376,9,302,1024,1019,6,-7,345,515,-1,-1,-1,-1,0x1020480014442015,1812,1628,1500,1500,2012,2012,2012,1500,1500,2012,988,1500,1500,1500,1500,1500,1500,1500,1372,1628,1500,1538,1500,2012,1500,2012,2012,1500,1520,1505,1500,2012,8.2
2025-05-02,11:39:34.750,-65,-56,10,3697,6530,42,1,16,6479,9,303,16,1024,6,-6,344,515,-1,-1,-1,-1,0x1020480010442415,1503,1628,1500,1500,2012,1508,2012,1500,1500,1508,988,1500,1500,1500,1500,1500,1500,1500,1372,1628,1500,1538,1500,2012,1500,2012,2012,1500,1520,1505,1500,2012,8.2
2025-05-02,11:39:35.250,-60,-57,10,3700,5960,42,1,16,7806,9,303,1005,1024,6,-7,344,515,-1,-1,-1,-1,0x1020480014442415,1812,1628,1500,1500,2012,2002,2012,1500,1500,2002,988,1500,1500,1500,1500,1500,1500,1500,1372,1628,1500,1538,1500,2012,1500,2012,2012,1500,1520,1505,1500,2012,8.2
2025-05-02,11:39:35.750,-60,-55,10,3703,5010,42,1,16,7295,9,304,2,1024,6,-7,344,515,-1,-1,-1,-1,0x1020480010442415,1508,1628,1500,1500,2012,1501,2012,1500,1500,1501,988,1500,1500,1500,1500,1500,1500,1500,1372,1628,1500,1538,1500,2012,1500,2012,2012,1500,1520,1505,1500,2012,8.2
2025-05-02,11:39:36.250,-60,-58,10,3706,640,42,1,16,5731,9,305,1024,498,7,-7,345,515,-1,-1,-1,-1,0x1020480014440415,1812,1563,1500,1500,2012,2012,1841,1500,1500,2012,988,1500,1500,1500,1500,1500,1500,1500,1372,1628,1500,1538,1500,2012,1500,1886,1753,1500,1520,1505,1500,2012,8.2
2025-05-02,11:39:36.750,-61,-58,10,3707,7390,42,1,16,6097,9,305,1024,870,6,-7,344,515,-1,-1,-1,-1,0x1020480014442415,1812,1628,1500,1500,2012,2012,2012,1500,1500,2012,988,1500,1500,1500,1500,1500,1500,1500,1372,1628,1500,1538,1500,2012,1500,2012,2012,1500,1520,1505,1500,2012,8.2
2025-05-02,11:39:37.250,-66,-61,10,3716,570,41,1,16,3536,9,306,1024,399,6,-7,344,515,-1,-1,-1,-1,0x1020480014440415,1812,1550,1500,1500,2012,2012,1773,1500,1500,2012,988,1500,1500,1500,1500,1500,1500,1500,1372,1628,1500,1538,1500,2012,1500,1829,1700,1500,1520,1505,1500,2012,8.2
2025-05-02,11:39:37.750,-66,-69,10,3706,9310,42,1,16,5349,9,306,278,1022,6,-7,344,515,-1,-1,-1,-1,0x1020480014442415,1587,1628,1500,1500,2012,1639,2012,1500,1500,1657,988,1500,1500,1500,1500,1500,1500,1500,1372,1628,1500,1538,1500,2012,1500,2012,2012,1500,1520,1505,1500,2012,8.2
2025-05-02,11:39:38.250,-69,-70,10,3705,5920,41,1,16,6586,9,307,-733,1020,6,-7,344,515,-1,-1,-1,-1,0x1020480014442415,1336,1628,1500,1500,2012,1134,2012,1500,1500,1134,988,1500,1500,1500,1500,1500,1500,1500,1372,1628,1500,1538,1500,2012,1500,2012,2012,1500,1520,1505,1500,2012,8.2
2025-05-02,11:39:38.750,-69,-62,10,3703,4970,42,1,16,7385,9,308,0,1024,6,-6,344,515,-1,-1,-1,-1,0x1020480010442015,1508,1628,1500,1500,2012,1500,2012,1500,1500,1500,988,1500,1500,1500,1500,1500,1500,1500,1372,1628,1500,1538,1500,2012,1500,2012,2012,1500,1520,1505,1500,2012,8.2
2025-05-02,11:39:39.250,-69,-59,10,3705,6150,41,1,16,6116,9,309,-1024,957,6,-7,344,515,-1,-1,-1,-1,0x1020480014442015,1142,1628,1500,1500,2012,988,2012,1500,1500,988,988,1500,1500,1500,1500,1500,1500,1500,1372,1628,1500,1538,1500,2012,1500,2012,2012,1500,1520,1505,1500,2012,8.2
2025-05-02,11:39:39.750,-37,-58,10,3704,9100,42,1,16,5154,9,310,-31,947,6,-7,345,515,-1,-1,-1,-1,0x1020480010442015,1508,1628,1500,1500,2012,1485,2012,1500,1500,1485,988,1500,1500,1500,1500,1500,1500,1500,1372,1628,1500,1538,1500,2012,1500,2012,2012,1500,1520,1505,1500,2012,8.2
2025-05-02,11:39:40.250,-51,-50,10,3702,6860,42,1,16,5930,9,310,-678,1021,6,-7,344,515,-1,-1,-1,-1,0x1020480014442015,1373,1628,1500,1500,2012,1161,2012,1500,1500,1161,988,1500,1500,1500,1500,1500,1500,1500,1372,1628,1500,1538,1500,2012,1500,2012,2012,1500,1520,1505,1500,2012,8.2
2025-05-02,11:39:40.750,-60,-55,10,3697,7340,42,1,16,5990,9,311,1024,773,6,-7,344,515,-1,-1,-1,-1,0x1020480014442015,1812,1628,1500,1500,2012,2012,2012,1500,1500,2012,988,1500,1500,1500,1500,1500,1500,1500,1372,1628,1500,1538,1500,2012,1500,2012,2012,1500,1520,1505,1500,2012,8.2
2025-05-02,11:39:41.250,-53,-69,10,3701,40,42,1,16,2210,9,311,892,-554,7,-7,344,515,-1,-1,-1,-1,0x1020480016400415,1745,1294,1500,1498,2012,1946,1223,1292,1500,1946,988,1500,1500,1500,1500,1500,1500,1292,1305,2012,1500,1538,1500,988,1500,1167,1500,1500,1520,1505,1500,2012,8.2
2025-05-02,11:39:41.750,-55,-69,10,3730,530,43,1,16,439,9,311,923,11,6,-7,344,515,-1,-1,-1,-1,0x1020480014440415,1752,1501,1500,1500,2012,1961,1507,1500,1500,1955,988,1500,1500,1500,1500,1500,1500,1500,1372,2012,1500,1538,1500,2012,1500,1510,1506,1500,1520,1505,1500,2012,8.2
2025-05-02,11:39:42.250,-55,-61,10,3731,160,43,1,16,0,9,311,-1,89,7,-7,345,515,-1,-1,-1,-1,0x1020480010440415,1507,1512,1500,1500,2012,1500,1561,1500,1500,1499,988,1500,1500,1500,1500,1500,1500,1500,1372,1628,1500,1538,1500,2012,1500,1590,1547,1500,1520,1505,1500,2012,8.2
2025-05-02,11:39:42.750,-55,-61,10,3730,2470,42,1,16,1365,9,312,-580,473,6,-7,344,515,-1,-1,-1,-1,0x1020480014440415,1381,1561,1500,1500,2012,1210,1824,1500,1500,1227,988,1500,1500,1500,1500,1500,1500,1500,1372,1628,1500,1538,1500,2012,1500,1873,1752,1500,1520,1505,1500,2012,8.2
2025-05-02,11:39:43.250,-52,-61,10,3729,13650,43,1,16,4670,9,312,1024,514,6,-7,345,515,-1,-1,-1,-1,0x1020480014440415,1812,1571,1500,1500,2012,2012,1852,1500,1500,2012,988,1500,1500,1500,1500,1500,1500,1500,1372,1628,1500,1538,1500,2012,1500,2009,1806,1500,1520,1505,1500,2012,8.2
2025-05-02,11:39:43.750,-55,-61,10,3723,1470,44,1,16,2801,9,313,1024,359,6,-6,345,515,-1,-1,-1,-1,0x1020480014440415,1812,1545,1500,1500,2012,2012,1746,1500,1500,2012,988,1500,1500,1500,1500,1500,1500,1500,1372,1628,1500,1538,1500,2012,1500,1805,1681,1500,1520,1505,1500,2012,8.2
2025-05-02,11:39:44.250,-60,-51,10,3723,5430,44,1,16,4273,9,313,1024,624,6,-7,344,515,-1,-1,-1,-1,0x1020480014442415,1812,1594,1500,1500,2012,2012,1927,1500,1500,2012,988,1500,1500,1500,1500,1500,1500,1500,1372,1628,1500,1538,1500,2012,1500,1952,1875,1500,1520,1505,1500,2012,8.2
2025-05-02,11:39:44.750,-65,-62,10,3713,8370,43,1,16,5430,9,314,-2,1023,6,-7,344,515,-1,-1,-1,-1,0x1020480010442415,1507,1628,1500,1500,2012,1499,2012,1500,1500,1499,988,1500,1500,1500,1500,1500,1500,1500,1372,1628,1500,1538,1500,2012,1500,2012,2012,1500,1520,1505,1500,2012,8.2
2025-05-02,11:39:45.250,-56,-58,10,3700,5330,43,1,16,6673,9,315,-366,1024,6,-7,345,515,-1,-1,-1,-1,0x1020480014442015,1432,1628,1500,1500,2012,1317,2012,1500,1500,1317,988,1500,1500,1500,1500,1500,1500,1500,1372,1628,1500,1538,1500,2012,1500,2012,2012,1500,1520,1505,1500,2012,8.2
2025-05-02,11:39:45.750,-64,-61,10,3702,5060,43,1,16,7586,9,316,389,1024,6,-7,344,515,-1,-1,-1,-1,0x1020480014442015,1604,1628,1500,1500,2012,1694,2012,1500,1500,1694,988,1500,1500,1500,1500,1500,1500,1500,1372,1628,1500,1538,1500,2012,1500,2012,2012,1500,1520,1505,1500,2012,8.2
2025-05-02,11:39:46.250,-64,-58,10,3704,5690,43,1,16,7608,9,316,930,513,6,-7,345,515,-1,-1,-1,-1,0x1020480014440015,1749,1570,1500,1500,2012,1965,1851,1500,1500,1952,988,1500,1500,1500,1500,1500,1500,1500,1372,1628,1500,1538,1500,2012,1500,2011,1789,1500,1520,1505,1500,2012,8.2
2025-05-02,11:39:46.750,-76,-55,10,3706,620,42,1,16,4095,9,317,1024,-3,6,-6,345,515,-1,-1,-1,-1,0x1020480014440015,1812,1499,1500,1500,2012,2012,1499,1499,1500,2012,988,1500,1500,1500,1500,1500,1500,1499,1275,2012,1500,1538,1500,2012,1500,1498,1503,1500,1520,1505,1500,2012,8.2
2025-05-02,11:39:47.250,-64,-58,10,3726,1100,43,1,16,2225,9,317,1024,466,6,-7,345,515,-1,-1,-1,-1,0x1020480014440015,1812,1560,1500,1500,2012,2012,1819,1500,1500,2012,988,1500,1500,1500,1500,1500,1500,1500,1372,1628,1500,1538,1500,2012,1500,1869,1740,1500,1520,1505,1500,2012,8.2
2025-05-02,11:39:47.750,-61,-57,10,3727,12830,43,1,16,4516,9,317,991,941,6,-7,344,515,-1,-1,-1,-1,0x1020480014442015,1796,1628,1500,1500,2012,1995,2012,1500,1500,1996,988,1500,1500,1500,1500,1500,1500,1500,1372,1628,1500,1538,1500,2012,1500,2012,2012,1500,1520,1505,1500,2012,8.2
2025-05-02,11:39:48.250,-73,-66,10,3717,6190,42,1,16,6117,10,318,161,1024,6,-7,344,515,-1,-1,-1,-1,0x1020480014442015,1545,1628,1500,1500,2012,1581,2012,1500,1500,1573,988,1500,1500,1500,1500,1500,1500,1500,1372,1628,1500,1538,1500,2012,1500,2012,2012,1500,1520,1505,1500,2012,8.2
2025-05-02,11:39:48.750,-73,-67,10,3702,5170,42,1,16,7353,10,319,10,1024,6,-7,344,515,-1,-1,-1,-1,0x1020480010442415,1510,1628,1500,1500,2012,1505,2012,1500,1500,1505,988,1500,1500,1500,1500,1500,1500,1500,1372,1628,1500,1538,1500,2012,1500,2012,2012,1500,1520,1505,1500,2012,8.2
2025-05-02,11:39:49.240,-54,-66,10,3705,6610,42,1,16,6794,10,320,-1024,1022,7,-6,343,514,-1,-1,-1,-1,0x1020480014442415,1142,1628,1500,1500,2012,988,2012,1500,1500,988,988,1500,1500,1500,1500,1500,1500,1500,1372,1628,1500,1538,1500,2012,1500,2012,2012,1500,1520,1505,1500,2012,8.2
2025-05-02,11:39:49.740,-38,-66,10,3705,11190,41,1,16,5012,10,321,-725,1022,7,-7,344,515,-1,-1,-1,-1,0x1020480014442C15,1304,1628,1500,1500,2012,1138,2012,1500,1500,1127,988,1500,1500,1500,1500,1500,1500,1500,1372,1628,1500,1538,1500,2012,1500,2012,2012,1500,1520,1505,1500,2012,8.2
2025-05-02,11:39:50.220,-62,-52,10,3697,7440,41,1,16,5540,10,322,-164,1023,6,-6,344,515,-1,-1,-1,-1,0x1020480014442415,1479,1628,1500,1500,2012,1418,2012,1500,1500,1424,988,1500,1500,1500,1500,1500,1500,1500,1372,1628,1500,1538,1500,2012,1500,2012,2012,1500,1520,1505,1500,2012,8.2
2025-05-02,11:39:50.720,-62,-52,10,3695,5780,42,1,16,6726,10,322,-307,1024,6,-7,345,515,-1,-1,-1,-1,0x1020480014442415,1448,1628,1500,1500,2012,1347,2012,1500,1500,1347,988,1500,1500,1500,1500,1500,1500,1500,1372,1628,1500,1538,1500,2012,1500,2012,2012,1500,1520,1505,1500,2012,8.2
2025-05-02,11:39:51.210,-62,-51,10,3701,930,43,1,16,4783,10,323,1024,64,6,-6,344,515,-1,-1,-1,-1,0x1020480014440415,1812,1509,1500,1500,2012,2012,1544,1500,1500,2012,988,1500,1500,1500,1500,1500,1500,1500,1372,1628,1500,1538,1500,2012,1500,1566,1537,1500,1520,1505,1500,2012,8.2
2025-05-02,11:39:51.700,-63,-56,10,3724,850,43,1,16,2409,10,323,1024,508,7,-6,344,515,-1,-1,-1,-1,0x1020480014440415,1812,1567,1500,1500,2012,2012,1848,1500,1500,2012,988,1500,1500,1500,1500,1500,1500,1500,1372,1628,1500,1538,1500,2012,1500,1892,1767,1500,1520,1505,1500,2012,8.2
2025-05-02,11:39:52.200,-58,-56,10,3725,8890,43,1,16,5358,10,324,1024,750,6,-7,345,515,-1,-1,-1,-1,0x1020480014442415,1812,1628,1500,1500,2012,2012,2012,1500,1500,2012,988,1500,1500,1500,1500,1500,1500,1500,1372,1628,1500,1538,1500,2012,1500,2012,2012,1500,1520,1505,1500,2012,8.2
2025-05-02,11:39:52.700,-66,-59,10,3693,7880,42,1,16,5489,10,325,6,1021,6,-7,344,515,-1,-1,-1,-1,0x1020480010442015,1509,1628,1500,1500,2012,1503,2012,1500,1500,1503,988,1500,1500,1500,1500,1500,1500,1500,1372,1628,1500,1538,1500,2012,1500,2012,2012,1500,1520,1505,1500,2012,8.2
2025-05-02,11:39:53.200,-66,-55,10,3693,5450,42,1,16,6786,10,326,103,1022,6,-7,345,515,-1,-1,-1,-1,0x1020480014442015,1533,1628,1500,1500,2012,1551,2012,1500,1500,1551,988,1500,1500,1500,1500,1500,1500,1500,1372,1628,1500,1538,1500,2012,1500,2012,2012,1500,1520,1505,1500,2012,8.2
2025-05-02,11:39:53.700,-58,-60,10,3700,6890,42,1,16,7788,10,326,982,952,6,-7,344,515,-1,-1,-1,-1,0x1020480014442015,1796,1628,1500,1500,2012,1991,2012,1500,1500,1996,988,1500,1500,1500,1500,1500,1500,1500,1372,1628,1500,1538,1500,2012,1500,2012,2012,1500,1520,1505,1500,2012,8.2
2025-05-02,11:39:54.200,-62,-60,10,3702,5280,41,1,16,6894,10,327,-222,514,6,-7,345,515,-1,-1,-1,-1,0x1020480014440015,1462,1571,1500,1500,2012,1389,1852,1500,1500,1382,988,1500,1500,1500,1500,1500,1500,1500,1372,1628,1500,1538,1500,2012,1500,1963,1799,1500,1520,1505,1500,2012,8.2
2025-05-02,11:39:54.700,-68,-65,10,3704,380,41,1,16,2127,10,327,1024,34,7,-7,345,515,-1,-1,-1,-1,0x1020480014440015,1812,1505,1500,1500,2012,2012,1523,1500,1500,2012,988,1500,1500,1500,1500,1500,1500,1500,1305,2012,1500,1538,1500,2012,1500,1535,1519,1500,1520,1505,1500,2012,8.2
2025-05-02,11:39:55.200,-68,-61,10,3727,340,41,1,16,828,10,327,1024,141,6,-7,345,515,-1,-1,-1,-1,0x1020480014440015,1812,1517,1500,1500,2012,2012,1596,1500,1500,2012,988,1500,1500,1500,1500,1500,1500,1500,1372,1628,1500,1538,1500,2012,1500,1639,1569,1500,1520,1505,1500,2012,8.2
2025-05-02,11:39:55.700,-68,-60,10,3728,320,41,1,16,258,10,327,1024,144,6,-6,345,515,-1,-1,-1,-1,0x1020480014440015,1812,1517,1500,1500,2012,2012,1598,1500,1500,2012,988,1500,1500,1500,1500,1500,1500,1500,1372,1628,1500,1538,1500,2012,1500,1642,1570,1500,1520,1505,1500,2012,8.2
2025-05-02,11:39:56.200,-68,-58,10,3729,1800,41,1,16,0,10,327,75,132,6,-7,344,515,-1,-1,-1,-1,0x1020480010440015,1510,1516,1500,1500,2012,1537,1590,1500,1500,1503,988,1500,1500,1500,1500,1500,1500,1500,1372,1628,1500,1538,1500,2012,1500,1630,1565,1500,1520,1505,1500,2012,8.2
2025-05-02,11:39:56.700,-68,-56,10,3729,190,41,1,16,0,10,327,-4,46,7,-6,345,515,-1,-1,-1,-1,0x1020480010440015,1507,1507,1500,1500,2012,1498,1531,1500,1500,1498,988,1500,1500,1500,1500,1500,1500,1500,1372,1628,1500,1538,1500,2012,1500,1548,1527,1500,1520,1505,1500,2012,8.2
2025-05-02,11:39:57.200,-68,-56,10,3731,160,41,1,16,0,10,327,-4,14,7,-6,344,515,-1,-1,-1,-1,0x1020480010440014,1507,1502,1500,1500,2012,1498,1509,1500,1500,1498,988,1500,1500,1500,1500,1500,1500,1500,1275,2012,1500,1538,1500,2012,1500,1515,1508,1500,1520,1505,1500,2012,8.2
2025-05-02,11:39:57.700,-50,-61,10,3732,200,40,1,16,0,10,328,-4,8,7,-6,345,515,-1,-1,-1,-1,0x1020480010440014,1507,1501,1500,1500,2012,1498,1505,1500,1500,1498,988,1500,1500,1500,1500,1500,1500,1500,1372,2012,1500,1538,1500,2012,1500,1508,1504,1500,1520,1505,1500,2012,8.2
2025-05-02,11:39:58.200,-48,-61,10,3732,160,40,1,16,0,10,328,-5,5,7,-7,344,515,-1,-1,-1,-1,0x10204800104C0014,1507,1500,1500,1500,2012,1498,1503,1500,1500,1498,988,1500,1500,1500,1500,1500,1500,1500,1398,2012,1500,1538,1500,2012,1500,1504,1500,1500,1520,1505,1500,2012,8.2
2025-05-02,11:39:58.700,-48,-61,10,3732,480,40,1,16,0,10,328,-1024,204,6,-6,345,515,-1,-1,-1,-1,0x1020480014440015,1142,1524,1500,1500,2012,988,1639,1500,1500,988,988,1500,1500,1500,1500,1500,1500,1500,1372,1628,1500,1538,1500,2012,1500,1692,1598,1500,1520,1505,1500,2012,8.2
2025-05-02,11:39:59.200,-44,-61,10,3732,2030,40,1,16,0,10,328,-986,479,6,-7,344,515,-1,-1,-1,-1,0x1020480014440815,1159,1562,1500,1500,2012,1007,1828,1500,1500,1000,988,1500,1500,1500,1500,1500,1500,1500,1372,1628,1500,1538,1500,2012,1500,1876,1748,1500,1520,1505,1500,2012,8.2
2025-05-02,11:39:59.700,-43,-61,10,3731,660,40,1,16,827,10,328,1024,26,7,-7,344,515,-1,-1,-1,-1,0x1020480014440015,1812,1503,1500,1500,2012,2012,1518,1500,1500,2012,988,1500,1500,1500,1500,1500,1500,1500,1029,2012,1500,1538,1500,2012,1500,1526,1508,1500,1520,1505,1500,2012,8.2
2025-05-02,11:40:00.200,-40,-61,10,3730,610,42,1,16,291,10,328,493,12,7,-7,344,515,-1,-1,-1,-1,0x1020480014440015,1634,1501,1500,1500,2012,1746,1508,1500,1500,1758,988,1500,1500,1500,1500,1500,1500,1500,1060,2012,1500,1538,1500,2012,1500,1512,1506,1500,1520,1505,1500,2012,8.2
2025-05-02,11:40:00.700,-40,-61,10,3731,160,42,1,16,0,10,328,-2,-347,6,-7,344,515,-1,-1,-1,-1,0x1020480012480015,1507,1377,1500,1499,2012,1499,1327,1376,1500,1499,988,1500,1500,1500,1500,1500,1500,1376,1372,2012,1500,1538,1500,988,1500,1322,1500,1500,1520,1505,1500,2012,8.2
2025-05-02,11:40:01.200,-37,-61,10,3733,1300,42,1,16,0,10,328,-1022,11,7,-7,344,515,-1,-1,-1,-1,0x1020480014440015,1143,1501,1500,1500,2012,989,1507,1500,1500,989,988,1500,1500,1500,1500,1500,1500,1500,1372,2012,1500,1538,1500,2012,1500,1512,1506,1500,1520,1505,1500,2012,8.2
2025-05-02,11:40:01.700,-34,-61,10,3733,230,43,1,16,0,10,328,-4,10,6,-7,344,515,-1,-1,-1,-1,0x1020480010440015,1507,1501,1500,1500,2012,1498,1507,1500,1500,1498,988,1500,1500,1500,1500,1500,1500,1500,1500,2012,1500,1538,1500,2012,1500,1510,1505,1500,1520,1505,1500,2012,8.2
2025-05-02,11:40:02.200,-32,-61,10,3734,240,43,1,16,0,10,328,-4,8,6,-6,345,515,-1,-1,-1,-1,0x1020480010440015,1507,1501,1500,1500,2012,1498,1505,1500,1500,1498,988,1500,1500,1500,1500,1500,1500,1500,1500,2012,1500,1538,1500,2012,1500,1508,1504,1500,1520,1505,1500,2012,8.2
2025-05-02,11:40:02.700,-30,-61,10,3735,190,41,1,16,0,10,328,-4,9,6,-7,345,515,-1,-1,-1,-1,0x1020480010440015,1507,1501,1500,1500,2012,1498,1506,1500,1500,1498,988,1500,1500,1500,1500,1500,1500,1500,1500,2012,1500,1538,1500,2012,1500,1509,1505,1500,1520,1505,1500,2012,8.2
2025-05-02,11:40:03.200,-32,-47,10,3735,200,40,1,16,0,10,328,-4,13,6,-7,345,515,-1,-1,-1,-1,0x1020480010440015,1507,1502,1500,1500,2012,1498,1509,1500,1500,1498,988,1500,1500,1500,1500,1500,1500,1500,1500,2012,1500,1538,1500,2012,1500,1513,1507,1500,1520,1505,1500,2012,8.2
2025-05-02,11:40:03.700,-33,-47,10,3736,160,40,1,16,0,10,328,-4,12,7,-7,345,515,-1,-1,-1,-1,0x1020480010440014,1507,1501,1500,1500,2012,1498,1508,1500,1500,1498,988,1500,1500,1500,1500,1500,1500,1500,1192,2012,1500,1538,1500,2012,1500,1512,1506,1500,1520,1505,1500,2012,8.2
2025-05-02,11:40:04.200,-38,-35,10,3736,160,40,1,16,0,10,328,-4,9,7,-7,344,515,-1,-1,-1,-1,0x1020480010440014,1507,1501,1500,1500,2012,1498,1506,1500,1500,1498,988,1500,1500,1500,1500,1500,1500,1500,1372,2012,1500,1538,1500,2012,1500,1509,1505,1500,1520,1505,1500,2012,8.2
2025-05-02,11:40:04.700,-38,-35,10,3736,160,40,1,16,0,10,328,-3,11,7,-7,344,515,-1,-1,-1,-1,0x1020480010440014,1507,1501,1500,1500,2012,1499,1507,1500,1500,1499,988,1500,1500,1500,1500,1500,1500,1500,1372,2012,1500,1538,1500,2012,1500,1512,1506,1500,1520,1505,1500,2012,8.2
2025-05-02,11:40:05.200,-38,-37,10,3736,160,40,1,16,0,10,328,124,8,6,-7,344,515,-1,-1,-1,-1,0x1020480014440014,1536,1501,1500,1500,2012,1562,1505,1500,1500,1556,988,1500,1500,1500,1500,1500,1500,1500,1500,2012,1500,1538,1500,2012,1500,1508,1504,1500,1520,1505,1500,2012,8.2
2025-05-02,11:40:05.700,-44,-48,10,3737,1030,40,1,16,0,10,328,821,5,6,-7,344,515,-1,-1,-1,-1,0x1020480014440004,1728,1500,1500,1500,2012,1910,1503,1500,1500,1921,988,1500,1500,1500,1500,1500,1500,1500,1500,2012,1500,1538,1500,2012,1500,1505,1502,1500,1520,1505,1500,2012,8.2
2025-05-02,11:40:06.200,-48,-45,10,3735,540,40,1,16,0,10,329,1024,8,7,-7,344,515,-1,-1,-1,-1,0x1020480014440004,1812,1501,1500,1500,2012,2012,1505,1500,1500,2012,988,1500,1500,1500,1500,1500,1500,1500,1500,2012,1500,1538,1500,2012,1500,1509,1505,1500,1520,1505,1500,2012,8.2
2025-05-02,11:40:06.700,-48,-48,10,3735,760,41,1,16,0,10,329,1024,17,6,-7,344,515,-1,-1,-1,-1,0x1020480014440005,1812,1502,1500,1500,2012,2012,1511,1500,1500,2012,988,1500,1500,1500,1500,1500,1500,1500,1219,1781,1500,1538,1500,2012,1500,1518,1510,1500,1520,1505,1500,2012,8.2
2025-05-02,11:40:07.200,-50,-50,10,3735,700,42,1,16,0,10,329,1024,9,7,-6,344,515,-1,-1,-1,-1,0x1020480014440005,1812,1501,1500,1500,2012,2012,1506,1500,1500,2012,988,1500,1500,1500,1500,1500,1500,1500,1372,2012,1500,1538,1500,2012,1500,1509,1505,1500,1520,1505,1500,2012,8.2
2025-05-02,11:40:07.700,-53,-50,10,3735,550,42,1,16,0,10,329,1024,11,6,-7,344,515,-1,-1,-1,-1,0x1020480014440005,1812,1501,1500,1500,2012,2012,1507,1500,1500,2012,988,1500,1500,1500,1500,1500,1500,1500,1372,2012,1500,1538,1500,2012,1500,1512,1506,1500,1520,1505,1500,2012,8.2
2025-05-02,11:40:08.200,-56,-58,10,3735,610,42,1,16,0,10,329,1024,11,7,-7,344,515,-1,-1,-1,-1,0x1020480014440005,1812,1501,1500,1500,2012,2012,1507,1500,1500,2012,988,1500,1500,1500,1500,1500,1500,1500,1500,2012,1500,1538,1500,2012,1500,1512,1506,1500,1520,1505,1500,2012,8.2
2025-05-02,11:40:08.700,-64,-62,10,3735,610,42,1,16,0,10,329,1024,12,7,-7,344,515,-1,-1,-1,-1,0x1020480014440005,1812,1501,1500,1500,2012,2012,1508,1500,1500,2012,988,1500,1500,1500,1500,1500,1500,1500,1500,2012,1500,1538,1500,2012,1500,1512,1506,1500,1520,1505,1500,2012,8.2
2025-05-02,11:40:09.200,-63,-62,10,3735,710,42,1,16,0,10,329,1024,88,7,-7,344,515,-1,-1,-1,-1,0x1020480014440005,1812,1513,1500,1500,2012,2012,1560,1500,1500,2012,988,1500,1500,1500,1500,1500,1500,1500,1372,1628,1500,1538,1500,2012,1500,1599,1551,1500,1520,1505,1500,2012,8.2
2025-05-02,11:40:09.700,-60,-55,10,3736,660,42,1,16,0,10,329,1024,15,7,-7,344,515,-1,-1,-1,-1,0x1020480014440005,1812,1502,1500,1500,2012,2012,1510,1500,1500,2012,988,1500,1500,1500,1500,1500,1500,1500,1018,2012,1500,1538,1500,2012,1500,1516,1508,1500,1520,1505,1500,2012,8.2
2025-05-02,11:40:10.200,-54,-59,10,3736,630,42,1,16,0,10,329,1024,14,7,-7,344,515,-1,-1,-1,-1,0x1020480014440005,1812,1502,1500,1500,2012,2012,1509,1500,1500,2012,988,1500,1500,1500,1500,1500,1500,1500,1372,2012,1500,1538,1500,2012,1500,1515,1508,1500,1520,1505,1500,2012,8.2
2025-05-02,11:40:10.700,-57,-59,10,3736,170,42,1,16,0,10,329,30,13,7,-7,344,515,-1,-1,-1,-1,0x1020480010440005,1511,1502,1500,1500,2012,1515,1509,1500,1500,1507,988,1500,1500,1500,1500,1500,1500,1500,1372,2012,1500,1538,1500,2012,1500,1513,1507,1500,1520,1505,1500,2012,8.2
2025-05-02,11:40:11.200,-60,-56,10,3736,590,42,1,16,0,10,329,1024,11,7,-7,344,515,-1,-1,-1,-1,0x1020480014440005,1812,1501,1500,1500,2012,2012,1507,1500,1500,2012,988,1500,1500,1500,1500,1500,1500,1500,1500,2012,1500,1538,1500,2012,1500,1512,1506,1500,1520,1505,1500,2012,8.2
2025-05-02,11:40:11.700,-60,-61,10,3736,590,42,1,16,0,10,329,1024,8,6,-7,344,515,-1,-1,-1,-1,0x1020480014440005,1812,1501,1500,1500,2012,2012,1505,1500,1500,2012,988,1500,1500,1500,1500,1500,1500,1500,1500,2012,1500,1538,1500,2012,1500,1508,1504,1500,1520,1505,1500,2012,8.2
2025-05-02,11:40:12.200,-59,-61,10,3736,560,42,1,16,0,10,330,1024,12,7,-7,344,515,-1,-1,-1,-1,0x1020480014440005,1812,1502,1500,1500,2012,2012,1508,1500,1500,2012,988,1500,1500,1500,1500,1500,1500,1500,1500,2012,1500,1538,1500,2012,1500,1513,1507,1500,1520,1505,1500,2012,8.2
2025-05-02,11:40:12.700,-60,-73,10,3736,620,42,1,16,0,10,330,1024,80,7,-7,344,515,-1,-1,-1,-1,0x1020480014440005,1812,1511,1500,1500,2012,2012,1555,1500,1500,2012,988,1500,1500,1500,1500,1500,1500,1500,1372,1628,1500,1538,1500,2012,1500,1582,1543,1500,1520,1505,1500,2012,8.2
2025-05-02,11:40:13.200,-59,-73,10,3736,540,42,1,16,0,10,330,1024,195,6,-7,344,515,-1,-1,-1,-1,0x1020480014440005,1812,1523,1500,1500,2012,2012,1633,1500,1500,2012,988,1500,1500,1500,1500,1500,1500,1500,1372,1628,1500,1538,1500,2012,1500,1684,1593,1500,1520,1505,1500,2012,8.2
2025-05-02,11:40:13.700,-59,-73,10,3736,2460,42,1,16,514,10,330,1024,447,7,-7,344,515,-1,-1,-1,-1,0x1020480014440005,1812,1557,1500,1500,2012,2012,1806,1500,1500,2012,988,1500,1500,1500,1500,1500,1500,1500,1372,1628,1500,1538,1500,2012,1500,1858,1728,1500,1520,1505,1500,2012,8.2
2025-05-02,11:40:14.200,-57,-73,10,3735,2010,42,1,16,2203,10,330,1024,522,6,-7,344,515,-1,-1,-1,-1,0x1020480014440005,1812,1569,1500,1500,2012,2012,1857,1500,1500,2012,988,1500,1500,1500,1500,1500,1500,1500,1372,1628,1500,1538,1500,2012,1500,1899,1775,1500,1520,1505,1500,2012,8.2
2025-05-02,11:40:14.700,-67,-63,10,3729,1800,42,1,16,2511,10,330,589,485,6,-7,344,515,-1,-1,-1,-1,0x1020480014440005,1673,1563,1500,1500,2012,1794,1832,1500,1500,1829,988,1500,1500,1500,1500,1500,1500,1500,1372,1628,1500,1538,1500,2012,1500,1879,1752,1500,1520,1505,1500,2012,8.2
2025-05-02,11:40:15.200,-67,-59,10,3727,8730,42,1,16,4565,10,331,-19,719,6,-7,344,515,-1,-1,-1,-1,0x1020480010442005,1504,1620,1500,1500,2012,1491,1992,1500,1500,1491,988,1500,1500,1500,1500,1500,1500,1500,1372,1628,1500,1538,1500,2012,1500,1998,1979,1500,1520,1505,1500,2012,8.2
2025-05-02,11:40:15.700,-59,-60,10,3708,5750,42,1,16,6477,10,332,63,1024,6,-7,344,515,-1,-1,-1,-1,0x1020480014442405,1524,1628,1500,1500,2012,1531,2012,1500,1500,1532,988,1500,1500,1500,1500,1500,1500,1500,1372,1628,1500,1538,1500,2012,1500,2012,2012,1500,1520,1505,1500,2012,8.2
2025-05-02,11:40:16.200,-55,-60,10,3707,6020,42,1,16,7164,10,333,-1024,-1,7,-7,344,515,-1,-1,-1,-1,0x1020480014440405,1142,1500,1500,1500,2012,988,1500,1500,1500,988,988,1500,1500,1500,1500,1500,1500,1500,1321,1679,1500,1538,1500,2012,1500,2012,1500,1500,1520,1505,1500,2012,8.2
2025-05-02,11:40:16.700,-55,-52,10,3709,7200,41,1,16,5497,10,334,-1024,1020,6,-7,344,515,-1,-1,-1,-1,0x1020480014442C05,1142,1628,1500,1500,2012,988,2012,1500,1500,988,988,1500,1500,1500,1500,1500,1500,1500,1372,1628,1500,1538,1500,2012,1500,2012,2012,1500,1520,1505,1500,2012,8.2
2025-05-02,11:40:17.200,-53,-64,10,3709,1490,42,1,16,5848,10,334,-378,1024,6,-7,344,515,-1,-1,-1,-1,0x1020480014442405,1429,1628,1500,1500,2012,1311,2012,1500,1500,1311,988,1500,1500,1500,1500,1500,1500,1500,1372,1628,1500,1538,1500,2012,1500,2012,2012,1500,1520,1505,1500,2012,8.2
2025-05-02,11:40:17.700,-56,-64,10,3705,5460,42,1,16,6348,10,335,115,1023,6,-7,344,515,-1,-1,-1,-1,0x1020480014442405,1536,1628,1500,1500,2012,1557,2012,1500,1500,1557,988,1500,1500,1500,1500,1500,1500,1500,1372,1628,1500,1538,1500,2012,1500,2012,2012,1500,1520,1505,1500,2012,8.2
2025-05-02,11:40:18.200,-58,-49,10,3706,960,42,1,16,5479,10,336,1024,-415,6,-7,344,515,-1,-1,-1,-1,0x1020480016480405,1812,1358,1500,1499,2012,2012,1293,1357,1500,2012,988,1500,1500,1500,1500,1500,1500,1357,988,2012,1500,1538,1500,988,1500,1911,1500,1500,1520,1505,1500,2012,8.2
2025-05-02,11:40:18.700,-63,-59,10,3708,900,44,1,16,2661,10,336,1024,5,6,-7,344,515,-1,-1,-1,-1,0x1020480014440405,1812,1500,1500,1500,2012,2012,1503,1500,1500,2012,988,1500,1500,1500,1500,1500,1500,1500,988,2012,1500,1538,1500,2012,1500,1505,1502,1500,1520,1505,1500,2012,8.2
2025-05-02,11:40:19.200,-63,-59,10,3730,940,44,1,16,1829,10,336,1024,336,7,-7,344,515,-1,-1,-1,-1,0x1020480014440405,1812,1542,1500,1500,2012,2012,1730,1500,1500,2012,988,1500,1500,1500,1500,1500,1500,1500,1372,1628,1500,1538,1500,2012,1500,1789,1668,1500,1520,1505,1500,2012,8.2
2025-05-02,11:40:19.700,-59,-75,10,3730,9150,43,1,16,1969,10,336,1024,844,6,-7,344,515,-1,-1,-1,-1,0x1020480014442005,1812,1628,1500,1500,2012,2012,2012,1500,1500,2012,988,1500,1500,1500,1500,1500,1500,1500,1372,1628,1500,1538,1500,2012,1500,2012,2012,1500,1520,1505,1500,2012,8.2
2025-05-02,11:40:20.200,-65,-61,10,3728,6420,43,1,16,5911,10,338,-1,1021,6,-7,344,515,-1,-1,-1,-1,0x1020480010442005,1507,1628,1500,1500,2012,1500,2012,1500,1500,1499,988,1500,1500,1500,1500,1500,1500,1500,1372,1628,1500,1538,1500,2012,1500,2012,2012,1500,1520,1505,1500,2012,8.2
2025-05-02,11:40:20.700,-65,-58,10,3705,5690,43,1,16,7017,10,338,706,1024,6,-6,344,515,-1,-1,-1,-1,0x1020480014442405,1688,1628,1500,1500,2012,1853,2012,1500,1500,1853,988,1500,1500,1500,1500,1500,1500,1500,1372,1628,1500,1538,1500,2012,1500,2012,2012,1500,1520,1505,1500,2012,8.2
2025-05-02,11:40:21.200,-62,-63,10,3705,1740,42,1,16,6634,10,339,596,503,7,-7,344,515,-1,-1,-1,-1,0x1020480014440405,1655,1566,1500,1500,2012,1798,1844,1500,1500,1798,988,1500,1500,1500,1500,1500,1500,1500,1372,1628,1500,1538,1500,2012,1500,1889,1764,1500,1520,1505,1500,2012,8.2
2025-05-02,11:40:21.700,-66,-78,10,3718,390,42,1,16,5531,10,339,-523,49,6,-7,344,515,-1,-1,-1,-1,0x1020480014440405,1383,1507,1500,1500,2012,1239,1533,1500,1500,1232,988,1500,1500,1500,1500,1500,1500,1500,1372,1628,1500,1538,1500,2012,1500,1551,1529,1500,1520,1505,1500,2012,8.2
2025-05-02,11:40:22.200,-68,-58,10,3729,810,42,1,16,2125,10,339,1024,136,7,-6,344,515,-1,-1,-1,-1,0x1020480014440405,1812,1515,1500,1500,2012,2012,1593,1500,1500,2012,988,1500,1500,1500,1500,1500,1500,1500,1372,1628,1500,1538,1500,2012,1500,1634,1561,1500,1520,1505,1500,2012,8.2
2025-05-02,11:40:22.700,-66,-61,10,3731,680,42,1,16,1347,10,339,1024,474,6,-7,344,515,-1,-1,-1,-1,0x1020480014440405,1812,1561,1500,1500,2012,2012,1824,1500,1500,2012,988,1500,1500,1500,1500,1500,1500,1500,1372,1628,1500,1538,1500,2012,1500,1873,1744,1500,1520,1505,1500,2012,8.2
2025-05-02,11:40:23.200,-69,-74,10,3731,2980,43,1,16,1794,10,339,1024,507,7,-7,344,515,-1,-1,-1,-1,0x1020480014440405,1812,1567,1500,1500,2012,2012,1847,1500,1500,2012,988,1500,1500,1500,1500,1500,1500,1500,1372,1628,1500,1538,1500,2012,1500,1892,1767,1500,1520,1505,1500,2012,8.2
2025-05-02,11:40:23.700,-71,-74,10,3727,9480,43,1,16,4861,10,340,10,1024,6,-7,344,515,-1,-1,-1,-1,0x1020480010442405,1510,1628,1500,1500,2012,1505,2012,1500,1500,1505,988,1500,1500,1500,1500,1500,1500,1500,1372,1628,1500,1538,1500,2012,1500,2012,2012,1500,1520,1505,1500,2012,8.2
2025-05-02,11:40:24.200,-67,-69,10,3718,3690,43,1,16,6225,10,341,366,516,6,-7,344,515,-1,-1,-1,-1,0x1020480014440405,1601,1568,1500,1500,2012,1683,1853,1500,1500,1688,988,1500,1500,1500,1500,1500,1500,1500,1372,1628,1500,1538,1500,2012,1500,1896,1773,1500,1520,1505,1500,2012,8.2
2025-05-02,11:40:24.700,-65,-69,10,3715,720,43,1,16,5920,10,341,-3,464,6,-7,344,515,-1,-1,-1,-1,0x1020480010440005,1507,1559,1500,1500,2012,1499,1818,1500,1500,1499,988,1500,1500,1500,1500,1500,1500,1500,1372,1628,1500,1538,1500,2012,1500,1867,1738,1500,1520,1505,1500,2012,8.2
2025-05-02,11:40:25.200,-59,-69,10,3725,1110,41,1,16,5145,10,341,-1024,504,6,-7,344,515,-1,-1,-1,-1,0x1020480014440005,1142,1564,1500,1500,2012,988,1845,1500,1500,988,988,1500,1500,1500,1500,1500,1500,1500,1372,1628,1500,1538,1500,2012,1500,1884,1757,1500,1520,1505,1500,2012,8.2
2025-05-02,11:40:25.700,-46,-69,10,3725,3510,41,1,16,3216,10,342,-475,603,6,-7,344,515,-1,-1,-1,-1,0x1020480014440005,1402,1588,1500,1500,2012,1263,1913,1500,1500,1263,988,1500,1500,1500,1500,1500,1500,1500,1372,1628,1500,1538,1500,2012,1500,1941,1853,1500,1520,1505,1500,2012,8.2
2025-05-02,11:40:26.200,-44,-69,10,3719,5220,41,1,16,3745,10,342,-93,677,6,-7,344,515,-1,-1,-1,-1,0x1020480014442405,1490,1608,1500,1500,2012,1454,1963,1500,1500,1454,988,1500,1500,1500,1500,1500,1500,1500,1372,1628,1500,1538,1500,2012,1500,1978,1933,1500,1520,1505,1500,2012,8.2
2025-05-02,11:40:26.700,-50,-59,10,3716,3150,41,1,16,5085,10,343,0,634,6,-7,344,515,-1,-1,-1,-1,0x1020480010442405,1508,1597,1500,1500,2012,1500,1934,1500,1500,1500,988,1500,1500,1500,1500,1500,1500,1500,1372,1628,1500,1538,1500,2012,1500,1957,1887,1500,1520,1505,1500,2012,8.2
2025-05-02,11:40:27.200,-57,-55,10,3717,2110,41,1,16,5346,10,343,-2,587,6,-7,344,515,-1,-1,-1,-1,0x1020480010440405,1507,1584,1500,1500,2012,1499,1902,1500,1500,1499,988,1500,1500,1500,1500,1500,1500,1500,1372,1628,1500,1538,1500,2012,1500,1933,1836,1500,1520,1505,1500,2012,8.2
2025-05-02,11:40:27.700,-59,-53,10,3722,720,41,1,16,4282,10,343,1024,-158,6,-7,344,515,-1,-1,-1,-1,0x10204800164C0405,1812,1417,1500,1499,2012,2012,1421,1417,1500,2012,988,1500,1500,1500,1500,1500,1500,1416,1050,2012,1500,1538,1500,2012,1500,1385,1500,1500,1520,1505,1500,2012,8.2
2025-05-02,11:40:28.200,-58,-58,10,3725,1330,41,1,16,2221,10,343,1024,309,6,-7,344,515,-1,-1,-1,-1,0x1020480014440405,1812,1540,1500,1500,2012,2012,1711,1500,1500,2012,988,1500,1500,1500,1500,1500,1500,1500,1372,1628,1500,1538,1500,2012,1500,1779,1662,1500,1520,1505,1500,2012,8.2
2025-05-02,11:40:28.700,-60,-58,10,3728,2190,43,1,16,2261,10,344,1024,509,7,-7,344,515,-1,-1,-1,-1,0x1020480014440405,1812,1567,1500,1500,2012,2012,1848,1500,1500,2012,988,1500,1500,1500,1500,1500,1500,1500,1372,1628,1500,1538,1500,2012,1500,1892,1767,1500,1520,1505,1500,2012,8.2
2025-05-02,11:40:29.200,-66,-66,10,3725,7790,44,1,16,4083,10,344,181,795,6,-7,344,515,-1,-1,-1,-1,0x1020480014442405,1553,1628,1500,1500,2012,1590,2012,1500,1500,1590,988,1500,1500,1500,1500,1500,1500,1500,1372,1628,1500,1538,1500,2012,1500,2012,2012,1500,1520,1505,1500,2012,8.2
2025-05-02,11:40:29.700,-69,-61,10,3711,5680,45,1,16,6451,10,345,168,1022,6,-7,344,515,-1,-1,-1,-1,0x1020480014442405,1550,1628,1500,1500,2012,1584,2012,1500,1500,1583,988,1500,1500,1500,1500,1500,1500,1500,1372,1628,1500,1538,1500,2012,1500,2012,2012,1500,1520,1505,1500,2012,8.2
2025-05-02,11:40:30.200,-69,-58,10,3706,810,44,1,16,6773,10,346,582,314,6,-7,344,515,-1,-1,-1,-1,0x1020480014440005,1641,1539,1500,1500,2012,1798,1715,1500,1500,1791,988,1500,1500,1500,1500,1500,1500,1500,1372,1628,1500,1538,1500,2012,1500,1774,1658,1500,1520,1505,1500,2012,8.2
2025-05-02,11:40:30.700,-63,-52,10,3708,1030,42,1,16,5718,10,346,475,267,7,-7,344,515,-1,-1,-1,-1,0x1020480014440005,1624,1533,1500,1500,2012,1737,1683,1500,1500,1737,988,1500,1500,1500,1500,1500,1500,1500,1372,1628,1500,1538,1500,2012,1500,1740,1632,1500,1520,1505,1500,2012,8.2
2025-05-02,11:40:31.200,-69,-62,10,3729,360,42,1,16,4969,10,346,541,242,6,-7,344,515,-1,-1,-1,-1,0x1020480014440005,1638,1530,1500,1500,2012,1770,1666,1500,1500,1765,988,1500,1500,1500,1500,1500,1500,1500,1372,1628,1500,1538,1500,2012,1500,1722,1619,1500,1520,1505,1500,2012,8.2
2025-05-02,11:40:31.700,-68,-61,10,3730,890,42,1,16,2584,10,346,1024,-21,6,-7,344,515,-1,-1,-1,-1,0x1020480014440005,1812,1489,1500,1500,2012,2012,1490,1489,1500,2012,988,1500,1500,1500,1500,1500,1500,1489,1192,2012,1500,1538,1500,2012,1500,1484,1500,1500,1520,1505,1500,2012,8.2
2025-05-02,11:40:32.200,-61,-69,10,3731,850,42,1,16,1853,10,346,1024,302,6,-7,344,515,-1,-1,-1,-1,0x1020480014440005,1812,1538,1500,1500,2012,2012,1707,1500,1500,2012,988,1500,1500,1500,1500,1500,1500,1500,1372,1628,1500,1538,1500,2012,1500,1765,1651,1500,1520,1505,1500,2012,8.2
2025-05-02,11:40:32.700,-73,-67,10,3730,1150,42,1,16,1255,10,346,674,538,7,-7,344,515,-1,-1,-1,-1,0x1020480014440005,1678,1571,1500,1500,2012,1836,1869,1500,1500,1837,988,1500,1500,1500,1500,1500,1500,1500,1372,1628,1500,1538,1500,2012,1500,1908,1786,1500,1520,1505,1500,2012,8.2
2025-05-02,11:40:33.200,-73,-70,10,3728,2140,44,1,16,3466,11,347,-23,506,6,-7,344,515,-1,-1,-1,-1,0x1020480010440005,1503,1566,1500,1500,2012,1489,1847,1500,1500,1489,988,1500,1500,1500,1500,1500,1500,1500,1372,1628,1500,1538,1500,2012,1500,1891,1766,1500,1520,1505,1500,2012,8.2
2025-05-02,11:40:33.700,-73,-66,10,3725,1690,44,1,16,3373,11,347,-2,547,7,-7,344,515,-1,-1,-1,-1,0x1020480010440005,1507,1573,1500,1500,2012,1499,1874,1500,1500,1499,988,1500,1500,1500,1500,1500,1500,1500,1372,1628,1500,1538,1500,2012,1500,1913,1792,1500,1520,1505,1500,2012,8.2
2025-05-02,11:40:34.200,-64,-63,10,3724,10680,44,1,16,5047,11,348,140,1023,6,-7,344,515,-1,-1,-1,-1,0x1020480014442005,1543,1628,1500,1500,2012,1570,2012,1500,1500,1570,988,1500,1500,1500,1500,1500,1500,1500,1372,1628,1500,1538,1500,2012,1500,2012,2012,1500,1520,1505,1500,2012,8.2
2025-05-02,11:40:34.700,-64,-58,10,3717,5510,43,1,16,6812,11,349,-501,341,6,-7,344,515,-1,-1,-1,-1,0x1020480014440005,1394,1547,1500,1500,2012,1225,1711,1500,1500,1250,988,1500,1500,1500,1500,1500,1500,1500,1372,1628,1500,1538,1500,2012,1500,2012,1689,1500,1520,1505,1500,2012,8.2
2025-05-02,11:40:35.200,-64,-54,10,3705,9270,43,1,16,5212,11,349,-1024,1018,6,-7,344,515,-1,-1,-1,-1,0x1020480014442C05,1142,1628,1500,1500,2012,988,2012,1500,1500,988,988,1500,1500,1500,1500,1500,1500,1500,1372,1628,1500,1538,1500,2012,1500,2012,2012,1500,1520,1505,1500,2012,8.2
2025-05-02,11:40:35.700,-59,-66,10,3702,8210,43,1,16,5833,11,350,-575,1018,6,-7,344,515,-1,-1,-1,-1,0x1020480014442405,1371,1628,1500,1500,2012,1206,2012,1500,1500,1213,988,1500,1500,1500,1500,1500,1500,1500,1372,1628,1500,1538,1500,2012,1500,2012,2012,1500,1520,1505,1500,2012,8.2
2025-05-02,11:40:36.200,-59,-58,10,3697,5780,42,1,16,6324,11,351,101,1022,6,-7,344,515,-1,-1,-1,-1,0x1020480014442405,1530,1628,1500,1500,2012,1550,2012,1500,1500,1545,988,1500,1500,1500,1500,1500,1500,1500,1372,1628,1500,1538,1500,2012,1500,2012,2012,1500,1520,1505,1500,2012,8.2
2025-05-02,11:40:36.700,-57,-57,10,3701,1370,41,1,16,6071,11,352,1024,197,6,-7,344,515,-1,-1,-1,-1,0x1020480014440405,1812,1521,1500,1500,2012,2012,1635,1500,1500,2012,988,1500,1500,1500,1500,1500,1500,1500,1372,1628,1500,1538,1500,2012,1500,1905,1583,1500,1520,1505,1500,2012,8.2
2025-05-02,11:40:37.200,-59,-58,10,3705,1820,43,1,16,4079,11,352,1024,615,6,-7,344,515,-1,-1,-1,-1,0x1020480014442405,1812,1591,1500,1500,2012,2012,1921,1500,1500,2012,988,1500,1500,1500,1500,1500,1500,1500,1372,1628,1500,1538,1500,2012,1500,1947,1866,1500,1520,1505,1500,2012,8.2
2025-05-02,11:40:37.700,-61,-61,10,3722,2300,43,1,16,2534,11,352,1024,586,6,-6,344,515,-1,-1,-1,-1,0x1020480014440405,1812,1583,1500,1500,2012,2012,1902,1500,1500,2012,988,1500,1500,1500,1500,1500,1500,1500,1372,1628,1500,1538,1500,2012,1500,1933,1834,1500,1520,1505,1500,2012,8.2
2025-05-02,11:40:38.200,-67,-61,10,3722,8170,44,1,16,5750,11,354,1024,1023,6,-7,344,515,-1,-1,-1,-1,0x1020480014442405,1812,1628,1500,1500,2012,2012,2012,1500,1500,2012,988,1500,1500,1500,1500,1500,1500,1500,1372,1628,1500,1538,1500,2012,1500,2012,2012,1500,1520,1505,1500,2012,8.2
2025-05-02,11:40:38.700,-62,-59,10,3697,5490,46,1,16,6323,11,354,-267,1019,6,-7,344,515,-1,-1,-1,-1,0x1020480014442405,1456,1628,1500,1500,2012,1367,2012,1500,1500,1367,988,1500,1500,1500,1500,1500,1500,1500,1372,1628,1500,1538,1500,2012,1500,2012,2012,1500,1520,1505,1500,2012,8.2
2025-05-02,11:40:39.200,-59,-60,10,3698,5100,46,1,16,7320,11,355,202,1021,6,-6,344,515,-1,-1,-1,-1,0x1020480014442005,1559,1628,1500,1500,2012,1593,2012,1500,1500,1601,988,1500,1500,1500,1500,1500,1500,1500,1372,1628,1500,1538,1500,2012,1500,2012,2012,1500,1520,1505,1500,2012,8.2
2025-05-02,11:40:39.700,-69,-56,10,3702,5950,46,1,16,7552,11,356,806,1024,6,-6,344,515,-1,-1,-1,-1,0x1020480014442005,1713,1628,1500,1500,2012,1903,2012,1500,1500,1894,988,1500,1500,1500,1500,1500,1500,1500,1372,1628,1500,1538,1500,2012,1500,2012,2012,1500,1520,1505,1500,2012,8.2
2025-05-02,11:40:40.200,-69,-56,10,3703,540,44,1,16,4009,11,356,1024,-489,7,-7,344,515,-1,-1,-1,-1,0x10204800164C0005,1812,1278,1500,1498,2012,2012,1255,1275,1500,2012,988,1500,1500,1500,1500,1500,1500,1275,999,2012,1500,1538,1500,2012,1500,1362,1500,1500,1520,1505,1500,2012,8.2
2025-05-02,11:40:40.700,-58,-62,10,3718,370,42,1,16,1027,11,356,1024,147,7,-7,344,515,-1,-1,-1,-1,0x1020480014440005,1812,1518,1500,1500,2012,2012,1601,1500,1500,2012,988,1500,1500,1500,1500,1500,1500,1500,1372,1628,1500,1538,1500,2012,1500,1644,1571,1500,1520,1505,1500,2012,8.2
2025-05-02,11:40:41.200,-59,-62,10,3728,410,42,1,16,340,11,356,1024,52,6,-7,344,515,-1,-1,-1,-1,0x1020480014440005,1812,1508,1500,1500,2012,2012,1535,1500,1500,2012,988,1500,1500,1500,1500,1500,1500,1500,1372,1628,1500,1538,1500,2012,1500,1554,1531,1500,1520,1505,1500,2012,8.2
2025-05-02,11:40:41.700,-56,-60,10,3728,490,42,1,16,0,11,356,1024,79,6,-7,344,515,-1,-1,-1,-1,0x1020480014440005,1812,1511,1500,1500,2012,2012,1554,1500,1500,2012,988,1500,1500,1500,1500,1500,1500,1500,1372,1628,1500,1538,1500,2012,1500,1581,1543,1500,1520,1505,1500,2012,8.2
2025-05-02,11:40:42.200,-57,-60,10,3729,400,42,1,16,0,11,357,721,22,6,-7,344,515,-1,-1,-1,-1,0x1020480014440005,1702,1505,1500,1500,2012,1860,1515,1500,1500,1875,988,1500,1500,1500,1500,1500,1500,1500,1321,1679,1500,1538,1500,2012,1500,1530,1520,1500,1520,1505,1500,2012,8.2
2025-05-02,11:40:42.700,-58,-62,10,3729,590,42,1,16,0,11,357,-1024,366,6,-7,344,515,-1,-1,-1,-1,0x1020480014440005,1142,1545,1500,1500,2012,988,1750,1500,1500,988,988,1500,1500,1500,1500,1500,1500,1500,1372,1628,1500,1538,1500,2012,1500,1808,1679,1500,1520,1505,1500,2012,8.2
2025-05-02,11:40:43.200,-53,-67,10,3728,1000,42,1,16,2261,11,357,-1024,226,7,-7,344,515,-1,-1,-1,-1,0x1020480014440805,1142,1529,1500,1500,2012,988,1655,1500,1500,988,988,1500,1500,1500,1500,1500,1500,1500,1372,1628,1500,1538,1500,2012,1500,1850,1616,1500,1520,1505,1500,2012,8.2
2025-05-02,11:40:43.700,-51,-60,10,3727,1110,42,1,16,287,11,357,1024,-703,7,-7,344,515,-1,-1,-1,-1,0x10204800164C0005,1812,1172,1500,1497,2012,2012,1149,1169,1500,2012,988,1500,1500,1500,1500,1500,1500,1169,1254,2012,1500,1538,1500,2012,1500,1105,1500,1500,1520,1505,1500,2012,8.2
2025-05-02,11:40:44.200,-52,-60,10,3727,1360,43,1,16,0,11,358,-153,6,7,-7,344,515,-1,-1,-1,-1,0x1020480014440005,1479,1501,1500,1500,2012,1443,1504,1500,1500,1424,988,1500,1500,1500,1500,1500,1500,1500,1372,2012,1500,1538,1500,2012,1500,1506,1503,1500,1520,1505,1500,2012,8.2
2025-05-02,11:40:44.700,-49,-58,10,3727,160,43,1,16,0,11,358,-4,6,7,-7,344,515,-1,-1,-1,-1,0x1020480010440005,1507,1501,1500,1500,2012,1498,1505,1500,1500,1498,988,1500,1500,1500,1500,1500,1500,1500,1372,2012,1500,1538,1500,2012,1500,1506,1503,1500,1520,1505,1500,2012,8.2
2025-05-02,11:40:45.200,-50,-58,10,3731,170,42,1,16,0,11,358,-4,6,6,-7,344,515,-1,-1,-1,-1,0x1020480010440005,1507,1501,1500,1500,2012,1498,1504,1500,1500,1498,988,1500,1500,1500,1500,1500,1500,1500,1500,2012,1500,1538,1500,2012,1500,1506,1503,1500,1520,1505,1500,2012,8.2
2025-05-02,11:40:45.700,-45,-58,10,3732,170,41,1,16,0,11,358,-4,13,6,-7,344,515,-1,-1,-1,-1,0x1020480010440005,1507,1502,1500,1500,2012,1498,1509,1500,1500,1498,988,1500,1500,1500,1500,1500,1500,1500,1500,2012,1500,1538,1500,2012,1500,1513,1507,1500,1520,1505,1500,2012,8.2
2025-05-02,11:40:46.200,-41,-58,10,3732,850,41,1,16,0,11,358,1024,6,6,-7,344,515,-1,-1,-1,-1,0x1020480014440005,1812,1500,1500,1500,2012,2012,1504,1500,1500,2012,988,1500,1500,1500,1500,1500,1500,1500,1500,2012,1500,1538,1500,2012,1500,1506,1502,1500,1520,1505,1500,2012,8.2
2025-05-02,11:40:46.700,-40,-58,10,3731,330,41,1,16,0,11,358,-512,7,7,-6,344,515,-1,-1,-1,-1,0x1020480014440004,1391,1501,1500,1500,2012,1244,1505,1500,1500,1244,988,1500,1500,1500,1500,1500,1500,1500,1500,2012,1500,1538,1500,2012,1500,1507,1503,1500,1520,1505,1500,2012,8.2
2025-05-02,11:40:47.200,-33,-58,10,3731,260,41,1,16,0,11,358,-1,8,6,-7,344,515,-1,-1,-1,-1,0x1020480010440004,1508,1501,1500,1500,2012,1500,1505,1500,1500,1500,988,1500,1500,1500,1500,1500,1500,1500,1500,2012,1500,1538,1500,2012,1500,1508,1504,1500,1520,1505,1500,2012,8.2
2025-05-02,11:40:47.700,-31,-58,10,3733,160,41,1,16,0,11,358,-1,8,6,-7,344,515,-1,-1,-1,-1,0x1020480010440004,1508,1501,1500,1500,2012,1500,1505,1500,1500,1500,988,1500,1500,1500,1500,1500,1500,1500,1500,2012,1500,1538,1500,2012,1500,1508,1504,1500,1520,1505,1500,2012,8.2
2025-05-02,11:40:48.200,-25,-58,10,3734,160,41,1,16,0,11,358,-2,11,7,-7,344,515,-1,-1,-1,-1,0x1020480010440004,1507,1501,1500,1500,2012,1499,1507,1500,1500,1499,988,1500,1500,1500,1500,1500,1500,1500,1500,2012,1500,1538,1500,2012,1500,1512,1506,1500,1520,1505,1500,2012,8.2
2025-05-02,11:40:48.700,-24,-58,10,3734,170,41,1,16,0,11,358,-1,40,6,-7,344,515,-1,-1,-1,-1,0x1020480010440004,1508,1506,1500,1500,2012,1500,1527,1500,1500,1500,988,1500,1500,1500,1500,1500,1500,1500,1500,2012,1500,1538,1500,2012,1500,1542,1523,1500,1520,1505,1500,2012,8.2
2025-05-02,11:40:49.200,-25,-58,10,3734,160,41,1,16,0,11,358,-1,10,6,-6,344,515,-1,-1,-1,-1,0x1020480010440004,1508,1501,1500,1500,2012,1500,1507,1500,1500,1500,988,1500,1500,1500,1500,1500,1500,1500,1500,2012,1500,1538,1500,2012,1500,1510,1505,1500,1520,1505,1500,2012,8.2
2025-05-02,11:40:49.700,-42,-44,10,3735,160,41,1,16,0,11,358,-1,11,7,-7,344,515,-1,-1,-1,-1,0x1020480010440004,1508,1501,1500,1500,2012,1500,1507,1500,1500,1500,988,1500,1500,1500,1500,1500,1500,1500,1500,2012,1500,1538,1500,2012,1500,1512,1506,1500,1520,1505,1500,2012,8.2
2025-05-02,11:40:50.200,-34,-44,10,3735,160,41,1,16,0,11,358,-1,34,6,-7,344,515,-1,-1,-1,-1,0x1020480010440004,1508,1505,1500,1500,2012,1500,1523,1500,1500,1500,988,1500,1500,1500,1500,1500,1500,1500,1500,2012,1500,1538,1500,2012,1500,1536,1520,1500,1520,1505,1500,2012,8.2
2025-05-02,11:40:50.700,-30,-44,10,3735,190,41,1,16,291,11,358,-1,11,6,-7,344,515,-1,-1,-1,-1,0x1020480010440004,1508,1501,1500,1500,2012,1500,1507,1500,1500,1500,988,1500,1500,1500,1500,1500,1500,1500,1500,2012,1500,1538,1500,2012,1500,1512,1506,1500,1520,1505,1500,2012,8.2
2025-05-02,11:40:51.190,-27,-44,10,3735,200,41,1,16,357,11,358,-2,12,7,-6,344,515,-1,-1,-1,-1,0x1020480010440004,1507,1501,1500,1500,2012,1499,1508,1500,1500,1499,988,1500,1500,1500,1500,1500,1500,1500,1500,2012,1500,1538,1500,2012,1500,1512,1506,1500,1520,1505,1500,2012,8.2
2025-05-02,11:40:51.680,-27,-44,10,3736,220,41,1,16,0,11,358,-2,-481,7,-6,343,514,-1,-1,-1,-1,0x1020480012400004,1507,1325,1500,1498,2012,1499,1260,1324,1500,1499,988,1500,1500,1500,1500,1500,1500,1323,1500,2012,1500,1538,1500,2012,1500,1201,1500,1500,1520,1505,1500,2012,8.2
2025-05-02,11:40:52.180,-32,-30,10,3736,190,41,1,16,0,11,358,0,4,7,-6,344,515,-1,-1,-1,-1,0x1020480010440004,1508,1500,1500,1500,2012,1500,1502,1500,1500,1500,988,1500,1500,1500,1500,1500,1500,1500,1500,2012,1500,1538,1500,2012,1500,1504,1502,1500,1520,1505,1500,2012,8.2
2025-05-02,11:40:52.680,-32,-29,10,3736,290,41,1,16,0,11,358,2,8,6,-7,344,515,-1,-1,-1,-1,0x1020480010440004,1508,1501,1500,1500,2012,1501,1505,1500,1500,1501,988,1500,1500,1500,1500,1500,1500,1500,1500,2012,1500,1538,1500,2012,1500,1508,1504,1500,1520,1505,1500,2012,8.2
2025-05-02,11:40:53.180,-41,-42,10,3736,170,41,1,16,0,11,358,25,12,6,-7,344,515,-1,-1,-1,-1,0x1020480010440004,1511,1501,1500,1500,2012,1512,1508,1500,1500,1512,988,1500,1500,1500,1500,1500,1500,1500,1500,2012,1500,1538,1500,2012,1500,1512,1506,1500,1520,1505,1500,2012,8.2
2025-05-02,11:40:53.680,-47,-50,10,3736,1770,41,1,16,0,11,358,33,12,7,-7,344,515,-1,-1,-1,-1,0x1020480010440005,1516,1501,1500,1500,2012,1516,1508,1500,1500,1516,988,1500,1500,1500,1500,1500,1500,1500,988,2012,1500,1538,1500,2012,1500,1512,1506,1500,1520,1505,1500,2012,8.2
2025-05-02,11:40:54.180,-52,-63,10,3736,170,41,1,16,0,11,358,-4,6,6,-7,344,515,-1,-1,-1,-1,0x1020480010440005,1507,1501,1500,1500,2012,1498,1504,1500,1500,1498,988,1500,1500,1500,1500,1500,1500,1500,1372,2012,1500,1538,1500,2012,1500,1506,1503,1500,1520,1505,1500,2012,8.2
2025-05-02,11:40:54.680,-46,-63,10,3736,170,41,1,16,0,11,358,-3,7,6,-7,344,515,-1,-1,-1,-1,0x1020480010440005,1507,1501,1500,1500,2012,1499,1505,1500,1500,1499,988,1500,1500,1500,1500,1500,1500,1500,1372,2012,1500,1538,1500,2012,1500,1507,1503,1500,1520,1505,1500,2012,8.2
2025-05-02,11:40:55.180,-51,-49,10,3737,160,41,1,16,0,11,358,-4,8,6,-7,344,515,-1,-1,-1,-1,0x1020480010440005,1507,1501,1500,1500,2012,1498,1505,1500,1500,1498,988,1500,1500,1500,1500,1500,1500,1500,1500,2012,1500,1538,1500,2012,1500,1508,1504,1500,1520,1505,1500,2012,8.2
2025-05-02,11:40:55.680,-51,-46,10,3737,160,41,1,16,0,11,358,-4,7,7,-7,344,515,-1,-1,-1,-1,0x1020480010440005,1507,1501,1500,1500,2012,1498,1505,1500,1500,1498,988,1500,1500,1500,1500,1500,1500,1500,1500,2012,1500,1538,1500,2012,1500,1507,1503,1500,1520,1505,1500,2012,8.2
2025-05-02,11:40:56.180,-51,-51,10,3737,170,41,1,16,0,11,358,-4,9,6,-7,344,515,-1,-1,-1,-1,0x1020480010440005,1507,1501,1500,1500,2012,1498,1506,1500,1500,1498,988,1500,1500,1500,1500,1500,1500,1500,1500,2012,1500,1538,1500,2012,1500,1509,1505,1500,1520,1505,1500,2012,8.2
2025-05-02,11:40:56.680,-53,-54,10,3737,170,40,1,16,0,11,358,-3,13,7,-7,344,515,-1,-1,-1,-1,0x1020480010440005,1507,1502,1500,1500,2012,1499,1509,1500,1500,1499,988,1500,1500,1500,1500,1500,1500,1500,1500,2012,1500,1538,1500,2012,1500,1513,1507,1500,1520,1505,1500,2012,8.2
2025-05-02,11:40:57.180,-53,-55,10,3737,170,40,1,16,0,11,358,-2,10,6,-6,344,515,-1,-1,-1,-1,0x1020480010440004,1507,1501,1500,1500,2012,1499,1507,1500,1500,1499,988,1500,1500,1500,1500,1500,1500,1500,1500,2012,1500,1538,1500,2012,1500,1510,1505,1500,1520,1505,1500,2012,8.2
2025-05-02,11:40:57.680,-61,-56,10,3738,1100,40,1,16,0,11,359,916,10,6,-7,344,515,-1,-1,-1,-1,0x1020480014440004,1749,1501,1500,1500,2012,1958,1507,1500,1500,1951,988,1500,1500,1500,1500,1500,1500,1500,1500,2012,1500,1538,1500,2012,1500,1510,1505,1500,1520,1505,1500,2012,8.2
2025-05-02,11:40:58.180,-52,-57,10,3737,1260,40,1,16,0,11,359,1024,6,7,-7,344,515,-1,-1,-1,-1,0x1020480014440004,1812,1501,1500,1500,2012,2012,1504,1500,1500,2012,988,1500,1500,1500,1500,1500,1500,1500,1500,2012,1500,1538,1500,2012,1500,1506,1503,1500,1520,1505,1500,2012,8.2
2025-05-02,11:40:58.680,-55,-57,10,3734,1210,40,1,16,0,11,359,1024,86,6,-7,344,515,-1,-1,-1,-1,0x1020480014440005,1812,1511,1500,1500,2012,2012,1559,1500,1500,2012,988,1500,1500,1500,1500,1500,1500,1500,1372,1628,1500,1538,1500,2012,1500,1588,1546,1500,1520,1505,1500,2012,8.2
2025-05-02,11:40:59.180,-55,-71,10,3733,1140,45,1,16,0,11,359,1024,9,6,-6,344,515,-1,-1,-1,-1,0x1020480014440005,1812,1501,1500,1500,2012,2012,1506,1500,1500,2012,988,1500,1500,1500,1500,1500,1500,1500,1285,2012,1500,1538,1500,2012,1500,1509,1505,1500,1520,1505,1500,2012,8.2
2025-05-02,11:40:59.680,-54,-71,10,3734,950,46,1,16,0,11,359,1024,13,6,-6,344,515,-1,-1,-1,-1,0x1020480014440005,1812,1501,1500,1500,2012,2012,1509,1500,1500,2012,988,1500,1500,1500,1500,1500,1500,1500,1372,2012,1500,1538,1500,2012,1500,1513,1506,1500,1520,1505,1500,2012,8.2
2025-05-02,11:41:00.180,-53,-71,10,3734,1110,46,1,16,0,11,359,1024,24,7,-7,344,515,-1,-1,-1,-1,0x1020480014440005,1812,1503,1500,1500,2012,2012,1516,1500,1500,2012,988,1500,1500,1500,1500,1500,1500,1500,1412,2012,1500,1538,1500,2012,1500,1525,1513,1500,1520,1505,1500,2012,8.2
2025-05-02,11:41:00.680,-52,-71,10,3734,1130,46,1,16,0,11,359,1024,44,6,-7,344,515,-1,-1,-1,-1,0x1020480014440005,1812,1506,1500,1500,2012,2012,1530,1500,1500,2012,988,1500,1500,1500,1500,1500,1500,1500,988,2012,1500,1538,1500,2012,1500,1546,1526,1500,1520,1505,1500,2012,8.2
2025-05-02,11:41:01.180,-53,-71,10,3733,1190,46,1,16,0,11,360,1024,284,6,-7,344,515,-1,-1,-1,-1,0x1020480014440005,1812,1535,1500,1500,2012,2012,1694,1500,1500,2012,988,1500,1500,1500,1500,1500,1500,1500,1372,1628,1500,1538,1500,2012,1500,1753,1642,1500,1520,1505,1500,2012,8.2
2025-05-02,11:41:01.680,-52,-71,10,3732,1670,44,1,16,719,11,360,1024,627,6,-7,344,515,-1,-1,-1,-1,0x1020480014442005,1812,1591,1500,1500,2012,2012,1929,1500,1500,2012,988,1500,1500,1500,1500,1500,1500,1500,1372,1628,1500,1538,1500,2012,1500,1953,1863,1500,1520,1505,1500,2012,8.2
2025-05-02,11:41:02.180,-62,-74,10,3730,8530,43,1,16,5379,11,361,-17,1013,6,-7,344,515,-1,-1,-1,-1,0x1020480010442005,1507,1628,1500,1500,2012,1492,2012,1500,1500,1492,988,1500,1500,1500,1500,1500,1500,1500,1372,1628,1500,1538,1500,2012,1500,2012,2012,1500,1520,1505,1500,2012,8.2
2025-05-02,11:41:02.680,-64,-66,10,3703,5570,43,1,16,6608,11,362,267,1017,6,-7,344,515,-1,-1,-1,-1,0x1020480014442405,1576,1628,1500,1500,2012,1633,2012,1500,1500,1633,988,1500,1500,1500,1500,1500,1500,1500,1372,1628,1500,1538,1500,2012,1500,2012,2012,1500,1520,1505,1500,2012,8.2
2025-05-02,11:41:03.180,-64,-57,10,3705,6390,43,1,16,7305,11,363,-981,1019,6,-7,344,515,-1,-1,-1,-1,0x1020480014442405,1172,1628,1500,1500,2012,1010,2012,1500,1500,1010,988,1500,1500,1500,1500,1500,1500,1500,1372,1628,1500,1538,1500,2012,1500,2012,2012,1500,1520,1505,1500,2012,8.2
2025-05-02,11:41:03.680,-64,-49,10,3708,5530,43,1,16,6482,11,364,-1024,1020,6,-7,344,515,-1,-1,-1,-1,0x1020480014442C05,1142,1628,1500,1500,2012,988,2012,1500,1500,988,988,1500,1500,1500,1500,1500,1500,1500,1372,1628,1500,1538,1500,2012,1500,2012,2012,1500,1520,1505,1500,2012,8.2
2025-05-02,11:41:04.180,-59,-57,10,3706,7840,42,1,16,5618,11,364,543,1022,6,-7,344,515,-1,-1,-1,-1,0x1020480014442405,1648,1628,1500,1500,2012,1771,2012,1500,1500,1771,988,1500,1500,1500,1500,1500,1500,1500,1372,1628,1500,1538,1500,2012,1500,2012,2012,1500,1520,1505,1500,2012,8.2
2025-05-02,11:41:04.680,-62,-54,10,3703,5800,42,1,16,6222,11,365,182,1023,6,-7,344,515,-1,-1,-1,-1,0x1020480014442405,1554,1628,1500,1500,2012,1591,2012,1500,1500,1591,988,1500,1500,1500,1500,1500,1500,1500,1372,1628,1500,1538,1500,2012,1500,2012,2012,1500,1520,1505,1500,2012,8.2
2025-05-02,11:41:05.180,-62,-50,10,3703,5120,41,1,16,7114,11,366,11,1023,6,-7,344,515,-1,-1,-1,-1,0x1020480010442405,1508,1628,1500,1500,2012,1505,2012,1500,1500,1505,988,1500,1500,1500,1500,1500,1500,1500,1372,1628,1500,1538,1500,2012,1500,2012,2012,1500,1520,1505,1500,2012,8.2
2025-05-02,11:41:05.680,-53,-64,10,3706,770,42,1,16,3638,11,366,1024,132,7,-7,344,515,-1,-1,-1,-1,0x1020480014440405,1812,1518,1500,1500,2012,2012,1590,1500,1500,2012,988,1500,1500,1500,1500,1500,1500,1500,1372,1628,1500,1538,1500,2012,1500,1649,1572,1500,1520,1505,1500,2012,8.2
2025-05-02,11:41:06.180,-56,-64,10,3727,1250,42,1,16,2324,11,366,1024,448,6,-7,344,515,-1,-1,-1,-1,0x1020480014440405,1812,1557,1500,1500,2012,2012,1807,1500,1500,2012,988,1500,1500,1500,1500,1500,1500,1500,1372,1628,1500,1538,1500,2012,1500,1858,1728,1500,1520,1505,1500,2012,8.2
2025-05-02,11:41:06.680,-57,-58,10,3728,10230,42,1,16,4948,11,367,1024,1020,6,-7,344,515,-1,-1,-1,-1,0x1020480014442005,1812,1628,1500,1500,2012,2012,2012,1500,1500,2012,988,1500,1500,1500,1500,1500,1500,1500,1372,1628,1500,1538,1500,2012,1500,2012,2012,1500,1520,1505,1500,2012,8.2
2025-05-02,11:41:07.180,-74,-61,10,3698,6010,43,1,16,5929,11,368,-98,1021,6,-7,344,515,-1,-1,-1,-1,0x1020480014442005,1494,1628,1500,1500,2012,1451,2012,1500,1500,1451,988,1500,1500,1500,1500,1500,1500,1500,1372,1628,1500,1538,1500,2012,1500,2012,2012,1500,1520,1505,1500,2012,8.2
2025-05-02,11:41:07.680,-74,-60,10,3698,5590,44,1,16,6918,11,369,98,1020,6,-7,344,515,-1,-1,-1,-1,0x1020480014442005,1550,1628,1500,1500,2012,1549,2012,1500,1500,1549,988,1500,1500,1500,1500,1500,1500,1500,1372,1628,1500,1538,1500,2012,1500,2012,2012,1500,1520,1505,1500,2012,8.2
2025-05-02,11:41:08.180,-58,-62,10,3703,5720,44,1,16,7185,11,370,453,1022,6,-7,344,515,-1,-1,-1,-1,0x1020480014442005,1625,1628,1500,1500,2012,1726,2012,1500,1500,1726,988,1500,1500,1500,1500,1500,1500,1500,1372,1628,1500,1538,1500,2012,1500,2012,2012,1500,1520,1505,1500,2012,8.2
2025-05-02,11:41:08.680,-59,-60,10,3704,6050,44,1,16,6982,11,371,769,941,6,-7,344,515,-1,-1,-1,-1,0x1020480014442005,1712,1628,1500,1500,2012,1884,2012,1500,1500,1893,988,1500,1500,1500,1500,1500,1500,1500,1372,1628,1500,1538,1500,2012,1500,2012,2012,1500,1520,1505,1500,2012,8.2
2025-05-02,11:41:09.180,-62,-60,10,3704,750,43,1,16,3409,11,371,1024,7,6,-7,344,515,-1,-1,-1,-1,0x1020480014440005,1812,1501,1500,1500,2012,2012,1505,1500,1500,2012,988,1500,1500,1500,1500,1500,1500,1500,1183,2012,1500,1538,1500,2012,1500,1507,1503,1500,1520,1505,1500,2012,8.2
2025-05-02,11:41:09.680,-59,-60,10,3726,770,45,1,16,2194,11,371,1024,365,6,-7,344,515,-1,-1,-1,-1,0x1020480014440005,1812,1544,1500,1500,2012,2012,1750,1500,1500,2012,988,1500,1500,1500,1500,1500,1500,1500,1372,1628,1500,1538,1500,2012,1500,1808,1678,1500,1520,1505,1500,2012,8.2
2025-05-02,11:41:10.180,-63,-62,10,3727,8610,45,1,16,5381,11,372,1024,1020,6,-7,344,515,-1,-1,-1,-1,0x1020480014442005,1812,1628,1500,1500,2012,2012,2012,1500,1500,2012,988,1500,1500,1500,1500,1500,1500,1500,1372,1628,1500,1538,1500,2012,1500,2012,2012,1500,1520,1505,1500,2012,8.2
2025-05-02,11:41:10.680,-76,-62,10,3696,6060,43,1,16,5970,11,373,-120,1020,6,-7,344,515,-1,-1,-1,-1,0x1020480014442405,1493,1628,1500,1500,2012,1440,2012,1500,1500,1440,988,1500,1500,1500,1500,1500,1500,1500,1372,1628,1500,1538,1500,2012,1500,2012,2012,1500,1520,1505,1500,2012,8.2
2025-05-02,11:41:11.180,-76,-62,10,3695,5780,43,1,16,6904,11,374,197,1021,6,-7,344,515,-1,-1,-1,-1,0x1020480014442405,1573,1628,1500,1500,2012,1598,2012,1500,1500,1598,988,1500,1500,1500,1500,1500,1500,1500,1372,1628,1500,1538,1500,2012,1500,2012,2012,1500,1520,1505,1500,2012,8.2
2025-05-02,11:41:11.680,-76,-61,10,3701,6810,42,1,16,5739,11,374,-1024,1022,6,-7,344,515,-1,-1,-1,-1,0x1020480014442405,1142,1628,1500,1500,2012,988,2012,1500,1500,988,988,1500,1500,1500,1500,1500,1500,1500,1372,1628,1500,1538,1500,2012,1500,2012,2012,1500,1520,1505,1500,2012,8.2
2025-05-02,11:41:12.180,-76,-48,10,3699,6550,42,1,16,6249,11,375,834,1024,6,-7,344,515,-1,-1,-1,-1,0x1020480014442405,1744,1628,1500,1500,2012,1917,2012,1500,1500,1917,988,1500,1500,1500,1500,1500,1500,1500,1372,1628,1500,1538,1500,2012,1500,2012,2012,1500,1520,1505,1500,2012,8.2
2025-05-02,11:41:12.680,-48,-52,10,3697,6390,42,1,16,5663,11,376,-100,1024,6,-7,344,515,-1,-1,-1,-1,0x1020480014442405,1485,1628,1500,1500,2012,1450,2012,1500,1500,1450,988,1500,1500,1500,1500,1500,1500,1500,1372,1628,1500,1538,1500,2012,1500,2012,2012,1500,1520,1505,1500,2012,8.2
2025-05-02,11:41:13.180,-52,-53,10,3697,5170,42,1,16,7098,11,377,186,1024,6,-7,344,515,-1,-1,-1,-1,0x1020480014442405,1551,1628,1500,1500,2012,1593,2012,1500,1500,1593,988,1500,1500,1500,1500,1500,1500,1500,1372,1628,1500,1538,1500,2012,1500,2012,2012,1500,1520,1505,1500,2012,8.2
2025-05-02,11:41:13.680,-56,-53,10,3701,460,42,1,16,4736,11,377,1024,-197,7,-7,344,515,-1,-1,-1,-1,0x1020480016400405,1812,1417,1500,1499,2012,2012,1402,1416,1500,2012,988,1500,1500,1500,1500,1500,1500,1416,1152,2012,1500,1538,1500,2012,1500,1358,1500,1500,1520,1505,1500,2012,8.2
2025-05-02,11:41:14.180,-59,-59,10,3721,1320,42,1,16,2716,11,377,1024,473,6,-7,344,515,-1,-1,-1,-1,0x1020480014440405,1812,1561,1500,1500,2012,2012,1824,1500,1500,2012,988,1500,1500,1500,1500,1500,1500,1500,1372,1628,1500,1538,1500,2012,1500,1872,1744,1500,1520,1505,1500,2012,8.2
2025-05-02,11:41:14.680,-64,-59,10,3722,8240,42,1,16,5478,11,379,1024,1023,6,-7,344,515,-1,-1,-1,-1,0x1020480014442005,1812,1628,1500,1500,2012,2012,2012,1500,1500,2012,988,1500,1500,1500,1500,1500,1500,1500,1372,1628,1500,1538,1500,2012,1500,2012,2012,1500,1520,1505,1500,2012,8.2
2025-05-02,11:41:15.180,-63,-57,10,3691,6130,43,1,16,5736,11,380,-269,1022,6,-7,344,515,-1,-1,-1,-1,0x1020480014442005,1455,1628,1500,1500,2012,1366,2012,1500,1500,1366,988,1500,1500,1500,1500,1500,1500,1500,1372,1628,1500,1538,1500,2012,1500,2012,2012,1500,1520,1505,1500,2012,8.2
2025-05-02,11:41:15.680,-62,-59,10,3692,5690,44,1,16,7027,11,380,-8,1022,6,-7,344,515,-1,-1,-1,-1,0x1020480010442005,1509,1628,1500,1500,2012,1496,2012,1500,1500,1496,988,1500,1500,1500,1500,1500,1500,1500,1372,1628,1500,1538,1500,2012,1500,2012,2012,1500,1520,1505,1500,2012,8.2
2025-05-02,11:41:16.180,-61,-62,10,3699,5990,44,1,16,7856,12,381,1022,1024,6,-7,344,515,-1,-1,-1,-1,0x1020480014442005,1807,1628,1500,1500,2012,2011,2012,1500,1500,2011,988,1500,1500,1500,1500,1500,1500,1500,1372,1628,1500,1538,1500,2012,1500,2012,2012,1500,1520,1505,1500,2012,8.2
2025-05-02,11:41:16.680,-60,-62,10,3700,5410,44,1,16,6916,12,382,433,1024,6,-7,344,515,-1,-1,-1,-1,0x1020480014442005,1614,1628,1500,1500,2012,1716,2012,1500,1500,1716,988,1500,1500,1500,1500,1500,1500,1500,1372,1628,1500,1538,1500,2012,1500,2012,2012,1500,1520,1505,1500,2012,8.2
2025-05-02,11:41:17.180,-63,-53,10,3701,540,44,1,16,4580,12,382,846,3,6,-7,345,515,-1,-1,-1,-1,0x1020480014440005,1725,1500,1500,1500,2012,1923,1502,1500,1500,1923,988,1500,1500,1500,1500,1500,1500,1500,1192,2012,1500,1538,1500,2012,1500,1503,1501,1500,1520,1505,1500,2012,8.2
2025-05-02,11:41:17.680,-56,-59,10,3720,810,43,1,16,2606,12,382,1024,88,6,-7,344,515,-1,-1,-1,-1,0x1020480014440005,1812,1512,1500,1500,2012,2012,1560,1500,1500,2012,988,1500,1500,1500,1500,1500,1500,1500,1372,1628,1500,1538,1500,2012,1500,1590,1547,1500,1520,1505,1500,2012,8.2
2025-05-02,11:41:18.180,-59,-59,10,3722,1490,43,1,16,3330,12,383,1024,448,6,-7,344,515,-1,-1,-1,-1,0x1020480014440005,1812,1557,1500,1500,2012,2012,1807,1500,1500,2012,988,1500,1500,1500,1500,1500,1500,1500,1372,1628,1500,1538,1500,2012,1500,1858,1729,1500,1520,1505,1500,2012,8.2
2025-05-02,11:41:18.680,-64,-61,10,3722,1650,43,1,16,2347,12,383,1024,595,6,-7,344,515,-1,-1,-1,-1,0x1020480014440005,1812,1583,1500,1500,2012,2012,1907,1500,1500,2012,988,1500,1500,1500,1500,1500,1500,1500,1372,1628,1500,1538,1500,2012,1500,1937,1831,1500,1520,1505,1500,2012,8.2
2025-05-02,11:41:19.180,-64,-60,10,3717,1330,42,1,16,2799,12,384,1024,49,6,-7,344,515,-1,-1,-1,-1,0x1020480014440005,1812,1509,1500,1500,2012,2012,1533,1500,1500,2012,988,1500,1500,1500,1500,1500,1500,1500,1372,1628,1500,1538,1500,2012,1500,1958,1538,1500,1520,1505,1500,2012,8.2
2025-05-02,11:41:19.680,-64,-65,10,3722,160,42,1,16,0,12,384,1024,2,7,-7,344,515,-1,-1,-1,-1,0x1020480014440005,1812,1500,1500,1500,2012,2012,1501,1500,1500,2012,988,1500,1500,1500,1500,1500,1500,1500,1347,2012,1500,1538,1500,2012,1500,1501,1500,1500,1520,1505,1500,2012,8.2
2025-05-02,11:41:20.180,-65,-67,10,3723,800,41,1,16,1411,12,385,1024,9,6,-7,344,515,-1,-1,-1,-1,0x1020480014440005,1812,1501,1500,1500,2012,2012,1506,1500,1500,2012,988,1500,1500,1500,1500,1500,1500,1500,988,2012,1500,1538,1500,2012,1500,1886,1505,1500,1520,1505,1500,2012,8.2
2025-05-02,11:41:20.680,-66,-59,10,3723,160,41,1,16,0,12,385,-5,8,6,-7,344,515,-1,-1,-1,-1,0x1020480010440005,1507,1501,1500,1500,2012,1498,1505,1500,1500,1498,988,1500,1500,1500,1500,1500,1500,1500,1372,2012,1500,1538,1500,2012,1500,1508,1504,1500,1520,1505,1500,2012,8.2
2025-05-02,11:41:21.180,-66,-59,10,3723,170,41,1,16,0,12,385,-4,7,6,-7,344,515,-1,-1,-1,-1,0x1020480010440005,1507,1501,1500,1500,2012,1498,1505,1500,1500,1498,988,1500,1500,1500,1500,1500,1500,1500,1372,2012,1500,1538,1500,2012,1500,1507,1503,1500,1520,1505,1500,2012,8.2
2025-05-02,11:41:21.680,-66,-46,10,3727,150,41,1,16,0,12,385,-5,6,7,-7,344,515,-1,-1,-1,-1,0x1020480010440005,1507,1501,1500,1500,2012,1498,1504,1500,1500,1498,988,1500,1500,1500,1500,1500,1500,1500,1500,2012,1500,1538,1500,2012,1500,1506,1503,1500,1520,1505,1500,2012,8.2
2025-05-02,11:41:22.180,-66,-34,10,3728,160,41,1,16,0,12,385,-5,10,6,-7,344,515,-1,-1,-1,-1,0x1020480010440005,1507,1501,1500,1500,2012,1498,1507,1500,1500,1498,988,1500,1500,1500,1500,1500,1500,1500,1500,2012,1500,1538,1500,2012,1500,1510,1505,1500,1520,1505,1500,2012,8.2
2025-05-02,11:41:22.680,-42,-40,10,3728,230,41,1,16,358,12,385,-4,13,6,-7,344,515,-1,-1,-1,-1,0x1020480010440005,1507,1502,1500,1500,2012,1498,1509,1500,1500,1498,988,1500,1500,1500,1500,1500,1500,1500,1219,1832,1500,1538,1500,2012,1500,1513,1507,1500,1520,1505,1500,2012,8.2
2025-05-02,11:41:23.180,-46,-40,10,3728,220,41,1,16,73,12,385,-5,4,7,-7,344,515,-1,-1,-1,-1,0x1020480010440005,1507,1500,1500,1500,2012,1498,1502,1500,1500,1498,988,1500,1500,1500,1500,1500,1500,1500,1372,2012,1500,1538,1500,2012,1500,1504,1502,1500,1520,1505,1500,2012,8.2
2025-05-02,11:41:23.680,-48,-44,10,3729,160,41,1,16,0,12,385,-5,5,7,-7,344,515,-1,-1,-1,-1,0x1020480010440005,1507,1500,1500,1500,2012,1498,1503,1500,1500,1498,988,1500,1500,1500,1500,1500,1500,1500,1372,2012,1500,1538,1500,2012,1500,1505,1502,1500,1520,1505,1500,2012,8.2
2025-05-02,11:41:24.180,-48,-41,10,3730,210,41,1,16,11,12,385,-1,4,7,-7,344,515,-1,-1,-1,-1,0x1020480010440005,1508,1500,1500,1500,2012,1500,1502,1500,1500,1500,988,1500,1500,1500,1500,1500,1500,1500,1500,2012,1500,1538,1500,2012,1500,1504,1502,1500,1520,1505,1500,2012,8.2
2025-05-02,11:41:24.680,-47,-47,10,3730,220,41,1,16,119,12,385,-1,5,7,-7,344,515,-1,-1,-1,-1,0x1020480010440005,1508,1500,1500,1500,2012,1500,1503,1500,1500,1500,988,1500,1500,1500,1500,1500,1500,1500,1500,2012,1500,1538,1500,2012,1500,1505,1502,1500,1520,1505,1500,2012,8.2
2025-05-02,11:41:25.180,-48,-66,10,3730,160,41,1,16,0,12,385,-1,4,7,-6,344,515,-1,-1,-1,-1,0x1020480010440005,1508,1500,1500,1500,2012,1500,1502,1500,1500,1500,988,1500,1500,1500,1500,1500,1500,1500,1500,2012,1500,1538,1500,2012,1500,1504,1502,1500,1520,1505,1500,2012,8.2
2025-05-02,11:41:25.680,-47,-66,10,3731,240,41,1,16,0,12,385,-1,4,6,-7,344,515,-1,-1,-1,-1,0x1020480010440005,1507,1500,1500,1500,2012,1500,1502,1500,1500,1499,988,1500,1500,1500,1500,1500,1500,1500,1500,2012,1500,1538,1500,2012,1500,1504,1502,1500,1520,1505,1500,2012,8.2
2025-05-02,11:41:26.180,-48,-66,10,3731,160,41,1,16,0,12,385,-1,4,7,-7,344,515,-1,-1,-1,-1,0x1020480010440004,1508,1500,1500,1500,2012,1500,1502,1500,1500,1500,988,1500,1500,1500,1500,1500,1500,1500,1500,2012,1500,1538,1500,2012,1500,1504,1502,1500,1520,1505,1500,2012,8.2
2025-05-02,11:41:26.680,-51,-39,10,3731,170,41,1,16,0,12,385,-1,3,6,-7,345,515,-1,-1,-1,-1,0x1020480010440004,1508,1500,1500,1500,2012,1500,1502,1500,1500,1500,988,1500,1500,1500,1500,1500,1500,1500,1500,2012,1500,1538,1500,2012,1500,1503,1501,1500,1520,1505,1500,2012,8.2
2025-05-02,11:41:27.180,-51,-38,10,3732,160,41,1,16,0,12,385,-1,3,7,-7,344,515,-1,-1,-1,-1,0x1020480010440004,1508,1500,1500,1500,2012,1500,1502,1500,1500,1500,988,1500,1500,1500,1500,1500,1500,1500,1500,2012,1500,1538,1500,2012,1500,1503,1501,1500,1520,1505,1500,2012,8.2
2025-05-02,11:41:27.680,-51,-40,10,3732,160,41,1,16,0,12,385,-1,3,7,-7,344,515,-1,-1,-1,-1,0x1020480010440004,1508,1500,1500,1500,2012,1500,1502,1500,1500,1500,988,1500,1500,1500,1500,1500,1500,1500,1500,2012,1500,1538,1500,2012,1500,1503,1501,1500,1520,1505,1500,2012,8.2
2025-05-02,11:41:28.180,-47,-39,10,3732,170,41,1,16,0,12,385,-1,4,7,-6,344,515,-1,-1,-1,-1,0x1020480010440004,1508,1500,1500,1500,2012,1500,1502,1500,1500,1500,988,1500,1500,1500,1500,1500,1500,1500,1500,2012,1500,1538,1500,2012,1500,1505,1502,1500,1520,1505,1500,2012,8.2
2025-05-02,11:41:28.680,-47,-36,10,3733,160,41,1,16,0,12,385,-2,16,7,-7,344,515,-1,-1,-1,-1,0x1020480010440004,1507,1502,1500,1500,2012,1499,1511,1500,1500,1499,988,1500,1500,1500,1500,1500,1500,1500,1500,2012,1500,1538,1500,2012,1500,1516,1508,1500,1520,1505,1500,2012,8.2
2025-05-02,11:41:29.180,-43,-40,10,3733,160,41,1,16,0,12,385,-1,5,6,-7,344,515,-1,-1,-1,-1,0x1020480010440004,1508,1500,1500,1500,2012,1500,1503,1500,1500,1500,988,1500,1500,1500,1500,1500,1500,1500,1500,2012,1500,1538,1500,2012,1500,1505,1502,1500,1520,1505,1500,2012,8.2
2025-05-02,11:41:29.680,-50,-45,10,3733,160,41,1,16,0,12,385,-2,6,6,-7,344,515,-1,-1,-1,-1,0x1020480010440004,1507,1501,1500,1500,2012,1499,1504,1500,1500,1499,988,1500,1500,1500,1500,1500,1500,1500,1500,2012,1500,1538,1500,2012,1500,1506,1503,1500,1520,1505,1500,2012,8.2
2025-05-02,11:41:30.180,-60,-53,10,3733,170,41,1,16,0,12,385,-4,9,6,-7,344,515,-1,-1,-1,-1,0x1020480010440004,1507,1501,1500,1500,2012,1498,1506,1500,1500,1498,988,1500,1500,1500,1500,1500,1500,1500,1500,2012,1500,1538,1500,2012,1500,1509,1505,1500,1520,1505,1500,2012,8.2
2025-05-02,11:41:30.680,-65,-56,10,3733,160,41,1,16,0,12,385,-4,5,7,-6,344,515,-1,-1,-1,-1,0x1020480010440004,1507,1500,1500,1500,2012,1498,1503,1500,1500,1498,988,1500,1500,1500,1500,1500,1500,1500,1500,2012,1500,1538,1500,2012,1500,1505,1502,1500,1520,1505,1500,2012,8.2
2025-05-02,11:41:31.180,-65,-53,10,3734,210,41,1,16,0,12,385,-4,4,6,-7,344,515,-1,-1,-1,-1,0x1020480010440004,1507,1500,1500,1500,2012,1498,1502,1500,1500,1498,988,1500,1500,1500,1500,1500,1500,1500,1500,2012,1500,1538,1500,2012,1500,1504,1502,1500,1520,1505,1500,2012,8.2
2025-05-02,11:41:31.680,-59,-63,10,3734,160,41,1,16,0,12,385,-6,4,7,-7,345,515,-1,-1,-1,-1,0x1020480010440004,1506,1500,1500,1500,2012,1497,1502,1500,1500,1497,988,1500,1500,1500,1500,1500,1500,1500,1500,2012,1500,1538,1500,2012,1500,1504,1502,1500,1520,1505,1500,2012,8.2
2025-05-02,11:41:32.180,-63,-64,10,3734,210,41,1,16,0,12,385,-5,4,6,-7,344,515,-1,-1,-1,-1,0x1020480010440004,1507,1500,1500,1500,2012,1498,1502,1500,1500,1498,988,1500,1500,1500,1500,1500,1500,1500,1500,2012,1500,1538,1500,2012,1500,1504,1502,1500,1520,1505,1500,2012,8.2
2025-05-02,11:41:32.680,-66,-83,10,3734,160,41,1,16,0,12,385,-5,4,7,-6,344,516,-1,-1,-1,-1,0x1020480010440004,1507,1500,1500,1500,2012,1498,1502,1500,1500,1498,988,1500,1500,1500,1500,1500,1500,1500,1500,2012,1500,1538,1500,2012,1500,1504,1502,1500,1520,1505,1500,2012,8.2
2025-05-02,11:41:33.180,-82,-75,10,3734,150,41,1,16,0,12,386,-4,4,7,-7,344,515,-1,-1,-1,-1,0x1020480010440004,1507,1500,1500,1500,2012,1498,1502,1500,1500,1498,988,1500,1500,1500,1500,1500,1500,1500,1500,2012,1500,1538,1500,2012,1500,1504,1502,1500,1520,1505,1500,2012,8.2
2025-05-02,11:41:33.680,-77,-72,10,3735,150,41,1,16,0,12,386,-5,4,6,-7,344,515,-1,-1,-1,-1,0x1020480010440004,1507,1500,1500,1500,2012,1498,1502,1500,1500,1498,988,1500,1500,1500,1500,1500,1500,1500,1500,2012,1500,1538,1500,2012,1500,1504,1502,1500,1520,1505,1500,2012,8.2
2025-05-02,11:41:34.180,-77,-69,10,3735,170,41,1,16,0,12,386,-4,4,7,-6,344,515,-1,-1,-1,-1,0x1020480010440004,1507,1500,1500,1500,2012,1498,1502,1500,1500,1498,988,1500,1500,1500,1500,1500,1500,1500,1500,2012,1500,1538,1500,2012,1500,1504,1502,1500,1520,1505,1500,2012,8.2
2025-05-02,11:41:34.680,-71,-70,10,3735,160,41,1,16,0,12,386,-4,4,7,-7,345,515,-1,-1,-1,-1,0x1020480010440004,1507,1500,1500,1500,2012,1498,1502,1500,1500,1498,988,1500,1500,1500,1500,1500,1500,1500,1500,2012,1500,1538,1500,2012,1500,1504,1502,1500,1520,1505,1500,2012,8.2
2025-05-02,11:41:35.180,-73,-71,10,3735,160,41,1,16,0,12,386,-4,4,6,-7,344,515,-1,-1,-1,-1,0x1020480010440004,1507,1500,1500,1500,2012,1498,1502,1500,1500,1498,988,1500,1500,1500,1500,1500,1500,1500,1500,2012,1500,1538,1500,2012,1500,1504,1502,1500,1520,1505,1500,2012,8.2
2025-05-02,11:41:35.680,-73,-68,10,3735,160,41,1,16,0,12,386,-4,3,7,-6,344,515,-1,-1,-1,-1,0x1020480010440004,1507,1500,1500,1500,2012,1498,1502,1500,1500,1498,988,1500,1500,1500,1500,1500,1500,1500,1500,2012,1500,1538,1500,2012,1500,1503,1501,1500,1520,1505,1500,2012,8.2
2025-05-02,11:41:36.180,-71,-68,10,3736,160,41,1,16,0,12,386,-4,4,7,-7,344,515,-1,-1,-1,-1,0x1020480010440004,1507,1500,1500,1500,2012,1498,1502,1500,1500,1498,988,1500,1500,1500,1500,1500,1500,1500,1500,2012,1500,1538,1500,2012,1500,1503,1501,1500,1520,1505,1500,2012,8.2
2025-05-02,11:41:36.680,-72,-65,10,3736,160,41,1,16,0,12,386,-5,3,7,-6,344,515,-1,-1,-1,-1,0x1020480010440004,1507,1500,1500,1500,2012,1498,1502,1500,1500,1498,988,1500,1500,1500,1500,1500,1500,1500,1500,2012,1500,1538,1500,2012,1500,1504,1501,1500,1520,1505,1500,2012,8.2
2025-05-02,11:41:37.180,-74,-69,10,3736,170,41,1,16,0,12,386,-4,4,6,-7,344,515,-1,-1,-1,-1,0x1020480010440004,1507,1500,1500,1500,2012,1498,1502,1500,1500,1498,988,1500,1500,1500,1500,1500,1500,1500,1500,2012,1500,1538,1500,2012,1500,1504,1502,1500,1520,1505,1500,2012,8.2
2025-05-02,11:41:37.680,-74,-72,10,3736,160,41,1,16,0,12,386,-4,4,7,-6,344,515,-1,-1,-1,-1,0x1020480010440004,1507,1500,1500,1500,2012,1498,1502,1500,1500,1498,988,1500,1500,1500,1500,1500,1500,1500,1500,2012,1500,1538,1500,2012,1500,1504,1502,1500,1520,1505,1500,2012,8.2
2025-05-02,11:41:38.180,-72,-67,10,3736,170,41,1,16,0,12,386,-5,4,6,-7,344,515,-1,-1,-1,-1,0x1020480010440004,1507,1500,1500,1500,2012,1498,1502,1500,1500,1498,988,1500,1500,1500,1500,1500,1500,1500,1500,2012,1500,1538,1500,2012,1500,1504,1502,1500,1520,1505,1500,2012,8.2
2025-05-02,11:41:38.680,-72,-57,10,3736,270,41,1,16,0,12,386,-5,5,7,-7,344,515,-1,-1,-1,-1,0x1020480010440004,1507,1500,1500,1500,2012,1498,1503,1500,1500,1498,988,1500,1500,1500,1500,1500,1500,1500,1500,2012,1500,1538,1500,2012,1500,1505,1502,1500,1520,1505,1500,2012,8.2
2025-05-02,11:41:39.180,-60,-55,10,3736,170,41,1,16,0,12,386,-5,4,7,-7,344,515,-1,-1,-1,-1,0x1020480010440004,1506,1500,1500,1500,2012,1498,1502,1500,1500,1497,988,1500,1500,1500,1500,1500,1500,1500,1500,2012,1500,1538,1500,2012,1500,1504,1502,1500,1520,1505,1500,2012,8.2
2025-05-02,11:41:39.680,-60,-55,10,3736,210,41,1,16,0,12,386,-5,4,7,-7,344,515,-1,-1,-1,-1,0x1020480010440004,1507,1500,1500,1500,2012,1498,1502,1500,1500,1498,988,1500,1500,1500,1500,1500,1500,1500,1500,2012,1500,1538,1500,2012,1500,1504,1502,1500,1520,1505,1500,2012,8.2
2025-05-02,11:41:40.180,-60,-60,10,3736,210,41,1,16,0,12,386,-5,4,7,-7,344,515,-1,-1,-1,-1,0x1020480010440004,1507,1500,1500,1500,2012,1498,1502,1500,1500,1498,988,1500,1500,1500,1500,1500,1500,1500,1500,2012,1500,1538,1500,2012,1500,1504,1502,1500,1520,1505,1500,2012,8.2
2025-05-02,11:41:40.680,-76,-70,10,3737,150,41,1,16,0,12,386,-5,3,7,-7,344,515,-1,-1,-1,-1,0x1020480010440004,1507,1500,1500,1500,2012,1498,1502,1500,1500,1498,988,1500,1500,1500,1500,1500,1500,1500,1500,2012,1500,1538,1500,2012,1500,1503,1501,1500,1520,1505,1500,2012,8.2
2025-05-02,11:41:41.180,-76,-66,10,3737,160,41,1,16,0,12,386,-4,3,7,-6,344,515,-1,-1,-1,-1,0x1020480010440004,1507,1500,1500,1500,2012,1498,1502,1500,1500,1498,988,1500,1500,1500,1500,1500,1500,1500,1500,2012,1500,1538,1500,2012,1500,1503,1501,1500,1520,1505,1500,2012,8.2
2025-05-02,11:41:41.680,-63,-65,10,3737,1580,41,1,16,0,12,386,-298,4,6,-7,344,515,-1,-1,-1,-1,0x1020480014440004,1471,1500,1500,1500,2012,1351,1502,1500,1500,1405,988,1500,1500,1500,1500,1500,1500,1500,1500,2012,1500,1538,1500,2012,1500,1504,1502,1500,1520,1505,1500,2012,8.2
2025-05-02,11:41:42.180,-65,-61,10,3737,210,41,1,16,0,12,386,-4,5,7,-7,344,515,-1,-1,-1,-1,0x1020480010440004,1507,1500,1500,1500,2012,1498,1503,1500,1500,1498,988,1500,1500,1500,1500,1500,1500,1500,1500,2012,1500,1538,1500,2012,1500,1505,1502,1500,1520,1505,1500,2012,8.2
2025-05-02,11:41:42.680,-65,-59,10,3737,160,41,1,16,0,12,386,-4,5,7,-7,344,515,-1,-1,-1,-1,0x1020480010440004,1507,1500,1500,1500,2012,1498,1503,1500,1500,1498,988,1500,1500,1500,1500,1500,1500,1500,1500,2012,1500,1538,1500,2012,1500,1505,1502,1500,1520,1505,1500,2012,8.2
2025-05-02,11:41:43.180,-65,-61,10,3737,160,41,1,16,0,12,386,-3,4,7,-7,344,515,-1,-1,-1,-1,0x1020480010440004,1507,1500,1500,1500,2012,1499,1502,1500,1500,1499,988,1500,1500,1500,1500,1500,1500,1500,1500,2012,1500,1538,1500,2012,1500,1504,1502,1500,1520,1505,1500,2012,8.2
2025-05-02,11:41:43.680,-68,-70,10,3737,170,41,1,16,0,12,386,-2,4,6,-7,344,515,-1,-1,-1,-1,0x1020480010440004,1507,1500,1500,1500,2012,1499,1502,1500,1500,1499,988,1500,1500,1500,1500,1500,1500,1500,1500,2012,1500,1538,1500,2012,1500,1504,1502,1500,1520,1505,1500,2012,8.2
2025-05-02,11:41:44.180,-76,-68,10,3737,160,41,1,16,0,12,386,-3,4,7,-6,344,515,-1,-1,-1,-1,0x1020480010440004,1507,1500,1500,1500,2012,1499,1502,1500,1500,1499,988,1500,1500,1500,1500,1500,1500,1500,1500,2012,1500,1538,1500,2012,1500,1504,1502,1500,1520,1505,1500,2012,8.2
2025-05-02,11:41:44.680,-76,-65,10,3737,170,41,1,16,0,12,386,-4,4,7,-7,345,516,-1,-1,-1,-1,0x1020480010440004,1507,1500,1500,1500,2012,1498,1502,1500,1500,1498,988,1500,1500,1500,1500,1500,1500,1500,1500,2012,1500,1538,1500,2012,1500,1504,1502,1500,1520,1505,1500,2012,8.2
2025-05-02,11:41:45.180,-65,-67,10,3737,160,41,1,16,0,12,386,-5,6,7,-6,344,515,-1,-1,-1,-1,0x1020480010440004,1507,1501,1500,1500,2012,1498,1504,1500,1500,1498,988,1500,1500,1500,1500,1500,1500,1500,1500,2012,1500,1538,1500,2012,1500,1506,1503,1500,1520,1505,1500,2012,8.2
2025-05-02,11:41:45.680,-63,-67,10,3737,210,41,1,16,0,12,386,-8,6,7,-7,344,515,-1,-1,-1,-1,0x1020480010440004,1506,1501,1500,1500,2012,1496,1504,1500,1500,1496,988,1500,1500,1500,1500,1500,1500,1500,1500,2012,1500,1538,1500,2012,1500,1506,1503,1500,1520,1505,1500,2012,8.2
2025-05-02,11:41:46.180,-81,-64,10,3738,190,41,1,16,0,12,386,66,131,7,-7,344,515,-1,-1,-1,-1,0x1020480014440004,1524,1515,1500,1500,2012,1533,1589,1500,1500,1533,988,1500,1500,1500,1500,1500,1500,1500,1372,1628,1500,1538,1500,2012,1500,1629,1560,1500,1520,1505,1500,2012,8.2
2025-05-02,11:41:46.680,-81,-62,10,3738,270,41,1,16,0,12,386,40,250,7,-7,344,515,-1,-1,-1,-1,0x1020480010440005,1518,1528,1500,1500,2012,1520,1671,1500,1500,1520,988,1500,1500,1500,1500,1500,1500,1500,1372,1628,1500,1538,1500,2012,1500,1715,1614,1500,1520,1505,1500,2012,8.2
2025-05-02,11:41:47.180,-62,-61,10,3738,11990,41,1,16,4939,12,388,109,1021,6,-7,344,515,-1,-1,-1,-1,0x1020480014442005,1532,1628,1500,1500,2012,1554,2012,1500,1500,1549,988,1500,1500,1500,1500,1500,1500,1500,1372,1628,1500,1538,1500,2012,1500,2012,2012,1500,1520,1505,1500,2012,8.2
2025-05-02,11:41:47.680,-69,-66,10,3708,5330,41,1,16,6655,12,388,158,1021,6,-7,344,515,-1,-1,-1,-1,0x1020480014442405,1545,1628,1500,1500,2012,1579,2012,1500,1500,1573,988,1500,1500,1500,1500,1500,1500,1500,1372,1628,1500,1538,1500,2012,1500,2012,2012,1500,1520,1505,1500,2012,8.2
2025-05-02,11:41:48.180,-54,-57,10,3707,1110,41,1,16,5948,12,389,-1024,572,6,-7,344,515,-1,-1,-1,-1,0x1020480014440405,1142,1576,1500,1500,2012,988,1892,1500,1500,988,988,1500,1500,1500,1500,1500,1500,1500,1372,1628,1500,1538,1500,2012,1500,1925,1804,1500,1520,1505,1500,2012,8.2
2025-05-02,11:41:48.680,-44,-57,10,3709,6680,42,1,16,5157,12,390,-224,1022,6,-7,344,515,-1,-1,-1,-1,0x1020480014442405,1469,1628,1500,1500,2012,1388,2012,1500,1500,1401,988,1500,1500,1500,1500,1500,1500,1500,1372,1628,1500,1538,1500,2012,1500,2012,2012,1500,1520,1505,1500,2012,8.2
2025-05-02,11:41:49.180,-48,-52,10,3703,5420,43,1,16,6545,12,391,8,1023,6,-7,345,515,-1,-1,-1,-1,0x1020480010442405,1510,1628,1500,1500,2012,1504,2012,1500,1500,1504,988,1500,1500,1500,1500,1500,1500,1500,1372,1628,1500,1538,1500,2012,1500,2012,2012,1500,1520,1505,1500,2012,8.2
2025-05-02,11:41:49.680,-71,-57,10,3702,6410,43,1,16,6798,12,391,960,1023,6,-7,344,515,-1,-1,-1,-1,0x1020480014442405,1778,1628,1500,1500,2012,1980,2012,1500,1500,1980,988,1500,1500,1500,1500,1500,1500,1500,1372,1628,1500,1538,1500,2012,1500,2012,2012,1500,1520,1505,1500,2012,8.2
2025-05-02,11:41:50.180,-71,-50,10,3704,1140,44,1,16,5539,12,392,1024,-113,6,-7,344,515,-1,-1,-1,-1,0x1020480016480405,1812,1452,1500,1500,2012,2012,1444,1452,1500,2012,988,1500,1500,1500,1500,1500,1500,1452,988,2012,1500,1538,1500,988,1500,1835,1500,1500,1520,1505,1500,2012,8.2
2025-05-02,11:41:50.680,-60,-57,10,3706,350,44,1,16,2560,12,392,1024,-644,7,-7,344,515,-1,-1,-1,-1,0x1020480016400405,1812,1249,1500,1498,2012,2012,1178,1247,1500,2012,988,1500,1500,1500,1500,1500,1500,1246,1152,2012,1500,1538,1500,2012,1500,1129,1500,1500,1520,1505,1500,2012,8.2
2025-05-02,11:41:51.170,-60,-57,10,3728,1610,44,1,16,371,12,392,-153,6,7,-7,344,515,-1,-1,-1,-1,0x1020480014440405,1473,1500,1500,1500,2012,1424,1504,1500,1500,1408,988,1500,1500,1500,1500,1500,1500,1500,1372,2012,1500,1538,1500,2012,1500,1505,1502,1500,1520,1505,1500,2012,8.2
2025-05-02,11:41:51.650,-66,-65,10,3730,160,44,1,16,0,12,392,-6,12,7,-6,343,514,-1,-1,-1,-1,0x1020480010440005,1506,1501,1500,1500,2012,1497,1507,1500,1500,1497,988,1500,1500,1500,1500,1500,1500,1500,1372,2012,1500,1538,1500,2012,1500,1512,1506,1500,1520,1505,1500,2012,8.2
2025-05-02,11:41:52.150,-66,-63,10,3732,160,44,1,16,0,12,392,-4,10,7,-7,344,515,-1,-1,-1,-1,0x1020480010440005,1507,1501,1500,1500,2012,1498,1507,1500,1500,1498,988,1500,1500,1500,1500,1500,1500,1500,1500,2012,1500,1538,1500,2012,1500,1510,1505,1500,1520,1505,1500,2012,8.2
2025-05-02,11:41:52.650,-65,-66,10,3733,160,42,1,16,0,12,392,-4,7,6,-7,344,515,-1,-1,-1,-1,0x1020480010440005,1507,1501,1500,1500,2012,1498,1505,1500,1500,1498,988,1500,1500,1500,1500,1500,1500,1500,1500,2012,1500,1538,1500,2012,1500,1507,1503,1500,1520,1505,1500,2012,8.2
2025-05-02,11:41:53.150,-73,-63,10,3734,160,41,1,16,0,12,392,-4,7,7,-7,344,515,-1,-1,-1,-1,0x1020480010440005,1507,1501,1500,1500,2012,1498,1505,1500,1500,1498,988,1500,1500,1500,1500,1500,1500,1500,1500,2012,1500,1538,1500,2012,1500,1507,1503,1500,1520,1505,1500,2012,8.2
2025-05-02,11:41:53.650,-73,-64,10,3734,170,41,1,16,0,12,392,-4,7,6,-7,344,515,-1,-1,-1,-1,0x1020480010440005,1507,1501,1500,1500,2012,1498,1505,1500,1500,1498,988,1500,1500,1500,1500,1500,1500,1500,1500,2012,1500,1538,1500,2012,1500,1507,1503,1500,1520,1505,1500,2012,8.2
2025-05-02,11:41:54.150,-68,-64,10,3734,160,41,1,16,0,12,392,-4,7,7,-6,345,515,-1,-1,-1,-1,0x1020480010440004,1507,1501,1500,1500,2012,1498,1505,1500,1500,1498,988,1500,1500,1500,1500,1500,1500,1500,1500,2012,1500,1538,1500,2012,1500,1507,1503,1500,1520,1505,1500,2012,8.2
2025-05-02,11:41:54.650,-68,-63,10,3734,230,41,1,16,0,12,392,11,7,6,-6,344,515,-1,-1,-1,-1,0x1020480010440004,1510,1501,1500,1500,2012,1505,1505,1500,1500,1505,988,1500,1500,1500,1500,1500,1500,1500,1500,2012,1500,1538,1500,2012,1500,1507,1503,1500,1520,1505,1500,2012,8.2
2025-05-02,11:41:55.150,-68,-63,10,3735,510,41,1,16,0,12,393,-143,8,7,-7,344,515,-1,-1,-1,-1,0x1020480014440004,1472,1501,1500,1500,2012,1429,1505,1500,1500,1407,988,1500,1500,1500,1500,1500,1500,1500,1500,2012,1500,1538,1500,2012,1500,1508,1504,1500,1520,1505,1500,2012,8.2
2025-05-02,11:41:55.650,-59,-67,10,3734,920,41,1,16,0,12,393,1024,151,6,-7,344,515,-1,-1,-1,-1,0x1020480014440005,1812,1518,1500,1500,2012,2012,1603,1500,1500,2012,988,1500,1500,1500,1500,1500,1500,1500,1372,1628,1500,1538,1500,2012,1500,1647,1572,1500,1520,1505,1500,2012,8.2
2025-05-02,11:41:56.150,-58,-67,10,3732,1020,41,1,16,0,12,393,1024,158,6,-7,345,515,-1,-1,-1,-1,0x1020480014440005,1812,1518,1500,1500,2012,2012,1608,1500,1500,2012,988,1500,1500,1500,1500,1500,1500,1500,1372,1628,1500,1538,1500,2012,1500,1644,1571,1500,1520,1505,1500,2012,8.2
2025-05-02,11:41:56.650,-54,-67,10,3731,1110,43,1,16,0,12,393,1024,255,7,-7,344,515,-1,-1,-1,-1,0x1020480014440005,1812,1531,1500,1500,2012,2012,1674,1500,1500,2012,988,1500,1500,1500,1500,1500,1500,1500,1372,1628,1500,1538,1500,2012,1500,1732,1626,1500,1520,1505,1500,2012,8.2
2025-05-02,11:41:57.150,-52,-56,10,3731,900,45,1,16,0,12,393,1024,307,6,-7,344,515,-1,-1,-1,-1,0x1020480014440005,1812,1538,1500,1500,2012,2012,1710,1500,1500,2012,988,1500,1500,1500,1500,1500,1500,1500,1372,1628,1500,1538,1500,2012,1500,1769,1654,1500,1520,1505,1500,2012,8.2
2025-05-02,11:41:57.650,-53,-56,10,3731,1150,45,1,16,540,12,393,1024,382,6,-7,344,515,-1,-1,-1,-1,0x1020480014440005,1812,1548,1500,1500,2012,2012,1761,1500,1500,2012,988,1500,1500,1500,1500,1500,1500,1500,1372,1628,1500,1538,1500,2012,1500,1819,1693,1500,1520,1505,1500,2012,8.2
2025-05-02,11:41:58.150,-53,-56,10,3731,620,45,1,16,657,12,393,962,389,6,-7,344,515,-1,-1,-1,-1,0x1020480014440005,1779,1549,1500,1500,2012,1981,1766,1500,1500,1981,988,1500,1500,1500,1500,1500,1500,1500,1372,1628,1500,1538,1500,2012,1500,1823,1696,1500,1520,1505,1500,2012,8.2
2025-05-02,11:41:58.650,-52,-62,10,3731,1300,44,1,16,1004,12,393,884,446,6,-6,344,515,-1,-1,-1,-1,0x1020480014440005,1742,1557,1500,1500,2012,1942,1805,1500,1500,1942,988,1500,1500,1500,1500,1500,1500,1500,1372,1628,1500,1538,1500,2012,1500,1857,1727,1500,1520,1505,1500,2012,8.2
2025-05-02,11:41:59.150,-57,-60,10,3731,2350,42,1,16,1684,12,394,541,510,6,-7,344,515,-1,-1,-1,-1,0x1020480014440005,1641,1567,1500,1500,2012,1770,1849,1500,1500,1770,988,1500,1500,1500,1500,1500,1500,1500,1372,1628,1500,1538,1500,2012,1500,1893,1767,1500,1520,1505,1500,2012,8.2
2025-05-02,11:41:59.650,-62,-58,10,3730,4200,41,1,16,2877,12,394,442,826,6,-7,344,515,-1,-1,-1,-1,0x1020480014442005,1616,1628,1500,1500,2012,1721,2012,1500,1500,1721,988,1500,1500,1500,1500,1500,1500,1500,1372,1628,1500,1538,1500,2012,1500,2012,2012,1500,1520,1505,1500,2012,8.2
2025-05-02,11:42:00.150,-64,-66,10,3725,5980,41,1,16,6102,12,395,43,1020,6,-7,344,515,-1,-1,-1,-1,0x1020480010442005,1518,1628,1500,1500,2012,1521,2012,1500,1500,1521,988,1500,1500,1500,1500,1500,1500,1500,1372,1628,1500,1538,1500,2012,1500,2012,2012,1500,1520,1505,1500,2012,8.2
2025-05-02,11:42:00.650,-63,-58,10,3707,5240,41,1,16,7197,12,396,581,1019,6,-7,344,515,-1,-1,-1,-1,0x1020480014442405,1645,1628,1500,1500,2012,1790,2012,1500,1500,1779,988,1500,1500,1500,1500,1500,1500,1500,1372,1628,1500,1538,1500,2012,1500,2012,2012,1500,1520,1505,1500,2012,8.2
2025-05-02,11:42:01.150,-56,-55,10,3706,5700,41,1,16,6782,12,397,490,1024,6,-7,344,515,-1,-1,-1,-1,0x1020480014442405,1631,1628,1500,1500,2012,1745,2012,1500,1500,1752,988,1500,1500,1500,1500,1500,1500,1500,1372,1628,1500,1538,1500,2012,1500,2012,2012,1500,1520,1505,1500,2012,8.2
2025-05-02,11:42:01.650,-68,-53,10,3706,1920,41,1,16,6345,12,397,1024,208,6,-6,344,515,-1,-1,-1,-1,0x1020480014440405,1812,1527,1500,1500,2012,2012,1642,1500,1500,2012,988,1500,1500,1500,1500,1500,1500,1500,1372,1628,1500,1538,1500,2012,1500,1881,1610,1500,1520,1505,1500,2012,8.2
2025-05-02,11:42:02.150,-60,-56,10,3707,700,42,1,16,3227,12,397,1024,211,6,-7,344,515,-1,-1,-1,-1,0x1020480014440405,1812,1526,1500,1500,2012,2012,1644,1500,1500,2012,988,1500,1500,1500,1500,1500,1500,1500,1372,1628,1500,1538,1500,2012,1500,1698,1603,1500,1520,1505,1500,2012,8.2
2025-05-02,11:42:02.650,-54,-70,10,3728,1760,43,1,16,2580,12,397,1024,566,6,-7,345,515,-1,-1,-1,-1,0x1020480014440405,1812,1578,1500,1500,2012,2012,1887,1500,1500,2012,988,1500,1500,1500,1500,1500,1500,1500,1372,1628,1500,1538,1500,2012,1500,1922,1812,1500,1520,1505,1500,2012,8.2
2025-05-02,11:42:03.150,-64,-62,10,3728,11790,43,1,16,4899,12,398,54,1024,6,-7,344,515,-1,-1,-1,-1,0x1020480014442405,1521,1628,1500,1500,2012,1527,2012,1500,1500,1527,988,1500,1500,1500,1500,1500,1500,1500,1372,1628,1500,1538,1500,2012,1500,2012,2012,1500,1520,1505,1500,2012,8.2
2025-05-02,11:42:03.650,-62,-62,10,3709,5220,42,1,16,6532,12,399,-19,1024,6,-7,344,515,-1,-1,-1,-1,0x1020480010442405,1504,1628,1500,1500,2012,1491,2012,1500,1500,1491,988,1500,1500,1500,1500,1500,1500,1500,1372,1628,1500,1538,1500,2012,1500,2012,2012,1500,1520,1505,1500,2012,8.2
2025-05-02,11:42:04.150,-59,-62,10,3704,5650,42,1,16,7461,12,400,0,1017,6,-7,344,515,-1,-1,-1,-1,0x1020480010442405,1510,1628,1500,1500,2012,1500,2012,1500,1500,1505,988,1500,1500,1500,1500,1500,1500,1500,1372,1628,1500,1538,1500,2012,1500,2012,2012,1500,1520,1505,1500,2012,8.2
2025-05-02,11:42:04.650,-56,-62,10,3705,6050,42,1,16,7152,12,400,-1024,1024,6,-7,345,515,-1,-1,-1,-1,0x1020480014442005,1142,1628,1500,1500,2012,988,2012,1500,1500,988,988,1500,1500,1500,1500,1500,1500,1500,1372,1628,1500,1538,1500,2012,1500,2012,2012,1500,1520,1505,1500,2012,8.2
2025-05-02,11:42:05.150,-38,-62,10,3705,11050,41,1,16,5226,12,401,758,1024,6,-7,344,515,-1,-1,-1,-1,0x1020480014442005,1698,1628,1500,1500,2012,1879,2012,1500,1500,1869,988,1500,1500,1500,1500,1500,1500,1500,1372,1628,1500,1538,1500,2012,1500,2012,2012,1500,1520,1505,1500,2012,8.2
2025-05-02,11:42:05.650,-60,-56,10,3697,6420,41,1,16,6321,12,403,-2,1024,6,-6,344,515,-1,-1,-1,-1,0x1020480010442005,1507,1628,1500,1500,2012,1499,2012,1500,1500,1499,988,1500,1500,1500,1500,1500,1500,1500,1372,1628,1500,1538,1500,2012,1500,2012,2012,1500,1520,1505,1500,2012,8.2
2025-05-02,11:42:06.150,-63,-63,10,3697,5890,41,1,16,6390,12,403,-1,1024,6,-7,344,515,-1,-1,-1,-1,0x1020480010442005,1504,1628,1500,1500,2012,1500,2012,1500,1500,1492,988,1500,1500,1500,1500,1500,1500,1500,1372,1628,1500,1538,1500,2012,1500,2012,2012,1500,1520,1505,1500,2012,8.2
2025-05-02,11:42:06.650,-61,-63,10,3699,1020,41,1,16,5328,12,404,1024,10,6,-7,344,515,-1,-1,-1,-1,0x1020480014440005,1812,1501,1500,1500,2012,2012,1507,1500,1500,2012,988,1500,1500,1500,1500,1500,1500,1500,988,2012,1500,1538,1500,2012,1500,1927,1505,1500,1520,1505,1500,2012,8.2
2025-05-02,11:42:07.150,-56,-63,10,3702,710,42,1,16,3026,12,404,1024,393,7,-6,344,515,-1,-1,-1,-1,0x1020480014440005,1812,1547,1500,1500,2012,2012,1769,1500,1500,2012,988,1500,1500,1500,1500,1500,1500,1500,1372,1628,1500,1538,1500,2012,1500,1819,1687,1500,1520,1505,1500,2012,8.2
2025-05-02,11:42:07.650,-56,-63,10,3722,14220,43,1,16,3992,12,404,1024,941,6,-7,344,515,-1,-1,-1,-1,0x1020480014442005,1812,1628,1500,1500,2012,2012,2012,1500,1500,2012,988,1500,1500,1500,1500,1500,1500,1500,1372,1628,1500,1538,1500,2012,1500,2012,2012,1500,1520,1505,1500,2012,8.2
2025-05-02,11:42:08.150,-57,-57,10,3721,8170,42,1,16,5500,12,406,930,1023,6,-7,344,515,-1,-1,-1,-1,0x1020480014442005,1753,1628,1500,1500,2012,1965,2012,1500,1500,1956,988,1500,1500,1500,1500,1500,1500,1500,1372,1628,1500,1538,1500,2012,1500,2012,2012,1500,1520,1505,1500,2012,8.2
2025-05-02,11:42:08.650,-72,-55,10,3693,5480,43,1,16,6438,12,406,-431,1024,6,-6,344,515,-1,-1,-1,-1,0x1020480014442405,1414,1628,1500,1500,2012,1285,2012,1500,1500,1285,988,1500,1500,1500,1500,1500,1500,1500,1372,1628,1500,1538,1500,2012,1500,2012,2012,1500,1520,1505,1500,2012,8.2
2025-05-02,11:42:09.150,-55,-59,10,3696,6100,43,1,16,6595,12,407,262,1024,6,-7,344,515,-1,-1,-1,-1,0x1020480014442405,1579,1628,1500,1500,2012,1631,2012,1500,1500,1639,988,1500,1500,1500,1500,1500,1500,1500,1372,1628,1500,1538,1500,2012,1500,2012,2012,1500,1520,1505,1500,2012,8.2
2025-05-02,11:42:09.650,-63,-69,10,3698,5920,42,1,16,6423,12,408,-968,1024,6,-7,344,515,-1,-1,-1,-1,0x1020480014442405,1180,1628,1500,1500,2012,1016,2012,1500,1500,1016,988,1500,1500,1500,1500,1500,1500,1500,1372,1628,1500,1538,1500,2012,1500,2012,2012,1500,1520,1505,1500,2012,8.2
2025-05-02,11:42:10.150,-59,-62,10,3698,5860,42,1,16,6401,12,409,1024,463,6,-7,344,515,-1,-1,-1,-1,0x1020480014440405,1812,1566,1500,1500,2012,2012,1788,1500,1500,2012,988,1500,1500,1500,1500,1500,1500,1500,1372,1628,1500,1538,1500,2012,1500,2012,1766,1500,1520,1505,1500,2012,8.2
2025-05-02,11:42:10.650,-66,-60,10,3699,3570,43,1,16,2805,12,409,1024,679,6,-7,344,515,-1,-1,-1,-1,0x1020480014442405,1812,1609,1500,1500,2012,2012,1965,1500,1500,2012,988,1500,1500,1500,1500,1500,1500,1500,1372,1628,1500,1538,1500,2012,1500,1979,1934,1500,1520,1505,1500,2012,8.2
2025-05-02,11:42:11.150,-66,-60,10,3712,11410,43,1,16,4946,12,410,1024,1019,6,-7,344,515,-1,-1,-1,-1,0x1020480014442405,1812,1628,1500,1500,2012,2012,2012,1500,1500,2012,988,1500,1500,1500,1500,1500,1500,1500,1372,1628,1500,1538,1500,2012,1500,2012,2012,1500,1520,1505,1500,2012,8.2
2025-05-02,11:42:11.650,-65,-68,10,3689,7280,43,1,16,5791,12,411,2,1019,6,-6,344,515,-1,-1,-1,-1,0x1020480010442405,1508,1628,1500,1500,2012,1501,2012,1500,1500,1501,988,1500,1500,1500,1500,1500,1500,1500,1372,1628,1500,1538,1500,2012,1500,2012,2012,1500,1520,1505,1500,2012,8.2
2025-05-02,11:42:12.150,-63,-68,10,3691,5390,43,1,16,7040,12,412,-5,1019,6,-7,344,515,-1,-1,-1,-1,0x1020480010442405,1507,1628,1500,1500,2012,1498,2012,1500,1500,1498,988,1500,1500,1500,1500,1500,1500,1500,1372,1628,1500,1538,1500,2012,1500,2012,2012,1500,1520,1505,1500,2012,8.2
2025-05-02,11:42:12.650,-58,-70,10,3698,5980,42,1,16,7805,12,412,-1023,1020,6,-7,345,515,-1,-1,-1,-1,0x1020480014442005,1142,1628,1500,1500,2012,989,2012,1500,1500,989,988,1500,1500,1500,1500,1500,1500,1500,1372,1628,1500,1538,1500,2012,1500,2012,2012,1500,1520,1505,1500,2012,8.2
2025-05-02,11:42:13.150,-43,-55,10,3699,8840,42,1,16,6074,12,413,-1024,1021,6,-7,344,515,-1,-1,-1,-1,0x1020480014442805,1142,1628,1500,1500,2012,988,2012,1500,1500,988,988,1500,1500,1500,1500,1500,1500,1500,1372,1628,1500,1538,1500,2012,1500,2012,2012,1500,1520,1505,1500,2012,8.2
2025-05-02,11:42:13.650,-72,-59,10,3698,110,41,1,16,1137,12,414,-1024,-671,7,-7,344,515,-1,-1,-1,-1,0x1020480016400805,1142,1237,1500,1498,2012,988,1165,1235,1500,988,988,1500,1500,1500,1500,1500,1500,1235,1069,2012,1500,1538,1500,988,1500,1688,1500,1500,1520,1505,1500,2012,8.2
2025-05-02,11:42:14.150,-66,-54,10,3712,160,41,1,16,0,12,414,-1024,-613,7,-7,344,515,-1,-1,-1,-1,0x1020480016480805,1142,1265,1500,1498,2012,988,1194,1263,1500,988,988,1500,1500,1500,1500,1500,1500,1262,1372,2012,1500,1538,1500,988,1500,1142,1500,1500,1520,1505,1500,2012,8.2
2025-05-02,11:42:14.650,-69,-70,10,3723,1070,41,1,16,0,12,414,883,45,6,-7,345,515,-1,-1,-1,-1,0x1020480014440005,1742,1506,1500,1500,2012,1941,1531,1500,1500,1941,988,1500,1500,1500,1500,1500,1500,1500,1372,2012,1500,1538,1500,2012,1500,1547,1526,1500,1520,1505,1500,2012,8.2
2025-05-02,11:42:15.150,-69,-53,10,3723,730,41,1,16,0,12,414,382,13,7,-7,344,515,-1,-1,-1,-1,0x1020480014440005,1602,1502,1500,1500,2012,1690,1509,1500,1500,1691,988,1500,1500,1500,1500,1500,1500,1500,988,2012,1500,1538,1500,2012,1500,1513,1507,1500,1520,1505,1500,2012,8.2
2025-05-02,11:42:15.650,-69,-56,10,3724,270,41,1,16,0,12,414,-5,11,7,-7,344,515,-1,-1,-1,-1,0x1020480010440005,1507,1501,1500,1500,2012,1498,1507,1500,1500,1498,988,1500,1500,1500,1500,1500,1500,1500,1372,2012,1500,1538,1500,2012,1500,1512,1506,1500,1520,1505,1500,2012,8.2
2025-05-02,11:42:16.150,-53,-58,10,3725,280,42,1,16,0,12,414,-5,11,7,-6,345,515,-1,-1,-1,-1,0x1020480010440005,1507,1501,1500,1500,2012,1498,1507,1500,1500,1498,988,1500,1500,1500,1500,1500,1500,1500,1372,2012,1500,1538,1500,2012,1500,1512,1506,1500,1520,1505,1500,2012,8.2
2025-05-02,11:42:16.650,-57,-51,10,3726,290,42,1,16,0,12,414,-4,10,7,-7,344,515,-1,-1,-1,-1,0x1020480010440005,1507,1501,1500,1500,2012,1498,1507,1500,1500,1498,988,1500,1500,1500,1500,1500,1500,1500,1500,2012,1500,1538,1500,2012,1500,1510,1505,1500,1520,1505,1500,2012,8.2
2025-05-02,11:42:17.150,-57,-47,10,3726,250,42,1,16,0,12,414,-4,13,7,-6,344,515,-1,-1,-1,-1,0x1020480010440005,1507,1502,1500,1500,2012,1498,1509,1500,1500,1498,988,1500,1500,1500,1500,1500,1500,1500,1500,2012,1500,1538,1500,2012,1500,1513,1507,1500,1520,1505,1500,2012,8.2
2025-05-02,11:42:17.650,-57,-34,10,3727,210,41,1,16,959,12,414,-4,79,6,-7,345,515,-1,-1,-1,-1,0x1020480010440005,1507,1510,1500,1500,2012,1498,1554,1500,1500,1498,988,1500,1500,1500,1500,1500,1500,1500,1372,1628,1500,1538,1500,2012,1500,1581,1539,1500,1520,1505,1500,2012,8.2
2025-05-02,11:42:18.150,-57,-31,10,3727,190,41,1,16,476,12,414,-4,36,7,-7,344,515,-1,-1,-1,-1,0x1020480010440005,1507,1505,1500,1500,2012,1498,1524,1500,1500,1498,988,1500,1500,1500,1500,1500,1500,1500,1275,2012,1500,1538,1500,2012,1500,1538,1521,1500,1520,1505,1500,2012,8.2
2025-05-02,11:42:18.650,-42,-37,10,3728,290,41,1,16,242,12,414,-4,30,6,-7,344,515,-1,-1,-1,-1,0x1020480010440005,1507,1502,1500,1500,2012,1498,1520,1500,1500,1498,988,1500,1500,1500,1500,1500,1500,1500,1183,2012,1500,1538,1500,2012,1500,1530,1510,1500,1520,1505,1500,2012,8.2
2025-05-02,11:42:19.150,-42,-41,10,3728,200,41,1,16,0,12,414,-4,11,7,-7,344,515,-1,-1,-1,-1,0x1020480010440005,1507,1501,1500,1500,2012,1498,1507,1500,1500,1498,988,1500,1500,1500,1500,1500,1500,1500,1234,2012,1500,1538,1500,2012,1500,1512,1506,1500,1520,1505,1500,2012,8.2
2025-05-02,11:42:19.650,-63,-41,10,3729,170,41,1,16,28,12,414,-4,11,6,-7,344,515,-1,-1,-1,-1,0x1020480010440005,1507,1501,1500,1500,2012,1498,1507,1500,1500,1498,988,1500,1500,1500,1500,1500,1500,1500,1372,2012,1500,1538,1500,2012,1500,1512,1506,1500,1520,1505,1500,2012,8.2
2025-05-02,11:42:20.150,-63,-43,10,3729,160,41,1,16,0,12,414,-4,183,6,-6,344,515,-1,-1,-1,-1,0x1020480010440005,1507,1522,1500,1500,2012,1498,1618,1500,1500,1498,988,1500,1500,1500,1500,1500,1500,1500,1372,1628,1500,1538,1500,2012,1500,1675,1587,1500,1520,1505,1500,2012,8.2
2025-05-02,11:42:20.650,-63,-46,10,3729,160,41,1,16,0,12,414,-4,12,6,-7,344,515,-1,-1,-1,-1,0x1020480010440005,1507,1501,1500,1500,2012,1498,1508,1500,1500,1498,988,1500,1500,1500,1500,1500,1500,1500,1009,2012,1500,1538,1500,2012,1500,1512,1506,1500,1520,1505,1500,2012,8.2
2025-05-02,11:42:21.150,-47,-47,10,3730,170,41,1,16,0,12,414,-5,11,7,-7,344,515,-1,-1,-1,-1,0x1020480010440005,1507,1501,1500,1500,2012,1498,1507,1500,1500,1498,988,1500,1500,1500,1500,1500,1500,1500,1372,2012,1500,1538,1500,2012,1500,1512,1506,1500,1520,1505,1500,2012,8.2
2025-05-02,11:42:21.650,-53,-54,10,3730,160,41,1,16,0,12,415,-4,8,6,-6,345,515,-1,-1,-1,-1,0x1020480010440005,1507,1501,1500,1500,2012,1498,1505,1500,1500,1498,988,1500,1500,1500,1500,1500,1500,1500,1372,2012,1500,1538,1500,2012,1500,1508,1504,1500,1520,1505,1500,2012,8.2
2025-05-02,11:42:22.150,-66,-60,10,3730,160,41,1,16,0,12,415,-4,10,7,-6,345,515,-1,-1,-1,-1,0x1020480010440005,1507,1501,1500,1500,2012,1498,1507,1500,1500,1498,988,1500,1500,1500,1500,1500,1500,1500,1500,2012,1500,1538,1500,2012,1500,1510,1505,1500,1520,1505,1500,2012,8.2
2025-05-02,11:42:22.650,-66,-45,10,3731,260,41,1,16,0,12,415,97,73,7,-7,345,515,-1,-1,-1,-1,0x1020480014440005,1529,1510,1500,1500,2012,1548,1550,1500,1500,1548,988,1500,1500,1500,1500,1500,1500,1500,1372,1628,1500,1538,1500,2012,1500,1576,1541,1500,1520,1505,1500,2012,8.2
2025-05-02,11:42:23.150,-46,-48,10,3731,890,41,1,16,0,12,415,-169,33,7,-7,344,515,-1,-1,-1,-1,0x1020480014440005,1478,1505,1500,1500,2012,1411,1522,1500,1500,1416,988,1500,1500,1500,1500,1500,1500,1500,988,2012,1500,1538,1500,2012,1500,1535,1519,1500,1520,1505,1500,2012,8.2
2025-05-02,11:42:23.650,-47,-48,10,3730,560,41,1,16,0,12,415,374,12,7,-7,345,515,-1,-1,-1,-1,0x1020480014440005,1606,1502,1500,1500,2012,1687,1508,1500,1500,1687,988,1500,1500,1500,1500,1500,1500,1500,1372,2012,1500,1538,1500,2012,1500,1512,1507,1500,1520,1505,1500,2012,8.2
2025-05-02,11:42:24.150,-52,-54,10,3730,240,41,1,16,0,12,415,25,5,6,-7,345,515,-1,-1,-1,-1,0x1020480010440005,1514,1500,1500,1500,2012,1512,1503,1500,1500,1512,988,1500,1500,1500,1500,1500,1500,1500,1372,2012,1500,1538,1500,2012,1500,1504,1502,1500,1520,1505,1500,2012,8.2
2025-05-02,11:42:24.650,-69,-64,10,3731,260,41,1,16,0,12,415,3,210,6,-6,344,515,-1,-1,-1,-1,0x1020480010440005,1508,1524,1500,1500,2012,1501,1644,1500,1500,1501,988,1500,1500,1500,1500,1500,1500,1500,1372,1628,1500,1538,1500,2012,1500,1697,1595,1500,1520,1505,1500,2012,8.2
2025-05-02,11:42:25.150,-69,-55,10,3731,220,41,1,16,0,12,415,0,7,6,-6,344,515,-1,-1,-1,-1,0x1020480010440005,1508,1501,1500,1500,2012,1500,1505,1500,1500,1500,988,1500,1500,1500,1500,1500,1500,1500,1275,2012,1500,1538,1500,2012,1500,1507,1503,1500,1520,1505,1500,2012,8.2
2025-05-02,11:42:25.650,-69,-52,10,3731,1470,41,1,16,0,12,415,579,7,6,-7,344,515,-1,-1,-1,-1,0x1020480014440005,1634,1501,1500,1500,2012,1794,1505,1500,1500,1789,988,1500,1500,1500,1500,1500,1500,1500,1372,2012,1500,1538,1500,2012,1500,1507,1503,1500,1520,1505,1500,2012,8.2
2025-05-02,11:42:26.150,-69,-49,10,3731,550,41,1,16,0,12,415,6,8,6,-7,344,515,-1,-1,-1,-1,0x1020480010440005,1509,1501,1500,1500,2012,1503,1505,1500,1500,1503,988,1500,1500,1500,1500,1500,1500,1500,1398,2012,1500,1538,1500,2012,1500,1508,1504,1500,1520,1505,1500,2012,8.2
2025-05-02,11:42:26.650,-69,-48,10,3730,1430,41,1,16,0,12,415,1011,7,6,-7,345,515,-1,-1,-1,-1,0x1020480014440005,1807,1501,1500,1500,2012,2005,1505,1500,1500,2005,988,1500,1500,1500,1500,1500,1500,1500,1500,2012,1500,1538,1500,2012,1500,1507,1503,1500,1520,1505,1500,2012,8.2
2025-05-02,11:42:27.150,-47,-49,10,3730,190,42,1,16,0,12,415,936,7,6,-6,345,515,-1,-1,-1,-1,0x1020480014440005,1765,1501,1500,1500,2012,1968,1505,1500,1500,1968,988,1500,1500,1500,1500,1500,1500,1500,1500,2012,1500,1538,1500,2012,1500,1507,1503,1500,1520,1505,1500,2012,8.2
2025-05-02,11:42:27.650,-48,-49,10,3729,1470,42,1,16,0,12,415,1024,9,6,-7,345,515,-1,-1,-1,-1,0x1020480014440005,1812,1501,1500,1500,2012,2012,1506,1500,1500,2012,988,1500,1500,1500,1500,1500,1500,1500,1500,2012,1500,1538,1500,2012,1500,1509,1505,1500,1520,1505,1500,2012,8.2
2025-05-02,11:42:28.150,-48,-49,10,3729,1300,44,1,16,0,12,415,1024,10,7,-7,345,515,-1,-1,-1,-1,0x1020480014440004,1812,1501,1500,1500,2012,2012,1507,1500,1500,2012,988,1500,1500,1500,1500,1500,1500,1500,1500,2012,1500,1538,1500,2012,1500,1510,1505,1500,1520,1505,1500,2012,8.2
2025-05-02,11:42:28.650,-48,-49,10,3727,1300,46,1,16,0,12,416,1024,12,6,-7,345,515,-1,-1,-1,-1,0x1020480014440004,1812,1501,1500,1500,2012,2012,1508,1500,1500,2012,988,1500,1500,1500,1500,1500,1500,1500,1500,2012,1500,1538,1500,2012,1500,1512,1506,1500,1520,1505,1500,2012,8.2
2025-05-02,11:42:29.150,-48,-52,10,3726,1420,46,1,16,0,12,416,1024,14,7,-7,344,515,-1,-1,-1,-1,0x1020480014440004,1812,1502,1500,1500,2012,2012,1509,1500,1500,2012,988,1500,1500,1500,1500,1500,1500,1500,1500,2012,1500,1538,1500,2012,1500,1515,1508,1500,1520,1505,1500,2012,8.2
2025-05-02,11:42:29.650,-45,-52,10,3726,15800,46,1,16,4204,13,417,-1024,1017,7,-7,344,515,-1,-1,-1,-1,0x1020480014442005,1142,1628,1500,1500,2012,988,2012,1500,1500,988,988,1500,1500,1500,1500,1500,1500,1500,1372,1628,1500,1538,1500,2012,1500,2012,2012,1500,1520,1505,1500,2012,8.2
2025-05-02,11:42:30.150,-57,-68,10,3698,6870,45,1,16,5868,13,418,0,1022,6,-7,345,515,-1,-1,-1,-1,0x1020480010442405,1508,1628,1500,1500,2012,1500,2012,1500,1500,1500,988,1500,1500,1500,1500,1500,1500,1500,1372,1628,1500,1538,1500,2012,1500,2012,2012,1500,1520,1505,1500,2012,8.2
2025-05-02,11:42:30.650,-66,-58,10,3697,5730,43,1,16,6849,13,419,813,1023,6,-7,345,515,-1,-1,-1,-1,0x1020480014442405,1720,1628,1500,1500,2012,1906,2012,1500,1500,1906,988,1500,1500,1500,1500,1500,1500,1500,1372,1628,1500,1538,1500,2012,1500,2012,2012,1500,1520,1505,1500,2012,8.2
2025-05-02,11:42:31.150,-66,-50,10,3702,880,42,1,16,5375,13,419,1024,-206,6,-7,344,515,-1,-1,-1,-1,0x1020480016480405,1812,1413,1500,1499,2012,2012,1397,1412,1500,2012,988,1500,1500,1500,1500,1500,1500,1412,1009,2012,1500,1538,1500,988,1500,1747,1500,1500,1520,1505,1500,2012,8.2
2025-05-02,11:42:31.650,-58,-57,10,3708,890,42,1,16,2459,13,420,1024,126,6,-7,344,515,-1,-1,-1,-1,0x1020480014440405,1812,1515,1500,1500,2012,2012,1586,1500,1500,2012,988,1500,1500,1500,1500,1500,1500,1500,1372,1628,1500,1538,1500,2012,1500,1625,1562,1500,1520,1505,1500,2012,8.2
2025-05-02,11:42:32.150,-57,-63,10,3724,900,43,1,16,1735,13,420,1024,308,6,-6,344,515,-1,-1,-1,-1,0x1020480014440405,1812,1538,1500,1500,2012,2012,1711,1500,1500,2012,988,1500,1500,1500,1500,1500,1500,1500,1372,1628,1500,1538,1500,2012,1500,1769,1654,1500,1520,1505,1500,2012,8.2
2025-05-02,11:42:32.650,-70,-53,10,3724,9870,43,1,16,5125,13,420,265,1024,6,-7,344,515,-1,-1,-1,-1,0x1020480014442405,1576,1628,1500,1500,2012,1632,2012,1500,1500,1632,988,1500,1500,1500,1500,1500,1500,1500,1372,1628,1500,1538,1500,2012,1500,2012,2012,1500,1520,1505,1500,2012,8.2
2025-05-02,11:42:33.150,-62,-62,10,3704,5650,43,1,16,6320,13,421,10,1022,6,-7,345,515,-1,-1,-1,-1,0x1020480010442405,1510,1628,1500,1500,2012,1505,2012,1500,1500,1505,988,1500,1500,1500,1500,1500,1500,1500,1372,1628,1500,1538,1500,2012,1500,2012,2012,1500,1520,1505,1500,2012,8.2
2025-05-02,11:42:33.650,-67,-59,10,3700,5030,43,1,16,7456,13,422,300,1021,6,-7,344,516,-1,-1,-1,-1,0x1020480014442405,1584,1628,1500,1500,2012,1650,2012,1500,1500,1650,988,1500,1500,1500,1500,1500,1500,1500,1372,1628,1500,1538,1500,2012,1500,2012,2012,1500,1520,1505,1500,2012,8.2
2025-05-02,11:42:34.150,-67,-54,10,3702,5190,43,1,16,7377,13,423,375,1022,6,-7,344,515,-1,-1,-1,-1,0x1020480014442005,1604,1628,1500,1500,2012,1687,2012,1500,1500,1687,988,1500,1500,1500,1500,1500,1500,1500,1372,1628,1500,1538,1500,2012,1500,2012,2012,1500,1520,1505,1500,2012,8.2
2025-05-02,11:42:34.650,-71,-57,10,3702,6040,43,1,16,8188,13,424,1024,1008,6,-7,344,515,-1,-1,-1,-1,0x1020480014442005,1803,1628,1500,1500,2012,2012,2012,1500,1500,2011,988,1500,1500,1500,1500,1500,1500,1500,1372,1628,1500,1538,1500,2012,1500,2012,2012,1500,1520,1505,1500,2012,8.2
2025-05-02,11:42:35.150,-71,-57,10,3701,150,43,1,16,1836,13,424,1024,-248,7,-6,344,515,-1,-1,-1,-1,0x1020480016400005,1812,1391,1500,1499,2012,2012,1376,1391,1500,2012,988,1500,1500,1500,1500,1500,1500,1390,1090,2012,1500,1538,1500,988,1500,1568,1500,1500,1520,1505,1500,2012,8.2
2025-05-02,11:42:35.650,-64,-72,10,3703,2680,43,1,16,2829,13,424,1024,810,6,-7,344,515,-1,-1,-1,-1,0x1020480014442005,1812,1628,1500,1500,2012,2012,2012,1500,1500,2012,988,1500,1500,1500,1500,1500,1500,1500,1372,1628,1500,1538,1500,2012,1500,2012,2012,1500,1520,1505,1500,2012,8.2
2025-05-02,11:42:36.150,-68,-65,10,3707,7260,43,1,16,5518,13,426,288,1020,6,-7,345,515,-1,-1,-1,-1,0x1020480014442005,1582,1628,1500,1500,2012,1644,2012,1500,1500,1644,988,1500,1500,1500,1500,1500,1500,1500,1372,1628,1500,1538,1500,2012,1500,2012,2012,1500,1520,1505,1500,2012,8.2
2025-05-02,11:42:36.650,-68,-65,10,3695,6620,43,1,16,6730,13,426,3,1021,6,-7,345,515,-1,-1,-1,-1,0x1020480010442405,1508,1628,1500,1500,2012,1501,2012,1500,1500,1501,988,1500,1500,1500,1500,1500,1500,1500,1372,1628,1500,1538,1500,2012,1500,2012,2012,1500,1520,1505,1500,2012,8.2
2025-05-02,11:42:37.150,-68,-61,10,3697,5360,43,1,16,7536,13,427,-138,1022,6,-7,345,515,-1,-1,-1,-1,0x1020480014442405,1479,1628,1500,1500,2012,1436,2012,1500,1500,1431,988,1500,1500,1500,1500,1500,1500,1500,1372,1628,1500,1538,1500,2012,1500,2012,2012,1500,1520,1505,1500,2012,8.2
2025-05-02,11:42:37.650,-60,-50,10,3700,5360,43,1,16,7037,13,428,-1024,1023,6,-7,344,515,-1,-1,-1,-1,0x1020480014442405,1142,1628,1500,1500,2012,988,2012,1500,1500,988,988,1500,1500,1500,1500,1500,1500,1500,1372,1628,1500,1538,1500,2012,1500,2012,2012,1500,1520,1505,1500,2012,8.2
2025-05-02,11:42:38.150,-60,-42,10,3698,9880,43,1,16,5163,13,429,337,1023,6,-7,344,515,-1,-1,-1,-1,0x1020480014442405,1584,1628,1500,1500,2012,1668,2012,1500,1500,1668,988,1500,1500,1500,1500,1500,1500,1500,1372,1628,1500,1538,1500,2012,1500,2012,2012,1500,1520,1505,1500,2012,8.2
2025-05-02,11:42:38.650,-57,-58,10,3696,5310,43,1,16,7301,13,430,-97,1023,6,-7,344,515,-1,-1,-1,-1,0x1020480014442405,1488,1628,1500,1500,2012,1452,2012,1500,1500,1452,988,1500,1500,1500,1500,1500,1500,1500,1372,1628,1500,1538,1500,2012,1500,2012,2012,1500,1520,1505,1500,2012,8.2
2025-05-02,11:42:39.150,-59,-62,10,3694,6310,42,1,16,6764,13,430,1024,1022,6,-7,344,515,-1,-1,-1,-1,0x1020480014442405,1812,1628,1500,1500,2012,2012,2012,1500,1500,2012,988,1500,1500,1500,1500,1500,1500,1500,1372,1628,1500,1538,1500,2012,1500,2012,2012,1500,1520,1505,1500,2012,8.2
2025-05-02,11:42:39.650,-56,-53,10,3696,1020,43,1,16,4509,13,431,1024,570,6,-7,344,515,-1,-1,-1,-1,0x1020480014440405,1812,1576,1500,1500,2012,2012,1898,1500,1500,2012,988,1500,1500,1500,1500,1500,1500,1500,1372,1628,1500,1538,1500,2012,1500,1924,1804,1500,1520,1505,1500,2012,8.2
2025-05-02,11:42:40.150,-54,-57,10,3697,1200,43,1,16,3695,13,431,1024,996,6,-7,344,515,-1,-1,-1,-1,0x1020480014442405,1812,1628,1500,1500,2012,2012,2012,1500,1500,2012,988,1500,1500,1500,1500,1500,1500,1500,1372,1628,1500,1538,1500,2012,1500,2012,2012,1500,1520,1505,1500,2012,8.2
2025-05-02,11:42:40.650,-75,-61,10,3700,2310,44,1,16,3313,13,432,1024,10,6,-7,345,515,-1,-1,-1,-1,0x1020480014440005,1812,1501,1500,1500,2012,2012,1506,1500,1500,2012,988,1500,1500,1500,1500,1500,1500,1500,1270,1730,1500,1538,1500,2012,1500,1966,1505,1500,1520,1505,1500,2012,8.2
2025-05-02,11:42:41.150,-63,-61,10,3713,10600,44,1,16,5052,13,433,-603,1023,6,-7,345,515,-1,-1,-1,-1,0x1020480014442005,1361,1628,1500,1500,2012,1199,2012,1500,1500,1199,988,1500,1500,1500,1500,1500,1500,1500,1372,1628,1500,1538,1500,2012,1500,2012,2012,1500,1520,1505,1500,2012,8.2
2025-05-02,11:42:41.650,-61,-61,10,3692,5460,44,1,16,6530,13,434,-64,1023,6,-6,344,515,-1,-1,-1,-1,0x1020480014442005,1496,1628,1500,1500,2012,1468,2012,1500,1500,1468,988,1500,1500,1500,1500,1500,1500,1500,1372,1628,1500,1538,1500,2012,1500,2012,2012,1500,1520,1505,1500,2012,8.2
2025-05-02,11:42:42.150,-57,-61,10,3696,5140,43,1,16,7598,13,435,297,1022,6,-6,344,515,-1,-1,-1,-1,0x1020480014442405,1576,1628,1500,1500,2012,1648,2012,1500,1500,1648,988,1500,1500,1500,1500,1500,1500,1500,1372,1628,1500,1538,1500,2012,1500,2012,2012,1500,1520,1505,1500,2012,8.2
2025-05-02,11:42:42.650,-61,-61,10,3696,5990,42,1,16,7598,13,435,584,1024,6,-7,344,515,-1,-1,-1,-1,0x1020480014442405,1613,1628,1500,1500,2012,1792,2012,1500,1500,1792,988,1500,1500,1500,1500,1500,1500,1500,1372,1628,1500,1538,1500,2012,1500,2012,2012,1500,1520,1505,1500,2012,8.2
2025-05-02,11:42:43.150,-63,-64,10,3696,920,42,1,16,5330,13,436,1024,816,6,-6,344,515,-1,-1,-1,-1,0x1020480014442405,1812,1628,1500,1500,2012,2012,2012,1500,1500,2012,988,1500,1500,1500,1500,1500,1500,1500,1372,1628,1500,1538,1500,2012,1500,2012,2012,1500,1520,1505,1500,2012,8.2
2025-05-02,11:42:43.650,-63,-63,10,3697,820,43,1,16,3636,13,436,1024,398,6,-6,344,515,-1,-1,-1,-1,0x1020480014440405,1812,1550,1500,1500,2012,2012,1772,1500,1500,2012,988,1500,1500,1500,1500,1500,1500,1500,1372,1628,1500,1538,1500,2012,1500,1829,1700,1500,1520,1505,1500,2012,8.2
2025-05-02,11:42:44.150,-64,-61,10,3712,1560,43,1,16,3569,13,437,1024,531,6,-7,344,515,-1,-1,-1,-1,0x1020480014440405,1812,1570,1500,1500,2012,2012,1863,1500,1500,2012,988,1500,1500,1500,1500,1500,1500,1500,1372,1628,1500,1538,1500,2012,1500,1904,1782,1500,1520,1505,1500,2012,8.2
2025-05-02,11:42:44.650,-69,-66,10,3713,9720,43,1,16,5382,13,437,-675,1024,6,-7,344,515,-1,-1,-1,-1,0x1020480014442405,1390,1628,1500,1500,2012,1163,2012,1500,1500,1163,988,1500,1500,1500,1500,1500,1500,1500,1372,1628,1500,1538,1500,2012,1500,2012,2012,1500,1520,1505,1500,2012,8.2
2025-05-02,11:42:45.150,-69,-63,10,3689,7860,45,1,16,5705,13,438,131,1019,6,-7,344,516,-1,-1,-1,-1,0x1020480014442405,1567,1628,1500,1500,2012,1565,2012,1500,1500,1565,988,1500,1500,1500,1500,1500,1500,1500,1372,1628,1500,1538,1500,2012,1500,2012,2012,1500,1520,1505,1500,2012,8.2
2025-05-02,11:42:45.650,-69,-62,10,3690,5270,44,1,16,6982,13,439,-734,1020,6,-7,344,515,-1,-1,-1,-1,0x1020480014442405,1309,1628,1500,1500,2012,1119,2012,1500,1500,1133,988,1500,1500,1500,1500,1500,1500,1500,1372,1628,1500,1538,1500,2012,1500,2012,2012,1500,1520,1505,1500,2012,8.2
2025-05-02,11:42:46.150,-69,-51,10,3693,6120,44,1,16,5432,13,440,-1024,1020,6,-7,344,515,-1,-1,-1,-1,0x1020480014442805,1142,1628,1500,1500,2012,988,2012,1500,1500,988,988,1500,1500,1500,1500,1500,1500,1500,1372,1628,1500,1538,1500,2012,1500,2012,2012,1500,1520,1505,1500,2012,8.2
2025-05-02,11:42:46.650,-51,-54,10,3694,5030,45,1,16,7758,13,441,-1011,921,6,-7,345,515,-1,-1,-1,-1,0x1020480014442805,1142,1628,1500,1500,2012,995,2012,1500,1500,995,988,1500,1500,1500,1500,1500,1500,1500,1372,1628,1500,1538,1500,2012,1500,2012,2012,1500,1520,1505,1500,2012,8.2
2025-05-02,11:42:47.150,-52,-54,10,3694,150,44,1,16,2001,13,441,-758,6,7,-7,344,515,-1,-1,-1,-1,0x1020480014440805,1294,1501,1500,1500,2012,1121,1504,1500,1500,1121,988,1500,1500,1500,1500,1500,1500,1500,1131,2012,1500,1538,1500,2012,1500,1506,1503,1500,1520,1505,1500,2012,8.2
2025-05-02,11:42:47.650,-62,-61,10,3716,200,42,1,16,1068,13,441,-450,2,6,-7,344,515,-1,-1,-1,-1,0x1020480014440805,1402,1500,1500,1500,2012,1275,1501,1500,1500,1275,988,1500,1500,1500,1500,1500,1500,1500,1372,2012,1500,1538,1500,2012,1500,1501,1500,1500,1520,1505,1500,2012,8.2
2025-05-02,11:42:48.150,-62,-62,10,3719,210,42,1,16,632,13,441,-2,3,7,-7,345,515,-1,-1,-1,-1,0x1020480010440005,1507,1500,1500,1500,2012,1499,1502,1500,1500,1499,988,1500,1500,1500,1500,1500,1500,1500,1372,2012,1500,1538,1500,2012,1500,1503,1501,1500,1520,1505,1500,2012,8.2
2025-05-02,11:42:48.650,-62,-64,10,3720,200,42,1,16,0,13,441,-3,-96,7,-7,344,516,-1,-1,-1,-1,0x10204800124C0005,1507,1449,1500,1500,2012,1499,1452,1449,1500,1499,988,1500,1500,1500,1500,1500,1500,1449,1500,2012,1500,1538,1500,988,1500,1427,1500,1500,1520,1505,1500,2012,8.2
2025-05-02,11:42:49.150,-53,-67,10,3722,160,41,1,16,0,13,441,-3,-6,6,-6,345,515,-1,-1,-1,-1,0x1020480010400005,1507,1498,1500,1500,2012,1499,1498,1498,1500,1499,988,1500,1500,1500,1500,1500,1500,1498,1500,2012,1500,1538,1500,988,1500,1495,1500,1500,1520,1505,1500,2012,8.2
2025-05-02,11:42:49.650,-57,-67,10,3722,170,41,1,16,0,13,441,-3,10,6,-7,345,515,-1,-1,-1,-1,0x1020480010440005,1507,1501,1500,1500,2012,1499,1507,1500,1500,1499,988,1500,1500,1500,1500,1500,1500,1500,1500,2012,1500,1538,1500,2012,1500,1510,1505,1500,1520,1505,1500,2012,8.2
2025-05-02,11:42:50.150,-59,-55,10,3723,170,41,1,16,0,13,441,-2,4,7,-7,344,515,-1,-1,-1,-1,0x1020480010440005,1507,1500,1500,1500,2012,1499,1502,1500,1500,1499,988,1500,1500,1500,1500,1500,1500,1500,1500,2012,1500,1538,1500,2012,1500,1504,1502,1500,1520,1505,1500,2012,8.2
2025-05-02,11:42:50.650,-63,-52,10,3724,260,41,1,16,0,13,441,-2,8,7,-6,344,515,-1,-1,-1,-1,0x1020480010440004,1507,1501,1500,1500,2012,1499,1505,1500,1500,1499,988,1500,1500,1500,1500,1500,1500,1500,1014,1986,1500,1538,1500,2012,1500,1508,1504,1500,1520,1505,1500,2012,8.2
2025-05-02,11:42:51.140,-63,-46,10,3724,170,41,1,16,0,13,441,-2,5,7,-6,344,515,-1,-1,-1,-1,0x1020480010440005,1507,1500,1500,1500,2012,1499,1503,1500,1500,1499,988,1500,1500,1500,1500,1500,1500,1500,1192,2012,1500,1538,1500,2012,1500,1505,1502,1500,1520,1505,1500,2012,8.2
2025-05-02,11:42:51.620,-76,-59,10,3725,170,41,1,16,0,13,441,-7,4,7,0,344,515,-1,-1,-1,-1,0x1020480010440005,1506,1500,1500,1500,2012,1497,1502,1500,1500,1496,988,1500,1500,1500,1500,1500,1500,1500,1152,2012,1500,1538,1500,2012,1500,1504,1502,1500,1520,1505,1500,2012,8.2
2025-05-02,11:42:52.120,-76,-56,10,3725,160,41,1,16,0,13,441,-3,4,6,-2,344,515,-1,-1,-1,-1,0x1020480010440005,1507,1500,1500,1500,2012,1499,1502,1500,1500,1499,988,1500,1500,1500,1500,1500,1500,1500,1372,2012,1500,1538,1500,2012,1500,1504,1501,1500,1520,1505,1500,2012,8.2
2025-05-02,11:42:52.620,-76,-58,10,3725,160,41,1,16,0,13,442,-4,4,7,-2,344,515,-1,-1,-1,-1,0x1020480010440005,1507,1500,1500,1500,2012,1498,1502,1500,1500,1498,988,1500,1500,1500,1500,1500,1500,1500,1372,2012,1500,1538,1500,2012,1500,1504,1502,1500,1520,1505,1500,2012,8.2
2025-05-02,11:42:53.120,-72,-64,10,3726,170,41,1,16,0,13,442,-3,4,7,-2,345,515,-1,-1,-1,-1,0x1020480010440005,1507,1500,1500,1500,2012,1499,1502,1500,1500,1499,988,1500,1500,1500,1500,1500,1500,1500,1500,2012,1500,1538,1500,2012,1500,1504,1502,1500,1520,1505,1500,2012,8.2
2025-05-02,11:42:53.620,-69,-58,10,3726,170,41,1,16,0,13,442,-3,5,7,-2,344,515,-1,-1,-1,-1,0x1020480010440005,1507,1500,1500,1500,2012,1499,1503,1500,1500,1499,988,1500,1500,1500,1500,1500,1500,1500,1500,2012,1500,1538,1500,2012,1500,1505,1502,1500,1520,1505,1500,2012,8.2
2025-05-02,11:42:54.120,-67,-64,10,3726,160,41,1,16,0,13,442,-4,4,6,-2,344,515,-1,-1,-1,-1,0x1020480010440005,1507,1500,1500,1500,2012,1498,1502,1500,1500,1498,988,1500,1500,1500,1500,1500,1500,1500,1500,2012,1500,1538,1500,2012,1500,1504,1502,1500,1520,1505,1500,2012,8.2
2025-05-02,11:42:54.620,-67,-66,10,3727,160,41,1,16,0,13,442,-3,3,7,-2,344,516,-1,-1,-1,-1,0x1020480010440005,1507,1500,1500,1500,2012,1499,1502,1500,1500,1499,988,1500,1500,1500,1500,1500,1500,1500,1500,2012,1500,1538,1500,2012,1500,1503,1501,1500,1520,1505,1500,2012,8.2
2025-05-02,11:42:55.120,-67,-66,10,3727,170,41,1,16,0,13,442,-4,3,7,-2,345,515,-1,-1,-1,-1,0x1020480010440004,1507,1500,1500,1500,2012,1498,1502,1500,1500,1498,988,1500,1500,1500,1500,1500,1500,1500,1500,2012,1500,1538,1500,2012,1500,1503,1501,1500,1520,1505,1500,2012,8.2
2025-05-02,11:42:55.620,-66,-57,10,3727,160,41,1,16,0,13,442,-4,4,7,-2,345,515,-1,-1,-1,-1,0x1020480010440004,1507,1500,1500,1500,2012,1498,1502,1500,1500,1498,988,1500,1500,1500,1500,1500,1500,1500,1500,2012,1500,1538,1500,2012,1500,1504,1502,1500,1520,1505,1500,2012,8.2
2025-05-02,11:42:56.120,-69,-61,10,3727,250,41,1,16,0,13,442,-3,4,6,-2,344,515,-1,-1,-1,-1,0x1020480010440004,1507,1500,1500,1500,2012,1499,1502,1500,1500,1499,988,1500,1500,1500,1500,1500,1500,1500,1500,2012,1500,1538,1500,2012,1500,1505,1502,1500,1520,1505,1500,2012,8.2
2025-05-02,11:42:56.620,-66,-62,10,3728,170,41,1,16,0,13,442,-4,4,7,-2,344,515,-1,-1,-1,-1,0x1020480010440004,1507,1500,1500,1500,2012,1498,1502,1500,1500,1498,988,1500,1500,1500,1500,1500,1500,1500,1500,2012,1500,1538,1500,2012,1500,1504,1502,1500,1520,1505,1500,2012,8.2
2025-05-02,11:42:57.120,-64,-61,10,3728,170,41,1,16,0,13,442,-4,5,7,-2,344,515,-1,-1,-1,-1,0x1020480010440004,1507,1500,1500,1500,2012,1498,1503,1500,1500,1498,988,1500,1500,1500,1500,1500,1500,1500,1500,2012,1500,1538,1500,2012,1500,1505,1502,1500,1520,1505,1500,2012,8.2
2025-05-02,11:42:57.620,-64,-59,10,3728,160,41,1,16,0,13,442,-4,4,6,-2,345,516,-1,-1,-1,-1,0x1020480010440004,1507,1500,1500,1500,2012,1498,1502,1500,1500,1498,988,1500,1500,1500,1500,1500,1500,1500,1500,2012,1500,1538,1500,2012,1500,1504,1502,1500,1520,1505,1500,2012,8.2
2025-05-02,11:42:58.120,-64,-54,10,3728,160,41,1,16,0,13,442,-4,6,7,-2,345,515,-1,-1,-1,-1,0x1020480010440004,1507,1501,1500,1500,2012,1498,1504,1500,1500,1498,988,1500,1500,1500,1500,1500,1500,1500,1500,2012,1500,1538,1500,2012,1500,1506,1503,1500,1520,1505,1500,2012,8.2
2025-05-02,11:42:58.620,-64,-49,10,3729,160,41,1,16,0,13,442,-3,5,7,-2,345,515,-1,-1,-1,-1,0x1020480010440004,1507,1500,1500,1500,2012,1499,1503,1500,1500,1499,988,1500,1500,1500,1500,1500,1500,1500,1500,2012,1500,1538,1500,2012,1500,1505,1502,1500,1520,1505,1500,2012,8.2
2025-05-02,11:42:59.120,-64,-50,10,3729,480,41,1,16,0,13,442,-22,5,7,-2,345,515,-1,-1,-1,-1,0x1020480010440004,1507,1501,1500,1500,2012,1489,1503,1500,1500,1489,988,1500,1500,1500,1500,1500,1500,1500,1500,2012,1500,1538,1500,2012,1500,1505,1503,1500,1520,1505,1500,2012,8.2
2025-05-02,11:42:59.620,-64,-47,10,3729,220,41,1,16,0,13,442,-3,5,7,-2,344,515,-1,-1,-1,-1,0x1020480010440004,1507,1500,1500,1500,2012,1499,1503,1500,1500,1499,988,1500,1500,1500,1500,1500,1500,1500,1500,2012,1500,1538,1500,2012,1500,1505,1502,1500,1520,1505,1500,2012,8.2
2025-05-02,11:43:00.120,-50,-51,10,3729,160,41,1,16,0,13,442,-4,6,7,-2,345,515,-1,-1,-1,-1,0x1020480010440004,1507,1501,1500,1500,2012,1498,1504,1500,1500,1498,988,1500,1500,1500,1500,1500,1500,1500,1500,2012,1500,1538,1500,2012,1500,1506,1503,1500,1520,1505,1500,2012,8.2
2025-05-02,11:43:00.620,-48,-51,10,3729,160,41,1,16,0,13,442,-4,6,6,-2,345,515,-1,-1,-1,-1,0x1020480010440004,1507,1501,1500,1500,2012,1498,1504,1500,1500,1498,988,1500,1500,1500,1500,1500,1500,1500,1500,2012,1500,1538,1500,2012,1500,1506,1503,1500,1520,1505,1500,2012,8.2
2025-05-02,11:43:01.120,-34,-51,10,3730,160,41,1,16,0,13,442,-3,4,7,-2,345,515,-1,-1,-1,-1,0x1020480010440004,1507,1500,1500,1500,2012,1499,1502,1500,1500,1499,988,1500,1500,1500,1500,1500,1500,1500,1500,2012,1500,1538,1500,2012,1500,1504,1502,1500,1520,1505,1500,2012,8.2
2025-05-02,11:43:01.620,-46,-38,10,3730,250,41,1,16,0,13,442,-3,6,7,-2,344,515,-1,-1,-1,-1,0x1020480010440004,1507,1501,1500,1500,2012,1499,1504,1500,1500,1499,988,1500,1500,1500,1500,1500,1500,1500,1500,2012,1500,1538,1500,2012,1500,1506,1503,1500,1520,1505,1500,2012,8.2
2025-05-02,11:43:02.120,-46,-35,10,3730,170,41,1,16,0,13,442,-3,6,6,-2,344,515,-1,-1,-1,-1,0x1020480010440004,1507,1501,1500,1500,2012,1498,1504,1500,1500,1499,988,1500,1500,1500,1500,1500,1500,1500,1500,2012,1500,1538,1500,2012,1500,1506,1503,1500,1520,1505,1500,2012,8.2
2025-05-02,11:43:02.620,-46,-39,10,3730,160,41,1,16,0,13,442,-3,4,6,-2,344,515,-1,-1,-1,-1,0x1020480010440004,1507,1500,1500,1500,2012,1499,1502,1500,1500,1499,988,1500,1500,1500,1500,1500,1500,1500,1500,2012,1500,1538,1500,2012,1500,1504,1502,1500,1520,1505,1500,2012,8.2
2025-05-02,11:43:03.120,-52,-47,10,3730,170,41,1,16,0,13,442,-2,3,6,-2,344,515,-1,-1,-1,-1,0x1020480010440004,1507,1500,1500,1500,2012,1499,1502,1500,1500,1499,988,1500,1500,1500,1500,1500,1500,1500,1500,2012,1500,1538,1500,2012,1500,1503,1501,1500,1520,1505,1500,2012,8.2
2025-05-02,11:43:03.620,-52,-45,10,3730,160,41,1,16,0,13,442,-3,5,7,-2,345,515,-1,-1,-1,-1,0x1020480010440004,1507,1500,1500,1500,2012,1499,1503,1500,1500,1499,988,1500,1500,1500,1500,1500,1500,1500,1500,2012,1500,1538,1500,2012,1500,1505,1502,1500,1520,1505,1500,2012,8.2
2025-05-02,11:43:04.120,-58,-56,10,3731,160,41,1,16,0,13,442,-3,4,6,-2,345,515,-1,-1,-1,-1,0x1020480010440004,1507,1500,1500,1500,2012,1499,1502,1500,1500,1499,988,1500,1500,1500,1500,1500,1500,1500,1500,2012,1500,1538,1500,2012,1500,1504,1502,1500,1520,1505,1500,2012,8.2
2025-05-02,11:43:04.620,-64,-54,10,3731,1120,41,1,16,0,13,442,1024,9,7,-2,345,515,-1,-1,-1,-1,0x1020480014440004,1812,1501,1500,1500,2012,2012,1506,1500,1500,2012,988,1500,1500,1500,1500,1500,1500,1500,1500,2012,1500,1538,1500,2012,1500,1509,1504,1500,1520,1505,1500,2012,8.2
2025-05-02,11:43:05.120,-59,-59,10,3730,510,41,1,16,0,13,442,1024,5,6,-2,345,515,-1,-1,-1,-1,0x1020480014440004,1812,1500,1500,1500,2012,2012,1503,1500,1500,2012,988,1500,1500,1500,1500,1500,1500,1500,1500,2012,1500,1538,1500,2012,1500,1505,1502,1500,1520,1505,1500,2012,8.2
2025-05-02,11:43:05.620,-62,-59,10,3729,630,41,1,16,0,13,442,1024,6,6,-2,345,515,-1,-1,-1,-1,0x1020480014440004,1812,1501,1500,1500,2012,2012,1504,1500,1500,2012,988,1500,1500,1500,1500,1500,1500,1500,1500,2012,1500,1538,1500,2012,1500,1506,1503,1500,1520,1505,1500,2012,8.2
2025-05-02,11:43:06.120,-62,-54,10,3729,540,43,1,16,0,13,442,1024,101,7,-2,344,515,-1,-1,-1,-1,0x1020480014440004,1812,1513,1500,1500,2012,2012,1569,1500,1500,2012,988,1500,1500,1500,1500,1500,1500,1500,1372,1628,1500,1538,1500,2012,1500,1602,1552,1500,1520,1505,1500,2012,8.2
2025-05-02,11:43:06.620,-62,-55,10,3728,910,44,1,16,0,13,443,1024,75,7,-2,345,515,-1,-1,-1,-1,0x1020480014440005,1812,1510,1500,1500,2012,2012,1551,1500,1500,2012,988,1500,1500,1500,1500,1500,1500,1500,1372,1628,1500,1538,1500,2012,1500,1577,1541,1500,1520,1505,1500,2012,8.2
2025-05-02,11:43:07.120,-62,-55,10,3728,700,44,1,16,0,13,443,1024,91,6,-2,344,515,-1,-1,-1,-1,0x1020480014440005,1812,1512,1500,1500,2012,2012,1562,1500,1500,2012,988,1500,1500,1500,1500,1500,1500,1500,1372,1628,1500,1538,1500,2012,1500,1593,1548,1500,1520,1505,1500,2012,8.2
2025-05-02,11:43:07.620,-66,-55,10,3729,660,44,1,16,0,13,443,1024,141,6,-2,345,515,-1,-1,-1,-1,0x1020480014440005,1812,1517,1500,1500,2012,2012,1596,1500,1500,2012,988,1500,1500,1500,1500,1500,1500,1500,1372,1628,1500,1538,1500,2012,1500,1639,1569,1500,1520,1505,1500,2012,8.2
2025-05-02,11:43:08.120,-66,-55,10,3729,650,45,1,16,0,13,443,1024,181,6,-2,345,515,-1,-1,-1,-1,0x1020480014440005,1812,1521,1500,1500,2012,2012,1624,1500,1500,2012,988,1500,1500,1500,1500,1500,1500,1500,1372,1628,1500,1538,1500,2012,1500,1673,1586,1500,1520,1505,1500,2012,8.2
2025-05-02,11:43:08.620,-78,-55,10,3729,570,44,1,16,0,13,443,1024,249,7,-2,345,515,-1,-1,-1,-1,0x1020480014440005,1812,1531,1500,1500,2012,2012,1670,1500,1500,2012,988,1500,1500,1500,1500,1500,1500,1500,1372,1628,1500,1538,1500,2012,1500,1727,1623,1500,1520,1505,1500,2012,8.2
2025-05-02,11:43:09.120,-78,-52,10,3728,15000,44,1,16,3803,13,443,1024,1022,6,-2,344,515,-1,-1,-1,-1,0x1020480014442005,1812,1628,1500,1500,2012,2012,2012,1500,1500,2012,988,1500,1500,1500,1500,1500,1500,1500,1372,1628,1500,1538,1500,2012,1500,2012,2012,1500,1520,1505,1500,2012,8.2
2025-05-02,11:43:09.620,-78,-48,10,3718,6970,44,1,16,5651,13,445,-2,1022,6,-2,344,515,-1,-1,-1,-1,0x1020480010442005,1507,1628,1500,1500,2012,1499,2012,1500,1500,1499,988,1500,1500,1500,1500,1500,1500,1500,1372,1628,1500,1538,1500,2012,1500,2012,2012,1500,1520,1505,1500,2012,8.2
2025-05-02,11:43:10.120,-78,-51,10,3698,5980,43,1,16,6141,13,445,1024,50,7,-2,345,515,-1,-1,-1,-1,0x1020480014440405,1812,1514,1500,1500,2012,2012,1534,1500,1500,2012,988,1500,1500,1500,1500,1500,1500,1500,1372,1628,1500,1538,1500,2012,1500,2012,1558,1500,1520,1505,1500,2012,8.2
2025-05-02,11:43:10.620,-55,-53,10,3701,1030,43,1,16,2362,13,445,1024,9,7,-2,345,515,-1,-1,-1,-1,0x1020480014440405,1812,1501,1500,1500,2012,2012,1506,1500,1500,2012,988,1500,1500,1500,1500,1500,1500,1500,988,2012,1500,1538,1500,2012,1500,1509,1505,1500,1520,1505,1500,2012,8.2
2025-05-02,11:43:11.120,-60,-61,10,3723,13080,44,1,16,4734,13,446,1024,1024,6,-2,344,515,-1,-1,-1,-1,0x1020480014442405,1812,1628,1500,1500,2012,2012,2012,1500,1500,2012,988,1500,1500,1500,1500,1500,1500,1500,1372,1628,1500,1538,1500,2012,1500,2012,2012,1500,1520,1505,1500,2012,8.2
2025-05-02,11:43:11.620,-62,-61,10,3719,7990,44,1,16,5374,13,447,-9,1020,6,-2,345,515,-1,-1,-1,-1,0x1020480010442405,1506,1628,1500,1500,2012,1496,2012,1500,1500,1496,988,1500,1500,1500,1500,1500,1500,1500,1372,1628,1500,1538,1500,2012,1500,2012,2012,1500,1520,1505,1500,2012,8.2
2025-05-02,11:43:12.120,-62,-56,10,3694,5160,44,1,16,6666,13,448,39,1023,6,-2,344,515,-1,-1,-1,-1,0x1020480010442405,1514,1628,1500,1500,2012,1519,2012,1500,1500,1512,988,1500,1500,1500,1500,1500,1500,1500,1372,1628,1500,1538,1500,2012,1500,2012,2012,1500,1520,1505,1500,2012,8.2
2025-05-02,11:43:12.620,-62,-56,10,3698,6060,44,1,16,7067,13,449,732,1024,6,-2,345,515,-1,-1,-1,-1,0x1020480014442405,1700,1628,1500,1500,2012,1866,2012,1500,1500,1872,988,1500,1500,1500,1500,1500,1500,1500,1372,1628,1500,1538,1500,2012,1500,2012,2012,1500,1520,1505,1500,2012,8.2
2025-05-02,11:43:13.120,-63,-56,10,3701,5020,43,1,16,7535,13,449,0,1024,6,-2,345,515,-1,-1,-1,-1,0x1020480010442405,1508,1628,1500,1500,2012,1500,2012,1500,1500,1500,988,1500,1500,1500,1500,1500,1500,1500,1372,1628,1500,1538,1500,2012,1500,2012,2012,1500,1520,1505,1500,2012,8.2
2025-05-02,11:43:13.620,-66,-59,10,3701,760,42,1,16,3732,14,450,1024,381,7,-2,345,515,-1,-1,-1,-1,0x1020480014440405,1812,1546,1500,1500,2012,2012,1761,1500,1500,2012,988,1500,1500,1500,1500,1500,1500,1500,1372,1628,1500,1538,1500,2012,1500,1817,1685,1500,1520,1505,1500,2012,8.2
2025-05-02,11:43:14.120,-64,-61,10,3717,3030,43,1,16,2706,14,450,1024,573,6,-2,344,515,-1,-1,-1,-1,0x1020480014440005,1812,1580,1500,1500,2012,2012,1892,1500,1500,2012,988,1500,1500,1500,1500,1500,1500,1500,1372,1628,1500,1538,1500,2012,1500,1926,1820,1500,1520,1505,1500,2012,8.2
2025-05-02,11:43:14.620,-64,-63,10,3717,2030,43,1,16,3984,14,450,510,532,6,-2,344,515,-1,-1,-1,-1,0x1020480014440005,1628,1568,1500,1500,2012,1755,1864,1500,1500,1746,988,1500,1500,1500,1500,1500,1500,1500,1372,1628,1500,1538,1500,2012,1500,1904,1774,1500,1520,1505,1500,2012,8.2
2025-05-02,11:43:15.120,-64,-63,10,3709,2870,44,1,16,5058,14,451,1024,338,7,-2,345,515,-1,-1,-1,-1,0x1020480014440005,1812,1542,1500,1500,2012,2012,1731,1500,1500,2012,988,1500,1500,1500,1500,1500,1500,1500,1372,1628,1500,1538,1500,2012,1500,1911,1670,1500,1520,1505,1500,2012,8.2
2025-05-02,11:43:15.620,-62,-79,10,3710,330,44,1,16,575,14,451,1024,55,6,-2,344,515,-1,-1,-1,-1,0x1020480014440005,1812,1508,1500,1500,2012,2012,1537,1500,1500,2012,988,1500,1500,1500,1500,1500,1500,1500,1372,1628,1500,1538,1500,2012,1500,1557,1532,1500,1520,1505,1500,2012,8.2
2025-05-02,11:43:16.120,-63,-62,10,3720,9590,43,1,16,5037,14,452,1024,1023,6,-2,344,515,-1,-1,-1,-1,0x1020480014442005,1812,1628,1500,1500,2012,2012,2012,1500,1500,2012,988,1500,1500,1500,1500,1500,1500,1500,1372,1628,1500,1538,1500,2012,1500,2012,2012,1500,1520,1505,1500,2012,8.2
2025-05-02,11:43:16.620,-63,-59,10,3706,780,42,1,16,1764,14,453,715,-462,7,-2,345,515,-1,-1,-1,-1,0x1020480016480405,1700,1338,1500,1499,2012,1857,1269,1337,1500,1857,988,1500,1500,1500,1500,1500,1500,1337,988,2012,1500,1538,1500,988,1500,1917,1500,1500,1520,1505,1500,2012,8.2
2025-05-02,11:43:17.120,-63,-64,10,3703,260,42,1,16,0,14,453,-5,8,7,-2,345,515,-1,-1,-1,-1,0x1020480010440405,1507,1501,1500,1500,2012,1498,1505,1500,1500,1498,988,1500,1500,1500,1500,1500,1500,1500,1372,2012,1500,1538,1500,2012,1500,1508,1504,1500,1520,1505,1500,2012,8.2
2025-05-02,11:43:17.620,-58,-64,10,3723,280,42,1,16,0,14,453,-5,7,7,-2,344,515,-1,-1,-1,-1,0x1020480010440405,1507,1501,1500,1500,2012,1498,1505,1500,1500,1498,988,1500,1500,1500,1500,1500,1500,1500,1372,2012,1500,1538,1500,2012,1500,1507,1503,1500,1520,1505,1500,2012,8.2
2025-05-02,11:43:18.120,-57,-59,10,3724,390,42,1,16,0,14,453,-4,11,7,-2,345,515,-1,-1,-1,-1,0x1020480010440405,1507,1501,1500,1500,2012,1498,1507,1500,1500,1498,988,1500,1500,1500,1500,1500,1500,1500,1500,2012,1500,1538,1500,2012,1500,1512,1506,1500,1520,1505,1500,2012,8.2
2025-05-02,11:43:18.620,-49,-59,10,3724,280,42,1,16,0,14,453,-5,8,6,-2,345,515,-1,-1,-1,-1,0x1020480010440405,1507,1501,1500,1500,2012,1498,1505,1500,1500,1498,988,1500,1500,1500,1500,1500,1500,1500,1500,2012,1500,1538,1500,2012,1500,1508,1504,1500,1520,1505,1500,2012,8.2
2025-05-02,11:43:19.120,-41,-59,10,3725,300,42,1,16,0,14,453,-3,7,6,-2,344,515,-1,-1,-1,-1,0x1020480010440405,1507,1501,1500,1500,2012,1499,1505,1500,1500,1498,988,1500,1500,1500,1500,1500,1500,1500,1500,2012,1500,1538,1500,2012,1500,1507,1503,1500,1520,1505,1500,2012,8.2
2025-05-02,11:43:19.620,-38,-59,10,3725,240,42,1,16,0,14,453,-4,6,7,-2,345,515,-1,-1,-1,-1,0x1020480010440405,1507,1501,1500,1500,2012,1498,1504,1500,1500,1498,988,1500,1500,1500,1500,1500,1500,1500,1500,2012,1500,1538,1500,2012,1500,1506,1503,1500,1520,1505,1500,2012,8.2
2025-05-02,11:43:20.120,-40,-42,10,3726,220,42,1,16,0,14,453,-3,6,7,-2,344,515,-1,-1,-1,-1,0x1020480010440404,1507,1501,1500,1500,2012,1499,1504,1500,1500,1499,988,1500,1500,1500,1500,1500,1500,1500,1500,2012,1500,1538,1500,2012,1500,1506,1503,1500,1520,1505,1500,2012,8.2
2025-05-02,11:43:20.620,-40,-41,10,3727,220,42,1,16,123,14,453,-4,8,6,-2,345,515,-1,-1,-1,-1,0x1020480010440004,1507,1501,1500,1500,2012,1498,1505,1500,1500,1498,988,1500,1500,1500,1500,1500,1500,1500,1500,2012,1500,1538,1500,2012,1500,1508,1504,1500,1520,1505,1500,2012,8.2
2025-05-02,11:43:21.120,-40,-40,10,3727,200,42,1,16,519,14,453,-4,6,6,-2,345,515,-1,-1,-1,-1,0x1020480010440004,1507,1501,1500,1500,2012,1498,1504,1500,1500,1498,988,1500,1500,1500,1500,1500,1500,1500,1500,2012,1500,1538,1500,2012,1500,1507,1503,1500,1520,1505,1500,2012,8.2
2025-05-02,11:43:21.620,-35,-41,10,3727,170,41,1,16,73,14,454,-4,7,6,-2,344,515,-1,-1,-1,-1,0x1020480010440004,1507,1501,1500,1500,2012,1498,1505,1500,1500,1498,988,1500,1500,1500,1500,1500,1500,1500,1500,2012,1500,1538,1500,2012,1500,1507,1503,1500,1520,1505,1500,2012,8.2
2025-05-02,11:43:22.120,-39,-31,10,3728,200,41,1,16,0,14,454,-4,8,6,-2,345,516,-1,-1,-1,-1,0x1020480010440004,1507,1501,1500,1500,2012,1498,1505,1500,1500,1498,988,1500,1500,1500,1500,1500,1500,1500,1500,2012,1500,1538,1500,2012,1500,1508,1504,1500,1520,1505,1500,2012,8.2
2025-05-02,11:43:22.620,-46,-40,10,3728,210,41,1,16,0,14,454,-4,7,7,-2,344,515,-1,-1,-1,-1,0x1020480010440004,1507,1501,1500,1500,2012,1498,1505,1500,1500,1498,988,1500,1500,1500,1500,1500,1500,1500,1500,2012,1500,1538,1500,2012,1500,1507,1503,1500,1520,1505,1500,2012,8.2
2025-05-02,11:43:23.120,-46,-37,10,3728,160,41,1,16,0,14,454,-4,9,6,-2,344,515,-1,-1,-1,-1,0x1020480010440004,1507,1501,1500,1500,2012,1498,1506,1500,1500,1498,988,1500,1500,1500,1500,1500,1500,1500,1500,2012,1500,1538,1500,2012,1500,1509,1505,1500,1520,1505,1500,2012,8.2
2025-05-02,11:43:23.620,-44,-43,10,3728,250,41,1,16,0,14,454,-4,5,7,-2,344,515,-1,-1,-1,-1,0x1020480010440004,1507,1500,1500,1500,2012,1498,1503,1500,1500,1498,988,1500,1500,1500,1500,1500,1500,1500,1500,2012,1500,1538,1500,2012,1500,1505,1502,1500,1520,1505,1500,2012,8.2
2025-05-02,11:43:24.120,-65,-63,10,3729,160,41,1,16,0,14,454,-2,6,6,-2,345,515,-1,-1,-1,-1,0x1020480010440004,1507,1501,1500,1500,2012,1499,1504,1500,1500,1499,988,1500,1500,1500,1500,1500,1500,1500,1500,2012,1500,1538,1500,2012,1500,1506,1503,1500,1520,1505,1500,2012,8.2
2025-05-02,11:43:24.620,-70,-67,10,3729,160,41,1,16,0,14,454,-3,10,7,-2,345,515,-1,-1,-1,-1,0x1020480010440004,1507,1501,1500,1500,2012,1499,1507,1500,1500,1499,988,1500,1500,1500,1500,1500,1500,1500,1500,2012,1500,1538,1500,2012,1500,1510,1505,1500,1520,1505,1500,2012,8.2
2025-05-02,11:43:25.120,-81,-67,10,3729,170,41,1,16,0,14,454,-3,9,7,-2,344,515,-1,-1,-1,-1,0x1020480010440004,1507,1501,1500,1500,2012,1499,1506,1500,1500,1499,988,1500,1500,1500,1500,1500,1500,1500,1500,2012,1500,1538,1500,2012,1500,1509,1505,1500,1520,1505,1500,2012,8.2
2025-05-02,11:43:25.620,-81,-65,10,3729,1190,41,1,16,0,14,454,-43,6,6,-2,345,515,-1,-1,-1,-1,0x1020480010440004,1500,1501,1500,1500,2012,1479,1504,1500,1500,1479,988,1500,1500,1500,1500,1500,1500,1500,1500,2012,1500,1538,1500,2012,1500,1506,1503,1500,1520,1505,1500,2012,8.2
2025-05-02,11:43:26.120,-81,-59,10,3729,160,41,1,16,0,14,454,-3,8,6,-2,344,515,-1,-1,-1,-1,0x1020480010440004,1507,1501,1500,1500,2012,1499,1505,1500,1500,1499,988,1500,1500,1500,1500,1500,1500,1500,1500,2012,1500,1538,1500,2012,1500,1507,1503,1500,1520,1505,1500,2012,8.2
2025-05-02,11:43:26.620,-76,-62,10,3729,490,41,1,16,0,14,454,-1024,8,7,-2,345,516,-1,-1,-1,-1,0x1020480014440004,1142,1501,1500,1500,2012,988,1505,1500,1500,988,988,1500,1500,1500,1500,1500,1500,1500,1500,2012,1500,1538,1500,2012,1500,1508,1504,1500,1520,1505,1500,2012,8.2
2025-05-02,11:43:27.120,-76,-60,10,3729,520,42,1,16,0,14,454,-1024,8,6,-2,345,515,-1,-1,-1,-1,0x1020480014440805,1142,1501,1500,1500,2012,988,1505,1500,1500,988,988,1500,1500,1500,1500,1500,1500,1500,1111,2012,1500,1538,1500,2012,1500,1507,1504,1500,1520,1505,1500,2012,8.2
2025-05-02,11:43:27.620,-76,-59,10,3728,570,43,1,16,0,14,454,-1024,122,7,-2,345,515,-1,-1,-1,-1,0x1020480014440805,1142,1515,1500,1500,2012,988,1583,1500,1500,988,988,1500,1500,1500,1500,1500,1500,1500,1372,1628,1500,1538,1500,2012,1500,1621,1560,1500,1520,1505,1500,2012,8.2
2025-05-02,11:43:28.120,-86,-58,10,3728,380,43,1,16,0,14,454,-991,92,6,-2,345,515,-1,-1,-1,-1,0x1020480014440805,1165,1512,1500,1500,2012,1005,1563,1500,1500,1005,988,1500,1500,1500,1500,1500,1500,1500,1372,1628,1500,1538,1500,2012,1500,1594,1549,1500,1520,1505,1500,2012,8.2
2025-05-02,11:43:28.620,-70,-73,10,3728,12640,43,1,16,4816,14,455,-238,1023,6,-2,345,515,-1,-1,-1,-1,0x1020480014442805,1456,1628,1500,1500,2012,1381,2012,1500,1500,1368,988,1500,1500,1500,1500,1500,1500,1500,1372,1628,1500,1538,1500,2012,1500,2012,2012,1500,1520,1505,1500,2012,8.2
2025-05-02,11:43:29.120,-61,-73,10,3696,6050,43,1,16,6217,14,456,4,1024,6,-2,344,515,-1,-1,-1,-1,0x1020480010442405,1508,1628,1500,1500,2012,1502,2012,1500,1500,1502,988,1500,1500,1500,1500,1500,1500,1500,1372,1628,1500,1538,1500,2012,1500,2012,2012,1500,1520,1505,1500,2012,8.2
2025-05-02,11:43:29.620,-53,-73,10,3696,6290,43,1,16,7300,14,457,-1024,992,6,-2,345,515,-1,-1,-1,-1,0x1020480014442405,1142,1628,1500,1500,2012,988,2012,1500,1500,988,988,1500,1500,1500,1500,1500,1500,1500,1372,1628,1500,1538,1500,2012,1500,2012,2012,1500,1520,1505,1500,2012,8.2
2025-05-02,11:43:30.120,-42,-73,10,3700,6820,43,1,16,5659,14,458,-524,1020,6,-2,344,515,-1,-1,-1,-1,0x1020480014442C05,1378,1628,1500,1500,2012,1238,2012,1500,1500,1222,988,1500,1500,1500,1500,1500,1500,1500,1372,1628,1500,1538,1500,2012,1500,2012,2012,1500,1520,1505,1500,2012,8.2
2025-05-02,11:43:30.620,-50,-51,10,3698,5080,43,1,16,7664,14,459,-5,1020,6,-2,345,515,-1,-1,-1,-1,0x1020480010442405,1507,1628,1500,1500,2012,1498,2012,1500,1500,1498,988,1500,1500,1500,1500,1500,1500,1500,1372,1628,1500,1538,1500,2012,1500,2012,2012,1500,1520,1505,1500,2012,8.2
2025-05-02,11:43:31.120,-57,-55,10,3696,5500,43,1,16,6665,14,459,308,1021,6,-2,345,515,-1,-1,-1,-1,0x1020480014442405,1586,1628,1500,1500,2012,1654,2012,1500,1500,1654,988,1500,1500,1500,1500,1500,1500,1500,1372,1628,1500,1538,1500,2012,1500,2012,2012,1500,1520,1505,1500,2012,8.2
2025-05-02,11:43:31.620,-54,-62,10,3698,750,43,1,16,5155,14,460,1024,9,7,-2,344,515,-1,-1,-1,-1,0x1020480014440405,1812,1501,1500,1500,2012,2012,1506,1500,1500,2012,988,1500,1500,1500,1500,1500,1500,1500,1080,2012,1500,1538,1500,2012,1500,1625,1504,1500,1520,1505,1500,2012,8.2
2025-05-02,11:43:32.120,-53,-62,10,3716,1120,44,1,16,3130,14,460,1024,382,6,-2,344,516,-1,-1,-1,-1,0x1020480014440405,1812,1548,1500,1500,2012,2012,1761,1500,1500,2012,988,1500,1500,1500,1500,1500,1500,1500,1372,1628,1500,1538,1500,2012,1500,1818,1692,1500,1520,1505,1500,2012,8.2
2025-05-02,11:43:32.620,-57,-55,10,3719,1980,46,1,16,2668,14,460,574,590,6,-2,344,516,-1,-1,-1,-1,0x1020480014440405,1646,1584,1500,1500,2012,1787,1904,1500,1500,1782,988,1500,1500,1500,1500,1500,1500,1500,1372,1628,1500,1538,1500,2012,1500,1935,1837,1500,1520,1505,1500,2012,8.2
2025-05-02,11:43:33.120,-66,-64,10,3716,7620,47,1,16,5594,14,461,1016,1024,6,-2,344,515,-1,-1,-1,-1,0x1020480014442005,1809,1628,1500,1500,2012,2008,2012,1500,1500,2007,988,1500,1500,1500,1500,1500,1500,1500,1372,1628,1500,1538,1500,2012,1500,2012,2012,1500,1520,1505,1500,2012,8.2
2025-05-02,11:43:33.620,-63,-73,10,3692,5790,47,1,16,5868,14,462,-20,1024,6,-2,344,515,-1,-1,-1,-1,0x1020480010442005,1506,1628,1500,1500,2012,1490,2012,1500,1500,1495,988,1500,1500,1500,1500,1500,1500,1500,1372,1628,1500,1538,1500,2012,1500,2012,2012,1500,1520,1505,1500,2012,8.2
2025-05-02,11:43:34.120,-61,-54,10,3692,5600,45,1,16,7239,14,463,598,1024,6,-2,345,515,-1,-1,-1,-1,0x1020480014442005,1652,1628,1500,1500,2012,1799,2012,1500,1500,1793,988,1500,1500,1500,1500,1500,1500,1500,1372,1628,1500,1538,1500,2012,1500,2012,2012,1500,1520,1505,1500,2012,8.2
2025-05-02,11:43:34.620,-61,-63,10,3696,5840,44,1,16,7365,14,463,1023,1024,6,-2,344,515,-1,-1,-1,-1,0x1020480014442005,1803,1628,1500,1500,2012,2011,2012,1500,1500,2011,988,1500,1500,1500,1500,1500,1500,1500,1372,1628,1500,1538,1500,2012,1500,2012,2012,1500,1520,1505,1500,2012,8.2
2025-05-02,11:43:35.120,-57,-63,10,3697,6100,43,1,16,7597,14,464,1024,735,6,-2,345,515,-1,-1,-1,-1,0x1020480014442005,1812,1628,1500,1500,2012,2012,2003,1500,1500,2012,988,1500,1500,1500,1500,1500,1500,1500,1372,1628,1500,1538,1500,2012,1500,2012,2012,1500,1520,1505,1500,2012,8.2
2025-05-02,11:43:35.620,-58,-63,10,3697,1560,43,1,16,4587,14,465,1024,649,6,-2,345,515,-1,-1,-1,-1,0x1020480014442005,1812,1601,1500,1500,2012,2012,1944,1500,1500,2012,988,1500,1500,1500,1500,1500,1500,1500,1372,1628,1500,1538,1500,2012,1500,1964,1903,1500,1520,1505,1500,2012,8.2
2025-05-02,11:43:36.120,-61,-58,10,3710,1180,44,1,16,2616,14,465,1024,348,7,-2,344,515,-1,-1,-1,-1,0x1020480014440005,1812,1544,1500,1500,2012,2012,1738,1500,1500,2012,988,1500,1500,1500,1500,1500,1500,1500,1372,1628,1500,1538,1500,2012,1500,1797,1676,1500,1520,1505,1500,2012,8.2
2025-05-02,11:43:36.620,-59,-61,10,3715,10610,45,1,16,5094,14,466,148,1024,6,-2,345,515,-1,-1,-1,-1,0x1020480014442005,1550,1628,1500,1500,2012,1574,2012,1500,1500,1583,988,1500,1500,1500,1500,1500,1500,1500,1372,1628,1500,1538,1500,2012,1500,2012,2012,1500,1520,1505,1500,2012,8.2
2025-05-02,11:43:37.120,-61,-64,10,3698,5270,44,1,16,6539,14,467,-7,1024,6,-2,345,515,-1,-1,-1,-1,0x1020480010442005,1506,1628,1500,1500,2012,1497,2012,1500,1500,1497,988,1500,1500,1500,1500,1500,1500,1500,1372,1628,1500,1538,1500,2012,1500,2012,2012,1500,1520,1505,1500,2012,8.2
2025-05-02,11:43:37.620,-61,-61,10,3696,5020,43,1,16,7664,14,467,-6,1024,6,-2,344,515,-1,-1,-1,-1,0x1020480010442405,1506,1628,1500,1500,2012,1497,2012,1500,1500,1497,988,1500,1500,1500,1500,1500,1500,1500,1372,1628,1500,1538,1500,2012,1500,2012,2012,1500,1520,1505,1500,2012,8.2
2025-05-02,11:43:38.120,-53,-57,10,3697,5310,42,1,16,8012,14,468,-1024,1024,6,-2,345,515,-1,-1,-1,-1,0x1020480014442405,1142,1628,1500,1500,2012,988,2012,1500,1500,988,988,1500,1500,1500,1500,1500,1500,1500,1372,1628,1500,1538,1500,2012,1500,2012,2012,1500,1520,1505,1500,2012,8.2
2025-05-02,11:43:38.620,-48,-40,10,3697,8860,42,1,16,4936,14,469,-189,1024,6,-2,344,515,-1,-1,-1,-1,0x1020480014442C05,1467,1628,1500,1500,2012,1406,2012,1500,1500,1394,988,1500,1500,1500,1500,1500,1500,1500,1372,1628,1500,1538,1500,2012,1500,2012,2012,1500,1520,1505,1500,2012,8.2
2025-05-02,11:43:39.120,-56,-53,10,3689,7280,42,1,16,5648,14,470,-58,1024,6,-2,344,515,-1,-1,-1,-1,0x1020480014442405,1497,1628,1500,1500,2012,1471,2012,1500,1500,1471,988,1500,1500,1500,1500,1500,1500,1500,1372,1628,1500,1538,1500,2012,1500,2012,2012,1500,1520,1505,1500,2012,8.2
2025-05-02,11:43:39.620,-64,-63,10,3685,5460,42,1,16,6794,14,471,-149,1024,6,-2,345,515,-1,-1,-1,-1,0x1020480014442405,1479,1628,1500,1500,2012,1426,2012,1500,1500,1425,988,1500,1500,1500,1500,1500,1500,1500,1372,1628,1500,1538,1500,2012,1500,2012,2012,1500,1520,1505,1500,2012,8.2
2025-05-02,11:43:40.120,-64,-53,10,3690,880,42,1,16,4525,14,471,1021,-542,7,-2,345,516,-1,-1,-1,-1,0x1020480016480405,1809,1304,1500,1498,2012,2010,1229,1302,1500,2010,988,1500,1500,1500,1500,1500,1500,1302,1018,2012,1500,1538,1500,988,1500,1615,1500,1500,1520,1505,1500,2012,8.2
2025-05-02,11:43:40.620,-63,-62,10,3704,590,42,1,16,959,14,471,1024,1024,6,-2,345,515,-1,-1,-1,-1,0x1020480014442405,1812,1628,1500,1500,2012,2012,2012,1500,1500,2012,988,1500,1500,1500,1500,1500,1500,1500,1372,1628,1500,1538,1500,2012,1500,2012,2012,1500,1520,1505,1500,2012,8.2
2025-05-02,11:43:41.120,-63,-50,10,3714,9750,42,1,16,5382,14,473,310,1014,6,-2,345,515,-1,-1,-1,-1,0x1020480014442405,1587,1628,1500,1500,2012,1655,2012,1500,1500,1655,988,1500,1500,1500,1500,1500,1500,1500,1372,1628,1500,1538,1500,2012,1500,2012,2012,1500,1520,1505,1500,2012,8.2
2025-05-02,11:43:41.620,-63,-53,10,3684,930,43,1,16,3636,14,473,1024,8,6,-2,345,515,-1,-1,-1,-1,0x1020480014440005,1812,1501,1500,1500,2012,2012,1505,1500,1500,2012,988,1500,1500,1500,1500,1500,1500,1500,1162,2012,1500,1538,1500,2012,1500,1508,1504,1500,1520,1505,1500,2012,8.2
2025-05-02,11:43:42.120,-57,-54,10,3686,770,44,1,16,3455,14,474,1024,5,6,-2,344,515,-1,-1,-1,-1,0x1020480014440005,1812,1500,1500,1500,2012,2012,1503,1500,1500,2012,988,1500,1500,1500,1500,1500,1500,1500,988,2012,1500,1538,1500,2012,1500,1811,1502,1500,1520,1505,1500,2012,8.2
2025-05-02,11:43:42.620,-61,-58,10,3711,8010,44,1,16,5446,14,475,-4,1022,6,-2,345,515,-1,-1,-1,-1,0x1020480010442005,1507,1628,1500,1500,2012,1498,2012,1500,1500,1498,988,1500,1500,1500,1500,1500,1500,1500,1372,1628,1500,1538,1500,2012,1500,2012,2012,1500,1520,1505,1500,2012,8.2
2025-05-02,11:43:43.120,-61,-56,10,3687,5710,44,1,16,6793,14,475,302,1022,6,-2,344,515,-1,-1,-1,-1,0x1020480014442405,1588,1628,1500,1500,2012,1651,2012,1500,1500,1657,988,1500,1500,1500,1500,1500,1500,1500,1372,1628,1500,1538,1500,2012,1500,2012,2012,1500,1520,1505,1500,2012,8.2
2025-05-02,11:43:43.620,-59,-59,10,3690,5940,44,1,16,7595,14,476,983,1024,6,-2,344,515,-1,-1,-1,-1,0x1020480014442405,1784,1628,1500,1500,2012,1991,2012,1500,1500,1985,988,1500,1500,1500,1500,1500,1500,1500,1372,1628,1500,1538,1500,2012,1500,2012,2012,1500,1520,1505,1500,2012,8.2
2025-05-02,11:43:44.120,-61,-59,10,3692,1020,43,1,16,7048,14,477,308,104,7,-2,345,515,-1,-1,-1,-1,0x1020480014440405,1579,1516,1500,1500,2012,1654,1571,1500,1500,1639,988,1500,1500,1500,1500,1500,1500,1500,1372,1628,1500,1538,1500,2012,1500,1731,1566,1500,1520,1505,1500,2012,8.2
2025-05-02,11:43:44.620,-61,-55,10,3694,1810,43,1,16,3438,14,477,1024,819,6,-2,344,515,-1,-1,-1,-1,0x1020480014442405,1812,1628,1500,1500,2012,2012,2012,1500,1500,2012,988,1500,1500,1500,1500,1500,1500,1500,1372,1628,1500,1538,1500,2012,1500,2012,2012,1500,1520,1505,1500,2012,8.2
2025-05-02,11:43:45.120,-68,-58,10,3712,4300,44,1,16,3583,14,477,1024,667,6,-2,344,515,-1,-1,-1,-1,0x1020480014442405,1812,1605,1500,1500,2012,2012,1957,1500,1500,2012,988,1500,1500,1500,1500,1500,1500,1500,1372,1628,1500,1538,1500,2012,1500,1973,1922,1500,1520,1505,1500,2012,8.2
2025-05-02,11:43:45.620,-66,-92,10,3710,10130,43,1,16,5453,14,478,1024,724,6,-2,344,515,-1,-1,-1,-1,0x1020480014442405,1812,1621,1500,1500,2012,2012,1996,1500,1500,2012,988,1500,1500,1500,1500,1500,1500,1500,1372,1628,1500,1538,1500,2012,1500,2000,1987,1500,1520,1505,1500,2012,8.2
2025-05-02,11:43:46.120,-70,-92,10,3684,7230,43,1,16,5603,14,479,-1024,1023,6,-2,345,515,-1,-1,-1,-1,0x1020480014442405,1142,1628,1500,1500,2012,988,2012,1500,1500,988,988,1500,1500,1500,1500,1500,1500,1500,1372,1628,1500,1538,1500,2012,1500,2012,2012,1500,1520,1505,1500,2012,8.2
2025-05-02,11:43:46.620,-66,-60,10,3684,5510,43,1,16,6588,14,480,-133,1024,6,-2,345,515,-1,-1,-1,-1,0x1020480014442405,1481,1628,1500,1500,2012,1434,2012,1500,1500,1429,988,1500,1500,1500,1500,1500,1500,1500,1372,1628,1500,1538,1500,2012,1500,2012,2012,1500,1520,1505,1500,2012,8.2
2025-05-02,11:43:47.120,-66,-58,10,3688,5600,43,1,16,7093,14,481,-353,1024,6,-2,344,515,-1,-1,-1,-1,0x1020480014442005,1424,1628,1500,1500,2012,1324,2012,1500,1500,1303,988,1500,1500,1500,1500,1500,1500,1500,1372,1628,1500,1538,1500,2012,1500,2012,2012,1500,1520,1505,1500,2012,8.2
2025-05-02,11:43:47.620,-66,-45,10,3690,6990,43,1,16,5787,14,482,-1024,1024,6,-2,345,515,-1,-1,-1,-1,0x1020480014442005,1142,1628,1500,1500,2012,988,2012,1500,1500,988,988,1500,1500,1500,1500,1500,1500,1500,1372,1628,1500,1538,1500,2012,1500,2012,2012,1500,1520,1505,1500,2012,8.2
2025-05-02,11:43:48.120,-72,-57,10,3688,9830,43,1,16,4868,14,483,520,1024,6,-2,344,515,-1,-1,-1,-1,0x1020480014442005,1635,1628,1500,1500,2012,1760,2012,1500,1500,1760,988,1500,1500,1500,1500,1500,1500,1500,1372,1628,1500,1538,1500,2012,1500,2012,2012,1500,1520,1505,1500,2012,8.2
2025-05-02,11:43:48.620,-72,-53,10,3684,5770,43,1,16,6909,15,484,271,1024,6,-2,345,515,-1,-1,-1,-1,0x1020480014442005,1583,1628,1500,1500,2012,1635,2012,1500,1500,1646,988,1500,1500,1500,1500,1500,1500,1500,1372,1628,1500,1538,1500,2012,1500,2012,2012,1500,1520,1505,1500,2012,8.2
2025-05-02,11:43:49.120,-72,-49,10,3683,6550,43,1,16,7253,15,484,1024,1001,6,-2,345,515,-1,-1,-1,-1,0x1020480014442005,1812,1628,1500,1500,2012,2012,2012,1500,1500,2012,988,1500,1500,1500,1500,1500,1500,1500,1372,1628,1500,1538,1500,2012,1500,2012,2012,1500,1520,1505,1500,2012,8.2
2025-05-02,11:43:49.620,-54,-50,10,3688,220,43,1,16,3260,15,485,1024,-197,6,-2,344,515,-1,-1,-1,-1,0x1020480016440005,1812,1391,1500,1499,2012,2012,1402,1390,1500,2012,988,1500,1500,1500,1500,1500,1500,1390,1234,2012,1500,1538,1500,2012,1500,1352,1500,1500,1520,1505,1500,2012,8.2
2025-05-02,11:43:50.120,-57,-54,10,3708,920,44,1,16,3040,15,485,1024,476,6,-2,345,515,-1,-1,-1,-1,0x1020480014440005,1812,1557,1500,1500,2012,2012,1826,1500,1500,2012,988,1500,1500,1500,1500,1500,1500,1500,1372,1628,1500,1538,1500,2012,1500,1866,1728,1500,1520,1505,1500,2012,8.2
2025-05-02,11:43:50.620,-59,-60,10,3709,8390,44,1,16,5337,15,486,1024,1024,6,-2,344,515,-1,-1,-1,-1,0x1020480014442005,1812,1628,1500,1500,2012,2012,2012,1500,1500,2012,988,1500,1500,1500,1500,1500,1500,1500,1372,1628,1500,1538,1500,2012,1500,2012,2012,1500,1520,1505,1500,2012,8.2
2025-05-02,11:43:51.110,-63,-55,10,3684,5690,44,1,16,6215,15,487,4,1024,6,-2,344,515,-1,-1,-1,-1,0x1020480010442405,1508,1628,1500,1500,2012,1502,2012,1500,1500,1502,988,1500,1500,1500,1500,1500,1500,1500,1372,1628,1500,1538,1500,2012,1500,2012,2012,1500,1520,1505,1500,2012,8.2
2025-05-02,11:43:51.590,-55,-59,10,3685,5380,44,1,16,7090,15,487,239,1024,6,-2,344,515,-1,-1,-1,-1,0x1020480014442405,1579,1628,1500,1500,2012,1619,2012,1500,1500,1640,988,1500,1500,1500,1500,1500,1500,1500,1372,1628,1500,1538,1500,2012,1500,2012,2012,1500,1520,1505,1500,2012,8.2
2025-05-02,11:43:52.090,-65,-67,10,3689,5550,44,1,16,7955,15,488,605,1024,6,-2,344,515,-1,-1,-1,-1,0x1020480014442405,1658,1628,1500,1500,2012,1802,2012,1500,1500,1802,988,1500,1500,1500,1500,1500,1500,1500,1372,1628,1500,1538,1500,2012,1500,2012,2012,1500,1520,1505,1500,2012,8.2
2025-05-02,11:43:52.590,-59,-67,10,3690,1000,44,1,16,5387,15,488,1000,35,6,-2,345,515,-1,-1,-1,-1,0x1020480014440405,1800,1505,1500,1500,2012,2000,1524,1500,1500,2000,988,1500,1500,1500,1500,1500,1500,1500,1270,1730,1500,1538,1500,2012,1500,1538,1521,1500,1520,1505,1500,2012,8.2
2025-05-02,11:43:53.090,-59,-59,10,3708,890,44,1,16,2825,15,489,1024,576,6,-2,345,515,-1,-1,-1,-1,0x1020480014440405,1812,1578,1500,1500,2012,2012,1902,1500,1500,2012,988,1500,1500,1500,1500,1500,1500,1500,1372,1628,1500,1538,1500,2012,1500,1928,1812,1500,1520,1505,1500,2012,8.2
2025-05-02,11:43:53.590,-59,-59,10,3710,1820,45,1,16,3010,15,489,1024,542,6,-2,344,515,-1,-1,-1,-1,0x1020480014440405,1812,1572,1500,1500,2012,2012,1871,1500,1500,2012,988,1500,1500,1500,1500,1500,1500,1500,1372,1628,1500,1538,1500,2012,1500,1910,1788,1500,1520,1505,1500,2012,8.2
2025-05-02,11:43:54.090,-71,-68,10,3706,10360,45,1,16,5374,15,490,-1023,1024,7,-2,345,515,-1,-1,-1,-1,0x1020480014442405,1142,1628,1500,1500,2012,989,2012,1500,1500,989,988,1500,1500,1500,1500,1500,1500,1500,1372,1628,1500,1538,1500,2012,1500,2012,2012,1500,1520,1505,1500,2012,8.2
2025-05-02,11:43:54.590,-71,-64,10,3684,1450,45,1,16,4673,15,491,-90,5,7,-2,344,515,-1,-1,-1,-1,0x1020480014440405,1491,1500,1500,1500,2012,1449,1502,1500,1500,1455,988,1500,1500,1500,1500,1500,1500,1500,1065,1935,1500,1538,1500,2012,1500,1763,1502,1500,1520,1505,1500,2012,8.2
2025-05-02,11:43:55.090,-66,-72,10,3687,120,45,1,16,1831,15,491,189,-506,7,-2,344,515,-1,-1,-1,-1,0x1020480016440005,1555,1268,1500,1498,2012,1594,1247,1266,1500,1594,988,1500,1500,1500,1500,1500,1500,1266,1372,2012,1500,1538,1500,2012,1500,1189,1500,1500,1520,1505,1500,2012,8.2
2025-05-02,11:43:55.590,-61,-72,10,3712,480,45,1,16,650,15,491,-11,8,7,-2,344,515,-1,-1,-1,-1,0x1020480010440005,1508,1501,1500,1500,2012,1495,1505,1500,1500,1500,988,1500,1500,1500,1500,1500,1500,1500,1372,2012,1500,1538,1500,2012,1500,1508,1504,1500,1520,1505,1500,2012,8.2
2025-05-02,11:43:56.090,-54,-72,10,3715,160,45,1,16,296,15,491,-4,8,6,-2,344,515,-1,-1,-1,-1,0x1020480010440005,1507,1501,1500,1500,2012,1498,1505,1500,1500,1498,988,1500,1500,1500,1500,1500,1500,1500,1500,2012,1500,1538,1500,2012,1500,1508,1504,1500,1520,1505,1500,2012,8.2
2025-05-02,11:43:56.590,-48,-72,10,3716,170,43,1,16,0,15,491,-5,8,6,-2,344,515,-1,-1,-1,-1,0x1020480010440005,1507,1501,1500,1500,2012,1498,1505,1500,1500,1498,988,1500,1500,1500,1500,1500,1500,1500,1500,2012,1500,1538,1500,2012,1500,1508,1504,1500,1520,1505,1500,2012,8.2
2025-05-02,11:43:57.090,-49,-72,10,3716,160,42,1,16,0,15,491,-4,8,7,-2,344,515,-1,-1,-1,-1,0x1020480010440005,1507,1501,1500,1500,2012,1498,1505,1500,1500,1498,988,1500,1500,1500,1500,1500,1500,1500,1500,2012,1500,1538,1500,2012,1500,1508,1504,1500,1520,1505,1500,2012,8.2
2025-05-02,11:43:57.590,-39,-72,10,3717,160,42,1,16,0,15,491,-4,7,7,-2,344,515,-1,-1,-1,-1,0x1020480010440005,1507,1501,1500,1500,2012,1498,1505,1500,1500,1498,988,1500,1500,1500,1500,1500,1500,1500,1500,2012,1500,1538,1500,2012,1500,1507,1503,1500,1520,1505,1500,2012,8.2
2025-05-02,11:43:58.090,-38,-72,10,3718,160,42,1,16,0,15,491,-4,8,7,-2,344,515,-1,-1,-1,-1,0x1020480010440004,1507,1501,1500,1500,2012,1498,1505,1500,1500,1498,988,1500,1500,1500,1500,1500,1500,1500,1500,2012,1500,1538,1500,2012,1500,1508,1504,1500,1520,1505,1500,2012,8.2
2025-05-02,11:43:58.590,-48,-45,10,3718,170,42,1,16,0,15,491,-4,6,7,-2,344,515,-1,-1,-1,-1,0x1020480010440004,1507,1501,1500,1500,2012,1498,1504,1500,1500,1498,988,1500,1500,1500,1500,1500,1500,1500,1500,2012,1500,1538,1500,2012,1500,1506,1503,1500,1520,1505,1500,2012,8.2
2025-05-02,11:43:59.090,-48,-32,10,3719,160,42,1,16,0,15,491,-3,6,6,-2,344,515,-1,-1,-1,-1,0x1020480010440004,1507,1501,1500,1500,2012,1499,1504,1500,1500,1499,988,1500,1500,1500,1500,1500,1500,1500,1500,2012,1500,1538,1500,2012,1500,1506,1503,1500,1520,1505,1500,2012,8.2
2025-05-02,11:43:59.590,-48,-30,10,3719,170,42,1,16,0,15,491,-4,6,7,-2,344,515,-1,-1,-1,-1,0x1020480010440004,1507,1501,1500,1500,2012,1498,1504,1500,1500,1498,988,1500,1500,1500,1500,1500,1500,1500,1500,2012,1500,1538,1500,2012,1500,1506,1503,1500,1520,1505,1500,2012,8.2
2025-05-02,11:44:00.090,-48,-34,10,3719,160,42,1,16,0,15,491,-3,6,6,-2,344,515,-1,-1,-1,-1,0x1020480010440004,1507,1501,1500,1500,2012,1499,1504,1500,1500,1499,988,1500,1500,1500,1500,1500,1500,1500,1500,2012,1500,1538,1500,2012,1500,1506,1503,1500,1520,1505,1500,2012,8.2
2025-05-02,11:44:00.590,-61,-49,10,3720,160,42,1,16,0,15,491,-3,6,6,-2,344,515,-1,-1,-1,-1,0x1020480010440004,1507,1501,1500,1500,2012,1499,1504,1500,1500,1499,988,1500,1500,1500,1500,1500,1500,1500,1500,2012,1500,1538,1500,2012,1500,1506,1503,1500,1520,1505,1500,2012,8.2
2025-05-02,11:44:01.090,-61,-49,10,3720,170,42,1,16,0,15,491,-3,6,6,-2,344,515,-1,-1,-1,-1,0x1020480010440004,1507,1500,1500,1500,2012,1499,1504,1500,1500,1499,988,1500,1500,1500,1500,1500,1500,1500,1500,2012,1500,1538,1500,2012,1500,1506,1502,1500,1520,1505,1500,2012,8.2
2025-05-02,11:44:01.590,-63,-60,10,3721,160,42,1,16,0,15,491,-2,5,6,-2,345,515,-1,-1,-1,-1,0x1020480010440004,1507,1500,1500,1500,2012,1499,1503,1500,1500,1499,988,1500,1500,1500,1500,1500,1500,1500,1500,2012,1500,1538,1500,2012,1500,1505,1502,1500,1520,1505,1500,2012,8.2
2025-05-02,11:44:02.090,-63,-57,10,3721,170,42,1,16,0,15,491,-2,5,6,-2,344,515,-1,-1,-1,-1,0x1020480010440004,1507,1500,1500,1500,2012,1499,1503,1500,1500,1499,988,1500,1500,1500,1500,1500,1500,1500,1500,2012,1500,1538,1500,2012,1500,1505,1502,1500,1520,1505,1500,2012,8.2
2025-05-02,11:44:02.590,-53,-57,10,3721,170,42,1,16,0,15,491,-2,5,7,-2,344,515,-1,-1,-1,-1,0x1020480010440004,1507,1500,1500,1500,2012,1499,1503,1500,1500,1499,988,1500,1500,1500,1500,1500,1500,1500,1500,2012,1500,1538,1500,2012,1500,1505,1502,1500,1520,1505,1500,2012,8.2
2025-05-02,11:44:03.090,-52,-57,10,3721,160,42,1,16,0,15,491,-2,6,7,-2,344,515,-1,-1,-1,-1,0x1020480010440004,1507,1500,1500,1500,2012,1499,1503,1500,1500,1499,988,1500,1500,1500,1500,1500,1500,1500,1500,2012,1500,1538,1500,2012,1500,1506,1502,1500,1520,1505,1500,2012,8.2
2025-05-02,11:44:03.590,-52,-57,10,3722,160,42,1,16,0,15,491,-3,6,6,-2,344,515,-1,-1,-1,-1,0x1020480010440004,1507,1501,1500,1500,2012,1499,1504,1500,1500,1499,988,1500,1500,1500,1500,1500,1500,1500,1500,2012,1500,1538,1500,2012,1500,1506,1503,1500,1520,1505,1500,2012,8.2
2025-05-02,11:44:04.090,-48,-57,10,3722,160,42,1,16,0,15,491,-3,6,6,-2,344,515,-1,-1,-1,-1,0x1020480010440004,1507,1501,1500,1500,2012,1499,1504,1500,1500,1499,988,1500,1500,1500,1500,1500,1500,1500,1500,2012,1500,1538,1500,2012,1500,1506,1503,1500,1520,1505,1500,2012,8.2
2025-05-02,11:44:04.590,-41,-57,10,3722,160,42,1,16,0,15,491,-3,-55,6,-2,344,515,-1,-1,-1,-1,0x1020480012440004,1507,1471,1500,1500,2012,1499,1502,1471,1500,1499,988,1500,1500,1500,1500,1500,1500,1471,1270,1730,1500,1538,1500,2012,1500,1554,1500,1500,1520,1505,1500,2012,8.2
2025-05-02,11:44:05.090,-41,-57,10,3723,170,42,1,16,0,15,491,-3,6,7,-2,344,515,-1,-1,-1,-1,0x1020480010440005,1507,1501,1500,1500,2012,1499,1504,1500,1500,1499,988,1500,1500,1500,1500,1500,1500,1500,1326,2012,1500,1538,1500,2012,1500,1506,1503,1500,1520,1505,1500,2012,8.2
2025-05-02,11:44:05.590,-40,-57,10,3723,170,42,1,16,0,15,491,-3,7,7,-2,344,515,-1,-1,-1,-1,0x1020480010440005,1507,1501,1500,1500,2012,1499,1504,1500,1500,1499,988,1500,1500,1500,1500,1500,1500,1500,1372,2012,1500,1538,1500,2012,1500,1507,1503,1500,1520,1505,1500,2012,8.2
2025-05-02,11:44:06.090,-38,-57,10,3723,160,42,1,16,0,15,491,-3,9,6,-2,344,515,-1,-1,-1,-1,0x1020480010440005,1507,1501,1500,1500,2012,1499,1506,1500,1500,1499,988,1500,1500,1500,1500,1500,1500,1500,1469,2012,1500,1538,1500,2012,1500,1509,1505,1500,1520,1505,1500,2012,8.2
2025-05-02,11:44:06.590,-28,-57,10,3723,160,42,1,16,0,15,491,-3,7,6,-2,344,515,-1,-1,-1,-1,0x1020480010440005,1507,1501,1500,1500,2012,1499,1505,1500,1500,1499,988,1500,1500,1500,1500,1500,1500,1500,1500,2012,1500,1538,1500,2012,1500,1507,1503,1500,1520,1505,1500,2012,8.2
2025-05-02,11:44:07.090,-27,-57,10,3724,150,42,1,16,0,15,491,-3,8,6,-2,344,515,-1,-1,-1,-1,0x1020480010440005,1507,1501,1500,1500,2012,1499,1505,1500,1500,1499,988,1500,1500,1500,1500,1500,1500,1500,1500,2012,1500,1538,1500,2012,1500,1508,1504,1500,1520,1505,1500,2012,8.2
2025-05-02,11:44:07.590,-33,-31,10,3724,170,42,1,16,0,15,491,-3,11,6,-2,345,515,-1,-1,-1,-1,0x1020480010440005,1507,1501,1500,1500,2012,1499,1507,1500,1500,1499,988,1500,1500,1500,1500,1500,1500,1500,1500,2012,1500,1538,1500,2012,1500,1512,1505,1500,1520,1505,1500,2012,8.2
2025-05-02,11:44:08.090,-42,-35,10,3724,170,42,1,16,0,15,491,-3,8,7,-2,345,515,-1,-1,-1,-1,0x1020480010440004,1507,1501,1500,1500,2012,1499,1505,1500,1500,1499,988,1500,1500,1500,1500,1500,1500,1500,1500,2012,1500,1538,1500,2012,1500,1508,1504,1500,1520,1505,1500,2012,8.2
2025-05-02,11:44:08.590,-58,-52,10,3724,170,42,1,16,0,15,491,-2,5,6,-2,344,515,-1,-1,-1,-1,0x1020480010440004,1507,1500,1500,1500,2012,1499,1503,1500,1500,1499,988,1500,1500,1500,1500,1500,1500,1500,1500,2012,1500,1538,1500,2012,1500,1505,1502,1500,1520,1505,1500,2012,8.2
2025-05-02,11:44:09.090,-55,-56,10,3724,160,42,1,16,0,15,491,-1,6,7,-2,344,515,-1,-1,-1,-1,0x1020480010440004,1508,1501,1500,1500,2012,1500,1504,1500,1500,1500,988,1500,1500,1500,1500,1500,1500,1500,1500,2012,1500,1538,1500,2012,1500,1506,1503,1500,1520,1505,1500,2012,8.2
2025-05-02,11:44:09.590,-55,-56,10,3725,220,42,1,16,0,15,491,-4,6,7,-2,344,515,-1,-1,-1,-1,0x1020480010440004,1510,1501,1500,1500,2012,1498,1504,1500,1500,1498,988,1500,1500,1500,1500,1500,1500,1500,1500,2012,1500,1538,1500,2012,1500,1506,1503,1500,1520,1505,1500,2012,8.2
2025-05-02,11:44:10.090,-51,-56,10,3725,500,42,1,16,0,15,492,1024,7,6,-2,344,515,-1,-1,-1,-1,0x1020480014440004,1812,1501,1500,1500,2012,2012,1505,1500,1500,2012,988,1500,1500,1500,1500,1500,1500,1500,1500,2012,1500,1538,1500,2012,1500,1507,1503,1500,1520,1505,1500,2012,8.2
2025-05-02,11:44:10.590,-57,-54,10,3724,210,42,1,16,0,15,492,20,9,7,-2,344,515,-1,-1,-1,-1,0x1020480010440004,1512,1501,1500,1500,2012,1510,1506,1500,1500,1510,988,1500,1500,1500,1500,1500,1500,1500,1500,2012,1500,1538,1500,2012,1500,1509,1505,1500,1520,1505,1500,2012,8.2
2025-05-02,11:44:11.090,-57,-55,10,3724,230,42,1,16,0,15,492,2,9,7,-2,344,515,-1,-1,-1,-1,0x1020480010440004,1508,1501,1500,1500,2012,1501,1506,1500,1500,1501,988,1500,1500,1500,1500,1500,1500,1500,1500,2012,1500,1538,1500,2012,1500,1509,1505,1500,1520,1505,1500,2012,8.2
2025-05-02,11:44:11.590,-55,-56,10,3725,160,42,1,16,0,15,492,23,7,7,-2,344,515,-1,-1,-1,-1,0x1020480010440004,1513,1501,1500,1500,2012,1511,1505,1500,1500,1511,988,1500,1500,1500,1500,1500,1500,1500,1500,2012,1500,1538,1500,2012,1500,1507,1503,1500,1520,1505,1500,2012,8.2
2025-05-02,11:44:12.090,-50,-56,10,3725,180,42,1,16,0,15,492,-22,7,7,-2,344,515,-1,-1,-1,-1,0x1020480010440004,1503,1501,1500,1500,2012,1489,1505,1500,1500,1489,988,1500,1500,1500,1500,1500,1500,1500,1500,2012,1500,1538,1500,2012,1500,1507,1503,1500,1520,1505,1500,2012,8.2
2025-05-02,11:44:12.570,-51,-56,10,3725,270,42,1,16,0,15,492,-346,6,6,-2,344,516,-1,-1,-1,1,0x1020480014440004,1437,1501,1500,1500,2012,1327,1504,1500,1500,1327,988,1500,1500,1500,1500,1500,1500,1500,1500,2012,1500,1538,1500,2012,1500,1506,1503,1500,1520,1505,1500,2012,8.2
2025-05-02,11:44:13.050,-53,-53,10,3725,240,42,1,16,0,15,492,-135,6,7,-2,345,515,-1,-1,-1,1,0x1020480014440004,1482,1501,1500,1500,2012,1433,1504,1500,1500,1433,988,1500,1500,1500,1500,1500,1500,1500,1500,2012,1500,1538,1500,2012,1500,1506,1503,1500,1520,1505,1500,2012,8.2
2025-05-02,11:44:13.550,-51,-53,10,3725,230,42,1,16,0,15,492,-4,11,7,-2,344,515,-1,-1,-1,1,0x10204B0010440004,1507,1501,1500,1500,2012,1498,1507,1500,1500,1498,988,1500,1500,1500,1500,1500,1500,1500,1500,2012,1500,1538,1500,2012,1500,1512,1506,1500,1520,1505,1500,2012,8.2
2025-05-02,11:44:14.040,-52,-53,10,3725,600,42,1,16,0,15,492,566,13,6,-2,344,515,-1,-1,-1,1,0x10204B0014440004,1651,1502,1500,1500,2012,1783,1509,1500,1500,1791,988,1500,1500,1500,1500,1500,1500,1500,1500,2012,1500,1538,1500,2012,1500,1513,1507,1500,1520,1505,1500,2012,8.2
2025-05-02,11:44:14.540,-52,-53,10,3726,510,42,1,16,0,15,492,274,84,7,-2,344,515,-1,-1,-1,1,0x10204B0014440005,1577,1511,1500,1500,2012,1637,1557,1500,1500,1637,988,1500,1500,1500,1500,1500,1500,1500,1372,1628,1500,1538,1500,2012,1500,1585,1545,1500,1520,1505,1500,2012,8.2
2025-05-02,11:44:15.040,-53,-53,10,3725,240,42,1,16,0,15,492,362,123,7,-2,344,515,-1,-1,-1,1,0x1020080014440005,1596,1515,1500,1500,2012,1681,1584,1500,1500,1676,988,1500,1500,1500,1500,1500,1500,1500,1372,1628,1500,1538,1500,2012,1500,1623,1561,1500,1520,1505,1500,2012,8.2
2025-05-02,11:44:15.540,-53,-53,10,3726,430,42,1,16,0,15,492,600,346,7,-2,344,515,-1,-1,-1,1,0x1020080014440005,1656,1543,1500,1500,2012,1800,1737,1500,1500,1800,988,1500,1500,1500,1500,1500,1500,1500,1372,1628,1500,1538,1500,2012,1500,1795,1674,1500,1520,1505,1500,2012,8.2
2025-05-02,11:44:16.040,-54,-59,10,3725,1220,42,1,16,1620,15,492,11,479,7,-2,344,515,-1,-1,-1,1,0x1020080010440005,1510,1562,1500,1500,2012,1505,1828,1500,1500,1506,988,1500,1500,1500,1500,1500,1500,1500,1372,1628,1500,1538,1500,2012,1500,1876,1748,1500,1520,1505,1500,2012,8.2
2025-05-02,11:44:16.530,-51,-59,10,3720,11650,42,1,16,5019,15,493,-313,1021,6,-2,344,515,-1,-1,-1,1,0x1020080014442005,1447,1628,1500,1500,2012,1344,2012,1500,1500,1344,988,1500,1500,1500,1500,1500,1500,1500,1372,1628,1500,1538,1500,2012,1500,2012,2012,1500,1520,1505,1500,2012,8.2
2025-05-02,11:44:17.030,-44,-59,10,3705,7200,42,1,16,6076,15,494,-1024,1020,7,-1,344,515,-1,-1,-1,1,0x1020080014442805,1142,1628,1500,1500,2012,988,2012,1500,1500,988,988,1500,1500,1500,1500,1500,1500,1500,1372,1628,1500,1538,1500,2012,1500,2012,2012,1500,1520,1505,1500,2012,8.2
2025-05-02,11:44:17.530,-59,-53,10,3687,5960,42,1,16,5805,15,495,19,1020,6,-2,344,515,-1,-1,-1,1,0x1020080010442405,1512,1628,1500,1500,2012,1509,2012,1500,1500,1509,988,1500,1500,1500,1500,1500,1500,1500,1372,1628,1500,1538,1500,2012,1500,2012,2012,1500,1520,1505,1500,2012,8.2
