Date,Time,1RSS(dB),2RSS(dB),TPWR(mW),Lipo,Curr(mA),Temp(°C),Bat,dent,Rpm(kmh),Tmp2(°C),dist,Capa,ST,TH,P1,P2,P3,P4,SA,SB,SC,SD,LSW,CH1(us),CH2(us),CH3(us),CH4(us),CH5(us),CH6(us),CH7(us),CH8(us),CH9(us),CH10(us),CH11(us),CH12(us),CH13(us),CH14(us),CH15(us),CH16(us),CH17(us),CH18(us),CH19(us),CH20(us),CH21(us),CH22(us),CH23(us),CH24(us),CH25(us),CH26(us),CH27(us),CH28(us),CH29(us),CH30(us),CH31(us),CH32(us),TxBat(V)
2026-04-18,16:43:52.960,-70,-64,10,4241,2060,36,44,16,5042,33,0,7,-372,212,516,1024,203,1024,0,-1,-1,-1,0x1000480A9C140205,1445,1532,1730,988,2012,1314,1606,1500,1500,1348,1193,1449,1500,1500,1500,1500,1500,1500,1372,1628,1500,1609,1500,2012,1500,1567,1532,1500,1520,1705,1500,988,8.3
2026-04-18,16:43:53.460,-70,-60,10,4247,1780,36,44,16,4714,33,0,7,-90,201,516,1024,203,1024,0,-1,-1,-1,0x1000480A9C140205,1482,1555,1730,988,2012,1455,1600,1500,1500,1448,1193,1449,1500,1500,1500,1500,1500,1500,1372,1628,1500,1609,1500,2012,1500,1636,1555,1500,1520,1705,1500,988,8.3
2026-04-18,16:43:53.960,-63,-64,10,4246,6020,36,44,16,6244,33,0,8,-9,1,516,1024,203,1024,0,-1,-1,-1,0x1000480A98140205,1499,1500,1730,988,2012,1496,1500,1500,1500,1496,1193,1449,1500,1500,1500,1500,1500,1500,988,2012,1500,1609,1500,2012,1500,1501,1500,1500,1520,1705,1500,988,8.3
2026-04-18,16:43:54.460,-67,-67,10,4245,0,36,44,16,3978,33,0,8,3,4,516,1024,203,1024,0,-1,-1,-1,0x1000480A98140205,1500,1501,1730,988,2012,1501,1502,1500,1500,1501,1193,1449,1500,1500,1500,1500,1500,1500,1372,2012,1500,1609,1500,2012,1500,1503,1501,1500,1520,1705,1500,988,8.3
2026-04-18,16:43:54.960,-67,-63,10,4242,0,36,44,16,1748,33,0,8,439,5,516,1024,203,1024,0,-1,-1,-1,0x1000480A9C140205,1580,1501,1730,988,2012,1719,1502,1500,1500,1719,1193,1449,1500,1500,1500,1500,1500,1500,1372,2012,1500,1609,1500,2012,1500,1504,1501,1500,1520,1705,1500,988,8.3
2026-04-18,16:43:55.460,-67,-66,10,4239,0,36,44,16,512,33,0,8,270,27,516,1024,203,1024,0,-1,-1,-1,0x1000480A9C140205,1547,1510,1730,988,2012,1635,1513,1500,1500,1635,1193,1449,1500,1500,1500,1500,1500,1500,1500,2012,1500,1609,1500,2012,1500,1521,1510,1500,1520,1705,1500,988,8.3
2026-04-18,16:43:55.960,-67,-69,10,4235,0,36,44,16,0,33,0,8,355,65,516,1024,204,1024,0,-1,-1,-1,0x1000480A9C140205,1561,1523,1721,988,2012,1677,1532,1500,1500,1671,1193,1449,1500,1500,1500,1500,1500,1500,1372,1628,1500,1609,1500,2012,1500,1549,1523,1500,1520,1705,1500,988,8.3
2026-04-18,16:43:56.460,-67,-66,10,4232,7110,36,44,16,3866,33,0,8,544,382,516,1024,203,1024,0,-1,-1,-1,0x1000480A9C140205,1604,1620,1730,988,2012,1772,1691,1500,1500,1772,1193,1449,1500,1500,1500,1500,1500,1500,1372,1628,1500,1609,1500,2012,1500,1749,1620,1500,1520,1705,1500,988,8.3
2026-04-18,16:43:56.960,-73,-72,10,4226,14530,36,44,16,12100,33,0,10,502,451,516,1024,203,1024,0,-1,-1,-1,0x1000480A9C140205,1594,1646,1730,988,2012,1751,1725,1500,1500,1751,1193,1449,1500,1500,1500,1500,1500,1500,1372,1628,1500,1609,1500,2012,1500,1784,1646,1500,1520,1705,1500,988,8.3
2026-04-18,16:43:57.460,-60,-69,10,4221,13450,36,44,16,13102,33,0,12,-11,510,516,1024,203,1024,0,-1,-1,-1,0x1000480998140205,1500,1664,1730,988,2012,1495,1755,1500,1500,1501,1193,1449,1500,1500,1500,1500,1500,1500,1372,1628,1500,1609,1500,2012,1500,1807,1664,1500,1520,1705,1500,988,8.3
2026-04-18,16:43:57.960,-69,-64,10,4214,16460,36,44,16,17570,33,0,15,-427,601,516,1024,203,1024,0,-1,-1,-1,0x100048049C140245,1420,1708,1730,988,2012,1287,1800,1500,1500,1287,1193,1449,1500,1500,1500,1500,1500,1500,1372,1628,1500,1609,1500,2012,1500,1853,1708,1500,1520,1705,1500,988,8.3
2026-04-18,16:43:58.460,-70,-71,10,4209,34430,36,44,16,19774,33,0,18,-384,855,516,1024,203,1024,0,-1,-1,-1,0x100048059C140205,1430,1802,1730,988,2012,1308,1933,1500,1500,1309,1193,1449,1500,1500,1500,1500,1500,1500,1372,1628,1500,1609,1500,2012,1500,1938,1802,1500,1520,1705,1500,988,8.3
2026-04-18,16:43:58.960,-75,-80,10,4182,15480,36,44,16,18430,33,0,22,-181,668,516,1024,203,1024,0,-1,-1,-1,0x100048049C140245,1468,1736,1730,988,2012,1416,1834,1500,1500,1410,1193,1449,1500,1500,1500,1500,1500,1500,1372,1628,1500,1609,1500,2012,1500,1880,1736,1500,1520,1705,1500,988,8.3
2026-04-18,16:43:59.460,-70,-78,10,4184,2340,36,44,16,14718,33,1,23,3,2,516,1024,203,1024,0,-1,-1,-1,0x1000480498140205,1500,1500,1730,988,2012,1501,1501,1500,1500,1501,1193,1449,1500,1500,1500,1500,1500,1500,1219,1781,1500,1609,1500,2012,1500,1501,1500,1500,1520,1705,1500,988,8.3
2026-04-18,16:43:59.960,-73,-75,10,4188,0,36,44,16,10668,33,1,23,-776,-265,516,1024,203,1024,0,-1,-1,-1,0x100048009E180205,1335,1377,1730,1198,2012,1112,1368,1330,1500,1127,1193,1449,1500,1500,1500,1500,1500,1330,1372,2012,1500,1609,1500,988,1500,1307,1500,1500,1520,1705,1300,988,8.3
2026-04-18,16:44:00.460,-94,-79,10,4195,2200,36,44,16,3216,34,1,23,-1024,425,516,1024,203,1024,0,-1,-1,-1,0x100048009C140205,1205,1636,1730,988,2012,988,1712,1500,1500,988,1193,1449,1500,1500,1500,1500,1500,1500,1372,1628,1500,1609,1500,2012,1500,1772,1636,1500,1520,1705,1500,988,8.3
2026-04-18,16:44:00.960,-78,-75,10,4205,14640,36,44,16,10372,34,1,25,-599,436,516,1024,203,1024,0,-1,-1,-1,0x100048009C141A85,1379,1640,1730,988,2012,1201,1718,1500,1500,1201,1193,1449,1500,1500,1500,1500,1500,1500,1372,1628,1500,1609,1500,2012,1500,1777,1640,1500,1520,1705,1500,988,8.3
2026-04-18,16:44:01.460,-87,-80,10,4210,17970,36,44,16,11408,34,1,27,-513,270,516,1024,203,1024,0,-1,-1,-1,0x100048009C140A85,1398,1591,1730,988,2012,1244,1635,1500,1500,1238,1193,1449,1500,1500,1500,1500,1500,1500,1372,1628,1500,1609,1500,2012,1500,1722,1591,1500,1520,1705,1500,988,8.3
2026-04-18,16:44:01.960,-73,-84,25,4200,11910,36,44,16,16166,34,1,29,-361,726,516,1024,203,1024,0,-1,-1,-1,0x100048049C140245,1434,1769,1730,988,2012,1320,1863,1500,1500,1320,1193,1449,1500,1500,1500,1500,1500,1500,1372,1628,1500,1609,1500,2012,1500,1900,1769,1500,1520,1705,1500,988,8.3
2026-04-18,16:44:02.460,-85,-76,25,4191,3220,36,44,16,11194,34,1,32,-215,396,516,1024,203,1024,0,-1,-1,-1,0x100048049C140205,1462,1636,1730,988,2012,1393,1698,1500,1500,1392,1193,1449,1500,1500,1500,1500,1500,1500,1372,1628,1500,1609,1500,2012,1500,1772,1636,1500,1520,1705,1500,988,8.3
2026-04-18,16:44:02.960,-87,-72,50,4188,13730,36,44,16,20798,34,1,33,-208,3,516,1024,203,1024,0,-1,-1,-1,0x100048049C140245,1464,1501,1730,988,2012,1396,1501,1500,1500,1396,1193,1449,1500,1500,1500,1500,1500,1500,988,2012,1500,1609,1500,2012,1500,1502,1501,1500,1520,1705,1500,988,8.3
2026-04-18,16:44:03.460,-82,-74,10,4193,6760,36,44,16,11364,34,1,34,1024,-9,516,1024,203,1024,0,-1,-1,-1,0x100048009C140205,1762,1495,1730,996,2012,2012,1496,1493,1500,2012,1193,1449,1500,1500,1500,1500,1500,1493,988,2012,1500,1609,1500,2012,1500,1494,1500,1500,1520,1705,1493,988,8.3
2026-04-18,16:44:03.960,-76,-68,10,4195,15230,36,44,16,10006,34,1,35,943,433,516,1024,203,1024,0,-1,-1,-1,0x100048009C140205,1733,1634,1730,988,2012,1964,1716,1500,1500,1982,1193,1449,1500,1500,1500,1500,1500,1500,1372,1628,1500,1609,1500,2012,1500,1769,1634,1500,1520,1705,1500,988,8.3
2026-04-18,16:44:04.460,-77,-77,10,4202,11490,36,44,16,10272,35,1,37,956,366,516,1024,203,1024,0,-1,-1,-1,0x100048009C140205,1731,1614,1730,988,2012,1971,1683,1500,1500,1979,1193,1449,1500,1500,1500,1500,1500,1500,1372,1628,1500,1609,1500,2012,1500,1740,1614,1500,1520,1705,1500,988,8.3
2026-04-18,16:44:04.960,-69,-76,10,4201,15300,36,44,16,11384,35,1,39,638,461,516,1024,203,1024,0,-1,-1,-1,0x100048009C140205,1628,1650,1730,988,2012,1819,1730,1500,1500,1818,1193,1449,1500,1500,1500,1500,1500,1500,1372,1628,1500,1609,1500,2012,1500,1789,1650,1500,1520,1705,1500,988,8.3
2026-04-18,16:44:05.460,-80,-78,10,4195,25040,36,44,16,16708,35,1,41,-224,746,516,1024,203,1024,0,-1,-1,-1,0x100048019C140205,1464,1785,1730,988,2012,1388,1873,1500,1500,1397,1193,1449,1500,1500,1500,1500,1500,1500,1372,1628,1500,1609,1500,2012,1500,1911,1785,1500,1520,1705,1500,988,8.3
2026-04-18,16:44:05.960,-69,-77,10,4161,67470,36,44,16,29772,35,1,47,0,91,516,1024,203,1024,0,-1,-1,-1,0x1000480498140205,1500,1540,1730,988,2012,1500,1545,1500,1500,1500,1193,1449,1500,1500,1500,1500,1500,1500,1372,1628,1500,1609,1500,2012,1500,1868,1540,1500,1520,1705,1500,988,8.3
2026-04-18,16:44:06.460,-79,-77,10,4161,5740,36,44,16,17646,35,1,50,474,242,516,1024,204,1024,0,-1,-1,-1,0x100048049C140245,1588,1565,1730,988,2012,1737,1621,1500,1500,1736,1193,1449,1500,1500,1500,1500,1500,1500,1372,1628,1500,1609,1500,2012,1500,1663,1565,1500,1520,1705,1500,988,8.3
2026-04-18,16:44:06.960,-74,-72,10,4158,15370,36,44,16,18080,35,1,52,708,453,516,1024,203,1024,0,-1,-1,-1,0x100048049C141A85,1646,1652,1730,988,2012,1854,1726,1500,1500,1853,1193,1449,1500,1500,1500,1500,1500,1500,1372,1628,1500,1609,1500,2012,1500,1792,1652,1500,1520,1705,1500,988,8.3
2026-04-18,16:44:07.460,-68,-76,10,4156,3990,36,44,16,12336,35,1,54,829,389,516,1024,203,1024,0,-1,-1,-1,0x100048049C141AC5,1681,1623,1730,988,2012,1914,1694,1500,1500,1914,1193,1449,1500,1500,1500,1500,1500,1500,1372,1628,1500,1609,1500,2012,1500,1753,1623,1500,1520,1705,1500,988,8.3
2026-04-18,16:44:07.960,-71,-72,10,4165,16110,36,44,16,14570,35,1,55,846,409,516,1024,203,1024,0,-1,-1,-1,0x100048049C140A85,1687,1630,1730,988,2012,1923,1704,1500,1500,1923,1193,1449,1500,1500,1500,1500,1500,1500,1372,1628,1500,1609,1500,2012,1500,1763,1630,1500,1520,1705,1500,988,8.3
2026-04-18,16:44:08.460,-76,-73,100,4184,15900,37,44,16,13100,36,2,57,664,453,516,1024,203,1024,0,-1,-1,-1,0x100048059C140EC5,1638,1647,1730,988,2012,1832,1726,1500,1500,1839,1193,1449,1500,1500,1500,1500,1500,1500,1372,1628,1500,1609,1500,2012,1500,1785,1647,1500,1520,1705,1500,988,8.3
2026-04-18,16:44:08.960,-78,-73,10,4168,48590,37,44,16,27388,36,2,61,-537,850,516,1024,203,1024,0,-1,-1,-1,0x100048059C140A85,1395,1850,1730,988,2012,1232,1925,1500,1500,1231,1193,1449,1500,1500,1500,1500,1500,1500,1372,1628,1500,1609,1500,2012,1500,1955,1850,1500,1520,1705,1500,988,8.3
2026-04-18,16:44:09.460,-76,-75,10,4158,40700,37,44,16,25420,36,2,68,40,218,516,1024,203,1024,0,-1,-1,-1,0x1000480498140245,1504,1552,1730,988,2012,1520,1609,1500,1500,1514,1193,1449,1500,1500,1500,1500,1500,1500,1372,1628,1500,1609,1500,2012,1500,1696,1552,1500,1520,1705,1500,988,8.3
2026-04-18,16:44:09.960,-87,-71,10,4139,8230,37,44,16,19234,36,2,70,533,303,516,1024,203,1024,0,-1,-1,-1,0x100048049C140205,1601,1596,1730,988,2012,1766,1651,1500,1500,1766,1193,1449,1500,1500,1500,1500,1500,1500,1372,1628,1500,1609,1500,2012,1500,1713,1596,1500,1520,1705,1500,988,8.3
2026-04-18,16:44:10.460,-78,-77,10,4143,3010,37,44,16,15652,36,2,71,611,178,516,1024,203,1024,0,-1,-1,-1,0x100048049C140245,1620,1553,1730,988,2012,1805,1589,1500,1500,1805,1193,1449,1500,1500,1500,1500,1500,1500,1372,1628,1500,1609,1500,2012,1500,1629,1553,1500,1520,1705,1500,988,8.3
2026-04-18,16:44:10.960,-76,-73,10,4148,590,37,44,16,10192,36,2,71,259,52,516,1024,204,1024,0,-1,-1,-1,0x100048009C140205,1550,1519,1730,988,2012,1629,1526,1500,1500,1643,1193,1449,1500,1500,1500,1500,1500,1500,1270,1730,1500,1609,1500,2012,1500,1541,1519,1500,1520,1705,1500,988,8.3
2026-04-18,16:44:11.460,-75,-82,10,4176,450,37,44,16,694,36,2,71,-524,136,516,1024,203,1024,0,-1,-1,-1,0x100048009C140205,1398,1543,1730,988,2012,1238,1568,1500,1500,1238,1193,1449,1500,1500,1500,1500,1500,1500,1372,1628,1500,1609,1500,2012,1500,1601,1543,1500,1520,1705,1500,988,8.3
2026-04-18,16:44:11.960,-76,-82,10,4204,170,37,44,16,974,36,2,71,-506,136,516,1024,203,1024,0,-1,-1,-1,0x100048009C140205,1402,1543,1730,988,2012,1247,1568,1500,1500,1247,1193,1449,1500,1500,1500,1500,1500,1500,1372,1628,1500,1609,1500,2012,1500,1601,1543,1500,1520,1705,1500,988,8.3
2026-04-18,16:44:12.460,-78,-74,10,4206,21510,37,44,16,10612,36,2,72,-374,197,516,1024,203,1024,0,-1,-1,-1,0x100048009C140205,1429,1554,1730,988,2012,1313,1598,1500,1500,1307,1193,1449,1500,1500,1500,1500,1500,1500,1372,1628,1500,1609,1500,2012,1500,1641,1554,1500,1520,1705,1500,988,8.3
2026-04-18,16:44:12.960,-69,-70,10,4200,17060,37,44,16,12100,36,2,74,88,-348,516,1024,203,1024,0,-1,-1,-1,0x100048009E1C0205,1513,1324,1730,1290,2012,1544,1326,1256,1500,1538,1193,1449,1500,1500,1500,1500,1500,1256,1018,2012,1500,1609,1500,2012,1500,1269,1500,1500,1520,1705,1256,988,8.3
2026-04-18,16:44:13.460,-73,-70,10,4199,7700,37,44,16,6488,36,2,75,-632,3,516,1024,203,1024,0,-1,-1,-1,0x100048029C140205,1377,1501,1730,988,2012,1184,1501,1500,1500,1198,1193,1449,1500,1500,1500,1500,1500,1500,1270,1730,1500,1609,1500,2012,1500,1555,1501,1500,1520,1705,1500,988,8.3
2026-04-18,16:44:13.960,-74,-71,10,4195,1220,37,44,16,4558,36,2,76,-1024,144,516,1024,203,1024,0,-1,-1,-1,0x100048029C140205,1205,1545,1730,988,2012,988,1572,1500,1500,988,1193,1449,1500,1500,1500,1500,1500,1500,1372,1628,1500,1609,1500,2012,1500,1606,1545,1500,1520,1705,1500,988,8.3
2026-04-18,16:44:14.460,-69,-72,10,4194,14850,37,44,16,7458,37,2,76,395,319,516,1024,203,1024,0,-1,-1,-1,0x100048029C140205,1564,1596,1730,988,2012,1697,1659,1500,1500,1678,1193,1449,1500,1500,1500,1500,1500,1500,1372,1628,1500,1609,1500,2012,1500,1714,1596,1500,1520,1705,1500,988,8.3
2026-04-18,16:44:14.960,-70,-72,10,4191,16990,37,44,16,11096,37,2,78,-1024,419,516,1024,202,1024,0,-1,-1,-1,0x1000480A9C140205,1205,1633,1730,988,2012,988,1710,1500,1500,988,1193,1449,1500,1500,1500,1500,1500,1500,1372,1628,1500,1609,1500,2012,1500,1768,1633,1500,1520,1705,1500,988,8.3
2026-04-18,16:44:15.460,-71,-57,10,4191,10050,37,44,16,10608,37,2,80,1024,274,516,1024,203,1024,0,-1,-1,-1,0x100048089C100205,1762,1568,1730,988,2012,2012,1637,1500,1500,2012,1193,1449,1500,1500,1500,1500,1500,1500,1372,1628,1500,1609,1500,2012,1500,1676,1568,1500,1520,1705,1500,988,8.3
2026-04-18,16:44:15.960,-61,-64,10,4187,19160,37,44,16,12260,37,2,82,1021,468,516,1024,203,1024,0,-1,-1,-1,0x100048089C140205,1761,1653,1730,988,2012,2010,1734,1500,1500,2010,1193,1449,1500,1500,1500,1500,1500,1500,1372,1628,1500,1609,1500,2012,1500,1793,1653,1500,1520,1705,1500,988,8.3
2026-04-18,16:44:16.460,-63,-63,10,4177,19750,37,44,16,14716,37,2,84,-508,521,516,1024,203,1024,0,-1,-1,-1,0x100048099C140205,1402,1674,1730,988,2012,1246,1760,1500,1500,1247,1193,1449,1500,1500,1500,1500,1500,1500,1372,1628,1500,1609,1500,2012,1500,1818,1674,1500,1520,1705,1500,988,8.3
2026-04-18,16:44:16.960,-73,-56,10,4164,20380,37,44,16,15382,37,2,87,-568,540,516,1024,203,1024,0,-1,-1,-1,0x100048059C140605,1376,1682,1730,988,2012,1216,1770,1500,1500,1195,1193,1449,1500,1500,1500,1500,1500,1500,1372,1628,1500,1609,1500,2012,1500,1827,1682,1500,1520,1705,1500,988,8.3
2026-04-18,16:44:17.460,-62,-63,10,4155,20520,37,44,16,23672,37,2,91,9,75,516,1024,203,1024,0,-1,-1,-1,0x1000480498140245,1501,1527,1730,988,2012,1504,1537,1500,1500,1504,1193,1449,1500,1500,1500,1500,1500,1500,1372,1628,1500,1609,1500,2012,1500,1557,1527,1500,1520,1705,1500,988,8.3
2026-04-18,16:44:17.960,-61,-54,10,4157,7390,37,44,16,20636,37,2,92,28,256,516,1024,203,1024,0,-1,-1,-1,0x1000480498140205,1505,1578,1730,988,2012,1514,1628,1500,1500,1514,1193,1449,1500,1500,1500,1500,1500,1500,1372,1628,1500,1609,1500,2012,1500,1685,1578,1500,1520,1705,1500,988,8.3
2026-04-18,16:44:18.460,-61,-54,50,4165,2030,37,44,16,8402,37,2,93,-1024,-291,516,1024,203,1024,0,-1,-1,-1,0x100048009E180205,1205,1364,1730,1221,2012,988,1355,1312,1500,988,1193,1449,1500,1500,1500,1500,1500,1312,1192,2012,1500,1609,1500,988,1500,1292,1500,1500,1520,1705,1278,988,8.3
2026-04-18,16:44:18.960,-61,-53,10,4172,4760,37,44,16,4288,37,2,93,-1024,137,516,1024,203,1024,0,-1,-1,-1,0x100048009C140205,1205,1540,1730,988,2012,988,1568,1500,1500,988,1193,1449,1500,1500,1500,1500,1500,1500,1372,1628,1500,1609,1500,2012,1500,1601,1540,1500,1520,1705,1500,988,8.3
2026-04-18,16:44:19.460,-61,-56,10,4184,11660,37,44,16,7426,38,3,94,-897,507,516,1024,203,1024,0,-1,-1,-1,0x100048009C140205,1268,1662,1730,988,2012,1052,1753,1500,1500,1045,1193,1449,1500,1500,1500,1500,1500,1500,1372,1628,1500,1609,1500,2012,1500,1804,1662,1500,1520,1705,1500,988,8.3
2026-04-18,16:44:19.960,-64,-69,10,4184,19260,37,44,16,14842,38,3,96,178,487,516,1024,203,1024,0,-1,-1,-1,0x100048009C140205,1538,1665,1730,988,2012,1589,1743,1500,1500,1609,1193,1449,1500,1500,1500,1500,1500,1500,1372,1628,1500,1609,1500,2012,1500,1807,1665,1500,1520,1705,1500,988,8.3
2026-04-18,16:44:20.460,-61,-59,10,4181,9100,37,44,16,11306,38,3,99,1024,-2,516,1024,203,1024,0,-1,-1,-1,0x100048049C100245,1762,1499,1730,989,2012,2012,1499,1499,1500,2012,1193,1449,1500,1500,1500,1500,1500,1499,1090,2012,1500,1609,1500,988,1500,1499,1500,1500,1520,1705,1499,988,8.3
2026-04-18,16:44:20.960,-61,-57,10,4175,15870,37,44,16,9164,38,3,100,1024,334,516,1024,203,1024,0,-1,-1,-1,0x100048009C140205,1762,1607,1730,988,2012,2012,1667,1500,1500,2012,1193,1449,1500,1500,1500,1500,1500,1500,1372,1628,1500,1609,1500,2012,1500,1731,1607,1500,1520,1705,1500,988,8.3
2026-04-18,16:44:21.460,-57,-53,10,4169,14950,37,44,16,9744,38,3,102,760,435,516,1024,203,1024,0,-1,-1,-1,0x100048009C140205,1656,1639,1730,988,2012,1880,1717,1500,1500,1872,1193,1449,1500,1500,1500,1500,1500,1500,1372,1628,1500,1609,1500,2012,1500,1777,1639,1500,1520,1705,1500,988,8.3
2026-04-18,16:44:21.960,-57,-57,10,4166,25360,37,44,16,13240,38,3,104,389,617,516,1024,203,1024,0,-1,-1,-1,0x100048019C140205,1570,1726,1730,988,2012,1694,1808,1500,1500,1695,1193,1449,1500,1500,1500,1500,1500,1500,1372,1628,1500,1609,1500,2012,1500,1867,1726,1500,1520,1705,1500,988,8.3
2026-04-18,16:44:22.460,-55,-65,10,4165,10960,37,44,16,21008,38,3,108,208,27,516,1024,203,1024,0,-1,-1,-1,0x100048049C140245,1535,1510,1730,988,2012,1604,1513,1500,1500,1603,1193,1449,1500,1500,1500,1500,1500,1500,1192,2012,1500,1609,1500,2012,1500,1521,1510,1500,1520,1705,1500,988,8.3
2026-04-18,16:44:22.960,-57,-65,10,4167,2660,37,44,16,10152,38,3,108,1023,258,516,1024,203,1024,0,-1,-1,-1,0x100048009C140205,1762,1574,1730,988,2012,2011,1629,1500,1500,2011,1193,1449,1500,1500,1500,1500,1500,1500,1372,1628,1500,1609,1500,2012,1500,1679,1574,1500,1520,1705,1500,988,8.3
2026-04-18,16:44:23.460,-62,-65,10,4168,22280,37,44,16,14484,38,3,109,998,497,516,1024,204,1024,0,-1,-1,-1,0x100048009C140205,1748,1664,1730,988,2012,1999,1748,1500,1500,1998,1193,1449,1500,1500,1500,1500,1500,1500,1372,1628,1500,1609,1500,2012,1500,1807,1664,1500,1520,1705,1500,988,8.3
2026-04-18,16:44:23.960,-66,-64,10,4164,16430,37,44,16,14938,38,3,112,-1017,-191,516,1024,203,1024,0,-1,-1,-1,0x100048009E1C0205,1210,1395,1730,1168,2012,992,1405,1355,1500,993,1193,1449,1500,1500,1500,1500,1500,1355,1117,1883,1500,1609,1500,2012,1500,1446,1500,1500,1520,1705,1355,988,8.3
2026-04-18,16:44:24.460,-66,-55,250,4177,5880,37,44,16,7140,39,3,114,-194,471,516,1024,203,1024,0,-1,-1,-1,0x100048009C140205,1478,1649,1730,988,2012,1403,1735,1500,1500,1436,1193,1449,1500,1500,1500,1500,1500,1500,1372,1628,1500,1609,1500,2012,1500,1788,1649,1500,1520,1705,1500,988,8.3
2026-04-18,16:44:24.960,-66,-56,10,4176,2200,37,44,16,6412,39,3,115,-1024,264,516,1024,203,1024,0,-1,-1,-1,0x100048009C140205,1205,1576,1730,988,2012,988,1632,1500,1500,988,1193,1449,1500,1500,1500,1500,1500,1500,1372,1628,1500,1609,1500,2012,1500,1682,1576,1500,1520,1705,1500,988,8.3
2026-04-18,16:44:25.460,-54,-64,10,4173,12640,37,44,16,9462,39,3,116,-349,497,516,1024,203,1024,0,-1,-1,-1,0x100048009C140205,1425,1659,1730,988,2012,1326,1748,1500,1500,1297,1193,1449,1500,1500,1500,1500,1500,1500,1372,1628,1500,1609,1500,2012,1500,1801,1659,1500,1520,1705,1500,988,8.3
2026-04-18,16:44:25.960,-74,-66,10,4172,32120,37,44,16,19250,39,3,119,19,600,516,1024,203,1024,0,-1,-1,-1,0x1000480198140205,1500,1714,1730,988,2012,1509,1800,1500,1500,1499,1193,1449,1500,1500,1500,1500,1500,1500,1372,1628,1500,1609,1500,2012,1500,1858,1714,1500,1520,1705,1500,988,8.3
2026-04-18,16:44:26.460,-79,-66,10,4164,1850,37,44,16,6690,39,3,122,1024,394,516,1024,204,1024,0,-1,-1,-1,0x100048009C140205,1762,1616,1730,988,2012,2012,1697,1500,1500,2012,1193,1449,1500,1500,1500,1500,1500,1500,1372,1628,1500,1609,1500,2012,1500,1750,1616,1500,1520,1705,1500,988,8.3
2026-04-18,16:44:26.960,-79,-63,10,4164,15800,37,44,16,9300,39,3,123,1006,476,516,1024,204,1024,0,-1,-1,-1,0x100048009C140205,1753,1656,1730,988,2012,2003,1738,1500,1500,2003,1193,1449,1500,1500,1500,1500,1500,1500,1372,1628,1500,1609,1500,2012,1500,1797,1656,1500,1520,1705,1500,988,8.3
2026-04-18,16:44:27.460,-53,-64,10,4153,21260,37,44,16,14586,39,3,126,744,523,516,1024,204,1024,0,-1,-1,-1,0x100048019C140205,1659,1674,1730,988,2012,1872,1761,1500,1500,1878,1193,1449,1500,1500,1500,1500,1500,1500,1372,1628,1500,1609,1500,2012,1500,1818,1674,1500,1520,1705,1500,988,8.3
2026-04-18,16:44:27.960,-75,-66,10,4138,38570,37,44,16,24490,39,3,130,423,236,516,1024,204,1024,0,-1,-1,-1,0x100048049C140245,1579,1558,1730,988,2012,1711,1618,1500,1500,1717,1193,1449,1500,1500,1500,1500,1500,1500,1372,1628,1500,1609,1500,2012,1500,1680,1558,1500,1520,1705,1500,988,8.3
2026-04-18,16:44:28.460,-68,-59,10,4151,2870,37,44,16,10598,39,3,132,739,325,516,1024,204,1024,0,-1,-1,-1,0x100048009C140205,1654,1599,1730,988,2012,1869,1662,1500,1500,1869,1193,1449,1500,1500,1500,1500,1500,1500,1372,1628,1500,1609,1500,2012,1500,1719,1599,1500,1520,1705,1500,988,8.3
2026-04-18,16:44:28.960,-68,-57,10,4147,19050,37,44,16,13736,39,3,133,784,557,516,1024,204,1024,0,-1,-1,-1,0x100048009C140205,1667,1688,1730,988,2012,1892,1778,1500,1500,1892,1193,1449,1500,1500,1500,1500,1500,1500,1372,1628,1500,1609,1500,2012,1500,1834,1688,1500,1520,1705,1500,988,8.3
2026-04-18,16:44:29.460,-79,-57,10,4136,45570,37,44,16,19942,39,4,136,52,292,516,1024,204,1024,0,-1,-1,-1,0x1000480098140205,1509,1600,1730,988,2012,1526,1646,1500,1500,1525,1193,1449,1500,1500,1500,1500,1500,1500,1372,1628,1500,1609,1500,2012,1500,1816,1600,1500,1520,1705,1500,988,8.3
2026-04-18,16:44:29.960,-79,-54,10,4136,34010,37,44,16,19428,40,4,140,-389,775,516,1024,204,1024,0,-1,-1,-1,0x100048059C140605,1428,1813,1730,988,2012,1306,1887,1500,1500,1305,1193,1449,1500,1500,1500,1500,1500,1500,1372,1628,1500,1609,1500,2012,1500,1927,1813,1500,1520,1705,1500,988,8.3
2026-04-18,16:44:30.460,-55,-60,10,4126,62320,37,44,16,27430,40,4,145,-185,1024,516,1024,204,1024,0,-1,-1,-1,0x100048059C142245,1470,2012,1730,988,2012,1408,2012,1500,1500,1415,1193,1449,1500,1500,1500,1500,1500,1500,1372,1628,1500,1609,1500,2012,1500,2012,2012,1500,1520,1705,1500,988,8.3
2026-04-18,16:44:30.960,-53,-60,10,4096,40490,39,44,16,32854,40,4,152,-157,219,516,1024,204,1024,0,-1,-1,-1,0x100048049C140205,1473,1557,1730,988,2012,1422,1609,1500,1500,1422,1193,1449,1500,1500,1500,1500,1500,1500,1372,1628,1500,1609,1500,2012,1500,1648,1557,1500,1520,1705,1500,988,8.3
2026-04-18,16:44:31.460,-50,-60,10,4095,4060,39,44,16,17596,40,4,154,-343,251,516,1024,203,1024,0,-1,-1,-1,0x100048049C140245,1435,1579,1730,988,2012,1329,1625,1500,1500,1322,1193,1449,1500,1500,1500,1500,1500,1500,1372,1628,1500,1609,1500,2012,1500,1682,1579,1500,1520,1705,1500,988,8.3
2026-04-18,16:44:31.960,-76,-60,10,4112,5920,39,44,16,16790,40,4,154,188,368,516,1024,204,1024,0,-1,-1,-1,0x100048049C140205,1532,1614,1730,988,2012,1594,1684,1500,1500,1594,1193,1449,1500,1500,1500,1500,1500,1500,1372,1628,1500,1609,1500,2012,1500,1741,1614,1500,1520,1705,1500,988,8.3
2026-04-18,16:44:32.460,-59,-68,10,4123,3250,39,44,16,20632,40,4,156,57,718,516,1024,204,1024,0,-1,-1,-1,0x100048049C140245,1509,1792,1730,988,2012,1528,1859,1500,1500,1528,1193,1449,1500,1500,1500,1500,1500,1500,1372,1628,1500,1609,1500,2012,1500,1917,1792,1500,1520,1705,1500,988,8.3
2026-04-18,16:44:32.960,-77,-69,10,4152,3850,39,44,16,20222,40,4,157,830,138,516,1024,204,1024,0,-1,-1,-1,0x100048049C140205,1681,1540,1730,988,2012,1915,1569,1500,1500,1914,1193,1449,1500,1500,1500,1500,1500,1500,1372,1628,1500,1609,1500,2012,1500,1593,1540,1500,1520,1705,1500,988,8.3
2026-04-18,16:44:33.460,-66,-78,10,4173,16810,39,44,16,9820,40,4,158,273,604,516,1024,204,1024,0,-1,-1,-1,0x100048009C140205,1552,1710,1730,988,2012,1636,1802,1500,1500,1648,1193,1449,1500,1500,1500,1500,1500,1500,1372,1628,1500,1609,1500,2012,1500,1854,1710,1500,1520,1705,1500,988,8.3
2026-04-18,16:44:33.960,-67,-60,10,4159,22380,39,44,16,16128,40,4,161,-665,633,516,1024,204,1024,0,-1,-1,-1,0x100048009C140205,1361,1719,1730,988,2012,1168,1816,1500,1500,1168,1193,1449,1500,1500,1500,1500,1500,1500,1372,1628,1500,1609,1500,2012,1500,1861,1719,1500,1520,1705,1500,988,8.3
2026-04-18,16:44:34.460,-76,-73,10,4145,31490,39,44,16,21564,40,4,165,-533,950,516,1024,204,1024,0,-1,-1,-1,0x100048059C140205,1399,1919,1730,988,2012,1234,1975,1500,1500,1240,1193,1449,1500,1500,1500,1500,1500,1500,1372,1628,1500,1609,1500,2012,1500,1986,1919,1500,1520,1705,1500,988,8.3
2026-04-18,16:44:34.960,-72,-74,10,4128,16040,39,44,16,18538,40,4,170,-326,242,516,1024,204,1024,0,-1,-1,-1,0x100048049C140245,1439,1572,1730,988,2012,1337,1621,1500,1500,1332,1193,1449,1500,1500,1500,1500,1500,1500,1372,1628,1500,1609,1500,2012,1500,1691,1572,1500,1520,1705,1500,988,8.3
2026-04-18,16:44:35.460,-88,-78,10,4120,4860,39,44,16,17378,40,5,171,-487,-890,516,1024,204,1024,0,-1,-1,-1,0x100048049E1C0205,1407,1186,1730,1439,2012,1257,1055,1500,1065,1257,1193,1449,1500,1500,1500,1500,1500,1065,1029,2012,1500,1609,1500,2012,1500,1118,1500,1500,1520,1705,1065,988,8.3
2026-04-18,16:44:35.960,-76,-78,10,4126,0,39,44,16,1882,40,5,171,-1024,348,516,1024,204,1024,0,-1,-1,-1,0x100048009C140205,1205,1597,1730,988,2012,988,1674,1500,1500,988,1193,1449,1500,1500,1500,1500,1500,1500,1372,1628,1500,1609,1500,2012,1500,1725,1597,1500,1520,1705,1500,988,8.3
2026-04-18,16:44:36.460,-80,-79,10,4136,3080,39,44,16,6586,40,5,172,-1024,307,516,1024,204,1024,0,-1,-1,-1,0x100048009C141A85,1205,1593,1730,988,2012,988,1653,1500,1500,988,1193,1449,1500,1500,1500,1500,1500,1500,1372,1628,1500,1609,1500,2012,1500,1709,1593,1500,1520,1705,1500,988,8.3
2026-04-18,16:44:36.960,-79,-79,25,4141,9210,39,44,16,8506,40,5,173,-930,437,516,1024,203,1024,0,-1,-1,-1,0x100048009C141A85,1220,1647,1730,988,2012,1035,1718,1500,1500,1001,1193,1449,1500,1500,1500,1500,1500,1500,1372,1628,1500,1609,1500,2012,1500,1786,1647,1500,1520,1705,1500,988,8.3
2026-04-18,16:44:37.460,-83,-77,10,4161,18770,39,44,16,12836,40,5,175,99,471,516,1024,204,1024,0,-1,-1,-1,0x100048019C140E85,1522,1665,1730,988,2012,1549,1735,1500,1500,1564,1193,1449,1500,1500,1500,1500,1500,1500,1372,1628,1500,1609,1500,2012,1500,1806,1665,1500,1520,1705,1500,988,8.3
2026-04-18,16:44:37.960,-84,-78,25,4147,24380,39,44,16,15364,41,5,178,-207,661,516,1024,204,1024,0,-1,-1,-1,0x100048009C140205,1464,1740,1730,988,2012,1397,1830,1500,1500,1397,1193,1449,1500,1500,1500,1500,1500,1500,1372,1628,1500,1609,1500,2012,1500,1878,1740,1500,1520,1705,1500,988,8.3
2026-04-18,16:44:38.460,-73,-82,10,4142,10190,39,44,16,20460,41,5,182,-123,3,516,1024,203,1024,0,-1,-1,-1,0x100048049C140205,1479,1500,1730,988,2012,1439,1507,1500,1500,1439,1193,1449,1500,1500,1500,1500,1500,1500,1152,2012,1500,1609,1500,2012,1500,1501,1500,1500,1520,1705,1500,988,8.3
2026-04-18,16:44:38.960,-74,-69,10,4140,10080,39,44,16,27468,41,5,183,-167,-179,516,1024,203,1024,0,-1,-1,-1,0x100048049E1C0245,1471,1395,1730,1168,2012,1417,1411,1354,1500,1417,1193,1449,1500,1500,1500,1500,1500,1354,988,2012,1500,1609,1500,988,1500,1374,1500,1500,1520,1705,1354,988,8.3
2026-04-18,16:44:39.460,-74,-62,10,4144,1990,39,44,16,4572,41,5,184,1024,-2,516,1024,204,1024,0,-1,-1,-1,0x100048009C140205,1762,1499,1730,989,2012,2012,1494,1499,1500,2012,1193,1449,1500,1500,1500,1500,1500,1499,1219,1781,1500,1609,1500,2012,1500,1616,1500,1500,1520,1705,1499,988,8.3
2026-04-18,16:44:39.960,-72,-76,10,4151,11800,39,44,16,1868,41,5,184,-1024,255,516,1024,204,1024,0,-1,-1,-1,0x100048009C140205,1205,1564,1730,988,2012,988,1627,1500,1500,988,1193,1449,1500,1500,1500,1500,1500,1500,1372,1628,1500,1609,1500,2012,1500,1670,1564,1500,1520,1705,1500,988,8.3
2026-04-18,16:44:40.460,-90,-77,10,4162,12570,39,44,16,5862,41,5,186,1024,443,516,1024,204,1024,0,-1,-1,-1,0x100048009C140205,1762,1643,1730,988,2012,2012,1721,1500,1500,2012,1193,1449,1500,1500,1500,1500,1500,1500,1372,1628,1500,1609,1500,2012,1500,1780,1643,1500,1520,1705,1500,988,8.3
2026-04-18,16:44:40.960,-75,-77,10,4153,26450,39,44,16,15386,41,5,189,617,531,516,1024,204,1024,0,-1,-1,-1,0x100048019C140205,1626,1678,1730,988,2012,1808,1765,1500,1500,1814,1193,1449,1500,1500,1500,1500,1500,1500,1372,1628,1500,1609,1500,2012,1500,1822,1678,1500,1520,1705,1500,988,8.3
2026-04-18,16:44:41.460,-86,-79,10,4145,25150,39,44,16,16286,41,5,191,8,704,516,1024,204,1024,0,-1,-1,-1,0x1000480198140605,1503,1762,1730,988,2012,1504,1852,1500,1500,1509,1193,1449,1500,1500,1500,1500,1500,1500,1372,1628,1500,1609,1500,2012,1500,1895,1762,1500,1520,1705,1500,988,8.3
2026-04-18,16:44:41.960,-86,-77,10,4123,39160,39,44,16,22664,41,5,197,-130,876,516,1024,204,1024,0,-1,-1,-1,0x100048059C140205,1478,1852,1730,988,2012,1435,1938,1500,1500,1435,1193,1449,1500,1500,1500,1500,1500,1500,1372,1628,1500,1609,1500,2012,1500,1959,1852,1500,1520,1705,1500,988,8.3
2026-04-18,16:44:42.460,-78,-82,10,4120,14670,39,44,16,20990,41,5,201,497,300,516,1024,203,1024,0,-1,-1,-1,0x100048049C140245,1593,1578,1730,988,2012,1748,1650,1500,1500,1748,1193,1449,1500,1500,1500,1500,1500,1500,1372,1628,1500,1609,1500,2012,1500,1695,1578,1500,1520,1705,1500,988,8.3
2026-04-18,16:44:42.960,-79,-72,10,4106,15300,39,44,16,15298,41,5,202,803,626,516,1024,204,1024,0,-1,-1,-1,0x100048049C141A85,1672,1721,1730,988,2012,1901,1813,1500,1500,1901,1193,1449,1500,1500,1500,1500,1500,1500,1372,1628,1500,1609,1500,2012,1500,1864,1721,1500,1520,1705,1500,988,8.3
2026-04-18,16:44:43.460,-79,-68,10,4108,10290,39,44,16,16100,41,5,204,831,453,516,1024,204,1024,0,-1,-1,-1,0x100048049C140AC5,1682,1647,1730,988,2012,1915,1726,1500,1500,1915,1193,1449,1500,1500,1500,1500,1500,1500,1372,1628,1500,1609,1500,2012,1500,1785,1647,1500,1520,1705,1500,988,8.3
2026-04-18,16:44:43.960,-73,-76,10,4116,16740,39,44,16,12746,41,6,206,814,523,516,1024,204,1024,0,-1,-1,-1,0x100048049C140A85,1677,1675,1730,988,2012,1907,1761,1500,1500,1907,1193,1449,1500,1500,1500,1500,1500,1500,1372,1628,1500,1609,1500,2012,1500,1819,1675,1500,1520,1705,1500,988,8.3
2026-04-18,16:44:44.460,-77,-74,10,4131,21120,39,44,16,15322,41,6,209,600,656,516,1024,204,1024,0,-1,-1,-1,0x100048059C140AC5,1618,1737,1730,988,2012,1800,1828,1500,1500,1800,1193,1449,1500,1500,1500,1500,1500,1500,1372,1628,1500,1609,1500,2012,1500,1876,1737,1500,1520,1705,1500,988,8.3
2026-04-18,16:44:44.960,-80,-78,10,4125,26410,39,44,16,22138,41,6,212,174,756,516,1024,204,1024,0,-1,-1,-1,0x100048059C140605,1532,1785,1730,988,2012,1587,1878,1500,1500,1595,1193,1449,1500,1500,1500,1500,1500,1500,1372,1628,1500,1609,1500,2012,1500,1911,1785,1500,1520,1705,1500,988,8.3
2026-04-18,16:44:45.460,-85,-79,10,4098,51530,39,44,16,31826,41,6,219,11,167,516,1024,204,1024,0,-1,-1,-1,0x1000480498140245,1502,1547,1730,988,2012,1505,1583,1500,1500,1506,1193,1449,1500,1500,1500,1500,1500,1500,1372,1628,1500,1609,1500,2012,1500,1734,1547,1500,1520,1705,1500,988,8.3
2026-04-18,16:44:45.960,-78,-76,10,4100,5670,41,44,16,18608,42,6,221,0,28,516,1024,204,1024,0,-1,-1,-1,0x1000480498140205,1500,1514,1730,988,2012,1500,1514,1500,1500,1500,1193,1449,1500,1500,1500,1500,1500,1500,1270,1730,1500,1609,1500,2012,1500,1530,1514,1500,1520,1705,1500,988,8.3
2026-04-18,16:44:46.460,-79,-72,10,4107,0,41,44,16,13426,42,6,221,663,171,516,1024,204,1024,0,-1,-1,-1,0x100048049C140245,1632,1549,1730,988,2012,1831,1585,1500,1500,1826,1193,1449,1500,1500,1500,1500,1500,1500,1372,1628,1500,1609,1500,2012,1500,1625,1549,1500,1520,1705,1500,988,8.3
2026-04-18,16:44:46.960,-80,-78,25,4115,12960,41,44,16,13326,42,6,222,858,576,516,1024,204,1024,0,-1,-1,-1,0x100048009C140205,1698,1696,1730,988,2012,1929,1788,1500,1500,1938,1193,1449,1500,1500,1500,1500,1500,1500,1372,1628,1500,1609,1500,2012,1500,1843,1696,1500,1520,1705,1500,988,8.3
2026-04-18,16:44:47.460,-72,-67,10,4126,12570,41,44,16,11326,42,6,224,-1024,152,516,1024,204,1024,0,-1,-1,-1,0x100048049C140245,1205,1547,1730,988,2012,988,1576,1500,1500,988,1193,1449,1500,1500,1500,1500,1500,1500,1372,1628,1500,1609,1500,2012,1500,1612,1547,1500,1520,1705,1500,988,8.3
2026-04-18,16:44:47.960,-73,-66,10,4147,10360,41,44,16,8508,42,6,225,-1024,568,516,1024,203,1024,0,-1,-1,-1,0x100048009C140205,1205,1693,1730,988,2012,988,1784,1500,1500,988,1193,1449,1500,1500,1500,1500,1500,1500,1372,1628,1500,1609,1500,2012,1500,1839,1693,1500,1520,1705,1500,988,8.3
2026-04-18,16:44:48.460,-75,-73,10,4134,25810,41,44,16,17852,42,6,229,378,721,516,1024,204,1024,0,-1,-1,-1,0x100048019C140605,1566,1772,1730,988,2012,1689,1860,1500,1500,1683,1193,1449,1500,1500,1500,1500,1500,1500,1372,1628,1500,1609,1500,2012,1500,1902,1772,1500,1520,1705,1500,988,8.3
2026-04-18,16:44:48.960,-73,-65,10,4125,6270,41,44,16,8328,42,6,232,1024,-1,516,1024,204,1024,0,-1,-1,-1,0x100048009C140205,1762,1500,1730,988,2012,2012,1500,1500,1500,2012,1193,1449,1500,1500,1500,1500,1500,1500,1117,1883,1500,1609,1500,2012,1500,1500,1500,1500,1520,1705,1499,988,8.3
2026-04-18,16:44:49.460,-63,-67,10,4126,22000,41,44,16,12874,42,6,233,1024,448,516,1024,204,1024,0,-1,-1,-1,0x100048019C140605,1762,1645,1730,988,2012,2012,1724,1500,1500,2012,1193,1449,1500,1500,1500,1500,1500,1500,1372,1628,1500,1609,1500,2012,1500,1782,1645,1500,1520,1705,1500,988,8.3
2026-04-18,16:44:49.960,-63,-64,10,4121,19440,41,44,16,14608,42,6,236,-268,529,516,1024,203,1024,0,-1,-1,-1,0x100048019C140605,1456,1677,1730,988,2012,1366,1764,1500,1500,1377,1193,1449,1500,1500,1500,1500,1500,1500,1372,1628,1500,1609,1500,2012,1500,1821,1677,1500,1520,1705,1500,988,8.3
2026-04-18,16:44:50.460,-67,-71,10,4117,25180,41,44,16,15536,42,6,239,-269,654,516,1024,204,1024,0,-1,-1,-1,0x100048059C140605,1452,1730,1730,988,2012,1366,1827,1500,1500,1365,1193,1449,1500,1500,1500,1500,1500,1500,1372,1628,1500,1609,1500,2012,1500,1871,1730,1500,1520,1705,1500,988,8.3
2026-04-18,16:44:50.960,-62,-83,10,4110,36460,41,44,16,19764,42,6,243,-448,3,516,1024,204,1024,0,-1,-1,-1,0x100048049C140245,1415,1501,1730,988,2012,1276,1501,1500,1500,1276,1193,1449,1500,1500,1500,1500,1500,1500,1270,1730,1500,1609,1500,2012,1500,1764,1501,1500,1520,1705,1500,988,8.3
2026-04-18,16:44:51.460,-52,-58,10,4109,6340,41,44,16,23176,42,6,246,-171,187,516,1024,204,1024,0,-1,-1,-1,0x100048049C140205,1470,1560,1730,988,2012,1415,1593,1500,1500,1415,1193,1449,1500,1500,1500,1500,1500,1500,1372,1628,1500,1609,1500,2012,1500,1642,1560,1500,1520,1705,1500,988,8.3
2026-04-18,16:44:51.960,-53,-52,10,4117,1610,41,44,16,10088,42,7,246,-1024,718,516,1024,204,1024,0,-1,-1,-1,0x100048009C140205,1205,1716,1730,988,2012,988,1859,1500,1500,988,1193,1449,1500,1500,1500,1500,1500,1500,1372,1628,1500,1609,1500,2012,1500,1878,1716,1500,1520,1705,1500,988,8.3
2026-04-18,16:44:52.460,-56,-56,10,4108,20490,41,44,16,33174,42,7,250,-996,-847,516,1024,204,1024,0,-1,-1,-1,0x100048009E100205,1221,1248,1730,1372,2012,1002,1077,1303,1348,1002,1193,1449,1500,1500,1500,1500,1500,1151,1060,2012,1500,1609,1500,988,1500,1449,1500,1500,1520,1705,1116,988,8.3
2026-04-18,16:44:52.960,-58,-60,10,4121,0,41,44,16,1800,43,7,251,-50,18,516,1024,204,1024,0,-1,-1,-1,0x1000480098140205,1492,1506,1730,988,2012,1475,1509,1500,1500,1475,1193,1449,1500,1500,1500,1500,1500,1500,1372,2012,1500,1609,1500,2012,1500,1514,1506,1500,1520,1705,1500,988,8.3
2026-04-18,16:44:53.460,-57,-64,10,4136,910,41,44,16,672,43,7,251,-33,566,516,1024,203,1024,0,-1,-1,-1,0x1000480098140205,1495,1682,1730,988,2012,1484,1783,1500,1500,1484,1193,1449,1500,1500,1500,1500,1500,1500,1372,1628,1500,1609,1500,2012,1500,1826,1682,1500,1520,1705,1500,988,8.3
2026-04-18,16:44:53.960,-51,-70,10,4121,32230,41,44,16,15718,43,7,254,248,588,516,1024,204,1024,0,-1,-1,-1,0x100048009C140205,1549,1694,1730,988,2012,1609,1794,1500,1500,1640,1193,1449,1500,1500,1500,1500,1500,1500,1372,1628,1500,1609,1500,2012,1500,1841,1694,1500,1520,1705,1500,988,8.3
2026-04-18,16:44:54.460,-57,-76,10,4126,8960,41,44,16,9700,43,7,256,-300,453,516,1024,204,1024,0,-1,-1,-1,0x100048009C140205,1451,1647,1730,988,2012,1350,1726,1500,1500,1364,1193,1449,1500,1500,1500,1500,1500,1500,1372,1628,1500,1609,1500,2012,1500,1785,1647,1500,1520,1705,1500,988,8.3
2026-04-18,16:44:54.960,-60,-83,10,4128,16460,41,44,16,13298,43,7,258,800,260,516,1024,204,1024,0,-1,-1,-1,0x100048009C140205,1678,1575,1730,988,2012,1900,1630,1500,1500,1909,1193,1449,1500,1500,1500,1500,1500,1500,1372,1628,1500,1609,1500,2012,1500,1681,1575,1500,1520,1705,1500,988,8.3
2026-04-18,16:44:55.460,-62,-58,10,4129,2900,41,44,16,4120,43,7,259,1024,520,516,1024,204,1024,0,-1,-1,-1,0x100048009C140205,1738,1688,1730,988,2012,2012,1760,1500,1500,1987,1193,1449,1500,1500,1500,1500,1500,1500,1372,1628,1500,1609,1500,2012,1500,1837,1688,1500,1520,1705,1500,988,8.3
2026-04-18,16:44:55.960,-62,-58,10,4122,23220,41,44,16,14860,43,7,262,-1024,814,516,1024,204,1024,0,-1,-1,-1,0x100048089C140205,1205,1842,1730,988,2012,988,1907,1500,1500,988,1193,1449,1500,1500,1500,1500,1500,1500,1372,1628,1500,1609,1500,2012,1500,1951,1842,1500,1520,1705,1500,988,8.3
2026-04-18,16:44:56.460,-60,-59,25,4116,20660,41,44,16,15578,43,7,266,-1024,483,516,1024,204,1024,0,-1,-1,-1,0x100048049C140245,1205,1658,1730,988,2012,988,1741,1500,1500,988,1193,1449,1500,1500,1500,1500,1500,1500,1372,1628,1500,1609,1500,2012,1500,1800,1658,1500,1520,1705,1500,988,8.3
2026-04-18,16:44:56.960,-58,-61,10,4115,4510,41,44,16,8562,43,7,269,3,1,516,1024,204,1024,0,-1,-1,-1,0x1000480098140205,1500,1500,1730,988,2012,1501,1500,1500,1500,1501,1193,1449,1500,1500,1500,1500,1500,1500,1243,2012,1500,1609,1500,2012,1500,1501,1500,1500,1520,1705,1500,988,8.3
2026-04-18,16:44:57.460,-58,-54,10,4115,15370,41,44,16,8052,43,7,269,375,336,516,1024,204,1024,0,-1,-1,-1,0x100048009C140205,1570,1597,1730,988,2012,1687,1668,1500,1500,1695,1193,1449,1500,1500,1500,1500,1500,1500,1372,1628,1500,1609,1500,2012,1500,1716,1597,1500,1520,1705,1500,988,8.3
2026-04-18,16:44:57.960,-55,-64,10,4115,4900,41,44,16,8172,43,7,271,-594,209,516,1024,204,1024,0,-1,-1,-1,0x100048009C140205,1377,1560,1730,988,2012,1203,1604,1500,1500,1198,1193,1449,1500,1500,1500,1500,1500,1500,1372,1628,1500,1609,1500,2012,1500,1649,1560,1500,1520,1705,1500,988,8.3
2026-04-18,16:44:58.460,-54,-64,10,4133,20840,41,44,16,23222,43,7,273,1024,328,516,1024,204,1024,0,-1,-1,-1,0x100048009C140205,1762,1595,1730,988,2012,2012,1664,1500,1500,2012,1193,1449,1500,1500,1500,1500,1500,1500,1372,1628,1500,1609,1500,2012,1500,1713,1595,1500,1520,1705,1500,988,8.3
2026-04-18,16:44:58.960,-60,-65,10,4141,7350,41,44,16,7234,43,7,274,1024,421,516,1024,204,1024,0,-1,-1,-1,0x100048009C140205,1762,1634,1730,988,2012,2012,1710,1500,1500,2012,1193,1449,1500,1500,1500,1500,1500,1500,1372,1628,1500,1609,1500,2012,1500,1769,1634,1500,1520,1705,1500,988,8.3
2026-04-18,16:44:59.460,-64,-54,10,4138,18670,41,44,16,12676,43,7,276,-225,523,516,1024,204,1024,0,-1,-1,-1,0x100048009C140205,1457,1661,1730,988,2012,1388,1761,1500,1500,1379,1193,1449,1500,1500,1500,1500,1500,1500,1372,1628,1500,1609,1500,2012,1500,1811,1661,1500,1520,1705,1500,988,8.3
2026-04-18,16:44:59.960,-64,-52,10,4137,5070,41,44,16,9462,43,7,277,-1024,170,516,1024,204,1024,0,-1,-1,-1,0x100048009C140205,1205,1547,1730,988,2012,988,1585,1500,1500,988,1193,1449,1500,1500,1500,1500,1500,1500,1372,1628,1500,1609,1500,2012,1500,1614,1547,1500,1520,1705,1500,988,8.3
2026-04-18,16:45:00.460,-64,-54,10,4138,9420,41,44,16,7276,43,7,278,-1024,388,516,1024,204,1024,0,-1,-1,-1,0x100048089C140205,1205,1623,1730,988,2012,988,1694,1500,1500,988,1193,1449,1500,1500,1500,1500,1500,1500,1372,1628,1500,1609,1500,2012,1500,1753,1623,1500,1520,1705,1500,988,8.3
2026-04-18,16:45:00.960,-53,-54,10,4136,21750,41,44,16,13758,43,7,280,-554,604,516,1024,204,1024,0,-1,-1,-1,0x100048099C140605,1402,1709,1730,988,2012,1223,1802,1500,1500,1246,1193,1449,1500,1500,1500,1500,1500,1500,1372,1628,1500,1609,1500,2012,1500,1854,1709,1500,1520,1705,1500,988,8.3
2026-04-18,16:45:01.460,-63,-65,10,4128,12290,41,44,16,12588,43,7,283,0,89,516,1024,204,1024,0,-1,-1,-1,0x1000480898140205,1500,1537,1730,988,2012,1500,1544,1500,1500,1500,1193,1449,1500,1500,1500,1500,1500,1500,1372,1628,1500,1609,1500,2012,1500,1657,1537,1500,1520,1705,1500,988,8.3
2026-04-18,16:45:01.960,-67,-60,10,4133,1960,41,44,16,6050,43,7,285,1024,257,516,1024,204,1024,0,-1,-1,-1,0x100048009C140205,1762,1574,1730,988,2012,2012,1628,1500,1500,2012,1193,1449,1500,1500,1500,1500,1500,1500,1372,1628,1500,1609,1500,2012,1500,1679,1574,1500,1520,1705,1500,988,8.3
2026-04-18,16:45:02.460,-67,-66,10,4132,17650,41,44,16,11308,43,8,286,889,496,516,1024,204,1024,0,-1,-1,-1,0x100048019C140605,1703,1664,1730,988,2012,1944,1748,1500,1500,1945,1193,1449,1500,1500,1500,1500,1500,1500,1372,1628,1500,1609,1500,2012,1500,1806,1664,1500,1520,1705,1500,988,8.3
2026-04-18,16:45:02.960,-54,-66,10,4127,20730,41,44,16,13134,43,8,288,-226,684,516,1024,204,1024,0,-1,-1,-1,0x100048019C140605,1464,1746,1730,988,2012,1387,1842,1500,1500,1398,1193,1449,1500,1500,1500,1500,1500,1500,1372,1628,1500,1609,1500,2012,1500,1887,1746,1500,1520,1705,1500,988,8.3
2026-04-18,16:45:03.460,-82,-62,10,4114,26970,41,44,16,23534,44,8,293,-134,441,516,1024,204,1024,0,-1,-1,-1,0x100048009C140205,1472,1668,1730,988,2012,1433,1720,1500,1500,1419,1193,1449,1500,1500,1500,1500,1500,1500,1372,1628,1500,1609,1500,2012,1500,1860,1668,1500,1520,1705,1500,988,8.3
2026-04-18,16:45:03.960,-69,-60,10,4110,14810,41,44,16,14060,44,8,297,576,180,516,1024,204,1024,0,-1,-1,-1,0x100048049C100245,1609,1543,1730,988,2012,1788,1590,1500,1500,1782,1193,1449,1500,1500,1500,1500,1500,1500,1372,1628,1500,1609,1500,988,1500,1602,1543,1500,1520,1705,1500,988,8.3
2026-04-18,16:45:04.460,-79,-78,10,4106,15300,41,44,16,12400,44,8,298,636,446,516,1024,204,1024,0,-1,-1,-1,0x100048009C140205,1634,1645,1730,988,2012,1818,1723,1500,1500,1830,1193,1449,1500,1500,1500,1500,1500,1500,1372,1628,1500,1609,1500,2012,1500,1782,1645,1500,1520,1705,1500,988,8.3
2026-04-18,16:45:04.960,-59,-76,10,4092,63020,41,44,16,24302,44,8,301,14,947,516,1024,204,1024,0,-1,-1,-1,0x1000480198140205,1502,1916,1730,988,2012,1507,1973,1500,1500,1507,1193,1449,1500,1500,1500,1500,1500,1500,1372,1628,1500,1609,1500,2012,1500,1985,1916,1500,1520,1705,1500,988,8.3
2026-04-18,16:45:05.460,-56,-76,10,4085,53670,41,44,16,26984,44,8,307,-190,920,516,1024,204,1024,0,-1,-1,-1,0x100048059C140645,1467,1914,1730,988,2012,1405,1960,1500,1500,1405,1193,1449,1500,1500,1500,1500,1500,1500,1372,1628,1500,1609,1500,2012,1500,1980,1914,1500,1520,1705,1500,988,8.3
2026-04-18,16:45:05.960,-61,-55,10,4080,42210,41,44,16,23266,44,8,312,547,6,516,1024,204,1024,0,-1,-1,-1,0x100048049C140205,1601,1501,1730,988,2012,1779,1502,1500,1500,1765,1193,1449,1500,1500,1500,1500,1500,1500,1219,1781,1500,1609,1500,2012,1500,1742,1501,1500,1520,1705,1500,988,8.3
2026-04-18,16:45:06.460,-67,-61,10,4079,2030,43,44,16,14056,44,8,315,415,367,516,1024,204,1024,0,-1,-1,-1,0x100048049C140245,1571,1619,1730,988,2012,1718,1678,1500,1500,1697,1193,1449,1500,1500,1500,1500,1500,1500,1372,1628,1500,1609,1500,2012,1500,1741,1619,1500,1520,1705,1500,988,8.3
2026-04-18,16:45:06.960,-59,-64,10,4083,7250,43,44,16,14756,44,8,316,-503,574,516,1024,204,1024,0,-1,-1,-1,0x100048049C140205,1411,1690,1730,988,2012,1249,1787,1500,1500,1267,1193,1449,1500,1500,1500,1500,1500,1500,1372,1628,1500,1609,1500,2012,1500,1836,1690,1500,1520,1705,1500,988,8.3
2026-04-18,16:45:07.460,-52,-64,10,4099,5530,43,44,16,10000,44,8,317,-54,431,516,1024,204,1024,0,-1,-1,-1,0x100048009C140205,1492,1638,1730,988,2012,1465,1715,1500,1500,1474,1193,1449,1500,1500,1500,1500,1500,1500,1372,1628,1500,1609,1500,2012,1500,1775,1638,1500,1520,1705,1500,988,8.3
2026-04-18,16:45:07.960,-60,-62,100,4108,18600,43,44,16,13078,44,8,320,-356,456,516,1024,204,1024,0,-1,-1,-1,0x100048009C140205,1432,1648,1730,988,2012,1331,1728,1500,1500,1314,1193,1449,1500,1500,1500,1500,1500,1500,1372,1628,1500,1609,1500,2012,1500,1787,1648,1500,1520,1705,1500,988,8.3
2026-04-18,16:45:08.460,-73,-66,10,4122,8930,43,44,16,12476,44,8,321,-7,437,516,1024,204,1024,0,-1,-1,-1,0x1000480498140245,1499,1640,1730,988,2012,1497,1718,1500,1500,1496,1193,1449,1500,1500,1500,1500,1500,1500,1372,1628,1500,1609,1500,2012,1500,1777,1640,1500,1520,1705,1500,988,8.3
2026-04-18,16:45:08.960,-69,-70,10,4116,27600,43,44,16,21330,44,8,324,0,31,516,1024,204,1024,0,-1,-1,-1,0x1000480498140205,1500,1507,1730,988,2012,1500,1515,1500,1500,1500,1193,1449,1500,1500,1500,1500,1500,1500,1101,2012,1500,1609,1500,2012,1500,1516,1507,1500,1520,1705,1500,988,8.3
2026-04-18,16:45:09.460,-66,-70,10,4117,2380,43,44,16,10598,44,8,325,677,442,516,1024,204,1024,0,-1,-1,-1,0x100048009C140205,1638,1638,1730,988,2012,1838,1721,1500,1500,1838,1193,1449,1500,1500,1500,1500,1500,1500,1372,1628,1500,1609,1500,2012,1500,1774,1638,1500,1520,1705,1500,988,8.3
2026-04-18,16:45:09.960,-65,-75,10,4111,35310,43,44,16,19374,44,9,327,-405,761,516,1024,204,1024,0,-1,-1,-1,0x100048019C140605,1425,1793,1730,988,2012,1298,1880,1500,1500,1298,1193,1449,1500,1500,1500,1500,1500,1500,1372,1628,1500,1609,1500,2012,1500,1917,1793,1500,1520,1705,1500,988,8.3
2026-04-18,16:45:10.460,-70,-78,10,4105,17480,43,44,16,21100,44,9,331,-526,476,516,1024,204,1024,0,-1,-1,-1,0x100048049C140245,1397,1660,1730,988,2012,1245,1738,1500,1500,1237,1193,1449,1500,1500,1500,1500,1500,1500,1372,1628,1500,1609,1500,2012,1500,1802,1660,1500,1520,1705,1500,988,8.3
2026-04-18,16:45:10.960,-75,-71,10,4103,8230,43,44,16,14760,44,9,333,-487,288,516,1024,204,1024,0,-1,-1,-1,0x100048049C140205,1407,1586,1730,988,2012,1257,1644,1500,1500,1257,1193,1449,1500,1500,1500,1500,1500,1500,1372,1628,1500,1609,1500,2012,1500,1698,1586,1500,1520,1705,1500,988,8.3
2026-04-18,16:45:11.460,-80,-71,10,4106,16110,43,44,16,15700,44,9,335,118,510,516,1024,204,1024,0,-1,-1,-1,0x100048049C140245,1520,1669,1730,988,2012,1559,1755,1500,1500,1559,1193,1449,1500,1500,1500,1500,1500,1500,1372,1628,1500,1609,1500,2012,1500,1812,1669,1500,1520,1705,1500,988,8.3
2026-04-18,16:45:11.960,-74,-80,10,4106,6510,43,44,16,14688,44,9,336,-300,-652,516,1024,204,1024,0,-1,-1,-1,0x100048049E180205,1446,1284,1730,1334,2012,1350,1183,1200,1500,1351,1193,1449,1500,1500,1500,1500,1500,1200,1192,2012,1500,1609,1500,988,1500,1118,1500,1500,1520,1705,1147,988,8.3
2026-04-18,16:45:12.460,-81,-86,10,4121,8090,43,44,16,8822,44,9,337,-1024,381,516,1024,204,1024,0,-1,-1,-1,0x100048009C140205,1205,1614,1730,988,2012,988,1690,1500,1500,988,1193,1449,1500,1500,1500,1500,1500,1500,1372,1628,1500,1609,1500,2012,1500,1741,1614,1500,1520,1705,1500,988,8.3
2026-04-18,16:45:12.960,-76,-77,25,4128,8230,43,44,16,7756,44,9,338,-1024,323,516,1024,204,1024,0,-1,-1,-1,0x100048009C140205,1205,1598,1730,988,2012,988,1661,1500,1500,988,1193,1449,1500,1500,1500,1500,1500,1500,1372,1628,1500,1609,1500,2012,1500,1717,1598,1500,1520,1705,1500,988,8.3
2026-04-18,16:45:13.460,-76,-75,10,4130,15230,43,44,16,9508,44,9,339,-460,356,516,1024,203,1024,0,-1,-1,-1,0x100048009C141A85,1409,1610,1730,988,2012,1270,1678,1500,1500,1261,1193,1449,1500,1500,1500,1500,1500,1500,1372,1628,1500,1609,1500,2012,1500,1735,1610,1500,1520,1705,1500,988,8.3
2026-04-18,16:45:13.960,-81,-86,10,4126,23990,43,44,16,14720,44,9,342,96,518,516,1024,204,1024,0,-1,-1,-1,0x100048019C140205,1514,1682,1730,988,2012,1548,1759,1500,1500,1541,1193,1449,1500,1500,1500,1500,1500,1500,1372,1628,1500,1609,1500,2012,1500,1822,1682,1500,1520,1705,1500,988,8.3
2026-04-18,16:45:14.460,-83,-86,10,4116,36710,43,44,16,16038,44,9,345,2,748,516,1024,204,1024,0,-1,-1,-1,0x1000480198140605,1500,1794,1730,988,2012,1501,1866,1500,1500,1501,1193,1449,1500,1500,1500,1500,1500,1500,1372,1628,1500,1609,1500,2012,1500,1912,1794,1500,1520,1705,1500,988,8.3
2026-04-18,16:45:14.960,-73,-74,10,4110,6440,43,44,16,26732,44,9,349,-66,5,516,1024,203,1024,0,-1,-1,-1,0x100048049C140205,1489,1501,1730,988,2012,1467,1502,1500,1500,1467,1193,1449,1500,1500,1500,1500,1500,1500,1254,2012,1500,1609,1500,2012,1500,1503,1501,1500,1520,1705,1500,988,8.3
2026-04-18,16:45:15.460,-76,-78,10,4111,3500,43,44,16,12296,44,9,349,6,203,516,1024,203,1024,0,-1,-1,-1,0x1000480498140245,1501,1559,1730,988,2012,1503,1601,1500,1500,1503,1193,1449,1500,1500,1500,1500,1500,1500,1372,1628,1500,1609,1500,2012,1500,1646,1559,1500,1520,1705,1500,988,8.3
2026-04-18,16:45:15.960,-78,-79,10,4116,2520,43,44,16,4850,44,9,349,1024,358,516,1024,203,1024,0,-1,-1,-1,0x100048009C140205,1762,1611,1730,988,2012,2012,1679,1500,1500,2012,1193,1449,1500,1500,1500,1500,1500,1500,1372,1628,1500,1609,1500,2012,1500,1737,1611,1500,1520,1705,1500,988,8.3
2026-04-18,16:45:16.460,-72,-75,10,4124,13940,43,44,16,9160,44,9,350,1024,475,516,1024,204,1024,0,-1,-1,-1,0x100048009C140205,1762,1656,1730,988,2012,2012,1737,1500,1500,2012,1193,1449,1500,1500,1500,1500,1500,1500,1372,1628,1500,1609,1500,2012,1500,1796,1656,1500,1520,1705,1500,988,8.3
2026-04-18,16:45:16.960,-66,-72,10,4131,19860,43,44,16,12272,44,9,353,76,619,516,1024,204,1024,0,-1,-1,-1,0x100048019C140605,1515,1718,1730,988,2012,1538,1809,1500,1500,1544,1193,1449,1500,1500,1500,1500,1500,1500,1372,1628,1500,1609,1500,2012,1500,1861,1718,1500,1520,1705,1500,988,8.3
2026-04-18,16:45:17.460,-77,-74,10,4109,39690,43,44,16,28448,44,9,358,142,876,516,1024,204,1024,0,-1,-1,-1,0x100048059C140245,1526,1858,1730,988,2012,1563,1938,1500,1500,1577,1193,1449,1500,1500,1500,1500,1500,1500,1372,1628,1500,1609,1500,2012,1500,1960,1858,1500,1520,1705,1500,988,8.3
2026-04-18,16:45:17.960,-77,-73,10,4080,66030,43,44,16,26520,44,10,365,1,945,516,1024,204,1024,0,-1,-1,-1,0x1000480598140605,1500,1926,1730,988,2012,1500,1972,1500,1500,1500,1193,1449,1500,1500,1500,1500,1500,1500,1372,1628,1500,1609,1500,2012,1500,1984,1926,1500,1520,1705,1500,988,8.3
2026-04-18,16:45:18.460,-78,-83,10,4057,14250,43,44,16,21672,44,10,370,554,74,516,1024,204,1024,0,-1,-1,-1,0x100048049C140245,1606,1527,1725,988,2012,1777,1537,1500,1500,1776,1193,1449,1500,1500,1500,1500,1500,1500,1372,1628,1500,1609,1500,2012,1500,1557,1527,1500,1520,1705,1500,988,8.3
2026-04-18,16:45:18.960,-75,-77,10,4057,2520,45,44,16,16080,44,10,371,855,134,516,1024,204,1024,0,-1,-1,-1,0x100048049C141A85,1690,1542,1730,988,2012,1927,1567,1500,1500,1927,1193,1449,1500,1500,1500,1500,1500,1500,1372,1628,1500,1609,1500,2012,1500,1599,1542,1500,1520,1705,1500,988,8.3
2026-04-18,16:45:19.460,-72,-88,10,4065,7810,45,44,16,9072,44,10,372,-52,750,516,1024,204,1024,0,-1,-1,-1,0x1000480098140A85,1494,1780,1730,988,2012,1469,1875,1500,1500,1480,1193,1449,1500,1500,1500,1500,1500,1500,1372,1628,1500,1609,1500,2012,1500,1913,1780,1500,1520,1705,1500,988,8.3
2026-04-18,16:45:19.960,-87,-72,10,4062,53250,45,44,16,23886,44,10,377,159,825,516,1024,204,1024,0,-1,-1,-1,0x100048019C140E85,1527,1829,1730,988,2012,1579,1912,1500,1500,1580,1193,1449,1500,1500,1500,1500,1500,1500,1372,1628,1500,1609,1500,2012,1500,1941,1829,1500,1520,1705,1500,988,8.3
2026-04-18,16:45:20.460,-83,-92,10,4069,41230,45,44,16,22752,44,10,383,-256,750,516,1024,203,1024,0,-1,-1,-1,0x100048059C140245,1451,1781,1730,988,2012,1372,1875,1500,1500,1363,1193,1449,1500,1500,1500,1500,1500,1500,1372,1628,1500,1609,1500,2012,1500,1909,1781,1500,1520,1705,1500,988,8.3
2026-04-18,16:45:20.960,-90,-74,100,4048,55140,45,44,16,30484,45,10,389,-30,337,516,1024,204,1024,0,-1,-1,-1,0x1000480598140605,1495,1634,1730,988,2012,1485,1668,1500,1500,1485,1193,1449,1500,1500,1500,1500,1500,1500,1372,1628,1500,1609,1500,2012,1500,1942,1634,1500,1520,1705,1500,988,8.3
2026-04-18,16:45:21.460,-79,-74,10,4040,2760,45,44,16,18180,45,10,392,583,286,516,1024,204,1024,0,-1,-1,-1,0x100048049C140245,1613,1579,1730,988,2012,1791,1643,1500,1500,1791,1193,1449,1500,1500,1500,1500,1500,1500,1372,1628,1500,1609,1500,2012,1500,1688,1579,1500,1520,1705,1500,988,8.3
2026-04-18,16:45:21.960,-83,-73,10,4043,8580,45,44,16,14884,45,10,393,-532,275,516,1024,204,1024,0,-1,-1,-1,0x100048049C140205,1396,1576,1730,988,2012,1234,1637,1500,1500,1234,1193,1449,1500,1500,1500,1500,1500,1500,1372,1628,1500,1609,1500,2012,1500,1689,1576,1500,1520,1705,1500,988,8.3
2026-04-18,16:45:22.460,-77,-85,10,4068,3570,45,44,16,7682,45,10,394,766,360,516,1024,204,1024,0,-1,-1,-1,0x100048009C140205,1656,1607,1730,988,2012,1883,1680,1500,1500,1872,1193,1449,1500,1500,1500,1500,1500,1500,1372,1628,1500,1609,1500,2012,1500,1731,1607,1500,1520,1705,1500,988,8.3
2026-04-18,16:45:22.960,-80,-79,10,4081,39690,45,44,16,19144,45,10,397,515,727,516,1024,204,1024,0,-1,-1,-1,0x100048019C140605,1593,1784,1730,988,2012,1762,1863,1500,1500,1748,1193,1449,1500,1500,1500,1500,1500,1500,1372,1628,1500,1609,1500,2012,1500,1910,1784,1500,1520,1705,1500,988,8.3
2026-04-18,16:45:23.460,-75,-68,10,4094,12220,45,44,16,14784,45,10,400,579,371,516,1024,204,1024,0,-1,-1,-1,0x100048009C140205,1617,1621,1730,988,2012,1789,1685,1500,1500,1798,1193,1449,1500,1500,1500,1500,1500,1500,1372,1628,1500,1609,1500,2012,1500,1751,1621,1500,1520,1705,1500,988,8.3
2026-04-18,16:45:23.960,-67,-69,10,4094,2480,45,44,16,11424,45,10,401,-1024,2,516,1024,204,1024,0,-1,-1,-1,0x100048049C140205,1205,1500,1730,988,2012,988,1501,1500,1500,988,1193,1449,1500,1500,1500,1500,1500,1500,1192,2012,1500,1609,1500,2012,1500,1501,1500,1500,1520,1705,1500,988,8.3
2026-04-18,16:45:24.460,-68,-67,10,4092,18950,45,44,16,11586,45,10,401,591,636,516,1024,204,1024,0,-1,-1,-1,0x100048009C140205,1611,1719,1730,988,2012,1795,1818,1500,1500,1786,1193,1449,1500,1500,1500,1500,1500,1500,1372,1628,1500,1609,1500,2012,1500,1867,1719,1500,1520,1705,1500,988,8.3
2026-04-18,16:45:24.960,-65,-76,10,4082,19090,45,44,16,11488,45,11,405,-1024,347,516,1024,204,1024,0,-1,-1,-1,0x100048009C140205,1205,1601,1730,988,2012,988,1678,1500,1500,988,1193,1449,1500,1500,1500,1500,1500,1500,1372,1628,1500,1609,1500,2012,1500,1722,1601,1500,1520,1705,1500,988,8.3
2026-04-18,16:45:25.460,-66,-58,10,4091,28620,45,44,16,16982,45,11,407,1023,-336,516,1024,204,1024,0,-1,-1,-1,0x100048049E180205,1762,1354,1730,1239,2012,2011,1332,1298,1500,2011,1193,1449,1500,1500,1500,1500,1500,1297,988,2012,1500,1609,1500,988,1500,1422,1500,1500,1520,1705,1262,988,8.3
2026-04-18,16:45:25.960,-61,-64,10,4094,5740,45,44,16,3972,45,11,409,1024,399,516,1024,203,1024,0,-1,-1,-1,0x100048009C140205,1762,1635,1730,988,2012,2012,1699,1500,1500,2012,1193,1449,1500,1500,1500,1500,1500,1500,1372,1628,1500,1609,1500,2012,1500,1764,1635,1500,1520,1705,1500,988,8.3
2026-04-18,16:45:26.460,-61,-59,10,4091,20210,45,44,16,11506,45,11,411,0,538,516,1024,204,1024,0,-1,-1,-1,0x1000480198140605,1500,1681,1730,988,2012,1500,1769,1500,1500,1500,1193,1449,1500,1500,1500,1500,1500,1500,1372,1628,1500,1609,1500,2012,1500,1825,1681,1500,1520,1705,1500,988,8.3
2026-04-18,16:45:26.960,-88,-65,10,4088,22350,45,44,16,13532,45,11,414,-405,543,516,1024,204,1024,0,-1,-1,-1,0x100048019C140605,1425,1682,1730,988,2012,1298,1771,1500,1500,1298,1193,1449,1500,1500,1500,1500,1500,1500,1372,1628,1500,1609,1500,2012,1500,1827,1682,1500,1520,1705,1500,988,8.3
2026-04-18,16:45:27.460,-70,-73,10,4081,27920,45,44,16,19342,45,11,418,-146,3,516,1024,204,1024,0,-1,-1,-1,0x100048049C140205,1475,1501,1730,988,2012,1427,1502,1500,1500,1427,1193,1449,1500,1500,1500,1500,1500,1500,1065,1935,1500,1609,1500,2012,1500,1581,1501,1500,1520,1705,1500,988,8.3
2026-04-18,16:45:27.960,-51,-73,10,4082,17200,45,44,16,24504,45,11,420,-3,566,516,1024,204,1024,0,-1,-1,-1,0x1000480498140245,1500,1692,1730,988,2012,1499,1783,1500,1500,1499,1193,1449,1500,1500,1500,1500,1500,1500,1372,1628,1500,1609,1500,2012,1500,1838,1692,1500,1520,1705,1500,988,8.3
2026-04-18,16:45:28.460,-51,-50,10,4083,2660,45,44,16,14684,45,11,421,-1024,-769,517,1024,204,1024,0,-1,-1,-1,0x100048049E100205,1205,1281,1730,1337,2012,988,1122,1197,1500,988,1193,1449,1500,1500,1500,1500,1500,1197,1264,2012,1500,1609,1500,988,1500,1075,1500,1500,1520,1705,1143,988,8.3
2026-04-18,16:45:28.960,-51,-52,10,4090,0,45,44,16,1464,45,11,421,-1024,3,516,1024,204,1024,0,-1,-1,-1,0x100048009C140205,1205,1501,1730,988,2012,988,1501,1500,1500,988,1193,1449,1500,1500,1500,1500,1500,1500,1372,2012,1500,1609,1500,2012,1500,1502,1501,1500,1520,1705,1500,988,8.3
2026-04-18,16:45:29.460,-55,-54,10,4100,840,45,44,16,2230,45,11,421,-497,378,516,1024,204,1024,0,-1,-1,-1,0x100048009C140205,1399,1619,1730,988,2012,1259,1689,1500,1500,1242,1193,1449,1500,1500,1500,1500,1500,1500,1372,1628,1500,1609,1500,2012,1500,1748,1619,1500,1520,1705,1500,988,8.3
2026-04-18,16:45:29.960,-68,-58,10,4107,22140,45,44,16,10738,45,11,423,-615,380,516,1024,204,1024,0,-1,-1,-1,0x100048009C140205,1369,1619,1730,988,2012,1193,1690,1500,1500,1182,1193,1449,1500,1500,1500,1500,1500,1500,1372,1628,1500,1609,1500,2012,1500,1748,1619,1500,1520,1705,1500,988,8.3
2026-04-18,16:45:30.460,-66,-64,10,4101,21300,45,44,16,13916,45,11,427,468,244,516,1024,204,1024,0,-1,-1,-1,0x100048009C140205,1587,1573,1730,988,2012,1734,1622,1500,1500,1734,1193,1449,1500,1500,1500,1500,1500,1500,1372,1628,1500,1609,1500,2012,1500,1671,1573,1500,1520,1705,1500,988,8.3
2026-04-18,16:45:30.960,-61,-76,10,4097,18630,45,44,16,14982,45,11,429,1024,15,516,1024,204,1024,0,-1,-1,-1,0x100048009C100205,1762,1500,1730,988,2012,2012,1507,1500,1500,2012,1193,1449,1500,1500,1500,1500,1500,1500,1131,2012,1500,1609,1500,988,1500,1501,1500,1500,1520,1705,1500,988,8.3
2026-04-18,16:45:31.460,-56,-72,10,4092,20490,45,44,16,12070,45,11,432,1024,358,516,1024,203,1024,0,-1,-1,-1,0x100048009C140205,1762,1600,1730,988,2012,2012,1679,1500,1500,2012,1193,1449,1500,1500,1500,1500,1500,1500,1372,1628,1500,1609,1500,2012,1500,1728,1600,1500,1520,1705,1500,988,8.3
2026-04-18,16:45:31.960,-54,-72,10,4082,31450,45,44,16,16026,45,11,434,1024,360,516,1024,204,1024,0,-1,-1,-1,0x100048009C140205,1762,1607,1730,988,2012,2012,1680,1500,1500,2012,1193,1449,1500,1500,1500,1500,1500,1500,1372,1628,1500,1609,1500,2012,1500,1731,1607,1500,1520,1705,1500,988,8.3
2026-04-18,16:45:32.460,-56,-72,10,4080,21470,45,44,16,14426,45,11,437,476,1022,516,1024,204,1024,0,-1,-1,-1,0x100048099C142205,1589,2009,1730,988,2012,1738,2011,1500,1500,1738,1193,1449,1500,1500,1500,1500,1500,1500,1372,1628,1500,1609,1500,2012,1500,2011,1949,1500,1520,1705,1500,988,8.3
2026-04-18,16:45:32.960,-56,-61,10,4068,7110,45,44,16,17206,45,11,445,379,1023,516,1024,204,1024,0,-1,-1,-1,0x100048049C142205,1568,2010,1730,988,2012,1689,2011,1500,1500,1689,1193,1449,1500,1500,1500,1500,1500,1500,1372,1628,1500,1609,1500,2012,1500,2011,1987,1500,1520,1705,1500,988,8.3
2026-04-18,16:45:33.460,-53,-61,10,4062,10330,45,44,16,34118,45,11,448,493,-286,516,1024,204,1024,0,-1,-1,-1,0x100048049E180245,1592,1371,1730,1209,2012,1746,1357,1321,1500,1746,1193,1449,1500,1500,1500,1500,1500,1321,1050,2012,1500,1609,1500,988,1500,1468,1500,1500,1520,1705,1289,988,8.3
2026-04-18,16:45:33.960,-51,-61,10,4069,1570,46,44,16,6424,45,12,448,686,150,516,1024,204,1024,0,-1,-1,-1,0x100048009C140205,1640,1546,1730,988,2012,1843,1575,1500,1500,1843,1193,1449,1500,1500,1500,1500,1500,1500,1372,1628,1500,1609,1500,2012,1500,1610,1546,1500,1520,1705,1500,988,8.3
2026-04-18,16:45:34.460,-64,-60,10,4083,630,46,44,16,5644,46,12,448,1024,2,516,1024,204,1024,0,-1,-1,-1,0x100048009C140205,1762,1500,1730,988,2012,2012,1501,1500,1500,2012,1193,1449,1500,1500,1500,1500,1500,1500,1080,2012,1500,1609,1500,2012,1500,1501,1500,1500,1520,1705,1500,988,8.3
2026-04-18,16:45:34.960,-66,-67,10,4106,13310,46,44,16,7468,46,12,449,680,73,516,1024,204,1024,0,-1,-1,-1,0x100048009C140205,1639,1527,1730,988,2012,1840,1536,1500,1500,1840,1193,1449,1500,1500,1500,1500,1500,1500,1372,1628,1500,1609,1500,2012,1500,1556,1527,1500,1520,1705,1500,988,8.3
2026-04-18,16:45:35.460,-61,-70,10,4118,2380,46,44,16,5486,46,12,450,-995,422,516,1024,204,1024,0,-1,-1,-1,0x100048009C140205,1230,1635,1730,988,2012,1003,1711,1500,1500,1010,1193,1449,1500,1500,1500,1500,1500,1500,1372,1628,1500,1609,1500,2012,1500,1770,1635,1500,1520,1705,1500,988,8.3
2026-04-18,16:45:35.960,-68,-56,10,4115,27810,46,44,16,12678,46,12,452,-31,553,516,1024,204,1024,0,-1,-1,-1,0x1000480198140605,1492,1687,1730,988,2012,1485,1776,1500,1500,1476,1193,1449,1500,1500,1500,1500,1500,1500,1372,1628,1500,1609,1500,2012,1500,1832,1687,1500,1520,1705,1500,988,8.3
2026-04-18,16:45:36.460,-68,-57,10,4106,6060,46,44,16,10684,46,12,455,-1024,-379,516,1024,204,1024,0,-1,-1,-1,0x100048009E180205,1205,1340,1730,1263,2012,988,1311,1278,1500,988,1193,1449,1500,1500,1500,1500,1500,1278,988,2012,1500,1609,1500,988,1500,1403,1500,1500,1520,1705,1239,988,8.3
2026-04-18,16:45:36.960,-56,-60,10,4104,4760,46,44,16,6046,46,12,455,-1024,313,516,1024,203,1024,0,-1,-1,-1,0x100048009C140205,1205,1599,1730,988,2012,988,1656,1500,1500,988,1193,1449,1500,1500,1500,1500,1500,1500,1372,1628,1500,1609,1500,2012,1500,1717,1599,1500,1520,1705,1500,988,8.3
2026-04-18,16:45:37.460,-52,-60,10,4102,17900,46,44,16,11552,46,12,457,-919,455,516,1024,204,1024,0,-1,-1,-1,0x100048009C140205,1264,1654,1730,988,2012,1041,1727,1500,1500,1041,1193,1449,1500,1500,1500,1500,1500,1500,1372,1628,1500,1609,1500,2012,1500,1795,1654,1500,1520,1705,1500,988,8.3
2026-04-18,16:45:37.960,-73,-62,10,4095,18460,46,44,16,14696,46,12,459,5,575,516,1024,204,1024,0,-1,-1,-1,0x1000480898140205,1501,1703,1730,988,2012,1502,1787,1500,1500,1502,1193,1449,1500,1500,1500,1500,1500,1500,1372,1628,1500,1609,1500,2012,1500,1849,1703,1500,1520,1705,1500,988,8.3
2026-04-18,16:45:38.460,-73,-64,10,4100,0,46,44,16,6738,46,12,462,1024,248,516,1024,204,1024,0,-1,-1,-1,0x100048009C140205,1762,1580,1730,988,2012,2012,1624,1500,1500,2012,1193,1449,1500,1500,1500,1500,1500,1500,1372,1628,1500,1609,1500,2012,1500,1696,1580,1500,1520,1705,1500,988,8.3
2026-04-18,16:45:38.960,-61,-63,10,4104,9420,46,44,16,5308,46,12,462,1024,525,516,1024,204,1024,0,-1,-1,-1,0x100048009C140205,1762,1676,1730,988,2012,2012,1762,1500,1500,2012,1193,1449,1500,1500,1500,1500,1500,1500,1372,1628,1500,1609,1500,2012,1500,1819,1676,1500,1520,1705,1500,988,8.3
2026-04-18,16:45:39.460,-54,-69,10,4095,29980,46,44,16,14100,46,12,465,-41,661,516,1024,204,1024,0,-1,-1,-1,0x1000480198140605,1494,1740,1730,988,2012,1480,1830,1500,1500,1480,1193,1449,1500,1500,1500,1500,1500,1500,1372,1628,1500,1609,1500,2012,1500,1878,1740,1500,1520,1705,1500,988,8.3
2026-04-18,16:45:39.960,-59,-58,10,4081,31700,46,44,16,19458,46,12,470,-219,-4,516,1024,204,1024,0,-1,-1,-1,0x100048009C140205,1467,1498,1730,992,2012,1391,1498,1497,1500,1405,1193,1449,1500,1500,1500,1500,1500,1497,1219,1781,1500,1609,1500,2012,1500,1693,1500,1500,1520,1705,1497,988,8.3
2026-04-18,16:45:40.460,-67,-69,10,4085,3670,46,44,16,8116,46,12,472,1024,341,516,1024,204,1024,0,-1,-1,-1,0x100048009C140205,1762,1615,1730,988,2012,2012,1670,1500,1500,2012,1193,1449,1500,1500,1500,1500,1500,1500,1372,1628,1500,1609,1500,2012,1500,1756,1615,1500,1520,1705,1500,988,8.3
2026-04-18,16:45:40.960,-81,-79,10,4079,22450,46,44,16,15278,46,12,474,520,465,516,1024,204,1024,0,-1,-1,-1,0x100048009C140205,1598,1643,1730,988,2012,1760,1732,1500,1500,1760,1193,1449,1500,1500,1500,1500,1500,1500,1372,1628,1500,1609,1500,2012,1500,1786,1643,1500,1520,1705,1500,988,8.3
2026-04-18,16:45:41.460,-81,-64,10,4067,36890,46,44,16,21150,46,12,477,9,355,516,1024,204,1024,0,-1,-1,-1,0x1000480498140245,1501,1599,1730,988,2012,1504,1677,1500,1500,1504,1193,1449,1500,1500,1500,1500,1500,1500,1372,1628,1500,1609,1500,2012,1500,1727,1599,1500,1520,1705,1500,988,8.3
2026-04-18,16:45:41.960,-81,-60,10,4075,2030,46,44,16,8714,46,12,479,127,534,516,1024,204,1024,0,-1,-1,-1,0x100048009C140205,1528,1674,1730,988,2012,1563,1767,1500,1500,1580,1193,1449,1500,1500,1500,1500,1500,1500,1372,1628,1500,1609,1500,2012,1500,1819,1674,1500,1520,1705,1500,988,8.3
2026-04-18,16:45:42.460,-77,-59,10,4081,30330,46,44,16,22346,46,12,482,-149,816,516,1024,203,1024,0,-1,-1,-1,0x100048019C140205,1477,1838,1730,988,2012,1426,1908,1500,1500,1433,1193,1449,1500,1500,1500,1500,1500,1500,1372,1628,1500,1609,1500,2012,1500,1942,1838,1500,1520,1705,1500,988,8.3
2026-04-18,16:45:42.960,-77,-54,10,4064,40740,46,44,16,22382,46,12,486,-161,889,516,1024,204,1024,0,-1,-1,-1,0x100048059C140645,1472,1866,1730,988,2012,1420,1944,1500,1500,1419,1193,1449,1500,1500,1500,1500,1500,1500,1372,1628,1500,1609,1500,2012,1500,1965,1866,1500,1520,1705,1500,988,8.3
2026-04-18,16:45:43.460,-51,-54,10,4046,16710,46,44,16,23872,46,13,493,87,181,516,1024,204,1024,0,-1,-1,-1,0x100048049C140245,1515,1565,1730,988,2012,1543,1590,1500,1500,1543,1193,1449,1500,1500,1500,1500,1500,1500,1372,1628,1500,1609,1500,2012,1500,1774,1565,1500,1520,1705,1500,988,8.3
2026-04-18,16:45:43.960,-52,-56,10,4053,4650,46,44,16,17468,46,13,494,-266,192,516,1024,204,1024,0,-1,-1,-1,0x100048049C140205,1458,1549,1730,988,2012,1367,1596,1500,1500,1381,1193,1449,1500,1500,1500,1500,1500,1500,1372,1628,1500,1609,1500,2012,1500,1629,1549,1500,1520,1705,1500,988,8.3
2026-04-18,16:45:44.460,-62,-66,10,4055,4650,46,44,16,16050,46,13,495,1,447,516,1024,204,1024,0,-1,-1,-1,0x1000480498140245,1500,1644,1730,988,2012,1500,1723,1500,1500,1500,1193,1449,1500,1500,1500,1500,1500,1500,1372,1628,1500,1609,1500,2012,1500,1782,1644,1500,1520,1705,1500,988,8.3
2026-04-18,16:45:44.960,-63,-62,10,4065,6340,46,44,16,20052,46,13,496,1,945,516,1024,204,1024,0,-1,-1,-1,0x1000480498142205,1500,1936,1730,988,2012,1500,1972,1500,1500,1501,1193,1449,1500,1500,1500,1500,1500,1500,1372,1628,1500,1609,1500,2012,1500,1997,1979,1500,1520,1705,1500,988,8.3
2026-04-18,16:45:45.460,-68,-73,10,4090,6230,46,44,16,26158,47,13,499,569,140,516,1024,204,1024,0,-1,-1,-1,0x100048049C140245,1608,1541,1730,988,2012,1784,1570,1500,1500,1779,1193,1449,1500,1500,1500,1500,1500,1500,1372,1628,1500,1609,1500,2012,1500,1596,1541,1500,1520,1705,1500,988,8.3
2026-04-18,16:45:45.960,-65,-69,10,4104,25600,48,44,16,10874,47,13,500,64,631,516,1024,204,1024,0,-1,-1,-1,0x100048019C140605,1509,1733,1730,988,2012,1532,1815,1500,1500,1527,1193,1449,1500,1500,1500,1500,1500,1500,1372,1628,1500,1609,1500,2012,1500,1872,1733,1500,1520,1705,1500,988,8.3
2026-04-18,16:45:46.460,-61,-69,10,4090,30890,48,44,16,19308,47,13,504,-919,563,516,1024,204,1024,0,-1,-1,-1,0x100048009C140205,1258,1690,1730,988,2012,1041,1781,1500,1500,1035,1193,1449,1500,1500,1500,1500,1500,1500,1372,1628,1500,1609,1500,2012,1500,1837,1690,1500,1520,1705,1500,988,8.3
2026-04-18,16:45:46.960,-76,-72,10,4076,55840,48,44,16,20288,47,13,508,-866,285,516,1024,204,1024,0,-1,-1,-1,0x100048049C140205,1289,1579,1730,988,2012,1067,1642,1500,1500,1067,1193,1449,1500,1500,1500,1500,1500,1500,1372,1628,1500,1609,1500,2012,1500,1837,1579,1500,1520,1705,1500,988,8.3
2026-04-18,16:45:47.460,-76,-79,10,4070,12820,48,44,16,15236,47,13,511,2,497,516,1024,204,1024,0,-1,-1,-1,0x1000480498140245,1500,1686,1730,988,2012,1501,1748,1500,1500,1501,1193,1449,1500,1500,1500,1500,1500,1500,1372,1628,1500,1609,1500,2012,1500,1846,1686,1500,1520,1705,1500,988,8.3
2026-04-18,16:45:47.960,-78,-80,10,4057,5110,48,44,16,16248,47,13,513,-91,-733,516,1024,203,1024,0,-1,-1,-1,0x100048049E180205,1485,1281,1730,1337,2012,1455,1134,1197,1500,1455,1193,1449,1500,1500,1500,1500,1500,1197,988,2012,1500,1609,1500,988,1500,1328,1500,1500,1520,1705,1143,988,8.3
2026-04-18,16:45:48.460,-83,-82,10,4069,0,48,44,16,7354,47,13,513,-1024,44,516,1024,204,1024,0,-1,-1,-1,0x100048009C100205,1205,1510,1730,988,2012,988,1522,1500,1500,988,1193,1449,1500,1500,1500,1500,1500,1500,1372,2012,1500,1609,1500,988,1500,1523,1510,1500,1520,1705,1500,988,8.3
2026-04-18,16:45:48.960,-79,-82,10,4077,1960,48,44,16,5278,47,13,514,-1024,209,516,1024,204,1024,0,-1,-1,-1,0x100048009C140205,1205,1556,1730,988,2012,988,1604,1500,1500,988,1193,1449,1500,1500,1500,1500,1500,1500,1372,1628,1500,1609,1500,2012,1500,1639,1556,1500,1520,1705,1500,988,8.3
2026-04-18,16:45:49.460,-79,-88,10,4094,14670,48,44,16,8770,47,13,515,-971,379,516,1024,204,1024,0,-1,-1,-1,0x100048009C140205,1229,1619,1730,988,2012,1015,1689,1500,1500,1009,1193,1449,1500,1500,1500,1500,1500,1500,1372,1628,1500,1609,1500,2012,1500,1748,1619,1500,1520,1705,1500,988,8.3
2026-04-18,16:45:49.960,-84,-86,25,4095,27250,48,44,16,12842,47,13,517,280,340,516,1024,204,1024,0,-1,-1,-1,0x100048009C141605,1542,1625,1730,988,2012,1645,1661,1500,1500,1622,1193,1449,1500,1500,1500,1500,1500,1500,1372,1628,1500,1609,1500,2012,1500,1792,1625,1500,1520,1705,1500,988,8.3
2026-04-18,16:45:50.460,-80,-76,10,4088,30370,48,44,16,14576,47,13,520,-105,819,516,1024,204,1024,0,-1,-1,-1,0x100048009C140205,1484,1825,1730,988,2012,1448,1909,1500,1500,1453,1193,1449,1500,1500,1500,1500,1500,1500,1372,1628,1500,1609,1500,2012,1500,1938,1825,1500,1520,1705,1500,988,8.3
2026-04-18,16:45:50.960,-83,-74,10,4075,5530,48,44,16,20590,47,13,526,-97,1017,516,1024,204,1024,0,-1,-1,-1,0x100048049C142205,1484,2001,1730,988,2012,1452,2008,1500,1500,1452,1193,1449,1500,1500,1500,1500,1500,1500,1372,1628,1500,1609,1500,2012,1500,2009,1878,1500,1520,1705,1500,988,8.3
2026-04-18,16:45:51.460,-83,-70,25,4070,12990,48,44,16,31904,47,14,529,-125,86,516,1024,203,1024,0,-1,-1,-1,0x100048049C140245,1479,1531,1730,988,2012,1438,1543,1500,1500,1438,1193,1449,1500,1500,1500,1500,1500,1500,1372,1628,1500,1609,1500,2012,1500,1565,1531,1500,1520,1705,1500,988,8.3
2026-04-18,16:45:51.960,-83,-73,10,4071,5140,48,44,16,10400,47,14,529,1024,-382,516,1024,203,1024,0,-1,-1,-1,0x100048009E100205,1762,1339,1730,1264,2012,2012,1309,1277,1500,2012,1193,1449,1500,1500,1500,1500,1500,1276,1080,2012,1500,1609,1500,988,1500,1242,1500,1500,1520,1705,1237,988,8.3
2026-04-18,16:45:52.460,-83,-71,10,4077,10430,48,44,16,5986,47,14,529,1024,435,516,1024,204,1024,0,-1,-1,-1,0x100048009C140205,1762,1640,1730,988,2012,2012,1717,1500,1500,2012,1193,1449,1500,1500,1500,1500,1500,1500,1372,1628,1500,1609,1500,2012,1500,1777,1640,1500,1520,1705,1500,988,8.3
2026-04-18,16:45:52.960,-84,-75,10,4089,14600,48,44,16,10308,47,14,531,178,656,516,1024,204,1024,0,-1,-1,-1,0x100048009C140205,1527,1737,1730,988,2012,1589,1828,1500,1500,1580,1193,1449,1500,1500,1500,1500,1500,1500,1372,1628,1500,1609,1500,2012,1500,1876,1737,1500,1520,1705,1500,988,8.3
2026-04-18,16:45:53.460,-70,-75,10,4080,41540,48,44,16,17778,47,14,536,-220,888,516,1024,203,1024,0,-1,-1,-1,0x100048019C140605,1464,1864,1730,988,2012,1390,1944,1500,1500,1397,1193,1449,1500,1500,1500,1500,1500,1500,1372,1628,1500,1609,1500,2012,1500,1964,1864,1500,1520,1705,1500,988,8.3
2026-04-18,16:45:53.960,-83,-74,10,4050,48900,48,44,16,30864,47,14,544,-2,48,516,1024,204,1024,0,-1,-1,-1,0x1000480498140245,1500,1530,1730,988,2012,1499,1524,1500,1500,1499,1193,1449,1500,1500,1500,1500,1500,1500,1372,1628,1500,1609,1500,2012,1500,1892,1530,1500,1520,1705,1500,988,8.3
2026-04-18,16:45:54.460,-78,-78,10,4036,7950,48,44,16,18220,47,14,548,27,18,516,1024,204,1024,0,-1,-1,-1,0x1000480498140205,1502,1502,1730,988,2012,1513,1509,1500,1500,1506,1193,1449,1500,1500,1500,1500,1500,1500,1219,1781,1500,1609,1500,2012,1500,1561,1502,1500,1520,1705,1500,988,8.3
2026-04-18,16:45:54.960,-78,-80,10,4036,3810,48,44,16,15194,47,14,548,835,334,516,1024,204,1024,0,-1,-1,-1,0x100048049C141AC5,1683,1597,1730,988,2012,1917,1667,1500,1500,1917,1193,1449,1500,1500,1500,1500,1500,1500,1372,1628,1500,1609,1500,2012,1500,1723,1597,1500,1520,1705,1500,988,8.3
2026-04-18,16:45:55.460,-71,-72,10,4042,4270,48,44,16,10796,47,14,549,952,407,516,1024,204,1024,0,-1,-1,-1,0x100048009C140A85,1728,1629,1730,988,2012,1976,1703,1500,1500,1976,1193,1449,1500,1500,1500,1500,1500,1500,1372,1628,1500,1609,1500,2012,1500,1762,1629,1500,1520,1705,1500,988,8.3
2026-04-18,16:45:55.960,-68,-72,10,4060,20980,48,44,16,13886,47,14,550,1024,486,516,1024,204,1024,0,-1,-1,-1,0x100048009C140A85,1762,1660,1730,988,2012,2012,1743,1500,1500,2012,1193,1449,1500,1500,1500,1500,1500,1500,1372,1628,1500,1609,1500,2012,1500,1801,1660,1500,1520,1705,1500,988,8.3
2026-04-18,16:45:56.460,-70,-73,10,4082,32440,48,44,16,27536,47,14,554,251,827,516,1024,204,1024,0,-1,-1,-1,0x100048019C140A85,1544,1830,1730,988,2012,1625,1913,1500,1500,1625,1193,1449,1500,1500,1500,1500,1500,1500,1372,1628,1500,1609,1500,2012,1500,1942,1830,1500,1520,1705,1500,988,8.3
2026-04-18,16:45:56.960,-88,-80,10,4056,64810,48,44,16,28122,47,14,560,-554,1024,516,1024,204,1024,0,-1,-1,-1,0x100048059C142EC5,1393,2012,1730,988,2012,1223,2012,1500,1500,1229,1193,1449,1500,1500,1500,1500,1500,1500,1372,1628,1500,1609,1500,2012,1500,2012,2012,1500,1520,1705,1500,988,8.3
2026-04-18,16:45:57.460,-76,-77,10,4037,22070,48,44,16,19186,47,14,565,-304,583,516,1024,204,1024,0,-1,-1,-1,0x100048049C140205,1441,1693,1730,988,2012,1348,1791,1500,1500,1337,1193,1449,1500,1500,1500,1500,1500,1500,1372,1628,1500,1609,1500,2012,1500,1840,1693,1500,1520,1705,1500,988,8.3
2026-04-18,16:45:57.960,-80,-84,10,4031,7040,48,44,16,17354,47,14,567,345,265,516,1024,204,1024,0,-1,-1,-1,0x100048049C140245,1564,1568,1730,988,2012,1672,1632,1500,1500,1679,1193,1449,1500,1500,1500,1500,1500,1500,1372,1628,1500,1609,1500,2012,1500,1676,1568,1500,1520,1705,1500,988,8.3
2026-04-18,16:45:58.460,-82,-77,10,4034,8470,48,44,16,15618,47,15,568,701,182,516,1024,204,1024,0,-1,-1,-1,0x100048049C140205,1644,1549,1730,988,2012,1850,1591,1500,1500,1850,1193,1449,1500,1500,1500,1500,1500,1500,1372,1628,1500,1609,1500,2012,1500,1620,1549,1500,1520,1705,1500,988,8.3
2026-04-18,16:45:58.960,-74,-74,10,4043,15130,50,44,16,14534,47,15,568,497,451,516,1024,203,1024,0,-1,-1,-1,0x100048049C140245,1617,1635,1730,988,2012,1748,1725,1500,1500,1798,1193,1449,1500,1500,1500,1500,1500,1500,1372,1628,1500,1609,1500,2012,1500,1778,1635,1500,1520,1705,1500,988,8.3
2026-04-18,16:45:59.460,-78,-77,10,4079,3290,50,44,16,12278,47,15,570,-1024,-701,516,1024,204,1024,0,-1,-1,-1,0x100048049E1C0205,1205,1243,1730,1378,2012,988,1150,1143,1500,988,1193,1449,1500,1500,1500,1500,1500,1143,988,2012,1500,1609,1500,2012,1500,1310,1500,1500,1520,1705,1143,988,8.3
2026-04-18,16:45:59.960,-77,-74,10,4087,9420,50,44,16,9698,47,15,570,-1024,254,516,1024,204,1024,0,-1,-1,-1,0x100048009C140205,1205,1568,1730,988,2012,988,1627,1500,1500,988,1193,1449,1500,1500,1500,1500,1500,1500,1372,1628,1500,1609,1500,2012,1500,1676,1568,1500,1520,1705,1500,988,8.3
2026-04-18,16:46:00.460,-65,-74,10,4085,24340,50,44,16,14964,47,15,572,-779,639,516,1024,204,1024,0,-1,-1,-1,0x100048009C140205,1311,1723,1730,988,2012,1111,1819,1500,1500,1093,1193,1449,1500,1500,1500,1500,1500,1500,1372,1628,1500,1609,1500,2012,1500,1864,1723,1500,1520,1705,1500,988,8.3
2026-04-18,16:46:00.960,-65,-80,10,4073,40840,50,44,16,20194,47,15,576,1024,200,516,1024,204,1024,0,-1,-1,-1,0x100048009C140205,1762,1552,1730,988,2012,2012,1600,1500,1500,2012,1193,1449,1500,1500,1500,1500,1500,1500,1372,1628,1500,1609,1500,2012,1500,1717,1552,1500,1520,1705,1500,988,8.3
2026-04-18,16:46:01.460,-66,-80,10,4069,18910,50,44,16,11494,47,15,578,1024,-77,516,1024,204,1024,0,-1,-1,-1,0x100048009E1C0205,1762,1455,1730,1066,2012,2012,1462,1437,1500,2012,1193,1449,1500,1500,1500,1500,1500,1437,988,2012,1500,1609,1500,988,1500,1596,1500,1500,1520,1705,1437,988,8.3
2026-04-18,16:46:01.960,-62,-80,10,4065,9590,50,44,16,7104,47,15,580,1024,391,516,1024,204,1024,0,-1,-1,-1,0x100048009C140205,1762,1623,1730,988,2012,2012,1695,1500,1500,2012,1193,1449,1500,1500,1500,1500,1500,1500,1372,1628,1500,1609,1500,2012,1500,1754,1623,1500,1520,1705,1500,988,8.3
2026-04-18,16:46:02.460,-70,-69,10,4059,29560,50,44,16,14662,47,15,581,-508,359,516,1024,203,1024,0,-1,-1,-1,0x100048009C140205,1402,1611,1730,988,2012,1246,1679,1500,1500,1246,1193,1449,1500,1500,1500,1500,1500,1500,1372,1628,1500,1609,1500,2012,1500,1738,1611,1500,1520,1705,1500,988,8.3
2026-04-18,16:46:02.960,-68,-64,10,4062,7910,50,44,16,12178,47,15,584,-674,473,516,1024,204,1024,0,-1,-1,-1,0x100048009C140205,1358,1650,1730,988,2012,1163,1736,1500,1500,1163,1193,1449,1500,1500,1500,1500,1500,1500,1372,1628,1500,1609,1500,2012,1500,1795,1650,1500,1520,1705,1500,988,8.3
2026-04-18,16:46:03.460,-68,-54,10,4066,23990,50,44,16,13300,47,15,587,-286,719,516,1024,204,1024,0,-1,-1,-1,0x100048049C140245,1449,1771,1730,988,2012,1357,1859,1500,1500,1357,1193,1449,1500,1500,1500,1500,1500,1500,1372,1628,1500,1609,1500,2012,1500,1901,1771,1500,1520,1705,1500,988,8.3
2026-04-18,16:46:03.960,-54,-70,10,4064,3290,50,44,16,26498,47,15,590,-76,70,516,1024,204,1024,0,-1,-1,-1,0x100048049C140205,1487,1533,1730,988,2012,1462,1535,1500,1500,1463,1193,1449,1500,1500,1500,1500,1500,1500,1372,1628,1500,1609,1500,2012,1500,1563,1533,1500,1520,1705,1500,988,8.3
2026-04-18,16:46:04.460,-42,-56,10,4066,7840,50,44,16,12800,47,15,591,-831,1,516,1024,203,1024,0,-1,-1,-1,0x100048049C140245,1304,1500,1730,988,2012,1085,1500,1500,1500,1085,1193,1449,1500,1500,1500,1500,1500,1500,1270,1730,1500,1609,1500,2012,1500,1632,1500,1500,1520,1705,1500,988,8.3
2026-04-18,16:46:04.960,-51,-52,10,4071,0,50,44,16,7560,47,15,592,-1022,350,516,1024,203,1024,0,-1,-1,-1,0x100048009C100205,1207,1602,1730,988,2012,989,1675,1500,1500,990,1193,1449,1500,1500,1500,1500,1500,1500,1372,1628,1500,1609,1500,2012,1500,1732,1602,1500,1520,1705,1500,988,8.3
2026-04-18,16:46:05.460,-78,-64,10,4073,21790,50,44,16,10930,47,15,594,-1024,332,516,1024,204,1024,0,-1,-1,-1,0x100048009C140205,1205,1614,1730,988,2012,988,1666,1500,1500,988,1193,1449,1500,1500,1500,1500,1500,1500,1372,1628,1500,1609,1500,2012,1500,1745,1614,1500,1520,1705,1500,988,8.3
2026-04-18,16:46:05.960,-63,-64,10,4077,27360,50,44,16,13990,47,15,596,132,305,516,1024,204,1024,0,-1,-1,-1,0x100048009C140605,1527,1608,1730,988,2012,1566,1652,1500,1500,1579,1193,1449,1500,1500,1500,1500,1500,1500,1372,1628,1500,1609,1500,2012,1500,1770,1608,1500,1520,1705,1500,988,8.3
2026-04-18,16:46:06.460,-76,-63,10,4069,9770,50,44,16,11348,47,15,599,397,367,516,1024,204,1024,0,-1,-1,-1,0x100048009C140205,1569,1615,1730,988,2012,1698,1683,1500,1500,1693,1193,1449,1500,1500,1500,1500,1500,1500,1372,1628,1500,1609,1500,2012,1500,1742,1615,1500,1520,1705,1500,988,8.3
2026-04-18,16:46:06.960,-67,-75,10,4070,1780,50,44,16,5048,47,15,600,1024,5,516,1024,204,1024,0,-1,-1,-1,0x100048009C140205,1762,1501,1730,988,2012,2012,1502,1500,1500,2012,1193,1449,1500,1500,1500,1500,1500,1500,988,2012,1500,1609,1500,2012,1500,1504,1501,1500,1520,1705,1500,988,8.3
2026-04-18,16:46:07.460,-56,-75,10,4069,20910,50,44,16,8888,47,15,601,783,263,516,1024,204,1024,0,-1,-1,-1,0x100048009C140205,1672,1577,1730,988,2012,1891,1631,1500,1500,1899,1193,1449,1500,1500,1500,1500,1500,1500,1372,1628,1500,1609,1500,2012,1500,1683,1577,1500,1520,1705,1500,988,8.3
2026-04-18,16:46:07.960,-55,-75,10,4066,25320,50,44,16,13342,47,16,604,395,889,516,1024,204,1024,0,-1,-1,-1,0x100048009C140205,1575,1781,1730,988,2012,1697,1944,1500,1500,1705,1193,1449,1500,1500,1500,1500,1500,1500,1372,1628,1500,1609,1500,2012,1500,1960,1781,1500,1520,1705,1500,988,8.3
2026-04-18,16:46:08.460,-53,-75,10,4054,44590,50,44,16,21340,48,16,610,2,0,516,1024,204,1024,0,-1,-1,-1,0x1000480098140205,1500,1500,1730,988,2012,1501,1500,1500,1500,1501,1193,1449,1500,1500,1500,1500,1500,1500,1039,2012,1500,1609,1500,2012,1500,1500,1500,1500,1520,1705,1500,988,8.3
2026-04-18,16:46:08.960,-57,-72,10,4059,0,50,44,16,18522,48,16,612,492,2,516,1024,204,1024,0,-1,-1,-1,0x100048049C140205,1592,1500,1730,988,2012,1746,1501,1500,1500,1745,1193,1449,1500,1500,1500,1500,1500,1500,1372,2012,1500,1609,1500,2012,1500,1501,1500,1500,1520,1705,1500,988,8.3
2026-04-18,16:46:09.460,-54,-72,10,4057,5740,50,44,16,6962,48,16,612,1024,557,516,1024,204,1024,0,-1,-1,-1,0x100048009C140205,1762,1688,1730,988,2012,2012,1778,1500,1500,2012,1193,1449,1500,1500,1500,1500,1500,1500,1372,1628,1500,1609,1500,2012,1500,1833,1688,1500,1520,1705,1500,988,8.3
2026-04-18,16:46:09.960,-64,-58,10,4056,24550,50,44,16,13910,48,16,614,252,699,516,1024,203,1024,0,-1,-1,-1,0x100048009C140205,1544,1760,1730,988,2012,1626,1849,1500,1500,1625,1193,1449,1500,1500,1500,1500,1500,1500,1372,1628,1500,1609,1500,2012,1500,1893,1760,1500,1520,1705,1500,988,8.3
2026-04-18,16:46:10.460,-61,-70,10,4055,7630,50,44,16,6970,48,16,618,-1024,2,516,1024,204,1024,0,-1,-1,-1,0x100048009C140205,1205,1500,1730,988,2012,988,1501,1500,1500,988,1193,1449,1500,1500,1500,1500,1500,1500,988,2012,1500,1609,1500,2012,1500,1501,1500,1500,1520,1705,1500,988,8.3
2026-04-18,16:46:10.960,-63,-57,10,4070,9210,50,44,16,10830,48,16,619,-1024,505,516,1024,204,1024,0,-1,-1,-1,0x100048009C140205,1205,1663,1730,988,2012,988,1752,1500,1500,988,1193,1449,1500,1500,1500,1500,1500,1500,1372,1628,1500,1609,1500,2012,1500,1810,1663,1500,1520,1705,1500,988,8.3
2026-04-18,16:46:11.460,-52,-62,10,4066,21370,50,44,16,12474,48,16,621,-912,494,516,1024,204,1024,0,-1,-1,-1,0x100048019C140605,1256,1663,1730,988,2012,1044,1747,1500,1500,1033,1193,1449,1500,1500,1500,1500,1500,1500,1372,1628,1500,1609,1500,2012,1500,1805,1663,1500,1520,1705,1500,988,8.3
2026-04-18,16:46:11.960,-56,-55,10,4059,32580,50,44,16,16258,48,16,624,-827,604,516,1024,204,1024,0,-1,-1,-1,0x100048019C140605,1302,1710,1730,988,2012,1087,1802,1500,1500,1081,1193,1449,1500,1500,1500,1500,1500,1500,1372,1628,1500,1609,1500,2012,1500,1854,1710,1500,1520,1705,1500,988,8.3
2026-04-18,16:46:12.460,-71,-77,10,4059,13450,50,44,16,12576,48,16,627,1021,-1,516,1024,204,1024,0,-1,-1,-1,0x100048049C140245,1761,1500,1730,989,2012,2010,1500,1499,1500,2010,1193,1449,1500,1500,1500,1500,1500,1499,1117,1883,1500,1609,1500,2012,1500,1499,1500,1500,1520,1705,1499,988,8.3
2026-04-18,16:46:12.960,-68,-77,10,4061,17160,50,44,16,11746,48,16,628,-27,731,516,1024,204,1024,0,-1,-1,-1,0x100048009C140205,1481,1777,1730,988,2012,1487,1865,1500,1500,1445,1193,1449,1500,1500,1500,1500,1500,1500,1372,1628,1500,1609,1500,2012,1500,1905,1777,1500,1520,1705,1500,988,8.3
2026-04-18,16:46:13.460,-56,-77,10,4054,19440,50,44,16,10700,48,16,631,-101,712,516,1024,204,1024,0,-1,-1,-1,0x100048009C140205,1488,1761,1730,988,2012,1450,1856,1500,1500,1464,1193,1449,1500,1500,1500,1500,1500,1500,1372,1628,1500,1609,1500,2012,1500,1894,1761,1500,1520,1705,1500,988,8.3
2026-04-18,16:46:13.960,-62,-54,10,4034,71600,50,44,16,28844,48,16,638,-496,965,516,1024,204,1024,0,-1,-1,-1,0x100048019C140605,1405,1950,1730,988,2012,1252,1982,1500,1500,1253,1193,1449,1500,1500,1500,1500,1500,1500,1372,1628,1500,1609,1500,2012,1500,1995,1950,1500,1520,1705,1500,988,8.3
2026-04-18,16:46:14.460,-73,-62,10,4030,5920,50,44,16,12938,48,16,642,183,81,516,1024,204,1024,0,-1,-1,-1,0x100048049C140205,1526,1541,1730,988,2012,1591,1540,1500,1500,1576,1193,1449,1500,1500,1500,1500,1500,1500,1372,1628,1500,1609,1500,2012,1500,1607,1541,1500,1520,1705,1500,988,8.3
2026-04-18,16:46:14.960,-73,-60,10,4033,4020,50,44,16,10048,48,16,643,812,345,516,1024,204,1024,0,-1,-1,-1,0x100048009C140205,1676,1611,1730,988,2012,1906,1672,1500,1500,1906,1193,1449,1500,1500,1500,1500,1500,1500,1372,1628,1500,1609,1500,2012,1500,1729,1611,1500,1520,1705,1500,988,8.3
2026-04-18,16:46:15.460,-70,-70,10,4031,25670,50,44,16,18368,48,16,644,240,750,516,1024,203,1024,0,-1,-1,-1,0x100048019C140605,1542,1787,1730,988,2012,1620,1875,1500,1500,1620,1193,1449,1500,1500,1500,1500,1500,1500,1372,1628,1500,1609,1500,2012,1500,1913,1787,1500,1520,1705,1500,988,8.3
2026-04-18,16:46:15.960,-58,-70,10,4031,56500,50,44,16,24092,48,16,648,-68,474,516,1024,204,1024,0,-1,-1,-1,0x100048019C140205,1487,1684,1730,988,2012,1466,1737,1500,1500,1461,1193,1449,1500,1500,1500,1500,1500,1500,1372,1628,1500,1609,1500,2012,1500,1899,1684,1500,1520,1705,1500,988,8.3
2026-04-18,16:46:16.460,-56,-70,10,4034,36220,50,44,16,32828,49,17,654,4,905,516,1024,204,1024,0,-1,-1,-1,0x1000480598140205,1501,1874,1730,988,2012,1502,1952,1500,1500,1502,1193,1449,1500,1500,1500,1500,1500,1500,1372,1628,1500,1609,1500,2012,1500,1970,1874,1500,1520,1705,1500,988,8.3
2026-04-18,16:46:16.960,-51,-70,10,4013,46060,50,44,16,31172,49,17,660,122,1024,516,1024,204,1024,0,-1,-1,-1,0x100048059C142645,1521,2012,1730,988,2012,1561,2012,1500,1500,1561,1193,1449,1500,1500,1500,1500,1500,1500,1372,1628,1500,1609,1500,2012,1500,2012,2012,1500,1520,1705,1500,988,8.3
2026-04-18,16:46:17.460,-48,-70,10,3999,9070,52,44,16,20100,49,17,665,-442,306,516,1024,204,1024,0,-1,-1,-1,0x100048049C140205,1416,1607,1730,988,2012,1279,1653,1500,1500,1279,1193,1449,1500,1500,1500,1500,1500,1500,1372,1628,1500,1609,1500,2012,1500,1745,1607,1500,1520,1705,1500,988,8.3
2026-04-18,16:46:17.960,-58,-62,10,4008,7670,52,44,16,16902,49,17,666,-186,466,516,1024,204,1024,0,-1,-1,-1,0x100048049C140245,1468,1647,1730,988,2012,1407,1733,1500,1500,1407,1193,1449,1500,1500,1500,1500,1500,1500,1372,1628,1500,1609,1500,2012,1500,1785,1647,1500,1520,1705,1500,988,8.3
2026-04-18,16:46:18.460,-80,-67,10,4016,17580,52,44,16,17336,49,17,667,-188,6,516,1024,204,1024,0,-1,-1,-1,0x100048049C140205,1467,1506,1730,988,2012,1406,1503,1500,1500,1406,1193,1449,1500,1500,1500,1500,1500,1500,1321,1679,1500,1609,1500,2012,1500,1701,1506,1500,1520,1705,1500,988,8.3
2026-04-18,16:46:18.960,-65,-68,10,4034,10080,52,44,16,21862,49,17,669,27,-619,516,1024,204,1024,0,-1,-1,-1,0x100048049A180245,1502,1290,1730,1327,2012,1513,1191,1208,1500,1506,1193,1449,1500,1500,1500,1500,1500,1208,988,2012,1500,1609,1500,988,1500,1348,1500,1500,1520,1705,1157,988,8.3
2026-04-18,16:46:19.460,-71,-65,10,4063,9560,52,44,16,9970,49,17,670,727,368,516,1024,204,1024,0,-1,-1,-1,0x100048009C140205,1654,1614,1730,988,2012,1863,1684,1500,1500,1870,1193,1449,1500,1500,1500,1500,1500,1500,1372,1628,1500,1609,1500,2012,1500,1741,1614,1500,1520,1705,1500,988,8.3
2026-04-18,16:46:19.960,-65,-67,10,4060,23290,52,44,16,13708,49,17,672,-5,489,516,1024,204,1024,0,-1,-1,-1,0x1000480198140605,1502,1662,1730,988,2012,1498,1744,1500,1500,1506,1193,1449,1500,1500,1500,1500,1500,1500,1372,1628,1500,1609,1500,2012,1500,1803,1662,1500,1520,1705,1500,988,8.3
2026-04-18,16:46:20.460,-70,-70,10,4053,28160,52,44,16,16906,49,17,675,-476,710,516,1024,204,1024,0,-1,-1,-1,0x100048059C140645,1409,1766,1730,988,2012,1262,1855,1500,1500,1262,1193,1449,1500,1500,1500,1500,1500,1500,1372,1628,1500,1609,1500,2012,1500,1897,1766,1500,1520,1705,1500,988,8.3
2026-04-18,16:46:20.960,-84,-73,10,4049,37660,52,44,16,28364,49,17,681,-2,271,516,1024,203,1024,0,-1,-1,-1,0x1000480498140645,1500,1609,1730,988,2012,1499,1635,1500,1500,1499,1193,1449,1500,1500,1500,1500,1500,1500,1372,1628,1500,1609,1500,2012,1500,1829,1609,1500,1520,1705,1500,988,8.3
2026-04-18,16:46:21.460,-74,-65,10,4032,10360,52,44,16,18482,49,17,683,-129,469,516,1024,204,1024,0,-1,-1,-1,0x100048049C140205,1478,1659,1730,988,2012,1436,1734,1500,1500,1436,1193,1449,1500,1500,1500,1500,1500,1500,1372,1628,1500,1609,1500,2012,1500,1800,1659,1500,1520,1705,1500,988,8.3
2026-04-18,16:46:21.960,-78,-72,10,4032,5140,52,44,16,12276,49,17,684,-421,-672,516,1024,204,1024,0,-1,-1,-1,0x100048049E180245,1424,1281,1730,1337,2012,1290,1164,1197,1500,1295,1193,1449,1500,1500,1500,1500,1500,1197,1224,2012,1500,1609,1500,988,1500,1102,1500,1500,1520,1705,1143,988,8.3
2026-04-18,16:46:22.460,-81,-79,10,4039,12290,52,44,16,7480,49,17,684,-863,104,516,1024,204,1024,0,-1,-1,-1,0x100048009C140205,1308,1532,1730,988,2012,1069,1552,1500,1500,1090,1193,1449,1500,1500,1500,1500,1500,1500,1372,1628,1500,1609,1500,2012,1500,1679,1532,1500,1520,1705,1500,988,8.3
2026-04-18,16:46:22.960,-84,-83,10,4049,6060,52,44,16,7184,49,17,686,-1024,278,516,1024,204,1024,0,-1,-1,-1,0x100048009C140205,1205,1581,1730,988,2012,988,1639,1500,1500,988,1193,1449,1500,1500,1500,1500,1500,1500,1372,1628,1500,1609,1500,2012,1500,1691,1581,1500,1520,1705,1500,988,8.3
2026-04-18,16:46:23.460,-80,-81,10,4065,15510,52,44,16,10410,49,17,687,-416,402,516,1024,204,1024,0,-1,-1,-1,0x100048009C141A85,1420,1627,1730,988,2012,1292,1701,1500,1500,1285,1193,1449,1500,1500,1500,1500,1500,1500,1372,1628,1500,1609,1500,2012,1500,1759,1627,1500,1520,1705,1500,988,8.3
2026-04-18,16:46:23.960,-82,-90,10,4062,38150,52,44,16,15616,49,18,690,-94,634,516,1024,204,1024,0,-1,-1,-1,0x100048009C140205,1482,1682,1730,988,2012,1453,1817,1500,1500,1447,1193,1449,1500,1500,1500,1500,1500,1500,1372,1628,1500,1609,1500,2012,1500,1848,1682,1500,1520,1705,1500,988,8.3
2026-04-18,16:46:24.460,-83,-83,10,4047,29700,52,44,16,15388,49,18,694,-178,255,516,1024,204,1024,0,-1,-1,-1,0x100048049C140245,1469,1579,1730,988,2012,1411,1627,1500,1500,1411,1193,1449,1500,1500,1500,1500,1500,1500,1372,1628,1500,1609,1500,2012,1500,1687,1579,1500,1520,1705,1500,988,8.3
2026-04-18,16:46:24.960,-83,-70,10,4044,23960,52,44,16,22516,49,18,696,-170,1,516,1024,203,1024,0,-1,-1,-1,0x100048049C140245,1470,1500,1730,988,2012,1415,1500,1500,1500,1415,1193,1449,1500,1500,1500,1500,1500,1500,1014,1986,1500,1609,1500,2012,1500,1672,1500,1500,1520,1705,1500,988,8.3
2026-04-18,16:46:25.460,-74,-74,10,4042,0,52,44,16,20684,49,18,697,1024,-2,516,1024,203,1024,0,-1,-1,-1,0x100048049C100205,1762,1499,1730,989,2012,2012,1499,1499,1500,2012,1193,1449,1500,1500,1500,1500,1500,1499,1372,2012,1500,1609,1500,988,1500,1499,1500,1500,1520,1705,1499,988,8.3
2026-04-18,16:46:25.960,-74,-77,10,4045,11450,52,44,16,8414,49,18,698,1024,290,516,1024,204,1024,0,-1,-1,-1,0x100048009C140205,1762,1586,1730,988,2012,2012,1645,1500,1500,2012,1193,1449,1500,1500,1500,1500,1500,1500,1372,1628,1500,1609,1500,2012,1500,1698,1586,1500,1520,1705,1500,988,8.3
2026-04-18,16:46:26.460,-80,-76,10,4049,20030,52,44,16,10090,49,18,699,960,523,516,1024,203,1024,0,-1,-1,-1,0x100048009C140205,1738,1674,1730,988,2012,1980,1761,1500,1500,1987,1193,1449,1500,1500,1500,1500,1500,1500,1372,1628,1500,1609,1500,2012,1500,1818,1674,1500,1520,1705,1500,988,8.3
2026-04-18,16:46:26.960,-72,-77,10,4057,22380,52,44,16,14074,49,18,702,624,558,516,1024,204,1024,0,-1,-1,-1,0x100048019C140205,1629,1688,1730,988,2012,1805,1779,1500,1500,1821,1193,1449,1500,1500,1500,1500,1500,1500,1372,1628,1500,1609,1500,2012,1500,1834,1688,1500,1520,1705,1500,988,8.3
2026-04-18,16:46:27.460,-77,-84,10,4046,62630,52,44,16,24678,49,18,707,-54,904,516,1024,204,1024,0,-1,-1,-1,0x100048059C140605,1491,1854,1730,988,2012,1473,1952,1500,1500,1473,1193,1449,1500,1500,1500,1500,1500,1500,1372,1628,1500,1609,1500,2012,1500,1962,1854,1500,1520,1705,1500,988,8.3
2026-04-18,16:46:27.960,-77,-73,10,4017,35830,52,44,16,23492,49,18,714,115,409,516,1024,204,1024,0,-1,-1,-1,0x100048049C140245,1517,1653,1730,988,2012,1557,1704,1500,1500,1549,1193,1449,1500,1500,1500,1500,1500,1500,1372,1628,1500,1609,1500,2012,1500,1821,1653,1500,1520,1705,1500,988,8.3
2026-04-18,16:46:28.460,-77,-77,10,4014,2450,52,44,16,16376,49,18,716,702,253,516,1024,204,1024,0,-1,-1,-1,0x100048049C141A85,1644,1577,1730,988,2012,1851,1626,1500,1500,1851,1193,1449,1500,1500,1500,1500,1500,1500,1372,1628,1500,1609,1500,2012,1500,1677,1577,1500,1520,1705,1500,988,8.3
2026-04-18,16:46:28.960,-70,-70,10,4016,10220,52,44,16,13500,49,18,717,789,460,516,1024,204,1024,0,-1,-1,-1,0x100048049C141AC5,1668,1655,1730,988,2012,1894,1730,1500,1500,1894,1193,1449,1500,1500,1500,1500,1500,1500,1372,1628,1500,1609,1500,2012,1500,1796,1655,1500,1520,1705,1500,988,8.3
2026-04-18,16:46:29.460,-72,-88,10,4019,16220,52,44,16,14168,49,18,718,823,515,516,1024,204,1024,0,-1,-1,-1,0x100048049C140A85,1679,1672,1730,988,2012,1911,1757,1500,1500,1911,1193,1449,1500,1500,1500,1500,1500,1500,1372,1628,1500,1609,1500,2012,1500,1815,1672,1500,1520,1705,1500,988,8.3
2026-04-18,16:46:29.960,-86,-72,10,4032,30720,52,44,16,19106,49,18,721,189,643,516,1024,204,1024,0,-1,-1,-1,0x100048059C140AC5,1536,1730,1730,988,2012,1594,1821,1500,1500,1604,1193,1449,1500,1500,1500,1500,1500,1500,1372,1628,1500,1609,1500,2012,1500,1870,1730,1500,1520,1705,1500,988,8.3
2026-04-18,16:46:30.460,-79,-77,10,4032,34470,52,44,16,22564,49,18,726,64,917,516,1024,204,1024,0,-1,-1,-1,0x100048059C140605,1511,1881,1730,988,2012,1532,1958,1500,1500,1532,1193,1449,1500,1500,1500,1500,1500,1500,1372,1628,1500,1609,1500,2012,1500,1974,1881,1500,1520,1705,1500,988,8.3
2026-04-18,16:46:30.960,-79,-75,10,4015,8230,52,44,16,19344,49,19,731,22,102,516,1024,204,1024,0,-1,-1,-1,0x1000480498140245,1504,1525,1725,988,2012,1511,1551,1500,1500,1511,1193,1449,1500,1500,1500,1500,1500,1500,1372,1628,1500,1609,1500,2012,1500,1563,1525,1500,1520,1705,1500,988,8.3
2026-04-18,16:46:31.460,-79,-69,10,4016,5390,52,44,16,15724,49,19,732,338,319,516,1024,204,1024,0,-1,-1,-1,0x100048049C140205,1558,1612,1730,988,2012,1669,1659,1500,1500,1664,1193,1449,1500,1500,1500,1500,1500,1500,1372,1628,1500,1609,1500,2012,1500,1739,1612,1500,1520,1705,1500,988,8.3
2026-04-18,16:46:31.960,-84,-90,10,4016,3180,54,44,16,14444,49,19,733,749,383,516,1024,203,1024,0,-1,-1,-1,0x100048049C140245,1657,1599,1730,988,2012,1874,1691,1500,1500,1874,1193,1449,1500,1500,1500,1500,1500,1500,1372,1628,1500,1609,1500,2012,1500,1728,1599,1500,1520,1705,1500,988,8.3
2026-04-18,16:46:32.460,-72,-79,10,4027,15060,54,44,16,15262,49,19,735,845,497,516,1024,204,1024,0,-1,-1,-1,0x100048049C140205,1696,1674,1730,988,2012,1922,1748,1500,1500,1935,1193,1449,1500,1500,1500,1500,1500,1500,1372,1628,1500,1609,1500,2012,1500,1813,1674,1500,1520,1705,1500,988,8.3
2026-04-18,16:46:32.960,-77,-72,10,4051,3530,54,44,16,10656,49,19,736,-315,-21,516,1024,204,1024,0,-1,-1,-1,0x100048009C1C0205,1446,1481,1730,1021,2012,1343,1490,1473,1500,1349,1193,1449,1500,1500,1500,1500,1500,1473,1264,2012,1500,1609,1500,2012,1500,1474,1500,1500,1520,1705,1473,988,8.3
2026-04-18,16:46:33.460,-78,-65,10,4055,9700,54,44,16,6822,49,19,737,-1024,418,516,1024,204,1024,0,-1,-1,-1,0x100048009C140205,1205,1623,1730,988,2012,988,1709,1500,1500,988,1193,1449,1500,1500,1500,1500,1500,1500,1372,1628,1500,1609,1500,2012,1500,1754,1623,1500,1520,1705,1500,988,8.3
2026-04-18,16:46:33.960,-63,-68,10,4048,28480,54,44,16,16038,49,19,740,626,620,516,1024,204,1024,0,-1,-1,-1,0x100048019C140205,1632,1736,1730,988,2012,1813,1810,1500,1500,1826,1193,1449,1500,1500,1500,1500,1500,1500,1372,1628,1500,1609,1500,2012,1500,1869,1736,1500,1520,1705,1500,988,8.3
2026-04-18,16:46:34.460,-64,-69,10,4041,23400,54,44,16,12122,49,19,742,1024,-2,516,1024,204,1024,0,-1,-1,-1,0x100048009C140205,1762,1499,1730,989,2012,2012,1499,1499,1500,2012,1193,1449,1500,1500,1500,1500,1500,1499,988,2012,1500,1609,1500,2012,1500,1621,1500,1500,1520,1705,1499,988,8.3
2026-04-18,16:46:34.960,-66,-66,10,4041,14670,54,44,16,11140,49,19,744,1024,516,516,1024,204,1024,0,-1,-1,-1,0x100048009C140205,1762,1678,1730,988,2012,2012,1758,1500,1500,2012,1193,1449,1500,1500,1500,1500,1500,1500,1372,1628,1500,1609,1500,2012,1500,1821,1678,1500,1520,1705,1500,988,8.3
2026-04-18,16:46:35.460,-73,-76,10,4035,23570,54,44,16,15946,49,19,746,-1023,310,516,1024,204,1024,0,-1,-1,-1,0x100048009C140205,1206,1586,1730,988,2012,989,1655,1500,1500,989,1193,1449,1500,1500,1500,1500,1500,1500,1372,1628,1500,1609,1500,2012,1500,1699,1586,1500,1520,1705,1500,988,8.3
2026-04-18,16:46:35.960,-79,-58,10,4030,31280,54,44,16,15112,49,19,749,-878,374,516,1024,204,1024,0,-1,-1,-1,0x100048049C140605,1290,1622,1730,988,2012,1061,1687,1500,1500,1067,1193,1449,1500,1500,1500,1500,1500,1500,1372,1628,1500,1609,1500,2012,1500,1793,1622,1500,1520,1705,1500,988,8.3
2026-04-18,16:46:36.460,-62,-57,10,4031,33770,54,44,16,21872,49,19,753,-209,4,516,1024,204,1024,0,-1,-1,-1,0x100048049C140245,1463,1501,1730,988,2012,1396,1502,1500,1500,1395,1193,1449,1500,1500,1500,1500,1500,1500,988,2012,1500,1609,1500,2012,1500,1503,1501,1500,1520,1705,1500,988,8.3
2026-04-18,16:46:36.960,-62,-55,10,4032,6230,54,44,16,30820,49,19,755,-105,526,516,1024,204,1024,0,-1,-1,-1,0x100048049C140205,1482,1695,1730,988,2012,1448,1763,1500,1500,1448,1193,1449,1500,1500,1500,1500,1500,1500,1372,1628,1500,1609,1500,2012,1500,1844,1695,1500,1520,1705,1500,988,8.3
2026-04-18,16:46:37.460,-62,-53,10,4030,6020,54,44,16,9882,49,19,757,-1024,11,516,1024,203,1024,0,-1,-1,-1,0x100048009C180205,1205,1504,1730,988,2012,988,1505,1500,1500,988,1193,1449,1500,1500,1500,1500,1500,1500,1305,2012,1500,1609,1500,988,1500,1509,1504,1500,1520,1705,1500,988,8.3
2026-04-18,16:46:37.960,-47,-57,10,4037,2620,54,44,16,2884,49,19,757,-1024,440,516,1024,204,1024,0,-1,-1,-1,0x100048009C140205,1205,1642,1730,988,2012,988,1720,1500,1500,988,1193,1449,1500,1500,1500,1500,1500,1500,1372,1628,1500,1609,1500,2012,1500,1780,1642,1500,1520,1705,1500,988,8.3
2026-04-18,16:46:38.460,-59,-54,10,4044,11240,54,44,16,7508,49,19,759,-1024,418,516,1024,204,1024,0,-1,-1,-1,0x100048009C140205,1206,1634,1730,988,2012,988,1709,1500,1500,989,1193,1449,1500,1500,1500,1500,1500,1500,1372,1628,1500,1609,1500,2012,1500,1768,1634,1500,1520,1705,1500,988,8.3
2026-04-18,16:46:38.960,-57,-79,10,4048,13800,54,44,16,9056,49,19,760,-999,278,516,1024,204,1024,0,-1,-1,-1,0x100048009C140205,1220,1610,1730,988,2012,1001,1639,1500,1500,1001,1193,1449,1500,1500,1500,1500,1500,1500,1372,1628,1500,1609,1500,2012,1500,1803,1610,1500,1520,1705,1500,988,8.3
2026-04-18,16:46:39.460,-65,-72,10,4051,14600,54,44,16,11298,49,19,763,551,-571,516,1024,204,1024,0,-1,-1,-1,0x100048009E1C0205,1603,1263,1730,1357,2012,1775,1215,1172,1500,1770,1193,1449,1500,1500,1500,1500,1500,1171,988,2012,1500,1609,1500,988,1500,1427,1500,1500,1520,1705,1172,988,8.3
2026-04-18,16:46:39.960,-59,-72,10,4053,2100,54,44,16,4076,49,19,764,1024,290,516,1024,204,1024,0,-1,-1,-1,0x100048029C140205,1762,1582,1730,988,2012,2012,1645,1500,1500,2012,1193,1449,1500,1500,1500,1500,1500,1500,1372,1628,1500,1609,1500,2012,1500,1692,1582,1500,1520,1705,1500,988,8.3
2026-04-18,16:46:40.460,-63,-61,10,4053,13270,54,44,16,7842,49,19,765,905,345,516,1024,204,1024,0,-1,-1,-1,0x100048029C140205,1709,1607,1730,988,2012,1952,1672,1500,1500,1953,1193,1449,1500,1500,1500,1500,1500,1500,1372,1628,1500,1609,1500,2012,1500,1730,1607,1500,1520,1705,1500,988,8.3
2026-04-18,16:46:40.960,-63,-60,10,4050,22070,54,44,16,14910,49,20,767,68,827,516,1024,204,1024,0,-1,-1,-1,0x100048019C140605,1511,1830,1730,988,2012,1534,1913,1500,1500,1533,1193,1449,1500,1500,1500,1500,1500,1500,1372,1628,1500,1609,1500,2012,1500,1942,1830,1500,1520,1705,1500,988,8.3
2026-04-18,16:46:41.460,-51,-62,10,4036,36460,54,44,16,26298,50,20,775,0,2,516,1024,204,1024,0,-1,-1,-1,0x1000480898140205,1500,1501,1730,988,2012,1500,1501,1500,1500,1500,1193,1449,1500,1500,1500,1500,1500,1500,1162,2012,1500,1609,1500,2012,1500,1501,1501,1500,1520,1705,1500,988,8.3
2026-04-18,16:46:41.960,-54,-62,10,4037,7070,54,44,16,17838,50,20,776,631,142,516,1024,204,1024,0,-1,-1,-1,0x100048049C140245,1623,1542,1730,988,2012,1815,1571,1500,1500,1810,1193,1449,1500,1500,1500,1500,1500,1500,1372,1628,1500,1609,1500,2012,1500,1597,1542,1500,1520,1705,1500,988,8.3
2026-04-18,16:46:42.460,-57,-64,10,4035,14010,54,44,16,10938,50,20,777,1024,366,516,1024,204,1024,0,-1,-1,-1,0x100048009C140205,1762,1613,1730,988,2012,2012,1683,1500,1500,2012,1193,1449,1500,1500,1500,1500,1500,1500,1372,1628,1500,1609,1500,2012,1500,1740,1613,1500,1520,1705,1500,988,8.3
2026-04-18,16:46:42.960,-61,-53,10,4034,32260,54,44,16,14934,50,20,779,207,605,516,1024,203,1024,0,-1,-1,-1,0x100048009C140205,1532,1728,1730,988,2012,1612,1796,1500,1500,1594,1193,1449,1500,1500,1500,1500,1500,1500,1372,1628,1500,1609,1500,2012,1500,1864,1728,1500,1520,1705,1500,988,8.3
2026-04-18,16:46:43.460,-65,-66,10,4037,19820,54,44,16,15626,50,20,783,-1024,74,516,1024,204,1024,0,-1,-1,-1,0x100048049C100245,1205,1522,1730,988,2012,988,1537,1500,1500,988,1193,1449,1500,1500,1500,1500,1500,1500,1162,2012,1500,1609,1500,2012,1500,1546,1522,1500,1520,1705,1500,988,8.3
2026-04-18,16:46:43.960,-53,-66,10,4041,18530,54,44,16,11246,50,20,784,-1024,242,516,1024,204,1024,0,-1,-1,-1,0x100048009C140205,1205,1565,1730,988,2012,988,1621,1500,1500,988,1193,1449,1500,1500,1500,1500,1500,1500,1372,1628,1500,1609,1500,2012,1500,1670,1565,1500,1520,1705,1500,988,8.3
2026-04-18,16:46:44.460,-49,-66,10,4039,16780,54,44,16,11574,50,20,786,-948,444,516,1024,204,1024,0,-1,-1,-1,0x100048009C140205,1240,1643,1730,988,2012,1027,1722,1500,1500,1019,1193,1449,1500,1500,1500,1500,1500,1500,1372,1628,1500,1609,1500,2012,1500,1781,1643,1500,1520,1705,1500,988,8.3
2026-04-18,16:46:44.960,-58,-54,10,4030,31880,54,44,16,16732,50,20,789,-578,534,516,1024,204,1024,0,-1,-1,-1,0x100048019C140605,1388,1680,1730,988,2012,1211,1766,1500,1500,1218,1193,1449,1500,1500,1500,1500,1500,1500,1372,1628,1500,1609,1500,2012,1500,1824,1680,1500,1520,1705,1500,988,8.3
2026-04-18,16:46:45.460,-69,-66,10,4032,2550,54,44,16,11232,50,20,793,146,443,516,1024,204,1024,0,-1,-1,-1,0x100048049C140245,1525,1637,1730,988,2012,1573,1721,1500,1500,1573,1193,1449,1500,1500,1500,1500,1500,1500,1372,1628,1500,1609,1500,2012,1500,1774,1637,1500,1520,1705,1500,988,8.3
2026-04-18,16:46:45.960,-69,-66,10,4036,3850,54,44,16,7292,50,20,794,1024,318,516,1024,204,1024,0,-1,-1,-1,0x100048009C140205,1762,1591,1730,988,2012,2012,1659,1500,1500,2012,1193,1449,1500,1500,1500,1500,1500,1500,1372,1628,1500,1609,1500,2012,1500,1706,1591,1500,1520,1705,1500,988,8.3
2026-04-18,16:46:46.460,-61,-69,10,4033,19370,54,44,16,12442,50,20,796,469,575,516,1024,204,1024,0,-1,-1,-1,0x100048019C140205,1587,1696,1730,988,2012,1726,1787,1500,1500,1735,1193,1449,1500,1500,1500,1500,1500,1500,1372,1628,1500,1609,1500,2012,1500,1842,1696,1500,1520,1705,1500,988,8.3
2026-04-18,16:46:46.960,-60,-62,10,4022,32470,54,44,16,18140,50,20,800,508,772,516,1024,204,1024,0,-1,-1,-1,0x100048019C140605,1596,1785,1730,988,2012,1744,1886,1500,1500,1754,1193,1449,1500,1500,1500,1500,1500,1500,1372,1628,1500,1609,1500,2012,1500,1916,1785,1500,1520,1705,1500,988,8.3
2026-04-18,16:46:47.460,-60,-58,10,4020,19720,54,44,16,12324,50,20,804,-352,115,516,1024,204,1024,0,-1,-1,-1,0x100048049C140205,1436,1543,1730,988,2012,1318,1551,1500,1500,1325,1193,1449,1500,1500,1500,1500,1500,1500,1372,1628,1500,1609,1500,2012,1500,1733,1543,1500,1520,1705,1500,988,8.3
2026-04-18,16:46:47.960,-60,-61,10,4021,5670,54,44,16,10052,50,20,806,806,349,516,1024,204,1024,0,-1,-1,-1,0x100048009C140205,1674,1594,1730,988,2012,1902,1681,1500,1500,1903,1193,1449,1500,1500,1500,1500,1500,1500,1372,1628,1500,1609,1500,2012,1500,1723,1594,1500,1520,1705,1500,988,8.3
2026-04-18,16:46:48.460,-79,-64,10,4021,20560,54,44,16,17388,50,20,808,460,634,516,1024,203,1024,0,-1,-1,-1,0x100048009C140205,1588,1732,1730,988,2012,1730,1817,1500,1500,1736,1193,1449,1500,1500,1500,1500,1500,1500,1372,1628,1500,1609,1500,2012,1500,1872,1732,1500,1520,1705,1500,988,8.3
2026-04-18,16:46:48.960,-58,-65,10,4010,12850,54,44,16,27566,50,20,811,77,940,516,1024,204,1024,0,-1,-1,-1,0x100048049C140245,1515,1905,1730,988,2012,1538,1970,1500,1500,1544,1193,1449,1500,1500,1500,1500,1500,1500,1372,1628,1500,1609,1500,2012,1500,1982,1905,1500,1520,1705,1500,988,8.3
2026-04-18,16:46:49.460,-60,-65,10,4004,32960,54,44,16,25706,50,21,817,3,873,516,1024,204,1024,0,-1,-1,-1,0x1000480598140645,1500,1857,1730,988,2012,1501,1936,1500,1500,1501,1193,1449,1500,1500,1500,1500,1500,1500,1372,1628,1500,1609,1500,2012,1500,1958,1857,1500,1520,1705,1500,988,8.3
2026-04-18,16:46:49.960,-51,-65,10,3993,44870,54,44,16,31134,50,21,822,35,225,516,1024,204,1024,0,-1,-1,-1,0x1000480498140205,1506,1577,1730,988,2012,1517,1603,1500,1500,1518,1193,1449,1500,1500,1500,1500,1500,1500,1372,1628,1500,1609,1500,2012,1500,1917,1577,1500,1520,1705,1500,988,8.3
2026-04-18,16:46:50.460,-47,-65,10,3986,8540,54,44,16,19358,50,21,825,-486,374,516,1024,204,1024,0,-1,-1,-1,0x100048049C140245,1407,1611,1730,988,2012,1266,1693,1500,1500,1257,1193,1449,1500,1500,1500,1500,1500,1500,1372,1628,1500,1609,1500,2012,1500,1745,1611,1500,1520,1705,1500,988,8.3
2026-04-18,16:46:50.960,-62,-62,10,3994,11100,55,44,16,16966,51,21,826,-435,352,516,1024,204,1024,0,-1,-1,-1,0x100048049C140205,1419,1597,1730,988,2012,1283,1683,1500,1500,1283,1193,1449,1500,1500,1500,1500,1500,1500,1372,1628,1500,1609,1500,2012,1500,1723,1597,1500,1520,1705,1500,988,8.3
2026-04-18,16:46:51.460,-62,-67,10,4005,14780,55,44,16,16984,51,21,828,-57,5,516,1024,204,1024,0,-1,-1,-1,0x100048049C140245,1491,1502,1730,988,2012,1472,1502,1500,1500,1472,1193,1449,1500,1500,1500,1500,1500,1500,1168,1832,1500,1609,1500,2012,1500,1504,1502,1500,1520,1705,1500,988,8.3
2026-04-18,16:46:51.960,-73,-63,10,4021,15690,55,44,16,21120,51,21,829,412,-542,516,1024,204,1024,0,-1,-1,-1,0x100048049E1C0205,1570,1257,1730,1364,2012,1706,1229,1162,1500,1694,1193,1449,1500,1500,1500,1500,1500,1162,1039,2012,1500,1609,1500,2012,1500,1263,1500,1500,1520,1705,1162,988,8.3
2026-04-18,16:46:52.460,-73,-65,10,4042,5570,55,44,16,11594,51,21,830,795,331,516,1024,204,1024,0,-1,-1,-1,0x100048009C140205,1670,1601,1730,988,2012,1897,1665,1500,1500,1897,1193,1449,1500,1500,1500,1500,1500,1500,1372,1628,1500,1609,1500,2012,1500,1722,1601,1500,1520,1705,1500,988,8.3
2026-04-18,16:46:52.960,-70,-61,10,4037,31530,55,44,16,19092,51,21,833,-727,598,516,1024,204,1024,0,-1,-1,-1,0x100048019C140205,1347,1700,1730,988,2012,1136,1799,1500,1500,1144,1193,1449,1500,1500,1500,1500,1500,1500,1372,1628,1500,1609,1500,2012,1500,1847,1700,1500,1520,1705,1500,988,8.3
2026-04-18,16:46:53.460,-69,-78,10,4030,26020,55,44,16,16748,51,21,836,-668,687,516,1024,204,1024,0,-1,-1,-1,0x100048059C140645,1356,1754,1730,988,2012,1166,1843,1500,1500,1160,1193,1449,1500,1500,1500,1500,1500,1500,1372,1628,1500,1609,1500,2012,1500,1888,1754,1500,1520,1705,1500,988,8.3
2026-04-18,16:46:53.960,-74,-72,10,4026,28620,55,44,16,26600,51,21,841,-608,645,516,1024,203,1024,0,-1,-1,-1,0x100048049C140245,1377,1725,1730,988,2012,1196,1822,1500,1500,1196,1193,1449,1500,1500,1500,1500,1500,1500,1372,1628,1500,1609,1500,2012,1500,1871,1725,1500,1520,1705,1500,988,8.3
2026-04-18,16:46:54.460,-81,-84,10,4009,16110,55,44,16,17970,51,21,843,-64,573,516,1024,204,1024,0,-1,-1,-1,0x100048049C140205,1489,1709,1730,988,2012,1468,1786,1500,1500,1468,1193,1449,1500,1500,1500,1500,1500,1500,1372,1628,1500,1609,1500,2012,1500,1848,1709,1500,1520,1705,1500,988,8.3
2026-04-18,16:46:54.960,-82,-81,10,4006,4760,55,44,16,12038,51,21,845,-708,109,516,1024,204,1024,0,-1,-1,-1,0x100048049C140245,1348,1531,1730,988,2012,1146,1561,1500,1500,1147,1193,1449,1500,1500,1500,1500,1500,1500,1372,1628,1500,1609,1500,2012,1500,1573,1531,1500,1520,1705,1500,988,8.3
2026-04-18,16:46:55.460,-86,-81,10,4013,9280,55,44,16,8260,51,21,845,-496,411,516,1024,204,1024,0,-1,-1,-1,0x100048009C140205,1418,1643,1730,988,2012,1252,1705,1500,1500,1282,1193,1449,1500,1500,1500,1500,1500,1500,1372,1628,1500,1609,1500,2012,1500,1781,1643,1500,1520,1705,1500,988,8.3
2026-04-18,16:46:55.960,-81,-92,10,4023,3460,55,44,16,5914,51,21,847,-1024,308,516,1024,204,1024,0,-1,-1,-1,0x100048009C141A85,1205,1592,1730,988,2012,988,1654,1500,1500,988,1193,1449,1500,1500,1500,1500,1500,1500,1372,1628,1500,1609,1500,2012,1500,1708,1592,1500,1520,1705,1500,988,8.3
2026-04-18,16:46:56.460,-80,-81,10,4035,18250,55,44,16,10630,51,21,848,-720,412,516,1024,204,1024,0,-1,-1,-1,0x100048019C140E85,1340,1631,1730,988,2012,1140,1706,1500,1500,1135,1193,1449,1500,1500,1500,1500,1500,1500,1372,1628,1500,1609,1500,2012,1500,1765,1631,1500,1520,1705,1500,988,8.3
2026-04-18,16:46:56.960,-85,-90,10,4036,28580,55,44,16,12874,51,21,850,82,278,516,1024,204,1024,0,-1,-1,-1,0x100048009C140205,1514,1589,1730,988,2012,1541,1639,1500,1500,1541,1193,1449,1500,1500,1500,1500,1500,1500,1372,1628,1500,1609,1500,2012,1500,1773,1589,1500,1520,1705,1500,988,8.3
2026-04-18,16:46:57.460,-85,-81,10,4025,29770,55,44,16,18220,51,22,854,5,84,516,1024,203,1024,0,-1,-1,-1,0x1000480098140205,1501,1533,1730,988,2012,1502,1542,1500,1500,1502,1193,1449,1500,1500,1500,1500,1500,1500,1372,1628,1500,1609,1500,2012,1500,1572,1533,1500,1520,1705,1500,988,8.3
2026-04-18,16:46:57.960,-91,-70,10,4022,31950,55,44,16,27802,51,22,856,0,1,516,1024,204,1024,0,-1,-1,-1,0x1000480498140245,1500,1500,1730,988,2012,1500,1500,1500,1500,1500,1193,1449,1500,1500,1500,1500,1500,1500,1168,1832,1500,1609,1500,2012,1500,1833,1500,1500,1520,1705,1500,988,8.3
2026-04-18,16:46:58.460,-75,-75,10,4020,0,55,44,16,26902,51,22,858,1023,3,516,1024,203,1024,0,-1,-1,-1,0x100048049C140205,1762,1501,1730,988,2012,2011,1501,1500,1500,2011,1193,1449,1500,1500,1500,1500,1500,1500,1372,2012,1500,1609,1500,988,1500,1502,1501,1500,1520,1705,1500,988,8.3
2026-04-18,16:46:58.960,-91,-85,50,4026,1750,55,44,16,7430,51,22,858,944,408,516,1024,204,1024,0,-1,-1,-1,0x100048009C140205,1736,1629,1730,988,2012,1972,1704,1500,1500,1985,1193,1449,1500,1500,1500,1500,1500,1500,1372,1628,1500,1609,1500,2012,1500,1763,1629,1500,1520,1705,1500,988,8.3
2026-04-18,16:46:59.460,-77,-75,10,4026,13660,55,44,16,7714,51,22,860,1024,540,516,1024,203,1024,0,-1,-1,-1,0x100048009C140205,1762,1682,1730,988,2012,2012,1770,1500,1500,2012,1193,1449,1500,1500,1500,1500,1500,1500,1372,1628,1500,1609,1500,2012,1500,1826,1682,1500,1520,1705,1500,988,8.3
2026-04-18,16:46:59.960,-69,-77,10,4029,24450,55,44,16,14002,51,22,863,348,717,516,1024,204,1024,0,-1,-1,-1,0x100048019C140605,1560,1769,1730,988,2012,1674,1858,1500,1500,1668,1193,1449,1500,1500,1500,1500,1500,1500,1372,1628,1500,1609,1500,2012,1500,1900,1769,1500,1520,1705,1500,988,8.3
2026-04-18,16:47:00.460,-79,-83,10,4018,32720,55,44,16,21536,51,22,867,0,833,516,1024,204,1024,0,-1,-1,-1,0x1000480598140245,1500,1834,1730,988,2012,1500,1916,1500,1500,1500,1193,1449,1500,1500,1500,1500,1500,1500,1372,1628,1500,1609,1500,2012,1500,1944,1834,1500,1520,1705,1500,988,8.3
2026-04-18,16:47:00.960,-77,-72,10,3994,58850,55,44,16,27138,51,22,873,28,19,516,1024,204,1024,0,-1,-1,-1,0x1000480498140245,1502,1506,1730,988,2012,1514,1509,1500,1500,1507,1193,1449,1500,1500,1500,1500,1500,1500,1270,1730,1500,1609,1500,2012,1500,1795,1506,1500,1520,1705,1500,988,8.3
2026-04-18,16:47:01.460,-79,-76,10,3990,6620,55,44,16,18368,51,22,875,688,439,516,1024,204,1024,0,-1,-1,-1,0x100048049C140205,1641,1646,1730,988,2012,1844,1719,1500,1500,1844,1193,1449,1500,1500,1500,1500,1500,1500,1372,1628,1500,1609,1500,2012,1500,1779,1646,1500,1520,1705,1500,988,8.3
2026-04-18,16:47:01.960,-81,-74,10,3992,15230,55,44,16,16042,51,22,877,876,295,516,1024,204,1024,0,-1,-1,-1,0x100048049C141AC5,1698,1588,1730,988,2012,1938,1647,1500,1500,1938,1193,1449,1500,1500,1500,1500,1500,1500,1372,1628,1500,1609,1500,2012,1500,1702,1588,1500,1520,1705,1500,988,8.3
2026-04-18,16:47:02.460,-81,-74,10,3998,17130,55,44,16,15134,51,22,879,868,443,516,1024,204,1024,0,-1,-1,-1,0x100048049C140A85,1694,1638,1730,988,2012,1934,1721,1500,1500,1933,1193,1449,1500,1500,1500,1500,1500,1500,1372,1628,1500,1609,1500,2012,1500,1775,1638,1500,1520,1705,1500,988,8.3
2026-04-18,16:47:02.960,-70,-79,10,4006,29560,55,44,16,17536,51,22,881,812,653,516,1024,204,1024,0,-1,-1,-1,0x100048059C140AC5,1676,1736,1730,988,2012,1906,1826,1500,1500,1906,1193,1449,1500,1500,1500,1500,1500,1500,1372,1628,1500,1609,1500,2012,1500,1875,1736,1500,1520,1705,1500,988,8.3
2026-04-18,16:47:03.460,-82,-86,10,4005,46660,55,44,16,24856,51,22,887,133,852,516,1024,204,1024,0,-1,-1,-1,0x100048059C140E85,1522,1844,1730,988,2012,1566,1926,1500,1500,1566,1193,1449,1500,1500,1500,1500,1500,1500,1372,1628,1500,1609,1500,2012,1500,1951,1844,1500,1520,1705,1500,988,8.3
2026-04-18,16:47:03.960,-77,-77,10,3980,50480,55,44,16,29646,51,23,893,-2,202,516,1024,204,1024,0,-1,-1,-1,0x1000480498140245,1500,1551,1730,988,2012,1499,1601,1500,1500,1499,1193,1449,1500,1500,1500,1500,1500,1500,1372,1628,1500,1609,1500,2012,1500,1784,1551,1500,1520,1705,1500,988,8.3
2026-04-18,16:47:04.460,-77,-74,10,3977,11210,55,44,16,19790,51,23,895,0,434,516,1024,204,1024,0,-1,-1,-1,0x1000480498140205,1500,1644,1730,988,2012,1500,1717,1500,1500,1500,1193,1449,1500,1500,1500,1500,1500,1500,1372,1628,1500,1609,1500,2012,1500,1782,1644,1500,1520,1705,1500,988,8.3
2026-04-18,16:47:04.960,-77,-70,10,3978,3810,55,44,16,17002,51,23,896,534,127,516,1024,203,1024,0,-1,-1,-1,0x100048049C140245,1598,1500,1730,988,2012,1767,1563,1500,1500,1758,1193,1449,1500,1500,1500,1500,1500,1500,1101,2012,1500,1609,1500,2012,1500,1499,1500,1500,1520,1705,1500,988,8.3
2026-04-18,16:47:05.460,-77,-71,10,3992,4650,55,44,16,12756,51,23,896,794,606,516,1024,204,1024,0,-1,-1,-1,0x100048049C140205,1674,1703,1730,988,2012,1897,1803,1500,1500,1902,1193,1449,1500,1500,1500,1500,1500,1500,1372,1628,1500,1609,1500,2012,1500,1849,1703,1500,1520,1705,1500,988,8.3
2026-04-18,16:47:05.960,-79,-76,10,4004,11840,55,44,16,13708,51,23,898,-757,-714,516,1024,204,1024,0,-1,-1,-1,0x100048049E180245,1343,1281,1730,1337,2012,1104,1143,1197,1500,1140,1193,1449,1500,1500,1500,1500,1500,1197,988,2012,1500,1609,1500,988,1500,1440,1500,1500,1520,1705,1143,988,8.3
2026-04-18,16:47:06.460,-79,-72,10,4026,0,55,44,16,5472,51,23,899,-1024,214,516,1024,204,1024,0,-1,-1,-1,0x100048009C100205,1205,1557,1730,988,2012,988,1607,1500,1500,988,1193,1449,1500,1500,1500,1500,1500,1500,1372,1628,1500,1609,1500,988,1500,1643,1557,1500,1520,1705,1500,988,8.3
2026-04-18,16:47:06.960,-69,-72,10,4024,22490,55,44,16,13454,51,23,901,-158,670,516,1024,204,1024,0,-1,-1,-1,0x100048019C140605,1473,1745,1730,988,2012,1421,1834,1500,1500,1422,1193,1449,1500,1500,1500,1500,1500,1500,1372,1628,1500,1609,1500,2012,1500,1882,1745,1500,1520,1705,1500,988,8.3
2026-04-18,16:47:07.460,-65,-71,10,4012,25850,55,44,16,14944,51,23,905,1022,285,516,1024,204,1024,0,-1,-1,-1,0x100048009C140205,1761,1602,1730,988,2012,2011,1642,1500,1500,2011,1193,1449,1500,1500,1500,1500,1500,1500,1372,1628,1500,1609,1500,2012,1500,1787,1602,1500,1520,1705,1500,988,8.3
2026-04-18,16:47:07.960,-67,-66,10,4007,10540,55,44,16,10046,51,23,907,886,594,516,1024,204,1024,0,-1,-1,-1,0x100048009C140205,1715,1690,1730,988,2012,1943,1797,1500,1500,1960,1193,1449,1500,1500,1500,1500,1500,1500,1372,1628,1500,1609,1500,2012,1500,1842,1690,1500,1520,1705,1500,988,8.3
2026-04-18,16:47:08.460,-77,-77,10,4006,11210,55,44,16,9992,51,23,909,93,582,516,1024,204,1024,0,-1,-1,-1,0x100048009C140205,1513,1698,1730,988,2012,1546,1791,1500,1500,1537,1193,1449,1500,1500,1500,1500,1500,1500,1372,1628,1500,1609,1500,2012,1500,1845,1698,1500,1520,1705,1500,988,8.3
2026-04-18,16:47:08.960,-71,-71,10,3999,17020,55,44,16,13312,51,23,912,-693,468,516,1024,204,1024,0,-1,-1,-1,0x100048019C140605,1348,1653,1730,988,2012,1154,1734,1500,1500,1146,1193,1449,1500,1500,1500,1500,1500,1500,1372,1628,1500,1609,1500,2012,1500,1793,1653,1500,1520,1705,1500,988,8.3
2026-04-18,16:47:09.460,-71,-56,10,3999,19400,55,44,16,14454,51,23,915,0,743,516,1024,204,1024,0,-1,-1,-1,0x1000480498140205,1500,1790,1730,988,2012,1500,1871,1500,1500,1500,1193,1449,1500,1500,1500,1500,1500,1500,1372,1628,1500,1609,1500,2012,1500,1915,1790,1500,1520,1705,1500,988,8.3
2026-04-18,16:47:09.960,-57,-62,10,4003,35620,55,44,16,23692,51,23,918,11,977,516,1024,204,1024,0,-1,-1,-1,0x1000480498142245,1501,1968,1730,988,2012,1505,1988,1500,1500,1505,1193,1449,1500,1500,1500,1500,1500,1500,1372,1628,1500,1609,1500,2012,1500,2000,1996,1500,1520,1705,1500,988,8.3
2026-04-18,16:47:10.460,-54,-62,10,3998,4230,55,44,16,9952,51,23,920,-241,442,516,1024,203,1024,0,-1,-1,-1,0x1000480098140205,1498,1603,1730,988,2012,1367,1726,1500,1500,1492,1193,1449,1500,1500,1500,1500,1500,1500,1372,1628,1500,1609,1500,2012,1500,1731,1603,1500,1520,1705,1500,988,8.3
2026-04-18,16:47:10.960,-53,-55,10,4006,5210,57,44,16,9870,51,23,922,-1024,192,516,1024,204,1024,0,-1,-1,-1,0x100048009C140205,1205,1549,1730,988,2012,988,1596,1500,1500,988,1193,1449,1500,1500,1500,1500,1500,1500,1372,1628,1500,1609,1500,2012,1500,1629,1549,1500,1520,1705,1500,988,8.3
2026-04-18,16:47:11.460,-52,-55,10,4010,19510,57,44,16,8452,51,23,923,-1024,251,516,1024,204,1024,0,-1,-1,-1,0x100048009C140205,1205,1572,1730,988,2012,988,1625,1500,1500,988,1193,1449,1500,1500,1500,1500,1500,1500,1372,1628,1500,1609,1500,2012,1500,1675,1572,1500,1520,1705,1500,988,8.3
2026-04-18,16:47:11.960,-68,-66,10,4019,17930,57,44,16,11030,51,23,924,-405,559,516,1024,204,1024,0,-1,-1,-1,0x100048019C140605,1428,1684,1730,988,2012,1298,1779,1500,1500,1305,1193,1449,1500,1500,1500,1500,1500,1500,1372,1628,1500,1609,1500,2012,1500,1830,1684,1500,1520,1705,1500,988,8.3
2026-04-18,16:47:12.460,-74,-69,10,4017,22140,57,44,16,13658,51,24,927,-675,769,516,1024,204,1024,0,-1,-1,-1,0x100048019C140605,1364,1814,1730,988,2012,1155,1875,1500,1500,1173,1193,1449,1500,1500,1500,1500,1500,1500,1372,1628,1500,1609,1500,2012,1500,1931,1814,1500,1520,1705,1500,988,8.3
2026-04-18,16:47:12.960,-74,-65,10,4013,3810,57,44,16,3926,51,24,930,1024,48,516,1024,204,1024,0,-1,-1,-1,0x100048009C140205,1762,1511,1730,988,2012,2012,1524,1500,1500,2012,1193,1449,1500,1500,1500,1500,1500,1500,988,2012,1500,1609,1500,2012,1500,1523,1511,1500,1520,1705,1500,988,8.3
2026-04-18,16:47:13.460,-74,-64,10,4013,16150,57,44,16,7418,51,24,931,1024,163,516,1024,204,1024,0,-1,-1,-1,0x100048009C140205,1762,1549,1730,988,2012,2012,1581,1500,1500,2012,1193,1449,1500,1500,1500,1500,1500,1500,1372,1628,1500,1609,1500,2012,1500,1619,1549,1500,1520,1705,1500,988,8.3
2026-04-18,16:47:13.960,-55,-68,10,4013,9590,57,44,16,7228,51,24,933,1024,374,516,1024,204,1024,0,-1,-1,-1,0x100048009C140205,1762,1623,1730,988,2012,2012,1687,1500,1500,2012,1193,1449,1500,1500,1500,1500,1500,1500,1372,1628,1500,1609,1500,2012,1500,1745,1623,1500,1520,1705,1500,988,8.3
2026-04-18,16:47:14.460,-56,-68,10,4013,27600,57,44,16,14512,51,24,935,-63,699,516,1024,204,1024,0,-1,-1,-1,0x1000480198140605,1493,1754,1730,988,2012,1469,1849,1500,1500,1478,1193,1449,1500,1500,1500,1500,1500,1500,1372,1628,1500,1609,1500,2012,1500,1888,1754,1500,1520,1705,1500,988,8.3
2026-04-18,16:47:14.960,-55,-68,10,3990,104150,57,44,16,27506,51,24,942,-172,-2,516,1024,204,1024,0,-1,-1,-1,0x100048009C140205,1470,1499,1730,989,2012,1414,1499,1499,1500,1414,1193,1449,1500,1500,1500,1500,1500,1499,1065,1935,1500,1609,1500,2012,1500,1794,1500,1500,1520,1705,1499,988,8.3
2026-04-18,16:47:15.460,-51,-68,10,3984,2900,57,44,16,24190,51,24,948,-281,-777,516,1024,204,1024,0,-1,-1,-1,0x100048049E100205,1450,1281,1730,1337,2012,1360,1112,1197,1500,1360,1193,1449,1500,1500,1500,1500,1500,1197,1029,2012,1500,1609,1500,988,1500,1107,1500,1500,1520,1705,1143,988,8.3
2026-04-18,16:47:15.960,-50,-68,10,3985,0,57,44,16,2968,51,24,948,-284,95,516,1024,203,1024,0,-1,-1,-1,0x100048009C140205,1449,1506,1730,988,2012,1358,1557,1500,1500,1358,1193,1449,1500,1500,1500,1500,1500,1500,1372,2012,1500,1609,1500,2012,1500,1513,1506,1500,1520,1705,1500,988,8.3
2026-04-18,16:47:16.460,-60,-66,10,3985,10510,57,44,16,20172,51,24,950,-244,1,516,1024,204,1024,0,-1,-1,-1,0x100048009C140205,1457,1500,1730,988,2012,1378,1500,1500,1500,1378,1193,1449,1500,1500,1500,1500,1500,1500,1141,2012,1500,1609,1500,2012,1500,1500,1500,1500,1520,1705,1500,988,8.3
2026-04-18,16:47:16.960,-55,-67,10,3990,12360,57,44,16,5422,51,24,951,1,142,516,1024,204,1024,0,-1,-1,-1,0x1000480098140205,1500,1547,1730,988,2012,1500,1571,1500,1500,1500,1193,1449,1500,1500,1500,1500,1500,1500,1372,1628,1500,1609,1500,2012,1500,1605,1547,1500,1520,1705,1500,988,8.3
2026-04-18,16:47:17.460,-66,-78,10,4025,14780,57,44,16,10282,51,24,952,4,1024,516,1024,204,1024,0,-1,-1,-1,0x1000480098142205,1500,2012,1730,988,2012,1502,2012,1500,1500,1501,1193,1449,1500,1500,1500,1500,1500,1500,1372,1628,1500,1609,1500,2012,1500,2012,2012,1500,1520,1705,1500,988,8.3
2026-04-18,16:47:17.960,-66,-52,10,4009,10820,57,44,16,33874,51,24,956,202,-1023,516,1024,204,1024,0,-1,-1,-1,0x100048009E100205,1535,1186,1730,1439,2012,1601,989,1500,1065,1601,1193,1449,1500,1500,1500,1500,1500,1065,1029,2012,1500,1609,1500,988,1500,1513,1500,1500,1520,1705,1065,988,8.3
2026-04-18,16:47:18.460,-66,-49,10,4012,0,57,44,16,0,51,24,957,-2,-3,516,1024,204,1024,0,-1,-1,-1,0x1000480098140205,1500,1498,1730,992,2012,1499,1499,1498,1500,1499,1193,1449,1500,1500,1500,1500,1500,1497,1372,2012,1500,1609,1500,2012,1500,1498,1500,1500,1520,1705,1498,988,8.3
2026-04-18,16:47:18.960,-68,-54,10,4015,0,57,44,16,0,51,24,957,-2,0,516,1024,204,1024,0,-1,-1,-1,0x1000480098140205,1500,1500,1730,988,2012,1499,1500,1500,1500,1499,1193,1449,1500,1500,1500,1500,1500,1500,1372,2012,1500,1609,1500,2012,1500,1500,1500,1500,1520,1705,1500,988,8.3
2026-04-18,16:47:19.460,-70,-62,10,4018,0,57,44,16,0,51,24,957,-2,0,516,1024,203,1024,0,-1,-1,-1,0x1000480098140205,1500,1500,1730,988,2012,1499,1500,1500,1500,1499,1193,1449,1500,1500,1500,1500,1500,1500,1500,2012,1500,1609,1500,2012,1500,1500,1500,1500,1520,1705,1500,988,8.3
2026-04-18,16:47:19.960,-70,-58,10,4031,0,57,44,16,0,52,24,957,-3,2,516,1024,203,1024,0,-1,-1,-1,0x1000480098140205,1500,1500,1730,988,2012,1499,1501,1500,1500,1499,1193,1449,1500,1500,1500,1500,1500,1500,1500,2012,1500,1609,1500,2012,1500,1501,1500,1500,1520,1705,1500,988,8.3
2026-04-18,16:47:20.460,-66,-58,10,4033,0,57,44,16,0,52,24,957,-3,0,516,1024,204,1024,0,-1,-1,-1,0x1000480098140205,1500,1500,1730,988,2012,1499,1500,1500,1500,1499,1193,1449,1500,1500,1500,1500,1500,1500,1500,2012,1500,1609,1500,2012,1500,1501,1500,1500,1520,1705,1500,988,8.3
2026-04-18,16:47:20.960,-66,-54,10,4033,0,55,44,16,0,52,24,957,-3,1,516,1024,204,1024,0,-1,-1,-1,0x1000480098140205,1500,1500,1642,988,2012,1499,1500,1500,1500,1499,1193,1449,1500,1500,1500,1500,1500,1500,1500,2012,1500,1609,1500,2012,1500,1500,1500,1500,1520,1705,1500,988,8.3
2026-04-18,16:47:21.460,-68,-57,10,4033,0,55,44,16,0,51,24,957,-2,0,516,1024,203,1024,0,-1,-1,-1,0x1000480098140204,1500,1500,1500,988,2012,1499,1500,1500,1500,1499,1193,1449,1500,1500,1500,1500,1500,1500,1500,2012,1500,1609,1500,2012,1500,1500,1500,1500,1520,1705,1500,988,8.3
2026-04-18,16:47:21.960,-68,-54,10,4033,0,55,44,16,0,51,24,957,-3,0,516,1024,204,1024,0,-1,-1,-1,0x1000480298140204,1500,1500,1500,988,2012,1499,1500,1500,1500,1499,1193,1449,1500,1500,1500,1500,1500,1500,1500,2012,1500,1609,1500,2012,1500,1500,1500,1500,1520,1705,1500,988,8.3
2026-04-18,16:47:22.460,-68,-53,10,4034,0,55,44,16,0,51,24,957,-2,1,516,1024,204,1024,0,-1,-1,-1,0x1000480A98140204,1500,1500,1500,988,2012,1499,1500,1500,1500,1499,1193,1449,1500,1500,1500,1500,1500,1500,1500,2012,1500,1609,1500,2012,1500,1501,1500,1500,1520,1705,1500,988,8.3
2026-04-18,16:47:22.960,-83,-57,10,4037,0,55,44,16,0,51,24,957,-2,1,516,1024,204,1024,0,-1,-1,-1,0x1000480A98140204,1500,1500,1500,988,2012,1499,1500,1500,1500,1499,1193,1449,1500,1500,1500,1500,1500,1500,1500,2012,1500,1609,1500,2012,1500,1501,1500,1500,1520,1705,1500,988,8.3
2026-04-18,16:47:23.460,-83,-53,10,4041,0,55,44,16,0,51,24,957,-4,1,516,1024,204,1024,0,-1,-1,-1,0x1000480A98140204,1500,1500,1500,988,2012,1498,1500,1500,1500,1499,1193,1449,1500,1500,1500,1500,1500,1500,1500,2012,1500,1609,1500,2012,1500,1501,1500,1500,1520,1705,1500,988,8.3
2026-04-18,16:47:23.960,-69,-54,10,4044,0,55,44,16,0,51,24,957,-2,1,516,1024,204,1024,0,-1,-1,-1,0x1000480A98140204,1500,1500,1500,988,2012,1499,1500,1500,1500,1499,1193,1449,1500,1500,1500,1500,1500,1500,1500,2012,1500,1609,1500,2012,1500,1501,1500,1500,1520,1705,1500,988,8.3
2026-04-18,16:47:24.460,-69,-55,10,4048,0,55,44,16,0,51,24,957,-3,1,516,1024,203,1024,0,-1,-1,-1,0x1000480A98140204,1500,1500,1500,988,2012,1499,1500,1500,1500,1499,1193,1449,1500,1500,1500,1500,1500,1500,1500,2012,1500,1609,1500,2012,1500,1501,1500,1500,1520,1705,1500,988,8.3
2026-04-18,16:47:24.960,-69,-51,10,4049,0,55,44,16,0,51,24,957,-2,1,516,1024,204,1024,0,-1,-1,-1,0x1000480A98140204,1500,1500,1500,988,2012,1499,1500,1500,1500,1499,1193,1449,1500,1500,1500,1500,1500,1500,1500,2012,1500,1609,1500,2012,1500,1501,1500,1500,1520,1705,1500,988,8.3
2026-04-18,16:47:25.460,-69,-56,10,4049,0,55,44,16,0,51,24,957,-2,1,516,1024,204,1024,0,-1,-1,-1,0x1000480A98140204,1500,1500,1500,988,2012,1499,1500,1500,1500,1499,1193,1449,1500,1500,1500,1500,1500,1500,1500,2012,1500,1609,1500,2012,1500,1501,1500,1500,1520,1705,1500,988,8.3
2026-04-18,16:47:25.960,-68,-61,10,4049,0,55,44,16,0,51,24,957,-2,1,516,1024,204,1024,0,-1,-1,-1,0x1000480A98140204,1500,1500,1500,988,2012,1499,1500,1500,1500,1499,1193,1449,1500,1500,1500,1500,1500,1500,1500,2012,1500,1609,1500,2012,1500,1501,1500,1500,1520,1705,1500,988,8.3
2026-04-18,16:47:26.460,-72,-65,10,4049,0,55,44,16,0,50,24,957,-2,1,516,1024,204,1024,0,-1,-1,-1,0x1000480A98140204,1500,1500,1500,988,2012,1499,1500,1500,1500,1499,1193,1449,1500,1500,1500,1500,1500,1500,1500,2012,1500,1609,1500,2012,1500,1501,1500,1500,1520,1705,1500,988,8.3
2026-04-18,16:47:26.960,-83,-71,10,4049,0,55,44,16,0,50,24,957,-3,1,516,1024,203,1024,0,-1,-1,-1,0x1000480A98140204,1500,1500,1500,988,2012,1499,1500,1500,1500,1499,1193,1449,1500,1500,1500,1500,1500,1500,1500,2012,1500,1609,1500,2012,1500,1501,1500,1500,1520,1705,1500,988,8.3
2026-04-18,16:47:27.460,-78,-76,10,4049,0,55,44,16,0,50,24,957,-3,1,516,1024,204,1024,0,-1,-1,-1,0x1000480A98140204,1500,1500,1500,988,2012,1499,1500,1500,1500,1499,1193,1449,1500,1500,1500,1500,1500,1500,1500,2012,1500,1609,1500,2012,1500,1501,1500,1500,1520,1705,1500,988,8.3
2026-04-18,16:47:27.960,-75,-91,25,4049,0,55,44,16,0,50,24,957,-3,1,516,1024,204,1024,0,-1,-1,-1,0x1000480A98140204,1500,1500,1500,988,2012,1499,1500,1500,1500,1499,1193,1449,1500,1500,1500,1500,1500,1500,1500,2012,1500,1609,1500,2012,1500,1501,1500,1500,1520,1705,1500,988,8.3
2026-04-18,16:47:28.460,-90,-72,10,4049,0,55,44,16,0,50,24,957,-3,1,516,1024,204,1024,0,-1,-1,-1,0x1000480A98140204,1500,1500,1500,988,2012,1499,1500,1500,1500,1499,1193,1449,1500,1500,1500,1500,1500,1500,1500,2012,1500,1609,1500,2012,1500,1501,1500,1500,1520,1705,1500,988,8.3
2026-04-18,16:47:28.960,-76,-71,10,4049,0,55,44,16,0,50,24,957,-3,1,516,1024,204,1024,0,-1,-1,-1,0x1000480A98140204,1500,1500,1500,988,2012,1499,1500,1500,1500,1499,1193,1449,1500,1500,1500,1500,1500,1500,1500,2012,1500,1609,1500,2012,1500,1501,1500,1500,1520,1705,1500,988,8.3
2026-04-18,16:47:29.460,-76,-69,10,4049,0,55,44,16,0,50,24,957,-2,0,516,1024,204,1024,0,-1,-1,-1,0x1000480A98140204,1500,1500,1500,988,2012,1499,1500,1500,1500,1499,1193,1449,1500,1500,1500,1500,1500,1500,1500,2012,1500,1609,1500,2012,1500,1500,1500,1500,1520,1705,1500,988,8.3
2026-04-18,16:47:29.960,-76,-65,10,4049,0,55,44,16,0,50,24,957,-2,0,516,1024,204,1024,0,-1,-1,-1,0x1000480A98140204,1500,1500,1500,988,2012,1499,1500,1500,1500,1499,1193,1449,1500,1500,1500,1500,1500,1500,1500,2012,1500,1609,1500,2012,1500,1500,1500,1500,1520,1705,1500,988,8.3
2026-04-18,16:47:30.460,-76,-59,10,4049,0,55,44,16,0,50,24,957,-3,0,516,1024,204,1024,0,-1,-1,-1,0x1000480A98140204,1500,1500,1500,988,2012,1499,1500,1500,1500,1499,1193,1449,1500,1500,1500,1500,1500,1500,1500,2012,1500,1609,1500,2012,1500,1500,1500,1500,1520,1705,1500,988,8.3
2026-04-18,16:47:30.960,-76,-56,10,4049,0,55,44,16,0,49,24,957,-2,0,516,1024,204,1024,0,-1,-1,-1,0x1000480A98140204,1500,1500,1500,988,2012,1499,1500,1500,1500,1499,1193,1449,1500,1500,1500,1500,1500,1500,1500,2012,1500,1609,1500,2012,1500,1500,1500,1500,1520,1705,1500,988,8.3
2026-04-18,16:47:31.460,-76,-56,10,4049,0,55,44,16,0,49,24,957,-3,1,516,1024,204,1024,0,-1,-1,-1,0x1000480A98140204,1500,1500,1500,988,2012,1499,1500,1500,1500,1499,1193,1449,1500,1500,1500,1500,1500,1500,1500,2012,1500,1609,1500,2012,1500,1501,1500,1500,1520,1705,1500,988,8.3
2026-04-18,16:47:31.960,-76,-56,10,4049,0,55,44,16,0,49,24,957,-2,1,516,1024,204,1024,0,-1,-1,-1,0x1000480A98140204,1500,1500,1500,988,2012,1499,1500,1500,1500,1499,1193,1449,1500,1500,1500,1500,1500,1500,1500,2012,1500,1609,1500,2012,1500,1501,1500,1500,1520,1705,1500,988,8.3
2026-04-18,16:47:32.460,-76,-52,10,4049,0,55,44,16,0,49,24,957,-2,0,516,1024,203,1024,0,-1,-1,-1,0x1000480A98140204,1500,1500,1500,988,2012,1499,1500,1500,1500,1499,1193,1449,1500,1500,1500,1500,1500,1500,1500,2012,1500,1609,1500,2012,1500,1500,1500,1500,1520,1705,1500,988,8.3
2026-04-18,16:47:32.960,-65,-54,10,4049,0,55,44,16,0,49,24,957,-3,1,516,1024,204,1024,0,-1,-1,-1,0x1000480A98140204,1500,1500,1500,988,2012,1499,1500,1500,1500,1499,1193,1449,1500,1500,1500,1500,1500,1500,1500,2012,1500,1609,1500,2012,1500,1501,1500,1500,1520,1705,1500,988,8.3
2026-04-18,16:47:33.460,-65,-51,10,4049,0,55,44,16,0,49,24,957,-2,1,516,1024,204,1024,0,-1,-1,-1,0x1000480A98140204,1500,1500,1500,988,2012,1499,1500,1500,1500,1499,1193,1449,1500,1500,1500,1500,1500,1500,1500,2012,1500,1609,1500,2012,1500,1501,1500,1500,1520,1705,1500,988,8.3
2026-04-18,16:47:33.960,-65,-50,10,4049,0,55,44,16,0,49,24,957,-3,1,516,1024,204,1024,0,-1,-1,-1,0x1000480A98140204,1500,1500,1500,988,2012,1499,1500,1500,1500,1499,1193,1449,1500,1500,1500,1500,1500,1500,1500,2012,1500,1609,1500,2012,1500,1501,1500,1500,1520,1705,1500,988,8.3
2026-04-18,16:47:34.460,-65,-45,10,4049,0,55,44,16,0,49,24,957,-2,0,516,1024,204,1024,0,-1,-1,-1,0x1000480A98140204,1500,1500,1500,988,2012,1499,1500,1500,1500,1499,1193,1449,1500,1500,1500,1500,1500,1500,1500,2012,1500,1609,1500,2012,1500,1500,1500,1500,1520,1705,1500,988,8.3
2026-04-18,16:47:34.960,-65,-43,10,4049,0,55,44,16,0,49,24,957,-3,1,516,1024,204,1024,0,-1,-1,-1,0x1000480A98140204,1500,1500,1500,988,2012,1499,1500,1500,1500,1499,1193,1449,1500,1500,1500,1500,1500,1500,1500,2012,1500,1609,1500,2012,1500,1501,1500,1500,1520,1705,1500,988,8.3
2026-04-18,16:47:35.460,-65,-37,10,4049,0,55,44,16,0,49,24,957,-2,1,516,1024,204,1024,0,-1,-1,-1,0x1000480A98140204,1500,1500,1500,988,2012,1499,1500,1500,1500,1499,1193,1449,1500,1500,1500,1500,1500,1500,1500,2012,1500,1609,1500,2012,1500,1501,1500,1500,1520,1705,1500,988,8.3
2026-04-18,16:47:35.960,-65,-42,10,4049,0,55,44,16,0,49,24,957,-3,1,516,1024,204,1024,0,-1,-1,-1,0x1000480A98140204,1500,1500,1500,988,2012,1499,1500,1500,1500,1499,1193,1449,1500,1500,1500,1500,1500,1500,1500,2012,1500,1609,1500,2012,1500,1500,1500,1500,1520,1705,1500,988,8.3
2026-04-18,16:47:36.460,-65,-35,10,4049,0,55,44,16,0,48,24,957,-2,1,516,1024,204,1024,0,-1,-1,-1,0x1000480A98140204,1500,1500,1500,988,2012,1499,1500,1500,1500,1500,1193,1449,1500,1500,1500,1500,1500,1500,1500,2012,1500,1609,1500,2012,1500,1501,1500,1500,1520,1705,1500,988,8.3
2026-04-18,16:47:36.960,-65,-34,10,4049,0,55,44,16,0,48,24,957,-3,0,516,1024,204,1024,0,-1,-1,-1,0x1000480A98140204,1500,1500,1500,988,2012,1499,1500,1500,1500,1499,1193,1449,1500,1500,1500,1500,1500,1500,1500,2012,1500,1609,1500,2012,1500,1500,1500,1500,1520,1705,1500,988,8.3
2026-04-18,16:47:37.460,-65,-35,10,4049,0,55,44,16,0,48,24,957,-2,1,516,1024,203,1024,0,-1,-1,-1,0x1000480A98140204,1500,1500,1500,988,2012,1499,1500,1500,1500,1499,1193,1449,1500,1500,1500,1500,1500,1500,1500,2012,1500,1609,1500,2012,1500,1501,1500,1500,1520,1705,1500,988,8.3
2026-04-18,16:47:37.960,-47,-39,10,4049,0,55,44,16,0,48,24,957,-3,1,516,1024,203,1024,0,-1,-1,-1,0x1000480A98140204,1500,1500,1500,988,2012,1499,1500,1500,1500,1499,1193,1449,1500,1500,1500,1500,1500,1500,1500,2012,1500,1609,1500,2012,1500,1500,1500,1500,1520,1705,1500,988,8.3
2026-04-18,16:47:38.460,-47,-35,10,4049,0,55,44,16,0,48,24,957,-3,1,516,1024,204,1024,0,-1,-1,-1,0x1000480A98140204,1500,1500,1500,988,2012,1499,1500,1500,1500,1499,1193,1449,1500,1500,1500,1500,1500,1500,1500,2012,1500,1609,1500,2012,1500,1501,1500,1500,1520,1705,1500,988,8.3
2026-04-18,16:47:38.960,-51,-44,10,4050,0,55,44,16,0,48,24,957,-3,1,516,1024,204,1024,0,-1,-1,-1,0x1000480A98140204,1500,1500,1500,988,2012,1499,1500,1500,1500,1499,1193,1449,1500,1500,1500,1500,1500,1500,1500,2012,1500,1609,1500,2012,1500,1501,1500,1500,1520,1705,1500,988,8.3
2026-04-18,16:47:39.460,-50,-52,10,4050,0,55,44,16,0,48,24,957,-3,1,516,1024,204,1024,0,-1,-1,-1,0x1000480A98140204,1500,1500,1500,988,2012,1499,1500,1500,1500,1499,1193,1449,1500,1500,1500,1500,1500,1500,1500,2012,1500,1609,1500,2012,1500,1501,1500,1500,1520,1705,1500,988,8.3
2026-04-18,16:47:39.960,-48,-52,10,4050,0,55,44,16,0,48,24,957,-3,1,516,1024,204,1024,0,-1,-1,-1,0x1000480A98140204,1500,1500,1500,988,2012,1499,1500,1500,1500,1499,1193,1449,1500,1500,1500,1500,1500,1500,1500,2012,1500,1609,1500,2012,1500,1500,1500,1500,1520,1705,1500,988,8.3
2026-04-18,16:47:40.460,-72,-47,10,4052,0,55,44,16,0,48,24,957,-3,1,516,1024,204,1024,0,-1,-1,-1,0x1000480A98140204,1500,1500,1500,988,2012,1499,1500,1500,1500,1499,1193,1449,1500,1500,1500,1500,1500,1500,1500,2012,1500,1609,1500,2012,1500,1500,1500,1500,1520,1705,1500,988,8.3
2026-04-18,16:47:40.960,-72,-46,10,4054,0,55,44,16,998,48,24,957,-3,0,516,1024,204,1024,0,-1,-1,-1,0x1000480A98140204,1500,1500,1500,988,2012,1499,1500,1500,1500,1499,1193,1449,1500,1500,1500,1500,1500,1500,1500,2012,1500,1609,1500,2012,1500,1500,1500,1500,1520,1705,1500,988,8.3
2026-04-18,16:47:41.460,-72,-49,10,4056,0,55,44,16,116,48,24,957,-3,1,516,1024,204,1024,0,-1,-1,-1,0x1000480A98140204,1500,1500,1500,988,2012,1499,1500,1500,1500,1499,1193,1449,1500,1500,1500,1500,1500,1500,1500,2012,1500,1609,1500,2012,1500,1501,1500,1500,1520,1705,1500,988,8.3
2026-04-18,16:47:41.960,-72,-48,10,4060,0,55,44,16,0,48,24,957,-3,1,516,1024,204,1024,0,-1,-1,-1,0x1000480A98140204,1500,1500,1500,988,2012,1499,1500,1500,1500,1499,1193,1449,1500,1500,1500,1500,1500,1500,1500,2012,1500,1609,1500,2012,1500,1501,1500,1500,1520,1705,1500,988,8.3
2026-04-18,16:47:42.460,-47,-51,10,4063,0,55,44,16,0,48,24,957,-3,0,516,1024,204,1024,0,-1,-1,-1,0x1000480A98140204,1500,1500,1500,988,2012,1499,1500,1500,1500,1499,1193,1449,1500,1500,1500,1500,1500,1500,1500,2012,1500,1609,1500,2012,1500,1500,1500,1500,1520,1705,1500,988,8.3
2026-04-18,16:47:42.960,-53,-54,10,4063,0,55,44,16,0,48,24,957,-4,0,516,1024,203,1024,0,-1,-1,-1,0x1000480A98140204,1500,1500,1500,988,2012,1498,1500,1500,1500,1499,1193,1449,1500,1500,1500,1500,1500,1500,1500,2012,1500,1609,1500,2012,1500,1500,1500,1500,1520,1705,1500,988,8.3
2026-04-18,16:47:43.460,-55,-54,10,4066,0,55,44,16,0,48,24,957,-2,0,516,1024,204,1024,0,-1,-1,-1,0x1000480A98140204,1500,1500,1500,988,2012,1499,1500,1500,1500,1499,1193,1449,1500,1500,1500,1500,1500,1500,1500,2012,1500,1609,1500,2012,1500,1500,1500,1500,1520,1705,1500,988,8.3
2026-04-18,16:47:43.960,-57,-54,10,4066,0,55,44,16,0,48,24,957,-3,0,516,1024,204,1024,0,-1,-1,-1,0x1000480A98140204,1500,1500,1500,988,2012,1499,1500,1500,1500,1499,1193,1449,1500,1500,1500,1500,1500,1500,1500,2012,1500,1609,1500,2012,1500,1500,1500,1500,1520,1705,1500,988,8.3
2026-04-18,16:47:44.460,-57,-49,10,4066,0,55,44,16,0,48,24,957,-3,0,516,1024,204,1024,0,-1,-1,-1,0x1000480A98140204,1500,1500,1500,988,2012,1499,1500,1500,1500,1499,1193,1449,1500,1500,1500,1500,1500,1500,1500,2012,1500,1609,1500,2012,1500,1500,1500,1500,1520,1705,1500,988,8.3
2026-04-18,16:47:44.960,-57,-46,10,4066,0,55,44,16,0,48,24,957,-3,0,516,1024,204,1024,0,-1,-1,-1,0x1000480A98140204,1500,1500,1500,988,2012,1499,1500,1500,1500,1499,1193,1449,1500,1500,1500,1500,1500,1500,1500,2012,1500,1609,1500,2012,1500,1500,1500,1500,1520,1705,1500,988,8.3
2026-04-18,16:47:45.460,-57,-45,10,4066,0,55,44,16,0,48,24,957,-3,0,516,1024,204,1024,0,-1,-1,-1,0x1000480A98140204,1500,1500,1500,988,2012,1499,1500,1500,1500,1499,1193,1449,1500,1500,1500,1500,1500,1500,1500,2012,1500,1609,1500,2012,1500,1500,1500,1500,1520,1705,1500,988,8.3
2026-04-18,16:47:45.960,-57,-37,10,4065,0,55,44,16,0,48,24,957,-2,1,516,1024,204,1024,0,-1,-1,-1,0x1000480A98140204,1500,1500,1500,988,2012,1499,1500,1500,1500,1499,1193,1449,1500,1500,1500,1500,1500,1500,1500,2012,1500,1609,1500,2012,1500,1500,1500,1500,1520,1705,1500,988,8.3
2026-04-18,16:47:46.460,-57,-31,10,4065,0,55,44,16,0,48,24,957,-3,0,516,1024,204,1024,0,-1,-1,-1,0x1000480A98140204,1500,1500,1500,988,2012,1499,1500,1500,1500,1499,1193,1449,1500,1500,1500,1500,1500,1500,1500,2012,1500,1609,1500,2012,1500,1500,1500,1500,1520,1705,1500,988,8.3
2026-04-18,16:47:46.960,-57,-30,10,4065,0,55,44,16,0,47,24,957,-2,1,516,1024,204,1024,0,-1,-1,-1,0x1000480A98140204,1500,1500,1500,988,2012,1499,1500,1500,1500,1499,1193,1449,1500,1500,1500,1500,1500,1500,1500,2012,1500,1609,1500,2012,1500,1500,1500,1500,1520,1705,1500,988,8.3
2026-04-18,16:47:47.460,-35,-37,10,4065,0,55,44,16,0,47,24,957,-3,1,516,1024,203,1024,0,-1,-1,-1,0x1000480A98140204,1500,1500,1500,988,2012,1499,1500,1500,1500,1499,1193,1449,1500,1500,1500,1500,1500,1500,1500,2012,1500,1609,1500,2012,1500,1501,1500,1500,1520,1705,1500,988,8.3
2026-04-18,16:47:47.960,-44,-41,10,4065,0,55,44,16,0,47,24,957,-3,0,516,1024,204,1024,0,-1,-1,-1,0x1000480A98140204,1500,1500,1500,988,2012,1499,1500,1500,1500,1499,1193,1449,1500,1500,1500,1500,1500,1500,1500,2012,1500,1609,1500,2012,1500,1500,1500,1500,1520,1705,1500,988,8.3
2026-04-18,16:47:48.460,-44,-43,10,4066,0,55,44,16,0,47,24,957,-3,0,516,1024,204,1024,0,-1,-1,-1,0x1000480A98140204,1500,1500,1500,988,2012,1499,1500,1500,1500,1499,1193,1449,1500,1500,1500,1500,1500,1500,1500,2012,1500,1609,1500,2012,1500,1500,1500,1500,1520,1705,1500,988,8.3
2026-04-18,16:47:48.960,-52,-51,10,4066,0,55,44,16,0,47,24,957,-3,0,516,1024,204,1024,0,-1,-1,-1,0x1000480A98140204,1500,1500,1500,988,2012,1499,1500,1500,1500,1499,1193,1449,1500,1500,1500,1500,1500,1500,1500,2012,1500,1609,1500,2012,1500,1501,1500,1500,1520,1705,1500,988,8.3
2026-04-18,16:47:49.460,-57,-48,10,4066,0,55,44,16,0,47,24,957,-3,0,516,1024,204,1024,0,-1,-1,-1,0x1000480A98140204,1500,1500,1500,988,2012,1499,1500,1500,1500,1499,1193,1449,1500,1500,1500,1500,1500,1500,1500,2012,1500,1609,1500,2012,1500,1500,1500,1500,1520,1705,1500,988,8.3
2026-04-18,16:47:49.960,-58,-53,10,4066,0,55,44,16,0,47,24,957,-3,0,516,1024,204,1024,0,-1,-1,-1,0x1000480A98140204,1500,1500,1500,988,2012,1499,1500,1500,1500,1499,1193,1449,1500,1500,1500,1500,1500,1500,1500,2012,1500,1609,1500,2012,1500,1500,1500,1500,1520,1705,1500,988,8.3
2026-04-18,16:47:50.460,-65,-63,10,4066,0,55,44,16,0,47,24,957,-3,0,516,1024,204,1024,0,-1,-1,-1,0x1000480A98140204,1500,1500,1500,988,2012,1499,1500,1500,1500,1499,1193,1449,1500,1500,1500,1500,1500,1500,1500,2012,1500,1609,1500,2012,1500,1500,1500,1500,1520,1705,1500,988,8.3
2026-04-18,16:47:50.960,-65,-53,10,4066,0,55,44,16,0,47,24,957,-4,0,516,1024,203,1024,0,-1,-1,-1,0x1000480A98140204,1500,1500,1500,988,2012,1498,1500,1500,1500,1498,1193,1449,1500,1500,1500,1500,1500,1500,1500,2012,1500,1609,1500,2012,1500,1500,1500,1500,1520,1705,1500,988,8.3
2026-04-18,16:47:51.460,-53,-71,10,4066,0,55,44,16,0,47,24,957,-4,0,516,1024,204,1024,0,-1,-1,-1,0x1000480A98140204,1500,1500,1500,988,2012,1498,1500,1500,1500,1498,1193,1449,1500,1500,1500,1500,1500,1500,1500,2012,1500,1609,1500,2012,1500,1500,1500,1500,1520,1705,1500,988,8.3
2026-04-18,16:47:51.960,-58,-64,10,4066,0,55,44,16,0,47,24,957,-4,0,516,1024,204,1024,0,-1,-1,-1,0x1000480A98140204,1500,1500,1500,988,2012,1498,1500,1500,1500,1498,1193,1449,1500,1500,1500,1500,1500,1500,1500,2012,1500,1609,1500,2012,1500,1500,1500,1500,1520,1705,1500,988,8.3
2026-04-18,16:47:52.460,-49,-64,10,4066,0,55,44,16,0,47,24,957,-3,0,516,1024,204,1024,0,-1,-1,-1,0x1000480A98140204,1500,1500,1500,988,2012,1499,1500,1500,1500,1499,1193,1449,1500,1500,1500,1500,1500,1500,1500,2012,1500,1609,1500,2012,1500,1500,1500,1500,1520,1705,1500,988,8.3
2026-04-18,16:47:52.960,-53,-65,10,4066,0,55,44,16,0,47,24,957,-4,0,516,1024,204,1024,0,-1,-1,-1,0x1000480A98140204,1500,1500,1500,988,2012,1498,1500,1500,1500,1498,1193,1449,1500,1500,1500,1500,1500,1500,1500,2012,1500,1609,1500,2012,1500,1500,1500,1500,1520,1705,1500,988,8.3
2026-04-18,16:47:53.460,-55,-65,10,4066,0,55,44,16,0,47,24,957,-3,0,516,1024,203,1024,0,-1,-1,-1,0x1000480A98140204,1500,1500,1500,988,2012,1499,1500,1500,1500,1499,1193,1449,1500,1500,1500,1500,1500,1500,1500,2012,1500,1609,1500,2012,1500,1500,1500,1500,1520,1705,1500,988,8.3
2026-04-18,16:47:53.960,-72,-59,10,4066,0,55,44,16,0,47,24,957,-3,0,516,1024,203,1024,0,-1,-1,-1,0x1000480A98140204,1500,1500,1500,988,2012,1499,1500,1500,1500,1499,1193,1449,1500,1500,1500,1500,1500,1500,1500,2012,1500,1609,1500,2012,1500,1500,1500,1500,1520,1705,1500,988,8.3
2026-04-18,16:47:54.460,-72,-53,10,4066,0,55,44,16,0,47,24,957,-3,0,516,1024,203,1024,0,-1,-1,-1,0x1000480A98140204,1500,1500,1500,988,2012,1498,1500,1500,1500,1499,1193,1449,1500,1500,1500,1500,1500,1500,1500,2012,1500,1609,1500,2012,1500,1500,1500,1500,1520,1705,1500,988,8.3
2026-04-18,16:47:54.960,-80,-70,10,4066,0,55,44,16,0,47,24,957,-3,0,516,1024,203,1024,0,-1,-1,-1,0x1000480A98140204,1500,1500,1500,988,2012,1499,1500,1500,1500,1499,1193,1449,1500,1500,1500,1500,1500,1500,1500,2012,1500,1609,1500,2012,1500,1500,1500,1500,1520,1705,1500,988,8.3
2026-04-18,16:47:55.460,-72,-64,10,4066,0,55,44,16,0,47,24,957,-3,0,516,1024,204,1024,0,-1,-1,-1,0x1000480A98140204,1500,1500,1500,988,2012,1499,1500,1500,1500,1499,1193,1449,1500,1500,1500,1500,1500,1500,1500,2012,1500,1609,1500,2012,1500,1500,1500,1500,1520,1705,1500,988,8.3
2026-04-18,16:47:55.960,-79,-76,10,4066,0,55,44,16,0,47,24,957,-3,0,516,1024,204,1024,0,-1,-1,-1,0x1000480A98140204,1500,1500,1500,988,2012,1499,1500,1500,1500,1499,1193,1449,1500,1500,1500,1500,1500,1500,1500,2012,1500,1609,1500,2012,1500,1500,1500,1500,1520,1705,1500,988,8.3
2026-04-18,16:47:56.460,-72,-78,10,4066,0,55,44,16,0,47,24,957,-3,0,516,1024,204,1024,0,-1,-1,-1,0x1000480A98140204,1500,1500,1500,988,2012,1499,1500,1500,1500,1499,1193,1449,1500,1500,1500,1500,1500,1500,1500,2012,1500,1609,1500,2012,1500,1500,1500,1500,1520,1705,1500,988,8.3
2026-04-18,16:47:56.960,-72,-77,10,4066,0,55,44,16,0,47,24,957,-3,1,516,1024,204,1024,0,-1,-1,-1,0x1000480A98140204,1500,1500,1500,988,2012,1499,1500,1500,1500,1499,1193,1449,1500,1500,1500,1500,1500,1500,1500,2012,1500,1609,1500,2012,1500,1500,1500,1500,1520,1705,1500,988,8.3
2026-04-18,16:47:57.460,-76,-80,10,4066,0,55,44,16,0,47,24,957,-4,0,516,1024,204,1024,0,-1,-1,-1,0x1000480A98140204,1500,1500,1500,988,2012,1498,1500,1500,1500,1498,1193,1449,1500,1500,1500,1500,1500,1500,1500,2012,1500,1609,1500,2012,1500,1500,1500,1500,1520,1705,1500,988,8.3
2026-04-18,16:47:57.960,-78,-74,10,4066,0,55,44,16,0,47,24,957,-3,1,516,1024,204,1024,0,-1,-1,-1,0x1000480A98140204,1500,1500,1500,988,2012,1499,1500,1500,1500,1499,1193,1449,1500,1500,1500,1500,1500,1500,1500,2012,1500,1609,1500,2012,1500,1501,1500,1500,1520,1705,1500,988,8.3
2026-04-18,16:47:58.460,-81,-73,10,4066,0,55,44,16,0,47,24,957,-4,0,516,1024,203,1024,0,-1,-1,-1,0x1000480A98140204,1500,1500,1500,988,2012,1498,1500,1500,1500,1498,1193,1449,1500,1500,1500,1500,1500,1500,1500,2012,1500,1609,1500,2012,1500,1501,1500,1500,1520,1705,1500,988,8.3
2026-04-18,16:47:58.960,-83,-81,10,4066,0,55,44,16,0,47,24,957,-4,0,516,1024,204,1024,0,-1,-1,-1,0x1000480A98140204,1500,1500,1500,988,2012,1498,1500,1500,1500,1498,1193,1449,1500,1500,1500,1500,1500,1500,1500,2012,1500,1609,1500,2012,1500,1501,1500,1500,1520,1705,1500,988,8.3
2026-04-18,16:47:59.460,-75,-79,10,4066,0,55,44,16,0,47,24,957,-3,1,516,1024,203,1024,0,-1,-1,-1,0x1000480A98140204,1500,1500,1500,988,2012,1499,1500,1500,1500,1499,1193,1449,1500,1500,1500,1500,1500,1500,1500,2012,1500,1609,1500,2012,1500,1501,1500,1500,1520,1705,1500,988,8.3
2026-04-18,16:47:59.960,-71,-73,10,4066,0,55,44,16,0,47,24,957,-3,1,516,1024,204,1024,0,-1,-1,-1,0x1000480A98140204,1500,1500,1500,988,2012,1499,1500,1500,1500,1499,1193,1449,1500,1500,1500,1500,1500,1500,1500,2012,1500,1609,1500,2012,1500,1501,1500,1500,1520,1705,1500,988,8.3
2026-04-18,16:48:00.460,-71,-69,10,4066,0,55,44,16,0,47,24,957,-3,0,516,1024,204,1024,0,-1,-1,-1,0x1000480A98140204,1500,1500,1500,988,2012,1499,1500,1500,1500,1499,1193,1449,1500,1500,1500,1500,1500,1500,1500,2012,1500,1609,1500,2012,1500,1500,1500,1500,1520,1705,1500,988,8.3
2026-04-18,16:48:00.960,-76,-90,10,4066,0,55,44,16,0,47,24,957,-3,1,516,1024,204,1024,0,-1,-1,-1,0x1000480A98140204,1500,1500,1500,988,2012,1499,1500,1500,1500,1498,1193,1449,1500,1500,1500,1500,1500,1500,1500,2012,1500,1609,1500,2012,1500,1501,1500,1500,1520,1705,1500,988,8.3
2026-04-18,16:48:01.460,-75,-73,10,4066,0,55,44,16,0,47,24,957,-3,1,516,1024,204,1024,0,-1,-1,-1,0x1000480A98140204,1500,1500,1500,988,2012,1499,1500,1500,1500,1499,1193,1449,1500,1500,1500,1500,1500,1500,1500,2012,1500,1609,1500,2012,1500,1501,1500,1500,1520,1705,1500,988,8.3
2026-04-18,16:48:01.960,-69,-75,10,4066,0,55,44,16,0,47,24,957,-2,0,516,1024,204,1024,0,-1,-1,-1,0x1000480A98140204,1500,1500,1500,988,2012,1499,1500,1500,1500,1499,1193,1449,1500,1500,1500,1500,1500,1500,1500,2012,1500,1609,1500,2012,1500,1500,1500,1500,1520,1705,1500,988,8.3
2026-04-18,16:48:02.460,-83,-69,10,4066,0,55,44,16,0,47,24,957,-2,1,516,1024,204,1024,0,-1,-1,-1,0x1000480A98140204,1500,1500,1500,988,2012,1499,1500,1500,1500,1499,1193,1449,1500,1500,1500,1500,1500,1500,1500,2012,1500,1609,1500,2012,1500,1501,1500,1500,1520,1705,1500,988,8.3
2026-04-18,16:48:02.960,-73,-74,10,4066,0,55,44,16,0,47,24,957,-2,0,516,1024,204,1024,0,-1,-1,-1,0x1000480A98140204,1500,1500,1500,988,2012,1499,1500,1500,1500,1499,1193,1449,1500,1500,1500,1500,1500,1500,1500,2012,1500,1609,1500,2012,1500,1500,1500,1500,1520,1705,1500,988,8.3
2026-04-18,16:48:03.460,-81,-74,10,4066,0,55,44,16,0,47,24,957,-2,1,516,1024,204,1024,0,-1,-1,-1,0x1000480A98140204,1500,1500,1500,988,2012,1499,1500,1500,1500,1499,1193,1449,1500,1500,1500,1500,1500,1500,1500,2012,1500,1609,1500,2012,1500,1500,1500,1500,1520,1705,1500,988,8.3
2026-04-18,16:48:03.960,-76,-75,10,4066,0,55,44,16,0,47,24,957,-2,0,516,1024,204,1024,0,-1,-1,-1,0x1000480A98140204,1500,1500,1500,988,2012,1499,1500,1500,1500,1500,1193,1449,1500,1500,1500,1500,1500,1500,1500,2012,1500,1609,1500,2012,1500,1500,1500,1500,1520,1705,1500,988,8.3
2026-04-18,16:48:04.460,-76,-78,10,4066,0,55,44,16,0,47,24,957,-1,1,516,1024,204,1024,0,-1,-1,-1,0x1000480A98140204,1500,1500,1500,988,2012,1500,1500,1500,1500,1499,1193,1449,1500,1500,1500,1500,1500,1500,1500,2012,1500,1609,1500,2012,1500,1501,1500,1500,1520,1705,1500,988,8.3
2026-04-18,16:48:04.960,-73,-66,10,4066,0,55,44,16,0,47,24,957,-1,1,516,1024,203,1024,0,-1,-1,-1,0x1000480A98140204,1500,1500,1500,988,2012,1500,1500,1500,1500,1500,1193,1449,1500,1500,1500,1500,1500,1500,1500,2012,1500,1609,1500,2012,1500,1501,1500,1500,1520,1705,1500,988,8.3
2026-04-18,16:48:05.460,-72,-65,10,4066,0,55,44,16,0,47,24,957,-1,1,516,1024,204,1024,0,-1,-1,-1,0x1000480A98140204,1500,1500,1500,988,2012,1500,1500,1500,1500,1500,1193,1449,1500,1500,1500,1500,1500,1500,1500,2012,1500,1609,1500,2012,1500,1501,1500,1500,1520,1705,1500,988,8.3
2026-04-18,16:48:05.960,-72,-65,10,4066,0,55,44,16,0,47,24,957,-2,1,516,1024,204,1024,0,-1,-1,-1,0x1000480A98140204,1500,1500,1500,988,2012,1499,1500,1500,1500,1499,1193,1449,1500,1500,1500,1500,1500,1500,1500,2012,1500,1609,1500,2012,1500,1501,1500,1500,1520,1705,1500,988,8.3
2026-04-18,16:48:06.460,-72,-66,10,4066,0,55,44,16,0,47,24,957,-1,1,516,1024,204,1024,0,-1,-1,-1,0x1000480A98140204,1500,1500,1500,988,2012,1500,1500,1500,1500,1500,1193,1449,1500,1500,1500,1500,1500,1500,1500,2012,1500,1609,1500,2012,1500,1501,1500,1500,1520,1705,1500,988,8.3
2026-04-18,16:48:06.960,-77,-71,10,4066,0,55,44,16,0,47,24,957,-1,1,516,1024,204,1024,0,-1,-1,-1,0x1000480A98140204,1500,1500,1500,988,2012,1500,1500,1500,1500,1500,1193,1449,1500,1500,1500,1500,1500,1500,1500,2012,1500,1609,1500,2012,1500,1501,1500,1500,1520,1705,1500,988,8.3
2026-04-18,16:48:07.460,-77,-65,10,4066,0,55,44,16,0,47,24,957,-1,1,516,1024,204,1024,0,-1,-1,-1,0x1000480A98140204,1500,1500,1500,988,2012,1500,1500,1500,1500,1499,1193,1449,1500,1500,1500,1500,1500,1500,1500,2012,1500,1609,1500,2012,1500,1501,1500,1500,1520,1705,1500,988,8.3
2026-04-18,16:48:07.960,-72,-62,10,4065,0,55,44,16,0,47,24,957,-2,1,516,1024,204,1024,0,-1,-1,-1,0x1000480A98140204,1500,1500,1500,988,2012,1499,1500,1500,1500,1500,1193,1449,1500,1500,1500,1500,1500,1500,1500,2012,1500,1609,1500,2012,1500,1501,1500,1500,1520,1705,1500,988,8.3
2026-04-18,16:48:08.460,-72,-64,10,4065,0,55,44,16,0,47,24,957,-2,1,516,1024,204,1024,0,-1,-1,-1,0x1000480A98140204,1500,1500,1500,988,2012,1499,1500,1500,1500,1499,1193,1449,1500,1500,1500,1500,1500,1500,1500,2012,1500,1609,1500,2012,1500,1501,1500,1500,1520,1705,1500,988,8.3
2026-04-18,16:48:08.960,-72,-62,10,4065,0,55,44,16,0,47,24,957,-2,1,516,1024,203,1024,0,-1,-1,-1,0x1000480A98140204,1500,1500,1500,988,2012,1499,1500,1500,1500,1499,1193,1449,1500,1500,1500,1500,1500,1500,1500,2012,1500,1609,1500,2012,1500,1501,1500,1500,1520,1705,1500,988,8.3
2026-04-18,16:48:09.460,-72,-62,10,4065,0,55,44,16,0,47,24,957,-2,1,516,1024,203,1024,0,-1,-1,-1,0x1000480A98140204,1500,1500,1500,988,2012,1499,1500,1500,1500,1499,1193,1449,1500,1500,1500,1500,1500,1500,1500,2012,1500,1609,1500,2012,1500,1501,1500,1500,1520,1705,1500,988,8.3
2026-04-18,16:48:09.960,-72,-61,10,4066,0,55,44,16,0,46,24,957,-2,1,516,1024,203,1024,0,-1,-1,-1,0x1000480A98140204,1500,1500,1500,988,2012,1499,1500,1500,1500,1499,1193,1449,1500,1500,1500,1500,1500,1500,1500,2012,1500,1609,1500,2012,1500,1501,1500,1500,1520,1705,1500,988,8.3
2026-04-18,16:48:10.460,-72,-63,10,4066,0,55,44,16,0,46,24,957,-2,1,516,1024,203,1024,0,-1,-1,-1,0x1000480A98140204,1500,1500,1500,988,2012,1499,1500,1500,1500,1499,1193,1449,1500,1500,1500,1500,1500,1500,1500,2012,1500,1609,1500,2012,1500,1501,1500,1500,1520,1705,1500,988,8.3
2026-04-18,16:48:10.960,-72,-64,10,4066,0,55,44,16,0,46,24,957,-2,1,516,1024,203,1024,0,-1,-1,-1,0x1000480A98140204,1500,1500,1500,988,2012,1499,1500,1500,1500,1499,1193,1449,1500,1500,1500,1500,1500,1500,1500,2012,1500,1609,1500,2012,1500,1501,1500,1500,1520,1705,1500,988,8.3
2026-04-18,16:48:11.460,-72,-64,10,4066,0,55,44,16,0,46,24,957,-1,1,516,1024,204,1024,0,-1,-1,-1,0x1000480A98140204,1500,1500,1500,988,2012,1500,1500,1500,1500,1499,1193,1449,1500,1500,1500,1500,1500,1500,1500,2012,1500,1609,1500,2012,1500,1501,1500,1500,1520,1705,1500,988,8.3
2026-04-18,16:48:11.960,-78,-70,10,4066,0,55,44,16,0,46,24,957,-2,0,516,1024,203,1024,0,-1,-1,-1,0x1000480A98140204,1500,1500,1500,988,2012,1499,1500,1500,1500,1499,1193,1449,1500,1500,1500,1500,1500,1500,1500,2012,1500,1609,1500,2012,1500,1500,1500,1500,1520,1705,1500,988,8.3
2026-04-18,16:48:12.460,-71,-72,10,4066,0,55,44,16,0,46,24,957,-4,0,516,1024,203,1024,0,-1,-1,-1,0x1000480A98140204,1500,1500,1500,988,2012,1498,1500,1500,1500,1498,1193,1449,1500,1500,1500,1500,1500,1500,1500,2012,1500,1609,1500,2012,1500,1500,1500,1500,1520,1705,1500,988,8.3
2026-04-18,16:48:12.960,-73,-73,50,4066,0,55,44,16,0,46,24,957,-3,0,516,1024,203,1024,0,-1,-1,-1,0x1000480A98140204,1500,1500,1500,988,2012,1499,1500,1500,1500,1499,1193,1449,1500,1500,1500,1500,1500,1500,1500,2012,1500,1609,1500,2012,1500,1500,1500,1500,1520,1705,1500,988,8.3
2026-04-18,16:48:13.460,-77,-84,10,4066,0,55,44,16,0,46,24,957,-2,0,516,1024,203,1024,0,-1,-1,-1,0x1000480A98140204,1500,1500,1500,988,2012,1499,1500,1500,1500,1499,1193,1449,1500,1500,1500,1500,1500,1500,1500,2012,1500,1609,1500,2012,1500,1500,1500,1500,1520,1705,1500,988,8.3
2026-04-18,16:48:13.960,-88,-71,10,4066,0,55,44,16,0,46,24,957,-2,0,516,1024,204,1024,0,-1,-1,-1,0x1000480A98140204,1500,1500,1500,988,2012,1499,1500,1500,1500,1499,1193,1449,1500,1500,1500,1500,1500,1500,1500,2012,1500,1609,1500,2012,1500,1500,1500,1500,1520,1705,1500,988,8.3
2026-04-18,16:48:14.460,-78,-70,10,4066,0,55,44,16,0,46,24,957,-2,0,516,1024,203,1024,0,-1,-1,-1,0x1000480A98140204,1500,1500,1500,988,2012,1499,1500,1500,1500,1499,1193,1449,1500,1500,1500,1500,1500,1500,1500,2012,1500,1609,1500,2012,1500,1500,1500,1500,1520,1705,1500,988,8.3
2026-04-18,16:48:14.960,-74,-72,10,4066,0,55,44,16,0,46,24,957,-3,0,516,1024,203,1024,0,-1,-1,-1,0x1000480A98140204,1500,1500,1500,988,2012,1499,1500,1500,1500,1499,1193,1449,1500,1500,1500,1500,1500,1500,1500,2012,1500,1609,1500,2012,1500,1500,1500,1500,1520,1705,1500,988,8.3
2026-04-18,16:48:15.460,-74,-71,10,4066,0,55,44,16,0,46,24,957,-2,0,516,1024,203,1024,0,-1,-1,-1,0x1000480A98140204,1500,1500,1500,988,2012,1499,1500,1500,1500,1499,1193,1449,1500,1500,1500,1500,1500,1500,1500,2012,1500,1609,1500,2012,1500,1500,1500,1500,1520,1705,1500,988,8.3
2026-04-18,16:48:15.960,-74,-66,10,4066,0,55,44,16,0,46,24,957,-2,0,516,1024,203,1024,0,-1,-1,-1,0x1000480A98140204,1500,1500,1500,988,2012,1499,1500,1500,1500,1499,1193,1449,1500,1500,1500,1500,1500,1500,1500,2012,1500,1609,1500,2012,1500,1501,1500,1500,1520,1705,1500,988,8.3
2026-04-18,16:48:16.460,-69,-67,10,4066,0,55,44,16,0,46,24,957,-4,0,516,1024,203,1024,0,-1,-1,-1,0x1000480A98140204,1500,1500,1500,988,2012,1498,1500,1500,1500,1498,1193,1449,1500,1500,1500,1500,1500,1500,1500,2012,1500,1609,1500,2012,1500,1500,1500,1500,1520,1705,1500,988,8.3
2026-04-18,16:48:16.960,-76,-71,10,4066,0,55,44,16,0,46,24,957,-3,0,516,1024,203,1024,0,-1,-1,-1,0x1000480A98140204,1500,1500,1500,988,2012,1499,1500,1500,1500,1499,1193,1449,1500,1500,1500,1500,1500,1500,1500,2012,1500,1609,1500,2012,1500,1500,1500,1500,1520,1705,1500,988,8.3
2026-04-18,16:48:17.460,-75,-75,10,4066,0,55,44,16,0,46,24,957,-2,0,516,1024,203,1024,0,-1,-1,-1,0x1000480A98140204,1500,1500,1500,988,2012,1499,1500,1500,1500,1499,1193,1449,1500,1500,1500,1500,1500,1500,1500,2012,1500,1609,1500,2012,1500,1500,1500,1500,1520,1705,1500,988,8.3
2026-04-18,16:48:17.960,-74,-70,10,4066,0,55,44,16,0,46,24,957,-3,1,516,1024,203,1024,0,-1,-1,-1,0x1000480A98140204,1500,1500,1500,988,2012,1499,1500,1500,1500,1499,1193,1449,1500,1500,1500,1500,1500,1500,1500,2012,1500,1609,1500,2012,1500,1500,1500,1500,1520,1705,1500,988,8.3
2026-04-18,16:48:18.460,-76,-70,10,4066,0,55,44,16,0,46,24,957,-4,0,516,1024,203,1024,0,-1,-1,-1,0x1000480A98140204,1500,1500,1500,988,2012,1498,1500,1500,1500,1498,1193,1449,1500,1500,1500,1500,1500,1500,1500,2012,1500,1609,1500,2012,1500,1500,1500,1500,1520,1705,1500,988,8.3
2026-04-18,16:48:18.960,-77,-70,10,4066,0,55,44,16,0,46,24,957,-3,0,516,1024,203,1024,0,-1,-1,-1,0x1000480A98140204,1500,1500,1500,988,2012,1499,1500,1500,1500,1499,1193,1449,1500,1500,1500,1500,1500,1500,1500,2012,1500,1609,1500,2012,1500,1500,1500,1500,1520,1705,1500,988,8.3
2026-04-18,16:48:19.460,-77,-69,10,4066,0,55,44,16,0,46,24,957,-3,0,516,1024,203,1024,0,-1,-1,-1,0x1000480A98140204,1500,1500,1500,988,2012,1499,1500,1500,1500,1499,1193,1449,1500,1500,1500,1500,1500,1500,1500,2012,1500,1609,1500,2012,1500,1500,1500,1500,1520,1705,1500,988,8.3
2026-04-18,16:48:19.960,-77,-70,10,4066,0,55,44,16,0,46,24,957,-3,0,516,1024,203,1024,0,-1,-1,-1,0x1000480A98140204,1500,1500,1500,988,2012,1499,1500,1500,1500,1499,1193,1449,1500,1500,1500,1500,1500,1500,1500,2012,1500,1609,1500,2012,1500,1500,1500,1500,1520,1705,1500,988,8.3
2026-04-18,16:48:20.460,-77,-69,10,4066,0,55,44,16,0,46,24,957,-3,0,516,1024,203,1024,0,-1,-1,-1,0x1000480A98140204,1500,1500,1500,988,2012,1499,1500,1500,1500,1499,1193,1449,1500,1500,1500,1500,1500,1500,1500,2012,1500,1609,1500,2012,1500,1500,1500,1500,1520,1705,1500,988,8.3
2026-04-18,16:48:20.960,-71,-70,10,4066,0,55,44,16,0,46,24,957,-3,0,516,1024,204,1024,0,-1,-1,-1,0x1000480A98140204,1500,1500,1500,988,2012,1499,1500,1500,1500,1499,1193,1449,1500,1500,1500,1500,1500,1500,1500,2012,1500,1609,1500,2012,1500,1501,1500,1500,1520,1705,1500,988,8.3
2026-04-18,16:48:21.460,-82,-71,10,4066,0,55,44,16,0,46,24,957,-3,0,516,1024,202,1024,0,-1,-1,-1,0x1000480A98140204,1500,1500,1500,988,2012,1499,1500,1500,1500,1499,1193,1449,1500,1500,1500,1500,1500,1500,1500,2012,1500,1609,1500,2012,1500,1500,1500,1500,1520,1705,1500,988,8.3
2026-04-18,16:48:21.960,-76,-71,10,4066,0,55,44,16,0,46,24,957,-3,0,516,1024,203,1024,0,-1,-1,-1,0x1000480A98140204,1500,1500,1500,988,2012,1499,1500,1500,1500,1499,1193,1449,1500,1500,1500,1500,1500,1500,1500,2012,1500,1609,1500,2012,1500,1500,1500,1500,1520,1705,1500,988,8.3
2026-04-18,16:48:22.460,-76,-76,10,4066,0,55,44,16,0,46,24,957,-3,0,516,1024,203,1024,0,-1,-1,-1,0x1000480A98140204,1500,1500,1500,988,2012,1499,1500,1500,1500,1499,1193,1449,1500,1500,1500,1500,1500,1500,1500,2012,1500,1609,1500,2012,1500,1500,1500,1500,1520,1705,1500,988,8.3
2026-04-18,16:48:22.960,-78,-77,10,4066,0,55,44,16,0,46,24,957,-2,0,516,1024,204,1024,0,-1,-1,-1,0x1000480A98140204,1500,1500,1500,988,2012,1499,1500,1500,1500,1499,1193,1449,1500,1500,1500,1500,1500,1500,1500,2012,1500,1609,1500,2012,1500,1500,1500,1500,1520,1705,1500,988,8.3
2026-04-18,16:48:23.460,-80,-76,10,4066,0,55,44,16,0,46,24,957,-3,0,516,1024,203,1024,0,-1,-1,-1,0x1000480A98140204,1500,1500,1500,988,2012,1499,1500,1500,1500,1499,1193,1449,1500,1500,1500,1500,1500,1500,1500,2012,1500,1609,1500,2012,1500,1500,1500,1500,1520,1705,1500,988,8.3
2026-04-18,16:48:23.960,-81,-76,10,4066,0,55,44,16,0,46,24,957,-3,0,516,1024,203,1024,0,-1,-1,-1,0x1000480A98140204,1500,1500,1500,988,2012,1499,1500,1500,1500,1499,1193,1449,1500,1500,1500,1500,1500,1500,1500,2012,1500,1609,1500,2012,1500,1500,1500,1500,1520,1705,1500,988,8.3
2026-04-18,16:48:24.460,-80,-82,10,4066,0,55,44,16,0,46,24,957,-4,0,516,1024,203,1024,0,-1,-1,-1,0x1000480A98140204,1500,1500,1500,988,2012,1498,1500,1500,1500,1499,1193,1449,1500,1500,1500,1500,1500,1500,1500,2012,1500,1609,1500,2012,1500,1500,1500,1500,1520,1705,1500,988,8.3
2026-04-18,16:48:24.960,-77,-82,10,4066,0,55,44,16,0,46,24,957,-3,0,516,1024,203,1024,0,-1,-1,-1,0x1000480A98140204,1500,1500,1500,988,2012,1499,1500,1500,1500,1499,1193,1449,1500,1500,1500,1500,1500,1500,1500,2012,1500,1609,1500,2012,1500,1500,1500,1500,1520,1705,1500,988,8.3
2026-04-18,16:48:25.460,-80,-76,10,4066,0,55,44,16,0,46,24,957,-3,0,516,1024,203,1024,0,-1,-1,-1,0x1000480A98140204,1500,1500,1500,988,2012,1499,1500,1500,1500,1499,1193,1449,1500,1500,1500,1500,1500,1500,1500,2012,1500,1609,1500,2012,1500,1500,1500,1500,1520,1705,1500,988,8.3
2026-04-18,16:48:25.960,-88,-81,10,4066,0,55,44,16,0,46,24,957,-2,1,516,1024,203,1024,0,-1,-1,-1,0x1000480A98140204,1500,1500,1500,988,2012,1499,1500,1500,1500,1499,1193,1449,1500,1500,1500,1500,1500,1500,1500,2012,1500,1609,1500,2012,1500,1501,1500,1500,1520,1705,1500,988,8.3
2026-04-18,16:48:26.460,-90,-73,25,4066,0,55,44,16,0,46,24,957,-3,0,516,1024,203,1024,0,-1,-1,-1,0x1000480A98140204,1500,1500,1500,988,2012,1499,1500,1500,1500,1499,1193,1449,1500,1500,1500,1500,1500,1500,1500,2012,1500,1609,1500,2012,1500,1500,1500,1500,1520,1705,1500,988,8.3
2026-04-18,16:48:26.960,-81,-84,10,4066,0,55,44,16,0,46,24,957,-3,0,516,1024,203,1024,0,-1,-1,-1,0x1000480A98140204,1500,1500,1500,988,2012,1499,1500,1500,1500,1499,1193,1449,1500,1500,1500,1500,1500,1500,1500,2012,1500,1609,1500,2012,1500,1500,1500,1500,1520,1705,1500,988,8.3
2026-04-18,16:48:27.460,-82,-88,10,4066,0,55,44,16,0,46,24,957,-3,0,516,1024,203,1024,0,-1,-1,-1,0x1000480A98140204,1500,1500,1500,988,2012,1499,1500,1500,1500,1499,1193,1449,1500,1500,1500,1500,1500,1500,1500,2012,1500,1609,1500,2012,1500,1500,1500,1500,1520,1705,1500,988,8.3
2026-04-18,16:48:27.960,-78,-75,10,4066,0,55,44,16,0,46,24,957,-2,1,516,1024,204,1024,0,-1,-1,-1,0x1000480A98140204,1500,1500,1500,988,2012,1499,1500,1500,1500,1499,1193,1449,1500,1500,1500,1500,1500,1500,1500,2012,1500,1609,1500,2012,1500,1501,1500,1500,1520,1705,1500,988,8.3
2026-04-18,16:48:28.460,-78,-77,10,4066,0,55,44,16,0,46,24,957,-3,1,516,1024,203,1024,0,-1,-1,-1,0x1000480A98140204,1500,1500,1500,988,2012,1499,1500,1500,1500,1499,1193,1449,1500,1500,1500,1500,1500,1500,1500,2012,1500,1609,1500,2012,1500,1500,1500,1500,1520,1705,1500,988,8.3
2026-04-18,16:48:28.960,-86,-78,10,4066,0,55,44,16,0,46,24,957,-4,1,516,1024,203,1024,0,-1,-1,-1,0x1000480A98140204,1500,1500,1500,988,2012,1498,1500,1500,1500,1498,1193,1449,1500,1500,1500,1500,1500,1500,1500,2012,1500,1609,1500,2012,1500,1501,1500,1500,1520,1705,1500,988,8.3
2026-04-18,16:48:29.460,-78,-73,10,4066,0,55,44,16,0,46,24,957,-2,1,516,1024,204,1024,0,-1,-1,-1,0x1000480A98140204,1500,1500,1500,988,2012,1499,1500,1500,1500,1499,1193,1449,1500,1500,1500,1500,1500,1500,1500,2012,1500,1609,1500,2012,1500,1501,1500,1500,1520,1705,1500,988,8.3
2026-04-18,16:48:29.960,-78,-73,10,4066,0,55,44,16,0,46,24,957,-3,1,516,1024,203,1024,0,-1,-1,-1,0x1000480A98140204,1500,1500,1500,988,2012,1499,1500,1500,1500,1499,1193,1449,1500,1500,1500,1500,1500,1500,1500,2012,1500,1609,1500,2012,1500,1501,1500,1500,1520,1705,1500,988,8.3
2026-04-18,16:48:30.460,-74,-77,10,4066,0,55,44,16,0,46,24,957,-3,1,516,1024,203,1024,0,-1,-1,-1,0x1000480A98140204,1500,1500,1500,988,2012,1499,1500,1500,1500,1499,1193,1449,1500,1500,1500,1500,1500,1500,1500,2012,1500,1609,1500,2012,1500,1501,1500,1500,1520,1705,1500,988,8.3
2026-04-18,16:48:30.960,-74,-74,10,4066,0,55,44,16,0,46,24,957,-3,1,516,1024,203,1024,0,-1,-1,-1,0x1000480A98140204,1500,1500,1500,988,2012,1499,1500,1500,1500,1499,1193,1449,1500,1500,1500,1500,1500,1500,1500,2012,1500,1609,1500,2012,1500,1501,1500,1500,1520,1705,1500,988,8.3
2026-04-18,16:48:31.460,-76,-74,25,4066,0,55,44,16,0,46,24,957,-3,0,516,1024,203,1024,0,-1,-1,-1,0x1000480A98140204,1500,1500,1500,988,2012,1499,1500,1500,1500,1499,1193,1449,1500,1500,1500,1500,1500,1500,1500,2012,1500,1609,1500,2012,1500,1501,1500,1500,1520,1705,1500,988,8.3
2026-04-18,16:48:31.960,-81,-83,10,4066,0,55,44,16,0,46,24,957,-3,1,516,1024,203,1024,0,-1,-1,-1,0x1000480A98140204,1500,1500,1500,988,2012,1499,1500,1500,1500,1499,1193,1449,1500,1500,1500,1500,1500,1500,1500,2012,1500,1609,1500,2012,1500,1501,1500,1500,1520,1705,1500,988,8.3
2026-04-18,16:48:32.460,-80,-75,10,4066,0,55,44,16,0,46,24,957,-2,1,516,1024,203,1024,0,-1,-1,-1,0x1000480A98140204,1500,1500,1500,988,2012,1499,1500,1500,1500,1499,1193,1449,1500,1500,1500,1500,1500,1500,1500,2012,1500,1609,1500,2012,1500,1500,1500,1500,1520,1705,1500,988,8.3
2026-04-18,16:48:32.960,-74,-77,10,4066,0,55,44,16,0,46,24,957,-3,1,516,1024,203,1024,0,-1,-1,-1,0x1000480A98140204,1500,1500,1500,988,2012,1499,1500,1500,1500,1499,1193,1449,1500,1500,1500,1500,1500,1500,1500,2012,1500,1609,1500,2012,1500,1500,1500,1500,1520,1705,1500,988,8.3
2026-04-18,16:48:33.460,-73,-77,10,4066,0,55,44,16,0,46,24,957,-2,1,516,1024,203,1024,0,-1,-1,-1,0x1000480A98140204,1500,1500,1500,988,2012,1499,1500,1500,1500,1499,1193,1449,1500,1500,1500,1500,1500,1500,1500,2012,1500,1609,1500,2012,1500,1501,1500,1500,1520,1705,1500,988,8.3
2026-04-18,16:48:33.960,-73,-66,10,4066,0,55,44,16,0,46,24,957,-2,1,516,1024,203,1024,0,-1,-1,-1,0x1000480A98140204,1500,1500,1500,988,2012,1499,1500,1500,1500,1499,1193,1449,1500,1500,1500,1500,1500,1500,1500,2012,1500,1609,1500,2012,1500,1501,1500,1500,1520,1705,1500,988,8.3
2026-04-18,16:48:34.460,-81,-66,10,4066,0,55,44,16,0,46,24,957,-2,1,516,1024,203,1024,0,-1,-1,-1,0x1000480A98140204,1500,1500,1500,988,2012,1499,1500,1500,1500,1499,1193,1449,1500,1500,1500,1500,1500,1500,1500,2012,1500,1609,1500,2012,1500,1501,1500,1500,1520,1705,1500,988,8.3
2026-04-18,16:48:34.960,-69,-68,10,4066,0,55,44,16,0,46,24,957,-1,1,516,1024,203,1024,0,-1,-1,-1,0x1000480A98140204,1500,1500,1500,988,2012,1500,1500,1500,1500,1500,1193,1449,1500,1500,1500,1500,1500,1500,1500,2012,1500,1609,1500,2012,1500,1500,1500,1500,1520,1705,1500,988,8.3
2026-04-18,16:48:35.460,-69,-67,10,4066,0,55,44,16,0,46,24,957,-2,1,516,1024,203,1024,0,-1,-1,-1,0x1000480A98140204,1500,1500,1500,988,2012,1499,1500,1500,1500,1499,1193,1449,1500,1500,1500,1500,1500,1500,1500,2012,1500,1609,1500,2012,1500,1501,1500,1500,1520,1705,1500,988,8.3
2026-04-18,16:48:35.960,-79,-66,10,4066,0,55,44,16,0,46,24,957,-2,1,516,1024,203,1024,0,-1,-1,-1,0x1000480A98140204,1500,1500,1500,988,2012,1499,1500,1500,1500,1499,1193,1449,1500,1500,1500,1500,1500,1500,1500,2012,1500,1609,1500,2012,1500,1501,1500,1500,1520,1705,1500,988,8.3
2026-04-18,16:48:36.460,-73,-65,10,4066,0,55,44,16,0,46,24,957,-2,1,516,1024,203,1024,0,-1,-1,-1,0x1000480A98140204,1500,1500,1500,988,2012,1499,1500,1500,1500,1499,1193,1449,1500,1500,1500,1500,1500,1500,1500,2012,1500,1609,1500,2012,1500,1501,1500,1500,1520,1705,1500,988,8.3
2026-04-18,16:48:36.960,-81,-67,10,4066,0,55,44,16,0,46,24,957,-2,1,516,1024,203,1024,0,-1,-1,-1,0x1000480A98140204,1500,1500,1500,988,2012,1499,1500,1500,1500,1499,1193,1449,1500,1500,1500,1500,1500,1500,1500,2012,1500,1609,1500,2012,1500,1500,1500,1500,1520,1705,1500,988,8.3
2026-04-18,16:48:37.460,-74,-68,10,4066,0,55,44,16,0,46,24,957,-1,0,516,1024,203,1024,0,-1,-1,-1,0x1000480A98140204,1500,1500,1500,988,2012,1500,1500,1500,1500,1500,1193,1449,1500,1500,1500,1500,1500,1500,1500,2012,1500,1609,1500,2012,1500,1501,1500,1500,1520,1705,1500,988,8.3
2026-04-18,16:48:37.960,-74,-68,10,4066,0,55,44,16,0,46,24,957,-2,0,516,1024,203,1024,0,-1,-1,-1,0x1000480A98140204,1500,1500,1500,988,2012,1499,1500,1500,1500,1499,1193,1449,1500,1500,1500,1500,1500,1500,1500,2012,1500,1609,1500,2012,1500,1500,1500,1500,1520,1705,1500,988,8.3
2026-04-18,16:48:38.460,-74,-66,10,4066,0,55,44,16,0,46,24,957,-2,1,516,1024,203,1024,0,-1,-1,-1,0x1000480A98140204,1500,1500,1500,988,2012,1499,1500,1500,1500,1499,1193,1449,1500,1500,1500,1500,1500,1500,1500,2012,1500,1609,1500,2012,1500,1501,1500,1500,1520,1705,1500,988,8.3
2026-04-18,16:48:38.960,-74,-66,10,4066,0,55,44,16,0,46,24,957,-2,0,516,1024,203,1024,0,-1,-1,-1,0x1000480A98140204,1500,1500,1500,988,2012,1499,1500,1500,1500,1499,1193,1449,1500,1500,1500,1500,1500,1500,1500,2012,1500,1609,1500,2012,1500,1500,1500,1500,1520,1705,1500,988,8.3
2026-04-18,16:48:39.460,-72,-70,10,4066,0,55,44,16,0,46,24,957,-3,1,516,1024,203,1024,0,-1,-1,-1,0x1000480A98140204,1500,1500,1500,988,2012,1499,1500,1500,1500,1499,1193,1449,1500,1500,1500,1500,1500,1500,1500,2012,1500,1609,1500,2012,1500,1501,1500,1500,1520,1705,1500,988,8.3
2026-04-18,16:48:39.960,-72,-73,10,4066,0,55,44,16,0,46,24,957,-3,1,516,1024,203,1024,0,-1,-1,-1,0x1000480A98140204,1500,1500,1500,988,2012,1499,1500,1500,1500,1499,1193,1449,1500,1500,1500,1500,1500,1500,1500,2012,1500,1609,1500,2012,1500,1501,1500,1500,1520,1705,1500,988,8.3
2026-04-18,16:48:40.460,-74,-80,10,4066,0,55,44,16,0,46,24,957,-3,1,516,1024,203,1024,0,-1,-1,-1,0x1000480A98140204,1500,1500,1500,988,2012,1499,1500,1500,1500,1499,1193,1449,1500,1500,1500,1500,1500,1500,1500,2012,1500,1609,1500,2012,1500,1501,1500,1500,1520,1705,1500,988,8.3
2026-04-18,16:48:40.960,-76,-72,10,4066,0,55,44,16,0,46,24,957,-3,0,516,1024,203,1024,0,-1,-1,-1,0x1000480A98140204,1500,1500,1500,988,2012,1499,1500,1500,1500,1499,1193,1449,1500,1500,1500,1500,1500,1500,1500,2012,1500,1609,1500,2012,1500,1500,1500,1500,1520,1705,1500,988,8.3
2026-04-18,16:48:41.460,-76,-72,10,4066,0,55,44,16,0,46,24,957,-3,0,516,1024,203,1024,0,-1,-1,-1,0x1000480A98140204,1500,1500,1500,988,2012,1499,1500,1500,1500,1499,1193,1449,1500,1500,1500,1500,1500,1500,1500,2012,1500,1609,1500,2012,1500,1500,1500,1500,1520,1705,1500,988,8.3
2026-04-18,16:48:41.960,-77,-76,10,4066,0,55,44,16,0,46,24,957,-3,0,516,1024,203,1024,0,-1,-1,-1,0x1000480A98140204,1500,1500,1500,988,2012,1499,1500,1500,1500,1499,1193,1449,1500,1500,1500,1500,1500,1500,1500,2012,1500,1609,1500,2012,1500,1500,1500,1500,1520,1705,1500,988,8.3
2026-04-18,16:48:42.460,-87,-74,10,4066,0,55,44,16,0,46,24,957,-2,0,516,1024,203,1024,0,-1,-1,-1,0x1000480A98140204,1500,1500,1500,988,2012,1499,1500,1500,1500,1499,1193,1449,1500,1500,1500,1500,1500,1500,1500,2012,1500,1609,1500,2012,1500,1500,1500,1500,1520,1705,1500,988,8.3
2026-04-18,16:48:42.960,-78,-71,10,4066,0,55,44,16,0,46,24,957,-4,0,516,1024,203,1024,0,-1,-1,-1,0x1000480A98140204,1500,1500,1500,988,2012,1498,1500,1500,1500,1499,1193,1449,1500,1500,1500,1500,1500,1500,1500,2012,1500,1609,1500,2012,1500,1500,1500,1500,1520,1705,1500,988,8.3
2026-04-18,16:48:43.460,-75,-74,10,4066,0,55,44,16,0,46,24,957,-3,0,516,1024,203,1024,0,-1,-1,-1,0x1000480A98140204,1500,1500,1500,988,2012,1499,1500,1500,1500,1499,1193,1449,1500,1500,1500,1500,1500,1500,1500,2012,1500,1609,1500,2012,1500,1500,1500,1500,1520,1705,1500,988,8.3
2026-04-18,16:48:43.960,-76,-74,10,4066,0,55,44,16,0,46,24,957,-3,0,516,1024,203,1024,0,-1,-1,-1,0x1000480A98140204,1500,1500,1500,988,2012,1499,1500,1500,1500,1499,1193,1449,1500,1500,1500,1500,1500,1500,1500,2012,1500,1609,1500,2012,1500,1500,1500,1500,1520,1705,1500,988,8.3
2026-04-18,16:48:44.460,-76,-74,10,4066,0,55,44,16,0,46,24,957,-3,0,516,1024,203,1024,0,-1,-1,-1,0x1000480A98140204,1500,1500,1500,988,2012,1499,1500,1500,1500,1499,1193,1449,1500,1500,1500,1500,1500,1500,1500,2012,1500,1609,1500,2012,1500,1500,1500,1500,1520,1705,1500,988,8.3
2026-04-18,16:48:44.960,-74,-73,10,4066,0,55,44,16,0,46,24,957,-2,0,516,1024,204,1024,0,-1,-1,-1,0x1000480A98140204,1500,1500,1500,988,2012,1499,1500,1500,1500,1499,1193,1449,1500,1500,1500,1500,1500,1500,1500,2012,1500,1609,1500,2012,1500,1500,1500,1500,1520,1705,1500,988,8.3
2026-04-18,16:48:45.460,-74,-75,10,4066,0,55,44,16,0,46,24,957,-2,0,516,1024,203,1024,0,-1,-1,-1,0x1000480A98140204,1500,1500,1500,988,2012,1499,1500,1500,1500,1499,1193,1449,1500,1500,1500,1500,1500,1500,1500,2012,1500,1609,1500,2012,1500,1500,1500,1500,1520,1705,1500,988,8.3
2026-04-18,16:48:45.960,-77,-74,10,4066,0,55,44,16,0,46,24,957,-2,0,516,1024,203,1024,0,-1,-1,-1,0x1000480A98140204,1500,1500,1500,988,2012,1499,1500,1500,1500,1499,1193,1449,1500,1500,1500,1500,1500,1500,1500,2012,1500,1609,1500,2012,1500,1500,1500,1500,1520,1705,1500,988,8.3
2026-04-18,16:48:46.460,-77,-73,10,4066,0,55,44,16,0,46,24,957,-3,0,516,1024,203,1024,0,-1,-1,-1,0x1000480A98140204,1500,1500,1500,988,2012,1499,1500,1500,1500,1499,1193,1449,1500,1500,1500,1500,1500,1500,1500,2012,1500,1609,1500,2012,1500,1500,1500,1500,1520,1705,1500,988,8.3
2026-04-18,16:48:46.960,-75,-75,10,4066,0,55,44,16,0,46,24,957,-3,0,516,1024,203,1024,0,-1,-1,-1,0x1000480A98140204,1500,1500,1500,988,2012,1499,1500,1500,1500,1499,1193,1449,1500,1500,1500,1500,1500,1500,1500,2012,1500,1609,1500,2012,1500,1500,1500,1500,1520,1705,1500,988,8.3
2026-04-18,16:48:47.460,-77,-71,10,4066,0,55,44,16,0,46,24,957,-3,0,516,1024,203,1024,0,-1,-1,-1,0x1000480A98140204,1500,1500,1500,988,2012,1499,1500,1500,1500,1499,1193,1449,1500,1500,1500,1500,1500,1500,1500,2012,1500,1609,1500,2012,1500,1500,1500,1500,1520,1705,1500,988,8.3
2026-04-18,16:48:47.960,-77,-76,10,4066,0,55,44,16,0,46,24,957,-2,0,516,1024,204,1024,0,-1,-1,-1,0x1000480A98140204,1500,1500,1500,988,2012,1499,1500,1500,1500,1499,1193,1449,1500,1500,1500,1500,1500,1500,1500,2012,1500,1609,1500,2012,1500,1500,1500,1500,1520,1705,1500,988,8.3
2026-04-18,16:48:48.460,-75,-76,10,4066,0,55,44,16,0,46,24,957,-2,0,516,1024,203,1024,0,-1,-1,-1,0x1000480A98140204,1500,1500,1500,988,2012,1499,1500,1500,1500,1499,1193,1449,1500,1500,1500,1500,1500,1500,1500,2012,1500,1609,1500,2012,1500,1500,1500,1500,1520,1705,1500,988,8.3
2026-04-18,16:48:48.960,-76,-82,25,4066,0,55,44,16,0,46,24,957,-3,0,516,1024,203,1024,0,-1,-1,-1,0x1000480A98140204,1500,1500,1500,988,2012,1499,1500,1500,1500,1499,1193,1449,1500,1500,1500,1500,1500,1500,1500,2012,1500,1609,1500,2012,1500,1500,1500,1500,1520,1705,1500,988,8.3
2026-04-18,16:48:49.460,-76,-72,10,4066,0,55,44,16,0,46,24,957,-3,0,516,1024,203,1024,0,-1,-1,-1,0x1000480A98140204,1500,1500,1500,988,2012,1499,1500,1500,1500,1499,1193,1449,1500,1500,1500,1500,1500,1500,1500,2012,1500,1609,1500,2012,1500,1500,1500,1500,1520,1705,1500,988,8.3
2026-04-18,16:48:49.960,-76,-76,10,4066,0,55,44,16,0,46,24,957,-3,0,516,1024,203,1024,0,-1,-1,-1,0x1000480A98140204,1500,1500,1500,988,2012,1499,1500,1500,1500,1499,1193,1449,1500,1500,1500,1500,1500,1500,1500,2012,1500,1609,1500,2012,1500,1500,1500,1500,1520,1705,1500,988,8.3
2026-04-18,16:48:50.460,-78,-75,10,4066,0,55,44,16,0,46,24,957,-3,0,516,1024,203,1024,0,-1,-1,-1,0x1000480A98140204,1500,1500,1500,988,2012,1499,1500,1500,1500,1499,1193,1449,1500,1500,1500,1500,1500,1500,1500,2012,1500,1609,1500,2012,1500,1500,1500,1500,1520,1705,1500,988,8.3
2026-04-18,16:48:50.960,-76,-76,10,4066,0,55,44,16,0,46,24,957,-4,0,516,1024,203,1024,0,-1,-1,-1,0x1000480A98140204,1500,1500,1500,988,2012,1498,1500,1500,1500,1498,1193,1449,1500,1500,1500,1500,1500,1500,1500,2012,1500,1609,1500,2012,1500,1500,1500,1500,1520,1705,1500,988,8.3
2026-04-18,16:48:51.460,-78,-73,10,4066,0,55,44,16,0,46,24,957,-4,1,516,1024,203,1024,0,-1,-1,-1,0x1000480A98140204,1500,1500,1500,988,2012,1498,1500,1500,1500,1498,1193,1449,1500,1500,1500,1500,1500,1500,1500,2012,1500,1609,1500,2012,1500,1501,1500,1500,1520,1705,1500,988,8.3
2026-04-18,16:48:51.960,-76,-71,10,4066,0,55,44,16,0,46,24,957,-3,1,516,1024,203,1024,0,-1,-1,-1,0x1000480A98140204,1500,1500,1500,988,2012,1499,1500,1500,1500,1499,1193,1449,1500,1500,1500,1500,1500,1500,1500,2012,1500,1609,1500,2012,1500,1501,1500,1500,1520,1705,1500,988,8.3
2026-04-18,16:48:52.460,-74,-74,10,4066,0,55,44,16,0,46,24,957,-4,1,516,1024,203,1024,0,-1,-1,-1,0x1000480A98140204,1500,1500,1500,988,2012,1499,1500,1500,1500,1498,1193,1449,1500,1500,1500,1500,1500,1500,1500,2012,1500,1609,1500,2012,1500,1501,1500,1500,1520,1705,1500,988,8.3
2026-04-18,16:48:52.960,-73,-74,10,4066,0,55,44,16,0,46,24,957,-2,1,516,1024,203,1024,0,-1,-1,-1,0x1000480A98140204,1500,1500,1500,988,2012,1499,1500,1500,1500,1499,1193,1449,1500,1500,1500,1500,1500,1500,1500,2012,1500,1609,1500,2012,1500,1501,1500,1500,1520,1705,1500,988,8.3
2026-04-18,16:48:53.460,-75,-75,10,4066,0,55,44,16,0,46,24,957,-3,1,516,1024,203,1024,0,-1,-1,-1,0x1000480A98140204,1500,1500,1500,988,2012,1499,1500,1500,1500,1499,1193,1449,1500,1500,1500,1500,1500,1500,1500,2012,1500,1609,1500,2012,1500,1501,1500,1500,1520,1705,1500,988,8.3
2026-04-18,16:48:53.960,-77,-76,10,4066,0,55,44,16,0,46,24,957,-3,1,516,1024,204,1024,0,-1,-1,-1,0x1000480A98140204,1500,1500,1500,988,2012,1499,1500,1500,1500,1499,1193,1449,1500,1500,1500,1500,1500,1500,1500,2012,1500,1609,1500,2012,1500,1501,1500,1500,1520,1705,1500,988,8.3
2026-04-18,16:48:54.460,-74,-76,10,4066,0,55,44,16,0,46,24,957,-3,1,516,1024,203,1024,0,-1,-1,-1,0x1000480A98140204,1500,1500,1500,988,2012,1499,1500,1500,1500,1499,1193,1449,1500,1500,1500,1500,1500,1500,1500,2012,1500,1609,1500,2012,1500,1501,1500,1500,1520,1705,1500,988,8.3
2026-04-18,16:48:54.960,-73,-76,10,4066,0,55,44,16,0,46,24,957,-2,1,516,1024,204,1024,0,-1,-1,-1,0x1000480A98140204,1500,1500,1500,988,2012,1499,1500,1500,1500,1499,1193,1449,1500,1500,1500,1500,1500,1500,1500,2012,1500,1609,1500,2012,1500,1501,1500,1500,1520,1705,1500,988,8.3
2026-04-18,16:48:55.460,-74,-65,10,4066,0,55,44,16,0,46,24,957,-2,1,516,1024,203,1024,0,-1,-1,-1,0x1000480A98140204,1500,1500,1500,988,2012,1499,1500,1500,1500,1499,1193,1449,1500,1500,1500,1500,1500,1500,1500,2012,1500,1609,1500,2012,1500,1501,1500,1500,1520,1705,1500,988,8.3
2026-04-18,16:48:55.960,-68,-64,10,4066,0,55,44,16,0,46,24,957,-3,1,516,1024,203,1024,0,-1,-1,-1,0x1000480A98140204,1500,1500,1500,988,2012,1499,1500,1500,1500,1499,1193,1449,1500,1500,1500,1500,1500,1500,1500,2012,1500,1609,1500,2012,1500,1501,1500,1500,1520,1705,1500,988,8.3
2026-04-18,16:48:56.460,-70,-65,10,4066,0,55,44,16,0,46,24,957,-2,1,516,1024,203,1024,0,-1,-1,-1,0x1000480A98140204,1500,1500,1500,988,2012,1499,1500,1500,1500,1499,1193,1449,1500,1500,1500,1500,1500,1500,1500,2012,1500,1609,1500,2012,1500,1501,1500,1500,1520,1705,1500,988,8.3
2026-04-18,16:48:56.960,-71,-65,10,4066,0,55,44,16,0,46,24,957,-2,3,516,1024,204,1024,0,-1,-1,-1,0x1000480A98140204,1500,1501,1500,988,2012,1499,1501,1500,1500,1499,1193,1449,1500,1500,1500,1500,1500,1500,1500,2012,1500,1609,1500,2012,1500,1502,1501,1500,1520,1705,1500,988,8.3
2026-04-18,16:48:57.460,-84,-67,10,4066,0,55,44,16,0,46,24,957,-3,5,516,1024,203,1024,0,-1,-1,-1,0x1000480A98140204,1500,1501,1500,988,2012,1499,1502,1500,1500,1499,1193,1449,1500,1500,1500,1500,1500,1500,1500,2012,1500,1609,1500,2012,1500,1505,1501,1500,1520,1705,1500,988,8.3
2026-04-18,16:48:57.960,-72,-67,10,4066,0,55,44,16,0,46,24,957,-2,5,516,1024,204,1024,0,-1,-1,-1,0x1000480A98140204,1500,1501,1500,988,2012,1499,1502,1500,1500,1499,1193,1449,1500,1500,1500,1500,1500,1500,1500,2012,1500,1609,1500,2012,1500,1504,1501,1500,1520,1705,1500,988,8.3
2026-04-18,16:48:58.460,-72,-65,10,4066,0,55,44,16,0,46,24,957,-2,4,516,1024,203,1024,0,-1,-1,-1,0x1000480A98140204,1500,1501,1500,988,2012,1499,1502,1500,1500,1499,1193,1449,1500,1500,1500,1500,1500,1500,1500,2012,1500,1609,1500,2012,1500,1503,1501,1500,1520,1705,1500,988,8.3
2026-04-18,16:48:58.960,-72,-61,10,4066,0,55,44,16,0,46,24,957,-3,4,516,1024,203,1024,0,-1,-1,-1,0x1000480A98140204,1500,1501,1500,988,2012,1499,1502,1500,1500,1499,1193,1449,1500,1500,1500,1500,1500,1500,1500,2012,1500,1609,1500,2012,1500,1503,1501,1500,1520,1705,1500,988,8.3
2026-04-18,16:48:59.460,-63,-62,10,4066,0,55,44,16,0,46,24,957,-2,5,516,1024,203,1024,0,-1,-1,-1,0x1000480A98140204,1500,1501,1500,988,2012,1499,1502,1500,1500,1499,1193,1449,1500,1500,1500,1500,1500,1500,1500,2012,1500,1609,1500,2012,1500,1504,1501,1500,1520,1705,1500,988,8.3
2026-04-18,16:48:59.960,-67,-64,10,4066,0,55,44,16,0,46,24,957,-2,4,516,1024,203,1024,0,-1,-1,-1,0x1000480A98140204,1500,1501,1500,988,2012,1499,1502,1500,1500,1499,1193,1449,1500,1500,1500,1500,1500,1500,1500,2012,1500,1609,1500,2012,1500,1503,1501,1500,1520,1705,1500,988,8.3
2026-04-18,16:49:00.460,-78,-67,10,4066,0,55,44,16,0,46,24,957,-3,1,516,1024,203,1024,0,-1,-1,-1,0x1000480A98140204,1500,1500,1500,988,2012,1499,1500,1500,1500,1499,1193,1449,1500,1500,1500,1500,1500,1500,1500,2012,1500,1609,1500,2012,1500,1501,1500,1500,1520,1705,1500,988,8.3
2026-04-18,16:49:00.960,-78,-63,10,4066,0,55,44,16,0,46,24,957,-3,-2,516,1024,203,1024,0,-1,-1,-1,0x1000480A98140204,1500,1499,1500,989,2012,1499,1499,1499,1500,1499,1193,1449,1500,1500,1500,1500,1500,1499,1500,2012,1500,1609,1500,2012,1500,1499,1500,1500,1520,1705,1499,988,8.3
2026-04-18,16:49:01.460,-74,-69,10,4066,0,55,44,16,0,46,24,957,-3,4,516,1024,203,1024,0,-1,-1,-1,0x1000480A98140204,1500,1501,1500,988,2012,1499,1502,1500,1500,1499,1193,1449,1500,1500,1500,1500,1500,1500,1500,2012,1500,1609,1500,2012,1500,1504,1501,1500,1520,1705,1500,988,8.3
2026-04-18,16:49:01.960,-72,-89,10,4066,0,55,44,16,0,46,24,957,-3,4,516,1024,203,1024,0,-1,-1,-1,0x1000480A98140204,1500,1501,1500,988,2012,1499,1502,1500,1500,1499,1193,1449,1500,1500,1500,1500,1500,1500,1500,2012,1500,1609,1500,2012,1500,1503,1501,1500,1520,1705,1500,988,8.3
2026-04-18,16:49:02.460,-72,-71,10,4066,0,55,44,16,0,46,24,957,-2,2,516,1024,204,1024,0,-1,-1,-1,0x1000480A98140204,1500,1500,1500,988,2012,1499,1501,1500,1500,1499,1193,1449,1500,1500,1500,1500,1500,1500,1500,2012,1500,1609,1500,2012,1500,1501,1500,1500,1520,1705,1500,988,8.3
2026-04-18,16:49:02.960,-69,-66,10,4066,0,55,44,16,0,46,24,957,-2,3,516,1024,203,1024,0,-1,-1,-1,0x1000480A98140204,1500,1501,1500,988,2012,1499,1501,1500,1500,1499,1193,1449,1500,1500,1500,1500,1500,1500,1500,2012,1500,1609,1500,2012,1500,1502,1501,1500,1520,1705,1500,988,8.3
2026-04-18,16:49:03.460,-70,-72,10,4066,0,55,44,16,0,46,24,957,13,4,516,1024,203,1024,0,-1,-1,-1,0x1000480A98140204,1502,1501,1500,988,2012,1506,1502,1500,1500,1506,1193,1449,1500,1500,1500,1500,1500,1500,1500,2012,1500,1609,1500,2012,1500,1503,1501,1500,1520,1705,1500,988,8.3
2026-04-18,16:49:03.960,-75,-63,10,4066,0,55,44,16,0,46,24,957,2,4,516,1024,203,1024,0,-1,-1,-1,0x1000480A98140204,1500,1501,1500,988,2012,1501,1502,1500,1500,1501,1193,1449,1500,1500,1500,1500,1500,1500,1500,2012,1500,1609,1500,2012,1500,1503,1501,1500,1520,1705,1500,988,8.3
2026-04-18,16:49:04.460,-75,-65,10,4066,0,55,44,16,0,46,24,957,2,4,516,1024,203,1024,0,-1,-1,-1,0x1000480A98140204,1500,1501,1500,988,2012,1501,1502,1500,1500,1501,1193,1449,1500,1500,1500,1500,1500,1500,1500,2012,1500,1609,1500,2012,1500,1503,1501,1500,1520,1705,1500,988,8.3
2026-04-18,16:49:04.960,-87,-66,10,4066,0,55,44,16,0,46,24,957,1,5,516,1024,203,1024,0,-1,-1,-1,0x1000480A98140204,1500,1501,1500,988,2012,1500,1502,1500,1500,1500,1193,1449,1500,1500,1500,1500,1500,1500,1500,2012,1500,1609,1500,2012,1500,1504,1501,1500,1520,1705,1500,988,8.3
2026-04-18,16:49:05.460,-87,-63,10,4066,0,55,44,16,0,46,24,957,-1,5,516,1024,203,1024,0,-1,-1,-1,0x1000480A98140204,1500,1501,1500,988,2012,1500,1502,1500,1500,1500,1193,1449,1500,1500,1500,1500,1500,1500,1500,2012,1500,1609,1500,2012,1500,1504,1501,1500,1520,1705,1500,988,8.3
2026-04-18,16:49:05.960,-73,-67,10,4066,0,55,44,16,0,46,24,957,0,4,516,1024,203,1024,0,-1,-1,-1,0x1000480A98140204,1500,1501,1500,988,2012,1500,1502,1500,1500,1500,1193,1449,1500,1500,1500,1500,1500,1500,1500,2012,1500,1609,1500,2012,1500,1503,1501,1500,1520,1705,1500,988,8.3
2026-04-18,16:49:06.460,-65,-60,10,4066,0,55,44,16,0,46,24,957,3,23,516,1024,204,1024,0,-1,-1,-1,0x1000480A98140204,1500,1508,1500,988,2012,1501,1511,1500,1500,1501,1193,1449,1500,1500,1500,1500,1500,1500,1500,2012,1500,1609,1500,2012,1500,1518,1508,1500,1520,1705,1500,988,8.3
2026-04-18,16:49:06.960,-65,-54,10,4066,0,55,44,16,0,46,24,957,1,4,516,1024,203,1024,0,-1,-1,-1,0x1000480A98140204,1500,1501,1500,988,2012,1500,1502,1500,1500,1500,1193,1449,1500,1500,1500,1500,1500,1500,1500,2012,1500,1609,1500,2012,1500,1503,1501,1500,1520,1705,1500,988,8.3
2026-04-18,16:49:07.460,-65,-55,10,4066,0,55,44,16,0,46,24,957,0,3,516,1024,203,1024,0,-1,-1,-1,0x1000480A98140204,1500,1501,1500,988,2012,1500,1501,1500,1500,1500,1193,1449,1500,1500,1500,1500,1500,1500,1500,2012,1500,1609,1500,2012,1500,1502,1501,1500,1520,1705,1500,988,8.3
2026-04-18,16:49:07.960,-65,-57,10,4066,16880,55,44,16,7600,46,24,957,-668,410,516,1024,204,1024,0,-1,-1,-1,0x1000480A9C140205,1357,1642,1661,988,2012,1166,1705,1500,1500,1161,1193,1449,1500,1500,1500,1500,1500,1500,1372,1628,1500,1609,1500,2012,1500,1773,1642,1500,1520,1705,1500,988,8.3
2026-04-18,16:49:08.460,-65,-56,10,4061,12190,55,44,16,9008,46,24,959,-395,224,516,1024,203,1024,0,-1,-1,-1,0x1000480A9C140205,1425,1563,1730,988,2012,1303,1612,1500,1500,1297,1193,1449,1500,1500,1500,1500,1500,1500,1372,1628,1500,1609,1500,2012,1500,1658,1563,1500,1520,1705,1500,988,8.3
2026-04-18,16:49:08.960,-65,-55,10,4060,9980,55,44,16,10022,46,24,961,-995,-1,516,1024,203,1024,0,-1,-1,-1,0x1000480A9C1C0205,1213,1500,1730,989,2012,1003,1500,1499,1500,995,1193,1449,1500,1500,1500,1500,1500,1499,1009,2012,1500,1609,1500,2012,1500,1499,1500,1500,1520,1705,1499,988,8.3
2026-04-18,16:49:09.460,-51,-58,10,4056,23640,55,44,16,15234,46,24,962,-795,402,516,1024,203,1024,0,-1,-1,-1,0x1000480A9C140205,1318,1623,1730,988,2012,1103,1701,1500,1500,1102,1193,1449,1500,1500,1500,1500,1500,1500,1372,1628,1500,1609,1500,2012,1500,1759,1623,1500,1520,1705,1500,988,8.3
2026-04-18,16:49:09.960,-65,-70,10,4048,18280,55,44,16,12542,46,24,965,-284,472,516,1024,203,1024,0,-1,-1,-1,0x1000480A9C140205,1446,1658,1730,988,2012,1358,1736,1500,1500,1351,1193,1449,1500,1500,1500,1500,1500,1500,1372,1628,1500,1609,1500,2012,1500,1799,1658,1500,1520,1705,1500,988,8.3
2026-04-18,16:49:10.460,-65,-63,10,4047,1150,55,44,16,9344,46,25,967,1024,-148,516,1024,203,1024,0,-1,-1,-1,0x100048029E1C0205,1762,1401,1730,1157,2012,2012,1426,1363,1500,2012,1193,1449,1500,1500,1500,1500,1500,1363,988,2012,1500,1609,1500,2012,1500,1367,1500,1500,1520,1705,1363,988,8.3
2026-04-18,16:49:10.960,-55,-60,10,4047,22450,55,44,16,12274,46,25,968,257,535,516,1024,203,1024,0,-1,-1,-1,0x100048019C140605,1537,1680,1730,988,2012,1628,1767,1500,1500,1606,1193,1449,1500,1500,1500,1500,1500,1500,1372,1628,1500,1609,1500,2012,1500,1824,1680,1500,1520,1705,1500,988,8.3
2026-04-18,16:49:11.460,-61,-59,10,4033,29700,55,44,16,14786,46,25,971,-6,641,516,1024,203,1024,0,-1,-1,-1,0x1000480198140605,1501,1716,1730,988,2012,1497,1821,1500,1500,1505,1193,1449,1500,1500,1500,1500,1500,1500,1372,1628,1500,1609,1500,2012,1500,1864,1716,1500,1520,1705,1500,988,8.3
2026-04-18,16:49:11.960,-53,-56,10,4023,31140,55,44,16,14908,46,25,976,528,352,516,1024,203,1024,0,-1,-1,-1,0x100048049C140245,1597,1609,1730,988,2012,1764,1676,1500,1500,1757,1193,1449,1500,1500,1500,1500,1500,1500,1372,1628,1500,1609,1500,2012,1500,1733,1609,1500,1520,1705,1500,988,8.3
2026-04-18,16:49:12.460,-64,-63,10,4026,5110,55,44,16,8252,47,25,977,571,447,516,1024,203,1024,0,-1,-1,-1,0x100048009C140205,1610,1644,1730,988,2012,1785,1723,1500,1500,1785,1193,1449,1500,1500,1500,1500,1500,1500,1372,1628,1500,1609,1500,2012,1500,1782,1644,1500,1520,1705,1500,988,8.3
2026-04-18,16:49:12.960,-71,-62,10,4023,13550,55,44,16,12026,47,25,978,474,428,516,1024,203,1024,0,-1,-1,-1,0x100048009C140205,1591,1637,1730,988,2012,1737,1714,1500,1500,1744,1193,1449,1500,1500,1500,1500,1500,1500,1372,1628,1500,1609,1500,2012,1500,1773,1637,1500,1520,1705,1500,988,8.3
2026-04-18,16:49:13.460,-68,-67,10,4020,27360,55,44,16,21410,47,25,981,450,599,516,1024,203,1024,0,-1,-1,-1,0x100048019C140205,1583,1707,1730,988,2012,1725,1799,1500,1500,1725,1193,1449,1500,1500,1500,1500,1500,1500,1372,1628,1500,1609,1500,2012,1500,1852,1707,1500,1520,1705,1500,988,8.3
2026-04-18,16:49:13.960,-60,-67,10,4016,31910,55,44,16,24060,47,25,985,-257,823,516,1024,203,1024,0,-1,-1,-1,0x100048059C140605,1457,1829,1730,988,2012,1372,1911,1500,1500,1379,1193,1449,1500,1500,1500,1500,1500,1500,1372,1628,1500,1609,1500,2012,1500,1941,1829,1500,1520,1705,1500,988,8.3
2026-04-18,16:49:14.460,-58,-67,10,4008,34470,55,44,16,21452,47,25,989,-529,841,516,1024,203,1024,0,-1,-1,-1,0x100048059C140245,1393,1838,1730,988,2012,1236,1920,1500,1500,1228,1193,1449,1500,1500,1500,1500,1500,1500,1372,1628,1500,1609,1500,2012,1500,1947,1838,1500,1520,1705,1500,988,8.3
2026-04-18,16:49:14.960,-52,-67,10,3985,24830,55,44,16,33516,48,25,995,104,109,516,1024,203,1024,0,-1,-1,-1,0x100048049C140205,1520,1536,1730,988,2012,1552,1554,1500,1500,1558,1193,1449,1500,1500,1500,1500,1500,1500,1372,1628,1500,1609,1500,2012,1500,1823,1536,1500,1520,1705,1500,988,8.3
2026-04-18,16:49:15.460,-50,-52,25,3983,7910,55,44,16,17584,48,25,996,-229,276,516,1024,203,1024,0,-1,-1,-1,0x100048049C140245,1465,1581,1730,988,2012,1386,1638,1500,1500,1399,1193,1449,1500,1500,1500,1500,1500,1500,1372,1628,1500,1609,1500,2012,1500,1690,1581,1500,1520,1705,1500,988,8.3
2026-04-18,16:49:15.960,-58,-55,10,3989,3320,55,44,16,15852,48,25,996,334,273,516,1024,203,1024,0,-1,-1,-1,0x100048049C140205,1563,1580,1730,988,2012,1667,1636,1500,1500,1676,1193,1449,1500,1500,1500,1500,1500,1500,1372,1628,1500,1609,1500,2012,1500,1688,1580,1500,1520,1705,1500,988,8.3
2026-04-18,16:49:16.460,-65,-66,10,4007,9840,55,44,16,19046,48,25,997,7,1,516,1024,203,1024,0,-1,-1,-1,0x1000480498140245,1501,1500,1730,988,2012,1503,1500,1500,1500,1503,1193,1449,1500,1500,1500,1500,1500,1500,988,2012,1500,1609,1500,2012,1500,1501,1500,1500,1520,1705,1500,988,8.3
2026-04-18,16:49:16.960,-69,-63,10,4022,1470,55,44,16,12712,48,25,998,619,438,516,1024,203,1024,0,-1,-1,-1,0x100048049C140205,1623,1636,1730,988,2012,1809,1719,1500,1500,1809,1193,1449,1500,1500,1500,1500,1500,1500,1372,1628,1500,1609,1500,2012,1500,1772,1636,1500,1520,1705,1500,988,8.3
2026-04-18,16:49:17.460,-65,-63,10,4029,35730,55,44,16,18430,49,25,1000,448,743,516,1024,203,1024,0,-1,-1,-1,0x100048059C140245,1587,1783,1730,988,2012,1724,1871,1500,1500,1734,1193,1449,1500,1500,1500,1500,1500,1500,1372,1628,1500,1609,1500,2012,1500,1910,1783,1500,1520,1705,1500,988,8.3
2026-04-18,16:49:17.960,-85,-76,10,4018,23680,55,44,16,20344,49,26,1004,-434,496,516,1024,203,1024,0,-1,-1,-1,0x100048049C140205,1419,1645,1730,988,2012,1283,1748,1500,1500,1283,1193,1449,1500,1500,1500,1500,1500,1500,1372,1628,1500,1609,1500,2012,1500,1816,1645,1500,1520,1705,1500,988,8.3
2026-04-18,16:49:18.460,-78,-72,10,4005,21300,57,44,16,21954,49,26,1008,-25,643,516,1024,203,1024,0,-1,-1,-1,0x1000480598140245,1498,1730,1730,988,2012,1488,1821,1500,1500,1493,1193,1449,1500,1500,1500,1500,1500,1500,1372,1628,1500,1609,1500,2012,1500,1871,1730,1500,1520,1705,1500,988,8.3
2026-04-18,16:49:18.960,-74,-76,10,3998,12890,57,44,16,19902,49,26,1010,-454,240,516,1024,203,1024,0,-1,-1,-1,0x100048049C140205,1417,1568,1730,988,2012,1273,1620,1500,1500,1279,1193,1449,1500,1500,1500,1500,1500,1500,1372,1628,1500,1609,1500,2012,1500,1669,1568,1500,1520,1705,1500,988,8.3
2026-04-18,16:49:19.460,-79,-76,10,3996,1470,57,44,16,10690,49,26,1011,-1024,-31,516,1024,204,1024,0,-1,-1,-1,0x100048009E100205,1205,1476,1730,1030,2012,988,1485,1466,1500,988,1193,1449,1500,1500,1500,1500,1500,1466,1275,2012,1500,1609,1500,988,1500,1453,1500,1500,1520,1705,1460,988,8.3
2026-04-18,16:49:19.960,-79,-80,10,4005,0,57,44,16,3414,49,26,1011,-1024,4,516,1024,203,1024,0,-1,-1,-1,0x100048009C140205,1205,1501,1730,988,2012,988,1502,1500,1500,988,1193,1449,1500,1500,1500,1500,1500,1500,1372,2012,1500,1609,1500,2012,1500,1503,1501,1500,1520,1705,1500,988,8.3
2026-04-18,16:49:20.460,-84,-82,10,4016,17020,57,44,16,8178,49,26,1011,-429,465,516,1024,203,1024,0,-1,-1,-1,0x100048009C141A85,1409,1639,1730,988,2012,1297,1733,1500,1500,1262,1193,1449,1500,1500,1500,1500,1500,1500,1372,1628,1500,1609,1500,2012,1500,1782,1639,1500,1520,1705,1500,988,8.3
2026-04-18,16:49:20.960,-84,-79,10,4016,22840,57,44,16,13164,49,26,1015,-22,381,516,1024,203,1024,0,-1,-1,-1,0x1000480098140A85,1499,1638,1730,988,2012,1489,1690,1500,1500,1495,1193,1449,1500,1500,1500,1500,1500,1500,1372,1628,1500,1609,1500,2012,1500,1791,1638,1500,1520,1705,1500,988,8.3
2026-04-18,16:49:21.460,-88,-82,10,4009,32820,57,44,16,20506,49,26,1018,-221,508,516,1024,203,1024,0,-1,-1,-1,0x100048049C140205,1461,1656,1730,988,2012,1390,1754,1500,1500,1389,1193,1449,1500,1500,1500,1500,1500,1500,1372,1628,1500,1609,1500,2012,1500,1802,1656,1500,1520,1705,1500,988,8.3
2026-04-18,16:49:21.960,-81,-85,10,3998,27880,57,44,16,18462,49,26,1021,-110,65,516,1024,203,1024,0,-1,-1,-1,0x100048049C140245,1481,1532,1730,988,2012,1450,1523,1500,1500,1445,1193,1449,1500,1500,1500,1500,1500,1500,1372,1628,1500,1609,1500,2012,1500,1681,1532,1500,1520,1705,1500,988,8.3
2026-04-18,16:49:22.460,-80,-77,10,3997,35940,57,44,16,26672,49,26,1024,-32,886,516,1024,203,1024,0,-1,-1,-1,0x1000480498140205,1495,1905,1730,988,2012,1484,1943,1500,1500,1484,1193,1449,1500,1500,1500,1500,1500,1500,1372,1628,1500,1609,1500,2012,1500,1988,1905,1500,1520,1705,1500,988,8.3
2026-04-18,16:49:22.960,-75,-75,10,3993,4790,57,44,16,26956,49,26,1026,-174,-776,516,1024,203,1024,0,-1,-1,-1,0x100048049E180245,1470,1281,1730,1337,2012,1413,1112,1197,1500,1413,1193,1449,1500,1500,1500,1500,1500,1197,1285,2012,1500,1609,1500,988,1500,1077,1500,1500,1520,1705,1143,988,8.3
2026-04-18,16:49:23.460,-76,-75,10,4001,0,57,44,16,1230,49,26,1026,-150,20,516,1024,204,1024,0,-1,-1,-1,0x100048009C140205,1474,1507,1730,988,2012,1425,1510,1500,1500,1426,1193,1449,1500,1500,1500,1500,1500,1500,1372,2012,1500,1609,1500,2012,1500,1516,1507,1500,1520,1705,1500,988,8.3
2026-04-18,16:49:23.960,-76,-73,10,4008,4160,57,44,16,2674,50,26,1027,1024,295,516,1024,203,1024,0,-1,-1,-1,0x100048009C140205,1762,1592,1730,988,2012,2012,1647,1500,1500,2012,1193,1449,1500,1500,1500,1500,1500,1500,1372,1628,1500,1609,1500,2012,1500,1708,1592,1500,1520,1705,1500,988,8.3
2026-04-18,16:49:24.460,-75,-76,10,4018,18320,57,44,16,7904,50,26,1028,481,552,516,1024,203,1024,0,-1,-1,-1,0x100048009C140205,1590,1686,1730,988,2012,1740,1776,1500,1500,1740,1193,1449,1500,1500,1500,1500,1500,1500,1372,1628,1500,1609,1500,2012,1500,1831,1686,1500,1520,1705,1500,988,8.3
2026-04-18,16:49:24.960,-67,-75,10,4017,21650,57,44,16,15446,50,26,1031,375,633,516,1024,204,1024,0,-1,-1,-1,0x100048019C140205,1567,1719,1730,988,2012,1687,1816,1500,1500,1687,1193,1449,1500,1500,1500,1500,1500,1500,1372,1628,1500,1609,1500,2012,1500,1862,1719,1500,1520,1705,1500,988,8.3
2026-04-18,16:49:25.460,-74,-69,10,4002,43090,57,44,16,21068,50,26,1036,-89,924,516,1024,203,1024,0,-1,-1,-1,0x100048059C140645,1485,1885,1730,988,2012,1456,1962,1500,1500,1456,1193,1449,1500,1500,1500,1500,1500,1500,1372,1628,1500,1609,1500,2012,1500,1976,1885,1500,1520,1705,1500,988,8.3
2026-04-18,16:49:25.960,-73,-75,10,3984,24480,57,44,16,20100,50,27,1041,421,325,516,1024,203,1024,0,-1,-1,-1,0x100048049C140205,1574,1612,1730,988,2012,1710,1662,1500,1500,1703,1193,1449,1500,1500,1500,1500,1500,1500,1372,1628,1500,1609,1500,2012,1500,1776,1612,1500,1520,1705,1500,988,8.3
2026-04-18,16:49:26.460,-74,-79,10,3976,16360,57,44,16,21508,50,27,1043,826,562,516,1024,203,1024,0,-1,-1,-1,0x100048059C141EC5,1680,1678,1730,988,2012,1913,1781,1500,1500,1912,1193,1449,1500,1500,1500,1500,1500,1500,1372,1628,1500,1609,1500,2012,1500,1829,1678,1500,1520,1705,1500,988,8.3
2026-04-18,16:49:26.960,-77,-79,10,3970,16500,57,44,16,16550,50,27,1046,929,307,516,1024,204,1024,0,-1,-1,-1,0x100048049C140A85,1718,1604,1730,988,2012,1964,1653,1500,1500,1964,1193,1449,1500,1500,1500,1500,1500,1500,1372,1628,1500,1609,1500,2012,1500,1729,1604,1500,1520,1705,1500,988,8.3
2026-04-18,16:49:27.460,-75,-75,10,3976,12050,57,44,16,11394,50,27,1047,962,262,516,1024,203,1024,0,-1,-1,-1,0x100048009C140A85,1733,1572,1730,988,2012,1981,1631,1500,1500,1981,1193,1449,1500,1500,1500,1500,1500,1500,1372,1628,1500,1609,1500,2012,1500,1681,1572,1500,1520,1705,1500,988,8.3
2026-04-18,16:49:27.960,-74,-76,10,3996,4930,57,44,16,8640,50,27,1048,845,471,516,1024,203,1024,0,-1,-1,-1,0x100048009C140A85,1687,1654,1730,988,2012,1922,1735,1500,1500,1923,1193,1449,1500,1500,1500,1500,1500,1500,1372,1628,1500,1609,1500,2012,1500,1794,1654,1500,1520,1705,1500,988,8.3
2026-04-18,16:49:28.460,-75,-77,10,4002,7560,57,44,16,10080,50,27,1050,789,220,516,1024,203,1024,0,-1,-1,-1,0x100048009C140205,1669,1562,1730,988,2012,1894,1610,1500,1500,1894,1193,1449,1500,1500,1500,1500,1500,1500,1372,1628,1500,1609,1500,2012,1500,1655,1562,1500,1520,1705,1500,988,8.3
2026-04-18,16:49:28.960,-88,-80,10,4010,1890,57,44,16,7510,51,27,1051,-21,303,516,1024,203,1024,0,-1,-1,-1,0x1000480098140205,1502,1586,1730,988,2012,1490,1651,1500,1500,1506,1193,1449,1500,1500,1500,1500,1500,1500,1372,1628,1500,1609,1500,2012,1500,1699,1586,1500,1520,1705,1500,988,8.3
2026-04-18,16:49:29.460,-82,-91,10,4012,27150,57,44,16,18386,51,27,1053,-486,595,516,1024,203,1024,0,-1,-1,-1,0x100048019C140605,1402,1699,1730,988,2012,1257,1797,1500,1500,1247,1193,1449,1500,1500,1500,1500,1500,1500,1372,1628,1500,1609,1500,2012,1500,1845,1699,1500,1520,1705,1500,988,8.3
2026-04-18,16:49:29.960,-91,-76,10,3994,37520,57,44,16,21648,51,27,1057,393,737,516,1024,203,1024,0,-1,-1,-1,0x100048019C140205,1571,1787,1730,988,2012,1696,1868,1500,1500,1696,1193,1449,1500,1500,1500,1500,1500,1500,1372,1628,1500,1609,1500,2012,1500,1913,1787,1500,1520,1705,1500,988,8.3
2026-04-18,16:49:30.460,-78,-76,10,3975,41960,57,44,16,28300,51,27,1064,0,2,516,1024,203,1024,0,-1,-1,-1,0x1000480498140205,1500,1500,1730,988,2012,1500,1501,1500,1500,1500,1193,1449,1500,1500,1500,1500,1500,1500,1065,1935,1500,1609,1500,2012,1500,1700,1500,1500,1520,1705,1500,988,8.3
2026-04-18,16:49:30.960,-78,-71,10,3973,6790,57,44,16,16514,51,27,1065,340,357,516,1024,203,1024,0,-1,-1,-1,0x100048049C140245,1558,1615,1730,988,2012,1670,1678,1500,1500,1663,1193,1449,1500,1500,1500,1500,1500,1500,1372,1628,1500,1609,1500,2012,1500,1736,1615,1500,1520,1705,1500,988,8.3
2026-04-18,16:49:31.460,-74,-68,10,3969,9700,57,44,16,15512,51,27,1066,582,483,516,1024,203,1024,0,-1,-1,-1,0x100048049C140205,1613,1653,1730,988,2012,1791,1741,1500,1500,1790,1193,1449,1500,1500,1500,1500,1500,1500,1372,1628,1500,1609,1500,2012,1500,1793,1653,1500,1520,1705,1500,988,8.3
2026-04-18,16:49:31.960,-88,-69,10,3978,15620,57,44,16,13950,51,27,1068,1009,147,516,1024,203,1024,0,-1,-1,-1,0x100048049C140245,1761,1568,1730,988,2012,2004,1573,1500,1500,2010,1193,1449,1500,1500,1500,1500,1500,1500,1372,1628,1500,1609,1500,2012,1500,1788,1568,1500,1520,1705,1500,988,8.3
2026-04-18,16:49:32.460,-72,-70,10,3988,0,57,44,16,7342,51,27,1070,-1024,-175,516,1024,203,1024,0,-1,-1,-1,0x100048009E180205,1205,1413,1730,1138,2012,988,1413,1379,1500,988,1193,1449,1500,1500,1500,1500,1500,1379,1336,2012,1500,1609,1500,988,1500,1373,1500,1500,1520,1705,1357,988,8.3
2026-04-18,16:49:32.960,-76,-68,10,4002,16110,57,44,16,9724,51,27,1070,-2,577,516,1024,203,1024,0,-1,-1,-1,0x1000480098140205,1500,1696,1730,988,2012,1499,1788,1500,1500,1499,1193,1449,1500,1500,1500,1500,1500,1500,1372,1628,1500,1609,1500,2012,1500,1843,1696,1500,1520,1705,1500,988,8.3
2026-04-18,16:49:33.460,-68,-64,10,3996,24690,57,44,16,13830,51,27,1073,-280,463,516,1024,204,1024,0,-1,-1,-1,0x100048019C140605,1433,1665,1730,988,2012,1360,1731,1500,1500,1316,1193,1449,1500,1500,1500,1500,1500,1500,1372,1628,1500,1609,1500,2012,1500,1811,1665,1500,1520,1705,1500,988,8.3
2026-04-18,16:49:33.960,-69,-67,10,3988,21440,57,44,16,12556,51,27,1077,852,634,516,1024,203,1024,0,-1,-1,-1,0x100048049C140245,1667,1733,1730,988,2012,1926,1817,1500,1500,1891,1193,1449,1500,1500,1500,1500,1500,1500,1372,1628,1500,1609,1500,2012,1500,1873,1733,1500,1520,1705,1500,988,8.3
2026-04-18,16:49:34.460,-64,-68,10,3987,7560,57,44,16,3938,51,28,1080,1024,312,516,1024,203,1024,0,-1,-1,-1,0x100048009C140205,1762,1594,1730,988,2012,2012,1656,1500,1500,2012,1193,1449,1500,1500,1500,1500,1500,1500,1372,1628,1500,1609,1500,2012,1500,1710,1594,1500,1520,1705,1500,988,8.3
2026-04-18,16:49:34.960,-68,-68,10,3985,15270,57,44,16,9638,51,28,1082,685,465,516,1024,203,1024,0,-1,-1,-1,0x100048019C140605,1647,1651,1730,988,2012,1842,1732,1500,1500,1855,1193,1449,1500,1500,1500,1500,1500,1500,1372,1628,1500,1609,1500,2012,1500,1791,1651,1500,1520,1705,1500,988,8.3
2026-04-18,16:49:35.460,-68,-69,10,3981,27180,57,44,16,17860,51,28,1085,-857,493,516,1024,203,1024,0,-1,-1,-1,0x100048019C140605,1294,1663,1730,988,2012,1072,1746,1500,1500,1072,1193,1449,1500,1500,1500,1500,1500,1500,1372,1628,1500,1609,1500,2012,1500,1805,1663,1500,1520,1705,1500,988,8.3
2026-04-18,16:49:35.960,-70,-56,10,3982,23050,57,44,16,15686,51,28,1087,-589,511,516,1024,203,1024,0,-1,-1,-1,0x100048059C140245,1377,1670,1730,988,2012,1206,1755,1500,1500,1198,1193,1449,1500,1500,1500,1500,1500,1500,1372,1628,1500,1609,1500,2012,1500,1813,1670,1500,1520,1705,1500,988,8.3
2026-04-18,16:49:36.460,-73,-57,10,3982,27290,57,44,16,19494,51,28,1091,-244,23,516,1024,203,1024,0,-1,-1,-1,0x100048049C140245,1457,1508,1730,988,2012,1378,1511,1500,1500,1378,1193,1449,1500,1500,1500,1500,1500,1500,988,2012,1500,1609,1500,2012,1500,1518,1508,1500,1520,1705,1500,988,8.3
2026-04-18,16:49:36.960,-73,-54,10,3983,8680,57,44,16,22974,51,28,1092,-932,-718,516,1024,203,1024,0,-1,-1,-1,0x100048049E1C0205,1265,1243,1730,1378,2012,1034,1141,1143,1500,1042,1193,1449,1500,1500,1500,1500,1500,1143,1060,2012,1500,1609,1500,2012,1500,1211,1500,1500,1520,1705,1143,988,8.3
2026-04-18,16:49:37.460,-46,-54,10,3988,2450,57,44,16,5656,51,28,1093,-1024,122,516,1024,203,1024,0,-1,-1,-1,0x100048009C100205,1205,1515,1730,988,2012,988,1561,1500,1500,988,1193,1449,1500,1500,1500,1500,1500,1500,1131,2012,1500,1609,1500,988,1500,1541,1515,1500,1520,1705,1500,988,8.3
2026-04-18,16:49:37.960,-51,-52,10,3992,15410,57,44,16,8076,51,28,1095,-1024,44,516,1024,203,1024,0,-1,-1,-1,0x100048009C140205,1205,1504,1730,988,2012,988,1522,1500,1500,988,1193,1449,1500,1500,1500,1500,1500,1500,988,2012,1500,1609,1500,2012,1500,1524,1504,1500,1520,1705,1500,988,8.3
2026-04-18,16:49:38.460,-67,-65,10,3993,23750,57,44,16,12706,51,28,1097,-1024,505,516,1024,203,1024,0,-1,-1,-1,0x100048019C140605,1205,1667,1730,988,2012,988,1752,1500,1500,988,1193,1449,1500,1500,1500,1500,1500,1500,1372,1628,1500,1609,1500,2012,1500,1810,1667,1500,1520,1705,1500,988,8.3
2026-04-18,16:49:38.960,-79,-68,10,3991,28720,57,44,16,15086,51,28,1100,-95,586,516,1024,203,1024,0,-1,-1,-1,0x100048009C140205,1487,1686,1730,988,2012,1453,1793,1500,1500,1462,1193,1449,1500,1500,1500,1500,1500,1500,1372,1628,1500,1609,1500,2012,1500,1838,1686,1500,1520,1705,1500,988,8.3
2026-04-18,16:49:39.460,-79,-61,10,3986,23470,57,44,16,13738,52,28,1103,-86,443,516,1024,203,1024,0,-1,-1,-1,0x100048049C100205,1485,1621,1730,988,2012,1457,1721,1500,1500,1457,1193,1449,1500,1500,1500,1500,1500,1500,1372,1628,1500,1609,1500,988,1500,1766,1621,1500,1520,1705,1500,988,8.3
2026-04-18,16:49:39.960,-79,-53,10,3976,20590,57,44,16,13960,52,28,1106,-1024,970,516,1024,203,1024,0,-1,-1,-1,0x100048009C140205,1205,1891,1730,988,2012,988,1985,1500,1500,988,1193,1449,1500,1500,1500,1500,1500,1500,1372,1628,1500,1609,1500,2012,1500,1983,1891,1500,1520,1705,1500,988,8.3
2026-04-18,16:49:40.460,-79,-51,10,3961,31310,57,44,16,13746,52,28,1112,-600,588,516,1024,204,1024,0,-1,-1,-1,0x100048049C140245,1375,1696,1730,988,2012,1200,1794,1500,1500,1193,1193,1449,1500,1500,1500,1500,1500,1500,1372,1628,1500,1609,1500,2012,1500,1843,1696,1500,1520,1705,1500,988,8.3
2026-04-18,16:49:40.960,-56,-64,10,3950,115290,57,44,16,21130,52,28,1117,-179,3,516,1024,204,1024,0,-1,-1,-1,0x100048009C140205,1469,1501,1730,988,2012,1411,1501,1500,1500,1411,1193,1449,1500,1500,1500,1500,1500,1500,1270,1730,1500,1609,1500,2012,1500,1876,1501,1500,1520,1705,1500,988,8.3
2026-04-18,16:49:41.460,-47,-64,10,3938,23780,57,44,16,32196,52,28,1125,-150,565,516,1024,204,1024,0,-1,-1,-1,0x100048009C140205,1472,1692,1730,988,2012,1425,1782,1500,1500,1420,1193,1449,1500,1500,1500,1500,1500,1500,1372,1628,1500,1609,1500,2012,1500,1837,1692,1500,1520,1705,1500,988,8.3
2026-04-18,16:49:41.960,-58,-62,10,3940,940,59,44,16,25014,52,29,1125,1017,-459,516,1024,203,1024,0,-1,-1,-1,0x100048049E180205,1759,1314,1730,1301,2012,2008,1271,1242,1500,2008,1193,1449,1500,1500,1500,1500,1500,1242,1203,2012,1500,1609,1500,988,1500,1192,1500,1500,1520,1705,1196,988,8.3
2026-04-18,16:49:42.460,-53,-62,10,3958,8020,59,44,16,6250,52,29,1126,1024,383,516,1024,204,1024,0,-1,-1,-1,0x100048009C140205,1762,1620,1730,988,2012,2012,1691,1500,1500,2012,1193,1449,1500,1500,1500,1500,1500,1500,1372,1628,1500,1609,1500,2012,1500,1750,1620,1500,1520,1705,1500,988,8.3
2026-04-18,16:49:42.960,-58,-53,10,3962,22450,59,44,16,17790,52,29,1128,-689,442,516,1024,204,1024,0,-1,-1,-1,0x100048009C140205,1365,1670,1730,988,2012,1156,1721,1500,1500,1176,1193,1449,1500,1500,1500,1500,1500,1500,1372,1628,1500,1609,1500,2012,1500,1852,1670,1500,1520,1705,1500,988,8.3
2026-04-18,16:49:43.460,-64,-53,10,3983,8540,59,44,16,8958,53,29,1131,-1024,-275,516,1024,203,1024,0,-1,-1,-1,0x100048009E180205,1205,1374,1730,1203,2012,988,1363,1326,1500,988,1193,1449,1500,1500,1500,1500,1500,1326,988,2012,1500,1609,1500,988,1500,1398,1500,1500,1520,1705,1295,988,8.3
2026-04-18,16:49:43.960,-55,-54,10,3988,11590,59,44,16,8030,53,29,1132,-404,452,516,1024,204,1024,0,-1,-1,-1,0x100048009C140205,1430,1646,1730,988,2012,1298,1726,1500,1500,1310,1193,1449,1500,1500,1500,1500,1500,1500,1372,1628,1500,1609,1500,2012,1500,1785,1646,1500,1520,1705,1500,988,8.3
2026-04-18,16:49:44.460,-53,-54,10,3984,15760,59,44,16,14186,53,29,1134,-1023,513,516,1024,204,1024,0,-1,-1,-1,0x100048019C140205,1214,1670,1730,988,2012,989,1756,1500,1500,996,1193,1449,1500,1500,1500,1500,1500,1500,1372,1628,1500,1609,1500,2012,1500,1813,1670,1500,1520,1705,1500,988,8.3
2026-04-18,16:49:44.960,-65,-65,10,3981,13660,59,44,16,12186,53,29,1136,-228,546,516,1024,204,1024,0,-1,-1,-1,0x100048009C140205,1455,1684,1730,988,2012,1386,1773,1500,1500,1372,1193,1449,1500,1500,1500,1500,1500,1500,1372,1628,1500,1609,1500,2012,1500,1829,1684,1500,1520,1705,1500,988,8.3
2026-04-18,16:49:45.460,-64,-66,10,3985,6410,59,44,16,13424,53,29,1139,1024,420,516,1024,204,1024,0,-1,-1,-1,0x100048049C140205,1762,1634,1730,988,2012,2012,1710,1500,1500,2012,1193,1449,1500,1500,1500,1500,1500,1500,1372,1628,1500,1609,1500,2012,1500,1768,1634,1500,1520,1705,1500,988,8.3
2026-04-18,16:49:45.960,-57,-64,10,3985,17830,59,44,16,10514,53,29,1140,1024,498,516,1024,204,1024,0,-1,-1,-1,0x100048009C140205,1762,1660,1730,988,2012,2012,1749,1500,1500,2012,1193,1449,1500,1500,1500,1500,1500,1500,1372,1628,1500,1609,1500,2012,1500,1802,1660,1500,1520,1705,1500,988,8.3
2026-04-18,16:49:46.460,-55,-64,10,3980,25150,59,44,16,14826,53,29,1143,518,749,516,1024,204,1024,0,-1,-1,-1,0x100048019C140605,1598,1786,1730,988,2012,1759,1874,1500,1500,1759,1193,1449,1500,1500,1500,1500,1500,1500,1372,1628,1500,1609,1500,2012,1500,1912,1786,1500,1520,1705,1500,988,8.3
2026-04-18,16:49:46.960,-67,-82,10,3967,44980,59,44,16,24510,53,29,1148,-18,681,516,1024,204,1024,0,-1,-1,-1,0x1000480498140245,1496,1721,1730,988,2012,1491,1840,1500,1500,1486,1193,1449,1500,1500,1500,1500,1500,1500,1372,1628,1500,1609,1500,2012,1500,1878,1721,1500,1520,1705,1500,988,8.3
2026-04-18,16:49:47.460,-65,-82,10,3965,5740,59,44,16,6708,53,29,1151,-783,184,516,1024,204,1024,0,-1,-1,-1,0x100048009C140205,1309,1544,1730,988,2012,1109,1592,1500,1500,1090,1193,1449,1500,1500,1500,1500,1500,1500,1372,1628,1500,1609,1500,2012,1500,1614,1544,1500,1520,1705,1500,988,8.3
2026-04-18,16:49:47.960,-67,-57,10,3962,22100,59,44,16,12560,53,29,1153,934,195,516,1024,204,1024,0,-1,-1,-1,0x100048009C140205,1721,1549,1730,988,2012,1967,1597,1500,1500,1967,1193,1449,1500,1500,1500,1500,1500,1500,1372,1628,1500,1609,1500,2012,1500,1627,1549,1500,1520,1705,1500,988,8.3
2026-04-18,16:49:48.460,-59,-66,10,3961,13130,59,44,16,11378,53,29,1155,286,544,516,1024,204,1024,0,-1,-1,-1,0x100048009C140205,1555,1683,1730,988,2012,1643,1772,1500,1500,1655,1193,1449,1500,1500,1500,1500,1500,1500,1372,1628,1500,1609,1500,2012,1500,1828,1683,1500,1520,1705,1500,988,8.3
2026-04-18,16:49:48.960,-60,-66,10,3961,37900,59,44,16,22928,53,29,1158,151,150,516,1024,203,1024,0,-1,-1,-1,0x100048049C140245,1524,1546,1730,988,2012,1575,1575,1500,1500,1570,1193,1449,1500,1500,1500,1500,1500,1500,1372,1628,1500,1609,1500,2012,1500,1725,1546,1500,1520,1705,1500,988,8.3
2026-04-18,16:49:49.460,-57,-66,10,3964,38040,59,44,16,22052,53,29,1162,-208,443,516,1024,204,1024,0,-1,-1,-1,0x100048059C140645,1464,1637,1730,988,2012,1396,1721,1500,1500,1396,1193,1449,1500,1500,1500,1500,1500,1500,1372,1628,1500,1609,1500,2012,1500,1823,1637,1500,1520,1705,1500,988,8.3
2026-04-18,16:49:49.960,-55,-66,10,3947,57310,59,44,16,23960,53,29,1167,0,1024,516,1024,204,1024,0,-1,-1,-1,0x1000480598142205,1500,2012,1730,988,2012,1500,2012,1500,1500,1500,1193,1449,1500,1500,1500,1500,1500,1500,1372,1628,1500,1609,1500,2012,1500,2012,2012,1500,1520,1705,1500,988,8.3
2026-04-18,16:49:50.460,-51,-66,10,3940,6970,59,44,16,18988,53,30,1172,255,166,516,1024,204,1024,0,-1,-1,-1,0x100048049C140245,1544,1558,1730,988,2012,1627,1583,1500,1500,1627,1193,1449,1500,1500,1500,1500,1500,1500,1372,1628,1500,1609,1500,2012,1500,1666,1558,1500,1520,1705,1500,988,8.3
2026-04-18,16:49:50.960,-50,-66,10,3941,11030,59,44,16,17704,54,30,1174,-17,426,516,1024,204,1024,0,-1,-1,-1,0x1000480498140205,1498,1649,1730,988,2012,1492,1713,1500,1500,1492,1193,1449,1500,1500,1500,1500,1500,1500,1372,1628,1500,1609,1500,2012,1500,1790,1649,1500,1520,1705,1500,988,8.3
2026-04-18,16:49:51.460,-64,-74,10,3948,8510,59,44,16,17560,54,30,1175,-103,463,516,1024,204,1024,0,-1,-1,-1,0x100048049C140245,1483,1652,1730,988,2012,1449,1731,1500,1500,1449,1193,1449,1500,1500,1500,1500,1500,1500,1372,1628,1500,1609,1500,2012,1500,1791,1652,1500,1520,1705,1500,988,8.3
2026-04-18,16:49:51.960,-64,-69,10,3960,12080,59,44,16,21514,54,30,1176,-2,260,516,1024,204,1024,0,-1,-1,-1,0x1000480498140205,1500,1575,1730,988,2012,1499,1630,1500,1500,1499,1193,1449,1500,1500,1500,1500,1500,1500,1372,1628,1500,1609,1500,2012,1500,1680,1575,1500,1520,1705,1500,988,8.3
2026-04-18,16:49:52.460,-59,-77,10,3983,15130,59,44,16,10500,54,30,1177,659,396,516,1024,204,1024,0,-1,-1,-1,0x100048009C140205,1633,1620,1730,988,2012,1829,1698,1500,1500,1829,1193,1449,1500,1500,1500,1500,1500,1500,1372,1628,1500,1609,1500,2012,1500,1750,1620,1500,1520,1705,1500,988,8.3
2026-04-18,16:49:52.960,-75,-70,10,3984,12430,59,44,16,12888,54,30,1179,717,213,516,1024,204,1024,0,-1,-1,-1,0x100048009C140205,1653,1560,1730,988,2012,1858,1606,1500,1500,1867,1193,1449,1500,1500,1500,1500,1500,1500,1372,1628,1500,1609,1500,2012,1500,1651,1560,1500,1520,1705,1500,988,8.3
2026-04-18,16:49:53.460,-68,-64,10,3989,7910,59,44,16,11972,54,30,1179,-370,268,516,1024,204,1024,0,-1,-1,-1,0x100048009C140205,1432,1578,1730,988,2012,1315,1634,1500,1500,1315,1193,1449,1500,1500,1500,1500,1500,1500,1372,1628,1500,1609,1500,2012,1500,1685,1578,1500,1520,1705,1500,988,8.3
2026-04-18,16:49:53.960,-64,-66,10,3994,20590,59,44,16,10388,54,30,1180,-48,562,516,1024,204,1024,0,-1,-1,-1,0x1000480098140205,1492,1727,1730,988,2012,1476,1781,1500,1500,1476,1193,1449,1500,1500,1500,1500,1500,1500,1372,1628,1500,1609,1500,2012,1500,1910,1727,1500,1520,1705,1500,988,8.3
2026-04-18,16:49:54.460,-75,-63,10,3991,4830,59,44,16,21982,54,30,1183,2,36,516,1024,203,1024,0,-1,-1,-1,0x1000480098140205,1500,1513,1730,988,2012,1501,1518,1500,1500,1500,1193,1449,1500,1500,1500,1500,1500,1500,988,2012,1500,1609,1500,2012,1500,1528,1513,1500,1520,1705,1500,988,8.3
2026-04-18,16:49:54.960,-79,-74,10,3994,800,59,44,16,3740,54,30,1183,-118,581,516,1024,203,1024,0,-1,-1,-1,0x100048009C140205,1482,1686,1730,988,2012,1441,1790,1500,1500,1447,1193,1449,1500,1500,1500,1500,1500,1500,1372,1628,1500,1609,1500,2012,1500,1838,1686,1500,1520,1705,1500,988,8.3
2026-04-18,16:49:55.460,-79,-74,10,3982,44420,59,44,16,20360,54,30,1187,332,750,516,1024,204,1024,0,-1,-1,-1,0x100048019C140205,1561,1793,1730,988,2012,1666,1875,1500,1500,1671,1193,1449,1500,1500,1500,1500,1500,1500,1372,1628,1500,1609,1500,2012,1500,1917,1793,1500,1520,1705,1500,988,8.3
2026-04-18,16:49:55.960,-75,-81,10,3969,30440,59,44,16,20874,54,30,1192,-439,207,516,1024,204,1024,0,-1,-1,-1,0x100048049C140245,1415,1556,1730,988,2012,1281,1603,1500,1500,1276,1193,1449,1500,1500,1500,1500,1500,1500,1372,1628,1500,1609,1500,2012,1500,1754,1556,1500,1520,1705,1500,988,8.3
2026-04-18,16:49:56.460,-81,-78,25,3967,11140,59,44,16,13442,53,30,1194,-905,329,516,1024,204,1024,0,-1,-1,-1,0x100048049C140245,1278,1632,1730,988,2012,1048,1664,1500,1500,1055,1193,1449,1500,1500,1500,1500,1500,1500,1372,1628,1500,1609,1500,2012,1500,1859,1632,1500,1520,1705,1500,988,8.3
2026-04-18,16:49:56.960,-83,-81,25,3961,5140,59,44,16,9808,53,30,1196,-1023,60,516,1024,204,1024,0,-1,-1,-1,0x100048009C140205,1206,1505,1730,988,2012,989,1530,1500,1500,989,1193,1449,1500,1500,1500,1500,1500,1500,988,2012,1500,1609,1500,2012,1500,1525,1505,1500,1520,1705,1500,988,8.3
2026-04-18,16:49:57.460,-81,-77,10,3964,8470,59,44,16,8728,53,30,1196,-1024,229,516,1024,204,1024,0,-1,-1,-1,0x100048009C141A85,1205,1560,1730,988,2012,988,1614,1500,1500,988,1193,1449,1500,1500,1500,1500,1500,1500,1372,1628,1500,1609,1500,2012,1500,1651,1560,1500,1520,1705,1500,988,8.3
2026-04-18,16:49:57.960,-76,-83,10,3979,18140,59,44,16,12222,53,30,1198,-290,467,516,1024,204,1024,0,-1,-1,-1,0x100048019C140E85,1445,1658,1730,988,2012,1355,1733,1500,1500,1348,1193,1449,1500,1500,1500,1500,1500,1500,1372,1628,1500,1609,1500,2012,1500,1798,1658,1500,1520,1705,1500,988,8.3
2026-04-18,16:49:58.460,-78,-70,10,3980,37830,59,44,16,20288,53,30,1201,529,584,516,1024,204,1024,0,-1,-1,-1,0x100048019C140E85,1601,1724,1730,988,2012,1764,1780,1500,1500,1764,1193,1449,1500,1500,1500,1500,1500,1500,1372,1628,1500,1609,1500,2012,1500,1899,1724,1500,1520,1705,1500,988,8.3
2026-04-18,16:49:58.960,-91,-81,10,3973,22630,59,44,16,15744,53,31,1205,134,385,516,1024,204,1024,0,-1,-1,-1,0x100048049C140205,1523,1617,1730,988,2012,1567,1700,1500,1500,1567,1193,1449,1500,1500,1500,1500,1500,1500,1372,1628,1500,1609,1500,2012,1500,1751,1617,1500,1520,1705,1500,988,8.3
2026-04-18,16:49:59.460,-80,-78,10,3967,14710,59,44,16,19456,53,31,1208,0,36,516,1024,203,1024,0,-1,-1,-1,0x1000480498140245,1500,1513,1730,988,2012,1500,1518,1500,1500,1500,1193,1449,1500,1500,1500,1500,1500,1500,1069,2012,1500,1609,1500,2012,1500,1527,1513,1500,1520,1705,1500,988,8.3
2026-04-18,16:49:59.960,-75,-70,10,3967,1360,61,44,16,12460,53,31,1208,797,219,516,1024,203,1024,0,-1,-1,-1,0x100048049C140205,1665,1566,1730,988,2012,1898,1609,1500,1500,1888,1193,1449,1500,1500,1500,1500,1500,1500,1372,1628,1500,1609,1500,2012,1500,1666,1566,1500,1520,1705,1500,988,8.3
2026-04-18,16:50:00.460,-75,-71,10,3970,5570,61,44,16,10368,53,31,1209,931,38,516,1024,204,1024,0,-1,-1,-1,0x100048009C140205,1719,1533,1730,988,2012,1965,1519,1500,1500,1965,1193,1449,1500,1500,1500,1500,1500,1500,1372,1628,1500,1609,1500,2012,1500,1655,1533,1500,1520,1705,1500,988,8.3
2026-04-18,16:50:00.960,-75,-71,10,3980,17410,61,44,16,15034,53,31,1211,994,490,516,1024,204,1024,0,-1,-1,-1,0x100048009C140205,1747,1662,1730,988,2012,1997,1745,1500,1500,1997,1193,1449,1500,1500,1500,1500,1500,1500,1372,1628,1500,1609,1500,2012,1500,1803,1662,1500,1520,1705,1500,988,8.3
2026-04-18,16:50:01.460,-75,-69,10,3980,31170,61,44,16,16778,53,31,1214,453,724,516,1024,204,1024,0,-1,-1,-1,0x100048019C140205,1584,1773,1730,988,2012,1726,1862,1500,1500,1727,1193,1449,1500,1500,1500,1500,1500,1500,1372,1628,1500,1609,1500,2012,1500,1903,1773,1500,1520,1705,1500,988,8.3
2026-04-18,16:50:01.960,-73,-74,10,3968,43890,61,44,16,19198,53,31,1218,-200,883,516,1024,204,1024,0,-1,-1,-1,0x100048059C140645,1468,1862,1730,988,2012,1400,1941,1500,1500,1409,1193,1449,1500,1500,1500,1500,1500,1500,1372,1628,1500,1609,1500,2012,1500,1962,1862,1500,1520,1705,1500,988,8.3
2026-04-18,16:50:02.460,-75,-80,10,3939,65720,61,44,16,27430,54,31,1226,43,137,516,1024,204,1024,0,-1,-1,-1,0x1000480498140205,1507,1539,1730,988,2012,1521,1569,1500,1500,1521,1193,1449,1500,1500,1500,1500,1500,1500,1372,1628,1500,1609,1500,2012,1500,1785,1539,1500,1520,1705,1500,988,8.3
2026-04-18,16:50:02.960,-88,-89,10,3936,8860,61,44,16,17006,54,31,1228,823,492,516,1024,204,1024,0,-1,-1,-1,0x100048049C140245,1679,1663,1730,988,2012,1911,1746,1500,1500,1911,1193,1449,1500,1500,1500,1500,1500,1500,1372,1628,1500,1609,1500,2012,1500,1805,1663,1500,1520,1705,1500,988,8.3
2026-04-18,16:50:03.460,-87,-81,10,3933,22870,61,44,16,18614,54,31,1230,890,553,516,1024,204,1024,0,-1,-1,-1,0x100048059C141A85,1703,1687,1730,988,2012,1945,1776,1500,1500,1945,1193,1449,1500,1500,1500,1500,1500,1500,1372,1628,1500,1609,1500,2012,1500,1832,1687,1500,1520,1705,1500,988,8.3
2026-04-18,16:50:03.960,-65,-69,10,3935,20240,61,44,16,19900,54,31,1233,945,217,516,1024,204,1024,0,-1,-1,-1,0x100048049C140AC5,1725,1564,1730,988,2012,1972,1608,1500,1500,1972,1193,1449,1500,1500,1500,1500,1500,1500,1372,1628,1500,1609,1500,2012,1500,1661,1564,1500,1520,1705,1500,988,8.3
2026-04-18,16:50:04.460,-69,-73,10,3949,21820,61,44,16,15720,54,31,1234,984,490,516,1024,204,1024,0,-1,-1,-1,0x100048049C140A85,1743,1661,1730,988,2012,1992,1745,1500,1500,1992,1193,1449,1500,1500,1500,1500,1500,1500,1372,1628,1500,1609,1500,2012,1500,1803,1661,1500,1520,1705,1500,988,8.3
2026-04-18,16:50:04.960,-73,-68,10,3958,23010,61,44,16,16852,54,31,1237,698,703,516,1024,204,1024,0,-1,-1,-1,0x100048059C140AC5,1643,1762,1730,988,2012,1849,1857,1500,1500,1849,1193,1449,1500,1500,1500,1500,1500,1500,1372,1628,1500,1609,1500,2012,1500,1894,1762,1500,1520,1705,1500,988,8.3
2026-04-18,16:50:05.460,-84,-77,10,3946,60640,61,44,16,28754,54,31,1242,-144,1024,516,1024,203,1024,0,-1,-1,-1,0x100048059C142605,1477,2012,1730,988,2012,1428,2012,1500,1500,1435,1193,1449,1500,1500,1500,1500,1500,1500,1372,1628,1500,1609,1500,2012,1500,2012,2012,1500,1520,1705,1500,988,8.3
2026-04-18,16:50:05.960,-87,-70,10,3927,11730,61,44,16,18524,54,32,1250,-407,177,516,1024,204,1024,0,-1,-1,-1,0x100048049C140245,1425,1560,1730,988,2012,1297,1588,1500,1500,1296,1193,1449,1500,1500,1500,1500,1500,1500,1372,1628,1500,1609,1500,2012,1500,1679,1560,1500,1520,1705,1500,988,8.3
2026-04-18,16:50:06.460,-83,-73,10,3929,7420,61,44,16,16812,54,32,1251,165,272,516,1024,204,1024,0,-1,-1,-1,0x100048049C140205,1529,1585,1730,988,2012,1577,1636,1500,1500,1583,1193,1449,1500,1500,1500,1500,1500,1500,1372,1628,1500,1609,1500,2012,1500,1697,1585,1500,1520,1705,1500,988,8.3
2026-04-18,16:50:06.960,-83,-73,10,3934,1430,61,44,16,13818,54,32,1251,517,164,516,1024,204,1024,0,-1,-1,-1,0x100048049C140245,1598,1552,1730,988,2012,1758,1582,1500,1500,1759,1193,1449,1500,1500,1500,1500,1500,1500,1372,1628,1500,1609,1500,2012,1500,1628,1552,1500,1520,1705,1500,988,8.3
2026-04-18,16:50:07.460,-78,-71,10,3944,2060,61,44,16,12472,54,32,1252,217,15,516,1024,204,1024,0,-1,-1,-1,0x100048049C140205,1538,1504,1730,988,2012,1608,1507,1500,1500,1609,1193,1449,1500,1500,1500,1500,1500,1500,1060,2012,1500,1609,1500,2012,1500,1510,1504,1500,1520,1705,1500,988,8.3
2026-04-18,16:50:07.960,-79,-70,10,3969,1680,61,44,16,7306,54,32,1252,156,485,516,1024,204,1024,0,-1,-1,-1,0x100048009C140205,1530,1655,1730,988,2012,1571,1742,1500,1500,1587,1193,1449,1500,1500,1500,1500,1500,1500,1372,1628,1500,1609,1500,2012,1500,1801,1655,1500,1520,1705,1500,988,8.3
2026-04-18,16:50:08.460,-70,-77,10,3974,4230,61,44,16,7292,54,32,1255,-1024,407,516,1024,204,1024,0,-1,-1,-1,0x100048009C140205,1205,1629,1730,988,2012,988,1703,1500,1500,988,1193,1449,1500,1500,1500,1500,1500,1500,1372,1628,1500,1609,1500,2012,1500,1762,1629,1500,1520,1705,1500,988,8.3
2026-04-18,16:50:08.960,-71,-63,10,3975,14530,61,44,16,8644,54,32,1256,-306,559,516,1024,204,1024,0,-1,-1,-1,0x100048009C140205,1439,1689,1730,988,2012,1364,1780,1500,1500,1332,1193,1449,1500,1500,1500,1500,1500,1500,1372,1628,1500,1609,1500,2012,1500,1835,1689,1500,1520,1705,1500,988,8.3
2026-04-18,16:50:09.460,-64,-73,10,3965,24340,61,44,16,14338,54,32,1260,-1024,467,516,1024,204,1024,0,-1,-1,-1,0x100048019C140205,1205,1653,1730,988,2012,988,1734,1500,1500,988,1193,1449,1500,1500,1500,1500,1500,1500,1372,1628,1500,1609,1500,2012,1500,1792,1653,1500,1520,1705,1500,988,8.3
2026-04-18,16:50:09.960,-65,-66,10,3957,29070,61,44,16,16166,54,32,1263,1023,-362,516,1024,204,1024,0,-1,-1,-1,0x100048049E1C0245,1762,1311,1730,1297,2012,2011,1326,1248,1500,2011,1193,1449,1500,1500,1500,1500,1500,1248,999,2012,1500,1609,1500,2012,1500,1349,1500,1500,1520,1705,1248,988,8.3
2026-04-18,16:50:10.460,-63,-73,10,3956,11910,61,44,16,6754,54,32,1264,1024,435,516,1024,204,1024,0,-1,-1,-1,0x100048009C140205,1762,1640,1730,988,2012,2012,1717,1500,1500,2012,1193,1449,1500,1500,1500,1500,1500,1500,1372,1628,1500,1609,1500,2012,1500,1777,1640,1500,1520,1705,1500,988,8.3
2026-04-18,16:50:10.960,-69,-62,10,3958,18630,61,44,16,10892,54,32,1266,-223,546,516,1024,203,1024,0,-1,-1,-1,0x100048019C140205,1463,1684,1730,988,2012,1389,1773,1500,1500,1396,1193,1449,1500,1500,1500,1500,1500,1500,1372,1628,1500,1609,1500,2012,1500,1829,1684,1500,1520,1705,1500,988,8.3
2026-04-18,16:50:11.460,-69,-63,10,3952,29110,61,44,16,15226,54,32,1270,-609,532,516,1024,204,1024,0,-1,-1,-1,0x100048019C140605,1368,1682,1730,988,2012,1196,1766,1500,1500,1180,1193,1449,1500,1500,1500,1500,1500,1500,1372,1628,1500,1609,1500,2012,1500,1822,1682,1500,1520,1705,1500,988,8.3
2026-04-18,16:50:11.960,-69,-57,10,3952,30720,61,44,16,21368,54,32,1273,-324,4,516,1024,204,1024,0,-1,-1,-1,0x100048049C140205,1441,1501,1730,988,2012,1339,1502,1500,1500,1338,1193,1449,1500,1500,1500,1500,1500,1500,1168,1832,1500,1609,1500,2012,1500,1593,1501,1500,1520,1705,1500,988,8.3
2026-04-18,16:50:12.460,-51,-56,10,3957,7840,61,44,16,21886,54,32,1275,-654,-718,516,1024,204,1024,0,-1,-1,-1,0x100048049E1C0245,1364,1243,1730,1378,2012,1173,1141,1143,1500,1174,1193,1449,1500,1500,1500,1500,1500,1143,1069,2012,1500,1609,1500,2012,1500,1171,1500,1500,1520,1705,1143,988,8.3
2026-04-18,16:50:12.960,-50,-56,10,3960,7280,61,44,16,7390,54,32,1275,-523,345,516,1024,204,1024,0,-1,-1,-1,0x100048009C140205,1398,1616,1730,988,2012,1239,1672,1500,1500,1239,1193,1449,1500,1500,1500,1500,1500,1500,1372,1628,1500,1609,1500,2012,1500,1747,1616,1500,1520,1705,1500,988,8.3
2026-04-18,16:50:13.460,-53,-56,10,3963,8580,61,44,16,8838,54,32,1276,-843,167,516,1024,204,1024,0,-1,-1,-1,0x100048009C100205,1300,1547,1730,988,2012,1079,1590,1500,1500,1079,1193,1449,1500,1500,1500,1500,1500,1500,1372,1628,1500,1609,1500,988,1500,1621,1547,1500,1520,1705,1500,988,8.3
2026-04-18,16:50:13.960,-56,-58,10,3973,16640,61,44,16,9622,54,32,1277,-1008,464,516,1024,204,1024,0,-1,-1,-1,0x100048009C140205,1214,1651,1730,988,2012,996,1732,1500,1500,996,1193,1449,1500,1500,1500,1500,1500,1500,1372,1628,1500,1609,1500,2012,1500,1790,1651,1500,1520,1705,1500,988,8.3
2026-04-18,16:50:14.460,-71,-66,10,3974,17370,61,44,16,11488,54,32,1280,-453,360,516,1024,204,1024,0,-1,-1,-1,0x100048009C140205,1408,1612,1730,988,2012,1287,1679,1500,1500,1261,1193,1449,1500,1500,1500,1500,1500,1500,1372,1628,1500,1609,1500,2012,1500,1738,1612,1500,1520,1705,1500,988,8.3
2026-04-18,16:50:14.960,-66,-64,10,3970,16390,61,44,16,10950,54,32,1282,1024,5,516,1024,204,1024,0,-1,-1,-1,0x100048009C100205,1762,1501,1730,988,2012,2012,1502,1500,1500,2012,1193,1449,1500,1500,1500,1500,1500,1500,1050,2012,1500,1609,1500,988,1500,1504,1501,1500,1520,1705,1500,988,8.3
2026-04-18,16:50:15.460,-67,-65,10,3970,6480,61,44,16,4408,54,33,1283,1024,323,516,1024,204,1024,0,-1,-1,-1,0x100048009C140205,1762,1594,1730,988,2012,2012,1662,1500,1500,2012,1193,1449,1500,1500,1500,1500,1500,1500,1372,1628,1500,1609,1500,2012,1500,1717,1594,1500,1520,1705,1500,988,8.3
2026-04-18,16:50:15.960,-52,-60,10,3970,15270,61,44,16,9752,54,33,1284,245,428,516,1024,203,1024,0,-1,-1,-1,0x100048009C140205,1545,1637,1730,988,2012,1622,1714,1500,1500,1628,1193,1449,1500,1500,1500,1500,1500,1500,1372,1628,1500,1609,1500,2012,1500,1773,1637,1500,1520,1705,1500,988,8.3
2026-04-18,16:50:16.460,-55,-60,10,3967,31280,61,44,16,16560,54,33,1287,-197,827,516,1024,203,1024,0,-1,-1,-1,0x100048019C140205,1466,1847,1730,988,2012,1402,1913,1500,1500,1401,1193,1449,1500,1500,1500,1500,1500,1500,1372,1628,1500,1609,1500,2012,1500,1952,1847,1500,1520,1705,1500,988,8.3
2026-04-18,16:50:16.960,-52,-62,10,3957,2410,61,44,16,18576,54,33,1294,-1,375,516,1024,203,1024,0,-1,-1,-1,0x1000480498140245,1500,1639,1730,988,2012,1500,1687,1500,1500,1500,1193,1449,1500,1500,1500,1500,1500,1500,1372,1628,1500,1609,1500,2012,1500,1797,1639,1500,1520,1705,1500,988,8.3
2026-04-18,16:50:17.460,-57,-59,10,3958,0,61,44,16,16446,54,33,1295,1024,5,516,1024,204,1024,0,-1,-1,-1,0x100048049C140245,1762,1501,1730,988,2012,2012,1502,1500,1500,2012,1193,1449,1500,1500,1500,1500,1500,1500,1315,2012,1500,1609,1500,2012,1500,1504,1501,1500,1520,1705,1500,988,8.3
2026-04-18,16:50:17.960,-61,-63,10,3955,22700,61,44,16,14022,54,33,1296,837,529,516,1024,204,1024,0,-1,-1,-1,0x100048009C140205,1688,1677,1730,988,2012,1918,1764,1500,1500,1925,1193,1449,1500,1500,1500,1500,1500,1500,1372,1628,1500,1609,1500,2012,1500,1821,1677,1500,1520,1705,1500,988,8.3
2026-04-18,16:50:18.460,-74,-60,10,3948,31280,61,44,16,18656,54,33,1299,-740,627,516,1024,204,1024,0,-1,-1,-1,0x100048019C140205,1338,1721,1730,988,2012,1130,1813,1500,1500,1131,1193,1449,1500,1500,1500,1500,1500,1500,1372,1628,1500,1609,1500,2012,1500,1864,1721,1500,1520,1705,1500,988,8.3
2026-04-18,16:50:18.960,-74,-52,10,3957,19470,61,44,16,12936,54,33,1302,-1024,-324,516,1024,204,1024,0,-1,-1,-1,0x100048049E100245,1205,1358,1730,1231,2012,988,1350,1303,1500,988,1193,1449,1500,1500,1500,1500,1500,1303,1080,2012,1500,1609,1500,988,1500,1282,1500,1500,1520,1705,1269,988,8.3
2026-04-18,16:50:19.460,-74,-54,10,3958,12330,61,44,16,7236,54,33,1303,-1024,315,516,1024,203,1024,0,-1,-1,-1,0x100048009C140205,1205,1591,1730,988,2012,988,1657,1500,1500,988,1193,1449,1500,1500,1500,1500,1500,1500,1372,1628,1500,1609,1500,2012,1500,1713,1591,1500,1520,1705,1500,988,8.3
2026-04-18,16:50:19.960,-49,-58,10,3956,13520,61,44,16,9632,54,33,1305,-323,430,516,1024,204,1024,0,-1,-1,-1,0x100048009C140205,1442,1637,1730,988,2012,1339,1715,1500,1500,1339,1193,1449,1500,1500,1500,1500,1500,1500,1372,1628,1500,1609,1500,2012,1500,1774,1637,1500,1520,1705,1500,988,8.3
2026-04-18,16:50:20.460,-66,-61,10,3955,23360,61,44,16,14048,54,33,1307,-328,384,516,1024,204,1024,0,-1,-1,-1,0x100048019C140205,1436,1631,1730,988,2012,1336,1692,1500,1500,1325,1193,1449,1500,1500,1500,1500,1500,1500,1372,1628,1500,1609,1500,2012,1500,1769,1631,1500,1520,1705,1500,988,8.3
2026-04-18,16:50:20.960,-77,-64,10,3959,22490,61,44,16,16846,54,33,1311,1024,196,516,1024,204,1024,0,-1,-1,-1,0x100048049C100245,1762,1553,1730,988,2012,2012,1598,1500,1500,2012,1193,1449,1500,1500,1500,1500,1500,1500,1372,1628,1500,1609,1500,988,1500,1640,1553,1500,1520,1705,1500,988,8.3
2026-04-18,16:50:21.460,-67,-74,10,3959,15300,61,44,16,9928,54,33,1313,1023,379,516,1024,204,1024,0,-1,-1,-1,0x100048009C140205,1762,1619,1730,988,2012,2011,1689,1500,1500,2011,1193,1449,1500,1500,1500,1500,1500,1500,1372,1628,1500,1609,1500,2012,1500,1748,1619,1500,1520,1705,1500,988,8.3
2026-04-18,16:50:21.960,-53,-74,10,3957,16850,61,44,16,11284,54,33,1315,71,527,516,1024,203,1024,0,-1,-1,-1,0x100048019C140605,1515,1672,1730,988,2012,1535,1763,1500,1500,1545,1193,1449,1500,1500,1500,1500,1500,1500,1372,1628,1500,1609,1500,2012,1500,1815,1672,1500,1520,1705,1500,988,8.3
2026-04-18,16:50:22.460,-67,-68,10,3945,38290,61,44,16,16994,54,33,1319,188,243,516,1024,204,1024,0,-1,-1,-1,0x100048009C140205,1532,1557,1730,988,2012,1594,1621,1500,1500,1594,1193,1449,1500,1500,1500,1500,1500,1500,1372,1628,1500,1609,1500,2012,1500,1647,1557,1500,1520,1705,1500,988,8.3
2026-04-18,16:50:22.960,-64,-63,10,3951,3850,61,44,16,10270,54,33,1320,478,45,516,1024,204,1024,0,-1,-1,-1,0x100048009C140205,1587,1516,1730,988,2012,1739,1522,1500,1500,1733,1193,1449,1500,1500,1500,1500,1500,1500,988,2012,1500,1609,1500,2012,1500,1535,1516,1500,1520,1705,1500,988,8.3
2026-04-18,16:50:23.460,-66,-65,10,3956,10430,61,44,16,10004,54,33,1321,777,384,516,1024,204,1024,0,-1,-1,-1,0x100048009C140205,1665,1621,1730,988,2012,1880,1687,1500,1500,1889,1193,1449,1500,1500,1500,1500,1500,1500,1372,1628,1500,1609,1500,2012,1500,1751,1621,1500,1520,1705,1500,988,8.3
2026-04-18,16:50:23.960,-68,-69,10,3955,18530,61,44,16,17918,54,33,1322,548,688,516,1024,204,1024,0,-1,-1,-1,0x100048019C140605,1605,1760,1730,988,2012,1774,1844,1500,1500,1774,1193,1449,1500,1500,1500,1500,1500,1500,1372,1628,1500,1609,1500,2012,1500,1889,1760,1500,1520,1705,1500,988,8.3
2026-04-18,16:50:24.460,-61,-64,10,3952,38850,61,44,16,18168,54,33,1326,117,731,516,1024,204,1024,0,-1,-1,-1,0x100048019C140605,1520,1778,1730,988,2012,1558,1865,1500,1500,1558,1193,1449,1500,1500,1500,1500,1500,1500,1372,1628,1500,1609,1500,2012,1500,1906,1778,1500,1520,1705,1500,988,8.3
2026-04-18,16:50:24.960,-56,-49,10,3946,28130,61,44,16,28672,54,34,1331,-122,835,516,1024,204,1024,0,-1,-1,-1,0x100048059C140205,1479,1835,1730,988,2012,1439,1917,1500,1500,1440,1193,1449,1500,1500,1500,1500,1500,1500,1372,1628,1500,1609,1500,2012,1500,1945,1835,1500,1520,1705,1500,988,8.3
2026-04-18,16:50:25.460,-54,-55,10,3931,11000,61,44,16,19354,54,34,1336,-126,60,516,1024,204,1024,0,-1,-1,-1,0x100048049C140245,1480,1522,1730,988,2012,1437,1530,1500,1500,1442,1193,1449,1500,1500,1500,1500,1500,1500,1270,1730,1500,1609,1500,2012,1500,1581,1522,1500,1520,1705,1500,988,8.3
2026-04-18,16:50:25.960,-47,-50,10,3929,8230,63,44,16,17594,54,34,1337,-313,329,516,1024,204,1024,0,-1,-1,-1,0x100048049C140205,1444,1604,1730,988,2012,1344,1664,1500,1500,1344,1193,1449,1500,1500,1500,1500,1500,1500,1372,1628,1500,1609,1500,2012,1500,1726,1604,1500,1520,1705,1500,988,8.3
2026-04-18,16:50:26.460,-54,-55,10,3934,7000,63,44,16,15984,54,34,1338,380,541,516,1024,204,1024,0,-1,-1,-1,0x100048049C140245,1568,1673,1730,988,2012,1690,1770,1500,1500,1690,1193,1449,1500,1500,1500,1500,1500,1500,1372,1628,1500,1609,1500,2012,1500,1822,1673,1500,1520,1705,1500,988,8.3
2026-04-18,16:50:26.960,-64,-66,10,3942,9000,63,44,16,15402,54,34,1339,-2,485,516,1024,204,1024,0,-1,-1,-1,0x1000480498140205,1500,1655,1730,988,2012,1499,1742,1500,1500,1499,1193,1449,1500,1500,1500,1500,1500,1500,1372,1628,1500,1609,1500,2012,1500,1795,1655,1500,1520,1705,1500,988,8.3
2026-04-18,16:50:27.460,-67,-66,10,3950,8650,63,44,16,16354,54,34,1341,94,19,516,1024,203,1024,0,-1,-1,-1,0x100048049C140245,1514,1516,1730,988,2012,1547,1509,1500,1500,1542,1193,1449,1500,1500,1500,1500,1500,1500,1270,1730,1500,1609,1500,2012,1500,1523,1516,1500,1520,1705,1500,988,8.3
2026-04-18,16:50:27.960,-65,-60,10,3965,4930,63,44,16,11456,55,34,1341,844,471,516,1024,204,1024,0,-1,-1,-1,0x100048049C140205,1686,1654,1730,988,2012,1922,1735,1500,1500,1921,1193,1449,1500,1500,1500,1500,1500,1500,1372,1628,1500,1609,1500,2012,1500,1794,1654,1500,1520,1705,1500,988,8.3
2026-04-18,16:50:28.460,-73,-71,10,3962,17480,63,44,16,15930,54,34,1343,-701,685,516,1024,204,1024,0,-1,-1,-1,0x100048049C140245,1353,1753,1730,988,2012,1150,1842,1500,1500,1155,1193,1449,1500,1500,1500,1500,1500,1500,1372,1628,1500,1609,1500,2012,1500,1888,1753,1500,1520,1705,1500,988,8.3
2026-04-18,16:50:28.960,-73,-69,10,3953,31240,63,44,16,17700,54,34,1347,-602,815,516,1024,203,1024,0,-1,-1,-1,0x100048059C140205,1378,1805,1730,988,2012,1199,1907,1500,1500,1199,1193,1449,1500,1500,1500,1500,1500,1500,1372,1628,1500,1609,1500,2012,1500,1932,1805,1500,1520,1705,1500,988,8.3
2026-04-18,16:50:29.460,-86,-75,10,3936,30370,63,44,16,20352,54,34,1353,64,455,516,1024,204,1024,0,-1,-1,-1,0x1000480498140245,1509,1653,1730,988,2012,1532,1727,1500,1500,1525,1193,1449,1500,1500,1500,1500,1500,1500,1372,1628,1500,1609,1500,2012,1500,1786,1653,1500,1520,1705,1500,988,8.3
2026-04-18,16:50:29.960,-73,-77,10,3932,13100,63,44,16,14252,54,34,1355,-332,169,516,1024,204,1024,0,-1,-1,-1,0x100048049C140205,1440,1550,1730,988,2012,1334,1584,1500,1500,1334,1193,1449,1500,1500,1500,1500,1500,1500,1372,1628,1500,1609,1500,2012,1500,1623,1550,1500,1520,1705,1500,988,8.3
2026-04-18,16:50:30.460,-78,-79,10,3932,630,63,44,16,11808,54,34,1355,-621,163,516,1024,204,1024,0,-1,-1,-1,0x100048049C140245,1373,1546,1730,988,2012,1190,1581,1500,1500,1190,1193,1449,1500,1500,1500,1500,1500,1500,1372,1628,1500,1609,1500,2012,1500,1610,1546,1500,1520,1705,1500,988,8.3
2026-04-18,16:50:30.960,-82,-83,10,3938,12080,63,44,16,10052,54,34,1356,-270,203,516,1024,203,1024,0,-1,-1,-1,0x100048009C140205,1456,1564,1730,988,2012,1365,1601,1500,1500,1377,1193,1449,1500,1500,1500,1500,1500,1500,1372,1628,1500,1609,1500,2012,1500,1654,1564,1500,1520,1705,1500,988,8.3
2026-04-18,16:50:31.460,-89,-79,10,3950,1750,63,44,16,5158,54,34,1357,-1024,210,516,1024,204,1024,0,-1,-1,-1,0x100048009C141A85,1205,1560,1730,988,2012,988,1605,1500,1500,988,1193,1449,1500,1500,1500,1500,1500,1500,1372,1628,1500,1609,1500,2012,1500,1650,1560,1500,1520,1705,1500,988,8.3
2026-04-18,16:50:31.960,-89,-75,10,3965,8820,63,44,16,7456,54,34,1358,-370,459,516,1024,204,1024,0,-1,-1,-1,0x100048009C140A85,1429,1649,1730,988,2012,1315,1729,1500,1500,1307,1193,1449,1500,1500,1500,1500,1500,1500,1372,1628,1500,1609,1500,2012,1500,1788,1649,1500,1520,1705,1500,988,8.3
2026-04-18,16:50:32.460,-85,-84,10,3962,18700,63,44,16,12750,54,34,1360,-398,478,516,1024,204,1024,0,-1,-1,-1,0x100048019C140E85,1424,1657,1730,988,2012,1301,1739,1500,1500,1294,1193,1449,1500,1500,1500,1500,1500,1500,1372,1628,1500,1609,1500,2012,1500,1798,1657,1500,1520,1705,1500,988,8.3
2026-04-18,16:50:32.960,-81,-83,10,3957,27570,63,44,16,16586,54,35,1363,-206,752,516,1024,203,1024,0,-1,-1,-1,0x100048059C140AC5,1464,1781,1730,988,2012,1397,1876,1500,1500,1397,1193,1449,1500,1500,1500,1500,1500,1500,1372,1628,1500,1609,1500,2012,1500,1909,1781,1500,1520,1705,1500,988,8.3
2026-04-18,16:50:33.460,-84,-86,10,3948,4340,63,44,16,13516,54,35,1367,-176,931,516,1024,203,1024,0,-1,-1,-1,0x100048049C140245,1469,1875,1730,988,2012,1412,1965,1500,1500,1412,1193,1449,1500,1500,1500,1500,1500,1500,1372,1628,1500,1609,1500,2012,1500,1975,1875,1500,1520,1705,1500,988,8.3
2026-04-18,16:50:33.960,-81,-70,10,3941,6410,63,44,16,30824,54,35,1369,896,-527,516,1024,203,1024,0,-1,-1,-1,0x100048049E180205,1678,1303,1730,1314,2012,1948,1237,1227,1500,1910,1193,1449,1500,1500,1500,1500,1500,1397,1122,2012,1500,1609,1500,2012,1500,1241,1500,1500,1520,1705,1379,988,8.3
2026-04-18,16:50:34.460,-75,-71,10,3943,8440,63,44,16,9416,54,35,1370,1024,3,516,1024,204,1024,0,-1,-1,-1,0x100048009C140205,1762,1501,1730,988,2012,2012,1501,1500,1500,2012,1193,1449,1500,1500,1500,1500,1500,1500,1219,1781,1500,1609,1500,2012,1500,1632,1501,1500,1520,1705,1500,988,8.3
2026-04-18,16:50:34.960,-80,-74,10,3947,8650,63,44,16,6264,54,35,1371,501,141,516,1024,204,1024,0,-1,-1,-1,0x100048009C140205,1594,1552,1730,988,2012,1750,1570,1500,1500,1750,1193,1449,1500,1500,1500,1500,1500,1500,1372,1628,1500,1609,1500,2012,1500,1649,1552,1500,1520,1705,1500,988,8.3
2026-04-18,16:50:35.460,-80,-72,10,3959,0,63,44,16,4430,54,35,1372,-4,45,516,1024,203,1024,0,-1,-1,-1,0x1000480098140205,1500,1516,1625,988,2012,1498,1522,1500,1500,1498,1193,1449,1500,1500,1500,1500,1500,1500,1029,2012,1500,1609,1500,2012,1500,1535,1516,1500,1520,1705,1500,988,8.3
2026-04-18,16:50:35.960,-72,-73,10,3965,0,63,44,16,372,54,35,1372,-4,10,516,1024,204,1024,0,-1,-1,-1,0x1000480098140205,1500,1504,1625,988,2012,1498,1505,1500,1500,1498,1193,1449,1500,1500,1500,1500,1500,1500,1372,2012,1500,1609,1500,2012,1500,1509,1504,1500,1520,1705,1500,988,8.3
2026-04-18,16:50:36.460,-74,-85,10,3965,0,63,44,16,0,54,35,1372,-183,335,516,1024,204,1024,0,-1,-1,-1,0x100048009C140205,1468,1602,1657,988,2012,1409,1667,1500,1500,1409,1193,1449,1500,1500,1500,1500,1500,1500,1372,1628,1500,1609,1500,2012,1500,1723,1602,1500,1520,1705,1500,988,8.3
2026-04-18,16:50:36.960,-73,-85,10,3964,23780,63,44,16,8882,54,35,1373,358,537,516,1024,204,1024,0,-1,-1,-1,0x100048009C140205,1570,1681,1730,988,2012,1679,1768,1500,1500,1694,1193,1449,1500,1500,1500,1500,1500,1500,1372,1628,1500,1609,1500,2012,1500,1825,1681,1500,1520,1705,1500,988,8.3
2026-04-18,16:50:37.460,-76,-73,10,3955,37550,63,44,16,17446,54,35,1377,-2,672,516,1024,204,1024,0,-1,-1,-1,0x1000480198140205,1500,1745,1730,988,2012,1499,1836,1500,1500,1499,1193,1449,1500,1500,1500,1500,1500,1500,1372,1628,1500,1609,1500,2012,1500,1882,1745,1500,1520,1705,1500,988,8.3
2026-04-18,16:50:37.960,-76,-71,10,3938,34710,63,44,16,20086,54,35,1382,-1,912,516,1024,203,1024,0,-1,-1,-1,0x1000480598140645,1500,1878,1730,988,2012,1500,1956,1500,1500,1500,1193,1449,1500,1500,1500,1500,1500,1500,1372,1628,1500,1609,1500,2012,1500,1972,1878,1500,1520,1705,1500,988,8.3
2026-04-18,16:50:38.460,-81,-84,10,3932,10650,63,44,16,17746,54,35,1385,589,489,516,1024,203,1024,0,-1,-1,-1,0x100048049C140205,1616,1656,1730,988,2012,1794,1744,1500,1500,1795,1193,1449,1500,1500,1500,1500,1500,1500,1372,1628,1500,1609,1500,2012,1500,1797,1656,1500,1520,1705,1500,988,8.3
2026-04-18,16:50:38.960,-88,-69,100,3929,3990,63,44,16,14974,54,35,1386,836,21,516,1024,204,1024,0,-1,-1,-1,0x100048049C141AC5,1683,1517,1730,988,2012,1918,1510,1500,1500,1917,1193,1449,1500,1500,1500,1500,1500,1500,1321,1679,1500,1609,1500,2012,1500,1702,1517,1500,1520,1705,1500,988,8.3
2026-04-18,16:50:39.460,-69,-72,10,3932,4830,63,44,16,11402,54,35,1387,952,457,516,1024,203,1024,0,-1,-1,-1,0x100048049C140A85,1728,1649,1730,988,2012,1976,1728,1500,1500,1976,1193,1449,1500,1500,1500,1500,1500,1500,1372,1628,1500,1609,1500,2012,1500,1787,1649,1500,1520,1705,1500,988,8.3
2026-04-18,16:50:39.960,-67,-74,10,3938,20450,63,44,16,14410,54,35,1390,528,716,516,1024,204,1024,0,-1,-1,-1,0x100048019C140A85,1601,1769,1730,988,2012,1764,1858,1500,1500,1764,1193,1449,1500,1500,1500,1500,1500,1500,1372,1628,1500,1609,1500,2012,1500,1900,1769,1500,1520,1705,1500,988,8.3
2026-04-18,16:50:40.460,-81,-69,10,3934,40040,63,44,16,21548,54,35,1394,367,822,516,1024,204,1024,0,-1,-1,-1,0x100048059C140EC5,1566,1828,1730,988,2012,1683,1911,1500,1500,1683,1193,1449,1500,1500,1500,1500,1500,1500,1372,1628,1500,1609,1500,2012,1500,1940,1828,1500,1520,1705,1500,988,8.3
2026-04-18,16:50:40.960,-88,-76,10,3912,67500,63,44,16,29652,54,35,1402,-17,1024,516,1024,204,1024,0,-1,-1,-1,0x1000480598142A85,1498,2012,1730,988,2012,1492,2012,1500,1500,1492,1193,1449,1500,1500,1500,1500,1500,1500,1372,1628,1500,1609,1500,2012,1500,2012,2012,1500,1520,1705,1500,988,8.3
2026-04-18,16:50:41.460,-77,-76,10,3893,15720,63,44,16,21370,54,36,1408,-235,453,516,1024,204,1024,0,-1,-1,-1,0x100048049C140245,1459,1624,1730,988,2012,1383,1726,1500,1500,1383,1193,1449,1500,1500,1500,1500,1500,1500,1372,1628,1500,1609,1500,2012,1500,1771,1624,1500,1520,1705,1500,988,8.3
2026-04-18,16:50:41.960,-77,-70,10,3891,4480,63,44,16,17670,54,36,1409,22,-427,516,1024,204,1024,0,-1,-1,-1,0x100048049A1C0205,1504,1303,1730,1314,2012,1511,1287,1227,1500,1511,1193,1449,1500,1500,1500,1500,1500,1227,988,2012,1500,1609,1500,2012,1500,1400,1500,1500,1520,1705,1216,988,8.3
2026-04-18,16:50:42.460,-76,-68,10,3900,1990,63,44,16,7714,54,36,1409,1024,485,516,1024,204,1024,0,-1,-1,-1,0x100048009C140205,1762,1659,1730,988,2012,2012,1742,1500,1500,2012,1193,1449,1500,1500,1500,1500,1500,1500,1372,1628,1500,1609,1500,2012,1500,1801,1659,1500,1520,1705,1500,988,8.3
2026-04-18,16:50:42.960,-79,-74,10,3915,8580,63,44,16,10036,54,36,1410,755,503,516,1024,204,1024,0,-1,-1,-1,0x100048009C140205,1666,1673,1730,988,2012,1877,1751,1500,1500,1891,1193,1449,1500,1500,1500,1500,1500,1500,1372,1628,1500,1609,1500,2012,1500,1816,1673,1500,1520,1705,1500,988,8.3
2026-04-18,16:50:43.460,-79,-71,10,3938,5390,63,44,16,8164,54,36,1412,-1024,34,516,1024,204,1024,0,-1,-1,-1,0x100048009C140205,1205,1506,1730,988,2012,988,1517,1500,1500,988,1193,1449,1500,1500,1500,1500,1500,1500,1275,2012,1500,1609,1500,2012,1500,1515,1506,1500,1520,1705,1500,988,8.3
2026-04-18,16:50:43.960,-71,-72,25,3947,26660,63,44,16,13356,54,36,1413,-989,487,516,1024,203,1024,0,-1,-1,-1,0x100048009C140205,1214,1651,1730,988,2012,1006,1743,1500,1500,996,1193,1449,1500,1500,1500,1500,1500,1500,1372,1628,1500,1609,1500,2012,1500,1796,1651,1500,1520,1705,1500,988,8.3
2026-04-18,16:50:44.460,-63,-72,10,3938,24450,63,44,16,14110,54,36,1416,-817,670,516,1024,204,1024,0,-1,-1,-1,0x100048019C140205,1316,1745,1730,988,2012,1092,1835,1500,1500,1099,1193,1449,1500,1500,1500,1500,1500,1500,1372,1628,1500,1609,1500,2012,1500,1882,1745,1500,1520,1705,1500,988,8.3
2026-04-18,16:50:44.960,-63,-65,10,3928,24170,63,44,16,14276,54,36,1420,1024,136,516,1024,204,1024,0,-1,-1,-1,0x100048049C100205,1762,1543,1730,988,2012,2012,1568,1500,1500,2012,1193,1449,1500,1500,1500,1500,1500,1500,1372,1628,1500,1609,1500,988,1500,1601,1543,1500,1520,1705,1500,988,8.3
2026-04-18,16:50:45.460,-64,-65,10,3929,13800,63,44,16,9334,54,36,1422,1024,367,516,1024,204,1024,0,-1,-1,-1,0x100048009C140205,1762,1611,1730,988,2012,2012,1683,1500,1500,2012,1193,1449,1500,1500,1500,1500,1500,1500,1372,1628,1500,1609,1500,2012,1500,1736,1611,1500,1520,1705,1500,988,8.3
2026-04-18,16:50:45.960,-66,-64,10,3924,22980,63,44,16,15942,54,36,1424,-758,593,516,1024,204,1024,0,-1,-1,-1,0x100048019C140205,1328,1704,1730,988,2012,1121,1796,1500,1500,1116,1193,1449,1500,1500,1500,1500,1500,1500,1372,1628,1500,1609,1500,2012,1500,1850,1704,1500,1520,1705,1500,988,8.3
2026-04-18,16:50:46.460,-73,-63,10,3921,22310,63,44,16,16790,54,36,1427,-622,585,516,1024,204,1024,0,-1,-1,-1,0x100048059C140645,1368,1689,1730,988,2012,1189,1792,1500,1500,1180,1193,1449,1500,1500,1500,1500,1500,1500,1372,1628,1500,1609,1500,2012,1500,1840,1689,1500,1520,1705,1500,988,8.3
2026-04-18,16:50:46.960,-57,-73,10,3925,8610,63,44,16,13302,54,36,1430,-238,503,516,1024,204,1024,0,-1,-1,-1,0x100048049C140245,1458,1671,1730,988,2012,1381,1751,1500,1500,1381,1193,1449,1500,1500,1500,1500,1500,1500,1372,1628,1500,1609,1500,2012,1500,1809,1671,1500,1520,1705,1500,988,8.3
2026-04-18,16:50:47.460,-49,-57,10,3928,6900,63,44,16,20438,54,36,1431,-951,432,516,1024,204,1024,0,-1,-1,-1,0x100048049C100205,1247,1630,1730,988,2012,1025,1716,1500,1500,1025,1193,1449,1500,1500,1500,1500,1500,1500,1372,1628,1500,1609,1500,988,1500,1770,1630,1500,1520,1705,1500,988,8.3
2026-04-18,16:50:47.960,-49,-57,10,3926,18110,63,44,16,10780,54,36,1432,-1024,-495,516,1024,204,1024,0,-1,-1,-1,0x100048009E100205,1205,1302,1730,1314,2012,988,1253,1226,1500,988,1193,1449,1500,1500,1500,1500,1500,1237,1029,2012,1500,1609,1500,988,1500,1315,1500,1500,1520,1705,1190,988,8.3
2026-04-18,16:50:48.460,-53,-69,10,3932,1990,63,44,16,4170,54,36,1433,-1024,285,516,1024,203,1024,0,-1,-1,-1,0x100048009C140205,1205,1596,1730,988,2012,988,1642,1500,1500,988,1193,1449,1500,1500,1500,1500,1500,1500,1372,1628,1500,1609,1500,2012,1500,1705,1596,1500,1520,1705,1500,988,8.3
2026-04-18,16:50:48.960,-68,-63,10,3938,16180,63,44,16,8832,54,36,1434,-901,400,516,1024,204,1024,0,-1,-1,-1,0x100048009C140205,1274,1627,1730,988,2012,1050,1700,1500,1500,1050,1193,1449,1500,1500,1500,1500,1500,1500,1372,1628,1500,1609,1500,2012,1500,1759,1627,1500,1520,1705,1500,988,8.3
2026-04-18,16:50:49.460,-70,-56,10,3937,27780,63,44,16,14628,54,36,1437,-2,526,516,1024,203,1024,0,-1,-1,-1,0x100048009C140205,1489,1685,1730,988,2012,1499,1763,1500,1500,1467,1193,1449,1500,1500,1500,1500,1500,1500,1372,1628,1500,1609,1500,2012,1500,1830,1685,1500,1520,1705,1500,988,8.3
2026-04-18,16:50:49.960,-70,-60,10,3934,5740,63,44,16,7308,54,36,1439,947,-61,516,1024,204,1024,0,-1,-1,-1,0x100048009C140205,1686,1464,1730,1049,2012,1998,1462,1451,1500,1921,1193,1449,1500,1500,1500,1500,1500,1450,1219,1781,1500,1609,1500,2012,1500,1599,1500,1500,1520,1705,1451,988,8.3
2026-04-18,16:50:50.460,-70,-57,10,3939,21370,63,44,16,9878,54,36,1440,641,459,516,1024,204,1024,0,-1,-1,-1,0x100048009C140205,1644,1650,1730,988,2012,1820,1729,1500,1500,1850,1193,1449,1500,1500,1500,1500,1500,1500,1372,1628,1500,1609,1500,2012,1500,1788,1650,1500,1520,1705,1500,988,8.3
2026-04-18,16:50:50.960,-51,-55,10,3932,20700,63,44,16,10526,54,36,1443,153,488,516,1024,204,1024,0,-1,-1,-1,0x100048009C140205,1528,1674,1730,988,2012,1576,1744,1500,1500,1582,1193,1449,1500,1500,1500,1500,1500,1500,1372,1628,1500,1609,1500,2012,1500,1812,1674,1500,1520,1705,1500,988,8.3
2026-04-18,16:50:51.460,-54,-61,10,3923,47750,63,44,16,15964,54,37,1447,0,1,516,1024,204,1024,0,-1,-1,-1,0x1000480098140205,1500,1500,1730,988,2012,1500,1500,1500,1500,1500,1193,1449,1500,1500,1500,1500,1500,1500,988,2012,1500,1609,1500,2012,1500,1501,1500,1500,1520,1705,1500,988,8.3
2026-04-18,16:50:51.960,-49,-61,10,3926,9030,63,44,16,22546,54,37,1450,384,-3,516,1024,204,1024,0,-1,-1,-1,0x100048089C140205,1564,1498,1730,992,2012,1692,1499,1498,1500,1678,1193,1449,1500,1500,1500,1500,1500,1497,1117,1883,1500,1609,1500,2012,1500,1573,1500,1500,1520,1705,1498,988,8.3
2026-04-18,16:50:52.460,-58,-73,10,3927,800,63,44,16,17446,54,37,1450,1011,428,516,1024,204,1024,0,-1,-1,-1,0x100048049C140205,1761,1632,1730,988,2012,2005,1714,1500,1500,2011,1193,1449,1500,1500,1500,1500,1500,1500,1372,1628,1500,1609,1500,2012,1500,1773,1632,1500,1520,1705,1500,988,8.3
2026-04-18,16:50:52.960,-62,-56,10,3924,30400,63,44,16,16730,54,37,1452,-90,647,516,1024,204,1024,0,-1,-1,-1,0x100048019C140605,1489,1732,1730,988,2012,1455,1823,1500,1500,1468,1193,1449,1500,1500,1500,1500,1500,1500,1372,1628,1500,1609,1500,2012,1500,1872,1732,1500,1520,1705,1500,988,8.3
2026-04-18,16:50:53.460,-66,-55,10,3919,37030,63,44,16,15238,54,37,1456,-452,417,516,1024,204,1024,0,-1,-1,-1,0x100048009C140205,1418,1657,1730,988,2012,1274,1708,1500,1500,1282,1193,1449,1500,1500,1500,1500,1500,1500,1372,1628,1500,1609,1500,2012,1500,1806,1657,1500,1520,1705,1500,988,8.3
2026-04-18,16:50:53.960,-66,-60,10,3928,3920,63,44,16,6290,54,37,1458,-1024,162,516,1024,204,1024,0,-1,-1,-1,0x100048009C140205,1205,1560,1730,988,2012,988,1581,1500,1500,988,1193,1449,1500,1500,1500,1500,1500,1500,1372,1628,1500,1609,1500,2012,1500,1692,1560,1500,1520,1705,1500,988,8.3
2026-04-18,16:50:54.460,-66,-58,10,3928,4860,63,44,16,6448,55,37,1459,-613,233,516,1024,204,1024,0,-1,-1,-1,0x100048009C140205,1375,1568,1730,988,2012,1194,1616,1500,1500,1194,1193,1449,1500,1500,1500,1500,1500,1500,1372,1628,1500,1609,1500,2012,1500,1664,1568,1500,1520,1705,1500,988,8.3
2026-04-18,16:50:54.960,-66,-54,10,3927,9000,63,44,16,7790,55,37,1460,82,489,516,1024,203,1024,0,-1,-1,-1,0x100048009C140205,1517,1662,1730,988,2012,1541,1744,1500,1500,1550,1193,1449,1500,1500,1500,1500,1500,1500,1372,1628,1500,1609,1500,2012,1500,1803,1662,1500,1520,1705,1500,988,8.3
2026-04-18,16:50:55.460,-65,-59,10,3929,29390,63,44,16,13852,55,37,1462,317,391,516,1024,204,1024,0,-1,-1,-1,0x100048009C140205,1548,1664,1730,988,2012,1658,1695,1500,1500,1636,1193,1449,1500,1500,1500,1500,1500,1500,1372,1628,1500,1609,1500,2012,1500,1860,1664,1500,1520,1705,1500,988,8.3
2026-04-18,16:50:55.960,-65,-61,10,3935,1610,63,44,16,9028,55,37,1465,1024,285,516,1024,204,1024,0,-1,-1,-1,0x100048009C140205,1762,1584,1730,988,2012,2012,1642,1500,1500,2012,1193,1449,1500,1500,1500,1500,1500,1500,1372,1628,1500,1609,1500,2012,1500,1695,1584,1500,1520,1705,1500,988,8.3
2026-04-18,16:50:56.460,-65,-56,10,3932,18000,63,44,16,10818,55,37,1466,590,524,516,1024,204,1024,0,-1,-1,-1,0x100048009C140205,1613,1670,1730,988,2012,1795,1762,1500,1500,1789,1193,1449,1500,1500,1500,1500,1500,1500,1372,1628,1500,1609,1500,2012,1500,1819,1670,1500,1520,1705,1500,988,8.3
2026-04-18,16:50:56.960,-62,-64,10,3923,32300,63,44,16,14950,55,37,1469,373,806,516,1024,204,1024,0,-1,-1,-1,0x100048019C140205,1561,1819,1730,988,2012,1686,1903,1500,1500,1672,1193,1449,1500,1500,1500,1500,1500,1500,1372,1628,1500,1609,1500,2012,1500,1934,1819,1500,1520,1705,1500,988,8.3
2026-04-18,16:50:57.460,-66,-57,10,3913,11630,63,44,16,15090,55,37,1474,503,315,516,1024,204,1024,0,-1,-1,-1,0x100048049C140245,1594,1612,1730,988,2012,1751,1657,1500,1500,1751,1193,1449,1500,1500,1500,1500,1500,1500,1372,1628,1500,1609,1500,2012,1500,1734,1612,1500,1520,1705,1500,988,8.3
2026-04-18,16:50:57.960,-69,-59,10,3922,5040,63,44,16,8990,55,37,1475,670,277,516,1024,204,1024,0,-1,-1,-1,0x100048009C140205,1639,1581,1730,988,2012,1835,1638,1500,1500,1840,1193,1449,1500,1500,1500,1500,1500,1500,1372,1628,1500,1609,1500,2012,1500,1690,1581,1500,1520,1705,1500,988,8.3
2026-04-18,16:50:58.460,-69,-58,10,3916,16320,65,44,16,12896,55,37,1477,-34,564,516,1024,203,1024,0,-1,-1,-1,0x1000480098140205,1497,1686,1730,988,2012,1483,1782,1500,1500,1489,1193,1449,1500,1500,1500,1500,1500,1500,1372,1628,1500,1609,1500,2012,1500,1832,1686,1500,1520,1705,1500,988,8.3
2026-04-18,16:50:58.960,-55,-60,10,3913,22310,65,44,16,25726,55,37,1480,-2,904,516,1024,204,1024,0,-1,-1,-1,0x1000480598140245,1500,1882,1730,988,2012,1499,1952,1500,1500,1499,1193,1449,1500,1500,1500,1500,1500,1500,1372,1628,1500,1609,1500,2012,1500,1975,1882,1500,1520,1705,1500,988,8.3
2026-04-18,16:50:59.460,-57,-61,10,3903,71880,65,44,16,26528,55,37,1485,-2,1024,516,1024,204,1024,0,-1,-1,-1,0x1000480598142605,1500,2012,1730,988,2012,1499,2012,1500,1500,1499,1193,1449,1500,1500,1500,1500,1500,1500,1372,1628,1500,1609,1500,2012,1500,2012,2012,1500,1520,1705,1500,988,8.3
2026-04-18,16:50:59.960,-58,-53,10,3885,32440,65,44,16,31350,55,38,1493,-207,3,516,1024,204,1024,0,-1,-1,-1,0x100048049C140245,1466,1501,1730,988,2012,1397,1501,1500,1500,1402,1193,1449,1500,1500,1500,1500,1500,1500,1219,1781,1500,1609,1500,2012,1500,1823,1501,1500,1520,1705,1500,988,8.3
2026-04-18,16:51:00.460,-64,-50,10,3882,8050,65,44,16,21622,55,38,1495,-465,269,516,1024,203,1024,0,-1,-1,-1,0x100048049C140205,1409,1600,1730,988,2012,1268,1626,1500,1500,1262,1193,1449,1500,1500,1500,1500,1500,1500,1372,1628,1500,1609,1500,2012,1500,1725,1600,1500,1520,1705,1500,988,8.3
2026-04-18,16:51:00.960,-57,-56,10,3885,4060,65,44,16,17434,55,38,1496,5,298,516,1024,203,1024,0,-1,-1,-1,0x1000480498140245,1501,1589,1730,988,2012,1502,1649,1500,1500,1502,1193,1449,1500,1500,1500,1500,1500,1500,1372,1628,1500,1609,1500,2012,1500,1703,1589,1500,1520,1705,1500,988,8.3
2026-04-18,16:51:01.460,-67,-62,10,3897,6510,65,44,16,15946,55,38,1496,-112,271,516,1024,204,1024,0,-1,-1,-1,0x100048049C140205,1481,1578,1730,988,2012,1444,1635,1500,1500,1444,1193,1449,1500,1500,1500,1500,1500,1500,1372,1628,1500,1609,1500,2012,1500,1687,1578,1500,1520,1705,1500,988,8.3
2026-04-18,16:51:01.960,-69,-67,10,3916,800,65,44,16,16376,55,38,1497,-149,48,516,1024,204,1024,0,-1,-1,-1,0x100048049C140245,1474,1517,1661,988,2012,1426,1524,1500,1500,1425,1193,1449,1500,1500,1500,1500,1500,1500,988,2012,1500,1609,1500,2012,1500,1537,1517,1500,1520,1705,1500,988,8.3
2026-04-18,16:51:02.460,-62,-60,10,3934,0,65,44,16,954,55,38,1497,-1,3,516,1024,204,1024,0,-1,-1,-1,0x1000480098140205,1500,1501,1562,988,2012,1500,1501,1500,1500,1499,1193,1449,1500,1500,1500,1500,1500,1500,1372,2012,1500,1609,1500,2012,1500,1502,1501,1500,1520,1705,1500,988,8.3
2026-04-18,16:51:02.960,-62,-66,10,3936,2200,65,44,16,2624,55,38,1497,-1024,572,516,1024,204,1024,0,-1,-1,-1,0x100048009C140205,1205,1694,1632,988,2012,988,1786,1500,1500,988,1193,1449,1500,1500,1500,1500,1500,1500,1372,1628,1500,1609,1500,2012,1500,1840,1694,1500,1520,1705,1500,988,8.3
2026-04-18,16:51:03.460,-59,-66,10,3930,16780,65,44,16,6590,55,38,1499,-972,504,516,1024,204,1024,0,-1,-1,-1,0x100048009C140205,1235,1673,1730,988,2012,1014,1752,1500,1500,1014,1193,1449,1500,1500,1500,1500,1500,1500,1372,1628,1500,1609,1500,2012,1500,1816,1673,1500,1520,1705,1500,988,8.3
2026-04-18,16:51:03.960,-58,-64,10,3923,23640,65,44,16,13508,55,38,1503,-590,540,516,1024,204,1024,0,-1,-1,-1,0x100048019C140605,1369,1682,1730,988,2012,1205,1770,1500,1500,1182,1193,1449,1500,1500,1500,1500,1500,1500,1372,1628,1500,1609,1500,2012,1500,1827,1682,1500,1520,1705,1500,988,8.3
2026-04-18,16:51:04.460,-67,-74,10,3911,26550,65,44,16,24264,55,38,1506,-572,683,516,1024,204,1024,0,-1,-1,-1,0x100048059C140245,1393,1746,1730,988,2012,1214,1841,1500,1500,1228,1193,1449,1500,1500,1500,1500,1500,1500,1372,1628,1500,1609,1500,2012,1500,1886,1746,1500,1520,1705,1500,988,8.3
2026-04-18,16:51:04.960,-77,-73,10,3907,17620,65,44,16,16566,55,38,1509,-80,617,516,1024,204,1024,0,-1,-1,-1,0x100048049C140205,1491,1716,1730,988,2012,1460,1808,1500,1500,1473,1193,1449,1500,1500,1500,1500,1500,1500,1372,1628,1500,1609,1500,2012,1500,1859,1716,1500,1520,1705,1500,988,8.3
2026-04-18,16:51:05.460,-77,-75,10,3906,9030,65,44,16,16654,55,38,1511,-306,253,516,1024,204,1024,0,-1,-1,-1,0x100048049C140245,1445,1566,1730,988,2012,1347,1626,1500,1500,1347,1193,1449,1500,1500,1500,1500,1500,1500,1372,1628,1500,1609,1500,2012,1500,1667,1566,1500,1520,1705,1500,988,8.3
2026-04-18,16:51:05.960,-78,-70,10,3912,8540,65,44,16,14338,55,38,1511,3,253,516,1024,203,1024,0,-1,-1,-1,0x1000480498140205,1500,1586,1730,988,2012,1501,1626,1500,1500,1501,1193,1449,1500,1500,1500,1500,1500,1500,1372,1628,1500,1609,1500,2012,1500,1697,1586,1500,1520,1705,1500,988,8.3
2026-04-18,16:51:06.460,-75,-76,10,3922,2030,65,44,16,9988,55,38,1512,-979,-154,516,1024,204,1024,0,-1,-1,-1,0x100048009E100205,1260,1412,1730,1139,2012,1011,1423,1378,1500,1037,1193,1449,1500,1500,1500,1500,1500,1393,1305,2012,1500,1609,1500,988,1500,1355,1500,1500,1520,1705,1374,988,8.3
2026-04-18,16:51:06.960,-85,-88,10,3934,800,65,44,16,4870,55,38,1512,-1024,216,516,1024,204,1024,0,-1,-1,-1,0x100048009C141A85,1205,1561,1730,988,2012,988,1608,1500,1500,988,1193,1449,1500,1500,1500,1500,1500,1500,1372,1628,1500,1609,1500,2012,1500,1653,1561,1500,1520,1705,1500,988,8.3
2026-04-18,16:51:07.460,-83,-91,50,3941,7670,65,44,16,5046,55,38,1513,-1024,376,516,1024,203,1024,0,-1,-1,-1,0x100048009C140A85,1205,1618,1730,988,2012,988,1688,1500,1500,988,1193,1449,1500,1500,1500,1500,1500,1500,1372,1628,1500,1609,1500,2012,1500,1747,1618,1500,1520,1705,1500,988,8.3
2026-04-18,16:51:07.960,-80,-80,10,3939,17510,65,44,16,11380,55,38,1515,-156,490,516,1024,204,1024,0,-1,-1,-1,0x100048019C140E85,1470,1662,1730,988,2012,1422,1745,1500,1500,1415,1193,1449,1500,1500,1500,1500,1500,1500,1372,1628,1500,1609,1500,2012,1500,1803,1662,1500,1520,1705,1500,988,8.3
2026-04-18,16:51:08.460,-84,-92,10,3932,24340,65,44,16,15552,55,38,1517,-211,577,516,1024,204,1024,0,-1,-1,-1,0x100048009C140A85,1461,1691,1730,988,2012,1395,1788,1500,1500,1388,1193,1449,1500,1500,1500,1500,1500,1500,1372,1628,1500,1609,1500,2012,1500,1842,1691,1500,1520,1705,1500,988,8.3
2026-04-18,16:51:08.960,-83,-82,10,3926,25250,65,44,16,17108,54,38,1520,-175,31,516,1024,203,1024,0,-1,-1,-1,0x100048049C140205,1470,1516,1730,988,2012,1413,1515,1500,1500,1413,1193,1449,1500,1500,1500,1500,1500,1500,1321,1679,1500,1609,1500,2012,1500,1622,1516,1500,1520,1705,1500,988,8.3
2026-04-18,16:51:09.460,-80,-69,10,3921,12290,65,44,16,23354,54,39,1522,7,5,516,1024,203,1024,0,-1,-1,-1,0x1000480498140245,1501,1501,1730,988,2012,1503,1502,1500,1500,1503,1193,1449,1500,1500,1500,1500,1500,1500,1168,1832,1500,1609,1500,2012,1500,1512,1501,1500,1520,1705,1500,988,8.3
2026-04-18,16:51:09.960,-77,-79,10,3920,12750,65,44,16,14420,54,39,1523,1021,188,516,1024,204,1024,0,-1,-1,-1,0x100048049C140205,1761,1563,1730,988,2012,2010,1594,1500,1500,2010,1193,1449,1500,1500,1500,1500,1500,1500,1372,1628,1500,1609,1500,2012,1500,1649,1563,1500,1520,1705,1500,988,8.3
2026-04-18,16:51:10.460,-74,-76,10,3926,11730,65,44,16,6374,54,39,1524,153,356,516,1024,204,1024,0,-1,-1,-1,0x100048009C140205,1521,1601,1730,988,2012,1576,1678,1500,1500,1561,1193,1449,1500,1500,1500,1500,1500,1500,1372,1628,1500,1609,1500,2012,1500,1728,1601,1500,1520,1705,1500,988,8.3
2026-04-18,16:51:10.960,-76,-73,10,3930,13660,65,44,16,9386,54,39,1526,795,455,516,1024,204,1024,0,-1,-1,-1,0x100048009C140205,1678,1647,1730,988,2012,1897,1727,1500,1500,1910,1193,1449,1500,1500,1500,1500,1500,1500,1372,1628,1500,1609,1500,2012,1500,1786,1647,1500,1520,1705,1500,988,8.3
2026-04-18,16:51:11.460,-72,-84,10,3931,25780,65,44,16,14434,54,39,1529,429,636,516,1024,203,1024,0,-1,-1,-1,0x100048019C140605,1571,1727,1730,988,2012,1714,1818,1500,1500,1696,1193,1449,1500,1500,1500,1500,1500,1500,1372,1628,1500,1609,1500,2012,1500,1868,1727,1500,1520,1705,1500,988,8.3
2026-04-18,16:51:11.960,-80,-79,10,3917,31810,65,44,16,18442,54,39,1533,-151,943,516,1024,203,1024,0,-1,-1,-1,0x100048059C140245,1474,1894,1730,988,2012,1424,1971,1500,1500,1425,1193,1449,1500,1500,1500,1500,1500,1500,1372,1628,1500,1609,1500,2012,1500,1979,1894,1500,1520,1705,1500,988,8.3
2026-04-18,16:51:12.460,-79,-78,10,3899,19860,65,44,16,21000,54,39,1538,154,271,516,1024,204,1024,0,-1,-1,-1,0x100048049C140245,1526,1616,1730,988,2012,1577,1635,1500,1500,1576,1193,1449,1500,1500,1500,1500,1500,1500,1372,1628,1500,1609,1500,2012,1500,1881,1616,1500,1520,1705,1500,988,8.3
2026-04-18,16:51:12.960,-79,-80,10,3893,3500,65,44,16,15264,54,39,1540,795,245,516,1024,204,1024,0,-1,-1,-1,0x100048049C141A85,1670,1583,1730,988,2012,1897,1622,1500,1500,1897,1193,1449,1500,1500,1500,1500,1500,1500,1372,1628,1500,1609,1500,2012,1500,1698,1583,1500,1520,1705,1500,988,8.3
2026-04-18,16:51:13.460,-72,-67,10,3893,11350,65,44,16,14046,54,39,1541,695,176,516,1024,204,1024,0,-1,-1,-1,0x100048049C140AC5,1643,1546,1730,988,2012,1847,1588,1500,1500,1847,1193,1449,1500,1500,1500,1500,1500,1500,1372,1628,1500,1609,1500,2012,1500,1611,1546,1500,1520,1705,1500,988,8.3
2026-04-18,16:51:13.960,-70,-70,10,3900,9240,65,44,16,11744,54,39,1543,771,587,516,1024,204,1024,0,-1,-1,-1,0x100048049C140A85,1663,1707,1730,988,2012,1885,1793,1500,1500,1885,1193,1449,1500,1500,1500,1500,1500,1500,1372,1628,1500,1609,1500,2012,1500,1852,1707,1500,1520,1705,1500,988,8.3
2026-04-18,16:51:14.460,-71,-73,10,3909,29670,65,44,16,18300,55,39,1545,-319,640,516,1024,204,1024,0,-1,-1,-1,0x100048059C140EC5,1442,1729,1730,988,2012,1341,1820,1500,1500,1340,1193,1449,1500,1500,1500,1500,1500,1500,1372,1628,1500,1609,1500,2012,1500,1869,1729,1500,1520,1705,1500,988,8.3
2026-04-18,16:51:14.960,-76,-75,10,3911,23220,66,44,16,17602,55,39,1549,474,556,516,1024,204,1024,0,-1,-1,-1,0x100048059C140E85,1588,1683,1730,988,2012,1737,1778,1500,1500,1737,1193,1449,1500,1500,1500,1500,1500,1500,1372,1628,1500,1609,1500,2012,1500,1828,1683,1500,1520,1705,1500,988,8.3
2026-04-18,16:51:15.460,-75,-74,10,3907,16390,66,44,16,16480,55,39,1551,346,510,516,1024,204,1024,0,-1,-1,-1,0x100048049C140245,1564,1670,1730,988,2012,1673,1755,1500,1500,1678,1193,1449,1500,1500,1500,1500,1500,1500,1372,1628,1500,1609,1500,2012,1500,1813,1670,1500,1520,1705,1500,988,8.3
2026-04-18,16:51:15.960,-78,-77,10,3901,23920,66,44,16,26472,55,39,1554,-131,131,516,1024,204,1024,0,-1,-1,-1,0x100048049C140205,1475,1545,1730,988,2012,1435,1565,1500,1500,1429,1193,1449,1500,1500,1500,1500,1500,1500,1372,1628,1500,1609,1500,2012,1500,1796,1545,1500,1520,1705,1500,988,8.3
2026-04-18,16:51:16.460,-74,-81,10,3901,2240,66,44,16,14760,55,39,1555,0,187,516,1024,204,1024,0,-1,-1,-1,0x1000480498140245,1500,1554,1730,988,2012,1500,1593,1500,1500,1500,1193,1449,1500,1500,1500,1500,1500,1500,1372,1628,1500,1609,1500,2012,1500,1634,1554,1500,1520,1705,1500,988,8.3
2026-04-18,16:51:16.960,-81,-74,10,3904,870,66,44,16,13220,55,40,1555,975,-539,516,1024,203,1024,0,-1,-1,-1,0x100048049E1C0205,1728,1265,1730,1355,2012,1987,1231,1174,1500,1975,1193,1449,1500,1500,1500,1500,1500,1174,988,2012,1500,1609,1500,2012,1500,1228,1500,1500,1520,1705,1174,988,8.3
2026-04-18,16:51:17.460,-67,-71,10,3919,0,66,44,16,5328,55,40,1555,329,88,516,1024,204,1024,0,-1,-1,-1,0x100048009C140205,1555,1532,1730,988,2012,1673,1543,1500,1500,1655,1193,1449,1500,1500,1500,1500,1500,1500,1372,1628,1500,1609,1500,2012,1500,1567,1532,1500,1520,1705,1500,988,8.3
2026-04-18,16:51:17.960,-69,-69,10,3925,15760,66,44,16,8054,55,40,1556,138,550,516,1024,204,1024,0,-1,-1,-1,0x100048009C140205,1521,1691,1730,988,2012,1569,1775,1500,1500,1561,1193,1449,1500,1500,1500,1500,1500,1500,1372,1628,1500,1609,1500,2012,1500,1837,1691,1500,1520,1705,1500,988,8.3
2026-04-18,16:51:18.460,-75,-75,10,3927,3880,66,44,16,10662,55,40,1559,-1024,311,516,1024,204,1024,0,-1,-1,-1,0x100048009C140205,1205,1588,1730,988,2012,988,1655,1500,1500,988,1193,1449,1500,1500,1500,1500,1500,1500,1372,1628,1500,1609,1500,2012,1500,1702,1588,1500,1520,1705,1500,988,8.3
2026-04-18,16:51:18.960,-78,-69,10,3926,15510,66,44,16,10382,54,40,1560,-169,573,516,1024,204,1024,0,-1,-1,-1,0x100048009C140205,1481,1689,1730,988,2012,1416,1786,1500,1500,1444,1193,1449,1500,1500,1500,1500,1500,1500,1372,1628,1500,1609,1500,2012,1500,1835,1689,1500,1520,1705,1500,988,8.3
2026-04-18,16:51:19.460,-78,-69,10,3922,11630,66,44,16,10620,54,40,1562,-873,461,516,1024,204,1024,0,-1,-1,-1,0x100048009C140205,1267,1645,1730,988,2012,1064,1730,1500,1500,1043,1193,1449,1500,1500,1500,1500,1500,1500,1372,1628,1500,1609,1500,2012,1500,1783,1645,1500,1520,1705,1500,988,8.3
2026-04-18,16:51:19.960,-70,-63,10,3916,25500,66,44,16,14576,54,40,1564,548,-362,516,1024,204,1024,0,-1,-1,-1,0x100048009E1C0205,1592,1312,1730,1304,2012,1774,1319,1239,1500,1745,1193,1449,1500,1500,1500,1500,1500,1239,1009,2012,1500,1609,1500,2012,1500,1270,1500,1500,1520,1705,1239,988,8.3
2026-04-18,16:51:20.460,-63,-64,10,3921,3150,66,44,16,4708,54,40,1566,1024,321,516,1024,204,1024,0,-1,-1,-1,0x100048009C140205,1762,1592,1730,988,2012,2012,1660,1500,1500,2012,1193,1449,1500,1500,1500,1500,1500,1500,1372,1628,1500,1609,1500,2012,1500,1708,1592,1500,1520,1705,1500,988,8.3
2026-04-18,16:51:20.960,-65,-68,10,3921,14250,66,44,16,7062,54,40,1567,-164,527,516,1024,204,1024,0,-1,-1,-1,0x100048009C140205,1472,1676,1730,988,2012,1418,1763,1500,1500,1418,1193,1449,1500,1500,1500,1500,1500,1500,1372,1628,1500,1609,1500,2012,1500,1820,1676,1500,1520,1705,1500,988,8.3
2026-04-18,16:51:21.460,-72,-67,10,3920,12680,65,44,16,12326,54,40,1569,-526,238,516,1024,204,1024,0,-1,-1,-1,0x100048089C140205,1394,1563,1730,988,2012,1237,1619,1500,1500,1231,1193,1449,1500,1500,1500,1500,1500,1500,1372,1628,1500,1609,1500,2012,1500,1657,1563,1500,1520,1705,1500,988,8.3
2026-04-18,16:51:21.960,-72,-56,10,3919,11730,65,44,16,13310,54,40,1571,-367,470,516,1024,204,1024,0,-1,-1,-1,0x100048049C140245,1437,1658,1730,988,2012,1317,1735,1500,1500,1326,1193,1449,1500,1500,1500,1500,1500,1500,1372,1628,1500,1609,1500,2012,1500,1794,1658,1500,1520,1705,1500,988,8.3
2026-04-18,16:51:22.460,-61,-55,10,3923,3290,65,44,16,10230,54,40,1572,-239,496,516,1024,203,1024,0,-1,-1,-1,0x100048009C140205,1458,1684,1730,988,2012,1381,1748,1500,1500,1380,1193,1449,1500,1500,1500,1500,1500,1500,1372,1628,1500,1609,1500,2012,1500,1829,1684,1500,1520,1705,1500,988,8.3
2026-04-18,16:51:22.960,-56,-49,10,3923,2940,65,44,16,11832,54,40,1573,-252,270,516,1024,204,1024,0,-1,-1,-1,0x100048009C140205,1461,1583,1730,988,2012,1374,1635,1500,1500,1388,1193,1449,1500,1500,1500,1500,1500,1500,1372,1628,1500,1609,1500,2012,1500,1693,1583,1500,1520,1705,1500,988,8.3
2026-04-18,16:51:23.460,-46,-50,10,3927,11870,66,44,16,10104,54,40,1574,-1024,388,516,1024,204,1024,0,-1,-1,-1,0x100048009C140205,1205,1609,1730,988,2012,988,1694,1500,1500,988,1193,1449,1500,1500,1500,1500,1500,1500,1372,1628,1500,1609,1500,2012,1500,1740,1609,1500,1520,1705,1500,988,8.3
2026-04-18,16:51:23.960,-52,-51,10,3931,3570,66,44,16,6908,54,40,1575,-776,449,516,1024,204,1024,0,-1,-1,-1,0x100048009C140205,1320,1646,1730,988,2012,1112,1724,1500,1500,1105,1193,1449,1500,1500,1500,1500,1500,1500,1372,1628,1500,1609,1500,2012,1500,1784,1646,1500,1520,1705,1500,988,8.3
2026-04-18,16:51:24.460,-69,-66,10,3933,9310,66,44,16,7912,54,40,1576,-849,301,516,1024,204,1024,0,-1,-1,-1,0x100048009C140205,1283,1590,1730,988,2012,1076,1650,1500,1500,1059,1193,1449,1500,1500,1500,1500,1500,1500,1372,1628,1500,1609,1500,2012,1500,1704,1590,1500,1520,1705,1500,988,8.3
2026-04-18,16:51:24.960,-69,-64,10,3931,14220,66,44,16,10082,54,40,1578,-551,610,516,1024,204,1024,0,-1,-1,-1,0x100048009C140205,1403,1718,1730,988,2012,1225,1805,1500,1500,1248,1193,1449,1500,1500,1500,1500,1500,1500,1372,1628,1500,1609,1500,2012,1500,1861,1718,1500,1520,1705,1500,988,8.3
2026-04-18,16:51:25.460,-71,-60,10,3927,9100,66,44,16,10520,54,40,1580,1024,259,516,1024,204,1024,0,-1,-1,-1,0x100048029C100205,1762,1574,1730,988,2012,2012,1629,1500,1500,2012,1193,1449,1500,1500,1500,1500,1500,1500,1372,1628,1500,1609,1500,2012,1500,1680,1574,1500,1520,1705,1500,988,8.3
2026-04-18,16:51:25.960,-71,-55,10,3924,20940,66,44,16,11728,54,40,1582,1024,302,516,1024,203,1024,0,-1,-1,-1,0x100048009C140205,1762,1602,1730,988,2012,2012,1651,1500,1500,2012,1193,1449,1500,1500,1500,1500,1500,1500,1372,1628,1500,1609,1500,2012,1500,1722,1602,1500,1520,1705,1500,988,8.3
2026-04-18,16:51:26.460,-71,-54,10,3919,16110,66,44,16,10514,54,40,1584,400,475,516,1024,203,1024,0,-1,-1,-1,0x100048089C140205,1570,1661,1730,988,2012,1700,1737,1500,1500,1693,1193,1449,1500,1500,1500,1500,1500,1500,1372,1628,1500,1609,1500,2012,1500,1802,1661,1500,1520,1705,1500,988,8.3
2026-04-18,16:51:26.960,-52,-57,10,3908,40040,66,44,16,16032,54,40,1587,3,2,516,1024,204,1024,0,-1,-1,-1,0x1000480898140205,1500,1501,1730,988,2012,1501,1501,1500,1500,1501,1193,1449,1500,1500,1500,1500,1500,1500,1270,1730,1500,1609,1500,2012,1500,1700,1501,1500,1520,1705,1500,988,8.3
2026-04-18,16:51:27.460,-51,-57,10,3911,0,66,44,16,18558,54,40,1591,263,1,516,1024,204,1024,0,-1,-1,-1,0x100048049C140245,1546,1500,1730,988,2012,1631,1500,1500,1500,1631,1193,1449,1500,1500,1500,1500,1500,1500,1366,2012,1500,1609,1500,2012,1500,1501,1500,1500,1520,1705,1500,988,8.3
2026-04-18,16:51:27.960,-70,-73,10,3911,7320,66,44,16,10044,54,40,1591,1024,40,516,1024,203,1024,0,-1,-1,-1,0x100048009C140205,1762,1510,1730,988,2012,2012,1520,1500,1500,2012,1193,1449,1500,1500,1500,1500,1500,1500,1029,2012,1500,1609,1500,2012,1500,1522,1510,1500,1520,1705,1500,988,8.3
2026-04-18,16:51:28.460,-57,-73,10,3913,16290,66,44,16,12242,54,41,1592,1024,444,516,1024,204,1024,0,-1,-1,-1,0x100048009C140205,1762,1637,1730,988,2012,2012,1722,1500,1500,2012,1193,1449,1500,1500,1500,1500,1500,1500,1372,1628,1500,1609,1500,2012,1500,1774,1637,1500,1520,1705,1500,988,8.3
2026-04-18,16:51:28.960,-73,-72,10,3911,25150,66,44,16,19008,54,41,1595,-992,-53,516,1024,204,1024,0,-1,-1,-1,0x100048009C140205,1245,1476,1730,1030,2012,1004,1474,1466,1500,1023,1193,1449,1500,1500,1500,1500,1500,1466,1117,1883,1500,1609,1500,2012,1500,1526,1500,1500,1520,1705,1466,988,8.3
2026-04-18,16:51:29.460,-70,-56,10,3920,7950,66,44,16,7070,54,41,1597,-1024,284,516,1024,204,1024,0,-1,-1,-1,0x100048009C140205,1205,1606,1730,988,2012,988,1642,1500,1500,988,1193,1449,1500,1500,1500,1500,1500,1500,1372,1628,1500,1609,1500,2012,1500,1757,1606,1500,1520,1705,1500,988,8.3
2026-04-18,16:51:29.960,-70,-55,10,3916,11310,66,44,16,8162,54,41,1599,-736,339,516,1024,204,1024,0,-1,-1,-1,0x100048009C140205,1363,1619,1730,988,2012,1132,1669,1500,1500,1171,1193,1449,1500,1500,1500,1500,1500,1500,1372,1628,1500,1609,1500,2012,1500,1767,1619,1500,1520,1705,1500,988,8.3
2026-04-18,16:51:30.460,-51,-57,10,3914,10120,66,44,16,6300,54,41,1600,-655,356,516,1024,204,1024,0,-1,-1,-1,0x100048009C140205,1359,1610,1730,988,2012,1173,1678,1500,1500,1164,1193,1449,1500,1500,1500,1500,1500,1500,1372,1628,1500,1609,1500,2012,1500,1735,1610,1500,1520,1705,1500,988,8.3
2026-04-18,16:51:30.960,-61,-71,10,3912,16320,66,44,16,12070,54,41,1603,-478,498,516,1024,204,1024,0,-1,-1,-1,0x100048009C140205,1400,1665,1730,988,2012,1261,1749,1500,1500,1243,1193,1449,1500,1500,1500,1500,1500,1500,1372,1628,1500,1609,1500,2012,1500,1807,1665,1500,1520,1705,1500,988,8.3
2026-04-18,16:51:31.460,-68,-67,10,3914,13100,66,44,16,11026,54,41,1605,715,149,516,1024,203,1024,0,-1,-1,-1,0x100048049C100245,1656,1537,1730,988,2012,1857,1574,1500,1500,1873,1193,1449,1500,1500,1500,1500,1500,1500,1372,1628,1500,1609,1500,988,1500,1592,1537,1500,1520,1705,1500,988,8.3
2026-04-18,16:51:31.960,-51,-67,10,3910,26590,66,44,16,14662,54,41,1608,1023,362,516,1024,203,1024,0,-1,-1,-1,0x100048009C140205,1762,1618,1730,988,2012,2011,1681,1500,1500,2011,1193,1449,1500,1500,1500,1500,1500,1500,1372,1628,1500,1609,1500,2012,1500,1749,1618,1500,1520,1705,1500,988,8.3
2026-04-18,16:51:32.460,-57,-56,10,3903,32300,66,44,16,16042,55,41,1611,577,631,516,1024,204,1024,0,-1,-1,-1,0x100048019C140605,1612,1725,1730,988,2012,1788,1815,1500,1500,1788,1193,1449,1500,1500,1500,1500,1500,1500,1372,1628,1500,1609,1500,2012,1500,1866,1725,1500,1520,1705,1500,988,8.3
2026-04-18,16:51:32.960,-57,-55,10,3891,12680,66,44,16,15932,55,41,1615,192,468,516,1024,204,1024,0,-1,-1,-1,0x100048009C140205,1531,1653,1730,988,2012,1596,1734,1500,1500,1590,1193,1449,1500,1500,1500,1500,1500,1500,1372,1628,1500,1609,1500,2012,1500,1793,1653,1500,1520,1705,1500,988,8.3
2026-04-18,16:51:33.460,-57,-58,10,3894,8580,66,44,16,10792,55,41,1617,1004,378,516,1024,203,1024,0,-1,-1,-1,0x100048009C140205,1748,1610,1730,988,2012,2002,1689,1500,1500,1997,1193,1449,1500,1500,1500,1500,1500,1500,1372,1628,1500,1609,1500,2012,1500,1741,1610,1500,1520,1705,1500,988,8.3
2026-04-18,16:51:33.960,-57,-60,10,3892,25460,66,44,16,15272,55,41,1619,-2,886,516,1024,203,1024,0,-1,-1,-1,0x1000480198140605,1499,1857,1730,988,2012,1499,1943,1500,1500,1494,1193,1449,1500,1500,1500,1500,1500,1500,1372,1628,1500,1609,1500,2012,1500,1963,1857,1500,1520,1705,1500,988,8.3
2026-04-18,16:51:34.460,-61,-73,10,3879,50550,66,44,16,29764,55,41,1624,53,707,516,1024,204,1024,0,-1,-1,-1,0x100048059C140245,1509,1758,1730,988,2012,1526,1853,1500,1500,1527,1193,1449,1500,1500,1500,1500,1500,1500,1372,1628,1500,1609,1500,2012,1500,1896,1758,1500,1520,1705,1500,988,8.3
2026-04-18,16:51:34.960,-55,-73,10,3879,29630,66,44,16,26150,55,41,1628,-111,956,516,1024,203,1024,0,-1,-1,-1,0x100048059C140645,1481,1925,1730,988,2012,1445,1978,1500,1500,1445,1193,1449,1500,1500,1500,1500,1500,1500,1372,1628,1500,1609,1500,2012,1500,1988,1925,1500,1520,1705,1500,988,8.3
2026-04-18,16:51:35.460,-55,-55,10,3861,62320,66,44,16,30028,55,41,1636,-343,1024,516,1024,204,1024,0,-1,-1,-1,0x100048059C142205,1440,2012,1730,988,2012,1329,2012,1500,1500,1335,1193,1449,1500,1500,1500,1500,1500,1500,1372,1628,1500,1609,1500,2012,1500,2012,2012,1500,1520,1705,1500,988,8.3
2026-04-18,16:51:35.960,-55,-57,10,3852,3780,66,44,16,19756,55,41,1639,-395,289,516,1024,204,1024,0,-1,-1,-1,0x100048049C140245,1422,1603,1730,988,2012,1303,1644,1500,1500,1291,1193,1449,1500,1500,1500,1500,1500,1500,1372,1628,1500,1609,1500,2012,1500,1739,1603,1500,1520,1705,1500,988,8.3
2026-04-18,16:51:36.460,-61,-58,10,3861,4370,66,44,16,17772,55,42,1640,-3,218,516,1024,204,1024,0,-1,-1,-1,0x1000480498140205,1500,1562,1730,988,2012,1499,1608,1500,1500,1499,1193,1449,1500,1500,1500,1500,1500,1500,1372,1628,1500,1609,1500,2012,1500,1655,1562,1500,1520,1705,1500,988,8.3
2026-04-18,16:51:36.960,-66,-81,10,3876,1470,66,44,16,15364,55,42,1640,-6,162,516,1024,204,1024,0,-1,-1,-1,0x1000480498140245,1500,1551,1730,988,2012,1497,1580,1500,1500,1497,1193,1449,1500,1500,1500,1500,1500,1500,1372,1628,1500,1609,1500,2012,1500,1619,1551,1500,1520,1705,1500,988,8.3
2026-04-18,16:51:37.460,-75,-57,10,3895,6620,66,44,16,13106,55,42,1640,880,2,516,1024,204,1024,0,-1,-1,-1,0x100048049C140205,1699,1500,1730,988,2012,1940,1501,1500,1500,1940,1193,1449,1500,1500,1500,1500,1500,1500,1168,1832,1500,1609,1500,2012,1500,1501,1500,1500,1520,1705,1500,988,8.3
2026-04-18,16:51:37.960,-60,-64,10,3920,16460,66,44,16,16656,55,42,1642,-194,845,516,1024,204,1024,0,-1,-1,-1,0x100048049C140245,1470,1840,1730,988,2012,1394,1922,1500,1500,1414,1193,1449,1500,1500,1500,1500,1500,1500,1372,1628,1500,1609,1500,2012,1500,1948,1840,1500,1520,1705,1500,988,8.3
2026-04-18,16:51:38.460,-77,-70,10,3907,22520,66,44,16,25572,55,42,1646,-790,744,516,1024,204,1024,0,-1,-1,-1,0x100048059C140205,1320,1800,1730,988,2012,1105,1865,1500,1500,1105,1193,1449,1500,1500,1500,1500,1500,1500,1372,1628,1500,1609,1500,2012,1500,1921,1800,1500,1520,1705,1500,988,8.3
2026-04-18,16:51:38.960,-80,-71,10,3903,21580,66,44,16,16986,55,42,1649,-601,596,516,1024,203,1024,0,-1,-1,-1,0x100048049C140245,1375,1685,1730,988,2012,1200,1798,1500,1500,1193,1193,1449,1500,1500,1500,1500,1500,1500,1372,1628,1500,1609,1500,2012,1500,1839,1685,1500,1520,1705,1500,988,8.3
2026-04-18,16:51:39.460,-80,-79,10,3892,7950,66,44,16,14858,55,42,1651,-240,119,516,1024,204,1024,0,-1,-1,-1,0x100048049C140205,1451,1539,1730,988,2012,1380,1559,1500,1500,1364,1193,1449,1500,1500,1500,1500,1500,1500,1372,1628,1500,1609,1500,2012,1500,1632,1539,1500,1520,1705,1500,988,8.3
2026-04-18,16:51:39.960,-74,-76,25,3889,5210,68,44,16,16042,55,42,1652,-266,-1002,516,1024,204,1024,0,-1,-1,-1,0x100048049E1C0245,1453,1186,1730,1439,2012,1367,994,1500,1065,1368,1193,1449,1500,1500,1500,1500,1500,1065,1080,2012,1500,1609,1500,2012,1500,1163,1500,1500,1520,1705,1065,988,8.3
2026-04-18,16:51:40.460,-82,-75,10,3897,0,68,44,16,3522,55,42,1653,-1024,53,516,1024,203,1024,0,-1,-1,-1,0x100048009C140205,1205,1524,1730,988,2012,988,1526,1500,1500,988,1193,1449,1500,1500,1500,1500,1500,1500,1372,1628,1500,1609,1500,2012,1500,1541,1524,1500,1520,1705,1500,988,8.3
2026-04-18,16:51:40.960,-94,-81,10,3910,9420,68,44,16,6684,55,42,1653,-1024,384,516,1024,203,1024,0,-1,-1,-1,0x100048009C141A85,1205,1626,1730,988,2012,988,1692,1500,1500,988,1193,1449,1500,1500,1500,1500,1500,1500,1372,1628,1500,1609,1500,2012,1500,1757,1626,1500,1520,1705,1500,988,8.3
2026-04-18,16:51:41.460,-76,-79,10,3916,10610,66,44,16,9106,55,42,1655,-583,491,516,1024,204,1024,0,-1,-1,-1,0x100048009C140A85,1383,1656,1730,988,2012,1209,1746,1500,1500,1209,1193,1449,1500,1500,1500,1500,1500,1500,1372,1628,1500,1609,1500,2012,1500,1798,1656,1500,1520,1705,1500,988,8.3
2026-04-18,16:51:41.960,-83,-79,10,3911,19890,66,44,16,13208,55,42,1657,-62,508,516,1024,204,1024,0,-1,-1,-1,0x100048019C140E85,1487,1669,1730,988,2012,1475,1753,1500,1500,1461,1193,1449,1500,1500,1500,1500,1500,1500,1372,1628,1500,1609,1500,2012,1500,1812,1669,1500,1520,1705,1500,988,8.3
2026-04-18,16:51:42.460,-88,-79,10,3907,10120,66,44,16,11414,55,42,1659,52,516,516,1024,204,1024,0,-1,-1,-1,0x100048009C140205,1509,1666,1730,988,2012,1526,1758,1500,1500,1526,1193,1449,1500,1500,1500,1500,1500,1500,1372,1628,1500,1609,1500,2012,1500,1809,1666,1500,1520,1705,1500,988,8.3
2026-04-18,16:51:42.960,-83,-74,10,3901,14640,66,44,16,19698,54,42,1662,1,3,516,1024,203,1024,0,-1,-1,-1,0x1000480098140205,1500,1501,1730,988,2012,1500,1501,1500,1500,1500,1193,1449,1500,1500,1500,1500,1500,1500,988,2012,1500,1609,1500,2012,1500,1502,1501,1500,1520,1705,1500,988,8.3
2026-04-18,16:51:43.460,-77,-67,10,3903,2800,66,44,16,16654,54,42,1663,21,155,516,1024,203,1024,0,-1,-1,-1,0x1000480498140205,1503,1547,1730,988,2012,1510,1577,1500,1500,1510,1193,1449,1500,1500,1500,1500,1500,1500,1372,1628,1500,1609,1500,2012,1500,1614,1547,1500,1520,1705,1500,988,8.3
2026-04-18,16:51:43.960,-77,-69,10,3908,6720,66,44,16,7666,54,42,1663,1024,-216,516,1024,204,1024,0,-1,-1,-1,0x100048009E1C0205,1762,1375,1730,1202,2012,2012,1392,1327,1500,2012,1193,1449,1500,1500,1500,1500,1500,1327,988,2012,1500,1609,1500,988,1500,1377,1500,1500,1520,1705,1327,988,8.3
2026-04-18,16:51:44.460,-73,-72,10,3912,11170,66,44,16,7266,55,42,1664,597,453,516,1024,203,1024,0,-1,-1,-1,0x100048009C140205,1607,1637,1730,988,2012,1798,1726,1500,1500,1778,1193,1449,1500,1500,1500,1500,1500,1500,1372,1628,1500,1609,1500,2012,1500,1779,1637,1500,1520,1705,1500,988,8.3
2026-04-18,16:51:44.960,-73,-68,10,3918,2060,66,44,16,7200,55,42,1666,327,178,516,1024,203,1024,0,-1,-1,-1,0x100048009C140205,1556,1553,1730,988,2012,1663,1589,1500,1500,1657,1193,1449,1500,1500,1500,1500,1500,1500,1372,1628,1500,1609,1500,2012,1500,1629,1553,1500,1520,1705,1500,988,8.3
2026-04-18,16:51:45.460,-81,-91,10,3917,29350,66,44,16,13352,55,42,1668,514,629,516,1024,204,1024,0,-1,-1,-1,0x100048019C140605,1597,1723,1730,988,2012,1757,1814,1500,1500,1757,1193,1449,1500,1500,1500,1500,1500,1500,1372,1628,1500,1609,1500,2012,1500,1865,1723,1500,1520,1705,1500,988,8.3
2026-04-18,16:51:45.960,-77,-91,10,3902,40420,66,44,16,20502,54,43,1672,567,626,516,1024,204,1024,0,-1,-1,-1,0x100048019C140205,1610,1721,1730,988,2012,1783,1818,1500,1500,1784,1193,1449,1500,1500,1500,1500,1500,1500,1372,1628,1500,1609,1500,2012,1500,1864,1721,1500,1520,1705,1500,988,8.3
2026-04-18,16:51:46.460,-77,-77,10,3885,41750,66,44,16,22694,54,43,1677,363,319,516,1024,204,1024,0,-1,-1,-1,0x100048049C140245,1565,1597,1730,988,2012,1681,1660,1500,1500,1682,1193,1449,1500,1500,1500,1500,1500,1500,1372,1628,1500,1609,1500,2012,1500,1786,1597,1500,1520,1705,1500,988,8.3
2026-04-18,16:51:46.960,-77,-63,250,3879,8930,66,44,16,17796,54,43,1680,693,332,516,1024,203,1024,0,-1,-1,-1,0x100048049C140205,1642,1605,1730,988,2012,1847,1665,1500,1500,1846,1193,1449,1500,1500,1500,1500,1500,1500,1372,1628,1500,1609,1500,2012,1500,1722,1605,1500,1520,1705,1500,988,8.3
2026-04-18,16:51:47.460,-71,-67,10,3876,6620,66,44,16,14056,54,43,1681,821,411,516,1024,204,1024,0,-1,-1,-1,0x100048049C141AC5,1679,1630,1730,988,2012,1910,1705,1500,1500,1911,1193,1449,1500,1500,1500,1500,1500,1500,1372,1628,1500,1609,1500,2012,1500,1764,1630,1500,1520,1705,1500,988,8.3
2026-04-18,16:51:47.960,-71,-86,10,3880,12260,68,44,16,14004,55,43,1683,886,451,516,1024,204,1024,0,-1,-1,-1,0x100048049C140A85,1697,1646,1730,988,2012,1943,1725,1500,1500,1937,1193,1449,1500,1500,1500,1500,1500,1500,1372,1628,1500,1609,1500,2012,1500,1784,1646,1500,1520,1705,1500,988,8.3
2026-04-18,16:51:48.460,-70,-72,10,3889,21090,68,44,16,14510,55,43,1685,757,588,516,1024,204,1024,0,-1,-1,-1,0x100048059C140EC5,1660,1701,1730,988,2012,1878,1794,1500,1500,1879,1193,1449,1500,1500,1500,1500,1500,1500,1372,1628,1500,1609,1500,2012,1500,1847,1701,1500,1520,1705,1500,988,8.3
2026-04-18,16:51:48.960,-86,-80,10,3892,31910,68,44,16,18268,55,43,1688,179,793,516,1024,204,1024,0,-1,-1,-1,0x100048059C140A85,1532,1811,1730,988,2012,1589,1896,1500,1500,1594,1193,1449,1500,1500,1500,1500,1500,1500,1372,1628,1500,1609,1500,2012,1500,1929,1811,1500,1520,1705,1500,988,8.3
2026-04-18,16:51:49.460,-79,-84,50,3876,58330,68,44,16,26196,55,43,1694,-45,1024,516,1024,204,1024,0,-1,-1,-1,0x1000480598142645,1493,2012,1730,988,2012,1478,2012,1500,1500,1478,1193,1449,1500,1500,1500,1500,1500,1500,1372,1628,1500,1609,1500,2012,1500,2012,2012,1500,1520,1705,1500,988,8.3
2026-04-18,16:51:49.960,-78,-89,10,3865,6790,68,44,16,19726,55,43,1698,1,284,516,1024,203,1024,0,-1,-1,-1,0x1000480498140205,1500,1606,1730,988,2012,1500,1642,1500,1500,1500,1193,1449,1500,1500,1500,1500,1500,1500,1372,1628,1500,1609,1500,2012,1500,1770,1606,1500,1520,1705,1500,988,8.3
2026-04-18,16:51:50.460,-87,-73,10,3866,6550,68,44,16,18292,55,43,1700,571,-163,516,1024,204,1024,0,-1,-1,-1,0x100048049E1C0245,1607,1386,1730,1183,2012,1785,1419,1343,1500,1778,1193,1449,1500,1500,1500,1500,1500,1342,1111,2012,1500,1609,1500,2012,1500,1340,1500,1500,1520,1705,1343,988,8.3
2026-04-18,16:51:50.960,-86,-80,10,3873,7530,68,44,16,13434,55,43,1700,1024,396,516,1024,204,1024,0,-1,-1,-1,0x100048009C140205,1762,1635,1730,988,2012,2012,1698,1500,1500,2012,1193,1449,1500,1500,1500,1500,1500,1500,1372,1628,1500,1609,1500,2012,1500,1764,1635,1500,1520,1705,1500,988,8.3
2026-04-18,16:51:51.460,-84,-75,10,3881,21720,68,44,16,13610,55,43,1702,-675,-178,516,1024,204,1024,0,-1,-1,-1,0x100048049E1C0245,1358,1406,1730,1150,2012,1163,1399,1355,1500,1163,1193,1449,1500,1500,1500,1500,1500,1355,1065,1935,1500,1609,1500,2012,1500,1594,1500,1500,1520,1705,1355,988,8.3
2026-04-18,16:51:51.960,-78,-67,10,3902,2760,68,44,16,5926,55,43,1704,-1024,186,516,1024,204,1024,0,-1,-1,-1,0x100048009C140205,1205,1550,1730,988,2012,988,1599,1500,1500,988,1193,1449,1500,1500,1500,1500,1500,1500,1372,1628,1500,1609,1500,2012,1500,1622,1550,1500,1520,1705,1500,988,8.3
2026-04-18,16:51:52.460,-64,-61,10,3901,20730,68,44,16,11076,55,43,1705,-1024,482,516,1024,204,1024,0,-1,-1,-1,0x100048019C140605,1205,1658,1730,988,2012,988,1741,1500,1500,988,1193,1449,1500,1500,1500,1500,1500,1500,1372,1628,1500,1609,1500,2012,1500,1799,1658,1500,1520,1705,1500,988,8.3
2026-04-18,16:51:52.960,-68,-64,10,3893,34430,68,44,16,20202,55,43,1708,690,0,516,1024,204,1024,0,-1,-1,-1,0x100048009C140205,1641,1500,1730,988,2012,1845,1500,1500,1500,1845,1193,1449,1500,1500,1500,1500,1500,1500,1168,1832,1500,1609,1500,2012,1500,1748,1500,1500,1520,1705,1500,988,8.3
2026-04-18,16:51:53.460,-65,-75,10,3889,2760,68,44,16,6694,55,43,1711,426,524,516,1024,204,1024,0,-1,-1,-1,0x100048009C140205,1578,1675,1730,988,2012,1719,1762,1500,1500,1712,1193,1449,1500,1500,1500,1500,1500,1500,1372,1628,1500,1609,1500,2012,1500,1819,1675,1500,1520,1705,1500,988,8.3
2026-04-18,16:51:53.960,-66,-65,10,3890,12260,68,44,16,9608,55,44,1712,382,463,516,1024,204,1024,0,-1,-1,-1,0x100048009C140205,1572,1651,1730,988,2012,1691,1731,1500,1500,1699,1193,1449,1500,1500,1500,1500,1500,1500,1372,1628,1500,1609,1500,2012,1500,1790,1651,1500,1520,1705,1500,988,8.3
2026-04-18,16:51:54.460,-67,-67,10,3883,21050,68,44,16,14514,55,44,1715,-887,525,516,1024,204,1024,0,-1,-1,-1,0x100048009C140205,1285,1683,1730,988,2012,1056,1762,1500,1500,1062,1193,1449,1500,1500,1500,1500,1500,1500,1372,1628,1500,1609,1500,2012,1500,1828,1683,1500,1520,1705,1500,988,8.3
2026-04-18,16:51:54.960,-67,-57,10,3884,11520,68,44,16,13062,55,44,1717,186,549,516,1024,204,1024,0,-1,-1,-1,0x100048049C140245,1532,1685,1730,988,2012,1593,1774,1500,1500,1593,1193,1449,1500,1500,1500,1500,1500,1500,1372,1628,1500,1609,1500,2012,1500,1830,1685,1500,1520,1705,1500,988,8.3
2026-04-18,16:51:55.460,-61,-57,10,3885,24060,68,44,16,18254,55,44,1720,5,43,516,1024,203,1024,0,-1,-1,-1,0x1000480498140245,1501,1516,1730,988,2012,1502,1521,1500,1500,1502,1193,1449,1500,1500,1500,1500,1500,1500,988,2012,1500,1609,1500,2012,1500,1533,1516,1500,1520,1705,1500,988,8.3
2026-04-18,16:51:55.960,-60,-57,10,3885,12360,68,44,16,31376,55,44,1722,0,542,516,1024,204,1024,0,-1,-1,-1,0x1000480498140205,1500,1705,1730,988,2012,1500,1771,1500,1500,1500,1193,1449,1500,1500,1500,1500,1500,1500,1372,1628,1500,1609,1500,2012,1500,1856,1705,1500,1520,1705,1500,988,8.3
2026-04-18,16:51:56.460,-60,-56,10,3883,11590,68,44,16,11990,55,44,1724,-1024,-1018,517,1024,204,1024,0,-1,-1,-1,0x100048049E100245,1205,1186,1730,1439,2012,988,991,1500,1065,988,1193,1449,1500,1500,1500,1500,1500,1065,1141,2012,1500,1609,1500,988,1500,1050,1500,1500,1520,1705,1065,988,8.3
2026-04-18,16:51:56.960,-47,-56,10,3890,1920,68,44,16,4258,55,44,1725,-1024,294,516,1024,204,1024,0,-1,-1,-1,0x100048009C140205,1205,1596,1730,988,2012,988,1647,1500,1500,988,1193,1449,1500,1500,1500,1500,1500,1500,1372,1628,1500,1609,1500,2012,1500,1719,1596,1500,1520,1705,1500,988,8.3
2026-04-18,16:51:57.460,-51,-56,10,3894,3990,68,44,16,4726,55,44,1726,-1024,296,516,1024,203,1024,0,-1,-1,-1,0x100048009C140205,1205,1588,1730,988,2012,988,1648,1500,1500,988,1193,1449,1500,1500,1500,1500,1500,1500,1372,1628,1500,1609,1500,2012,1500,1702,1588,1500,1520,1705,1500,988,8.3
2026-04-18,16:51:57.960,-62,-83,10,3898,13310,68,44,16,10288,55,44,1727,-171,508,516,1024,203,1024,0,-1,-1,-1,0x100048009C140205,1465,1668,1730,988,2012,1430,1759,1500,1500,1399,1193,1449,1500,1500,1500,1500,1500,1500,1372,1628,1500,1609,1500,2012,1500,1812,1668,1500,1520,1705,1500,988,8.3
2026-04-18,16:51:58.460,-66,-71,10,3897,24240,68,44,16,14784,55,44,1730,-321,574,516,1024,204,1024,0,-1,-1,-1,0x100048019C140605,1444,1714,1730,988,2012,1340,1787,1500,1500,1346,1193,1449,1500,1500,1500,1500,1500,1500,1372,1628,1500,1609,1500,2012,1500,1856,1714,1500,1520,1705,1500,988,8.3
2026-04-18,16:51:58.960,-63,-69,10,3897,9840,68,44,16,9500,55,44,1732,8,-1024,517,1024,204,1024,0,-1,-1,-1,0x100048009A180205,1501,1186,1730,1439,2012,1504,988,1500,1065,1504,1193,1449,1500,1500,1500,1500,1500,1065,1213,2012,1500,1609,1500,988,1500,988,1500,1500,1520,1705,1065,988,8.3
2026-04-18,16:51:59.460,-63,-65,10,3896,0,68,44,16,174,55,44,1733,3,-358,516,1024,204,1024,0,-1,-1,-1,0x100048009A100205,1500,1339,1730,1264,2012,1501,1321,1277,1500,1501,1193,1449,1500,1500,1500,1500,1500,1276,1372,2012,1500,1609,1500,988,1500,1251,1500,1500,1520,1705,1250,988,8.3
2026-04-18,16:51:59.960,-60,-65,10,3895,13270,68,44,16,5492,55,44,1733,1024,202,516,1024,204,1024,0,-1,-1,-1,0x100048009C140205,1762,1555,1730,988,2012,2012,1601,1500,1500,2012,1193,1449,1500,1500,1500,1500,1500,1500,1372,1628,1500,1609,1500,2012,1500,1637,1555,1500,1520,1705,1500,988,8.3
2026-04-18,16:52:00.460,-66,-63,10,3900,2170,68,44,16,3672,55,44,1734,419,375,516,1024,204,1024,0,-1,-1,-1,0x100048009C140205,1583,1612,1730,988,2012,1709,1687,1500,1500,1725,1193,1449,1500,1500,1500,1500,1500,1500,1372,1628,1500,1609,1500,2012,1500,1738,1612,1500,1520,1705,1500,988,8.3
2026-04-18,16:52:00.960,-52,-58,10,3903,11210,68,44,16,10120,55,44,1735,521,561,516,1024,203,1024,0,-1,-1,-1,0x100048009C140205,1598,1690,1730,988,2012,1760,1780,1500,1500,1760,1193,1449,1500,1500,1500,1500,1500,1500,1372,1628,1500,1609,1500,2012,1500,1836,1690,1500,1520,1705,1500,988,8.3
2026-04-18,16:52:01.460,-53,-58,10,3902,20380,68,44,16,12802,55,44,1738,277,513,516,1024,204,1024,0,-1,-1,-1,0x100048019C140605,1548,1675,1730,988,2012,1638,1756,1500,1500,1639,1193,1449,1500,1500,1500,1500,1500,1500,1372,1628,1500,1609,1500,2012,1500,1819,1675,1500,1520,1705,1500,988,8.3
2026-04-18,16:52:01.960,-55,-66,10,3900,10930,68,44,16,17206,55,44,1740,94,3,516,1024,204,1024,0,-1,-1,-1,0x100048049C140245,1516,1501,1730,988,2012,1547,1501,1500,1500,1547,1193,1449,1500,1500,1500,1500,1500,1500,1203,2012,1500,1609,1500,2012,1500,1502,1501,1500,1520,1705,1500,988,8.3
2026-04-18,16:52:02.460,-57,-62,10,3898,20170,68,44,16,13944,55,44,1741,477,-3,516,1024,204,1024,0,-1,-1,-1,0x100048009C140205,1585,1498,1730,992,2012,1748,1499,1498,1500,1730,1193,1449,1500,1500,1500,1500,1500,1497,1219,1781,1500,1609,1500,2012,1500,1708,1500,1500,1520,1705,1498,988,8.3
2026-04-18,16:52:02.960,-58,-62,10,3895,1890,68,44,16,6110,55,44,1743,1024,328,516,1024,204,1024,0,-1,-1,-1,0x100048009C140205,1762,1595,1730,988,2012,2012,1664,1500,1500,2012,1193,1449,1500,1500,1500,1500,1500,1500,1372,1628,1500,1609,1500,2012,1500,1720,1595,1500,1520,1705,1500,988,8.3
2026-04-18,16:52:03.460,-61,-61,10,3900,14150,68,44,16,7676,55,44,1744,665,330,516,1024,204,1024,0,-1,-1,-1,0x100048009C140205,1635,1606,1730,988,2012,1832,1659,1500,1500,1832,1193,1449,1500,1500,1500,1500,1500,1500,1372,1628,1500,1609,1500,2012,1500,1729,1606,1500,1520,1705,1500,988,8.3
2026-04-18,16:52:03.960,-65,-64,10,3905,7250,68,44,16,8062,55,44,1745,-624,430,516,1024,204,1024,0,-1,-1,-1,0x100048009C140205,1378,1638,1730,988,2012,1188,1715,1500,1500,1199,1193,1449,1500,1500,1500,1500,1500,1500,1372,1628,1500,1609,1500,2012,1500,1774,1638,1500,1520,1705,1500,988,8.3
2026-04-18,16:52:04.460,-79,-67,10,3906,10120,68,44,16,8106,55,44,1747,-896,467,516,1024,204,1024,0,-1,-1,-1,0x100048009C140205,1284,1652,1730,988,2012,1052,1733,1500,1500,1061,1193,1449,1500,1500,1500,1500,1500,1500,1372,1628,1500,1609,1500,2012,1500,1792,1652,1500,1520,1705,1500,988,8.3
2026-04-18,16:52:04.960,-79,-54,10,3907,16430,68,44,16,11378,55,44,1749,-1024,17,516,1024,204,1024,0,-1,-1,-1,0x100048009C140205,1205,1505,1730,988,2012,988,1508,1500,1500,988,1193,1449,1500,1500,1500,1500,1500,1500,988,2012,1500,1609,1500,2012,1500,1512,1505,1500,1520,1705,1500,988,8.3
2026-04-18,16:52:05.460,-59,-63,10,3906,9000,68,44,16,7352,55,44,1750,-809,418,516,1024,204,1024,0,-1,-1,-1,0x100048009C140205,1313,1634,1730,988,2012,1096,1709,1500,1500,1096,1193,1449,1500,1500,1500,1500,1500,1500,1372,1628,1500,1609,1500,2012,1500,1768,1634,1500,1520,1705,1500,988,8.3
2026-04-18,16:52:05.960,-54,-63,10,3902,17650,68,44,16,12514,55,45,1752,-409,490,516,1024,204,1024,0,-1,-1,-1,0x100048019C140605,1420,1662,1730,988,2012,1296,1745,1500,1500,1287,1193,1449,1500,1500,1500,1500,1500,1500,1372,1628,1500,1609,1500,2012,1500,1803,1662,1500,1520,1705,1500,988,8.3
2026-04-18,16:52:06.460,-68,-69,10,3901,15580,68,44,16,13416,55,45,1755,1022,-421,516,1024,203,1024,0,-1,-1,-1,0x100048089E180205,1761,1328,1730,1284,2012,2011,1290,1261,1500,2011,1193,1449,1500,1500,1500,1500,1500,1260,988,2012,1500,1609,1500,988,1500,1318,1500,1500,1520,1705,1218,988,8.3
2026-04-18,16:52:06.960,-58,-69,10,3899,4720,68,44,16,5730,55,45,1755,1024,422,516,1024,204,1024,0,-1,-1,-1,0x100048009C140205,1762,1639,1730,988,2012,2012,1711,1500,1500,2012,1193,1449,1500,1500,1500,1500,1500,1500,1372,1628,1500,1609,1500,2012,1500,1776,1639,1500,1520,1705,1500,988,8.3
2026-04-18,16:52:07.460,-63,-59,50,3899,11350,68,44,16,8522,55,45,1757,870,313,516,1024,204,1024,0,-1,-1,-1,0x100048009C140205,1695,1595,1730,988,2012,1935,1656,1500,1500,1935,1193,1449,1500,1500,1500,1500,1500,1500,1372,1628,1500,1609,1500,2012,1500,1712,1595,1500,1520,1705,1500,988,8.3
2026-04-18,16:52:07.960,-56,-64,10,3899,15130,68,44,16,10078,55,45,1758,624,442,516,1024,204,1024,0,-1,-1,-1,0x100048009C140205,1625,1643,1730,988,2012,1812,1721,1500,1500,1812,1193,1449,1500,1500,1500,1500,1500,1500,1372,1628,1500,1609,1500,2012,1500,1780,1643,1500,1520,1705,1500,988,8.3
2026-04-18,16:52:08.460,-64,-62,10,3903,10360,68,44,16,11572,55,45,1760,314,391,516,1024,204,1024,0,-1,-1,-1,0x100048009C140205,1558,1624,1730,988,2012,1657,1695,1500,1500,1663,1193,1449,1500,1500,1500,1500,1500,1500,1372,1628,1500,1609,1500,2012,1500,1755,1624,1500,1520,1705,1500,988,8.3
2026-04-18,16:52:08.960,-67,-59,10,3907,870,68,44,16,8584,55,45,1761,434,152,516,1024,204,1024,0,-1,-1,-1,0x100048009C140205,1579,1549,1730,988,2012,1717,1576,1500,1500,1717,1193,1449,1500,1500,1500,1500,1500,1500,1372,1628,1500,1609,1500,2012,1500,1619,1549,1500,1520,1705,1500,988,8.3
2026-04-18,16:52:09.460,-67,-61,10,3908,7040,68,44,16,8644,55,45,1761,396,62,516,1024,204,1024,0,-1,-1,-1,0x100048009C140205,1572,1523,1725,988,2012,1698,1531,1500,1500,1698,1193,1449,1500,1500,1500,1500,1500,1500,1372,1628,1500,1609,1500,2012,1500,1548,1523,1500,1520,1705,1500,988,8.3
2026-04-18,16:52:09.960,-67,-59,10,3912,1920,68,44,16,8406,55,45,1762,-24,400,516,1024,204,1024,0,-1,-1,-1,0x1000480098140205,1497,1627,1730,988,2012,1488,1700,1500,1500,1488,1193,1449,1500,1500,1500,1500,1500,1500,1372,1628,1500,1609,1500,2012,1500,1759,1627,1500,1520,1705,1500,988,8.3
2026-04-18,16:52:10.460,-75,-61,10,3913,3010,68,44,16,11652,55,45,1763,-38,225,516,1024,204,1024,0,-1,-1,-1,0x1000480098140205,1494,1567,1730,988,2012,1481,1612,1500,1500,1481,1193,1449,1500,1500,1500,1500,1500,1500,1372,1628,1500,1609,1500,2012,1500,1668,1567,1500,1520,1705,1500,988,8.3
2026-04-18,16:52:10.960,-64,-68,10,3917,5500,68,44,16,8354,55,45,1764,-905,4,516,1024,204,1024,0,-1,-1,-1,0x100048089C140205,1271,1501,1730,988,2012,1048,1502,1500,1500,1048,1193,1449,1500,1500,1500,1500,1500,1500,988,2012,1500,1609,1500,2012,1500,1503,1501,1500,1520,1705,1500,988,8.3
2026-04-18,16:52:11.460,-68,-53,10,3916,1780,68,44,16,5708,55,45,1764,-7,199,516,1024,204,1024,0,-1,-1,-1,0x1000480898140205,1500,1560,1730,988,2012,1497,1599,1500,1500,1497,1193,1449,1500,1500,1500,1500,1500,1500,1372,1628,1500,1609,1500,2012,1500,1650,1560,1500,1520,1705,1500,988,8.3
2026-04-18,16:52:11.960,-62,-54,10,3917,1500,68,44,16,2644,55,45,1764,-883,267,516,1024,203,1024,0,-1,-1,-1,0x100048089C140205,1263,1583,1730,988,2012,1059,1633,1500,1500,1039,1193,1449,1500,1500,1500,1500,1500,1500,1372,1628,1500,1609,1500,2012,1500,1693,1583,1500,1520,1705,1500,988,8.3
2026-04-18,16:52:12.460,-62,-60,10,3920,3290,68,44,16,5110,55,45,1765,-97,239,516,1024,204,1024,0,-1,-1,-1,0x1000480A9C140205,1485,1571,1730,988,2012,1446,1619,1500,1500,1457,1193,1449,1500,1500,1500,1500,1500,1500,1372,1628,1500,1609,1500,2012,1500,1674,1571,1500,1520,1705,1500,988,8.3
2026-04-18,16:52:12.960,-62,-57,10,3924,1190,68,44,16,4748,55,45,1766,426,212,516,1024,204,1024,0,-1,-1,-1,0x1000480A9C140205,1572,1563,1730,988,2012,1713,1606,1500,1500,1700,1193,1449,1500,1500,1500,1500,1500,1500,1372,1628,1500,1609,1500,2012,1500,1652,1563,1500,1520,1705,1500,988,8.3
2026-04-18,16:52:13.460,-56,-55,10,3926,4550,68,44,16,4708,55,45,1766,0,315,516,1024,204,1024,0,-1,-1,-1,0x1000480A98140205,1500,1595,1730,988,2012,1500,1657,1500,1500,1500,1193,1449,1500,1500,1500,1500,1500,1500,1372,1628,1500,1609,1500,2012,1500,1712,1595,1500,1520,1705,1500,988,8.3
2026-04-18,16:52:13.960,-56,-46,10,3924,7460,68,44,16,5128,55,45,1767,-508,297,516,1024,204,1024,0,-1,-1,-1,0x1000480A9C140205,1392,1588,1730,988,2012,1246,1648,1500,1500,1226,1193,1449,1500,1500,1500,1500,1500,1500,1372,1628,1500,1609,1500,2012,1500,1702,1588,1500,1520,1705,1500,988,8.3
2026-04-18,16:52:14.460,-52,-54,10,3922,10290,68,44,16,7078,55,45,1768,-412,234,516,1024,204,1024,0,-1,-1,-1,0x1000480A9C140205,1426,1558,1730,988,2012,1294,1617,1500,1500,1300,1193,1449,1500,1500,1500,1500,1500,1500,1372,1628,1500,1609,1500,2012,1500,1645,1558,1500,1520,1705,1500,988,8.3
2026-04-18,16:52:14.960,-42,-54,10,3919,7670,68,44,16,9140,55,45,1770,-398,242,516,1024,204,1024,0,-1,-1,-1,0x1000480A9C140205,1427,1579,1730,988,2012,1301,1621,1500,1500,1302,1193,1449,1500,1500,1500,1500,1500,1500,1372,1628,1500,1609,1500,2012,1500,1686,1579,1500,1520,1705,1500,988,8.3
2026-04-18,16:52:15.460,-45,-50,10,3918,1820,68,44,16,8890,54,45,1770,-567,-1024,517,1024,204,1024,0,-1,-1,-1,0x1000480A9E100205,1388,1186,1730,1439,2012,1217,988,1500,1065,1217,1193,1449,1500,1500,1500,1500,1500,1065,1203,2012,1500,1609,1500,988,1500,988,1500,1500,1520,1705,1065,988,8.3
2026-04-18,16:52:15.960,-58,-56,10,3917,0,68,44,16,1094,54,45,1770,1,7,516,1024,204,1024,0,-1,-1,-1,0x1000480A98140205,1500,1502,1730,988,2012,1500,1503,1500,1500,1500,1193,1449,1500,1500,1500,1500,1500,1500,1372,2012,1500,1609,1500,2012,1500,1505,1502,1500,1520,1705,1500,988,8.3
2026-04-18,16:52:16.460,-53,-59,10,3916,10430,68,44,16,4530,54,45,1771,-2,47,516,1024,204,1024,0,-1,-1,-1,0x1000480A98140205,1500,1529,1730,988,2012,1499,1523,1500,1500,1499,1193,1449,1500,1500,1500,1500,1500,1500,1372,1628,1500,1609,1500,2012,1500,1587,1529,1500,1520,1705,1500,988,8.3
2026-04-18,16:52:16.960,-53,-59,10,3917,0,68,44,16,3690,54,45,1772,-2,2,516,1024,204,1024,0,-1,-1,-1,0x1000480A98100205,1500,1500,1730,988,2012,1499,1501,1500,1500,1499,1193,1449,1500,1500,1500,1500,1500,1500,1347,2012,1500,1609,1500,988,1500,1501,1500,1500,1520,1705,1500,988,8.3
2026-04-18,16:52:17.460,-53,-59,10,3918,0,66,44,16,0,55,45,1772,-1,2,516,1024,203,1024,0,-1,-1,-1,0x1000480A98140205,1500,1501,1730,988,2012,1500,1501,1500,1500,1500,1193,1449,1500,1500,1500,1500,1500,1500,1372,2012,1500,1609,1500,2012,1500,1501,1501,1500,1520,1705,1500,988,8.3
2026-04-18,16:52:17.960,-49,-62,10,3916,0,66,44,16,0,55,45,1772,-1,3,516,1024,204,1024,0,-1,-1,-1,0x1000480A98140205,1500,1501,1730,988,2012,1500,1501,1500,1500,1500,1193,1449,1500,1500,1500,1500,1500,1500,1498,2012,1500,1609,1500,2012,1500,1502,1501,1500,1520,1705,1500,988,8.3
2026-04-18,16:52:18.460,-49,-48,10,3916,0,66,44,16,0,54,45,1772,-1,3,516,1024,204,1024,0,-1,-1,-1,0x1000480A98140205,1500,1501,1730,988,2012,1500,1501,1500,1500,1500,1193,1449,1500,1500,1500,1500,1500,1500,1500,2012,1500,1609,1500,2012,1500,1502,1501,1500,1520,1705,1500,988,8.3
2026-04-18,16:52:18.960,-50,-51,10,3917,0,66,44,16,0,54,45,1772,-1,4,516,1024,204,1024,0,-1,-1,-1,0x1000480A98140205,1500,1501,1730,988,2012,1500,1502,1500,1500,1500,1193,1449,1500,1500,1500,1500,1500,1500,1500,2012,1500,1609,1500,2012,1500,1503,1501,1500,1520,1705,1500,988,8.3
2026-04-18,16:52:19.460,-48,-51,10,3916,0,66,44,16,0,54,45,1772,1,3,516,1024,204,1024,0,-1,-1,-1,0x1000480A98140205,1500,1501,1730,988,2012,1500,1501,1500,1500,1500,1193,1449,1500,1500,1500,1500,1500,1500,1500,2012,1500,1609,1500,2012,1500,1502,1501,1500,1520,1705,1500,988,8.3
2026-04-18,16:52:19.960,-46,-50,10,3916,0,66,44,16,0,54,45,1772,-1,3,516,1024,203,1024,0,-1,-1,-1,0x1000480A98140204,1500,1501,1500,988,2012,1500,1501,1500,1500,1499,1193,1449,1500,1500,1500,1500,1500,1500,1500,2012,1500,1609,1500,2012,1500,1502,1501,1500,1520,1705,1500,988,8.3
2026-04-18,16:52:20.460,-48,-63,10,3916,0,66,44,16,0,54,45,1772,0,3,516,1024,204,1024,0,-1,-1,-1,0x1000480A98140204,1500,1501,1500,988,2012,1500,1501,1500,1500,1500,1193,1449,1500,1500,1500,1500,1500,1500,1500,2012,1500,1609,1500,2012,1500,1502,1501,1500,1520,1705,1500,988,8.3
2026-04-18,16:52:20.960,-48,-63,10,3916,0,66,44,16,0,54,45,1772,-1,3,516,1024,203,1024,0,-1,-1,-1,0x1000480A98140204,1500,1501,1500,988,2012,1500,1501,1500,1500,1500,1193,1449,1500,1500,1500,1500,1500,1500,1500,2012,1500,1609,1500,2012,1500,1502,1501,1500,1520,1705,1500,988,8.3
2026-04-18,16:52:21.460,-48,-63,10,3916,0,66,44,16,0,54,45,1772,-1,3,516,1024,203,1024,0,-1,-1,-1,0x1000480A98140204,1500,1501,1500,988,2012,1500,1501,1500,1500,1500,1193,1449,1500,1500,1500,1500,1500,1500,1500,2012,1500,1609,1500,2012,1500,1502,1501,1500,1520,1705,1500,988,8.3
2026-04-18,16:52:21.960,-49,-63,10,3916,0,66,44,16,0,54,45,1772,0,4,516,1024,203,1024,0,-1,-1,-1,0x1000480A98140204,1500,1501,1500,988,2012,1500,1502,1500,1500,1500,1193,1449,1500,1500,1500,1500,1500,1500,1500,2012,1500,1609,1500,2012,1500,1503,1501,1500,1520,1705,1500,988,8.3
2026-04-18,16:52:22.460,-51,-62,10,3916,0,66,44,16,0,54,45,1772,0,3,516,1024,204,1024,0,-1,-1,-1,0x1000480A98140204,1500,1501,1500,988,2012,1500,1501,1500,1500,1500,1193,1449,1500,1500,1500,1500,1500,1500,1500,2012,1500,1609,1500,2012,1500,1502,1501,1500,1520,1705,1500,988,8.3
2026-04-18,16:52:22.960,-52,-52,10,3916,0,66,44,16,0,54,45,1772,-1,6,516,1024,203,1024,0,-1,-1,-1,0x1000480A98140204,1500,1501,1500,988,2012,1500,1503,1500,1500,1500,1193,1449,1500,1500,1500,1500,1500,1500,1500,2012,1500,1609,1500,2012,1500,1504,1501,1500,1520,1705,1500,988,8.3
2026-04-18,16:52:23.460,-50,-50,10,3916,0,66,44,16,0,54,45,1772,0,5,516,1024,203,1024,0,-1,-1,-1,0x1000480A98140204,1500,1501,1500,988,2012,1500,1502,1500,1500,1500,1193,1449,1500,1500,1500,1500,1500,1500,1500,2012,1500,1609,1500,2012,1500,1504,1501,1500,1520,1705,1500,988,8.3
2026-04-18,16:52:23.960,-50,-52,10,3916,0,66,44,16,0,54,45,1772,0,5,516,1024,203,1024,0,-1,-1,-1,0x1000480A98140204,1500,1501,1500,988,2012,1500,1502,1500,1500,1500,1193,1449,1500,1500,1500,1500,1500,1500,1500,2012,1500,1609,1500,2012,1500,1504,1501,1500,1520,1705,1500,988,8.3
2026-04-18,16:52:24.460,-49,-54,10,3917,0,66,44,16,0,54,45,1772,0,6,516,1024,203,1024,0,-1,-1,-1,0x1000480A98140204,1500,1501,1500,988,2012,1500,1503,1500,1500,1500,1193,1449,1500,1500,1500,1500,1500,1500,1500,2012,1500,1609,1500,2012,1500,1504,1501,1500,1520,1705,1500,988,8.3
2026-04-18,16:52:24.960,-49,-49,10,3920,0,66,44,16,0,53,45,1772,0,5,516,1024,203,1024,0,-1,-1,-1,0x1000480A98140204,1500,1501,1500,988,2012,1500,1502,1500,1500,1500,1193,1449,1500,1500,1500,1500,1500,1500,1500,2012,1500,1609,1500,2012,1500,1504,1501,1500,1520,1705,1500,988,8.3
2026-04-18,16:52:25.460,-47,-54,10,3924,0,66,44,16,0,53,45,1772,0,5,516,1024,204,1024,0,-1,-1,-1,0x1000480A98140204,1500,1501,1500,988,2012,1500,1502,1500,1500,1500,1193,1449,1500,1500,1500,1500,1500,1500,1500,2012,1500,1609,1500,2012,1500,1504,1501,1500,1520,1705,1500,988,8.3
2026-04-18,16:52:25.960,-48,-54,10,3927,0,66,44,16,0,53,45,1772,0,6,516,1024,203,1024,0,-1,-1,-1,0x1000480A98140204,1500,1502,1500,988,2012,1500,1503,1500,1500,1500,1193,1449,1500,1500,1500,1500,1500,1500,1500,2012,1500,1609,1500,2012,1500,1505,1502,1500,1520,1705,1500,988,8.3
2026-04-18,16:52:26.460,-47,-54,10,3931,0,66,44,16,0,53,45,1772,0,0,516,1024,203,1024,0,-1,-1,-1,0x1000480A98140204,1500,1500,1500,988,2012,1500,1500,1500,1500,1500,1193,1449,1500,1500,1500,1500,1500,1500,1500,2012,1500,1609,1500,2012,1500,1500,1500,1500,1520,1705,1500,988,8.3
2026-04-18,16:52:26.960,-48,-54,10,3932,0,65,44,16,0,53,45,1772,-1,6,516,1024,203,1024,0,-1,-1,-1,0x1000480A98140204,1500,1502,1500,988,2012,1500,1503,1500,1500,1500,1193,1449,1500,1500,1500,1500,1500,1500,1500,2012,1500,1609,1500,2012,1500,1505,1502,1500,1520,1705,1500,988,8.3
2026-04-18,16:52:27.460,-47,-54,10,3933,0,65,44,16,0,53,45,1772,0,3,516,1024,203,1024,0,-1,-1,-1,0x1000480A98140204,1500,1501,1500,988,2012,1500,1501,1500,1500,1500,1193,1449,1500,1500,1500,1500,1500,1500,1500,2012,1500,1609,1500,2012,1500,1503,1501,1500,1520,1705,1500,988,8.3
2026-04-18,16:52:27.960,-48,-54,10,3933,0,65,44,16,0,53,45,1772,0,3,516,1024,203,1024,0,-1,-1,-1,0x1000480A98140204,1500,1501,1500,988,2012,1500,1501,1500,1500,1500,1193,1449,1500,1500,1500,1500,1500,1500,1500,2012,1500,1609,1500,2012,1500,1502,1501,1500,1520,1705,1500,988,8.3
2026-04-18,16:52:28.460,-49,-60,10,3933,0,65,44,16,0,53,45,1772,-1,3,516,1024,203,1024,0,-1,-1,-1,0x1000480A98140204,1500,1501,1500,988,2012,1500,1501,1500,1500,1500,1193,1449,1500,1500,1500,1500,1500,1500,1500,2012,1500,1609,1500,2012,1500,1502,1501,1500,1520,1705,1500,988,8.3
2026-04-18,16:52:28.960,-50,-60,10,3933,0,65,44,16,0,53,45,1772,-1,3,516,1024,203,1024,0,-1,-1,-1,0x1000480A98140204,1500,1501,1500,988,2012,1500,1501,1500,1500,1500,1193,1449,1500,1500,1500,1500,1500,1500,1500,2012,1500,1609,1500,2012,1500,1502,1501,1500,1520,1705,1500,988,8.3
2026-04-18,16:52:29.460,-50,-60,10,3933,0,65,44,16,0,53,45,1772,0,3,516,1024,203,1024,0,-1,-1,-1,0x1000480A98140204,1500,1501,1500,988,2012,1500,1501,1500,1500,1500,1193,1449,1500,1500,1500,1500,1500,1500,1500,2012,1500,1609,1500,2012,1500,1502,1501,1500,1520,1705,1500,988,8.3
2026-04-18,16:52:29.960,-50,-60,10,3933,0,65,44,16,0,52,45,1772,-1,3,516,1024,203,1024,0,-1,-1,-1,0x1000480A98140204,1500,1501,1500,988,2012,1500,1501,1500,1500,1500,1193,1449,1500,1500,1500,1500,1500,1500,1500,2012,1500,1609,1500,2012,1500,1502,1501,1500,1520,1705,1500,988,8.3
2026-04-18,16:52:30.460,-49,-60,10,3933,0,65,44,16,0,52,45,1772,-1,3,516,1024,203,1024,0,-1,-1,-1,0x1000480A98140204,1500,1501,1500,988,2012,1500,1501,1500,1500,1500,1193,1449,1500,1500,1500,1500,1500,1500,1500,2012,1500,1609,1500,2012,1500,1502,1501,1500,1520,1705,1500,988,8.3
2026-04-18,16:52:30.960,-49,-60,10,3933,0,65,44,16,0,52,45,1772,0,5,516,1024,203,1024,0,-1,-1,-1,0x1000480A98140204,1500,1501,1500,988,2012,1500,1502,1500,1500,1500,1193,1449,1500,1500,1500,1500,1500,1500,1500,2012,1500,1609,1500,2012,1500,1504,1501,1500,1520,1705,1500,988,8.3
2026-04-18,16:52:31.460,-49,-60,10,3933,0,65,44,16,0,52,45,1772,0,7,516,1024,203,1024,0,-1,-1,-1,0x1000480A98140204,1500,1502,1500,988,2012,1500,1503,1500,1500,1500,1193,1449,1500,1500,1500,1500,1500,1500,1500,2012,1500,1609,1500,2012,1500,1506,1502,1500,1520,1705,1500,988,8.3
2026-04-18,16:52:31.960,-48,-51,10,3933,0,65,44,16,0,52,45,1772,-1,6,516,1024,203,1024,0,-1,-1,-1,0x1000480A98140204,1500,1502,1500,988,2012,1500,1503,1500,1500,1500,1193,1449,1500,1500,1500,1500,1500,1500,1500,2012,1500,1609,1500,2012,1500,1505,1502,1500,1520,1705,1500,988,8.3
2026-04-18,16:52:32.460,-48,-51,10,3933,0,65,44,16,0,52,45,1772,0,5,516,1024,203,1024,0,-1,-1,-1,0x1000480A98140204,1500,1501,1500,988,2012,1500,1502,1500,1500,1500,1193,1449,1500,1500,1500,1500,1500,1500,1500,2012,1500,1609,1500,2012,1500,1504,1501,1500,1520,1705,1500,988,8.3
2026-04-18,16:52:32.960,-48,-51,10,3933,0,65,44,16,0,52,45,1772,-1,5,516,1024,203,1024,0,-1,-1,-1,0x1000480A98140204,1500,1501,1500,988,2012,1500,1502,1500,1500,1500,1193,1449,1500,1500,1500,1500,1500,1500,1500,2012,1500,1609,1500,2012,1500,1504,1501,1500,1520,1705,1500,988,8.3
2026-04-18,16:52:33.460,-50,-49,10,3933,0,65,44,16,0,52,45,1772,-2,5,517,1024,203,1024,0,-1,-1,-1,0x1000480A98140204,1500,1501,1500,988,2012,1499,1502,1500,1500,1499,1193,1449,1500,1500,1500,1500,1500,1500,1500,2012,1500,1609,1500,2012,1500,1504,1501,1500,1520,1705,1500,988,8.3
2026-04-18,16:52:33.960,-50,-50,10,3933,0,65,44,16,0,52,45,1772,-1,5,645,1024,203,1024,0,-1,-1,-1,0x1000480A98140204,1500,1501,1500,988,2012,1500,1502,1500,1500,1500,1193,1449,1500,1500,1500,1500,1500,1500,1500,2012,1500,1609,1500,2012,1500,1504,1501,1500,1520,1705,1500,988,8.3
2026-04-18,16:52:34.460,-50,-50,10,3933,0,65,44,16,0,52,45,1772,-2,5,412,1024,203,1024,0,-1,-1,-1,0x1000480A98140204,1500,1501,1500,988,2012,1499,1502,1500,1500,1499,1193,1449,1500,1500,1500,1500,1500,1500,1500,2012,1500,1609,1500,2012,1500,1504,1501,1500,1520,1705,1500,988,8.3
2026-04-18,16:52:34.960,-48,-50,10,3933,0,65,44,16,0,52,45,1772,-3,5,359,1024,203,1024,0,-1,-1,-1,0x1000480A98140204,1500,1501,1500,988,2012,1499,1502,1500,1500,1499,1193,1449,1500,1500,1500,1500,1500,1500,1500,2012,1500,1609,1500,2012,1500,1504,1501,1500,1520,1705,1500,988,8.3
2026-04-18,16:52:35.460,-48,-50,10,3933,0,65,44,16,0,52,45,1772,-2,5,359,1024,203,1024,0,-1,-1,-1,0x1000480A98140204,1500,1501,1500,988,2012,1499,1502,1500,1500,1499,1193,1449,1500,1500,1500,1500,1500,1500,1500,2012,1500,1609,1500,2012,1500,1504,1501,1500,1520,1705,1500,988,8.3
2026-04-18,16:52:35.960,-49,-61,10,3933,0,65,44,16,0,52,45,1772,-2,7,359,1024,203,1024,0,-1,-1,-1,0x1000480A98140204,1500,1502,1500,988,2012,1499,1503,1500,1500,1499,1193,1449,1500,1500,1500,1500,1500,1500,1500,2012,1500,1609,1500,2012,1500,1505,1502,1500,1520,1705,1500,988,8.3
2026-04-18,16:52:36.460,-50,-61,10,3933,0,65,44,16,0,52,45,1772,-2,5,359,1024,203,1024,0,-1,-1,-1,0x1000480A98140204,1500,1501,1500,988,2012,1499,1502,1500,1500,1499,1193,1449,1500,1500,1500,1500,1500,1500,1500,2012,1500,1609,1500,2012,1500,1504,1501,1500,1520,1705,1500,988,8.3
2026-04-18,16:52:36.960,-45,-61,10,3933,5290,65,44,16,1872,51,45,1772,0,40,359,1024,203,1024,0,-1,-1,-1,0x1000480A98140205,1500,1510,1647,988,2012,1500,1520,1500,1500,1500,1193,1449,1500,1500,1500,1500,1500,1500,1270,1730,1500,1609,1500,2012,1500,1523,1510,1500,1520,1705,1500,988,8.3
2026-04-18,16:52:37.460,-50,-62,10,3933,4130,65,44,16,4990,51,45,1773,-396,283,359,1024,204,1024,0,-1,-1,-1,0x1000480A9C140205,1426,1583,1730,988,2012,1302,1641,1500,1500,1308,1193,1449,1500,1500,1500,1500,1500,1500,1372,1628,1500,1609,1500,2012,1500,1694,1583,1500,1520,1705,1500,988,8.3
2026-04-18,16:52:37.960,-58,-64,10,3935,1470,65,44,16,5548,51,45,1774,-194,254,359,1024,203,1024,0,-1,-1,-1,0x1000480A9C140205,1467,1573,1730,988,2012,1403,1627,1500,1500,1412,1193,1449,1500,1500,1500,1500,1500,1500,1372,1628,1500,1609,1500,2012,1500,1677,1573,1500,1520,1705,1500,988,8.3
2026-04-18,16:52:38.460,-56,-64,10,3935,9310,65,44,16,9852,51,45,1774,-85,399,359,1024,203,1024,0,-1,-1,-1,0x1000480A9C140205,1487,1626,1730,988,2012,1458,1699,1500,1500,1465,1193,1449,1500,1500,1500,1500,1500,1500,1372,1628,1500,1609,1500,2012,1500,1758,1626,1500,1520,1705,1500,988,8.3
2026-04-18,16:52:38.960,-64,-62,10,3935,2030,65,44,16,8648,51,45,1775,-386,255,359,1024,203,1024,0,-1,-1,-1,0x1000480A9C140205,1428,1573,1730,988,2012,1307,1627,1500,1500,1314,1193,1449,1500,1500,1500,1500,1500,1500,1372,1628,1500,1609,1500,2012,1500,1678,1573,1500,1520,1705,1500,988,8.3
2026-04-18,16:52:39.460,-64,-63,10,3934,7530,65,44,16,10596,51,45,1776,328,216,359,1024,203,1024,0,-1,-1,-1,0x1000480A9C140205,1559,1558,1730,988,2012,1664,1608,1500,1500,1657,1193,1449,1500,1500,1500,1500,1500,1500,1372,1628,1500,1609,1500,2012,1500,1646,1558,1500,1520,1705,1500,988,8.3
2026-04-18,16:52:39.960,-65,-73,10,3933,14570,65,44,16,10684,51,45,1777,272,456,359,1024,203,1024,0,-1,-1,-1,0x1000480A9C140205,1551,1648,1730,988,2012,1636,1728,1500,1500,1636,1193,1449,1500,1500,1500,1500,1500,1500,1372,1628,1500,1609,1500,2012,1500,1786,1648,1500,1520,1705,1500,988,8.3
2026-04-18,16:52:40.460,-67,-73,10,3927,14040,65,44,16,12346,51,45,1779,621,420,359,1024,203,1024,0,-1,-1,-1,0x100048099C140605,1633,1634,1730,988,2012,1810,1710,1500,1500,1816,1193,1449,1500,1500,1500,1500,1500,1500,1372,1628,1500,1609,1500,2012,1500,1768,1634,1500,1520,1705,1500,988,8.3
2026-04-18,16:52:40.960,-66,-77,10,3922,21540,65,44,16,17164,51,45,1781,-713,624,359,1024,203,1024,0,-1,-1,-1,0x100048059C140645,1338,1720,1730,988,2012,1144,1812,1500,1500,1144,1193,1449,1500,1500,1500,1500,1500,1500,1372,1628,1500,1609,1500,2012,1500,1862,1720,1500,1520,1705,1500,988,8.3
2026-04-18,16:52:41.460,-73,-77,10,3907,41160,65,44,16,20964,51,46,1785,-415,601,359,1024,203,1024,0,-1,-1,-1,0x100048059C140245,1419,1732,1730,988,2012,1293,1800,1500,1500,1292,1193,1449,1500,1500,1500,1500,1500,1500,1372,1628,1500,1609,1500,2012,1500,1886,1732,1500,1520,1705,1500,988,8.3
2026-04-18,16:52:41.960,-68,-77,10,3898,17790,65,44,16,18774,51,46,1788,-409,350,359,1024,203,1024,0,-1,-1,-1,0x100048049C140205,1420,1604,1730,988,2012,1296,1675,1500,1500,1296,1193,1449,1500,1500,1500,1500,1500,1500,1372,1628,1500,1609,1500,2012,1500,1727,1604,1500,1520,1705,1500,988,8.3
2026-04-18,16:52:42.460,-76,-79,10,3897,15870,65,44,16,18250,52,46,1789,-678,317,359,1024,203,1024,0,-1,-1,-1,0x100048049C140245,1349,1596,1730,988,2012,1161,1658,1500,1500,1161,1193,1449,1500,1500,1500,1500,1500,1500,1372,1628,1500,1609,1500,2012,1500,1714,1596,1500,1520,1705,1500,988,8.3
2026-04-18,16:52:42.960,-82,-85,100,3896,11730,66,44,16,14098,52,46,1791,-508,413,359,1024,203,1024,0,-1,-1,-1,0x100048049C140205,1397,1632,1730,988,2012,1246,1706,1500,1500,1247,1193,1449,1500,1500,1500,1500,1500,1500,1372,1628,1500,1609,1500,2012,1500,1766,1632,1500,1520,1705,1500,988,8.3
2026-04-18,16:52:43.460,-84,-77,25,3902,5850,66,44,16,13910,52,46,1792,-995,4,359,1024,203,1024,0,-1,-1,-1,0x100048049C100245,1207,1501,1730,988,2012,1003,1502,1500,1500,1003,1193,1449,1500,1500,1500,1500,1500,1500,1183,2012,1500,1609,1500,2012,1500,1503,1501,1500,1520,1705,1500,988,8.3
2026-04-18,16:52:43.960,-80,-83,10,3906,2060,66,44,16,4434,52,46,1792,-1024,251,359,1024,203,1024,0,-1,-1,-1,0x100048009C140205,1188,1583,1730,988,2012,988,1625,1500,1500,988,1193,1449,1500,1500,1500,1500,1500,1500,1372,1628,1500,1609,1500,2012,1500,1685,1583,1500,1520,1705,1500,988,8.3
2026-04-18,16:52:44.460,-77,-76,10,3917,12960,66,44,16,8256,52,46,1793,-437,453,359,1024,203,1024,0,-1,-1,-1,0x100048009C141A85,1413,1647,1730,988,2012,1282,1726,1500,1500,1282,1193,1449,1500,1500,1500,1500,1500,1500,1372,1628,1500,1609,1500,2012,1500,1785,1647,1500,1520,1705,1500,988,8.3
2026-04-18,16:52:44.960,-82,-79,10,3912,21370,66,44,16,14606,52,46,1796,-65,438,359,1024,203,1024,0,-1,-1,-1,0x100048019C140E85,1483,1641,1730,988,2012,1468,1719,1500,1500,1453,1193,1449,1500,1500,1500,1500,1500,1500,1372,1628,1500,1609,1500,2012,1500,1798,1641,1500,1520,1705,1500,988,8.3
2026-04-18,16:52:45.460,-73,-77,25,3902,31350,66,44,16,20684,52,46,1800,2,747,359,1024,203,1024,0,-1,-1,-1,0x1000480598140645,1500,1792,1730,988,2012,1501,1873,1500,1500,1501,1193,1449,1500,1500,1500,1500,1500,1500,1372,1628,1500,1609,1500,2012,1500,1916,1792,1500,1520,1705,1500,988,8.3
2026-04-18,16:52:45.960,-86,-75,10,3893,4760,66,44,16,16074,52,46,1804,1,793,359,1024,203,1024,0,-1,-1,-1,0x1000480498140245,1500,1811,1730,988,2012,1500,1896,1500,1500,1501,1193,1449,1500,1500,1500,1500,1500,1500,1372,1628,1500,1609,1500,2012,1500,1929,1811,1500,1520,1705,1500,988,8.3
2026-04-18,16:52:46.460,-75,-70,10,3889,5040,66,44,16,24640,52,46,1806,855,-752,359,1024,203,1024,0,-1,-1,-1,0x100048049E1C0205,1695,1213,1730,1411,2012,1927,1124,1101,1500,1921,1193,1449,1500,1500,1500,1500,1500,1101,1029,2012,1500,1609,1500,2012,1500,1123,1500,1500,1520,1705,1101,988,8.3
2026-04-18,16:52:46.960,-74,-74,50,3890,2240,66,44,16,4482,52,46,1806,305,518,359,1024,203,1024,0,-1,-1,-1,0x100048009C140205,1574,1672,1730,988,2012,1652,1759,1500,1500,1693,1193,1449,1500,1500,1500,1500,1500,1500,1372,1628,1500,1609,1500,2012,1500,1816,1672,1500,1520,1705,1500,988,8.3
2026-04-18,16:52:47.460,-77,-78,100,3896,6620,66,44,16,8004,52,46,1808,1024,412,359,1024,203,1024,0,-1,-1,-1,0x100048009C140205,1776,1631,1730,988,2012,2012,1706,1500,1500,2012,1193,1449,1500,1500,1500,1500,1500,1500,1372,1628,1500,1609,1500,2012,1500,1765,1631,1500,1520,1705,1500,988,8.3
2026-04-18,16:52:47.960,-77,-78,10,3903,23990,66,44,16,12786,53,46,1810,627,622,359,1024,203,1024,0,-1,-1,-1,0x100048019C140605,1632,1719,1730,988,2012,1813,1811,1500,1500,1813,1193,1449,1500,1500,1500,1500,1500,1500,1372,1628,1500,1609,1500,2012,1500,1862,1719,1500,1520,1705,1500,988,8.3
2026-04-18,16:52:48.460,-78,-77,10,3895,31560,66,44,16,17462,53,46,1813,-46,887,359,1024,203,1024,0,-1,-1,-1,0x1000480198140205,1495,1858,1730,988,2012,1477,1943,1500,1500,1485,1193,1449,1500,1500,1500,1500,1500,1500,1372,1628,1500,1609,1500,2012,1500,1960,1858,1500,1520,1705,1500,988,8.3
2026-04-18,16:52:48.960,-73,-77,10,3874,61060,66,44,16,28042,53,46,1819,-4,1024,359,1024,203,1024,0,-1,-1,-1,0x1000480598142645,1500,2012,1730,988,2012,1498,2012,1500,1500,1498,1193,1449,1500,1500,1500,1500,1500,1500,1372,1628,1500,1609,1500,2012,1500,2012,2012,1500,1520,1705,1500,988,8.3
2026-04-18,16:52:49.460,-76,-77,10,3863,7250,66,44,16,17754,53,47,1824,681,254,359,1024,203,1024,0,-1,-1,-1,0x100048049C140205,1646,1583,1730,988,2012,1840,1627,1500,1500,1840,1193,1449,1500,1500,1500,1500,1500,1500,1372,1628,1500,1609,1500,2012,1500,1694,1583,1500,1520,1705,1500,988,8.3
2026-04-18,16:52:49.960,-75,-74,10,3859,13660,66,44,16,17196,53,47,1825,905,395,359,1024,203,1024,0,-1,-1,-1,0x100048049C141AC5,1719,1629,1730,988,2012,1952,1697,1500,1500,1952,1193,1449,1500,1500,1500,1500,1500,1500,1372,1628,1500,1609,1500,2012,1500,1762,1629,1500,1520,1705,1500,988,8.3
2026-04-18,16:52:50.460,-73,-75,10,3863,17480,66,44,16,15898,53,47,1827,955,526,359,1024,203,1024,0,-1,-1,-1,0x100048049C140A85,1741,1676,1730,988,2012,1977,1763,1500,1500,1977,1193,1449,1500,1500,1500,1500,1500,1500,1372,1628,1500,1609,1500,2012,1500,1820,1676,1500,1520,1705,1500,988,8.3
2026-04-18,16:52:50.960,-65,-74,10,3866,37130,66,44,16,19588,53,47,1830,916,696,359,1024,203,1024,0,-1,-1,-1,0x100048059C140AC5,1723,1759,1730,988,2012,1958,1848,1500,1500,1958,1193,1449,1500,1500,1500,1500,1500,1500,1372,1628,1500,1609,1500,2012,1500,1892,1759,1500,1520,1705,1500,988,8.3
2026-04-18,16:52:51.460,-84,-76,10,3871,41330,66,44,16,21332,53,47,1834,-268,802,359,1024,203,1024,0,-1,-1,-1,0x100048059C140E85,1452,1816,1730,988,2012,1366,1901,1500,1500,1372,1193,1449,1500,1500,1500,1500,1500,1500,1372,1628,1500,1609,1500,2012,1500,1933,1816,1500,1520,1705,1500,988,8.3
2026-04-18,16:52:51.960,-81,-76,10,3855,44420,66,44,16,25054,53,47,1840,-352,1024,359,1024,203,1024,0,-1,-1,-1,0x100048059C143245,1427,2012,1730,988,2012,1324,2012,1500,1500,1312,1193,1449,1500,1500,1500,1500,1500,1500,1372,1628,1500,1609,1500,2012,1500,2012,1971,1500,1520,1705,1500,988,8.3
2026-04-18,16:52:52.460,-89,-75,10,3839,19120,66,44,16,19310,53,47,1845,314,534,359,1024,203,1024,0,-1,-1,-1,0x100048049C140205,1559,1673,1730,988,2012,1657,1767,1500,1500,1657,1193,1449,1500,1500,1500,1500,1500,1500,1372,1628,1500,1609,1500,2012,1500,1823,1673,1500,1520,1705,1500,988,8.3
2026-04-18,16:52:52.960,-86,-78,10,3838,15090,66,44,16,17650,54,47,1847,630,387,359,1024,203,1024,0,-1,-1,-1,0x100048049C140245,1624,1622,1730,988,2012,1815,1693,1500,1500,1798,1193,1449,1500,1500,1500,1500,1500,1500,1372,1628,1500,1609,1500,2012,1500,1753,1622,1500,1520,1705,1500,988,8.3
2026-04-18,16:52:53.460,-87,-71,10,3848,11420,68,44,16,16104,54,47,1849,1024,524,359,1024,203,1024,0,-1,-1,-1,0x100048049C140205,1776,1704,1730,988,2012,2012,1762,1500,1500,2012,1193,1449,1500,1500,1500,1500,1500,1500,1372,1628,1500,1609,1500,2012,1500,1864,1704,1500,1520,1705,1500,988,8.3
2026-04-18,16:52:53.960,-74,-76,10,3856,21330,68,44,16,16750,54,47,1851,1024,532,359,1024,203,1024,0,-1,-1,-1,0x100048059C140645,1776,1682,1730,988,2012,2012,1766,1500,1500,2012,1193,1449,1500,1500,1500,1500,1500,1500,1372,1628,1500,1609,1500,2012,1500,1823,1682,1500,1520,1705,1500,988,8.3
2026-04-18,16:52:54.460,-66,-74,10,3875,4550,68,44,16,10048,54,47,1853,-1024,-416,359,1024,203,1024,0,-1,-1,-1,0x100048009E100205,1188,1308,1730,1308,2012,988,1292,1234,1500,988,1193,1449,1500,1500,1500,1500,1500,1234,1254,2012,1500,1609,1500,988,1500,1233,1500,1500,1520,1705,1187,988,8.3
2026-04-18,16:52:54.960,-67,-73,10,3878,12290,68,44,16,4736,54,47,1853,422,332,359,1024,202,1024,0,-1,-1,-1,0x100048009C140205,1553,1597,1730,988,2012,1711,1666,1500,1500,1644,1193,1449,1500,1500,1500,1500,1500,1500,1372,1628,1500,1609,1500,2012,1500,1722,1597,1500,1520,1705,1500,988,8.3
2026-04-18,16:52:55.460,-68,-64,10,3882,4900,68,44,16,7346,54,47,1856,1024,3,359,1024,204,1024,0,-1,-1,-1,0x100048009C140205,1776,1501,1730,988,2012,2012,1501,1500,1500,2012,1193,1449,1500,1500,1500,1500,1500,1500,1060,2012,1500,1609,1500,2012,1500,1502,1501,1500,1520,1705,1500,988,8.3
2026-04-18,16:52:55.960,-66,-64,10,3883,3150,66,44,16,2124,54,47,1856,-465,437,359,1024,203,1024,0,-1,-1,-1,0x100048009C140205,1413,1640,1730,988,2012,1268,1718,1500,1500,1281,1193,1449,1500,1500,1500,1500,1500,1500,1372,1628,1500,1609,1500,2012,1500,1777,1640,1500,1520,1705,1500,988,8.3
2026-04-18,16:52:56.460,-60,-72,10,3885,15020,66,44,16,9336,54,47,1858,14,282,359,1024,204,1024,0,-1,-1,-1,0x1000480098140205,1503,1601,1730,988,2012,1507,1641,1500,1500,1507,1193,1449,1500,1500,1500,1500,1500,1500,1372,1628,1500,1609,1500,2012,1500,1775,1601,1500,1520,1705,1500,988,8.3
2026-04-18,16:52:56.960,-60,-72,10,3881,24240,66,44,16,12874,54,47,1860,1022,378,359,1024,203,1024,0,-1,-1,-1,0x100048019C140605,1775,1635,1730,988,2012,2011,1689,1500,1500,2011,1193,1449,1500,1500,1500,1500,1500,1500,1372,1628,1500,1609,1500,2012,1500,1767,1635,1500,1520,1705,1500,988,8.3
2026-04-18,16:52:57.460,-62,-63,10,3881,15370,66,44,16,9492,54,47,1862,1022,349,359,1024,203,1024,0,-1,-1,-1,0x100048009C140205,1775,1612,1730,988,2012,2011,1674,1500,1500,2011,1193,1449,1500,1500,1500,1500,1500,1500,1372,1628,1500,1609,1500,2012,1500,1732,1612,1500,1520,1705,1500,988,8.3
2026-04-18,16:52:57.960,-67,-64,10,3877,21820,66,44,16,15898,54,48,1865,-252,648,359,1024,203,1024,0,-1,-1,-1,0x100048019C140605,1457,1734,1730,988,2012,1374,1824,1500,1500,1384,1193,1449,1500,1500,1500,1500,1500,1500,1372,1628,1500,1609,1500,2012,1500,1873,1734,1500,1520,1705,1500,988,8.3
2026-04-18,16:52:58.460,-67,-68,10,3873,17440,66,44,16,13654,54,48,1867,-665,474,359,1024,203,1024,0,-1,-1,-1,0x100048049C140245,1353,1656,1730,988,2012,1168,1737,1500,1500,1168,1193,1449,1500,1500,1500,1500,1500,1500,1372,1628,1500,1609,1500,2012,1500,1796,1656,1500,1520,1705,1500,988,8.3
2026-04-18,16:52:58.960,-64,-68,10,3870,27850,68,44,16,14890,54,48,1870,-430,359,359,1024,203,1024,0,-1,-1,-1,0x100048059C140645,1411,1632,1730,988,2012,1285,1679,1500,1500,1278,1193,1449,1500,1500,1500,1500,1500,1500,1372,1628,1500,1609,1500,2012,1500,1797,1632,1500,1520,1705,1500,988,8.3
2026-04-18,16:52:59.460,-62,-57,10,3871,14530,68,44,16,22866,54,48,1872,-285,452,359,1024,203,1024,0,-1,-1,-1,0x100048049C140205,1449,1663,1730,988,2012,1358,1726,1500,1500,1366,1193,1449,1500,1500,1500,1500,1500,1500,1372,1628,1500,1609,1500,2012,1500,1801,1663,1500,1520,1705,1500,988,8.3
2026-04-18,16:52:59.960,-62,-55,10,3873,800,68,44,16,16230,54,48,1873,-1024,-693,359,1024,203,1024,0,-1,-1,-1,0x100048049E1C0245,1188,1213,1730,1411,2012,988,1154,1101,1500,988,1193,1449,1500,1500,1500,1500,1500,1101,988,2012,1500,1609,1500,2012,1500,1232,1500,1500,1520,1705,1101,988,8.3
2026-04-18,16:53:00.460,-62,-57,10,3875,9070,68,44,16,6828,54,48,1874,-1024,302,359,1024,203,1024,0,-1,-1,-1,0x100048009C140205,1188,1571,1730,988,2012,988,1651,1500,1500,988,1193,1449,1500,1500,1500,1500,1500,1500,1372,1628,1500,1609,1500,2012,1500,1675,1571,1500,1520,1705,1500,988,8.3
2026-04-18,16:53:00.960,-60,-55,10,3883,9660,68,44,16,7594,54,48,1875,-1024,391,359,1024,203,1024,0,-1,-1,-1,0x100048009C140205,1188,1624,1730,988,2012,988,1695,1500,1500,988,1193,1449,1500,1500,1500,1500,1500,1500,1372,1628,1500,1609,1500,2012,1500,1754,1624,1500,1520,1705,1500,988,8.3
2026-04-18,16:53:01.460,-57,-68,10,3888,15230,68,44,16,9940,54,48,1877,-1024,451,359,1024,203,1024,0,-1,-1,-1,0x100048009C140205,1188,1646,1730,988,2012,988,1725,1500,1500,988,1193,1449,1500,1500,1500,1500,1500,1500,1372,1628,1500,1609,1500,2012,1500,1784,1646,1500,1520,1705,1500,988,8.3
2026-04-18,16:53:01.960,-65,-69,10,3885,17340,68,44,16,11546,54,48,1879,1024,-880,359,1024,203,1024,0,-1,-1,-1,0x100048009E180205,1776,1149,1730,1479,2012,2012,1060,1500,1014,2012,1193,1449,1500,1500,1500,1500,1500,1014,988,2012,1500,1609,1500,988,1500,1379,1500,1500,1520,1705,1014,988,8.3
2026-04-18,16:53:02.460,-65,-56,10,3884,6480,68,44,16,3952,54,48,1880,1024,326,359,1024,203,1024,0,-1,-1,-1,0x100048009C140205,1776,1599,1730,988,2012,2012,1663,1500,1500,2012,1193,1449,1500,1500,1500,1500,1500,1500,1372,1628,1500,1609,1500,2012,1500,1718,1599,1500,1520,1705,1500,988,8.3
2026-04-18,16:53:02.960,-60,-67,10,3885,9840,68,44,16,7504,54,48,1881,1024,316,359,1024,203,1024,0,-1,-1,-1,0x100048029C140205,1776,1596,1730,988,2012,2012,1658,1500,1500,2012,1193,1449,1500,1500,1500,1500,1500,1500,1372,1628,1500,1609,1500,2012,1500,1713,1596,1500,1520,1705,1500,988,8.3
2026-04-18,16:53:03.460,-55,-59,10,3884,17020,68,44,16,12038,54,48,1883,762,522,359,1024,203,1024,0,-1,-1,-1,0x100048029C140205,1668,1685,1730,988,2012,1881,1761,1500,1500,1880,1193,1449,1500,1500,1500,1500,1500,1500,1372,1628,1500,1609,1500,2012,1500,1824,1685,1500,1520,1705,1500,988,8.3
2026-04-18,16:53:03.960,-55,-59,10,3876,43160,68,44,16,18466,54,48,1887,97,110,359,1024,203,1024,0,-1,-1,-1,0x100048029C140205,1518,1537,1730,988,2012,1548,1555,1500,1500,1549,1193,1449,1500,1500,1500,1500,1500,1500,1372,1628,1500,1609,1500,2012,1500,1583,1537,1500,1520,1705,1500,988,8.3
2026-04-18,16:53:04.460,-51,-59,10,3878,9800,68,44,16,19434,54,48,1889,-144,331,359,1024,203,1024,0,-1,-1,-1,0x1000480A9C140205,1474,1595,1730,988,2012,1428,1665,1500,1500,1429,1193,1449,1500,1500,1500,1500,1500,1500,1372,1628,1500,1609,1500,2012,1500,1713,1595,1500,1520,1705,1500,988,8.3
2026-04-18,16:53:04.960,-65,-71,10,3875,21650,68,44,16,16142,54,48,1891,-88,19,359,1024,203,1024,0,-1,-1,-1,0x100048029C140205,1484,1507,1730,988,2012,1456,1509,1500,1500,1456,1193,1449,1500,1500,1500,1500,1500,1500,988,2012,1500,1609,1500,2012,1500,1515,1507,1500,1520,1705,1500,988,8.3
2026-04-18,16:53:05.460,-56,-65,10,3875,9380,68,44,16,5008,54,48,1892,1024,24,359,1024,203,1024,0,-1,-1,-1,0x100048029C140205,1776,1508,1730,988,2012,2012,1512,1500,1500,2012,1193,1449,1500,1500,1500,1500,1500,1500,1168,1832,1500,1609,1500,2012,1500,1519,1508,1500,1520,1705,1500,988,8.3
2026-04-18,16:53:05.960,-57,-67,10,3874,13060,68,44,16,6364,54,48,1893,845,430,359,1024,203,1024,0,-1,-1,-1,0x100048029C140205,1740,1641,1730,988,2012,1922,1720,1500,1500,1976,1193,1449,1500,1500,1500,1500,1500,1500,1372,1628,1500,1609,1500,2012,1500,1779,1641,1500,1520,1705,1500,988,8.3
2026-04-18,16:53:06.460,-66,-68,10,3882,28550,68,44,16,16766,54,48,1896,-883,539,359,1024,203,1024,0,-1,-1,-1,0x100048019C140605,1288,1676,1730,988,2012,1059,1769,1500,1500,1078,1193,1449,1500,1500,1500,1500,1500,1500,1372,1628,1500,1609,1500,2012,1500,1820,1676,1500,1520,1705,1500,988,8.3
2026-04-18,16:53:06.960,-69,-57,10,3878,14500,68,44,16,9394,54,48,1898,-772,-90,359,1024,203,1024,0,-1,-1,-1,0x100048009E140205,1302,1453,1730,1067,2012,1114,1455,1436,1500,1095,1193,1449,1500,1500,1500,1500,1500,1435,1219,1781,1500,1609,1500,2012,1500,1781,1500,1500,1520,1705,1436,988,8.3
2026-04-18,16:53:07.460,-69,-58,10,3877,3360,68,44,16,4296,54,48,1900,-881,382,359,1024,203,1024,0,-1,-1,-1,0x100048009C140205,1262,1620,1730,988,2012,1060,1691,1500,1500,1051,1193,1449,1500,1500,1500,1500,1500,1500,1372,1628,1500,1609,1500,2012,1500,1750,1620,1500,1520,1705,1500,988,8.3
2026-04-18,16:53:07.960,-52,-59,10,3875,8930,68,44,16,8572,54,48,1901,-784,397,359,1024,203,1024,0,-1,-1,-1,0x100048009C140205,1312,1639,1730,988,2012,1108,1698,1500,1500,1108,1193,1449,1500,1500,1500,1500,1500,1500,1372,1628,1500,1609,1500,2012,1500,1767,1639,1500,1520,1705,1500,988,8.3
2026-04-18,16:53:08.460,-56,-59,10,3873,16670,68,44,16,11972,54,48,1903,-346,627,359,1024,203,1024,0,-1,-1,-1,0x100048019C140605,1431,1723,1730,988,2012,1327,1813,1500,1500,1321,1193,1449,1500,1500,1500,1500,1500,1500,1372,1628,1500,1609,1500,2012,1500,1864,1723,1500,1520,1705,1500,988,8.3
2026-04-18,16:53:08.960,-69,-65,10,3874,17060,68,44,16,14270,54,49,1906,1024,-459,359,1024,203,1024,0,-1,-1,-1,0x100048089E1C0205,1776,1255,1730,1366,2012,2012,1271,1160,1500,2012,1193,1449,1500,1500,1500,1500,1500,1160,1029,2012,1500,1609,1500,2012,1500,1190,1500,1500,1520,1705,1160,988,8.3
2026-04-18,16:53:09.460,-75,-68,10,3880,8930,68,44,16,8346,54,49,1907,1024,344,359,1024,203,1024,0,-1,-1,-1,0x100048009C140205,1776,1606,1730,988,2012,2012,1672,1500,1500,2012,1193,1449,1500,1500,1500,1500,1500,1500,1372,1628,1500,1609,1500,2012,1500,1728,1606,1500,1520,1705,1500,988,8.3
2026-04-18,16:53:09.960,-75,-56,10,3879,13620,68,44,16,9606,55,49,1909,888,408,359,1024,203,1024,0,-1,-1,-1,0x100048009C140205,1712,1630,1730,988,2012,1944,1704,1500,1500,1944,1193,1449,1500,1500,1500,1500,1500,1500,1372,1628,1500,1609,1500,2012,1500,1763,1630,1500,1520,1705,1500,988,8.3
2026-04-18,16:53:10.460,-58,-75,10,3876,17200,68,44,16,11994,55,49,1910,587,488,359,1024,203,1024,0,-1,-1,-1,0x100048019C140605,1621,1661,1730,988,2012,1793,1744,1500,1500,1794,1193,1449,1500,1500,1500,1500,1500,1500,1372,1628,1500,1609,1500,2012,1500,1802,1661,1500,1520,1705,1500,988,8.3
2026-04-18,16:53:10.960,-66,-57,10,3875,20140,68,44,16,13618,55,49,1913,71,514,359,1024,203,1024,0,-1,-1,-1,0x100048009C140205,1512,1676,1730,988,2012,1535,1757,1500,1500,1535,1193,1449,1500,1500,1500,1500,1500,1500,1372,1628,1500,1609,1500,2012,1500,1819,1676,1500,1520,1705,1500,988,8.3
2026-04-18,16:53:11.460,-77,-67,10,3876,2200,68,44,16,8498,55,49,1915,547,326,359,1024,202,1024,0,-1,-1,-1,0x100048009C140205,1618,1590,1730,988,2012,1768,1663,1500,1500,1787,1193,1449,1500,1500,1500,1500,1500,1500,1372,1628,1500,1609,1500,2012,1500,1705,1590,1500,1520,1705,1500,988,8.3
2026-04-18,16:53:11.960,-66,-67,10,3876,13590,68,44,16,11470,55,49,1916,238,551,359,1024,203,1024,0,-1,-1,-1,0x100048009C140205,1544,1681,1730,988,2012,1619,1775,1500,1500,1619,1193,1449,1500,1500,1500,1500,1500,1500,1372,1628,1500,1609,1500,2012,1500,1826,1681,1500,1520,1705,1500,988,8.3
2026-04-18,16:53:12.460,-66,-61,10,3866,31000,68,44,16,28556,55,49,1921,295,319,359,1024,203,1024,0,-1,-1,-1,0x100048009C140205,1557,1586,1730,988,2012,1647,1666,1500,1500,1654,1193,1449,1500,1500,1500,1500,1500,1500,1372,1628,1500,1609,1500,2012,1500,1708,1586,1500,1520,1705,1500,988,8.3
2026-04-18,16:53:12.960,-65,-70,10,3862,34710,68,44,16,21254,55,49,1924,-3,855,359,1024,203,1024,0,-1,-1,-1,0x1000480598140205,1500,1839,1730,988,2012,1499,1927,1500,1500,1499,1193,1449,1500,1500,1500,1500,1500,1500,1372,1628,1500,1609,1500,2012,1500,1948,1839,1500,1520,1705,1500,988,8.3
2026-04-18,16:53:13.460,-56,-70,10,3846,57620,68,44,16,31508,55,49,1930,-205,1024,359,1024,203,1024,0,-1,-1,-1,0x100048059C142645,1462,2012,1730,988,2012,1398,2012,1500,1500,1398,1193,1449,1500,1500,1500,1500,1500,1500,1372,1628,1500,1609,1500,2012,1500,2012,2012,1500,1520,1705,1500,988,8.3
2026-04-18,16:53:13.960,-51,-70,10,3835,5290,68,44,16,19198,55,49,1934,-391,397,359,1024,203,1024,0,-1,-1,-1,0x100048049C140205,1424,1626,1730,988,2012,1305,1690,1500,1500,1305,1193,1449,1500,1500,1500,1500,1500,1500,1372,1628,1500,1609,1500,2012,1500,1757,1626,1500,1520,1705,1500,988,8.3
2026-04-18,16:53:14.460,-51,-70,10,3837,4580,68,44,16,17480,55,49,1935,163,258,359,1024,204,1024,0,-1,-1,-1,0x100048049C140245,1532,1570,1730,988,2012,1581,1629,1500,1500,1587,1193,1449,1500,1500,1500,1500,1500,1500,1372,1628,1500,1609,1500,2012,1500,1672,1570,1500,1520,1705,1500,988,8.3
2026-04-18,16:53:14.960,-63,-76,10,3846,9420,68,44,16,16618,55,49,1936,-182,579,359,1024,203,1024,0,-1,-1,-1,0x100048049C140205,1467,1702,1730,988,2012,1409,1789,1500,1500,1409,1193,1449,1500,1500,1500,1500,1500,1500,1372,1628,1500,1609,1500,2012,1500,1844,1702,1500,1520,1705,1500,988,8.3
2026-04-18,16:53:15.460,-61,-67,10,3856,1960,68,44,16,15904,55,49,1937,163,0,359,1024,203,1024,0,-1,-1,-1,0x100048049C140245,1529,1505,1730,988,2012,1589,1500,1500,1500,1581,1193,1449,1500,1500,1500,1500,1500,1500,1270,1730,1500,1609,1500,2012,1500,1507,1505,1500,1520,1705,1500,988,8.3
2026-04-18,16:53:15.960,-68,-65,10,3883,3040,68,44,16,10276,55,49,1938,858,210,359,1024,203,1024,0,-1,-1,-1,0x100048009C140205,1700,1563,1730,988,2012,1929,1605,1500,1500,1928,1193,1449,1500,1500,1500,1500,1500,1500,1372,1628,1500,1609,1500,2012,1500,1650,1563,1500,1520,1705,1500,988,8.3
2026-04-18,16:53:16.460,-69,-68,10,3881,34330,68,44,16,16826,55,49,1939,-688,646,359,1024,204,1024,0,-1,-1,-1,0x100048019C140605,1346,1749,1730,988,2012,1156,1817,1500,1500,1157,1193,1449,1500,1500,1500,1500,1500,1500,1372,1628,1500,1609,1500,2012,1500,1882,1749,1500,1520,1705,1500,988,8.3
2026-04-18,16:53:16.960,-75,-75,10,3879,42000,68,44,16,21896,55,50,1944,-729,784,359,1024,203,1024,0,-1,-1,-1,0x100048019C140605,1332,1806,1730,988,2012,1136,1892,1500,1500,1136,1193,1449,1500,1500,1500,1500,1500,1500,1372,1628,1500,1609,1500,2012,1500,1925,1806,1500,1520,1705,1500,988,8.3
2026-04-18,16:53:17.460,-76,-76,10,3865,14500,68,44,16,17224,55,50,1947,4,533,359,1024,204,1024,0,-1,-1,-1,0x1000480498140205,1501,1685,1730,988,2012,1502,1766,1500,1500,1502,1193,1449,1500,1500,1500,1500,1500,1500,1372,1628,1500,1609,1500,2012,1500,1830,1685,1500,1520,1705,1500,988,8.3
2026-04-18,16:53:17.960,-88,-76,10,3859,8930,68,44,16,15740,55,50,1949,-39,186,359,1024,204,1024,0,-1,-1,-1,0x1000480498140245,1494,1560,1730,988,2012,1481,1587,1500,1500,1481,1193,1449,1500,1500,1500,1500,1500,1500,1372,1628,1500,1609,1500,2012,1500,1647,1560,1500,1520,1705,1500,988,8.3
2026-04-18,16:53:18.460,-76,-74,10,3858,0,68,44,16,12974,55,50,1950,-983,-1024,359,1024,204,1024,0,-1,-1,-1,0x100048049E180205,1223,1149,1730,1479,2012,1009,988,1500,1014,1016,1193,1449,1500,1500,1500,1500,1500,1014,1326,2012,1500,1609,1500,988,1500,988,1500,1500,1520,1705,1014,988,8.3
2026-04-18,16:53:18.960,-84,-78,10,3866,1890,68,44,16,2348,55,50,1950,-1024,69,359,1024,204,1024,0,-1,-1,-1,0x100048009C140205,1188,1532,1730,988,2012,988,1526,1500,1500,988,1193,1449,1500,1500,1500,1500,1500,1500,1372,1628,1500,1609,1500,2012,1500,1564,1532,1500,1520,1705,1500,988,8.3
2026-04-18,16:53:19.460,-85,-81,25,3876,4230,68,44,16,4684,55,50,1950,-1024,383,359,1024,203,1024,0,-1,-1,-1,0x100048009C140205,1188,1620,1730,988,2012,988,1692,1500,1500,988,1193,1449,1500,1500,1500,1500,1500,1500,1372,1628,1500,1609,1500,2012,1500,1750,1620,1500,1520,1705,1500,988,8.3
2026-04-18,16:53:19.960,-83,-81,10,3882,24310,68,44,16,11848,55,50,1952,-47,698,359,1024,204,1024,0,-1,-1,-1,0x1000480198140605,1492,1753,1730,988,2012,1469,1849,1500,1500,1477,1193,1449,1500,1500,1500,1500,1500,1500,1372,1628,1500,1609,1500,2012,1500,1888,1753,1500,1520,1705,1500,988,8.3
2026-04-18,16:53:20.460,-86,-77,10,3872,29460,68,44,16,18332,55,50,1956,272,464,359,1024,203,1024,0,-1,-1,-1,0x100048009C140205,1553,1637,1730,988,2012,1635,1739,1500,1500,1643,1193,1449,1500,1500,1500,1500,1500,1500,1372,1628,1500,1609,1500,2012,1500,1783,1637,1500,1520,1705,1500,988,8.3
2026-04-18,16:53:20.960,-91,-87,10,3860,31840,68,44,16,17264,55,50,1960,12,4,359,1024,204,1024,0,-1,-1,-1,0x1000480498140205,1502,1501,1730,988,2012,1506,1502,1500,1500,1506,1193,1449,1500,1500,1500,1500,1500,1500,1219,1781,1500,1609,1500,2012,1500,1604,1501,1500,1520,1705,1500,988,8.3
2026-04-18,16:53:21.460,-79,-76,10,3857,0,68,44,16,13796,55,50,1962,-40,560,359,1024,204,1024,0,-1,-1,-1,0x1000480498140245,1494,1690,1730,988,2012,1480,1780,1500,1500,1481,1193,1449,1500,1500,1500,1500,1500,1500,1372,1628,1500,1609,1500,2012,1500,1835,1690,1500,1520,1705,1500,988,8.3
2026-04-18,16:53:21.960,-78,-77,10,3856,2270,68,44,16,19686,55,50,1963,901,-260,359,1024,204,1024,0,-1,-1,-1,0x100048049E100205,1728,1365,1730,1219,2012,1950,1370,1313,1500,1963,1193,1449,1500,1500,1500,1500,1500,1313,1111,2012,1500,1609,1500,988,1500,1312,1500,1500,1520,1705,1280,988,8.3
2026-04-18,16:53:22.460,-78,-74,10,3857,0,68,44,16,1928,55,50,1963,-405,31,359,1024,203,1024,0,-1,-1,-1,0x100048009C140205,1427,1507,1730,988,2012,1298,1515,1500,1500,1311,1193,1449,1500,1500,1500,1500,1500,1500,1372,2012,1500,1609,1500,2012,1500,1515,1507,1500,1520,1705,1500,988,8.3
2026-04-18,16:53:22.960,-73,-88,10,3872,0,68,44,16,1156,55,50,1963,-275,7,359,1024,204,1024,0,-1,-1,-1,0x100048009C140205,1448,1502,1730,988,2012,1363,1503,1500,1500,1362,1193,1449,1500,1500,1500,1500,1500,1500,1372,2012,1500,1609,1500,2012,1500,1505,1502,1500,1520,1705,1500,988,8.3
2026-04-18,16:53:23.460,-71,-73,10,3882,0,68,44,16,0,55,50,1963,-105,31,359,1024,204,1024,0,-1,-1,-1,0x100048009C140205,1481,1511,1730,988,2012,1448,1515,1500,1500,1448,1193,1449,1500,1500,1500,1500,1500,1500,1500,2012,1500,1609,1500,2012,1500,1524,1511,1500,1520,1705,1500,988,8.3
2026-04-18,16:53:23.960,-73,-78,10,3877,35240,68,44,16,6914,55,50,1966,-19,134,359,1024,204,1024,0,-1,-1,-1,0x1000480098140205,1497,1547,1730,988,2012,1491,1567,1500,1500,1491,1193,1449,1500,1500,1500,1500,1500,1500,1372,1628,1500,1609,1500,2012,1500,1643,1547,1500,1520,1705,1500,988,8.3
2026-04-18,16:53:24.460,-72,-78,10,3875,0,68,44,16,3800,55,50,1968,1,3,359,1024,204,1024,0,-1,-1,-1,0x1000480098140205,1500,1501,1730,988,2012,1500,1501,1500,1500,1500,1193,1449,1500,1500,1500,1500,1500,1500,1326,2012,1500,1609,1500,2012,1500,1502,1501,1500,1520,1705,1500,988,8.3
2026-04-18,16:53:24.960,-73,-78,10,3875,0,68,44,16,1292,55,50,1968,0,3,359,1024,204,1024,0,-1,-1,-1,0x1000480098140205,1500,1501,1730,988,2012,1500,1501,1500,1500,1500,1193,1449,1500,1500,1500,1500,1500,1500,1372,2012,1500,1609,1500,2012,1500,1502,1501,1500,1520,1705,1500,988,8.3
2026-04-18,16:53:25.460,-72,-79,10,3875,0,68,44,16,0,55,50,1968,-1002,192,359,1024,204,1024,0,-1,-1,-1,0x100048009C140205,1188,1553,1730,988,2012,1005,1596,1500,1500,988,1193,1449,1500,1500,1500,1500,1500,1500,1372,1628,1500,1609,1500,2012,1500,1630,1553,1500,1520,1705,1500,988,8.3
2026-04-18,16:53:25.960,-73,-79,10,3876,7320,68,44,16,1460,55,50,1969,1024,1,359,1024,204,1024,0,-1,-1,-1,0x100048009C140205,1776,1500,1730,988,2012,2012,1501,1500,1500,2012,1193,1449,1500,1500,1500,1500,1500,1500,988,2012,1500,1609,1500,2012,1500,1501,1500,1500,1520,1705,1500,988,8.3
2026-04-18,16:53:26.460,-75,-71,10,3882,9630,68,44,16,3244,55,50,1971,1024,250,359,1024,204,1024,0,-1,-1,-1,0x100048089C140205,1776,1571,1730,988,2012,2012,1624,1500,1500,2012,1193,1449,1500,1500,1500,1500,1500,1500,1372,1628,1500,1609,1500,2012,1500,1675,1571,1500,1520,1705,1500,988,8.3
2026-04-18,16:53:26.960,-75,-71,10,3885,1750,68,44,16,1068,54,50,1971,1024,152,359,1024,203,1024,0,-1,-1,-1,0x100048089C140205,1776,1547,1730,988,2012,2012,1576,1500,1500,2012,1193,1449,1500,1500,1500,1500,1500,1500,1372,1628,1500,1609,1500,2012,1500,1612,1547,1500,1520,1705,1500,988,8.3
2026-04-18,16:53:27.460,-75,-72,10,3889,3220,68,44,16,684,54,50,1971,95,145,359,1024,203,1024,0,-1,-1,-1,0x100048089C140205,1517,1545,1730,988,2012,1547,1572,1500,1500,1548,1193,1449,1500,1500,1500,1500,1500,1500,1372,1628,1500,1609,1500,2012,1500,1608,1545,1500,1520,1705,1500,988,8.3
2026-04-18,16:53:27.960,-75,-72,10,3891,560,68,44,16,418,54,50,1972,-3,4,359,1024,203,1024,0,-1,-1,-1,0x1000480A98140205,1500,1501,1730,988,2012,1499,1502,1500,1500,1499,1193,1449,1500,1500,1500,1500,1500,1500,1264,2012,1500,1609,1500,2012,1500,1503,1501,1500,1520,1705,1500,988,8.3
2026-04-18,16:53:28.460,-74,-75,10,3890,0,68,44,16,0,54,50,1972,-1,2,359,1024,204,1024,0,-1,-1,-1,0x1000480A98140205,1500,1500,1730,988,2012,1500,1501,1500,1500,1500,1193,1449,1500,1500,1500,1500,1500,1500,1372,2012,1500,1609,1500,2012,1500,1501,1500,1500,1520,1705,1500,988,8.3
2026-04-18,16:53:28.960,-79,-75,10,3891,0,68,44,16,0,54,50,1972,25,2,359,1024,204,1024,0,-1,-1,-1,0x1000480A98140205,1504,1500,1730,988,2012,1512,1501,1500,1500,1512,1193,1449,1500,1500,1500,1500,1500,1500,1385,2012,1500,1609,1500,2012,1500,1501,1500,1500,1520,1705,1500,988,8.3
2026-04-18,16:53:29.460,-78,-75,10,3887,16570,68,44,16,3546,55,50,1973,918,127,359,1024,204,1024,0,-1,-1,-1,0x1000480A9C140205,1724,1541,1730,988,2012,1959,1563,1500,1500,1959,1193,1449,1500,1500,1500,1500,1500,1500,1372,1628,1500,1609,1500,2012,1500,1595,1541,1500,1520,1705,1500,988,8.3
2026-04-18,16:53:29.960,-81,-81,10,3885,9800,68,44,16,3018,55,50,1974,872,361,359,1024,204,1024,0,-1,-1,-1,0x1000480A9C140205,1705,1612,1730,988,2012,1936,1681,1500,1500,1935,1193,1449,1500,1500,1500,1500,1500,1500,1372,1628,1500,1609,1500,2012,1500,1738,1612,1500,1520,1705,1500,988,8.3
2026-04-18,16:53:30.460,-76,-80,10,3881,12010,68,44,16,4010,54,50,1976,888,2,359,1024,204,1024,0,-1,-1,-1,0x1000480A9C140205,1712,1501,1730,988,2012,1944,1501,1500,1500,1944,1193,1449,1500,1500,1500,1500,1500,1500,988,2012,1500,1609,1500,2012,1500,1501,1501,1500,1520,1705,1500,988,8.3
2026-04-18,16:53:30.960,-79,-79,10,3883,0,68,44,16,2518,54,50,1977,440,2,359,1024,203,1024,0,-1,-1,-1,0x1000480A9C140205,1588,1500,1730,988,2012,1712,1501,1500,1500,1725,1193,1449,1500,1500,1500,1500,1500,1500,1372,2012,1500,1609,1500,2012,1500,1501,1500,1500,1520,1705,1500,988,8.3
2026-04-18,16:53:31.460,-74,-80,10,3883,4860,68,44,16,188,54,50,1977,-1024,215,359,1024,204,1024,0,-1,-1,-1,0x1000480A9C140205,1188,1561,1730,988,2012,988,1607,1500,1500,988,1193,1449,1500,1500,1500,1500,1500,1500,1372,1628,1500,1609,1500,2012,1500,1653,1561,1500,1520,1705,1500,988,8.3
2026-04-18,16:53:31.960,-86,-76,10,3885,5920,68,44,16,1804,54,50,1978,-219,0,359,1024,203,1024,0,-1,-1,-1,0x1000480A9C140205,1457,1500,1730,988,2012,1398,1500,1500,1500,1385,1193,1449,1500,1500,1500,1500,1500,1500,1192,2012,1500,1609,1500,2012,1500,1500,1500,1500,1520,1705,1500,988,8.3
2026-04-18,16:53:32.460,-86,-80,25,3885,0,68,44,16,172,55,50,1978,-1,0,359,1024,204,1024,0,-1,-1,-1,0x1000480A98140205,1500,1500,1730,988,2012,1500,1500,1500,1500,1500,1193,1449,1500,1500,1500,1500,1500,1500,1372,2012,1500,1609,1500,2012,1500,1500,1500,1500,1520,1705,1500,988,8.3
2026-04-18,16:53:32.960,-79,-77,10,3885,0,68,44,16,0,55,50,1978,-1,0,359,1024,204,1024,0,-1,-1,-1,0x1000480A98140205,1500,1500,1730,988,2012,1500,1500,1500,1500,1500,1193,1449,1500,1500,1500,1500,1500,1500,1372,2012,1500,1609,1500,2012,1500,1500,1500,1500,1520,1705,1500,988,8.3
2026-04-18,16:53:33.460,-76,-78,10,3885,1430,66,44,16,126,55,50,1978,-1024,943,359,1024,203,1024,0,-1,-1,-1,0x1000480A9C140205,1188,1862,1730,988,2012,988,1971,1500,1500,988,1193,1449,1500,1500,1500,1500,1500,1500,1372,1628,1500,1609,1500,2012,1500,1983,1862,1500,1520,1705,1500,988,8.3
2026-04-18,16:53:33.960,-72,-82,10,3859,56990,66,44,16,15634,55,50,1988,171,-345,359,1024,204,1024,0,-1,-1,-1,0x100048089E100205,1524,1327,1730,1284,2012,1585,1328,1261,1500,1568,1193,1449,1500,1500,1500,1500,1500,1269,1152,2012,1500,1609,1500,988,1500,1261,1500,1500,1520,1705,1229,988,8.3
2026-04-18,16:53:34.460,-81,-88,10,3842,98050,66,44,16,7174,55,50,1995,1024,-248,359,1024,204,1024,0,-1,-1,-1,0x100048089E1C0205,1776,1346,1730,1252,2012,2012,1376,1287,1500,2012,1193,1449,1500,1500,1500,1500,1500,1287,999,2012,1500,1609,1500,2012,1500,1591,1500,1500,1520,1705,1287,988,8.3
2026-04-18,16:53:34.960,-84,-67,250,3838,0,66,44,16,2186,55,50,2000,1024,384,359,1024,203,1024,0,-1,-1,-1,0x100048089C140205,1776,1617,1730,988,2012,2012,1692,1500,1500,2012,1193,1449,1500,1500,1500,1500,1500,1500,1372,1628,1500,1609,1500,2012,1500,1750,1617,1500,1520,1705,1500,988,8.3
2026-04-18,16:53:35.460,-74,-75,10,3834,31810,68,44,16,12048,55,50,2002,-316,457,359,1024,204,1024,0,-1,-1,-1,0x100048089C140205,1442,1654,1730,988,2012,1342,1728,1500,1500,1347,1193,1449,1500,1500,1500,1500,1500,1500,1372,1628,1500,1609,1500,2012,1500,1787,1654,1500,1520,1705,1500,988,8.3
2026-04-18,16:53:35.960,-78,-83,10,3831,28200,68,44,16,14698,55,51,2006,-2,747,359,1024,204,1024,0,-1,-1,-1,0x1000480998140605,1500,1786,1730,988,2012,1499,1873,1500,1500,1499,1193,1449,1500,1500,1500,1500,1500,1500,1372,1628,1500,1609,1500,2012,1500,1912,1786,1500,1520,1705,1500,988,8.3
2026-04-18,16:53:36.460,-81,-77,10,3835,28790,68,44,16,26692,55,51,2010,26,995,359,1024,204,1024,0,-1,-1,-1,0x1000480598142605,1503,1975,1730,988,2012,1513,1997,1500,1500,1507,1193,1449,1500,1500,1500,1500,1500,1500,1372,1628,1500,1609,1500,2012,1500,2002,1975,1500,1520,1705,1500,988,8.3
2026-04-18,16:53:36.960,-76,-82,10,3838,14110,68,44,16,18056,55,51,2015,541,393,359,1024,204,1024,0,-1,-1,-1,0x100048049C140245,1609,1624,1730,988,2012,1770,1696,1500,1500,1770,1193,1449,1500,1500,1500,1500,1500,1500,1372,1628,1500,1609,1500,2012,1500,1755,1624,1500,1520,1705,1500,988,8.3
2026-04-18,16:53:37.460,-75,-74,10,3839,6200,68,44,16,14396,55,51,2016,844,296,359,1024,204,1024,0,-1,-1,-1,0x100048049C141A85,1695,1589,1730,988,2012,1922,1648,1500,1500,1922,1193,1449,1500,1500,1500,1500,1500,1500,1372,1628,1500,1609,1500,2012,1500,1703,1589,1500,1520,1705,1500,988,8.3
2026-04-18,16:53:37.960,-68,-77,10,3847,3150,68,44,16,9436,55,51,2016,897,421,359,1024,204,1024,0,-1,-1,-1,0x100048009C140A85,1715,1634,1730,988,2012,1948,1711,1500,1500,1948,1193,1449,1500,1500,1500,1500,1500,1500,1372,1628,1500,1609,1500,2012,1500,1769,1634,1500,1520,1705,1500,988,8.3
2026-04-18,16:53:38.460,-70,-76,10,3853,12990,68,44,16,10754,56,51,2018,758,506,359,1024,204,1024,0,-1,-1,-1,0x100048009C140A85,1672,1668,1730,988,2012,1879,1753,1500,1500,1886,1193,1449,1500,1500,1500,1500,1500,1500,1372,1628,1500,1609,1500,2012,1500,1811,1668,1500,1520,1705,1500,988,8.3
2026-04-18,16:53:38.970,-71,-77,10,3864,31140,68,44,16,19896,56,51,2021,0,863,359,1024,203,1024,0,-1,-1,-1,0x1000480198140E85,1500,1850,1730,988,2012,1500,1931,1500,1500,1500,1193,1449,1500,1500,1500,1500,1500,1500,1372,1628,1500,1609,1500,2012,1500,1955,1850,1500,1520,1705,1500,988,8.3
2026-04-18,16:53:39.460,-74,-72,10,3856,28370,68,44,16,18276,56,51,2025,-380,73,359,1024,203,1024,0,-1,-1,-1,0x100048049C140245,1426,1527,1730,988,2012,1310,1536,1500,1500,1310,1193,1449,1500,1500,1500,1500,1500,1500,1372,1628,1500,1609,1500,2012,1500,1556,1527,1500,1520,1705,1500,988,8.3
2026-04-18,16:53:39.960,-74,-73,10,3853,520,68,44,16,13648,56,51,2026,7,91,359,1024,203,1024,0,-1,-1,-1,0x1000480498140205,1501,1532,1730,988,2012,1503,1545,1500,1500,1503,1193,1449,1500,1500,1500,1500,1500,1500,1372,1628,1500,1609,1500,2012,1500,1569,1532,1500,1520,1705,1500,988,8.3
2026-04-18,16:53:40.460,-89,-76,10,3854,170,70,44,16,12154,56,51,2026,0,82,359,1024,204,1024,0,-1,-1,-1,0x1000480498140245,1500,1530,1730,988,2012,1500,1541,1500,1500,1500,1193,1449,1500,1500,1500,1500,1500,1500,1372,1628,1500,1609,1500,2012,1500,1563,1530,1500,1520,1705,1500,988,8.3
2026-04-18,16:53:40.960,-76,-75,100,3854,0,70,44,16,9872,56,51,2026,48,95,359,1024,203,1024,0,-1,-1,-1,0x1000480098140205,1509,1533,1730,988,2012,1524,1547,1500,1500,1524,1193,1449,1500,1500,1500,1500,1500,1500,1372,1628,1500,1609,1500,2012,1500,1572,1533,1500,1520,1705,1500,988,8.3
2026-04-18,16:53:41.460,-91,-79,10,3870,240,70,44,16,5252,56,51,2026,46,96,359,1024,204,1024,0,-1,-1,-1,0x1000480098140205,1508,1534,1730,988,2012,1523,1548,1500,1500,1522,1193,1449,1500,1500,1500,1500,1500,1500,1372,1628,1500,1609,1500,2012,1500,1573,1534,1500,1520,1705,1500,988,8.3
2026-04-18,16:53:41.960,-82,-77,10,3882,240,70,44,16,2514,56,51,2026,0,51,359,1024,204,1024,0,-1,-1,-1,0x1000480098140205,1500,1519,1730,988,2012,1500,1525,1500,1500,1500,1193,1449,1500,1500,1500,1500,1500,1500,1117,1883,1500,1609,1500,2012,1500,1539,1519,1500,1520,1705,1500,988,8.3
2026-04-18,16:53:42.460,-85,-72,10,3884,0,70,44,16,1628,56,51,2026,-1,0,359,1024,204,1024,0,-1,-1,-1,0x1000480098140205,1500,1500,1730,988,2012,1500,1500,1500,1500,1499,1193,1449,1500,1500,1500,1500,1500,1500,1372,2012,1500,1609,1500,2012,1500,1500,1500,1500,1520,1705,1500,988,8.3
2026-04-18,16:53:42.960,-74,-74,10,3887,0,70,44,16,130,56,51,2026,-1,-1,359,1024,204,1024,0,-1,-1,-1,0x1000480098140205,1500,1500,1730,989,2012,1500,1500,1499,1500,1500,1193,1449,1500,1500,1500,1500,1500,1499,1372,2012,1500,1609,1500,2012,1500,1499,1500,1500,1520,1705,1499,988,8.3
2026-04-18,16:53:43.460,-74,-74,10,3890,0,68,44,16,0,56,51,2026,-2,-2,359,1024,203,1024,0,-1,-1,-1,0x1000480298140205,1500,1499,1730,989,2012,1499,1499,1499,1500,1499,1193,1449,1500,1500,1500,1500,1500,1499,1500,2012,1500,1609,1500,2012,1500,1499,1500,1500,1520,1705,1499,988,8.3
2026-04-18,16:53:43.960,-74,-69,10,3887,0,68,44,16,0,55,51,2026,-2,-3,359,1024,203,1024,0,-1,-1,-1,0x1000480298140205,1500,1499,1730,989,2012,1499,1499,1499,1500,1499,1193,1449,1500,1500,1500,1500,1500,1499,1500,2012,1500,1609,1500,2012,1500,1498,1500,1500,1520,1705,1497,988,8.3
2026-04-18,16:53:44.460,-88,-78,10,3883,0,68,44,16,0,55,51,2026,-2,-3,359,1024,203,1024,0,-1,-1,-1,0x1000480298140205,1500,1499,1730,989,2012,1499,1499,1499,1500,1499,1193,1449,1500,1500,1500,1500,1500,1499,1500,2012,1500,1609,1500,2012,1500,1499,1500,1500,1520,1705,1499,988,8.3
2026-04-18,16:53:44.960,-84,-69,10,3883,0,68,44,16,0,55,51,2026,-2,-2,359,1024,204,1024,0,-1,-1,-1,0x1000480A98140205,1500,1499,1707,989,2012,1499,1499,1499,1500,1499,1193,1449,1500,1500,1500,1500,1500,1499,1500,2012,1500,1609,1500,2012,1500,1499,1500,1500,1520,1705,1499,988,8.3
2026-04-18,16:53:45.460,-74,-76,10,3883,0,68,44,16,0,55,51,2026,-2,-2,359,1024,203,1024,0,-1,-1,-1,0x1000480A98140204,1500,1499,1500,989,2012,1499,1499,1499,1500,1499,1193,1449,1500,1500,1500,1500,1500,1499,1500,2012,1500,1609,1500,2012,1500,1499,1500,1500,1520,1705,1499,988,8.3
2026-04-18,16:53:45.960,-77,-76,10,3883,0,68,44,16,0,55,51,2026,-2,-2,359,1024,204,1024,0,-1,-1,-1,0x1000480A98140204,1500,1499,1500,989,2012,1499,1499,1499,1500,1499,1193,1449,1500,1500,1500,1500,1500,1499,1500,2012,1500,1609,1500,2012,1500,1499,1500,1500,1520,1705,1499,988,8.3
2026-04-18,16:53:46.460,-83,-82,10,3883,0,68,44,16,0,55,51,2026,-2,-3,359,1024,204,1024,0,-1,-1,-1,0x1000480A98140204,1500,1499,1500,989,2012,1499,1499,1499,1500,1499,1193,1449,1500,1500,1500,1500,1500,1499,1500,2012,1500,1609,1500,2012,1500,1499,1500,1500,1520,1705,1499,988,8.3
2026-04-18,16:53:46.960,-80,-80,10,3883,0,68,44,16,0,55,51,2026,-3,-3,359,1024,204,1024,0,-1,-1,-1,0x1000480A98140204,1500,1498,1500,992,2012,1499,1499,1497,1500,1499,1193,1449,1500,1500,1500,1500,1500,1497,1500,2012,1500,1609,1500,2012,1500,1498,1500,1500,1520,1705,1497,988,8.3
2026-04-18,16:53:47.460,-80,-77,10,3883,0,68,44,16,0,54,51,2026,-3,-2,359,1024,203,1024,0,-1,-1,-1,0x1000480A98140204,1500,1499,1500,989,2012,1499,1499,1499,1500,1499,1193,1449,1500,1500,1500,1500,1500,1499,1500,2012,1500,1609,1500,2012,1500,1499,1500,1500,1520,1705,1499,988,8.3
2026-04-18,16:53:47.960,-82,-76,10,3883,0,68,44,16,0,54,51,2026,-2,-2,359,1024,204,1024,0,-1,-1,-1,0x1000480A98140204,1500,1499,1500,989,2012,1499,1499,1499,1500,1499,1193,1449,1500,1500,1500,1500,1500,1499,1500,2012,1500,1609,1500,2012,1500,1499,1500,1500,1520,1705,1499,988,8.3
2026-04-18,16:53:48.460,-82,-78,10,3883,0,68,44,16,0,54,51,2026,-2,-2,359,1024,204,1024,0,-1,-1,-1,0x1000480A98140204,1500,1499,1500,989,2012,1499,1499,1499,1500,1499,1193,1449,1500,1500,1500,1500,1500,1499,1500,2012,1500,1609,1500,2012,1500,1499,1500,1500,1520,1705,1499,988,8.3
2026-04-18,16:53:48.960,-92,-79,10,3883,0,68,44,16,0,54,51,2026,-1,-2,359,1024,204,1024,0,-1,-1,-1,0x1000480A98140204,1500,1499,1500,989,2012,1500,1499,1499,1500,1499,1193,1449,1500,1500,1500,1500,1500,1499,1500,2012,1500,1609,1500,2012,1500,1499,1500,1500,1520,1705,1499,988,8.3
2026-04-18,16:53:49.460,-84,-83,250,3883,0,68,44,16,0,54,51,2026,-2,-2,359,1024,203,1024,0,-1,-1,-1,0x1000480A98140204,1500,1499,1500,989,2012,1499,1499,1499,1500,1499,1193,1449,1500,1500,1500,1500,1500,1499,1500,2012,1500,1609,1500,2012,1500,1499,1500,1500,1520,1705,1499,988,8.3
2026-04-18,16:53:49.960,-85,-83,10,3883,0,68,44,16,0,54,51,2026,-1,-2,359,1024,204,1024,0,-1,-1,-1,0x1000480A98140204,1500,1499,1500,989,2012,1500,1499,1499,1500,1500,1193,1449,1500,1500,1500,1500,1500,1499,1500,2012,1500,1609,1500,2012,1500,1499,1500,1500,1520,1705,1499,988,8.3
2026-04-18,16:53:50.460,-88,-85,10,3883,0,68,44,16,0,54,51,2026,-2,-2,359,1024,203,1024,0,-1,-1,-1,0x1000480A98140204,1500,1499,1500,989,2012,1499,1499,1499,1500,1499,1193,1449,1500,1500,1500,1500,1500,1499,1500,2012,1500,1609,1500,2012,1500,1499,1500,1500,1520,1705,1499,988,8.3
2026-04-18,16:53:50.960,-82,-81,10,3883,0,68,44,16,0,54,51,2026,-2,-3,359,1024,203,1024,0,-1,-1,-1,0x1000480A98140204,1500,1498,1500,992,2012,1499,1499,1497,1500,1499,1193,1449,1500,1500,1500,1500,1500,1497,1500,2012,1500,1609,1500,2012,1500,1498,1500,1500,1520,1705,1497,988,8.3
2026-04-18,16:53:51.460,-90,-81,10,3883,0,68,44,16,0,54,51,2026,-1,-2,359,1024,203,1024,0,-1,-1,-1,0x1000480A98140204,1500,1499,1500,989,2012,1500,1499,1499,1500,1500,1193,1449,1500,1500,1500,1500,1500,1499,1500,2012,1500,1609,1500,2012,1500,1499,1500,1500,1520,1705,1499,988,8.3
2026-04-18,16:53:51.960,-79,-77,10,3883,0,66,44,16,0,54,51,2026,-1,-2,359,1024,203,1024,0,-1,-1,-1,0x1000480A98140204,1500,1499,1500,989,2012,1500,1499,1499,1500,1500,1193,1449,1500,1500,1500,1500,1500,1499,1500,2012,1500,1609,1500,2012,1500,1499,1500,1500,1520,1705,1499,988,8.3
2026-04-18,16:53:52.460,-83,-78,25,3883,0,66,44,16,0,54,51,2026,-1,0,359,1024,204,1024,0,-1,-1,-1,0x1000480A98140204,1500,1500,1500,988,2012,1500,1500,1500,1500,1499,1193,1449,1500,1500,1500,1500,1500,1500,1500,2012,1500,1609,1500,2012,1500,1500,1500,1500,1520,1705,1500,988,8.3
2026-04-18,16:53:52.960,-82,-88,50,3883,0,66,44,16,0,53,51,2026,-1,-1,359,1024,203,1024,0,-1,-1,-1,0x1000480A98140204,1500,1500,1500,989,2012,1500,1500,1499,1500,1500,1193,1449,1500,1500,1500,1500,1500,1499,1500,2012,1500,1609,1500,2012,1500,1499,1500,1500,1520,1705,1499,988,8.3
2026-04-18,16:53:53.460,-81,-84,50,3886,0,66,44,16,0,53,51,2026,-2,-1,359,1024,203,1024,0,-1,-1,-1,0x1000480A98140204,1500,1500,1500,988,2012,1499,1500,1500,1500,1499,1193,1449,1500,1500,1500,1500,1500,1500,1500,2012,1500,1609,1500,2012,1500,1499,1500,1500,1520,1705,1499,988,8.3
2026-04-18,16:53:53.960,-79,-83,250,3888,0,66,44,16,0,53,51,2026,-2,-1,359,1024,203,1024,0,-1,-1,-1,0x1000480A98140204,1500,1500,1500,989,2012,1499,1500,1499,1500,1499,1193,1449,1500,1500,1500,1500,1500,1499,1500,2012,1500,1609,1500,2012,1500,1499,1500,1500,1520,1705,1499,988,8.3
2026-04-18,16:53:54.460,-78,-76,25,3892,0,66,44,16,0,53,51,2026,-2,-1,359,1024,203,1024,0,-1,-1,-1,0x1000480A98140204,1500,1500,1500,989,2012,1499,1500,1499,1500,1499,1193,1449,1500,1500,1500,1500,1500,1499,1500,2012,1500,1609,1500,2012,1500,1499,1500,1500,1520,1705,1499,988,8.3
2026-04-18,16:53:54.960,-85,-93,25,3895,0,66,44,16,0,53,51,2026,-2,-1,359,1024,203,1024,0,-1,-1,-1,0x1000480A98140204,1500,1500,1500,989,2012,1499,1500,1499,1500,1499,1193,1449,1500,1500,1500,1500,1500,1499,1500,2012,1500,1609,1500,2012,1500,1499,1500,1500,1520,1705,1499,988,8.3
2026-04-18,16:53:55.460,-85,-83,100,3898,0,66,44,16,0,53,51,2026,-2,-1,359,1024,203,1024,0,-1,-1,-1,0x1000480A98140204,1500,1500,1500,989,2012,1499,1500,1499,1500,1499,1193,1449,1500,1500,1500,1500,1500,1499,1500,2012,1500,1609,1500,2012,1500,1499,1500,1500,1520,1705,1499,988,8.3
2026-04-18,16:53:55.960,-92,-85,10,3898,0,66,44,16,0,53,51,2026,-2,-1,359,1024,203,1024,0,-1,-1,-1,0x1000480A98140204,1500,1500,1500,989,2012,1499,1500,1499,1500,1499,1193,1449,1500,1500,1500,1500,1500,1499,1500,2012,1500,1609,1500,2012,1500,1499,1500,1500,1520,1705,1499,988,8.3
2026-04-18,16:53:56.460,-83,-84,25,3900,0,66,44,16,0,53,51,2026,-2,-1,359,1024,204,1024,0,-1,-1,-1,0x1000480A98140204,1500,1500,1500,989,2012,1499,1500,1499,1500,1499,1193,1449,1500,1500,1500,1500,1500,1499,1500,2012,1500,1609,1500,2012,1500,1499,1500,1500,1520,1705,1499,988,8.3
2026-04-18,16:53:56.960,-88,-87,10,3900,0,66,44,16,0,53,51,2026,-2,-1,359,1024,203,1024,0,-1,-1,-1,0x1000480A98140204,1500,1500,1500,989,2012,1499,1500,1499,1500,1499,1193,1449,1500,1500,1500,1500,1500,1499,1500,2012,1500,1609,1500,2012,1500,1499,1500,1500,1520,1705,1499,988,8.3
2026-04-18,16:53:57.460,-83,-89,25,3900,0,66,44,16,0,53,51,2026,-2,-1,359,1024,203,1024,0,-1,-1,-1,0x1000480A98140204,1500,1500,1500,989,2012,1499,1500,1499,1500,1499,1193,1449,1500,1500,1500,1500,1500,1499,1500,2012,1500,1609,1500,2012,1500,1499,1500,1500,1520,1705,1499,988,8.3
2026-04-18,16:53:57.960,-92,-85,10,3900,0,66,44,16,0,52,51,2026,-2,-1,359,1024,203,1024,0,-1,-1,-1,0x1000480A98140204,1500,1500,1500,989,2012,1499,1500,1499,1500,1499,1193,1449,1500,1500,1500,1500,1500,1499,1500,2012,1500,1609,1500,2012,1500,1499,1500,1500,1520,1705,1499,988,8.3
2026-04-18,16:53:58.460,-78,-74,25,3900,0,66,44,16,0,52,51,2026,-2,-1,359,1024,204,1024,0,-1,-1,-1,0x1000480A98140204,1500,1500,1500,989,2012,1499,1500,1499,1500,1499,1193,1449,1500,1500,1500,1500,1500,1499,1500,2012,1500,1609,1500,2012,1500,1499,1500,1500,1520,1705,1499,988,8.3
2026-04-18,16:53:58.960,-90,-83,50,3900,0,66,44,16,0,52,51,2026,-2,-1,359,1024,203,1024,0,-1,-1,-1,0x1000480A98140204,1500,1500,1500,989,2012,1499,1500,1499,1500,1499,1193,1449,1500,1500,1500,1500,1500,1499,1500,2012,1500,1609,1500,2012,1500,1499,1500,1500,1520,1705,1499,988,8.3
2026-04-18,16:53:59.460,-82,-75,25,3900,0,66,44,16,0,52,51,2026,-2,-2,359,1024,204,1024,0,-1,-1,-1,0x1000480A98140204,1500,1499,1500,989,2012,1499,1499,1499,1500,1499,1193,1449,1500,1500,1500,1500,1500,1499,1500,2012,1500,1609,1500,2012,1500,1499,1500,1500,1520,1705,1499,988,8.3
2026-04-18,16:53:59.960,-87,-89,50,3900,0,66,44,16,0,52,51,2026,-2,-1,359,1024,204,1024,0,-1,-1,-1,0x1000480A98140204,1500,1500,1500,989,2012,1499,1500,1499,1500,1499,1193,1449,1500,1500,1500,1500,1500,1499,1500,2012,1500,1609,1500,2012,1500,1499,1500,1500,1520,1705,1499,988,8.3
2026-04-18,16:54:00.460,-94,-83,10,3900,0,66,44,16,0,52,51,2026,-2,-1,359,1024,203,1024,0,-1,-1,-1,0x1000480A98140204,1500,1500,1500,989,2012,1499,1500,1499,1500,1499,1193,1449,1500,1500,1500,1500,1500,1499,1500,2012,1500,1609,1500,2012,1500,1499,1500,1500,1520,1705,1499,988,8.3
2026-04-18,16:54:00.960,-80,-88,250,3900,0,66,44,16,0,52,51,2026,-3,-1,359,1024,203,1024,0,-1,-1,-1,0x1000480A98140204,1500,1500,1500,989,2012,1499,1500,1499,1500,1499,1193,1449,1500,1500,1500,1500,1500,1499,1500,2012,1500,1609,1500,2012,1500,1499,1500,1500,1520,1705,1499,988,8.3
2026-04-18,16:54:01.460,-88,-86,10,3900,0,66,44,16,0,52,51,2026,-2,-1,359,1024,204,1024,0,-1,-1,-1,0x1000480A98140204,1500,1500,1500,989,2012,1499,1500,1499,1500,1499,1193,1449,1500,1500,1500,1500,1500,1499,1500,2012,1500,1609,1500,2012,1500,1499,1500,1500,1520,1705,1499,988,8.3
2026-04-18,16:54:01.960,-84,-78,50,3900,0,66,44,16,0,52,51,2026,-2,-1,359,1024,203,1024,0,-1,-1,-1,0x1000480A98140204,1500,1500,1500,989,2012,1499,1500,1499,1500,1499,1193,1449,1500,1500,1500,1500,1500,1499,1500,2012,1500,1609,1500,2012,1500,1499,1500,1500,1520,1705,1499,988,8.3
2026-04-18,16:54:02.460,-80,-77,100,3900,0,66,44,16,0,52,51,2026,-2,-1,359,1024,203,1024,0,-1,-1,-1,0x1000480A98140204,1500,1500,1500,989,2012,1499,1500,1499,1500,1499,1193,1449,1500,1500,1500,1500,1500,1499,1500,2012,1500,1609,1500,2012,1500,1499,1500,1500,1520,1705,1499,988,8.3
2026-04-18,16:54:02.960,-95,-88,25,3900,0,66,44,16,0,52,51,2026,-2,-1,359,1024,204,1024,0,-1,-1,-1,0x1000480A98140204,1500,1500,1500,989,2012,1499,1500,1499,1500,1499,1193,1449,1500,1500,1500,1500,1500,1499,1500,2012,1500,1609,1500,2012,1500,1499,1500,1500,1520,1705,1499,988,8.3
2026-04-18,16:54:03.460,-82,-85,100,3900,0,66,44,16,0,52,51,2026,-3,-2,359,1024,204,1024,0,-1,-1,-1,0x1000480A98140204,1500,1499,1500,989,2012,1499,1499,1499,1500,1499,1193,1449,1500,1500,1500,1500,1500,1499,1500,2012,1500,1609,1500,2012,1500,1499,1500,1500,1520,1705,1499,988,8.3
2026-04-18,16:54:03.960,-89,-79,10,3900,0,66,44,16,0,52,51,2026,-3,-2,359,1024,204,1024,0,-1,-1,-1,0x1000480A98140204,1500,1500,1500,989,2012,1499,1499,1499,1500,1499,1193,1449,1500,1500,1500,1500,1500,1499,1500,2012,1500,1609,1500,2012,1500,1499,1500,1500,1520,1705,1499,988,8.3
2026-04-18,16:54:04.460,-94,-83,10,3900,0,66,44,16,0,52,51,2026,-2,-2,359,1024,203,1024,0,-1,-1,-1,0x1000480A98140204,1500,1499,1500,989,2012,1499,1499,1499,1500,1499,1193,1449,1500,1500,1500,1500,1500,1499,1500,2012,1500,1609,1500,2012,1500,1499,1500,1500,1520,1705,1499,988,8.3
2026-04-18,16:54:04.960,-84,-76,25,3900,0,66,44,16,0,52,51,2026,-2,-1,359,1024,203,1024,0,-1,-1,-1,0x1000480A98140204,1500,1500,1500,989,2012,1499,1500,1499,1500,1499,1193,1449,1500,1500,1500,1500,1500,1499,1500,2012,1500,1609,1500,2012,1500,1499,1500,1500,1520,1705,1499,988,8.3
2026-04-18,16:54:05.460,-89,-81,50,3900,0,66,44,16,0,52,51,2026,-3,-2,359,1024,203,1024,0,-1,-1,-1,0x1000480A98140204,1500,1499,1500,989,2012,1499,1499,1499,1500,1499,1193,1449,1500,1500,1500,1500,1500,1499,1500,2012,1500,1609,1500,2012,1500,1499,1500,1500,1520,1705,1499,988,8.3
2026-04-18,16:54:05.960,-85,-80,100,3900,0,66,44,16,0,52,51,2026,-2,-1,359,1024,202,1024,0,-1,-1,-1,0x1000480A98140204,1500,1500,1500,989,2012,1499,1500,1499,1500,1499,1193,1449,1500,1500,1500,1500,1500,1499,1500,2012,1500,1609,1500,2012,1500,1499,1500,1500,1520,1705,1499,988,8.3
2026-04-18,16:54:06.460,-80,-76,25,3900,0,66,44,16,0,51,51,2026,-2,-1,359,1024,203,1024,0,-1,-1,-1,0x1000480A98140204,1500,1500,1500,989,2012,1499,1500,1499,1500,1499,1193,1449,1500,1500,1500,1500,1500,1499,1500,2012,1500,1609,1500,2012,1500,1499,1500,1500,1520,1705,1499,988,8.3
2026-04-18,16:54:06.960,-87,-82,10,3900,0,66,44,16,0,51,51,2026,-2,-1,359,1024,203,1024,0,-1,-1,-1,0x1000480A98140204,1500,1500,1500,989,2012,1499,1500,1499,1500,1499,1193,1449,1500,1500,1500,1500,1500,1499,1500,2012,1500,1609,1500,2012,1500,1499,1500,1500,1520,1705,1499,988,8.3
2026-04-18,16:54:07.460,-88,-83,50,3900,0,66,44,16,0,51,51,2026,-2,-1,359,1024,203,1024,0,-1,-1,-1,0x1000480A98140204,1500,1499,1500,989,2012,1499,1500,1499,1500,1499,1193,1449,1500,1500,1500,1500,1500,1499,1500,2012,1500,1609,1500,2012,1500,1499,1500,1500,1520,1705,1499,988,8.3
2026-04-18,16:54:07.960,-83,-87,100,3900,0,66,44,16,0,51,51,2026,-2,-2,359,1024,203,1024,0,-1,-1,-1,0x1000480A98140204,1500,1500,1500,989,2012,1499,1499,1499,1500,1499,1193,1449,1500,1500,1500,1500,1500,1499,1500,2012,1500,1609,1500,2012,1500,1499,1500,1500,1520,1705,1499,988,8.3
2026-04-18,16:54:08.460,-84,-71,100,3900,0,65,44,16,0,51,51,2026,-2,-1,359,1024,203,1024,0,-1,-1,-1,0x1000480A98140204,1500,1500,1500,989,2012,1499,1500,1499,1500,1499,1193,1449,1500,1500,1500,1500,1500,1499,1500,2012,1500,1609,1500,2012,1500,1499,1500,1500,1520,1705,1499,988,8.3
2026-04-18,16:54:08.960,-86,-82,10,3900,0,65,44,16,0,51,51,2026,-2,-1,359,1024,203,1024,0,-1,-1,-1,0x1000480A98140204,1500,1500,1500,989,2012,1499,1500,1499,1500,1499,1193,1449,1500,1500,1500,1500,1500,1499,1500,2012,1500,1609,1500,2012,1500,1499,1500,1500,1520,1705,1499,988,8.3
2026-04-18,16:54:09.460,-75,-90,50,3900,0,65,44,16,0,51,51,2026,-2,-1,359,1024,203,1024,0,-1,-1,-1,0x1000480A98140204,1500,1500,1500,989,2012,1499,1500,1499,1500,1499,1193,1449,1500,1500,1500,1500,1500,1499,1500,2012,1500,1609,1500,2012,1500,1499,1500,1500,1520,1705,1499,988,8.3
2026-04-18,16:54:09.960,-87,-71,100,3900,0,65,44,16,0,51,51,2026,-2,-1,359,1024,203,1024,0,-1,-1,-1,0x1000480A98140204,1500,1500,1500,989,2012,1499,1500,1499,1500,1500,1193,1449,1500,1500,1500,1500,1500,1499,1500,2012,1500,1609,1500,2012,1500,1499,1500,1500,1520,1705,1499,988,8.3
2026-04-18,16:54:10.460,-80,-81,10,3900,0,65,44,16,0,51,51,2026,-2,-1,359,1024,203,1024,0,-1,-1,-1,0x1000480A98140204,1500,1500,1500,989,2012,1499,1500,1499,1500,1499,1193,1449,1500,1500,1500,1500,1500,1499,1500,2012,1500,1609,1500,2012,1500,1499,1500,1500,1520,1705,1499,988,8.3
2026-04-18,16:54:10.960,-85,-78,25,3900,0,65,44,16,0,51,51,2026,-2,-1,359,1024,203,1024,0,-1,-1,-1,0x1000480A98140204,1500,1500,1500,989,2012,1499,1500,1499,1500,1499,1193,1449,1500,1500,1500,1500,1500,1499,1500,2012,1500,1609,1500,2012,1500,1499,1500,1500,1520,1705,1499,988,8.3
2026-04-18,16:54:11.460,-82,-91,100,3900,0,65,44,16,0,51,51,2026,-2,-1,359,1024,203,1024,0,-1,-1,-1,0x1000480A98140204,1500,1500,1500,989,2012,1499,1500,1499,1500,1499,1193,1449,1500,1500,1500,1500,1500,1499,1500,2012,1500,1609,1500,2012,1500,1499,1500,1500,1520,1705,1499,988,8.3
2026-04-18,16:54:11.960,-81,-80,25,3900,0,65,44,16,0,51,51,2026,-2,-1,359,1024,204,1024,0,-1,-1,-1,0x1000480A98140204,1500,1500,1500,989,2012,1499,1500,1499,1500,1499,1193,1449,1500,1500,1500,1500,1500,1499,1500,2012,1500,1609,1500,2012,1500,1499,1500,1500,1520,1705,1499,988,8.3
2026-04-18,16:54:12.460,-80,-83,50,3900,0,65,44,16,0,51,51,2026,-2,-2,359,1024,203,1024,0,-1,-1,-1,0x1000480A98140204,1500,1499,1500,989,2012,1499,1499,1499,1500,1499,1193,1449,1500,1500,1500,1500,1500,1499,1500,2012,1500,1609,1500,2012,1500,1499,1500,1500,1520,1705,1499,988,8.3
2026-04-18,16:54:12.960,-87,-82,25,3900,0,65,44,16,0,51,51,2026,-2,-2,359,1024,203,1024,0,-1,-1,-1,0x1000480A98140204,1500,1499,1500,989,2012,1499,1499,1499,1500,1499,1193,1449,1500,1500,1500,1500,1500,1499,1500,2012,1500,1609,1500,2012,1500,1499,1500,1500,1520,1705,1499,988,8.3
2026-04-18,16:54:13.460,-86,-88,50,3900,0,65,44,16,0,51,51,2026,-2,-1,359,1024,204,1024,0,-1,-1,-1,0x1000480A98140204,1500,1500,1500,989,2012,1499,1500,1499,1500,1499,1193,1449,1500,1500,1500,1500,1500,1499,1500,2012,1500,1609,1500,2012,1500,1499,1500,1500,1520,1705,1499,988,8.3
2026-04-18,16:54:13.960,-86,-92,10,3900,0,65,44,16,0,51,51,2026,-2,-2,359,1024,203,1024,0,-1,-1,-1,0x1000480A98140204,1500,1499,1500,989,2012,1499,1499,1499,1500,1499,1193,1449,1500,1500,1500,1500,1500,1499,1500,2012,1500,1609,1500,2012,1500,1499,1500,1500,1520,1705,1499,988,8.3
2026-04-18,16:54:14.460,-84,-93,10,3900,0,65,44,16,0,51,51,2026,-2,-2,359,1024,203,1024,0,-1,-1,-1,0x1000480A98140204,1500,1500,1500,989,2012,1499,1499,1499,1500,1499,1193,1449,1500,1500,1500,1500,1500,1499,1500,2012,1500,1609,1500,2012,1500,1499,1500,1500,1520,1705,1499,988,8.3
2026-04-18,16:54:14.960,-86,-88,50,3900,0,65,44,16,0,51,51,2026,-2,-1,359,1024,203,1024,0,-1,-1,-1,0x1000480A98140204,1500,1500,1500,989,2012,1499,1500,1499,1500,1499,1193,1449,1500,1500,1500,1500,1500,1499,1500,2012,1500,1609,1500,2012,1500,1499,1500,1500,1520,1705,1499,988,8.3
2026-04-18,16:54:15.460,-73,-77,50,3900,0,65,44,16,0,51,51,2026,-2,-1,359,1024,203,1024,0,-1,-1,-1,0x1000480A98140204,1500,1500,1500,989,2012,1499,1500,1499,1500,1499,1193,1449,1500,1500,1500,1500,1500,1499,1500,2012,1500,1609,1500,2012,1500,1499,1500,1500,1520,1705,1499,988,8.3
2026-04-18,16:54:15.960,-85,-83,10,3900,0,65,44,16,0,51,51,2026,-2,-1,359,1024,204,1024,0,-1,-1,-1,0x1000480A98140204,1500,1500,1500,989,2012,1499,1500,1499,1500,1499,1193,1449,1500,1500,1500,1500,1500,1499,1500,2012,1500,1609,1500,2012,1500,1499,1500,1500,1520,1705,1499,988,8.3
2026-04-18,16:54:16.460,-83,-85,50,3900,0,65,44,16,0,51,51,2026,-2,-1,359,1024,204,1024,0,-1,-1,-1,0x1000480A98140204,1500,1500,1500,989,2012,1499,1500,1499,1500,1499,1193,1449,1500,1500,1500,1500,1500,1499,1500,2012,1500,1609,1500,2012,1500,1499,1500,1500,1520,1705,1499,988,8.3
2026-04-18,16:54:16.960,-78,-74,250,3900,0,65,44,16,0,51,51,2026,-2,-1,359,1024,202,1024,0,-1,-1,-1,0x1000480A98140204,1500,1500,1500,989,2012,1499,1500,1499,1500,1499,1193,1449,1500,1500,1500,1500,1500,1499,1500,2012,1500,1609,1500,2012,1500,1499,1500,1500,1520,1705,1499,988,8.3
2026-04-18,16:54:17.460,-82,-79,25,3900,0,65,44,16,0,51,51,2026,-2,-1,359,1024,203,1024,0,-1,-1,-1,0x1000480A98140204,1500,1500,1500,989,2012,1499,1500,1499,1500,1499,1193,1449,1500,1500,1500,1500,1500,1499,1500,2012,1500,1609,1500,2012,1500,1499,1500,1500,1520,1705,1499,988,8.3
2026-04-18,16:54:17.960,-76,-91,25,3900,0,65,44,16,0,51,51,2026,-2,-2,359,1024,204,1024,0,-1,-1,-1,0x1000480A98140204,1500,1499,1500,989,2012,1499,1499,1499,1500,1500,1193,1449,1500,1500,1500,1500,1500,1499,1500,2012,1500,1609,1500,2012,1500,1499,1500,1500,1520,1705,1499,988,8.3
2026-04-18,16:54:18.460,-81,-83,10,3900,0,65,44,16,0,51,51,2026,-2,-1,359,1024,204,1024,0,-1,-1,-1,0x1000480A98140204,1500,1500,1500,989,2012,1499,1500,1499,1500,1499,1193,1449,1500,1500,1500,1500,1500,1499,1500,2012,1500,1609,1500,2012,1500,1499,1500,1500,1520,1705,1499,988,8.3
2026-04-18,16:54:18.960,-68,-72,250,3900,0,65,44,16,0,51,51,2026,-1,-1,359,1024,202,1024,0,-1,-1,-1,0x1000480A98140204,1500,1500,1500,989,2012,1500,1500,1499,1500,1499,1193,1449,1500,1500,1500,1500,1500,1499,1500,2012,1500,1609,1500,2012,1500,1499,1500,1500,1520,1705,1499,988,8.3
2026-04-18,16:54:19.460,-76,-82,50,3900,0,65,44,16,0,51,51,2026,-2,-1,359,1024,203,1024,0,-1,-1,-1,0x1000480A98140204,1500,1500,1500,989,2012,1499,1500,1499,1500,1499,1193,1449,1500,1500,1500,1500,1500,1499,1500,2012,1500,1609,1500,2012,1500,1499,1500,1500,1520,1705,1499,988,8.3
2026-04-18,16:54:19.960,-77,-89,50,3900,0,65,44,16,0,51,51,2026,-2,-1,359,1024,203,1024,0,-1,-1,-1,0x1000480A98140204,1500,1500,1500,989,2012,1499,1500,1499,1500,1499,1193,1449,1500,1500,1500,1500,1500,1499,1500,2012,1500,1609,1500,2012,1500,1499,1500,1500,1520,1705,1499,988,8.3
2026-04-18,16:54:20.460,-78,-72,250,3900,0,65,44,16,0,51,51,2026,-2,-1,359,1024,203,1024,0,-1,-1,-1,0x1000480A98140204,1500,1500,1500,989,2012,1499,1500,1499,1500,1499,1193,1449,1500,1500,1500,1500,1500,1499,1500,2012,1500,1609,1500,2012,1500,1499,1500,1500,1520,1705,1499,988,8.3
2026-04-18,16:54:20.960,-82,-81,10,3900,0,65,44,16,0,51,51,2026,-2,-1,359,1024,203,1024,0,-1,-1,-1,0x1000480A98140204,1500,1500,1500,989,2012,1499,1500,1499,1500,1499,1193,1449,1500,1500,1500,1500,1500,1499,1500,2012,1500,1609,1500,2012,1500,1499,1500,1500,1520,1705,1499,988,8.3
2026-04-18,16:54:21.460,-78,-85,25,3900,0,65,44,16,0,51,51,2026,-2,-1,359,1024,203,1024,0,-1,-1,-1,0x1000480A98140204,1500,1500,1500,989,2012,1499,1500,1499,1500,1499,1193,1449,1500,1500,1500,1500,1500,1499,1500,2012,1500,1609,1500,2012,1500,1499,1500,1500,1520,1705,1499,988,8.3
2026-04-18,16:54:21.960,-88,-82,250,3900,0,65,44,16,0,51,51,2026,-2,-1,359,1024,203,1024,0,-1,-1,-1,0x1000480A98140204,1500,1500,1500,989,2012,1499,1500,1499,1500,1499,1193,1449,1500,1500,1500,1500,1500,1499,1500,2012,1500,1609,1500,2012,1500,1499,1500,1500,1520,1705,1499,988,8.3
2026-04-18,16:54:22.460,-83,-92,50,3900,0,65,44,16,0,51,51,2026,-2,-2,359,1024,203,1024,0,-1,-1,-1,0x1000480A98140204,1500,1500,1500,989,2012,1499,1499,1499,1500,1499,1193,1449,1500,1500,1500,1500,1500,1499,1500,2012,1500,1609,1500,2012,1500,1499,1500,1500,1520,1705,1499,988,8.3
2026-04-18,16:54:22.960,-89,-83,25,3900,0,65,44,16,0,51,51,2026,-2,-1,359,1024,204,1024,0,-1,-1,-1,0x1000480A98140204,1500,1500,1500,989,2012,1499,1500,1499,1500,1499,1193,1449,1500,1500,1500,1500,1500,1499,1500,2012,1500,1609,1500,2012,1500,1499,1500,1500,1520,1705,1499,988,8.3
2026-04-18,16:54:23.460,-79,-76,250,3900,0,65,44,16,0,51,51,2026,-2,-1,359,1024,203,1024,0,-1,-1,-1,0x1000480A98140204,1500,1500,1500,989,2012,1499,1500,1499,1500,1499,1193,1449,1500,1500,1500,1500,1500,1499,1500,2012,1500,1609,1500,2012,1500,1499,1500,1500,1520,1705,1499,988,8.3
2026-04-18,16:54:23.960,-83,-77,100,3900,0,65,44,16,0,51,51,2026,-2,-1,359,1024,203,1024,0,-1,-1,-1,0x1000480A98140204,1500,1500,1500,989,2012,1499,1500,1499,1500,1499,1193,1449,1500,1500,1500,1500,1500,1499,1500,2012,1500,1609,1500,2012,1500,1499,1500,1500,1520,1705,1499,988,8.3
2026-04-18,16:54:24.460,-86,-83,25,3900,0,65,44,16,0,51,51,2026,-2,-1,359,1024,203,1024,0,-1,-1,-1,0x1000480A98140204,1500,1500,1500,989,2012,1499,1500,1499,1500,1499,1193,1449,1500,1500,1500,1500,1500,1499,1500,2012,1500,1609,1500,2012,1500,1499,1500,1500,1520,1705,1499,988,8.3
2026-04-18,16:54:24.960,-77,-81,10,3900,0,65,44,16,0,51,51,2026,-2,-1,359,1024,204,1024,0,-1,-1,-1,0x1000480A98140204,1500,1500,1500,989,2012,1499,1500,1499,1500,1499,1193,1449,1500,1500,1500,1500,1500,1499,1500,2012,1500,1609,1500,2012,1500,1499,1500,1500,1520,1705,1499,988,8.3
2026-04-18,16:54:25.460,-82,-85,10,3900,0,65,44,16,0,51,51,2026,-2,-1,359,1024,204,1024,0,-1,-1,-1,0x1000480A98140204,1500,1500,1500,989,2012,1499,1500,1499,1500,1499,1193,1449,1500,1500,1500,1500,1500,1499,1500,2012,1500,1609,1500,2012,1500,1499,1500,1500,1520,1705,1499,988,8.3
2026-04-18,16:54:25.960,-82,-80,25,3900,0,65,44,16,0,51,51,2026,-2,-1,359,1024,203,1024,0,-1,-1,-1,0x1000480A98140204,1500,1500,1500,989,2012,1499,1500,1499,1500,1499,1193,1449,1500,1500,1500,1500,1500,1499,1500,2012,1500,1609,1500,2012,1500,1499,1500,1500,1520,1705,1499,988,8.3
2026-04-18,16:54:26.460,-85,-79,100,3900,0,65,44,16,0,51,51,2026,-2,-1,359,1024,202,1024,0,-1,-1,-1,0x1000480A98140204,1500,1500,1500,989,2012,1499,1500,1499,1500,1499,1193,1449,1500,1500,1500,1500,1500,1499,1500,2012,1500,1609,1500,2012,1500,1499,1500,1500,1520,1705,1499,988,8.3
2026-04-18,16:54:26.960,-74,-82,50,3900,0,65,44,16,0,51,51,2026,-2,-1,359,1024,202,1024,0,-1,-1,-1,0x1000480A98140204,1500,1500,1500,989,2012,1499,1500,1499,1500,1499,1193,1449,1500,1500,1500,1500,1500,1499,1500,2012,1500,1609,1500,2012,1500,1499,1500,1500,1520,1705,1499,988,8.3
2026-04-18,16:54:27.460,-81,-82,10,3900,0,65,44,16,0,51,51,2026,-2,-1,359,1024,203,1024,0,-1,-1,-1,0x1000480A98140204,1500,1500,1500,989,2012,1499,1500,1499,1500,1499,1193,1449,1500,1500,1500,1500,1500,1499,1500,2012,1500,1609,1500,2012,1500,1499,1500,1500,1520,1705,1499,988,8.3
2026-04-18,16:54:27.960,-66,-72,250,3900,0,65,44,16,0,51,51,2026,-2,-2,359,1024,202,1024,0,-1,-1,-1,0x1000480A98140204,1500,1500,1500,989,2012,1499,1499,1499,1500,1499,1193,1449,1500,1500,1500,1500,1500,1499,1500,2012,1500,1609,1500,2012,1500,1499,1500,1500,1520,1705,1499,988,8.3
2026-04-18,16:54:28.460,-83,-80,25,3900,0,65,44,16,0,51,51,2026,-2,-1,359,1024,203,1024,0,-1,-1,-1,0x1000480A98140204,1500,1500,1500,989,2012,1499,1500,1499,1500,1499,1193,1449,1500,1500,1500,1500,1500,1499,1500,2012,1500,1609,1500,2012,1500,1499,1500,1500,1520,1705,1499,988,8.3
2026-04-18,16:54:28.960,-79,-91,250,3900,0,65,44,16,0,51,51,2026,-2,-1,359,1024,203,1024,0,-1,-1,-1,0x1000480A98140204,1500,1500,1500,989,2012,1499,1500,1499,1500,1499,1193,1449,1500,1500,1500,1500,1500,1499,1500,2012,1500,1609,1500,2012,1500,1499,1500,1500,1520,1705,1499,988,8.3
2026-04-18,16:54:29.460,-87,-79,10,3900,0,65,44,16,0,51,51,2026,-2,-1,359,1024,203,1024,0,-1,-1,-1,0x1000480A98140204,1500,1500,1500,989,2012,1499,1500,1499,1500,1499,1193,1449,1500,1500,1500,1500,1500,1499,1500,2012,1500,1609,1500,2012,1500,1499,1500,1500,1520,1705,1499,988,8.3
2026-04-18,16:54:29.960,-74,-80,250,3900,0,65,44,16,0,51,51,2026,-2,-1,359,1024,202,1024,0,-1,-1,-1,0x1000480A98140204,1500,1500,1500,989,2012,1499,1500,1499,1500,1499,1193,1449,1500,1500,1500,1500,1500,1499,1500,2012,1500,1609,1500,2012,1500,1499,1500,1500,1520,1705,1499,988,8.3
2026-04-18,16:54:30.460,-76,-82,10,3900,0,65,44,16,0,51,51,2026,-2,-1,359,1024,203,1024,0,-1,-1,-1,0x1000480A98140204,1500,1500,1500,989,2012,1499,1500,1499,1500,1499,1193,1449,1500,1500,1500,1500,1500,1499,1500,2012,1500,1609,1500,2012,1500,1499,1500,1500,1520,1705,1499,988,8.3
2026-04-18,16:54:30.960,-67,-80,250,3900,0,65,44,16,0,51,51,2026,-2,-1,359,1024,202,1024,0,-1,-1,-1,0x1000480A98140204,1500,1500,1500,989,2012,1499,1500,1499,1500,1499,1193,1449,1500,1500,1500,1500,1500,1499,1500,2012,1500,1609,1500,2012,1500,1499,1500,1500,1520,1705,1499,988,8.3
2026-04-18,16:54:31.460,-76,-82,10,3900,0,65,44,16,0,51,51,2026,-2,-1,359,1024,203,1024,0,-1,-1,-1,0x1000480A98140204,1500,1500,1500,989,2012,1499,1500,1499,1500,1499,1193,1449,1500,1500,1500,1500,1500,1499,1500,2012,1500,1609,1500,2012,1500,1499,1500,1500,1520,1705,1499,988,8.3
2026-04-18,16:54:31.960,-68,-75,250,3900,0,65,44,16,0,51,51,2026,-2,-1,359,1024,204,1024,0,-1,-1,-1,0x1000480A98140204,1500,1500,1500,989,2012,1499,1500,1499,1500,1499,1193,1449,1500,1500,1500,1500,1500,1499,1500,2012,1500,1609,1500,2012,1500,1499,1500,1500,1520,1705,1499,988,8.3
2026-04-18,16:54:32.460,-74,-79,250,3900,0,65,44,16,0,51,51,2026,-2,-2,359,1024,203,1024,0,-1,-1,-1,0x1000480A98140204,1500,1499,1500,989,2012,1499,1499,1499,1500,1499,1193,1449,1500,1500,1500,1500,1500,1499,1500,2012,1500,1609,1500,2012,1500,1499,1500,1500,1520,1705,1499,988,8.3
2026-04-18,16:54:32.960,-87,-75,50,3900,0,65,44,16,0,51,51,2026,-2,-1,359,1024,203,1024,0,-1,-1,-1,0x1000480A98140204,1500,1499,1500,989,2012,1499,1500,1499,1500,1499,1193,1449,1500,1500,1500,1500,1500,1499,1500,2012,1500,1609,1500,2012,1500,1499,1500,1500,1520,1705,1499,988,8.3
2026-04-18,16:54:33.460,-71,-80,250,3900,0,65,44,16,0,51,51,2026,-2,-1,359,1024,203,1024,0,-1,-1,-1,0x1000480A98140204,1500,1499,1500,989,2012,1499,1500,1499,1500,1499,1193,1449,1500,1500,1500,1500,1500,1499,1500,2012,1500,1609,1500,2012,1500,1499,1500,1500,1520,1705,1499,988,8.3
2026-04-18,16:54:33.960,-84,-71,250,3900,0,65,44,16,0,51,51,2026,-2,-1,359,1024,203,1024,0,-1,-1,-1,0x1000480A98140204,1500,1500,1500,989,2012,1499,1500,1499,1500,1499,1193,1449,1500,1500,1500,1500,1500,1499,1500,2012,1500,1609,1500,2012,1500,1499,1500,1500,1520,1705,1499,988,8.3
2026-04-18,16:54:34.460,-88,-82,25,3900,0,65,44,16,0,51,51,2026,-2,-1,359,1024,204,1024,0,-1,-1,-1,0x1000480A98140204,1500,1500,1500,989,2012,1499,1500,1499,1500,1499,1193,1449,1500,1500,1500,1500,1500,1499,1500,2012,1500,1609,1500,2012,1500,1499,1500,1500,1520,1705,1499,988,8.3
2026-04-18,16:54:34.960,-65,-76,250,3900,0,65,44,16,0,51,51,2026,-3,-1,359,1024,203,1024,0,-1,-1,-1,0x1000480A98140204,1500,1500,1500,989,2012,1499,1500,1499,1500,1499,1193,1449,1500,1500,1500,1500,1500,1499,1500,2012,1500,1609,1500,2012,1500,1499,1500,1500,1520,1705,1499,988,8.3
2026-04-18,16:54:35.460,-75,-80,10,3900,0,65,44,16,0,51,51,2026,-2,-1,359,1024,203,1024,0,-1,-1,-1,0x1000480A98140204,1500,1500,1500,989,2012,1499,1500,1499,1500,1499,1193,1449,1500,1500,1500,1500,1500,1499,1500,2012,1500,1609,1500,2012,1500,1499,1500,1500,1520,1705,1499,988,8.3
2026-04-18,16:54:35.960,-64,-72,250,3900,0,65,44,16,0,51,51,2026,-2,-1,359,1024,202,1024,0,-1,-1,-1,0x1000480A98140204,1500,1500,1500,989,2012,1499,1500,1499,1500,1499,1193,1449,1500,1500,1500,1500,1500,1499,1500,2012,1500,1609,1500,2012,1500,1499,1500,1500,1520,1705,1499,988,8.3
2026-04-18,16:54:36.460,-68,-75,250,3900,0,65,44,16,0,51,51,2026,-2,-1,359,1024,202,1024,0,-1,-1,-1,0x1000480A98140204,1500,1500,1500,989,2012,1499,1500,1499,1500,1499,1193,1449,1500,1500,1500,1500,1500,1499,1500,2012,1500,1609,1500,2012,1500,1499,1500,1500,1520,1705,1499,988,8.3
2026-04-18,16:54:36.960,-65,-72,250,3900,0,65,44,16,0,50,51,2026,-2,-1,359,1024,202,1024,0,-1,-1,-1,0x1000480A98140204,1500,1500,1500,989,2012,1499,1500,1499,1500,1499,1193,1449,1500,1500,1500,1500,1500,1499,1500,2012,1500,1609,1500,2012,1500,1499,1500,1500,1520,1705,1499,988,8.3
2026-04-18,16:54:37.460,-73,-81,250,3900,0,65,44,16,0,50,51,2026,-2,-1,359,1024,202,1024,0,-1,-1,-1,0x1000480A98140204,1500,1500,1500,989,2012,1499,1500,1499,1500,1499,1193,1449,1500,1500,1500,1500,1500,1499,1500,2012,1500,1609,1500,2012,1500,1499,1500,1500,1520,1705,1499,988,8.3
2026-04-18,16:54:37.960,-73,-64,250,3900,0,65,44,16,0,50,51,2026,-2,-1,359,1024,202,1024,0,-1,-1,-1,0x1000480A98140204,1500,1500,1500,989,2012,1499,1500,1499,1500,1499,1193,1449,1500,1500,1500,1500,1500,1499,1500,2012,1500,1609,1500,2012,1500,1499,1500,1500,1520,1705,1499,988,8.3
2026-04-18,16:54:38.460,-83,-77,10,3900,0,65,44,16,0,50,51,2026,-2,-1,359,1024,203,1024,0,-1,-1,-1,0x1000480A98140204,1500,1500,1500,989,2012,1499,1500,1499,1500,1499,1193,1449,1500,1500,1500,1500,1500,1499,1500,2012,1500,1609,1500,2012,1500,1499,1500,1500,1520,1705,1499,988,8.3
2026-04-18,16:54:38.960,-75,-76,250,3900,0,65,44,16,0,50,51,2026,-2,-1,359,1024,202,1024,0,-1,-1,-1,0x1000480A98140204,1500,1500,1500,989,2012,1499,1500,1499,1500,1499,1193,1449,1500,1500,1500,1500,1500,1499,1500,2012,1500,1609,1500,2012,1500,1499,1500,1500,1520,1705,1499,988,8.3
2026-04-18,16:54:39.460,-73,-82,10,3900,0,65,44,16,0,50,51,2026,-2,-1,359,1024,203,1024,0,-1,-1,-1,0x1000480A98140204,1500,1500,1500,989,2012,1499,1500,1499,1500,1499,1193,1449,1500,1500,1500,1500,1500,1499,1500,2012,1500,1609,1500,2012,1500,1499,1500,1500,1520,1705,1499,988,8.3
2026-04-18,16:54:39.960,-62,-63,250,3900,0,65,44,16,0,50,51,2026,-2,-1,359,1024,203,1024,0,-1,-1,-1,0x1000480A98140204,1500,1500,1500,989,2012,1499,1500,1499,1500,1499,1193,1449,1500,1500,1500,1500,1500,1499,1500,2012,1500,1609,1500,2012,1500,1499,1500,1500,1520,1705,1499,988,8.3
2026-04-18,16:54:40.460,-65,-63,250,3900,0,63,44,16,0,50,51,2026,-2,-1,359,1024,204,1024,0,-1,-1,-1,0x1000480A98140204,1500,1500,1500,989,2012,1499,1500,1499,1500,1499,1193,1449,1500,1500,1500,1500,1500,1499,1500,2012,1500,1609,1500,2012,1500,1499,1500,1500,1520,1705,1499,988,8.3
2026-04-18,16:54:40.960,-74,-70,25,3900,0,63,44,16,0,50,51,2026,-2,-2,359,1024,204,1024,0,-1,-1,-1,0x1000480A98140204,1500,1500,1500,989,2012,1499,1499,1499,1500,1499,1193,1449,1500,1500,1500,1500,1500,1499,1500,2012,1500,1609,1500,2012,1500,1499,1500,1500,1520,1705,1499,988,8.3
2026-04-18,16:54:41.460,-53,-68,250,3900,0,63,44,16,0,50,51,2026,-2,-1,359,1024,202,1024,0,-1,-1,-1,0x1000480A98140204,1500,1500,1500,989,2012,1499,1500,1499,1500,1499,1193,1449,1500,1500,1500,1500,1500,1499,1500,2012,1500,1609,1500,2012,1500,1499,1500,1500,1520,1705,1499,988,8.3
2026-04-18,16:54:41.960,-58,-59,250,3900,0,63,44,16,0,50,51,2026,-2,-1,359,1024,202,1024,0,-1,-1,-1,0x1000480A98140204,1500,1500,1500,989,2012,1499,1500,1499,1500,1499,1193,1449,1500,1500,1500,1500,1500,1499,1500,2012,1500,1609,1500,2012,1500,1499,1500,1500,1520,1705,1499,988,8.3
2026-04-18,16:54:42.460,-66,-74,10,3900,0,63,44,16,0,50,51,2026,-2,-1,359,1024,204,1024,0,-1,-1,-1,0x1000480A98140204,1500,1500,1500,989,2012,1499,1500,1499,1500,1499,1193,1449,1500,1500,1500,1500,1500,1499,1500,2012,1500,1609,1500,2012,1500,1499,1500,1500,1520,1705,1499,988,8.3
2026-04-18,16:54:42.960,-60,-59,250,3900,0,63,44,16,0,50,51,2026,-2,-2,359,1024,203,1024,0,-1,-1,-1,0x1000480A98140204,1500,1499,1500,989,2012,1499,1499,1499,1500,1499,1193,1449,1500,1500,1500,1500,1500,1499,1500,2012,1500,1609,1500,2012,1500,1499,1500,1500,1520,1705,1499,988,8.3
2026-04-18,16:54:43.460,-56,-58,250,3900,0,63,44,16,0,50,51,2026,-2,-1,359,1024,202,1024,0,-1,-1,-1,0x1000480A98140204,1500,1500,1500,989,2012,1499,1500,1499,1500,1499,1193,1449,1500,1500,1500,1500,1500,1499,1500,2012,1500,1609,1500,2012,1500,1499,1500,1500,1520,1705,1499,988,8.3
2026-04-18,16:54:43.960,-58,-61,250,3900,0,63,44,16,0,50,51,2026,-3,-1,359,1024,202,1024,0,-1,-1,-1,0x1000480A98140204,1500,1500,1500,989,2012,1499,1500,1499,1500,1499,1193,1449,1500,1500,1500,1500,1500,1499,1500,2012,1500,1609,1500,2012,1500,1499,1500,1500,1520,1705,1499,988,8.3
2026-04-18,16:54:44.460,-62,-62,25,3900,0,63,44,16,0,50,51,2026,-2,-2,359,1024,203,1024,0,-1,-1,-1,0x1000480A98140204,1500,1500,1500,989,2012,1499,1499,1499,1500,1499,1193,1449,1500,1500,1500,1500,1500,1499,1500,2012,1500,1609,1500,2012,1500,1499,1500,1500,1520,1705,1499,988,8.3
2026-04-18,16:54:44.960,-53,-63,100,3900,0,63,44,16,0,50,51,2026,-3,-2,359,1024,203,1024,0,-1,-1,-1,0x1000480A98140204,1500,1499,1500,989,2012,1499,1499,1499,1500,1499,1193,1449,1500,1500,1500,1500,1500,1499,1500,2012,1500,1609,1500,2012,1500,1499,1500,1500,1520,1705,1499,988,8.3
2026-04-18,16:54:45.460,-68,-69,10,3900,0,63,44,16,0,50,51,2026,-2,-1,359,1024,204,1024,0,-1,-1,-1,0x1000480A98140204,1500,1500,1500,989,2012,1499,1500,1499,1500,1499,1193,1449,1500,1500,1500,1500,1500,1499,1500,2012,1500,1609,1500,2012,1500,1499,1500,1500,1520,1705,1499,988,8.3
2026-04-18,16:54:45.960,-56,-51,250,3900,0,63,44,16,0,50,51,2026,-2,-1,359,1024,203,1024,0,-1,-1,-1,0x1000480A98140204,1500,1500,1500,989,2012,1499,1500,1499,1500,1499,1193,1449,1500,1500,1500,1500,1500,1499,1500,2012,1500,1609,1500,2012,1500,1499,1500,1500,1520,1705,1499,988,8.3
2026-04-18,16:54:46.460,-64,-64,25,3900,0,63,44,16,0,50,51,2026,-2,-2,359,1024,204,1024,0,-1,-1,-1,0x1000480A98140204,1500,1499,1500,989,2012,1499,1499,1499,1500,1499,1193,1449,1500,1500,1500,1500,1500,1499,1500,2012,1500,1609,1500,2012,1500,1499,1500,1500,1520,1705,1499,988,8.3
2026-04-18,16:54:46.960,-59,-57,10,3900,0,63,44,16,0,50,51,2026,-1,-1,359,1024,204,1024,0,-1,-1,-1,0x1000480A98140204,1500,1500,1500,989,2012,1500,1500,1499,1500,1500,1193,1449,1500,1500,1500,1500,1500,1499,1500,2012,1500,1609,1500,2012,1500,1499,1500,1500,1520,1705,1499,988,8.3
2026-04-18,16:54:47.460,-59,-57,10,3900,0,63,44,16,0,50,51,2026,-2,-1,359,1024,204,1024,0,-1,-1,-1,0x1000480A98140204,1500,1500,1500,989,2012,1499,1500,1499,1500,1499,1193,1449,1500,1500,1500,1500,1500,1499,1500,2012,1500,1609,1500,2012,1500,1499,1500,1500,1520,1705,1499,988,8.3
2026-04-18,16:54:47.960,-59,-67,10,3900,0,63,44,16,0,50,51,2026,-1,-2,359,1024,204,1024,0,-1,-1,-1,0x1000480A98140204,1500,1500,1500,989,2012,1500,1499,1499,1500,1500,1193,1449,1500,1500,1500,1500,1500,1499,1500,2012,1500,1609,1500,2012,1500,1499,1500,1500,1520,1705,1499,988,8.3
2026-04-18,16:54:48.460,-59,-65,10,3900,0,63,44,16,0,50,51,2026,-2,-1,359,1024,204,1024,0,-1,-1,-1,0x1000480A98140204,1500,1500,1500,989,2012,1499,1500,1499,1500,1499,1193,1449,1500,1500,1500,1500,1500,1499,1500,2012,1500,1609,1500,2012,1500,1499,1500,1500,1520,1705,1499,988,8.3
2026-04-18,16:54:48.960,-59,-55,10,3900,0,63,44,16,0,50,51,2026,-2,-1,359,1024,204,1024,0,-1,-1,-1,0x1000480A98140204,1500,1500,1500,989,2012,1499,1500,1499,1500,1499,1193,1449,1500,1500,1500,1500,1500,1499,1500,2012,1500,1609,1500,2012,1500,1499,1500,1500,1520,1705,1499,988,8.3
2026-04-18,16:54:49.460,-59,-53,10,3900,0,63,44,16,0,50,51,2026,-2,-1,359,1024,204,1024,0,-1,-1,-1,0x1000480A98140204,1500,1500,1500,989,2012,1499,1500,1499,1500,1499,1193,1449,1500,1500,1500,1500,1500,1499,1500,2012,1500,1609,1500,2012,1500,1499,1500,1500,1520,1705,1499,988,8.3
2026-04-18,16:54:49.960,-55,-53,10,3900,0,63,44,16,0,50,51,2026,-3,-1,359,1024,203,1024,0,-1,-1,-1,0x1000480A98140204,1500,1500,1500,989,2012,1499,1500,1499,1500,1499,1193,1449,1500,1500,1500,1500,1500,1499,1500,2012,1500,1609,1500,2012,1500,1499,1500,1500,1520,1705,1499,988,8.3
2026-04-18,16:54:50.460,-55,-44,10,3900,0,63,44,16,0,50,51,2026,-2,-1,359,1024,204,1024,0,-1,-1,-1,0x1000480A98140204,1500,1500,1500,988,2012,1499,1500,1500,1500,1499,1193,1449,1500,1500,1500,1500,1500,1500,1500,2012,1500,1609,1500,2012,1500,1500,1500,1500,1520,1705,1500,988,8.3
2026-04-18,16:54:50.960,-55,-34,10,3900,0,63,44,16,0,50,51,2026,-2,-2,359,1024,203,1024,0,-1,-1,-1,0x1000480A98140204,1500,1499,1500,989,2012,1499,1499,1499,1500,1499,1193,1449,1500,1500,1500,1500,1500,1499,1500,2012,1500,1609,1500,2012,1500,1499,1500,1500,1520,1705,1499,988,8.3
2026-04-18,16:54:51.460,-47,-44,10,3900,0,63,44,16,0,50,51,2026,-3,-2,359,1024,203,1024,0,-1,-1,-1,0x1000480A98140204,1500,1499,1500,989,2012,1499,1499,1499,1500,1499,1193,1449,1500,1500,1500,1500,1500,1499,1500,2012,1500,1609,1500,2012,1500,1499,1500,1500,1520,1705,1499,988,8.3
2026-04-18,16:54:51.960,-48,-50,10,3900,0,63,44,16,0,50,51,2026,-3,-2,359,1024,203,1024,0,-1,-1,-1,0x1000480A98140204,1500,1499,1500,989,2012,1499,1499,1499,1500,1499,1193,1449,1500,1500,1500,1500,1500,1499,1500,2012,1500,1609,1500,2012,1500,1499,1500,1500,1520,1705,1499,988,8.3
2026-04-18,16:54:52.460,-45,-53,10,3900,0,63,44,16,0,50,51,2026,-3,-2,359,1024,204,1024,0,-1,-1,-1,0x1000480A98140204,1500,1499,1500,989,2012,1499,1499,1499,1500,1499,1193,1449,1500,1500,1500,1500,1500,1499,1500,2012,1500,1609,1500,2012,1500,1499,1500,1500,1520,1705,1499,988,8.3
2026-04-18,16:54:52.960,-46,-46,10,3900,0,63,44,16,0,50,51,2026,-3,-3,359,1024,204,1024,0,-1,-1,-1,0x1000480A98140204,1500,1498,1500,992,2012,1499,1499,1497,1500,1499,1193,1449,1500,1500,1500,1500,1500,1497,1500,2012,1500,1609,1500,2012,1500,1498,1500,1500,1520,1705,1497,988,8.3
2026-04-18,16:54:53.460,-46,-45,10,3900,0,63,44,16,0,50,51,2026,-3,-2,359,1024,204,1024,0,-1,-1,-1,0x1000480A98140204,1500,1499,1500,989,2012,1499,1499,1499,1500,1499,1193,1449,1500,1500,1500,1500,1500,1499,1500,2012,1500,1609,1500,2012,1500,1499,1500,1500,1520,1705,1499,988,8.3
2026-04-18,16:54:53.960,-57,-50,10,3900,0,63,44,16,0,50,51,2026,-2,-2,359,1024,204,1024,0,-1,-1,-1,0x1000480A98140204,1500,1499,1500,989,2012,1499,1499,1499,1500,1499,1193,1449,1500,1500,1500,1500,1500,1499,1500,2012,1500,1609,1500,2012,1500,1499,1500,1500,1520,1705,1499,988,8.3
2026-04-18,16:54:54.460,-57,-50,10,3900,0,63,44,16,0,50,51,2026,-3,-3,359,1024,204,1024,0,-1,-1,-1,0x1000480A98140204,1500,1498,1500,992,2012,1499,1499,1497,1500,1499,1193,1449,1500,1500,1500,1500,1500,1497,1500,2012,1500,1609,1500,2012,1500,1499,1500,1500,1520,1705,1497,988,8.3
2026-04-18,16:54:54.960,-50,-50,10,3900,0,63,44,16,0,50,51,2026,-3,-3,359,1024,204,1024,0,-1,-1,-1,0x1000480A98140204,1500,1498,1500,992,2012,1499,1499,1497,1500,1499,1193,1449,1500,1500,1500,1500,1500,1497,1500,2012,1500,1609,1500,2012,1500,1498,1500,1500,1520,1705,1497,988,8.3
2026-04-18,16:54:55.460,-50,-52,10,3900,0,63,44,16,0,50,51,2026,-3,-2,359,1024,203,1024,0,-1,-1,-1,0x1000480A98140204,1500,1498,1500,992,2012,1499,1499,1497,1500,1499,1193,1449,1500,1500,1500,1500,1500,1499,1500,2012,1500,1609,1500,2012,1500,1498,1500,1500,1520,1705,1499,988,8.3
2026-04-18,16:54:55.960,-43,-54,10,3900,0,63,44,16,0,50,51,2026,-2,-3,359,1024,203,1024,0,-1,-1,-1,0x1000480A98140204,1500,1498,1500,992,2012,1499,1499,1497,1500,1499,1193,1449,1500,1500,1500,1500,1500,1497,1500,2012,1500,1609,1500,2012,1500,1498,1500,1500,1520,1705,1497,988,8.3
2026-04-18,16:54:56.460,-44,-54,10,3900,0,63,44,16,0,50,51,2026,-3,-3,359,1024,204,1024,0,-1,-1,-1,0x1000480A98140204,1500,1498,1500,992,2012,1499,1499,1497,1500,1499,1193,1449,1500,1500,1500,1500,1500,1497,1500,2012,1500,1609,1500,2012,1500,1498,1500,1500,1520,1705,1497,988,8.3
2026-04-18,16:54:56.960,-46,-54,10,3900,0,63,44,16,0,50,51,2026,-2,-2,359,1024,204,1024,0,-1,-1,-1,0x1000480A98140204,1500,1499,1500,989,2012,1499,1499,1499,1500,1499,1193,1449,1500,1500,1500,1500,1500,1499,1500,2012,1500,1609,1500,2012,1500,1499,1500,1500,1520,1705,1499,988,8.3
2026-04-18,16:54:57.460,-43,-54,10,3900,0,63,44,16,0,50,51,2026,-2,-2,359,1024,204,1024,0,-1,-1,-1,0x1000480A98140204,1500,1499,1500,989,2012,1499,1499,1499,1500,1499,1193,1449,1500,1500,1500,1500,1500,1499,1500,2012,1500,1609,1500,2012,1500,1499,1500,1500,1520,1705,1499,988,8.3
2026-04-18,16:54:57.960,-48,-45,10,3900,0,63,44,16,0,50,51,2026,-2,-2,359,1024,204,1024,0,-1,-1,-1,0x1000480A98140204,1500,1499,1500,989,2012,1499,1499,1499,1500,1499,1193,1449,1500,1500,1500,1500,1500,1499,1500,2012,1500,1609,1500,2012,1500,1499,1500,1500,1520,1705,1499,988,8.3
2026-04-18,16:54:58.460,-48,-48,10,3900,0,63,44,16,0,50,51,2026,-2,-3,359,1024,203,1024,0,-1,-1,-1,0x1000480A98140204,1500,1498,1500,992,2012,1499,1499,1497,1500,1499,1193,1449,1500,1500,1500,1500,1500,1497,1500,2012,1500,1609,1500,2012,1500,1498,1500,1500,1520,1705,1497,988,8.3
2026-04-18,16:54:58.960,-45,-54,10,3900,0,63,44,16,0,50,51,2026,-2,-3,359,1024,204,1024,0,-1,-1,-1,0x1000480A98140204,1500,1498,1500,992,2012,1499,1499,1497,1500,1499,1193,1449,1500,1500,1500,1500,1500,1497,1500,2012,1500,1609,1500,2012,1500,1498,1500,1500,1520,1705,1497,988,8.3
2026-04-18,16:54:59.460,-43,-54,10,3900,0,63,44,16,0,50,51,2026,-3,-3,359,1024,204,1024,0,-1,-1,-1,0x1000480A98140204,1500,1498,1500,992,2012,1499,1499,1497,1500,1499,1193,1449,1500,1500,1500,1500,1500,1497,1500,2012,1500,1609,1500,2012,1500,1498,1500,1500,1520,1705,1497,988,8.3
2026-04-18,16:54:59.960,-47,-54,25,3900,0,63,44,16,0,50,51,2026,-2,-3,359,1024,204,1024,0,-1,-1,-1,0x1000480A98140204,1500,1498,1500,992,2012,1499,1499,1497,1500,1499,1193,1449,1500,1500,1500,1500,1500,1497,1500,2012,1500,1609,1500,2012,1500,1498,1500,1500,1520,1705,1497,988,8.3
2026-04-18,16:55:00.460,-49,-63,10,3900,0,63,44,16,0,50,51,2026,-3,-3,359,1024,204,1024,0,-1,-1,-1,0x1000480A98140204,1500,1498,1500,992,2012,1499,1499,1497,1500,1499,1193,1449,1500,1500,1500,1500,1500,1497,1500,2012,1500,1609,1500,2012,1500,1498,1500,1500,1520,1705,1497,988,8.3
2026-04-18,16:55:00.960,-52,-63,10,3900,0,63,44,16,0,50,51,2026,-3,-3,359,1024,203,1024,0,-1,-1,-1,0x1000480A98140204,1500,1498,1500,992,2012,1499,1499,1497,1500,1499,1193,1449,1500,1500,1500,1500,1500,1497,1500,2012,1500,1609,1500,2012,1500,1498,1500,1500,1520,1705,1497,988,8.3
2026-04-18,16:55:01.460,-39,-63,10,3900,0,63,44,16,0,50,51,2026,-3,-3,359,1024,204,1024,0,-1,-1,-1,0x1000480A98140204,1500,1498,1500,992,2012,1499,1499,1497,1500,1499,1193,1449,1500,1500,1500,1500,1500,1497,1500,2012,1500,1609,1500,2012,1500,1498,1500,1500,1520,1705,1497,988,8.3
2026-04-18,16:55:01.960,-49,-48,10,3900,0,63,44,16,0,50,51,2026,-3,-3,359,1024,204,1024,0,-1,-1,-1,0x1000480A98140204,1500,1498,1500,992,2012,1499,1499,1497,1500,1499,1193,1449,1500,1500,1500,1500,1500,1497,1500,2012,1500,1609,1500,2012,1500,1498,1500,1500,1520,1705,1497,988,8.3
2026-04-18,16:55:02.460,-49,-49,10,3900,0,63,44,16,0,50,51,2026,-3,-3,359,1024,204,1024,0,-1,-1,-1,0x1000480A98140204,1500,1498,1500,992,2012,1499,1499,1497,1500,1499,1193,1449,1500,1500,1500,1500,1500,1497,1500,2012,1500,1609,1500,2012,1500,1498,1500,1500,1520,1705,1497,988,8.3
2026-04-18,16:55:02.960,-51,-54,10,3900,0,63,44,16,0,50,51,2026,-2,-3,359,1024,204,1024,0,-1,-1,-1,0x1000480A98140204,1500,1498,1500,992,2012,1499,1499,1497,1500,1499,1193,1449,1500,1500,1500,1500,1500,1497,1500,2012,1500,1609,1500,2012,1500,1498,1500,1500,1520,1705,1497,988,8.3
2026-04-18,16:55:03.460,-50,-54,10,3900,0,63,44,16,0,50,51,2026,-2,-3,359,1024,204,1024,0,-1,-1,-1,0x1000480A98140204,1500,1498,1500,992,2012,1499,1499,1497,1500,1499,1193,1449,1500,1500,1500,1500,1500,1497,1500,2012,1500,1609,1500,2012,1500,1498,1500,1500,1520,1705,1497,988,8.3
2026-04-18,16:55:03.960,-50,-61,10,3900,0,63,44,16,0,50,51,2026,-2,-2,359,1024,204,1024,0,-1,-1,-1,0x1000480A98140204,1500,1499,1500,989,2012,1499,1499,1499,1500,1499,1193,1449,1500,1500,1500,1500,1500,1499,1500,2012,1500,1609,1500,2012,1500,1498,1500,1500,1520,1705,1499,988,8.3
2026-04-18,16:55:04.460,-59,-48,10,3900,0,63,44,16,0,50,51,2026,-3,-3,359,1024,204,1024,0,-1,-1,-1,0x1000480A98140204,1500,1498,1500,992,2012,1499,1499,1497,1500,1499,1193,1449,1500,1500,1500,1500,1500,1497,1500,2012,1500,1609,1500,2012,1500,1498,1500,1500,1520,1705,1497,988,8.3
2026-04-18,16:55:04.960,-52,-52,10,3900,0,63,44,16,0,50,51,2026,-3,-3,359,1024,204,1024,0,-1,-1,-1,0x1000480A98140204,1500,1498,1500,992,2012,1499,1499,1497,1500,1499,1193,1449,1500,1500,1500,1500,1500,1497,1500,2012,1500,1609,1500,2012,1500,1498,1500,1500,1520,1705,1497,988,8.3
2026-04-18,16:55:05.460,-47,-53,10,3900,0,63,44,16,0,50,51,2026,-2,-3,359,1024,204,1024,0,-1,-1,-1,0x1000480A98140204,1500,1498,1500,992,2012,1499,1499,1497,1500,1499,1193,1449,1500,1500,1500,1500,1500,1497,1500,2012,1500,1609,1500,2012,1500,1498,1500,1500,1520,1705,1497,988,8.3
2026-04-18,16:55:05.960,-45,-50,10,3900,0,63,44,16,0,49,51,2026,-2,-3,359,1024,204,1024,0,-1,-1,-1,0x1000480A98140204,1500,1498,1500,992,2012,1499,1499,1497,1500,1499,1193,1449,1500,1500,1500,1500,1500,1497,1500,2012,1500,1609,1500,2012,1500,1498,1500,1500,1520,1705,1497,988,8.3
2026-04-18,16:55:06.460,-56,-51,10,3900,0,63,44,16,0,49,51,2026,-3,-2,359,1024,203,1024,0,-1,-1,-1,0x1000480A98140204,1500,1499,1500,989,2012,1499,1499,1499,1500,1499,1193,1449,1500,1500,1500,1500,1500,1499,1500,2012,1500,1609,1500,2012,1500,1499,1500,1500,1520,1705,1499,988,8.3
2026-04-18,16:55:06.960,-52,-56,10,3900,0,63,44,16,0,49,51,2026,-2,-2,359,1024,203,1024,0,-1,-1,-1,0x1000480A98140204,1500,1499,1500,989,2012,1499,1499,1499,1500,1499,1193,1449,1500,1500,1500,1500,1500,1499,1500,2012,1500,1609,1500,2012,1500,1499,1500,1500,1520,1705,1499,988,8.3
2026-04-18,16:55:07.460,-47,-56,10,3900,0,63,44,16,0,49,51,2026,-2,-2,359,1024,204,1024,0,-1,-1,-1,0x1000480A98140204,1500,1499,1500,989,2012,1499,1499,1499,1500,1499,1193,1449,1500,1500,1500,1500,1500,1499,1500,2012,1500,1609,1500,2012,1500,1499,1500,1500,1520,1705,1499,988,8.3
2026-04-18,16:55:07.960,-38,-56,10,3900,0,63,44,16,0,49,51,2026,-1,-2,359,1024,204,1024,0,-1,-1,-1,0x1000480A98140204,1500,1499,1500,989,2012,1500,1499,1499,1500,1500,1193,1449,1500,1500,1500,1500,1500,1499,1500,2012,1500,1609,1500,2012,1500,1499,1500,1500,1520,1705,1499,988,8.3
2026-04-18,16:55:08.460,-44,-39,10,3900,0,63,44,16,0,49,51,2026,-2,-2,359,1024,204,1024,0,-1,-1,-1,0x1000480A98140204,1500,1499,1500,989,2012,1500,1499,1499,1500,1500,1193,1449,1500,1500,1500,1500,1500,1499,1500,2012,1500,1609,1500,2012,1500,1499,1500,1500,1520,1705,1499,988,8.3
2026-04-18,16:55:08.960,-46,-44,10,3900,0,63,44,16,0,49,51,2026,-1,-2,359,1024,204,1024,0,-1,-1,-1,0x1000480A98140204,1500,1499,1500,989,2012,1500,1499,1499,1500,1499,1193,1449,1500,1500,1500,1500,1500,1499,1500,2012,1500,1609,1500,2012,1500,1499,1500,1500,1520,1705,1499,988,8.3
2026-04-18,16:55:09.460,-51,-51,10,3900,0,63,44,16,0,49,51,2026,-3,-2,359,1024,204,1024,0,-1,-1,-1,0x1000480A98140204,1500,1499,1500,989,2012,1499,1499,1499,1500,1499,1193,1449,1500,1500,1500,1500,1500,1499,1500,2012,1500,1609,1500,2012,1500,1499,1500,1500,1520,1705,1499,988,8.3
2026-04-18,16:55:09.960,-50,-53,10,3900,0,63,44,16,0,49,51,2026,-3,-2,359,1024,204,1024,0,-1,-1,-1,0x1000480A98140204,1500,1499,1500,989,2012,1499,1499,1499,1500,1499,1193,1449,1500,1500,1500,1500,1500,1499,1500,2012,1500,1609,1500,2012,1500,1499,1500,1500,1520,1705,1499,988,8.3
2026-04-18,16:55:10.460,-48,-56,10,3900,0,63,44,16,0,49,51,2026,-3,-2,359,1024,204,1024,0,-1,-1,-1,0x1000480A98140204,1500,1499,1500,989,2012,1499,1499,1499,1500,1499,1193,1449,1500,1500,1500,1500,1500,1499,1500,2012,1500,1609,1500,2012,1500,1499,1500,1500,1520,1705,1499,988,8.3
2026-04-18,16:55:10.960,-48,-52,10,3900,0,63,44,16,0,49,51,2026,-3,-2,359,1024,204,1024,0,-1,-1,-1,0x1000480A98140204,1500,1499,1500,989,2012,1499,1499,1499,1500,1499,1193,1449,1500,1500,1500,1500,1500,1499,1500,2012,1500,1609,1500,2012,1500,1499,1500,1500,1520,1705,1499,988,8.3
2026-04-18,16:55:11.460,-53,-58,10,3900,0,63,44,16,0,49,51,2026,-3,-2,359,1024,204,1024,0,-1,-1,-1,0x1000480A98140204,1500,1499,1500,989,2012,1499,1499,1499,1500,1499,1193,1449,1500,1500,1500,1500,1500,1499,1500,2012,1500,1609,1500,2012,1500,1499,1500,1500,1520,1705,1499,988,8.3
2026-04-18,16:55:11.960,-55,-47,10,3900,0,63,44,16,0,49,51,2026,-2,-2,359,1024,203,1024,0,-1,-1,-1,0x1000480A98140204,1500,1499,1500,989,2012,1499,1499,1499,1500,1499,1193,1449,1500,1500,1500,1500,1500,1499,1500,2012,1500,1609,1500,2012,1500,1499,1500,1500,1520,1705,1499,988,8.3
2026-04-18,16:55:12.460,-48,-53,10,3900,0,63,44,16,0,49,51,2026,-3,-2,359,1024,203,1024,0,-1,-1,-1,0x1000480A98140204,1500,1499,1500,989,2012,1499,1499,1499,1500,1499,1193,1449,1500,1500,1500,1500,1500,1499,1500,2012,1500,1609,1500,2012,1500,1499,1500,1500,1520,1705,1499,988,8.3
2026-04-18,16:55:12.960,-48,-53,10,3900,0,63,44,16,0,49,51,2026,-3,-2,359,1024,203,1024,0,-1,-1,-1,0x1000480A98140204,1500,1499,1500,989,2012,1499,1499,1499,1500,1498,1193,1449,1500,1500,1500,1500,1500,1499,1500,2012,1500,1609,1500,2012,1500,1499,1500,1500,1520,1705,1499,988,8.3
2026-04-18,16:55:13.460,-42,-53,10,3900,0,63,44,16,0,49,51,2026,-3,-2,359,1024,204,1024,0,-1,-1,-1,0x1000480A98140204,1500,1499,1500,989,2012,1499,1499,1499,1500,1499,1193,1449,1500,1500,1500,1500,1500,1499,1500,2012,1500,1609,1500,2012,1500,1499,1500,1500,1520,1705,1499,988,8.3
2026-04-18,16:55:13.960,-52,-46,10,3900,0,63,44,16,0,49,51,2026,-4,-3,359,1024,204,1024,0,-1,-1,-1,0x1000480A98140204,1500,1498,1500,992,2012,1498,1499,1497,1500,1498,1193,1449,1500,1500,1500,1500,1500,1497,1500,2012,1500,1609,1500,2012,1500,1498,1500,1500,1520,1705,1497,988,8.3
2026-04-18,16:55:14.460,-43,-47,10,3900,0,63,44,16,0,49,51,2026,-4,-2,359,1024,204,1024,0,-1,-1,-1,0x1000480A98140204,1500,1499,1500,989,2012,1498,1499,1499,1500,1498,1193,1449,1500,1500,1500,1500,1500,1499,1500,2012,1500,1609,1500,2012,1500,1499,1500,1500,1520,1705,1499,988,8.3
2026-04-18,16:55:14.960,-39,-47,10,3900,0,63,44,16,0,49,51,2026,-4,-2,359,1024,204,1024,0,-1,-1,-1,0x1000480A98140204,1500,1499,1500,989,2012,1498,1499,1499,1500,1499,1193,1449,1500,1500,1500,1500,1500,1499,1500,2012,1500,1609,1500,2012,1500,1499,1500,1500,1520,1705,1499,988,8.3
2026-04-18,16:55:15.460,-47,-42,10,3900,0,63,44,16,0,49,51,2026,-3,-2,359,1024,204,1024,0,-1,-1,-1,0x1000480A98140204,1500,1499,1500,989,2012,1499,1499,1499,1500,1499,1193,1449,1500,1500,1500,1500,1500,1499,1500,2012,1500,1609,1500,2012,1500,1499,1500,1500,1520,1705,1499,988,8.3
2026-04-18,16:55:15.960,-50,-46,10,3900,0,63,44,16,0,49,51,2026,-3,-2,359,1024,204,1024,0,-1,-1,-1,0x1000480A98140204,1500,1499,1500,989,2012,1499,1499,1499,1500,1499,1193,1449,1500,1500,1500,1500,1500,1499,1500,2012,1500,1609,1500,2012,1500,1499,1500,1500,1520,1705,1499,988,8.3
2026-04-18,16:55:16.460,-50,-44,10,3900,0,63,44,16,0,49,51,2026,-3,-2,359,1024,204,1024,0,-1,-1,-1,0x1000480A98140204,1500,1500,1500,989,2012,1499,1499,1499,1500,1499,1193,1449,1500,1500,1500,1500,1500,1499,1500,2012,1500,1609,1500,2012,1500,1499,1500,1500,1520,1705,1499,988,8.3
2026-04-18,16:55:16.960,-45,-48,10,3900,0,63,44,16,0,49,51,2026,-3,-1,359,1024,204,1024,0,-1,-1,-1,0x1000480A98140204,1500,1500,1500,989,2012,1499,1500,1499,1500,1499,1193,1449,1500,1500,1500,1500,1500,1499,1500,2012,1500,1609,1500,2012,1500,1499,1500,1500,1520,1705,1499,988,8.3
2026-04-18,16:55:17.460,-41,-48,10,3900,0,63,44,16,0,49,51,2026,-3,-2,359,1024,203,1024,0,-1,-1,-1,0x1000480A98140204,1500,1499,1500,989,2012,1499,1499,1499,1500,1499,1193,1449,1500,1500,1500,1500,1500,1499,1500,2012,1500,1609,1500,2012,1500,1499,1500,1500,1520,1705,1499,988,8.3
2026-04-18,16:55:17.960,-55,-48,10,3900,0,63,44,16,0,49,51,2026,-3,-2,359,1024,204,1024,0,-1,-1,-1,0x1000480A98140204,1500,1499,1500,989,2012,1499,1499,1499,1500,1499,1193,1449,1500,1500,1500,1500,1500,1499,1500,2012,1500,1609,1500,2012,1500,1499,1500,1500,1520,1705,1499,988,8.3
2026-04-18,16:55:18.460,-47,-49,10,3900,0,63,44,16,0,49,51,2026,-4,-2,359,1024,204,1024,0,-1,-1,-1,0x1000480A98140204,1500,1499,1500,989,2012,1498,1499,1499,1500,1498,1193,1449,1500,1500,1500,1500,1500,1499,1500,2012,1500,1609,1500,2012,1500,1499,1500,1500,1520,1705,1499,988,8.3
2026-04-18,16:55:18.960,-39,-49,10,3900,0,63,44,16,0,49,51,2026,-3,-2,359,1024,204,1024,0,-1,-1,-1,0x1000480A98140204,1500,1499,1500,989,2012,1499,1499,1499,1500,1499,1193,1449,1500,1500,1500,1500,1500,1499,1500,2012,1500,1609,1500,2012,1500,1499,1500,1500,1520,1705,1499,988,8.3
2026-04-18,16:55:19.460,-44,-50,10,3900,0,63,44,16,0,49,51,2026,-4,-2,359,1024,204,1024,0,-1,-1,-1,0x1000480A98140204,1500,1499,1500,989,2012,1498,1499,1499,1500,1499,1193,1449,1500,1500,1500,1500,1500,1499,1500,2012,1500,1609,1500,2012,1500,1499,1500,1500,1520,1705,1499,988,8.3
2026-04-18,16:55:19.960,-45,-61,10,3900,0,63,44,16,0,49,51,2026,-2,-2,359,1024,204,1024,0,-1,-1,-1,0x1000480A98140204,1500,1499,1500,989,2012,1499,1499,1499,1500,1499,1193,1449,1500,1500,1500,1500,1500,1499,1500,2012,1500,1609,1500,2012,1500,1499,1500,1500,1520,1705,1499,988,8.3
2026-04-18,16:55:20.460,-42,-61,10,3900,0,63,44,16,0,49,51,2026,-3,-3,359,1024,204,1024,0,-1,-1,-1,0x1000480A98140204,1500,1499,1500,989,2012,1499,1499,1499,1500,1499,1193,1449,1500,1500,1500,1500,1500,1499,1500,2012,1500,1609,1500,2012,1500,1499,1500,1500,1520,1705,1499,988,8.3
2026-04-18,16:55:20.960,-36,-61,10,3900,0,63,44,16,0,49,51,2026,-3,-2,359,1024,204,1024,0,-1,-1,-1,0x1000480A98140204,1500,1499,1500,989,2012,1499,1499,1499,1500,1499,1193,1449,1500,1500,1500,1500,1500,1499,1500,2012,1500,1609,1500,2012,1500,1499,1500,1500,1520,1705,1499,988,8.3
2026-04-18,16:55:21.460,-34,-61,10,3900,0,61,44,16,0,49,51,2026,-3,-2,359,1024,204,1024,0,-1,-1,-1,0x1000480A98140204,1500,1499,1500,989,2012,1499,1499,1499,1500,1499,1193,1449,1500,1500,1500,1500,1500,1499,1500,2012,1500,1609,1500,2012,1500,1499,1500,1500,1520,1705,1499,988,8.3
2026-04-18,16:55:21.960,-39,-43,10,3900,0,61,44,16,0,49,51,2026,-3,-2,359,1024,204,1024,0,-1,-1,-1,0x1000480A98140204,1500,1499,1500,989,2012,1499,1499,1499,1500,1499,1193,1449,1500,1500,1500,1500,1500,1499,1500,2012,1500,1609,1500,2012,1500,1499,1500,1500,1520,1705,1499,988,8.3
2026-04-18,16:55:22.460,-39,-44,10,3900,0,61,44,16,0,49,51,2026,-3,-2,359,1024,204,1024,0,-1,-1,-1,0x1000480A98140204,1500,1499,1500,989,2012,1499,1499,1499,1500,1499,1193,1449,1500,1500,1500,1500,1500,1499,1500,2012,1500,1609,1500,2012,1500,1499,1500,1500,1520,1705,1499,988,8.3
2026-04-18,16:55:22.960,-33,-48,10,3900,0,61,44,16,0,49,51,2026,-3,-2,359,1024,203,1024,0,-1,-1,-1,0x1000480A98140204,1500,1499,1500,989,2012,1499,1499,1499,1500,1499,1193,1449,1500,1500,1500,1500,1500,1499,1500,2012,1500,1609,1500,2012,1500,1499,1500,1500,1520,1705,1499,988,8.3
2026-04-18,16:55:23.460,-25,-48,10,3900,0,61,44,16,0,49,51,2026,-1,-3,359,1024,204,1024,0,-1,-1,-1,0x1000480A98140204,1500,1498,1500,992,2012,1500,1499,1497,1500,1500,1193,1449,1500,1500,1500,1500,1500,1497,1500,2012,1500,1609,1500,2012,1500,1499,1500,1500,1520,1705,1497,988,8.3
2026-04-18,16:55:23.960,-22,-48,10,3900,0,61,44,16,0,49,51,2026,-2,-3,359,1024,204,1024,0,-1,-1,-1,0x1000480A98140204,1500,1498,1500,992,2012,1499,1499,1497,1500,1499,1193,1449,1500,1500,1500,1500,1500,1497,1500,2012,1500,1609,1500,2012,1500,1499,1500,1500,1520,1705,1497,988,8.3
2026-04-18,16:55:24.460,-26,-30,10,3900,0,61,44,16,0,49,51,2026,-2,-2,359,1024,204,1024,0,-1,-1,-1,0x1000480A98140204,1500,1499,1500,989,2012,1499,1499,1499,1500,1499,1193,1449,1500,1500,1500,1500,1500,1499,1500,2012,1500,1609,1500,2012,1500,1499,1500,1500,1520,1705,1499,988,8.3
2026-04-18,16:55:24.960,-47,-36,10,3900,0,61,44,16,0,49,51,2026,-2,-2,359,1024,204,1024,0,-1,-1,-1,0x1000480A98140204,1500,1499,1500,989,2012,1499,1499,1499,1500,1499,1193,1449,1500,1500,1500,1500,1500,1499,1500,2012,1500,1609,1500,2012,1500,1499,1500,1500,1520,1705,1499,988,8.3
2026-04-18,16:55:25.460,-47,-34,10,3900,0,61,44,16,0,49,51,2026,-2,-2,359,1024,204,1024,0,-1,-1,-1,0x1000480A98140204,1500,1499,1500,989,2012,1499,1499,1499,1500,1500,1193,1449,1500,1500,1500,1500,1500,1499,1500,2012,1500,1609,1500,2012,1500,1499,1500,1500,1520,1705,1499,988,8.3
2026-04-18,16:55:25.960,-47,-36,10,3900,0,61,44,16,0,49,51,2026,-2,-1,359,1024,204,1024,0,-1,-1,-1,0x1000480A98140204,1500,1500,1500,989,2012,1499,1500,1499,1500,1499,1193,1449,1500,1500,1500,1500,1500,1499,1500,2012,1500,1609,1500,2012,1500,1499,1500,1500,1520,1705,1499,988,8.3
2026-04-18,16:55:26.460,-34,-39,10,3900,0,61,44,16,0,49,51,2026,-1,-1,359,1024,204,1024,0,-1,-1,-1,0x1000480A98140204,1500,1500,1500,989,2012,1500,1500,1499,1500,1500,1193,1449,1500,1500,1500,1500,1500,1499,1500,2012,1500,1609,1500,2012,1500,1499,1500,1500,1520,1705,1499,988,8.3
2026-04-18,16:55:26.960,-32,-39,10,3900,0,61,44,16,0,49,51,2026,-1,-1,359,1024,204,1024,0,-1,-1,-1,0x1000480A98140204,1500,1500,1500,989,2012,1500,1500,1499,1500,1500,1193,1449,1500,1500,1500,1500,1500,1499,1500,2012,1500,1609,1500,2012,1500,1499,1500,1500,1520,1705,1499,988,8.3
2026-04-18,16:55:27.460,-32,-39,10,3900,0,61,44,16,0,49,51,2026,-1,-1,359,1024,203,1024,0,-1,-1,-1,0x1000480A98140204,1500,1500,1500,989,2012,1500,1500,1499,1500,1500,1193,1449,1500,1500,1500,1500,1500,1499,1500,2012,1500,1609,1500,2012,1500,1499,1500,1500,1520,1705,1499,988,8.3
2026-04-18,16:55:27.960,-31,-39,10,3900,0,61,44,16,0,49,51,2026,-2,-2,359,1024,204,1024,0,-1,-1,-1,0x1000480A98140204,1500,1499,1500,989,2012,1499,1499,1499,1500,1499,1193,1449,1500,1500,1500,1500,1500,1499,1500,2012,1500,1609,1500,2012,1500,1499,1500,1500,1520,1705,1499,988,8.3
2026-04-18,16:55:28.460,-30,-39,10,3900,0,61,44,16,0,49,51,2026,-1,-2,359,1024,203,1024,0,-1,-1,-1,0x1000480A98140204,1500,1499,1500,989,2012,1500,1499,1499,1500,1500,1193,1449,1500,1500,1500,1500,1500,1499,1500,2012,1500,1609,1500,2012,1500,1499,1500,1500,1520,1705,1499,988,8.3
2026-04-18,16:55:28.960,-34,-45,10,3900,0,61,44,16,0,49,51,2026,-1,-2,359,1024,204,1024,0,-1,-1,-1,0x1000480A98140204,1500,1499,1500,989,2012,1500,1499,1499,1500,1500,1193,1449,1500,1500,1500,1500,1500,1499,1500,2012,1500,1609,1500,2012,1500,1499,1500,1500,1520,1705,1499,988,8.3
2026-04-18,16:55:29.460,-33,-45,10,3900,0,61,44,16,0,49,51,2026,-1,-1,359,1024,204,1024,0,-1,-1,-1,0x1000480A98140204,1500,1500,1500,989,2012,1500,1500,1499,1500,1500,1193,1449,1500,1500,1500,1500,1500,1499,1500,2012,1500,1609,1500,2012,1500,1499,1500,1500,1520,1705,1499,988,8.3
2026-04-18,16:55:29.960,-36,-41,10,3900,0,61,44,16,0,49,51,2026,-1,-1,359,1024,204,1024,0,-1,-1,-1,0x1000480A98140204,1500,1500,1500,989,2012,1500,1500,1499,1500,1500,1193,1449,1500,1500,1500,1500,1500,1499,1500,2012,1500,1609,1500,2012,1500,1499,1500,1500,1520,1705,1499,988,8.3
2026-04-18,16:55:30.460,-36,-41,10,3900,0,61,44,16,0,49,51,2026,-1,-1,359,1024,204,1024,0,-1,-1,-1,0x1000480A98140204,1500,1500,1500,989,2012,1500,1500,1499,1500,1500,1193,1449,1500,1500,1500,1500,1500,1499,1500,2012,1500,1609,1500,2012,1500,1499,1500,1500,1520,1705,1499,988,8.3
2026-04-18,16:55:30.960,-34,-41,10,3900,0,61,44,16,0,49,51,2026,-1,-1,359,1024,204,1024,0,-1,-1,-1,0x1000480A98140204,1500,1500,1500,989,2012,1500,1500,1499,1500,1500,1193,1449,1500,1500,1500,1500,1500,1499,1500,2012,1500,1609,1500,2012,1500,1499,1500,1500,1520,1705,1499,988,8.3
2026-04-18,16:55:31.460,-41,-38,10,3900,0,61,44,16,0,49,51,2026,-1,-1,359,1024,203,1024,0,-1,-1,-1,0x1000480A98140204,1500,1500,1500,989,2012,1500,1500,1499,1500,1500,1193,1449,1500,1500,1500,1500,1500,1499,1500,2012,1500,1609,1500,2012,1500,1499,1500,1500,1520,1705,1499,988,8.3
2026-04-18,16:55:31.960,-41,-39,10,3900,0,61,44,16,0,49,51,2026,-1,-2,359,1024,204,1024,0,-1,-1,-1,0x1000480A98140204,1500,1499,1500,989,2012,1500,1499,1499,1500,1500,1193,1449,1500,1500,1500,1500,1500,1499,1500,2012,1500,1609,1500,2012,1500,1499,1500,1500,1520,1705,1499,988,8.3
2026-04-18,16:55:32.460,-41,-38,10,3900,0,61,44,16,0,49,51,2026,-1,-1,359,1024,204,1024,0,-1,-1,-1,0x1000480A98140204,1500,1500,1500,989,2012,1500,1500,1499,1500,1500,1193,1449,1500,1500,1500,1500,1500,1499,1500,2012,1500,1609,1500,2012,1500,1499,1500,1500,1520,1705,1499,988,8.3
2026-04-18,16:55:32.960,-31,-42,10,3900,0,61,44,16,0,49,51,2026,-1,-1,359,1024,204,1024,0,-1,-1,-1,0x1000480A98140204,1500,1499,1500,989,2012,1500,1500,1499,1500,1500,1193,1449,1500,1500,1500,1500,1500,1499,1500,2012,1500,1609,1500,2012,1500,1499,1500,1500,1520,1705,1499,988,8.3
2026-04-18,16:55:33.460,-32,-42,10,3900,0,61,44,16,0,49,51,2026,-1,-1,359,1024,204,1024,0,-1,-1,-1,0x1000480A98140204,1500,1499,1500,989,2012,1500,1500,1499,1500,1500,1193,1449,1500,1500,1500,1500,1500,1499,1500,2012,1500,1609,1500,2012,1500,1499,1500,1500,1520,1705,1499,988,8.3
2026-04-18,16:55:33.960,-32,-42,10,3900,0,61,44,16,0,49,51,2026,-1,-2,359,1024,203,1024,0,-1,-1,-1,0x1000480A98140204,1500,1499,1500,989,2012,1500,1499,1499,1500,1500,1193,1449,1500,1500,1500,1500,1500,1499,1500,2012,1500,1609,1500,2012,1500,1499,1500,1500,1520,1705,1499,988,8.3
2026-04-18,16:55:34.460,-28,-42,10,3900,0,61,44,16,0,49,51,2026,-1,-1,359,1024,204,1024,0,-1,-1,-1,0x1000480A98140204,1500,1500,1500,989,2012,1500,1500,1499,1500,1500,1193,1449,1500,1500,1500,1500,1500,1499,1500,2012,1500,1609,1500,2012,1500,1499,1500,1500,1520,1705,1499,988,8.3
2026-04-18,16:55:34.960,-28,-42,10,3900,0,61,44,16,0,49,51,2026,-1,-1,359,1024,204,1024,0,-1,-1,-1,0x1000480A98140204,1500,1500,1500,989,2012,1500,1500,1499,1500,1500,1193,1449,1500,1500,1500,1500,1500,1499,1500,2012,1500,1609,1500,2012,1500,1499,1500,1500,1520,1705,1499,988,8.3
2026-04-18,16:55:35.460,-27,-42,10,3900,0,61,44,16,0,49,51,2026,-1,-2,359,1024,204,1024,0,-1,-1,-1,0x1000480A98140204,1500,1499,1500,989,2012,1500,1499,1499,1500,1500,1193,1449,1500,1500,1500,1500,1500,1499,1500,2012,1500,1609,1500,2012,1500,1499,1500,1500,1520,1705,1499,988,8.3
2026-04-18,16:55:35.960,-27,-42,10,3900,0,61,44,16,0,49,51,2026,-1,-2,359,1024,203,1024,0,-1,-1,-1,0x1000480A98140204,1500,1499,1500,989,2012,1500,1499,1499,1500,1499,1193,1449,1500,1500,1500,1500,1500,1499,1500,2012,1500,1609,1500,2012,1500,1499,1500,1500,1520,1705,1499,988,8.3
2026-04-18,16:55:36.460,-27,-42,10,3900,0,61,44,16,0,49,51,2026,-1,-1,359,1024,204,1024,0,-1,-1,-1,0x1000480A98140204,1500,1500,1500,989,2012,1500,1500,1499,1500,1500,1193,1449,1500,1500,1500,1500,1500,1499,1500,2012,1500,1609,1500,2012,1500,1499,1500,1500,1520,1705,1499,988,8.3
2026-04-18,16:55:36.960,-27,-42,10,3901,0,61,44,16,0,49,51,2026,-2,-2,359,1024,204,1024,0,-1,-1,-1,0x1000480A98140204,1500,1499,1500,989,2012,1499,1499,1499,1500,1500,1193,1449,1500,1500,1500,1500,1500,1499,1500,2012,1500,1609,1500,2012,1500,1499,1500,1500,1520,1705,1499,988,8.3
2026-04-18,16:55:37.460,-27,-42,10,3901,0,61,44,16,0,49,51,2026,-2,-2,359,1024,203,1024,0,-1,-1,-1,0x1000480A98140204,1500,1500,1500,989,2012,1499,1499,1499,1500,1499,1193,1449,1500,1500,1500,1500,1500,1499,1500,2012,1500,1609,1500,2012,1500,1499,1500,1500,1520,1705,1499,988,8.3
2026-04-18,16:55:37.960,-26,-42,10,3901,0,61,44,16,0,49,51,2026,-1,-2,359,1024,204,1024,0,-1,-1,-1,0x1000480A98140204,1500,1499,1500,989,2012,1500,1499,1499,1500,1500,1193,1449,1500,1500,1500,1500,1500,1499,1500,2012,1500,1609,1500,2012,1500,1499,1500,1500,1520,1705,1499,988,8.3
2026-04-18,16:55:38.460,-28,-42,10,3900,0,61,44,16,0,49,51,2026,-1,-2,359,1024,204,1024,0,-1,-1,-1,0x1000480A98140204,1500,1499,1500,989,2012,1500,1499,1499,1500,1500,1193,1449,1500,1500,1500,1500,1500,1499,1500,2012,1500,1609,1500,2012,1500,1499,1500,1500,1520,1705,1499,988,8.3
2026-04-18,16:55:38.960,-27,-42,10,3900,0,61,44,16,0,49,51,2026,-1,-2,359,1024,204,1024,0,-1,-1,-1,0x1000480A98140204,1500,1499,1500,989,2012,1500,1499,1499,1500,1500,1193,1449,1500,1500,1500,1500,1500,1499,1500,2012,1500,1609,1500,2012,1500,1499,1500,1500,1520,1705,1499,988,8.3
2026-04-18,16:55:39.460,-29,-42,10,3900,0,61,44,16,0,49,51,2026,-2,-2,359,1024,203,1024,0,-1,-1,-1,0x1000480A98140204,1500,1499,1500,989,2012,1499,1499,1499,1500,1500,1193,1449,1500,1500,1500,1500,1500,1499,1500,2012,1500,1609,1500,2012,1500,1499,1500,1500,1520,1705,1499,988,8.3
2026-04-18,16:55:39.960,-29,-42,10,3901,0,61,44,16,0,49,51,2026,-1,-2,359,1024,204,1024,0,-1,-1,-1,0x1000480A98140204,1500,1499,1500,989,2012,1500,1499,1499,1500,1500,1193,1449,1500,1500,1500,1500,1500,1499,1500,2012,1500,1609,1500,2012,1500,1499,1500,1500,1520,1705,1499,988,8.3
2026-04-18,16:55:40.460,-29,-42,10,3902,0,61,44,16,0,49,51,2026,-1,-1,359,1024,204,1024,0,-1,-1,-1,0x1000480A98140204,1500,1500,1500,989,2012,1500,1500,1499,1500,1500,1193,1449,1500,1500,1500,1500,1500,1499,1500,2012,1500,1609,1500,2012,1500,1499,1500,1500,1520,1705,1499,988,8.3
2026-04-18,16:55:40.960,-28,-42,10,3902,0,61,44,16,0,49,51,2026,-1,-1,359,1024,204,1024,0,-1,-1,-1,0x1000480A98140204,1500,1500,1500,989,2012,1500,1500,1499,1500,1500,1193,1449,1500,1500,1500,1500,1500,1499,1500,2012,1500,1609,1500,2012,1500,1499,1500,1500,1520,1705,1499,988,8.3
2026-04-18,16:55:41.460,-28,-42,10,3901,0,61,44,16,0,49,51,2026,-1,-1,359,1024,204,1024,0,-1,-1,-1,0x1000480A98140204,1500,1500,1500,989,2012,1500,1500,1499,1500,1500,1193,1449,1500,1500,1500,1500,1500,1499,1500,2012,1500,1609,1500,2012,1500,1499,1500,1500,1520,1705,1499,988,8.3
2026-04-18,16:55:41.960,-28,-42,10,3901,0,61,44,16,0,49,51,2026,-1,-1,359,1024,204,1024,0,-1,-1,-1,0x1000480A98140204,1500,1500,1500,989,2012,1500,1500,1499,1500,1500,1193,1449,1500,1500,1500,1500,1500,1499,1500,2012,1500,1609,1500,2012,1500,1499,1500,1500,1520,1705,1499,988,8.3
2026-04-18,16:55:42.460,-29,-42,10,3900,0,61,44,16,0,49,51,2026,-1,-2,359,1024,204,1024,0,-1,-1,-1,0x1000480A98140204,1500,1499,1500,989,2012,1500,1499,1499,1500,1500,1193,1449,1500,1500,1500,1500,1500,1499,1500,2012,1500,1609,1500,2012,1500,1499,1500,1500,1520,1705,1499,988,8.3
2026-04-18,16:55:42.960,-29,-42,10,3900,0,61,44,16,0,49,51,2026,-1,-2,359,1024,204,1024,0,-1,-1,-1,0x1000480A98140204,1500,1499,1500,989,2012,1500,1499,1499,1500,1500,1193,1449,1500,1500,1500,1500,1500,1499,1500,2012,1500,1609,1500,2012,1500,1499,1500,1500,1520,1705,1499,988,8.3
2026-04-18,16:55:43.460,-28,-42,10,3900,0,61,44,16,0,49,51,2026,-1,-1,359,1024,204,1024,0,-1,-1,-1,0x1000480A98140204,1500,1500,1500,989,2012,1500,1500,1499,1500,1500,1193,1449,1500,1500,1500,1500,1500,1499,1500,2012,1500,1609,1500,2012,1500,1499,1500,1500,1520,1705,1499,988,8.3
2026-04-18,16:55:43.960,-31,-42,10,3900,0,61,44,16,0,49,51,2026,-1,-1,359,1024,204,1024,0,-1,-1,-1,0x1000480A98140204,1500,1500,1500,989,2012,1500,1500,1499,1500,1500,1193,1449,1500,1500,1500,1500,1500,1499,1500,2012,1500,1609,1500,2012,1500,1499,1500,1500,1520,1705,1499,988,8.3
2026-04-18,16:55:44.460,-29,-42,10,3900,0,61,44,16,0,49,51,2026,-1,-2,359,1024,204,1024,0,-1,-1,-1,0x1000480A98140204,1500,1499,1500,989,2012,1500,1499,1499,1500,1500,1193,1449,1500,1500,1500,1500,1500,1499,1500,2012,1500,1609,1500,2012,1500,1499,1500,1500,1520,1705,1499,988,8.3
2026-04-18,16:55:44.960,-34,-38,10,3900,0,61,44,16,0,49,51,2026,-1,-2,359,1024,203,1024,0,-1,-1,-1,0x1000480A98140204,1500,1499,1500,989,2012,1500,1499,1499,1500,1500,1193,1449,1500,1500,1500,1500,1500,1499,1500,2012,1500,1609,1500,2012,1500,1499,1500,1500,1520,1705,1499,988,8.3
2026-04-18,16:55:45.460,-40,-37,10,3900,0,61,44,16,0,49,51,2026,-1,-2,359,1024,204,1024,0,-1,-1,-1,0x1000480A98140204,1500,1499,1500,989,2012,1500,1499,1499,1500,1500,1193,1449,1500,1500,1500,1500,1500,1499,1500,2012,1500,1609,1500,2012,1500,1499,1500,1500,1520,1705,1499,988,8.3
2026-04-18,16:55:45.960,-35,-30,10,3901,0,61,44,16,0,49,51,2026,-1,-2,359,1024,204,1024,0,-1,-1,-1,0x1000480A98140204,1500,1499,1500,989,2012,1500,1499,1499,1500,1500,1193,1449,1500,1500,1500,1500,1500,1499,1500,2012,1500,1609,1500,2012,1500,1499,1500,1500,1520,1705,1499,988,8.3
2026-04-18,16:55:46.460,-35,-31,10,3901,0,61,44,16,0,49,51,2026,-1,-2,359,1024,204,1024,0,-1,-1,-1,0x1000480A98140204,1500,1499,1500,989,2012,1500,1499,1499,1500,1500,1193,1449,1500,1500,1500,1500,1500,1499,1500,2012,1500,1609,1500,2012,1500,1499,1500,1500,1520,1705,1499,988,8.3
2026-04-18,16:55:46.960,-35,-34,10,3900,0,61,44,16,0,49,51,2026,-1,-1,359,1024,204,1024,0,-1,-1,-1,0x1000480A98140204,1500,1500,1500,989,2012,1500,1500,1499,1500,1500,1193,1449,1500,1500,1500,1500,1500,1499,1500,2012,1500,1609,1500,2012,1500,1499,1500,1500,1520,1705,1499,988,8.3
2026-04-18,16:55:47.460,-39,-37,10,3901,0,61,44,16,0,49,51,2026,-1,-1,359,1024,204,1024,0,-1,-1,-1,0x1000480A98140204,1500,1500,1500,989,2012,1500,1500,1499,1500,1500,1193,1449,1500,1500,1500,1500,1500,1499,1500,2012,1500,1609,1500,2012,1500,1499,1500,1500,1520,1705,1499,988,8.3
2026-04-18,16:55:47.960,-39,-31,10,3901,0,61,44,16,0,49,51,2026,-2,-1,359,1024,204,1024,0,-1,-1,-1,0x1000480A98140204,1500,1500,1500,989,2012,1499,1500,1499,1500,1500,1193,1449,1500,1500,1500,1500,1500,1499,1500,2012,1500,1609,1500,2012,1500,1499,1500,1500,1520,1705,1499,988,8.3
2026-04-18,16:55:48.460,-39,-33,10,3900,0,61,44,16,0,49,51,2026,-1,-1,359,1024,204,1024,0,-1,-1,-1,0x1000480A98140204,1500,1499,1500,989,2012,1500,1500,1499,1500,1500,1193,1449,1500,1500,1500,1500,1500,1499,1500,2012,1500,1609,1500,2012,1500,1499,1500,1500,1520,1705,1499,988,8.3
2026-04-18,16:55:48.960,-39,-31,10,3900,0,61,44,16,0,49,51,2026,-1,-2,359,1024,204,1024,0,-1,-1,-1,0x1000480A98140204,1500,1499,1500,989,2012,1500,1499,1499,1500,1500,1193,1449,1500,1500,1500,1500,1500,1499,1500,2012,1500,1609,1500,2012,1500,1499,1500,1500,1520,1705,1499,988,8.3
2026-04-18,16:55:49.460,-39,-30,10,3900,0,61,44,16,0,49,51,2026,-1,-1,359,1024,204,1024,0,-1,-1,-1,0x1000480A98140204,1500,1500,1500,989,2012,1500,1500,1499,1500,1500,1193,1449,1500,1500,1500,1500,1500,1499,1500,2012,1500,1609,1500,2012,1500,1499,1500,1500,1520,1705,1499,988,8.3
2026-04-18,16:55:49.960,-39,-28,10,3901,0,61,44,16,0,49,51,2026,-1,-1,359,1024,204,1024,0,-1,-1,-1,0x1000480A98140204,1500,1500,1500,989,2012,1500,1500,1499,1500,1500,1193,1449,1500,1500,1500,1500,1500,1499,1500,2012,1500,1609,1500,2012,1500,1499,1500,1500,1520,1705,1499,988,8.3
2026-04-18,16:55:50.460,-39,-29,10,3901,0,61,44,16,0,49,51,2026,-1,-1,359,1024,203,1024,0,-1,-1,-1,0x1000480A98140204,1500,1500,1500,989,2012,1500,1500,1499,1500,1500,1193,1449,1500,1500,1500,1500,1500,1499,1500,2012,1500,1609,1500,2012,1500,1499,1500,1500,1520,1705,1499,988,8.3
2026-04-18,16:55:50.960,-39,-30,10,3901,0,61,44,16,0,49,51,2026,-1,-1,359,1024,204,1024,0,-1,-1,-1,0x1000480A98140204,1500,1500,1500,989,2012,1500,1500,1499,1500,1500,1193,1449,1500,1500,1500,1500,1500,1499,1500,2012,1500,1609,1500,2012,1500,1499,1500,1500,1520,1705,1499,988,8.3
2026-04-18,16:55:51.460,-39,-28,10,3903,0,61,44,16,0,49,51,2026,-1,-2,359,1024,204,1024,0,-1,-1,-1,0x1000480A98140204,1500,1500,1500,989,2012,1500,1499,1499,1500,1500,1193,1449,1500,1500,1500,1500,1500,1499,1500,2012,1500,1609,1500,2012,1500,1499,1500,1500,1520,1705,1499,988,8.3
2026-04-18,16:55:51.960,-39,-28,10,3904,0,61,44,16,0,49,51,2026,-2,-2,359,1024,204,1024,0,-1,-1,-1,0x1000480A98140204,1500,1499,1500,989,2012,1499,1499,1499,1500,1499,1193,1449,1500,1500,1500,1500,1500,1499,1500,2012,1500,1609,1500,2012,1500,1499,1500,1500,1520,1705,1499,988,8.3
2026-04-18,16:55:52.460,-39,-32,10,3904,0,61,44,16,0,49,51,2026,-1,-2,359,1024,203,1024,0,-1,-1,-1,0x1000480A98140204,1500,1499,1500,989,2012,1500,1499,1499,1500,1500,1193,1449,1500,1500,1500,1500,1500,1499,1500,2012,1500,1609,1500,2012,1500,1499,1500,1500,1520,1705,1499,988,8.3
2026-04-18,16:55:52.960,-39,-31,10,3904,0,61,44,16,0,49,51,2026,-1,-2,359,1024,204,1024,0,-1,-1,-1,0x1000480A98140204,1500,1499,1500,989,2012,1500,1499,1499,1500,1500,1193,1449,1500,1500,1500,1500,1500,1499,1500,2012,1500,1609,1500,2012,1500,1499,1500,1500,1520,1705,1499,988,8.3
2026-04-18,16:55:53.460,-39,-31,10,3904,0,61,44,16,0,49,51,2026,-1,-2,359,1024,204,1024,0,-1,-1,-1,0x1000480A98140204,1500,1499,1500,989,2012,1500,1499,1499,1500,1500,1193,1449,1500,1500,1500,1500,1500,1499,1500,2012,1500,1609,1500,2012,1500,1499,1500,1500,1520,1705,1499,988,8.3
2026-04-18,16:55:53.960,-39,-30,10,3901,0,61,44,16,0,49,51,2026,-1,-2,359,1024,204,1024,0,-1,-1,-1,0x1000480A98140204,1500,1499,1500,989,2012,1500,1499,1499,1500,1500,1193,1449,1500,1500,1500,1500,1500,1499,1500,2012,1500,1609,1500,2012,1500,1499,1500,1500,1520,1705,1499,988,8.3
2026-04-18,16:55:54.460,-39,-30,10,3903,0,61,44,16,0,49,51,2026,-1,-1,359,1024,204,1024,0,-1,-1,-1,0x1000480A98140204,1500,1500,1500,989,2012,1500,1500,1499,1500,1500,1193,1449,1500,1500,1500,1500,1500,1499,1500,2012,1500,1609,1500,2012,1500,1499,1500,1500,1520,1705,1499,988,8.3
2026-04-18,16:55:54.960,-39,-29,10,3906,0,61,44,16,0,49,51,2026,-1,-2,359,1024,204,1024,0,-1,-1,-1,0x1000480A98140204,1500,1499,1500,989,2012,1500,1499,1499,1500,1500,1193,1449,1500,1500,1500,1500,1500,1499,1500,2012,1500,1609,1500,2012,1500,1499,1500,1500,1520,1705,1499,988,8.3
2026-04-18,16:55:55.460,-30,-34,10,3905,0,61,44,16,0,48,51,2026,-1,-2,359,1024,203,1024,0,-1,-1,-1,0x1000480A98140204,1500,1499,1500,989,2012,1500,1499,1499,1500,1500,1193,1449,1500,1500,1500,1500,1500,1499,1500,2012,1500,1609,1500,2012,1500,1499,1500,1500,1520,1705,1499,988,8.3
2026-04-18,16:55:55.960,-33,-34,10,3905,0,61,44,16,0,48,51,2026,-1,-2,359,1024,203,1024,0,-1,-1,-1,0x1000480A98140204,1500,1499,1500,989,2012,1500,1499,1499,1500,1500,1193,1449,1500,1500,1500,1500,1500,1499,1500,2012,1500,1609,1500,2012,1500,1499,1500,1500,1520,1705,1499,988,8.3
2026-04-18,16:55:56.460,-32,-34,10,3906,0,61,44,16,0,48,51,2026,-1,-2,359,1024,204,1024,0,-1,-1,-1,0x1000480A98140204,1500,1500,1500,989,2012,1500,1499,1499,1500,1500,1193,1449,1500,1500,1500,1500,1500,1499,1500,2012,1500,1609,1500,2012,1500,1499,1500,1500,1520,1705,1499,988,8.3
2026-04-18,16:55:56.960,-32,-34,10,3907,0,61,44,16,0,48,51,2026,-1,-2,359,1024,204,1024,0,-1,-1,-1,0x1000480A98140204,1500,1500,1500,989,2012,1500,1499,1499,1500,1500,1193,1449,1500,1500,1500,1500,1500,1499,1500,2012,1500,1609,1500,2012,1500,1499,1500,1500,1520,1705,1499,988,8.3
2026-04-18,16:55:57.460,-29,-34,10,3906,0,61,44,16,0,48,51,2026,-2,-2,359,1024,204,1024,0,-1,-1,-1,0x1000480A98140204,1500,1500,1500,989,2012,1499,1499,1499,1500,1499,1193,1449,1500,1500,1500,1500,1500,1499,1500,2012,1500,1609,1500,2012,1500,1499,1500,1500,1520,1705,1499,988,8.3
2026-04-18,16:55:57.960,-30,-34,10,3906,0,61,44,16,0,48,51,2026,-1,-1,359,1024,204,1024,0,-1,-1,-1,0x1000480A98140204,1500,1500,1500,989,2012,1500,1500,1499,1500,1500,1193,1449,1500,1500,1500,1500,1500,1499,1500,2012,1500,1609,1500,2012,1500,1499,1500,1500,1520,1705,1499,988,8.3
2026-04-18,16:55:58.460,-31,-34,10,3905,0,61,44,16,0,48,51,2026,-1,-2,359,1024,204,1024,0,-1,-1,-1,0x1000480A98140204,1500,1499,1500,989,2012,1500,1499,1499,1500,1500,1193,1449,1500,1500,1500,1500,1500,1499,1500,2012,1500,1609,1500,2012,1500,1499,1500,1500,1520,1705,1499,988,8.3
2026-04-18,16:55:58.960,-32,-34,10,3906,0,61,44,16,0,48,51,2026,-1,-2,359,1024,204,1024,0,-1,-1,-1,0x1000480A98140204,1500,1499,1500,989,2012,1500,1499,1499,1500,1500,1193,1449,1500,1500,1500,1500,1500,1499,1500,2012,1500,1609,1500,2012,1500,1499,1500,1500,1520,1705,1499,988,8.3
2026-04-18,16:55:59.460,-34,-28,10,3905,0,61,44,16,0,48,51,2026,-1,-1,359,1024,204,1024,0,-1,-1,-1,0x1000480A98140204,1500,1500,1500,989,2012,1500,1500,1499,1500,1500,1193,1449,1500,1500,1500,1500,1500,1499,1500,2012,1500,1609,1500,2012,1500,1499,1500,1500,1520,1705,1499,988,8.3
2026-04-18,16:55:59.960,-34,-28,10,3906,0,61,44,16,0,48,51,2026,-1,-2,359,1024,204,1024,0,-1,-1,-1,0x1000480A98140204,1500,1499,1500,989,2012,1500,1499,1499,1500,1500,1193,1449,1500,1500,1500,1500,1500,1499,1500,2012,1500,1609,1500,2012,1500,1499,1500,1500,1520,1705,1499,988,8.3
2026-04-18,16:56:00.460,-34,-28,10,3909,0,61,44,16,0,48,51,2026,-1,-1,359,1024,204,1024,0,-1,-1,-1,0x1000480A98140204,1500,1500,1500,989,2012,1500,1500,1499,1500,1500,1193,1449,1500,1500,1500,1500,1500,1499,1500,2012,1500,1609,1500,2012,1500,1499,1500,1500,1520,1705,1499,988,8.3
2026-04-18,16:56:00.960,-34,-28,10,3909,0,61,44,16,0,48,51,2026,-1,-2,359,1024,203,1024,0,-1,-1,-1,0x1000480A98140204,1500,1499,1500,989,2012,1500,1499,1499,1500,1500,1193,1449,1500,1500,1500,1500,1500,1499,1500,2012,1500,1609,1500,2012,1500,1499,1500,1500,1520,1705,1499,988,8.3
2026-04-18,16:56:01.460,-34,-28,10,3911,0,61,44,16,0,48,51,2026,-1,-1,359,1024,203,1024,0,-1,-1,-1,0x1000480A98140204,1500,1500,1500,989,2012,1500,1499,1499,1500,1500,1193,1449,1500,1500,1500,1500,1500,1499,1500,2012,1500,1609,1500,2012,1500,1499,1500,1500,1520,1705,1499,988,8.3
2026-04-18,16:56:01.960,-34,-29,10,3911,0,61,44,16,0,48,51,2026,-1,-1,359,1024,204,1024,0,-1,-1,-1,0x1000480A98140204,1500,1500,1500,989,2012,1500,1500,1499,1500,1500,1193,1449,1500,1500,1500,1500,1500,1499,1500,2012,1500,1609,1500,2012,1500,1499,1500,1500,1520,1705,1499,988,8.3
2026-04-18,16:56:02.460,-34,-30,10,3910,0,61,44,16,0,48,51,2026,-1,-2,359,1024,204,1024,0,-1,-1,-1,0x1000480A98140204,1500,1499,1500,989,2012,1500,1499,1499,1500,1500,1193,1449,1500,1500,1500,1500,1500,1499,1500,2012,1500,1609,1500,2012,1500,1499,1500,1500,1520,1705,1499,988,8.3
2026-04-18,16:56:02.960,-34,-29,10,3909,0,61,44,16,0,48,51,2026,-1,-1,359,1024,204,1024,0,-1,-1,-1,0x1000480A98140204,1500,1500,1500,989,2012,1500,1500,1499,1500,1500,1193,1449,1500,1500,1500,1500,1500,1499,1500,2012,1500,1609,1500,2012,1500,1499,1500,1500,1520,1705,1499,988,8.3
2026-04-18,16:56:03.460,-34,-29,10,3911,0,61,44,16,0,48,51,2026,-1,-2,359,1024,204,1024,0,-1,-1,-1,0x1000480A98140204,1500,1499,1500,989,2012,1500,1499,1499,1500,1500,1193,1449,1500,1500,1500,1500,1500,1499,1500,2012,1500,1609,1500,2012,1500,1499,1500,1500,1520,1705,1499,988,8.3
2026-04-18,16:56:03.960,-34,-29,10,3911,0,61,44,16,0,48,51,2026,-1,-1,359,1024,204,1024,0,-1,-1,-1,0x1000480A98140204,1500,1500,1500,989,2012,1500,1500,1499,1500,1500,1193,1449,1500,1500,1500,1500,1500,1499,1500,2012,1500,1609,1500,2012,1500,1499,1500,1500,1520,1705,1499,988,8.3
2026-04-18,16:56:04.460,-34,-28,10,3910,0,61,44,16,0,48,51,2026,-1,-2,359,1024,204,1024,0,-1,-1,-1,0x1000480A98140204,1500,1500,1500,989,2012,1500,1499,1499,1500,1500,1193,1449,1500,1500,1500,1500,1500,1499,1500,2012,1500,1609,1500,2012,1500,1499,1500,1500,1520,1705,1499,988,8.3
2026-04-18,16:56:04.960,-28,-34,10,3912,0,59,44,16,0,48,51,2026,-1,-1,359,1024,204,1024,0,-1,-1,-1,0x1000480A98140204,1500,1500,1500,989,2012,1500,1500,1499,1500,1500,1193,1449,1500,1500,1500,1500,1500,1499,1500,2012,1500,1609,1500,2012,1500,1499,1500,1500,1520,1705,1499,988,8.3
2026-04-18,16:56:05.460,-33,-32,10,3911,0,59,44,16,0,48,51,2026,-1,-1,359,1024,204,1024,0,-1,-1,-1,0x1000480A98140204,1500,1500,1500,989,2012,1500,1500,1499,1500,1499,1193,1449,1500,1500,1500,1500,1500,1499,1500,2012,1500,1609,1500,2012,1500,1499,1500,1500,1520,1705,1499,988,8.3
2026-04-18,16:56:05.960,-33,-34,10,3911,0,59,44,16,0,48,51,2026,-1,-2,359,1024,204,1024,0,-1,-1,-1,0x1000480A98140204,1500,1499,1500,989,2012,1500,1499,1499,1500,1500,1193,1449,1500,1500,1500,1500,1500,1499,1500,2012,1500,1609,1500,2012,1500,1499,1500,1500,1520,1705,1499,988,8.3
2026-04-18,16:56:06.460,-33,-31,10,3912,0,59,44,16,0,48,51,2026,-1,-1,359,1024,204,1024,0,-1,-1,-1,0x1000480A98140204,1500,1500,1500,989,2012,1500,1500,1499,1500,1500,1193,1449,1500,1500,1500,1500,1500,1499,1500,2012,1500,1609,1500,2012,1500,1499,1500,1500,1520,1705,1499,988,8.3
2026-04-18,16:56:06.960,-33,-31,10,3912,0,59,44,16,0,48,51,2026,-1,-2,359,1024,203,1024,0,-1,-1,-1,0x1000480A98140204,1500,1499,1500,989,2012,1500,1499,1499,1500,1500,1193,1449,1500,1500,1500,1500,1500,1499,1500,2012,1500,1609,1500,2012,1500,1499,1500,1500,1520,1705,1499,988,8.3
2026-04-18,16:56:07.460,-33,-31,10,3912,0,59,44,16,0,48,51,2026,-1,-2,359,1024,204,1024,0,-1,-1,-1,0x1000480A98140204,1500,1499,1500,989,2012,1500,1499,1499,1500,1500,1193,1449,1500,1500,1500,1500,1500,1499,1500,2012,1500,1609,1500,2012,1500,1499,1500,1500,1520,1705,1499,988,8.3
2026-04-18,16:56:07.960,-33,-30,10,3913,0,59,44,16,0,48,51,2026,-1,-2,359,1024,204,1024,0,-1,-1,-1,0x1000480A98140204,1500,1499,1500,989,2012,1500,1499,1499,1500,1500,1193,1449,1500,1500,1500,1500,1500,1499,1500,2012,1500,1609,1500,2012,1500,1499,1500,1500,1520,1705,1499,988,8.3
2026-04-18,16:56:08.460,-33,-30,10,3914,0,59,44,16,0,48,51,2026,-1,-1,359,1024,204,1024,0,-1,-1,-1,0x1000480A98140204,1500,1500,1500,989,2012,1500,1500,1499,1500,1500,1193,1449,1500,1500,1500,1500,1500,1499,1500,2012,1500,1609,1500,2012,1500,1499,1500,1500,1520,1705,1499,988,8.3
2026-04-18,16:56:08.960,-33,-32,10,3913,0,59,44,16,0,48,51,2026,0,-1,359,1024,203,1024,0,-1,-1,-1,0x1000480A98140204,1500,1500,1500,989,2012,1500,1500,1499,1500,1500,1193,1449,1500,1500,1500,1500,1500,1499,1500,2012,1500,1609,1500,2012,1500,1499,1500,1500,1520,1705,1499,988,8.3
2026-04-18,16:56:09.460,-33,-31,10,3914,0,59,44,16,0,48,51,2026,-1,-1,359,1024,204,1024,0,-1,-1,-1,0x1000480A98140204,1500,1500,1500,989,2012,1500,1500,1499,1500,1500,1193,1449,1500,1500,1500,1500,1500,1499,1500,2012,1500,1609,1500,2012,1500,1499,1500,1500,1520,1705,1499,988,8.3
2026-04-18,16:56:09.960,-33,-32,10,3914,0,59,44,16,0,48,51,2026,-1,-1,359,1024,203,1024,0,-1,-1,-1,0x1000480A98140204,1500,1500,1500,989,2012,1500,1500,1499,1500,1500,1193,1449,1500,1500,1500,1500,1500,1499,1500,2012,1500,1609,1500,2012,1500,1499,1500,1500,1520,1705,1499,988,8.3
2026-04-18,16:56:10.460,-33,-32,10,3913,0,59,44,16,0,48,51,2026,-1,-2,359,1024,204,1024,0,-1,-1,-1,0x1000480A98140204,1500,1500,1500,989,2012,1500,1499,1499,1500,1500,1193,1449,1500,1500,1500,1500,1500,1499,1500,2012,1500,1609,1500,2012,1500,1499,1500,1500,1520,1705,1499,988,8.3
2026-04-18,16:56:10.960,-33,-32,10,3913,0,59,44,16,0,48,51,2026,-1,-1,359,1024,204,1024,0,-1,-1,-1,0x1000480A98140204,1500,1499,1500,989,2012,1500,1500,1499,1500,1500,1193,1449,1500,1500,1500,1500,1500,1499,1500,2012,1500,1609,1500,2012,1500,1499,1500,1500,1520,1705,1499,988,8.3
2026-04-18,16:56:11.460,-33,-32,10,3914,0,59,44,16,0,48,51,2026,-1,-2,359,1024,204,1024,0,-1,-1,-1,0x1000480A98140204,1500,1500,1500,989,2012,1500,1499,1499,1500,1500,1193,1449,1500,1500,1500,1500,1500,1499,1500,2012,1500,1609,1500,2012,1500,1499,1500,1500,1520,1705,1499,988,8.3
2026-04-18,16:56:11.960,-33,-31,10,3914,0,59,44,16,0,48,51,2026,-1,-2,359,1024,203,1024,0,-1,-1,-1,0x1000480A98140204,1500,1499,1500,989,2012,1500,1499,1499,1500,1500,1193,1449,1500,1500,1500,1500,1500,1499,1500,2012,1500,1609,1500,2012,1500,1499,1500,1500,1520,1705,1499,988,8.3
2026-04-18,16:56:12.460,-33,-30,10,3915,0,59,44,16,0,48,51,2026,-1,-1,359,1024,204,1024,0,-1,-1,-1,0x1000480A98140204,1500,1500,1500,989,2012,1500,1500,1499,1500,1500,1193,1449,1500,1500,1500,1500,1500,1499,1500,2012,1500,1609,1500,2012,1500,1499,1500,1500,1520,1705,1499,988,8.3
2026-04-18,16:56:12.960,-33,-30,10,3915,0,59,44,16,0,48,51,2026,-1,-2,359,1024,204,1024,0,-1,-1,-1,0x1000480A98140204,1500,1499,1500,989,2012,1500,1499,1499,1500,1500,1193,1449,1500,1500,1500,1500,1500,1499,1500,2012,1500,1609,1500,2012,1500,1499,1500,1500,1520,1705,1499,988,8.3
2026-04-18,16:56:13.460,-33,-31,10,3914,0,59,44,16,0,48,51,2026,-1,-2,359,1024,204,1024,0,-1,-1,-1,0x1000480A98140204,1500,1499,1500,989,2012,1500,1499,1499,1500,1500,1193,1449,1500,1500,1500,1500,1500,1499,1500,2012,1500,1609,1500,2012,1500,1499,1500,1500,1520,1705,1499,988,8.3
2026-04-18,16:56:13.960,-33,-32,10,3914,0,59,44,16,0,48,51,2026,-1,-1,359,1024,204,1024,0,-1,-1,-1,0x1000480A98140204,1500,1500,1500,989,2012,1500,1500,1499,1500,1500,1193,1449,1500,1500,1500,1500,1500,1499,1500,2012,1500,1609,1500,2012,1500,1499,1500,1500,1520,1705,1499,988,8.3
2026-04-18,16:56:14.460,-33,-32,10,3915,0,59,44,16,0,48,51,2026,-1,-1,359,1024,203,1024,0,-1,-1,-1,0x1000480A98140204,1500,1500,1500,989,2012,1500,1500,1499,1500,1500,1193,1449,1500,1500,1500,1500,1500,1499,1500,2012,1500,1609,1500,2012,1500,1499,1500,1500,1520,1705,1499,988,8.3
2026-04-18,16:56:14.960,-33,-31,10,3915,0,59,44,16,0,48,51,2026,-1,-1,359,1024,204,1024,0,-1,-1,-1,0x1000480A98140204,1500,1500,1500,989,2012,1500,1500,1499,1500,1500,1193,1449,1500,1500,1500,1500,1500,1499,1500,2012,1500,1609,1500,2012,1500,1499,1500,1500,1520,1705,1499,988,8.3
2026-04-18,16:56:15.460,-33,-32,10,3915,0,59,44,16,0,48,51,2026,-1,-1,359,1024,204,1024,0,-1,-1,-1,0x1000480A98140204,1500,1500,1500,989,2012,1500,1500,1499,1500,1500,1193,1449,1500,1500,1500,1500,1500,1499,1500,2012,1500,1609,1500,2012,1500,1499,1500,1500,1520,1705,1499,988,8.3
2026-04-18,16:56:15.960,-33,-33,10,3916,0,59,44,16,0,48,51,2026,-1,-1,359,1024,204,1024,0,-1,-1,-1,0x1000480A98140204,1500,1499,1500,989,2012,1500,1500,1499,1500,1500,1193,1449,1500,1500,1500,1500,1500,1499,1500,2012,1500,1609,1500,2012,1500,1499,1500,1500,1520,1705,1499,988,8.3
2026-04-18,16:56:16.460,-33,-32,10,3915,0,59,44,16,0,48,51,2026,-1,-2,359,1024,204,1024,0,-1,-1,-1,0x1000480A98140204,1500,1499,1500,989,2012,1500,1499,1499,1500,1500,1193,1449,1500,1500,1500,1500,1500,1499,1500,2012,1500,1609,1500,2012,1500,1499,1500,1500,1520,1705,1499,988,8.3
2026-04-18,16:56:16.960,-33,-33,10,3915,0,59,44,16,0,48,51,2026,-1,-2,359,1024,204,1024,0,-1,-1,-1,0x1000480A98140204,1500,1499,1500,989,2012,1500,1499,1499,1500,1500,1193,1449,1500,1500,1500,1500,1500,1499,1500,2012,1500,1609,1500,2012,1500,1499,1500,1500,1520,1705,1499,988,8.3
2026-04-18,16:56:17.460,-33,-32,10,3914,0,59,44,16,0,48,51,2026,-1,-2,359,1024,203,1024,0,-1,-1,-1,0x1000480A98140204,1500,1499,1500,989,2012,1500,1499,1499,1500,1500,1193,1449,1500,1500,1500,1500,1500,1499,1500,2012,1500,1609,1500,2012,1500,1499,1500,1500,1520,1705,1499,988,8.3
2026-04-18,16:56:17.960,-33,-33,10,3914,0,59,44,16,0,48,51,2026,-1,-2,359,1024,204,1024,0,-1,-1,-1,0x1000480A98140204,1500,1499,1500,989,2012,1500,1499,1499,1500,1500,1193,1449,1500,1500,1500,1500,1500,1499,1500,2012,1500,1609,1500,2012,1500,1499,1500,1500,1520,1705,1499,988,8.3
2026-04-18,16:56:18.460,-33,-33,10,3915,0,59,44,16,0,48,51,2026,-1,-1,359,1024,203,1024,0,-1,-1,-1,0x1000480A98140204,1500,1500,1500,989,2012,1500,1500,1499,1500,1500,1193,1449,1500,1500,1500,1500,1500,1499,1500,2012,1500,1609,1500,2012,1500,1499,1500,1500,1520,1705,1499,988,8.3
2026-04-18,16:56:18.960,-33,-33,10,3915,0,59,44,16,0,48,51,2026,-1,-2,359,1024,204,1024,0,-1,-1,-1,0x1000480A98140204,1500,1499,1500,989,2012,1500,1499,1499,1500,1500,1193,1449,1500,1500,1500,1500,1500,1499,1500,2012,1500,1609,1500,2012,1500,1499,1500,1500,1520,1705,1499,988,8.3
2026-04-18,16:56:19.460,-33,-33,10,3915,0,59,44,16,0,48,51,2026,-1,-1,359,1024,204,1024,0,-1,-1,-1,0x1000480A98140204,1500,1499,1500,989,2012,1500,1500,1499,1500,1500,1193,1449,1500,1500,1500,1500,1500,1499,1500,2012,1500,1609,1500,2012,1500,1499,1500,1500,1520,1705,1499,988,8.3
2026-04-18,16:56:19.960,-33,-32,10,3916,0,59,44,16,0,48,51,2026,-1,-1,359,1024,204,1024,0,-1,-1,-1,0x1000480A98140204,1500,1499,1500,989,2012,1500,1500,1499,1500,1500,1193,1449,1500,1500,1500,1500,1500,1499,1500,2012,1500,1609,1500,2012,1500,1499,1500,1500,1520,1705,1499,988,8.3
2026-04-18,16:56:20.460,-33,-32,10,3916,0,59,44,16,0,48,51,2026,-1,-1,359,1024,204,1024,0,-1,-1,-1,0x1000480A98140204,1500,1499,1500,989,2012,1500,1500,1499,1500,1500,1193,1449,1500,1500,1500,1500,1500,1499,1500,2012,1500,1609,1500,2012,1500,1499,1500,1500,1520,1705,1499,988,8.3
2026-04-18,16:56:20.960,-33,-33,10,3916,0,59,44,16,0,48,51,2026,-1,-1,359,1024,204,1024,0,-1,-1,-1,0x1000480A98140204,1500,1500,1500,989,2012,1500,1500,1499,1500,1500,1193,1449,1500,1500,1500,1500,1500,1499,1500,2012,1500,1609,1500,2012,1500,1499,1500,1500,1520,1705,1499,988,8.3
2026-04-18,16:56:21.460,-33,-33,10,3916,0,59,44,16,0,48,51,2026,-1,-2,359,1024,204,1024,0,-1,-1,-1,0x1000480A98140204,1500,1499,1500,989,2012,1500,1499,1499,1500,1500,1193,1449,1500,1500,1500,1500,1500,1499,1500,2012,1500,1609,1500,2012,1500,1499,1500,1500,1520,1705,1499,988,8.3
2026-04-18,16:56:21.960,-33,-33,10,3916,0,59,44,16,0,48,51,2026,-1,-2,359,1024,204,1024,0,-1,-1,-1,0x1000480A98140204,1500,1500,1500,989,2012,1500,1499,1499,1500,1500,1193,1449,1500,1500,1500,1500,1500,1499,1500,2012,1500,1609,1500,2012,1500,1499,1500,1500,1520,1705,1499,988,8.3
2026-04-18,16:56:22.460,-33,-33,10,3916,0,59,44,16,0,48,51,2026,-1,-1,359,1024,204,1024,0,-1,-1,-1,0x1000480A98140204,1500,1500,1500,989,2012,1500,1500,1499,1500,1500,1193,1449,1500,1500,1500,1500,1500,1499,1500,2012,1500,1609,1500,2012,1500,1499,1500,1500,1520,1705,1499,988,8.3
2026-04-18,16:56:22.960,-33,-34,10,3916,0,59,44,16,0,48,51,2026,0,-1,359,1024,203,1024,0,-1,-1,-1,0x1000480A98140204,1500,1500,1500,989,2012,1500,1500,1499,1500,1500,1193,1449,1500,1500,1500,1500,1500,1499,1500,2012,1500,1609,1500,2012,1500,1499,1500,1500,1520,1705,1499,988,8.3
2026-04-18,16:56:23.460,-33,-33,10,3916,0,59,44,16,0,48,51,2026,-1,-2,359,1024,204,1024,0,-1,-1,-1,0x1000480A98140204,1500,1499,1500,989,2012,1500,1499,1499,1500,1500,1193,1449,1500,1500,1500,1500,1500,1499,1500,2012,1500,1609,1500,2012,1500,1499,1500,1500,1520,1705,1499,988,8.3
2026-04-18,16:56:23.960,-33,-34,10,3916,0,59,44,16,0,48,51,2026,-1,-1,359,1024,204,1024,0,-1,-1,-1,0x1000480A98140204,1500,1500,1500,989,2012,1500,1500,1499,1500,1500,1193,1449,1500,1500,1500,1500,1500,1499,1500,2012,1500,1609,1500,2012,1500,1499,1500,1500,1520,1705,1499,988,8.3
2026-04-18,16:56:24.460,-33,-32,10,3916,0,59,44,16,0,48,51,2026,-1,-2,359,1024,204,1024,0,-1,-1,-1,0x1000480A98140204,1500,1499,1500,989,2012,1500,1499,1499,1500,1500,1193,1449,1500,1500,1500,1500,1500,1499,1500,2012,1500,1609,1500,2012,1500,1499,1500,1500,1520,1705,1499,988,8.3
2026-04-18,16:56:24.960,-33,-31,10,3916,0,59,44,16,0,48,51,2026,-1,-2,359,1024,203,1024,0,-1,-1,-1,0x1000480A98140204,1500,1500,1500,989,2012,1500,1499,1499,1500,1500,1193,1449,1500,1500,1500,1500,1500,1499,1500,2012,1500,1609,1500,2012,1500,1499,1500,1500,1520,1705,1499,988,8.3
2026-04-18,16:56:25.460,-33,-32,10,3916,0,59,44,16,0,48,51,2026,-1,-1,359,1024,204,1024,0,-1,-1,-1,0x1000480A98140204,1500,1500,1500,989,2012,1500,1499,1499,1500,1500,1193,1449,1500,1500,1500,1500,1500,1499,1500,2012,1500,1609,1500,2012,1500,1499,1500,1500,1520,1705,1499,988,8.3
2026-04-18,16:56:25.960,-33,-33,10,3916,0,59,44,16,0,48,51,2026,-1,-1,359,1024,204,1024,0,-1,-1,-1,0x1000480A98140204,1500,1500,1500,989,2012,1500,1499,1499,1500,1500,1193,1449,1500,1500,1500,1500,1500,1499,1500,2012,1500,1609,1500,2012,1500,1499,1500,1500,1520,1705,1499,988,8.3
2026-04-18,16:56:26.460,-33,-33,10,3915,0,59,44,16,0,48,51,2026,-1,-1,359,1024,204,1024,0,-1,-1,-1,0x1000480A98140204,1500,1500,1500,989,2012,1500,1500,1499,1500,1500,1193,1449,1500,1500,1500,1500,1500,1499,1500,2012,1500,1609,1500,2012,1500,1499,1500,1500,1520,1705,1499,988,8.3
2026-04-18,16:56:26.960,-33,-34,10,3915,0,59,44,16,0,48,51,2026,-1,-1,359,1024,204,1024,0,-1,-1,-1,0x1000480A98140204,1500,1500,1500,989,2012,1500,1500,1499,1500,1500,1193,1449,1500,1500,1500,1500,1500,1499,1500,2012,1500,1609,1500,2012,1500,1499,1500,1500,1520,1705,1499,988,8.3
2026-04-18,16:56:27.460,-33,-33,10,3915,0,59,44,16,0,48,51,2026,-1,-1,359,1024,204,1024,0,-1,-1,-1,0x1000480A98140204,1500,1500,1500,989,2012,1500,1500,1499,1500,1500,1193,1449,1500,1500,1500,1500,1500,1499,1500,2012,1500,1609,1500,2012,1500,1499,1500,1500,1520,1705,1499,988,8.3
2026-04-18,16:56:27.960,-33,-33,10,3915,0,59,44,16,0,48,51,2026,-1,-2,359,1024,204,1024,0,-1,-1,-1,0x1000480A98140204,1500,1499,1500,989,2012,1500,1500,1499,1500,1500,1193,1449,1500,1500,1500,1500,1500,1499,1500,2012,1500,1609,1500,2012,1500,1499,1500,1500,1520,1705,1499,988,8.3
2026-04-18,16:56:28.460,-33,-33,10,3915,0,59,44,16,0,48,51,2026,-1,-2,359,1024,203,1024,0,-1,-1,-1,0x1000480A98140204,1500,1499,1500,989,2012,1500,1499,1499,1500,1500,1193,1449,1500,1500,1500,1500,1500,1499,1500,2012,1500,1609,1500,2012,1500,1499,1500,1500,1520,1705,1499,988,8.3
2026-04-18,16:56:28.960,-33,-32,10,3915,0,59,44,16,0,48,51,2026,-1,-1,359,1024,204,1024,0,-1,-1,-1,0x1000480A98140204,1500,1500,1500,989,2012,1500,1500,1499,1500,1500,1193,1449,1500,1500,1500,1500,1500,1499,1500,2012,1500,1609,1500,2012,1500,1499,1500,1500,1520,1705,1499,988,8.3
2026-04-18,16:56:29.460,-33,-32,10,3916,0,59,44,16,0,48,51,2026,-1,-1,359,1024,204,1024,0,-1,-1,-1,0x1000480A98140204,1500,1500,1500,989,2012,1500,1500,1499,1500,1500,1193,1449,1500,1500,1500,1500,1500,1499,1500,2012,1500,1609,1500,2012,1500,1499,1500,1500,1520,1705,1499,988,8.3
2026-04-18,16:56:29.960,-33,-32,10,3916,0,59,44,16,0,48,51,2026,-1,-1,359,1024,203,1024,0,-1,-1,-1,0x1000480A98140204,1500,1500,1500,989,2012,1500,1499,1499,1500,1500,1193,1449,1500,1500,1500,1500,1500,1499,1500,2012,1500,1609,1500,2012,1500,1499,1500,1500,1520,1705,1499,988,8.3
2026-04-18,16:56:30.460,-33,-33,10,3916,0,59,44,16,0,48,51,2026,-1,-2,359,1024,203,1024,0,-1,-1,-1,0x1000480A98140204,1500,1499,1500,989,2012,1500,1500,1499,1500,1500,1193,1449,1500,1500,1500,1500,1500,1499,1500,2012,1500,1609,1500,2012,1500,1499,1500,1500,1520,1705,1499,988,8.3
2026-04-18,16:56:30.960,-33,-33,10,3916,0,59,44,16,0,48,51,2026,-1,-2,359,1024,203,1024,0,-1,-1,-1,0x1000480A98140204,1500,1499,1500,989,2012,1500,1499,1499,1500,1500,1193,1449,1500,1500,1500,1500,1500,1499,1500,2012,1500,1609,1500,2012,1500,1499,1500,1500,1520,1705,1499,988,8.3
2026-04-18,16:56:31.460,-33,-30,10,3916,0,59,44,16,0,48,51,2026,-1,-2,359,1024,203,1024,0,-1,-1,-1,0x1000480A98140204,1500,1499,1500,989,2012,1500,1499,1499,1500,1500,1193,1449,1500,1500,1500,1500,1500,1499,1500,2012,1500,1609,1500,2012,1500,1499,1500,1500,1520,1705,1499,988,8.3
2026-04-18,16:56:31.960,-33,-31,10,3916,0,59,44,16,0,48,51,2026,-1,-2,359,1024,204,1024,0,-1,-1,-1,0x1000480A98140204,1500,1499,1500,989,2012,1500,1499,1499,1500,1500,1193,1449,1500,1500,1500,1500,1500,1499,1500,2012,1500,1609,1500,2012,1500,1499,1500,1500,1520,1705,1499,988,8.3
2026-04-18,16:56:32.460,-33,-31,10,3916,0,59,44,16,0,48,51,2026,-1,-1,359,1024,204,1024,0,-1,-1,-1,0x1000480A98140204,1500,1500,1500,989,2012,1500,1500,1499,1500,1500,1193,1449,1500,1500,1500,1500,1500,1499,1500,2012,1500,1609,1500,2012,1500,1499,1500,1500,1520,1705,1499,988,8.3
2026-04-18,16:56:32.960,-33,-32,10,3916,0,59,44,16,0,48,51,2026,-1,-2,359,1024,203,1024,0,-1,-1,-1,0x1000480A98140204,1500,1500,1500,989,2012,1500,1499,1499,1500,1500,1193,1449,1500,1500,1500,1500,1500,1499,1500,2012,1500,1609,1500,2012,1500,1499,1500,1500,1520,1705,1499,988,8.3
2026-04-18,16:56:33.460,-33,-31,10,3916,0,59,44,16,0,48,51,2026,-1,-2,359,1024,204,1024,0,-1,-1,-1,0x1000480A98140204,1500,1499,1500,989,2012,1500,1500,1499,1500,1500,1193,1449,1500,1500,1500,1500,1500,1499,1500,2012,1500,1609,1500,2012,1500,1499,1500,1500,1520,1705,1499,988,8.3
2026-04-18,16:56:33.960,-33,-32,10,3916,0,59,44,16,0,48,51,2026,-1,-2,359,1024,203,1024,0,-1,-1,-1,0x1000480A98140204,1500,1500,1500,989,2012,1500,1499,1499,1500,1500,1193,1449,1500,1500,1500,1500,1500,1499,1500,2012,1500,1609,1500,2012,1500,1499,1500,1500,1520,1705,1499,988,8.3
2026-04-18,16:56:34.460,-33,-33,10,3916,0,59,44,16,0,48,51,2026,-1,-1,359,1024,204,1024,0,-1,-1,-1,0x1000480A98140204,1500,1500,1500,989,2012,1500,1500,1499,1500,1500,1193,1449,1500,1500,1500,1500,1500,1499,1500,2012,1500,1609,1500,2012,1500,1499,1500,1500,1520,1705,1499,988,8.3
2026-04-18,16:56:34.960,-33,-32,10,3916,0,59,44,16,0,48,51,2026,-1,-2,359,1024,204,1024,0,-1,-1,-1,0x1000480A98140204,1500,1499,1500,989,2012,1500,1499,1499,1500,1500,1193,1449,1500,1500,1500,1500,1500,1499,1500,2012,1500,1609,1500,2012,1500,1499,1500,1500,1520,1705,1499,988,8.3
2026-04-18,16:56:35.460,-33,-31,10,3916,0,59,44,16,0,48,51,2026,-1,-1,359,1024,204,1024,0,-1,-1,-1,0x1000480A98140204,1500,1500,1500,989,2012,1500,1500,1499,1500,1500,1193,1449,1500,1500,1500,1500,1500,1499,1500,2012,1500,1609,1500,2012,1500,1499,1500,1500,1520,1705,1499,988,8.3
2026-04-18,16:56:35.960,-32,-35,10,3916,0,59,44,16,0,48,51,2026,-1,-2,359,1024,204,1024,0,-1,-1,-1,0x1000480A98140204,1500,1500,1500,989,2012,1500,1499,1499,1500,1500,1193,1449,1500,1500,1500,1500,1500,1499,1500,2012,1500,1609,1500,2012,1500,1499,1500,1500,1520,1705,1499,988,8.3
2026-04-18,16:56:36.460,-32,-35,10,3916,0,59,44,16,0,48,51,2026,-1,-2,359,1024,203,1024,0,-1,-1,-1,0x1000480A98140204,1500,1499,1500,989,2012,1500,1500,1499,1500,1500,1193,1449,1500,1500,1500,1500,1500,1499,1500,2012,1500,1609,1500,2012,1500,1499,1500,1500,1520,1705,1499,988,8.3
2026-04-18,16:56:36.960,-33,-35,10,3916,0,59,44,16,0,48,51,2026,-1,-1,359,1024,203,1024,0,-1,-1,-1,0x1000480A98140204,1500,1500,1500,989,2012,1500,1500,1499,1500,1500,1193,1449,1500,1500,1500,1500,1500,1499,1500,2012,1500,1609,1500,2012,1500,1499,1500,1500,1520,1705,1499,988,8.3
2026-04-18,16:56:37.460,-34,-35,10,3916,0,59,44,16,0,48,51,2026,-1,-1,359,1024,203,1024,0,-1,-1,-1,0x1000480A98140204,1500,1500,1500,989,2012,1500,1500,1499,1500,1500,1193,1449,1500,1500,1500,1500,1500,1499,1500,2012,1500,1609,1500,2012,1500,1499,1500,1500,1520,1705,1499,988,8.3
2026-04-18,16:56:37.960,-34,-35,10,3916,0,59,44,16,0,48,51,2026,-1,-2,359,1024,204,1024,0,-1,-1,-1,0x1000480A98140204,1500,1499,1500,989,2012,1500,1500,1499,1500,1500,1193,1449,1500,1500,1500,1500,1500,1499,1500,2012,1500,1609,1500,2012,1500,1499,1500,1500,1520,1705,1499,988,8.3
2026-04-18,16:56:38.460,-34,-35,10,3916,0,59,44,16,0,48,51,2026,-1,-1,359,1024,204,1024,0,-1,-1,-1,0x1000480A98140204,1500,1500,1500,989,2012,1500,1500,1499,1500,1500,1193,1449,1500,1500,1500,1500,1500,1499,1500,2012,1500,1609,1500,2012,1500,1499,1500,1500,1520,1705,1499,988,8.3
2026-04-18,16:56:38.960,-36,-35,10,3916,0,59,44,16,0,48,51,2026,-1,-1,359,1024,204,1024,0,-1,-1,-1,0x1000480A98140204,1500,1500,1500,989,2012,1500,1500,1499,1500,1500,1193,1449,1500,1500,1500,1500,1500,1499,1500,2012,1500,1609,1500,2012,1500,1499,1500,1500,1520,1705,1499,988,8.3
2026-04-18,16:56:39.460,-34,-35,10,3916,0,59,44,16,0,48,51,2026,-1,-2,359,1024,203,1024,0,-1,-1,-1,0x1000480A98140204,1500,1499,1500,989,2012,1500,1499,1499,1500,1500,1193,1449,1500,1500,1500,1500,1500,1499,1500,2012,1500,1609,1500,2012,1500,1499,1500,1500,1520,1705,1499,988,8.3
2026-04-18,16:56:39.960,-35,-35,10,3916,0,59,44,16,0,48,51,2026,0,-2,359,1024,204,1024,0,-1,-1,-1,0x1000480A98140204,1500,1499,1500,989,2012,1500,1499,1499,1500,1500,1193,1449,1500,1500,1500,1500,1500,1499,1500,2012,1500,1609,1500,2012,1500,1499,1500,1500,1520,1705,1499,988,8.3
2026-04-18,16:56:40.460,-36,-35,10,3916,0,59,44,16,0,48,51,2026,-1,-1,359,1024,204,1024,0,-1,-1,-1,0x1000480A98140204,1500,1500,1500,989,2012,1500,1500,1499,1500,1500,1193,1449,1500,1500,1500,1500,1500,1499,1500,2012,1500,1609,1500,2012,1500,1499,1500,1500,1520,1705,1499,988,8.3
2026-04-18,16:56:40.960,-35,-35,10,3916,0,59,44,16,0,48,51,2026,-1,-1,359,1024,203,1024,0,-1,-1,-1,0x1000480A98140204,1500,1500,1500,989,2012,1500,1500,1499,1500,1500,1193,1449,1500,1500,1500,1500,1500,1499,1500,2012,1500,1609,1500,2012,1500,1499,1500,1500,1520,1705,1499,988,8.3
2026-04-18,16:56:41.460,-33,-35,10,3915,0,59,44,16,0,48,51,2026,-1,-1,359,1024,204,1024,0,-1,-1,-1,0x1000480A98140204,1500,1500,1500,989,2012,1500,1500,1499,1500,1500,1193,1449,1500,1500,1500,1500,1500,1499,1500,2012,1500,1609,1500,2012,1500,1499,1500,1500,1520,1705,1499,988,8.3
2026-04-18,16:56:41.960,-31,-35,10,3915,0,59,44,16,0,48,51,2026,-1,-2,359,1024,204,1024,0,-1,-1,-1,0x1000480A98140204,1500,1499,1500,989,2012,1500,1499,1499,1500,1500,1193,1449,1500,1500,1500,1500,1500,1499,1500,2012,1500,1609,1500,2012,1500,1499,1500,1500,1520,1705,1499,988,8.3
2026-04-18,16:56:42.460,-33,-35,10,3915,0,59,44,16,0,48,51,2026,-1,-1,359,1024,204,1024,0,-1,-1,-1,0x1000480A98140204,1500,1499,1500,989,2012,1500,1500,1499,1500,1500,1193,1449,1500,1500,1500,1500,1500,1499,1500,2012,1500,1609,1500,2012,1500,1499,1500,1500,1520,1705,1499,988,8.3
2026-04-18,16:56:42.960,-34,-35,10,3914,0,59,44,16,0,48,51,2026,-1,-2,359,1024,204,1024,0,-1,-1,-1,0x1000480A98140204,1500,1499,1500,989,2012,1500,1499,1499,1500,1500,1193,1449,1500,1500,1500,1500,1500,1499,1500,2012,1500,1609,1500,2012,1500,1499,1500,1500,1520,1705,1499,988,8.3
2026-04-18,16:56:43.460,-34,-35,10,3915,0,59,44,16,0,48,51,2026,-1,-2,359,1024,203,1024,0,-1,-1,-1,0x1000480A98140204,1500,1499,1500,989,2012,1500,1499,1499,1500,1500,1193,1449,1500,1500,1500,1500,1500,1499,1500,2012,1500,1609,1500,2012,1500,1499,1500,1500,1520,1705,1499,988,8.3
2026-04-18,16:56:43.960,-36,-32,10,3915,0,59,44,16,0,48,51,2026,-1,-2,359,1024,204,1024,0,-1,-1,-1,0x1000480A98140204,1500,1499,1500,989,2012,1500,1499,1499,1500,1500,1193,1449,1500,1500,1500,1500,1500,1499,1500,2012,1500,1609,1500,2012,1500,1499,1500,1500,1520,1705,1499,988,8.3
2026-04-18,16:56:44.460,-36,-32,10,3915,0,59,44,16,0,48,51,2026,-1,-1,359,1024,204,1024,0,-1,-1,-1,0x1000480A98140204,1500,1500,1500,989,2012,1500,1500,1499,1500,1500,1193,1449,1500,1500,1500,1500,1500,1499,1500,2012,1500,1609,1500,2012,1500,1499,1500,1500,1520,1705,1499,988,8.3
2026-04-18,16:56:44.960,-36,-34,10,3915,0,59,44,16,0,48,51,2026,-1,-1,359,1024,203,1024,0,-1,-1,-1,0x1000480A98140204,1500,1500,1500,989,2012,1500,1500,1499,1500,1500,1193,1449,1500,1500,1500,1500,1500,1499,1500,2012,1500,1609,1500,2012,1500,1499,1500,1500,1520,1705,1499,988,8.3
2026-04-18,16:56:45.460,-36,-35,10,3916,0,59,44,16,0,48,51,2026,-1,-1,359,1024,203,1024,0,-1,-1,-1,0x1000480A98140204,1500,1500,1500,989,2012,1500,1500,1499,1500,1500,1193,1449,1500,1500,1500,1500,1500,1499,1500,2012,1500,1609,1500,2012,1500,1499,1500,1500,1520,1705,1499,988,8.3
2026-04-18,16:56:45.960,-36,-37,10,3916,0,59,44,16,0,48,51,2026,-1,-1,359,1024,203,1024,0,-1,-1,-1,0x1000480A98140204,1500,1500,1500,989,2012,1500,1500,1499,1500,1500,1193,1449,1500,1500,1500,1500,1500,1499,1500,2012,1500,1609,1500,2012,1500,1499,1500,1500,1520,1705,1499,988,8.3
2026-04-18,16:56:46.460,-36,-38,10,3916,0,59,44,16,0,48,51,2026,-1,-2,359,1024,203,1024,0,-1,-1,-1,0x1000480A98140204,1500,1499,1500,989,2012,1500,1499,1499,1500,1500,1193,1449,1500,1500,1500,1500,1500,1499,1500,2012,1500,1609,1500,2012,1500,1499,1500,1500,1520,1705,1499,988,8.3
2026-04-18,16:56:46.960,-37,-38,10,3916,0,59,44,16,0,48,51,2026,-1,-1,359,1024,204,1024,0,-1,-1,-1,0x1000480A98140204,1500,1500,1500,989,2012,1500,1500,1499,1500,1500,1193,1449,1500,1500,1500,1500,1500,1499,1500,2012,1500,1609,1500,2012,1500,1499,1500,1500,1520,1705,1499,988,8.3
2026-04-18,16:56:47.460,-36,-38,10,3916,0,59,44,16,0,48,51,2026,-1,-1,359,1024,204,1024,0,-1,-1,-1,0x1000480A98140204,1500,1499,1500,989,2012,1500,1500,1499,1500,1500,1193,1449,1500,1500,1500,1500,1500,1499,1500,2012,1500,1609,1500,2012,1500,1499,1500,1500,1520,1705,1499,988,8.3
2026-04-18,16:56:47.960,-37,-38,10,3916,0,57,44,16,0,48,51,2026,0,-2,359,1024,204,1024,0,-1,-1,-1,0x1000480A98140204,1500,1499,1500,989,2012,1500,1499,1499,1500,1500,1193,1449,1500,1500,1500,1500,1500,1499,1500,2012,1500,1609,1500,2012,1500,1499,1500,1500,1520,1705,1499,988,8.3
2026-04-18,16:56:48.460,-37,-38,10,3916,0,57,44,16,0,48,51,2026,-1,-1,359,1024,203,1024,0,-1,-1,-1,0x1000480A98140204,1500,1500,1500,989,2012,1500,1500,1499,1500,1500,1193,1449,1500,1500,1500,1500,1500,1499,1500,2012,1500,1609,1500,2012,1500,1499,1500,1500,1520,1705,1499,988,8.3
2026-04-18,16:56:48.960,-35,-38,10,3916,0,57,44,16,0,48,51,2026,-1,-1,359,1024,203,1024,0,-1,-1,-1,0x1000480A98140204,1500,1500,1500,989,2012,1500,1499,1499,1500,1500,1193,1449,1500,1500,1500,1500,1500,1499,1500,2012,1500,1609,1500,2012,1500,1499,1500,1500,1520,1705,1499,988,8.3
2026-04-18,16:56:49.460,-34,-38,10,3915,0,57,44,16,0,48,51,2026,-1,-1,359,1024,204,1024,0,-1,-1,-1,0x1000480A98140204,1500,1500,1500,989,2012,1500,1500,1499,1500,1500,1193,1449,1500,1500,1500,1500,1500,1499,1500,2012,1500,1609,1500,2012,1500,1499,1500,1500,1520,1705,1499,988,8.3
2026-04-18,16:56:49.960,-29,-38,10,3915,0,57,44,16,0,48,51,2026,-1,-2,359,1024,203,1024,0,-1,-1,-1,0x1000480A98140204,1500,1500,1500,989,2012,1500,1499,1499,1500,1500,1193,1449,1500,1500,1500,1500,1500,1499,1500,2012,1500,1609,1500,2012,1500,1499,1500,1500,1520,1705,1499,988,8.3
2026-04-18,16:56:50.460,-29,-38,10,3915,0,57,44,16,0,48,51,2026,-1,-2,359,1024,203,1024,0,-1,-1,-1,0x1000480A98140204,1500,1499,1500,989,2012,1500,1499,1499,1500,1500,1193,1449,1500,1500,1500,1500,1500,1499,1500,2012,1500,1609,1500,2012,1500,1499,1500,1500,1520,1705,1499,988,8.3
2026-04-18,16:56:50.960,-32,-38,10,3915,0,57,44,16,0,48,51,2026,-1,-2,359,1024,204,1024,0,-1,-1,-1,0x1000480A98140204,1500,1499,1500,989,2012,1500,1499,1499,1500,1500,1193,1449,1500,1500,1500,1500,1500,1499,1500,2012,1500,1609,1500,2012,1500,1499,1500,1500,1520,1705,1499,988,8.3
2026-04-18,16:56:51.460,-31,-38,10,3915,0,57,44,16,0,48,51,2026,-1,-2,359,1024,204,1024,0,-1,-1,-1,0x1000480A98140204,1500,1499,1500,989,2012,1500,1499,1499,1500,1500,1193,1449,1500,1500,1500,1500,1500,1499,1500,2012,1500,1609,1500,2012,1500,1499,1500,1500,1520,1705,1499,988,8.3
2026-04-18,16:56:51.960,-34,-33,10,3916,0,57,44,16,0,48,51,2026,-1,-2,359,1024,203,1024,0,-1,-1,-1,0x1000480A98140204,1500,1499,1500,989,2012,1500,1499,1499,1500,1499,1193,1449,1500,1500,1500,1500,1500,1499,1500,2012,1500,1609,1500,2012,1500,1499,1500,1500,1520,1705,1499,988,8.3
2026-04-18,16:56:52.460,-34,-33,10,3916,0,57,44,16,0,48,51,2026,-1,-2,359,1024,204,1024,0,-1,-1,-1,0x1000480A98140204,1500,1499,1500,989,2012,1500,1499,1499,1500,1500,1193,1449,1500,1500,1500,1500,1500,1499,1500,2012,1500,1609,1500,2012,1500,1499,1500,1500,1520,1705,1499,988,8.3
2026-04-18,16:56:52.960,-34,-33,10,3916,0,57,44,16,0,48,51,2026,0,-1,359,1024,204,1024,0,-1,-1,-1,0x1000480A98140204,1500,1500,1500,989,2012,1500,1500,1499,1500,1500,1193,1449,1500,1500,1500,1500,1500,1499,1500,2012,1500,1609,1500,2012,1500,1499,1500,1500,1520,1705,1499,988,8.3
2026-04-18,16:56:53.460,-34,-34,10,3916,0,57,44,16,0,48,51,2026,-1,-1,359,1024,203,1024,0,-1,-1,-1,0x1000480A98140204,1500,1499,1500,989,2012,1500,1500,1499,1500,1500,1193,1449,1500,1500,1500,1500,1500,1499,1500,2012,1500,1609,1500,2012,1500,1499,1500,1500,1520,1705,1499,988,8.3
2026-04-18,16:56:53.960,-34,-33,10,3916,0,57,44,16,0,48,51,2026,-1,-2,359,1024,203,1024,0,-1,-1,-1,0x1000480A98140204,1500,1499,1500,989,2012,1500,1499,1499,1500,1500,1193,1449,1500,1500,1500,1500,1500,1499,1500,2012,1500,1609,1500,2012,1500,1499,1500,1500,1520,1705,1499,988,8.3
2026-04-18,16:56:54.460,-34,-34,10,3916,0,57,44,16,0,48,51,2026,-1,-2,359,1024,203,1024,0,-1,-1,-1,0x1000480A98140204,1500,1499,1500,989,2012,1500,1499,1499,1500,1500,1193,1449,1500,1500,1500,1500,1500,1499,1500,2012,1500,1609,1500,2012,1500,1499,1500,1500,1520,1705,1499,988,8.3
2026-04-18,16:56:54.960,-34,-35,10,3916,0,57,44,16,0,48,51,2026,-1,-1,359,1024,203,1024,0,-1,-1,-1,0x1000480A98140204,1500,1500,1500,989,2012,1500,1500,1499,1500,1500,1193,1449,1500,1500,1500,1500,1500,1499,1500,2012,1500,1609,1500,2012,1500,1499,1500,1500,1520,1705,1499,988,8.3
2026-04-18,16:56:55.460,-34,-36,10,3916,0,57,44,16,0,48,51,2026,-1,-2,359,1024,203,1024,0,-1,-1,-1,0x1000480A98140204,1500,1499,1500,989,2012,1500,1499,1499,1500,1500,1193,1449,1500,1500,1500,1500,1500,1499,1500,2012,1500,1609,1500,2012,1500,1499,1500,1500,1520,1705,1499,988,8.3
2026-04-18,16:56:55.960,-34,-35,10,3916,0,57,44,16,0,48,51,2026,-1,-2,359,1024,203,1024,0,-1,-1,-1,0x1000480A98140204,1500,1499,1500,989,2012,1500,1499,1499,1500,1500,1193,1449,1500,1500,1500,1500,1500,1499,1500,2012,1500,1609,1500,2012,1500,1499,1500,1500,1520,1705,1499,988,8.3
2026-04-18,16:56:56.460,-34,-35,10,3915,0,57,44,16,0,48,51,2026,-1,-1,359,1024,204,1024,0,-1,-1,-1,0x1000480A98140204,1500,1500,1500,989,2012,1500,1500,1499,1500,1500,1193,1449,1500,1500,1500,1500,1500,1499,1500,2012,1500,1609,1500,2012,1500,1499,1500,1500,1520,1705,1499,988,8.3
2026-04-18,16:56:56.960,-34,-36,10,3915,0,57,44,16,0,48,51,2026,-1,-1,359,1024,203,1024,0,-1,-1,-1,0x1000480A98140204,1500,1500,1500,989,2012,1500,1500,1499,1500,1500,1193,1449,1500,1500,1500,1500,1500,1499,1500,2012,1500,1609,1500,2012,1500,1499,1500,1500,1520,1705,1499,988,8.3
2026-04-18,16:56:57.460,-34,-38,10,3915,0,57,44,16,0,48,51,2026,-1,-2,359,1024,204,1024,0,-1,-1,-1,0x1000480A98140204,1500,1499,1500,989,2012,1500,1499,1499,1500,1500,1193,1449,1500,1500,1500,1500,1500,1499,1500,2012,1500,1609,1500,2012,1500,1499,1500,1500,1520,1705,1499,988,8.3
2026-04-18,16:56:57.960,-34,-38,10,3915,0,57,44,16,0,48,51,2026,-1,-1,359,1024,204,1024,0,-1,-1,-1,0x1000480A98140204,1500,1500,1500,989,2012,1500,1500,1499,1500,1500,1193,1449,1500,1500,1500,1500,1500,1499,1500,2012,1500,1609,1500,2012,1500,1499,1500,1500,1520,1705,1499,988,8.3
2026-04-18,16:56:58.460,-33,-38,10,3915,0,57,44,16,0,48,51,2026,-1,-2,359,1024,204,1024,0,-1,-1,-1,0x1000480A98140204,1500,1499,1500,989,2012,1500,1499,1499,1500,1500,1193,1449,1500,1500,1500,1500,1500,1499,1500,2012,1500,1609,1500,2012,1500,1499,1500,1500,1520,1705,1499,988,8.3
2026-04-18,16:56:58.960,-35,-38,10,3916,0,57,44,16,0,48,51,2026,-1,-1,359,1024,204,1024,0,-1,-1,-1,0x1000480A98140204,1500,1500,1500,989,2012,1500,1500,1499,1500,1500,1193,1449,1500,1500,1500,1500,1500,1499,1500,2012,1500,1609,1500,2012,1500,1499,1500,1500,1520,1705,1499,988,8.3
2026-04-18,16:56:59.460,-36,-38,10,3916,0,57,44,16,0,48,51,2026,-1,-1,359,1024,204,1024,0,-1,-1,-1,0x1000480A98140204,1500,1500,1500,989,2012,1500,1500,1499,1500,1500,1193,1449,1500,1500,1500,1500,1500,1499,1500,2012,1500,1609,1500,2012,1500,1499,1500,1500,1520,1705,1499,988,8.3
2026-04-18,16:56:59.960,-36,-38,10,3916,0,57,44,16,0,48,51,2026,-1,-2,359,1024,204,1024,0,-1,-1,-1,0x1000480A98140204,1500,1500,1500,989,2012,1500,1499,1499,1500,1500,1193,1449,1500,1500,1500,1500,1500,1499,1500,2012,1500,1609,1500,2012,1500,1499,1500,1500,1520,1705,1499,988,8.3
2026-04-18,16:57:00.460,-35,-38,10,3916,0,57,44,16,0,48,51,2026,-1,-2,359,1024,204,1024,0,-1,-1,-1,0x1000480A98140204,1500,1499,1500,989,2012,1500,1499,1499,1500,1500,1193,1449,1500,1500,1500,1500,1500,1499,1500,2012,1500,1609,1500,2012,1500,1499,1500,1500,1520,1705,1499,988,8.3
2026-04-18,16:57:00.960,-35,-38,10,3916,0,57,44,16,0,48,51,2026,-1,-1,359,1024,204,1024,0,-1,-1,-1,0x1000480A98140204,1500,1500,1500,989,2012,1500,1500,1499,1500,1500,1193,1449,1500,1500,1500,1500,1500,1499,1500,2012,1500,1609,1500,2012,1500,1499,1500,1500,1520,1705,1499,988,8.3
2026-04-18,16:57:01.460,-36,-38,10,3916,0,57,44,16,0,48,51,2026,-1,-1,359,1024,203,1024,0,-1,-1,-1,0x1000480A98140204,1500,1500,1500,989,2012,1500,1500,1499,1500,1500,1193,1449,1500,1500,1500,1500,1500,1499,1500,2012,1500,1609,1500,2012,1500,1499,1500,1500,1520,1705,1499,988,8.3
2026-04-18,16:57:01.960,-35,-38,10,3916,0,57,44,16,0,48,51,2026,-1,-2,359,1024,203,1024,0,-1,-1,-1,0x1000480A98140204,1500,1499,1500,989,2012,1500,1499,1499,1500,1500,1193,1449,1500,1500,1500,1500,1500,1499,1500,2012,1500,1609,1500,2012,1500,1499,1500,1500,1520,1705,1499,988,8.3
2026-04-18,16:57:02.460,-33,-38,10,3916,0,57,44,16,0,48,51,2026,-1,-2,359,1024,203,1024,0,-1,-1,-1,0x1000480A98140204,1500,1499,1500,989,2012,1500,1499,1499,1500,1500,1193,1449,1500,1500,1500,1500,1500,1499,1500,2012,1500,1609,1500,2012,1500,1499,1500,1500,1520,1705,1499,988,8.3
2026-04-18,16:57:02.960,-35,-38,10,3916,0,57,44,16,0,48,51,2026,-1,-1,359,1024,203,1024,0,-1,-1,-1,0x1000480A98140204,1500,1500,1500,989,2012,1500,1500,1499,1500,1500,1193,1449,1500,1500,1500,1500,1500,1499,1500,2012,1500,1609,1500,2012,1500,1499,1500,1500,1520,1705,1499,988,8.3
2026-04-18,16:57:03.460,-37,-38,10,3916,0,57,44,16,0,48,51,2026,-1,-2,359,1024,204,1024,0,-1,-1,-1,0x1000480A98140204,1500,1499,1500,989,2012,1500,1499,1499,1500,1500,1193,1449,1500,1500,1500,1500,1500,1499,1500,2012,1500,1609,1500,2012,1500,1499,1500,1500,1520,1705,1499,988,8.3
2026-04-18,16:57:03.960,-37,-38,10,3916,0,57,44,16,0,48,51,2026,-1,-1,359,1024,204,1024,0,-1,-1,-1,0x1000480A98140204,1500,1500,1500,989,2012,1500,1500,1499,1500,1500,1193,1449,1500,1500,1500,1500,1500,1499,1500,2012,1500,1609,1500,2012,1500,1499,1500,1500,1520,1705,1499,988,8.3
2026-04-18,16:57:04.460,-37,-38,10,3916,0,57,44,16,0,48,51,2026,-1,-1,359,1024,204,1024,0,-1,-1,-1,0x1000480A98140204,1500,1500,1500,989,2012,1500,1500,1499,1500,1500,1193,1449,1500,1500,1500,1500,1500,1499,1500,2012,1500,1609,1500,2012,1500,1499,1500,1500,1520,1705,1499,988,8.3
2026-04-18,16:57:04.960,-36,-37,10,3916,0,57,44,16,0,48,51,2026,-1,-1,359,1024,204,1024,0,-1,-1,-1,0x1000480A98140204,1500,1500,1500,989,2012,1500,1500,1499,1500,1500,1193,1449,1500,1500,1500,1500,1500,1499,1500,2012,1500,1609,1500,2012,1500,1499,1500,1500,1520,1705,1499,988,8.3
2026-04-18,16:57:05.460,-36,-37,10,3916,0,57,44,16,0,48,51,2026,-1,-2,359,1024,204,1024,0,-1,-1,-1,0x1000480A98140204,1500,1499,1500,989,2012,1500,1499,1499,1500,1500,1193,1449,1500,1500,1500,1500,1500,1499,1500,2012,1500,1609,1500,2012,1500,1499,1500,1500,1520,1705,1499,988,8.3
2026-04-18,16:57:05.960,-36,-37,10,3916,0,57,44,16,0,48,51,2026,-1,-2,359,1024,204,1024,0,-1,-1,-1,0x1000480A98140204,1500,1500,1500,989,2012,1500,1499,1499,1500,1500,1193,1449,1500,1500,1500,1500,1500,1499,1500,2012,1500,1609,1500,2012,1500,1499,1500,1500,1520,1705,1499,988,8.3
2026-04-18,16:57:06.460,-36,-38,10,3916,0,57,44,16,0,48,51,2026,-1,-1,359,1024,203,1024,0,-1,-1,-1,0x1000480A98140204,1500,1500,1500,989,2012,1500,1500,1499,1500,1500,1193,1449,1500,1500,1500,1500,1500,1499,1500,2012,1500,1609,1500,2012,1500,1499,1500,1500,1520,1705,1499,988,8.3
2026-04-18,16:57:06.960,-36,-37,10,3916,0,57,44,16,0,48,51,2026,-1,-1,359,1024,203,1024,0,-1,-1,-1,0x1000480A98140204,1500,1500,1500,989,2012,1500,1500,1499,1500,1500,1193,1449,1500,1500,1500,1500,1500,1499,1500,2012,1500,1609,1500,2012,1500,1499,1500,1500,1520,1705,1499,988,8.3
2026-04-18,16:57:07.460,-36,-36,10,3916,0,57,44,16,0,48,51,2026,-1,-1,359,1024,203,1024,0,-1,-1,-1,0x1000480A98140204,1500,1500,1500,989,2012,1500,1500,1499,1500,1500,1193,1449,1500,1500,1500,1500,1500,1499,1500,2012,1500,1609,1500,2012,1500,1499,1500,1500,1520,1705,1499,988,8.3
2026-04-18,16:57:07.960,-36,-40,10,3916,0,57,44,16,0,48,51,2026,-1,-2,359,1024,203,1024,0,-1,-1,-1,0x1000480A98140204,1500,1500,1500,989,2012,1500,1499,1499,1500,1500,1193,1449,1500,1500,1500,1500,1500,1499,1500,2012,1500,1609,1500,2012,1500,1499,1500,1500,1520,1705,1499,988,8.3
2026-04-18,16:57:08.460,-36,-37,10,3916,0,57,44,16,0,48,51,2026,-1,-1,359,1024,203,1024,0,-1,-1,-1,0x1000480A98140204,1500,1499,1500,989,2012,1500,1500,1499,1500,1500,1193,1449,1500,1500,1500,1500,1500,1499,1500,2012,1500,1609,1500,2012,1500,1499,1500,1500,1520,1705,1499,988,8.3
2026-04-18,16:57:08.960,-36,-36,10,3916,0,57,44,16,0,48,51,2026,-1,-2,359,1024,203,1024,0,-1,-1,-1,0x1000480A98140204,1500,1499,1500,989,2012,1500,1499,1499,1500,1500,1193,1449,1500,1500,1500,1500,1500,1499,1500,2012,1500,1609,1500,2012,1500,1499,1500,1500,1520,1705,1499,988,8.3
2026-04-18,16:57:09.460,-36,-40,10,3916,0,57,44,16,0,48,51,2026,-1,-1,359,1024,204,1024,0,-1,-1,-1,0x1000480A98140204,1500,1500,1500,989,2012,1500,1500,1499,1500,1500,1193,1449,1500,1500,1500,1500,1500,1499,1500,2012,1500,1609,1500,2012,1500,1499,1500,1500,1520,1705,1499,988,8.3
2026-04-18,16:57:09.960,-34,-46,10,3916,0,57,44,16,0,48,51,2026,-1,-2,359,1024,203,1024,0,-1,-1,-1,0x1000480A98140204,1500,1499,1500,989,2012,1500,1499,1499,1500,1500,1193,1449,1500,1500,1500,1500,1500,1499,1500,2012,1500,1609,1500,2012,1500,1499,1500,1500,1520,1705,1499,988,8.3
2026-04-18,16:57:10.460,-39,-41,10,3916,0,57,44,16,0,48,51,2026,-1,-1,359,1024,204,1024,0,-1,-1,-1,0x1000480A98140204,1500,1500,1500,989,2012,1500,1500,1499,1500,1500,1193,1449,1500,1500,1500,1500,1500,1499,1500,2012,1500,1609,1500,2012,1500,1499,1500,1500,1520,1705,1499,988,8.3
2026-04-18,16:57:10.960,-41,-43,10,3916,0,57,44,16,0,48,51,2026,-1,-1,359,1024,203,1024,0,-1,-1,-1,0x1000480A98140204,1500,1500,1500,989,2012,1500,1500,1499,1500,1500,1193,1449,1500,1500,1500,1500,1500,1499,1500,2012,1500,1609,1500,2012,1500,1499,1500,1500,1520,1705,1499,988,8.3
2026-04-18,16:57:11.460,-41,-42,10,3916,0,57,44,16,0,48,51,2026,-1,-2,359,1024,204,1024,0,-1,-1,-1,0x1000480A98140204,1500,1499,1500,989,2012,1500,1499,1499,1500,1500,1193,1449,1500,1500,1500,1500,1500,1499,1500,2012,1500,1609,1500,2012,1500,1499,1500,1500,1520,1705,1499,988,8.3
2026-04-18,16:57:11.960,-41,-39,10,3916,0,57,44,16,0,48,51,2026,-1,-2,359,1024,204,1024,0,-1,-1,-1,0x1000480A98140204,1500,1499,1500,989,2012,1500,1499,1499,1500,1500,1193,1449,1500,1500,1500,1500,1500,1499,1500,2012,1500,1609,1500,2012,1500,1499,1500,1500,1520,1705,1499,988,8.3
2026-04-18,16:57:12.460,-37,-45,10,3916,0,57,44,16,0,48,51,2026,-1,-1,359,1024,203,1024,0,-1,-1,-1,0x1000480A98140204,1500,1499,1500,989,2012,1500,1500,1499,1500,1500,1193,1449,1500,1500,1500,1500,1500,1499,1500,2012,1500,1609,1500,2012,1500,1499,1500,1500,1520,1705,1499,988,8.3
2026-04-18,16:57:12.960,-36,-45,10,3916,0,57,44,16,0,48,51,2026,-1,-1,359,1024,204,1024,0,-1,-1,-1,0x1000480A98140204,1500,1500,1500,989,2012,1500,1500,1499,1500,1500,1193,1449,1500,1500,1500,1500,1500,1499,1500,2012,1500,1609,1500,2012,1500,1499,1500,1500,1520,1705,1499,988,8.3
2026-04-18,16:57:13.460,-36,-45,10,3916,0,57,44,16,0,48,51,2026,-1,-1,359,1024,203,1024,0,-1,-1,-1,0x1000480A98140204,1500,1500,1500,989,2012,1500,1500,1499,1500,1500,1193,1449,1500,1500,1500,1500,1500,1499,1500,2012,1500,1609,1500,2012,1500,1499,1500,1500,1520,1705,1499,988,8.3
2026-04-18,16:57:13.960,-38,-45,10,3916,0,57,44,16,0,48,51,2026,-1,-2,359,1024,203,1024,0,-1,-1,-1,0x1000480A98140204,1500,1500,1500,989,2012,1500,1499,1499,1500,1500,1193,1449,1500,1500,1500,1500,1500,1499,1500,2012,1500,1609,1500,2012,1500,1499,1500,1500,1520,1705,1499,988,8.3
2026-04-18,16:57:14.460,-36,-45,10,3916,0,57,44,16,0,48,51,2026,-1,-2,359,1024,203,1024,0,-1,-1,-1,0x1000480A98140204,1500,1499,1500,989,2012,1500,1499,1499,1500,1500,1193,1449,1500,1500,1500,1500,1500,1499,1500,2012,1500,1609,1500,2012,1500,1499,1500,1500,1520,1705,1499,988,8.3
2026-04-18,16:57:14.960,-37,-45,10,3916,0,57,44,16,0,48,51,2026,-1,-2,359,1024,203,1024,0,-1,-1,-1,0x1000480A98140204,1500,1499,1500,989,2012,1500,1499,1499,1500,1500,1193,1449,1500,1500,1500,1500,1500,1499,1500,2012,1500,1609,1500,2012,1500,1499,1500,1500,1520,1705,1499,988,8.3
2026-04-18,16:57:15.460,-37,-45,10,3916,0,57,44,16,0,48,51,2026,-1,-2,359,1024,204,1024,0,-1,-1,-1,0x1000480A98140204,1500,1499,1500,989,2012,1500,1499,1499,1500,1500,1193,1449,1500,1500,1500,1500,1500,1499,1500,2012,1500,1609,1500,2012,1500,1499,1500,1500,1520,1705,1499,988,8.3
2026-04-18,16:57:15.960,-38,-45,10,3916,0,57,44,16,0,48,51,2026,-1,-2,359,1024,203,1024,0,-1,-1,-1,0x1000480A98140204,1500,1499,1500,989,2012,1500,1499,1499,1500,1500,1193,1449,1500,1500,1500,1500,1500,1499,1500,2012,1500,1609,1500,2012,1500,1499,1500,1500,1520,1705,1499,988,8.3
2026-04-18,16:57:16.460,-36,-45,10,3916,0,57,44,16,0,48,51,2026,-1,-2,359,1024,204,1024,0,-1,-1,-1,0x1000480A98140204,1500,1499,1500,989,2012,1500,1499,1499,1500,1500,1193,1449,1500,1500,1500,1500,1500,1499,1500,2012,1500,1609,1500,2012,1500,1499,1500,1500,1520,1705,1499,988,8.3
2026-04-18,16:57:16.960,-40,-40,10,3916,0,57,44,16,0,48,51,2026,-1,-2,359,1024,204,1024,0,-1,-1,-1,0x1000480A98140204,1500,1500,1500,989,2012,1500,1499,1499,1500,1500,1193,1449,1500,1500,1500,1500,1500,1499,1500,2012,1500,1609,1500,2012,1500,1499,1500,1500,1520,1705,1499,988,8.3
2026-04-18,16:57:17.460,-35,-42,10,3916,0,57,44,16,0,48,51,2026,-1,-1,359,1024,204,1024,0,-1,-1,-1,0x1000480A98140204,1500,1500,1500,989,2012,1500,1500,1499,1500,1500,1193,1449,1500,1500,1500,1500,1500,1499,1500,2012,1500,1609,1500,2012,1500,1499,1500,1500,1520,1705,1499,988,8.3
2026-04-18,16:57:17.960,-33,-42,10,3916,0,57,44,16,0,48,51,2026,-1,-2,359,1024,203,1024,0,-1,-1,-1,0x1000480A98140204,1500,1499,1500,989,2012,1500,1499,1499,1500,1500,1193,1449,1500,1500,1500,1500,1500,1499,1500,2012,1500,1609,1500,2012,1500,1499,1500,1500,1520,1705,1499,988,8.3
2026-04-18,16:57:18.460,-32,-42,10,3916,0,57,44,16,0,48,51,2026,-1,-1,359,1024,203,1024,0,-1,-1,-1,0x1000480A98140204,1500,1499,1500,989,2012,1500,1500,1499,1500,1500,1193,1449,1500,1500,1500,1500,1500,1499,1500,2012,1500,1609,1500,2012,1500,1499,1500,1500,1520,1705,1499,988,8.3
2026-04-18,16:57:18.960,-36,-42,10,3916,0,57,44,16,0,48,51,2026,-1,-2,359,1024,203,1024,0,-1,-1,-1,0x1000480A98140204,1500,1499,1500,989,2012,1500,1499,1499,1500,1500,1193,1449,1500,1500,1500,1500,1500,1499,1500,2012,1500,1609,1500,2012,1500,1499,1500,1500,1520,1705,1499,988,8.3
2026-04-18,16:57:19.460,-34,-42,10,3916,0,57,44,16,0,48,51,2026,-1,-1,359,1024,203,1024,0,-1,-1,-1,0x1000480A98140204,1500,1500,1500,989,2012,1500,1500,1499,1500,1500,1193,1449,1500,1500,1500,1500,1500,1499,1500,2012,1500,1609,1500,2012,1500,1499,1500,1500,1520,1705,1499,988,8.3
2026-04-18,16:57:19.960,-35,-42,10,3916,0,57,44,16,0,48,51,2026,-1,-1,359,1024,204,1024,0,-1,-1,-1,0x1000480A98140204,1500,1500,1500,989,2012,1500,1500,1499,1500,1500,1193,1449,1500,1500,1500,1500,1500,1499,1500,2012,1500,1609,1500,2012,1500,1499,1500,1500,1520,1705,1499,988,8.3
2026-04-18,16:57:20.460,-38,-39,10,3916,0,57,44,16,0,48,51,2026,-1,-1,359,1024,203,1024,0,-1,-1,-1,0x1000480A98140204,1500,1499,1500,989,2012,1500,1500,1499,1500,1500,1193,1449,1500,1500,1500,1500,1500,1499,1500,2012,1500,1609,1500,2012,1500,1499,1500,1500,1520,1705,1499,988,8.3
2026-04-18,16:57:20.960,-38,-38,10,3916,0,57,44,16,0,48,51,2026,0,-1,359,1024,204,1024,0,-1,-1,-1,0x1000480A98140204,1500,1500,1500,989,2012,1500,1500,1499,1500,1500,1193,1449,1500,1500,1500,1500,1500,1499,1500,2012,1500,1609,1500,2012,1500,1499,1500,1500,1520,1705,1499,988,8.3
2026-04-18,16:57:21.460,-38,-39,10,3915,0,57,44,16,0,48,51,2026,-1,-2,359,1024,204,1024,0,-1,-1,-1,0x1000480A98140204,1500,1499,1500,989,2012,1500,1499,1499,1500,1500,1193,1449,1500,1500,1500,1500,1500,1499,1500,2012,1500,1609,1500,2012,1500,1499,1500,1500,1520,1705,1499,988,8.3
2026-04-18,16:57:21.960,-38,-36,10,3915,0,57,44,16,0,48,51,2026,-1,-1,359,1024,204,1024,0,-1,-1,-1,0x1000480A98140204,1500,1499,1500,989,2012,1500,1500,1499,1500,1500,1193,1449,1500,1500,1500,1500,1500,1499,1500,2012,1500,1609,1500,2012,1500,1499,1500,1500,1520,1705,1499,988,8.3
2026-04-18,16:57:22.460,-38,-40,10,3915,0,57,44,16,0,48,51,2026,0,-1,359,1024,204,1024,0,-1,-1,-1,0x1000480A98140204,1500,1500,1500,989,2012,1500,1500,1499,1500,1500,1193,1449,1500,1500,1500,1500,1500,1499,1500,2012,1500,1609,1500,2012,1500,1499,1500,1500,1520,1705,1499,988,8.3
2026-04-18,16:57:22.960,-38,-37,10,3915,0,57,44,16,0,48,51,2026,-1,-2,359,1024,204,1024,0,-1,-1,-1,0x1000480A98140204,1500,1499,1500,989,2012,1500,1499,1499,1500,1500,1193,1449,1500,1500,1500,1500,1500,1499,1500,2012,1500,1609,1500,2012,1500,1499,1500,1500,1520,1705,1499,988,8.3
2026-04-18,16:57:23.460,-38,-37,10,3915,0,57,44,16,0,48,51,2026,-1,-1,359,1024,203,1024,0,-1,-1,-1,0x1000480A98140204,1500,1500,1500,989,2012,1500,1500,1499,1500,1500,1193,1449,1500,1500,1500,1500,1500,1499,1500,2012,1500,1609,1500,2012,1500,1499,1500,1500,1520,1705,1499,988,8.3
2026-04-18,16:57:23.960,-38,-40,10,3915,0,57,44,16,0,48,51,2026,-1,-2,359,1024,204,1024,0,-1,-1,-1,0x1000480A98140204,1500,1500,1500,989,2012,1500,1499,1499,1500,1500,1193,1449,1500,1500,1500,1500,1500,1499,1500,2012,1500,1609,1500,2012,1500,1499,1500,1500,1520,1705,1499,988,8.3
2026-04-18,16:57:24.460,-38,-39,10,3915,0,57,44,16,0,48,51,2026,-1,-1,359,1024,204,1024,0,-1,-1,-1,0x1000480A98140204,1500,1499,1500,989,2012,1500,1500,1499,1500,1500,1193,1449,1500,1500,1500,1500,1500,1499,1500,2012,1500,1609,1500,2012,1500,1499,1500,1500,1520,1705,1499,988,8.3
2026-04-18,16:57:24.960,-38,-38,10,3915,0,57,44,16,0,48,51,2026,-1,-1,359,1024,204,1024,0,-1,-1,-1,0x1000480A98140204,1500,1499,1500,989,2012,1500,1500,1499,1500,1500,1193,1449,1500,1500,1500,1500,1500,1499,1500,2012,1500,1609,1500,2012,1500,1499,1500,1500,1520,1705,1499,988,8.3
2026-04-18,16:57:25.460,-38,-37,10,3916,0,57,44,16,0,48,51,2026,-1,-1,359,1024,204,1024,0,-1,-1,-1,0x1000480A98140204,1500,1500,1500,989,2012,1500,1500,1499,1500,1500,1193,1449,1500,1500,1500,1500,1500,1499,1500,2012,1500,1609,1500,2012,1500,1499,1500,1500,1520,1705,1499,988,8.3
2026-04-18,16:57:25.960,-38,-39,10,3916,0,57,44,16,0,48,51,2026,-1,-1,359,1024,204,1024,0,-1,-1,-1,0x1000480A98140204,1500,1500,1500,989,2012,1500,1500,1499,1500,1500,1193,1449,1500,1500,1500,1500,1500,1499,1500,2012,1500,1609,1500,2012,1500,1499,1500,1500,1520,1705,1499,988,8.3
2026-04-18,16:57:26.460,-38,-40,10,3916,0,57,44,16,0,48,51,2026,-1,-2,359,1024,204,1024,0,-1,-1,-1,0x1000480A98140204,1500,1499,1500,989,2012,1500,1499,1499,1500,1500,1193,1449,1500,1500,1500,1500,1500,1499,1500,2012,1500,1609,1500,2012,1500,1499,1500,1500,1520,1705,1499,988,8.3
2026-04-18,16:57:26.960,-38,-39,10,3916,0,57,44,16,0,48,51,2026,-1,-2,359,1024,204,1024,0,-1,-1,-1,0x1000480A98140204,1500,1499,1500,989,2012,1500,1499,1499,1500,1500,1193,1449,1500,1500,1500,1500,1500,1499,1500,2012,1500,1609,1500,2012,1500,1499,1500,1500,1520,1705,1499,988,8.3
2026-04-18,16:57:27.460,-38,-39,10,3916,0,57,44,16,0,48,51,2026,-1,-1,359,1024,203,1024,0,-1,-1,-1,0x1000480A98140204,1500,1499,1500,989,2012,1500,1500,1499,1500,1500,1193,1449,1500,1500,1500,1500,1500,1499,1500,2012,1500,1609,1500,2012,1500,1499,1500,1500,1520,1705,1499,988,8.3
2026-04-18,16:57:27.960,-35,-42,10,3916,0,57,44,16,0,47,51,2026,-1,-2,359,1024,204,1024,0,-1,-1,-1,0x1000480A98140204,1500,1499,1500,989,2012,1500,1499,1499,1500,1500,1193,1449,1500,1500,1500,1500,1500,1499,1500,2012,1500,1609,1500,2012,1500,1499,1500,1500,1520,1705,1499,988,8.3
2026-04-18,16:57:28.460,-34,-42,10,3916,0,57,44,16,0,47,51,2026,-1,-2,359,1024,203,1024,0,-1,-1,-1,0x1000480A98140204,1500,1499,1500,989,2012,1500,1499,1499,1500,1500,1193,1449,1500,1500,1500,1500,1500,1499,1500,2012,1500,1609,1500,2012,1500,1499,1500,1500,1520,1705,1499,988,8.3
2026-04-18,16:57:28.960,-42,-39,10,3916,0,57,44,16,0,47,51,2026,-1,-2,359,1024,203,1024,0,-1,-1,-1,0x1000480A98140204,1500,1499,1500,989,2012,1500,1499,1499,1500,1500,1193,1449,1500,1500,1500,1500,1500,1499,1500,2012,1500,1609,1500,2012,1500,1499,1500,1500,1520,1705,1499,988,8.3
2026-04-18,16:57:29.460,-34,-40,10,3916,0,57,44,16,0,47,51,2026,-1,-1,359,1024,203,1024,0,-1,-1,-1,0x1000480A98140204,1500,1500,1500,989,2012,1500,1500,1499,1500,1500,1193,1449,1500,1500,1500,1500,1500,1499,1500,2012,1500,1609,1500,2012,1500,1499,1500,1500,1520,1705,1499,988,8.3
2026-04-18,16:57:29.960,-38,-40,10,3916,0,57,44,16,0,47,51,2026,-1,-2,359,1024,203,1024,0,-1,-1,-1,0x1000480A98140204,1500,1499,1500,989,2012,1500,1499,1499,1500,1500,1193,1449,1500,1500,1500,1500,1500,1499,1500,2012,1500,1609,1500,2012,1500,1499,1500,1500,1520,1705,1499,988,8.3
2026-04-18,16:57:30.460,-40,-32,10,3916,0,57,44,16,0,47,51,2026,0,-2,359,1024,204,1024,0,-1,-1,-1,0x1000480A98140204,1500,1499,1500,989,2012,1500,1499,1499,1500,1500,1193,1449,1500,1500,1500,1500,1500,1499,1500,2012,1500,1609,1500,2012,1500,1499,1500,1500,1520,1705,1499,988,8.3
2026-04-18,16:57:30.960,-40,-31,10,3916,0,57,44,16,0,47,51,2026,-1,-2,359,1024,204,1024,0,-1,-1,-1,0x1000480A98140204,1500,1499,1500,989,2012,1500,1499,1499,1500,1500,1193,1449,1500,1500,1500,1500,1500,1499,1500,2012,1500,1609,1500,2012,1500,1499,1500,1500,1520,1705,1499,988,8.3
2026-04-18,16:57:31.460,-33,-37,10,3916,0,57,44,16,0,47,51,2026,-1,-1,359,1024,203,1024,0,-1,-1,-1,0x1000480A98140204,1500,1500,1500,989,2012,1500,1500,1499,1500,1500,1193,1449,1500,1500,1500,1500,1500,1499,1500,2012,1500,1609,1500,2012,1500,1499,1500,1500,1520,1705,1499,988,8.3
2026-04-18,16:57:31.960,-36,-44,10,3916,0,57,44,16,0,47,51,2026,-1,-1,359,1024,203,1024,0,-1,-1,-1,0x1000480A98140204,1500,1500,1500,989,2012,1500,1500,1499,1500,1500,1193,1449,1500,1500,1500,1500,1500,1499,1500,2012,1500,1609,1500,2012,1500,1499,1500,1500,1520,1705,1499,988,8.3
2026-04-18,16:57:32.460,-40,-44,10,3916,0,57,44,16,0,47,51,2026,-1,-2,359,1024,204,1024,0,-1,-1,-1,0x1000480A98140204,1500,1499,1500,989,2012,1500,1499,1499,1500,1500,1193,1449,1500,1500,1500,1500,1500,1499,1500,2012,1500,1609,1500,2012,1500,1499,1500,1500,1520,1705,1499,988,8.3
2026-04-18,16:57:32.960,-32,-44,10,3916,0,57,44,16,0,47,51,2026,-1,-1,359,1024,204,1024,0,-1,-1,-1,0x1000480A98140204,1500,1500,1500,989,2012,1500,1500,1499,1500,1500,1193,1449,1500,1500,1500,1500,1500,1499,1500,2012,1500,1609,1500,2012,1500,1499,1500,1500,1520,1705,1499,988,8.3
2026-04-18,16:57:33.460,-36,-38,10,3916,0,57,44,16,0,47,51,2026,-1,-2,359,1024,203,1024,0,-1,-1,-1,0x1000480A98140204,1500,1499,1500,989,2012,1500,1499,1499,1500,1500,1193,1449,1500,1500,1500,1500,1500,1499,1500,2012,1500,1609,1500,2012,1500,1499,1500,1500,1520,1705,1499,988,8.3
2026-04-18,16:57:33.960,-36,-38,10,3916,0,57,44,16,0,47,51,2026,-1,-1,359,1024,204,1024,0,-1,-1,-1,0x1000480A98140204,1500,1500,1500,989,2012,1500,1500,1499,1500,1500,1193,1449,1500,1500,1500,1500,1500,1499,1500,2012,1500,1609,1500,2012,1500,1499,1500,1500,1520,1705,1499,988,8.3
2026-04-18,16:57:34.460,-36,-38,10,3916,0,57,44,16,0,47,51,2026,-1,-2,359,1024,203,1024,0,-1,-1,-1,0x1000480A98140204,1500,1499,1500,989,2012,1500,1499,1499,1500,1500,1193,1449,1500,1500,1500,1500,1500,1499,1500,2012,1500,1609,1500,2012,1500,1499,1500,1500,1520,1705,1499,988,8.3
2026-04-18,16:57:34.960,-36,-39,10,3916,0,57,44,16,0,47,51,2026,-1,-2,359,1024,204,1024,0,-1,-1,-1,0x1000480A98140204,1500,1499,1500,989,2012,1500,1499,1499,1500,1500,1193,1449,1500,1500,1500,1500,1500,1499,1500,2012,1500,1609,1500,2012,1500,1499,1500,1500,1520,1705,1499,988,8.3
2026-04-18,16:57:35.460,-36,-39,10,3916,0,57,44,16,0,47,51,2026,-1,-2,359,1024,204,1024,0,-1,-1,-1,0x1000480A98140204,1500,1499,1500,989,2012,1500,1499,1499,1500,1500,1193,1449,1500,1500,1500,1500,1500,1499,1500,2012,1500,1609,1500,2012,1500,1499,1500,1500,1520,1705,1499,988,8.3
2026-04-18,16:57:35.960,-36,-39,10,3916,0,57,44,16,0,47,51,2026,-1,-1,359,1024,203,1024,0,-1,-1,-1,0x1000480A98140204,1500,1500,1500,989,2012,1500,1500,1499,1500,1500,1193,1449,1500,1500,1500,1500,1500,1499,1500,2012,1500,1609,1500,2012,1500,1499,1500,1500,1520,1705,1499,988,8.3
2026-04-18,16:57:36.460,-36,-40,10,3916,0,57,44,16,0,47,51,2026,0,-1,359,1024,204,1024,0,-1,-1,-1,0x1000480A98140204,1500,1500,1500,989,2012,1500,1500,1499,1500,1500,1193,1449,1500,1500,1500,1500,1500,1499,1500,2012,1500,1609,1500,2012,1500,1499,1500,1500,1520,1705,1499,988,8.3
2026-04-18,16:57:36.960,-36,-39,10,3916,0,57,44,16,0,47,51,2026,-1,-2,359,1024,204,1024,0,-1,-1,-1,0x1000480A98140204,1500,1499,1500,989,2012,1500,1499,1499,1500,1500,1193,1449,1500,1500,1500,1500,1500,1499,1500,2012,1500,1609,1500,2012,1500,1499,1500,1500,1520,1705,1499,988,8.3
2026-04-18,16:57:37.460,-36,-39,10,3916,0,57,44,16,0,47,51,2026,-1,-2,359,1024,204,1024,0,-1,-1,-1,0x1000480A98140204,1500,1500,1500,989,2012,1500,1499,1499,1500,1500,1193,1449,1500,1500,1500,1500,1500,1499,1500,2012,1500,1609,1500,2012,1500,1499,1500,1500,1520,1705,1499,988,8.3
2026-04-18,16:57:37.960,-36,-39,10,3916,0,55,44,16,0,47,51,2026,-1,-2,359,1024,204,1024,0,-1,-1,-1,0x1000480A98140204,1500,1499,1500,989,2012,1500,1499,1499,1500,1500,1193,1449,1500,1500,1500,1500,1500,1499,1500,2012,1500,1609,1500,2012,1500,1499,1500,1500,1520,1705,1499,988,8.3
2026-04-18,16:57:38.460,-36,-39,10,3916,0,55,44,16,0,47,51,2026,-1,-2,359,1024,204,1024,0,-1,-1,-1,0x1000480A98140204,1500,1499,1500,989,2012,1500,1499,1499,1500,1500,1193,1449,1500,1500,1500,1500,1500,1499,1500,2012,1500,1609,1500,2012,1500,1499,1500,1500,1520,1705,1499,988,8.3
2026-04-18,16:57:38.960,-36,-36,10,3916,0,55,44,16,0,47,51,2026,-1,-1,359,1024,203,1024,0,-1,-1,-1,0x1000480A98140204,1500,1500,1500,989,2012,1500,1500,1499,1500,1500,1193,1449,1500,1500,1500,1500,1500,1499,1500,2012,1500,1609,1500,2012,1500,1499,1500,1500,1520,1705,1499,988,8.3
2026-04-18,16:57:39.460,-30,-42,10,3916,0,55,44,16,0,47,51,2026,-1,-1,359,1024,203,1024,0,-1,-1,-1,0x1000480A98140204,1500,1500,1500,989,2012,1500,1500,1499,1500,1500,1193,1449,1500,1500,1500,1500,1500,1499,1500,2012,1500,1609,1500,2012,1500,1499,1500,1500,1520,1705,1499,988,8.3
2026-04-18,16:57:39.960,-27,-42,10,3916,0,55,44,16,0,47,51,2026,-1,-2,359,1024,203,1024,0,-1,-1,-1,0x1000480A98140204,1500,1499,1500,989,2012,1500,1499,1499,1500,1500,1193,1449,1500,1500,1500,1500,1500,1499,1500,2012,1500,1609,1500,2012,1500,1499,1500,1500,1520,1705,1499,988,8.3
2026-04-18,16:57:40.460,-29,-42,10,3916,0,55,44,16,0,47,51,2026,-1,-1,359,1024,204,1024,0,-1,-1,-1,0x1000480A98140204,1500,1499,1500,989,2012,1500,1500,1499,1500,1499,1193,1449,1500,1500,1500,1500,1500,1499,1500,2012,1500,1609,1500,2012,1500,1499,1500,1500,1520,1705,1499,988,8.3
2026-04-18,16:57:40.960,-30,-42,10,3916,0,55,44,16,0,47,51,2026,-1,-1,359,1024,203,1024,0,-1,-1,-1,0x1000480A98140204,1500,1499,1500,989,2012,1500,1500,1499,1500,1500,1193,1449,1500,1500,1500,1500,1500,1499,1500,2012,1500,1609,1500,2012,1500,1499,1500,1500,1520,1705,1499,988,8.3
2026-04-18,16:57:41.460,-29,-42,10,3916,0,55,44,16,0,47,51,2026,-1,-1,359,1024,203,1024,0,-1,-1,-1,0x1000480A98140204,1500,1499,1500,989,2012,1500,1500,1499,1500,1500,1193,1449,1500,1500,1500,1500,1500,1499,1500,2012,1500,1609,1500,2012,1500,1499,1500,1500,1520,1705,1499,988,8.3
2026-04-18,16:57:41.960,-33,-29,10,3916,0,55,44,16,0,47,51,2026,-1,-2,359,1024,203,1024,0,-1,-1,-1,0x1000480A98140204,1500,1500,1500,989,2012,1500,1499,1499,1500,1500,1193,1449,1500,1500,1500,1500,1500,1499,1500,2012,1500,1609,1500,2012,1500,1499,1500,1500,1520,1705,1499,988,8.3
2026-04-18,16:57:42.460,-33,-31,10,3916,0,55,44,16,0,47,51,2026,-1,-1,359,1024,204,1024,0,-1,-1,-1,0x1000480A98140204,1500,1500,1500,989,2012,1500,1500,1499,1500,1500,1193,1449,1500,1500,1500,1500,1500,1499,1500,2012,1500,1609,1500,2012,1500,1499,1500,1500,1520,1705,1499,988,8.3
2026-04-18,16:57:42.960,-34,-35,10,3916,0,55,44,16,0,47,51,2026,-1,-1,359,1024,203,1024,0,-1,-1,-1,0x1000480A98140204,1500,1500,1500,989,2012,1500,1500,1499,1500,1500,1193,1449,1500,1500,1500,1500,1500,1499,1500,2012,1500,1609,1500,2012,1500,1499,1500,1500,1520,1705,1499,988,8.3
2026-04-18,16:57:43.460,-31,-35,10,3916,0,55,44,16,0,47,51,2026,-1,-1,359,1024,203,1024,0,-1,-1,-1,0x1000480A98140204,1500,1500,1500,989,2012,1500,1500,1499,1500,1500,1193,1449,1500,1500,1500,1500,1500,1499,1500,2012,1500,1609,1500,2012,1500,1499,1500,1500,1520,1705,1499,988,8.3
2026-04-18,16:57:43.960,-28,-35,10,3915,0,55,44,16,0,47,51,2026,-1,-2,359,1024,204,1024,0,-1,-1,-1,0x1000480A98140204,1500,1499,1500,989,2012,1500,1499,1499,1500,1500,1193,1449,1500,1500,1500,1500,1500,1499,1500,2012,1500,1609,1500,2012,1500,1499,1500,1500,1520,1705,1499,988,8.3
2026-04-18,16:57:44.460,-28,-35,10,3915,0,55,44,16,102,47,51,2026,-1,-2,359,1024,203,1024,0,-1,-1,-1,0x1000480A98140204,1500,1499,1500,989,2012,1500,1499,1499,1500,1500,1193,1449,1500,1500,1500,1500,1500,1499,1500,2012,1500,1609,1500,2012,1500,1499,1500,1500,1520,1705,1499,988,8.3
2026-04-18,16:57:44.960,-27,-35,10,3915,0,55,44,16,70,47,51,2026,-1,-1,359,1024,204,1024,0,-1,-1,-1,0x1000480A98140204,1500,1500,1500,989,2012,1500,1500,1499,1500,1500,1193,1449,1500,1500,1500,1500,1500,1499,1500,2012,1500,1609,1500,2012,1500,1499,1500,1500,1520,1705,1499,988,8.3
2026-04-18,16:57:45.460,-28,-35,10,3915,0,55,44,16,42,47,51,2026,-1,-1,359,1024,203,1024,0,-1,-1,-1,0x1000480A98140204,1500,1499,1500,989,2012,1500,1500,1499,1500,1500,1193,1449,1500,1500,1500,1500,1500,1499,1500,2012,1500,1609,1500,2012,1500,1499,1500,1500,1520,1705,1499,988,8.3
2026-04-18,16:57:45.960,-27,-35,10,3915,0,55,44,16,0,47,51,2026,-1,-1,359,1024,204,1024,0,-1,-1,-1,0x1000480A98140204,1500,1500,1500,989,2012,1500,1500,1499,1500,1500,1193,1449,1500,1500,1500,1500,1500,1499,1500,2012,1500,1609,1500,2012,1500,1499,1500,1500,1520,1705,1499,988,8.3
2026-04-18,16:57:46.460,-28,-35,10,3916,0,55,44,16,0,47,51,2026,-1,-1,359,1024,204,1024,0,-1,-1,-1,0x1000480A98140204,1500,1500,1500,989,2012,1500,1500,1499,1500,1500,1193,1449,1500,1500,1500,1500,1500,1499,1500,2012,1500,1609,1500,2012,1500,1499,1500,1500,1520,1705,1499,988,8.3
2026-04-18,16:57:46.960,-27,-35,10,3916,0,55,44,16,0,47,51,2026,-1,-1,359,1024,203,1024,0,-1,-1,-1,0x1000480A98140204,1500,1500,1500,989,2012,1500,1500,1499,1500,1500,1193,1449,1500,1500,1500,1500,1500,1499,1500,2012,1500,1609,1500,2012,1500,1499,1500,1500,1520,1705,1499,988,8.3
2026-04-18,16:57:47.460,-28,-35,10,3916,0,55,44,16,0,47,51,2026,-1,-1,359,1024,204,1024,0,-1,-1,-1,0x1000480A98140204,1500,1500,1500,989,2012,1500,1500,1499,1500,1500,1193,1449,1500,1500,1500,1500,1500,1499,1500,2012,1500,1609,1500,2012,1500,1499,1500,1500,1520,1705,1499,988,8.3
2026-04-18,16:57:47.960,-40,-34,10,3916,0,55,44,16,0,47,51,2026,-1,-1,359,1024,204,1024,0,-1,-1,-1,0x1000480A98140204,1500,1500,1500,989,2012,1500,1500,1499,1500,1500,1193,1449,1500,1500,1500,1500,1500,1499,1500,2012,1500,1609,1500,2012,1500,1499,1500,1500,1520,1705,1499,988,8.3
2026-04-18,16:57:48.460,-40,-37,10,3916,0,55,44,16,0,47,51,2026,-1,-1,359,1024,203,1024,0,-1,-1,-1,0x1000480A98140204,1500,1500,1500,989,2012,1500,1500,1499,1500,1500,1193,1449,1500,1500,1500,1500,1500,1499,1500,2012,1500,1609,1500,2012,1500,1499,1500,1500,1520,1705,1499,988,8.3
2026-04-18,16:57:48.960,-40,-38,10,3916,0,55,44,16,58,47,51,2026,-1,-1,359,1024,203,1024,0,-1,-1,-1,0x1000480A98140204,1500,1500,1500,989,2012,1500,1500,1499,1500,1500,1193,1449,1500,1500,1500,1500,1500,1499,1500,2012,1500,1609,1500,2012,1500,1499,1500,1500,1520,1705,1499,988,8.3
2026-04-18,16:57:49.460,-40,-37,10,3916,0,55,44,16,102,47,51,2026,-1,-1,359,1024,204,1024,0,-1,-1,-1,0x1000480A98140204,1500,1500,1500,989,2012,1500,1500,1499,1500,1500,1193,1449,1500,1500,1500,1500,1500,1499,1500,2012,1500,1609,1500,2012,1500,1499,1500,1500,1520,1705,1499,988,8.3
2026-04-18,16:57:49.960,-40,-37,10,3916,0,55,44,16,0,47,51,2026,-1,-2,359,1024,203,1024,0,-1,-1,-1,0x1000480A98140204,1500,1499,1500,989,2012,1500,1499,1499,1500,1500,1193,1449,1500,1500,1500,1500,1500,1499,1500,2012,1500,1609,1500,2012,1500,1499,1500,1500,1520,1705,1499,988,8.3
2026-04-18,16:57:50.460,-40,-37,10,3916,0,55,44,16,0,47,51,2026,-1,-1,359,1024,203,1024,0,-1,-1,-1,0x1000480A98140204,1500,1500,1500,989,2012,1500,1500,1499,1500,1500,1193,1449,1500,1500,1500,1500,1500,1499,1500,2012,1500,1609,1500,2012,1500,1499,1500,1500,1520,1705,1499,988,8.3
2026-04-18,16:57:50.960,-40,-38,10,3916,0,55,44,16,0,47,51,2026,-1,-1,359,1024,203,1024,0,-1,-1,-1,0x1000480A98140204,1500,1500,1500,989,2012,1500,1500,1499,1500,1500,1193,1449,1500,1500,1500,1500,1500,1499,1500,2012,1500,1609,1500,2012,1500,1499,1500,1500,1520,1705,1499,988,8.3
2026-04-18,16:57:51.460,-38,-39,10,3916,0,55,44,16,0,47,51,2026,-1,-1,359,1024,204,1024,0,-1,-1,-1,0x1000480A98140204,1500,1500,1500,989,2012,1500,1500,1499,1500,1500,1193,1449,1500,1500,1500,1500,1500,1499,1500,2012,1500,1609,1500,2012,1500,1499,1500,1500,1520,1705,1499,988,8.3
2026-04-18,16:57:51.960,-41,-34,10,3916,0,55,44,16,0,47,51,2026,-1,-1,359,1024,203,1024,0,-1,-1,-1,0x1000480A98140204,1500,1500,1500,989,2012,1500,1500,1499,1500,1500,1193,1449,1500,1500,1500,1500,1500,1499,1500,2012,1500,1609,1500,2012,1500,1499,1500,1500,1520,1705,1499,988,8.3
2026-04-18,16:57:52.460,-36,-38,10,3916,0,55,44,16,0,47,51,2026,-1,-1,359,1024,204,1024,0,-1,-1,-1,0x1000480A98140204,1500,1500,1500,989,2012,1500,1500,1499,1500,1500,1193,1449,1500,1500,1500,1500,1500,1499,1500,2012,1500,1609,1500,2012,1500,1499,1500,1500,1520,1705,1499,988,8.3
2026-04-18,16:57:52.960,-38,-39,10,3916,0,55,44,16,0,47,51,2026,-1,-1,359,1024,203,1024,0,-1,-1,-1,0x1000480A98140204,1500,1500,1500,989,2012,1500,1500,1499,1500,1500,1193,1449,1500,1500,1500,1500,1500,1499,1500,2012,1500,1609,1500,2012,1500,1499,1500,1500,1520,1705,1499,988,8.3
2026-04-18,16:57:53.460,-35,-39,10,3916,0,55,44,16,0,47,51,2026,-1,-1,359,1024,204,1024,0,-1,-1,-1,0x1000480A98140204,1500,1500,1500,989,2012,1500,1500,1499,1500,1500,1193,1449,1500,1500,1500,1500,1500,1499,1500,2012,1500,1609,1500,2012,1500,1499,1500,1500,1520,1705,1499,988,8.3
2026-04-18,16:57:53.960,-35,-39,10,3916,0,55,44,16,0,47,51,2026,-1,-1,359,1024,203,1024,0,-1,-1,-1,0x1000480A98140204,1500,1500,1500,989,2012,1500,1500,1499,1500,1500,1193,1449,1500,1500,1500,1500,1500,1499,1500,2012,1500,1609,1500,2012,1500,1499,1500,1500,1520,1705,1499,988,8.3
2026-04-18,16:57:54.460,-34,-39,10,3916,0,55,44,16,0,47,51,2026,-1,-1,359,1024,203,1024,0,-1,-1,-1,0x1000480A98140204,1500,1500,1500,989,2012,1500,1500,1499,1500,1500,1193,1449,1500,1500,1500,1500,1500,1499,1500,2012,1500,1609,1500,2012,1500,1499,1500,1500,1520,1705,1499,988,8.3
2026-04-18,16:57:54.960,-32,-39,10,3916,0,55,44,16,0,47,51,2026,-1,-1,359,1024,204,1024,0,-1,-1,-1,0x1000480A98140204,1500,1500,1500,989,2012,1500,1500,1499,1500,1500,1193,1449,1500,1500,1500,1500,1500,1499,1500,2012,1500,1609,1500,2012,1500,1499,1500,1500,1520,1705,1499,988,8.3
2026-04-18,16:57:55.460,-37,-33,10,3916,0,55,44,16,0,47,51,2026,-1,-1,359,1024,204,1024,0,-1,-1,-1,0x1000480A98140204,1500,1499,1500,989,2012,1500,1500,1499,1500,1500,1193,1449,1500,1500,1500,1500,1500,1499,1500,2012,1500,1609,1500,2012,1500,1499,1500,1500,1520,1705,1499,988,8.3
2026-04-18,16:57:55.960,-32,-37,10,3916,0,55,44,16,0,47,51,2026,-1,-2,359,1024,204,1024,0,-1,-1,-1,0x1000480A98140204,1500,1499,1500,989,2012,1500,1499,1499,1500,1500,1193,1449,1500,1500,1500,1500,1500,1499,1500,2012,1500,1609,1500,2012,1500,1499,1500,1500,1520,1705,1499,988,8.3
2026-04-18,16:57:56.460,-31,-37,10,3916,0,55,44,16,0,47,51,2026,-1,-2,359,1024,203,1024,0,-1,-1,-1,0x1000480A98140204,1500,1499,1500,989,2012,1500,1499,1499,1500,1500,1193,1449,1500,1500,1500,1500,1500,1499,1500,2012,1500,1609,1500,2012,1500,1499,1500,1500,1520,1705,1499,988,8.3
2026-04-18,16:57:56.960,-31,-37,10,3916,0,55,44,16,0,47,51,2026,-1,-1,359,1024,204,1024,0,-1,-1,-1,0x1000480A98140204,1500,1500,1500,989,2012,1500,1500,1499,1500,1500,1193,1449,1500,1500,1500,1500,1500,1499,1500,2012,1500,1609,1500,2012,1500,1499,1500,1500,1520,1705,1499,988,8.3
2026-04-18,16:57:57.460,-31,-37,10,3916,0,55,44,16,0,47,51,2026,-1,-1,359,1024,204,1024,0,-1,-1,-1,0x1000480A98140204,1500,1500,1500,989,2012,1500,1500,1499,1500,1500,1193,1449,1500,1500,1500,1500,1500,1499,1500,2012,1500,1609,1500,2012,1500,1499,1500,1500,1520,1705,1499,988,8.3
2026-04-18,16:57:57.960,-31,-37,10,3916,0,55,44,16,0,47,51,2026,-1,-1,359,1024,203,1024,0,-1,-1,-1,0x1000480A98140204,1500,1500,1500,989,2012,1500,1500,1499,1500,1500,1193,1449,1500,1500,1500,1500,1500,1499,1500,2012,1500,1609,1500,2012,1500,1499,1500,1500,1520,1705,1499,988,8.3
2026-04-18,16:57:58.460,-31,-37,10,3916,0,55,44,16,0,47,51,2026,-1,-2,359,1024,204,1024,0,-1,-1,-1,0x1000480A98140204,1500,1499,1500,989,2012,1500,1499,1499,1500,1500,1193,1449,1500,1500,1500,1500,1500,1499,1500,2012,1500,1609,1500,2012,1500,1499,1500,1500,1520,1705,1499,988,8.3
2026-04-18,16:57:58.960,-32,-37,10,3916,0,55,44,16,0,47,51,2026,-1,-1,359,1024,204,1024,0,-1,-1,-1,0x1000480A98140204,1500,1500,1500,989,2012,1500,1500,1499,1500,1500,1193,1449,1500,1500,1500,1500,1500,1499,1500,2012,1500,1609,1500,2012,1500,1499,1500,1500,1520,1705,1499,988,8.3
2026-04-18,16:57:59.460,-33,-37,10,3916,0,55,44,16,0,47,51,2026,-1,-2,359,1024,204,1024,0,-1,-1,-1,0x1000480A98140204,1500,1499,1500,989,2012,1500,1499,1499,1500,1500,1193,1449,1500,1500,1500,1500,1500,1499,1500,2012,1500,1609,1500,2012,1500,1499,1500,1500,1520,1705,1499,988,8.3
2026-04-18,16:57:59.960,-31,-37,10,3916,0,55,44,16,0,47,51,2026,-1,-2,359,1024,204,1024,0,-1,-1,-1,0x1000480A98140204,1500,1499,1500,989,2012,1500,1499,1499,1500,1500,1193,1449,1500,1500,1500,1500,1500,1499,1500,2012,1500,1609,1500,2012,1500,1499,1500,1500,1520,1705,1499,988,8.3
2026-04-18,16:58:00.460,-32,-37,10,3916,0,55,44,16,0,47,51,2026,-1,-1,359,1024,204,1024,0,-1,-1,-1,0x1000480A98140204,1500,1500,1500,989,2012,1500,1500,1499,1500,1500,1193,1449,1500,1500,1500,1500,1500,1499,1500,2012,1500,1609,1500,2012,1500,1499,1500,1500,1520,1705,1499,988,8.3
2026-04-18,16:58:00.960,-34,-37,10,3916,0,55,44,16,0,47,51,2026,-1,-2,359,1024,204,1024,0,-1,-1,-1,0x1000480A98140204,1500,1499,1500,989,2012,1500,1499,1499,1500,1500,1193,1449,1500,1500,1500,1500,1500,1499,1500,2012,1500,1609,1500,2012,1500,1499,1500,1500,1520,1705,1499,988,8.3
2026-04-18,16:58:01.460,-36,-33,10,3916,0,55,44,16,0,47,51,2026,-1,-2,359,1024,204,1024,0,-1,-1,-1,0x1000480A98140204,1500,1499,1500,989,2012,1500,1499,1499,1500,1500,1193,1449,1500,1500,1500,1500,1500,1499,1500,2012,1500,1609,1500,2012,1500,1499,1500,1500,1520,1705,1499,988,8.3
2026-04-18,16:58:01.960,-36,-35,10,3916,0,55,44,16,0,47,51,2026,-1,-1,359,1024,203,1024,0,-1,-1,-1,0x1000480A98140204,1500,1500,1500,989,2012,1500,1500,1499,1500,1499,1193,1449,1500,1500,1500,1500,1500,1499,1500,2012,1500,1609,1500,2012,1500,1499,1500,1500,1520,1705,1499,988,8.3
2026-04-18,16:58:02.460,-36,-33,10,3916,0,55,44,16,0,47,51,2026,-1,-1,359,1024,204,1024,0,-1,-1,-1,0x1000480A98140204,1500,1500,1500,989,2012,1500,1500,1499,1500,1500,1193,1449,1500,1500,1500,1500,1500,1499,1500,2012,1500,1609,1500,2012,1500,1499,1500,1500,1520,1705,1499,988,8.3
2026-04-18,16:58:02.960,-36,-34,10,3916,0,55,44,16,0,47,51,2026,-1,-2,359,1024,204,1024,0,-1,-1,-1,0x1000480A98140204,1500,1500,1500,989,2012,1500,1499,1499,1500,1500,1193,1449,1500,1500,1500,1500,1500,1499,1500,2012,1500,1609,1500,2012,1500,1499,1500,1500,1520,1705,1499,988,8.3
2026-04-18,16:58:03.460,-32,-36,10,3916,0,55,44,16,0,47,51,2026,-1,-1,359,1024,204,1024,0,-1,-1,-1,0x1000480A98140204,1500,1500,1500,989,2012,1500,1500,1499,1500,1500,1193,1449,1500,1500,1500,1500,1500,1499,1500,2012,1500,1609,1500,2012,1500,1499,1500,1500,1520,1705,1499,988,8.3
2026-04-18,16:58:03.960,-33,-36,10,3916,0,55,44,16,0,47,51,2026,-1,-1,359,1024,204,1024,0,-1,-1,-1,0x1000480A98140204,1500,1500,1500,989,2012,1500,1499,1499,1500,1500,1193,1449,1500,1500,1500,1500,1500,1499,1500,2012,1500,1609,1500,2012,1500,1499,1500,1500,1520,1705,1499,988,8.3
2026-04-18,16:58:04.460,-37,-35,10,3916,0,55,44,16,0,47,51,2026,-1,-1,359,1024,204,1024,0,-1,-1,-1,0x1000480A98140204,1500,1500,1500,989,2012,1500,1500,1499,1500,1500,1193,1449,1500,1500,1500,1500,1500,1499,1500,2012,1500,1609,1500,2012,1500,1499,1500,1500,1520,1705,1499,988,8.3
2026-04-18,16:58:04.960,-37,-38,10,3916,0,55,44,16,0,47,51,2026,-1,-1,359,1024,203,1024,0,-1,-1,-1,0x1000480A98140204,1500,1500,1500,989,2012,1500,1500,1499,1500,1500,1193,1449,1500,1500,1500,1500,1500,1499,1500,2012,1500,1609,1500,2012,1500,1499,1500,1500,1520,1705,1499,988,8.3
2026-04-18,16:58:05.460,-37,-33,10,3916,0,55,44,16,0,47,51,2026,-1,-1,359,1024,204,1024,0,-1,-1,-1,0x1000480A98140204,1500,1500,1500,989,2012,1500,1499,1499,1500,1500,1193,1449,1500,1500,1500,1500,1500,1499,1500,2012,1500,1609,1500,2012,1500,1499,1500,1500,1520,1705,1499,988,8.3
2026-04-18,16:58:05.960,-37,-30,10,3916,0,55,44,16,0,47,51,2026,-1,-1,359,1024,204,1024,0,-1,-1,-1,0x1000480A98140204,1500,1500,1500,989,2012,1500,1500,1499,1500,1500,1193,1449,1500,1500,1500,1500,1500,1499,1500,2012,1500,1609,1500,2012,1500,1499,1500,1500,1520,1705,1499,988,8.3
2026-04-18,16:58:06.460,-37,-33,10,3916,0,55,44,16,0,47,51,2026,-1,-1,359,1024,204,1024,0,-1,-1,-1,0x1000480A98140204,1500,1500,1500,989,2012,1500,1499,1499,1500,1500,1193,1449,1500,1500,1500,1500,1500,1499,1500,2012,1500,1609,1500,2012,1500,1499,1500,1500,1520,1705,1499,988,8.3
2026-04-18,16:58:06.960,-37,-36,10,3916,0,55,44,16,0,47,51,2026,-1,-1,359,1024,204,1024,0,-1,-1,-1,0x1000480A98140204,1500,1500,1500,989,2012,1500,1500,1499,1500,1500,1193,1449,1500,1500,1500,1500,1500,1499,1500,2012,1500,1609,1500,2012,1500,1499,1500,1500,1520,1705,1499,988,8.3
2026-04-18,16:58:07.460,-39,-32,10,3916,0,55,44,16,0,47,51,2026,-1,-2,359,1024,203,1024,0,-1,-1,-1,0x1000480A98140204,1500,1499,1500,989,2012,1500,1499,1499,1500,1500,1193,1449,1500,1500,1500,1500,1500,1499,1500,2012,1500,1609,1500,2012,1500,1499,1500,1500,1520,1705,1499,988,8.3
2026-04-18,16:58:07.960,-39,-32,10,3916,0,55,44,16,0,47,51,2026,-1,-1,359,1024,203,1024,0,-1,-1,-1,0x1000480A98140204,1500,1500,1500,989,2012,1500,1500,1499,1500,1500,1193,1449,1500,1500,1500,1500,1500,1499,1500,2012,1500,1609,1500,2012,1500,1499,1500,1500,1520,1705,1499,988,8.3
2026-04-18,16:58:08.460,-39,-31,10,3916,0,55,44,16,0,47,51,2026,-1,-2,359,1024,204,1024,0,-1,-1,-1,0x1000480A98140204,1500,1499,1500,989,2012,1500,1499,1499,1500,1500,1193,1449,1500,1500,1500,1500,1500,1499,1500,2012,1500,1609,1500,2012,1500,1499,1500,1500,1520,1705,1499,988,8.3
2026-04-18,16:58:08.960,-39,-31,10,3916,0,55,44,16,0,47,51,2026,-1,-1,359,1024,204,1024,0,-1,-1,-1,0x1000480A98140204,1500,1500,1500,989,2012,1500,1500,1499,1500,1500,1193,1449,1500,1500,1500,1500,1500,1499,1500,2012,1500,1609,1500,2012,1500,1499,1500,1500,1520,1705,1499,988,8.3
2026-04-18,16:58:09.460,-39,-31,10,3915,0,55,44,16,0,47,51,2026,-1,-1,359,1024,203,1024,0,-1,-1,-1,0x1000480A98140204,1500,1500,1500,989,2012,1500,1500,1499,1500,1500,1193,1449,1500,1500,1500,1500,1500,1499,1500,2012,1500,1609,1500,2012,1500,1499,1500,1500,1520,1705,1499,988,8.3
2026-04-18,16:58:09.960,-39,-32,10,3915,0,55,44,16,0,47,51,2026,-1,-2,359,1024,204,1024,0,-1,-1,-1,0x1000480A98140204,1500,1499,1500,989,2012,1500,1499,1499,1500,1500,1193,1449,1500,1500,1500,1500,1500,1499,1500,2012,1500,1609,1500,2012,1500,1499,1500,1500,1520,1705,1499,988,8.3
2026-04-18,16:58:10.460,-36,-31,10,3915,0,55,44,16,0,47,51,2026,-1,-1,359,1024,203,1024,0,-1,-1,-1,0x1000480A98140204,1500,1499,1500,989,2012,1500,1500,1499,1500,1500,1193,1449,1500,1500,1500,1500,1500,1499,1500,2012,1500,1609,1500,2012,1500,1499,1500,1500,1520,1705,1499,988,8.3
2026-04-18,16:58:10.960,-36,-33,10,3915,0,55,44,16,0,47,51,2026,-1,-2,359,1024,204,1024,0,-1,-1,-1,0x1000480A98140204,1500,1499,1500,989,2012,1500,1499,1499,1500,1500,1193,1449,1500,1500,1500,1500,1500,1499,1500,2012,1500,1609,1500,2012,1500,1499,1500,1500,1520,1705,1499,988,8.3
2026-04-18,16:58:11.460,-36,-34,10,3916,0,55,44,16,0,47,51,2026,-1,-2,359,1024,204,1024,0,-1,-1,-1,0x1000480A98140204,1500,1499,1500,989,2012,1500,1499,1499,1500,1500,1193,1449,1500,1500,1500,1500,1500,1499,1500,2012,1500,1609,1500,2012,1500,1499,1500,1500,1520,1705,1499,988,8.3
2026-04-18,16:58:11.960,-36,-35,10,3916,0,55,44,16,0,47,51,2026,-1,-2,359,1024,204,1024,0,-1,-1,-1,0x1000480A98140204,1500,1499,1500,989,2012,1500,1500,1499,1500,1500,1193,1449,1500,1500,1500,1500,1500,1499,1500,2012,1500,1609,1500,2012,1500,1499,1500,1500,1520,1705,1499,988,8.3
2026-04-18,16:58:12.460,-36,-33,10,3916,0,55,44,16,0,47,51,2026,-1,-1,359,1024,203,1024,0,-1,-1,-1,0x1000480A98140204,1500,1500,1500,989,2012,1500,1500,1499,1500,1500,1193,1449,1500,1500,1500,1500,1500,1499,1500,2012,1500,1609,1500,2012,1500,1499,1500,1500,1520,1705,1499,988,8.3
2026-04-18,16:58:12.960,-37,-36,10,3916,0,55,44,16,92,47,51,2026,-1,-1,359,1024,203,1024,0,-1,-1,-1,0x1000480A98140204,1500,1500,1500,989,2012,1500,1500,1499,1500,1500,1193,1449,1500,1500,1500,1500,1500,1499,1500,2012,1500,1609,1500,2012,1500,1499,1500,1500,1520,1705,1499,988,8.3
2026-04-18,16:58:13.460,-37,-36,10,3916,0,55,44,16,0,47,51,2026,-1,-2,359,1024,203,1024,0,-1,-1,-1,0x1000480A98140204,1500,1499,1500,989,2012,1500,1499,1499,1500,1500,1193,1449,1500,1500,1500,1500,1500,1499,1500,2012,1500,1609,1500,2012,1500,1499,1500,1500,1520,1705,1499,988,8.3
2026-04-18,16:58:13.960,-34,-36,10,3916,0,55,44,16,0,47,51,2026,-1,-2,359,1024,204,1024,0,-1,-1,-1,0x1000480A98140204,1500,1499,1500,989,2012,1500,1499,1499,1500,1500,1193,1449,1500,1500,1500,1500,1500,1499,1500,2012,1500,1609,1500,2012,1500,1499,1500,1500,1520,1705,1499,988,8.3
2026-04-18,16:58:14.460,-31,-36,10,3916,0,55,44,16,0,47,51,2026,-1,-1,359,1024,204,1024,0,-1,-1,-1,0x1000480A98140204,1500,1500,1500,989,2012,1500,1500,1499,1500,1500,1193,1449,1500,1500,1500,1500,1500,1499,1500,2012,1500,1609,1500,2012,1500,1499,1500,1500,1520,1705,1499,988,8.3
2026-04-18,16:58:14.960,-34,-36,10,3915,0,55,44,16,0,47,51,2026,-1,-1,359,1024,204,1024,0,-1,-1,-1,0x1000480A98140204,1500,1500,1500,989,2012,1500,1500,1499,1500,1500,1193,1449,1500,1500,1500,1500,1500,1499,1500,2012,1500,1609,1500,2012,1500,1499,1500,1500,1520,1705,1499,988,8.3
2026-04-18,16:58:15.460,-36,-34,10,3915,0,55,44,16,0,47,51,2026,-1,-1,359,1024,204,1024,0,-1,-1,-1,0x1000480A98140204,1500,1500,1500,989,2012,1500,1500,1499,1500,1500,1193,1449,1500,1500,1500,1500,1500,1499,1500,2012,1500,1609,1500,2012,1500,1499,1500,1500,1520,1705,1499,988,8.3
2026-04-18,16:58:15.960,-36,-31,10,3915,0,55,44,16,0,47,51,2026,-1,-1,359,1024,203,1024,0,-1,-1,-1,0x1000480A98140204,1500,1500,1500,989,2012,1500,1500,1499,1500,1500,1193,1449,1500,1500,1500,1500,1500,1499,1500,2012,1500,1609,1500,2012,1500,1499,1500,1500,1520,1705,1499,988,8.3
2026-04-18,16:58:16.460,-36,-32,10,3915,0,55,44,16,0,47,51,2026,-1,-1,359,1024,204,1024,0,-1,-1,-1,0x1000480A98140204,1500,1500,1500,989,2012,1500,1500,1499,1500,1500,1193,1449,1500,1500,1500,1500,1500,1499,1500,2012,1500,1609,1500,2012,1500,1499,1500,1500,1520,1705,1499,988,8.3
2026-04-18,16:58:16.960,-36,-33,10,3916,0,55,44,16,0,47,51,2026,-1,-1,359,1024,204,1024,0,-1,-1,-1,0x1000480A98140204,1500,1500,1500,989,2012,1500,1500,1499,1500,1500,1193,1449,1500,1500,1500,1500,1500,1499,1500,2012,1500,1609,1500,2012,1500,1499,1500,1500,1520,1705,1499,988,8.3
2026-04-18,16:58:17.460,-36,-32,10,3916,0,55,44,16,0,47,51,2026,-1,-2,359,1024,204,1024,0,-1,-1,-1,0x1000480A98140204,1500,1500,1500,989,2012,1500,1499,1499,1500,1500,1193,1449,1500,1500,1500,1500,1500,1499,1500,2012,1500,1609,1500,2012,1500,1499,1500,1500,1520,1705,1499,988,8.3
2026-04-18,16:58:17.960,-36,-32,10,3916,0,55,44,16,0,47,51,2026,-1,-1,359,1024,204,1024,0,-1,-1,-1,0x1000480A98140204,1500,1500,1500,989,2012,1500,1500,1499,1500,1500,1193,1449,1500,1500,1500,1500,1500,1499,1500,2012,1500,1609,1500,2012,1500,1499,1500,1500,1520,1705,1499,988,8.3
2026-04-18,16:58:18.460,-36,-31,10,3916,0,55,44,16,0,47,51,2026,-1,-1,359,1024,203,1024,0,-1,-1,-1,0x1000480A98140204,1500,1500,1500,989,2012,1500,1500,1499,1500,1500,1193,1449,1500,1500,1500,1500,1500,1499,1500,2012,1500,1609,1500,2012,1500,1499,1500,1500,1520,1705,1499,988,8.3
2026-04-18,16:58:18.960,-36,-31,10,3916,0,55,44,16,0,47,51,2026,0,-1,359,1024,203,1024,0,-1,-1,-1,0x1000480A98140204,1500,1500,1500,989,2012,1500,1500,1499,1500,1500,1193,1449,1500,1500,1500,1500,1500,1499,1500,2012,1500,1609,1500,2012,1500,1499,1500,1500,1520,1705,1499,988,8.3
2026-04-18,16:58:19.460,-36,-32,10,3916,0,55,44,16,0,47,51,2026,-1,-2,359,1024,204,1024,0,-1,-1,-1,0x1000480A98140204,1500,1499,1500,989,2012,1500,1499,1499,1500,1500,1193,1449,1500,1500,1500,1500,1500,1499,1500,2012,1500,1609,1500,2012,1500,1499,1500,1500,1520,1705,1499,988,8.3
2026-04-18,16:58:19.960,-36,-33,10,3916,0,55,44,16,0,47,51,2026,-1,-1,359,1024,204,1024,0,-1,-1,-1,0x1000480A98140204,1500,1500,1500,989,2012,1500,1500,1499,1500,1500,1193,1449,1500,1500,1500,1500,1500,1499,1500,2012,1500,1609,1500,2012,1500,1499,1500,1500,1520,1705,1499,988,8.3
2026-04-18,16:58:20.460,-36,-34,10,3916,0,55,44,16,0,47,51,2026,-1,-1,359,1024,204,1024,0,-1,-1,-1,0x1000480A98140204,1500,1500,1500,989,2012,1500,1500,1499,1500,1500,1193,1449,1500,1500,1500,1500,1500,1499,1500,2012,1500,1609,1500,2012,1500,1499,1500,1500,1520,1705,1499,988,8.3
2026-04-18,16:58:20.960,-36,-36,10,3916,0,55,44,16,0,47,51,2026,-1,-2,359,1024,204,1024,0,-1,-1,-1,0x1000480A98140204,1500,1499,1500,989,2012,1500,1499,1499,1500,1500,1193,1449,1500,1500,1500,1500,1500,1499,1500,2012,1500,1609,1500,2012,1500,1499,1500,1500,1520,1705,1499,988,8.3
2026-04-18,16:58:21.460,-33,-36,10,3916,0,55,44,16,0,47,51,2026,-1,-1,359,1024,204,1024,0,-1,-1,-1,0x1000480A98140204,1500,1500,1500,989,2012,1500,1499,1499,1500,1500,1193,1449,1500,1500,1500,1500,1500,1499,1500,2012,1500,1609,1500,2012,1500,1499,1500,1500,1520,1705,1499,988,8.3
2026-04-18,16:58:21.960,-35,-36,10,3916,0,55,44,16,0,47,51,2026,-1,-2,359,1024,204,1024,0,-1,-1,-1,0x1000480A98140204,1500,1499,1500,989,2012,1500,1499,1499,1500,1500,1193,1449,1500,1500,1500,1500,1500,1499,1500,2012,1500,1609,1500,2012,1500,1499,1500,1500,1520,1705,1499,988,8.3
2026-04-18,16:58:22.460,-34,-36,10,3916,0,55,44,16,0,47,51,2026,-1,-1,359,1024,204,1024,0,-1,-1,-1,0x1000480A98140204,1500,1499,1500,989,2012,1500,1500,1499,1500,1500,1193,1449,1500,1500,1500,1500,1500,1499,1500,2012,1500,1609,1500,2012,1500,1499,1500,1500,1520,1705,1499,988,8.3
2026-04-18,16:58:22.960,-38,-45,10,3916,0,55,44,16,0,47,51,2026,-1,-1,359,1024,204,1024,0,-1,-1,-1,0x1000480A98140204,1500,1500,1500,989,2012,1500,1500,1499,1500,1500,1193,1449,1500,1500,1500,1500,1500,1499,1500,2012,1500,1609,1500,2012,1500,1499,1500,1500,1520,1705,1499,988,8.3
2026-04-18,16:58:23.460,-37,-45,10,3916,0,55,44,16,0,47,51,2026,-1,-1,359,1024,204,1024,0,-1,-1,-1,0x1000480A98140204,1500,1499,1500,989,2012,1500,1500,1499,1500,1500,1193,1449,1500,1500,1500,1500,1500,1499,1500,2012,1500,1609,1500,2012,1500,1499,1500,1500,1520,1705,1499,988,8.3
2026-04-18,16:58:23.960,-31,-45,10,3916,0,55,44,16,0,47,51,2026,210,-1,359,1024,203,1024,0,-1,-1,-1,0x1000480A9C140204,1482,1500,1500,989,2012,1611,1499,1499,1500,1451,1193,1449,1500,1500,1500,1500,1500,1499,1500,2012,1500,1609,1500,2012,1500,1499,1500,1500,1520,1705,1499,988,8.3
2026-04-18,16:58:24.460,-46,-53,10,3916,0,55,44,16,0,47,51,2026,-2,-2,359,1024,203,1024,0,-1,-1,-1,0x1000480A98140204,1500,1499,1500,989,2012,1499,1499,1499,1500,1499,1193,1449,1500,1500,1500,1500,1500,1499,1500,2012,1500,1609,1500,2012,1500,1499,1500,1500,1520,1705,1499,988,8.3
2026-04-18,16:58:24.960,-37,-53,10,3916,0,55,44,16,0,47,51,2026,-2,-2,359,1024,203,1024,0,-1,-1,-1,0x1000480A98140204,1500,1499,1500,989,2012,1499,1499,1499,1500,1499,1193,1449,1500,1500,1500,1500,1500,1499,1500,2012,1500,1609,1500,2012,1500,1499,1500,1500,1520,1705,1499,988,8.3
2026-04-18,16:58:25.460,-43,-47,10,3916,0,55,44,16,0,47,51,2026,-2,-1,359,1024,204,1024,0,-1,-1,-1,0x1000480A98140204,1500,1500,1500,989,2012,1499,1500,1499,1500,1499,1193,1449,1500,1500,1500,1500,1500,1499,1500,2012,1500,1609,1500,2012,1500,1499,1500,1500,1520,1705,1499,988,8.3
2026-04-18,16:58:25.960,-43,-38,10,3916,0,55,44,16,0,47,51,2026,-2,-1,359,1024,204,1024,0,-1,-1,-1,0x1000480A98140204,1500,1500,1500,989,2012,1500,1500,1499,1500,1500,1193,1449,1500,1500,1500,1500,1500,1499,1500,2012,1500,1609,1500,2012,1500,1499,1500,1500,1520,1705,1499,988,8.3
2026-04-18,16:58:26.460,-43,-31,10,3916,0,55,44,16,0,47,51,2026,-2,1,359,1024,204,1024,0,-1,-1,-1,0x1000480A98140204,1500,1500,1500,988,2012,1499,1500,1500,1500,1499,1193,1449,1500,1500,1500,1500,1500,1500,1500,2012,1500,1609,1500,2012,1500,1501,1500,1500,1520,1705,1500,988,8.3
2026-04-18,16:58:26.960,-43,-29,10,3916,0,55,44,16,0,47,51,2026,-2,0,359,1024,204,1024,0,-1,-1,-1,0x1000480A98140205,1500,1500,1562,988,2012,1499,1500,1500,1500,1499,1193,1449,1500,1500,1500,1500,1500,1500,1285,2012,1500,1609,1500,2012,1500,1500,1500,1500,1520,1705,1500,988,8.3
2026-04-18,16:58:27.460,-43,-33,10,3916,0,55,44,16,0,47,51,2026,-2,1,359,1024,204,1024,0,-1,-1,-1,0x1000480A98140205,1500,1500,1562,988,2012,1499,1500,1500,1500,1499,1193,1449,1500,1500,1500,1500,1500,1500,1372,2012,1500,1609,1500,2012,1500,1501,1500,1500,1520,1705,1500,988,8.3
2026-04-18,16:58:27.960,-26,-35,10,3916,0,55,44,16,0,47,51,2026,-2,5,359,1024,203,1024,0,-1,-1,-1,0x1000480A98140205,1500,1501,1562,988,2012,1499,1502,1500,1500,1499,1193,1449,1500,1500,1500,1500,1500,1500,1412,2012,1500,1609,1500,2012,1500,1504,1501,1500,1520,1705,1500,988,8.3
2026-04-18,16:58:28.460,-26,-35,10,3916,0,55,44,16,0,47,51,2026,-2,8,359,1024,203,1024,0,-1,-1,-1,0x1000480A98140205,1500,1502,1562,988,2012,1499,1504,1500,1500,1499,1193,1449,1500,1500,1500,1500,1500,1500,1500,2012,1500,1609,1500,2012,1500,1506,1502,1500,1520,1705,1500,988,8.3
2026-04-18,16:58:28.960,-26,-35,10,3915,0,55,44,16,0,47,51,2026,-3,3,359,1024,203,1024,0,-1,-1,-1,0x1000480A98140205,1500,1501,1562,988,2012,1499,1501,1500,1500,1499,1193,1449,1500,1500,1500,1500,1500,1500,1500,2012,1500,1609,1500,2012,1500,1502,1501,1500,1520,1705,1500,988,8.3
2026-04-18,16:58:29.460,-26,-35,10,3915,0,54,44,16,0,47,51,2026,-2,3,359,1024,203,1024,0,-1,-1,-1,0x1000480A98140205,1500,1501,1562,988,2012,1499,1501,1500,1500,1499,1193,1449,1500,1500,1500,1500,1500,1500,1500,2012,1500,1609,1500,2012,1500,1502,1501,1500,1520,1705,1500,988,8.3
2026-04-18,16:58:29.960,-26,-35,10,3915,0,54,44,16,0,47,51,2026,-1,4,359,1024,203,1024,0,-1,-1,-1,0x1000480A98140204,1500,1501,1500,988,2012,1500,1502,1500,1500,1500,1193,1449,1500,1500,1500,1500,1500,1500,1500,2012,1500,1609,1500,2012,1500,1503,1501,1500,1520,1705,1500,988,8.3
2026-04-18,16:58:30.460,-26,-35,10,3915,0,54,44,16,0,47,51,2026,-2,7,359,1024,203,1024,0,-1,-1,-1,0x1000480A98140204,1500,1502,1500,988,2012,1499,1503,1500,1500,1499,1193,1449,1500,1500,1500,1500,1500,1500,1500,2012,1500,1609,1500,2012,1500,1505,1502,1500,1520,1705,1500,988,8.3
2026-04-18,16:58:30.960,-26,-35,10,3916,0,54,44,16,0,47,51,2026,-2,9,359,1024,203,1024,0,-1,-1,-1,0x1000480A98140204,1500,1503,1500,988,2012,1499,1504,1500,1500,1499,1193,1449,1500,1500,1500,1500,1500,1500,1500,2012,1500,1609,1500,2012,1500,1507,1503,1500,1520,1705,1500,988,8.3
2026-04-18,16:58:31.460,-26,-35,10,3916,0,54,44,16,0,47,51,2026,-2,12,359,1024,203,1024,0,-1,-1,-1,0x1000480A98140204,1500,1504,1500,988,2012,1499,1506,1500,1500,1499,1193,1449,1500,1500,1500,1500,1500,1500,1500,2012,1500,1609,1500,2012,1500,1509,1504,1500,1520,1705,1500,988,8.3
2026-04-18,16:58:31.960,-26,-35,10,3916,0,54,44,16,0,47,51,2026,-2,10,359,1024,203,1024,0,-1,-1,-1,0x1000480A98140204,1500,1504,1500,988,2012,1499,1505,1500,1500,1499,1193,1449,1500,1500,1500,1500,1500,1500,1500,2012,1500,1609,1500,2012,1500,1509,1504,1500,1520,1705,1500,988,8.3
2026-04-18,16:58:32.460,-26,-35,10,3916,0,54,44,16,0,47,51,2026,-2,1,359,1024,203,1024,0,-1,-1,-1,0x1000480A98140204,1500,1500,1500,988,2012,1499,1500,1500,1500,1499,1193,1449,1500,1500,1500,1500,1500,1500,1500,2012,1500,1609,1500,2012,1500,1501,1500,1500,1520,1705,1500,988,8.3
2026-04-18,16:58:32.960,-29,-29,10,3915,0,54,44,16,0,47,51,2026,-2,1,359,1024,203,1024,0,-1,-1,-1,0x1000480A98140204,1500,1500,1500,988,2012,1499,1500,1500,1500,1499,1193,1449,1500,1500,1500,1500,1500,1500,1500,2012,1500,1609,1500,2012,1500,1501,1500,1500,1520,1705,1500,988,8.3
2026-04-18,16:58:33.460,-29,-31,10,3914,0,54,44,16,0,47,51,2026,-2,2,359,1024,203,1024,0,-1,-1,-1,0x1000480A98140204,1500,1500,1500,988,2012,1499,1501,1500,1500,1499,1193,1449,1500,1500,1500,1500,1500,1500,1500,2012,1500,1609,1500,2012,1500,1501,1500,1500,1520,1705,1500,988,8.3
2026-04-18,16:58:33.960,-40,-39,10,3914,0,54,44,16,0,47,51,2026,-2,2,359,1024,203,1024,0,-1,-1,-1,0x1000480A98140204,1500,1500,1500,988,2012,1499,1501,1500,1500,1499,1193,1449,1500,1500,1500,1500,1500,1500,1500,2012,1500,1609,1500,2012,1500,1501,1500,1500,1520,1705,1500,988,8.3
2026-04-18,16:58:34.460,-40,-33,10,3914,0,54,44,16,42,47,51,2026,-2,2,359,1024,203,1024,0,-1,-1,-1,0x1000480A98140204,1500,1500,1500,988,2012,1499,1501,1500,1500,1499,1193,1449,1500,1500,1500,1500,1500,1500,1500,2012,1500,1609,1500,2012,1500,1501,1500,1500,1520,1705,1500,988,8.3
2026-04-18,16:58:34.960,-27,-35,10,3915,0,54,44,16,0,47,51,2026,-2,1,359,1024,203,1024,0,-1,-1,-1,0x1000480A98140204,1500,1500,1500,988,2012,1499,1500,1500,1500,1499,1193,1449,1500,1500,1500,1500,1500,1500,1500,2012,1500,1609,1500,2012,1500,1501,1500,1500,1520,1705,1500,988,8.3
2026-04-18,16:58:35.460,-27,-35,10,3915,0,54,44,16,0,47,51,2026,-3,2,359,1024,203,1024,0,-1,-1,-1,0x1000480A98140204,1500,1500,1500,988,2012,1499,1501,1500,1500,1499,1193,1449,1500,1500,1500,1500,1500,1500,1500,2012,1500,1609,1500,2012,1500,1501,1500,1500,1520,1705,1500,988,8.3
2026-04-18,16:58:35.960,-38,-34,10,3916,0,54,44,16,0,47,51,2026,-3,0,359,1024,204,1024,0,-1,-1,-1,0x1000480A98140204,1500,1500,1500,988,2012,1499,1500,1500,1500,1499,1193,1449,1500,1500,1500,1500,1500,1500,1500,2012,1500,1609,1500,2012,1500,1500,1500,1500,1520,1705,1500,988,8.3
2026-04-18,16:58:36.460,-53,-37,10,3916,0,54,44,16,0,47,51,2026,-3,-3,359,1024,203,1024,0,-1,-1,-1,0x1000480A98140204,1500,1498,1500,992,2012,1499,1499,1497,1500,1499,1193,1449,1500,1500,1500,1500,1500,1497,1500,2012,1500,1609,1500,2012,1500,1498,1500,1500,1520,1705,1497,988,8.3
2026-04-18,16:58:36.960,-37,-37,10,3916,0,54,44,16,0,47,51,2026,-3,-3,359,1024,203,1024,0,-1,-1,-1,0x1000480A98140204,1500,1498,1500,992,2012,1499,1499,1497,1500,1499,1193,1449,1500,1500,1500,1500,1500,1497,1500,2012,1500,1609,1500,2012,1500,1498,1500,1500,1520,1705,1497,988,8.3
2026-04-18,16:58:37.460,-36,-37,10,3916,0,54,44,16,0,47,51,2026,-1,-3,359,1024,203,1024,0,-1,-1,-1,0x1000480A98140204,1500,1498,1500,992,2012,1500,1499,1497,1500,1499,1193,1449,1500,1500,1500,1500,1500,1497,1500,2012,1500,1609,1500,2012,1500,1498,1500,1500,1520,1705,1497,988,8.3
2026-04-18,16:58:37.960,-31,-37,10,3916,0,54,44,16,0,47,51,2026,-2,-2,359,1024,203,1024,0,-1,-1,-1,0x1000480A98140204,1500,1499,1500,989,2012,1499,1499,1499,1500,1499,1193,1449,1500,1500,1500,1500,1500,1499,1500,2012,1500,1609,1500,2012,1500,1499,1500,1500,1520,1705,1499,988,8.3
2026-04-18,16:58:38.460,-48,-33,10,3916,0,54,44,16,0,47,51,2026,-2,-2,359,1024,203,1024,0,-1,-1,-1,0x1000480A98140204,1500,1499,1500,989,2012,1499,1499,1499,1500,1499,1193,1449,1500,1500,1500,1500,1500,1499,1500,2012,1500,1609,1500,2012,1500,1499,1500,1500,1520,1705,1499,988,8.3
2026-04-18,16:58:38.960,-37,-38,10,3916,0,54,44,16,56,47,51,2026,-2,-2,359,1024,203,1024,0,-1,-1,-1,0x1000480A98140204,1500,1499,1500,989,2012,1499,1499,1499,1500,1499,1193,1449,1500,1500,1500,1500,1500,1499,1500,2012,1500,1609,1500,2012,1500,1499,1500,1500,1520,1705,1499,988,8.3
2026-04-18,16:58:39.460,-39,-35,10,3916,0,54,44,16,0,47,51,2026,-1,-2,359,1024,203,1024,0,-1,-1,-1,0x1000480A98140204,1500,1499,1500,989,2012,1500,1499,1499,1500,1500,1193,1449,1500,1500,1500,1500,1500,1499,1500,2012,1500,1609,1500,2012,1500,1499,1500,1500,1520,1705,1499,988,8.3
2026-04-18,16:58:39.960,-39,-32,10,3916,0,54,44,16,0,47,51,2026,-2,-2,359,1024,203,1024,0,-1,-1,-1,0x1000480A98140204,1500,1499,1500,989,2012,1499,1499,1499,1500,1499,1193,1449,1500,1500,1500,1500,1500,1499,1500,2012,1500,1609,1500,2012,1500,1499,1500,1500,1520,1705,1499,988,8.3
2026-04-18,16:58:40.460,-42,-39,10,3916,0,54,44,16,0,47,51,2026,-1,-3,359,1024,203,1024,0,-1,-1,-1,0x1000480A98140204,1500,1498,1500,992,2012,1499,1499,1497,1500,1499,1193,1449,1500,1500,1500,1500,1500,1497,1500,2012,1500,1609,1500,2012,1500,1499,1500,1500,1520,1705,1497,988,8.3
2026-04-18,16:58:40.960,-42,-36,10,3916,0,54,44,16,0,47,51,2026,-2,-2,359,1024,203,1024,0,-1,-1,-1,0x1000480A98140204,1500,1499,1500,989,2012,1499,1499,1499,1500,1499,1193,1449,1500,1500,1500,1500,1500,1499,1500,2012,1500,1609,1500,2012,1500,1499,1500,1500,1520,1705,1499,988,8.3
2026-04-18,16:58:41.460,-42,-39,10,3916,0,54,44,16,0,47,51,2026,-2,-2,359,1024,203,1024,0,-1,-1,-1,0x1000480A98140204,1500,1499,1500,989,2012,1499,1499,1499,1500,1499,1193,1449,1500,1500,1500,1500,1500,1499,1500,2012,1500,1609,1500,2012,1500,1499,1500,1500,1520,1705,1499,988,8.3
2026-04-18,16:58:41.960,-42,-38,10,3916,0,54,44,16,0,47,51,2026,-3,-2,359,1024,203,1024,0,-1,-1,-1,0x1000480A98140204,1500,1499,1500,989,2012,1499,1499,1499,1500,1499,1193,1449,1500,1500,1500,1500,1500,1499,1500,2012,1500,1609,1500,2012,1500,1499,1500,1500,1520,1705,1499,988,8.3
2026-04-18,16:58:42.460,-42,-38,10,3916,0,54,44,16,0,47,51,2026,-3,-2,359,1024,203,1024,0,-1,-1,-1,0x1000480A98140204,1500,1498,1500,992,2012,1499,1499,1497,1500,1499,1193,1449,1500,1500,1500,1500,1500,1497,1500,2012,1500,1609,1500,2012,1500,1498,1500,1500,1520,1705,1497,988,8.3
2026-04-18,16:58:42.960,-42,-36,10,3916,0,54,44,16,0,47,51,2026,-3,-2,359,1024,203,1024,0,-1,-1,-1,0x1000480A98140204,1500,1499,1500,989,2012,1499,1499,1499,1500,1499,1193,1449,1500,1500,1500,1500,1500,1499,1500,2012,1500,1609,1500,2012,1500,1499,1500,1500,1520,1705,1499,988,8.3
2026-04-18,16:58:43.460,-34,-39,10,3916,0,54,44,16,0,47,51,2026,-3,-1,359,1024,204,1024,0,-1,-1,-1,0x1000480A98140204,1500,1500,1500,989,2012,1499,1500,1499,1500,1499,1193,1449,1500,1500,1500,1500,1500,1499,1500,2012,1500,1609,1500,2012,1500,1499,1500,1500,1520,1705,1499,988,8.3
2026-04-18,16:58:43.960,-49,-47,10,3916,0,54,44,16,0,47,51,2026,-3,-1,359,1024,203,1024,0,-1,-1,-1,0x1000480A98140204,1500,1500,1500,989,2012,1499,1500,1499,1500,1499,1193,1449,1500,1500,1500,1500,1500,1499,1500,2012,1500,1609,1500,2012,1500,1499,1500,1500,1520,1705,1499,988,8.3
2026-04-18,16:58:44.460,-49,-51,10,3916,0,54,44,16,0,47,51,2026,-3,-2,359,1024,204,1024,0,-1,-1,-1,0x1000480A98140204,1500,1499,1500,989,2012,1499,1499,1499,1500,1499,1193,1449,1500,1500,1500,1500,1500,1499,1500,2012,1500,1609,1500,2012,1500,1499,1500,1500,1520,1705,1499,988,8.3
2026-04-18,16:58:44.960,-49,-37,10,3916,0,54,44,16,0,47,51,2026,-4,-2,359,1024,203,1024,0,-1,-1,-1,0x1000480A98140204,1500,1499,1500,989,2012,1498,1499,1499,1500,1498,1193,1449,1500,1500,1500,1500,1500,1499,1500,2012,1500,1609,1500,2012,1500,1499,1500,1500,1520,1705,1499,988,8.3
2026-04-18,16:58:45.460,-49,-40,10,3916,0,54,44,16,0,47,51,2026,-4,-3,359,1024,203,1024,0,-1,-1,-1,0x1000480A98140204,1500,1498,1500,992,2012,1498,1499,1497,1500,1498,1193,1449,1500,1500,1500,1500,1500,1497,1500,2012,1500,1609,1500,2012,1500,1498,1500,1500,1520,1705,1497,988,8.3
2026-04-18,16:58:45.960,-49,-35,10,3916,0,54,44,16,0,47,51,2026,-2,-2,359,1024,203,1024,0,-1,-1,-1,0x1000480A98140204,1500,1499,1500,989,2012,1499,1499,1499,1500,1499,1193,1449,1500,1500,1500,1500,1500,1499,1500,2012,1500,1609,1500,2012,1500,1499,1500,1500,1520,1705,1499,988,8.3
2026-04-18,16:58:46.460,-49,-30,10,3916,0,54,44,16,0,47,51,2026,-1,-2,359,1024,203,1024,0,-1,-1,-1,0x1000480A98140204,1500,1499,1500,989,2012,1500,1499,1499,1500,1500,1193,1449,1500,1500,1500,1500,1500,1499,1500,2012,1500,1609,1500,2012,1500,1499,1500,1500,1520,1705,1499,988,8.3
2026-04-18,16:58:46.960,-49,-33,10,3916,0,54,44,16,0,47,51,2026,-2,-2,359,1024,203,1024,0,-1,-1,-1,0x1000480A98140204,1500,1499,1500,989,2012,1499,1499,1499,1500,1499,1193,1449,1500,1500,1500,1500,1500,1499,1500,2012,1500,1609,1500,2012,1500,1499,1500,1500,1520,1705,1499,988,8.3
2026-04-18,16:58:47.460,-49,-30,10,3916,0,54,44,16,0,47,51,2026,-1,-2,359,1024,203,1024,0,-1,-1,-1,0x1000480A98140204,1500,1499,1500,989,2012,1500,1499,1499,1500,1500,1193,1449,1500,1500,1500,1500,1500,1499,1500,2012,1500,1609,1500,2012,1500,1499,1500,1500,1520,1705,1499,988,8.3
2026-04-18,16:58:47.960,-49,-28,10,3916,0,54,44,16,0,47,51,2026,-1,-2,359,1024,203,1024,0,-1,-1,-1,0x1000480A98140204,1500,1499,1500,989,2012,1500,1499,1499,1500,1500,1193,1449,1500,1500,1500,1500,1500,1499,1500,2012,1500,1609,1500,2012,1500,1499,1500,1500,1520,1705,1499,988,8.3
2026-04-18,16:58:48.460,-49,-30,10,3916,0,54,44,16,0,47,51,2026,-2,-2,359,1024,203,1024,0,-1,-1,-1,0x1000480A98140204,1500,1499,1500,989,2012,1499,1499,1499,1500,1499,1193,1449,1500,1500,1500,1500,1500,1499,1500,2012,1500,1609,1500,2012,1500,1499,1500,1500,1520,1705,1499,988,8.3
2026-04-18,16:58:48.960,-49,-30,10,3916,0,54,44,16,0,47,51,2026,-2,-2,359,1024,203,1024,0,-1,-1,-1,0x1000480A98140204,1500,1499,1500,989,2012,1499,1499,1499,1500,1499,1193,1449,1500,1500,1500,1500,1500,1499,1500,2012,1500,1609,1500,2012,1500,1499,1500,1500,1520,1705,1499,988,8.3
2026-04-18,16:58:49.460,-49,-27,10,3916,0,54,44,16,0,47,51,2026,-1,-2,359,1024,203,1024,0,-1,-1,-1,0x1000480A98140204,1500,1499,1500,989,2012,1500,1499,1499,1500,1500,1193,1449,1500,1500,1500,1500,1500,1499,1500,2012,1500,1609,1500,2012,1500,1499,1500,1500,1520,1705,1499,988,8.3
2026-04-18,16:58:49.960,-49,-26,10,3916,0,54,44,16,0,47,51,2026,-1,-2,359,1024,203,1024,0,-1,-1,-1,0x1000480A98140204,1500,1499,1500,989,2012,1500,1499,1499,1500,1500,1193,1449,1500,1500,1500,1500,1500,1499,1500,2012,1500,1609,1500,2012,1500,1499,1500,1500,1520,1705,1499,988,8.3
2026-04-18,16:58:50.460,-49,-22,10,3916,0,54,44,16,0,47,51,2026,-2,-2,359,1024,203,1024,0,-1,-1,-1,0x1000480A98140204,1500,1499,1500,989,2012,1499,1499,1499,1500,1499,1193,1449,1500,1500,1500,1500,1500,1499,1500,2012,1500,1609,1500,2012,1500,1499,1500,1500,1520,1705,1499,988,8.3
2026-04-18,16:58:50.960,-43,-52,10,3916,0,54,44,16,0,46,51,2026,-3,-1,359,1024,203,1024,0,-1,-1,-1,0x1000480A98140204,1500,1500,1500,989,2012,1499,1500,1499,1500,1499,1193,1449,1500,1500,1500,1500,1500,1499,1500,2012,1500,1609,1500,2012,1500,1499,1500,1500,1520,1705,1499,988,8.3
2026-04-18,16:58:51.460,-47,-45,10,3916,0,54,44,16,0,46,51,2026,-2,0,359,1024,203,1024,0,-1,-1,-1,0x1000480A98140204,1500,1500,1500,988,2012,1499,1500,1500,1500,1499,1193,1449,1500,1500,1500,1500,1500,1500,1500,2012,1500,1609,1500,2012,1500,1500,1500,1500,1520,1705,1500,988,8.3
2026-04-18,16:58:51.960,-47,-49,10,3916,0,54,44,16,0,46,51,2026,-3,-1,359,1024,203,1024,0,-1,-1,-1,0x1000480A98140204,1500,1500,1500,989,2012,1499,1500,1499,1500,1499,1193,1449,1500,1500,1500,1500,1500,1499,1500,2012,1500,1609,1500,2012,1500,1499,1500,1500,1520,1705,1499,988,8.3
2026-04-18,16:58:52.460,-47,-44,10,3916,0,54,44,16,0,46,51,2026,-3,-3,359,1024,203,1024,0,-1,-1,-1,0x1000480A98140204,1500,1498,1500,992,2012,1499,1499,1497,1500,1499,1193,1449,1500,1500,1500,1500,1500,1497,1500,2012,1500,1609,1500,2012,1500,1498,1500,1500,1520,1705,1497,988,8.3
2026-04-18,16:58:52.960,-52,-49,10,3916,0,54,44,16,0,46,51,2026,-4,-1,359,1024,203,1024,0,-1,-1,-1,0x1000480A98140204,1500,1500,1500,989,2012,1498,1500,1499,1500,1498,1193,1449,1500,1500,1500,1500,1500,1499,1500,2012,1500,1609,1500,2012,1500,1499,1500,1500,1520,1705,1499,988,8.3
2026-04-18,16:58:53.460,-52,-40,10,3916,0,54,44,16,0,46,51,2026,-3,-3,359,1024,203,1024,0,-1,-1,-1,0x1000480A98140204,1500,1498,1500,992,2012,1499,1499,1497,1500,1499,1193,1449,1500,1500,1500,1500,1500,1497,1500,2012,1500,1609,1500,2012,1500,1498,1500,1500,1520,1705,1497,988,8.3
2026-04-18,16:58:53.960,-45,-48,10,3916,0,54,44,16,0,46,51,2026,-4,-2,359,1024,204,1024,0,-1,-1,-1,0x1000480A98140204,1500,1499,1500,989,2012,1498,1499,1499,1500,1498,1193,1449,1500,1500,1500,1500,1500,1499,1500,2012,1500,1609,1500,2012,1500,1499,1500,1500,1520,1705,1499,988,8.3
2026-04-18,16:58:54.460,-40,-48,10,3916,0,54,44,16,0,46,51,2026,-2,-2,359,1024,203,1024,0,-1,-1,-1,0x1000480A98140204,1500,1499,1500,989,2012,1499,1499,1499,1500,1499,1193,1449,1500,1500,1500,1500,1500,1499,1500,2012,1500,1609,1500,2012,1500,1499,1500,1500,1520,1705,1499,988,8.3
2026-04-18,16:58:54.960,-68,-59,10,3916,0,54,44,16,0,46,51,2026,-3,-2,359,1024,203,1024,0,-1,-1,-1,0x1000480A98140204,1500,1499,1500,989,2012,1499,1499,1499,1500,1499,1193,1449,1500,1500,1500,1500,1500,1499,1500,2012,1500,1609,1500,2012,1500,1499,1500,1500,1520,1705,1499,988,8.3
2026-04-18,16:58:55.460,-68,-45,10,3916,0,54,44,16,0,46,51,2026,-3,-2,359,1024,203,1024,0,-1,-1,-1,0x1000480A98140204,1500,1499,1500,989,2012,1499,1499,1499,1500,1499,1193,1449,1500,1500,1500,1500,1500,1499,1500,2012,1500,1609,1500,2012,1500,1499,1500,1500,1520,1705,1499,988,8.3
2026-04-18,16:58:55.960,-68,-46,10,3916,0,54,44,16,0,46,51,2026,-3,-2,359,1024,203,1024,0,-1,-1,-1,0x1000480A98140204,1500,1499,1500,989,2012,1499,1499,1499,1500,1499,1193,1449,1500,1500,1500,1500,1500,1499,1500,2012,1500,1609,1500,2012,1500,1499,1500,1500,1520,1705,1499,988,8.3
2026-04-18,16:58:56.460,-47,-49,10,3916,0,54,44,16,0,46,51,2026,-2,-2,359,1024,203,1024,0,-1,-1,-1,0x1000480A98140204,1500,1499,1500,989,2012,1499,1499,1499,1500,1499,1193,1449,1500,1500,1500,1500,1500,1499,1500,2012,1500,1609,1500,2012,1500,1499,1500,1500,1520,1705,1499,988,8.3
2026-04-18,16:58:56.960,-44,-49,10,3916,0,54,44,16,0,46,51,2026,-3,-1,359,1024,203,1024,0,-1,-1,-1,0x1000480A98140204,1500,1500,1500,989,2012,1499,1500,1499,1500,1499,1193,1449,1500,1500,1500,1500,1500,1499,1500,2012,1500,1609,1500,2012,1500,1499,1500,1500,1520,1705,1499,988,8.3
2026-04-18,16:58:57.460,-49,-60,10,3916,0,54,44,16,0,46,51,2026,-3,-1,359,1024,203,1024,0,-1,-1,-1,0x1000480A98140204,1500,1500,1500,989,2012,1499,1500,1499,1500,1499,1193,1449,1500,1500,1500,1500,1500,1499,1500,2012,1500,1609,1500,2012,1500,1499,1500,1500,1520,1705,1499,988,8.3
2026-04-18,16:58:57.960,-42,-60,10,3916,0,54,44,16,0,46,51,2026,-3,-1,359,1024,203,1024,0,-1,-1,-1,0x1000480A98140204,1500,1500,1500,989,2012,1499,1500,1499,1500,1499,1193,1449,1500,1500,1500,1500,1500,1499,1500,2012,1500,1609,1500,2012,1500,1499,1500,1500,1520,1705,1499,988,8.3
2026-04-18,16:58:58.460,-44,-60,10,3916,0,54,44,16,0,46,51,2026,-4,-1,359,1024,203,1024,0,-1,-1,-1,0x1000480A98140204,1500,1500,1500,989,2012,1498,1500,1499,1500,1498,1193,1449,1500,1500,1500,1500,1500,1499,1500,2012,1500,1609,1500,2012,1500,1499,1500,1500,1520,1705,1499,988,8.3
2026-04-18,16:58:58.960,-58,-47,10,3916,0,54,44,16,0,46,51,2026,-3,-2,359,1024,203,1024,0,-1,-1,-1,0x1000480A98140204,1500,1499,1500,989,2012,1499,1499,1499,1500,1499,1193,1449,1500,1500,1500,1500,1500,1499,1500,2012,1500,1609,1500,2012,1500,1499,1500,1500,1520,1705,1499,988,8.3
2026-04-18,16:58:59.460,-40,-42,10,3916,0,54,44,16,0,46,51,2026,-3,-1,359,1024,203,1024,0,-1,-1,-1,0x1000480A98140204,1500,1500,1500,989,2012,1499,1500,1499,1500,1499,1193,1449,1500,1500,1500,1500,1500,1499,1500,2012,1500,1609,1500,2012,1500,1499,1500,1500,1520,1705,1499,988,8.3
2026-04-18,16:58:59.960,-40,-43,10,3916,0,54,44,16,0,46,51,2026,-3,-3,359,1024,203,1024,0,-1,-1,-1,0x1000480A98140204,1500,1499,1500,989,2012,1499,1499,1499,1500,1499,1193,1449,1500,1500,1500,1500,1500,1499,1500,2012,1500,1609,1500,2012,1500,1498,1500,1500,1520,1705,1499,988,8.3
2026-04-18,16:59:00.460,-41,-43,10,3916,0,54,44,16,0,46,51,2026,-4,-2,359,1024,203,1024,0,-1,-1,-1,0x1000480A98140204,1500,1499,1500,989,2012,1498,1499,1499,1500,1498,1193,1449,1500,1500,1500,1500,1500,1499,1500,2012,1500,1609,1500,2012,1500,1499,1500,1500,1520,1705,1499,988,8.3
2026-04-18,16:59:00.960,-42,-43,10,3916,0,54,44,16,0,46,51,2026,-4,-1,359,1024,203,1024,0,-1,-1,-1,0x1000480A98140204,1500,1500,1500,989,2012,1498,1500,1499,1500,1498,1193,1449,1500,1500,1500,1500,1500,1499,1500,2012,1500,1609,1500,2012,1500,1499,1500,1500,1520,1705,1499,988,8.3
2026-04-18,16:59:01.460,-41,-43,10,3916,0,54,44,16,0,46,51,2026,-3,0,359,1024,203,1024,0,-1,-1,-1,0x1000480A98140204,1500,1500,1500,988,2012,1499,1500,1500,1500,1499,1193,1449,1500,1500,1500,1500,1500,1500,1500,2012,1500,1609,1500,2012,1500,1500,1500,1500,1520,1705,1500,988,8.3
2026-04-18,16:59:01.960,-33,-43,10,3916,0,54,44,16,0,46,51,2026,-4,0,359,1024,202,1024,0,-1,-1,-1,0x1000480A98140204,1500,1500,1500,988,2012,1498,1500,1500,1500,1498,1193,1449,1500,1500,1500,1500,1500,1500,1500,2012,1500,1609,1500,2012,1500,1500,1500,1500,1520,1705,1500,988,8.3
2026-04-18,16:59:02.460,-33,-43,10,3916,0,54,44,16,0,46,51,2026,-4,-2,359,1024,204,1024,0,-1,-1,-1,0x1000480A98140204,1500,1499,1500,989,2012,1499,1500,1499,1500,1498,1193,1449,1500,1500,1500,1500,1500,1499,1500,2012,1500,1609,1500,2012,1500,1499,1500,1500,1520,1705,1499,988,8.3
2026-04-18,16:59:02.960,-45,-45,10,3916,0,54,44,16,0,46,51,2026,-4,-1,359,1024,203,1024,0,-1,-1,-1,0x1000480A98140204,1500,1500,1500,989,2012,1498,1500,1499,1500,1499,1193,1449,1500,1500,1500,1500,1500,1499,1500,2012,1500,1609,1500,2012,1500,1499,1500,1500,1520,1705,1499,988,8.3
2026-04-18,16:59:03.460,-54,-50,10,3916,0,54,44,16,0,46,51,2026,-3,-2,359,1024,203,1024,0,-1,-1,-1,0x1000480A98140204,1500,1499,1500,989,2012,1499,1499,1499,1500,1498,1193,1449,1500,1500,1500,1500,1500,1499,1500,2012,1500,1609,1500,2012,1500,1499,1500,1500,1520,1705,1499,988,8.3
2026-04-18,16:59:03.960,-52,-49,10,3916,0,54,44,16,0,46,51,2026,-3,-2,359,1024,203,1024,0,-1,-1,-1,0x1000480A98140204,1500,1499,1500,989,2012,1499,1499,1499,1500,1499,1193,1449,1500,1500,1500,1500,1500,1499,1500,2012,1500,1609,1500,2012,1500,1499,1500,1500,1520,1705,1499,988,8.3
2026-04-18,16:59:04.460,-52,-49,10,3916,0,54,44,16,0,46,51,2026,-4,-1,359,1024,203,1024,0,-1,-1,-1,0x1000480A98140204,1500,1500,1500,989,2012,1498,1500,1499,1500,1498,1193,1449,1500,1500,1500,1500,1500,1499,1500,2012,1500,1609,1500,2012,1500,1499,1500,1500,1520,1705,1499,988,8.3
2026-04-18,16:59:04.960,-38,-47,10,3916,0,54,44,16,0,46,51,2026,-3,-1,359,1024,203,1024,0,-1,-1,-1,0x1000480A98140204,1500,1500,1500,989,2012,1499,1500,1499,1500,1499,1193,1449,1500,1500,1500,1500,1500,1499,1500,2012,1500,1609,1500,2012,1500,1499,1500,1500,1520,1705,1499,988,8.3
2026-04-18,16:59:05.460,-40,-47,10,3916,0,54,44,16,0,46,51,2026,-4,-1,359,1024,203,1024,0,-1,-1,-1,0x1000480A98140204,1500,1500,1500,989,2012,1498,1500,1499,1500,1498,1193,1449,1500,1500,1500,1500,1500,1499,1500,2012,1500,1609,1500,2012,1500,1499,1500,1500,1520,1705,1499,988,8.3
2026-04-18,16:59:05.960,-41,-47,10,3916,0,54,44,16,0,46,51,2026,-3,-1,359,1024,203,1024,0,-1,-1,-1,0x1000480A98140204,1500,1500,1500,989,2012,1499,1500,1499,1500,1499,1193,1449,1500,1500,1500,1500,1500,1499,1500,2012,1500,1609,1500,2012,1500,1499,1500,1500,1520,1705,1499,988,8.3
2026-04-18,16:59:06.460,-43,-47,10,3916,0,54,44,16,0,46,51,2026,-3,0,359,1024,203,1024,0,-1,-1,-1,0x1000480A98140204,1500,1500,1500,988,2012,1499,1500,1500,1500,1499,1193,1449,1500,1500,1500,1500,1500,1500,1500,2012,1500,1609,1500,2012,1500,1500,1500,1500,1520,1705,1500,988,8.3
2026-04-18,16:59:06.960,-43,-44,10,3916,0,54,44,16,0,46,51,2026,-3,0,359,1024,203,1024,0,-1,-1,-1,0x1000480A98140204,1500,1500,1500,988,2012,1499,1500,1500,1500,1499,1193,1449,1500,1500,1500,1500,1500,1500,1500,2012,1500,1609,1500,2012,1500,1500,1500,1500,1520,1705,1500,988,8.3
2026-04-18,16:59:07.460,-43,-44,10,3916,0,54,44,16,0,46,51,2026,-2,0,359,1024,203,1024,0,-1,-1,-1,0x1000480A98140204,1500,1500,1500,988,2012,1499,1500,1500,1500,1499,1193,1449,1500,1500,1500,1500,1500,1500,1500,2012,1500,1609,1500,2012,1500,1500,1500,1500,1520,1705,1500,988,8.3
2026-04-18,16:59:07.960,-49,-46,10,3916,0,54,44,16,0,46,51,2026,0,0,359,1024,203,1024,0,-1,-1,-1,0x1000480A98140204,1500,1500,1500,988,2012,1500,1500,1500,1500,1500,1193,1449,1500,1500,1500,1500,1500,1500,1500,2012,1500,1609,1500,2012,1500,1500,1500,1500,1520,1705,1500,988,8.3
2026-04-18,16:59:08.460,-42,-49,10,3916,0,54,44,16,0,46,51,2026,0,-1,359,1024,203,1024,0,-1,-1,-1,0x1000480A98140204,1500,1500,1500,989,2012,1500,1500,1499,1500,1500,1193,1449,1500,1500,1500,1500,1500,1499,1500,2012,1500,1609,1500,2012,1500,1499,1500,1500,1520,1705,1499,988,8.3
2026-04-18,16:59:08.960,-42,-49,10,3916,0,54,44,16,0,46,51,2026,-1,-1,359,1024,203,1024,0,-1,-1,-1,0x1000480A98140204,1500,1500,1500,989,2012,1500,1500,1499,1500,1500,1193,1449,1500,1500,1500,1500,1500,1499,1500,2012,1500,1609,1500,2012,1500,1499,1500,1500,1520,1705,1499,988,8.3
2026-04-18,16:59:09.460,-41,-49,10,3916,0,54,44,16,0,46,51,2026,-1,-1,359,1024,203,1024,0,-1,-1,-1,0x1000480A98140204,1500,1500,1500,989,2012,1500,1500,1499,1500,1500,1193,1449,1500,1500,1500,1500,1500,1499,1500,2012,1500,1609,1500,2012,1500,1499,1500,1500,1520,1705,1499,988,8.3
2026-04-18,16:59:09.960,-46,-44,10,3916,0,54,44,16,0,46,51,2026,-1,-1,359,1024,203,1024,0,-1,-1,-1,0x1000480A98140204,1500,1499,1500,989,2012,1500,1500,1499,1500,1500,1193,1449,1500,1500,1500,1500,1500,1499,1500,2012,1500,1609,1500,2012,1500,1499,1500,1500,1520,1705,1499,988,8.3
2026-04-18,16:59:10.460,-46,-44,10,3916,0,54,44,16,0,46,51,2026,0,-3,359,1024,203,1024,0,-1,-1,-1,0x1000480A98140204,1500,1498,1500,992,2012,1500,1499,1497,1500,1500,1193,1449,1500,1500,1500,1500,1500,1497,1500,2012,1500,1609,1500,2012,1500,1498,1500,1500,1520,1705,1497,988,8.3
2026-04-18,16:59:10.960,-56,-51,10,3916,0,54,44,16,0,46,51,2026,-1,-6,359,1024,203,1024,0,-1,-1,-1,0x1000480A98140204,1500,1496,1500,994,2012,1500,1497,1495,1500,1500,1193,1449,1500,1500,1500,1500,1500,1495,1500,2012,1500,1609,1500,2012,1500,1495,1500,1500,1520,1705,1495,988,8.3
2026-04-18,16:59:11.460,-56,-41,10,3916,0,54,44,16,0,46,51,2026,0,-3,359,1024,203,1024,0,-1,-1,-1,0x1000480A98140204,1500,1498,1500,992,2012,1500,1499,1497,1500,1500,1193,1449,1500,1500,1500,1500,1500,1497,1500,2012,1500,1609,1500,2012,1500,1498,1500,1500,1520,1705,1497,988,8.3
2026-04-18,16:59:11.960,-42,-46,10,3916,0,54,44,16,0,46,51,2026,-1,-2,359,1024,204,1024,0,-1,-1,-1,0x1000480A98140204,1500,1499,1500,989,2012,1500,1499,1499,1500,1500,1193,1449,1500,1500,1500,1500,1500,1499,1500,2012,1500,1609,1500,2012,1500,1499,1500,1500,1520,1705,1499,988,8.3
2026-04-18,16:59:12.460,-64,-52,10,3918,560,54,44,16,216,46,51,2027,-1,-3,359,1024,203,1024,0,-1,-1,-1,0x1000480A98140205,1500,1498,1675,992,2012,1500,1499,1497,1500,1500,1193,1449,1500,1500,1500,1500,1500,1497,1069,2012,1500,1609,1500,2012,1500,1498,1500,1500,1520,1705,1497,988,8.3
2026-04-18,16:59:12.960,-34,-52,10,3918,0,54,44,16,114,46,51,2027,0,-1,359,1024,203,1024,0,-1,-1,-1,0x1000480A98140205,1500,1500,1730,989,2012,1500,1500,1499,1500,1500,1193,1449,1500,1500,1500,1500,1500,1499,1372,2012,1500,1609,1500,2012,1500,1499,1500,1500,1520,1705,1499,988,8.3
2026-04-18,16:59:13.460,-53,-41,10,3918,0,54,44,16,0,46,51,2027,-1,3,359,1024,203,1024,0,-1,-1,-1,0x1000480A98140205,1500,1501,1730,988,2012,1500,1501,1500,1500,1500,1193,1449,1500,1500,1500,1500,1500,1500,1219,1781,1500,1609,1500,2012,1500,1503,1501,1500,1520,1705,1500,988,8.3
2026-04-18,16:59:13.960,-53,-30,10,3918,0,54,44,16,0,46,51,2027,-1,-2,359,1024,203,1024,0,-1,-1,-1,0x1000480A98140205,1500,1499,1730,989,2012,1500,1499,1499,1500,1500,1193,1449,1500,1500,1500,1500,1500,1499,1372,2012,1500,1609,1500,2012,1500,1499,1500,1500,1520,1705,1499,988,8.3
2026-04-18,16:59:14.460,-53,-28,10,3918,0,54,44,16,0,46,51,2027,-2,-1,359,1024,203,1024,0,-1,-1,-1,0x1000480A98140205,1500,1500,1730,989,2012,1499,1500,1499,1500,1499,1193,1449,1500,1500,1500,1500,1500,1499,1372,2012,1500,1609,1500,2012,1500,1500,1500,1500,1520,1705,1499,988,8.3
2026-04-18,16:59:14.960,-57,-53,10,3916,0,54,44,16,216,46,51,2027,-1,-1,359,1024,204,1024,0,-1,-1,-1,0x1000480A98140205,1500,1500,1730,989,2012,1500,1500,1499,1500,1500,1193,1449,1500,1500,1500,1500,1500,1499,1500,2012,1500,1609,1500,2012,1500,1499,1500,1500,1520,1705,1499,988,8.3
2026-04-18,16:59:15.460,-65,-58,10,3916,0,54,44,16,0,46,51,2027,-2,-1,359,1024,203,1024,0,-1,-1,-1,0x1000480A98140205,1500,1500,1730,989,2012,1499,1500,1499,1500,1499,1193,1449,1500,1500,1500,1500,1500,1499,1500,2012,1500,1609,1500,2012,1500,1499,1500,1500,1520,1705,1499,988,8.3
2026-04-18,16:59:15.960,-60,-71,10,3916,0,54,44,16,0,46,51,2027,-2,-1,359,1024,203,1024,0,-1,-1,-1,0x1000480A98140205,1500,1500,1730,989,2012,1499,1500,1499,1500,1499,1193,1449,1500,1500,1500,1500,1500,1499,1500,2012,1500,1609,1500,2012,1500,1499,1500,1500,1520,1705,1499,988,8.3
2026-04-18,16:59:16.460,-64,-53,10,3916,0,54,44,16,0,46,51,2027,-2,-1,359,1024,203,1024,0,-1,-1,-1,0x1000480A98140205,1500,1500,1716,989,2012,1499,1500,1499,1500,1499,1193,1449,1500,1500,1500,1500,1500,1499,1500,2012,1500,1609,1500,2012,1500,1499,1500,1500,1520,1705,1499,988,8.3
2026-04-18,16:59:16.960,-62,-62,10,3916,0,54,44,16,0,46,51,2027,-1,1,359,1024,203,1024,0,-1,-1,-1,0x1000480A98140204,1500,1500,1500,988,2012,1500,1500,1500,1500,1499,1193,1449,1500,1500,1500,1500,1500,1500,1500,2012,1500,1609,1500,2012,1500,1501,1500,1500,1520,1705,1500,988,8.3
2026-04-18,16:59:17.460,-58,-62,10,3916,0,54,44,16,0,46,51,2027,-2,0,359,1024,203,1024,0,-1,-1,-1,0x1000480A98140204,1500,1500,1500,988,2012,1499,1500,1500,1500,1499,1193,1449,1500,1500,1500,1500,1500,1500,1500,2012,1500,1609,1500,2012,1500,1500,1500,1500,1520,1705,1500,988,8.3
2026-04-18,16:59:17.960,-62,-51,250,3916,0,54,44,16,0,46,51,2027,-1,-1,359,1024,203,1024,0,-1,-1,-1,0x1000480A98140204,1500,1500,1500,989,2012,1500,1500,1499,1500,1500,1193,1449,1500,1500,1500,1500,1500,1499,1500,2012,1500,1609,1500,2012,1500,1499,1500,1500,1520,1705,1499,988,8.3
2026-04-18,16:59:18.460,-64,-62,10,3916,0,54,44,16,0,46,51,2027,-2,1,359,1024,203,1024,0,-1,-1,-1,0x1000480A98140204,1500,1500,1500,988,2012,1499,1500,1500,1500,1499,1193,1449,1500,1500,1500,1500,1500,1500,1500,2012,1500,1609,1500,2012,1500,1501,1500,1500,1520,1705,1500,988,8.3
2026-04-18,16:59:18.960,-55,-53,50,3916,0,52,44,16,0,46,51,2027,-2,-1,359,1024,203,1024,0,-1,-1,-1,0x1000480A98140204,1500,1500,1500,989,2012,1499,1500,1499,1500,1499,1193,1449,1500,1500,1500,1500,1500,1499,1500,2012,1500,1609,1500,2012,1500,1499,1500,1500,1520,1705,1499,988,8.3
2026-04-18,16:59:19.460,-61,-68,10,3916,0,52,44,16,0,46,51,2027,-2,-1,359,1024,204,1024,0,-1,-1,-1,0x1000480A98140204,1500,1500,1500,989,2012,1499,1500,1499,1500,1499,1193,1449,1500,1500,1500,1500,1500,1499,1500,2012,1500,1609,1500,2012,1500,1499,1500,1500,1520,1705,1499,988,8.3
2026-04-18,16:59:19.960,-59,-59,10,3916,0,52,44,16,0,46,51,2027,-1,-2,359,1024,203,1024,0,-1,-1,-1,0x1000480A98140204,1500,1499,1500,989,2012,1500,1499,1499,1500,1499,1193,1449,1500,1500,1500,1500,1500,1499,1500,2012,1500,1609,1500,2012,1500,1499,1500,1500,1520,1705,1499,988,8.3
2026-04-18,16:59:20.460,-56,-61,10,3916,0,52,44,16,0,46,51,2027,-1,-1,359,1024,204,1024,0,-1,-1,-1,0x1000480A98140204,1500,1500,1500,989,2012,1500,1500,1499,1500,1500,1193,1449,1500,1500,1500,1500,1500,1499,1500,2012,1500,1609,1500,2012,1500,1499,1500,1500,1520,1705,1499,988,8.3
2026-04-18,16:59:20.960,-60,-65,10,3916,0,52,44,16,0,46,51,2027,-1,-2,359,1024,203,1024,0,-1,-1,-1,0x1000480A98140204,1500,1499,1500,989,2012,1500,1499,1499,1500,1500,1193,1449,1500,1500,1500,1500,1500,1499,1500,2012,1500,1609,1500,2012,1500,1499,1500,1500,1520,1705,1499,988,8.3
2026-04-18,16:59:21.460,-67,-58,10,3916,0,52,44,16,0,46,51,2027,-1,-2,359,1024,204,1024,0,-1,-1,-1,0x1000480A98140204,1500,1499,1500,989,2012,1500,1499,1499,1500,1500,1193,1449,1500,1500,1500,1500,1500,1499,1500,2012,1500,1609,1500,2012,1500,1499,1500,1500,1520,1705,1499,988,8.3
2026-04-18,16:59:21.960,-56,-60,10,3916,0,52,44,16,0,46,51,2027,-2,-1,359,1024,203,1024,0,-1,-1,-1,0x1000480A98140204,1500,1500,1500,989,2012,1499,1500,1499,1500,1499,1193,1449,1500,1500,1500,1500,1500,1499,1500,2012,1500,1609,1500,2012,1500,1499,1500,1500,1520,1705,1499,988,8.3
2026-04-18,16:59:22.460,-60,-58,10,3916,0,52,44,16,0,46,51,2027,0,2,359,1024,204,1024,0,-1,-1,-1,0x1000480A98140204,1500,1500,1500,988,2012,1500,1501,1500,1500,1500,1193,1449,1500,1500,1500,1500,1500,1500,1500,2012,1500,1609,1500,2012,1500,1501,1500,1500,1520,1705,1500,988,8.3
2026-04-18,16:59:22.960,-56,-57,10,3916,0,52,44,16,0,46,51,2027,-1,0,359,1024,203,1024,0,-1,-1,-1,0x1000480A98140204,1500,1500,1500,988,2012,1500,1500,1500,1500,1500,1193,1449,1500,1500,1500,1500,1500,1500,1500,2012,1500,1609,1500,2012,1500,1500,1500,1500,1520,1705,1500,988,8.3
2026-04-18,16:59:23.460,-54,-60,50,3916,0,52,44,16,0,46,51,2027,-1,1,359,1024,203,1024,0,-1,-1,-1,0x1000480A98140204,1500,1500,1500,988,2012,1500,1500,1500,1500,1500,1193,1449,1500,1500,1500,1500,1500,1500,1500,2012,1500,1609,1500,2012,1500,1501,1500,1500,1520,1705,1500,988,8.3
2026-04-18,16:59:23.960,-63,-61,10,3916,0,52,44,16,0,46,51,2027,-1,0,359,1024,203,1024,0,-1,-1,-1,0x1000480A98140204,1500,1500,1500,988,2012,1500,1500,1500,1500,1500,1193,1449,1500,1500,1500,1500,1500,1500,1500,2012,1500,1609,1500,2012,1500,1500,1500,1500,1520,1705,1500,988,8.3
2026-04-18,16:59:24.460,-55,-57,10,3916,0,52,44,16,0,46,51,2027,-1,0,359,1024,203,1024,0,-1,-1,-1,0x1000480A98140204,1500,1500,1500,988,2012,1500,1500,1500,1500,1500,1193,1449,1500,1500,1500,1500,1500,1500,1500,2012,1500,1609,1500,2012,1500,1500,1500,1500,1520,1705,1500,988,8.3
2026-04-18,16:59:24.960,-62,-58,10,3916,0,52,44,16,0,46,51,2027,-2,0,359,1024,203,1024,0,-1,-1,-1,0x1000480A98140204,1500,1500,1500,988,2012,1499,1500,1500,1500,1499,1193,1449,1500,1500,1500,1500,1500,1500,1500,2012,1500,1609,1500,2012,1500,1500,1500,1500,1520,1705,1500,988,8.3
2026-04-18,16:59:25.460,-60,-60,25,3916,0,52,44,16,198,46,51,2027,-3,-2,359,1024,203,1024,0,-1,-1,-1,0x1000480A98140204,1500,1499,1500,989,2012,1499,1499,1499,1500,1499,1193,1449,1500,1500,1500,1500,1500,1499,1500,2012,1500,1609,1500,2012,1500,1499,1500,1500,1520,1705,1499,988,8.3
2026-04-18,16:59:25.960,-58,-58,10,3916,0,52,44,16,728,46,51,2027,-2,-2,359,1024,203,1024,0,-1,-1,-1,0x1000480A98140204,1500,1499,1500,989,2012,1499,1499,1499,1500,1499,1193,1449,1500,1500,1500,1500,1500,1499,1500,2012,1500,1609,1500,2012,1500,1499,1500,1500,1520,1705,1499,988,8.3
2026-04-18,16:59:26.460,-53,-61,10,3916,0,52,44,16,106,46,51,2027,-3,-2,359,1024,203,1024,0,-1,-1,-1,0x1000480A98140204,1500,1499,1500,989,2012,1499,1499,1499,1500,1499,1193,1449,1500,1500,1500,1500,1500,1499,1500,2012,1500,1609,1500,2012,1500,1499,1500,1500,1520,1705,1499,988,8.3
2026-04-18,16:59:26.960,-61,-57,25,3916,0,52,44,16,0,46,51,2027,-1,-2,359,1024,204,1024,0,-1,-1,-1,0x1000480A98140204,1500,1499,1500,989,2012,1500,1499,1499,1500,1500,1193,1449,1500,1500,1500,1500,1500,1499,1500,2012,1500,1609,1500,2012,1500,1499,1500,1500,1520,1705,1499,988,8.3
2026-04-18,16:59:27.460,-47,-55,25,3916,0,52,44,16,0,46,51,2027,-2,-1,359,1024,203,1024,0,-1,-1,-1,0x1000480A98140204,1500,1500,1500,989,2012,1499,1500,1499,1500,1499,1193,1449,1500,1500,1500,1500,1500,1499,1500,2012,1500,1609,1500,2012,1500,1499,1500,1500,1520,1705,1499,988,8.3
2026-04-18,16:59:27.960,-59,-59,10,3916,0,52,44,16,0,46,51,2027,-1024,0,359,1024,203,1024,0,-1,-1,-1,0x1000480A9C140204,1188,1500,1500,988,2012,988,1500,1500,1500,988,1193,1449,1500,1500,1500,1500,1500,1500,1500,2012,1500,1609,1500,2012,1500,1500,1500,1500,1520,1705,1500,988,8.3
2026-04-18,16:59:28.460,-57,-65,10,3916,0,52,44,16,0,46,51,2027,-3,0,359,1024,203,1024,0,-1,-1,-1,0x1000480A98140204,1500,1500,1500,988,2012,1499,1500,1500,1500,1498,1193,1449,1500,1500,1500,1500,1500,1500,1500,2012,1500,1609,1500,2012,1500,1500,1500,1500,1520,1705,1500,988,8.3
2026-04-18,16:59:28.960,-64,-57,10,3916,0,52,44,16,0,46,51,2027,-5,-1,359,1024,204,1024,0,-1,-1,-1,0x1000480A98140204,1500,1500,1500,989,2012,1498,1500,1499,1500,1498,1193,1449,1500,1500,1500,1500,1500,1499,1500,2012,1500,1609,1500,2012,1500,1499,1500,1500,1520,1705,1499,988,8.3
2026-04-18,16:59:29.460,-56,-52,10,3916,0,52,44,16,0,46,51,2027,161,1,359,1024,203,1024,0,-1,-1,-1,0x1000480A9C140204,1524,1500,1500,988,2012,1580,1500,1500,1500,1567,1193,1449,1500,1500,1500,1500,1500,1500,1500,2012,1500,1609,1500,2012,1500,1501,1500,1500,1520,1705,1500,988,8.3
2026-04-18,16:59:29.960,-53,-48,10,3916,0,52,44,16,0,46,51,2027,101,1,359,1024,203,1024,0,-1,-1,-1,0x1000480A9C140204,1518,1500,1500,988,2012,1550,1500,1500,1500,1550,1193,1449,1500,1500,1500,1500,1500,1500,1500,2012,1500,1609,1500,2012,1500,1501,1500,1500,1520,1705,1500,988,8.3
2026-04-18,16:59:30.460,-56,-48,10,3916,0,52,44,16,0,46,51,2027,0,0,359,1024,203,1024,0,-1,-1,-1,0x1000480A98140204,1500,1500,1500,988,2012,1500,1500,1500,1500,1500,1193,1449,1500,1500,1500,1500,1500,1500,1500,2012,1500,1609,1500,2012,1500,1500,1500,1500,1520,1705,1500,988,8.3
2026-04-18,16:59:30.960,-67,-48,10,3916,0,52,44,16,0,46,51,2027,-1,1,359,1024,203,1024,0,-1,-1,-1,0x1000480A98140204,1500,1500,1500,988,2012,1500,1500,1500,1500,1500,1193,1449,1500,1500,1500,1500,1500,1500,1500,2012,1500,1609,1500,2012,1500,1501,1500,1500,1520,1705,1500,988,8.3
2026-04-18,16:59:31.460,-54,-51,10,3916,0,52,44,16,0,46,51,2027,-2,-1,359,1024,204,1024,0,-1,-1,-1,0x1000480A98140204,1500,1500,1500,989,2012,1499,1500,1499,1500,1499,1193,1449,1500,1500,1500,1500,1500,1499,1500,2012,1500,1609,1500,2012,1500,1499,1500,1500,1520,1705,1499,988,8.3
2026-04-18,16:59:31.960,-60,-60,10,3916,0,52,44,16,0,46,51,2027,-1,-2,359,1024,203,1024,0,-1,-1,-1,0x1000480A98140204,1500,1499,1500,989,2012,1500,1499,1499,1500,1499,1193,1449,1500,1500,1500,1500,1500,1499,1500,2012,1500,1609,1500,2012,1500,1499,1500,1500,1520,1705,1499,988,8.3
2026-04-18,16:59:32.460,-62,-59,10,3916,0,52,44,16,0,46,51,2027,-2,0,359,1024,203,1024,0,-1,-1,-1,0x1000480A98140204,1500,1500,1500,988,2012,1499,1500,1500,1500,1499,1193,1449,1500,1500,1500,1500,1500,1500,1500,2012,1500,1609,1500,2012,1500,1500,1500,1500,1520,1705,1500,988,8.3
2026-04-18,16:59:32.960,-66,-65,10,3916,0,52,44,16,0,46,51,2027,-1,0,359,1024,203,1024,0,-1,-1,-1,0x1000480A98140204,1500,1500,1500,988,2012,1500,1500,1500,1500,1500,1193,1449,1500,1500,1500,1500,1500,1500,1500,2012,1500,1609,1500,2012,1500,1500,1500,1500,1520,1705,1500,988,8.3
2026-04-18,16:59:33.460,-52,-52,10,3916,0,52,44,16,0,46,51,2027,0,-3,359,1024,204,1024,0,-1,-1,-1,0x1000480A98140204,1500,1498,1500,992,2012,1500,1499,1497,1500,1500,1193,1449,1500,1500,1500,1500,1500,1497,1500,2012,1500,1609,1500,2012,1500,1498,1500,1500,1520,1705,1497,988,8.3
2026-04-18,16:59:33.960,-55,-59,10,3916,0,52,44,16,0,46,51,2027,1,0,359,1024,204,1024,0,-1,-1,-1,0x1000480A98140204,1500,1500,1500,988,2012,1500,1500,1500,1500,1500,1193,1449,1500,1500,1500,1500,1500,1500,1500,2012,1500,1609,1500,2012,1500,1501,1500,1500,1520,1705,1500,988,8.3
2026-04-18,16:59:34.460,-52,-49,10,3916,0,52,44,16,0,46,51,2027,5,0,359,1024,204,1024,0,-1,-1,-1,0x1000480A98140204,1501,1500,1500,988,2012,1502,1500,1500,1500,1502,1193,1449,1500,1500,1500,1500,1500,1500,1500,2012,1500,1609,1500,2012,1500,1500,1500,1500,1520,1705,1500,988,8.3
2026-04-18,16:59:34.960,-52,-51,10,3916,0,52,44,16,0,46,51,2027,6,0,359,1024,203,1024,0,-1,-1,-1,0x1000480A98140204,1501,1500,1500,988,2012,1503,1500,1500,1500,1502,1193,1449,1500,1500,1500,1500,1500,1500,1500,2012,1500,1609,1500,2012,1500,1500,1500,1500,1520,1705,1500,988,8.3
2026-04-18,16:59:35.460,-55,-50,10,3917,1680,52,44,16,280,46,51,2027,-74,0,359,1024,204,1024,0,-1,-1,-1,0x1000480A9C140205,1487,1500,1601,988,2012,1463,1500,1500,1500,1463,1193,1449,1500,1500,1500,1500,1500,1500,1270,1730,1500,1609,1500,2012,1500,1500,1500,1500,1520,1705,1500,988,8.3
2026-04-18,16:59:35.960,-64,-49,10,3919,2970,52,44,16,2066,46,51,2027,-212,261,359,1024,204,1024,0,-1,-1,-1,0x1000480A9C140205,1461,1576,1730,988,2012,1394,1630,1500,1500,1395,1193,1449,1500,1500,1500,1500,1500,1500,1372,1628,1500,1609,1500,2012,1500,1682,1576,1500,1520,1705,1500,988,8.3
2026-04-18,16:59:36.460,-64,-46,10,3919,9630,52,44,16,6450,46,51,2028,-6,64,359,1024,204,1024,0,-1,-1,-1,0x1000480A98140205,1500,1528,1730,988,2012,1497,1532,1500,1500,1497,1193,1449,1500,1500,1500,1500,1500,1500,1372,1628,1500,1609,1500,2012,1500,1558,1528,1500,1520,1705,1500,988,8.3
2026-04-18,16:59:36.960,-37,-45,10,3921,0,52,44,16,5642,45,51,2028,-3,1,359,1024,204,1024,0,-1,-1,-1,0x1000480A98140205,1500,1500,1730,988,2012,1499,1500,1500,1500,1499,1193,1449,1500,1500,1500,1500,1500,1500,1347,2012,1500,1609,1500,2012,1500,1500,1500,1500,1520,1705,1500,988,8.3
2026-04-18,16:59:37.460,-40,-41,10,3921,0,52,44,16,4422,45,51,2028,-2,1,359,1024,204,1024,0,-1,-1,-1,0x1000480A98140205,1500,1500,1730,988,2012,1499,1500,1500,1500,1499,1193,1449,1500,1500,1500,1500,1500,1500,1372,2012,1500,1609,1500,2012,1500,1501,1500,1500,1520,1705,1500,988,8.3
2026-04-18,16:59:37.960,-32,-41,10,3920,940,52,44,16,2700,45,51,2028,-163,131,359,1024,204,1024,0,-1,-1,-1,0x1000480A9C140205,1468,1542,1730,988,2012,1419,1565,1500,1500,1413,1193,1449,1500,1500,1500,1500,1500,1500,1372,1628,1500,1609,1500,2012,1500,1598,1542,1500,1520,1705,1500,988,8.3
2026-04-18,16:59:38.460,-35,-41,10,3921,520,52,44,16,2386,46,51,2029,-1,96,359,1024,204,1024,0,-1,-1,-1,0x1000480A98140205,1500,1533,1730,988,2012,1500,1548,1500,1500,1500,1193,1449,1500,1500,1500,1500,1500,1500,1372,1628,1500,1609,1500,2012,1500,1572,1533,1500,1520,1705,1500,988,8.3
2026-04-18,16:59:38.960,-35,-41,10,3924,240,52,44,16,2082,46,51,2029,-150,175,359,1024,204,1024,0,-1,-1,-1,0x1000480A9C140205,1473,1552,1730,988,2012,1425,1587,1500,1500,1425,1193,1449,1500,1500,1500,1500,1500,1500,1372,1628,1500,1609,1500,2012,1500,1627,1552,1500,1520,1705,1500,988,8.3
2026-04-18,16:59:39.460,-37,-54,10,3926,2590,52,44,16,2974,46,51,2029,0,280,359,1024,204,1024,0,-1,-1,-1,0x1000480A98140205,1500,1582,1730,988,2012,1500,1640,1500,1500,1500,1193,1449,1500,1500,1500,1500,1500,1500,1372,1628,1500,1609,1500,2012,1500,1693,1582,1500,1520,1705,1500,988,8.3
2026-04-18,16:59:39.960,-51,-57,10,3926,7530,52,44,16,5818,46,51,2030,59,0,359,1024,204,1024,0,-1,-1,-1,0x1000480A9C140205,1510,1500,1730,988,2012,1529,1500,1500,1500,1529,1193,1449,1500,1500,1500,1500,1500,1500,988,2012,1500,1609,1500,2012,1500,1500,1500,1500,1520,1705,1500,988,8.3
2026-04-18,16:59:40.460,-51,-57,10,3928,1080,52,44,16,5324,46,51,2030,-5,181,359,1024,203,1024,0,-1,-1,-1,0x1000480A98140205,1500,1553,1730,988,2012,1498,1590,1500,1500,1497,1193,1449,1500,1500,1500,1500,1500,1500,1372,1628,1500,1609,1500,2012,1500,1631,1553,1500,1520,1705,1500,988,8.3
2026-04-18,16:59:40.960,-48,-55,10,3927,1430,52,44,16,6098,46,51,2030,-15,176,359,1024,204,1024,0,-1,-1,-1,0x1000480A98140205,1498,1549,1730,988,2012,1493,1588,1500,1500,1493,1193,1449,1500,1500,1500,1500,1500,1500,1372,1628,1500,1609,1500,2012,1500,1619,1549,1500,1520,1705,1500,988,8.3
2026-04-18,16:59:41.460,-60,-60,10,3925,2590,52,44,16,6932,46,51,2031,-488,264,359,1024,203,1024,0,-1,-1,-1,0x1000480A9C140205,1397,1576,1730,988,2012,1263,1632,1500,1500,1248,1193,1449,1500,1500,1500,1500,1500,1500,1372,1628,1500,1609,1500,2012,1500,1682,1576,1500,1520,1705,1500,988,8.3
2026-04-18,16:59:41.960,-64,-66,10,3924,4340,52,44,16,7194,46,51,2031,483,309,359,1024,204,1024,0,-1,-1,-1,0x1000480A9C140205,1595,1593,1730,988,2012,1741,1649,1500,1500,1741,1193,1449,1500,1500,1500,1500,1500,1500,1372,1628,1500,1609,1500,2012,1500,1710,1593,1500,1520,1705,1500,988,8.3
2026-04-18,16:59:42.460,-58,-62,10,3922,13170,52,44,16,9694,46,51,2032,5,542,359,1024,204,1024,0,-1,-1,-1,0x1000480A98140205,1501,1682,1730,988,2012,1502,1771,1500,1500,1503,1193,1449,1500,1500,1500,1500,1500,1500,1372,1628,1500,1609,1500,2012,1500,1827,1682,1500,1520,1705,1500,988,8.3
2026-04-18,16:59:42.960,-57,-65,10,3913,16780,52,44,16,13734,46,52,2035,651,424,359,1024,204,1024,0,-1,-1,-1,0x100048089C140205,1638,1635,1730,988,2012,1826,1712,1500,1500,1825,1193,1449,1500,1500,1500,1500,1500,1500,1372,1628,1500,1609,1500,2012,1500,1771,1635,1500,1520,1705,1500,988,8.3
2026-04-18,16:59:43.460,-56,-59,10,3904,17410,52,44,16,15266,46,52,2037,-254,597,359,1024,204,1024,0,-1,-1,-1,0x100048059C140245,1452,1707,1730,988,2012,1373,1798,1500,1500,1373,1193,1449,1500,1500,1500,1500,1500,1500,1372,1628,1500,1609,1500,2012,1500,1851,1707,1500,1520,1705,1500,988,8.3
2026-04-18,16:59:43.960,-66,-74,10,3898,14780,52,44,16,14148,46,52,2039,-523,488,359,1024,204,1024,0,-1,-1,-1,0x100048049C140205,1393,1661,1730,988,2012,1244,1744,1500,1500,1239,1193,1449,1500,1500,1500,1500,1500,1500,1372,1628,1500,1609,1500,2012,1500,1803,1661,1500,1520,1705,1500,988,8.3
2026-04-18,16:59:44.460,-69,-66,10,3889,14880,52,44,16,15722,46,52,2041,-362,386,359,1024,204,1024,0,-1,-1,-1,0x100048049C140245,1427,1626,1730,988,2012,1319,1693,1500,1500,1312,1193,1449,1500,1500,1500,1500,1500,1500,1372,1628,1500,1609,1500,2012,1500,1757,1626,1500,1520,1705,1500,988,8.3
2026-04-18,16:59:44.960,-67,-67,10,3885,13730,52,44,16,16236,46,52,2043,-208,591,359,1024,204,1024,0,-1,-1,-1,0x100048059C140605,1464,1703,1730,988,2012,1396,1795,1500,1500,1402,1193,1449,1500,1500,1500,1500,1500,1500,1372,1628,1500,1609,1500,2012,1500,1849,1703,1500,1520,1705,1500,988,8.3
2026-04-18,16:59:45.460,-75,-80,10,3884,10790,52,44,16,17168,46,52,2045,-27,-293,359,1024,203,1024,0,-1,-1,-1,0x100048049A180245,1496,1353,1730,1240,2012,1487,1354,1296,1500,1487,1193,1449,1500,1500,1500,1500,1500,1296,988,2012,1500,1609,1500,988,1500,1324,1500,1500,1520,1705,1260,988,8.3
2026-04-18,16:59:45.960,-81,-72,10,3886,0,52,44,16,6142,46,52,2046,-793,-216,359,1024,203,1024,0,-1,-1,-1,0x100048009E180205,1320,1381,1730,1192,2012,1104,1392,1335,1500,1119,1193,1449,1500,1500,1500,1500,1500,1335,1372,2012,1500,1609,1500,988,1500,1336,1500,1500,1520,1705,1306,988,8.3
2026-04-18,16:59:46.460,-79,-80,10,3892,2450,52,44,16,6174,47,52,2046,-1024,79,359,1024,204,1024,0,-1,-1,-1,0x100048009C140205,1188,1529,1730,988,2012,988,1539,1500,1500,988,1193,1449,1500,1500,1500,1500,1500,1500,1372,1628,1500,1609,1500,2012,1500,1562,1529,1500,1520,1705,1500,988,8.3
2026-04-18,16:59:46.960,-80,-77,10,3895,7490,52,44,16,6348,47,52,2047,-544,438,359,1024,204,1024,0,-1,-1,-1,0x100048009C140205,1387,1641,1730,988,2012,1228,1719,1500,1500,1228,1193,1449,1500,1500,1500,1500,1500,1500,1372,1628,1500,1609,1500,2012,1500,1779,1641,1500,1520,1705,1500,988,8.3
2026-04-18,16:59:47.460,-80,-76,10,3892,35170,52,44,16,15804,47,52,2050,105,673,359,1024,204,1024,0,-1,-1,-1,0x100048009C140205,1519,1746,1730,988,2012,1552,1843,1500,1500,1552,1193,1449,1500,1500,1500,1500,1500,1500,1372,1628,1500,1609,1500,2012,1500,1883,1746,1500,1520,1705,1500,988,8.3
2026-04-18,16:59:47.960,-84,-78,25,3880,27500,52,44,16,21056,47,52,2054,-81,352,359,1024,204,1024,0,-1,-1,-1,0x100048009C140205,1485,1627,1730,988,2012,1460,1676,1500,1500,1459,1193,1449,1500,1500,1500,1500,1500,1500,1372,1628,1500,1609,1500,2012,1500,1802,1627,1500,1520,1705,1500,988,8.3
2026-04-18,16:59:48.460,-79,-64,10,3873,17440,52,44,16,28612,47,52,2057,-25,1,359,1024,204,1024,0,-1,-1,-1,0x1000480498140245,1496,1500,1730,988,2012,1488,1500,1500,1500,1488,1193,1449,1500,1500,1500,1500,1500,1500,999,2012,1500,1609,1500,2012,1500,1501,1500,1500,1520,1705,1500,988,8.3
2026-04-18,16:59:48.960,-78,-78,10,3870,0,52,44,16,10718,47,52,2058,-32,506,359,1024,203,1024,0,-1,-1,-1,0x1000480098140205,1495,1674,1730,988,2012,1490,1753,1500,1500,1484,1193,1449,1500,1500,1500,1500,1500,1500,1372,1628,1500,1609,1500,2012,1500,1817,1674,1500,1520,1705,1500,988,8.3
2026-04-18,16:59:49.460,-79,-81,10,3867,4440,52,44,16,9872,47,52,2059,1024,6,359,1024,204,1024,0,-1,-1,-1,0x100048009C140205,1776,1501,1730,988,2012,2012,1509,1500,1500,2012,1193,1449,1500,1500,1500,1500,1500,1500,1296,2012,1500,1609,1500,2012,1500,1504,1501,1500,1520,1705,1500,988,8.3
2026-04-18,16:59:49.960,-76,-74,10,3875,19720,52,44,16,9192,47,52,2060,1024,404,359,1024,204,1024,0,-1,-1,-1,0x100048009C140205,1776,1628,1730,988,2012,2012,1707,1500,1500,2012,1193,1449,1500,1500,1500,1500,1500,1500,1372,1628,1500,1609,1500,2012,1500,1761,1628,1500,1520,1705,1500,988,8.3
2026-04-18,16:59:50.460,-75,-70,10,3878,23330,52,44,16,12288,47,52,2063,110,628,359,1024,204,1024,0,-1,-1,-1,0x100048019C140205,1523,1723,1730,988,2012,1548,1814,1500,1500,1565,1193,1449,1500,1500,1500,1500,1500,1500,1372,1628,1500,1609,1500,2012,1500,1864,1723,1500,1520,1705,1500,988,8.3
2026-04-18,16:59:50.960,-74,-71,10,3865,34330,52,44,16,22972,48,52,2067,103,891,359,1024,204,1024,0,-1,-1,-1,0x100048019C140605,1518,1866,1730,988,2012,1551,1945,1500,1500,1551,1193,1449,1500,1500,1500,1500,1500,1500,1372,1628,1500,1609,1500,2012,1500,1965,1866,1500,1520,1705,1500,988,8.3
2026-04-18,16:59:51.460,-84,-78,10,3861,38180,52,44,16,26062,48,53,2073,154,999,359,1024,203,1024,0,-1,-1,-1,0x100048059C142245,1528,1980,1730,988,2012,1577,1999,1500,1500,1577,1193,1449,1500,1500,1500,1500,1500,1500,1372,1628,1500,1609,1500,2012,1500,2003,1981,1500,1520,1705,1500,988,8.3
2026-04-18,16:59:51.960,-77,-82,10,3835,9910,52,44,16,21370,48,53,2077,483,-32,359,1024,204,1024,0,-1,-1,-1,0x100048049C140205,1592,1479,1730,1024,2012,1741,1484,1471,1500,1735,1193,1449,1500,1500,1500,1500,1500,1471,1168,1832,1500,1609,1500,2012,1500,1484,1500,1500,1520,1705,1471,988,8.3
2026-04-18,16:59:52.460,-88,-73,10,3835,6510,52,44,16,15630,48,53,2078,874,46,359,1024,204,1024,0,-1,-1,-1,0x100048049C141AC5,1706,1517,1730,988,2012,1937,1523,1500,1500,1937,1193,1449,1500,1500,1500,1500,1500,1500,1321,1679,1500,1609,1500,2012,1500,1571,1517,1500,1520,1705,1500,988,8.3
2026-04-18,16:59:52.960,-64,-72,10,3841,8230,52,44,16,11342,48,53,2079,891,476,359,1024,204,1024,0,-1,-1,-1,0x100048049C140A85,1713,1652,1730,988,2012,1945,1738,1500,1500,1945,1193,1449,1500,1500,1500,1500,1500,1500,1372,1628,1500,1609,1500,2012,1500,1792,1652,1500,1520,1705,1500,988,8.3
2026-04-18,16:59:53.460,-77,-68,10,3851,35240,54,44,16,16652,48,53,2082,653,853,359,1024,204,1024,0,-1,-1,-1,0x100048059C140AC5,1638,1845,1730,988,2012,1826,1926,1500,1500,1826,1193,1449,1500,1500,1500,1500,1500,1500,1372,1628,1500,1609,1500,2012,1500,1952,1845,1500,1520,1705,1500,988,8.3
2026-04-18,16:59:53.960,-81,-74,10,3856,37380,54,44,16,22766,48,53,2087,-3,939,359,1024,204,1024,0,-1,-1,-1,0x1000480598140E85,1500,1905,1730,988,2012,1499,1969,1500,1500,1499,1193,1449,1500,1500,1500,1500,1500,1500,1372,1628,1500,1609,1500,2012,1500,1982,1905,1500,1520,1705,1500,988,8.3
2026-04-18,16:59:54.480,-81,-73,10,3835,31170,54,44,16,20898,48,53,2093,53,610,359,1024,203,1024,0,-1,-1,-1,0x100048049C140245,1509,1712,1730,988,2012,1526,1805,1500,1500,1526,1193,1449,1500,1500,1500,1500,1500,1500,1372,1628,1500,1609,1500,2012,1500,1857,1712,1500,1520,1705,1500,988,8.3
2026-04-18,16:59:54.960,-75,-71,10,3832,5070,54,44,16,19540,48,53,2095,171,2,359,1024,203,1024,0,-1,-1,-1,0x100048049C140205,1529,1500,1730,988,2012,1585,1501,1500,1500,1580,1193,1449,1500,1500,1500,1500,1500,1500,1117,1883,1500,1609,1500,2012,1500,1501,1500,1500,1520,1705,1500,988,8.3
2026-04-18,16:59:55.460,-81,-71,10,3834,0,54,44,16,14100,48,53,2095,431,160,359,1024,203,1024,0,-1,-1,-1,0x100048049C140245,1581,1548,1730,988,2012,1715,1580,1500,1500,1709,1193,1449,1500,1500,1500,1500,1500,1500,1372,1628,1500,1609,1500,2012,1500,1617,1548,1500,1520,1705,1500,988,8.3
2026-04-18,16:59:55.960,-74,-74,10,3841,16920,54,44,16,15568,49,53,2096,443,470,359,1024,204,1024,0,-1,-1,-1,0x100048009C140205,1586,1653,1730,988,2012,1722,1735,1500,1500,1722,1193,1449,1500,1500,1500,1500,1500,1500,1372,1628,1500,1609,1500,2012,1500,1793,1653,1500,1520,1705,1500,988,8.3
2026-04-18,16:59:56.460,-70,-72,10,3852,23540,54,44,16,14774,49,53,2099,-561,-436,359,1024,203,1024,0,-1,-1,-1,0x100048009E1C0205,1388,1276,1730,1343,2012,1220,1282,1190,1500,1230,1193,1449,1500,1500,1500,1500,1500,1178,1117,1883,1500,1609,1500,2012,1500,1446,1500,1500,1520,1705,1179,988,8.3
2026-04-18,16:59:56.960,-73,-73,10,3861,1470,54,44,16,3868,49,53,2100,-1024,187,359,1024,203,1024,0,-1,-1,-1,0x100048009C100205,1188,1549,1730,988,2012,988,1593,1500,1500,988,1193,1449,1500,1500,1500,1500,1500,1500,1372,1628,1500,1609,1500,988,1500,1627,1549,1500,1520,1705,1500,988,8.3
2026-04-18,16:59:57.460,-63,-64,10,3864,29560,54,44,16,13034,49,53,2101,-12,62,359,1024,203,1024,0,-1,-1,-1,0x1000480098140205,1499,1518,1730,988,2012,1494,1531,1500,1500,1495,1193,1449,1500,1500,1500,1500,1500,1500,988,2012,1500,1609,1500,2012,1500,1539,1518,1500,1520,1705,1500,988,8.3
2026-04-18,16:59:57.960,-63,-70,10,3861,14990,54,44,16,10160,49,53,2103,-665,572,359,1024,204,1024,0,-1,-1,-1,0x100048009C140205,1353,1690,1730,988,2012,1168,1786,1500,1500,1168,1193,1449,1500,1500,1500,1500,1500,1500,1372,1628,1500,1609,1500,2012,1500,1840,1690,1500,1520,1705,1500,988,8.3
2026-04-18,16:59:58.460,-66,-66,10,3860,2410,54,44,16,6930,49,53,2106,790,521,359,1024,204,1024,0,-1,-1,-1,0x100048009C140205,1684,1665,1730,988,2012,1879,1765,1500,1500,1905,1193,1449,1500,1500,1500,1500,1500,1500,1372,1628,1500,1609,1500,2012,1500,1812,1665,1500,1520,1705,1500,988,8.3
2026-04-18,16:59:58.960,-63,-58,10,3859,15970,54,44,16,11322,49,54,2109,415,510,359,1024,204,1024,0,-1,-1,-1,0x100048009C140205,1583,1670,1730,988,2012,1707,1755,1500,1500,1716,1193,1449,1500,1500,1500,1500,1500,1500,1372,1628,1500,1609,1500,2012,1500,1813,1670,1500,1520,1705,1500,988,8.3
2026-04-18,16:59:59.460,-66,-53,10,3850,21090,54,44,16,16196,49,54,2112,-168,425,359,1024,204,1024,0,-1,-1,-1,0x100048049C140245,1469,1636,1730,988,2012,1408,1712,1500,1500,1416,1193,1449,1500,1500,1500,1500,1500,1500,1372,1628,1500,1609,1500,2012,1500,1772,1636,1500,1520,1705,1500,988,8.3
2026-04-18,16:59:59.960,-52,-56,10,3849,7670,54,44,16,12970,49,54,2114,4,632,359,1024,204,1024,0,-1,-1,-1,0x1000480498140245,1503,1725,1730,988,2012,1502,1816,1500,1500,1508,1193,1449,1500,1500,1500,1500,1500,1500,1372,1628,1500,1609,1500,2012,1500,1866,1725,1500,1520,1705,1500,988,8.3
2026-04-18,17:00:00.460,-50,-56,10,3850,10790,54,44,16,18228,49,54,2115,-2,903,359,1024,203,1024,0,-1,-1,-1,0x1000480498140205,1500,1873,1730,988,2012,1499,1951,1500,1500,1499,1193,1449,1500,1500,1500,1500,1500,1500,1372,1628,1500,1609,1500,2012,1500,1969,1873,1500,1520,1705,1500,988,8.3
2026-04-18,17:00:00.960,-49,-70,10,3851,7980,54,44,16,25060,49,54,2118,-926,490,359,1024,204,1024,0,-1,-1,-1,0x100048049C140245,1253,1657,1730,988,2012,1037,1745,1500,1500,1042,1193,1449,1500,1500,1500,1500,1500,1500,1372,1628,1500,1609,1500,2012,1500,1798,1657,1500,1520,1705,1500,988,8.3
2026-04-18,17:00:01.460,-52,-55,10,3856,23050,54,44,16,11402,49,54,2119,-1024,3,359,1024,204,1024,0,-1,-1,-1,0x100048009C100205,1188,1501,1730,988,2012,988,1501,1500,1500,988,1193,1449,1500,1500,1500,1500,1500,1500,1050,2012,1500,1609,1500,988,1500,1502,1501,1500,1520,1705,1500,988,8.3
2026-04-18,17:00:01.960,-59,-57,10,3859,4160,54,44,16,10068,49,54,2121,-890,180,359,1024,204,1024,0,-1,-1,-1,0x100048009C140205,1266,1553,1730,988,2012,1055,1590,1500,1500,1055,1193,1449,1500,1500,1500,1500,1500,1500,1372,1628,1500,1609,1500,2012,1500,1630,1553,1500,1520,1705,1500,988,8.3
2026-04-18,17:00:02.460,-58,-63,10,3861,30190,54,44,16,11442,49,54,2122,-370,362,359,1024,203,1024,0,-1,-1,-1,0x100048009C140205,1409,1584,1730,988,2012,1315,1681,1500,1500,1273,1193,1449,1500,1500,1500,1500,1500,1500,1372,1628,1500,1609,1500,2012,1500,1710,1584,1500,1520,1705,1500,988,8.3
2026-04-18,17:00:02.960,-63,-77,10,3855,17580,54,44,16,16568,49,54,2126,1019,-3,359,1024,204,1024,0,-1,-1,-1,0x100048009C140205,1773,1498,1730,992,2012,2009,1499,1497,1500,2009,1193,1449,1500,1500,1500,1500,1500,1497,1270,1730,1500,1609,1500,2012,1500,1662,1500,1500,1520,1705,1497,988,8.3
2026-04-18,17:00:03.460,-62,-60,10,3855,1820,54,44,16,5102,49,54,2127,1024,205,359,1024,204,1024,0,-1,-1,-1,0x100048009C140205,1776,1559,1730,988,2012,2012,1602,1500,1500,2012,1193,1449,1500,1500,1500,1500,1500,1500,1372,1628,1500,1609,1500,2012,1500,1646,1559,1500,1520,1705,1500,988,8.3
2026-04-18,17:00:03.960,-54,-62,10,3857,15270,54,44,16,10452,49,54,2128,339,553,359,1024,204,1024,0,-1,-1,-1,0x100048029C140205,1564,1681,1730,988,2012,1660,1777,1500,1500,1670,1193,1449,1500,1500,1500,1500,1500,1500,1372,1628,1500,1609,1500,2012,1500,1826,1681,1500,1520,1705,1500,988,8.3
2026-04-18,17:00:04.460,-53,-58,10,3851,27640,54,44,16,15128,49,54,2132,72,825,359,1024,203,1024,0,-1,-1,-1,0x100048009C140205,1513,1821,1730,988,2012,1536,1912,1500,1500,1536,1193,1449,1500,1500,1500,1500,1500,1500,1372,1628,1500,1609,1500,2012,1500,1936,1821,1500,1520,1705,1500,988,8.3
2026-04-18,17:00:04.960,-53,-57,10,3845,2690,54,44,16,20580,50,54,2137,25,590,359,1024,204,1024,0,-1,-1,-1,0x1000480498140245,1504,1718,1730,988,2012,1512,1795,1500,1500,1513,1193,1449,1500,1500,1500,1500,1500,1500,1372,1628,1500,1609,1500,2012,1500,1868,1718,1500,1520,1705,1500,988,8.3
2026-04-18,17:00:05.460,-58,-62,10,3850,8960,54,44,16,12458,50,54,2138,835,199,359,1024,204,1024,0,-1,-1,-1,0x100048049C140245,1692,1549,1730,988,2012,1917,1599,1500,1500,1917,1193,1449,1500,1500,1500,1500,1500,1500,1372,1628,1500,1609,1500,2012,1500,1628,1549,1500,1520,1705,1500,988,8.3
2026-04-18,17:00:05.960,-59,-62,10,3849,9590,54,44,16,10334,50,54,2139,1024,454,359,1024,204,1024,0,-1,-1,-1,0x100048009C140205,1776,1647,1730,988,2012,2012,1727,1500,1500,2012,1193,1449,1500,1500,1500,1500,1500,1500,1372,1628,1500,1609,1500,2012,1500,1785,1647,1500,1520,1705,1500,988,8.3
2026-04-18,17:00:06.460,-63,-57,10,3845,25390,54,44,16,14614,50,54,2141,-211,568,359,1024,204,1024,0,-1,-1,-1,0x100048019C140205,1461,1692,1730,988,2012,1395,1784,1500,1500,1394,1193,1449,1500,1500,1500,1500,1500,1500,1372,1628,1500,1609,1500,2012,1500,1838,1692,1500,1520,1705,1500,988,8.3
2026-04-18,17:00:06.960,-64,-54,10,3855,9700,54,44,16,10498,50,54,2144,-1024,1,359,1024,204,1024,0,-1,-1,-1,0x100048009C140205,1188,1500,1730,988,2012,988,1500,1500,1500,988,1193,1449,1500,1500,1500,1500,1500,1500,1141,2012,1500,1609,1500,2012,1500,1501,1500,1500,1520,1705,1500,988,8.3
2026-04-18,17:00:07.460,-52,-54,10,3858,3740,54,44,16,7176,50,54,2145,-1024,385,359,1024,204,1024,0,-1,-1,-1,0x100048009C140205,1188,1621,1730,988,2012,988,1692,1500,1500,988,1193,1449,1500,1500,1500,1500,1500,1500,1372,1628,1500,1609,1500,2012,1500,1751,1621,1500,1520,1705,1500,988,8.3
2026-04-18,17:00:07.960,-56,-62,10,3858,15800,54,44,16,8024,50,54,2146,62,532,359,1024,203,1024,0,-1,-1,-1,0x1000480098140205,1509,1678,1730,988,2012,1531,1766,1500,1500,1525,1193,1449,1500,1500,1500,1500,1500,1500,1372,1628,1500,1609,1500,2012,1500,1823,1678,1500,1520,1705,1500,988,8.3
2026-04-18,17:00:08.460,-64,-60,10,3853,22700,54,44,16,12294,50,55,2148,-441,409,359,1024,204,1024,0,-1,-1,-1,0x100048019C140605,1416,1644,1730,988,2012,1280,1704,1500,1500,1287,1193,1449,1500,1500,1500,1500,1500,1500,1372,1628,1500,1609,1500,2012,1500,1778,1644,1500,1520,1705,1500,988,8.3
2026-04-18,17:00:08.960,-78,-66,10,3858,11630,54,44,16,12614,50,55,2151,989,-174,359,1024,203,1024,0,-1,-1,-1,0x100048049E100245,1758,1393,1730,1171,2012,1994,1413,1352,1500,1994,1193,1449,1500,1500,1500,1500,1500,1365,1111,2012,1500,1609,1500,988,1500,1362,1500,1500,1520,1705,1341,988,8.3
2026-04-18,17:00:09.460,-65,-68,10,3858,11660,54,44,16,7174,50,55,2152,1006,537,359,1024,204,1024,0,-1,-1,-1,0x100048009C140205,1766,1680,1730,988,2012,2003,1768,1500,1500,2003,1193,1449,1500,1500,1500,1500,1500,1500,1372,1628,1500,1609,1500,2012,1500,1825,1680,1500,1520,1705,1500,988,8.3
2026-04-18,17:00:09.960,-54,-67,25,3853,19890,54,44,16,11392,50,55,2154,122,570,359,1024,204,1024,0,-1,-1,-1,0x100048019C140605,1525,1693,1730,988,2012,1561,1785,1500,1500,1568,1193,1449,1500,1500,1500,1500,1500,1500,1372,1628,1500,1609,1500,2012,1500,1840,1693,1500,1520,1705,1500,988,8.3
2026-04-18,17:00:10.460,-69,-66,10,3847,18040,54,44,16,13088,50,55,2157,-197,211,359,1024,204,1024,0,-1,-1,-1,0x100048009C140205,1461,1569,1730,988,2012,1402,1605,1500,1500,1396,1193,1449,1500,1500,1500,1500,1500,1500,1372,1628,1500,1609,1500,2012,1500,1705,1569,1500,1520,1705,1500,988,8.3
2026-04-18,17:00:10.960,-69,-60,10,3852,3360,54,44,16,10554,50,55,2159,752,184,359,1024,204,1024,0,-1,-1,-1,0x100048009C140205,1665,1551,1730,988,2012,1876,1592,1500,1500,1875,1193,1449,1500,1500,1500,1500,1500,1500,1372,1628,1500,1609,1500,2012,1500,1632,1551,1500,1520,1705,1500,988,8.3
2026-04-18,17:00:11.460,-69,-63,10,3852,9210,54,44,16,8508,50,55,2160,394,515,359,1024,203,1024,0,-1,-1,-1,0x100048009C140205,1575,1665,1730,988,2012,1697,1757,1500,1500,1697,1193,1449,1500,1500,1500,1500,1500,1500,1372,1628,1500,1609,1500,2012,1500,1815,1665,1500,1520,1705,1500,988,8.3
2026-04-18,17:00:11.960,-67,-70,10,3849,24450,54,44,16,13702,50,55,2162,164,468,359,1024,204,1024,0,-1,-1,-1,0x100048019C140205,1530,1666,1730,988,2012,1582,1734,1500,1500,1582,1193,1449,1500,1500,1500,1500,1500,1500,1372,1628,1500,1609,1500,2012,1500,1802,1666,1500,1520,1705,1500,988,8.3
2026-04-18,17:00:12.460,-68,-68,10,3845,39340,54,44,16,22022,50,55,2165,1,670,359,1024,204,1024,0,-1,-1,-1,0x1000480598140645,1500,1729,1730,988,2012,1500,1835,1500,1500,1500,1193,1449,1500,1500,1500,1500,1500,1500,1372,1628,1500,1609,1500,2012,1500,1870,1729,1500,1520,1705,1500,988,8.3
2026-04-18,17:00:12.960,-63,-67,10,3836,31700,54,44,16,22146,50,55,2170,-107,1018,359,1024,204,1024,0,-1,-1,-1,0x100048059C142245,1481,2004,1730,988,2012,1447,2009,1500,1500,1447,1193,1449,1500,1500,1500,1500,1500,1500,1372,1628,1500,1609,1500,2012,1500,2009,2001,1500,1520,1705,1500,988,8.3
2026-04-18,17:00:13.460,-56,-54,10,3828,7180,54,44,16,25186,51,55,2176,-5,318,359,1024,203,1024,0,-1,-1,-1,0x1000480498140205,1500,1608,1730,988,2012,1498,1653,1500,1500,1498,1193,1449,1500,1500,1500,1500,1500,1500,1372,1628,1500,1609,1500,2012,1500,1731,1608,1500,1520,1705,1500,988,8.3
2026-04-18,17:00:13.960,-50,-58,10,3819,9070,54,44,16,18812,51,55,2177,45,137,359,1024,203,1024,0,-1,-1,-1,0x1000480498140245,1508,1539,1730,988,2012,1522,1574,1500,1500,1522,1193,1449,1500,1500,1500,1500,1500,1500,1372,1628,1500,1609,1500,2012,1500,1590,1539,1500,1520,1705,1500,988,8.3
2026-04-18,17:00:14.460,-62,-55,10,3824,2170,54,44,16,16186,51,55,2177,-75,282,359,1024,203,1024,0,-1,-1,-1,0x100048049C140205,1487,1588,1730,988,2012,1463,1641,1500,1500,1463,1193,1449,1500,1500,1500,1500,1500,1500,1372,1628,1500,1609,1500,2012,1500,1701,1588,1500,1520,1705,1500,988,8.3
2026-04-18,17:00:14.960,-67,-74,10,3835,13340,54,44,16,17220,51,55,2178,-53,4,359,1024,204,1024,0,-1,-1,-1,0x100048049C140245,1491,1501,1730,988,2012,1474,1502,1500,1500,1473,1193,1449,1500,1500,1500,1500,1500,1500,988,2012,1500,1609,1500,2012,1500,1504,1501,1500,1520,1705,1500,988,8.3
2026-04-18,17:00:15.460,-61,-62,10,3854,16670,54,44,16,28158,51,55,2180,631,-95,359,1024,204,1024,0,-1,-1,-1,0x100048049E1C0205,1633,1426,1730,1115,2012,1815,1453,1397,1500,1816,1193,1449,1500,1500,1500,1500,1500,1397,1018,2012,1500,1609,1500,2012,1500,1414,1500,1500,1520,1705,1413,988,8.3
2026-04-18,17:00:15.960,-61,-55,10,3859,22840,54,44,16,11672,51,55,2181,-675,379,359,1024,204,1024,0,-1,-1,-1,0x100048019C140605,1350,1632,1730,988,2012,1163,1689,1500,1500,1163,1193,1449,1500,1500,1500,1500,1500,1500,1372,1628,1500,1609,1500,2012,1500,1768,1632,1500,1520,1705,1500,988,8.3
2026-04-18,17:00:16.460,-61,-58,10,3851,28930,54,44,16,14478,51,56,2185,-284,769,359,1024,204,1024,0,-1,-1,-1,0x100048019C140605,1442,1799,1730,988,2012,1358,1884,1500,1500,1348,1193,1449,1500,1500,1500,1500,1500,1500,1372,1628,1500,1609,1500,2012,1500,1920,1799,1500,1520,1705,1500,988,8.3
2026-04-18,17:00:16.960,-65,-65,10,3838,30090,54,44,16,23608,51,56,2189,-123,550,359,1024,204,1024,0,-1,-1,-1,0x100048049C140245,1480,1668,1730,988,2012,1439,1775,1500,1500,1446,1193,1449,1500,1500,1500,1500,1500,1500,1372,1628,1500,1609,1500,2012,1500,1817,1668,1500,1520,1705,1500,988,8.3
2026-04-18,17:00:17.460,-66,-68,25,3833,10790,54,44,16,15556,51,56,2191,-155,421,359,1024,203,1024,0,-1,-1,-1,0x100048049C140245,1472,1649,1730,988,2012,1423,1710,1500,1500,1422,1193,1449,1500,1500,1500,1500,1500,1500,1372,1628,1500,1609,1500,2012,1500,1790,1649,1500,1520,1705,1500,988,8.3
2026-04-18,17:00:17.960,-69,-68,25,3832,11700,54,44,16,15980,51,56,2193,-149,460,359,1024,203,1024,0,-1,-1,-1,0x100048049C140205,1473,1637,1730,988,2012,1426,1730,1500,1500,1426,1193,1449,1500,1500,1500,1500,1500,1500,1372,1628,1500,1609,1500,2012,1500,1781,1637,1500,1520,1705,1500,988,8.3
2026-04-18,17:00:18.460,-80,-75,10,3835,3320,54,44,16,14144,51,56,2194,-326,-723,359,1024,204,1024,0,-1,-1,-1,0x100048049E180245,1440,1256,1730,1364,2012,1337,1139,1161,1500,1344,1193,1449,1500,1500,1500,1500,1500,1161,1213,2012,1500,1609,1500,988,1500,1097,1500,1500,1520,1705,1101,988,8.3
2026-04-18,17:00:18.960,-83,-85,10,3838,2340,54,44,16,4078,51,56,2194,-1024,32,359,1024,203,1024,0,-1,-1,-1,0x100048009C140205,1188,1502,1730,988,2012,988,1516,1500,1500,988,1193,1449,1500,1500,1500,1500,1500,1500,1117,1883,1500,1609,1500,2012,1500,1514,1502,1500,1520,1705,1500,988,8.3
2026-04-18,17:00:19.460,-81,-83,10,3855,4130,54,44,16,5232,51,56,2195,-1024,343,359,1024,204,1024,0,-1,-1,-1,0x100048009C140205,1188,1601,1730,988,2012,988,1671,1500,1500,988,1193,1449,1500,1500,1500,1500,1500,1500,1372,1628,1500,1609,1500,2012,1500,1722,1601,1500,1520,1705,1500,988,8.3
2026-04-18,17:00:19.960,-80,-89,10,3857,22700,54,44,16,12834,51,56,2196,-199,642,359,1024,204,1024,0,-1,-1,-1,0x100048019C140605,1464,1729,1730,988,2012,1401,1821,1500,1500,1401,1193,1449,1500,1500,1500,1500,1500,1500,1372,1628,1500,1609,1500,2012,1500,1870,1729,1500,1520,1705,1500,988,8.3
2026-04-18,17:00:20.460,-80,-78,10,3848,34080,54,44,16,15768,51,56,2201,351,558,359,1024,204,1024,0,-1,-1,-1,0x100048009C140205,1568,1684,1730,988,2012,1675,1779,1500,1500,1681,1193,1449,1500,1500,1500,1500,1500,1500,1372,1628,1500,1609,1500,2012,1500,1829,1684,1500,1520,1705,1500,988,8.3
2026-04-18,17:00:20.960,-89,-82,10,3836,34920,54,44,16,17846,51,56,2204,-2,568,359,1024,204,1024,0,-1,-1,-1,0x1000480598140645,1500,1712,1730,988,2012,1499,1784,1500,1500,1500,1193,1449,1500,1500,1500,1500,1500,1500,1372,1628,1500,1609,1500,2012,1500,1864,1712,1500,1520,1705,1500,988,8.3
2026-04-18,17:00:21.460,-75,-65,10,3833,0,54,44,16,21610,51,56,2207,-2,282,359,1024,204,1024,0,-1,-1,-1,0x1000480498140205,1500,1578,1730,988,2012,1499,1641,1500,1500,1499,1193,1449,1500,1500,1500,1500,1500,1500,1372,1628,1500,1609,1500,2012,1500,1693,1578,1500,1520,1705,1500,988,8.3
2026-04-18,17:00:21.960,-75,-68,10,3833,1750,54,44,16,12758,51,56,2208,1016,-502,359,1024,204,1024,0,-1,-1,-1,0x100048049E180245,1772,1289,1730,1328,2012,2008,1249,1207,1500,2008,1193,1449,1500,1500,1500,1500,1500,1207,988,2012,1500,1609,1500,988,1500,1319,1500,1500,1520,1705,1155,988,8.3
2026-04-18,17:00:22.460,-69,-80,10,3838,6580,54,44,16,5538,51,56,2208,871,330,359,1024,204,1024,0,-1,-1,-1,0x100048009C140205,1712,1609,1730,988,2012,1935,1665,1500,1500,1943,1193,1449,1500,1500,1500,1500,1500,1500,1372,1628,1500,1609,1500,2012,1500,1727,1609,1500,1520,1705,1500,988,8.3
2026-04-18,17:00:22.960,-81,-76,10,3848,16110,54,44,16,8594,51,56,2209,974,540,359,1024,204,1024,0,-1,-1,-1,0x100048009C140205,1757,1681,1730,988,2012,1987,1770,1500,1500,1994,1193,1449,1500,1500,1500,1500,1500,1500,1372,1628,1500,1609,1500,2012,1500,1826,1681,1500,1520,1705,1500,988,8.3
2026-04-18,17:00:23.460,-74,-72,10,3849,33070,54,44,16,21026,51,56,2213,-299,928,359,1024,204,1024,0,-1,-1,-1,0x100048019C140205,1444,1890,1730,988,2012,1351,1964,1500,1500,1351,1193,1449,1500,1500,1500,1500,1500,1500,1372,1628,1500,1609,1500,2012,1500,1978,1890,1500,1520,1705,1500,988,8.3
2026-04-18,17:00:23.960,-73,-89,10,3825,66210,54,44,16,24742,51,56,2220,343,709,359,1024,203,1024,0,-1,-1,-1,0x100048059C140645,1564,1799,1730,988,2012,1671,1854,1500,1500,1671,1193,1449,1500,1500,1500,1500,1500,1500,1372,1628,1500,1609,1500,2012,1500,1943,1799,1500,1520,1705,1500,988,8.3
2026-04-18,17:00:24.460,-78,-72,10,3818,14570,54,44,16,19112,51,57,2224,652,447,359,1024,203,1024,0,-1,-1,-1,0x100048049C140205,1638,1640,1730,988,2012,1826,1723,1500,1500,1825,1193,1449,1500,1500,1500,1500,1500,1500,1372,1628,1500,1609,1500,2012,1500,1777,1640,1500,1520,1705,1500,988,8.3
2026-04-18,17:00:24.960,-82,-74,10,3810,10260,55,44,16,15830,51,57,2225,188,61,359,1024,204,1024,0,-1,-1,-1,0x100048049C140A45,1534,1523,1730,988,2012,1594,1530,1500,1500,1593,1193,1449,1500,1500,1500,1500,1500,1500,1372,1628,1500,1609,1500,2012,1500,1656,1523,1500,1520,1705,1500,988,8.3
2026-04-18,17:00:25.460,-73,-69,10,3814,1750,55,44,16,13698,51,57,2226,430,202,359,1024,204,1024,0,-1,-1,-1,0x100048049C141A85,1583,1558,1730,988,2012,1715,1601,1500,1500,1715,1193,1449,1500,1500,1500,1500,1500,1500,1372,1628,1500,1609,1500,2012,1500,1645,1558,1500,1520,1705,1500,988,8.3
2026-04-18,17:00:25.960,-69,-71,10,3830,870,55,44,16,3304,51,57,2226,90,97,359,1024,203,1024,0,-1,-1,-1,0x100048009C140A85,1516,1533,1730,988,2012,1545,1548,1500,1500,1545,1193,1449,1500,1500,1500,1500,1500,1500,1372,1628,1500,1609,1500,2012,1500,1573,1533,1500,1520,1705,1500,988,8.3
2026-04-18,17:00:26.460,-76,-76,10,3850,26940,55,44,16,17242,51,57,2227,-1024,1023,359,1024,204,1024,0,-1,-1,-1,0x100048019C142E85,1188,2009,1730,988,2012,988,2011,1500,1500,988,1193,1449,1500,1500,1500,1500,1500,1500,1372,1628,1500,1609,1500,2012,1500,2011,1920,1500,1520,1705,1500,988,8.3
2026-04-18,17:00:26.960,-70,-80,10,3841,17410,55,44,16,32468,51,57,2232,1024,-729,359,1024,203,1024,0,-1,-1,-1,0x100048009E1C0A85,1776,1213,1730,1411,2012,2012,1136,1101,1500,2012,1193,1449,1500,1500,1500,1500,1500,1101,1029,2012,1500,1609,1500,2012,1500,1484,1500,1500,1520,1705,1101,988,8.3
2026-04-18,17:00:27.460,-74,-74,10,3842,0,55,44,16,7382,51,57,2233,-2,0,359,1024,203,1024,0,-1,-1,-1,0x1000480098140A85,1500,1500,1730,988,2012,1499,1500,1500,1500,1499,1193,1449,1500,1500,1500,1500,1500,1500,1372,2012,1500,1609,1500,2012,1500,1500,1500,1500,1520,1705,1500,988,8.3
2026-04-18,17:00:27.960,-72,-75,10,3839,0,55,44,16,0,51,57,2233,-3,2,359,1024,203,1024,0,-1,-1,-1,0x1000480098140A85,1500,1500,1730,988,2012,1499,1501,1500,1500,1499,1193,1449,1500,1500,1500,1500,1500,1500,1372,2012,1500,1609,1500,2012,1500,1501,1500,1500,1520,1705,1500,988,8.3
2026-04-18,17:00:28.460,-79,-74,10,3836,0,55,44,16,0,51,57,2233,-3,1,359,1024,204,1024,0,-1,-1,-1,0x1000480098140A85,1500,1500,1730,988,2012,1499,1500,1500,1500,1499,1193,1449,1500,1500,1500,1500,1500,1500,1500,2012,1500,1609,1500,2012,1500,1501,1500,1500,1520,1705,1500,988,8.3
2026-04-18,17:00:28.960,-82,-77,10,3847,0,54,44,16,0,51,57,2233,-4,1,359,1024,204,1024,0,-1,-1,-1,0x1000480098140A85,1500,1500,1730,988,2012,1498,1500,1500,1500,1498,1193,1449,1500,1500,1500,1500,1500,1500,1500,2012,1500,1609,1500,2012,1500,1501,1500,1500,1520,1705,1500,988,8.3
2026-04-18,17:00:29.460,-85,-72,250,3850,0,54,44,16,0,51,57,2233,-4,1,359,1024,203,1024,0,-1,-1,-1,0x1000480098140A85,1500,1500,1730,988,2012,1498,1500,1500,1500,1498,1193,1449,1500,1500,1500,1500,1500,1500,1500,2012,1500,1609,1500,2012,1500,1501,1500,1500,1520,1705,1500,988,8.3
2026-04-18,17:00:29.960,-68,-66,250,3850,0,54,44,16,0,51,57,2233,-3,2,359,1024,202,1024,0,-1,-1,-1,0x1000480098140A85,1500,1500,1642,988,2012,1499,1501,1500,1500,1499,1193,1449,1500,1500,1500,1500,1500,1500,1500,2012,1500,1609,1500,2012,1500,1501,1500,1500,1520,1705,1500,988,8.3
2026-04-18,17:00:30.460,-69,-69,250,3850,0,54,44,16,0,51,57,2233,-4,4,359,1024,203,1024,0,-1,-1,-1,0x1000480098140A84,1500,1501,1500,988,2012,1498,1502,1500,1500,1498,1193,1449,1500,1500,1500,1500,1500,1500,1500,2012,1500,1609,1500,2012,1500,1503,1501,1500,1520,1705,1500,988,8.3
2026-04-18,17:00:30.960,-75,-79,10,3853,0,54,44,16,0,51,57,2233,-4,3,359,1024,204,1024,0,-1,-1,-1,0x1000480298140A84,1500,1501,1500,988,2012,1498,1501,1500,1500,1498,1193,1449,1500,1500,1500,1500,1500,1500,1500,2012,1500,1609,1500,2012,1500,1502,1501,1500,1520,1705,1500,988,8.3
2026-04-18,17:00:31.460,-80,-83,50,3857,0,54,44,16,0,51,57,2233,-4,3,359,1024,204,1024,0,-1,-1,-1,0x1000480A98140A04,1500,1501,1500,988,2012,1498,1501,1500,1500,1498,1193,1449,1500,1500,1500,1500,1500,1500,1500,2012,1500,1609,1500,2012,1500,1502,1501,1500,1520,1705,1500,988,8.3
2026-04-18,17:00:31.960,-76,-77,10,3861,0,54,44,16,0,51,57,2233,-4,2,359,1024,204,1024,0,-1,-1,-1,0x1000480A98140A04,1500,1500,1500,988,2012,1498,1501,1500,1500,1498,1193,1449,1500,1500,1500,1500,1500,1500,1500,2012,1500,1609,1500,2012,1500,1501,1500,1500,1520,1705,1500,988,8.3
2026-04-18,17:00:32.460,-82,-82,10,3864,0,54,44,16,0,50,57,2233,-4,2,359,1024,203,1024,0,-1,-1,-1,0x1000480A98140A04,1500,1500,1500,988,2012,1498,1501,1500,1500,1498,1193,1449,1500,1500,1500,1500,1500,1500,1500,2012,1500,1609,1500,2012,1500,1501,1500,1500,1520,1705,1500,988,8.3
2026-04-18,17:00:32.960,-90,-81,10,3866,0,54,44,16,0,50,57,2233,-4,3,359,1024,204,1024,0,-1,-1,-1,0x1000480A98140A04,1500,1500,1500,988,2012,1498,1501,1500,1500,1498,1193,1449,1500,1500,1500,1500,1500,1500,1500,2012,1500,1609,1500,2012,1500,1501,1500,1500,1520,1705,1500,988,8.3
2026-04-18,17:00:33.460,-91,-77,10,3866,0,54,44,16,0,50,57,2233,-4,2,359,1024,204,1024,0,-1,-1,-1,0x1000480A98140A04,1500,1500,1500,988,2012,1498,1501,1500,1500,1499,1193,1449,1500,1500,1500,1500,1500,1500,1500,2012,1500,1609,1500,2012,1500,1501,1500,1500,1520,1705,1500,988,8.3
2026-04-18,17:00:33.960,-86,-83,10,3866,0,54,44,16,0,50,57,2233,-4,3,359,1024,204,1024,0,-1,-1,-1,0x1000480A98140A04,1500,1501,1500,988,2012,1498,1501,1500,1500,1499,1193,1449,1500,1500,1500,1500,1500,1500,1500,2012,1500,1609,1500,2012,1500,1502,1501,1500,1520,1705,1500,988,8.3
2026-04-18,17:00:34.460,-82,-86,10,3866,0,54,44,16,0,50,57,2233,-4,3,359,1024,203,1024,0,-1,-1,-1,0x1000480A98140A04,1500,1501,1500,988,2012,1498,1501,1500,1500,1498,1193,1449,1500,1500,1500,1500,1500,1500,1500,2012,1500,1609,1500,2012,1500,1502,1501,1500,1520,1705,1500,988,8.3
2026-04-18,17:00:34.960,-70,-80,50,3866,0,54,44,16,0,50,57,2233,-4,1,359,1024,203,1024,0,-1,-1,-1,0x1000480A98140A04,1500,1500,1500,988,2012,1498,1500,1500,1500,1498,1193,1449,1500,1500,1500,1500,1500,1500,1500,2012,1500,1609,1500,2012,1500,1501,1500,1500,1520,1705,1500,988,8.3
2026-04-18,17:00:35.460,-80,-86,10,3866,0,54,44,16,0,50,57,2233,-4,1,359,1024,203,1024,0,-1,-1,-1,0x1000480A98140A04,1500,1500,1500,988,2012,1498,1500,1500,1500,1498,1193,1449,1500,1500,1500,1500,1500,1500,1500,2012,1500,1609,1500,2012,1500,1501,1500,1500,1520,1705,1500,988,8.3
2026-04-18,17:00:35.960,-75,-75,10,3866,0,54,44,16,0,50,57,2233,-4,1,359,1024,204,1024,0,-1,-1,-1,0x1000480A98140A04,1500,1500,1500,988,2012,1498,1500,1500,1500,1498,1193,1449,1500,1500,1500,1500,1500,1500,1500,2012,1500,1609,1500,2012,1500,1501,1500,1500,1520,1705,1500,988,8.3
2026-04-18,17:00:36.460,-75,-68,10,3866,0,54,44,16,0,49,57,2233,-4,1,359,1024,204,1024,0,-1,-1,-1,0x1000480A98140A04,1500,1500,1500,988,2012,1498,1500,1500,1500,1498,1193,1449,1500,1500,1500,1500,1500,1500,1500,2012,1500,1609,1500,2012,1500,1501,1500,1500,1520,1705,1500,988,8.3
2026-04-18,17:00:36.960,-76,-72,10,3866,0,54,44,16,0,49,57,2233,-4,1,359,1024,203,1024,0,-1,-1,-1,0x1000480A98140A04,1500,1500,1500,988,2012,1498,1500,1500,1500,1499,1193,1449,1500,1500,1500,1500,1500,1500,1500,2012,1500,1609,1500,2012,1500,1501,1500,1500,1520,1705,1500,988,8.3
2026-04-18,17:00:37.460,-88,-80,10,3866,0,54,44,16,0,49,57,2233,-4,1,359,1024,203,1024,0,-1,-1,-1,0x1000480A98140A04,1500,1500,1500,988,2012,1498,1500,1500,1500,1498,1193,1449,1500,1500,1500,1500,1500,1500,1500,2012,1500,1609,1500,2012,1500,1501,1500,1500,1520,1705,1500,988,8.3
2026-04-18,17:00:37.960,-89,-81,10,3866,0,54,44,16,0,49,57,2233,-4,1,359,1024,204,1024,0,-1,-1,-1,0x1000480A98140A04,1500,1500,1500,988,2012,1498,1500,1500,1500,1498,1193,1449,1500,1500,1500,1500,1500,1500,1500,2012,1500,1609,1500,2012,1500,1501,1500,1500,1520,1705,1500,988,8.3
2026-04-18,17:00:38.460,-82,-78,10,3866,0,54,44,16,0,49,57,2233,-3,1,359,1024,204,1024,0,-1,-1,-1,0x1000480A98140A04,1500,1500,1500,988,2012,1499,1500,1500,1500,1499,1193,1449,1500,1500,1500,1500,1500,1500,1500,2012,1500,1609,1500,2012,1500,1501,1500,1500,1520,1705,1500,988,8.3
2026-04-18,17:00:38.960,-82,-88,10,3866,0,54,44,16,0,49,57,2233,-3,1,359,1024,204,1024,0,-1,-1,-1,0x1000480A98140A04,1500,1500,1500,988,2012,1499,1500,1500,1500,1499,1193,1449,1500,1500,1500,1500,1500,1500,1500,2012,1500,1609,1500,2012,1500,1501,1500,1500,1520,1705,1500,988,8.3
2026-04-18,17:00:39.460,-84,-74,250,3866,0,54,44,16,0,49,57,2233,-3,1,359,1024,203,1024,0,-1,-1,-1,0x1000480A98140A04,1500,1500,1500,988,2012,1499,1500,1500,1500,1499,1193,1449,1500,1500,1500,1500,1500,1500,1500,2012,1500,1609,1500,2012,1500,1501,1500,1500,1520,1705,1500,988,8.3
2026-04-18,17:00:39.960,-80,-81,25,3866,0,54,44,16,0,49,57,2233,-3,1,359,1024,202,1024,0,-1,-1,-1,0x1000480A98140A04,1500,1500,1500,988,2012,1499,1500,1500,1500,1499,1193,1449,1500,1500,1500,1500,1500,1500,1500,2012,1500,1609,1500,2012,1500,1501,1500,1500,1520,1705,1500,988,8.3
2026-04-18,17:00:40.460,-73,-67,250,3866,0,54,44,16,0,49,57,2233,-3,1,359,1024,204,1024,0,-1,-1,-1,0x1000480A98140A04,1500,1500,1500,988,2012,1499,1500,1500,1500,1499,1193,1449,1500,1500,1500,1500,1500,1500,1500,2012,1500,1609,1500,2012,1500,1501,1500,1500,1520,1705,1500,988,8.3
2026-04-18,17:00:40.960,-74,-87,100,3866,0,54,44,16,0,49,57,2233,-3,1,359,1024,202,1024,0,-1,-1,-1,0x1000480A98140A04,1500,1500,1500,988,2012,1499,1500,1500,1500,1499,1193,1449,1500,1500,1500,1500,1500,1500,1500,2012,1500,1609,1500,2012,1500,1501,1500,1500,1520,1705,1500,988,8.3
2026-04-18,17:00:41.460,-82,-89,10,3866,0,54,44,16,0,48,57,2233,-3,1,359,1024,204,1024,0,-1,-1,-1,0x1000480A98140A04,1500,1500,1500,988,2012,1499,1500,1500,1500,1499,1193,1449,1500,1500,1500,1500,1500,1500,1500,2012,1500,1609,1500,2012,1500,1501,1500,1500,1520,1705,1500,988,8.3
2026-04-18,17:00:41.960,-69,-71,250,3866,0,54,44,16,0,48,57,2233,-3,1,359,1024,202,1024,0,-1,-1,-1,0x1000480A98140A04,1500,1500,1500,988,2012,1499,1500,1500,1500,1499,1193,1449,1500,1500,1500,1500,1500,1500,1500,2012,1500,1609,1500,2012,1500,1501,1500,1500,1520,1705,1500,988,8.3
2026-04-18,17:00:42.460,-89,-85,10,3866,0,54,44,16,0,48,57,2233,-3,1,359,1024,204,1024,0,-1,-1,-1,0x1000480A98140A04,1500,1500,1500,988,2012,1499,1500,1500,1500,1499,1193,1449,1500,1500,1500,1500,1500,1500,1500,2012,1500,1609,1500,2012,1500,1501,1500,1500,1520,1705,1500,988,8.3
2026-04-18,17:00:42.960,-83,-80,10,3866,0,54,44,16,0,48,57,2233,-4,1,359,1024,204,1024,0,-1,-1,-1,0x1000480A98140A04,1500,1500,1500,988,2012,1498,1500,1500,1500,1498,1193,1449,1500,1500,1500,1500,1500,1500,1500,2012,1500,1609,1500,2012,1500,1501,1500,1500,1520,1705,1500,988,8.3
2026-04-18,17:00:43.460,-77,-73,50,3866,0,54,44,16,0,48,57,2233,-3,2,359,1024,203,1024,0,-1,-1,-1,0x1000480A98140A04,1500,1500,1500,988,2012,1499,1501,1500,1500,1499,1193,1449,1500,1500,1500,1500,1500,1500,1500,2012,1500,1609,1500,2012,1500,1501,1500,1500,1520,1705,1500,988,8.3
2026-04-18,17:00:43.960,-73,-75,10,3866,0,54,44,16,0,48,57,2233,-4,1,359,1024,204,1024,0,-1,-1,-1,0x1000480A98140A04,1500,1500,1500,988,2012,1498,1500,1500,1500,1498,1193,1449,1500,1500,1500,1500,1500,1500,1500,2012,1500,1609,1500,2012,1500,1501,1500,1500,1520,1705,1500,988,8.3
2026-04-18,17:00:44.460,-78,-75,10,3866,0,54,44,16,0,48,57,2233,-4,2,359,1024,204,1024,0,-1,-1,-1,0x1000480A98140A04,1500,1500,1500,988,2012,1498,1501,1500,1500,1498,1193,1449,1500,1500,1500,1500,1500,1500,1500,2012,1500,1609,1500,2012,1500,1501,1500,1500,1520,1705,1500,988,8.3
2026-04-18,17:00:44.960,-74,-73,10,3866,0,54,44,16,0,48,57,2233,-4,2,359,1024,204,1024,0,-1,-1,-1,0x1000480A98140A04,1500,1500,1500,988,2012,1498,1501,1500,1500,1499,1193,1449,1500,1500,1500,1500,1500,1500,1500,2012,1500,1609,1500,2012,1500,1501,1500,1500,1520,1705,1500,988,8.3
2026-04-18,17:00:45.460,-73,-72,10,3866,0,54,44,16,0,48,57,2233,-4,2,359,1024,204,1024,0,-1,-1,-1,0x1000480A98140A04,1500,1500,1500,988,2012,1498,1501,1500,1500,1499,1193,1449,1500,1500,1500,1500,1500,1500,1500,2012,1500,1609,1500,2012,1500,1501,1500,1500,1520,1705,1500,988,8.3
2026-04-18,17:00:45.960,-77,-77,25,3866,0,54,44,16,0,48,57,2233,-3,2,359,1024,204,1024,0,-1,-1,-1,0x1000480A98140A04,1500,1500,1500,988,2012,1499,1501,1500,1500,1499,1193,1449,1500,1500,1500,1500,1500,1500,1500,2012,1500,1609,1500,2012,1500,1501,1500,1500,1520,1705,1500,988,8.3
2026-04-18,17:00:46.460,-80,-77,10,3866,0,54,44,16,0,48,57,2233,-4,2,359,1024,203,1024,0,-1,-1,-1,0x1000480A98140A04,1500,1500,1500,988,2012,1498,1501,1500,1500,1498,1193,1449,1500,1500,1500,1500,1500,1500,1500,2012,1500,1609,1500,2012,1500,1501,1500,1500,1520,1705,1500,988,8.3
2026-04-18,17:00:46.960,-74,-82,10,3866,0,54,44,16,0,48,57,2233,-4,2,359,1024,204,1024,0,-1,-1,-1,0x1000480A98140A04,1500,1500,1500,988,2012,1498,1501,1500,1500,1498,1193,1449,1500,1500,1500,1500,1500,1500,1500,2012,1500,1609,1500,2012,1500,1501,1500,1500,1520,1705,1500,988,8.3
2026-04-18,17:00:47.460,-70,-82,10,3866,0,54,44,16,0,48,57,2233,-4,1,359,1024,204,1024,0,-1,-1,-1,0x1000480A98140A04,1500,1500,1500,988,2012,1498,1500,1500,1500,1498,1193,1449,1500,1500,1500,1500,1500,1500,1500,2012,1500,1609,1500,2012,1500,1501,1500,1500,1520,1705,1500,988,8.3
2026-04-18,17:00:47.960,-72,-82,10,3866,0,54,44,16,0,48,57,2233,-5,1,359,1024,204,1024,0,-1,-1,-1,0x1000480A98140A04,1500,1500,1500,988,2012,1498,1500,1500,1500,1498,1193,1449,1500,1500,1500,1500,1500,1500,1500,2012,1500,1609,1500,2012,1500,1501,1500,1500,1520,1705,1500,988,8.3
2026-04-18,17:00:48.460,-71,-74,10,3866,0,54,44,16,0,48,57,2233,-5,1,359,1024,203,1024,0,-1,-1,-1,0x1000480A98140A04,1500,1500,1500,988,2012,1498,1500,1500,1500,1498,1193,1449,1500,1500,1500,1500,1500,1500,1500,2012,1500,1609,1500,2012,1500,1501,1500,1500,1520,1705,1500,988,8.3
2026-04-18,17:00:48.960,-74,-74,10,3866,0,54,44,16,0,48,57,2233,-4,1,359,1024,203,1024,0,-1,-1,-1,0x1000480A98140A04,1500,1500,1500,988,2012,1498,1500,1500,1500,1498,1193,1449,1500,1500,1500,1500,1500,1500,1500,2012,1500,1609,1500,2012,1500,1501,1500,1500,1520,1705,1500,988,8.3
2026-04-18,17:00:49.460,-76,-79,10,3866,0,54,44,16,0,48,57,2233,-5,1,359,1024,203,1024,0,-1,-1,-1,0x1000480A98140A04,1500,1500,1500,988,2012,1498,1500,1500,1500,1498,1193,1449,1500,1500,1500,1500,1500,1500,1500,2012,1500,1609,1500,2012,1500,1501,1500,1500,1520,1705,1500,988,8.3
2026-04-18,17:00:49.960,-74,-84,10,3866,0,54,44,16,0,47,57,2233,-4,1,359,1024,204,1024,0,-1,-1,-1,0x1000480A98140A04,1500,1500,1500,988,2012,1498,1500,1500,1500,1498,1193,1449,1500,1500,1500,1500,1500,1500,1500,2012,1500,1609,1500,2012,1500,1501,1500,1500,1520,1705,1500,988,8.3
2026-04-18,17:00:50.460,-73,-71,10,3866,0,54,44,16,0,47,57,2233,-4,1,359,1024,204,1024,0,-1,-1,-1,0x1000480A98140A04,1500,1500,1500,988,2012,1498,1500,1500,1500,1498,1193,1449,1500,1500,1500,1500,1500,1500,1500,2012,1500,1609,1500,2012,1500,1501,1500,1500,1520,1705,1500,988,8.3
2026-04-18,17:00:50.960,-70,-81,10,3866,0,54,44,16,0,47,57,2233,-3,1,359,1024,204,1024,0,-1,-1,-1,0x1000480A98140A04,1500,1500,1500,988,2012,1499,1500,1500,1500,1499,1193,1449,1500,1500,1500,1500,1500,1500,1500,2012,1500,1609,1500,2012,1500,1501,1500,1500,1520,1705,1500,988,8.3
2026-04-18,17:00:51.460,-74,-72,10,3866,0,54,44,16,0,47,57,2233,-3,2,359,1024,204,1024,0,-1,-1,-1,0x1000480A98140A04,1500,1500,1500,988,2012,1499,1501,1500,1500,1499,1193,1449,1500,1500,1500,1500,1500,1500,1500,2012,1500,1609,1500,2012,1500,1501,1500,1500,1520,1705,1500,988,8.3
2026-04-18,17:00:51.960,-68,-70,10,3866,0,54,44,16,0,47,57,2233,-3,2,359,1024,203,1024,0,-1,-1,-1,0x1000480A98140A04,1500,1500,1500,988,2012,1499,1501,1500,1500,1499,1193,1449,1500,1500,1500,1500,1500,1500,1500,2012,1500,1609,1500,2012,1500,1501,1500,1500,1520,1705,1500,988,8.3
2026-04-18,17:00:52.460,-72,-72,10,3866,0,54,44,16,0,47,57,2233,-4,2,359,1024,204,1024,0,-1,-1,-1,0x1000480A98140A04,1500,1500,1500,988,2012,1498,1501,1500,1500,1498,1193,1449,1500,1500,1500,1500,1500,1500,1500,2012,1500,1609,1500,2012,1500,1501,1500,1500,1520,1705,1500,988,8.3
2026-04-18,17:00:52.960,-71,-68,10,3866,0,54,44,16,0,47,57,2233,-4,1,359,1024,204,1024,0,-1,-1,-1,0x1000480A98140A04,1500,1500,1500,988,2012,1498,1500,1500,1500,1498,1193,1449,1500,1500,1500,1500,1500,1500,1500,2012,1500,1609,1500,2012,1500,1501,1500,1500,1520,1705,1500,988,8.3
2026-04-18,17:00:53.460,-68,-73,10,3866,0,54,44,16,0,47,57,2233,-3,1,359,1024,204,1024,0,-1,-1,-1,0x1000480A98140A04,1500,1500,1500,988,2012,1499,1500,1500,1500,1499,1193,1449,1500,1500,1500,1500,1500,1500,1500,2012,1500,1609,1500,2012,1500,1501,1500,1500,1520,1705,1500,988,8.3
2026-04-18,17:00:53.960,-68,-69,10,3866,0,54,44,16,0,47,57,2233,-4,2,359,1024,204,1024,0,-1,-1,-1,0x1000480A98140A04,1500,1500,1500,988,2012,1498,1501,1500,1500,1498,1193,1449,1500,1500,1500,1500,1500,1500,1500,2012,1500,1609,1500,2012,1500,1501,1500,1500,1520,1705,1500,988,8.3
2026-04-18,17:00:54.460,-70,-71,10,3866,0,54,44,16,0,47,57,2233,-3,2,359,1024,204,1024,0,-1,-1,-1,0x1000480A98140A04,1500,1500,1500,988,2012,1499,1501,1500,1500,1499,1193,1449,1500,1500,1500,1500,1500,1500,1500,2012,1500,1609,1500,2012,1500,1501,1500,1500,1520,1705,1500,988,8.3
2026-04-18,17:00:54.960,-69,-67,10,3866,0,54,44,16,0,47,57,2233,-4,1,359,1024,204,1024,0,-1,-1,-1,0x1000480A98140A04,1500,1500,1500,988,2012,1498,1500,1500,1500,1498,1193,1449,1500,1500,1500,1500,1500,1500,1500,2012,1500,1609,1500,2012,1500,1501,1500,1500,1520,1705,1500,988,8.3
2026-04-18,17:00:55.460,-64,-72,10,3866,0,54,44,16,0,47,57,2233,-5,1,359,1024,204,1024,0,-1,-1,-1,0x1000480A98140A04,1500,1500,1500,988,2012,1498,1500,1500,1500,1498,1193,1449,1500,1500,1500,1500,1500,1500,1500,2012,1500,1609,1500,2012,1500,1501,1500,1500,1520,1705,1500,988,8.3
2026-04-18,17:00:55.960,-70,-68,10,3866,0,54,44,16,0,47,57,2233,-4,2,359,1024,204,1024,0,-1,-1,-1,0x1000480A98140A04,1500,1500,1500,988,2012,1498,1501,1500,1500,1498,1193,1449,1500,1500,1500,1500,1500,1500,1500,2012,1500,1609,1500,2012,1500,1501,1500,1500,1520,1705,1500,988,8.3
2026-04-18,17:00:56.460,-70,-71,10,3866,0,54,44,16,0,47,57,2233,-4,2,359,1024,204,1024,0,-1,-1,-1,0x1000480A98140A04,1500,1500,1500,988,2012,1498,1501,1500,1500,1498,1193,1449,1500,1500,1500,1500,1500,1500,1500,2012,1500,1609,1500,2012,1500,1501,1500,1500,1520,1705,1500,988,8.3
2026-04-18,17:00:56.960,-68,-71,10,3866,0,52,44,16,0,47,57,2233,-4,1,359,1024,204,1024,0,-1,-1,-1,0x1000480A98140A04,1500,1500,1500,988,2012,1498,1500,1500,1500,1498,1193,1449,1500,1500,1500,1500,1500,1500,1500,2012,1500,1609,1500,2012,1500,1501,1500,1500,1520,1705,1500,988,8.3
2026-04-18,17:00:57.460,-66,-71,10,3866,0,52,44,16,0,47,57,2233,-4,1,359,1024,204,1024,0,-1,-1,-1,0x1000480A98140A04,1500,1500,1500,988,2012,1498,1500,1500,1500,1498,1193,1449,1500,1500,1500,1500,1500,1500,1500,2012,1500,1609,1500,2012,1500,1501,1500,1500,1520,1705,1500,988,8.3
2026-04-18,17:00:57.960,-62,-71,10,3866,0,52,44,16,0,47,57,2233,-4,1,359,1024,204,1024,0,-1,-1,-1,0x1000480A98140A04,1500,1500,1500,988,2012,1498,1500,1500,1500,1498,1193,1449,1500,1500,1500,1500,1500,1500,1500,2012,1500,1609,1500,2012,1500,1501,1500,1500,1520,1705,1500,988,8.3
2026-04-18,17:00:58.460,-64,-71,10,3866,0,52,44,16,0,47,57,2233,-4,2,359,1024,204,1024,0,-1,-1,-1,0x1000480A98140A04,1500,1500,1500,988,2012,1498,1501,1500,1500,1498,1193,1449,1500,1500,1500,1500,1500,1500,1500,2012,1500,1609,1500,2012,1500,1501,1500,1500,1520,1705,1500,988,8.3
2026-04-18,17:00:58.960,-61,-71,10,3866,0,52,44,16,0,47,57,2233,-4,2,359,1024,204,1024,0,-1,-1,-1,0x1000480A98140A04,1500,1500,1500,988,2012,1498,1501,1500,1500,1498,1193,1449,1500,1500,1500,1500,1500,1500,1500,2012,1500,1609,1500,2012,1500,1501,1500,1500,1520,1705,1500,988,8.3
2026-04-18,17:00:59.460,-59,-71,10,3866,0,52,44,16,0,47,57,2233,-4,2,359,1024,204,1024,0,-1,-1,-1,0x1000480A98140A04,1500,1500,1500,988,2012,1498,1501,1500,1500,1498,1193,1449,1500,1500,1500,1500,1500,1500,1500,2012,1500,1609,1500,2012,1500,1501,1500,1500,1520,1705,1500,988,8.3
2026-04-18,17:00:59.960,-59,-71,10,3866,0,52,44,16,0,47,57,2233,-4,1,359,1024,204,1024,0,-1,-1,-1,0x1000480A98140A04,1500,1500,1500,988,2012,1498,1500,1500,1500,1498,1193,1449,1500,1500,1500,1500,1500,1500,1500,2012,1500,1609,1500,2012,1500,1501,1500,1500,1520,1705,1500,988,8.3
2026-04-18,17:01:00.460,-57,-71,10,3866,0,52,44,16,0,47,57,2233,-4,1,359,1024,204,1024,0,-1,-1,-1,0x1000480A98140A04,1500,1500,1500,988,2012,1498,1500,1500,1500,1498,1193,1449,1500,1500,1500,1500,1500,1500,1500,2012,1500,1609,1500,2012,1500,1501,1500,1500,1520,1705,1500,988,8.3
2026-04-18,17:01:00.960,-62,-58,10,3866,0,52,44,16,0,47,57,2233,-4,1,359,1024,204,1024,0,-1,-1,-1,0x1000480A98140A04,1500,1500,1500,988,2012,1498,1500,1500,1500,1498,1193,1449,1500,1500,1500,1500,1500,1500,1500,2012,1500,1609,1500,2012,1500,1501,1500,1500,1520,1705,1500,988,8.3
2026-04-18,17:01:01.460,-62,-55,10,3866,0,52,44,16,0,47,57,2233,-4,2,359,1024,204,1024,0,-1,-1,-1,0x1000480A98140A04,1500,1500,1500,988,2012,1498,1501,1500,1500,1498,1193,1449,1500,1500,1500,1500,1500,1500,1500,2012,1500,1609,1500,2012,1500,1501,1500,1500,1520,1705,1500,988,8.3
2026-04-18,17:01:01.960,-62,-56,10,3866,0,52,44,16,0,47,57,2233,-4,1,359,1024,204,1024,0,-1,-1,-1,0x1000480A98140A04,1500,1500,1500,988,2012,1498,1500,1500,1500,1499,1193,1449,1500,1500,1500,1500,1500,1500,1500,2012,1500,1609,1500,2012,1500,1501,1500,1500,1520,1705,1500,988,8.3
2026-04-18,17:01:02.460,-62,-53,10,3866,0,52,44,16,0,47,57,2233,-3,1,359,1024,203,1024,0,-1,-1,-1,0x1000480A98140A04,1500,1500,1500,988,2012,1499,1500,1500,1500,1499,1193,1449,1500,1500,1500,1500,1500,1500,1500,2012,1500,1609,1500,2012,1500,1501,1500,1500,1520,1705,1500,988,8.3
2026-04-18,17:01:02.960,-62,-55,10,3866,0,52,44,16,0,47,57,2233,-3,2,359,1024,203,1024,0,-1,-1,-1,0x1000480A98140A04,1500,1500,1500,988,2012,1499,1501,1500,1500,1498,1193,1449,1500,1500,1500,1500,1500,1500,1500,2012,1500,1609,1500,2012,1500,1501,1500,1500,1520,1705,1500,988,8.3
2026-04-18,17:01:03.460,-62,-53,10,3866,0,52,44,16,0,47,57,2233,-4,2,359,1024,204,1024,0,-1,-1,-1,0x1000480A98140A04,1500,1500,1500,988,2012,1498,1501,1500,1500,1498,1193,1449,1500,1500,1500,1500,1500,1500,1500,2012,1500,1609,1500,2012,1500,1501,1500,1500,1520,1705,1500,988,8.3
2026-04-18,17:01:03.960,-62,-52,10,3866,0,52,44,16,0,47,57,2233,-4,1,359,1024,203,1024,0,-1,-1,-1,0x1000480A98140A04,1500,1500,1500,988,2012,1498,1500,1500,1500,1498,1193,1449,1500,1500,1500,1500,1500,1500,1500,2012,1500,1609,1500,2012,1500,1501,1500,1500,1520,1705,1500,988,8.3
2026-04-18,17:01:04.460,-62,-52,10,3866,0,52,44,16,0,47,57,2233,-4,2,359,1024,204,1024,0,-1,-1,-1,0x1000480A98140A04,1500,1500,1500,988,2012,1498,1501,1500,1500,1498,1193,1449,1500,1500,1500,1500,1500,1500,1500,2012,1500,1609,1500,2012,1500,1501,1500,1500,1520,1705,1500,988,8.3
2026-04-18,17:01:04.960,-62,-50,10,3866,0,52,44,16,0,47,57,2233,-4,1,359,1024,204,1024,0,-1,-1,-1,0x1000480A98140A04,1500,1500,1500,988,2012,1498,1500,1500,1500,1498,1193,1449,1500,1500,1500,1500,1500,1500,1500,2012,1500,1609,1500,2012,1500,1501,1500,1500,1520,1705,1500,988,8.3
2026-04-18,17:01:05.460,-62,-52,10,3866,0,52,44,16,0,47,57,2233,-4,1,359,1024,203,1024,0,-1,-1,-1,0x1000480A98140A04,1500,1500,1500,988,2012,1498,1500,1500,1500,1498,1193,1449,1500,1500,1500,1500,1500,1500,1500,2012,1500,1609,1500,2012,1500,1501,1500,1500,1520,1705,1500,988,8.3
2026-04-18,17:01:05.960,-62,-51,10,3866,0,52,44,16,0,47,57,2233,-4,2,359,1024,203,1024,0,-1,-1,-1,0x1000480A98140A04,1500,1500,1500,988,2012,1498,1501,1500,1500,1498,1193,1449,1500,1500,1500,1500,1500,1500,1500,2012,1500,1609,1500,2012,1500,1501,1500,1500,1520,1705,1500,988,8.3
2026-04-18,17:01:06.460,-62,-50,10,3866,0,52,44,16,0,47,57,2233,-4,1,359,1024,204,1024,0,-1,-1,-1,0x1000480A98140A04,1500,1500,1500,988,2012,1498,1500,1500,1500,1498,1193,1449,1500,1500,1500,1500,1500,1500,1500,2012,1500,1609,1500,2012,1500,1501,1500,1500,1520,1705,1500,988,8.3
2026-04-18,17:01:06.960,-62,-50,10,3866,0,52,44,16,0,47,57,2233,-3,1,359,1024,204,1024,0,-1,-1,-1,0x1000480A98140A04,1500,1500,1500,988,2012,1499,1500,1500,1500,1499,1193,1449,1500,1500,1500,1500,1500,1500,1500,2012,1500,1609,1500,2012,1500,1501,1500,1500,1520,1705,1500,988,8.3
2026-04-18,17:01:07.460,-62,-51,10,3866,0,52,44,16,0,47,57,2233,-3,2,359,1024,204,1024,0,-1,-1,-1,0x1000480A98140A04,1500,1500,1500,988,2012,1499,1501,1500,1500,1499,1193,1449,1500,1500,1500,1500,1500,1500,1500,2012,1500,1609,1500,2012,1500,1501,1500,1500,1520,1705,1500,988,8.3
2026-04-18,17:01:07.960,-62,-52,10,3866,0,52,44,16,0,47,57,2233,-3,2,359,1024,203,1024,0,-1,-1,-1,0x1000480A98140A04,1500,1500,1500,988,2012,1499,1501,1500,1500,1499,1193,1449,1500,1500,1500,1500,1500,1500,1500,2012,1500,1609,1500,2012,1500,1501,1500,1500,1520,1705,1500,988,8.3
2026-04-18,17:01:08.460,-62,-51,10,3866,0,52,44,16,0,47,57,2233,-3,2,359,1024,204,1024,0,-1,-1,-1,0x1000480A98140A04,1500,1500,1500,988,2012,1499,1501,1500,1500,1499,1193,1449,1500,1500,1500,1500,1500,1500,1500,2012,1500,1609,1500,2012,1500,1501,1500,1500,1520,1705,1500,988,8.3
2026-04-18,17:01:08.960,-62,-52,10,3866,0,52,44,16,0,47,57,2233,-2,2,359,1024,204,1024,0,-1,-1,-1,0x1000480A98140A04,1500,1500,1500,988,2012,1499,1501,1500,1500,1499,1193,1449,1500,1500,1500,1500,1500,1500,1500,2012,1500,1609,1500,2012,1500,1501,1500,1500,1520,1705,1500,988,8.3
2026-04-18,17:01:09.460,-62,-52,10,3866,0,52,44,16,0,46,57,2233,-3,2,359,1024,204,1024,0,-1,-1,-1,0x1000480A98140A04,1500,1500,1500,988,2012,1499,1501,1500,1500,1499,1193,1449,1500,1500,1500,1500,1500,1500,1500,2012,1500,1609,1500,2012,1500,1501,1500,1500,1520,1705,1500,988,8.3
2026-04-18,17:01:09.960,-62,-52,10,3866,0,52,44,16,0,46,57,2233,-3,2,359,1024,203,1024,0,-1,-1,-1,0x1000480A98140A04,1500,1500,1500,988,2012,1499,1501,1500,1500,1498,1193,1449,1500,1500,1500,1500,1500,1500,1500,2012,1500,1609,1500,2012,1500,1501,1500,1500,1520,1705,1500,988,8.3
2026-04-18,17:01:10.460,-62,-50,10,3866,0,52,44,16,0,46,57,2233,-3,2,359,1024,203,1024,0,-1,-1,-1,0x1000480A98140A04,1500,1500,1500,988,2012,1499,1501,1500,1500,1499,1193,1449,1500,1500,1500,1500,1500,1500,1500,2012,1500,1609,1500,2012,1500,1501,1500,1500,1520,1705,1500,988,8.3
2026-04-18,17:01:10.960,-62,-46,10,3866,0,52,44,16,0,46,57,2233,-3,2,359,1024,204,1024,0,-1,-1,-1,0x1000480A98140A04,1500,1500,1500,988,2012,1499,1501,1500,1500,1499,1193,1449,1500,1500,1500,1500,1500,1500,1500,2012,1500,1609,1500,2012,1500,1501,1500,1500,1520,1705,1500,988,8.3
2026-04-18,17:01:11.460,-62,-45,10,3866,0,52,44,16,0,46,57,2233,-3,2,359,1024,204,1024,0,-1,-1,-1,0x1000480A98140A04,1500,1500,1500,988,2012,1499,1501,1500,1500,1499,1193,1449,1500,1500,1500,1500,1500,1500,1500,2012,1500,1609,1500,2012,1500,1501,1500,1500,1520,1705,1500,988,8.3
2026-04-18,17:01:11.960,-62,-45,10,3866,0,52,44,16,0,46,57,2233,-3,2,359,1024,204,1024,0,-1,-1,-1,0x1000480A98140A04,1500,1500,1500,988,2012,1499,1501,1500,1500,1499,1193,1449,1500,1500,1500,1500,1500,1500,1500,2012,1500,1609,1500,2012,1500,1501,1500,1500,1520,1705,1500,988,8.3
2026-04-18,17:01:12.460,-62,-47,10,3866,0,52,44,16,0,46,57,2233,-3,2,359,1024,204,1024,0,-1,-1,-1,0x1000480A98140A04,1500,1500,1500,988,2012,1499,1501,1500,1500,1499,1193,1449,1500,1500,1500,1500,1500,1500,1500,2012,1500,1609,1500,2012,1500,1501,1500,1500,1520,1705,1500,988,8.3
2026-04-18,17:01:12.960,-58,-54,10,3866,0,52,44,16,0,46,57,2233,-3,2,359,1024,204,1024,0,-1,-1,-1,0x1000480A98140A04,1500,1500,1500,988,2012,1498,1501,1500,1500,1499,1193,1449,1500,1500,1500,1500,1500,1500,1500,2012,1500,1609,1500,2012,1500,1501,1500,1500,1520,1705,1500,988,8.3
2026-04-18,17:01:13.460,-58,-55,10,3866,0,52,44,16,0,46,57,2233,-2,1,359,1024,203,1024,0,-1,-1,-1,0x1000480A98140A04,1500,1500,1500,988,2012,1499,1500,1500,1500,1499,1193,1449,1500,1500,1500,1500,1500,1500,1500,2012,1500,1609,1500,2012,1500,1501,1500,1500,1520,1705,1500,988,8.3
2026-04-18,17:01:13.960,-47,-59,10,3866,0,52,44,16,0,46,57,2233,-3,1,359,1024,203,1024,0,-1,-1,-1,0x1000480A98140A04,1500,1500,1500,988,2012,1499,1500,1500,1500,1499,1193,1449,1500,1500,1500,1500,1500,1500,1500,2012,1500,1609,1500,2012,1500,1501,1500,1500,1520,1705,1500,988,8.3
2026-04-18,17:01:14.460,-50,-50,10,3866,0,52,44,16,0,46,57,2233,-3,1,359,1024,204,1024,0,-1,-1,-1,0x1000480A98140A04,1500,1500,1500,988,2012,1499,1500,1500,1500,1499,1193,1449,1500,1500,1500,1500,1500,1500,1500,2012,1500,1609,1500,2012,1500,1501,1500,1500,1520,1705,1500,988,8.3
2026-04-18,17:01:14.960,-53,-69,10,3866,0,52,44,16,96,46,57,2233,-3,1,359,1024,204,1024,0,-1,-1,-1,0x1000480A98140A04,1500,1500,1500,988,2012,1499,1500,1500,1500,1499,1193,1449,1500,1500,1500,1500,1500,1500,1500,2012,1500,1609,1500,2012,1500,1501,1500,1500,1520,1705,1500,988,8.3
2026-04-18,17:01:15.460,-47,-69,10,3866,0,52,44,16,0,46,57,2233,-4,1,359,1024,203,1024,0,-1,-1,-1,0x1000480A98140A04,1500,1500,1500,988,2012,1499,1500,1500,1500,1498,1193,1449,1500,1500,1500,1500,1500,1500,1500,2012,1500,1609,1500,2012,1500,1501,1500,1500,1520,1705,1500,988,8.3
2026-04-18,17:01:15.960,-67,-55,10,3866,0,52,44,16,0,46,57,2233,-4,1,359,1024,204,1024,0,-1,-1,-1,0x1000480A98140204,1500,1500,1500,988,2012,1498,1500,1500,1500,1498,1193,1449,1500,1500,1500,1500,1500,1500,1500,2012,1500,1609,1500,2012,1500,1501,1500,1500,1520,1705,1500,988,8.3
2026-04-18,17:01:16.460,-53,-51,10,3866,0,52,44,16,0,46,57,2233,-3,1,359,1024,203,1024,0,-1,-1,-1,0x1000480A98140204,1500,1500,1500,988,2012,1499,1500,1500,1500,1499,1193,1449,1500,1500,1500,1500,1500,1500,1500,2012,1500,1609,1500,2012,1500,1501,1500,1500,1520,1705,1500,988,8.3
2026-04-18,17:01:16.960,-29,-51,10,3866,0,52,44,16,0,46,57,2233,-4,1,359,1024,204,1024,0,-1,-1,-1,0x1000480A98140204,1500,1500,1500,988,2012,1498,1500,1500,1500,1498,1193,1449,1500,1500,1500,1500,1500,1500,1500,2012,1500,1609,1500,2012,1500,1501,1500,1500,1520,1705,1500,988,8.3
2026-04-18,17:01:17.460,-27,-51,10,3866,0,52,44,16,142,46,57,2233,-3,1,359,1024,204,1024,0,-1,-1,-1,0x1000480A98140A04,1500,1500,1500,988,2012,1499,1500,1500,1500,1499,1193,1449,1500,1500,1500,1500,1500,1500,1500,2012,1500,1609,1500,2012,1500,1501,1500,1500,1520,1705,1500,988,8.3
2026-04-18,17:01:17.960,-39,-39,10,3866,0,52,44,16,0,46,57,2233,-3,1,359,1024,204,1024,0,-1,-1,-1,0x1000480A98140A04,1500,1500,1500,988,2012,1499,1500,1500,1500,1499,1193,1449,1500,1500,1500,1500,1500,1500,1500,2012,1500,1609,1500,2012,1500,1501,1500,1500,1520,1705,1500,988,8.3
2026-04-18,17:01:18.460,-39,-34,10,3866,0,52,44,16,0,46,57,2233,-3,1,359,1024,204,1024,0,-1,-1,-1,0x1000480A98140A04,1500,1500,1500,988,2012,1499,1500,1500,1500,1499,1193,1449,1500,1500,1500,1500,1500,1500,1500,2012,1500,1609,1500,2012,1500,1501,1500,1500,1520,1705,1500,988,8.3
2026-04-18,17:01:18.960,-45,-41,10,3866,0,52,44,16,0,46,57,2233,-3,1,359,1024,203,1024,0,-1,-1,-1,0x1000480A98140A04,1500,1500,1500,988,2012,1499,1500,1500,1500,1499,1193,1449,1500,1500,1500,1500,1500,1500,1500,2012,1500,1609,1500,2012,1500,1501,1500,1500,1520,1705,1500,988,8.3
2026-04-18,17:01:19.460,-63,-47,10,3866,0,52,44,16,0,46,57,2233,-4,1,359,1024,204,1024,0,-1,-1,-1,0x1000480A98140A04,1500,1500,1500,988,2012,1498,1500,1500,1500,1498,1193,1449,1500,1500,1500,1500,1500,1500,1500,2012,1500,1609,1500,2012,1500,1501,1500,1500,1520,1705,1500,988,8.3
2026-04-18,17:01:19.960,-63,-48,10,3866,0,52,44,16,0,46,57,2233,-4,1,359,1024,204,1024,0,-1,-1,-1,0x1000480A98140A04,1500,1500,1500,988,2012,1498,1500,1500,1500,1499,1193,1449,1500,1500,1500,1500,1500,1500,1500,2012,1500,1609,1500,2012,1500,1501,1500,1500,1520,1705,1500,988,8.3
2026-04-18,17:01:20.460,-48,-50,10,3867,0,52,44,16,0,46,57,2233,-3,1,359,1024,204,1024,0,-1,-1,-1,0x1000480A98140A04,1500,1500,1500,988,2012,1499,1500,1500,1500,1499,1193,1449,1500,1500,1500,1500,1500,1500,1500,2012,1500,1609,1500,2012,1500,1501,1500,1500,1520,1705,1500,988,8.3
2026-04-18,17:01:20.960,-60,-61,10,3867,0,52,44,16,0,46,57,2233,-3,2,359,1024,204,1024,0,-1,-1,-1,0x1000480A98140A04,1500,1500,1500,988,2012,1499,1500,1500,1500,1499,1193,1449,1500,1500,1500,1500,1500,1500,1500,2012,1500,1609,1500,2012,1500,1501,1500,1500,1520,1705,1500,988,8.3
2026-04-18,17:01:21.460,-61,-61,10,3867,0,52,44,16,0,46,57,2233,-3,1,359,1024,204,1024,0,-1,-1,-1,0x1000480A98140A04,1500,1500,1500,988,2012,1499,1500,1500,1500,1499,1193,1449,1500,1500,1500,1500,1500,1500,1500,2012,1500,1609,1500,2012,1500,1501,1500,1500,1520,1705,1500,988,8.3
2026-04-18,17:01:21.960,-60,-61,10,3867,0,52,44,16,0,46,57,2233,-3,1,359,1024,204,1024,0,-1,-1,-1,0x1000480A98140A04,1500,1500,1500,988,2012,1499,1500,1500,1500,1499,1193,1449,1500,1500,1500,1500,1500,1500,1500,2012,1500,1609,1500,2012,1500,1501,1500,1500,1520,1705,1500,988,8.3
2026-04-18,17:01:22.460,-59,-61,10,3867,0,52,44,16,0,46,57,2233,-3,1,359,1024,204,1024,0,-1,-1,-1,0x1000480A98140A04,1500,1500,1500,988,2012,1499,1500,1500,1500,1499,1193,1449,1500,1500,1500,1500,1500,1500,1500,2012,1500,1609,1500,2012,1500,1501,1500,1500,1520,1705,1500,988,8.3
2026-04-18,17:01:22.960,-62,-74,10,3868,0,52,44,16,0,46,57,2233,-3,1,359,1024,204,1024,0,-1,-1,-1,0x1000480A98140A04,1500,1500,1500,988,2012,1499,1500,1500,1500,1499,1193,1449,1500,1500,1500,1500,1500,1500,1500,2012,1500,1609,1500,2012,1500,1501,1500,1500,1520,1705,1500,988,8.3
2026-04-18,17:01:23.460,-61,-57,10,3868,0,52,44,16,0,46,57,2233,-3,2,359,1024,204,1024,0,-1,-1,-1,0x1000480A98140A04,1500,1500,1500,988,2012,1499,1501,1500,1500,1499,1193,1449,1500,1500,1500,1500,1500,1500,1500,2012,1500,1609,1500,2012,1500,1501,1500,1500,1520,1705,1500,988,8.3
2026-04-18,17:01:23.960,-62,-61,10,3868,0,52,44,16,0,46,57,2233,-4,1,359,1024,203,1024,0,-1,-1,-1,0x1000480A98140A04,1500,1500,1500,988,2012,1498,1500,1500,1500,1499,1193,1449,1500,1500,1500,1500,1500,1500,1500,2012,1500,1609,1500,2012,1500,1501,1500,1500,1520,1705,1500,988,8.3
2026-04-18,17:01:24.460,-63,-57,10,3868,0,52,44,16,0,46,57,2233,-3,1,359,1024,203,1024,0,-1,-1,-1,0x1000480A98140A04,1500,1500,1500,988,2012,1499,1500,1500,1500,1499,1193,1449,1500,1500,1500,1500,1500,1500,1500,2012,1500,1609,1500,2012,1500,1501,1500,1500,1520,1705,1500,988,8.3
2026-04-18,17:01:24.960,-74,-59,10,3868,0,52,44,16,0,46,57,2233,-3,1,359,1024,204,1024,0,-1,-1,-1,0x1000480A98140A04,1500,1500,1500,988,2012,1499,1500,1500,1500,1499,1193,1449,1500,1500,1500,1500,1500,1500,1500,2012,1500,1609,1500,2012,1500,1501,1500,1500,1520,1705,1500,988,8.3
2026-04-18,17:01:25.460,-74,-62,10,3867,0,52,44,16,0,46,57,2233,-3,1,359,1024,204,1024,0,-1,-1,-1,0x1000480A98140A04,1500,1500,1500,988,2012,1499,1500,1500,1500,1499,1193,1449,1500,1500,1500,1500,1500,1500,1500,2012,1500,1609,1500,2012,1500,1501,1500,1500,1520,1705,1500,988,8.3
2026-04-18,17:01:25.960,-74,-59,10,3867,0,52,44,16,0,46,57,2233,-3,1,359,1024,204,1024,0,-1,-1,-1,0x1000480A98140A04,1500,1500,1500,988,2012,1499,1500,1500,1500,1499,1193,1449,1500,1500,1500,1500,1500,1500,1500,2012,1500,1609,1500,2012,1500,1501,1500,1500,1520,1705,1500,988,8.3
2026-04-18,17:01:26.460,-74,-62,10,3867,0,52,44,16,0,46,57,2233,-3,1,359,1024,203,1024,0,-1,-1,-1,0x1000480A98140A04,1500,1500,1500,988,2012,1499,1500,1500,1500,1499,1193,1449,1500,1500,1500,1500,1500,1500,1500,2012,1500,1609,1500,2012,1500,1501,1500,1500,1520,1705,1500,988,8.3
2026-04-18,17:01:26.960,-74,-63,10,3867,0,52,44,16,0,46,57,2233,-3,1,359,1024,204,1024,0,-1,-1,-1,0x1000480A98140A04,1500,1500,1500,988,2012,1499,1500,1500,1500,1499,1193,1449,1500,1500,1500,1500,1500,1500,1500,2012,1500,1609,1500,2012,1500,1501,1500,1500,1520,1705,1500,988,8.3
2026-04-18,17:01:27.460,-74,-59,10,3868,0,52,44,16,0,46,57,2233,-4,1,359,1024,204,1024,0,-1,-1,-1,0x1000480A98140A04,1500,1500,1500,988,2012,1498,1500,1500,1500,1498,1193,1449,1500,1500,1500,1500,1500,1500,1500,2012,1500,1609,1500,2012,1500,1501,1500,1500,1520,1705,1500,988,8.3
2026-04-18,17:01:27.960,-74,-64,10,3870,0,52,44,16,0,46,57,2233,-3,1,359,1024,204,1024,0,-1,-1,-1,0x1000480A98140A04,1500,1500,1500,988,2012,1499,1500,1500,1500,1498,1193,1449,1500,1500,1500,1500,1500,1500,1500,2012,1500,1609,1500,2012,1500,1501,1500,1500,1520,1705,1500,988,8.3
2026-04-18,17:01:28.460,-64,-70,10,3870,0,52,44,16,0,46,57,2233,-3,1,359,1024,204,1024,0,-1,-1,-1,0x1000480A98140A04,1500,1500,1500,988,2012,1499,1500,1500,1500,1499,1193,1449,1500,1500,1500,1500,1500,1500,1500,2012,1500,1609,1500,2012,1500,1501,1500,1500,1520,1705,1500,988,8.3
2026-04-18,17:01:28.960,-65,-62,10,3870,0,52,44,16,0,46,57,2233,-3,2,359,1024,204,1024,0,-1,-1,-1,0x1000480A98140A04,1500,1500,1500,988,2012,1499,1501,1500,1500,1498,1193,1449,1500,1500,1500,1500,1500,1500,1500,2012,1500,1609,1500,2012,1500,1501,1500,1500,1520,1705,1500,988,8.3
2026-04-18,17:01:29.460,-72,-69,10,3871,0,52,44,16,0,46,57,2233,-3,1,359,1024,204,1024,0,-1,-1,-1,0x1000480A98140A04,1500,1500,1500,988,2012,1499,1500,1500,1500,1499,1193,1449,1500,1500,1500,1500,1500,1500,1500,2012,1500,1609,1500,2012,1500,1501,1500,1500,1520,1705,1500,988,8.3
2026-04-18,17:01:29.960,-69,-60,10,3871,0,52,44,16,0,46,57,2233,-3,2,359,1024,203,1024,0,-1,-1,-1,0x1000480A98140A04,1500,1500,1500,988,2012,1499,1501,1500,1500,1499,1193,1449,1500,1500,1500,1500,1500,1500,1500,2012,1500,1609,1500,2012,1500,1501,1500,1500,1520,1705,1500,988,8.3
2026-04-18,17:01:30.460,-69,-61,10,3870,0,52,44,16,0,46,57,2233,-3,1,359,1024,204,1024,0,-1,-1,-1,0x1000480A98140A04,1500,1500,1500,988,2012,1499,1500,1500,1500,1499,1193,1449,1500,1500,1500,1500,1500,1500,1500,2012,1500,1609,1500,2012,1500,1501,1500,1500,1520,1705,1500,988,8.3
2026-04-18,17:01:30.960,-69,-64,10,3872,0,52,44,16,0,46,57,2233,-3,1,359,1024,204,1024,0,-1,-1,-1,0x1000480A98140A04,1500,1500,1500,988,2012,1499,1500,1500,1500,1499,1193,1449,1500,1500,1500,1500,1500,1500,1500,2012,1500,1609,1500,2012,1500,1501,1500,1500,1520,1705,1500,988,8.3
2026-04-18,17:01:31.460,-75,-67,10,3872,0,52,44,16,0,46,57,2233,-3,1,359,1024,204,1024,0,-1,-1,-1,0x1000480A98140204,1500,1500,1500,988,2012,1499,1500,1500,1500,1499,1193,1449,1500,1500,1500,1500,1500,1500,1500,2012,1500,1609,1500,2012,1500,1501,1500,1500,1520,1705,1500,988,8.3
2026-04-18,17:01:31.960,-75,-71,10,3872,0,52,44,16,0,46,57,2233,-4,1,359,1024,204,1024,0,-1,-1,-1,0x1000480A98140204,1500,1500,1500,988,2012,1498,1500,1500,1500,1498,1193,1449,1500,1500,1500,1500,1500,1500,1500,2012,1500,1609,1500,2012,1500,1501,1500,1500,1520,1705,1500,988,8.3
2026-04-18,17:01:32.460,-78,-72,10,3873,0,52,44,16,0,46,57,2233,-3,1,359,1024,204,1024,0,-1,-1,-1,0x1000480A98140A04,1500,1500,1500,988,2012,1499,1500,1500,1500,1499,1193,1449,1500,1500,1500,1500,1500,1500,1500,2012,1500,1609,1500,2012,1500,1501,1500,1500,1520,1705,1500,988,8.3
2026-04-18,17:01:32.960,-72,-67,10,3874,0,52,44,16,0,46,57,2233,-3,1,359,1024,204,1024,0,-1,-1,-1,0x1000480A98140A04,1500,1500,1500,988,2012,1499,1500,1500,1500,1499,1193,1449,1500,1500,1500,1500,1500,1500,1500,2012,1500,1609,1500,2012,1500,1501,1500,1500,1520,1705,1500,988,8.3
2026-04-18,17:01:33.460,-70,-70,10,3873,0,52,44,16,0,46,57,2233,-3,1,359,1024,204,1024,0,-1,-1,-1,0x1000480A98140A04,1500,1500,1500,988,2012,1499,1500,1500,1500,1499,1193,1449,1500,1500,1500,1500,1500,1500,1500,2012,1500,1609,1500,2012,1500,1501,1500,1500,1520,1705,1500,988,8.3
2026-04-18,17:01:33.960,-71,-74,10,3873,0,52,44,16,0,46,57,2233,-4,1,359,1024,204,1024,0,-1,-1,-1,0x1000480A98140A04,1500,1500,1500,988,2012,1498,1500,1500,1500,1498,1193,1449,1500,1500,1500,1500,1500,1500,1500,2012,1500,1609,1500,2012,1500,1501,1500,1500,1520,1705,1500,988,8.3
2026-04-18,17:01:34.460,-76,-72,10,3873,0,52,44,16,0,46,57,2233,-4,1,359,1024,204,1024,0,-1,-1,-1,0x1000480A98140A04,1500,1500,1500,988,2012,1498,1500,1500,1500,1498,1193,1449,1500,1500,1500,1500,1500,1500,1500,2012,1500,1609,1500,2012,1500,1501,1500,1500,1520,1705,1500,988,8.3
2026-04-18,17:01:34.960,-76,-90,10,3874,0,52,44,16,0,46,57,2233,-4,1,359,1024,204,1024,0,-1,-1,-1,0x1000480A98140A04,1500,1500,1500,988,2012,1498,1500,1500,1500,1498,1193,1449,1500,1500,1500,1500,1500,1500,1500,2012,1500,1609,1500,2012,1500,1501,1500,1500,1520,1705,1500,988,8.3
2026-04-18,17:01:35.460,-80,-71,10,3876,0,52,44,16,0,46,57,2233,-4,1,359,1024,203,1024,0,-1,-1,-1,0x1000480A98140A04,1500,1500,1500,988,2012,1498,1500,1500,1500,1498,1193,1449,1500,1500,1500,1500,1500,1500,1500,2012,1500,1609,1500,2012,1500,1501,1500,1500,1520,1705,1500,988,8.3
2026-04-18,17:01:35.960,-74,-77,10,3879,0,52,44,16,0,46,57,2233,-3,1,359,1024,204,1024,0,-1,-1,-1,0x1000480A98140A04,1500,1500,1500,988,2012,1499,1500,1500,1500,1499,1193,1449,1500,1500,1500,1500,1500,1500,1500,2012,1500,1609,1500,2012,1500,1501,1500,1500,1520,1705,1500,988,8.3
2026-04-18,17:01:36.460,-74,-74,10,3878,0,52,44,16,0,46,57,2233,-4,1,359,1024,204,1024,0,-1,-1,-1,0x1000480A98140A04,1500,1500,1500,988,2012,1499,1500,1500,1500,1498,1193,1449,1500,1500,1500,1500,1500,1500,1500,2012,1500,1609,1500,2012,1500,1501,1500,1500,1520,1705,1500,988,8.3
2026-04-18,17:01:36.960,-72,-76,10,3878,0,52,44,16,0,46,57,2233,-4,1,359,1024,204,1024,0,-1,-1,-1,0x1000480A98140A04,1500,1500,1500,988,2012,1498,1500,1500,1500,1498,1193,1449,1500,1500,1500,1500,1500,1500,1500,2012,1500,1609,1500,2012,1500,1501,1500,1500,1520,1705,1500,988,8.3
2026-04-18,17:01:37.460,-72,-80,10,3877,0,52,44,16,0,46,57,2233,-3,1,359,1024,204,1024,0,-1,-1,-1,0x1000480A98140A04,1500,1500,1500,988,2012,1499,1500,1500,1500,1499,1193,1449,1500,1500,1500,1500,1500,1500,1500,2012,1500,1609,1500,2012,1500,1501,1500,1500,1520,1705,1500,988,8.3
2026-04-18,17:01:37.960,-73,-90,10,3878,0,52,44,16,0,46,57,2233,-3,1,359,1024,204,1024,0,-1,-1,-1,0x1000480A98140A04,1500,1500,1500,988,2012,1499,1500,1500,1500,1499,1193,1449,1500,1500,1500,1500,1500,1500,1500,2012,1500,1609,1500,2012,1500,1501,1500,1500,1520,1705,1500,988,8.3
2026-04-18,17:01:38.460,-74,-73,10,3878,0,52,44,16,0,46,57,2233,-3,1,359,1024,204,1024,0,-1,-1,-1,0x1000480A98140A04,1500,1500,1500,988,2012,1499,1500,1500,1500,1498,1193,1449,1500,1500,1500,1500,1500,1500,1500,2012,1500,1609,1500,2012,1500,1501,1500,1500,1520,1705,1500,988,8.3
2026-04-18,17:01:38.960,-76,-78,10,3877,0,52,44,16,0,46,57,2233,-3,1,359,1024,204,1024,0,-1,-1,-1,0x1000480A98140A04,1500,1500,1500,988,2012,1499,1500,1500,1500,1499,1193,1449,1500,1500,1500,1500,1500,1500,1500,2012,1500,1609,1500,2012,1500,1501,1500,1500,1520,1705,1500,988,8.3
2026-04-18,17:01:39.460,-73,-83,10,3876,0,52,44,16,0,46,57,2233,-3,1,359,1024,204,1024,0,-1,-1,-1,0x1000480A98140A04,1500,1500,1500,988,2012,1499,1500,1500,1500,1499,1193,1449,1500,1500,1500,1500,1500,1500,1500,2012,1500,1609,1500,2012,1500,1501,1500,1500,1520,1705,1500,988,8.3
2026-04-18,17:01:39.960,-74,-75,10,3877,0,52,44,16,0,46,57,2233,-3,1,359,1024,204,1024,0,-1,-1,-1,0x1000480A98140A04,1500,1500,1500,988,2012,1499,1500,1500,1500,1499,1193,1449,1500,1500,1500,1500,1500,1500,1500,2012,1500,1609,1500,2012,1500,1501,1500,1500,1520,1705,1500,988,8.3
2026-04-18,17:01:40.460,-78,-77,10,3877,0,52,44,16,0,46,57,2233,-4,1,359,1024,204,1024,0,-1,-1,-1,0x1000480A98140A04,1500,1500,1500,988,2012,1498,1500,1500,1500,1499,1193,1449,1500,1500,1500,1500,1500,1500,1500,2012,1500,1609,1500,2012,1500,1501,1500,1500,1520,1705,1500,988,8.3
2026-04-18,17:01:40.960,-84,-74,10,3876,0,52,44,16,0,46,57,2233,-3,1,359,1024,203,1024,0,-1,-1,-1,0x1000480A98140A04,1500,1500,1500,988,2012,1499,1500,1500,1500,1499,1193,1449,1500,1500,1500,1500,1500,1500,1500,2012,1500,1609,1500,2012,1500,1501,1500,1500,1520,1705,1500,988,8.3
2026-04-18,17:01:41.460,-80,-76,10,3878,0,52,44,16,0,46,57,2233,-3,1,359,1024,204,1024,0,-1,-1,-1,0x1000480A98140A04,1500,1500,1500,988,2012,1499,1500,1500,1500,1499,1193,1449,1500,1500,1500,1500,1500,1500,1500,2012,1500,1609,1500,2012,1500,1501,1500,1500,1520,1705,1500,988,8.3
2026-04-18,17:01:41.960,-76,-89,10,3879,0,52,44,16,0,46,57,2233,-3,1,359,1024,204,1024,0,-1,-1,-1,0x1000480A98140A04,1500,1500,1500,988,2012,1499,1500,1500,1500,1499,1193,1449,1500,1500,1500,1500,1500,1500,1500,2012,1500,1609,1500,2012,1500,1501,1500,1500,1520,1705,1500,988,8.3
2026-04-18,17:01:42.460,-75,-82,10,3879,0,52,44,16,0,46,57,2233,-3,1,359,1024,204,1024,0,-1,-1,-1,0x1000480A98140A04,1500,1500,1500,988,2012,1499,1500,1500,1500,1499,1193,1449,1500,1500,1500,1500,1500,1500,1500,2012,1500,1609,1500,2012,1500,1501,1500,1500,1520,1705,1500,988,8.3
2026-04-18,17:01:42.960,-79,-78,10,3881,0,52,44,16,0,46,57,2233,-3,1,359,1024,204,1024,0,-1,-1,-1,0x1000480A98140A04,1500,1500,1500,988,2012,1499,1500,1500,1500,1499,1193,1449,1500,1500,1500,1500,1500,1500,1500,2012,1500,1609,1500,2012,1500,1501,1500,1500,1520,1705,1500,988,8.3
2026-04-18,17:01:43.460,-73,-85,25,3881,0,52,44,16,0,46,57,2233,-3,1,359,1024,204,1024,0,-1,-1,-1,0x1000480A98140A04,1500,1500,1500,988,2012,1499,1500,1500,1500,1499,1193,1449,1500,1500,1500,1500,1500,1500,1500,2012,1500,1609,1500,2012,1500,1501,1500,1500,1520,1705,1500,988,8.3
2026-04-18,17:01:43.960,-82,-75,10,3881,0,52,44,16,0,46,57,2233,-2,1,359,1024,204,1024,0,-1,-1,-1,0x1000480A98140A04,1500,1500,1500,988,2012,1499,1500,1500,1500,1499,1193,1449,1500,1500,1500,1500,1500,1500,1500,2012,1500,1609,1500,2012,1500,1501,1500,1500,1520,1705,1500,988,8.3
2026-04-18,17:01:44.460,-85,-87,10,3881,0,52,44,16,0,46,57,2233,-3,1,359,1024,204,1024,0,-1,-1,-1,0x1000480A98140A04,1500,1500,1500,988,2012,1499,1500,1500,1500,1499,1193,1449,1500,1500,1500,1500,1500,1500,1500,2012,1500,1609,1500,2012,1500,1501,1500,1500,1520,1705,1500,988,8.3
2026-04-18,17:01:44.960,-88,-83,25,3881,0,52,44,16,0,46,57,2233,-3,1,359,1024,204,1024,0,-1,-1,-1,0x1000480A98140A04,1500,1500,1500,988,2012,1499,1500,1500,1500,1499,1193,1449,1500,1500,1500,1500,1500,1500,1500,2012,1500,1609,1500,2012,1500,1501,1500,1500,1520,1705,1500,988,8.3
2026-04-18,17:01:45.460,-92,-82,25,3881,0,52,44,16,0,46,57,2233,-3,1,359,1024,204,1024,0,-1,-1,-1,0x1000480A98140A04,1500,1500,1500,988,2012,1499,1500,1500,1500,1499,1193,1449,1500,1500,1500,1500,1500,1500,1500,2012,1500,1609,1500,2012,1500,1501,1500,1500,1520,1705,1500,988,8.3
2026-04-18,17:01:45.960,-83,-77,25,3880,0,52,44,16,0,46,57,2233,-4,1,359,1024,204,1024,0,-1,-1,-1,0x1000480A98140A04,1500,1500,1500,988,2012,1498,1500,1500,1500,1498,1193,1449,1500,1500,1500,1500,1500,1500,1500,2012,1500,1609,1500,2012,1500,1501,1500,1500,1520,1705,1500,988,8.3
2026-04-18,17:01:46.460,-73,-84,10,3881,0,52,44,16,0,46,57,2233,-4,1,359,1024,203,1024,0,-1,-1,-1,0x1000480A98140A04,1500,1500,1500,988,2012,1498,1500,1500,1500,1498,1193,1449,1500,1500,1500,1500,1500,1500,1500,2012,1500,1609,1500,2012,1500,1501,1500,1500,1520,1705,1500,988,8.3
2026-04-18,17:01:46.960,-93,-82,25,3881,0,52,44,16,0,46,57,2233,-4,1,359,1024,203,1024,0,-1,-1,-1,0x1000480A98140A04,1500,1500,1500,988,2012,1498,1500,1500,1500,1498,1193,1449,1500,1500,1500,1500,1500,1500,1500,2012,1500,1609,1500,2012,1500,1501,1500,1500,1520,1705,1500,988,8.3
2026-04-18,17:01:47.460,-86,-80,10,3881,0,52,44,16,0,46,57,2233,-5,0,359,1024,204,1024,0,-1,-1,-1,0x1000480A98140A04,1500,1500,1500,988,2012,1498,1500,1500,1500,1498,1193,1449,1500,1500,1500,1500,1500,1500,1500,2012,1500,1609,1500,2012,1500,1500,1500,1500,1520,1705,1500,988,8.3
2026-04-18,17:01:47.960,-85,-84,10,3882,0,52,44,16,0,46,57,2233,-4,1,359,1024,204,1024,0,-1,-1,-1,0x1000480A98140A04,1500,1500,1500,988,2012,1498,1500,1500,1500,1499,1193,1449,1500,1500,1500,1500,1500,1500,1500,2012,1500,1609,1500,2012,1500,1501,1500,1500,1520,1705,1500,988,8.3
2026-04-18,17:01:48.460,-84,-74,10,3883,0,52,44,16,0,46,57,2233,-5,0,359,1024,204,1024,0,-1,-1,-1,0x1000480A98140A04,1500,1500,1500,988,2012,1498,1500,1500,1500,1498,1193,1449,1500,1500,1500,1500,1500,1500,1500,2012,1500,1609,1500,2012,1500,1501,1500,1500,1520,1705,1500,988,8.3
2026-04-18,17:01:48.960,-76,-87,10,3883,0,52,44,16,0,46,57,2233,-3,1,359,1024,204,1024,0,-1,-1,-1,0x1000480A98140A04,1500,1500,1500,988,2012,1499,1500,1500,1500,1499,1193,1449,1500,1500,1500,1500,1500,1500,1500,2012,1500,1609,1500,2012,1500,1501,1500,1500,1520,1705,1500,988,8.3
2026-04-18,17:01:49.460,-74,-86,10,3883,0,52,44,16,0,46,57,2233,-4,1,359,1024,204,1024,0,-1,-1,-1,0x1000480A98140A04,1500,1500,1500,988,2012,1498,1500,1500,1500,1498,1193,1449,1500,1500,1500,1500,1500,1500,1500,2012,1500,1609,1500,2012,1500,1501,1500,1500,1520,1705,1500,988,8.3
2026-04-18,17:01:49.960,-74,-85,10,3883,0,52,44,16,0,46,57,2233,-4,0,359,1024,203,1024,0,-1,-1,-1,0x1000480A98140A04,1500,1500,1500,988,2012,1498,1500,1500,1500,1499,1193,1449,1500,1500,1500,1500,1500,1500,1500,2012,1500,1609,1500,2012,1500,1500,1500,1500,1520,1705,1500,988,8.3
2026-04-18,17:01:50.460,-82,-83,10,3883,0,52,44,16,0,46,57,2233,-4,1,359,1024,204,1024,0,-1,-1,-1,0x1000480A98140A04,1500,1500,1500,988,2012,1498,1500,1500,1500,1498,1193,1449,1500,1500,1500,1500,1500,1500,1500,2012,1500,1609,1500,2012,1500,1501,1500,1500,1520,1705,1500,988,8.3
2026-04-18,17:01:50.960,-75,-80,25,3883,0,52,44,16,0,46,57,2233,-3,1,359,1024,204,1024,0,-1,-1,-1,0x1000480A98140A04,1500,1500,1500,988,2012,1499,1500,1500,1500,1499,1193,1449,1500,1500,1500,1500,1500,1500,1500,2012,1500,1609,1500,2012,1500,1501,1500,1500,1520,1705,1500,988,8.3
2026-04-18,17:01:51.460,-81,-79,25,3883,0,52,44,16,0,46,57,2233,-4,1,359,1024,204,1024,0,-1,-1,-1,0x1000480A98140A04,1500,1500,1500,988,2012,1498,1500,1500,1500,1498,1193,1449,1500,1500,1500,1500,1500,1500,1500,2012,1500,1609,1500,2012,1500,1501,1500,1500,1520,1705,1500,988,8.3
2026-04-18,17:01:51.960,-76,-78,25,3883,0,52,44,16,0,46,57,2233,-4,1,359,1024,203,1024,0,-1,-1,-1,0x1000480A98140A04,1500,1500,1500,988,2012,1498,1500,1500,1500,1498,1193,1449,1500,1500,1500,1500,1500,1500,1500,2012,1500,1609,1500,2012,1500,1501,1500,1500,1520,1705,1500,988,8.3
2026-04-18,17:01:52.460,-84,-99,25,3883,0,52,44,16,0,46,57,2233,-4,1,359,1024,203,1024,0,-1,-1,-1,0x1000480A98140A04,1500,1500,1500,988,2012,1498,1500,1500,1500,1498,1193,1449,1500,1500,1500,1500,1500,1500,1500,2012,1500,1609,1500,2012,1500,1501,1500,1500,1520,1705,1500,988,8.3
2026-04-18,17:01:52.960,-81,-79,250,3883,0,52,44,16,0,46,57,2233,-4,1,359,1024,203,1024,0,-1,-1,-1,0x1000480A98140A04,1500,1500,1500,988,2012,1498,1500,1500,1500,1498,1193,1449,1500,1500,1500,1500,1500,1500,1500,2012,1500,1609,1500,2012,1500,1501,1500,1500,1520,1705,1500,988,8.3
2026-04-18,17:01:53.460,-78,-94,50,3883,0,52,44,16,0,46,57,2233,-4,1,359,1024,203,1024,0,-1,-1,-1,0x1000480A98140A04,1500,1500,1500,988,2012,1498,1500,1500,1500,1498,1193,1449,1500,1500,1500,1500,1500,1500,1500,2012,1500,1609,1500,2012,1500,1501,1500,1500,1520,1705,1500,988,8.3
2026-04-18,17:01:53.960,-82,-82,10,3883,0,52,44,16,0,46,57,2233,-5,1,359,1024,204,1024,0,-1,-1,-1,0x1000480A98140A04,1500,1500,1500,988,2012,1498,1500,1500,1500,1498,1193,1449,1500,1500,1500,1500,1500,1500,1500,2012,1500,1609,1500,2012,1500,1501,1500,1500,1520,1705,1500,988,8.3
2026-04-18,17:01:54.460,-89,-82,250,3883,0,52,44,16,0,46,57,2233,-4,1,359,1024,203,1024,0,-1,-1,-1,0x1000480A98140A04,1500,1500,1500,988,2012,1498,1500,1500,1500,1498,1193,1449,1500,1500,1500,1500,1500,1500,1500,2012,1500,1609,1500,2012,1500,1501,1500,1500,1520,1705,1500,988,8.3
2026-04-18,17:01:54.960,-84,-88,50,3883,0,52,44,16,0,46,57,2233,-5,1,359,1024,203,1024,0,-1,-1,-1,0x1000480A98140A04,1500,1500,1500,988,2012,1498,1500,1500,1500,1498,1193,1449,1500,1500,1500,1500,1500,1500,1500,2012,1500,1609,1500,2012,1500,1501,1500,1500,1520,1705,1500,988,8.3
2026-04-18,17:01:55.460,-86,-83,10,3883,0,52,44,16,0,46,57,2233,-5,1,359,1024,204,1024,0,-1,-1,-1,0x1000480A98140A04,1500,1500,1500,988,2012,1498,1500,1500,1500,1498,1193,1449,1500,1500,1500,1500,1500,1500,1500,2012,1500,1609,1500,2012,1500,1501,1500,1500,1520,1705,1500,988,8.3
2026-04-18,17:01:55.960,-79,-86,100,3883,0,52,44,16,0,46,57,2233,-4,2,359,1024,204,1024,0,-1,-1,-1,0x1000480A98140A04,1500,1500,1500,988,2012,1498,1501,1500,1500,1498,1193,1449,1500,1500,1500,1500,1500,1500,1500,2012,1500,1609,1500,2012,1500,1501,1500,1500,1520,1705,1500,988,8.3
2026-04-18,17:01:56.460,-81,-88,25,3883,0,52,44,16,0,46,57,2233,-4,2,359,1024,204,1024,0,-1,-1,-1,0x1000480A98140A04,1500,1500,1500,988,2012,1498,1501,1500,1500,1498,1193,1449,1500,1500,1500,1500,1500,1500,1500,2012,1500,1609,1500,2012,1500,1501,1500,1500,1520,1705,1500,988,8.3
2026-04-18,17:01:56.960,-74,-89,250,3882,0,52,44,16,0,46,57,2233,-4,2,359,1024,203,1024,0,-1,-1,-1,0x1000480A98140A04,1500,1500,1500,988,2012,1498,1501,1500,1500,1498,1193,1449,1500,1500,1500,1500,1500,1500,1500,2012,1500,1609,1500,2012,1500,1501,1500,1500,1520,1705,1500,988,8.3
2026-04-18,17:01:57.460,-80,-79,10,3882,0,52,44,16,0,46,57,2233,-4,2,359,1024,203,1024,0,-1,-1,-1,0x1000480A98140A04,1500,1500,1500,988,2012,1498,1501,1500,1500,1498,1193,1449,1500,1500,1500,1500,1500,1500,1500,2012,1500,1609,1500,2012,1500,1501,1500,1500,1520,1705,1500,988,8.3
2026-04-18,17:01:57.960,-80,-82,10,3882,0,52,44,16,0,46,57,2233,-4,2,359,1024,204,1024,0,-1,-1,-1,0x1000480A98140A04,1500,1500,1500,988,2012,1498,1501,1500,1500,1498,1193,1449,1500,1500,1500,1500,1500,1500,1500,2012,1500,1609,1500,2012,1500,1501,1500,1500,1520,1705,1500,988,8.3
2026-04-18,17:01:58.460,-89,-97,25,3882,0,52,44,16,0,46,57,2233,-3,1,359,1024,204,1024,0,-1,-1,-1,0x1000480A98140A04,1500,1500,1500,988,2012,1499,1500,1500,1500,1499,1193,1449,1500,1500,1500,1500,1500,1500,1500,2012,1500,1609,1500,2012,1500,1501,1500,1500,1520,1705,1500,988,8.3
2026-04-18,17:01:58.960,-77,-94,10,3883,0,52,44,16,0,46,57,2233,-3,2,359,1024,204,1024,0,-1,-1,-1,0x1000480A98140A04,1500,1500,1500,988,2012,1499,1501,1500,1500,1499,1193,1449,1500,1500,1500,1500,1500,1500,1500,2012,1500,1609,1500,2012,1500,1501,1500,1500,1520,1705,1500,988,8.3
2026-04-18,17:01:59.460,-80,-88,25,3883,0,52,44,16,0,46,57,2233,-4,2,359,1024,204,1024,0,-1,-1,-1,0x1000480A98140A04,1500,1500,1500,988,2012,1498,1501,1500,1500,1498,1193,1449,1500,1500,1500,1500,1500,1500,1500,2012,1500,1609,1500,2012,1500,1501,1500,1500,1520,1705,1500,988,8.3
2026-04-18,17:01:59.960,-76,-77,25,3883,0,52,44,16,0,46,57,2233,-3,2,289,1024,204,1024,0,-1,-1,-1,0x1000480A98140A04,1500,1500,1500,988,2012,1499,1501,1500,1500,1499,1193,1449,1500,1500,1500,1500,1500,1500,1500,2012,1500,1609,1500,2012,1500,1501,1500,1500,1520,1705,1500,988,8.3
2026-04-18,17:02:00.460,-79,-80,50,3883,0,52,44,16,0,46,57,2233,-3,2,262,1024,204,1024,0,-1,-1,-1,0x1000480A98140A04,1500,1500,1500,988,2012,1499,1501,1500,1500,1499,1193,1449,1500,1500,1500,1500,1500,1500,1500,2012,1500,1609,1500,2012,1500,1501,1500,1500,1520,1705,1500,988,8.3
2026-04-18,17:02:00.960,-79,-84,10,3883,0,52,44,16,0,46,57,2233,-3,2,418,1024,204,1024,0,-1,-1,-1,0x1000480A98140A04,1500,1500,1500,988,2012,1499,1501,1500,1500,1499,1193,1449,1500,1500,1500,1500,1500,1500,1500,2012,1500,1609,1500,2012,1500,1501,1500,1500,1520,1705,1500,988,8.3
2026-04-18,17:02:01.460,-81,-84,10,3883,0,52,44,16,0,46,57,2233,-4,2,425,1024,204,1024,0,-1,-1,-1,0x1000480A98140A04,1500,1500,1500,988,2012,1498,1501,1500,1500,1499,1193,1449,1500,1500,1500,1500,1500,1500,1500,2012,1500,1609,1500,2012,1500,1501,1500,1500,1520,1705,1500,988,8.3
2026-04-18,17:02:01.960,-81,-89,10,3883,0,52,44,16,0,46,57,2233,-4,2,425,1024,204,1024,0,-1,-1,-1,0x1000480A98140A04,1500,1500,1500,988,2012,1498,1501,1500,1500,1498,1193,1449,1500,1500,1500,1500,1500,1500,1500,2012,1500,1609,1500,2012,1500,1501,1500,1500,1520,1705,1500,988,8.3
2026-04-18,17:02:02.460,-81,-85,10,3883,0,52,44,16,0,46,57,2233,-3,2,425,1024,204,1024,0,-1,-1,-1,0x1000480A98140A04,1500,1500,1500,988,2012,1499,1501,1500,1500,1499,1193,1449,1500,1500,1500,1500,1500,1500,1500,2012,1500,1609,1500,2012,1500,1501,1500,1500,1520,1705,1500,988,8.3
2026-04-18,17:02:02.960,-82,-82,10,3883,0,52,44,16,0,46,57,2233,-3,1,461,1024,203,1024,0,-1,-1,-1,0x1000480A98140A04,1500,1500,1500,988,2012,1499,1500,1500,1500,1499,1193,1449,1500,1500,1500,1500,1500,1500,1500,2012,1500,1609,1500,2012,1500,1501,1500,1500,1520,1705,1500,988,8.3
2026-04-18,17:02:03.460,-82,-86,25,3883,0,52,44,16,0,46,57,2233,-3,2,491,1024,204,1024,0,-1,-1,-1,0x1000480A98140A04,1500,1500,1500,988,2012,1499,1501,1500,1500,1499,1193,1449,1500,1500,1500,1500,1500,1500,1500,2012,1500,1609,1500,2012,1500,1501,1500,1500,1520,1705,1500,988,8.3
2026-04-18,17:02:03.960,-79,-88,10,3883,0,52,44,16,0,46,57,2233,-3,2,491,1024,204,1024,0,-1,-1,-1,0x1000480A98140A04,1500,1500,1500,988,2012,1499,1501,1500,1500,1499,1193,1449,1500,1500,1500,1500,1500,1500,1500,2012,1500,1609,1500,2012,1500,1501,1500,1500,1520,1705,1500,988,8.3
2026-04-18,17:02:04.460,-81,-86,10,3883,0,52,44,16,0,46,57,2233,-3,2,491,1024,204,1024,0,-1,-1,-1,0x1000480A98140A04,1500,1500,1500,988,2012,1499,1501,1500,1500,1499,1193,1449,1500,1500,1500,1500,1500,1500,1500,2012,1500,1609,1500,2012,1500,1501,1500,1500,1520,1705,1500,988,8.3
2026-04-18,17:02:04.960,-83,-91,10,3883,0,52,44,16,0,46,57,2233,-3,2,491,1024,203,1024,0,-1,-1,-1,0x1000480A98140A04,1500,1500,1500,988,2012,1499,1501,1500,1500,1499,1193,1449,1500,1500,1500,1500,1500,1500,1500,2012,1500,1609,1500,2012,1500,1501,1500,1500,1520,1705,1500,988,8.3
2026-04-18,17:02:05.460,-74,-81,250,3883,0,52,44,16,0,46,57,2233,-3,2,527,1024,203,1024,0,-1,-1,-1,0x1000480A98140A04,1500,1500,1500,988,2012,1499,1501,1500,1500,1499,1193,1449,1500,1500,1500,1500,1500,1500,1500,2012,1500,1609,1500,2012,1500,1501,1500,1500,1520,1705,1500,988,8.3
2026-04-18,17:02:05.960,-73,-81,10,3883,0,52,44,16,0,46,57,2233,-3,2,527,1024,204,1024,0,-1,-1,-1,0x1000480A98140A04,1500,1500,1500,988,2012,1499,1501,1500,1500,1499,1193,1449,1500,1500,1500,1500,1500,1500,1500,2012,1500,1609,1500,2012,1500,1501,1500,1500,1520,1705,1500,988,8.3
2026-04-18,17:02:06.460,-80,-86,10,3883,0,52,44,16,0,46,57,2233,-3,2,527,1024,204,1024,0,-1,-1,-1,0x1000480A98140A04,1500,1500,1500,988,2012,1499,1501,1500,1500,1499,1193,1449,1500,1500,1500,1500,1500,1500,1500,2012,1500,1609,1500,2012,1500,1501,1500,1500,1520,1705,1500,988,8.3
2026-04-18,17:02:06.960,-80,-83,10,3883,0,52,44,16,0,46,57,2233,-3,2,527,1024,204,1024,0,-1,-1,-1,0x1000480A98140A04,1500,1500,1500,988,2012,1499,1501,1500,1500,1499,1193,1449,1500,1500,1500,1500,1500,1500,1500,2012,1500,1609,1500,2012,1500,1501,1500,1500,1520,1705,1500,988,8.3
2026-04-18,17:02:07.460,-79,-78,10,3883,0,52,44,16,0,46,57,2233,-4,2,527,1024,204,1024,0,-1,-1,-1,0x1000480A98140A04,1500,1500,1500,988,2012,1498,1501,1500,1500,1499,1193,1449,1500,1500,1500,1500,1500,1500,1500,2012,1500,1609,1500,2012,1500,1501,1500,1500,1520,1705,1500,988,8.3
2026-04-18,17:02:07.960,-80,-79,10,3883,0,52,44,16,0,46,57,2233,-4,5,527,1024,203,1024,0,-1,-1,-1,0x1000480A98140A04,1500,1501,1500,988,2012,1498,1502,1500,1500,1498,1193,1449,1500,1500,1500,1500,1500,1500,1500,2012,1500,1609,1500,2012,1500,1504,1501,1500,1520,1705,1500,988,8.3
2026-04-18,17:02:08.460,-86,-76,25,3883,0,52,44,16,0,46,57,2233,-4,6,527,1024,203,1024,0,-1,-1,-1,0x1000480A98140A04,1500,1502,1500,988,2012,1498,1503,1500,1500,1499,1193,1449,1500,1500,1500,1500,1500,1500,1500,2012,1500,1609,1500,2012,1500,1505,1502,1500,1520,1705,1500,988,8.3
2026-04-18,17:02:08.960,-83,-85,10,3883,0,52,44,16,0,46,57,2233,-3,4,527,1024,204,1024,0,-1,-1,-1,0x1000480A98140A04,1500,1501,1500,988,2012,1499,1502,1500,1500,1499,1193,1449,1500,1500,1500,1500,1500,1500,1500,2012,1500,1609,1500,2012,1500,1503,1501,1500,1520,1705,1500,988,8.3
2026-04-18,17:02:09.460,-81,-80,10,3883,0,52,44,16,0,46,57,2233,-3,3,527,1024,204,1024,0,-1,-1,-1,0x1000480A98140A04,1500,1501,1500,988,2012,1499,1501,1500,1500,1499,1193,1449,1500,1500,1500,1500,1500,1500,1500,2012,1500,1609,1500,2012,1500,1502,1501,1500,1520,1705,1500,988,8.3
2026-04-18,17:02:09.960,-81,-79,10,3883,0,52,44,16,0,46,57,2233,-3,3,527,1024,204,1024,0,-1,-1,-1,0x1000480A98140A04,1500,1501,1500,988,2012,1499,1501,1500,1500,1499,1193,1449,1500,1500,1500,1500,1500,1500,1500,2012,1500,1609,1500,2012,1500,1502,1501,1500,1520,1705,1500,988,8.3
2026-04-18,17:02:10.460,-90,-81,10,3883,0,52,44,16,0,46,57,2233,-3,3,527,1024,204,1024,0,-1,-1,-1,0x1000480A98140A04,1500,1501,1500,988,2012,1499,1501,1500,1500,1499,1193,1449,1500,1500,1500,1500,1500,1500,1500,2012,1500,1609,1500,2012,1500,1502,1501,1500,1520,1705,1500,988,8.3
2026-04-18,17:02:10.960,-86,-93,10,3883,0,52,44,16,0,46,57,2233,-3,4,527,1024,204,1024,0,-1,-1,-1,0x1000480A98140A04,1500,1501,1500,988,2012,1499,1502,1500,1500,1499,1193,1449,1500,1500,1500,1500,1500,1500,1500,2012,1500,1609,1500,2012,1500,1503,1501,1500,1520,1705,1500,988,8.3
2026-04-18,17:02:11.460,-73,-80,50,3883,0,52,44,16,0,46,57,2233,-2,3,527,1024,203,1024,0,-1,-1,-1,0x1000480A98140A04,1500,1501,1500,988,2012,1499,1501,1500,1500,1499,1193,1449,1500,1500,1500,1500,1500,1500,1500,2012,1500,1609,1500,2012,1500,1502,1501,1500,1520,1705,1500,988,8.3
2026-04-18,17:02:11.960,-75,-73,10,3883,0,52,44,16,0,46,57,2233,-3,3,491,1024,204,1024,0,-1,-1,-1,0x1000480A98140A04,1500,1501,1500,988,2012,1499,1501,1500,1500,1499,1193,1449,1500,1500,1500,1500,1500,1500,1500,2012,1500,1609,1500,2012,1500,1502,1501,1500,1520,1705,1500,988,8.3
2026-04-18,17:02:12.460,-84,-75,10,3883,0,52,44,16,0,46,57,2233,-3,3,474,1024,204,1024,0,-1,-1,-1,0x1000480A98140A04,1500,1500,1500,988,2012,1499,1501,1500,1500,1499,1193,1449,1500,1500,1500,1500,1500,1500,1500,2012,1500,1609,1500,2012,1500,1501,1500,1500,1520,1705,1500,988,8.3
2026-04-18,17:02:12.960,-78,-90,10,3882,0,52,44,16,0,46,57,2233,-2,3,462,1024,204,1024,0,-1,-1,-1,0x1000480A98140A04,1500,1501,1500,988,2012,1499,1501,1500,1500,1499,1193,1449,1500,1500,1500,1500,1500,1500,1500,2012,1500,1609,1500,2012,1500,1502,1501,1500,1520,1705,1500,988,8.3
2026-04-18,17:02:13.460,-76,-79,10,3882,0,52,44,16,0,46,57,2233,-3,3,425,1024,204,1024,0,-1,-1,-1,0x1000480A98140A04,1500,1501,1500,988,2012,1499,1501,1500,1500,1499,1193,1449,1500,1500,1500,1500,1500,1500,1500,2012,1500,1609,1500,2012,1500,1502,1501,1500,1520,1705,1500,988,8.3
2026-04-18,17:02:13.960,-84,-81,10,3882,0,52,44,16,0,46,57,2233,-3,3,413,1024,203,1024,0,-1,-1,-1,0x1000480A98140A04,1500,1500,1500,988,2012,1499,1501,1500,1500,1499,1193,1449,1500,1500,1500,1500,1500,1500,1500,2012,1500,1609,1500,2012,1500,1501,1500,1500,1520,1705,1500,988,8.3
2026-04-18,17:02:14.460,-79,-79,10,3882,0,52,44,16,0,46,57,2233,-3,2,399,1024,203,1024,0,-1,-1,-1,0x1000480A98140A04,1500,1501,1500,988,2012,1499,1501,1500,1500,1499,1193,1449,1500,1500,1500,1500,1500,1500,1500,2012,1500,1609,1500,2012,1500,1501,1501,1500,1520,1705,1500,988,8.3
2026-04-18,17:02:14.960,-79,-79,10,3882,0,52,44,16,0,46,57,2233,-2,3,396,1024,204,1024,0,-1,-1,-1,0x1000480A98140A04,1500,1501,1500,988,2012,1499,1501,1500,1500,1499,1193,1449,1500,1500,1500,1500,1500,1500,1500,2012,1500,1609,1500,2012,1500,1502,1501,1500,1520,1705,1500,988,8.3
2026-04-18,17:02:15.460,-83,-77,10,3883,0,52,44,16,0,46,57,2233,-2,3,396,1024,204,1024,0,-1,-1,-1,0x1000480A98140A04,1500,1501,1500,988,2012,1499,1501,1500,1500,1499,1193,1449,1500,1500,1500,1500,1500,1500,1500,2012,1500,1609,1500,2012,1500,1501,1501,1500,1520,1705,1500,988,8.3
2026-04-18,17:02:15.960,-78,-78,10,3883,0,52,44,16,0,46,57,2233,-2,3,389,1024,204,1024,0,-1,-1,-1,0x1000480A98140A04,1500,1501,1500,988,2012,1499,1501,1500,1500,1499,1193,1449,1500,1500,1500,1500,1500,1500,1500,2012,1500,1609,1500,2012,1500,1502,1501,1500,1520,1705,1500,988,8.3
2026-04-18,17:02:16.460,-78,-76,10,3883,0,52,44,16,0,46,57,2233,-2,3,366,1024,204,1024,0,-1,-1,-1,0x1000480A98140A04,1500,1501,1500,988,2012,1499,1501,1500,1500,1499,1193,1449,1500,1500,1500,1500,1500,1500,1500,2012,1500,1609,1500,2012,1500,1502,1501,1500,1520,1705,1500,988,8.3
2026-04-18,17:02:16.960,-81,-78,10,3882,0,52,44,16,0,46,57,2233,-3,2,366,1024,204,1024,0,-1,-1,-1,0x1000480A98140A04,1500,1500,1500,988,2012,1499,1501,1500,1500,1499,1193,1449,1500,1500,1500,1500,1500,1500,1500,2012,1500,1609,1500,2012,1500,1501,1500,1500,1520,1705,1500,988,8.3
2026-04-18,17:02:17.460,-87,-80,10,3882,0,52,44,16,0,46,57,2233,-2,3,372,1024,204,1024,0,-1,-1,-1,0x1000480A98140A04,1500,1501,1500,988,2012,1499,1501,1500,1500,1499,1193,1449,1500,1500,1500,1500,1500,1500,1500,2012,1500,1609,1500,2012,1500,1502,1501,1500,1520,1705,1500,988,8.3
2026-04-18,17:02:17.960,-87,-75,10,3882,0,52,44,16,0,46,57,2233,-2,3,463,1024,204,1024,0,-1,-1,-1,0x1000480A98140A04,1500,1501,1500,988,2012,1499,1501,1500,1500,1499,1193,1449,1500,1500,1500,1500,1500,1500,1500,2012,1500,1609,1500,2012,1500,1502,1501,1500,1520,1705,1500,988,8.3
2026-04-18,17:02:18.460,-86,-78,10,3882,0,52,44,16,0,46,57,2233,-2,2,445,1024,204,1024,0,-1,-1,-1,0x1000480A98140A04,1500,1500,1500,988,2012,1499,1501,1500,1500,1499,1193,1449,1500,1500,1500,1500,1500,1500,1500,2012,1500,1609,1500,2012,1500,1501,1500,1500,1520,1705,1500,988,8.3
2026-04-18,17:02:18.960,-95,-80,10,3881,0,52,44,16,0,46,57,2233,-2,3,423,1024,204,1024,0,-1,-1,-1,0x1000480A98140A04,1500,1501,1500,988,2012,1499,1501,1500,1500,1499,1193,1449,1500,1500,1500,1500,1500,1500,1500,2012,1500,1609,1500,2012,1500,1502,1501,1500,1520,1705,1500,988,8.3
2026-04-18,17:02:19.460,-95,-79,10,3882,0,52,44,16,0,46,57,2233,-2,2,423,1024,203,1024,0,-1,-1,-1,0x1000480A98140A04,1500,1500,1500,988,2012,1499,1501,1500,1500,1499,1193,1449,1500,1500,1500,1500,1500,1500,1500,2012,1500,1609,1500,2012,1500,1501,1500,1500,1520,1705,1500,988,8.3
2026-04-18,17:02:19.960,-85,-90,10,3882,0,52,44,16,0,46,57,2233,-1,4,423,1024,204,1024,0,-1,-1,-1,0x1000480A98140A04,1500,1501,1500,988,2012,1500,1502,1500,1500,1500,1193,1449,1500,1500,1500,1500,1500,1500,1500,2012,1500,1609,1500,2012,1500,1503,1501,1500,1520,1705,1500,988,8.3
2026-04-18,17:02:20.460,-82,-81,10,3882,0,52,44,16,0,46,57,2233,-1,2,423,1024,204,1024,0,-1,-1,-1,0x1000480A98140A04,1500,1501,1500,988,2012,1500,1501,1500,1500,1500,1193,1449,1500,1500,1500,1500,1500,1500,1500,2012,1500,1609,1500,2012,1500,1502,1501,1500,1520,1705,1500,988,8.3
2026-04-18,17:02:20.960,-84,-77,10,3883,0,52,44,16,0,46,57,2233,-3,4,423,1024,204,1024,0,-1,-1,-1,0x1000480A98140A04,1500,1501,1500,988,2012,1499,1502,1500,1500,1499,1193,1449,1500,1500,1500,1500,1500,1500,1500,2012,1500,1609,1500,2012,1500,1503,1501,1500,1520,1705,1500,988,8.3
2026-04-18,17:02:21.460,-76,-75,10,3883,0,52,44,16,0,46,57,2233,-1,2,423,1024,204,1024,0,-1,-1,-1,0x1000480A98140A04,1500,1500,1500,988,2012,1500,1501,1500,1500,1500,1193,1449,1500,1500,1500,1500,1500,1500,1500,2012,1500,1609,1500,2012,1500,1501,1500,1500,1520,1705,1500,988,8.3
2026-04-18,17:02:21.960,-75,-75,10,3883,0,52,44,16,0,46,57,2233,-2,2,423,1024,204,1024,0,-1,-1,-1,0x1000480A98140A04,1500,1500,1500,988,2012,1499,1501,1500,1500,1499,1193,1449,1500,1500,1500,1500,1500,1500,1500,2012,1500,1609,1500,2012,1500,1501,1500,1500,1520,1705,1500,988,8.3
2026-04-18,17:02:22.460,-75,-70,50,3883,0,52,44,16,0,46,57,2233,-2,2,423,1024,204,1024,0,-1,-1,-1,0x1000480A98140A04,1500,1500,1500,988,2012,1499,1501,1500,1500,1499,1193,1449,1500,1500,1500,1500,1500,1500,1500,2012,1500,1609,1500,2012,1500,1501,1500,1500,1520,1705,1500,988,8.3
2026-04-18,17:02:22.960,-79,-81,10,3883,0,52,44,16,0,46,57,2233,-2,2,423,1024,204,1024,0,-1,-1,-1,0x1000480A98140A04,1500,1500,1500,988,2012,1499,1501,1500,1500,1499,1193,1449,1500,1500,1500,1500,1500,1500,1500,2012,1500,1609,1500,2012,1500,1501,1500,1500,1520,1705,1500,988,8.3
2026-04-18,17:02:23.460,-81,-76,10,3883,0,52,44,16,0,46,57,2233,-1,3,423,1024,204,1024,0,-1,-1,-1,0x1000480A98140A04,1500,1500,1500,988,2012,1500,1501,1500,1500,1500,1193,1449,1500,1500,1500,1500,1500,1500,1500,2012,1500,1609,1500,2012,1500,1502,1500,1500,1520,1705,1500,988,8.3
2026-04-18,17:02:23.960,-76,-79,10,3883,0,52,44,16,0,46,57,2233,0,2,423,1024,204,1024,0,-1,-1,-1,0x1000480A98140A04,1500,1500,1500,988,2012,1500,1501,1500,1500,1500,1193,1449,1500,1500,1500,1500,1500,1500,1500,2012,1500,1609,1500,2012,1500,1501,1500,1500,1520,1705,1500,988,8.3
2026-04-18,17:02:24.460,-76,-80,10,3883,0,52,44,16,0,46,57,2233,1,3,423,1024,204,1024,0,-1,-1,-1,0x1000480A98140A04,1500,1500,1500,988,2012,1500,1501,1500,1500,1500,1193,1449,1500,1500,1500,1500,1500,1500,1500,2012,1500,1609,1500,2012,1500,1502,1500,1500,1520,1705,1500,988,8.3
2026-04-18,17:02:24.960,-75,-75,10,3883,0,52,44,16,0,46,57,2233,1,3,423,1024,203,1024,0,-1,-1,-1,0x1000480A98140A04,1500,1501,1500,988,2012,1500,1501,1500,1500,1500,1193,1449,1500,1500,1500,1500,1500,1500,1500,2012,1500,1609,1500,2012,1500,1502,1501,1500,1520,1705,1500,988,8.3
2026-04-18,17:02:25.460,-76,-77,10,3883,0,52,44,16,0,46,57,2233,1,2,423,1024,204,1024,0,-1,-1,-1,0x1000480A98140A04,1500,1500,1500,988,2012,1500,1501,1500,1500,1500,1193,1449,1500,1500,1500,1500,1500,1500,1500,2012,1500,1609,1500,2012,1500,1501,1500,1500,1520,1705,1500,988,8.3
2026-04-18,17:02:25.960,-75,-75,10,3883,0,52,44,16,0,46,57,2233,0,3,423,1024,204,1024,0,-1,-1,-1,0x1000480A98140A04,1500,1500,1500,988,2012,1500,1501,1500,1500,1500,1193,1449,1500,1500,1500,1500,1500,1500,1500,2012,1500,1609,1500,2012,1500,1502,1500,1500,1520,1705,1500,988,8.3
2026-04-18,17:02:26.460,-75,-73,10,3883,0,52,44,16,0,46,57,2233,5,4,423,1024,203,1024,0,-1,-1,-1,0x1000480A98140A04,1501,1501,1500,988,2012,1502,1502,1500,1500,1502,1193,1449,1500,1500,1500,1500,1500,1500,1500,2012,1500,1609,1500,2012,1500,1503,1501,1500,1520,1705,1500,988,8.3
2026-04-18,17:02:26.960,-73,-76,10,3883,0,52,44,16,0,46,57,2233,54,5,423,1024,204,1024,0,-1,-1,-1,0x1000480A9C140A04,1510,1501,1500,988,2012,1527,1502,1500,1500,1527,1193,1449,1500,1500,1500,1500,1500,1500,1500,2012,1500,1609,1500,2012,1500,1504,1501,1500,1520,1705,1500,988,8.3
2026-04-18,17:02:27.460,-73,-74,50,3882,5250,52,44,16,3508,46,57,2233,-2,350,423,1024,204,1024,0,-1,-1,-1,0x1000480A98140A05,1500,1609,1656,988,2012,1499,1675,1500,1500,1499,1193,1449,1500,1500,1500,1500,1500,1500,1372,1628,1500,1609,1500,2012,1500,1733,1609,1500,1520,1705,1500,988,8.3
2026-04-18,17:02:27.960,-75,-74,10,3885,730,52,44,16,3080,46,57,2234,425,165,423,1024,204,1024,0,-1,-1,-1,0x1000480A9C140A05,1582,1550,1730,988,2012,1712,1582,1500,1500,1718,1193,1449,1500,1500,1500,1500,1500,1500,1372,1628,1500,1609,1500,2012,1500,1621,1550,1500,1520,1705,1500,988,8.3
2026-04-18,17:02:28.460,-77,-74,10,3888,520,52,44,16,1868,46,57,2234,1024,228,423,1024,204,1024,0,-1,-1,-1,0x1000480A9C140A05,1771,1564,1730,988,2012,2012,1614,1500,1500,2012,1193,1449,1500,1500,1500,1500,1500,1500,1372,1628,1500,1609,1500,2012,1500,1661,1564,1500,1520,1705,1500,988,8.3
2026-04-18,17:02:28.960,-73,-80,10,3888,4550,52,44,16,3142,46,57,2234,998,260,423,1024,204,1024,0,-1,-1,-1,0x1000480A9C140A05,1763,1575,1730,988,2012,1999,1630,1500,1500,2004,1193,1449,1500,1500,1500,1500,1500,1500,1372,1628,1500,1609,1500,2012,1500,1681,1575,1500,1520,1705,1500,988,8.3
2026-04-18,17:02:29.460,-73,-72,10,3887,13690,52,44,16,6446,46,57,2235,1024,285,423,1024,204,1024,0,-1,-1,-1,0x1000480A9C140A05,1771,1584,1730,988,2012,2012,1642,1500,1500,2012,1193,1449,1500,1500,1500,1500,1500,1500,1372,1628,1500,1609,1500,2012,1500,1696,1584,1500,1520,1705,1500,988,8.3
2026-04-18,17:02:29.960,-68,-74,10,3885,21510,52,44,16,10792,46,57,2237,248,576,423,1024,204,1024,0,-1,-1,-1,0x100048099C140E05,1548,1696,1730,988,2012,1624,1788,1500,1500,1633,1193,1449,1500,1500,1500,1500,1500,1500,1372,1628,1500,1609,1500,2012,1500,1842,1696,1500,1520,1705,1500,988,8.3
2026-04-18,17:02:30.460,-79,-82,10,3877,15230,52,44,16,11890,46,57,2239,-122,254,423,1024,203,1024,0,-1,-1,-1,0x100048089C140A05,1478,1572,1730,988,2012,1439,1627,1500,1500,1439,1193,1449,1500,1500,1500,1500,1500,1500,1372,1628,1500,1609,1500,2012,1500,1676,1572,1500,1520,1705,1500,988,8.3
2026-04-18,17:02:30.960,-85,-64,50,3868,1540,52,44,16,9408,46,57,2241,1,198,423,1024,204,1024,0,-1,-1,-1,0x1000480898140205,1500,1557,1730,988,2012,1500,1599,1500,1500,1500,1193,1449,1500,1500,1500,1500,1500,1500,1372,1628,1500,1609,1500,2012,1500,1642,1557,1500,1520,1705,1500,988,8.3
2026-04-18,17:02:31.460,-81,-79,100,3866,13030,52,44,16,10258,46,57,2241,402,541,423,1024,203,1024,0,-1,-1,-1,0x100048089C140205,1581,1681,1730,988,2012,1701,1770,1500,1500,1714,1193,1449,1500,1500,1500,1500,1500,1500,1372,1628,1500,1609,1500,2012,1500,1826,1681,1500,1520,1705,1500,988,8.3
2026-04-18,17:02:31.960,-79,-84,10,3858,30540,52,44,16,17678,46,57,2245,258,569,423,1024,204,1024,0,-1,-1,-1,0x100048099C140605,1546,1687,1730,988,2012,1629,1784,1500,1500,1628,1193,1449,1500,1500,1500,1500,1500,1500,1372,1628,1500,1609,1500,2012,1500,1833,1687,1500,1520,1705,1500,988,8.3
2026-04-18,17:02:32.460,-80,-75,10,3851,22910,52,44,16,17402,46,57,2248,-554,581,423,1024,204,1024,0,-1,-1,-1,0x100048049C140205,1391,1698,1730,988,2012,1223,1790,1500,1500,1231,1193,1449,1500,1500,1500,1500,1500,1500,1372,1628,1500,1609,1500,2012,1500,1844,1698,1500,1520,1705,1500,988,8.3
2026-04-18,17:02:32.960,-74,-77,10,3848,22100,52,44,16,19108,47,57,2251,-1,508,423,1024,204,1024,0,-1,-1,-1,0x1000480598140245,1500,1669,1730,988,2012,1500,1754,1500,1500,1500,1193,1449,1500,1500,1500,1500,1500,1500,1372,1628,1500,1609,1500,2012,1500,1812,1669,1500,1520,1705,1500,988,8.3
2026-04-18,17:02:33.460,-76,-84,10,3841,6230,52,44,16,16956,47,57,2253,583,403,423,1024,204,1024,0,-1,-1,-1,0x100048049C140205,1617,1628,1730,988,2012,1791,1701,1500,1500,1791,1193,1449,1500,1500,1500,1500,1500,1500,1372,1628,1500,1609,1500,2012,1500,1760,1628,1500,1520,1705,1500,988,8.3
2026-04-18,17:02:33.960,-74,-72,10,3840,12850,52,44,16,16212,47,57,2254,1024,337,423,1024,204,1024,0,-1,-1,-1,0x100048049C140245,1771,1603,1730,988,2012,2012,1668,1500,1500,2012,1193,1449,1500,1500,1500,1500,1500,1500,1372,1628,1500,1609,1500,2012,1500,1725,1603,1500,1520,1705,1500,988,8.3
2026-04-18,17:02:34.460,-76,-71,10,3849,9030,52,44,16,12044,47,57,2255,-1024,-76,423,1024,204,1024,0,-1,-1,-1,0x100048049E100205,1195,1458,1730,1061,2012,988,1462,1441,1500,988,1193,1449,1500,1500,1500,1500,1500,1441,1080,2012,1500,1609,1500,988,1500,1442,1500,1500,1520,1705,1431,988,8.3
2026-04-18,17:02:34.960,-77,-70,10,3855,12750,52,44,16,8144,47,57,2256,-663,436,422,1024,204,1024,0,-1,-1,-1,0x100048009C140205,1360,1640,1730,988,2012,1169,1718,1500,1500,1175,1193,1449,1500,1500,1500,1500,1500,1500,1372,1628,1500,1609,1500,2012,1500,1777,1640,1500,1520,1705,1500,988,8.3
2026-04-18,17:02:35.460,-56,-68,10,3855,18460,52,44,16,11590,47,58,2258,-650,556,423,1024,204,1024,0,-1,-1,-1,0x100048009C140205,1358,1688,1730,988,2012,1175,1778,1500,1500,1170,1193,1449,1500,1500,1500,1500,1500,1500,1372,1628,1500,1609,1500,2012,1500,1833,1688,1500,1520,1705,1500,988,8.3
2026-04-18,17:02:35.960,-60,-57,25,3852,11520,52,44,16,13554,47,58,2261,179,-13,423,1024,203,1024,0,-1,-1,-1,0x100048009C140205,1528,1499,1730,989,2012,1589,1494,1499,1500,1580,1193,1449,1500,1500,1500,1500,1500,1499,1065,1935,1500,1609,1500,2012,1500,1499,1500,1500,1520,1705,1488,988,8.3
2026-04-18,17:02:36.460,-56,-60,10,3851,2760,52,44,16,5120,48,58,2262,1024,341,423,1024,204,1024,0,-1,-1,-1,0x100048009C140205,1771,1609,1730,988,2012,2012,1670,1500,1500,2012,1193,1449,1500,1500,1500,1500,1500,1500,1372,1628,1500,1609,1500,2012,1500,1733,1609,1500,1520,1705,1500,988,8.3
2026-04-18,17:02:36.960,-62,-56,10,3852,3010,52,44,16,5982,48,58,2262,-777,344,423,1024,204,1024,0,-1,-1,-1,0x100048009C140205,1332,1606,1730,988,2012,1112,1672,1500,1500,1131,1193,1449,1500,1500,1500,1500,1500,1500,1372,1628,1500,1609,1500,2012,1500,1729,1606,1500,1520,1705,1500,988,8.3
2026-04-18,17:02:37.460,-67,-52,10,3851,18840,52,44,16,11058,48,58,2263,-1017,604,423,1024,204,1024,0,-1,-1,-1,0x100048009C140205,1200,1703,1730,988,2012,992,1802,1500,1500,992,1193,1449,1500,1500,1500,1500,1500,1500,1372,1628,1500,1609,1500,2012,1500,1849,1703,1500,1520,1705,1500,988,8.3
2026-04-18,17:02:37.960,-67,-56,10,3850,28650,52,44,16,15542,48,58,2266,-242,671,423,1024,204,1024,0,-1,-1,-1,0x100048009C140205,1462,1728,1730,988,2012,1379,1835,1500,1500,1396,1193,1449,1500,1500,1500,1500,1500,1500,1372,1628,1500,1609,1500,2012,1500,1869,1728,1500,1520,1705,1500,988,8.3
2026-04-18,17:02:38.460,-52,-53,10,3841,23990,52,44,16,29982,48,58,2271,-125,36,423,1024,204,1024,0,-1,-1,-1,0x100048049C140245,1478,1513,1730,988,2012,1438,1518,1500,1500,1438,1193,1449,1500,1500,1500,1500,1500,1500,1122,2012,1500,1609,1500,2012,1500,1528,1513,1500,1520,1705,1500,988,8.3
2026-04-18,17:02:38.960,-52,-54,10,3840,2100,52,44,16,13154,48,58,2273,-627,347,423,1024,204,1024,0,-1,-1,-1,0x100048049C140205,1372,1616,1730,988,2012,1187,1673,1500,1500,1195,1193,1449,1500,1500,1500,1500,1500,1500,1372,1628,1500,1609,1500,2012,1500,1736,1616,1500,1520,1705,1500,988,8.3
2026-04-18,17:02:39.460,-48,-50,10,3835,23010,52,44,16,12188,48,58,2274,-1024,-679,423,1024,204,1024,0,-1,-1,-1,0x100048029E1C0205,1195,1213,1730,1411,2012,988,1161,1101,1500,988,1193,1449,1500,1500,1500,1500,1500,1101,988,2012,1500,1609,1500,2012,1500,1419,1500,1500,1520,1705,1101,988,8.3
2026-04-18,17:02:39.960,-55,-65,10,3837,11070,52,44,16,5770,48,58,2276,-1024,421,423,1024,204,1024,0,-1,-1,-1,0x100048029C140205,1195,1634,1730,988,2012,988,1710,1500,1500,988,1193,1449,1500,1500,1500,1500,1500,1500,1372,1628,1500,1609,1500,2012,1500,1769,1634,1500,1520,1705,1500,988,8.3
2026-04-18,17:02:40.460,-59,-73,10,3845,14880,52,44,16,9356,48,58,2278,-506,405,423,1024,204,1024,0,-1,-1,-1,0x100048029C140205,1392,1623,1730,988,2012,1247,1702,1500,1500,1233,1193,1449,1500,1500,1500,1500,1500,1500,1372,1628,1500,1609,1500,2012,1500,1754,1623,1500,1520,1705,1500,988,8.3
2026-04-18,17:02:40.960,-64,-56,10,3843,13380,52,44,16,12072,49,58,2281,751,401,423,1024,204,1024,0,-1,-1,-1,0x100048009C140205,1654,1640,1730,988,2012,1875,1700,1500,1500,1861,1193,1449,1500,1500,1500,1500,1500,1500,1372,1628,1500,1609,1500,2012,1500,1769,1640,1500,1520,1705,1500,988,8.3
2026-04-18,17:02:41.460,-71,-59,10,3844,5000,52,44,16,7126,49,58,2282,-79,583,422,1024,203,1024,0,-1,-1,-1,0x100048009C140205,1463,1699,1730,988,2012,1461,1791,1500,1500,1397,1193,1449,1500,1500,1500,1500,1500,1500,1372,1628,1500,1609,1500,2012,1500,1845,1699,1500,1520,1705,1500,988,8.3
2026-04-18,17:02:41.960,-57,-64,10,3845,8260,52,44,16,6584,49,58,2283,547,333,423,1024,204,1024,0,-1,-1,-1,0x100048009C140205,1615,1598,1730,988,2012,1767,1672,1500,1500,1786,1193,1449,1500,1500,1500,1500,1500,1500,1372,1628,1500,1609,1500,2012,1500,1717,1598,1500,1520,1705,1500,988,8.3
2026-04-18,17:02:42.460,-52,-58,10,3843,23890,52,44,16,13924,49,58,2286,51,818,423,1024,204,1024,0,-1,-1,-1,0x100048009C140205,1511,1809,1730,988,2012,1525,1909,1500,1500,1531,1193,1449,1500,1500,1500,1500,1500,1500,1372,1628,1500,1609,1500,2012,1500,1934,1809,1500,1520,1705,1500,988,8.3
2026-04-18,17:02:42.960,-52,-60,10,3834,3460,52,44,16,20798,49,58,2292,-3,114,423,1024,204,1024,0,-1,-1,-1,0x1000480098140205,1500,1541,1730,988,2012,1499,1557,1500,1500,1499,1193,1449,1500,1500,1500,1500,1500,1500,1372,1628,1500,1609,1500,2012,1500,1595,1541,1500,1520,1705,1500,988,8.3
2026-04-18,17:02:43.460,-63,-60,10,3839,8790,52,44,16,20256,49,58,2293,908,3,423,1024,204,1024,0,-1,-1,-1,0x100048049C140245,1716,1501,1730,988,2012,1954,1501,1500,1500,1954,1193,1449,1500,1500,1500,1500,1500,1500,988,2012,1500,1609,1500,2012,1500,1502,1501,1500,1520,1705,1500,988,8.3
2026-04-18,17:02:43.960,-70,-72,10,3834,40210,52,44,16,13860,49,58,2294,-663,178,423,1024,204,1024,0,-1,-1,-1,0x100048009C140205,1364,1543,1730,988,2012,1169,1589,1500,1500,1181,1193,1449,1500,1500,1500,1500,1500,1500,1372,1628,1500,1609,1500,2012,1500,1610,1543,1500,1520,1705,1500,988,8.3
2026-04-18,17:02:44.460,-60,-64,10,3827,29770,52,44,16,8532,49,58,2298,-1024,224,423,1024,204,1024,0,-1,-1,-1,0x100048009C140205,1195,1560,1730,988,2012,988,1612,1500,1500,988,1193,1449,1500,1500,1500,1500,1500,1500,1372,1628,1500,1609,1500,2012,1500,1649,1560,1500,1520,1705,1500,988,8.3
2026-04-18,17:02:44.960,-61,-71,10,3835,19190,52,44,16,9296,50,58,2300,381,502,423,1024,204,1024,0,-1,-1,-1,0x100048009C140205,1588,1666,1730,988,2012,1690,1751,1500,1500,1731,1193,1449,1500,1500,1500,1500,1500,1500,1372,1628,1500,1609,1500,2012,1500,1808,1666,1500,1520,1705,1500,988,8.3
2026-04-18,17:02:45.460,-64,-52,10,3829,16430,52,44,16,12978,50,59,2303,-455,273,423,1024,204,1024,0,-1,-1,-1,0x100048009C140205,1413,1590,1730,988,2012,1273,1636,1500,1500,1278,1193,1449,1500,1500,1500,1500,1500,1500,1372,1628,1500,1609,1500,2012,1500,1713,1590,1500,1520,1705,1500,988,8.3
2026-04-18,17:02:45.960,-64,-52,10,3828,5210,52,44,16,8970,50,59,2305,-1024,3,423,1024,204,1024,0,-1,-1,-1,0x100048009C140205,1195,1500,1730,988,2012,988,1501,1500,1500,988,1193,1449,1500,1500,1500,1500,1500,1500,1234,2012,1500,1609,1500,2012,1500,1501,1500,1500,1520,1705,1500,988,8.3
2026-04-18,17:02:46.460,-54,-57,10,3834,11380,52,44,16,7136,50,59,2305,-1024,435,423,1024,204,1024,0,-1,-1,-1,0x100048009C140205,1195,1635,1730,988,2012,988,1717,1500,1500,988,1193,1449,1500,1500,1500,1500,1500,1500,1372,1628,1500,1609,1500,2012,1500,1770,1635,1500,1520,1705,1500,988,8.3
2026-04-18,17:02:46.960,-53,-57,10,3836,24060,52,44,16,14686,50,59,2308,35,689,423,1024,203,1024,0,-1,-1,-1,0x1000480198140605,1502,1740,1730,988,2012,1517,1844,1500,1500,1505,1193,1449,1500,1500,1500,1500,1500,1500,1372,1628,1500,1609,1500,2012,1500,1878,1740,1500,1520,1705,1500,988,8.3
2026-04-18,17:02:47.460,-67,-66,10,3829,21260,52,44,16,15026,50,59,2312,-3,82,423,1024,204,1024,0,-1,-1,-1,0x1000480098140205,1500,1533,1730,988,2012,1499,1541,1500,1500,1499,1193,1449,1500,1500,1500,1500,1500,1500,1372,1628,1500,1609,1500,2012,1500,1571,1533,1500,1520,1705,1500,988,8.3
2026-04-18,17:02:47.960,-59,-65,10,3835,1570,52,44,16,4610,50,59,2313,1024,303,423,1024,204,1024,0,-1,-1,-1,0x100048009C140205,1771,1592,1730,988,2012,2012,1651,1500,1500,2012,1193,1449,1500,1500,1500,1500,1500,1500,1372,1628,1500,1609,1500,2012,1500,1706,1592,1500,1520,1705,1500,988,8.3
2026-04-18,17:02:48.460,-61,-57,10,3835,8230,52,44,16,5974,50,59,2313,876,458,423,1024,204,1024,0,-1,-1,-1,0x100048009C140205,1708,1649,1730,988,2012,1938,1729,1500,1500,1944,1193,1449,1500,1500,1500,1500,1500,1500,1372,1628,1500,1609,1500,2012,1500,1788,1649,1500,1520,1705,1500,988,8.3
2026-04-18,17:02:48.960,-59,-60,10,3826,48760,52,44,16,20642,51,59,2316,257,713,423,1024,204,1024,0,-1,-1,-1,0x100048019C140605,1548,1767,1730,988,2012,1628,1856,1500,1500,1635,1193,1449,1500,1500,1500,1500,1500,1500,1372,1628,1500,1609,1500,2012,1500,1898,1767,1500,1520,1705,1500,988,8.3
2026-04-18,17:02:49.460,-62,-64,10,3826,12890,52,44,16,14228,51,59,2321,584,172,423,1024,204,1024,0,-1,-1,-1,0x100048009C140205,1614,1555,1730,988,2012,1792,1586,1500,1500,1785,1193,1449,1500,1500,1500,1500,1500,1500,1372,1628,1500,1609,1500,2012,1500,1636,1555,1500,1520,1705,1500,988,8.3
2026-04-18,17:02:49.960,-66,-55,10,3832,7350,52,44,16,10504,51,59,2321,811,254,423,1024,204,1024,0,-1,-1,-1,0x100048009C140205,1681,1582,1730,988,2012,1905,1627,1500,1500,1905,1193,1449,1500,1500,1500,1500,1500,1500,1372,1628,1500,1609,1500,2012,1500,1687,1582,1500,1520,1705,1500,988,8.3
2026-04-18,17:02:50.460,-60,-68,10,3827,28970,54,44,16,14308,51,59,2323,195,815,422,1024,204,1024,0,-1,-1,-1,0x100048019C140605,1535,1823,1730,988,2012,1597,1907,1500,1500,1598,1193,1449,1500,1500,1500,1500,1500,1500,1372,1628,1500,1609,1500,2012,1500,1937,1823,1500,1520,1705,1500,988,8.3
2026-04-18,17:02:50.960,-61,-57,10,3815,15020,54,44,16,28150,51,59,2328,-319,833,422,1024,204,1024,0,-1,-1,-1,0x100048019C140205,1443,1841,1730,988,2012,1341,1916,1500,1500,1348,1193,1449,1500,1500,1500,1500,1500,1500,1372,1628,1500,1609,1500,2012,1500,1948,1841,1500,1520,1705,1500,988,8.3
2026-04-18,17:02:51.460,-63,-70,10,3815,33980,54,44,16,27070,51,59,2332,-332,968,423,1024,204,1024,0,-1,-1,-1,0x100048059C142605,1438,1954,1730,988,2012,1334,1984,1500,1500,1334,1193,1449,1500,1500,1500,1500,1500,1500,1372,1628,1500,1609,1500,2012,1500,2001,1975,1500,1520,1705,1500,988,8.3
2026-04-18,17:02:51.960,-55,-64,10,3793,45220,54,44,16,24408,51,59,2339,309,2,423,1024,204,1024,0,-1,-1,-1,0x100048049C140245,1556,1500,1730,988,2012,1654,1501,1500,1500,1654,1193,1449,1500,1500,1500,1500,1500,1500,988,2012,1500,1609,1500,2012,1500,1720,1500,1500,1520,1705,1500,988,8.3
2026-04-18,17:02:52.460,-56,-67,10,3791,4370,54,44,16,18932,51,59,2341,68,230,423,1024,203,1024,0,-1,-1,-1,0x100048049C140205,1512,1560,1730,988,2012,1534,1615,1500,1500,1534,1193,1449,1500,1500,1500,1500,1500,1500,1372,1628,1500,1609,1500,2012,1500,1651,1560,1500,1520,1705,1500,988,8.3
2026-04-18,17:02:52.960,-54,-67,10,3800,1990,54,44,16,15998,51,59,2341,-6,299,423,1024,204,1024,0,-1,-1,-1,0x1000480498140245,1500,1589,1730,988,2012,1497,1649,1500,1500,1497,1193,1449,1500,1500,1500,1500,1500,1500,1372,1628,1500,1609,1500,2012,1500,1703,1589,1500,1520,1705,1500,988,8.3
2026-04-18,17:02:53.460,-67,-64,10,3813,9770,54,44,16,16966,51,60,2342,-73,88,423,1024,204,1024,0,-1,-1,-1,0x100048049C140205,1487,1531,1730,988,2012,1464,1544,1500,1500,1464,1193,1449,1500,1500,1500,1500,1500,1500,1372,1628,1500,1609,1500,2012,1500,1567,1531,1500,1520,1705,1500,988,8.3
2026-04-18,17:02:53.960,-67,-65,10,3832,2100,54,44,16,12858,51,60,2342,652,386,423,1024,204,1024,0,-1,-1,-1,0x100048049C140245,1635,1628,1730,988,2012,1831,1685,1500,1500,1826,1193,1449,1500,1500,1500,1500,1500,1500,1372,1628,1500,1609,1500,2012,1500,1753,1628,1500,1520,1705,1500,988,8.3
2026-04-18,17:02:54.460,-61,-66,10,3842,12920,54,44,16,13096,51,60,2343,175,537,423,1024,204,1024,0,-1,-1,-1,0x100048049C140205,1535,1680,1730,988,2012,1577,1769,1500,1500,1597,1193,1449,1500,1500,1500,1500,1500,1500,1372,1628,1500,1609,1500,2012,1500,1825,1680,1500,1520,1705,1500,988,8.3
2026-04-18,17:02:54.960,-60,-66,10,3834,19750,54,44,16,21510,51,60,2346,-619,775,423,1024,204,1024,0,-1,-1,-1,0x100048059C140645,1373,1801,1730,988,2012,1191,1888,1500,1500,1197,1193,1449,1500,1500,1500,1500,1500,1500,1372,1628,1500,1609,1500,2012,1500,1922,1801,1500,1520,1705,1500,988,8.3
2026-04-18,17:02:55.460,-76,-72,10,3821,24240,54,44,16,20558,51,60,2350,-419,300,423,1024,204,1024,0,-1,-1,-1,0x100048049C140205,1420,1606,1730,988,2012,1291,1650,1500,1500,1291,1193,1449,1500,1500,1500,1500,1500,1500,1372,1628,1500,1609,1500,2012,1500,1778,1606,1500,1520,1705,1500,988,8.3
2026-04-18,17:02:55.960,-76,-73,50,3817,9350,54,44,16,16718,51,60,2352,-40,0,423,1024,204,1024,0,-1,-1,-1,0x1000480498140245,1494,1500,1730,988,2012,1481,1500,1500,1500,1480,1193,1449,1500,1500,1500,1500,1500,1500,1219,1781,1500,1609,1500,2012,1500,1500,1500,1500,1520,1705,1500,988,8.3
2026-04-18,17:02:56.460,-79,-68,10,3819,0,54,44,16,8734,51,60,2353,-891,-715,423,1024,204,1024,0,-1,-1,-1,0x100048009E100205,1280,1256,1730,1364,2012,1044,1143,1161,1500,1064,1193,1449,1500,1500,1500,1500,1500,1161,1372,2012,1500,1609,1500,988,1500,1101,1500,1500,1520,1705,1101,988,8.3
2026-04-18,17:02:56.960,-71,-74,10,3820,2200,54,44,16,3336,51,60,2353,-1024,280,423,1024,204,1024,0,-1,-1,-1,0x100048009C140205,1195,1583,1730,988,2012,988,1640,1500,1500,988,1193,1449,1500,1500,1500,1500,1500,1500,1372,1628,1500,1609,1500,2012,1500,1693,1583,1500,1520,1705,1500,988,8.3
2026-04-18,17:02:57.460,-86,-81,10,3832,8650,54,44,16,6478,51,60,2354,-1024,350,423,1024,204,1024,0,-1,-1,-1,0x100048009C140205,1195,1608,1730,988,2012,988,1675,1500,1500,988,1193,1449,1500,1500,1500,1500,1500,1500,1372,1628,1500,1609,1500,2012,1500,1732,1608,1500,1520,1705,1500,988,8.3
2026-04-18,17:02:57.960,-76,-80,10,3834,26160,54,44,16,14778,51,60,2355,-458,720,423,1024,203,1024,0,-1,-1,-1,0x100048019C140605,1410,1772,1730,988,2012,1271,1860,1500,1500,1272,1193,1449,1500,1500,1500,1500,1500,1500,1372,1628,1500,1609,1500,2012,1500,1902,1772,1500,1520,1705,1500,988,8.3
2026-04-18,17:02:58.460,-80,-81,10,3831,23330,54,44,16,14640,51,60,2358,-4,567,423,1024,203,1024,0,-1,-1,-1,0x1000480098140205,1500,1678,1730,988,2012,1498,1783,1500,1500,1498,1193,1449,1500,1500,1500,1500,1500,1500,1372,1628,1500,1609,1500,2012,1500,1830,1678,1500,1520,1705,1500,988,8.3
2026-04-18,17:02:58.960,-90,-76,10,3823,20100,54,44,16,17570,51,60,2362,-89,62,423,1024,204,1024,0,-1,-1,-1,0x100048049C140245,1485,1527,1730,988,2012,1456,1531,1500,1500,1456,1193,1449,1500,1500,1500,1500,1500,1500,1372,1628,1500,1609,1500,2012,1500,1556,1527,1500,1520,1705,1500,988,8.3
2026-04-18,17:02:59.460,-82,-67,10,3823,6620,54,44,16,19836,51,60,2363,-25,228,423,1024,203,1024,0,-1,-1,-1,0x1000480498140205,1496,1569,1730,988,2012,1493,1613,1500,1500,1488,1193,1449,1500,1500,1500,1500,1500,1500,1372,1628,1500,1609,1500,2012,1500,1670,1569,1500,1520,1705,1500,988,8.3
2026-04-18,17:02:59.960,-73,-71,10,3825,1150,54,44,16,11102,51,60,2364,835,341,423,1024,203,1024,0,-1,-1,-1,0x100048049C140245,1684,1600,1730,988,2012,1924,1671,1500,1500,1911,1193,1449,1500,1500,1500,1500,1500,1500,1372,1628,1500,1609,1500,2012,1500,1720,1600,1500,1520,1705,1500,988,8.3
2026-04-18,17:03:00.460,-72,-73,10,3831,7000,54,44,16,7136,51,60,2365,743,151,423,1024,204,1024,0,-1,-1,-1,0x100048009C140205,1660,1546,1730,988,2012,1871,1575,1500,1500,1871,1193,1449,1500,1500,1500,1500,1500,1500,1372,1628,1500,1609,1500,2012,1500,1610,1546,1500,1520,1705,1500,988,8.3
2026-04-18,17:03:00.960,-72,-73,10,3836,14010,54,44,16,8680,51,60,2366,1024,474,423,1024,204,1024,0,-1,-1,-1,0x100048009C140205,1771,1655,1730,988,2012,2012,1737,1500,1500,2012,1193,1449,1500,1500,1500,1500,1500,1500,1372,1628,1500,1609,1500,2012,1500,1796,1655,1500,1520,1705,1500,988,8.3
2026-04-18,17:03:01.460,-76,-69,10,3836,22070,54,44,16,14566,51,60,2369,327,745,423,1024,203,1024,0,-1,-1,-1,0x100048019C140605,1560,1778,1730,988,2012,1663,1872,1500,1500,1663,1193,1449,1500,1500,1500,1500,1500,1500,1372,1628,1500,1609,1500,2012,1500,1911,1778,1500,1520,1705,1500,988,8.3
2026-04-18,17:03:01.960,-70,-72,10,3823,36320,54,44,16,18554,51,60,2373,-90,923,423,1024,204,1024,0,-1,-1,-1,0x100048019C140205,1486,1884,1730,988,2012,1455,1962,1500,1500,1460,1193,1449,1500,1500,1500,1500,1500,1500,1372,1628,1500,1609,1500,2012,1500,1976,1884,1500,1520,1705,1500,988,8.3
2026-04-18,17:03:02.460,-82,-72,10,3800,27530,54,44,16,21742,51,61,2379,453,409,423,1024,203,1024,0,-1,-1,-1,0x100048049C140205,1587,1615,1730,988,2012,1726,1704,1500,1500,1727,1193,1449,1500,1500,1500,1500,1500,1500,1372,1628,1500,1609,1500,2012,1500,1749,1615,1500,1520,1705,1500,988,8.3
2026-04-18,17:03:02.960,-76,-71,10,3796,9870,54,44,16,20980,51,61,2381,694,299,423,1024,204,1024,0,-1,-1,-1,0x100048049C140245,1646,1589,1730,988,2012,1847,1649,1500,1500,1847,1193,1449,1500,1500,1500,1500,1500,1500,1372,1628,1500,1609,1500,2012,1500,1704,1589,1500,1520,1705,1500,988,8.3
2026-04-18,17:03:03.460,-76,-67,10,3796,6690,54,44,16,13332,51,61,2383,815,288,423,1024,203,1024,0,-1,-1,-1,0x100048049C141A85,1682,1594,1730,988,2012,1907,1644,1500,1500,1907,1193,1449,1500,1500,1500,1500,1500,1500,1372,1628,1500,1609,1500,2012,1500,1705,1594,1500,1520,1705,1500,988,8.3
2026-04-18,17:03:03.960,-65,-68,10,3800,16710,54,44,16,14822,51,61,2384,757,537,423,1024,204,1024,0,-1,-1,-1,0x100048059C140EC5,1664,1680,1730,988,2012,1878,1768,1500,1500,1878,1193,1449,1500,1500,1500,1500,1500,1500,1372,1628,1500,1609,1500,2012,1500,1825,1680,1500,1520,1705,1500,988,8.3
2026-04-18,17:03:04.460,-71,-65,10,3807,37970,54,44,16,17846,51,61,2388,597,728,423,1024,204,1024,0,-1,-1,-1,0x100048059C140E85,1621,1781,1730,988,2012,1798,1864,1500,1500,1798,1193,1449,1500,1500,1500,1500,1500,1500,1372,1628,1500,1609,1500,2012,1500,1908,1781,1500,1520,1705,1500,988,8.3
2026-04-18,17:03:04.960,-78,-77,10,3806,33560,54,44,16,23742,51,61,2392,481,652,423,1024,203,1024,0,-1,-1,-1,0x100048059C140245,1595,1736,1730,988,2012,1740,1826,1500,1500,1746,1193,1449,1500,1500,1500,1500,1500,1500,1372,1628,1500,1609,1500,2012,1500,1875,1736,1500,1520,1705,1500,988,8.3
2026-04-18,17:03:05.460,-84,-73,10,3797,32230,54,44,16,21656,51,61,2396,142,583,423,1024,203,1024,0,-1,-1,-1,0x100048059C140605,1522,1729,1730,988,2012,1571,1791,1500,1500,1564,1193,1449,1500,1500,1500,1500,1500,1500,1372,1628,1500,1609,1500,2012,1500,1894,1729,1500,1520,1705,1500,988,8.3
2026-04-18,17:03:05.960,-77,-71,10,3792,8370,54,44,16,19648,51,61,2398,188,418,423,1024,204,1024,0,-1,-1,-1,0x100048049C140245,1533,1634,1730,988,2012,1594,1709,1500,1500,1594,1193,1449,1500,1500,1500,1500,1500,1500,1372,1628,1500,1609,1500,2012,1500,1768,1634,1500,1520,1705,1500,988,8.3
2026-04-18,17:03:06.460,-74,-73,10,3795,2900,54,44,16,17596,51,61,2399,847,68,423,1024,204,1024,0,-1,-1,-1,0x100048049C140205,1693,1532,1730,988,2012,1929,1534,1500,1500,1923,1193,1449,1500,1500,1500,1500,1500,1500,1372,1628,1500,1609,1500,2012,1500,1642,1532,1500,1520,1705,1500,988,8.3
2026-04-18,17:03:06.960,-72,-69,10,3804,14500,54,44,16,16872,51,61,2401,690,-2,423,1024,204,1024,0,-1,-1,-1,0x100048049C140245,1642,1499,1730,989,2012,1845,1499,1499,1500,1839,1193,1449,1500,1500,1500,1500,1500,1499,1321,1679,1500,1609,1500,2012,1500,1576,1500,1500,1520,1705,1499,988,8.3
2026-04-18,17:03:07.460,-85,-72,10,3818,2620,54,44,16,8042,51,61,2401,-1024,2,423,1024,204,1024,0,-1,-1,-1,0x100048009C140205,1195,1506,1730,988,2012,988,1501,1500,1500,988,1193,1449,1500,1500,1500,1500,1500,1500,1321,1679,1500,1609,1500,2012,1500,1653,1506,1500,1520,1705,1500,988,8.3
2026-04-18,17:03:07.960,-52,-63,250,3825,31490,54,44,16,13802,51,61,2403,-696,528,423,1024,204,1024,0,-1,-1,-1,0x100048019C140605,1347,1677,1730,988,2012,1152,1764,1500,1500,1153,1193,1449,1500,1500,1500,1500,1500,1500,1372,1628,1500,1609,1500,2012,1500,1821,1677,1500,1520,1705,1500,988,8.3
2026-04-18,17:03:08.460,-68,-72,10,3816,31030,54,44,16,15834,51,61,2407,513,422,423,1024,204,1024,0,-1,-1,-1,0x100048019C140605,1605,1635,1730,988,2012,1756,1711,1500,1500,1766,1193,1449,1500,1500,1500,1500,1500,1500,1372,1628,1500,1609,1500,2012,1500,1771,1635,1500,1520,1705,1500,988,8.3
2026-04-18,17:03:08.960,-63,-67,10,3815,14430,54,44,16,10546,51,61,2409,1024,318,423,1024,203,1024,0,-1,-1,-1,0x100048009C140205,1771,1588,1730,988,2012,2012,1659,1500,1500,2012,1193,1449,1500,1500,1500,1500,1500,1500,1372,1628,1500,1609,1500,2012,1500,1709,1588,1500,1520,1705,1500,988,8.3
2026-04-18,17:03:09.460,-63,-66,10,3814,17090,54,44,16,11420,51,61,2411,730,512,423,1024,204,1024,0,-1,-1,-1,0x100048019C140605,1664,1670,1730,988,2012,1865,1756,1500,1500,1878,1193,1449,1500,1500,1500,1500,1500,1500,1372,1628,1500,1609,1500,2012,1500,1813,1670,1500,1520,1705,1500,988,8.3
2026-04-18,17:03:09.960,-71,-65,10,3806,24240,54,44,16,15118,51,61,2413,-545,539,423,1024,204,1024,0,-1,-1,-1,0x100048019C140605,1390,1681,1730,988,2012,1228,1769,1500,1500,1228,1193,1449,1500,1500,1500,1500,1500,1500,1372,1628,1500,1609,1500,2012,1500,1825,1681,1500,1520,1705,1500,988,8.3
2026-04-18,17:03:10.460,-59,-66,10,3808,19470,54,44,16,15882,51,62,2416,-213,572,423,1024,204,1024,0,-1,-1,-1,0x100048059C140605,1461,1694,1730,988,2012,1393,1786,1500,1500,1394,1193,1449,1500,1500,1500,1500,1500,1500,1372,1628,1500,1609,1500,2012,1500,1840,1694,1500,1520,1705,1500,988,8.3
2026-04-18,17:03:10.960,-56,-76,10,3812,3810,54,44,16,16124,51,62,2419,0,589,423,1024,204,1024,0,-1,-1,-1,0x1000480498140245,1500,1709,1730,988,2012,1500,1794,1500,1500,1500,1193,1449,1500,1500,1500,1500,1500,1500,1372,1628,1500,1609,1500,2012,1500,1848,1709,1500,1520,1705,1500,988,8.3
2026-04-18,17:03:11.460,-53,-65,10,3811,8610,54,44,16,13756,51,62,2420,-3,-326,423,1024,204,1024,0,-1,-1,-1,0x100048049A1C0205,1500,1312,1730,1303,2012,1499,1327,1240,1500,1499,1193,1449,1500,1500,1500,1500,1500,1240,988,2012,1500,1609,1500,988,1500,1363,1500,1500,1520,1705,1240,988,8.3
2026-04-18,17:03:11.960,-49,-55,10,3816,1640,54,44,16,2300,51,62,2420,-1024,304,423,1024,204,1024,0,-1,-1,-1,0x100048009C140205,1195,1586,1730,988,2012,988,1652,1500,1500,988,1193,1449,1500,1500,1500,1500,1500,1500,1372,1628,1500,1609,1500,2012,1500,1699,1586,1500,1520,1705,1500,988,8.3
2026-04-18,17:03:12.460,-62,-57,10,3823,5360,54,44,16,5244,52,62,2421,-1024,198,423,1024,204,1024,0,-1,-1,-1,0x100048009C140205,1195,1557,1730,988,2012,988,1599,1500,1500,988,1193,1449,1500,1500,1500,1500,1500,1500,1372,1628,1500,1609,1500,2012,1500,1642,1557,1500,1520,1705,1500,988,8.3
2026-04-18,17:03:12.960,-61,-64,10,3830,20770,54,44,16,11446,52,62,2422,-810,432,423,1024,204,1024,0,-1,-1,-1,0x100048019C140605,1300,1632,1730,988,2012,1101,1725,1500,1500,1088,1193,1449,1500,1500,1500,1500,1500,1500,1372,1628,1500,1609,1500,2012,1500,1775,1632,1500,1520,1705,1500,988,8.3
2026-04-18,17:03:13.460,-58,-63,10,3825,13380,54,44,16,10434,52,62,2425,537,186,423,1024,204,1024,0,-1,-1,-1,0x100048009C140205,1601,1555,1730,988,2012,1768,1593,1500,1500,1758,1193,1449,1500,1500,1500,1500,1500,1500,1372,1628,1500,1609,1500,2012,1500,1634,1555,1500,1520,1705,1500,988,8.3
2026-04-18,17:03:13.960,-63,-64,10,3825,11910,54,44,16,4486,52,62,2426,676,460,423,1024,204,1024,0,-1,-1,-1,0x100048009C140205,1639,1649,1730,988,2012,1838,1730,1500,1500,1832,1193,1449,1500,1500,1500,1500,1500,1500,1372,1628,1500,1609,1500,2012,1500,1788,1649,1500,1520,1705,1500,988,8.3
2026-04-18,17:03:14.460,-54,-63,10,3822,17060,54,44,16,10762,52,62,2429,694,405,423,1024,203,1024,0,-1,-1,-1,0x100048009C140205,1654,1667,1730,988,2012,1847,1702,1500,1500,1861,1193,1449,1500,1500,1500,1500,1500,1500,1372,1628,1500,1609,1500,2012,1500,1810,1667,1500,1520,1705,1500,988,8.3
2026-04-18,17:03:14.960,-63,-59,10,3808,50900,54,44,16,15150,52,62,2431,362,673,423,1024,204,1024,0,-1,-1,-1,0x100048019C140605,1567,1747,1730,988,2012,1681,1836,1500,1500,1681,1193,1449,1500,1500,1500,1500,1500,1500,1372,1628,1500,1609,1500,2012,1500,1883,1747,1500,1520,1705,1500,988,8.3
2026-04-18,17:03:15.460,-54,-72,10,3808,17020,54,44,16,22008,52,62,2436,282,2,423,1024,204,1024,0,-1,-1,-1,0x100048049C140245,1551,1500,1730,988,2012,1641,1501,1500,1500,1641,1193,1449,1500,1500,1500,1500,1500,1500,1234,2012,1500,1609,1500,2012,1500,1501,1500,1500,1520,1705,1500,988,8.3
2026-04-18,17:03:15.960,-61,-61,10,3811,1680,54,44,16,8792,52,62,2436,1021,255,423,1024,204,1024,0,-1,-1,-1,0x100048009C140205,1769,1569,1730,988,2012,2010,1627,1500,1500,2010,1193,1449,1500,1500,1500,1500,1500,1500,1372,1628,1500,1609,1500,2012,1500,1671,1569,1500,1520,1705,1500,988,8.3
2026-04-18,17:03:16.460,-59,-67,10,3810,28970,55,44,16,13548,52,62,2438,1007,461,423,1024,203,1024,0,-1,-1,-1,0x100048009C140205,1762,1656,1730,988,2012,2003,1721,1500,1500,2003,1193,1449,1500,1500,1500,1500,1500,1500,1372,1628,1500,1609,1500,2012,1500,1789,1656,1500,1520,1705,1500,988,8.3
2026-04-18,17:03:16.960,-63,-54,10,3808,16460,55,44,16,11966,52,62,2441,-886,-166,423,1024,204,1024,0,-1,-1,-1,0x100048009E1C0205,1280,1399,1730,1162,2012,1057,1417,1360,1500,1064,1193,1449,1500,1500,1500,1500,1500,1359,1009,2012,1500,1609,1500,2012,1500,1417,1500,1500,1520,1705,1349,988,8.3
2026-04-18,17:03:17.460,-49,-56,10,3820,1570,55,44,16,5492,52,62,2442,-1024,322,423,1024,204,1024,0,-1,-1,-1,0x100048009C140205,1195,1598,1730,988,2012,988,1661,1500,1500,988,1193,1449,1500,1500,1500,1500,1500,1500,1372,1628,1500,1609,1500,2012,1500,1717,1598,1500,1520,1705,1500,988,8.3
2026-04-18,17:03:17.960,-58,-65,25,3820,16710,55,44,16,10352,52,62,2443,126,578,423,1024,204,1024,0,-1,-1,-1,0x100048019C140605,1520,1690,1730,988,2012,1563,1789,1500,1500,1558,1193,1449,1500,1500,1500,1500,1500,1500,1372,1628,1500,1609,1500,2012,1500,1843,1690,1500,1520,1705,1500,988,8.3
2026-04-18,17:03:18.460,-65,-65,10,3808,25780,55,44,16,16612,52,62,2447,304,581,423,1024,204,1024,0,-1,-1,-1,0x100048019C140605,1553,1698,1730,988,2012,1652,1790,1500,1500,1646,1193,1449,1500,1500,1500,1500,1500,1500,1372,1628,1500,1609,1500,2012,1500,1845,1698,1500,1520,1705,1500,988,8.3
2026-04-18,17:03:18.960,-61,-71,10,3809,5880,55,44,16,7020,52,62,2450,1020,375,423,1024,204,1024,0,-1,-1,-1,0x100048009C140205,1768,1621,1730,988,2012,2010,1687,1500,1500,2010,1193,1449,1500,1500,1500,1500,1500,1500,1372,1628,1500,1609,1500,2012,1500,1751,1621,1500,1520,1705,1500,988,8.3
2026-04-18,17:03:19.460,-65,-56,10,3807,24270,55,44,16,15048,52,62,2451,1024,552,423,1024,204,1024,0,-1,-1,-1,0x100048009C140205,1771,1682,1730,988,2012,2012,1776,1500,1500,2012,1193,1449,1500,1500,1500,1500,1500,1500,1372,1628,1500,1609,1500,2012,1500,1832,1682,1500,1520,1705,1500,988,8.3
2026-04-18,17:03:19.960,-56,-60,10,3807,32230,55,44,16,15138,52,63,2455,274,800,423,1024,203,1024,0,-1,-1,-1,0x100048019C140205,1591,1800,1730,988,2012,1637,1900,1500,1500,1737,1193,1449,1500,1500,1500,1500,1500,1500,1372,1628,1500,1609,1500,2012,1500,1925,1800,1500,1520,1705,1500,988,8.3
2026-04-18,17:03:20.460,-61,-59,10,3791,32370,55,44,16,20222,52,63,2460,321,24,423,1024,204,1024,0,-1,-1,-1,0x100048049C140245,1559,1502,1730,988,2012,1651,1517,1500,1500,1661,1193,1449,1500,1500,1500,1500,1500,1500,1029,2012,1500,1609,1500,2012,1500,1506,1502,1500,1520,1705,1500,988,8.3
2026-04-18,17:03:20.960,-66,-64,10,3802,1710,55,44,16,8090,52,63,2461,848,445,423,1024,204,1024,0,-1,-1,-1,0x100048009C140205,1693,1639,1730,988,2012,1924,1722,1500,1500,1924,1193,1449,1500,1500,1500,1500,1500,1500,1372,1628,1500,1609,1500,2012,1500,1781,1639,1500,1520,1705,1500,988,8.3
2026-04-18,17:03:21.460,-64,-65,10,3797,29980,55,44,16,16106,52,63,2463,196,855,422,1024,204,1024,0,-1,-1,-1,0x100048019C140605,1535,1847,1730,988,2012,1598,1927,1500,1500,1598,1193,1449,1500,1500,1500,1500,1500,1500,1372,1628,1500,1609,1500,2012,1500,1952,1847,1500,1520,1705,1500,988,8.3
2026-04-18,17:03:21.960,-67,-67,10,3792,18700,55,44,16,29186,52,63,2467,-278,909,422,1024,204,1024,0,-1,-1,-1,0x100048019C140605,1449,1799,1730,988,2012,1355,1963,1500,1500,1361,1193,1449,1500,1500,1500,1500,1500,1500,1372,1628,1500,1609,1500,2012,1500,1971,1799,1500,1520,1705,1500,988,8.3
2026-04-18,17:03:22.460,-67,-68,10,3783,64180,55,44,16,27610,52,63,2473,-73,1024,422,1024,204,1024,0,-1,-1,-1,0x100048059C142245,1487,2012,1730,988,2012,1464,2012,1500,1500,1464,1193,1449,1500,1500,1500,1500,1500,1500,1372,1628,1500,1609,1500,2012,1500,2012,2012,1500,1520,1705,1500,988,8.3
2026-04-18,17:03:22.960,-58,-60,10,3768,33140,55,44,16,30198,52,63,2481,-153,303,423,1024,204,1024,0,-1,-1,-1,0x100048049C140605,1473,1606,1730,988,2012,1424,1651,1500,1500,1424,1193,1449,1500,1500,1500,1500,1500,1500,1372,1628,1500,1609,1500,2012,1500,1924,1606,1500,1520,1705,1500,988,8.3
2026-04-18,17:03:23.460,-50,-54,10,3760,11840,55,44,16,21990,52,63,2483,-1,390,423,1024,204,1024,0,-1,-1,-1,0x1000480498140245,1500,1618,1730,988,2012,1500,1695,1500,1500,1500,1193,1449,1500,1500,1500,1500,1500,1500,1372,1628,1500,1609,1500,2012,1500,1754,1618,1500,1520,1705,1500,988,8.3
2026-04-18,17:03:23.960,-58,-62,10,3768,6620,55,44,16,19404,52,63,2484,-2,312,423,1024,204,1024,0,-1,-1,-1,0x1000480498140205,1500,1585,1730,988,2012,1499,1656,1500,1500,1499,1193,1449,1500,1500,1500,1500,1500,1500,1372,1628,1500,1609,1500,2012,1500,1704,1585,1500,1520,1705,1500,988,8.3
2026-04-18,17:03:24.460,-56,-68,10,3782,5500,55,44,16,18274,53,63,2485,-2,214,423,1024,204,1024,0,-1,-1,-1,0x1000480498140245,1500,1557,1730,988,2012,1499,1607,1500,1500,1499,1193,1449,1500,1500,1500,1500,1500,1500,1372,1628,1500,1609,1500,2012,1500,1643,1557,1500,1520,1705,1500,988,8.3
2026-04-18,17:03:24.960,-61,-61,10,3799,22840,55,44,16,16804,53,63,2485,760,1,423,1024,204,1024,0,-1,-1,-1,0x100048009C140205,1657,1500,1730,988,2012,1880,1500,1500,1500,1866,1193,1449,1500,1500,1500,1500,1500,1500,1219,1781,1500,1609,1500,2012,1500,1747,1500,1500,1520,1705,1500,988,8.3
2026-04-18,17:03:25.460,-66,-73,10,3803,6830,55,44,16,8260,53,63,2488,-500,692,423,1024,203,1024,0,-1,-1,-1,0x100048009C140205,1438,1742,1730,988,2012,1238,1851,1500,1500,1334,1193,1449,1500,1500,1500,1500,1500,1500,1372,1628,1500,1609,1500,2012,1500,1885,1742,1500,1520,1705,1500,988,8.3
2026-04-18,17:03:25.960,-63,-62,10,3811,30160,55,44,16,17474,53,63,2491,-452,681,423,1024,203,1024,0,-1,-1,-1,0x100048019C140605,1411,1751,1730,988,2012,1274,1840,1500,1500,1274,1193,1449,1500,1500,1500,1500,1500,1500,1372,1628,1500,1609,1500,2012,1500,1886,1751,1500,1520,1705,1500,988,8.3
2026-04-18,17:03:26.460,-69,-69,10,3798,29490,55,44,16,18932,52,63,2495,-1,426,423,1024,204,1024,0,-1,-1,-1,0x1000480598140245,1500,1636,1730,988,2012,1500,1713,1500,1500,1500,1193,1449,1500,1500,1500,1500,1500,1500,1372,1628,1500,1609,1500,2012,1500,1772,1636,1500,1520,1705,1500,988,8.3
2026-04-18,17:03:26.960,-76,-73,10,3793,6930,55,44,16,16118,52,64,2498,-118,327,423,1024,204,1024,0,-1,-1,-1,0x100048049C140205,1479,1604,1730,988,2012,1441,1663,1500,1500,1441,1193,1449,1500,1500,1500,1500,1500,1500,1372,1628,1500,1609,1500,2012,1500,1720,1604,1500,1520,1705,1500,988,8.3
2026-04-18,17:03:27.460,-77,-87,10,3797,1470,55,44,16,14150,52,64,2498,-388,-1021,423,1024,203,1024,0,-1,-1,-1,0x100048049E1C0245,1429,1149,1730,1479,2012,1306,990,1500,1014,1312,1193,1449,1500,1500,1500,1500,1500,1014,988,2012,1500,1609,1500,2012,1500,1192,1500,1500,1520,1705,1014,988,8.3
2026-04-18,17:03:27.960,-81,-72,10,3799,870,55,44,16,616,52,64,2498,-1024,2,423,1024,204,1024,0,-1,-1,-1,0x100048009C140205,1195,1500,1730,988,2012,988,1501,1500,1500,988,1193,1449,1500,1500,1500,1500,1500,1500,1014,1986,1500,1609,1500,2012,1500,1501,1500,1500,1520,1705,1500,988,8.3
2026-04-18,17:03:28.460,-80,-77,10,3810,12150,55,44,16,5622,52,64,2499,-1024,408,423,1024,204,1024,0,-1,-1,-1,0x100048009C140205,1195,1630,1730,988,2012,988,1704,1500,1500,988,1193,1449,1500,1500,1500,1500,1500,1500,1372,1628,1500,1609,1500,2012,1500,1763,1630,1500,1520,1705,1500,988,8.3
2026-04-18,17:03:28.960,-81,-80,10,3818,18980,55,44,16,11238,52,64,2501,-377,678,423,1024,204,1024,0,-1,-1,-1,0x100048009C140205,1432,1749,1730,988,2012,1312,1839,1500,1500,1319,1193,1449,1500,1500,1500,1500,1500,1500,1372,1628,1500,1609,1500,2012,1500,1885,1749,1500,1520,1705,1500,988,8.3
2026-04-18,17:03:29.460,-87,-75,10,3813,24240,55,44,16,17786,52,64,2504,-270,308,423,1024,203,1024,0,-1,-1,-1,0x100048009C140205,1450,1597,1730,988,2012,1365,1654,1500,1500,1365,1193,1449,1500,1500,1500,1500,1500,1500,1372,1628,1500,1609,1500,2012,1500,1788,1597,1500,1520,1705,1500,988,8.3
2026-04-18,17:03:29.960,-90,-73,10,3802,23570,55,44,16,14008,52,64,2508,-150,3,423,1024,204,1024,0,-1,-1,-1,0x100048049C140205,1473,1501,1730,988,2012,1425,1501,1500,1500,1425,1193,1449,1500,1500,1500,1500,1500,1500,988,2012,1500,1609,1500,2012,1500,1502,1501,1500,1520,1705,1500,988,8.3
2026-04-18,17:03:30.460,-72,-67,10,3798,20660,55,44,16,29498,52,64,2510,-138,2,423,1024,203,1024,0,-1,-1,-1,0x100048049C140245,1473,1500,1730,988,2012,1431,1501,1500,1500,1425,1193,1449,1500,1500,1500,1500,1500,1500,1014,1986,1500,1609,1500,2012,1500,1711,1500,1500,1520,1705,1500,988,8.3
2026-04-18,17:03:30.960,-80,-71,10,3798,1750,55,44,16,9482,52,64,2512,231,211,422,1024,203,1024,0,-1,-1,-1,0x100048009C140205,1574,1563,1730,988,2012,1615,1605,1500,1500,1697,1193,1449,1500,1500,1500,1500,1500,1500,1372,1628,1500,1609,1500,2012,1500,1702,1563,1500,1520,1705,1500,988,8.3
2026-04-18,17:03:31.460,-74,-75,10,3801,17930,55,44,16,16098,52,64,2515,795,39,423,1024,204,1024,0,-1,-1,-1,0x100048009C140205,1672,1518,1730,988,2012,1897,1519,1500,1500,1892,1193,1449,1500,1500,1500,1500,1500,1500,1270,1730,1500,1609,1500,2012,1500,1530,1518,1500,1520,1705,1500,988,8.3
2026-04-18,17:03:31.960,-77,-82,10,3809,0,55,44,16,2868,52,64,2515,-677,14,423,1024,203,1024,0,-1,-1,-1,0x100048009C140205,1352,1505,1730,988,2012,1162,1507,1500,1500,1162,1193,1449,1500,1500,1500,1500,1500,1500,1366,2012,1500,1609,1500,2012,1500,1511,1505,1500,1520,1705,1500,988,8.3
2026-04-18,17:03:32.460,-70,-76,10,3812,17970,55,44,16,3916,52,64,2515,-1024,336,423,1024,204,1024,0,-1,-1,-1,0x100048009C140205,1195,1608,1730,988,2012,988,1668,1500,1500,988,1193,1449,1500,1500,1500,1500,1500,1500,1372,1628,1500,1609,1500,2012,1500,1732,1608,1500,1520,1705,1500,988,8.3
2026-04-18,17:03:32.960,-75,-78,10,3814,8090,55,44,16,5942,52,64,2517,1024,292,423,1024,203,1024,0,-1,-1,-1,0x100048009C140205,1771,1587,1730,988,2012,2012,1646,1500,1500,2012,1193,1449,1500,1500,1500,1500,1500,1500,1372,1628,1500,1609,1500,2012,1500,1700,1587,1500,1520,1705,1500,988,8.3
2026-04-18,17:03:33.460,-78,-79,10,3812,16180,55,44,16,8560,52,64,2519,258,500,423,1024,204,1024,0,-1,-1,-1,0x100048009C140205,1549,1665,1730,988,2012,1629,1750,1500,1500,1636,1193,1449,1500,1500,1500,1500,1500,1500,1372,1628,1500,1609,1500,2012,1500,1807,1665,1500,1520,1705,1500,988,8.3
2026-04-18,17:03:33.960,-73,-78,10,3806,35060,55,44,16,18226,52,64,2522,-2,741,423,1024,203,1024,0,-1,-1,-1,0x1000480198140205,1500,1774,1730,988,2012,1499,1870,1500,1500,1499,1193,1449,1500,1500,1500,1500,1500,1500,1372,1628,1500,1609,1500,2012,1500,1903,1774,1500,1520,1705,1500,988,8.3
2026-04-18,17:03:34.460,-77,-78,10,3792,31600,55,44,16,21500,52,64,2527,17,719,423,1024,204,1024,0,-1,-1,-1,0x1000480598140645,1505,1771,1730,988,2012,1508,1859,1500,1500,1514,1193,1449,1500,1500,1500,1500,1500,1500,1372,1628,1500,1609,1500,2012,1500,1901,1771,1500,1520,1705,1500,988,8.3
2026-04-18,17:03:34.960,-76,-73,10,3790,11630,55,44,16,18274,52,64,2530,295,300,423,1024,204,1024,0,-1,-1,-1,0x100048049C140245,1556,1589,1730,988,2012,1647,1650,1500,1500,1653,1193,1449,1500,1500,1500,1500,1500,1500,1372,1628,1500,1609,1500,2012,1500,1704,1589,1500,1520,1705,1500,988,8.3
2026-04-18,17:03:35.460,-78,-85,10,3789,2940,55,44,16,14642,52,64,2531,677,281,423,1024,204,1024,0,-1,-1,-1,0x100048049C141A85,1642,1579,1730,988,2012,1838,1640,1500,1500,1838,1193,1449,1500,1500,1500,1500,1500,1500,1372,1628,1500,1609,1500,2012,1500,1687,1579,1500,1520,1705,1500,988,8.3
2026-04-18,17:03:35.960,-67,-72,10,3794,8720,55,44,16,12364,52,64,2532,747,473,423,1024,204,1024,0,-1,-1,-1,0x100048049C140AC5,1661,1654,1730,988,2012,1873,1736,1500,1500,1873,1193,1449,1500,1500,1500,1500,1500,1500,1372,1628,1500,1609,1500,2012,1500,1795,1654,1500,1520,1705,1500,988,8.3
2026-04-18,17:03:36.460,-67,-67,10,3794,32680,55,44,16,17084,53,65,2535,624,689,423,1024,203,1024,0,-1,-1,-1,0x100048059C140A85,1628,1749,1730,988,2012,1812,1844,1500,1500,1812,1193,1449,1500,1500,1500,1500,1500,1500,1372,1628,1500,1609,1500,2012,1500,1889,1749,1500,1520,1705,1500,988,8.3
2026-04-18,17:03:36.960,-78,-66,10,3802,21890,55,44,16,16536,53,65,2538,571,605,423,1024,204,1024,0,-1,-1,-1,0x100048059C140EC5,1614,1710,1730,988,2012,1785,1802,1500,1500,1785,1193,1449,1500,1500,1500,1500,1500,1500,1372,1628,1500,1609,1500,2012,1500,1855,1710,1500,1520,1705,1500,988,8.3
2026-04-18,17:03:37.460,-72,-72,10,3795,26130,55,44,16,20420,53,65,2541,185,759,422,1024,203,1024,0,-1,-1,-1,0x100048059C140205,1533,1792,1730,988,2012,1592,1879,1500,1500,1592,1193,1449,1500,1500,1500,1500,1500,1500,1372,1628,1500,1609,1500,2012,1500,1916,1792,1500,1520,1705,1500,988,8.3
2026-04-18,17:03:37.960,-86,-70,10,3780,35970,55,44,16,28428,53,65,2547,-2,308,423,1024,203,1024,0,-1,-1,-1,0x1000480498140245,1500,1583,1730,988,2012,1499,1654,1500,1500,1499,1193,1449,1500,1500,1500,1500,1500,1500,1372,1628,1500,1609,1500,2012,1500,1702,1583,1500,1520,1705,1500,988,8.3
2026-04-18,17:03:38.460,-80,-69,10,3780,4300,55,44,16,17156,53,65,2548,-1,-110,423,1024,204,1024,0,-1,-1,-1,0x100048049A1C0205,1500,1438,1730,1095,2012,1500,1445,1413,1500,1500,1193,1449,1500,1500,1500,1500,1500,1399,988,2012,1500,1609,1500,2012,1500,1433,1500,1500,1520,1705,1400,988,8.3
2026-04-18,17:03:38.960,-80,-67,10,3791,1540,55,44,16,12846,53,65,2548,914,312,423,1024,203,1024,0,-1,-1,-1,0x100048009C140205,1718,1589,1730,988,2012,1957,1656,1500,1500,1957,1193,1449,1500,1500,1500,1500,1500,1500,1372,1628,1500,1609,1500,2012,1500,1704,1589,1500,1520,1705,1500,988,8.3
2026-04-18,17:03:39.460,-82,-72,10,3795,23050,57,44,16,15144,53,65,2549,-166,124,423,1024,203,1024,0,-1,-1,-1,0x100048009C140205,1475,1540,1730,988,2012,1417,1562,1500,1500,1431,1193,1449,1500,1500,1500,1500,1500,1500,1372,1628,1500,1609,1500,2012,1500,1723,1540,1500,1520,1705,1500,988,8.3
2026-04-18,17:03:39.960,-73,-65,10,3807,3360,57,44,16,6274,53,65,2551,-1024,91,423,1024,203,1024,0,-1,-1,-1,0x100048009C140205,1195,1523,1725,988,2012,988,1545,1500,1500,988,1193,1449,1500,1500,1500,1500,1500,1500,1372,1628,1500,1609,1500,2012,1500,1560,1523,1500,1520,1705,1500,988,8.3
2026-04-18,17:03:40.460,-68,-74,10,3813,20590,57,44,16,10092,53,65,2553,-904,413,423,1024,204,1024,0,-1,-1,-1,0x100048019C140605,1264,1636,1730,988,2012,1048,1706,1500,1500,1048,1193,1449,1500,1500,1500,1500,1500,1500,1372,1628,1500,1609,1500,2012,1500,1771,1636,1500,1520,1705,1500,988,8.3
2026-04-18,17:03:40.960,-59,-65,10,3805,26900,57,44,16,15906,53,65,2556,368,-103,423,1024,203,1024,0,-1,-1,-1,0x100048009E1C0205,1574,1432,1730,1105,2012,1684,1449,1406,1500,1698,1193,1449,1500,1500,1500,1500,1500,1406,1014,1986,1500,1609,1500,2012,1500,1551,1500,1500,1520,1705,1406,988,8.3
2026-04-18,17:03:41.460,-63,-68,10,3802,6900,57,44,16,7428,53,65,2558,1024,409,423,1024,204,1024,0,-1,-1,-1,0x100048009C140205,1771,1616,1730,988,2012,2012,1710,1500,1500,2012,1193,1449,1500,1500,1500,1500,1500,1500,1372,1628,1500,1609,1500,2012,1500,1751,1616,1500,1520,1705,1500,988,8.3
2026-04-18,17:03:41.960,-72,-62,10,3803,15020,55,44,16,10308,53,65,2560,-402,531,423,1024,203,1024,0,-1,-1,-1,0x100048019C140205,1432,1672,1730,988,2012,1299,1765,1500,1500,1319,1193,1449,1500,1500,1500,1500,1500,1500,1372,1628,1500,1609,1500,2012,1500,1816,1672,1500,1520,1705,1500,988,8.3
2026-04-18,17:03:42.460,-66,-68,10,3797,17650,55,44,16,12796,53,65,2562,-797,439,423,1024,204,1024,0,-1,-1,-1,0x100048019C140605,1311,1641,1730,988,2012,1102,1719,1500,1500,1102,1193,1449,1500,1500,1500,1500,1500,1500,1372,1628,1500,1609,1500,2012,1500,1779,1641,1500,1520,1705,1500,988,8.3
2026-04-18,17:03:42.960,-61,-58,10,3798,20630,55,44,16,13460,53,65,2564,1,669,423,1024,204,1024,0,-1,-1,-1,0x1000480498140245,1500,1744,1730,988,2012,1500,1834,1500,1500,1500,1193,1449,1500,1500,1500,1500,1500,1500,1372,1628,1500,1609,1500,2012,1500,1881,1744,1500,1520,1705,1500,988,8.3
2026-04-18,17:03:43.460,-52,-77,10,3802,10930,57,44,16,20490,53,65,2567,-232,190,423,1024,204,1024,0,-1,-1,-1,0x100048049C140205,1458,1572,1730,988,2012,1384,1595,1500,1500,1384,1193,1449,1500,1500,1500,1500,1500,1500,1372,1628,1500,1609,1500,2012,1500,1846,1572,1500,1520,1705,1500,988,8.3
2026-04-18,17:03:43.960,-49,-53,10,3801,4410,57,44,16,11600,53,65,2568,-1019,131,423,1024,204,1024,0,-1,-1,-1,0x100048049C140245,1198,1552,1730,988,2012,991,1565,1500,1500,991,1193,1449,1500,1500,1500,1500,1500,1500,1372,1628,1500,1609,1500,2012,1500,1642,1552,1500,1520,1705,1500,988,8.3
2026-04-18,17:03:44.460,-54,-56,10,3805,3360,57,44,16,6042,53,65,2569,276,796,423,1024,204,1024,0,-1,-1,-1,0x100048009C140205,1548,1785,1730,988,2012,1638,1898,1500,1500,1632,1193,1449,1500,1500,1500,1500,1500,1500,1372,1628,1500,1609,1500,2012,1500,1938,1785,1500,1520,1705,1500,988,8.3
2026-04-18,17:03:44.960,-66,-80,10,3803,11070,57,44,16,7950,53,66,2571,-1024,452,423,1024,204,1024,0,-1,-1,-1,0x100048009C140205,1195,1647,1730,988,2012,988,1726,1500,1500,988,1193,1449,1500,1500,1500,1500,1500,1500,1372,1628,1500,1609,1500,2012,1500,1785,1647,1500,1520,1705,1500,988,8.3
2026-04-18,17:03:45.460,-70,-65,10,3805,19930,57,44,16,10984,53,66,2573,-774,196,423,1024,204,1024,0,-1,-1,-1,0x100048009C140205,1325,1565,1730,988,2012,1113,1598,1500,1500,1121,1193,1449,1500,1500,1500,1500,1500,1500,1372,1628,1500,1609,1500,2012,1500,1753,1565,1500,1520,1705,1500,988,8.3
2026-04-18,17:03:45.960,-71,-62,10,3805,8120,57,44,16,9282,53,66,2575,363,6,423,1024,204,1024,0,-1,-1,-1,0x100048009C100205,1582,1502,1730,988,2012,1681,1503,1500,1500,1716,1193,1449,1500,1500,1500,1500,1500,1500,1050,2012,1500,1609,1500,988,1500,1505,1502,1500,1520,1705,1500,988,8.3
2026-04-18,17:03:46.460,-74,-64,10,3803,17060,57,44,16,8764,53,66,2576,162,448,423,1024,204,1024,0,-1,-1,-1,0x100048009C140205,1532,1644,1730,988,2012,1581,1724,1500,1500,1591,1193,1449,1500,1500,1500,1500,1500,1500,1372,1628,1500,1609,1500,2012,1500,1782,1644,1500,1520,1705,1500,988,8.3
2026-04-18,17:03:46.960,-58,-57,10,3805,13590,57,44,16,6162,53,66,2577,757,496,423,1024,204,1024,0,-1,-1,-1,0x100048009C140205,1673,1665,1730,988,2012,1878,1748,1500,1500,1894,1193,1449,1500,1500,1500,1500,1500,1500,1372,1628,1500,1609,1500,2012,1500,1807,1665,1500,1520,1705,1500,988,8.3
2026-04-18,17:03:47.460,-60,-55,25,3789,73710,57,44,16,23846,53,66,2584,19,-2,423,1024,204,1024,0,-1,-1,-1,0x1000480098140205,1503,1499,1730,989,2012,1509,1499,1499,1500,1509,1193,1449,1500,1500,1500,1500,1500,1499,1219,1781,1500,1609,1500,2012,1500,1747,1500,1500,1520,1705,1499,988,8.3
2026-04-18,17:03:47.960,-56,-66,10,3790,24730,57,44,16,28272,53,66,2587,-2,3,423,1024,204,1024,0,-1,-1,-1,0x1000480498140245,1500,1501,1730,988,2012,1499,1501,1500,1500,1499,1193,1449,1500,1500,1500,1500,1500,1500,1270,1730,1500,1609,1500,2012,1500,1857,1501,1500,1520,1705,1500,988,8.3
2026-04-18,17:03:48.460,-55,-61,10,3788,4130,57,44,16,16042,53,66,2588,806,246,423,1024,204,1024,0,-1,-1,-1,0x100048049C140245,1683,1570,1730,988,2012,1903,1623,1500,1500,1909,1193,1449,1500,1500,1500,1500,1500,1500,1372,1628,1500,1609,1500,2012,1500,1673,1570,1500,1520,1705,1500,988,8.3
2026-04-18,17:03:48.960,-54,-61,10,3789,10220,57,44,16,11420,53,66,2589,1024,430,423,1024,204,1024,0,-1,-1,-1,0x100048009C140205,1771,1638,1730,988,2012,2012,1715,1500,1500,2012,1193,1449,1500,1500,1500,1500,1500,1500,1372,1628,1500,1609,1500,2012,1500,1774,1638,1500,1520,1705,1500,988,8.3
2026-04-18,17:03:49.460,-68,-66,10,3788,20070,57,44,16,11198,53,66,2591,-232,450,423,1024,204,1024,0,-1,-1,-1,0x100048009C140205,1461,1631,1730,988,2012,1384,1725,1500,1500,1391,1193,1449,1500,1500,1500,1500,1500,1500,1372,1628,1500,1609,1500,2012,1500,1770,1631,1500,1520,1705,1500,988,8.3
2026-04-18,17:03:49.960,-69,-54,10,3804,3640,57,44,16,6376,53,66,2594,-1024,251,423,1024,204,1024,0,-1,-1,-1,0x100048009C140205,1195,1571,1730,988,2012,988,1625,1500,1500,988,1193,1449,1500,1500,1500,1500,1500,1500,1372,1628,1500,1609,1500,2012,1500,1675,1571,1500,1520,1705,1500,988,8.3
2026-04-18,17:03:50.460,-57,-58,10,3807,8370,57,44,16,6814,53,66,2595,-1024,363,423,1024,203,1024,0,-1,-1,-1,0x100048009C140205,1195,1608,1730,988,2012,988,1681,1500,1500,988,1193,1449,1500,1500,1500,1500,1500,1500,1372,1628,1500,1609,1500,2012,1500,1733,1608,1500,1520,1705,1500,988,8.3
2026-04-18,17:03:50.960,-60,-58,10,3800,34330,57,44,16,17718,53,66,2597,82,728,423,1024,204,1024,0,-1,-1,-1,0x100048019C140605,1514,1756,1730,988,2012,1541,1864,1500,1500,1540,1193,1449,1500,1500,1500,1500,1500,1500,1372,1628,1500,1609,1500,2012,1500,1897,1756,1500,1520,1705,1500,988,8.3
2026-04-18,17:03:51.460,-73,-65,10,3792,17720,57,44,16,14448,53,66,2601,722,-174,423,1024,204,1024,0,-1,-1,-1,0x100048009E140205,1640,1403,1730,1155,2012,1861,1413,1365,1500,1833,1193,1449,1500,1500,1500,1500,1500,1365,1014,1986,1500,1609,1500,2012,1500,1559,1500,1500,1520,1705,1365,988,8.3
2026-04-18,17:03:51.960,-66,-69,10,3796,1430,57,44,16,4466,53,66,2603,637,524,423,1024,204,1024,0,-1,-1,-1,0x100048009C140205,1638,1671,1730,988,2012,1818,1762,1500,1500,1830,1193,1449,1500,1500,1500,1500,1500,1500,1372,1628,1500,1609,1500,2012,1500,1819,1671,1500,1520,1705,1500,988,8.3
2026-04-18,17:03:52.460,-64,-61,50,3790,15650,57,44,16,10890,53,66,2605,437,362,423,1024,203,1024,0,-1,-1,-1,0x100048009C140205,1571,1613,1730,988,2012,1718,1681,1500,1500,1692,1193,1449,1500,1500,1500,1500,1500,1500,1372,1628,1500,1609,1500,2012,1500,1739,1613,1500,1520,1705,1500,988,8.3
2026-04-18,17:03:52.960,-63,-76,10,3784,30720,57,44,16,14878,53,66,2608,-13,932,422,1024,204,1024,0,-1,-1,-1,0x1000480198140605,1499,1896,1730,988,2012,1494,1966,1500,1500,1494,1193,1449,1500,1500,1500,1500,1500,1500,1372,1628,1500,1609,1500,2012,1500,1979,1896,1500,1520,1705,1500,988,8.3
2026-04-18,17:03:53.460,-71,-65,10,3789,7740,57,44,16,10924,53,66,2611,332,295,423,1024,204,1024,0,-1,-1,-1,0x100048009C140205,1565,1593,1730,988,2012,1666,1647,1500,1500,1676,1193,1449,1500,1500,1500,1500,1500,1500,1372,1628,1500,1609,1500,2012,1500,1710,1593,1500,1520,1705,1500,988,8.3
2026-04-18,17:03:53.960,-71,-59,10,3791,14950,57,44,16,12438,53,66,2613,211,425,423,1024,203,1024,0,-1,-1,-1,0x100048009C140205,1540,1647,1730,988,2012,1605,1712,1500,1500,1611,1193,1449,1500,1500,1500,1500,1500,1500,1372,1628,1500,1609,1500,2012,1500,1780,1647,1500,1520,1705,1500,988,8.3
2026-04-18,17:03:54.460,-69,-61,10,3791,13380,57,44,16,13832,53,66,2615,223,189,423,1024,204,1024,0,-1,-1,-1,0x100048009C140205,1545,1545,1730,988,2012,1611,1594,1500,1500,1626,1193,1449,1500,1500,1500,1500,1500,1500,1372,1628,1500,1609,1500,2012,1500,1621,1545,1500,1520,1705,1500,988,8.3
2026-04-18,17:03:54.960,-71,-56,10,3796,2550,57,44,16,10242,53,67,2615,163,263,423,1024,203,1024,0,-1,-1,-1,0x100048009C140205,1526,1575,1730,988,2012,1581,1631,1500,1500,1574,1193,1449,1500,1500,1500,1500,1500,1500,1372,1628,1500,1609,1500,2012,1500,1682,1575,1500,1520,1705,1500,988,8.3
2026-04-18,17:03:55.460,-69,-65,10,3808,3180,57,44,16,9620,53,67,2616,-6,30,423,1024,203,1024,0,-1,-1,-1,0x1000480098140205,1500,1511,1730,988,2012,1497,1515,1500,1500,1497,1193,1449,1500,1500,1500,1500,1500,1500,1131,2012,1500,1609,1500,2012,1500,1524,1511,1500,1520,1705,1500,988,8.3
2026-04-18,17:03:55.960,-74,-56,10,3812,1400,57,44,16,5972,53,67,2616,-183,78,423,1024,203,1024,0,-1,-1,-1,0x100048089C140205,1472,1529,1730,988,2012,1409,1539,1500,1500,1421,1193,1449,1500,1500,1500,1500,1500,1500,1372,1628,1500,1609,1500,2012,1500,1560,1529,1500,1520,1705,1500,988,8.3
2026-04-18,17:03:56.460,-61,-60,10,3818,1260,57,44,16,4374,53,67,2616,64,233,423,1024,204,1024,0,-1,-1,-1,0x100048089C140205,1514,1565,1730,988,2012,1532,1616,1500,1500,1539,1193,1449,1500,1500,1500,1500,1500,1500,1372,1628,1500,1609,1500,2012,1500,1664,1565,1500,1520,1705,1500,988,8.3
2026-04-18,17:03:56.960,-63,-62,10,3824,1680,57,44,16,3658,53,67,2616,-33,250,423,1024,203,1024,0,-1,-1,-1,0x1000480898140205,1495,1572,1730,988,2012,1484,1625,1500,1500,1484,1193,1449,1500,1500,1500,1500,1500,1500,1372,1628,1500,1609,1500,2012,1500,1675,1572,1500,1520,1705,1500,988,8.3
2026-04-18,17:03:57.460,-58,-48,10,3827,2620,57,44,16,2388,53,67,2617,-172,238,423,1024,204,1024,0,-1,-1,-1,0x1000480A9C140205,1471,1566,1730,988,2012,1414,1619,1500,1500,1420,1193,1449,1500,1500,1500,1500,1500,1500,1372,1628,1500,1609,1500,2012,1500,1667,1566,1500,1520,1705,1500,988,8.3
2026-04-18,17:03:57.960,-48,-52,10,3827,7210,57,44,16,5084,53,67,2618,-50,323,423,1024,203,1024,0,-1,-1,-1,0x1000480A98140205,1492,1594,1730,988,2012,1475,1661,1500,1500,1475,1193,1449,1500,1500,1500,1500,1500,1500,1372,1628,1500,1609,1500,2012,1500,1710,1594,1500,1520,1705,1500,988,8.3
2026-04-18,17:03:58.460,-50,-56,10,3825,8680,57,44,16,7100,53,67,2619,10,173,423,1024,203,1024,0,-1,-1,-1,0x1000480A98140205,1501,1554,1730,988,2012,1505,1586,1500,1500,1505,1193,1449,1500,1500,1500,1500,1500,1500,1372,1628,1500,1609,1500,2012,1500,1632,1554,1500,1520,1705,1500,988,8.3
2026-04-18,17:03:58.960,-53,-57,10,3825,660,57,44,16,6630,53,67,2619,-449,0,423,1024,204,1024,0,-1,-1,-1,0x1000480A9C140205,1412,1500,1730,988,2012,1276,1500,1500,1500,1276,1193,1449,1500,1500,1500,1500,1500,1500,1101,2012,1500,1609,1500,2012,1500,1500,1500,1500,1520,1705,1500,988,8.3
2026-04-18,17:03:59.460,-41,-40,10,3823,0,57,44,16,5724,53,67,2619,-201,0,423,1024,204,1024,0,-1,-1,-1,0x1000480A9C140205,1461,1500,1730,988,2012,1400,1500,1500,1500,1393,1193,1449,1500,1500,1500,1500,1500,1500,1372,2012,1500,1609,1500,2012,1500,1501,1500,1500,1520,1705,1500,988,8.3
2026-04-18,17:03:59.960,-41,-55,10,3820,0,57,44,16,4338,53,67,2619,-2,-562,423,1024,204,1024,0,-1,-1,-1,0x1000480A9A100205,1500,1267,1730,1351,2012,1499,1219,1177,1500,1499,1193,1449,1500,1500,1500,1500,1500,1177,1372,2012,1500,1609,1500,988,1500,1142,1500,1500,1520,1705,1120,988,8.3
2026-04-18,17:04:00.460,-41,-57,10,3820,0,57,44,16,0,53,67,2619,-2,3,423,1024,204,1024,0,-1,-1,-1,0x1000480A98140205,1500,1501,1730,988,2012,1499,1501,1500,1500,1499,1193,1449,1500,1500,1500,1500,1500,1500,1500,2012,1500,1609,1500,2012,1500,1502,1501,1500,1520,1705,1500,988,8.3
2026-04-18,17:04:00.960,-49,-62,10,3819,0,57,44,16,0,53,67,2619,-2,5,423,1024,204,1024,0,-1,-1,-1,0x1000480A98140205,1500,1501,1730,988,2012,1499,1502,1500,1500,1499,1193,1449,1500,1500,1500,1500,1500,1500,1500,2012,1500,1609,1500,2012,1500,1504,1501,1500,1520,1705,1500,988,8.3
2026-04-18,17:04:01.460,-50,-62,10,3816,0,57,44,16,0,53,67,2619,-2,3,423,1024,204,1024,0,-1,-1,-1,0x1000480A98140205,1500,1501,1730,988,2012,1499,1501,1500,1500,1499,1193,1449,1500,1500,1500,1500,1500,1500,1500,2012,1500,1609,1500,2012,1500,1502,1501,1500,1520,1705,1500,988,8.3
2026-04-18,17:04:01.960,-52,-75,10,3816,0,57,44,16,0,53,67,2619,-2,4,423,1024,204,1024,0,-1,-1,-1,0x1000480A98140205,1500,1501,1610,988,2012,1499,1502,1500,1500,1499,1193,1449,1500,1500,1500,1500,1500,1500,1500,2012,1500,1609,1500,2012,1500,1503,1501,1500,1520,1705,1500,988,8.3
2026-04-18,17:04:02.460,-79,-60,10,3816,0,57,44,16,0,53,67,2619,-3,3,423,1024,204,1024,0,-1,-1,-1,0x1000480A98140204,1500,1500,1500,988,2012,1499,1501,1500,1500,1499,1193,1449,1500,1500,1500,1500,1500,1500,1500,2012,1500,1609,1500,2012,1500,1502,1500,1500,1520,1705,1500,988,8.3
2026-04-18,17:04:02.960,-51,-58,10,3816,0,57,44,16,0,53,67,2619,-3,2,423,1024,204,1024,0,-1,-1,-1,0x1000480A98140204,1500,1500,1500,988,2012,1499,1501,1500,1500,1499,1193,1449,1500,1500,1500,1500,1500,1500,1500,2012,1500,1609,1500,2012,1500,1501,1500,1500,1520,1705,1500,988,8.3
2026-04-18,17:04:03.460,-59,-57,10,3816,0,55,44,16,0,53,67,2619,-2,2,423,1024,203,1024,0,-1,-1,-1,0x1000480A98140204,1500,1501,1500,988,2012,1499,1501,1500,1500,1499,1193,1449,1500,1500,1500,1500,1500,1500,1500,2012,1500,1609,1500,2012,1500,1501,1501,1500,1520,1705,1500,988,8.3
2026-04-18,17:04:03.960,-60,-57,50,3816,0,55,44,16,0,52,67,2619,-2,3,423,1024,203,1024,0,-1,-1,-1,0x1000480A98140204,1500,1501,1500,988,2012,1499,1501,1500,1500,1499,1193,1449,1500,1500,1500,1500,1500,1500,1500,2012,1500,1609,1500,2012,1500,1502,1501,1500,1520,1705,1500,988,8.3
2026-04-18,17:04:04.460,-50,-63,25,3816,0,55,44,16,0,52,67,2619,-2,3,423,1024,203,1024,0,-1,-1,-1,0x1000480A98140204,1500,1501,1500,988,2012,1499,1501,1500,1500,1499,1193,1449,1500,1500,1500,1500,1500,1500,1500,2012,1500,1609,1500,2012,1500,1502,1501,1500,1520,1705,1500,988,8.3
2026-04-18,17:04:04.960,-64,-61,50,3816,0,55,44,16,0,52,67,2619,-2,3,423,1024,203,1024,0,-1,-1,-1,0x1000480A98140204,1500,1501,1500,988,2012,1499,1501,1500,1500,1499,1193,1449,1500,1500,1500,1500,1500,1500,1500,2012,1500,1609,1500,2012,1500,1502,1501,1500,1520,1705,1500,988,8.3
2026-04-18,17:04:05.460,-55,-51,250,3816,0,55,44,16,0,52,67,2619,-2,3,351,1024,202,1024,0,-1,-1,-1,0x1000480A98140204,1500,1501,1500,988,2012,1499,1501,1500,1500,1499,1193,1449,1500,1500,1500,1500,1500,1500,1500,2012,1500,1609,1500,2012,1500,1502,1501,1500,1520,1705,1500,988,8.3
2026-04-18,17:04:05.960,-51,-54,250,3816,0,55,44,16,0,52,67,2619,-2,3,505,1024,203,1024,0,-1,-1,-1,0x1000480A98140204,1500,1501,1500,988,2012,1499,1501,1500,1500,1499,1193,1449,1500,1500,1500,1500,1500,1500,1500,2012,1500,1609,1500,2012,1500,1502,1501,1500,1520,1705,1500,988,8.3
2026-04-18,17:04:06.460,-65,-61,10,3816,0,55,44,16,0,52,67,2619,-2,3,525,1024,204,1024,0,-1,-1,-1,0x1000480A98140204,1500,1501,1500,988,2012,1499,1501,1500,1500,1500,1193,1449,1500,1500,1500,1500,1500,1500,1500,2012,1500,1609,1500,2012,1500,1502,1501,1500,1520,1705,1500,988,8.3
2026-04-18,17:04:06.960,-53,-64,250,3817,0,55,44,16,0,52,67,2619,-1,3,533,1024,203,1024,0,-1,-1,-1,0x1000480A98140204,1500,1501,1500,988,2012,1500,1501,1500,1500,1500,1193,1449,1500,1500,1500,1500,1500,1500,1500,2012,1500,1609,1500,2012,1500,1502,1501,1500,1520,1705,1500,988,8.3
2026-04-18,17:04:07.460,-75,-70,10,3819,0,55,44,16,0,51,67,2619,-3,3,533,1024,204,1024,0,-1,-1,-1,0x1000480A98140204,1500,1501,1500,988,2012,1499,1501,1500,1500,1499,1193,1449,1500,1500,1500,1500,1500,1500,1500,2012,1500,1609,1500,2012,1500,1502,1501,1500,1520,1705,1500,988,8.3
2026-04-18,17:04:07.960,-51,-51,250,3820,0,55,44,16,0,51,67,2619,-3,3,534,1024,202,1024,0,-1,-1,-1,0x1000480A98140204,1500,1501,1500,988,2012,1499,1501,1500,1500,1499,1193,1449,1500,1500,1500,1500,1500,1500,1500,2012,1500,1609,1500,2012,1500,1502,1501,1500,1520,1705,1500,988,8.3
2026-04-18,17:04:08.460,-64,-61,10,3823,0,55,44,16,0,51,67,2619,-3,3,533,1024,204,1024,0,-1,-1,-1,0x1000480A98140204,1500,1501,1500,988,2012,1499,1501,1500,1500,1499,1193,1449,1500,1500,1500,1500,1500,1500,1500,2012,1500,1609,1500,2012,1500,1502,1501,1500,1520,1705,1500,988,8.3
2026-04-18,17:04:08.960,-51,-67,250,3824,0,55,44,16,0,51,67,2619,-3,3,533,1024,202,1024,0,-1,-1,-1,0x1000480A98140204,1500,1501,1500,988,2012,1499,1501,1500,1500,1499,1193,1449,1500,1500,1500,1500,1500,1500,1500,2012,1500,1609,1500,2012,1500,1502,1501,1500,1520,1705,1500,988,8.3
2026-04-18,17:04:09.460,-68,-73,10,3828,0,55,44,16,0,51,67,2619,-3,3,533,1024,204,1024,0,-1,-1,-1,0x1000480A98140204,1500,1501,1500,988,2012,1499,1501,1500,1500,1499,1193,1449,1500,1500,1500,1500,1500,1500,1500,2012,1500,1609,1500,2012,1500,1502,1501,1500,1520,1705,1500,988,8.3
2026-04-18,17:04:09.960,-53,-55,250,3830,0,55,44,16,0,51,67,2619,-2,3,534,1024,202,1024,0,-1,-1,-1,0x1000480A98140204,1500,1501,1500,988,2012,1499,1501,1500,1500,1499,1193,1449,1500,1500,1500,1500,1500,1500,1500,2012,1500,1609,1500,2012,1500,1502,1501,1500,1520,1705,1500,988,8.3
2026-04-18,17:04:10.460,-63,-68,10,3831,0,55,44,16,0,51,67,2619,-2,2,534,1024,203,1024,0,-1,-1,-1,0x1000480A98140204,1500,1500,1500,988,2012,1499,1501,1500,1500,1499,1193,1449,1500,1500,1500,1500,1500,1500,1500,2012,1500,1609,1500,2012,1500,1501,1500,1500,1520,1705,1500,988,8.3
2026-04-18,17:04:10.960,-62,-53,250,3833,0,55,44,16,0,51,67,2619,-1,3,534,1024,203,1024,0,-1,-1,-1,0x1000480A98140204,1500,1501,1500,988,2012,1500,1501,1500,1500,1499,1193,1449,1500,1500,1500,1500,1500,1500,1500,2012,1500,1609,1500,2012,1500,1502,1501,1500,1520,1705,1500,988,8.3
2026-04-18,17:04:11.460,-53,-57,250,3833,0,55,44,16,0,51,67,2619,-3,2,533,1024,202,1024,0,-1,-1,-1,0x1000480A98140204,1500,1501,1500,988,2012,1499,1501,1500,1500,1499,1193,1449,1500,1500,1500,1500,1500,1500,1500,2012,1500,1609,1500,2012,1500,1502,1501,1500,1520,1705,1500,988,8.3
2026-04-18,17:04:11.960,-55,-52,250,3833,0,55,44,16,0,51,67,2619,-2,3,533,1024,203,1024,0,-1,-1,-1,0x1000480A98140204,1500,1501,1500,988,2012,1499,1501,1500,1500,1499,1193,1449,1500,1500,1500,1500,1500,1500,1500,2012,1500,1609,1500,2012,1500,1502,1501,1500,1520,1705,1500,988,8.3
2026-04-18,17:04:12.460,-53,-73,250,3833,0,55,44,16,0,51,67,2619,-1,3,533,1024,202,1024,0,-1,-1,-1,0x1000480A98140204,1500,1501,1500,988,2012,1500,1501,1500,1500,1500,1193,1449,1500,1500,1500,1500,1500,1500,1500,2012,1500,1609,1500,2012,1500,1502,1501,1500,1520,1705,1500,988,8.3
2026-04-18,17:04:12.960,-56,-65,50,3833,0,55,44,16,0,51,67,2619,-1,3,533,1024,204,1024,0,-1,-1,-1,0x1000480A98140204,1500,1501,1500,988,2012,1500,1501,1500,1500,1500,1193,1449,1500,1500,1500,1500,1500,1500,1500,2012,1500,1609,1500,2012,1500,1502,1501,1500,1520,1705,1500,988,8.3
2026-04-18,17:04:13.460,-59,-67,250,3833,0,55,44,16,0,51,67,2619,-1,3,533,1024,203,1024,0,-1,-1,-1,0x1000480A98140204,1500,1501,1500,988,2012,1500,1501,1500,1500,1500,1193,1449,1500,1500,1500,1500,1500,1500,1500,2012,1500,1609,1500,2012,1500,1502,1501,1500,1520,1705,1500,988,8.3
2026-04-18,17:04:13.960,-63,-72,250,3833,0,55,44,16,0,51,67,2619,-1,3,533,1024,202,1024,0,-1,-1,-1,0x1000480A98140204,1500,1501,1500,988,2012,1500,1501,1500,1500,1500,1193,1449,1500,1500,1500,1500,1500,1500,1500,2012,1500,1609,1500,2012,1500,1502,1501,1500,1520,1705,1500,988,8.3
2026-04-18,17:04:14.460,-61,-55,250,3833,0,55,44,16,0,51,67,2619,-2,3,533,1024,202,1024,0,-1,-1,-1,0x1000480A98140204,1500,1500,1500,988,2012,1499,1501,1500,1500,1499,1193,1449,1500,1500,1500,1500,1500,1500,1500,2012,1500,1609,1500,2012,1500,1501,1500,1500,1520,1705,1500,988,8.3
2026-04-18,17:04:14.960,-62,-60,250,3833,0,55,44,16,0,50,67,2619,-2,3,533,1024,202,1024,0,-1,-1,-1,0x1000480A98140204,1500,1501,1500,988,2012,1499,1501,1500,1500,1499,1193,1449,1500,1500,1500,1500,1500,1500,1500,2012,1500,1609,1500,2012,1500,1502,1501,1500,1520,1705,1500,988,8.3
2026-04-18,17:04:15.460,-71,-72,25,3833,0,55,44,16,0,50,67,2619,-2,3,533,1024,203,1024,0,-1,-1,-1,0x1000480A98140204,1500,1501,1500,988,2012,1499,1501,1500,1500,1499,1193,1449,1500,1500,1500,1500,1500,1500,1500,2012,1500,1609,1500,2012,1500,1502,1501,1500,1520,1705,1500,988,8.3
2026-04-18,17:04:15.960,-62,-61,100,3833,0,55,44,16,0,50,67,2619,-3,3,533,1024,203,1024,0,-1,-1,-1,0x1000480A98140204,1500,1501,1500,988,2012,1499,1501,1500,1500,1499,1193,1449,1500,1500,1500,1500,1500,1500,1500,2012,1500,1609,1500,2012,1500,1502,1501,1500,1520,1705,1500,988,8.3
2026-04-18,17:04:16.460,-73,-82,100,3833,0,55,44,16,0,50,67,2619,-2,3,533,1024,202,1024,0,-1,-1,-1,0x1000480A98140204,1500,1501,1500,988,2012,1499,1501,1500,1500,1499,1193,1449,1500,1500,1500,1500,1500,1500,1500,2012,1500,1609,1500,2012,1500,1502,1501,1500,1520,1705,1500,988,8.3
2026-04-18,17:04:16.960,-58,-55,250,3833,0,55,44,16,0,50,67,2619,-2,3,534,1024,202,1024,0,-1,-1,-1,0x1000480A98140204,1500,1501,1500,988,2012,1499,1501,1500,1500,1499,1193,1449,1500,1500,1500,1500,1500,1500,1500,2012,1500,1609,1500,2012,1500,1502,1501,1500,1520,1705,1500,988,8.3
2026-04-18,17:04:17.460,-58,-55,250,3833,0,55,44,16,0,50,67,2619,-1,3,533,1024,203,1024,0,-1,-1,-1,0x1000480A98140204,1500,1501,1500,988,2012,1500,1501,1500,1500,1499,1193,1449,1500,1500,1500,1500,1500,1500,1500,2012,1500,1609,1500,2012,1500,1502,1501,1500,1520,1705,1500,988,8.3
2026-04-18,17:04:17.960,-56,-57,25,3833,0,55,44,16,0,50,67,2619,-2,3,533,1024,203,1024,0,-1,-1,-1,0x1000480A98140204,1500,1501,1500,988,2012,1499,1501,1500,1500,1499,1193,1449,1500,1500,1500,1500,1500,1500,1500,2012,1500,1609,1500,2012,1500,1502,1501,1500,1520,1705,1500,988,8.3
2026-04-18,17:04:18.460,-69,-58,250,3833,0,55,44,16,0,50,67,2619,-2,3,534,1024,202,1024,0,-1,-1,-1,0x1000480A98140204,1500,1501,1500,988,2012,1499,1501,1500,1500,1499,1193,1449,1500,1500,1500,1500,1500,1500,1500,2012,1500,1609,1500,2012,1500,1502,1501,1500,1520,1705,1500,988,8.3
2026-04-18,17:04:18.960,-64,-59,250,3833,0,55,44,16,0,50,67,2619,-2,3,534,1024,203,1024,0,-1,-1,-1,0x1000480A98140204,1500,1501,1500,988,2012,1499,1501,1500,1500,1499,1193,1449,1500,1500,1500,1500,1500,1500,1500,2012,1500,1609,1500,2012,1500,1502,1501,1500,1520,1705,1500,988,8.3
2026-04-18,17:04:19.460,-55,-64,250,3833,0,55,44,16,0,50,67,2619,-2,3,533,1024,203,1024,0,-1,-1,-1,0x1000480A98140204,1500,1500,1500,988,2012,1499,1501,1500,1500,1499,1193,1449,1500,1500,1500,1500,1500,1500,1500,2012,1500,1609,1500,2012,1500,1502,1500,1500,1520,1705,1500,988,8.3
2026-04-18,17:04:19.960,-56,-65,250,3833,0,55,44,16,0,50,67,2619,-3,3,533,1024,202,1024,0,-1,-1,-1,0x1000480A98140204,1500,1501,1500,988,2012,1499,1501,1500,1500,1499,1193,1449,1500,1500,1500,1500,1500,1500,1500,2012,1500,1609,1500,2012,1500,1502,1501,1500,1520,1705,1500,988,8.3
2026-04-18,17:04:20.460,-77,-56,250,3833,0,55,44,16,0,50,67,2619,-2,3,533,1024,202,1024,0,-1,-1,-1,0x1000480A98140204,1500,1501,1500,988,2012,1499,1501,1500,1500,1499,1193,1449,1500,1500,1500,1500,1500,1500,1500,2012,1500,1609,1500,2012,1500,1502,1501,1500,1520,1705,1500,988,8.3
2026-04-18,17:04:20.960,-74,-61,25,3833,0,55,44,16,0,50,67,2619,-2,3,534,1024,203,1024,0,-1,-1,-1,0x1000480A98140204,1500,1501,1500,988,2012,1499,1501,1500,1500,1499,1193,1449,1500,1500,1500,1500,1500,1500,1500,2012,1500,1609,1500,2012,1500,1502,1501,1500,1520,1705,1500,988,8.3
2026-04-18,17:04:21.460,-65,-57,25,3833,0,55,44,16,0,50,67,2619,-1,3,533,1024,204,1024,0,-1,-1,-1,0x1000480A98140204,1500,1501,1500,988,2012,1500,1501,1500,1500,1500,1193,1449,1500,1500,1500,1500,1500,1500,1500,2012,1500,1609,1500,2012,1500,1502,1501,1500,1520,1705,1500,988,8.3
2026-04-18,17:04:21.960,-65,-52,250,3833,0,55,44,16,0,50,67,2619,-2,3,533,1024,202,1024,0,-1,-1,-1,0x1000480A98140204,1500,1501,1500,988,2012,1499,1501,1500,1500,1499,1193,1449,1500,1500,1500,1500,1500,1500,1500,2012,1500,1609,1500,2012,1500,1502,1501,1500,1520,1705,1500,988,8.3
2026-04-18,17:04:22.460,-63,-58,250,3833,0,55,44,16,0,50,67,2619,-2,3,533,1024,203,1024,0,-1,-1,-1,0x1000480A98140204,1500,1501,1500,988,2012,1499,1501,1500,1500,1499,1193,1449,1500,1500,1500,1500,1500,1500,1500,2012,1500,1609,1500,2012,1500,1502,1501,1500,1520,1705,1500,988,8.3
2026-04-18,17:04:22.960,-64,-58,250,3833,0,55,44,16,0,50,67,2619,-1,3,533,1024,202,1024,0,-1,-1,-1,0x1000480A98140204,1500,1501,1500,988,2012,1500,1501,1500,1500,1500,1193,1449,1500,1500,1500,1500,1500,1500,1500,2012,1500,1609,1500,2012,1500,1502,1501,1500,1520,1705,1500,988,8.3
2026-04-18,17:04:23.460,-59,-67,250,3833,0,55,44,16,0,50,67,2619,-2,3,533,1024,202,1024,0,-1,-1,-1,0x1000480A98140204,1500,1501,1500,988,2012,1499,1501,1500,1500,1499,1193,1449,1500,1500,1500,1500,1500,1500,1500,2012,1500,1609,1500,2012,1500,1502,1501,1500,1520,1705,1500,988,8.3
2026-04-18,17:04:23.960,-58,-55,250,3833,0,55,44,16,0,50,67,2619,-2,3,533,1024,202,1024,0,-1,-1,-1,0x1000480A98140204,1500,1501,1500,988,2012,1499,1501,1500,1500,1499,1193,1449,1500,1500,1500,1500,1500,1500,1500,2012,1500,1609,1500,2012,1500,1502,1501,1500,1520,1705,1500,988,8.3
2026-04-18,17:04:24.460,-59,-61,250,3833,0,55,44,16,0,49,67,2619,-2,3,533,1024,202,1024,0,-1,-1,-1,0x1000480A98140204,1500,1501,1500,988,2012,1499,1501,1500,1500,1500,1193,1449,1500,1500,1500,1500,1500,1500,1500,2012,1500,1609,1500,2012,1500,1502,1501,1500,1520,1705,1500,988,8.3
2026-04-18,17:04:24.960,-55,-56,250,3833,0,55,44,16,0,49,67,2619,-1,3,533,1024,203,1024,0,-1,-1,-1,0x1000480A98140204,1500,1501,1500,988,2012,1500,1501,1500,1500,1500,1193,1449,1500,1500,1500,1500,1500,1500,1500,2012,1500,1609,1500,2012,1500,1502,1501,1500,1520,1705,1500,988,8.3
2026-04-18,17:04:25.460,-64,-67,50,3833,0,55,44,16,0,49,67,2619,-1,3,533,1024,202,1024,0,-1,-1,-1,0x1000480A98140204,1500,1501,1500,988,2012,1500,1501,1500,1500,1500,1193,1449,1500,1500,1500,1500,1500,1500,1500,2012,1500,1609,1500,2012,1500,1502,1501,1500,1520,1705,1500,988,8.3
2026-04-18,17:04:25.960,-57,-57,50,3833,0,55,44,16,0,49,67,2619,-1,3,533,1024,203,1024,0,-1,-1,-1,0x1000480A98140204,1500,1501,1500,988,2012,1500,1501,1500,1500,1500,1193,1449,1500,1500,1500,1500,1500,1500,1500,2012,1500,1609,1500,2012,1500,1502,1501,1500,1520,1705,1500,988,8.3
2026-04-18,17:04:26.460,-70,-56,100,3833,0,55,44,16,0,49,67,2619,-2,3,533,1024,202,1024,0,-1,-1,-1,0x1000480A98140204,1500,1501,1500,988,2012,1499,1501,1500,1500,1499,1193,1449,1500,1500,1500,1500,1500,1500,1500,2012,1500,1609,1500,2012,1500,1502,1501,1500,1520,1705,1500,988,8.3
2026-04-18,17:04:26.960,-72,-64,10,3833,0,55,44,16,0,49,67,2619,-1,3,534,1024,203,1024,0,-1,-1,-1,0x1000480A98140204,1500,1501,1500,988,2012,1500,1501,1500,1500,1500,1193,1449,1500,1500,1500,1500,1500,1500,1500,2012,1500,1609,1500,2012,1500,1502,1501,1500,1520,1705,1500,988,8.3
2026-04-18,17:04:27.460,-56,-56,250,3833,0,55,44,16,0,49,67,2619,-1,3,534,1024,203,1024,0,-1,-1,-1,0x1000480A98140204,1500,1501,1500,988,2012,1500,1501,1500,1500,1500,1193,1449,1500,1500,1500,1500,1500,1500,1500,2012,1500,1609,1500,2012,1500,1502,1501,1500,1520,1705,1500,988,8.3
2026-04-18,17:04:27.960,-56,-63,50,3833,0,55,44,16,0,49,67,2619,-1,3,533,1024,202,1024,0,-1,-1,-1,0x1000480A98140204,1500,1501,1500,988,2012,1500,1501,1500,1500,1499,1193,1449,1500,1500,1500,1500,1500,1500,1500,2012,1500,1609,1500,2012,1500,1502,1501,1500,1520,1705,1500,988,8.3
2026-04-18,17:04:28.460,-58,-57,250,3833,0,55,44,16,0,49,67,2619,-1,3,533,1024,202,1024,0,-1,-1,-1,0x1000480A98140204,1500,1501,1500,988,2012,1500,1501,1500,1500,1500,1193,1449,1500,1500,1500,1500,1500,1500,1500,2012,1500,1609,1500,2012,1500,1502,1501,1500,1520,1705,1500,988,8.3
2026-04-18,17:04:28.960,-57,-56,250,3833,0,55,44,16,0,49,67,2619,-2,3,534,1024,203,1024,0,-1,-1,-1,0x1000480A98140204,1500,1501,1500,988,2012,1499,1501,1500,1500,1499,1193,1449,1500,1500,1500,1500,1500,1500,1500,2012,1500,1609,1500,2012,1500,1502,1501,1500,1520,1705,1500,988,8.3
2026-04-18,17:04:29.460,-68,-64,50,3833,0,55,44,16,0,49,67,2619,-2,3,533,1024,203,1024,0,-1,-1,-1,0x1000480A98140204,1500,1501,1500,988,2012,1499,1501,1500,1500,1499,1193,1449,1500,1500,1500,1500,1500,1500,1500,2012,1500,1609,1500,2012,1500,1502,1501,1500,1520,1705,1500,988,8.3
2026-04-18,17:04:29.960,-55,-55,250,3833,0,55,44,16,0,49,67,2619,-2,3,534,1024,202,1024,0,-1,-1,-1,0x1000480A98140204,1500,1501,1500,988,2012,1499,1501,1500,1500,1499,1193,1449,1500,1500,1500,1500,1500,1500,1500,2012,1500,1609,1500,2012,1500,1502,1501,1500,1520,1705,1500,988,8.3
2026-04-18,17:04:30.460,-55,-52,250,3833,0,55,44,16,0,49,67,2619,-1,3,533,1024,202,1024,0,-1,-1,-1,0x1000480A98140204,1500,1501,1500,988,2012,1500,1501,1500,1500,1500,1193,1449,1500,1500,1500,1500,1500,1500,1500,2012,1500,1609,1500,2012,1500,1502,1501,1500,1520,1705,1500,988,8.3
2026-04-18,17:04:30.960,-67,-57,250,3833,0,55,44,16,0,49,67,2619,-3,2,533,1024,202,1024,0,-1,-1,-1,0x1000480A98140204,1500,1501,1500,988,2012,1499,1501,1500,1500,1499,1193,1449,1500,1500,1500,1500,1500,1500,1500,2012,1500,1609,1500,2012,1500,1502,1501,1500,1520,1705,1500,988,8.3
2026-04-18,17:04:31.460,-63,-68,25,3833,0,55,44,16,0,49,67,2619,-3,2,533,1024,202,1024,0,-1,-1,-1,0x1000480A98140204,1500,1501,1500,988,2012,1499,1501,1500,1500,1499,1193,1449,1500,1500,1500,1500,1500,1500,1500,2012,1500,1609,1500,2012,1500,1502,1501,1500,1520,1705,1500,988,8.3
2026-04-18,17:04:31.960,-67,-59,250,3833,0,55,44,16,0,49,67,2619,-2,3,533,1024,202,1024,0,-1,-1,-1,0x1000480A98140204,1500,1501,1500,988,2012,1499,1501,1500,1500,1499,1193,1449,1500,1500,1500,1500,1500,1500,1500,2012,1500,1609,1500,2012,1500,1501,1501,1500,1520,1705,1500,988,8.3
2026-04-18,17:04:32.460,-46,-64,250,3832,0,55,44,16,0,49,67,2619,-3,3,533,1024,202,1024,0,-1,-1,-1,0x1000480A98140204,1500,1501,1500,988,2012,1499,1501,1500,1500,1499,1193,1449,1500,1500,1500,1500,1500,1500,1500,2012,1500,1609,1500,2012,1500,1502,1501,1500,1520,1705,1500,988,8.3
2026-04-18,17:04:32.960,-55,-55,250,3832,0,55,44,16,0,49,67,2619,-2,3,533,1024,202,1024,0,-1,-1,-1,0x1000480A98140204,1500,1501,1500,988,2012,1499,1501,1500,1500,1499,1193,1449,1500,1500,1500,1500,1500,1500,1500,2012,1500,1609,1500,2012,1500,1502,1501,1500,1520,1705,1500,988,8.3
2026-04-18,17:04:33.460,-62,-56,250,3832,0,55,44,16,0,49,67,2619,-2,2,534,1024,202,1024,0,-1,-1,-1,0x1000480A98140204,1500,1501,1500,988,2012,1499,1501,1500,1500,1499,1193,1449,1500,1500,1500,1500,1500,1500,1500,2012,1500,1609,1500,2012,1500,1502,1501,1500,1520,1705,1500,988,8.3
2026-04-18,17:04:33.960,-67,-58,250,3832,0,55,44,16,0,49,67,2619,-2,3,534,1024,202,1024,0,-1,-1,-1,0x1000480A98140204,1500,1501,1500,988,2012,1499,1501,1500,1500,1499,1193,1449,1500,1500,1500,1500,1500,1500,1500,2012,1500,1609,1500,2012,1500,1502,1501,1500,1520,1705,1500,988,8.3
2026-04-18,17:04:34.460,-64,-53,250,3833,0,55,44,16,0,49,67,2619,-2,3,533,1024,202,1024,0,-1,-1,-1,0x1000480A98140204,1500,1501,1500,988,2012,1499,1501,1500,1500,1499,1193,1449,1500,1500,1500,1500,1500,1500,1500,2012,1500,1609,1500,2012,1500,1502,1501,1500,1520,1705,1500,988,8.3
2026-04-18,17:04:34.960,-55,-55,250,3833,0,55,44,16,0,49,67,2619,-2,3,533,1024,202,1024,0,-1,-1,-1,0x1000480A98140204,1500,1501,1500,988,2012,1499,1501,1500,1500,1499,1193,1449,1500,1500,1500,1500,1500,1500,1500,2012,1500,1609,1500,2012,1500,1502,1501,1500,1520,1705,1500,988,8.3
2026-04-18,17:04:35.460,-69,-68,10,3833,0,55,44,16,0,49,67,2619,-2,3,533,1024,203,1024,0,-1,-1,-1,0x1000480A98140204,1500,1501,1500,988,2012,1499,1501,1500,1500,1499,1193,1449,1500,1500,1500,1500,1500,1500,1500,2012,1500,1609,1500,2012,1500,1502,1501,1500,1520,1705,1500,988,8.3
2026-04-18,17:04:35.960,-54,-62,250,3833,0,55,44,16,0,49,67,2619,-3,2,534,1024,202,1024,0,-1,-1,-1,0x1000480A98140204,1500,1501,1500,988,2012,1499,1501,1500,1500,1499,1193,1449,1500,1500,1500,1500,1500,1500,1500,2012,1500,1609,1500,2012,1500,1501,1501,1500,1520,1705,1500,988,8.3
2026-04-18,17:04:36.460,-64,-68,250,3833,0,55,44,16,0,49,67,2619,-3,2,533,1024,202,1024,0,-1,-1,-1,0x1000480A98140204,1500,1500,1500,988,2012,1499,1501,1500,1500,1499,1193,1449,1500,1500,1500,1500,1500,1500,1500,2012,1500,1609,1500,2012,1500,1501,1500,1500,1520,1705,1500,988,8.3
2026-04-18,17:04:36.960,-58,-61,250,3833,0,55,44,16,0,49,67,2619,-3,3,533,1024,202,1024,0,-1,-1,-1,0x1000480A98140204,1500,1501,1500,988,2012,1499,1501,1500,1500,1499,1193,1449,1500,1500,1500,1500,1500,1500,1500,2012,1500,1609,1500,2012,1500,1502,1501,1500,1520,1705,1500,988,8.3
2026-04-18,17:04:37.460,-54,-55,250,3833,0,55,44,16,0,49,67,2619,-3,2,533,1024,202,1024,0,-1,-1,-1,0x1000480A98140204,1500,1500,1500,988,2012,1499,1501,1500,1500,1499,1193,1449,1500,1500,1500,1500,1500,1500,1500,2012,1500,1609,1500,2012,1500,1501,1500,1500,1520,1705,1500,988,8.3
2026-04-18,17:04:37.960,-66,-63,100,3833,0,55,44,16,0,49,67,2619,-3,3,533,1024,202,1024,0,-1,-1,-1,0x1000480A98140204,1500,1501,1500,988,2012,1499,1501,1500,1500,1499,1193,1449,1500,1500,1500,1500,1500,1500,1500,2012,1500,1609,1500,2012,1500,1501,1501,1500,1520,1705,1500,988,8.3
2026-04-18,17:04:38.460,-61,-53,25,3833,0,55,44,16,0,49,67,2619,-2,3,533,1024,203,1024,0,-1,-1,-1,0x1000480A98140204,1500,1500,1500,988,2012,1499,1501,1500,1500,1499,1193,1449,1500,1500,1500,1500,1500,1500,1500,2012,1500,1609,1500,2012,1500,1501,1500,1500,1520,1705,1500,988,8.3
2026-04-18,17:04:38.960,-54,-55,250,3833,0,55,44,16,0,49,67,2619,-3,3,533,1024,202,1024,0,-1,-1,-1,0x1000480A98140204,1500,1501,1500,988,2012,1499,1501,1500,1500,1499,1193,1449,1500,1500,1500,1500,1500,1500,1500,2012,1500,1609,1500,2012,1500,1502,1501,1500,1520,1705,1500,988,8.3
2026-04-18,17:04:39.460,-61,-74,250,3833,0,55,44,16,486,49,67,2619,-3,3,533,1024,202,1024,0,-1,-1,-1,0x1000480A98140204,1500,1501,1500,988,2012,1499,1501,1500,1500,1499,1193,1449,1500,1500,1500,1500,1500,1500,1500,2012,1500,1609,1500,2012,1500,1502,1501,1500,1520,1705,1500,988,8.3
2026-04-18,17:04:39.960,-57,-59,250,3833,0,55,44,16,992,49,67,2619,-3,3,533,1024,202,1024,0,-1,-1,-1,0x1000480A98140204,1500,1501,1500,988,2012,1499,1501,1500,1500,1499,1193,1449,1500,1500,1500,1500,1500,1500,1500,2012,1500,1609,1500,2012,1500,1502,1501,1500,1520,1705,1500,988,8.3
2026-04-18,17:04:40.460,-54,-56,250,3833,0,55,44,16,238,49,67,2619,-3,2,534,1024,202,1024,0,-1,-1,-1,0x1000480A98140204,1500,1500,1500,988,2012,1499,1501,1500,1500,1499,1193,1449,1500,1500,1500,1500,1500,1500,1500,2012,1500,1609,1500,2012,1500,1501,1500,1500,1520,1705,1500,988,8.3
2026-04-18,17:04:40.960,-63,-64,10,3833,0,55,44,16,0,49,67,2619,-3,2,534,1024,203,1024,0,-1,-1,-1,0x1000480A98140204,1500,1501,1500,988,2012,1499,1501,1500,1500,1499,1193,1449,1500,1500,1500,1500,1500,1500,1500,2012,1500,1609,1500,2012,1500,1502,1501,1500,1520,1705,1500,988,8.3
2026-04-18,17:04:41.460,-69,-77,10,3833,0,55,44,16,0,49,67,2619,-3,3,533,1024,203,1024,0,-1,-1,-1,0x1000480A98140204,1500,1501,1500,988,2012,1499,1501,1500,1500,1499,1193,1449,1500,1500,1500,1500,1500,1500,1500,2012,1500,1609,1500,2012,1500,1502,1501,1500,1520,1705,1500,988,8.3
2026-04-18,17:04:41.960,-54,-57,250,3833,0,55,44,16,0,49,67,2619,-2,3,533,1024,202,1024,0,-1,-1,-1,0x1000480A98140204,1500,1501,1500,988,2012,1499,1501,1500,1500,1499,1193,1449,1500,1500,1500,1500,1500,1500,1500,2012,1500,1609,1500,2012,1500,1502,1501,1500,1520,1705,1500,988,8.3
2026-04-18,17:04:42.460,-58,-49,250,3833,0,55,44,16,0,49,67,2619,-3,3,534,1024,202,1024,0,-1,-1,-1,0x1000480A98140204,1500,1501,1500,988,2012,1499,1501,1500,1500,1499,1193,1449,1500,1500,1500,1500,1500,1500,1500,2012,1500,1609,1500,2012,1500,1502,1501,1500,1520,1705,1500,988,8.3
2026-04-18,17:04:42.960,-66,-69,10,3833,0,55,44,16,0,49,67,2619,-3,3,533,1024,203,1024,0,-1,-1,-1,0x1000480A98140204,1500,1501,1500,988,2012,1499,1501,1500,1500,1499,1193,1449,1500,1500,1500,1500,1500,1500,1500,2012,1500,1609,1500,2012,1500,1502,1501,1500,1520,1705,1500,988,8.3
2026-04-18,17:04:43.460,-61,-57,250,3833,0,55,44,16,0,49,67,2619,-3,3,533,1024,202,1024,0,-1,-1,-1,0x1000480A98140204,1500,1501,1500,988,2012,1499,1501,1500,1500,1499,1193,1449,1500,1500,1500,1500,1500,1500,1500,2012,1500,1609,1500,2012,1500,1501,1501,1500,1520,1705,1500,988,8.3
2026-04-18,17:04:43.960,-61,-64,250,3833,0,55,44,16,0,49,67,2619,-3,3,534,1024,202,1024,0,-1,-1,-1,0x1000480A98140204,1500,1501,1500,988,2012,1499,1501,1500,1500,1499,1193,1449,1500,1500,1500,1500,1500,1500,1500,2012,1500,1609,1500,2012,1500,1502,1501,1500,1520,1705,1500,988,8.3
2026-04-18,17:04:44.460,-52,-53,250,3833,0,55,44,16,0,49,67,2619,-3,3,533,1024,202,1024,0,-1,-1,-1,0x1000480A98140204,1500,1501,1500,988,2012,1499,1501,1500,1500,1499,1193,1449,1500,1500,1500,1500,1500,1500,1500,2012,1500,1609,1500,2012,1500,1502,1501,1500,1520,1705,1500,988,8.3
2026-04-18,17:04:44.960,-60,-59,250,3833,0,55,44,16,0,49,67,2619,-3,3,534,1024,202,1024,0,-1,-1,-1,0x1000480A98140204,1500,1501,1500,988,2012,1499,1501,1500,1500,1499,1193,1449,1500,1500,1500,1500,1500,1500,1500,2012,1500,1609,1500,2012,1500,1502,1501,1500,1520,1705,1500,988,8.3
2026-04-18,17:04:45.460,-53,-59,25,3833,0,55,44,16,0,49,67,2619,-3,3,533,1024,203,1024,0,-1,-1,-1,0x1000480A98140204,1500,1501,1500,988,2012,1498,1501,1500,1500,1499,1193,1449,1500,1500,1500,1500,1500,1500,1500,2012,1500,1609,1500,2012,1500,1502,1501,1500,1520,1705,1500,988,8.3
2026-04-18,17:04:45.960,-63,-60,10,3833,0,55,44,16,0,49,67,2619,-3,3,533,1024,203,1024,0,-1,-1,-1,0x1000480A98140204,1500,1501,1500,988,2012,1499,1501,1500,1500,1499,1193,1449,1500,1500,1500,1500,1500,1500,1500,2012,1500,1609,1500,2012,1500,1502,1501,1500,1520,1705,1500,988,8.3
2026-04-18,17:04:46.460,-47,-63,100,3833,0,55,44,16,0,49,67,2619,-3,3,534,1024,202,1024,0,-1,-1,-1,0x1000480A98140204,1500,1501,1500,988,2012,1499,1501,1500,1500,1499,1193,1449,1500,1500,1500,1500,1500,1500,1500,2012,1500,1609,1500,2012,1500,1502,1501,1500,1520,1705,1500,988,8.3
2026-04-18,17:04:46.960,-56,-66,25,3833,0,55,44,16,0,49,67,2619,-3,3,533,1024,203,1024,0,-1,-1,-1,0x1000480A98140204,1500,1501,1500,988,2012,1499,1501,1500,1500,1499,1193,1449,1500,1500,1500,1500,1500,1500,1500,2012,1500,1609,1500,2012,1500,1502,1501,1500,1520,1705,1500,988,8.3
2026-04-18,17:04:47.460,-67,-69,10,3833,0,55,44,16,0,48,67,2619,-3,3,533,1024,202,1024,0,-1,-1,-1,0x1000480A98140204,1500,1501,1500,988,2012,1499,1501,1500,1500,1499,1193,1449,1500,1500,1500,1500,1500,1500,1500,2012,1500,1609,1500,2012,1500,1502,1501,1500,1520,1705,1500,988,8.3
2026-04-18,17:04:47.960,-55,-66,10,3833,0,55,44,16,0,48,67,2619,-4,3,533,1024,203,1024,0,-1,-1,-1,0x1000480A98140204,1500,1501,1500,988,2012,1498,1501,1500,1500,1498,1193,1449,1500,1500,1500,1500,1500,1500,1500,2012,1500,1609,1500,2012,1500,1502,1501,1500,1520,1705,1500,988,8.3
2026-04-18,17:04:48.460,-52,-55,10,3832,0,55,44,16,0,48,67,2619,-3,3,533,1024,203,1024,0,-1,-1,-1,0x1000480A98140204,1500,1501,1500,988,2012,1499,1501,1500,1500,1499,1193,1449,1500,1500,1500,1500,1500,1500,1500,2012,1500,1609,1500,2012,1500,1502,1501,1500,1520,1705,1500,988,8.3
2026-04-18,17:04:48.960,-57,-57,10,3832,0,55,44,16,0,48,67,2619,-3,3,534,1024,203,1024,0,-1,-1,-1,0x1000480A98140204,1500,1501,1500,988,2012,1499,1501,1500,1500,1499,1193,1449,1500,1500,1500,1500,1500,1500,1500,2012,1500,1609,1500,2012,1500,1502,1501,1500,1520,1705,1500,988,8.3
2026-04-18,17:04:49.460,-52,-68,10,3832,0,55,44,16,0,48,67,2619,-2,3,533,1024,203,1024,0,-1,-1,-1,0x1000480A98140204,1500,1501,1500,988,2012,1499,1501,1500,1500,1499,1193,1449,1500,1500,1500,1500,1500,1500,1500,2012,1500,1609,1500,2012,1500,1502,1501,1500,1520,1705,1500,988,8.3
2026-04-18,17:04:49.960,-46,-62,10,3832,0,55,44,16,0,48,67,2619,-3,3,533,1024,203,1024,0,-1,-1,-1,0x1000480A98140204,1500,1501,1500,988,2012,1499,1501,1500,1500,1499,1193,1449,1500,1500,1500,1500,1500,1500,1500,2012,1500,1609,1500,2012,1500,1502,1501,1500,1520,1705,1500,988,8.3
2026-04-18,17:04:50.460,-55,-52,10,3832,0,55,44,16,0,48,67,2619,-3,3,534,1024,203,1024,0,-1,-1,-1,0x1000480A98140204,1500,1501,1500,988,2012,1499,1501,1500,1500,1499,1193,1449,1500,1500,1500,1500,1500,1500,1500,2012,1500,1609,1500,2012,1500,1502,1501,1500,1520,1705,1500,988,8.3
2026-04-18,17:04:50.960,-58,-63,10,3833,0,55,44,16,0,48,67,2619,-3,3,534,1024,204,1024,0,-1,-1,-1,0x1000480A98140204,1500,1501,1500,988,2012,1499,1501,1500,1500,1499,1193,1449,1500,1500,1500,1500,1500,1500,1500,2012,1500,1609,1500,2012,1500,1502,1501,1500,1520,1705,1500,988,8.3
2026-04-18,17:04:51.460,-46,-52,100,3832,0,55,44,16,0,48,67,2619,-3,3,533,1024,203,1024,0,-1,-1,-1,0x1000480A98140204,1500,1501,1500,988,2012,1499,1501,1500,1500,1499,1193,1449,1500,1500,1500,1500,1500,1500,1500,2012,1500,1609,1500,2012,1500,1502,1501,1500,1520,1705,1500,988,8.3
2026-04-18,17:04:51.960,-49,-49,10,3832,0,55,44,16,0,48,67,2619,-3,3,533,1024,203,1024,0,-1,-1,-1,0x1000480A98140204,1500,1501,1500,988,2012,1499,1501,1500,1500,1499,1193,1449,1500,1500,1500,1500,1500,1500,1500,2012,1500,1609,1500,2012,1500,1502,1501,1500,1520,1705,1500,988,8.3
2026-04-18,17:04:52.460,-57,-51,250,3832,0,55,44,16,0,48,67,2619,-3,3,533,1024,203,1024,0,-1,-1,-1,0x1000480A98140204,1500,1501,1500,988,2012,1499,1501,1500,1500,1499,1193,1449,1500,1500,1500,1500,1500,1500,1500,2012,1500,1609,1500,2012,1500,1502,1501,1500,1520,1705,1500,988,8.3
2026-04-18,17:04:52.960,-55,-55,10,3832,0,55,44,16,0,48,67,2619,-3,3,534,1024,203,1024,0,-1,-1,-1,0x1000480A98140204,1500,1501,1500,988,2012,1499,1501,1500,1500,1499,1193,1449,1500,1500,1500,1500,1500,1500,1500,2012,1500,1609,1500,2012,1500,1502,1501,1500,1520,1705,1500,988,8.3
2026-04-18,17:04:53.460,-54,-40,10,3832,0,55,44,16,0,48,67,2619,-3,3,533,1024,203,1024,0,-1,-1,-1,0x1000480A98140204,1500,1501,1500,988,2012,1499,1501,1500,1500,1499,1193,1449,1500,1500,1500,1500,1500,1500,1500,2012,1500,1609,1500,2012,1500,1502,1501,1500,1520,1705,1500,988,8.3
2026-04-18,17:04:53.960,-52,-51,10,3833,0,55,44,16,0,48,67,2619,-3,3,533,1024,203,1024,0,-1,-1,-1,0x1000480A98140204,1500,1501,1500,988,2012,1499,1501,1500,1500,1499,1193,1449,1500,1500,1500,1500,1500,1500,1500,2012,1500,1609,1500,2012,1500,1502,1501,1500,1520,1705,1500,988,8.3
2026-04-18,17:04:54.460,-52,-45,10,3833,0,55,44,16,0,48,67,2619,-4,3,533,1024,203,1024,0,-1,-1,-1,0x1000480A98140204,1500,1501,1500,988,2012,1498,1501,1500,1500,1498,1193,1449,1500,1500,1500,1500,1500,1500,1500,2012,1500,1609,1500,2012,1500,1502,1501,1500,1520,1705,1500,988,8.3
2026-04-18,17:04:54.960,-54,-62,10,3833,0,55,44,16,0,48,67,2619,-3,3,533,1024,203,1024,0,-1,-1,-1,0x1000480A98140204,1500,1501,1500,988,2012,1499,1501,1500,1500,1499,1193,1449,1500,1500,1500,1500,1500,1500,1500,2012,1500,1609,1500,2012,1500,1502,1501,1500,1520,1705,1500,988,8.3
2026-04-18,17:04:55.460,-42,-57,10,3833,0,55,44,16,0,48,67,2619,-2,4,533,1024,203,1024,0,-1,-1,-1,0x1000480A98140204,1500,1501,1500,988,2012,1499,1501,1500,1500,1499,1193,1449,1500,1500,1500,1500,1500,1500,1500,2012,1500,1609,1500,2012,1500,1502,1501,1500,1520,1705,1500,988,8.3
2026-04-18,17:04:55.960,-43,-52,10,3833,0,55,44,16,0,48,67,2619,-3,3,533,1024,203,1024,0,-1,-1,-1,0x1000480A98140204,1500,1501,1500,988,2012,1499,1501,1500,1500,1498,1193,1449,1500,1500,1500,1500,1500,1500,1500,2012,1500,1609,1500,2012,1500,1502,1501,1500,1520,1705,1500,988,8.3
2026-04-18,17:04:56.460,-58,-53,10,3833,0,55,44,16,0,48,67,2619,-3,3,533,1024,203,1024,0,-1,-1,-1,0x1000480A98140204,1500,1501,1500,988,2012,1499,1501,1500,1500,1499,1193,1449,1500,1500,1500,1500,1500,1500,1500,2012,1500,1609,1500,2012,1500,1502,1501,1500,1520,1705,1500,988,8.3
2026-04-18,17:04:56.960,-48,-53,10,3833,0,55,44,16,0,48,67,2619,-3,3,533,1024,203,1024,0,-1,-1,-1,0x1000480A98140204,1500,1501,1500,988,2012,1499,1501,1500,1500,1499,1193,1449,1500,1500,1500,1500,1500,1500,1500,2012,1500,1609,1500,2012,1500,1502,1501,1500,1520,1705,1500,988,8.3
2026-04-18,17:04:57.460,-51,-51,10,3832,0,55,44,16,0,48,67,2619,-4,3,533,1024,203,1024,0,-1,-1,-1,0x1000480A98140204,1500,1501,1500,988,2012,1498,1501,1500,1500,1498,1193,1449,1500,1500,1500,1500,1500,1500,1500,2012,1500,1609,1500,2012,1500,1502,1501,1500,1520,1705,1500,988,8.3
2026-04-18,17:04:57.960,-47,-42,10,3832,0,55,44,16,0,48,67,2619,-3,3,533,1024,203,1024,0,-1,-1,-1,0x1000480A98140204,1500,1501,1500,988,2012,1499,1501,1500,1500,1499,1193,1449,1500,1500,1500,1500,1500,1500,1500,2012,1500,1609,1500,2012,1500,1502,1501,1500,1520,1705,1500,988,8.3
2026-04-18,17:04:58.460,-48,-48,10,3831,0,55,44,16,0,48,67,2619,-3,3,533,1024,203,1024,0,-1,-1,-1,0x1000480A98140204,1500,1501,1500,988,2012,1499,1501,1500,1500,1499,1193,1449,1500,1500,1500,1500,1500,1500,1500,2012,1500,1609,1500,2012,1500,1502,1501,1500,1520,1705,1500,988,8.3
2026-04-18,17:04:58.960,-40,-48,10,3831,0,55,44,16,0,48,67,2619,-3,3,533,1024,203,1024,0,-1,-1,-1,0x1000480A98140204,1500,1501,1500,988,2012,1499,1501,1500,1500,1499,1193,1449,1500,1500,1500,1500,1500,1500,1500,2012,1500,1609,1500,2012,1500,1502,1501,1500,1520,1705,1500,988,8.3
2026-04-18,17:04:59.460,-39,-51,10,3831,0,55,44,16,0,48,67,2619,-2,3,533,1024,203,1024,0,-1,-1,-1,0x1000480A98140204,1500,1501,1500,988,2012,1499,1501,1500,1500,1499,1193,1449,1500,1500,1500,1500,1500,1500,1500,2012,1500,1609,1500,2012,1500,1502,1501,1500,1520,1705,1500,988,8.3
2026-04-18,17:04:59.960,-51,-51,10,3832,0,55,44,16,0,48,67,2619,-3,3,533,1024,204,1024,0,-1,-1,-1,0x1000480A98140204,1500,1501,1500,988,2012,1499,1501,1500,1500,1499,1193,1449,1500,1500,1500,1500,1500,1500,1500,2012,1500,1609,1500,2012,1500,1502,1501,1500,1520,1705,1500,988,8.3
2026-04-18,17:05:00.460,-55,-45,10,3833,0,55,44,16,0,48,67,2619,-3,3,533,1024,203,1024,0,-1,-1,-1,0x1000480A98140204,1500,1501,1500,988,2012,1499,1501,1500,1500,1499,1193,1449,1500,1500,1500,1500,1500,1500,1500,2012,1500,1609,1500,2012,1500,1502,1501,1500,1520,1705,1500,988,8.3
2026-04-18,17:05:00.960,-45,-49,10,3832,0,55,44,16,0,48,67,2619,-3,3,533,1024,204,1024,0,-1,-1,-1,0x1000480A98140204,1500,1501,1500,988,2012,1499,1501,1500,1500,1499,1193,1449,1500,1500,1500,1500,1500,1500,1500,2012,1500,1609,1500,2012,1500,1502,1501,1500,1520,1705,1500,988,8.3
2026-04-18,17:05:01.460,-48,-49,10,3831,0,55,44,16,0,48,67,2619,-3,3,533,1024,203,1024,0,-1,-1,-1,0x1000480A98140204,1500,1501,1500,988,2012,1499,1501,1500,1500,1498,1193,1449,1500,1500,1500,1500,1500,1500,1500,2012,1500,1609,1500,2012,1500,1502,1501,1500,1520,1705,1500,988,8.3
2026-04-18,17:05:01.960,-50,-51,10,3831,0,55,44,16,0,48,67,2619,-3,3,534,1024,203,1024,0,-1,-1,-1,0x1000480A98140204,1500,1501,1500,988,2012,1499,1501,1500,1500,1499,1193,1449,1500,1500,1500,1500,1500,1500,1500,2012,1500,1609,1500,2012,1500,1502,1501,1500,1520,1705,1500,988,8.3
2026-04-18,17:05:02.460,-51,-52,10,3831,0,55,44,16,0,48,67,2619,-3,2,533,1024,203,1024,0,-1,-1,-1,0x1000480A98140204,1500,1500,1500,988,2012,1499,1501,1500,1500,1499,1193,1449,1500,1500,1500,1500,1500,1500,1500,2012,1500,1609,1500,2012,1500,1501,1500,1500,1520,1705,1500,988,8.3
2026-04-18,17:05:02.960,-47,-51,10,3831,0,55,44,16,0,48,67,2619,-2,2,533,1024,204,1024,0,-1,-1,-1,0x1000480A98140204,1500,1500,1500,988,2012,1499,1501,1500,1500,1499,1193,1449,1500,1500,1500,1500,1500,1500,1500,2012,1500,1609,1500,2012,1500,1501,1500,1500,1520,1705,1500,988,8.3
2026-04-18,17:05:03.460,-40,-51,10,3832,0,55,44,16,0,48,67,2619,-4,2,533,1024,203,1024,0,-1,-1,-1,0x1000480A98140204,1500,1500,1500,988,2012,1498,1501,1500,1500,1498,1193,1449,1500,1500,1500,1500,1500,1500,1500,2012,1500,1609,1500,2012,1500,1501,1500,1500,1520,1705,1500,988,8.3
2026-04-18,17:05:03.960,-46,-42,10,3833,0,55,44,16,0,48,67,2619,-3,2,533,1024,203,1024,0,-1,-1,-1,0x1000480A98140204,1500,1500,1500,988,2012,1499,1501,1500,1500,1499,1193,1449,1500,1500,1500,1500,1500,1500,1500,2012,1500,1609,1500,2012,1500,1501,1500,1500,1520,1705,1500,988,8.3
2026-04-18,17:05:04.460,-55,-46,10,3833,0,55,44,16,0,48,67,2619,-3,3,533,1024,203,1024,0,-1,-1,-1,0x1000480A98140204,1500,1501,1500,988,2012,1499,1501,1500,1500,1499,1193,1449,1500,1500,1500,1500,1500,1500,1500,2012,1500,1609,1500,2012,1500,1502,1501,1500,1520,1705,1500,988,8.3
2026-04-18,17:05:04.960,-47,-42,10,3832,0,55,44,16,0,48,67,2619,-2,3,533,1024,203,1024,0,-1,-1,-1,0x1000480A98140204,1500,1501,1500,988,2012,1499,1501,1500,1500,1499,1193,1449,1500,1500,1500,1500,1500,1500,1500,2012,1500,1609,1500,2012,1500,1502,1501,1500,1520,1705,1500,988,8.3
2026-04-18,17:05:05.460,-37,-44,10,3832,0,55,44,16,0,48,67,2619,-3,3,533,1024,203,1024,0,-1,-1,-1,0x1000480A98140204,1500,1501,1500,988,2012,1499,1501,1500,1500,1499,1193,1449,1500,1500,1500,1500,1500,1500,1500,2012,1500,1609,1500,2012,1500,1502,1501,1500,1520,1705,1500,988,8.3
2026-04-18,17:05:05.960,-40,-33,10,3831,0,55,44,16,0,48,67,2619,-2,2,533,1024,204,1024,0,-1,-1,-1,0x1000480A98140204,1500,1500,1500,988,2012,1499,1501,1500,1500,1499,1193,1449,1500,1500,1500,1500,1500,1500,1500,2012,1500,1609,1500,2012,1500,1502,1500,1500,1520,1705,1500,988,8.3
2026-04-18,17:05:06.460,-48,-43,10,3830,0,55,44,16,0,48,67,2619,-3,2,533,1024,203,1024,0,-1,-1,-1,0x1000480A98140204,1500,1500,1500,988,2012,1499,1501,1500,1500,1499,1193,1449,1500,1500,1500,1500,1500,1500,1500,2012,1500,1609,1500,2012,1500,1501,1500,1500,1520,1705,1500,988,8.3
2026-04-18,17:05:06.960,-40,-46,10,3829,0,55,44,16,0,48,67,2619,-3,3,533,1024,203,1024,0,-1,-1,-1,0x1000480A98140204,1500,1500,1500,988,2012,1499,1501,1500,1500,1499,1193,1449,1500,1500,1500,1500,1500,1500,1500,2012,1500,1609,1500,2012,1500,1501,1500,1500,1520,1705,1500,988,8.3
2026-04-18,17:05:07.460,-50,-41,10,3830,0,55,44,16,0,48,67,2619,-2,3,533,1024,203,1024,0,-1,-1,-1,0x1000480A98140204,1500,1500,1500,988,2012,1499,1501,1500,1500,1499,1193,1449,1500,1500,1500,1500,1500,1500,1500,2012,1500,1609,1500,2012,1500,1501,1500,1500,1520,1705,1500,988,8.3
2026-04-18,17:05:07.960,-49,-53,10,3831,0,55,44,16,0,48,67,2619,-2,2,533,1024,203,1024,0,-1,-1,-1,0x1000480A98140204,1500,1500,1500,988,2012,1499,1501,1500,1500,1499,1193,1449,1500,1500,1500,1500,1500,1500,1500,2012,1500,1609,1500,2012,1500,1501,1500,1500,1520,1705,1500,988,8.3
2026-04-18,17:05:08.460,-41,-53,10,3831,0,55,44,16,0,48,67,2619,-2,3,533,1024,203,1024,0,-1,-1,-1,0x1000480A98140204,1500,1501,1500,988,2012,1499,1501,1500,1500,1500,1193,1449,1500,1500,1500,1500,1500,1500,1500,2012,1500,1609,1500,2012,1500,1502,1501,1500,1520,1705,1500,988,8.3
2026-04-18,17:05:08.960,-29,-53,10,3832,0,55,44,16,0,48,67,2619,-1,3,533,1024,203,1024,0,-1,-1,-1,0x1000480A98140204,1500,1501,1500,988,2012,1500,1501,1500,1500,1500,1193,1449,1500,1500,1500,1500,1500,1500,1500,2012,1500,1609,1500,2012,1500,1502,1501,1500,1520,1705,1500,988,8.3
2026-04-18,17:05:09.460,-31,-53,10,3833,0,55,44,16,0,48,67,2619,-2,3,533,1024,203,1024,0,-1,-1,-1,0x1000480A98140204,1500,1501,1500,988,2012,1499,1501,1500,1500,1499,1193,1449,1500,1500,1500,1500,1500,1500,1500,2012,1500,1609,1500,2012,1500,1502,1501,1500,1520,1705,1500,988,8.3
2026-04-18,17:05:09.960,-32,-33,10,3832,0,55,44,16,0,48,67,2619,-1,3,533,1024,203,1024,0,-1,-1,-1,0x1000480A98140204,1500,1501,1500,988,2012,1500,1501,1500,1500,1500,1193,1449,1500,1500,1500,1500,1500,1500,1500,2012,1500,1609,1500,2012,1500,1502,1501,1500,1520,1705,1500,988,8.3
2026-04-18,17:05:10.460,-32,-33,10,3832,0,55,44,16,0,48,67,2619,-1,3,533,1024,203,1024,0,-1,-1,-1,0x1000480A98140204,1500,1501,1500,988,2012,1500,1501,1500,1500,1500,1193,1449,1500,1500,1500,1500,1500,1500,1500,2012,1500,1609,1500,2012,1500,1502,1501,1500,1520,1705,1500,988,8.3
2026-04-18,17:05:10.960,-32,-34,10,3832,0,55,44,16,0,48,67,2619,-1,3,533,1024,203,1024,0,-1,-1,-1,0x1000480A98140204,1500,1501,1500,988,2012,1500,1501,1500,1500,1500,1193,1449,1500,1500,1500,1500,1500,1500,1500,2012,1500,1609,1500,2012,1500,1502,1501,1500,1520,1705,1500,988,8.3
2026-04-18,17:05:11.460,-39,-41,10,3832,0,55,44,16,0,48,67,2619,-1,3,533,1024,203,1024,0,-1,-1,-1,0x1000480A98140204,1500,1501,1500,988,2012,1500,1501,1500,1500,1500,1193,1449,1500,1500,1500,1500,1500,1500,1500,2012,1500,1609,1500,2012,1500,1502,1501,1500,1520,1705,1500,988,8.3
2026-04-18,17:05:11.960,-38,-42,10,3833,0,55,44,16,0,48,67,2619,-2,3,533,1024,203,1024,0,-1,-1,-1,0x1000480A98140204,1500,1501,1500,988,2012,1499,1501,1500,1500,1499,1193,1449,1500,1500,1500,1500,1500,1500,1500,2012,1500,1609,1500,2012,1500,1502,1501,1500,1520,1705,1500,988,8.3
2026-04-18,17:05:12.460,-32,-42,10,3833,0,55,44,16,0,48,67,2619,-1,3,533,1024,203,1024,0,-1,-1,-1,0x1000480A98140204,1500,1501,1500,988,2012,1500,1501,1500,1500,1500,1193,1449,1500,1500,1500,1500,1500,1500,1500,2012,1500,1609,1500,2012,1500,1502,1501,1500,1520,1705,1500,988,8.3
2026-04-18,17:05:12.960,-34,-33,10,3833,0,55,44,16,0,48,67,2619,-2,4,533,1024,203,1024,0,-1,-1,-1,0x1000480A98140204,1500,1501,1500,988,2012,1499,1502,1500,1500,1499,1193,1449,1500,1500,1500,1500,1500,1500,1500,2012,1500,1609,1500,2012,1500,1503,1501,1500,1520,1705,1500,988,8.3
2026-04-18,17:05:13.460,-34,-34,10,3833,0,55,44,16,0,48,67,2619,-2,3,533,1024,203,1024,0,-1,-1,-1,0x1000480A98140204,1500,1501,1500,988,2012,1499,1501,1500,1500,1499,1193,1449,1500,1500,1500,1500,1500,1500,1500,2012,1500,1609,1500,2012,1500,1502,1501,1500,1520,1705,1500,988,8.3
2026-04-18,17:05:13.960,-34,-34,10,3833,0,55,44,16,0,48,67,2619,-1,4,533,1024,203,1024,0,-1,-1,-1,0x1000480A98140204,1500,1501,1500,988,2012,1500,1502,1500,1500,1500,1193,1449,1500,1500,1500,1500,1500,1500,1500,2012,1500,1609,1500,2012,1500,1503,1501,1500,1520,1705,1500,988,8.3
2026-04-18,17:05:14.460,-34,-33,10,3833,0,55,44,16,0,48,67,2619,-1,4,533,1024,203,1024,0,-1,-1,-1,0x1000480A98140204,1500,1501,1500,988,2012,1500,1502,1500,1500,1500,1193,1449,1500,1500,1500,1500,1500,1500,1500,2012,1500,1609,1500,2012,1500,1502,1501,1500,1520,1705,1500,988,8.3
2026-04-18,17:05:14.960,-34,-33,10,3833,0,54,44,16,0,48,67,2619,-2,3,533,1024,202,1024,0,-1,-1,-1,0x1000480A98140204,1500,1501,1500,988,2012,1499,1501,1500,1500,1499,1193,1449,1500,1500,1500,1500,1500,1500,1500,2012,1500,1609,1500,2012,1500,1502,1501,1500,1520,1705,1500,988,8.3
2026-04-18,17:05:15.460,-34,-34,10,3832,0,54,44,16,0,48,67,2619,-1,4,534,1024,204,1024,0,-1,-1,-1,0x1000480A98140204,1500,1501,1500,988,2012,1500,1502,1500,1500,1499,1193,1449,1500,1500,1500,1500,1500,1500,1500,2012,1500,1609,1500,2012,1500,1502,1501,1500,1520,1705,1500,988,8.3
2026-04-18,17:05:15.960,-34,-34,10,3832,0,54,44,16,0,48,67,2619,-2,3,533,1024,204,1024,0,-1,-1,-1,0x1000480A98140204,1500,1501,1500,988,2012,1499,1501,1500,1500,1499,1193,1449,1500,1500,1500,1500,1500,1500,1500,2012,1500,1609,1500,2012,1500,1502,1501,1500,1520,1705,1500,988,8.3
2026-04-18,17:05:16.460,-34,-34,10,3832,0,54,44,16,0,48,67,2619,-2,3,533,1024,204,1024,0,-1,-1,-1,0x1000480A98140204,1500,1501,1500,988,2012,1499,1501,1500,1500,1499,1193,1449,1500,1500,1500,1500,1500,1500,1500,2012,1500,1609,1500,2012,1500,1503,1501,1500,1520,1705,1500,988,8.3
2026-04-18,17:05:16.960,-34,-34,10,3832,0,54,44,16,0,48,67,2619,-1,3,533,1024,204,1024,0,-1,-1,-1,0x1000480A98140204,1500,1501,1500,988,2012,1500,1501,1500,1500,1500,1193,1449,1500,1500,1500,1500,1500,1500,1500,2012,1500,1609,1500,2012,1500,1502,1501,1500,1520,1705,1500,988,8.3
2026-04-18,17:05:17.460,-34,-33,10,3832,0,54,44,16,0,48,67,2619,-1,3,533,1024,204,1024,0,-1,-1,-1,0x1000480A98140204,1500,1501,1500,988,2012,1500,1501,1500,1500,1500,1193,1449,1500,1500,1500,1500,1500,1500,1500,2012,1500,1609,1500,2012,1500,1502,1501,1500,1520,1705,1500,988,8.3
2026-04-18,17:05:17.960,-34,-34,10,3833,0,54,44,16,0,48,67,2619,-1,3,534,1024,204,1024,0,-1,-1,-1,0x1000480A98140204,1500,1501,1500,988,2012,1500,1501,1500,1500,1500,1193,1449,1500,1500,1500,1500,1500,1500,1500,2012,1500,1609,1500,2012,1500,1502,1501,1500,1520,1705,1500,988,8.3
2026-04-18,17:05:18.460,-34,-33,10,3833,0,54,44,16,0,48,67,2619,-2,3,533,1024,204,1024,0,-1,-1,-1,0x1000480A98140204,1500,1501,1500,988,2012,1499,1501,1500,1500,1499,1193,1449,1500,1500,1500,1500,1500,1500,1500,2012,1500,1609,1500,2012,1500,1502,1501,1500,1520,1705,1500,988,8.3
2026-04-18,17:05:18.960,-34,-33,10,3833,0,54,44,16,0,48,67,2619,-2,3,533,1024,204,1024,0,-1,-1,-1,0x1000480A98140204,1500,1501,1500,988,2012,1499,1501,1500,1500,1499,1193,1449,1500,1500,1500,1500,1500,1500,1500,2012,1500,1609,1500,2012,1500,1502,1501,1500,1520,1705,1500,988,8.3
2026-04-18,17:05:19.460,-34,-34,10,3833,0,54,44,16,0,48,67,2619,-2,4,533,1024,204,1024,0,-1,-1,-1,0x1000480A98140204,1500,1501,1500,988,2012,1499,1502,1500,1500,1500,1193,1449,1500,1500,1500,1500,1500,1500,1500,2012,1500,1609,1500,2012,1500,1503,1501,1500,1520,1705,1500,988,8.3
2026-04-18,17:05:19.960,-34,-34,10,3833,0,54,44,16,0,48,67,2619,-2,3,533,1024,204,1024,0,-1,-1,-1,0x1000480A98140204,1500,1501,1500,988,2012,1499,1501,1500,1500,1499,1193,1449,1500,1500,1500,1500,1500,1500,1500,2012,1500,1609,1500,2012,1500,1502,1501,1500,1520,1705,1500,988,8.3
2026-04-18,17:05:20.460,-34,-34,10,3833,0,54,44,16,0,48,67,2619,-2,3,533,1024,203,1024,0,-1,-1,-1,0x1000480A98140204,1500,1501,1500,988,2012,1499,1501,1500,1500,1499,1193,1449,1500,1500,1500,1500,1500,1500,1500,2012,1500,1609,1500,2012,1500,1502,1501,1500,1520,1705,1500,988,8.3
2026-04-18,17:05:20.960,-34,-34,10,3833,0,54,44,16,0,48,67,2619,-2,4,533,1024,204,1024,0,-1,-1,-1,0x1000480A98140204,1500,1501,1500,988,2012,1499,1502,1500,1500,1499,1193,1449,1500,1500,1500,1500,1500,1500,1500,2012,1500,1609,1500,2012,1500,1503,1501,1500,1520,1705,1500,988,8.3
2026-04-18,17:05:21.460,-34,-34,10,3833,0,54,44,16,0,48,67,2619,-2,4,533,1024,204,1024,0,-1,-1,-1,0x1000480A98140204,1500,1501,1500,988,2012,1499,1502,1500,1500,1499,1193,1449,1500,1500,1500,1500,1500,1500,1500,2012,1500,1609,1500,2012,1500,1503,1501,1500,1520,1705,1500,988,8.3
2026-04-18,17:05:21.960,-34,-34,10,3833,0,54,44,16,0,48,67,2619,-2,3,533,1024,204,1024,0,-1,-1,-1,0x1000480A98140204,1500,1501,1500,988,2012,1499,1501,1500,1500,1500,1193,1449,1500,1500,1500,1500,1500,1500,1500,2012,1500,1609,1500,2012,1500,1502,1501,1500,1520,1705,1500,988,8.3
2026-04-18,17:05:22.460,-34,-35,10,3833,0,54,44,16,0,48,67,2619,-2,3,534,1024,204,1024,0,-1,-1,-1,0x1000480A98140204,1500,1501,1500,988,2012,1499,1501,1500,1500,1499,1193,1449,1500,1500,1500,1500,1500,1500,1500,2012,1500,1609,1500,2012,1500,1502,1501,1500,1520,1705,1500,988,8.3
2026-04-18,17:05:22.960,-34,-34,10,3833,0,54,44,16,0,48,67,2619,-2,3,533,1024,204,1024,0,-1,-1,-1,0x1000480A98140204,1500,1501,1500,988,2012,1499,1501,1500,1500,1500,1193,1449,1500,1500,1500,1500,1500,1500,1500,2012,1500,1609,1500,2012,1500,1502,1501,1500,1520,1705,1500,988,8.3
2026-04-18,17:05:23.460,-34,-34,10,3833,0,54,44,16,0,48,67,2619,-2,3,533,1024,204,1024,0,-1,-1,-1,0x1000480A98140204,1500,1501,1500,988,2012,1499,1501,1500,1500,1499,1193,1449,1500,1500,1500,1500,1500,1500,1500,2012,1500,1609,1500,2012,1500,1502,1501,1500,1520,1705,1500,988,8.3
2026-04-18,17:05:23.960,-34,-34,10,3833,0,54,44,16,0,48,67,2619,-1,3,533,1024,204,1024,0,-1,-1,-1,0x1000480A98140204,1500,1501,1500,988,2012,1500,1501,1500,1500,1500,1193,1449,1500,1500,1500,1500,1500,1500,1500,2012,1500,1609,1500,2012,1500,1502,1501,1500,1520,1705,1500,988,8.3
2026-04-18,17:05:24.460,-34,-35,10,3833,0,54,44,16,0,48,67,2619,-2,4,533,1024,204,1024,0,-1,-1,-1,0x1000480A98140204,1500,1501,1500,988,2012,1499,1502,1500,1500,1499,1193,1449,1500,1500,1500,1500,1500,1500,1500,2012,1500,1609,1500,2012,1500,1502,1501,1500,1520,1705,1500,988,8.3
2026-04-18,17:05:24.960,-34,-34,10,3833,0,54,44,16,0,48,67,2619,-2,3,533,1024,204,1024,0,-1,-1,-1,0x1000480A98140204,1500,1501,1500,988,2012,1499,1501,1500,1500,1499,1193,1449,1500,1500,1500,1500,1500,1500,1500,2012,1500,1609,1500,2012,1500,1502,1501,1500,1520,1705,1500,988,8.3
2026-04-18,17:05:25.460,-34,-34,10,3833,0,54,44,16,0,48,67,2619,-2,3,533,1024,204,1024,0,-1,-1,-1,0x1000480A98140204,1500,1501,1500,988,2012,1499,1501,1500,1500,1499,1193,1449,1500,1500,1500,1500,1500,1500,1500,2012,1500,1609,1500,2012,1500,1502,1501,1500,1520,1705,1500,988,8.3
2026-04-18,17:05:25.960,-34,-34,10,3833,0,54,44,16,0,48,67,2619,-2,3,533,1024,203,1024,0,-1,-1,-1,0x1000480A98140204,1500,1501,1500,988,2012,1499,1501,1500,1500,1499,1193,1449,1500,1500,1500,1500,1500,1500,1500,2012,1500,1609,1500,2012,1500,1503,1501,1500,1520,1705,1500,988,8.3
2026-04-18,17:05:26.460,-34,-34,10,3833,0,54,44,16,0,48,67,2619,-1,3,533,1024,204,1024,0,-1,-1,-1,0x1000480A98140204,1500,1501,1500,988,2012,1500,1501,1500,1500,1500,1193,1449,1500,1500,1500,1500,1500,1500,1500,2012,1500,1609,1500,2012,1500,1502,1501,1500,1520,1705,1500,988,8.3
2026-04-18,17:05:26.960,-34,-34,10,3833,0,54,44,16,0,48,67,2619,-1,3,533,1024,204,1024,0,-1,-1,-1,0x1000480A98140204,1500,1501,1500,988,2012,1500,1501,1500,1500,1500,1193,1449,1500,1500,1500,1500,1500,1500,1500,2012,1500,1609,1500,2012,1500,1503,1501,1500,1520,1705,1500,988,8.3
2026-04-18,17:05:27.460,-34,-34,10,3833,0,54,44,16,0,48,67,2619,-2,3,533,1024,204,1024,0,-1,-1,-1,0x1000480A98140204,1500,1501,1500,988,2012,1499,1501,1500,1500,1499,1193,1449,1500,1500,1500,1500,1500,1500,1500,2012,1500,1609,1500,2012,1500,1502,1501,1500,1520,1705,1500,988,8.3
2026-04-18,17:05:27.960,-34,-34,10,3833,0,54,44,16,0,48,67,2619,-1,3,533,1024,204,1024,0,-1,-1,-1,0x1000480A98140204,1500,1501,1500,988,2012,1499,1501,1500,1500,1499,1193,1449,1500,1500,1500,1500,1500,1500,1500,2012,1500,1609,1500,2012,1500,1502,1501,1500,1520,1705,1500,988,8.3
2026-04-18,17:05:28.460,-34,-34,10,3833,0,54,44,16,0,48,67,2619,-2,3,533,1024,204,1024,0,-1,-1,-1,0x1000480A98140204,1500,1501,1500,988,2012,1499,1501,1500,1500,1499,1193,1449,1500,1500,1500,1500,1500,1500,1500,2012,1500,1609,1500,2012,1500,1502,1501,1500,1520,1705,1500,988,8.3
2026-04-18,17:05:28.960,-34,-34,10,3833,0,54,44,16,0,48,67,2619,-2,3,533,1024,204,1024,0,-1,-1,-1,0x1000480A98140204,1500,1501,1500,988,2012,1499,1501,1500,1500,1499,1193,1449,1500,1500,1500,1500,1500,1500,1500,2012,1500,1609,1500,2012,1500,1502,1501,1500,1520,1705,1500,988,8.3
2026-04-18,17:05:29.460,-34,-34,10,3833,0,54,44,16,0,48,67,2619,-1,3,533,1024,204,1024,0,-1,-1,-1,0x1000480A98140204,1500,1501,1500,988,2012,1500,1501,1500,1500,1499,1193,1449,1500,1500,1500,1500,1500,1500,1500,2012,1500,1609,1500,2012,1500,1502,1501,1500,1520,1705,1500,988,8.3
2026-04-18,17:05:29.960,-34,-34,10,3833,0,54,44,16,0,48,67,2619,-1,3,533,1024,204,1024,0,-1,-1,-1,0x1000480A98140204,1500,1501,1500,988,2012,1500,1501,1500,1500,1500,1193,1449,1500,1500,1500,1500,1500,1500,1500,2012,1500,1609,1500,2012,1500,1502,1501,1500,1520,1705,1500,988,8.3
2026-04-18,17:05:30.460,-34,-33,10,3833,0,54,44,16,0,48,67,2619,-2,3,533,1024,204,1024,0,-1,-1,-1,0x1000480A98140204,1500,1501,1500,988,2012,1499,1501,1500,1500,1499,1193,1449,1500,1500,1500,1500,1500,1500,1500,2012,1500,1609,1500,2012,1500,1502,1501,1500,1520,1705,1500,988,8.3
2026-04-18,17:05:30.960,-34,-33,10,3833,0,54,44,16,0,48,67,2619,-2,3,533,1024,204,1024,0,-1,-1,-1,0x1000480A98140204,1500,1501,1500,988,2012,1499,1501,1500,1500,1499,1193,1449,1500,1500,1500,1500,1500,1500,1500,2012,1500,1609,1500,2012,1500,1502,1501,1500,1520,1705,1500,988,8.3
2026-04-18,17:05:31.460,-34,-33,10,3833,0,54,44,16,0,48,67,2619,-1,4,533,1024,203,1024,0,-1,-1,-1,0x1000480A98140204,1500,1501,1500,988,2012,1500,1502,1500,1500,1500,1193,1449,1500,1500,1500,1500,1500,1500,1500,2012,1500,1609,1500,2012,1500,1502,1501,1500,1520,1705,1500,988,8.3
2026-04-18,17:05:31.960,-34,-34,10,3833,0,54,44,16,0,48,67,2619,-2,3,533,1024,203,1024,0,-1,-1,-1,0x1000480A98140204,1500,1501,1500,988,2012,1499,1501,1500,1500,1499,1193,1449,1500,1500,1500,1500,1500,1500,1500,2012,1500,1609,1500,2012,1500,1502,1501,1500,1520,1705,1500,988,8.3
2026-04-18,17:05:32.460,-34,-33,10,3833,0,54,44,16,0,48,67,2619,-1,3,533,1024,204,1024,0,-1,-1,-1,0x1000480A98140204,1500,1501,1500,988,2012,1500,1502,1500,1500,1500,1193,1449,1500,1500,1500,1500,1500,1500,1500,2012,1500,1609,1500,2012,1500,1503,1501,1500,1520,1705,1500,988,8.3
2026-04-18,17:05:32.960,-34,-33,10,3833,0,54,44,16,0,48,67,2619,-1,3,533,1024,203,1024,0,-1,-1,-1,0x1000480A98140204,1500,1501,1500,988,2012,1500,1501,1500,1500,1500,1193,1449,1500,1500,1500,1500,1500,1500,1500,2012,1500,1609,1500,2012,1500,1502,1501,1500,1520,1705,1500,988,8.3
2026-04-18,17:05:33.460,-34,-33,10,3833,0,54,44,16,0,48,67,2619,-1,3,533,1024,204,1024,0,-1,-1,-1,0x1000480A98140204,1500,1501,1500,988,2012,1499,1501,1500,1500,1500,1193,1449,1500,1500,1500,1500,1500,1500,1500,2012,1500,1609,1500,2012,1500,1502,1501,1500,1520,1705,1500,988,8.3
2026-04-18,17:05:33.960,-34,-34,10,3833,0,54,44,16,0,48,67,2619,-1,3,533,1024,204,1024,0,-1,-1,-1,0x1000480A98140204,1500,1501,1500,988,2012,1500,1501,1500,1500,1500,1193,1449,1500,1500,1500,1500,1500,1500,1500,2012,1500,1609,1500,2012,1500,1502,1501,1500,1520,1705,1500,988,8.3
2026-04-18,17:05:34.460,-34,-34,10,3833,0,54,44,16,0,48,67,2619,-1,4,533,1024,204,1024,0,-1,-1,-1,0x1000480A98140204,1500,1501,1500,988,2012,1500,1502,1500,1500,1500,1193,1449,1500,1500,1500,1500,1500,1500,1500,2012,1500,1609,1500,2012,1500,1503,1501,1500,1520,1705,1500,988,8.3
2026-04-18,17:05:34.960,-34,-34,10,3833,0,54,44,16,0,48,67,2619,-1,4,533,1024,204,1024,0,-1,-1,-1,0x1000480A98140204,1500,1501,1500,988,2012,1500,1502,1500,1500,1500,1193,1449,1500,1500,1500,1500,1500,1500,1500,2012,1500,1609,1500,2012,1500,1503,1501,1500,1520,1705,1500,988,8.3
2026-04-18,17:05:35.460,-34,-33,10,3833,0,54,44,16,0,48,67,2619,-2,3,533,1024,204,1024,0,-1,-1,-1,0x1000480A98140204,1500,1501,1500,988,2012,1499,1501,1500,1500,1500,1193,1449,1500,1500,1500,1500,1500,1500,1500,2012,1500,1609,1500,2012,1500,1502,1501,1500,1520,1705,1500,988,8.3
2026-04-18,17:05:35.960,-34,-34,10,3833,0,54,44,16,0,48,67,2619,-2,4,534,1024,204,1024,0,-1,-1,-1,0x1000480A98140204,1500,1501,1500,988,2012,1499,1502,1500,1500,1499,1193,1449,1500,1500,1500,1500,1500,1500,1500,2012,1500,1609,1500,2012,1500,1503,1501,1500,1520,1705,1500,988,8.3
2026-04-18,17:05:36.460,-34,-32,10,3833,0,54,44,16,0,48,67,2619,-1,3,533,1024,204,1024,0,-1,-1,-1,0x1000480A98140204,1500,1501,1500,988,2012,1500,1501,1500,1500,1500,1193,1449,1500,1500,1500,1500,1500,1500,1500,2012,1500,1609,1500,2012,1500,1502,1501,1500,1520,1705,1500,988,8.3
2026-04-18,17:05:36.960,-33,-36,10,3832,0,54,44,16,0,48,67,2619,-1,3,533,1024,203,1024,0,-1,-1,-1,0x1000480A98140204,1500,1501,1500,988,2012,1500,1501,1500,1500,1500,1193,1449,1500,1500,1500,1500,1500,1500,1500,2012,1500,1609,1500,2012,1500,1503,1501,1500,1520,1705,1500,988,8.3
2026-04-18,17:05:37.460,-31,-39,10,3832,0,54,44,16,0,48,67,2619,-2,3,533,1024,204,1024,0,-1,-1,-1,0x1000480A98140204,1500,1501,1500,988,2012,1499,1501,1500,1500,1499,1193,1449,1500,1500,1500,1500,1500,1500,1500,2012,1500,1609,1500,2012,1500,1502,1501,1500,1520,1705,1500,988,8.3
2026-04-18,17:05:37.960,-30,-39,10,3832,0,54,44,16,0,48,67,2619,-1,3,533,1024,204,1024,0,-1,-1,-1,0x1000480A98140204,1500,1501,1500,988,2012,1500,1501,1500,1500,1500,1193,1449,1500,1500,1500,1500,1500,1500,1500,2012,1500,1609,1500,2012,1500,1502,1501,1500,1520,1705,1500,988,8.3
2026-04-18,17:05:38.460,-28,-39,10,3832,0,54,44,16,0,48,67,2619,-2,3,533,1024,204,1024,0,-1,-1,-1,0x1000480A98140204,1500,1501,1500,988,2012,1499,1501,1500,1500,1499,1193,1449,1500,1500,1500,1500,1500,1500,1500,2012,1500,1609,1500,2012,1500,1502,1501,1500,1520,1705,1500,988,8.3
2026-04-18,17:05:38.960,-27,-39,10,3833,0,54,44,16,0,48,67,2619,-1,3,533,1024,204,1024,0,-1,-1,-1,0x1000480A98140204,1500,1501,1500,988,2012,1499,1502,1500,1500,1499,1193,1449,1500,1500,1500,1500,1500,1500,1500,2012,1500,1609,1500,2012,1500,1502,1501,1500,1520,1705,1500,988,8.3
2026-04-18,17:05:39.460,-28,-39,10,3833,0,54,44,16,0,48,67,2619,-1,4,533,1024,204,1024,0,-1,-1,-1,0x1000480A98140204,1500,1501,1500,988,2012,1500,1502,1500,1500,1500,1193,1449,1500,1500,1500,1500,1500,1500,1500,2012,1500,1609,1500,2012,1500,1503,1501,1500,1520,1705,1500,988,8.3
2026-04-18,17:05:39.960,-27,-39,10,3833,0,54,44,16,0,48,67,2619,-1,4,533,1024,204,1024,0,-1,-1,-1,0x1000480A98140204,1500,1501,1500,988,2012,1500,1501,1500,1500,1500,1193,1449,1500,1500,1500,1500,1500,1500,1500,2012,1500,1609,1500,2012,1500,1503,1501,1500,1520,1705,1500,988,8.3
2026-04-18,17:05:40.460,-31,-39,10,3833,0,54,44,16,0,48,67,2619,-2,4,533,1024,204,1024,0,-1,-1,-1,0x1000480A98140204,1500,1501,1500,988,2012,1499,1502,1500,1500,1499,1193,1449,1500,1500,1500,1500,1500,1500,1500,2012,1500,1609,1500,2012,1500,1502,1501,1500,1520,1705,1500,988,8.3
2026-04-18,17:05:40.960,-32,-35,10,3833,0,54,44,16,0,48,67,2619,-1,4,533,1024,204,1024,0,-1,-1,-1,0x1000480A98140204,1500,1501,1500,988,2012,1500,1502,1500,1500,1499,1193,1449,1500,1500,1500,1500,1500,1500,1500,2012,1500,1609,1500,2012,1500,1503,1501,1500,1520,1705,1500,988,8.3
2026-04-18,17:05:41.460,-29,-35,10,3833,0,54,44,16,0,48,67,2619,-2,3,533,1024,204,1024,0,-1,-1,-1,0x1000480A98140204,1500,1501,1500,988,2012,1499,1501,1500,1500,1500,1193,1449,1500,1500,1500,1500,1500,1500,1500,2012,1500,1609,1500,2012,1500,1503,1501,1500,1520,1705,1500,988,8.3
2026-04-18,17:05:41.960,-31,-35,10,3833,0,54,44,16,0,48,67,2619,-1,4,533,1024,203,1024,0,-1,-1,-1,0x1000480A98140204,1500,1501,1500,988,2012,1500,1502,1500,1500,1500,1193,1449,1500,1500,1500,1500,1500,1500,1500,2012,1500,1609,1500,2012,1500,1503,1501,1500,1520,1705,1500,988,8.3
2026-04-18,17:05:42.460,-33,-39,10,3833,0,54,44,16,0,48,67,2619,-1,3,533,1024,203,1024,0,-1,-1,-1,0x1000480A98140204,1500,1501,1500,988,2012,1500,1501,1500,1500,1500,1193,1449,1500,1500,1500,1500,1500,1500,1500,2012,1500,1609,1500,2012,1500,1502,1501,1500,1520,1705,1500,988,8.3
2026-04-18,17:05:42.960,-37,-33,10,3833,0,54,44,16,0,48,67,2619,-1,3,533,1024,204,1024,0,-1,-1,-1,0x1000480A98140204,1500,1501,1500,988,2012,1500,1501,1500,1500,1500,1193,1449,1500,1500,1500,1500,1500,1500,1500,2012,1500,1609,1500,2012,1500,1502,1501,1500,1520,1705,1500,988,8.3
2026-04-18,17:05:43.460,-32,-38,10,3833,0,54,44,16,0,48,67,2619,-1,4,533,1024,204,1024,0,-1,-1,-1,0x1000480A98140204,1500,1501,1500,988,2012,1500,1502,1500,1500,1499,1193,1449,1500,1500,1500,1500,1500,1500,1500,2012,1500,1609,1500,2012,1500,1503,1501,1500,1520,1705,1500,988,8.3
2026-04-18,17:05:43.960,-36,-38,10,3833,0,54,44,16,0,48,67,2619,-1,3,533,1024,203,1024,0,-1,-1,-1,0x1000480A98140204,1500,1501,1500,988,2012,1500,1501,1500,1500,1500,1193,1449,1500,1500,1500,1500,1500,1500,1500,2012,1500,1609,1500,2012,1500,1502,1501,1500,1520,1705,1500,988,8.3
2026-04-18,17:05:44.460,-37,-37,10,3833,0,54,44,16,0,48,67,2619,-1,3,533,1024,203,1024,0,-1,-1,-1,0x1000480A98140204,1500,1501,1500,988,2012,1500,1501,1500,1500,1500,1193,1449,1500,1500,1500,1500,1500,1500,1500,2012,1500,1609,1500,2012,1500,1502,1501,1500,1520,1705,1500,988,8.3
2026-04-18,17:05:44.960,-37,-37,10,3833,0,54,44,16,0,48,67,2619,-1,3,533,1024,203,1024,0,-1,-1,-1,0x1000480A98140204,1500,1501,1500,988,2012,1500,1501,1500,1500,1500,1193,1449,1500,1500,1500,1500,1500,1500,1500,2012,1500,1609,1500,2012,1500,1503,1501,1500,1520,1705,1500,988,8.3
2026-04-18,17:05:45.460,-37,-36,10,3833,0,54,44,16,0,48,67,2619,-2,3,533,1024,203,1024,0,-1,-1,-1,0x1000480A98140204,1500,1501,1500,988,2012,1499,1501,1500,1500,1499,1193,1449,1500,1500,1500,1500,1500,1500,1500,2012,1500,1609,1500,2012,1500,1502,1501,1500,1520,1705,1500,988,8.3
2026-04-18,17:05:45.960,-37,-31,10,3833,0,54,44,16,0,48,67,2619,-1,3,533,1024,203,1024,0,-1,-1,-1,0x1000480A98140204,1500,1501,1500,988,2012,1500,1501,1500,1500,1500,1193,1449,1500,1500,1500,1500,1500,1500,1500,2012,1500,1609,1500,2012,1500,1502,1501,1500,1520,1705,1500,988,8.3
2026-04-18,17:05:46.460,-37,-33,10,3833,0,54,44,16,0,48,67,2619,-2,3,533,1024,203,1024,0,-1,-1,-1,0x1000480A98140204,1500,1501,1500,988,2012,1499,1501,1500,1500,1499,1193,1449,1500,1500,1500,1500,1500,1500,1500,2012,1500,1609,1500,2012,1500,1502,1501,1500,1520,1705,1500,988,8.3
2026-04-18,17:05:46.960,-37,-34,10,3833,0,54,44,16,0,48,67,2619,-1,3,533,1024,203,1024,0,-1,-1,-1,0x1000480A98140204,1500,1501,1500,988,2012,1500,1501,1500,1500,1500,1193,1449,1500,1500,1500,1500,1500,1500,1500,2012,1500,1609,1500,2012,1500,1502,1501,1500,1520,1705,1500,988,8.3
2026-04-18,17:05:47.460,-37,-33,10,3833,0,54,44,16,0,48,67,2619,-1,3,533,1024,203,1024,0,-1,-1,-1,0x1000480A98140204,1500,1501,1500,988,2012,1500,1501,1500,1500,1500,1193,1449,1500,1500,1500,1500,1500,1500,1500,2012,1500,1609,1500,2012,1500,1502,1501,1500,1520,1705,1500,988,8.3
2026-04-18,17:05:47.960,-37,-36,10,3833,0,54,44,16,0,48,67,2619,-1,3,533,1024,203,1024,0,-1,-1,-1,0x1000480A98140204,1500,1501,1500,988,2012,1500,1501,1500,1500,1500,1193,1449,1500,1500,1500,1500,1500,1500,1500,2012,1500,1609,1500,2012,1500,1502,1501,1500,1520,1705,1500,988,8.3
2026-04-18,17:05:48.460,-30,-37,10,3833,0,54,44,16,0,48,67,2619,-2,4,533,1024,203,1024,0,-1,-1,-1,0x1000480A98140204,1500,1501,1500,988,2012,1499,1502,1500,1500,1499,1193,1449,1500,1500,1500,1500,1500,1500,1500,2012,1500,1609,1500,2012,1500,1503,1501,1500,1520,1705,1500,988,8.3
2026-04-18,17:05:48.960,-30,-37,10,3833,0,54,44,16,0,48,67,2619,-1,4,533,1024,203,1024,0,-1,-1,-1,0x1000480A98140204,1500,1501,1500,988,2012,1500,1502,1500,1500,1500,1193,1449,1500,1500,1500,1500,1500,1500,1500,2012,1500,1609,1500,2012,1500,1503,1501,1500,1520,1705,1500,988,8.3
2026-04-18,17:05:49.460,-30,-37,10,3833,0,54,44,16,0,47,67,2619,-2,4,533,1024,203,1024,0,-1,-1,-1,0x1000480A98140204,1500,1501,1500,988,2012,1499,1502,1500,1500,1499,1193,1449,1500,1500,1500,1500,1500,1500,1500,2012,1500,1609,1500,2012,1500,1502,1501,1500,1520,1705,1500,988,8.3
2026-04-18,17:05:49.960,-30,-37,10,3833,0,54,44,16,0,47,67,2619,-2,3,533,1024,203,1024,0,-1,-1,-1,0x1000480A98140204,1500,1501,1500,988,2012,1499,1501,1500,1500,1499,1193,1449,1500,1500,1500,1500,1500,1500,1500,2012,1500,1609,1500,2012,1500,1502,1501,1500,1520,1705,1500,988,8.3
2026-04-18,17:05:50.460,-29,-37,10,3833,0,54,44,16,0,47,67,2619,-2,3,533,1024,203,1024,0,-1,-1,-1,0x1000480A98140204,1500,1501,1500,988,2012,1499,1501,1500,1500,1499,1193,1449,1500,1500,1500,1500,1500,1500,1500,2012,1500,1609,1500,2012,1500,1502,1501,1500,1520,1705,1500,988,8.3
2026-04-18,17:05:50.960,-30,-37,10,3833,0,54,44,16,0,47,67,2619,-2,3,533,1024,203,1024,0,-1,-1,-1,0x1000480A98140204,1500,1501,1500,988,2012,1499,1501,1500,1500,1499,1193,1449,1500,1500,1500,1500,1500,1500,1500,2012,1500,1609,1500,2012,1500,1502,1501,1500,1520,1705,1500,988,8.3
2026-04-18,17:05:51.460,-29,-37,10,3833,0,54,44,16,0,47,67,2619,-3,3,533,1024,203,1024,0,-1,-1,-1,0x1000480A98140204,1500,1501,1500,988,2012,1499,1501,1500,1500,1499,1193,1449,1500,1500,1500,1500,1500,1500,1500,2012,1500,1609,1500,2012,1500,1502,1501,1500,1520,1705,1500,988,8.3
2026-04-18,17:05:51.960,-28,-37,10,3833,0,54,44,16,0,47,67,2619,-1,3,533,1024,203,1024,0,-1,-1,-1,0x1000480A98140204,1500,1501,1500,988,2012,1500,1501,1500,1500,1500,1193,1449,1500,1500,1500,1500,1500,1500,1500,2012,1500,1609,1500,2012,1500,1502,1501,1500,1520,1705,1500,988,8.3
2026-04-18,17:05:52.460,-29,-37,10,3833,0,54,44,16,0,47,67,2619,-1,4,533,1024,203,1024,0,-1,-1,-1,0x1000480A98140204,1500,1501,1500,988,2012,1500,1502,1500,1500,1500,1193,1449,1500,1500,1500,1500,1500,1500,1500,2012,1500,1609,1500,2012,1500,1503,1501,1500,1520,1705,1500,988,8.3
2026-04-18,17:05:52.960,-30,-37,10,3833,0,54,44,16,0,47,67,2619,-1,4,534,1024,203,1024,0,-1,-1,-1,0x1000480A98140204,1500,1501,1500,988,2012,1500,1502,1500,1500,1500,1193,1449,1500,1500,1500,1500,1500,1500,1500,2012,1500,1609,1500,2012,1500,1503,1501,1500,1520,1705,1500,988,8.3
2026-04-18,17:05:53.460,-30,-37,10,3833,0,54,44,16,0,47,67,2619,-2,3,533,1024,203,1024,0,-1,-1,-1,0x1000480A98140204,1500,1501,1500,988,2012,1499,1501,1500,1500,1500,1193,1449,1500,1500,1500,1500,1500,1500,1500,2012,1500,1609,1500,2012,1500,1502,1501,1500,1520,1705,1500,988,8.3
2026-04-18,17:05:53.960,-31,-37,10,3833,0,54,44,16,0,47,67,2619,-1,4,533,1024,203,1024,0,-1,-1,-1,0x1000480A98140204,1500,1501,1500,988,2012,1500,1502,1500,1500,1500,1193,1449,1500,1500,1500,1500,1500,1500,1500,2012,1500,1609,1500,2012,1500,1503,1501,1500,1520,1705,1500,988,8.3
2026-04-18,17:05:54.460,-31,-37,10,3833,0,54,44,16,0,47,67,2619,-1,3,533,1024,203,1024,0,-1,-1,-1,0x1000480A98140204,1500,1501,1500,988,2012,1500,1501,1500,1500,1500,1193,1449,1500,1500,1500,1500,1500,1500,1500,2012,1500,1609,1500,2012,1500,1502,1501,1500,1520,1705,1500,988,8.3
2026-04-18,17:05:54.960,-30,-37,10,3833,0,54,44,16,0,47,67,2619,-1,3,533,1024,203,1024,0,-1,-1,-1,0x1000480A98140204,1500,1501,1500,988,2012,1500,1501,1500,1500,1500,1193,1449,1500,1500,1500,1500,1500,1500,1500,2012,1500,1609,1500,2012,1500,1502,1501,1500,1520,1705,1500,988,8.3
2026-04-18,17:05:55.460,-32,-37,10,3833,0,54,44,16,0,47,67,2619,-1,3,533,1024,203,1024,0,-1,-1,-1,0x1000480A98140204,1500,1501,1500,988,2012,1500,1501,1500,1500,1500,1193,1449,1500,1500,1500,1500,1500,1500,1500,2012,1500,1609,1500,2012,1500,1502,1501,1500,1520,1705,1500,988,8.3
2026-04-18,17:05:55.960,-28,-37,10,3833,0,54,44,16,0,47,67,2619,-1,3,533,1024,203,1024,0,-1,-1,-1,0x1000480A98140204,1500,1501,1500,988,2012,1500,1501,1500,1500,1500,1193,1449,1500,1500,1500,1500,1500,1500,1500,2012,1500,1609,1500,2012,1500,1502,1501,1500,1520,1705,1500,988,8.3
2026-04-18,17:05:56.460,-26,-37,10,3833,0,54,44,16,0,47,67,2619,-1,4,533,1024,203,1024,0,-1,-1,1,0x1000480A98140204,1500,1501,1500,988,2012,1500,1502,1500,1500,1500,1193,1449,1500,1500,1500,1500,1500,1500,1500,2012,1500,1609,1500,2012,1500,1503,1501,1500,1520,1705,1500,988,8.3
2026-04-18,17:05:56.960,-26,-37,10,3833,0,54,44,16,0,47,67,2619,-1,4,533,1024,203,1024,0,-1,-1,1,0x1000480A98140204,1500,1501,1500,988,2012,1500,1502,1500,1500,1500,1193,1449,1500,1500,1500,1500,1500,1500,1500,2012,1500,1609,1500,2012,1500,1503,1501,1500,1520,1705,1500,988,8.3
2026-04-18,17:05:57.460,-27,-37,10,3833,0,54,44,16,0,47,67,2619,-1,3,534,1024,204,1024,0,-1,-1,1,0x10004B0A98140204,1500,1501,1500,988,2012,1500,1502,1500,1500,1500,1193,1449,1500,1500,1500,1500,1500,1500,1500,2012,1500,1609,1500,2012,1500,1503,1501,1500,1520,1705,1500,988,8.3
2026-04-18,17:05:57.960,-29,-37,10,3833,0,54,44,16,0,47,67,2619,-2,3,533,1024,203,1024,0,-1,-1,-1,0x10004A0A98140204,1500,1501,1500,988,2012,1499,1501,1500,1500,1499,1193,1449,1500,1500,1500,1500,1500,1500,1500,2012,1500,1609,1500,2012,1500,1502,1501,1500,1520,1705,1500,988,8.3
2026-04-18,17:05:58.460,-30,-44,10,3833,0,54,44,16,0,47,67,2619,-1,4,533,1024,203,1024,0,-1,-1,-1,0x10004A0A98140204,1500,1501,1500,988,2012,1500,1502,1500,1500,1499,1193,1449,1500,1500,1500,1500,1500,1500,1500,2012,1500,1609,1500,2012,1500,1503,1501,1500,1520,1705,1500,988,8.3
2026-04-18,17:05:58.960,-34,-44,10,3833,0,54,44,16,0,47,67,2619,-1,4,533,1024,203,1024,0,-1,-1,-1,0x1000080A98140204,1500,1501,1500,988,2012,1500,1501,1500,1500,1500,1193,1449,1500,1500,1500,1500,1500,1500,1500,2012,1500,1609,1500,2012,1500,1502,1501,1500,1520,1705,1500,988,8.3
2026-04-18,17:05:59.460,-33,-44,10,3833,0,54,44,16,0,47,67,2619,-1,3,533,1024,203,1024,0,-1,-1,-1,0x1000080A98140204,1500,1501,1500,988,2012,1500,1501,1500,1500,1500,1193,1449,1500,1500,1500,1500,1500,1500,1500,2012,1500,1609,1500,2012,1500,1503,1501,1500,1520,1705,1500,988,8.3
2026-04-18,17:05:59.960,-33,-44,10,3833,0,54,44,16,0,47,67,2619,-1,4,533,1024,203,1024,0,-1,-1,-1,0x1000080A98140204,1500,1501,1500,988,2012,1500,1502,1500,1500,1500,1193,1449,1500,1500,1500,1500,1500,1500,1500,2012,1500,1609,1500,2012,1500,1503,1501,1500,1520,1705,1500,988,8.3
2026-04-18,17:06:00.460,-33,-44,10,3833,0,54,44,16,0,47,67,2619,-1,3,533,1024,203,1024,0,-1,-1,-1,0x1000080A98140204,1500,1501,1500,988,2012,1500,1501,1500,1500,1500,1193,1449,1500,1500,1500,1500,1500,1500,1500,2012,1500,1609,1500,2012,1500,1502,1501,1500,1520,1705,1500,988,8.3
2026-04-18,17:06:00.960,-33,-44,10,3833,0,54,44,16,0,47,67,2619,-1,4,533,1024,203,1024,0,-1,-1,-1,0x1000080A98140204,1500,1501,1500,988,2012,1500,1502,1500,1500,1500,1193,1449,1500,1500,1500,1500,1500,1500,1500,2012,1500,1609,1500,2012,1500,1503,1501,1500,1520,1705,1500,988,8.3
2026-04-18,17:06:01.460,-33,-44,10,3833,0,54,44,16,0,47,67,2619,-1,3,534,1024,203,1024,0,-1,-1,-1,0x1000080A98140204,1500,1501,1500,988,2012,1500,1501,1500,1500,1500,1193,1449,1500,1500,1500,1500,1500,1500,1500,2012,1500,1609,1500,2012,1500,1502,1501,1500,1520,1705,1500,988,8.3
