3160,Time,1RSS(dB),2RSS(dB),TPWR(mW),Lipo,Curr(mA),Temp(°C),Bat%(%),dent,Rpm(kmh),dist,Capa,ST,TH,P1,P2,P3,P4,SA,SB,SC,SD,LSW,CH1(us),CH2(us),CH3(us),CH4(us),CH5(us),CH6(us),CH7(us),CH8(us),CH9(us),CH10(us),CH11(us),CH12(us),CH13(us),CH14(us),CH15(us),CH16(us),CH17(us),CH18(us),CH19(us),CH20(us),CH21(us),CH22(us),CH23(us),CH24(us),CH25(us),CH26(us),CH27(us),CH28(us),CH29(us),CH30(us),CH31(us),CH32(us),TxBat(V)
2025-05-10,18:17:14.960,-55,-49,10,4300,640,29,1,15,0,0,11,-1017,6,354,-8,519,516,0,-1,-1,-1,0x1020480014840204,1336,1501,1500,1500,2012,991,1503,1500,1500,1136,988,1500,1500,1500,1500,1500,1500,1500,1500,2012,1500,1555,1500,2012,1500,1505,1503,1500,1520,1505,1500,988,8.3
2025-05-10,18:17:15.410,-57,-49,10,4300,770,29,1,15,0,0,11,894,6,354,-8,519,515,0,-1,-1,-1,0x1020480014840204,1716,1501,1500,1500,2012,1947,1503,1500,1500,1923,988,1500,1500,1500,1500,1500,1500,1500,1500,2012,1500,1555,1500,2012,1500,1505,1502,1500,1520,1505,1500,988,8.3
2025-05-10,18:17:15.910,-57,-39,10,4299,580,30,1,15,0,0,11,-1024,8,354,-8,519,516,0,-1,-1,-1,0x1020480014840204,1206,1501,1500,1500,2012,988,1504,1500,1500,1011,988,1500,1500,1500,1500,1500,1500,1500,1500,2012,1500,1555,1500,2012,1500,1506,1503,1500,1520,1505,1500,988,8.3
2025-05-10,18:17:16.410,-55,-49,10,4298,440,30,1,15,0,0,11,704,5,354,-8,519,515,0,-1,-1,-1,0x1020480014840204,1674,1501,1500,1500,2012,1852,1502,1500,1500,1852,988,1500,1500,1500,1500,1500,1500,1500,1500,2012,1500,1555,1500,2012,1500,1504,1502,1500,1520,1505,1500,988,8.3
2025-05-10,18:17:16.910,-47,-42,10,4299,330,30,1,15,0,0,12,-112,7,354,-8,519,516,0,-1,-1,-1,0x1020480014840204,1495,1501,1500,1500,2012,1444,1503,1500,1500,1450,988,1500,1500,1500,1500,1500,1500,1500,1500,2012,1500,1555,1500,2012,1500,1505,1503,1500,1520,1505,1500,988,8.3
2025-05-10,18:17:17.410,-47,-32,10,4300,140,29,1,15,0,0,12,-5,9,354,-8,519,515,0,-1,-1,-1,0x1020480010840204,1511,1501,1500,1500,2012,1498,1504,1500,1500,1498,988,1500,1500,1500,1500,1500,1500,1500,1500,2012,1500,1555,1500,2012,1500,1507,1503,1500,1520,1505,1500,988,8.3
2025-05-10,18:17:17.910,-47,-27,10,4300,150,29,1,15,0,0,12,-3,10,354,-8,519,516,0,-1,-1,-1,0x1020480010840204,1512,1501,1500,1500,2012,1499,1505,1500,1500,1499,988,1500,1500,1500,1500,1500,1500,1500,1500,2012,1500,1555,1500,2012,1500,1508,1504,1500,1520,1505,1500,988,8.3
2025-05-10,18:17:18.410,-47,-24,10,4301,150,29,1,15,0,0,12,-4,10,354,-9,519,515,0,-1,-1,-1,0x1020480010840204,1511,1501,1500,1500,2012,1498,1505,1500,1500,1498,988,1500,1500,1500,1500,1500,1500,1500,1500,2012,1500,1555,1500,2012,1500,1508,1504,1500,1520,1505,1500,988,8.3
2025-05-10,18:17:18.910,-47,-24,10,4301,150,29,1,15,0,0,12,-4,12,354,-9,519,516,0,-1,-1,-1,0x1020480010840204,1511,1502,1500,1500,2012,1498,1506,1500,1500,1498,988,1500,1500,1500,1500,1500,1500,1500,1500,2012,1500,1555,1500,2012,1500,1509,1505,1500,1520,1505,1500,988,8.3
2025-05-10,18:17:19.410,-43,-44,10,4301,130,29,1,15,0,0,12,-4,11,354,-8,519,515,0,-1,-1,-1,0x1020480010840204,1512,1502,1500,1500,2012,1498,1505,1500,1500,1499,988,1500,1500,1500,1500,1500,1500,1500,1500,2012,1500,1555,1500,2012,1500,1509,1504,1500,1520,1505,1500,988,8.3
2025-05-10,18:17:19.910,-55,-39,10,4301,140,29,1,15,0,0,12,-6,12,354,-8,519,516,0,-1,-1,-1,0x1020480010840204,1511,1502,1500,1500,2012,1497,1506,1500,1500,1497,988,1500,1500,1500,1500,1500,1500,1500,1500,2012,1500,1555,1500,2012,1500,1509,1505,1500,1520,1505,1500,988,8.3
2025-05-10,18:17:20.410,-55,-51,10,4301,160,29,1,15,0,0,12,-4,10,354,-8,519,516,0,-1,-1,-1,0x1020480010840204,1511,1501,1500,1500,2012,1498,1505,1500,1500,1498,988,1500,1500,1500,1500,1500,1500,1500,1500,2012,1500,1555,1500,2012,1500,1508,1504,1500,1520,1505,1500,988,8.3
2025-05-10,18:17:20.910,-56,-56,10,4301,140,29,1,15,0,0,12,-4,9,354,-8,519,516,0,-1,-1,-1,0x1020480010840204,1511,1501,1500,1500,2012,1498,1504,1500,1500,1498,988,1500,1500,1500,1500,1500,1500,1500,1500,2012,1500,1555,1500,2012,1500,1507,1503,1500,1520,1505,1500,988,8.3
2025-05-10,18:17:21.410,-56,-56,10,4301,150,29,1,15,0,0,12,-4,9,354,-8,519,516,0,-1,-1,-1,0x1020480010840204,1511,1501,1500,1500,2012,1498,1504,1500,1500,1498,988,1500,1500,1500,1500,1500,1500,1500,1500,2012,1500,1555,1500,2012,1500,1507,1503,1500,1520,1505,1500,988,8.3
2025-05-10,18:17:21.910,-64,-62,10,4301,150,29,1,15,0,0,12,-4,5,354,-8,519,516,0,-1,-1,-1,0x1020480010840204,1511,1501,1500,1500,2012,1498,1502,1500,1500,1498,988,1500,1500,1500,1500,1500,1500,1500,1500,2012,1500,1555,1500,2012,1500,1504,1502,1500,1520,1505,1500,988,8.3
2025-05-10,18:17:22.410,-59,-57,10,4301,180,29,1,15,0,0,12,-5,8,354,-8,519,516,0,-1,-1,-1,0x1020480010840204,1511,1501,1500,1500,2012,1498,1504,1500,1500,1498,988,1500,1500,1500,1500,1500,1500,1500,1500,2012,1500,1555,1500,2012,1500,1505,1503,1500,1520,1505,1500,988,8.3
2025-05-10,18:17:22.910,-59,-54,10,4301,130,29,1,15,0,0,12,-4,7,354,-8,519,515,0,-1,-1,-1,0x1020480010840204,1511,1501,1500,1500,2012,1498,1503,1500,1500,1498,988,1500,1500,1500,1500,1500,1500,1500,1500,2012,1500,1555,1500,2012,1500,1505,1502,1500,1520,1505,1500,988,8.3
2025-05-10,18:17:23.420,-58,-55,10,4301,180,29,1,15,0,0,12,-4,7,354,-9,519,516,0,-1,-1,-1,0x1020480010840204,1511,1501,1500,1500,2012,1498,1503,1500,1500,1498,988,1500,1500,1500,1500,1500,1500,1500,1500,2012,1500,1555,1500,2012,1500,1505,1503,1500,1520,1505,1500,988,8.3
2025-05-10,18:17:23.910,-60,-50,10,4301,180,29,1,15,0,0,12,-4,6,354,-8,519,516,0,-1,-1,-1,0x1020480010840204,1511,1501,1500,1500,2012,1498,1503,1500,1500,1498,988,1500,1500,1500,1500,1500,1500,1500,1500,2012,1500,1555,1500,2012,1500,1505,1502,1500,1520,1505,1500,988,8.3
2025-05-10,18:17:24.420,-71,-59,10,4301,140,29,1,15,0,0,12,-4,7,354,-8,519,516,0,-1,-1,-1,0x1020480010840204,1511,1501,1500,1500,2012,1498,1503,1500,1500,1498,988,1500,1500,1500,1500,1500,1500,1500,1500,2012,1500,1555,1500,2012,1500,1505,1502,1500,1520,1505,1500,988,8.3
2025-05-10,18:17:24.910,-71,-61,10,4301,140,29,1,15,0,0,12,-4,7,354,-8,519,515,0,-1,-1,-1,0x1020480010840204,1512,1501,1500,1500,2012,1498,1503,1500,1500,1499,988,1500,1500,1500,1500,1500,1500,1500,1500,2012,1500,1555,1500,2012,1500,1505,1503,1500,1520,1505,1500,988,8.3
2025-05-10,18:17:25.410,-66,-57,10,4301,160,29,1,15,0,0,12,-4,11,354,-8,519,516,0,-1,-1,-1,0x1020480010840204,1511,1502,1500,1500,2012,1498,1505,1500,1500,1498,988,1500,1500,1500,1500,1500,1500,1500,1500,2012,1500,1555,1500,2012,1500,1509,1504,1500,1520,1505,1500,988,8.3
2025-05-10,18:17:25.910,-83,-62,10,4301,140,29,1,15,0,0,12,-4,7,354,-8,519,515,0,-1,-1,-1,0x1020480010840204,1511,1501,1500,1500,2012,1498,1503,1500,1500,1498,988,1500,1500,1500,1500,1500,1500,1500,1500,2012,1500,1555,1500,2012,1500,1505,1503,1500,1520,1505,1500,988,8.3
2025-05-10,18:17:26.410,-79,-62,10,4301,140,29,1,15,0,0,12,-5,7,354,-8,519,516,0,-1,-1,-1,0x1020480010840204,1511,1501,1500,1500,2012,1498,1503,1500,1500,1498,988,1500,1500,1500,1500,1500,1500,1500,1500,2012,1500,1555,1500,2012,1500,1505,1503,1500,1520,1505,1500,988,8.3
2025-05-10,18:17:26.920,-73,-61,10,4301,140,29,1,15,0,0,12,-5,8,354,-8,519,516,0,-1,-1,-1,0x1020480010840204,1511,1501,1500,1500,2012,1498,1504,1500,1500,1498,988,1500,1500,1500,1500,1500,1500,1500,1500,2012,1500,1555,1500,2012,1500,1506,1503,1500,1520,1505,1500,988,8.3
2025-05-10,18:17:27.420,-59,-61,10,4301,140,29,1,15,0,0,12,-4,8,354,-8,519,516,0,-1,-1,-1,0x1020480010840204,1511,1501,1500,1500,2012,1498,1504,1500,1500,1498,988,1500,1500,1500,1500,1500,1500,1500,1500,2012,1500,1555,1500,2012,1500,1506,1503,1500,1520,1505,1500,988,8.3
2025-05-10,18:17:27.920,-59,-58,10,4301,140,29,1,15,0,0,12,-4,8,354,-8,519,516,0,-1,-1,-1,0x1020480010840204,1511,1501,1500,1500,2012,1498,1504,1500,1500,1498,988,1500,1500,1500,1500,1500,1500,1500,1500,2012,1500,1555,1500,2012,1500,1506,1503,1500,1520,1505,1500,988,8.3
2025-05-10,18:17:28.420,-60,-74,10,4301,150,29,1,15,0,0,12,-5,8,354,-9,519,516,0,-1,-1,-1,0x1020480010840204,1511,1501,1500,1500,2012,1498,1504,1500,1500,1498,988,1500,1500,1500,1500,1500,1500,1500,1500,2012,1500,1555,1500,2012,1500,1506,1503,1500,1520,1505,1500,988,8.3
2025-05-10,18:17:28.920,-64,-64,10,4301,150,29,1,15,0,0,12,-4,8,354,-8,519,516,0,-1,-1,-1,0x1020480010840204,1511,1501,1500,1500,2012,1498,1504,1500,1500,1498,988,1500,1500,1500,1500,1500,1500,1500,1500,2012,1500,1555,1500,2012,1500,1506,1503,1500,1520,1505,1500,988,8.3
2025-05-10,18:17:29.420,-61,-59,10,4301,140,29,1,15,0,0,12,-5,9,354,-8,519,516,0,-1,-1,-1,0x1020480010840204,1511,1501,1500,1500,2012,1498,1504,1500,1500,1498,988,1500,1500,1500,1500,1500,1500,1500,1500,2012,1500,1555,1500,2012,1500,1507,1503,1500,1520,1505,1500,988,8.3
2025-05-10,18:17:29.920,-68,-64,10,4301,140,29,1,15,0,0,12,-4,8,354,-8,519,516,0,-1,-1,-1,0x1020480010840204,1511,1501,1500,1500,2012,1498,1504,1500,1500,1498,988,1500,1500,1500,1500,1500,1500,1500,1500,2012,1500,1555,1500,2012,1500,1506,1503,1500,1520,1505,1500,988,8.3
2025-05-10,18:17:30.420,-65,-65,10,4301,150,29,1,15,0,0,12,-4,8,354,-8,519,515,0,-1,-1,-1,0x1020480010840204,1511,1501,1500,1500,2012,1498,1504,1500,1500,1498,988,1500,1500,1500,1500,1500,1500,1500,1500,2012,1500,1555,1500,2012,1500,1506,1503,1500,1520,1505,1500,988,8.3
2025-05-10,18:17:30.920,-74,-71,10,4301,160,29,1,15,0,0,12,-4,9,354,-8,519,516,0,-1,-1,-1,0x1020480010840204,1511,1501,1500,1500,2012,1498,1504,1500,1500,1498,988,1500,1500,1500,1500,1500,1500,1500,1500,2012,1500,1555,1500,2012,1500,1507,1503,1500,1520,1505,1500,988,8.3
2025-05-10,18:17:31.420,-71,-65,10,4301,140,29,1,15,0,0,12,-4,11,354,-8,519,516,0,-1,-1,-1,0x1020480010840204,1512,1502,1500,1500,2012,1498,1505,1500,1500,1499,988,1500,1500,1500,1500,1500,1500,1500,1500,2012,1500,1555,1500,2012,1500,1509,1504,1500,1520,1505,1500,988,8.3
2025-05-10,18:17:31.920,-68,-67,10,4301,140,29,1,15,0,0,12,-4,8,354,-8,519,516,0,-1,-1,-1,0x1020480010840204,1511,1501,1500,1500,2012,1498,1504,1500,1500,1498,988,1500,1500,1500,1500,1500,1500,1500,1500,2012,1500,1555,1500,2012,1500,1506,1503,1500,1520,1505,1500,988,8.3
2025-05-10,18:17:32.410,-71,-65,10,4301,140,29,1,15,0,0,12,-3,9,354,-9,519,516,0,-1,-1,-1,0x1020480010840204,1511,1501,1500,1500,2012,1499,1504,1500,1500,1498,988,1500,1500,1500,1500,1500,1500,1500,1500,2012,1500,1555,1500,2012,1500,1507,1503,1500,1520,1505,1500,988,8.3
2025-05-10,18:17:32.920,-76,-67,10,4301,160,29,1,15,0,0,12,-4,9,354,-8,519,515,0,-1,-1,-1,0x1020480010840204,1511,1501,1500,1500,2012,1498,1504,1500,1500,1498,988,1500,1500,1500,1500,1500,1500,1500,1500,2012,1500,1555,1500,2012,1500,1508,1504,1500,1520,1505,1500,988,8.3
2025-05-10,18:17:33.420,-82,-71,10,4301,150,29,1,15,0,0,12,-3,7,354,-8,519,516,0,-1,-1,-1,0x1020480010840204,1512,1501,1500,1500,2012,1499,1503,1500,1500,1499,988,1500,1500,1500,1500,1500,1500,1500,1500,2012,1500,1555,1500,2012,1500,1505,1503,1500,1520,1505,1500,988,8.3
2025-05-10,18:17:33.920,-72,-66,10,4301,140,29,1,15,0,0,12,-3,8,354,-9,519,516,0,-1,-1,-1,0x1020480010840204,1512,1501,1500,1500,2012,1499,1504,1500,1500,1499,988,1500,1500,1500,1500,1500,1500,1500,1500,2012,1500,1555,1500,2012,1500,1506,1503,1500,1520,1505,1500,988,8.3
2025-05-10,18:17:34.420,-69,-68,25,4301,140,29,1,15,0,0,12,-3,8,354,-9,519,516,0,-1,-1,-1,0x1020480010840204,1512,1501,1500,1500,2012,1499,1504,1500,1500,1499,988,1500,1500,1500,1500,1500,1500,1500,1500,2012,1500,1555,1500,2012,1500,1507,1503,1500,1520,1505,1500,988,8.3
2025-05-10,18:17:34.920,-63,-51,100,4301,130,29,1,15,0,0,12,-3,13,354,-8,519,515,0,-1,-1,-1,0x1020480010840204,1512,1502,1500,1500,2012,1499,1506,1500,1500,1499,988,1500,1500,1500,1500,1500,1500,1500,1500,2012,1500,1555,1500,2012,1500,1510,1505,1500,1520,1505,1500,988,8.3
2025-05-10,18:17:35.420,-61,-52,100,4301,150,29,1,15,0,0,12,-3,9,354,-8,519,515,0,-1,-1,-1,0x1020480010840204,1512,1501,1500,1500,2012,1499,1504,1500,1500,1499,988,1500,1500,1500,1500,1500,1500,1500,1500,2012,1500,1555,1500,2012,1500,1507,1503,1500,1520,1505,1500,988,8.3
2025-05-10,18:17:35.920,-75,-61,100,4301,130,29,1,15,0,0,12,-2,12,354,-8,519,515,0,-1,-1,-1,0x1020480010840204,1512,1502,1500,1500,2012,1499,1506,1500,1500,1499,988,1500,1500,1500,1500,1500,1500,1500,1500,2012,1500,1555,1500,2012,1500,1509,1505,1500,1520,1505,1500,988,8.3
2025-05-10,18:17:36.420,-55,-59,100,4301,140,29,1,15,0,0,12,-4,11,354,-8,519,515,0,-1,-1,-1,0x1020480010840204,1512,1502,1500,1500,2012,1498,1505,1500,1500,1499,988,1500,1500,1500,1500,1500,1500,1500,1500,2012,1500,1555,1500,2012,1500,1509,1504,1500,1520,1505,1500,988,8.3
2025-05-10,18:17:36.910,-56,-59,25,4301,140,29,1,15,0,0,12,-2,13,354,-9,519,516,0,-1,-1,-1,0x1020480010840204,1512,1502,1500,1500,2012,1499,1506,1500,1500,1499,988,1500,1500,1500,1500,1500,1500,1500,1500,2012,1500,1555,1500,2012,1500,1510,1505,1500,1520,1505,1500,988,8.3
2025-05-10,18:17:37.420,-72,-65,10,4301,140,29,1,15,0,0,12,-3,9,354,-8,519,516,0,-1,-1,-1,0x1020480010840204,1512,1501,1500,1500,2012,1499,1504,1500,1500,1499,988,1500,1500,1500,1500,1500,1500,1500,1500,2012,1500,1555,1500,2012,1500,1508,1504,1500,1520,1505,1500,988,8.3
2025-05-10,18:17:37.920,-73,-78,10,4301,160,29,1,15,0,0,12,-4,10,354,-8,519,516,0,-1,-1,-1,0x1020480010840204,1511,1501,1500,1500,2012,1498,1505,1500,1500,1498,988,1500,1500,1500,1500,1500,1500,1500,1500,2012,1500,1555,1500,2012,1500,1507,1503,1500,1520,1505,1500,988,8.3
2025-05-10,18:17:38.420,-82,-74,10,4301,160,29,1,15,0,0,12,-2,9,354,-8,519,516,0,-1,-1,-1,0x1020480010840204,1512,1501,1500,1500,2012,1499,1504,1500,1500,1499,988,1500,1500,1500,1500,1500,1500,1500,1500,2012,1500,1555,1500,2012,1500,1507,1503,1500,1520,1505,1500,988,8.3
2025-05-10,18:17:38.920,-68,-74,10,4301,140,29,1,15,0,0,12,-3,13,354,-9,519,515,0,-1,-1,-1,0x1020480010840204,1511,1502,1500,1500,2012,1499,1506,1500,1500,1498,988,1500,1500,1500,1500,1500,1500,1500,1500,2012,1500,1555,1500,2012,1500,1510,1505,1500,1520,1505,1500,988,8.3
2025-05-10,18:17:39.420,-70,-56,10,4301,160,29,1,15,0,0,12,-3,9,354,-8,519,516,0,-1,-1,-1,0x1020480010840204,1512,1501,1500,1500,2012,1499,1504,1500,1500,1499,988,1500,1500,1500,1500,1500,1500,1500,1500,2012,1500,1555,1500,2012,1500,1507,1503,1500,1520,1505,1500,988,8.3
2025-05-10,18:17:39.920,-68,-55,10,4301,140,29,1,15,0,0,12,-3,10,354,-8,519,516,0,-1,-1,-1,0x1020480010840204,1512,1501,1500,1500,2012,1499,1505,1500,1500,1499,988,1500,1500,1500,1500,1500,1500,1500,1500,2012,1500,1555,1500,2012,1500,1508,1504,1500,1520,1505,1500,988,8.3
2025-05-10,18:17:40.420,-59,-50,10,4301,160,29,1,15,0,0,12,-3,8,354,-8,519,515,0,-1,-1,-1,0x1020480010840204,1512,1501,1500,1500,2012,1499,1504,1500,1500,1499,988,1500,1500,1500,1500,1500,1500,1500,1500,2012,1500,1555,1500,2012,1500,1506,1503,1500,1520,1505,1500,988,8.3
2025-05-10,18:17:40.910,-59,-43,10,4301,150,29,1,15,0,0,12,-3,8,354,-8,519,516,0,-1,-1,-1,0x1020480010840204,1512,1501,1500,1500,2012,1499,1504,1500,1500,1499,988,1500,1500,1500,1500,1500,1500,1500,1500,2012,1500,1555,1500,2012,1500,1506,1503,1500,1520,1505,1500,988,8.3
2025-05-10,18:17:41.420,-64,-65,10,4301,140,29,1,15,0,0,12,-4,5,354,-9,519,516,0,-1,-1,-1,0x1020480010840204,1511,1501,1500,1500,2012,1498,1502,1500,1500,1498,988,1500,1500,1500,1500,1500,1500,1500,1500,2012,1500,1555,1500,2012,1500,1504,1502,1500,1520,1505,1500,988,8.3
2025-05-10,18:17:41.920,-60,-58,10,4301,150,29,1,15,0,0,13,-3,7,354,-8,519,516,0,-1,-1,-1,0x1020480010840204,1512,1501,1500,1500,2012,1499,1503,1500,1500,1499,988,1500,1500,1500,1500,1500,1500,1500,1500,2012,1500,1555,1500,2012,1500,1505,1503,1500,1520,1505,1500,988,8.3
2025-05-10,18:17:42.420,-70,-76,10,4301,160,29,1,15,0,0,13,-4,8,354,-8,519,516,0,-1,-1,-1,0x1020480010840204,1511,1501,1500,1500,2012,1498,1504,1500,1500,1498,988,1500,1500,1500,1500,1500,1500,1500,1500,2012,1500,1555,1500,2012,1500,1506,1503,1500,1520,1505,1500,988,8.3
2025-05-10,18:17:42.920,-65,-65,10,4301,130,29,1,15,0,0,13,-5,7,354,-9,519,515,0,-1,-1,-1,0x1020480010840204,1511,1501,1500,1500,2012,1498,1503,1500,1500,1498,988,1500,1500,1500,1500,1500,1500,1500,1500,2012,1500,1555,1500,2012,1500,1506,1503,1500,1520,1505,1500,988,8.3
2025-05-10,18:17:43.420,-62,-63,10,4301,160,29,1,15,0,0,13,-4,11,354,-9,519,516,0,-1,-1,-1,0x1020480010840204,1511,1502,1500,1500,2012,1498,1505,1500,1500,1498,988,1500,1500,1500,1500,1500,1500,1500,1500,2012,1500,1555,1500,2012,1500,1509,1504,1500,1520,1505,1500,988,8.3
2025-05-10,18:17:43.910,-66,-69,10,4301,170,29,1,15,0,0,13,-3,11,354,-8,519,516,0,-1,-1,-1,0x1020480010840204,1512,1502,1500,1500,2012,1499,1505,1500,1500,1499,988,1500,1500,1500,1500,1500,1500,1500,1500,2012,1500,1555,1500,2012,1500,1509,1504,1500,1520,1505,1500,988,8.3
2025-05-10,18:17:44.420,-70,-70,10,4301,160,29,1,15,0,0,13,-4,8,354,-8,519,516,0,-1,-1,-1,0x1020480010840204,1512,1501,1500,1500,2012,1498,1504,1500,1500,1499,988,1500,1500,1500,1500,1500,1500,1500,1500,2012,1500,1555,1500,2012,1500,1506,1503,1500,1520,1505,1500,988,8.3
2025-05-10,18:17:44.920,-74,-77,10,4301,140,29,1,15,0,0,13,-5,8,354,-9,519,515,0,-1,-1,-1,0x1020480010840204,1511,1501,1500,1500,2012,1498,1504,1500,1500,1498,988,1500,1500,1500,1500,1500,1500,1500,1500,2012,1500,1555,1500,2012,1500,1506,1503,1500,1520,1505,1500,988,8.3
2025-05-10,18:17:45.420,-76,-77,10,4301,150,29,1,15,0,0,13,-3,8,354,-8,519,515,0,-1,-1,-1,0x1020480010840204,1512,1501,1500,1500,2012,1499,1504,1500,1500,1499,988,1500,1500,1500,1500,1500,1500,1500,1500,2012,1500,1555,1500,2012,1500,1506,1503,1500,1520,1505,1500,988,8.3
2025-05-10,18:17:45.910,-84,-82,10,4301,160,29,1,15,0,0,13,-4,9,354,-9,519,515,0,-1,-1,-1,0x1020480010840204,1511,1501,1500,1500,2012,1498,1504,1500,1500,1498,988,1500,1500,1500,1500,1500,1500,1500,1500,2012,1500,1555,1500,2012,1500,1506,1503,1500,1520,1505,1500,988,8.3
2025-05-10,18:17:46.410,-84,-78,25,4301,130,29,1,15,0,0,13,-4,9,354,-8,519,516,0,-1,-1,-1,0x1020480010840204,1512,1501,1500,1500,2012,1498,1504,1500,1500,1499,988,1500,1500,1500,1500,1500,1500,1500,1500,2012,1500,1555,1500,2012,1500,1508,1503,1500,1520,1505,1500,988,8.3
2025-05-10,18:17:46.910,-79,-74,100,4301,200,29,1,15,0,0,13,-3,8,354,-8,519,515,0,-1,-1,-1,0x1020480010840204,1511,1501,1500,1500,2012,1499,1504,1500,1500,1498,988,1500,1500,1500,1500,1500,1500,1500,1500,2012,1500,1555,1500,2012,1500,1506,1503,1500,1520,1505,1500,988,8.3
2025-05-10,18:17:47.410,-79,-75,100,4301,140,29,1,15,0,0,13,-4,9,354,-8,519,515,0,-1,-1,-1,0x1020480010840204,1511,1501,1500,1500,2012,1498,1504,1500,1500,1498,988,1500,1500,1500,1500,1500,1500,1500,1500,2012,1500,1555,1500,2012,1500,1507,1503,1500,1520,1505,1500,988,8.3
2025-05-10,18:17:47.910,-82,-84,100,4301,140,29,1,15,0,0,13,-3,12,354,-8,519,515,0,-1,-1,-1,0x1020480010840204,1511,1502,1500,1500,2012,1499,1506,1500,1500,1498,988,1500,1500,1500,1500,1500,1500,1500,1500,2012,1500,1555,1500,2012,1500,1509,1505,1500,1520,1505,1500,988,8.3
2025-05-10,18:17:48.410,-81,-73,100,4301,1030,29,1,15,3,0,13,-4,10,354,-8,519,515,0,-1,-1,-1,0x1020480010840205,1511,1501,1575,1500,2012,1498,1505,1500,1500,1498,988,1500,1500,1500,1500,1500,1500,1500,1203,2012,1500,1555,1500,2012,1500,1508,1504,1500,1520,1505,1500,988,8.3
2025-05-10,18:17:48.910,-84,-72,100,4299,930,29,1,15,1740,0,13,-4,12,354,-9,519,515,0,-1,-1,-1,0x1020480010840205,1511,1502,1589,1500,2012,1498,1506,1500,1500,1498,988,1500,1500,1500,1500,1500,1500,1500,1372,2012,1500,1555,1500,2012,1500,1509,1505,1500,1520,1505,1500,988,8.3
2025-05-10,18:17:49.410,-84,-67,250,4294,920,29,1,15,456,0,13,-3,9,354,-8,519,515,0,-1,-1,-1,0x1020480010840205,1512,1501,1589,1500,2012,1499,1504,1500,1500,1499,988,1500,1500,1500,1500,1500,1500,1500,1372,2012,1500,1555,1500,2012,1500,1506,1503,1500,1520,1505,1500,988,8.3
2025-05-10,18:17:49.910,-81,-71,250,4294,940,32,1,15,0,0,13,-4,9,354,-9,519,515,0,-1,-1,-1,0x1020480010840205,1511,1501,1589,1500,2012,1498,1504,1500,1500,1498,988,1500,1500,1500,1500,1500,1500,1500,1500,2012,1500,1555,1500,2012,1500,1507,1503,1500,1520,1505,1500,988,8.3
2025-05-10,18:17:50.410,-71,-70,50,4294,940,32,1,15,0,0,13,-3,9,354,-8,519,516,0,-1,-1,-1,0x1020480010840205,1512,1501,1589,1500,2012,1499,1504,1500,1500,1499,988,1500,1500,1500,1500,1500,1500,1500,1500,2012,1500,1555,1500,2012,1500,1508,1503,1500,1520,1505,1500,988,8.3
2025-05-10,18:17:50.910,-79,-83,10,4294,930,32,1,15,0,0,13,-3,8,354,-8,519,516,0,-1,-1,-1,0x1020480010840205,1512,1501,1589,1500,2012,1499,1504,1500,1500,1499,988,1500,1500,1500,1500,1500,1500,1500,1500,2012,1500,1555,1500,2012,1500,1506,1503,1500,1520,1505,1500,988,8.3
2025-05-10,18:17:51.410,-82,-90,10,4294,220,32,1,15,0,0,13,-3,8,354,-8,519,516,0,-1,-1,-1,0x1020480010840205,1512,1501,1525,1500,2012,1499,1504,1500,1500,1499,988,1500,1500,1500,1500,1500,1500,1500,1500,2012,1500,1555,1500,2012,1500,1506,1503,1500,1520,1505,1500,988,8.3
2025-05-10,18:17:51.920,-81,-82,10,4296,140,32,1,15,0,0,14,-3,8,354,-8,519,516,0,-1,-1,-1,0x1020480010840204,1512,1501,1500,1500,2012,1499,1504,1500,1500,1499,988,1500,1500,1500,1500,1500,1500,1500,1500,2012,1500,1555,1500,2012,1500,1506,1503,1500,1520,1505,1500,988,8.3
2025-05-10,18:17:52.410,-81,-89,10,4300,160,31,1,15,0,0,14,-4,8,354,-8,519,516,0,-1,-1,-1,0x1020480010840204,1511,1501,1500,1500,2012,1498,1504,1500,1500,1498,988,1500,1500,1500,1500,1500,1500,1500,1500,2012,1500,1555,1500,2012,1500,1506,1503,1500,1520,1505,1500,988,8.3
2025-05-10,18:17:52.910,-78,-74,10,4300,140,29,1,15,0,0,14,-5,9,354,-8,519,516,0,-1,-1,-1,0x1020480010840204,1511,1501,1500,1500,2012,1498,1504,1500,1500,1498,988,1500,1500,1500,1500,1500,1500,1500,1500,2012,1500,1555,1500,2012,1500,1506,1503,1500,1520,1505,1500,988,8.3
2025-05-10,18:17:53.410,-70,-70,10,4300,140,29,1,15,0,0,14,-4,8,354,-8,519,516,0,-1,-1,-1,0x1020480010840204,1511,1501,1500,1500,2012,1498,1504,1500,1500,1498,988,1500,1500,1500,1500,1500,1500,1500,1500,2012,1500,1555,1500,2012,1500,1506,1503,1500,1520,1505,1500,988,8.3
2025-05-10,18:17:53.920,-71,-73,10,4300,150,29,1,15,0,0,14,-3,8,354,-8,519,516,0,-1,-1,-1,0x1020480010840204,1511,1501,1500,1500,2012,1499,1504,1500,1500,1498,988,1500,1500,1500,1500,1500,1500,1500,1500,2012,1500,1555,1500,2012,1500,1506,1503,1500,1520,1505,1500,988,8.3
2025-05-10,18:17:54.410,-72,-70,10,4300,140,29,1,15,0,0,14,-4,8,354,-8,519,516,0,-1,-1,-1,0x1020480010840204,1511,1501,1500,1500,2012,1498,1504,1500,1500,1498,988,1500,1500,1500,1500,1500,1500,1500,1500,2012,1500,1555,1500,2012,1500,1506,1503,1500,1520,1505,1500,988,8.3
2025-05-10,18:17:54.910,-72,-74,10,4300,140,29,1,15,0,0,14,-4,9,354,-9,519,516,0,-1,-1,-1,0x1020480010840204,1511,1501,1500,1500,2012,1498,1504,1500,1500,1498,988,1500,1500,1500,1500,1500,1500,1500,1500,2012,1500,1555,1500,2012,1500,1507,1503,1500,1520,1505,1500,988,8.3
2025-05-10,18:17:55.420,-75,-72,10,4300,140,29,1,15,0,0,14,-3,8,354,-8,519,516,0,-1,-1,-1,0x1020480010840204,1512,1501,1500,1500,2012,1499,1504,1500,1500,1499,988,1500,1500,1500,1500,1500,1500,1500,1500,2012,1500,1555,1500,2012,1500,1506,1503,1500,1520,1505,1500,988,8.3
2025-05-10,18:17:55.910,-82,-71,10,4300,150,29,1,15,0,0,14,-4,9,354,-9,519,516,0,-1,-1,-1,0x1020480010840204,1511,1501,1500,1500,2012,1498,1504,1500,1500,1498,988,1500,1500,1500,1500,1500,1500,1500,1500,2012,1500,1555,1500,2012,1500,1507,1503,1500,1520,1505,1500,988,8.3
2025-05-10,18:17:56.410,-70,-71,10,4300,130,29,1,15,0,0,14,-4,11,354,-9,519,515,0,-1,-1,-1,0x1020480010840204,1511,1502,1500,1500,2012,1498,1505,1500,1500,1498,988,1500,1500,1500,1500,1500,1500,1500,1500,2012,1500,1555,1500,2012,1500,1509,1504,1500,1520,1505,1500,988,8.3
2025-05-10,18:17:56.910,-70,-72,10,4300,220,29,1,15,0,0,14,-4,6,354,-9,519,516,0,-1,-1,-1,0x1020480010840204,1511,1501,1500,1500,2012,1498,1503,1500,1500,1498,988,1500,1500,1500,1500,1500,1500,1500,1500,2012,1500,1555,1500,2012,1500,1505,1502,1500,1520,1505,1500,988,8.3
2025-05-10,18:17:57.410,-72,-72,10,4300,130,29,1,15,0,0,14,-4,11,354,-8,519,516,0,-1,-1,-1,0x1020480010840204,1511,1502,1500,1500,2012,1498,1505,1500,1500,1498,988,1500,1500,1500,1500,1500,1500,1500,1500,2012,1500,1555,1500,2012,1500,1509,1504,1500,1520,1505,1500,988,8.3
2025-05-10,18:17:57.910,-81,-67,10,4300,140,29,1,15,0,0,14,-4,7,354,-8,519,516,0,-1,-1,-1,0x1020480010840204,1511,1501,1500,1500,2012,1498,1503,1500,1500,1498,988,1500,1500,1500,1500,1500,1500,1500,1500,2012,1500,1555,1500,2012,1500,1505,1503,1500,1520,1505,1500,988,8.3
2025-05-10,18:17:58.410,-68,-68,10,4300,590,29,1,15,0,0,14,-615,8,354,-8,519,516,0,-1,-1,-1,0x1020480014840204,1390,1501,1500,1500,2012,1193,1504,1500,1500,1215,988,1500,1500,1500,1500,1500,1500,1500,1500,2012,1500,1555,1500,2012,1500,1506,1503,1500,1520,1505,1500,988,8.3
2025-05-10,18:17:58.910,-72,-66,10,4300,550,29,1,15,0,0,14,135,7,354,-9,519,516,0,-1,-1,-1,0x1020480014840204,1556,1501,1500,1500,2012,1559,1503,1500,1500,1596,988,1500,1500,1500,1500,1500,1500,1500,1500,2012,1500,1555,1500,2012,1500,1505,1503,1500,1520,1505,1500,988,8.3
2025-05-10,18:17:59.410,-61,-63,10,4298,330,29,1,15,0,0,14,100,7,354,-8,519,516,0,-1,-1,-1,0x1020480014840204,1532,1501,1500,1500,2012,1550,1503,1500,1500,1544,988,1500,1500,1500,1500,1500,1500,1500,1500,2012,1500,1555,1500,2012,1500,1505,1503,1500,1520,1505,1500,988,8.3
2025-05-10,18:17:59.910,-76,-66,10,4297,340,29,1,15,0,0,14,-378,8,354,-8,519,516,0,-1,-1,-1,0x1020480014840204,1450,1501,1500,1500,2012,1304,1504,1500,1500,1329,988,1500,1500,1500,1500,1500,1500,1500,1500,2012,1500,1555,1500,2012,1500,1506,1503,1500,1520,1505,1500,988,8.3
2025-05-10,18:18:00.410,-73,-72,10,4297,330,29,1,15,0,0,14,439,8,354,-8,519,516,0,-1,-1,-1,0x1020480014840204,1605,1501,1500,1500,2012,1719,1503,1500,1500,1707,988,1500,1500,1500,1500,1500,1500,1500,1500,2012,1500,1555,1500,2012,1500,1506,1503,1500,1520,1505,1500,988,8.3
2025-05-10,18:18:00.910,-71,-71,10,4297,440,31,1,15,0,0,14,-261,8,354,-8,519,516,0,-1,-1,-1,0x1020480014840204,1461,1501,1500,1500,2012,1379,1504,1500,1500,1358,988,1500,1500,1500,1500,1500,1500,1500,1500,2012,1500,1555,1500,2012,1500,1506,1503,1500,1520,1505,1500,988,8.3
2025-05-10,18:18:01.410,-80,-66,10,4297,610,31,1,15,0,0,14,-219,7,354,-9,519,516,0,-1,-1,-1,0x1020480014840204,1481,1501,1500,1500,2012,1385,1503,1500,1500,1409,988,1500,1500,1500,1500,1500,1500,1500,1500,2012,1500,1555,1500,2012,1500,1505,1503,1500,1520,1505,1500,988,8.3
2025-05-10,18:18:01.910,-80,-62,10,4297,450,30,1,15,0,0,14,324,7,354,-9,519,516,0,-1,-1,-1,0x1020480014840204,1584,1501,1500,1500,2012,1662,1503,1500,1500,1656,988,1500,1500,1500,1500,1500,1500,1500,1500,2012,1500,1555,1500,2012,1500,1505,1503,1500,1520,1505,1500,988,8.3
2025-05-10,18:18:02.410,-67,-73,10,4297,200,31,1,15,0,0,14,-1,7,354,-9,519,516,0,-1,-1,-1,0x1020480010840204,1512,1501,1500,1500,2012,1500,1503,1500,1500,1500,988,1500,1500,1500,1500,1500,1500,1500,1500,2012,1500,1555,1500,2012,1500,1505,1503,1500,1520,1505,1500,988,8.3
2025-05-10,18:18:02.910,-68,-73,10,4298,180,31,1,15,0,0,14,-2,8,354,-9,519,516,0,-1,-1,-1,0x1020480010840204,1512,1501,1500,1500,2012,1499,1504,1500,1500,1499,988,1500,1500,1500,1500,1500,1500,1500,1500,2012,1500,1555,1500,2012,1500,1506,1503,1500,1520,1505,1500,988,8.3
2025-05-10,18:18:03.410,-73,-64,10,4299,210,29,1,15,0,0,14,-3,7,354,-8,519,516,0,-1,-1,-1,0x1020480010840204,1512,1501,1500,1500,2012,1499,1503,1500,1500,1499,988,1500,1500,1500,1500,1500,1500,1500,1500,2012,1500,1555,1500,2012,1500,1505,1503,1500,1520,1505,1500,988,8.3
2025-05-10,18:18:03.910,-76,-67,10,4299,190,29,1,15,0,0,14,-2,7,354,-9,519,516,0,-1,-1,-1,0x1020480010840204,1512,1501,1500,1500,2012,1499,1503,1500,1500,1499,988,1500,1500,1500,1500,1500,1500,1500,1500,2012,1500,1555,1500,2012,1500,1505,1503,1500,1520,1505,1500,988,8.3
2025-05-10,18:18:04.410,-76,-75,10,4299,190,29,1,15,0,0,14,-2,7,354,-8,519,516,0,-1,-1,-1,0x1020480010840204,1512,1501,1500,1500,2012,1499,1503,1500,1500,1499,988,1500,1500,1500,1500,1500,1500,1500,1500,2012,1500,1555,1500,2012,1500,1505,1503,1500,1520,1505,1500,988,8.3
2025-05-10,18:18:04.910,-73,-71,10,4299,190,29,1,15,0,0,14,-2,23,354,-9,519,516,0,-1,-1,-1,0x1020480010840204,1512,1501,1500,1500,2012,1499,1512,1500,1500,1499,988,1500,1500,1500,1500,1500,1500,1500,1500,2012,1500,1555,1500,2012,1500,1508,1504,1500,1520,1505,1500,988,8.3
2025-05-10,18:18:05.410,-88,-69,10,4299,190,29,1,15,0,0,15,-2,8,354,-8,519,516,0,-1,-1,-1,0x1020480010840204,1512,1501,1500,1500,2012,1499,1504,1500,1500,1499,988,1500,1500,1500,1500,1500,1500,1500,1500,2012,1500,1555,1500,2012,1500,1505,1503,1500,1520,1505,1500,988,8.3
2025-05-10,18:18:05.910,-71,-70,10,4299,190,29,1,15,0,0,15,-3,8,354,-8,519,516,0,-1,-1,-1,0x1020480010840204,1512,1501,1500,1500,2012,1499,1504,1500,1500,1499,988,1500,1500,1500,1500,1500,1500,1500,1500,2012,1500,1555,1500,2012,1500,1506,1503,1500,1520,1505,1500,988,8.3
2025-05-10,18:18:06.410,-73,-73,10,4299,190,29,1,15,0,0,15,-3,6,354,-8,519,516,0,-1,-1,-1,0x1020480010840204,1512,1501,1500,1500,2012,1499,1503,1500,1500,1499,988,1500,1500,1500,1500,1500,1500,1500,1500,2012,1500,1555,1500,2012,1500,1505,1502,1500,1520,1505,1500,988,8.3
2025-05-10,18:18:06.910,-74,-67,10,4299,170,29,1,15,0,0,15,-2,8,354,-8,519,516,0,-1,-1,-1,0x1020480010840204,1512,1501,1500,1500,2012,1499,1504,1500,1500,1499,988,1500,1500,1500,1500,1500,1500,1500,1500,2012,1500,1555,1500,2012,1500,1506,1503,1500,1520,1505,1500,988,8.3
2025-05-10,18:18:07.410,-72,-71,10,4299,190,29,1,15,0,0,15,-3,7,354,-9,519,516,0,-1,-1,-1,0x1020480010840204,1512,1501,1500,1500,2012,1499,1503,1500,1500,1499,988,1500,1500,1500,1500,1500,1500,1500,1500,2012,1500,1555,1500,2012,1500,1505,1503,1500,1520,1505,1500,988,8.3
2025-05-10,18:18:07.910,-72,-69,10,4299,190,29,1,15,0,0,15,-2,8,354,-9,519,516,0,-1,-1,-1,0x1020480010840204,1512,1501,1500,1500,2012,1499,1504,1500,1500,1499,988,1500,1500,1500,1500,1500,1500,1500,1500,2012,1500,1555,1500,2012,1500,1506,1503,1500,1520,1505,1500,988,8.3
2025-05-10,18:18:08.410,-72,-69,10,4299,190,29,1,15,0,0,15,-2,7,354,-9,519,516,0,-1,-1,-1,0x1020480010840204,1512,1501,1500,1500,2012,1499,1504,1500,1500,1499,988,1500,1500,1500,1500,1500,1500,1500,1500,2012,1500,1555,1500,2012,1500,1505,1503,1500,1520,1505,1500,988,8.3
2025-05-10,18:18:08.910,-75,-79,10,4299,190,29,1,15,0,0,15,-2,7,354,-8,519,516,0,-1,-1,-1,0x1020480010840204,1512,1501,1500,1500,2012,1499,1503,1500,1500,1499,988,1500,1500,1500,1500,1500,1500,1500,1500,2012,1500,1555,1500,2012,1500,1505,1503,1500,1520,1505,1500,988,8.3
2025-05-10,18:18:09.410,-80,-70,10,4299,180,29,1,15,0,0,15,-1,8,354,-8,519,516,0,-1,-1,-1,0x1020480010840204,1512,1501,1500,1500,2012,1500,1503,1500,1500,1500,988,1500,1500,1500,1500,1500,1500,1500,1500,2012,1500,1555,1500,2012,1500,1506,1503,1500,1520,1505,1500,988,8.3
2025-05-10,18:18:09.910,-83,-70,10,4299,170,29,1,15,0,0,15,-1,7,354,-9,519,516,0,-1,-1,-1,0x1020480010840204,1512,1501,1500,1500,2012,1500,1503,1500,1500,1499,988,1500,1500,1500,1500,1500,1500,1500,1500,2012,1500,1555,1500,2012,1500,1505,1503,1500,1520,1505,1500,988,8.3
2025-05-10,18:18:10.410,-82,-71,10,4299,200,29,1,15,0,0,15,-2,8,354,-8,519,516,0,-1,-1,-1,0x1020480010840204,1512,1501,1500,1500,2012,1499,1504,1500,1500,1499,988,1500,1500,1500,1500,1500,1500,1500,1500,2012,1500,1555,1500,2012,1500,1506,1503,1500,1520,1505,1500,988,8.3
2025-05-10,18:18:10.910,-75,-80,10,4299,190,29,1,15,0,0,15,-2,8,354,-8,519,516,0,-1,-1,-1,0x1020480010840204,1512,1501,1500,1500,2012,1499,1504,1500,1500,1499,988,1500,1500,1500,1500,1500,1500,1500,1500,2012,1500,1555,1500,2012,1500,1506,1503,1500,1520,1505,1500,988,8.3
2025-05-10,18:18:11.410,-70,-79,10,4299,190,29,1,15,0,0,15,-2,8,354,-9,519,516,0,-1,-1,-1,0x1020480010840204,1512,1501,1500,1500,2012,1499,1504,1500,1500,1499,988,1500,1500,1500,1500,1500,1500,1500,1500,2012,1500,1555,1500,2012,1500,1506,1503,1500,1520,1505,1500,988,8.3
2025-05-10,18:18:11.910,-77,-67,10,4299,190,29,1,15,0,0,15,-2,9,354,-9,519,516,0,-1,-1,-1,0x1020480010840204,1512,1501,1500,1500,2012,1499,1504,1500,1500,1499,988,1500,1500,1500,1500,1500,1500,1500,1500,2012,1500,1555,1500,2012,1500,1507,1503,1500,1520,1505,1500,988,8.3
2025-05-10,18:18:12.410,-69,-67,10,4299,200,29,1,15,0,0,15,-2,8,354,-8,519,516,0,-1,-1,-1,0x1020480010840204,1512,1501,1500,1500,2012,1499,1504,1500,1500,1499,988,1500,1500,1500,1500,1500,1500,1500,1500,2012,1500,1555,1500,2012,1500,1506,1503,1500,1520,1505,1500,988,8.3
2025-05-10,18:18:12.910,-73,-66,10,4299,180,29,1,15,0,0,15,-2,7,354,-9,519,516,0,-1,-1,-1,0x1020480010840204,1512,1501,1500,1500,2012,1499,1503,1500,1500,1499,988,1500,1500,1500,1500,1500,1500,1500,1500,2012,1500,1555,1500,2012,1500,1505,1503,1500,1520,1505,1500,988,8.3
2025-05-10,18:18:13.410,-77,-69,10,4299,170,29,1,15,0,0,15,-2,8,354,-8,519,516,0,-1,-1,-1,0x1020480010840204,1512,1501,1500,1500,2012,1499,1504,1500,1500,1499,988,1500,1500,1500,1500,1500,1500,1500,1500,2012,1500,1555,1500,2012,1500,1506,1503,1500,1520,1505,1500,988,8.3
2025-05-10,18:18:13.910,-77,-68,10,4299,190,29,1,15,0,0,15,-2,8,354,-9,519,516,0,-1,-1,-1,0x1020480010840204,1512,1501,1500,1500,2012,1499,1504,1500,1500,1499,988,1500,1500,1500,1500,1500,1500,1500,1500,2012,1500,1555,1500,2012,1500,1506,1503,1500,1520,1505,1500,988,8.3
2025-05-10,18:18:14.410,-69,-63,10,4299,190,29,1,15,0,0,15,163,7,354,-8,519,516,0,-1,-1,-1,0x1020480014840204,1549,1501,1500,1500,2012,1581,1503,1500,1500,1583,988,1500,1500,1500,1500,1500,1500,1500,1500,2012,1500,1555,1500,2012,1500,1505,1503,1500,1520,1505,1500,988,8.3
2025-05-10,18:18:14.890,-66,-66,10,4299,1410,29,1,15,0,0,15,242,8,354,-8,519,516,0,-1,-1,-1,0x1020480014840204,1616,1501,1500,1500,2012,1579,1504,1500,1500,1734,988,1500,1500,1500,1500,1500,1500,1500,1500,2012,1500,1555,1500,2012,1500,1506,1503,1500,1520,1505,1500,988,8.3
2025-05-10,18:18:15.390,-68,-68,10,4297,180,29,1,15,0,0,15,-2,7,354,-8,519,516,0,-1,-1,-1,0x1020480010840204,1512,1501,1500,1500,2012,1499,1504,1500,1500,1499,988,1500,1500,1500,1500,1500,1500,1500,1500,2012,1500,1555,1500,2012,1500,1505,1503,1500,1520,1505,1500,988,8.3
2025-05-10,18:18:15.890,-64,-57,10,4298,150,29,1,15,0,0,15,-1,8,354,-9,519,516,0,-1,-1,-1,0x1020480010840204,1512,1501,1500,1500,2012,1500,1504,1500,1500,1500,988,1500,1500,1500,1500,1500,1500,1500,1500,2012,1500,1555,1500,2012,1500,1506,1503,1500,1520,1505,1500,988,8.3
2025-05-10,18:18:16.390,-75,-65,10,4299,150,29,1,15,0,0,15,-1,7,354,-8,519,516,0,-1,-1,-1,0x1020480010840204,1512,1501,1500,1500,2012,1500,1503,1500,1500,1499,988,1500,1500,1500,1500,1500,1500,1500,1500,2012,1500,1555,1500,2012,1500,1505,1503,1500,1520,1505,1500,988,8.3
2025-05-10,18:18:16.890,-83,-76,10,4300,150,29,1,15,0,0,15,-2,7,354,-8,519,516,0,-1,-1,-1,0x1020480010840204,1512,1501,1500,1500,2012,1499,1503,1500,1500,1499,988,1500,1500,1500,1500,1500,1500,1500,1500,2012,1500,1555,1500,2012,1500,1505,1503,1500,1520,1505,1500,988,8.3
2025-05-10,18:18:17.390,-68,-71,10,4300,130,29,1,15,0,0,15,-2,7,354,-8,519,516,0,-1,-1,-1,0x1020480010840204,1512,1501,1500,1500,2012,1499,1503,1500,1500,1499,988,1500,1500,1500,1500,1500,1500,1500,1500,2012,1500,1555,1500,2012,1500,1505,1503,1500,1520,1505,1500,988,8.3
2025-05-10,18:18:17.890,-67,-65,10,4300,140,29,1,15,0,0,15,-2,7,354,-9,519,516,0,-1,-1,-1,0x1020480010840204,1512,1501,1500,1500,2012,1499,1503,1500,1500,1499,988,1500,1500,1500,1500,1500,1500,1500,1500,2012,1500,1555,1500,2012,1500,1505,1503,1500,1520,1505,1500,988,8.3
2025-05-10,18:18:18.390,-71,-62,10,4300,140,29,1,15,0,0,15,-2,7,354,-9,519,516,0,-1,-1,-1,0x1020480010840204,1512,1501,1500,1500,2012,1499,1503,1500,1500,1499,988,1500,1500,1500,1500,1500,1500,1500,1500,2012,1500,1555,1500,2012,1500,1505,1503,1500,1520,1505,1500,988,8.3
2025-05-10,18:18:18.890,-71,-60,10,4300,140,29,1,15,0,0,15,-2,7,354,-9,519,516,0,-1,-1,-1,0x1020480010840204,1512,1501,1500,1500,2012,1499,1503,1500,1500,1499,988,1500,1500,1500,1500,1500,1500,1500,1500,2012,1500,1555,1500,2012,1500,1505,1503,1500,1520,1505,1500,988,8.3
2025-05-10,18:18:19.390,-81,-59,10,4300,140,29,1,15,0,0,15,-2,8,354,-9,519,516,0,-1,-1,-1,0x1020480010840204,1512,1501,1500,1500,2012,1499,1504,1500,1500,1499,988,1500,1500,1500,1500,1500,1500,1500,1500,2012,1500,1555,1500,2012,1500,1506,1503,1500,1520,1505,1500,988,8.3
2025-05-10,18:18:19.890,-81,-59,10,4300,140,29,1,15,0,0,15,-2,8,354,-8,519,516,0,-1,-1,-1,0x1020480010840204,1512,1501,1500,1500,2012,1499,1504,1500,1500,1499,988,1500,1500,1500,1500,1500,1500,1500,1500,2012,1500,1555,1500,2012,1500,1506,1503,1500,1520,1505,1500,988,8.3
2025-05-10,18:18:20.390,-74,-61,10,4300,140,29,1,15,0,0,15,-2,9,354,-9,519,516,0,-1,-1,-1,0x1020480010840204,1512,1501,1500,1500,2012,1499,1504,1500,1500,1499,988,1500,1500,1500,1500,1500,1500,1500,1500,2012,1500,1555,1500,2012,1500,1507,1503,1500,1520,1505,1500,988,8.3
2025-05-10,18:18:20.890,-74,-61,10,4300,130,29,1,15,0,0,15,-3,8,354,-8,519,516,0,-1,-1,-1,0x1020480010840204,1512,1501,1500,1500,2012,1499,1504,1500,1500,1499,988,1500,1500,1500,1500,1500,1500,1500,1500,2012,1500,1555,1500,2012,1500,1506,1503,1500,1520,1505,1500,988,8.3
2025-05-10,18:18:21.390,-74,-67,10,4300,140,29,1,15,0,0,15,-3,9,354,-9,519,516,0,-1,-1,-1,0x1020480010840204,1512,1501,1500,1500,2012,1499,1504,1500,1500,1499,988,1500,1500,1500,1500,1500,1500,1500,1500,2012,1500,1555,1500,2012,1500,1507,1503,1500,1520,1505,1500,988,8.3
2025-05-10,18:18:21.890,-81,-64,10,4300,150,29,1,15,0,0,15,-2,10,354,-9,519,516,0,-1,-1,-1,0x1020480010840204,1512,1501,1500,1500,2012,1499,1505,1500,1500,1499,988,1500,1500,1500,1500,1500,1500,1500,1500,2012,1500,1555,1500,2012,1500,1508,1504,1500,1520,1505,1500,988,8.3
2025-05-10,18:18:22.390,-72,-65,10,4300,140,29,1,15,0,0,15,-2,10,354,-8,519,516,0,-1,-1,-1,0x1020480010840204,1512,1502,1500,1500,2012,1499,1505,1500,1500,1499,988,1500,1500,1500,1500,1500,1500,1500,1500,2012,1500,1555,1500,2012,1500,1509,1504,1500,1520,1505,1500,988,8.3
2025-05-10,18:18:22.890,-72,-63,10,4300,150,29,1,15,0,0,15,-2,9,354,-9,519,516,0,-1,-1,-1,0x1020480010840204,1512,1501,1500,1500,2012,1499,1504,1500,1500,1499,988,1500,1500,1500,1500,1500,1500,1500,1500,2012,1500,1555,1500,2012,1500,1506,1503,1500,1520,1505,1500,988,8.3
2025-05-10,18:18:23.390,-72,-63,10,4300,140,29,1,15,0,0,15,-2,8,354,-8,519,515,0,-1,-1,-1,0x1020480010840204,1512,1501,1500,1500,2012,1499,1504,1500,1500,1499,988,1500,1500,1500,1500,1500,1500,1500,1500,2012,1500,1555,1500,2012,1500,1506,1503,1500,1520,1505,1500,988,8.3
2025-05-10,18:18:23.890,-68,-60,10,4300,150,29,1,15,0,0,15,-1,9,354,-9,519,515,0,-1,-1,-1,0x1020480010840204,1512,1501,1500,1500,2012,1500,1504,1500,1500,1500,988,1500,1500,1500,1500,1500,1500,1500,1500,2012,1500,1555,1500,2012,1500,1507,1503,1500,1520,1505,1500,988,8.3
2025-05-10,18:18:24.390,-68,-61,10,4300,150,29,1,15,0,0,16,-107,162,354,-9,519,516,0,-1,-1,-1,0x1020480014840205,1491,1523,1528,1500,2012,1447,1581,1500,1500,1439,988,1500,1500,1500,1500,1500,1500,1500,1372,1628,1500,1555,1500,2012,1500,1617,1559,1500,1520,1505,1500,988,8.3
2025-05-10,18:18:24.890,-70,-59,10,4299,1180,29,1,15,0,0,16,99,7,354,-8,519,516,0,-1,-1,-1,0x1020480014840205,1529,1501,1589,1500,2012,1549,1503,1500,1500,1538,988,1500,1500,1500,1500,1500,1500,1500,1080,2012,1500,1555,1500,2012,1500,1505,1502,1500,1520,1505,1500,988,8.3
2025-05-10,18:18:25.390,-68,-56,10,4293,1470,29,1,15,0,0,16,-1024,11,354,-8,519,516,0,-1,-1,-1,0x1020480014840205,1177,1501,1589,1500,2012,988,1505,1500,1500,988,988,1500,1500,1500,1500,1500,1500,1500,1372,2012,1500,1555,1500,2012,1500,1508,1504,1500,1520,1505,1500,988,8.3
2025-05-10,18:18:25.890,-68,-55,10,4290,2250,31,1,15,0,0,16,-1024,582,354,-8,519,516,0,-1,-1,-1,0x1020480014840A05,1177,1585,1589,1500,2012,988,1791,1500,1500,988,988,1500,1500,1500,1500,1500,1500,1500,1372,1628,1500,1555,1500,2012,1500,1844,1713,1500,1520,1505,1500,988,8.3
2025-05-10,18:18:26.390,-67,-65,10,4288,1090,33,1,15,1711,0,16,179,155,354,-8,519,516,0,-1,-1,-1,0x1020480014840205,1553,1526,1589,1500,2012,1589,1577,1500,1500,1590,988,1500,1500,1500,1500,1500,1500,1500,1372,1628,1500,1555,1500,2012,1500,1630,1565,1500,1520,1505,1500,988,8.3
2025-05-10,18:18:26.890,-67,-77,10,4289,750,33,1,15,1570,0,17,353,-574,354,-8,519,516,0,-1,-1,-1,0x10204800168C0205,1590,1267,1589,1498,2012,1676,1213,1265,1500,1671,988,1500,1500,1500,1500,1500,1500,1264,1315,2012,1500,1555,1500,2012,1500,1163,1500,1500,1520,1505,1500,988,8.3
2025-05-10,18:18:27.390,-69,-66,10,4290,1630,33,1,15,1719,0,17,-18,12,354,-8,519,516,0,-1,-1,-1,0x1020480010840205,1511,1502,1589,1500,2012,1491,1506,1500,1500,1497,988,1500,1500,1500,1500,1500,1500,1500,1372,2012,1500,1555,1500,2012,1500,1509,1505,1500,1520,1505,1500,988,8.3
2025-05-10,18:18:27.890,-70,-70,10,4290,940,33,1,15,2582,0,17,15,7,354,-8,519,516,0,-1,-1,-1,0x1020480010840205,1515,1501,1589,1500,2012,1507,1503,1500,1500,1507,988,1500,1500,1500,1500,1500,1500,1500,1456,2012,1500,1555,1500,2012,1500,1505,1503,1500,1520,1505,1500,988,8.3
2025-05-10,18:18:28.390,-72,-73,10,4290,920,32,1,15,3231,0,17,16,10,354,-8,519,516,0,-1,-1,-1,0x1020480010840205,1516,1501,1589,1500,2012,1508,1505,1500,1500,1508,988,1500,1500,1500,1500,1500,1500,1500,1500,2012,1500,1555,1500,2012,1500,1508,1504,1500,1520,1505,1500,988,8.3
2025-05-10,18:18:28.890,-72,-67,10,4291,1140,32,1,15,3868,0,17,19,11,354,-9,519,516,0,-1,-1,-1,0x1020480014840205,1525,1501,1589,1500,2012,1509,1505,1500,1500,1530,988,1500,1500,1500,1500,1500,1500,1500,1500,2012,1500,1555,1500,2012,1500,1508,1504,1500,1520,1505,1500,988,8.3
2025-05-10,18:18:29.390,-72,-69,10,4291,780,32,1,15,4127,0,17,12,69,354,-8,519,516,0,-1,-1,-1,0x1020480010840205,1514,1512,1573,1500,2012,1506,1534,1500,1500,1506,988,1500,1500,1500,1500,1500,1500,1500,1372,1628,1500,1555,1500,2012,1500,1553,1530,1500,1520,1505,1500,988,8.3
2025-05-10,18:18:29.890,-72,-73,10,4290,1250,32,1,15,3264,0,17,14,325,354,-8,519,516,0,-1,-1,-1,0x1020480010840205,1515,1545,1589,1500,2012,1507,1662,1500,1500,1507,988,1500,1500,1500,1500,1500,1500,1500,1372,1628,1500,1555,1500,2012,1500,1711,1612,1500,1520,1505,1500,988,8.3
2025-05-10,18:18:30.390,-73,-72,10,4289,3370,32,1,15,3860,0,18,504,633,354,-8,519,516,0,-1,-1,-1,0x1020480014840205,1624,1592,1589,1500,2012,1752,1816,1500,1500,1751,988,1500,1500,1500,1500,1500,1500,1500,1372,1628,1500,1555,1500,2012,1500,1861,1731,1500,1520,1505,1500,988,8.3
2025-05-10,18:18:30.890,-70,-72,10,4280,1270,32,1,15,5502,0,18,609,6,354,-8,519,516,0,-1,-1,-1,0x1020480014840205,1642,1501,1589,1500,2012,1804,1503,1500,1500,1792,988,1500,1500,1500,1500,1500,1500,1500,1009,2012,1500,1555,1500,2012,1500,1505,1503,1500,1520,1505,1500,988,8.3
2025-05-10,18:18:31.390,-69,-62,10,4274,1050,32,1,15,4631,0,19,13,524,354,-8,519,516,0,-1,-1,-1,0x1020480010840205,1515,1566,1589,1500,2012,1506,1762,1500,1500,1506,988,1500,1500,1500,1500,1500,1500,1500,1372,1628,1500,1555,1500,2012,1500,1792,1665,1500,1520,1505,1500,988,8.3
2025-05-10,18:18:31.890,-69,-64,10,4282,1030,32,1,15,4832,0,19,28,5,354,-9,519,516,0,-1,-1,-1,0x1020480010840205,1518,1501,1589,1500,2012,1514,1502,1500,1500,1514,988,1500,1500,1500,1500,1500,1500,1500,1122,2012,1500,1555,1500,2012,1500,1504,1502,1500,1520,1505,1500,988,8.3
2025-05-10,18:18:32.390,-69,-62,10,4286,1280,32,1,15,3673,0,19,-782,7,354,-9,519,516,0,-1,-1,1,0x1020480014840205,1333,1501,1589,1500,2012,1109,1503,1500,1500,1133,988,1500,1500,1500,1500,1500,1500,1500,1372,2012,1500,1555,1500,2012,1500,1505,1503,1500,1520,1505,1500,988,8.3
2025-05-10,18:18:32.890,-69,-63,10,4287,1370,32,1,15,2180,0,19,-754,7,354,-8,519,516,0,-1,-1,-1,0x1020480014840A05,1320,1501,1589,1500,2012,1123,1503,1500,1500,1118,988,1500,1500,1500,1500,1500,1500,1500,988,2012,1500,1555,1500,2012,1500,1505,1503,1500,1520,1505,1500,988,8.3
2025-05-10,18:18:33.390,-74,-73,10,4285,9250,32,1,15,4814,0,20,494,528,354,-8,519,516,0,-1,-1,-1,0x1020480014840205,1622,1586,1589,1500,2012,1747,1764,1500,1500,1747,988,1500,1500,1500,1500,1500,1500,1500,1372,1628,1500,1555,1500,2012,1500,1851,1715,1500,1520,1505,1500,988,8.3
2025-05-10,18:18:33.890,-66,-73,10,4275,4220,32,1,15,4561,0,20,11,559,354,-9,519,516,0,-1,-1,-1,0x1020480010840205,1514,1582,1589,1500,2012,1505,1779,1500,1500,1505,988,1500,1500,1500,1500,1500,1500,1500,1372,1628,1500,1555,1500,2012,1500,1836,1706,1500,1520,1505,1500,988,8.3
2025-05-10,18:18:34.390,-69,-73,10,4268,2110,32,1,15,4597,0,21,3,431,354,-8,519,516,0,-1,-1,-1,0x1020480010840205,1512,1563,1589,1500,2012,1507,1715,1500,1500,1500,988,1500,1500,1500,1500,1500,1500,1500,1372,1628,1500,1555,1500,2012,1500,1775,1659,1500,1520,1505,1500,988,8.3
2025-05-10,18:18:34.880,-66,-73,10,4273,2560,32,1,15,4859,0,21,10,473,354,-9,519,516,0,-1,-1,-1,0x1020480010840205,1514,1569,1589,1500,2012,1511,1737,1500,1500,1505,988,1500,1500,1500,1500,1500,1500,1500,1372,1628,1500,1555,1500,2012,1500,1795,1674,1500,1520,1505,1500,988,8.3
2025-05-10,18:18:35.380,-65,-73,10,4274,3030,32,1,15,4942,0,21,4,524,354,-8,519,516,0,-1,-1,-1,0x1020480010840205,1513,1577,1589,1500,2012,1502,1762,1500,1500,1502,988,1500,1500,1500,1500,1500,1500,1500,1372,1628,1500,1555,1500,2012,1500,1819,1692,1500,1520,1505,1500,988,8.3
2025-05-10,18:18:35.880,-70,-73,10,4270,5990,32,1,15,6300,0,22,14,735,354,-8,519,516,0,-1,-1,-1,0x1020480010840205,1515,1612,1589,1500,2012,1507,1867,1500,1500,1507,988,1500,1500,1500,1500,1500,1500,1500,1372,1628,1500,1555,1500,2012,1500,1903,1780,1500,1520,1505,1500,988,8.3
2025-05-10,18:18:36.380,-71,-66,10,4253,7180,32,1,15,8007,0,23,78,789,354,-8,519,516,0,-1,-1,-1,0x1020480014840205,1533,1629,1589,1500,2012,1539,1894,1500,1500,1545,988,1500,1500,1500,1500,1500,1500,1500,1372,1628,1500,1555,1500,2012,1500,1927,1823,1500,1520,1505,1500,988,8.3
2025-05-10,18:18:36.880,-70,-68,10,4237,6090,32,1,15,9019,0,24,13,762,354,-9,519,516,0,-1,-1,-1,0x1020480010840205,1515,1621,1589,1500,2012,1506,1881,1500,1500,1506,988,1500,1500,1500,1500,1500,1500,1500,1372,1628,1500,1555,1500,2012,1500,1918,1802,1500,1520,1505,1500,988,8.3
2025-05-10,18:18:37.380,-70,-64,10,4237,5060,32,1,15,9251,0,25,189,644,354,-9,519,516,0,-1,-1,-1,0x1020480014840205,1554,1602,1589,1500,2012,1594,1822,1500,1500,1593,988,1500,1500,1500,1500,1500,1500,1500,1372,1628,1500,1555,1500,2012,1500,1876,1754,1500,1520,1505,1500,988,8.3
2025-05-10,18:18:37.880,-71,-71,10,4241,1390,32,1,15,6713,0,25,627,245,354,-9,519,516,0,-1,-1,-1,0x1020480014840205,1653,1534,1589,1500,2012,1813,1622,1500,1500,1814,988,1500,1500,1500,1500,1500,1500,1500,1372,1628,1500,1555,1500,2012,1500,1672,1585,1500,1520,1505,1500,988,8.3
2025-05-10,18:18:38.380,-63,-66,10,4260,6150,32,1,15,7031,0,26,467,445,354,-9,519,516,0,-1,-1,-1,0x1020480014840205,1613,1571,1589,1500,2012,1733,1722,1500,1500,1727,988,1500,1500,1500,1500,1500,1500,1500,1372,1628,1500,1555,1500,2012,1500,1808,1677,1500,1520,1505,1500,988,8.3
2025-05-10,18:18:38.880,-66,-66,10,4268,5610,32,1,15,7334,0,26,419,633,354,-9,519,516,0,-1,-1,-1,0x1020480014840205,1606,1599,1589,1500,2012,1709,1816,1500,1500,1709,988,1500,1500,1500,1500,1500,1500,1500,1372,1628,1500,1555,1500,2012,1500,1876,1748,1500,1520,1505,1500,988,8.3
2025-05-10,18:18:39.380,-69,-62,10,4263,1850,32,1,15,8365,0,26,275,489,354,-9,519,516,0,-1,-1,-1,0x1020480014840205,1578,1570,1589,1500,2012,1637,1744,1500,1500,1644,988,1500,1500,1500,1500,1500,1500,1500,1372,1628,1500,1555,1500,2012,1500,1797,1675,1500,1520,1505,1500,988,8.3
2025-05-10,18:18:39.880,-80,-76,10,4267,3000,32,1,15,7936,0,27,122,576,354,-8,519,516,0,-1,-1,-1,0x1020480014840205,1536,1583,1589,1500,2012,1561,1788,1500,1500,1555,988,1500,1500,1500,1500,1500,1500,1500,1372,1628,1500,1555,1500,2012,1500,1837,1707,1500,1520,1505,1500,988,8.3
2025-05-10,18:18:40.380,-73,-73,10,4264,4370,32,1,15,7870,0,27,23,651,354,-8,519,516,0,-1,-1,-1,0x1020480014840205,1524,1598,1589,1500,2012,1511,1825,1500,1500,1526,988,1500,1500,1500,1500,1500,1500,1500,1372,1628,1500,1555,1500,2012,1500,1873,1745,1500,1520,1505,1500,988,8.3
2025-05-10,18:18:40.880,-75,-77,10,4257,5160,32,1,15,7899,0,28,-60,720,354,-8,519,516,0,-1,-1,-1,0x1020480014840205,1502,1611,1589,1500,2012,1470,1860,1500,1500,1471,988,1500,1500,1500,1500,1500,1500,1500,1372,1628,1500,1555,1500,2012,1500,1901,1777,1500,1520,1505,1500,988,8.3
2025-05-10,18:18:41.380,-85,-77,10,4249,5490,32,1,15,8610,0,28,-34,702,354,-9,519,516,0,-1,-1,-1,0x1020480010840205,1506,1608,1589,1500,2012,1483,1851,1500,1500,1483,988,1500,1500,1500,1500,1500,1500,1500,1372,1628,1500,1555,1500,2012,1500,1895,1771,1500,1520,1505,1500,988,8.3
2025-05-10,18:18:41.880,-85,-74,10,4247,4260,32,1,15,8670,0,29,-395,657,354,-9,519,516,0,-1,-1,-1,0x1020480014840205,1446,1599,1589,1500,2012,1303,1828,1500,1500,1320,988,1500,1500,1500,1500,1500,1500,1500,1372,1628,1500,1555,1500,2012,1500,1876,1749,1500,1520,1505,1500,988,8.3
2025-05-10,18:18:42.380,-74,-65,10,4248,4800,32,1,15,7166,0,30,-959,650,354,-8,519,516,0,-1,-1,-1,0x1020480014840A05,1226,1598,1589,1500,2012,1021,1825,1500,1500,1027,988,1500,1500,1500,1500,1500,1500,1500,1372,1628,1500,1555,1500,2012,1500,1873,1745,1500,1520,1505,1500,988,8.3
2025-05-10,18:18:42.880,-74,-60,10,4249,5880,32,1,15,4761,1,30,-802,640,354,-8,519,516,0,-1,-1,-1,0x1020480014840A05,1299,1597,1589,1500,2012,1099,1820,1500,1500,1093,988,1500,1500,1500,1500,1500,1500,1500,1372,1628,1500,1555,1500,2012,1500,1870,1742,1500,1520,1505,1500,988,8.3
2025-05-10,18:18:43.380,-74,-59,10,4247,5040,32,1,15,5520,1,31,-648,663,354,-9,519,516,0,-1,-1,-1,0x1020480014840205,1365,1600,1589,1500,2012,1176,1831,1500,1500,1177,988,1500,1500,1500,1500,1500,1500,1500,1372,1628,1500,1555,1500,2012,1500,1878,1751,1500,1520,1505,1500,988,8.3
2025-05-10,18:18:43.880,-74,-58,10,4243,5770,33,1,15,6470,1,32,13,689,354,-8,519,516,0,-1,-1,-1,0x1020480010840205,1514,1605,1589,1500,2012,1506,1844,1500,1500,1506,988,1500,1500,1500,1500,1500,1500,1500,1372,1628,1500,1555,1500,2012,1500,1889,1763,1500,1520,1505,1500,988,8.3
2025-05-10,18:18:44.380,-73,-70,10,4242,6140,33,1,15,7282,1,32,-69,719,354,-9,519,516,0,-1,-1,-1,0x1020480010840205,1505,1611,1589,1500,2012,1466,1859,1500,1500,1478,988,1500,1500,1500,1500,1500,1500,1500,1372,1628,1500,1555,1500,2012,1500,1901,1777,1500,1520,1505,1500,988,8.3
2025-05-10,18:18:44.880,-73,-60,10,4239,5520,33,1,15,7333,1,33,13,690,354,-8,519,515,0,-1,-1,-1,0x1020480010840205,1514,1608,1589,1500,2012,1506,1845,1500,1500,1506,988,1500,1500,1500,1500,1500,1500,1500,1372,1628,1500,1555,1500,2012,1500,1894,1770,1500,1520,1505,1500,988,8.3
2025-05-10,18:18:45.380,-73,-63,10,4242,1080,33,1,15,6342,1,33,12,368,354,-8,519,516,0,-1,-1,-1,0x1020480010840205,1515,1548,1589,1500,2012,1506,1684,1500,1500,1506,988,1500,1500,1500,1500,1500,1500,1500,1372,1628,1500,1555,1500,2012,1500,1725,1621,1500,1520,1505,1500,988,8.3
2025-05-10,18:18:45.880,-73,-65,10,4254,5350,33,1,15,7287,1,34,11,653,354,-8,519,516,0,-1,-1,-1,0x1020480010840205,1514,1601,1589,1500,2012,1505,1826,1500,1500,1505,988,1500,1500,1500,1500,1500,1500,1500,1372,1628,1500,1555,1500,2012,1500,1879,1752,1500,1520,1505,1500,988,8.3
2025-05-10,18:18:46.380,-79,-74,10,4268,2350,32,1,15,4574,1,34,10,524,354,-8,519,516,0,-1,-1,-1,0x1020480010840205,1514,1577,1589,1500,2012,1505,1762,1500,1500,1505,988,1500,1500,1500,1500,1500,1500,1500,1372,1628,1500,1555,1500,2012,1500,1819,1693,1500,1520,1505,1500,988,8.3
2025-05-10,18:18:46.880,-82,-76,10,4263,3560,32,1,15,6123,1,34,128,598,354,-9,519,516,0,-1,-1,-1,0x1020480014840205,1540,1586,1589,1500,2012,1564,1799,1500,1500,1564,988,1500,1500,1500,1500,1500,1500,1500,1372,1628,1500,1555,1500,2012,1500,1847,1716,1500,1520,1505,1500,988,8.3
2025-05-10,18:18:47.380,-82,-77,10,4262,3890,32,1,15,6973,1,35,10,712,354,-9,519,516,0,-1,-1,-1,0x1020480010840205,1514,1607,1589,1500,2012,1505,1856,1500,1500,1505,988,1500,1500,1500,1500,1500,1500,1500,1372,1628,1500,1555,1500,2012,1500,1893,1768,1500,1520,1505,1500,988,8.3
2025-05-10,18:18:47.880,-82,-68,10,4258,960,32,1,15,3818,1,35,345,83,354,-8,519,516,0,-1,-1,-1,0x1020480014840205,1591,1512,1588,1500,2012,1672,1541,1500,1500,1672,988,1500,1500,1500,1500,1500,1500,1500,1372,1628,1500,1555,1500,2012,1500,1554,1530,1500,1520,1505,1500,988,8.3
2025-05-10,18:18:48.380,-76,-75,10,4271,920,32,1,15,5100,1,35,253,419,354,-8,519,516,0,-1,-1,-1,0x1020480014840205,1573,1557,1589,1500,2012,1626,1709,1500,1500,1632,988,1500,1500,1500,1500,1500,1500,1500,1372,1628,1500,1555,1500,2012,1500,1756,1644,1500,1520,1505,1500,988,8.3
2025-05-10,18:18:48.880,-78,-82,10,4273,5210,32,1,15,5478,1,36,9,568,354,-8,519,516,0,-1,-1,-1,0x1020480010840205,1514,1587,1589,1500,2012,1504,1784,1500,1500,1505,988,1500,1500,1500,1500,1500,1500,1500,1372,1628,1500,1555,1500,2012,1500,1850,1719,1500,1520,1505,1500,988,8.3
2025-05-10,18:18:49.380,-75,-71,10,4269,1210,32,1,15,5787,1,36,5,321,354,-8,519,516,0,-1,-1,-1,0x1020480010840205,1513,1544,1589,1500,2012,1502,1660,1500,1500,1502,988,1500,1500,1500,1500,1500,1500,1500,1372,1628,1500,1555,1500,2012,1500,1709,1610,1500,1520,1505,1500,988,8.3
2025-05-10,18:18:49.880,-75,-69,10,4270,1090,32,1,15,4530,1,36,-1024,12,354,-8,519,516,0,-1,-1,-1,0x1020480014840205,1177,1502,1589,1500,2012,988,1506,1500,1500,988,988,1500,1500,1500,1500,1500,1500,1500,1152,2012,1500,1555,1500,2012,1500,1510,1505,1500,1520,1505,1500,988,8.3
2025-05-10,18:18:50.380,-83,-80,10,4271,1190,32,1,15,3077,1,37,622,14,354,-9,519,516,0,-1,-1,-1,0x1020480014840205,1652,1502,1589,1500,2012,1811,1507,1500,1500,1811,988,1500,1500,1500,1500,1500,1500,1500,1168,1832,1500,1555,1500,2012,1500,1512,1506,1500,1520,1505,1500,988,8.3
2025-05-10,18:18:50.880,-81,-81,10,4274,4350,32,1,15,2459,1,37,159,515,354,-8,519,516,0,-1,-1,-1,0x1020480014840205,1548,1576,1589,1500,2012,1579,1757,1500,1500,1578,988,1500,1500,1500,1500,1500,1500,1500,1372,1628,1500,1555,1500,2012,1500,1815,1689,1500,1520,1505,1500,988,8.3
2025-05-10,18:18:51.380,-80,-79,10,4268,4130,32,1,15,4021,1,37,535,635,354,-8,519,516,0,-1,-1,-1,0x1020480014840205,1631,1593,1589,1500,2012,1767,1817,1500,1500,1768,988,1500,1500,1500,1500,1500,1500,1500,1372,1628,1500,1555,1500,2012,1500,1862,1732,1500,1520,1505,1500,988,8.3
2025-05-10,18:18:51.880,-74,-89,10,4255,1020,32,1,15,4062,1,38,13,96,354,-8,519,516,0,-1,-1,-1,0x1020480010840205,1515,1514,1589,1500,2012,1506,1548,1500,1500,1506,988,1500,1500,1500,1500,1500,1500,1500,1372,1628,1500,1555,1500,2012,1500,1562,1535,1500,1520,1505,1500,988,8.3
2025-05-10,18:18:52.380,-72,-82,10,4267,1030,32,1,15,2815,1,38,14,11,354,-8,519,516,0,-1,-1,-1,0x1020480010840205,1515,1502,1589,1500,2012,1507,1505,1500,1500,1507,988,1500,1500,1500,1500,1500,1500,1500,1090,2012,1500,1555,1500,2012,1500,1509,1504,1500,1520,1505,1500,988,8.3
2025-05-10,18:18:52.880,-71,-82,10,4275,7250,32,1,15,3528,1,38,552,600,354,-8,519,516,0,-1,-1,-1,0x1020480014840205,1632,1589,1589,1500,2012,1776,1800,1500,1500,1770,988,1500,1500,1500,1500,1500,1500,1500,1372,1628,1500,1555,1500,2012,1500,1853,1723,1500,1520,1505,1500,988,8.3
2025-05-10,18:18:53.380,-65,-82,10,4267,3090,32,1,15,3592,1,39,774,492,354,-9,519,516,0,-1,-1,-1,0x1020480014840205,1694,1573,1589,1500,2012,1887,1746,1500,1500,1887,988,1500,1500,1500,1500,1500,1500,1500,1372,1628,1500,1555,1500,2012,1500,1805,1682,1500,1520,1505,1500,988,8.3
2025-05-10,18:18:53.880,-69,-61,10,4257,4400,32,1,15,3958,1,39,653,509,354,-9,519,516,0,-1,-1,-1,0x1020480014840205,1664,1578,1589,1500,2012,1826,1754,1500,1500,1833,988,1500,1500,1500,1500,1500,1500,1500,1372,1628,1500,1555,1500,2012,1500,1823,1696,1500,1520,1505,1500,988,8.3
2025-05-10,18:18:54.380,-66,-66,10,4261,1340,32,1,15,4016,1,39,14,7,354,-8,519,516,0,-1,-1,-1,0x1020480010840205,1515,1501,1589,1500,2012,1507,1503,1500,1500,1507,988,1500,1500,1500,1500,1500,1500,1500,988,2012,1500,1555,1500,2012,1500,1506,1503,1500,1520,1505,1500,988,8.3
2025-05-10,18:18:54.880,-73,-72,10,4268,1910,32,1,15,3595,1,40,295,359,354,-9,519,516,0,-1,-1,-1,0x1020480014840205,1580,1552,1589,1500,2012,1647,1679,1500,1500,1648,988,1500,1500,1500,1500,1500,1500,1500,1372,1628,1500,1555,1500,2012,1500,1738,1631,1500,1520,1505,1500,988,8.3
2025-05-10,18:18:55.380,-85,-88,10,4271,910,32,1,15,3496,1,40,9,10,354,-8,519,516,0,-1,-1,-1,0x1020480010840205,1514,1502,1589,1500,2012,1504,1505,1500,1500,1505,988,1500,1500,1500,1500,1500,1500,1500,1018,2012,1500,1555,1500,2012,1500,1509,1504,1500,1520,1505,1500,988,8.3
2025-05-10,18:18:55.880,-86,-84,10,4274,870,32,1,15,709,1,40,12,-632,354,-8,519,516,0,-1,-1,-1,0x1020480012800205,1514,1308,1589,1498,2012,1506,1184,1306,1500,1505,988,1500,1500,1500,1500,1500,1500,1306,1372,2012,1500,1555,1500,2012,1500,1120,1500,1500,1520,1505,1500,988,8.3
2025-05-10,18:18:56.380,-88,-89,10,4277,900,32,1,15,317,1,40,1,12,354,-8,519,516,0,-1,-1,-1,0x1020480010840205,1512,1502,1589,1500,2012,1500,1506,1500,1500,1500,988,1500,1500,1500,1500,1500,1500,1500,1372,2012,1500,1555,1500,2012,1500,1509,1505,1500,1520,1505,1500,988,8.3
2025-05-10,18:18:56.880,-87,-81,25,4277,920,32,1,15,652,1,40,1,10,354,-8,519,516,0,-1,-1,-1,0x1020480010840205,1512,1501,1589,1500,2012,1500,1505,1500,1500,1500,988,1500,1500,1500,1500,1500,1500,1500,1500,2012,1500,1555,1500,2012,1500,1508,1504,1500,1520,1505,1500,988,8.3
2025-05-10,18:18:57.380,-89,-81,10,4277,900,32,1,15,736,1,40,1,7,354,-9,519,516,0,-1,-1,-1,0x1020480010840205,1512,1501,1589,1500,2012,1500,1503,1500,1500,1500,988,1500,1500,1500,1500,1500,1500,1500,1500,2012,1500,1555,1500,2012,1500,1505,1503,1500,1520,1505,1500,988,8.3
2025-05-10,18:18:57.880,-86,-78,10,4278,930,32,1,15,830,1,40,1,9,354,-8,519,516,0,-1,-1,-1,0x1020480010840205,1512,1501,1589,1500,2012,1500,1504,1500,1500,1500,988,1500,1500,1500,1500,1500,1500,1500,1500,2012,1500,1555,1500,2012,1500,1507,1503,1500,1520,1505,1500,988,8.3
2025-05-10,18:18:58.380,-79,-74,10,4278,480,32,1,15,486,1,40,0,10,354,-8,519,516,0,-1,-1,-1,0x1020480010840205,1512,1501,1557,1500,2012,1500,1505,1500,1500,1500,988,1500,1500,1500,1500,1500,1500,1500,1500,2012,1500,1555,1500,2012,1500,1508,1504,1500,1520,1505,1500,988,8.3
2025-05-10,18:18:58.880,-90,-84,10,4278,160,32,1,15,0,1,40,0,9,354,-9,519,516,0,-1,-1,-1,0x1020480010840204,1512,1501,1500,1500,2012,1500,1504,1500,1500,1500,988,1500,1500,1500,1500,1500,1500,1500,1500,2012,1500,1555,1500,2012,1500,1507,1503,1500,1520,1505,1500,988,8.3
2025-05-10,18:18:59.380,-90,-84,10,4284,150,32,1,15,0,1,40,0,8,354,-8,519,516,0,-1,-1,-1,0x1020480010840204,1512,1501,1500,1500,2012,1500,1504,1500,1500,1500,988,1500,1500,1500,1500,1500,1500,1500,1500,2012,1500,1555,1500,2012,1500,1506,1503,1500,1520,1505,1500,988,8.3
2025-05-10,18:18:59.880,-92,-83,10,4285,140,29,1,15,0,1,41,0,9,354,-8,519,516,0,-1,-1,-1,0x1020480010840204,1512,1501,1500,1500,2012,1500,1504,1500,1500,1500,988,1500,1500,1500,1500,1500,1500,1500,1500,2012,1500,1555,1500,2012,1500,1507,1503,1500,1520,1505,1500,988,8.3
2025-05-10,18:19:00.380,-92,-85,10,4285,140,29,1,15,0,1,41,0,9,354,-8,519,516,0,-1,-1,-1,0x1020480010840204,1512,1501,1500,1500,2012,1500,1504,1500,1500,1500,988,1500,1500,1500,1500,1500,1500,1500,1500,2012,1500,1555,1500,2012,1500,1507,1503,1500,1520,1505,1500,988,8.3
2025-05-10,18:19:00.880,-92,-80,10,4285,150,29,1,15,0,1,41,0,10,354,-8,519,516,0,-1,-1,-1,0x1020480010840204,1512,1501,1500,1500,2012,1500,1505,1500,1500,1500,988,1500,1500,1500,1500,1500,1500,1500,1500,2012,1500,1555,1500,2012,1500,1508,1504,1500,1520,1505,1500,988,8.3
2025-05-10,18:19:01.380,-87,-83,10,4286,140,29,1,15,0,1,41,0,9,354,-9,519,516,0,-1,-1,-1,0x1020480010840204,1512,1501,1500,1500,2012,1500,1504,1500,1500,1500,988,1500,1500,1500,1500,1500,1500,1500,1500,2012,1500,1555,1500,2012,1500,1507,1503,1500,1520,1505,1500,988,8.3
2025-05-10,18:19:01.880,-86,-78,10,4286,140,29,1,15,0,1,41,0,7,354,-8,519,516,0,-1,-1,-1,0x1020480010840204,1512,1501,1500,1500,2012,1500,1503,1500,1500,1500,988,1500,1500,1500,1500,1500,1500,1500,1500,2012,1500,1555,1500,2012,1500,1505,1503,1500,1520,1505,1500,988,8.3
2025-05-10,18:19:02.380,-86,-85,10,4286,140,28,1,15,0,1,41,0,7,354,-9,519,516,0,-1,-1,-1,0x1020480010840204,1512,1501,1500,1500,2012,1500,1503,1500,1500,1500,988,1500,1500,1500,1500,1500,1500,1500,1500,2012,1500,1555,1500,2012,1500,1505,1503,1500,1520,1505,1500,988,8.3
2025-05-10,18:19:02.880,-91,-83,10,4287,140,28,1,15,0,1,41,0,7,354,-9,519,516,0,-1,-1,-1,0x1020480010840204,1512,1501,1500,1500,2012,1500,1503,1500,1500,1500,988,1500,1500,1500,1500,1500,1500,1500,1500,2012,1500,1555,1500,2012,1500,1505,1503,1500,1520,1505,1500,988,8.3
2025-05-10,18:19:03.380,-88,-86,10,4287,150,28,1,15,0,1,41,0,7,354,-8,519,516,0,-1,-1,-1,0x1020480010840204,1512,1501,1500,1500,2012,1500,1503,1500,1500,1500,988,1500,1500,1500,1500,1500,1500,1500,1500,2012,1500,1555,1500,2012,1500,1505,1503,1500,1520,1505,1500,988,8.3
2025-05-10,18:19:03.880,-89,-84,10,4287,140,28,1,15,0,1,41,0,7,354,-8,519,516,0,-1,-1,-1,0x1020480010840204,1512,1501,1500,1500,2012,1500,1503,1500,1500,1500,988,1500,1500,1500,1500,1500,1500,1500,1500,2012,1500,1555,1500,2012,1500,1505,1503,1500,1520,1505,1500,988,8.3
2025-05-10,18:19:04.380,-88,-86,10,4287,140,28,1,15,0,1,41,-1,7,354,-8,519,516,0,-1,-1,-1,0x1020480010840204,1512,1501,1500,1500,2012,1500,1503,1500,1500,1500,988,1500,1500,1500,1500,1500,1500,1500,1500,2012,1500,1555,1500,2012,1500,1505,1503,1500,1520,1505,1500,988,8.3
2025-05-10,18:19:04.890,-89,-82,10,4287,150,28,1,15,0,1,41,0,7,354,-9,519,516,0,-1,-1,-1,0x1020480010840204,1512,1501,1500,1500,2012,1500,1503,1500,1500,1500,988,1500,1500,1500,1500,1500,1500,1500,1500,2012,1500,1555,1500,2012,1500,1505,1503,1500,1520,1505,1500,988,8.3
2025-05-10,18:19:05.390,-91,-87,10,4288,150,28,1,15,0,1,41,0,7,354,-8,519,516,0,-1,-1,-1,0x1020480010840204,1512,1501,1500,1500,2012,1500,1503,1500,1500,1500,988,1500,1500,1500,1500,1500,1500,1500,1500,2012,1500,1555,1500,2012,1500,1505,1503,1500,1520,1505,1500,988,8.3
2025-05-10,18:19:05.890,-91,-86,10,4288,140,28,1,15,0,1,41,0,8,354,-8,519,516,0,-1,-1,-1,0x1020480010840204,1512,1501,1500,1500,2012,1500,1504,1500,1500,1500,988,1500,1500,1500,1500,1500,1500,1500,1500,2012,1500,1555,1500,2012,1500,1506,1503,1500,1520,1505,1500,988,8.3
2025-05-10,18:19:06.390,-95,-85,10,4288,140,28,1,15,0,1,41,0,8,354,-9,519,515,0,-1,-1,-1,0x1020480010840204,1512,1501,1500,1500,2012,1500,1504,1500,1500,1500,988,1500,1500,1500,1500,1500,1500,1500,1500,2012,1500,1555,1500,2012,1500,1506,1503,1500,1520,1505,1500,988,8.3
2025-05-10,18:19:06.890,-88,-86,25,4288,140,28,1,15,0,1,41,-1,8,354,-8,519,516,0,-1,-1,-1,0x1020480010840204,1512,1501,1500,1500,2012,1500,1504,1500,1500,1500,988,1500,1500,1500,1500,1500,1500,1500,1500,2012,1500,1555,1500,2012,1500,1506,1503,1500,1520,1505,1500,988,8.3
2025-05-10,18:19:07.380,-94,-86,25,4288,140,28,1,15,0,1,41,-1,8,354,-9,519,516,0,-1,-1,-1,0x1020480010840204,1512,1501,1500,1500,2012,1500,1504,1500,1500,1500,988,1500,1500,1500,1500,1500,1500,1500,1500,2012,1500,1555,1500,2012,1500,1505,1503,1500,1520,1505,1500,988,8.3
2025-05-10,18:19:07.880,-90,-83,25,4288,150,28,1,15,0,1,41,0,8,354,-9,519,516,0,-1,-1,-1,0x1020480010840204,1512,1501,1500,1500,2012,1500,1504,1500,1500,1500,988,1500,1500,1500,1500,1500,1500,1500,1500,2012,1500,1555,1500,2012,1500,1506,1503,1500,1520,1505,1500,988,8.3
2025-05-10,18:19:08.390,-90,-84,25,4288,140,28,1,15,0,1,41,-1,8,354,-9,519,516,0,-1,-1,-1,0x1020480010840204,1512,1501,1500,1500,2012,1500,1504,1500,1500,1500,988,1500,1500,1500,1500,1500,1500,1500,1500,2012,1500,1555,1500,2012,1500,1506,1503,1500,1520,1505,1500,988,8.3
2025-05-10,18:19:08.890,-90,-83,10,4289,150,28,1,15,0,1,41,-1,7,354,-8,519,516,0,-1,-1,-1,0x1020480010840204,1512,1501,1500,1500,2012,1500,1503,1500,1500,1500,988,1500,1500,1500,1500,1500,1500,1500,1500,2012,1500,1555,1500,2012,1500,1506,1503,1500,1520,1505,1500,988,8.3
2025-05-10,18:19:09.390,-96,-87,10,4289,140,28,1,15,0,1,41,-1,8,354,-8,519,516,0,-1,-1,-1,0x1020480010840204,1512,1501,1500,1500,2012,1500,1504,1500,1500,1500,988,1500,1500,1500,1500,1500,1500,1500,1500,2012,1500,1555,1500,2012,1500,1506,1503,1500,1520,1505,1500,988,8.3
2025-05-10,18:19:09.880,-96,-87,25,4289,130,28,1,15,0,1,41,0,8,354,-9,519,516,0,-1,-1,-1,0x1020480010840204,1512,1501,1500,1500,2012,1500,1504,1500,1500,1500,988,1500,1500,1500,1500,1500,1500,1500,1500,2012,1500,1555,1500,2012,1500,1506,1503,1500,1520,1505,1500,988,8.3
2025-05-10,18:19:10.380,-85,-79,25,4289,140,28,1,15,0,1,41,-1,8,354,-9,519,516,0,-1,-1,-1,0x1020480010840204,1512,1501,1500,1500,2012,1500,1504,1500,1500,1500,988,1500,1500,1500,1500,1500,1500,1500,1500,2012,1500,1555,1500,2012,1500,1506,1503,1500,1520,1505,1500,988,8.3
2025-05-10,18:19:10.880,-96,-83,25,4289,140,28,1,15,0,1,41,-1,8,354,-8,519,516,0,-1,-1,-1,0x1020480010840204,1512,1501,1500,1500,2012,1500,1504,1500,1500,1500,988,1500,1500,1500,1500,1500,1500,1500,1500,2012,1500,1555,1500,2012,1500,1506,1503,1500,1520,1505,1500,988,8.3
2025-05-10,18:19:11.390,-84,-84,25,4289,140,28,1,15,0,1,41,0,8,354,-9,519,516,0,-1,-1,-1,0x1020480010840204,1512,1501,1500,1500,2012,1500,1504,1500,1500,1500,988,1500,1500,1500,1500,1500,1500,1500,1500,2012,1500,1555,1500,2012,1500,1506,1503,1500,1520,1505,1500,988,8.3
2025-05-10,18:19:11.890,-96,-83,25,4289,140,28,1,15,0,1,41,-1,8,354,-9,519,516,0,-1,-1,-1,0x1020480010840204,1512,1501,1500,1500,2012,1500,1504,1500,1500,1500,988,1500,1500,1500,1500,1500,1500,1500,1500,2012,1500,1555,1500,2012,1500,1506,1503,1500,1520,1505,1500,988,8.3
2025-05-10,18:19:12.390,-89,-83,25,4289,140,28,1,15,0,1,41,0,7,354,-8,519,516,0,-1,-1,-1,0x1020480010840204,1512,1501,1500,1500,2012,1500,1503,1500,1500,1500,988,1500,1500,1500,1500,1500,1500,1500,1500,2012,1500,1555,1500,2012,1500,1505,1503,1500,1520,1505,1500,988,8.3
2025-05-10,18:19:12.890,-91,-87,10,4290,140,28,1,15,0,1,41,-1,7,354,-8,519,516,0,-1,-1,-1,0x1020480010840204,1512,1501,1500,1500,2012,1500,1503,1500,1500,1500,988,1500,1500,1500,1500,1500,1500,1500,1500,2012,1500,1555,1500,2012,1500,1505,1503,1500,1520,1505,1500,988,8.3
2025-05-10,18:19:13.390,-90,-85,25,4290,140,28,1,15,0,1,41,0,7,354,-9,519,516,0,-1,-1,-1,0x1020480010840204,1512,1501,1500,1500,2012,1500,1503,1500,1500,1500,988,1500,1500,1500,1500,1500,1500,1500,1500,2012,1500,1555,1500,2012,1500,1505,1503,1500,1520,1505,1500,988,8.3
2025-05-10,18:19:13.890,-89,-84,25,4290,150,28,1,15,0,1,41,0,7,354,-9,519,516,0,-1,-1,-1,0x1020480010840204,1512,1501,1500,1500,2012,1500,1503,1500,1500,1500,988,1500,1500,1500,1500,1500,1500,1500,1500,2012,1500,1555,1500,2012,1500,1506,1503,1500,1520,1505,1500,988,8.3
2025-05-10,18:19:14.390,-88,-79,10,4290,140,28,1,15,0,1,41,-1,8,354,-8,519,516,0,-1,-1,-1,0x1020480010840204,1512,1501,1500,1500,2012,1500,1504,1500,1500,1500,988,1500,1500,1500,1500,1500,1500,1500,1500,2012,1500,1555,1500,2012,1500,1506,1503,1500,1520,1505,1500,988,8.3
2025-05-10,18:19:14.890,-87,-78,50,4290,130,28,1,15,0,1,41,0,9,354,-9,519,516,0,-1,-1,-1,0x1020480010840204,1512,1501,1500,1500,2012,1500,1504,1500,1500,1500,988,1500,1500,1500,1500,1500,1500,1500,1500,2012,1500,1555,1500,2012,1500,1507,1503,1500,1520,1505,1500,988,8.3
2025-05-10,18:19:15.390,-96,-88,10,4290,150,28,1,15,0,1,41,1,7,354,-8,519,516,0,-1,-1,-1,0x1020480010840204,1512,1501,1500,1500,2012,1500,1503,1500,1500,1500,988,1500,1500,1500,1500,1500,1500,1500,1500,2012,1500,1555,1500,2012,1500,1506,1503,1500,1520,1505,1500,988,8.3
2025-05-10,18:19:15.880,-89,-85,10,4290,150,28,1,15,0,1,41,-2,162,354,-8,519,516,0,-1,-1,-1,0x1020480010840204,1512,1524,1523,1500,2012,1499,1581,1500,1500,1499,988,1500,1500,1500,1500,1500,1500,1500,1372,1628,1500,1555,1500,2012,1500,1620,1560,1500,1520,1505,1500,988,8.3
2025-05-10,18:19:16.390,-84,-82,10,4290,7520,28,1,15,4004,1,42,0,262,354,-8,519,516,0,-1,-1,-1,0x1020480010840205,1512,1542,1589,1500,2012,1500,1631,1500,1500,1500,988,1500,1500,1500,1500,1500,1500,1500,1372,1628,1500,1555,1500,2012,1500,1761,1604,1500,1520,1505,1500,988,8.3
2025-05-10,18:19:16.890,-84,-79,10,4275,1460,28,1,15,5952,1,44,0,161,354,-8,519,516,0,-1,-1,-1,0x1020480010840205,1512,1523,1589,1500,2012,1500,1580,1500,1500,1500,988,1500,1500,1500,1500,1500,1500,1500,1372,1628,1500,1555,1500,2012,1500,1750,1559,1500,1520,1505,1500,988,8.3
2025-05-10,18:19:17.390,-76,-81,10,4226,1190,30,1,15,8044,1,45,207,663,354,-8,519,516,0,-1,-1,-1,0x1020480014840205,1559,1589,1589,1500,2012,1603,1831,1500,1500,1603,988,1500,1500,1500,1500,1500,1500,1500,1372,1628,1500,1555,1500,2012,1500,1884,1752,1500,1520,1505,1500,988,8.3
2025-05-10,18:19:17.890,-79,-78,10,4249,2290,32,1,15,7889,1,46,-419,533,354,-8,519,516,0,-1,-1,-1,0x1020480014840205,1424,1578,1589,1500,2012,1291,1766,1500,1500,1276,988,1500,1500,1500,1500,1500,1500,1500,1372,1628,1500,1555,1500,2012,1500,1823,1696,1500,1520,1505,1500,988,8.3
2025-05-10,18:19:18.390,-76,-76,10,4257,1660,32,1,15,8117,1,47,196,511,354,-9,519,516,0,-1,-1,-1,0x1020480014840205,1551,1571,1589,1500,2012,1598,1755,1500,1500,1586,988,1500,1500,1500,1500,1500,1500,1500,1372,1628,1500,1555,1500,2012,1500,1800,1678,1500,1520,1505,1500,988,8.3
2025-05-10,18:19:18.890,-69,-76,10,4262,1780,32,1,15,8443,1,47,167,419,354,-8,519,516,0,-1,-1,-1,0x1020480014840205,1549,1560,1589,1500,2012,1583,1709,1500,1500,1583,988,1500,1500,1500,1500,1500,1500,1500,1372,1628,1500,1555,1500,2012,1500,1763,1649,1500,1520,1505,1500,988,8.3
2025-05-10,18:19:19.380,-74,-73,10,4256,4720,32,1,15,8755,1,47,441,703,354,-8,519,516,0,-1,-1,-1,0x1020480014840205,1610,1608,1589,1500,2012,1720,1851,1500,1500,1719,988,1500,1500,1500,1500,1500,1500,1500,1372,1628,1500,1555,1500,2012,1500,1894,1770,1500,1520,1505,1500,988,8.3
2025-05-10,18:19:19.890,-74,-77,10,4246,5280,32,1,15,8136,1,48,476,697,354,-8,519,516,0,-1,-1,-1,0x1020480014840205,1618,1607,1589,1500,2012,1738,1848,1500,1500,1738,988,1500,1500,1500,1500,1500,1500,1500,1372,1628,1500,1555,1500,2012,1500,1892,1767,1500,1520,1505,1500,988,8.3
2025-05-10,18:19:20.390,-89,-79,10,4240,7980,32,1,15,8403,1,49,-191,843,354,-9,519,516,0,-1,-1,-1,0x1020480014840205,1481,1643,1589,1500,2012,1405,1921,1500,1500,1411,988,1500,1500,1500,1500,1500,1500,1500,1372,1628,1500,1555,1500,2012,1500,1943,1857,1500,1520,1505,1500,988,8.3
2025-05-10,18:19:20.890,-82,-69,10,4232,14530,32,1,15,12152,1,51,10,987,354,-9,519,516,0,-1,-1,-1,0x1020480010842205,1514,1693,1589,1500,2012,1505,1993,1500,1500,1505,988,1500,1500,1500,1500,1500,1500,1500,1372,1628,1500,1555,1500,2012,1500,1999,1982,1500,1520,1505,1500,988,8.3
2025-05-10,18:19:21.390,-88,-71,10,4195,2960,32,1,15,11485,1,52,-545,482,354,-8,519,516,0,-1,-1,-1,0x1020480014840605,1401,1573,1589,1500,2012,1228,1741,1500,1500,1234,988,1500,1500,1500,1500,1500,1500,1500,1372,1628,1500,1555,1500,2012,1500,1805,1682,1500,1520,1505,1500,988,8.3
2025-05-10,18:19:21.890,-83,-68,10,4213,4880,32,1,15,8544,1,52,175,647,354,-9,519,516,0,-1,-1,-1,0x1020480014840605,1542,1597,1589,1500,2012,1587,1823,1500,1500,1566,988,1500,1500,1500,1500,1500,1500,1500,1372,1628,1500,1555,1500,2012,1500,1872,1743,1500,1520,1505,1500,988,8.3
2025-05-10,18:19:22.390,-83,-65,10,4240,6230,33,1,15,7992,1,53,75,734,354,-8,519,515,0,-1,-1,-1,0x1020480014840605,1529,1614,1589,1500,2012,1530,1867,1500,1500,1537,988,1500,1500,1500,1500,1500,1500,1500,1372,1628,1500,1555,1500,2012,1500,1907,1785,1500,1520,1505,1500,988,8.3
2025-05-10,18:19:22.890,-86,-80,10,4232,22530,33,1,15,11524,1,55,198,1024,353,-9,519,516,0,-1,-1,-1,0x1020480014842605,1556,1705,1589,1500,2012,1599,2012,1500,1500,1598,988,1500,1500,1500,1500,1500,1500,1500,1372,1628,1500,1555,1500,2012,1500,2012,2012,1500,1520,1505,1500,988,8.3
2025-05-10,18:19:23.380,-72,-63,10,4229,2550,32,1,15,13377,2,56,721,595,354,-8,519,516,0,-1,-1,-1,0x1020480014840605,1678,1586,1589,1500,2012,1860,1797,1500,1500,1859,988,1500,1500,1500,1500,1500,1500,1500,1372,1628,1500,1555,1500,2012,1500,1845,1714,1500,1520,1505,1500,988,8.3
2025-05-10,18:19:23.860,-72,-61,10,4241,5150,32,1,15,6992,2,57,359,742,354,-9,519,516,0,-1,-1,-1,0x1020480014840605,1596,1615,1589,1500,2012,1674,1876,1500,1500,1674,988,1500,1500,1500,1500,1500,1500,1500,1372,1628,1500,1555,1500,2012,1500,1914,1789,1500,1520,1505,1500,988,8.3
2025-05-10,18:19:24.350,-67,-72,10,4241,9060,33,1,15,8646,2,58,262,820,354,-8,519,516,0,-1,-1,-1,0x1020480014840605,1571,1640,1589,1500,2012,1631,1910,1500,1500,1630,988,1500,1500,1500,1500,1500,1500,1500,1372,1628,1500,1555,1500,2012,1500,1940,1849,1500,1520,1505,1500,988,8.3
2025-05-10,18:19:24.850,-75,-72,10,4213,7260,32,1,15,8044,2,59,-191,761,354,-8,519,516,0,-1,-1,-1,0x1020480014840605,1483,1621,1589,1500,2012,1405,1880,1500,1500,1416,988,1500,1500,1500,1500,1500,1500,1500,1372,1628,1500,1555,1500,2012,1500,1918,1802,1500,1520,1505,1500,988,8.3
2025-05-10,18:19:25.350,-71,-74,10,4213,6480,33,1,15,8286,2,60,-5,666,354,-8,519,516,0,-1,-1,-1,0x1020480010840205,1511,1601,1589,1500,2012,1498,1833,1500,1500,1498,988,1500,1500,1500,1500,1500,1500,1500,1372,1628,1500,1555,1500,2012,1500,1881,1754,1500,1520,1505,1500,988,8.3
2025-05-10,18:19:25.860,-67,-74,10,4218,3880,33,1,15,8735,2,60,-1021,618,354,-8,519,516,0,-1,-1,-1,0x1020480014840205,1179,1590,1589,1500,2012,990,1809,1500,1500,990,988,1500,1500,1500,1500,1500,1500,1500,1372,1628,1500,1555,1500,2012,1500,1856,1725,1500,1520,1505,1500,988,8.3
2025-05-10,18:19:26.350,-67,-74,10,4221,5490,33,1,15,7856,2,62,-901,635,354,-8,519,516,0,-1,-1,-1,0x1020480014840A05,1219,1597,1589,1500,2012,1050,1817,1500,1500,1022,988,1500,1500,1500,1500,1500,1500,1500,1372,1628,1500,1555,1500,2012,1500,1871,1743,1500,1520,1505,1500,988,8.3
2025-05-10,18:19:26.850,-60,-74,10,4205,20890,33,1,15,9739,2,63,-946,929,354,-9,519,516,0,-1,-1,-1,0x1020480014842A05,1227,1678,1589,1500,2012,1027,1964,1500,1500,1028,988,1500,1500,1500,1500,1500,1500,1500,1372,1628,1500,1555,1500,2012,1500,1986,1953,1500,1520,1505,1500,988,8.3
2025-05-10,18:19:27.350,-57,-74,10,4188,11720,33,1,15,11093,2,64,-572,925,354,-9,519,516,0,-1,-1,-1,0x1020480014842205,1383,1673,1589,1500,2012,1214,1962,1500,1500,1203,988,1500,1500,1500,1500,1500,1500,1500,1372,1628,1500,1555,1500,2012,1500,1977,1931,1500,1520,1505,1500,988,8.3
2025-05-10,18:19:27.850,-67,-68,10,4160,14050,33,1,15,12360,2,66,-101,984,354,-8,519,515,0,-1,-1,-1,0x1020480014842605,1500,1692,1589,1500,2012,1450,1992,1500,1500,1464,988,1500,1500,1500,1500,1500,1500,1500,1372,1628,1500,1555,1500,2012,1500,1997,1979,1500,1520,1505,1500,988,8.3
2025-05-10,18:19:28.350,-85,-71,10,4154,3930,34,1,15,11918,2,68,-663,593,354,-9,519,516,0,-1,-1,-1,0x1020480014840605,1360,1588,1589,1500,2012,1169,1796,1500,1500,1169,988,1500,1500,1500,1500,1500,1500,1500,1372,1628,1500,1555,1500,2012,1500,1850,1720,1500,1520,1505,1500,988,8.3
2025-05-10,18:19:28.850,-86,-78,10,4159,8390,33,1,15,8463,2,68,0,857,354,-8,519,516,0,-1,-1,-1,0x1020480010842605,1512,1651,1589,1500,2012,1500,1928,1500,1500,1500,988,1500,1500,1500,1500,1500,1500,1500,1372,1628,1500,1555,1500,2012,1500,1952,1877,1500,1520,1505,1500,988,8.3
2025-05-10,18:19:29.350,-79,-75,10,4199,5470,33,1,15,4286,2,70,767,606,354,-8,519,516,0,-1,-1,-1,0x1020480014840605,1692,1590,1589,1500,2012,1883,1803,1500,1500,1883,988,1500,1500,1500,1500,1500,1500,1500,1372,1628,1500,1555,1500,2012,1500,1855,1724,1500,1520,1505,1500,988,8.3
2025-05-10,18:19:29.850,-90,-75,10,4204,2890,33,1,15,4806,2,71,1024,478,354,-8,519,516,0,-1,-1,-1,0x1020480014840605,1786,1568,1589,1500,2012,2012,1739,1500,1500,2012,988,1500,1500,1500,1500,1500,1500,1500,1372,1628,1500,1555,1500,2012,1500,1792,1671,1500,1520,1505,1500,988,8.3
2025-05-10,18:19:30.350,-77,-73,10,4203,7260,34,1,15,6459,2,72,6,773,354,-8,519,516,0,-1,-1,-1,0x1020480010840605,1513,1621,1589,1500,2012,1503,1886,1500,1500,1503,988,1500,1500,1500,1500,1500,1500,1500,1372,1628,1500,1555,1500,2012,1500,1918,1802,1500,1520,1505,1500,988,8.3
2025-05-10,18:19:30.850,-77,-73,10,4205,630,33,1,15,6437,2,72,1,-377,354,-9,519,516,0,-1,-1,-1,0x10204800128C0605,1512,1354,1589,1499,2012,1500,1312,1353,1500,1500,988,1500,1500,1500,1500,1500,1500,1353,1050,2012,1500,1555,1500,2012,1500,1259,1500,1500,1520,1505,1500,988,8.3
2025-05-10,18:19:31.350,-77,-69,10,4246,1010,33,1,15,4056,2,72,-74,11,354,-8,519,516,0,-1,-1,-1,0x1020480010840605,1515,1501,1589,1500,2012,1463,1505,1500,1500,1506,988,1500,1500,1500,1500,1500,1500,1500,1372,2012,1500,1555,1500,2012,1500,1509,1504,1500,1520,1505,1500,988,8.3
2025-05-10,18:19:31.850,-77,-68,10,4254,1190,33,1,15,3302,2,73,-3,95,354,-9,519,516,0,-1,-1,-1,0x1020480010840205,1512,1517,1589,1500,2012,1499,1547,1500,1500,1499,988,1500,1500,1500,1500,1500,1500,1500,1372,1628,1500,1555,1500,2012,1500,1581,1543,1500,1520,1505,1500,988,8.3
2025-05-10,18:19:32.360,-77,-69,10,4255,950,32,1,15,2744,2,73,-2,9,354,-9,519,516,0,-1,-1,-1,0x1020480010840205,1512,1501,1589,1500,2012,1499,1504,1500,1500,1499,988,1500,1500,1500,1500,1500,1500,1500,1305,2012,1500,1555,1500,2012,1500,1507,1503,1500,1520,1505,1500,988,8.3
2025-05-10,18:19:32.850,-77,-71,10,4257,990,32,1,15,1362,2,73,-3,6,354,-8,519,516,0,-1,-1,-1,0x1020480010840205,1512,1501,1589,1500,2012,1499,1503,1500,1500,1499,988,1500,1500,1500,1500,1500,1500,1500,1372,2012,1500,1555,1500,2012,1500,1505,1503,1500,1520,1505,1500,988,8.3
2025-05-10,18:19:33.350,-82,-77,10,4258,930,32,1,15,320,2,73,-2,7,354,-8,519,516,0,-1,-1,-1,0x1020480010840205,1512,1501,1589,1500,2012,1499,1503,1500,1500,1499,988,1500,1500,1500,1500,1500,1500,1500,1442,2012,1500,1555,1500,2012,1500,1505,1503,1500,1520,1505,1500,988,8.3
2025-05-10,18:19:33.850,-82,-79,10,4259,920,32,1,15,18,2,73,-2,7,354,-9,519,516,0,-1,-1,-1,0x1020480010840205,1512,1501,1589,1500,2012,1499,1503,1500,1500,1499,988,1500,1500,1500,1500,1500,1500,1500,1500,2012,1500,1555,1500,2012,1500,1506,1503,1500,1520,1505,1500,988,8.3
2025-05-10,18:19:34.350,-80,-76,10,4260,920,32,1,15,0,2,73,-2,9,354,-9,519,516,0,-1,-1,-1,0x1020480010840205,1512,1501,1589,1500,2012,1499,1505,1500,1500,1499,988,1500,1500,1500,1500,1500,1500,1500,1500,2012,1500,1555,1500,2012,1500,1508,1504,1500,1520,1505,1500,988,8.3
2025-05-10,18:19:34.850,-79,-73,10,4261,1130,32,1,15,0,2,73,947,399,354,-8,519,516,0,-1,-1,-1,0x1020480014840205,1748,1554,1589,1500,2012,1973,1699,1500,1500,1974,988,1500,1500,1500,1500,1500,1500,1500,1372,1628,1500,1555,1500,2012,1500,1753,1636,1500,1520,1505,1500,988,8.3
2025-05-10,18:19:35.350,-79,-72,10,4260,11750,32,1,15,8023,2,75,-224,718,354,-8,519,516,0,-1,-1,-1,0x1020480014840205,1479,1613,1589,1500,2012,1388,1859,1500,1500,1405,988,1500,1500,1500,1500,1500,1500,1500,1372,1628,1500,1555,1500,2012,1500,1906,1784,1500,1520,1505,1500,988,8.3
2025-05-10,18:19:35.850,-82,-72,10,4206,8230,32,1,15,10343,2,76,387,649,354,-8,519,516,0,-1,-1,-1,0x1020480014840205,1592,1602,1589,1500,2012,1693,1824,1500,1500,1676,988,1500,1500,1500,1500,1500,1500,1500,1372,1628,1500,1555,1500,2012,1500,1882,1756,1500,1520,1505,1500,988,8.3
2025-05-10,18:19:36.350,-75,-77,10,4205,6910,33,1,15,7405,2,76,6,715,354,-9,519,516,0,-1,-1,-1,0x1020480010840205,1513,1615,1589,1500,2012,1503,1857,1500,1500,1503,988,1500,1500,1500,1500,1500,1500,1500,1372,1628,1500,1555,1500,2012,1500,1909,1787,1500,1520,1505,1500,988,8.3
2025-05-10,18:19:36.850,-74,-77,10,4216,6220,33,1,15,5627,2,77,1014,813,354,-8,519,516,0,-1,-1,-1,0x1020480014840205,1754,1637,1589,1500,2012,2007,1906,1500,1500,1980,988,1500,1500,1500,1500,1500,1500,1500,1372,1628,1500,1555,1500,2012,1500,1937,1843,1500,1520,1505,1500,988,8.3
2025-05-10,18:19:37.350,-70,-77,10,4222,4350,33,1,15,4935,2,78,-465,378,354,-8,519,516,0,-1,-1,-1,0x1020480014840205,1440,1557,1589,1500,2012,1258,1682,1500,1500,1308,988,1500,1500,1500,1500,1500,1500,1500,1372,1628,1500,1555,1500,2012,1500,1754,1643,1500,1520,1505,1500,988,8.3
2025-05-10,18:19:37.850,-72,-77,10,4224,4560,33,1,15,4472,2,78,1024,604,354,-9,519,516,0,-1,-1,-1,0x1020480014840205,1786,1589,1589,1500,2012,2012,1802,1500,1500,2012,988,1500,1500,1500,1500,1500,1500,1500,1372,1628,1500,1555,1500,2012,1500,1853,1723,1500,1520,1505,1500,988,8.3
2025-05-10,18:19:38.350,-72,-77,10,4224,6710,33,1,15,5959,2,79,496,717,354,-8,519,516,0,-1,-1,-1,0x1020480014840205,1616,1611,1589,1500,2012,1748,1858,1500,1500,1733,988,1500,1500,1500,1500,1500,1500,1500,1372,1628,1500,1555,1500,2012,1500,1901,1778,1500,1520,1505,1500,988,8.3
2025-05-10,18:19:38.860,-72,-66,10,4217,7950,33,1,15,6801,2,80,-238,790,354,-9,519,516,0,-1,-1,-1,0x1020480014840205,1472,1629,1589,1500,2012,1381,1895,1500,1500,1387,988,1500,1500,1500,1500,1500,1500,1500,1372,1628,1500,1555,1500,2012,1500,1928,1825,1500,1520,1505,1500,988,8.3
2025-05-10,18:19:39.350,-81,-76,10,4200,15440,33,1,15,12801,2,82,203,957,354,-9,519,516,0,-1,-1,-1,0x1020480014842205,1558,1683,1589,1500,2012,1601,1973,1500,1500,1601,988,1500,1500,1500,1500,1500,1500,1500,1372,1628,1500,1555,1500,2012,1500,2002,2001,1500,1520,1505,1500,988,8.3
2025-05-10,18:19:39.850,-81,-70,10,4186,17050,33,1,15,12613,2,84,163,579,354,-9,519,516,0,-1,-1,-1,0x1020480014840205,1552,1596,1589,1500,2012,1581,1789,1500,1500,1588,988,1500,1500,1500,1500,1500,1500,1500,1372,1628,1500,1555,1500,2012,1500,1946,1740,1500,1520,1505,1500,988,8.3
2025-05-10,18:19:40.350,-81,-70,10,4137,15570,33,1,15,12482,2,85,14,1008,353,-9,519,516,0,-1,-1,-1,0x1020480010842205,1515,1700,1589,1500,2012,1507,2004,1500,1500,1506,988,1500,1500,1500,1500,1500,1500,1500,1372,1628,1500,1555,1500,2012,1500,2006,1999,1500,1520,1505,1500,988,8.3
2025-05-10,18:19:40.850,-69,-74,10,4139,2670,33,1,15,11442,3,87,265,583,354,-8,519,516,0,-1,-1,-1,0x1020480014840205,1575,1585,1589,1500,2012,1632,1798,1500,1500,1638,988,1500,1500,1500,1500,1500,1500,1500,1372,1628,1500,1555,1500,2012,1500,1844,1713,1500,1520,1505,1500,988,8.3
2025-05-10,18:19:41.360,-75,-73,10,4169,2210,33,1,15,10257,3,87,11,467,354,-8,519,516,0,-1,-1,-1,0x1020480010840205,1514,1569,1589,1500,2012,1505,1733,1500,1500,1505,988,1500,1500,1500,1500,1500,1500,1500,1372,1628,1500,1555,1500,2012,1500,1792,1672,1500,1520,1505,1500,988,8.3
2025-05-10,18:19:41.850,-73,-73,10,4225,4900,33,1,15,12073,3,88,154,773,354,-8,519,516,0,-1,-1,-1,0x1020480014840205,1544,1621,1589,1500,2012,1577,1886,1500,1500,1572,988,1500,1500,1500,1500,1500,1500,1500,1372,1628,1500,1555,1500,2012,1500,1917,1802,1500,1520,1505,1500,988,8.3
2025-05-10,18:19:42.350,-75,-79,10,4230,1740,33,1,15,10055,3,88,1017,284,354,-8,519,516,0,-1,-1,-1,0x1020480014840205,1782,1540,1589,1500,2012,2008,1642,1500,1500,2008,988,1500,1500,1500,1500,1500,1500,1500,1372,1628,1500,1555,1500,2012,1500,1694,1600,1500,1520,1505,1500,988,8.3
2025-05-10,18:19:42.850,-77,-80,10,4239,3160,33,1,15,6513,3,88,765,669,354,-9,519,516,0,-1,-1,-1,0x1020480014840205,1692,1599,1589,1500,2012,1882,1835,1500,1500,1883,988,1500,1500,1500,1500,1500,1500,1500,1372,1628,1500,1555,1500,2012,1500,1876,1748,1500,1520,1505,1500,988,8.3
2025-05-10,18:19:43.350,-77,-85,10,4239,16750,33,1,15,10056,3,90,280,944,354,-8,519,516,0,-1,-1,-1,0x1020480014842205,1573,1679,1589,1500,2012,1640,1972,1500,1500,1634,988,1500,1500,1500,1500,1500,1500,1500,1372,1628,1500,1555,1500,2012,1500,1984,1947,1500,1520,1505,1500,988,8.3
2025-05-10,18:19:43.850,-83,-82,10,4159,11580,33,1,15,11638,3,92,286,870,354,-9,519,516,0,-1,-1,-1,0x1020480014842605,1578,1655,1589,1500,2012,1643,1935,1500,1500,1644,988,1500,1500,1500,1500,1500,1500,1500,1372,1628,1500,1555,1500,2012,1500,1957,1888,1500,1520,1505,1500,988,8.3
2025-05-10,18:19:44.350,-85,-84,10,4154,20880,33,1,15,11436,3,93,-162,1023,354,-9,519,516,0,-1,-1,-1,0x1020480014842605,1489,1704,1589,1500,2012,1419,2011,1500,1500,1432,988,1500,1500,1500,1500,1500,1500,1500,1372,1628,1500,1555,1500,2012,1500,2011,2011,1500,1520,1505,1500,988,8.3
2025-05-10,18:19:44.850,-85,-69,10,4164,2040,33,1,15,14751,3,94,-657,467,354,-8,519,516,0,-1,-1,-1,0x1020480014840605,1363,1568,1589,1500,2012,1172,1733,1500,1500,1172,988,1500,1500,1500,1500,1500,1500,1500,1372,1628,1500,1555,1500,2012,1500,1792,1671,1500,1520,1505,1500,988,8.3
2025-05-10,18:19:45.350,-71,-66,10,4224,7150,33,1,15,9700,3,94,-684,791,354,-8,519,516,0,-1,-1,-1,0x1020480014840605,1353,1630,1589,1500,2012,1153,1895,1500,1500,1159,988,1500,1500,1500,1500,1500,1500,1500,1372,1628,1500,1555,1500,2012,1500,1928,1826,1500,1520,1505,1500,988,8.3
2025-05-10,18:19:45.850,-71,-57,10,4218,7180,33,1,15,8770,3,95,-698,780,354,-9,519,516,0,-1,-1,-1,0x1020480014840E05,1342,1627,1589,1500,2012,1152,1890,1500,1500,1146,988,1500,1500,1500,1500,1500,1500,1500,1372,1628,1500,1555,1500,2012,1500,1924,1817,1500,1520,1505,1500,988,8.3
2025-05-10,18:19:46.350,-71,-56,10,4197,8480,34,1,15,8133,3,96,-989,755,354,-8,519,516,0,-1,-1,-1,0x1020480014840E05,1199,1619,1589,1500,2012,1006,1877,1500,1500,1006,988,1500,1500,1500,1500,1500,1500,1500,1372,1628,1500,1555,1500,2012,1500,1915,1797,1500,1520,1505,1500,988,8.3
2025-05-10,18:19:46.850,-70,-64,10,4195,16420,34,1,15,7326,3,97,517,849,354,-9,519,516,0,-1,-1,-1,0x1020480014842605,1622,1649,1589,1500,2012,1759,1924,1500,1500,1747,988,1500,1500,1500,1500,1500,1500,1500,1372,1628,1500,1555,1500,2012,1500,1950,1872,1500,1520,1505,1500,988,8.3
2025-05-10,18:19:47.350,-70,-64,10,4173,15210,34,1,15,9084,3,99,248,949,354,-8,519,516,0,-1,-1,-1,0x1020480014842605,1562,1680,1589,1500,2012,1624,1974,1500,1500,1610,988,1500,1500,1500,1500,1500,1500,1500,1372,1628,1500,1555,1500,2012,1500,1985,1950,1500,1520,1505,1500,988,8.3
2025-05-10,18:19:47.850,-66,-55,10,4150,13570,34,1,15,12139,3,101,405,961,354,-9,519,516,0,-1,-1,-1,0x1020480014842205,1603,1685,1589,1500,2012,1702,1980,1500,1500,1702,988,1500,1500,1500,1500,1500,1500,1500,1372,1628,1500,1555,1500,2012,1500,1990,1962,1500,1520,1505,1500,988,8.3
2025-05-10,18:19:48.350,-66,-55,10,4148,10420,34,1,15,13031,3,102,489,904,354,-8,519,516,0,-1,-1,-1,0x1020480014842205,1618,1666,1589,1500,2012,1745,1952,1500,1500,1739,988,1500,1500,1500,1500,1500,1500,1500,1372,1628,1500,1555,1500,2012,1500,1970,1916,1500,1520,1505,1500,988,8.3
2025-05-10,18:19:48.850,-66,-54,10,4160,9870,34,1,15,12138,3,103,131,898,354,-9,519,516,0,-1,-1,-1,0x1020480014842205,1542,1664,1589,1500,2012,1565,1949,1500,1500,1565,988,1500,1500,1500,1500,1500,1500,1500,1372,1628,1500,1555,1500,2012,1500,1967,1911,1500,1520,1505,1500,988,8.3
2025-05-10,18:19:49.350,-66,-57,10,4166,9910,34,1,15,12979,3,105,10,902,354,-8,519,516,0,-1,-1,-1,0x1020480010842205,1514,1665,1589,1500,2012,1505,1951,1500,1500,1504,988,1500,1500,1500,1500,1500,1500,1500,1372,1628,1500,1555,1500,2012,1500,1968,1913,1500,1520,1505,1500,988,8.3
2025-05-10,18:19:49.850,-61,-61,10,4167,9880,33,1,15,13364,3,106,5,899,353,-8,519,516,0,-1,-1,-1,0x1020480010842205,1513,1665,1589,1500,2012,1502,1949,1500,1500,1503,988,1500,1500,1500,1500,1500,1500,1500,1372,1628,1500,1555,1500,2012,1500,1967,1910,1500,1520,1505,1500,988,8.3
2025-05-10,18:19:50.350,-61,-64,10,4167,10460,33,1,15,13731,3,107,114,979,354,-8,519,516,0,-1,-1,-1,0x1020480014842205,1532,1690,1589,1500,2012,1557,1994,1500,1500,1545,988,1500,1500,1500,1500,1500,1500,1500,1372,1628,1500,1555,1500,2012,1500,1990,1963,1500,1520,1505,1500,988,8.3
2025-05-10,18:19:50.850,-61,-63,10,4165,3560,33,1,15,14448,3,109,536,706,354,-8,519,516,0,-1,-1,-1,0x1020480014840205,1634,1608,1589,1500,2012,1768,1853,1500,1500,1775,988,1500,1500,1500,1500,1500,1500,1500,1372,1628,1500,1555,1500,2012,1500,1896,1771,1500,1520,1505,1500,988,8.3
2025-05-10,18:19:51.350,-64,-65,10,4172,7600,33,1,15,10593,3,109,529,791,354,-9,519,516,0,-1,-1,-1,0x1020480014840205,1632,1633,1589,1500,2012,1764,1895,1500,1500,1770,988,1500,1500,1500,1500,1500,1500,1500,1372,1628,1500,1555,1500,2012,1500,1932,1833,1500,1520,1505,1500,988,8.3
2025-05-10,18:19:51.850,-84,-74,10,4198,5960,34,1,15,8615,4,110,1024,746,354,-8,519,516,0,-1,-1,-1,0x1020480014840205,1786,1616,1589,1500,2012,2012,1872,1500,1500,2012,988,1500,1500,1500,1500,1500,1500,1500,1372,1628,1500,1555,1500,2012,1500,1912,1791,1500,1520,1505,1500,988,8.3
2025-05-10,18:19:52.350,-84,-72,10,4198,11950,34,1,15,7722,4,111,391,848,354,-9,519,516,0,-1,-1,-1,0x1020480014842205,1600,1648,1589,1500,2012,1695,1924,1500,1500,1695,988,1500,1500,1500,1500,1500,1500,1500,1372,1628,1500,1555,1500,2012,1500,1949,1870,1500,1520,1505,1500,988,8.3
2025-05-10,18:19:52.850,-84,-73,10,4196,6080,34,1,15,7858,4,112,594,772,354,-8,519,516,0,-1,-1,-1,0x1020480014840205,1645,1623,1589,1500,2012,1797,1886,1500,1500,1797,988,1500,1500,1500,1500,1500,1500,1500,1372,1628,1500,1555,1500,2012,1500,1921,1809,1500,1520,1505,1500,988,8.3
2025-05-10,18:19:53.350,-73,-77,10,4186,7350,34,1,15,8223,4,113,-46,795,354,-9,519,516,0,-1,-1,-1,0x1020480010840205,1509,1631,1589,1500,2012,1477,1897,1500,1500,1493,988,1500,1500,1500,1500,1500,1500,1500,1372,1628,1500,1555,1500,2012,1500,1930,1829,1500,1520,1505,1500,988,8.3
2025-05-10,18:19:53.850,-82,-81,10,4186,7140,34,1,15,9669,4,114,289,796,354,-8,519,516,0,-1,-1,-1,0x1020480014840605,1578,1631,1589,1500,2012,1644,1898,1500,1500,1644,988,1500,1500,1500,1500,1500,1500,1500,1372,1628,1500,1555,1500,2012,1500,1930,1829,1500,1520,1505,1500,988,8.3
2025-05-10,18:19:54.350,-85,-80,10,4184,25090,33,1,15,11290,4,116,5,1021,354,-8,519,516,0,-1,-1,-1,0x1020480010842605,1513,1704,1589,1500,2012,1502,2010,1500,1500,1502,988,1500,1500,1500,1500,1500,1500,1500,1372,1628,1500,1555,1500,2012,1500,2010,2008,1500,1520,1505,1500,988,8.3
2025-05-10,18:19:54.850,-70,-72,10,4181,7160,33,1,15,17577,4,117,38,865,354,-9,519,516,0,-1,-1,-1,0x1020480010842605,1518,1654,1589,1500,2012,1519,1932,1500,1500,1513,988,1500,1500,1500,1500,1500,1500,1500,1372,1628,1500,1555,1500,2012,1500,1955,1884,1500,1520,1505,1500,988,8.3
2025-05-10,18:19:55.350,-79,-81,10,4182,5830,33,1,15,10990,4,118,-669,761,354,-8,519,516,0,-1,-1,-1,0x1020480014840605,1362,1621,1589,1500,2012,1166,1880,1500,1500,1172,988,1500,1500,1500,1500,1500,1500,1500,1372,1628,1500,1555,1500,2012,1500,1917,1802,1500,1520,1505,1500,988,8.3
2025-05-10,18:19:55.850,-79,-72,10,4194,4980,33,1,15,5857,4,118,-1024,719,354,-8,519,516,0,-1,-1,-1,0x1020480014840E05,1177,1611,1589,1500,2012,988,1859,1500,1500,988,988,1500,1500,1500,1500,1500,1500,1500,1372,1628,1500,1555,1500,2012,1500,1901,1777,1500,1520,1505,1500,988,8.3
2025-05-10,18:19:56.350,-79,-67,10,4193,19160,34,1,15,11083,4,120,-463,961,354,-8,519,516,0,-1,-1,-1,0x1020480014842605,1417,1684,1589,1500,2012,1269,1980,1500,1500,1263,988,1500,1500,1500,1500,1500,1500,1500,1372,1628,1500,1555,1500,2012,1500,1990,1961,1500,1520,1505,1500,988,8.3
2025-05-10,18:19:56.850,-65,-63,10,4167,21410,34,1,15,11474,4,122,-284,972,354,-8,519,516,0,-1,-1,-1,0x1020480014842605,1464,1688,1589,1500,2012,1353,1986,1500,1500,1365,988,1500,1500,1500,1500,1500,1500,1500,1372,1628,1500,1555,1500,2012,1500,1998,1979,1500,1520,1505,1500,988,8.3
2025-05-10,18:19:57.350,-66,-64,10,4140,11500,34,1,15,8112,4,123,-223,909,354,-9,519,516,0,-1,-1,-1,0x1020480014842605,1475,1668,1589,1500,2012,1384,1955,1500,1500,1395,988,1500,1500,1500,1500,1500,1500,1500,1372,1628,1500,1555,1500,2012,1500,1971,1918,1500,1520,1505,1500,988,8.3
2025-05-10,18:19:57.850,-67,-69,10,4143,12430,34,1,15,10114,4,125,-168,906,354,-9,519,516,0,-1,-1,-1,0x1020480014842205,1481,1667,1589,1500,2012,1416,1953,1500,1500,1411,988,1500,1500,1500,1500,1500,1500,1500,1372,1628,1500,1555,1500,2012,1500,1971,1918,1500,1520,1505,1500,988,8.3
2025-05-10,18:19:58.350,-64,-69,10,4151,7380,34,1,15,10655,4,126,-136,734,354,-8,519,516,0,-1,-1,-1,0x1020480014840205,1489,1614,1589,1500,2012,1432,1867,1500,1500,1433,988,1500,1500,1500,1500,1500,1500,1500,1372,1628,1500,1555,1500,2012,1500,1908,1786,1500,1520,1505,1500,988,8.3
2025-05-10,18:19:58.850,-65,-66,10,4178,8090,33,1,15,9804,4,127,356,800,354,-8,519,516,0,-1,-1,-1,0x1020480014840205,1591,1633,1589,1500,2012,1678,1900,1500,1500,1672,988,1500,1500,1500,1500,1500,1500,1500,1372,1628,1500,1555,1500,2012,1500,1932,1833,1500,1520,1505,1500,988,8.3
2025-05-10,18:19:59.350,-65,-68,10,4182,5390,33,1,15,9489,4,128,1024,477,354,-8,519,516,0,-1,-1,-1,0x1020480014840205,1786,1575,1589,1500,2012,2012,1738,1500,1500,2012,988,1500,1500,1500,1500,1500,1500,1500,1372,1628,1500,1555,1500,2012,1500,1809,1689,1500,1520,1505,1500,988,8.3
2025-05-10,18:19:59.850,-71,-69,10,4196,3310,33,1,15,5574,4,128,1024,563,354,-8,519,516,0,-1,-1,-1,0x1020480014840205,1786,1582,1589,1500,2012,2012,1781,1500,1500,2012,988,1500,1500,1500,1500,1500,1500,1500,1372,1628,1500,1555,1500,2012,1500,1836,1706,1500,1520,1505,1500,988,8.3
2025-05-10,18:20:00.350,-77,-79,10,4205,11240,34,1,15,5954,4,129,462,806,354,-8,519,516,0,-1,-1,-1,0x1020480014840205,1631,1630,1589,1500,2012,1722,1903,1500,1500,1767,988,1500,1500,1500,1500,1500,1500,1500,1372,1628,1500,1555,1500,2012,1500,1929,1826,1500,1520,1505,1500,988,8.3
2025-05-10,18:20:00.850,-76,-89,10,4190,12790,34,1,15,10162,4,131,492,924,354,-8,519,516,0,-1,-1,-1,0x1020480014842205,1621,1673,1589,1500,2012,1746,1962,1500,1500,1745,988,1500,1500,1500,1500,1500,1500,1500,1372,1628,1500,1555,1500,2012,1500,1977,1931,1500,1520,1505,1500,988,8.3
2025-05-10,18:20:01.350,-76,-77,10,4134,12960,34,1,15,11583,4,132,265,970,354,-9,519,516,0,-1,-1,-1,0x1020480014842605,1572,1687,1589,1500,2012,1632,1985,1500,1500,1632,988,1500,1500,1500,1500,1500,1500,1500,1372,1628,1500,1555,1500,2012,1500,1992,1967,1500,1520,1505,1500,988,8.3
2025-05-10,18:20:01.850,-79,-71,10,4130,14900,34,1,15,13722,4,134,-3,1020,354,-9,519,516,0,-1,-1,-1,0x1020480010842605,1512,1703,1589,1500,2012,1499,2010,1500,1500,1499,988,1500,1500,1500,1500,1500,1500,1500,1372,1628,1500,1555,1500,2012,1500,2010,2008,1500,1520,1505,1500,988,8.3
2025-05-10,18:20:02.350,-75,-76,10,4127,13560,34,1,15,14617,4,136,185,1021,354,-8,519,516,0,-1,-1,-1,0x1020480014842605,1554,1704,1589,1500,2012,1592,2010,1500,1500,1592,988,1500,1500,1500,1500,1500,1500,1500,1372,1628,1500,1555,1500,2012,1500,2011,2009,1500,1520,1505,1500,988,8.3
2025-05-10,18:20:02.850,-76,-76,10,4126,13090,34,1,15,16295,4,138,256,1018,354,-8,519,516,0,-1,-1,-1,0x1020480014842605,1571,1703,1589,1500,2012,1628,2009,1500,1500,1628,988,1500,1500,1500,1500,1500,1500,1500,1372,1628,1500,1555,1500,2012,1500,2010,2007,1500,1520,1505,1500,988,8.3
2025-05-10,18:20:03.350,-79,-74,10,4129,12510,34,1,15,15776,4,139,-1,1015,354,-8,519,516,0,-1,-1,-1,0x1020480010842605,1512,1702,1589,1500,2012,1500,2007,1500,1500,1499,988,1500,1500,1500,1500,1500,1500,1500,1372,1628,1500,1555,1500,2012,1500,2009,2004,1500,1520,1505,1500,988,8.3
2025-05-10,18:20:03.850,-76,-67,10,4131,12200,34,1,15,16667,5,141,190,1015,354,-8,519,516,0,-1,-1,-1,0x1020480014842605,1558,1702,1589,1500,2012,1595,2007,1500,1500,1601,988,1500,1500,1500,1500,1500,1500,1500,1372,1628,1500,1555,1500,2012,1500,2009,2004,1500,1520,1505,1500,988,8.3
2025-05-10,18:20:04.350,-76,-57,10,4133,11660,34,1,15,17073,5,143,31,1016,354,-9,519,516,0,-1,-1,-1,0x1020480010842605,1520,1702,1589,1500,2012,1515,2008,1500,1500,1516,988,1500,1500,1500,1500,1500,1500,1500,1372,1628,1500,1555,1500,2012,1500,2009,2004,1500,1520,1505,1500,988,8.3
2025-05-10,18:20:04.850,-76,-54,10,4134,12240,34,1,15,16744,5,144,185,1015,354,-9,519,516,0,-1,-1,-1,0x1020480014842605,1558,1702,1589,1500,2012,1592,2007,1500,1500,1600,988,1500,1500,1500,1500,1500,1500,1500,1372,1628,1500,1555,1500,2012,1500,2009,2004,1500,1520,1505,1500,988,8.3
2025-05-10,18:20:05.350,-59,-55,10,4135,11510,34,1,15,17556,5,146,56,1015,354,-8,519,516,0,-1,-1,-1,0x1020480014842205,1525,1702,1589,1500,2012,1528,2007,1500,1500,1529,988,1500,1500,1500,1500,1500,1500,1500,1372,1628,1500,1555,1500,2012,1500,2009,2004,1500,1520,1505,1500,988,8.3
2025-05-10,18:20:05.850,-74,-69,10,4135,11910,34,1,15,17485,5,147,0,1011,354,-9,519,516,0,-1,-1,-1,0x1020480010842205,1512,1701,1589,1500,2012,1500,2005,1500,1500,1500,988,1500,1500,1500,1500,1500,1500,1500,1372,1628,1500,1555,1500,2012,1500,2007,2001,1500,1520,1505,1500,988,8.3
2025-05-10,18:20:06.350,-69,-63,10,4136,11720,34,1,15,17399,5,149,17,1010,354,-9,519,516,0,-1,-1,-1,0x1020480010842205,1516,1700,1589,1500,2012,1508,2005,1500,1500,1508,988,1500,1500,1500,1500,1500,1500,1500,1372,1628,1500,1555,1500,2012,1500,2007,2000,1500,1520,1505,1500,988,8.3
2025-05-10,18:20:06.850,-71,-79,10,4135,11410,34,1,15,17224,5,150,-3,1014,354,-9,519,516,0,-1,-1,-1,0x1020480010842205,1512,1701,1589,1500,2012,1499,2007,1500,1500,1499,988,1500,1500,1500,1500,1500,1500,1500,1372,1628,1500,1555,1500,2012,1500,2008,2003,1500,1520,1505,1500,988,8.3
2025-05-10,18:20:07.350,-66,-66,10,4135,5340,34,1,15,16897,5,151,-102,565,354,-8,519,516,0,-1,-1,-1,0x1020480014840205,1497,1587,1589,1500,2012,1449,1774,1500,1500,1455,988,1500,1500,1500,1500,1500,1500,1500,1372,1628,1500,1555,1500,2012,1500,1849,1717,1500,1520,1505,1500,988,8.3
2025-05-10,18:20:07.850,-77,-76,10,4136,1420,34,1,15,13821,5,152,358,33,354,-8,519,516,0,-1,-1,-1,0x1020480014840205,1608,1506,1589,1500,2012,1679,1516,1500,1500,1715,988,1500,1500,1500,1500,1500,1500,1500,1168,1832,1500,1555,1500,2012,1500,1526,1515,1500,1520,1505,1500,988,8.3
2025-05-10,18:20:08.350,-73,-72,10,4213,1310,34,1,15,9634,5,152,0,91,354,-8,519,516,0,-1,-1,-1,0x1020480010840205,1514,1518,1589,1500,2012,1500,1545,1500,1500,1506,988,1500,1500,1500,1500,1500,1500,1500,1372,1628,1500,1555,1500,2012,1500,1577,1545,1500,1520,1505,1500,988,8.3
2025-05-10,18:20:08.850,-73,-69,10,4218,1080,34,1,15,7732,5,152,250,140,354,-8,519,516,0,-1,-1,-1,0x1020480014840205,1575,1521,1589,1500,2012,1625,1570,1500,1500,1638,988,1500,1500,1500,1500,1500,1500,1500,1372,1628,1500,1555,1500,2012,1500,1604,1553,1500,1520,1505,1500,988,8.3
2025-05-10,18:20:09.350,-73,-69,10,4220,1710,34,1,15,5252,5,152,885,331,354,-8,519,516,0,-1,-1,-1,0x1020480014840205,1724,1541,1589,1500,2012,1942,1665,1500,1500,1936,988,1500,1500,1500,1500,1500,1500,1500,1372,1628,1500,1555,1500,2012,1500,1699,1603,1500,1520,1505,1500,988,8.3
2025-05-10,18:20:09.850,-71,-69,10,4219,5470,34,1,15,6613,5,153,801,702,354,-8,519,516,0,-1,-1,-1,0x1020480014840205,1717,1610,1589,1500,2012,1900,1851,1500,1500,1925,988,1500,1500,1500,1500,1500,1500,1500,1372,1628,1500,1555,1500,2012,1500,1895,1775,1500,1520,1505,1500,988,8.3
2025-05-10,18:20:10.350,-76,-71,10,4197,17960,35,1,15,9664,5,154,624,980,354,-8,519,516,0,-1,-1,-1,0x1020480014842205,1655,1691,1589,1500,2012,1812,1990,1500,1500,1818,988,1500,1500,1500,1500,1500,1500,1500,1372,1628,1500,1555,1500,2012,1500,1992,1967,1500,1520,1505,1500,988,8.3
2025-05-10,18:20:10.850,-74,-77,10,4150,4210,35,1,15,10902,5,156,6,913,354,-9,519,516,0,-1,-1,-1,0x1020480010840205,1514,1640,1589,1500,2012,1503,1956,1500,1500,1503,988,1500,1500,1500,1500,1500,1500,1500,1372,1628,1500,1555,1500,2012,1500,1948,1849,1500,1520,1505,1500,988,8.3
2025-05-10,18:20:11.350,-72,-77,10,4108,13980,35,1,15,13304,5,158,-1,1015,353,-8,519,516,0,-1,-1,-1,0x1020480010842205,1512,1702,1589,1500,2012,1500,2007,1500,1500,1500,988,1500,1500,1500,1500,1500,1500,1500,1372,1628,1500,1555,1500,2012,1500,2009,2004,1500,1520,1505,1500,988,8.3
2025-05-10,18:20:11.850,-72,-77,10,4117,1460,35,1,15,11103,5,159,-746,281,354,-8,519,516,0,-1,-1,-1,0x1020480014840205,1333,1540,1589,1500,2012,1127,1640,1500,1500,1133,988,1500,1500,1500,1500,1500,1500,1500,1372,1628,1500,1555,1500,2012,1500,1694,1600,1500,1520,1505,1500,988,8.3
2025-05-10,18:20:12.350,-73,-66,10,4202,5530,34,1,15,5210,5,159,-722,724,354,-9,519,516,0,-1,-1,-1,0x1020480014840A05,1333,1610,1589,1500,2012,1139,1862,1500,1500,1134,988,1500,1500,1500,1500,1500,1500,1500,1372,1628,1500,1555,1500,2012,1500,1899,1774,1500,1520,1505,1500,988,8.3
2025-05-10,18:20:12.850,-63,-63,10,4202,26240,34,1,15,10707,5,162,-237,1021,354,-9,519,516,0,-1,-1,-1,0x1020480014842A05,1468,1704,1589,1500,2012,1387,2010,1500,1500,1376,988,1500,1500,1500,1500,1500,1500,1500,1372,1628,1500,1555,1500,2012,1500,2011,2009,1500,1520,1505,1500,988,8.3
2025-05-10,18:20:13.350,-66,-63,10,4071,26810,34,1,15,10812,6,165,9,1020,353,-9,519,516,0,-1,-1,-1,0x1020480010842605,1514,1703,1589,1500,2012,1504,2010,1500,1500,1504,988,1500,1500,1500,1500,1500,1500,1500,1372,1628,1500,1555,1500,2012,1500,2010,2008,1500,1520,1505,1500,988,8.3
2025-05-10,18:20:13.850,-68,-64,10,4065,6570,34,1,15,12523,6,166,-125,607,354,-9,519,516,0,-1,-1,-1,0x1020480014840605,1489,1592,1589,1500,2012,1438,1803,1500,1500,1432,988,1500,1500,1500,1500,1500,1500,1500,1372,1628,1500,1555,1500,2012,1500,1861,1731,1500,1520,1505,1500,988,8.3
2025-05-10,18:20:14.350,-74,-71,10,4152,1830,35,1,15,11001,6,167,53,403,354,-9,519,516,0,-1,-1,-1,0x1020480010840605,1519,1561,1589,1500,2012,1526,1701,1500,1500,1515,988,1500,1500,1500,1500,1500,1500,1500,1372,1628,1500,1555,1500,2012,1500,1766,1652,1500,1520,1505,1500,988,8.3
2025-05-10,18:20:14.850,-72,-73,10,4188,16500,35,1,15,14632,6,167,-39,886,354,-8,519,516,0,-1,-1,-1,0x1020480010842605,1505,1661,1589,1500,2012,1481,1943,1500,1500,1480,988,1500,1500,1500,1500,1500,1500,1500,1372,1628,1500,1555,1500,2012,1500,1973,1923,1500,1520,1505,1500,988,8.3
2025-05-10,18:20:15.350,-70,-67,10,4195,5310,35,1,15,10866,6,168,378,854,354,-8,519,516,0,-1,-1,-1,0x1020480014842605,1593,1650,1589,1500,2012,1689,1927,1500,1500,1678,988,1500,1500,1500,1500,1500,1500,1500,1372,1628,1500,1555,1500,2012,1500,1947,1866,1500,1520,1505,1500,988,8.3
2025-05-10,18:20:15.850,-76,-73,10,4169,11940,35,1,15,15588,6,169,0,896,354,-8,519,516,0,-1,-1,-1,0x1020480010842605,1512,1664,1589,1500,2012,1500,1948,1500,1500,1500,988,1500,1500,1500,1500,1500,1500,1500,1372,1628,1500,1555,1500,2012,1500,1967,1909,1500,1520,1505,1500,988,8.3
2025-05-10,18:20:16.350,-71,-72,10,4170,8420,35,1,15,12827,6,170,82,877,354,-8,519,516,0,-1,-1,-1,0x1020480014842605,1528,1658,1589,1500,2012,1541,1938,1500,1500,1535,988,1500,1500,1500,1500,1500,1500,1500,1372,1628,1500,1555,1500,2012,1500,1960,1893,1500,1520,1505,1500,988,8.3
2025-05-10,18:20:16.850,-78,-85,10,4160,8280,35,1,15,8741,6,171,1,819,354,-8,519,516,0,-1,-1,-1,0x1020480010840605,1512,1639,1589,1500,2012,1500,1909,1500,1500,1500,988,1500,1500,1500,1500,1500,1500,1500,1372,1628,1500,1555,1500,2012,1500,1939,1847,1500,1520,1505,1500,988,8.3
2025-05-10,18:20:17.350,-86,-78,10,4164,6690,35,1,15,10771,6,172,545,800,354,-9,519,516,0,-1,-1,-1,0x1020480014840205,1633,1633,1589,1500,2012,1773,1900,1500,1500,1771,988,1500,1500,1500,1500,1500,1500,1500,1372,1628,1500,1555,1500,2012,1500,1932,1833,1500,1520,1505,1500,988,8.3
2025-05-10,18:20:17.850,-74,-77,10,4167,3710,35,1,15,9306,6,173,430,540,354,-8,519,516,0,-1,-1,-1,0x1020480014840205,1608,1579,1589,1500,2012,1715,1770,1500,1500,1714,988,1500,1500,1500,1500,1500,1500,1500,1372,1628,1500,1555,1500,2012,1500,1827,1699,1500,1520,1505,1500,988,8.3
2025-05-10,18:20:18.350,-74,-71,10,4181,2480,35,1,15,8712,6,173,471,631,354,-8,519,516,0,-1,-1,-1,0x1020480014840205,1616,1585,1589,1500,2012,1735,1815,1500,1500,1735,988,1500,1500,1500,1500,1500,1500,1500,1372,1628,1500,1555,1500,2012,1500,1851,1713,1500,1520,1505,1500,988,8.3
2025-05-10,18:20:18.850,-74,-68,10,4186,4240,35,1,15,8409,6,174,837,641,354,-9,519,516,0,-1,-1,-1,0x1020480014840205,1713,1596,1589,1500,2012,1918,1820,1500,1500,1919,988,1500,1500,1500,1500,1500,1500,1500,1372,1628,1500,1555,1500,2012,1500,1870,1741,1500,1520,1505,1500,988,8.3
2025-05-10,18:20:19.350,-74,-66,10,4187,8630,35,1,15,7666,6,175,-315,851,354,-8,519,516,0,-1,-1,-1,0x1020480014842205,1454,1649,1589,1500,2012,1343,1925,1500,1500,1336,988,1500,1500,1500,1500,1500,1500,1500,1372,1628,1500,1555,1500,2012,1500,1951,1873,1500,1520,1505,1500,988,8.3
2025-05-10,18:20:19.850,-98,-83,10,4175,9600,35,1,15,9684,6,176,140,861,354,-8,519,516,0,-1,-1,-1,0x1020480014842205,1543,1652,1589,1500,2012,1570,1930,1500,1500,1569,988,1500,1500,1500,1500,1500,1500,1500,1372,1628,1500,1555,1500,2012,1500,1954,1881,1500,1520,1505,1500,988,8.3
2025-05-10,18:20:20.350,-81,-83,10,4148,9970,35,1,15,12687,6,178,-80,905,354,-9,519,516,0,-1,-1,-1,0x1020480014842605,1500,1667,1589,1500,2012,1460,1952,1500,1500,1466,988,1500,1500,1500,1500,1500,1500,1500,1372,1628,1500,1555,1500,2012,1500,1970,1916,1500,1520,1505,1500,988,8.3
2025-05-10,18:20:20.850,-83,-77,10,4145,9030,35,1,15,11351,6,179,9,866,354,-8,519,516,0,-1,-1,-1,0x1020480010842605,1514,1654,1589,1500,2012,1504,1933,1500,1500,1504,988,1500,1500,1500,1500,1500,1500,1500,1372,1628,1500,1555,1500,2012,1500,1956,1886,1500,1520,1505,1500,988,8.3
2025-05-10,18:20:21.350,-78,-76,10,4149,6360,35,1,15,15563,6,180,7,710,354,-9,519,516,0,-1,-1,-1,0x1020480010840605,1514,1614,1589,1500,2012,1503,1855,1500,1500,1503,988,1500,1500,1500,1500,1500,1500,1500,1372,1628,1500,1555,1500,2012,1500,1906,1784,1500,1520,1505,1500,988,8.3
2025-05-10,18:20:21.850,-75,-71,10,4157,1260,35,1,15,9736,6,180,1024,166,354,-8,519,516,0,-1,-1,-1,0x1020480014840605,1786,1519,1589,1500,2012,2012,1583,1500,1500,2012,988,1500,1500,1500,1500,1500,1500,1500,1372,1628,1500,1555,1500,2012,1500,1591,1547,1500,1520,1505,1500,988,8.3
2025-05-10,18:20:22.350,-78,-77,10,4196,11200,35,1,15,6810,6,181,-207,920,354,-9,519,516,0,-1,-1,-1,0x1020480014842605,1482,1671,1589,1500,2012,1397,1960,1500,1500,1414,988,1500,1500,1500,1500,1500,1500,1500,1372,1628,1500,1555,1500,2012,1500,1971,1908,1500,1520,1505,1500,988,8.3
2025-05-10,18:20:22.850,-84,-76,10,4193,10760,35,1,15,9957,6,184,-279,892,354,-8,519,516,0,-1,-1,-1,0x1020480014842605,1465,1662,1589,1500,2012,1361,1946,1500,1500,1368,988,1500,1500,1500,1500,1500,1500,1500,1372,1628,1500,1555,1500,2012,1500,1966,1907,1500,1520,1505,1500,988,8.3
2025-05-10,18:20:23.350,-84,-72,10,4141,13190,35,1,15,11249,6,185,-203,947,354,-9,519,516,0,-1,-1,-1,0x1020480014842E05,1470,1680,1589,1500,2012,1399,1973,1500,1500,1380,988,1500,1500,1500,1500,1500,1500,1500,1372,1628,1500,1555,1500,2012,1500,1985,1958,1500,1520,1505,1500,988,8.3
2025-05-10,18:20:23.830,-78,-74,10,4135,11570,35,1,15,12286,6,186,-485,859,354,-8,519,515,0,-1,-1,-1,0x1020480014842605,1415,1652,1589,1500,2012,1258,1929,1500,1500,1258,988,1500,1500,1500,1500,1500,1500,1500,1372,1628,1500,1555,1500,2012,1500,1953,1880,1500,1520,1505,1500,988,8.3
2025-05-10,18:20:24.320,-72,-74,10,4139,10170,35,1,15,13011,6,188,2,1019,354,-9,519,516,0,-1,-1,-1,0x1020480010842205,1513,1703,1589,1500,2012,1501,2009,1500,1500,1501,988,1500,1500,1500,1500,1500,1500,1500,1372,1628,1500,1555,1500,2012,1500,2010,2007,1500,1520,1505,1500,988,8.3
2025-05-10,18:20:24.820,-81,-78,10,4110,14980,35,1,15,12590,6,190,-232,704,353,-9,519,516,0,-1,-1,-1,0x1020480014840205,1473,1614,1589,1500,2012,1384,1852,1500,1500,1390,988,1500,1500,1500,1500,1500,1500,1500,1372,1628,1500,1555,1500,2012,1500,1940,1785,1500,1520,1505,1500,988,8.3
2025-05-10,18:20:25.320,-70,-76,10,4126,7640,35,1,15,18469,7,191,-71,883,354,-9,519,516,0,-1,-1,-1,0x1020480014842205,1491,1660,1589,1500,2012,1465,1941,1500,1500,1440,988,1500,1500,1500,1500,1500,1500,1500,1372,1628,1500,1555,1500,2012,1500,1962,1900,1500,1520,1505,1500,988,8.3
2025-05-10,18:20:25.820,-73,-61,10,4146,11480,35,1,15,20026,7,191,610,867,354,-9,519,516,0,-1,-1,-1,0x1020480014842605,1645,1654,1589,1500,2012,1805,1933,1500,1500,1797,988,1500,1500,1500,1500,1500,1500,1500,1372,1628,1500,1555,1500,2012,1500,1956,1886,1500,1520,1505,1500,988,8.3
2025-05-10,18:20:26.320,-70,-61,10,4146,11480,35,1,15,20026,7,191,594,148,354,-9,519,516,0,-1,-1,-1,0x1020480014840605,1645,1524,1589,1500,2012,1797,1574,1500,1500,1797,988,1500,1500,1500,1500,1500,1500,1500,1372,1628,1500,1555,1500,2012,1500,1650,1561,1500,1520,1505,1500,988,8.3
2025-05-10,18:20:26.820,-71,-71,10,4146,11480,35,1,15,20026,7,191,-1024,586,354,-8,519,516,0,-1,-1,-1,0x1020480014840605,1225,1591,1589,1500,2012,988,1793,1500,1500,1027,988,1500,1500,1500,1500,1500,1500,1500,1372,1628,1500,1555,1500,2012,1500,1853,1728,1500,1520,1505,1500,988,8.3
2025-05-10,18:20:27.320,-71,-69,10,4208,1350,36,1,15,4713,0,0,-1024,10,354,-9,519,516,0,-1,-1,-1,0x1020480014840E05,1177,1501,1589,1500,2012,988,1505,1500,1500,988,988,1500,1500,1500,1500,1500,1500,1500,1117,1883,1500,1555,1500,2012,1500,1749,1503,1500,1520,1505,1500,988,8.3
2025-05-10,18:20:27.820,-71,-52,10,4192,31650,36,1,15,7701,0,2,137,1023,354,-9,519,516,0,-1,-1,-1,0x1020480014842605,1543,1704,1589,1500,2012,1568,2011,1500,1500,1568,988,1500,1500,1500,1500,1500,1500,1500,1372,1628,1500,1555,1500,2012,1500,2011,2011,1500,1520,1505,1500,988,8.3
2025-05-10,18:20:28.320,-58,-56,10,4145,16860,35,1,15,11965,0,4,-37,1024,354,-8,519,516,0,-1,-1,-1,0x1020480010842605,1504,1705,1589,1500,2012,1482,2012,1500,1500,1475,988,1500,1500,1500,1500,1500,1500,1500,1372,1628,1500,1555,1500,2012,1500,2012,2012,1500,1520,1505,1500,988,8.3
2025-05-10,18:20:28.820,-63,-60,10,4086,11080,35,1,15,13149,0,6,-459,885,354,-8,519,516,0,-1,-1,-1,0x1020480014842605,1415,1660,1589,1500,2012,1271,1942,1500,1500,1260,988,1500,1500,1500,1500,1500,1500,1500,1372,1628,1500,1555,1500,2012,1500,1963,1901,1500,1520,1505,1500,988,8.3
2025-05-10,18:20:29.320,-82,-67,10,4099,1940,35,1,15,10962,0,7,-1024,227,354,-8,519,516,0,-1,-1,-1,0x1020480014840605,1177,1531,1589,1500,2012,988,1613,1500,1500,988,988,1500,1500,1500,1500,1500,1500,1500,1372,1628,1500,1555,1500,2012,1500,1661,1579,1500,1520,1505,1500,988,8.3
2025-05-10,18:20:29.820,-79,-73,10,4154,5480,35,1,15,6784,0,8,-499,750,354,-8,519,515,0,-1,-1,-1,0x1020480014840A05,1395,1614,1589,1500,2012,1251,1875,1500,1500,1223,988,1500,1500,1500,1500,1500,1500,1500,1372,1628,1500,1555,1500,2012,1500,1908,1786,1500,1520,1505,1500,988,8.3
2025-05-10,18:20:30.320,-82,-70,10,4175,22530,35,1,15,11275,0,10,-83,1024,354,-9,519,516,0,-1,-1,-1,0x1020480014842205,1500,1705,1589,1500,2012,1459,2012,1500,1500,1465,988,1500,1500,1500,1500,1500,1500,1500,1372,1628,1500,1555,1500,2012,1500,2012,2012,1500,1520,1505,1500,988,8.3
2025-05-10,18:20:30.820,-69,-72,10,4090,14840,36,1,15,13142,0,12,202,1022,354,-8,519,516,0,-1,-1,-1,0x1020480014842605,1558,1704,1589,1500,2012,1601,2011,1500,1500,1600,988,1500,1500,1500,1500,1500,1500,1500,1372,1628,1500,1555,1500,2012,1500,2011,2010,1500,1520,1505,1500,988,8.3
2025-05-10,18:20:31.320,-75,-72,10,4090,4950,35,1,15,13201,0,14,11,1021,354,-8,519,516,0,-1,-1,-1,0x1020480010842605,1514,1704,1589,1500,2012,1505,2010,1500,1500,1505,988,1500,1500,1500,1500,1500,1500,1500,1372,1628,1500,1555,1500,2012,1500,2000,1954,1500,1520,1505,1500,988,8.3
2025-05-10,18:20:31.820,-73,-72,10,4103,11930,35,1,15,14780,0,15,1024,493,354,-8,519,516,0,-1,-1,-1,0x1020480014840605,1760,1582,1589,1500,2012,2012,1746,1500,1500,1987,988,1500,1500,1500,1500,1500,1500,1500,1372,1628,1500,1555,1500,2012,1500,1924,1706,1500,1520,1505,1500,988,8.3
2025-05-10,18:20:32.320,-74,-69,10,4155,3360,35,1,15,5717,0,15,1024,577,354,-9,519,516,0,-1,-1,-1,0x1020480014840605,1786,1585,1589,1500,2012,2012,1788,1500,1500,2012,988,1500,1500,1500,1500,1500,1500,1500,1372,1628,1500,1555,1500,2012,1500,1843,1712,1500,1520,1505,1500,988,8.3
2025-05-10,18:20:32.820,-74,-61,10,4177,19140,35,1,15,9309,0,16,97,996,354,-9,519,516,0,-1,-1,-1,0x1020480014842605,1527,1696,1589,1500,2012,1557,1998,1500,1500,1534,988,1500,1500,1500,1500,1500,1500,1500,1372,1628,1500,1555,1500,2012,1500,2002,1988,1500,1520,1505,1500,988,8.3
2025-05-10,18:20:33.320,-74,-61,10,4162,15900,35,1,15,9950,0,19,90,979,354,-8,519,516,0,-1,-1,-1,0x1020480010842605,1522,1690,1589,1500,2012,1545,1989,1500,1500,1522,988,1500,1500,1500,1500,1500,1500,1500,1372,1628,1500,1555,1500,2012,1500,1996,1975,1500,1520,1505,1500,988,8.3
2025-05-10,18:20:33.820,-67,-70,10,4128,10840,35,1,15,10445,0,20,-22,1006,354,-9,519,516,0,-1,-1,-1,0x1020480010842605,1511,1699,1589,1500,2012,1489,2003,1500,1500,1496,988,1500,1500,1500,1500,1500,1500,1500,1372,1628,1500,1555,1500,2012,1500,2002,1987,1500,1520,1505,1500,988,8.3
2025-05-10,18:20:34.320,-77,-70,10,4096,14790,36,1,15,12718,0,22,4,1023,354,-9,519,516,0,-1,-1,-1,0x1020480010842605,1513,1704,1589,1500,2012,1502,2011,1500,1500,1502,988,1500,1500,1500,1500,1500,1500,1500,1372,1628,1500,1555,1500,2012,1500,2011,2011,1500,1520,1505,1500,988,8.3
2025-05-10,18:20:34.820,-77,-72,10,4099,14710,36,1,15,14020,0,24,0,1023,354,-9,519,516,0,-1,-1,-1,0x1020480010842205,1512,1704,1589,1500,2012,1500,2011,1500,1500,1500,988,1500,1500,1500,1500,1500,1500,1500,1372,1628,1500,1555,1500,2012,1500,2011,2011,1500,1520,1505,1500,988,8.3
2025-05-10,18:20:35.320,-76,-77,10,4098,14050,36,1,15,13859,0,26,-1,1022,354,-8,519,516,0,-1,-1,-1,0x1020480010842205,1512,1704,1589,1500,2012,1500,2011,1500,1500,1500,988,1500,1500,1500,1500,1500,1500,1500,1372,1628,1500,1555,1500,2012,1500,2011,2010,1500,1520,1505,1500,988,8.3
2025-05-10,18:20:35.820,-71,-73,10,4100,8750,36,1,15,22409,0,27,0,1022,354,-8,519,516,0,-1,-1,-1,0x1020480010842205,1512,1704,1589,1500,2012,1500,2011,1500,1500,1500,988,1500,1500,1500,1500,1500,1500,1500,1372,1628,1500,1555,1500,2012,1500,2011,2010,1500,1520,1505,1500,988,8.3
2025-05-10,18:20:36.320,-70,-73,10,4127,1950,36,1,15,11909,0,28,0,442,354,-8,519,516,0,-1,-1,-1,0x1020480010840205,1512,1565,1589,1500,2012,1500,1721,1500,1500,1500,988,1500,1500,1500,1500,1500,1500,1500,1372,1628,1500,1555,1500,2012,1500,1780,1663,1500,1520,1505,1500,988,8.3
2025-05-10,18:20:36.820,-71,-73,10,4133,2050,36,1,15,10861,0,28,45,396,354,-9,519,516,0,-1,-1,-1,0x1020480010840205,1522,1558,1589,1500,2012,1522,1698,1500,1500,1522,988,1500,1500,1500,1500,1500,1500,1500,1372,1628,1500,1555,1500,2012,1500,1757,1645,1500,1520,1505,1500,988,8.3
2025-05-10,18:20:37.320,-73,-74,10,4133,2050,36,1,15,10861,0,28,-360,399,354,-8,519,516,0,-1,-1,-1,0x1020480014840205,1450,1558,1589,1500,2012,1320,1699,1500,1500,1327,988,1500,1500,1500,1500,1500,1500,1500,1372,1628,1500,1555,1500,2012,1500,1758,1646,1500,1520,1505,1500,988,8.3
2025-05-10,18:20:37.820,-81,-76,10,4133,2050,36,1,15,10861,0,28,-1024,799,354,-9,519,516,0,-1,-1,-1,0x1020480014840A05,1177,1625,1589,1500,2012,988,1899,1500,1500,988,988,1500,1500,1500,1500,1500,1500,1500,1372,1628,1500,1555,1500,2012,1500,1923,1814,1500,1520,1505,1500,988,8.3
2025-05-10,18:20:38.320,-80,-73,10,4133,2050,36,1,15,10861,0,28,1,10,354,-8,519,516,0,-1,-1,-1,0x1020480010840205,1515,1501,1589,1500,2012,1500,1505,1500,1500,1506,988,1500,1500,1500,1500,1500,1500,1500,988,2012,1500,1555,1500,2012,1500,1508,1504,1500,1520,1505,1500,988,8.3
2025-05-10,18:20:38.820,-75,-74,10,4133,2050,36,1,15,10861,0,28,612,6,354,-9,519,516,0,-1,-1,-1,0x1020480014840205,1652,1501,1589,1500,2012,1806,1503,1500,1500,1812,988,1500,1500,1500,1500,1500,1500,1500,1111,2012,1500,1555,1500,2012,1500,1505,1502,1500,1520,1505,1500,988,8.3
2025-05-10,18:20:39.320,-69,-74,10,4133,2050,36,1,15,10861,0,28,-3,6,354,-9,519,516,0,-1,-1,-1,0x1020480010840205,1511,1501,1589,1500,2012,1499,1503,1500,1500,1498,988,1500,1500,1500,1500,1500,1500,1500,1372,2012,1500,1555,1500,2012,1500,1504,1502,1500,1520,1505,1500,988,8.3
2025-05-10,18:20:39.820,-71,-67,10,4133,2050,36,1,15,10861,0,28,-3,8,354,-8,519,516,0,-1,-1,-1,0x1020480010840205,1512,1501,1589,1500,2012,1499,1504,1500,1500,1499,988,1500,1500,1500,1500,1500,1500,1500,1372,2012,1500,1555,1500,2012,1500,1506,1503,1500,1520,1505,1500,988,8.3
2025-05-10,18:20:40.320,-71,-71,10,4133,2050,36,1,15,10861,0,28,-2,5,354,-8,519,516,0,-1,-1,-1,0x1020480010840205,1512,1501,1589,1500,2012,1499,1502,1500,1500,1499,988,1500,1500,1500,1500,1500,1500,1500,1500,2012,1500,1555,1500,2012,1500,1504,1502,1500,1520,1505,1500,988,8.3
2025-05-10,18:20:40.820,-71,-71,10,4133,2050,36,1,15,10861,0,28,-3,5,354,-8,519,516,0,-1,-1,-1,0x1020480010840205,1512,1501,1589,1500,2012,1499,1502,1500,1500,1499,988,1500,1500,1500,1500,1500,1500,1500,1500,2012,1500,1555,1500,2012,1500,1504,1502,1500,1520,1505,1500,988,8.3
2025-05-10,18:20:41.320,-87,-71,10,4133,2050,36,1,15,10861,0,28,-2,5,354,-8,519,516,0,-1,-1,-1,0x1020480010840205,1512,1501,1589,1500,2012,1499,1502,1500,1500,1499,988,1500,1500,1500,1500,1500,1500,1500,1500,2012,1500,1555,1500,2012,1500,1504,1502,1500,1520,1505,1500,988,8.3
2025-05-10,18:20:41.820,-75,-72,10,4133,2050,36,1,15,10861,0,28,-3,6,354,-8,519,516,0,-1,-1,-1,0x1020480010840205,1512,1501,1541,1500,2012,1499,1503,1500,1500,1499,988,1500,1500,1500,1500,1500,1500,1500,1500,2012,1500,1555,1500,2012,1500,1505,1502,1500,1520,1505,1500,988,8.3
2025-05-10,18:20:42.320,-75,-71,10,4133,2050,36,1,15,10861,0,28,-2,5,354,-8,519,516,0,-1,-1,-1,0x1020480010840204,1512,1501,1500,1500,2012,1499,1502,1500,1500,1499,988,1500,1500,1500,1500,1500,1500,1500,1500,2012,1500,1555,1500,2012,1500,1505,1502,1500,1520,1505,1500,988,8.3
2025-05-10,18:20:42.830,-72,-71,10,4133,2050,36,1,15,10861,0,28,-2,6,354,-8,519,516,0,-1,-1,-1,0x1020480010840204,1512,1501,1500,1500,2012,1499,1503,1500,1500,1499,988,1500,1500,1500,1500,1500,1500,1500,1500,2012,1500,1555,1500,2012,1500,1505,1502,1500,1520,1505,1500,988,8.3
2025-05-10,18:20:43.330,-71,-73,10,4133,2050,36,1,15,10861,0,28,-3,6,354,-9,519,516,0,-1,-1,-1,0x1020480010840204,1512,1501,1500,1500,2012,1499,1503,1500,1500,1499,988,1500,1500,1500,1500,1500,1500,1500,1500,2012,1500,1555,1500,2012,1500,1505,1502,1500,1520,1505,1500,988,8.3
2025-05-10,18:20:43.830,-79,-70,10,4133,2050,36,1,15,10861,0,28,-3,6,354,-9,519,516,0,-1,-1,-1,0x1020480010840204,1512,1501,1500,1500,2012,1499,1503,1500,1500,1499,988,1500,1500,1500,1500,1500,1500,1500,1500,2012,1500,1555,1500,2012,1500,1505,1502,1500,1520,1505,1500,988,8.3
2025-05-10,18:20:44.320,-74,-76,10,4133,2050,36,1,15,10861,0,28,-2,5,354,-8,519,516,0,-1,-1,-1,0x1020480010840204,1512,1501,1500,1500,2012,1499,1502,1500,1500,1499,988,1500,1500,1500,1500,1500,1500,1500,1500,2012,1500,1555,1500,2012,1500,1504,1502,1500,1520,1505,1500,988,8.3
2025-05-10,18:20:44.820,-69,-76,10,4133,2050,36,1,15,10861,0,28,-3,4,354,-8,519,516,0,-1,-1,-1,0x1020480010840204,1512,1500,1500,1500,2012,1499,1502,1500,1500,1499,988,1500,1500,1500,1500,1500,1500,1500,1500,2012,1500,1555,1500,2012,1500,1503,1501,1500,1520,1505,1500,988,8.3
2025-05-10,18:20:45.330,-68,-68,10,4133,2050,36,1,15,10861,0,28,-3,2,354,-8,519,516,0,-1,-1,-1,0x1020480010840204,1512,1500,1500,1500,2012,1499,1501,1500,1500,1499,988,1500,1500,1500,1500,1500,1500,1500,1500,2012,1500,1555,1500,2012,1500,1502,1501,1500,1520,1505,1500,988,8.3
2025-05-10,18:20:45.830,-70,-69,10,4133,2050,36,1,15,10861,0,28,-3,2,354,-8,519,516,0,-1,-1,-1,0x1020480010840204,1512,1500,1500,1500,2012,1499,1501,1500,1500,1499,988,1500,1500,1500,1500,1500,1500,1500,1500,2012,1500,1555,1500,2012,1500,1502,1500,1500,1520,1505,1500,988,8.3
2025-05-10,18:20:46.330,-68,-69,10,4133,2050,36,1,15,10861,0,28,-3,2,354,-8,519,516,0,-1,-1,-1,0x1020480010840204,1512,1500,1500,1500,2012,1499,1501,1500,1500,1499,988,1500,1500,1500,1500,1500,1500,1500,1500,2012,1500,1555,1500,2012,1500,1502,1500,1500,1520,1505,1500,988,8.3
2025-05-10,18:20:46.830,-67,-69,10,4133,2050,36,1,15,10861,0,28,-3,2,354,-9,519,516,0,-1,-1,-1,0x1020480010840204,1512,1500,1500,1500,2012,1499,1501,1500,1500,1499,988,1500,1500,1500,1500,1500,1500,1500,1500,2012,1500,1555,1500,2012,1500,1501,1500,1500,1520,1505,1500,988,8.3
2025-05-10,18:20:47.330,-67,-69,10,4133,2050,36,1,15,10861,0,28,-2,2,354,-8,519,516,0,-1,-1,-1,0x1020480010840204,1512,1500,1500,1500,2012,1499,1501,1500,1500,1499,988,1500,1500,1500,1500,1500,1500,1500,1500,2012,1500,1555,1500,2012,1500,1502,1501,1500,1520,1505,1500,988,8.3
2025-05-10,18:20:47.830,-68,-70,10,4133,2050,36,1,15,10861,0,28,-2,2,354,-9,519,516,0,-1,-1,-1,0x1020480010840204,1512,1500,1500,1500,2012,1499,1501,1500,1500,1499,988,1500,1500,1500,1500,1500,1500,1500,1500,2012,1500,1555,1500,2012,1500,1501,1500,1500,1520,1505,1500,988,8.3
2025-05-10,18:20:48.330,-66,-70,10,4133,2050,36,1,15,10861,0,28,-3,2,354,-8,519,516,0,-1,-1,-1,0x1020480010840204,1512,1500,1500,1500,2012,1499,1501,1500,1500,1499,988,1500,1500,1500,1500,1500,1500,1500,1500,2012,1500,1555,1500,2012,1500,1501,1500,1500,1520,1505,1500,988,8.3
2025-05-10,18:20:48.830,-63,-70,10,4133,2050,36,1,15,10861,0,28,-2,36,354,-9,519,516,0,-1,-1,-1,0x1020480010840204,1512,1504,1500,1500,2012,1499,1518,1500,1500,1499,988,1500,1500,1500,1500,1500,1500,1500,1500,2012,1500,1555,1500,2012,1500,1528,1515,1500,1520,1505,1500,988,8.3
2025-05-10,18:20:49.330,-68,-83,10,4133,2050,36,1,15,10861,0,28,-4,38,354,-9,519,516,0,-1,-1,-1,0x1020480010840205,1511,1506,1566,1500,2012,1498,1519,1500,1500,1498,988,1500,1500,1500,1500,1500,1500,1500,1039,2012,1500,1555,1500,2012,1500,1529,1516,1500,1520,1505,1500,988,8.3
2025-05-10,18:20:49.830,-62,-83,10,4133,2050,36,1,15,10861,0,28,1,32,354,-9,519,516,0,-1,-1,-1,0x1020480010840205,1512,1505,1589,1500,2012,1500,1516,1500,1500,1500,988,1500,1500,1500,1500,1500,1500,1500,1372,2012,1500,1555,1500,2012,1500,1526,1514,1500,1520,1505,1500,988,8.3
2025-05-10,18:20:50.330,-65,-83,10,4133,2050,36,1,15,10861,0,28,12,10,354,-9,519,516,0,-1,-1,-1,0x1020480010840205,1514,1501,1589,1500,2012,1506,1505,1500,1500,1506,988,1500,1500,1500,1500,1500,1500,1500,1372,2012,1500,1555,1500,2012,1500,1508,1504,1500,1520,1505,1500,988,8.3
2025-05-10,18:20:50.830,-62,-83,10,4133,2050,36,1,15,10861,0,28,12,12,354,-9,519,516,0,-1,-1,-1,0x1020480010840205,1514,1502,1589,1500,2012,1506,1506,1500,1500,1506,988,1500,1500,1500,1500,1500,1500,1500,1500,2012,1500,1555,1500,2012,1500,1509,1505,1500,1520,1505,1500,988,8.3
2025-05-10,18:20:51.330,-62,-83,10,4133,2050,36,1,15,10861,0,28,13,16,354,-8,519,516,0,-1,-1,-1,0x1020480010840205,1515,1502,1589,1500,2012,1506,1508,1500,1500,1506,988,1500,1500,1500,1500,1500,1500,1500,1500,2012,1500,1555,1500,2012,1500,1512,1506,1500,1520,1505,1500,988,8.3
2025-05-10,18:20:51.810,-62,-72,10,0,0,0,0,15,0,0,0,15,10,354,-9,519,516,0,-1,-1,-1,0x1020480010840205,1515,1501,1589,1500,2012,1507,1505,1500,1500,1507,988,1500,1500,1500,1500,1500,1500,1500,1500,2012,1500,1555,1500,2012,1500,1508,1504,1500,1520,1505,1500,988,8.3
2025-05-10,18:20:52.310,-64,-72,10,0,0,0,0,15,0,0,0,-3,9,354,-8,519,516,0,-1,-1,-1,0x1020480010840205,1512,1501,1557,1500,2012,1499,1504,1500,1500,1499,988,1500,1500,1500,1500,1500,1500,1500,1500,2012,1500,1555,1500,2012,1500,1507,1503,1500,1520,1505,1500,988,8.3
2025-05-10,18:20:52.810,-60,-72,10,0,0,0,0,15,0,0,0,-1,7,354,-8,519,515,0,-1,-1,-1,0x1020480010840204,1512,1501,1500,1500,2012,1500,1503,1500,1500,1500,988,1500,1500,1500,1500,1500,1500,1500,1500,2012,1500,1555,1500,2012,1500,1505,1503,1500,1520,1505,1500,988,8.3
2025-05-10,18:20:53.310,-60,-60,10,0,0,0,0,15,0,0,0,479,494,354,-8,519,516,0,-1,-1,-1,0x1020480014840205,1619,1569,1537,1500,2012,1739,1747,1500,1500,1739,988,1500,1500,1500,1500,1500,1500,1500,1372,1628,1500,1555,1500,2012,1500,1805,1682,1500,1520,1505,1500,988,8.3
2025-05-10,18:20:53.810,-60,-62,10,0,0,0,0,15,0,0,0,1024,718,354,-9,519,516,0,-1,-1,-1,0x1020480014840205,1786,1611,1589,1500,2012,2012,1859,1500,1500,2012,988,1500,1500,1500,1500,1500,1500,1500,1372,1628,1500,1555,1500,2012,1500,1901,1777,1500,1520,1505,1500,988,8.3
2025-05-10,18:20:54.310,-66,-80,10,0,0,0,0,15,0,0,0,316,753,354,-8,519,515,0,-1,-1,-1,0x1020480014840205,1585,1618,1589,1500,2012,1658,1870,1500,1500,1658,988,1500,1500,1500,1500,1500,1500,1500,1372,1628,1500,1555,1500,2012,1500,1910,1795,1500,1520,1505,1500,988,8.3
2025-05-10,18:20:54.810,-66,-80,10,0,0,0,0,15,0,0,0,-1,-483,354,-9,519,516,0,-1,-1,-1,0x10204800128C0205,1512,1310,1589,1498,2012,1500,1259,1308,1500,1500,988,1500,1500,1500,1500,1500,1500,1308,1018,2012,1500,1555,1500,2012,1500,1234,1500,1500,1520,1505,1500,988,8.3
2025-05-10,18:20:55.310,-66,-80,10,0,0,0,0,15,0,0,0,81,6,354,-8,519,516,0,-1,-1,-1,0x1020480014840205,1530,1501,1589,1500,2012,1540,1503,1500,1500,1540,988,1500,1500,1500,1500,1500,1500,1500,1372,2012,1500,1555,1500,2012,1500,1504,1502,1500,1520,1505,1500,988,8.3
2025-05-10,18:20:55.810,-78,-76,10,0,0,0,0,15,0,0,0,-1,11,354,-8,519,516,0,-1,-1,-1,0x1020480010840205,1512,1502,1589,1500,2012,1500,1505,1500,1500,1500,988,1500,1500,1500,1500,1500,1500,1500,1173,2012,1500,1555,1500,2012,1500,1509,1504,1500,1520,1505,1500,988,8.3
2025-05-10,18:20:56.310,-77,-80,25,0,0,0,0,15,0,0,0,-3,5,354,-8,519,516,0,-1,-1,-1,0x1020480010840205,1512,1501,1589,1500,2012,1499,1502,1500,1500,1499,988,1500,1500,1500,1500,1500,1500,1500,1372,2012,1500,1555,1500,2012,1500,1504,1502,1500,1520,1505,1500,988,8.3
2025-05-10,18:20:56.810,-83,-77,10,0,0,0,0,15,0,0,0,-3,8,354,-9,519,516,0,-1,-1,-1,0x1020480010840205,1512,1501,1589,1500,2012,1499,1504,1500,1500,1499,988,1500,1500,1500,1500,1500,1500,1500,1372,2012,1500,1555,1500,2012,1500,1506,1503,1500,1520,1505,1500,988,8.3
2025-05-10,18:20:57.310,-84,-77,10,0,0,0,0,15,0,0,0,-2,7,354,-9,519,516,0,-1,-1,-1,0x1020480010840205,1512,1501,1589,1500,2012,1499,1503,1500,1500,1499,988,1500,1500,1500,1500,1500,1500,1500,1500,2012,1500,1555,1500,2012,1500,1506,1503,1500,1520,1505,1500,988,8.3
2025-05-10,18:20:57.810,-84,-76,10,0,0,0,0,15,0,0,0,-2,6,354,-9,519,516,0,-1,-1,-1,0x1020480010840205,1512,1501,1589,1500,2012,1499,1503,1500,1500,1499,988,1500,1500,1500,1500,1500,1500,1500,1500,2012,1500,1555,1500,2012,1500,1505,1502,1500,1520,1505,1500,988,8.3
2025-05-10,18:20:58.310,-70,-79,100,0,0,0,0,15,0,0,0,-3,8,354,-9,519,516,0,-1,-1,-1,0x1020480010840205,1512,1501,1589,1500,2012,1499,1504,1500,1500,1499,988,1500,1500,1500,1500,1500,1500,1500,1500,2012,1500,1555,1500,2012,1500,1505,1503,1500,1520,1505,1500,988,8.3
2025-05-10,18:20:58.810,-86,-82,10,0,0,0,0,15,0,0,0,-3,7,354,-8,519,516,0,-1,-1,-1,0x1020480010840205,1512,1501,1530,1500,2012,1499,1503,1500,1500,1499,988,1500,1500,1500,1500,1500,1500,1500,1500,2012,1500,1555,1500,2012,1500,1505,1503,1500,1520,1505,1500,988,8.3
2025-05-10,18:20:59.310,-86,-81,10,0,0,0,0,15,0,0,0,-3,7,354,-8,519,516,0,-1,-1,-1,0x1020480010840204,1512,1501,1500,1500,2012,1499,1503,1500,1500,1499,988,1500,1500,1500,1500,1500,1500,1500,1500,2012,1500,1555,1500,2012,1500,1505,1503,1500,1520,1505,1500,988,8.3
2025-05-10,18:20:59.810,-86,-81,10,0,0,0,0,15,0,0,0,-4,8,354,-9,519,516,0,-1,-1,-1,0x1020480010840204,1511,1501,1500,1500,2012,1498,1504,1500,1500,1498,988,1500,1500,1500,1500,1500,1500,1500,1500,2012,1500,1555,1500,2012,1500,1506,1503,1500,1520,1505,1500,988,8.3
2025-05-10,18:21:00.310,-87,-83,10,0,0,0,0,15,0,0,0,-3,7,354,-8,519,516,0,-1,-1,-1,0x1020480010840204,1512,1501,1500,1500,2012,1499,1503,1500,1500,1499,988,1500,1500,1500,1500,1500,1500,1500,1500,2012,1500,1555,1500,2012,1500,1505,1503,1500,1520,1505,1500,988,8.3
2025-05-10,18:21:00.810,-81,-89,10,0,0,0,0,15,0,0,0,-3,7,354,-8,519,516,0,-1,-1,-1,0x1020480010840204,1512,1501,1500,1500,2012,1499,1503,1500,1500,1499,988,1500,1500,1500,1500,1500,1500,1500,1500,2012,1500,1555,1500,2012,1500,1505,1503,1500,1520,1505,1500,988,8.3
2025-05-10,18:21:01.300,-90,-84,50,0,0,0,0,15,0,0,0,-3,7,354,-8,519,516,0,-1,-1,-1,0x1020480010840204,1512,1501,1500,1500,2012,1499,1503,1500,1500,1499,988,1500,1500,1500,1500,1500,1500,1500,1500,2012,1500,1555,1500,2012,1500,1505,1503,1500,1520,1505,1500,988,8.3
2025-05-10,18:21:01.810,-84,-86,10,0,0,0,0,15,0,0,0,-3,7,354,-8,519,516,0,-1,-1,-1,0x1020480010840204,1512,1501,1500,1500,2012,1499,1503,1500,1500,1499,988,1500,1500,1500,1500,1500,1500,1500,1500,2012,1500,1555,1500,2012,1500,1505,1503,1500,1520,1505,1500,988,8.3
2025-05-10,18:21:02.310,-85,-82,100,0,0,0,0,15,0,0,0,-3,7,354,-9,519,516,0,-1,-1,-1,0x1020480010840204,1512,1501,1500,1500,2012,1499,1503,1500,1500,1499,988,1500,1500,1500,1500,1500,1500,1500,1500,2012,1500,1555,1500,2012,1500,1505,1503,1500,1520,1505,1500,988,8.3
2025-05-10,18:21:02.810,-85,-82,10,0,0,0,0,15,0,0,0,-3,6,354,-9,519,516,0,-1,-1,-1,0x1020480010840204,1512,1501,1500,1500,2012,1499,1503,1500,1500,1499,988,1500,1500,1500,1500,1500,1500,1500,1500,2012,1500,1555,1500,2012,1500,1505,1503,1500,1520,1505,1500,988,8.3
2025-05-10,18:21:03.310,-82,-79,10,0,0,0,0,15,0,0,0,-3,6,354,-8,519,516,0,-1,-1,-1,0x1020480010840204,1512,1501,1500,1500,2012,1499,1503,1500,1500,1499,988,1500,1500,1500,1500,1500,1500,1500,1500,2012,1500,1555,1500,2012,1500,1505,1502,1500,1520,1505,1500,988,8.3
2025-05-10,18:21:03.810,-88,-84,10,0,0,0,0,15,0,0,0,-3,6,354,-8,519,516,0,-1,-1,-1,0x1020480010840204,1512,1501,1500,1500,2012,1499,1503,1500,1500,1499,988,1500,1500,1500,1500,1500,1500,1500,1500,2012,1500,1555,1500,2012,1500,1505,1502,1500,1520,1505,1500,988,8.3
2025-05-10,18:21:04.300,-88,-80,10,0,0,0,0,15,0,0,0,-4,6,354,-9,519,516,0,-1,-1,-1,0x1020480010840204,1512,1501,1500,1500,2012,1498,1503,1500,1500,1499,988,1500,1500,1500,1500,1500,1500,1500,1500,2012,1500,1555,1500,2012,1500,1505,1502,1500,1520,1505,1500,988,8.3
2025-05-10,18:21:04.810,-88,-81,10,0,0,0,0,15,0,0,0,-3,6,354,-8,519,516,0,-1,-1,-1,0x1020480010840204,1512,1501,1500,1500,2012,1499,1503,1500,1500,1499,988,1500,1500,1500,1500,1500,1500,1500,1500,2012,1500,1555,1500,2012,1500,1505,1502,1500,1520,1505,1500,988,8.3
2025-05-10,18:21:05.300,-85,-84,10,0,0,0,0,15,0,0,0,-3,6,354,-8,519,516,0,-1,-1,-1,0x1020480010840204,1512,1501,1500,1500,2012,1499,1503,1500,1500,1499,988,1500,1500,1500,1500,1500,1500,1500,1500,2012,1500,1555,1500,2012,1500,1505,1502,1500,1520,1505,1500,988,8.3
2025-05-10,18:21:05.800,-85,-81,10,0,0,0,0,15,0,0,0,-3,6,354,-9,519,516,0,-1,-1,-1,0x1020480010840204,1512,1501,1500,1500,2012,1499,1503,1500,1500,1499,988,1500,1500,1500,1500,1500,1500,1500,1500,2012,1500,1555,1500,2012,1500,1505,1502,1500,1520,1505,1500,988,8.3
2025-05-10,18:21:06.300,-84,-83,10,0,0,0,0,15,0,0,0,-3,5,354,-8,519,516,0,-1,-1,-1,0x1020480010840204,1512,1501,1500,1500,2012,1499,1502,1500,1500,1499,988,1500,1500,1500,1500,1500,1500,1500,1500,2012,1500,1555,1500,2012,1500,1505,1502,1500,1520,1505,1500,988,8.3
2025-05-10,18:21:06.800,-79,-85,50,0,0,0,0,15,0,0,0,-4,6,354,-9,519,516,0,-1,-1,-1,0x1020480010840204,1511,1501,1500,1500,2012,1498,1503,1500,1500,1498,988,1500,1500,1500,1500,1500,1500,1500,1500,2012,1500,1555,1500,2012,1500,1505,1502,1500,1520,1505,1500,988,8.3
2025-05-10,18:21:07.300,-84,-89,10,0,0,0,0,15,0,0,0,-3,7,354,-8,519,516,0,-1,-1,-1,0x1020480010840204,1512,1501,1500,1500,2012,1499,1503,1500,1500,1499,988,1500,1500,1500,1500,1500,1500,1500,1500,2012,1500,1555,1500,2012,1500,1505,1503,1500,1520,1505,1500,988,8.3
2025-05-10,18:21:07.800,-81,-83,25,0,0,0,0,15,0,0,0,-3,5,354,-9,519,516,0,-1,-1,-1,0x1020480010840204,1512,1501,1500,1500,2012,1499,1502,1500,1500,1499,988,1500,1500,1500,1500,1500,1500,1500,1500,2012,1500,1555,1500,2012,1500,1504,1502,1500,1520,1505,1500,988,8.3
2025-05-10,18:21:08.300,-79,-90,50,0,0,0,0,15,0,0,0,-3,6,354,-8,519,516,0,-1,-1,-1,0x1020480010840204,1512,1501,1500,1500,2012,1499,1503,1500,1500,1499,988,1500,1500,1500,1500,1500,1500,1500,1500,2012,1500,1555,1500,2012,1500,1505,1502,1500,1520,1505,1500,988,8.3
2025-05-10,18:21:08.800,-82,-84,25,0,0,0,0,15,0,0,0,-4,6,354,-9,519,516,0,-1,-1,-1,0x1020480010840204,1512,1501,1500,1500,2012,1498,1503,1500,1500,1499,988,1500,1500,1500,1500,1500,1500,1500,1500,2012,1500,1555,1500,2012,1500,1505,1502,1500,1520,1505,1500,988,8.3
2025-05-10,18:21:09.300,-82,-85,250,0,0,0,0,15,0,0,0,-4,7,354,-9,519,516,0,-1,-1,-1,0x1020480010840204,1511,1501,1500,1500,2012,1498,1503,1500,1500,1498,988,1500,1500,1500,1500,1500,1500,1500,1500,2012,1500,1555,1500,2012,1500,1505,1503,1500,1520,1505,1500,988,8.3
2025-05-10,18:21:09.800,-83,-79,10,0,0,0,0,15,0,0,0,-3,9,354,-9,519,515,0,-1,-1,-1,0x1020480010840204,1512,1501,1500,1500,2012,1499,1504,1500,1500,1499,988,1500,1500,1500,1500,1500,1500,1500,1500,2012,1500,1555,1500,2012,1500,1508,1504,1500,1520,1505,1500,988,8.3
2025-05-10,18:21:10.300,-82,-80,50,0,0,0,0,15,0,0,0,-3,11,354,-8,519,516,0,-1,-1,-1,0x1020480010840204,1512,1502,1500,1500,2012,1499,1505,1500,1500,1499,988,1500,1500,1500,1500,1500,1500,1500,1500,2012,1500,1555,1500,2012,1500,1509,1504,1500,1520,1505,1500,988,8.3
2025-05-10,18:21:10.800,-90,-81,10,0,0,0,0,15,0,0,0,-3,2,354,-9,519,516,0,-1,-1,-1,0x1020480010840204,1512,1500,1500,1500,2012,1499,1501,1500,1500,1499,988,1500,1500,1500,1500,1500,1500,1500,1500,2012,1500,1555,1500,2012,1500,1501,1500,1500,1520,1505,1500,988,8.3
2025-05-10,18:21:11.300,-85,-80,10,0,0,0,0,15,0,0,0,-4,-18,354,-8,519,516,0,-1,-1,-1,0x1020480010840204,1511,1492,1500,1500,2012,1498,1491,1492,1500,1498,988,1500,1500,1500,1500,1500,1500,1492,1500,2012,1500,1555,1500,2012,1500,1485,1500,1500,1520,1505,1500,988,8.3
2025-05-10,18:21:11.800,-86,-78,10,0,0,0,0,15,0,0,0,0,4,354,-8,519,516,0,-1,-1,-1,0x1020480010840204,1512,1500,1500,1500,2012,1500,1502,1500,1500,1500,988,1500,1500,1500,1500,1500,1500,1500,1500,2012,1500,1555,1500,2012,1500,1503,1501,1500,1520,1505,1500,988,8.3
2025-05-10,18:21:12.300,-81,-82,10,0,0,0,0,15,0,0,0,8,54,354,-9,519,516,0,-1,-1,-1,0x1020480010840205,1514,1509,1532,1500,2012,1504,1527,1500,1500,1503,988,1500,1500,1500,1500,1500,1500,1500,1117,1883,1500,1555,1500,2012,1500,1541,1523,1500,1520,1505,1500,988,8.3
2025-05-10,18:21:12.800,-81,-78,10,0,0,0,0,15,0,0,0,197,361,354,-9,519,516,0,-1,-1,-1,0x1020480014840205,1532,1548,1589,1500,2012,1598,1680,1500,1500,1544,988,1500,1500,1500,1500,1500,1500,1500,1372,1628,1500,1555,1500,2012,1500,1726,1621,1500,1520,1505,1500,988,8.3
2025-05-10,18:21:13.300,-76,-75,10,0,0,0,0,15,0,0,0,4,1024,354,-8,519,516,0,-1,-1,-1,0x1020480010842205,1516,1705,1589,1500,2012,1502,2012,1500,1500,1509,988,1500,1500,1500,1500,1500,1500,1500,1372,1628,1500,1555,1500,2012,1500,2012,2012,1500,1520,1505,1500,988,8.3
2025-05-10,18:21:13.800,-71,-73,10,0,0,0,0,15,0,0,0,-81,452,354,-8,519,516,0,-1,-1,-1,0x1020480014840205,1502,1561,1589,1500,2012,1460,1726,1500,1500,1472,988,1500,1500,1500,1500,1500,1500,1500,1372,1628,1500,1555,1500,2012,1500,1768,1654,1500,1520,1505,1500,988,8.3
2025-05-10,18:21:14.300,-70,-67,10,0,0,0,0,15,0,0,0,-250,530,354,-8,519,516,0,-1,-1,-1,0x1020480014840205,1475,1580,1589,1500,2012,1375,1765,1500,1500,1394,988,1500,1500,1500,1500,1500,1500,1500,1372,1628,1500,1555,1500,2012,1500,1823,1700,1500,1520,1505,1500,988,8.3
2025-05-10,18:21:14.800,-74,-65,10,0,0,0,0,15,0,0,0,-1024,713,354,-8,519,516,0,-1,-1,-1,0x1020480014840A05,1177,1608,1589,1500,2012,988,1857,1500,1500,988,988,1500,1500,1500,1500,1500,1500,1500,1372,1628,1500,1555,1500,2012,1500,1894,1769,1500,1520,1505,1500,988,8.3
2025-05-10,18:21:15.300,-67,-68,10,0,0,0,0,15,0,0,0,-930,910,354,-9,519,516,0,-1,-1,-1,0x1020480014842A05,1234,1668,1589,1500,2012,1035,1955,1500,1500,1034,988,1500,1500,1500,1500,1500,1500,1500,1372,1628,1500,1555,1500,2012,1500,1971,1919,1500,1520,1505,1500,988,8.3
2025-05-10,18:21:15.800,-64,-60,10,0,0,0,0,15,0,0,0,1,1015,353,-9,519,516,0,-1,-1,-1,0x1020480010842205,1512,1702,1589,1500,2012,1500,2007,1500,1500,1500,988,1500,1500,1500,1500,1500,1500,1500,1372,1628,1500,1555,1500,2012,1500,2009,2004,1500,1520,1505,1500,988,8.3
2025-05-10,18:21:16.300,-64,-63,10,0,0,0,0,15,0,0,0,2,1013,354,-8,519,516,0,-1,-1,-1,0x1020480010842605,1513,1701,1589,1500,2012,1501,2006,1500,1500,1501,988,1500,1500,1500,1500,1500,1500,1500,1372,1628,1500,1555,1500,2012,1500,2008,2003,1500,1520,1505,1500,988,8.3
2025-05-10,18:21:16.800,-69,-65,10,0,0,0,0,15,0,0,0,96,1012,354,-9,519,516,0,-1,-1,-1,0x1020480014842605,1533,1701,1589,1500,2012,1548,2006,1500,1500,1548,988,1500,1500,1500,1500,1500,1500,1500,1372,1628,1500,1555,1500,2012,1500,2008,2002,1500,1520,1505,1500,988,8.3
2025-05-10,18:21:17.300,-66,-65,10,0,0,0,0,15,0,0,0,198,1013,354,-9,519,516,0,-1,-1,-1,0x1020480014842605,1559,1701,1589,1500,2012,1599,2006,1500,1500,1604,988,1500,1500,1500,1500,1500,1500,1500,1372,1628,1500,1555,1500,2012,1500,2008,2003,1500,1520,1505,1500,988,8.3
2025-05-10,18:21:17.800,-64,-70,10,0,0,0,0,15,0,0,0,406,1016,354,-8,519,516,0,-1,-1,-1,0x1020480014842605,1603,1702,1589,1500,2012,1703,2008,1500,1500,1702,988,1500,1500,1500,1500,1500,1500,1500,1372,1628,1500,1555,1500,2012,1500,2009,2004,1500,1520,1505,1500,988,8.3
2025-05-10,18:21:18.300,-66,-70,10,0,0,0,0,15,0,0,0,1,1016,354,-8,519,516,0,-1,-1,-1,0x1020480010842605,1512,1702,1589,1500,2012,1500,2008,1500,1500,1500,988,1500,1500,1500,1500,1500,1500,1500,1372,1628,1500,1555,1500,2012,1500,2009,2005,1500,1520,1505,1500,988,8.3
2025-05-10,18:21:18.800,-64,-68,10,0,0,0,0,15,0,0,0,348,1016,354,-8,519,516,0,-1,-1,-1,0x1020480014842605,1584,1702,1589,1500,2012,1685,2008,1500,1500,1656,988,1500,1500,1500,1500,1500,1500,1500,1372,1628,1500,1555,1500,2012,1500,2009,2005,1500,1520,1505,1500,988,8.3
2025-05-10,18:21:19.300,-63,-68,10,0,0,0,0,15,0,0,0,383,459,354,-8,519,516,0,-1,-1,-1,0x1020480014840605,1596,1567,1589,1500,2012,1691,1729,1500,1500,1686,988,1500,1500,1500,1500,1500,1500,1500,1372,1628,1500,1555,1500,2012,1500,1788,1668,1500,1520,1505,1500,988,8.3
2025-05-10,18:21:19.800,-87,-74,10,0,0,0,0,15,0,0,0,1003,636,354,-9,519,516,0,-1,-1,-1,0x1020480014840605,1782,1595,1589,1500,2012,2001,1818,1500,1500,2008,988,1500,1500,1500,1500,1500,1500,1500,1372,1628,1500,1555,1500,2012,1500,1867,1738,1500,1520,1505,1500,988,8.3
2025-05-10,18:21:20.300,-68,-69,10,0,0,0,0,15,0,0,0,778,855,354,-9,519,516,0,-1,-1,-1,0x1020480014842205,1695,1650,1589,1500,2012,1894,1927,1500,1500,1888,988,1500,1500,1500,1500,1500,1500,1500,1372,1628,1500,1555,1500,2012,1500,1952,1876,1500,1520,1505,1500,988,8.3
2025-05-10,18:21:20.800,-73,-73,10,0,0,0,0,15,0,0,0,562,969,353,-9,519,516,0,-1,-1,-1,0x1020480014842205,1637,1687,1589,1500,2012,1781,1984,1500,1500,1780,988,1500,1500,1500,1500,1500,1500,1500,1372,1628,1500,1555,1500,2012,1500,1992,1967,1500,1520,1505,1500,988,8.3
2025-05-10,18:21:21.300,-80,-73,10,0,0,0,0,15,0,0,0,267,1018,354,-8,519,516,0,-1,-1,-1,0x1020480014842605,1571,1703,1589,1500,2012,1633,2009,1500,1500,1628,988,1500,1500,1500,1500,1500,1500,1500,1372,1628,1500,1555,1500,2012,1500,2010,2007,1500,1520,1505,1500,988,8.3
2025-05-10,18:21:21.800,-83,-86,10,0,0,0,0,15,0,0,0,342,1018,354,-9,519,516,0,-1,-1,-1,0x1020480014842605,1590,1703,1589,1500,2012,1671,2009,1500,1500,1670,988,1500,1500,1500,1500,1500,1500,1500,1372,1628,1500,1555,1500,2012,1500,2010,2007,1500,1520,1505,1500,988,8.3
2025-05-10,18:21:22.300,-79,-82,25,0,0,0,0,15,0,0,0,-2,1017,354,-9,519,516,0,-1,-1,-1,0x1020480010842605,1512,1702,1589,1500,2012,1499,2008,1500,1500,1499,988,1500,1500,1500,1500,1500,1500,1500,1372,1628,1500,1555,1500,2012,1500,2009,2006,1500,1520,1505,1500,988,8.3
2025-05-10,18:21:22.800,-73,-81,10,0,0,0,0,15,0,0,0,-110,817,354,-8,519,516,0,-1,-1,-1,0x1020480014840605,1496,1638,1589,1500,2012,1445,1908,1500,1500,1452,988,1500,1500,1500,1500,1500,1500,1500,1372,1628,1500,1555,1500,2012,1500,1938,1845,1500,1520,1505,1500,988,8.3
2025-05-10,18:21:23.300,-82,-74,10,0,0,0,0,15,0,0,0,-1022,360,354,-8,519,516,0,-1,-1,-1,0x1020480014840605,1179,1554,1589,1500,2012,989,1680,1500,1500,990,988,1500,1500,1500,1500,1500,1500,1500,1372,1628,1500,1555,1500,2012,1500,1738,1635,1500,1520,1505,1500,988,8.3
2025-05-10,18:21:23.770,-76,-72,10,0,0,0,0,15,0,0,0,-890,460,354,-8,519,515,0,-1,-1,-1,0x1020480014840E05,1267,1568,1589,1500,2012,1055,1730,1500,1500,1061,988,1500,1500,1500,1500,1500,1500,1500,1372,1628,1500,1555,1500,2012,1500,1840,1670,1500,1520,1505,1500,988,8.3
2025-05-10,18:21:24.270,-73,-65,10,0,0,0,0,15,0,0,0,-1024,991,354,-9,519,516,0,-1,-1,-1,0x1020480014842E05,1177,1694,1589,1500,2012,988,1995,1500,1500,988,988,1500,1500,1500,1500,1500,1500,1500,1372,1628,1500,1555,1500,2012,1500,2000,1984,1500,1520,1505,1500,988,8.3
2025-05-10,18:21:24.770,-70,-67,10,4158,11760,37,1,15,7877,0,0,-678,863,354,-9,519,516,0,-1,-1,-1,0x1020480014842E05,1324,1653,1589,1500,2012,1161,1931,1500,1500,1122,988,1500,1500,1500,1500,1500,1500,1500,1372,1628,1500,1555,1500,2012,1500,1955,1882,1500,1520,1505,1500,988,8.3
2025-05-10,18:21:25.270,-70,-64,10,4119,17290,37,1,15,11790,0,2,611,988,354,-8,519,516,0,-1,-1,-1,0x1020480014842205,1649,1693,1589,1500,2012,1805,1994,1500,1500,1805,988,1500,1500,1500,1500,1500,1500,1500,1372,1628,1500,1555,1500,2012,1500,2000,1984,1500,1520,1505,1500,988,8.3
2025-05-10,18:21:25.770,-69,-63,10,4097,14380,37,1,15,14011,0,4,205,1020,354,-9,519,516,0,-1,-1,-1,0x1020480014842205,1558,1703,1589,1500,2012,1602,2010,1500,1500,1602,988,1500,1500,1500,1500,1500,1500,1500,1372,1628,1500,1555,1500,2012,1500,2010,2008,1500,1520,1505,1500,988,8.3
2025-05-10,18:21:26.270,-69,-65,10,4093,13950,36,1,15,13536,0,6,180,1010,354,-9,519,516,0,-1,-1,-1,0x1020480014842205,1552,1700,1589,1500,2012,1590,2005,1500,1500,1589,988,1500,1500,1500,1500,1500,1500,1500,1372,1628,1500,1555,1500,2012,1500,2007,2000,1500,1520,1505,1500,988,8.3
2025-05-10,18:21:26.770,-69,-65,10,4099,3070,36,1,15,12147,0,7,374,587,354,-8,519,516,0,-1,-1,-1,0x1020480014840205,1596,1587,1589,1500,2012,1687,1793,1500,1500,1686,988,1500,1500,1500,1500,1500,1500,1500,1372,1628,1500,1555,1500,2012,1500,1848,1717,1500,1520,1505,1500,988,8.3
2025-05-10,18:21:27.270,-66,-65,10,4182,970,36,1,15,6687,0,8,1024,311,354,-9,519,516,0,-1,-1,-1,0x1020480014840205,1786,1541,1589,1500,2012,2012,1655,1500,1500,2012,988,1500,1500,1500,1500,1500,1500,1500,1372,1628,1500,1555,1500,2012,1500,1698,1602,1500,1520,1505,1500,988,8.3
2025-05-10,18:21:27.770,-74,-76,10,4187,14120,36,1,15,6046,0,8,110,920,354,-8,519,516,0,-1,-1,-1,0x1020480014842205,1536,1668,1589,1500,2012,1555,1960,1500,1500,1554,988,1500,1500,1500,1500,1500,1500,1500,1372,1628,1500,1555,1500,2012,1500,1967,1911,1500,1520,1505,1500,988,8.3
2025-05-10,18:21:28.270,-78,-78,10,4170,23830,36,1,15,10434,0,11,369,1013,354,-8,519,516,0,-1,-1,-1,0x1020480014842205,1596,1701,1589,1500,2012,1684,2006,1500,1500,1684,988,1500,1500,1500,1500,1500,1500,1500,1372,1628,1500,1555,1500,2012,1500,2008,2003,1500,1520,1505,1500,988,8.3
2025-05-10,18:21:28.770,-78,-77,10,4084,14040,37,1,15,13278,0,13,438,1014,354,-9,519,516,0,-1,-1,-1,0x1020480014842605,1603,1701,1589,1500,2012,1728,2007,1500,1500,1703,988,1500,1500,1500,1500,1500,1500,1500,1372,1628,1500,1555,1500,2012,1500,2008,2003,1500,1520,1505,1500,988,8.3
2025-05-10,18:21:29.270,-76,-83,10,4091,14280,37,1,15,13633,0,15,298,1015,354,-8,519,516,0,-1,-1,-1,0x1020480014842605,1592,1702,1589,1500,2012,1649,2007,1500,1500,1676,988,1500,1500,1500,1500,1500,1500,1500,1372,1628,1500,1555,1500,2012,1500,2008,2003,1500,1520,1505,1500,988,8.3
2025-05-10,18:21:29.770,-80,-74,10,4098,14230,37,1,15,13484,0,17,135,1016,354,-9,519,516,0,-1,-1,-1,0x1020480014842605,1543,1702,1589,1500,2012,1567,2008,1500,1500,1568,988,1500,1500,1500,1500,1500,1500,1500,1372,1628,1500,1555,1500,2012,1500,2009,2005,1500,1520,1505,1500,988,8.3
2025-05-10,18:21:30.270,-77,-79,10,4100,13750,37,1,15,14068,0,19,0,1016,354,-8,519,516,0,-1,-1,-1,0x1020480010842605,1512,1702,1589,1500,2012,1500,2008,1500,1500,1500,988,1500,1500,1500,1500,1500,1500,1500,1372,1628,1500,1555,1500,2012,1500,2009,2005,1500,1520,1505,1500,988,8.3
2025-05-10,18:21:30.770,-76,-79,10,4101,13200,37,1,15,14954,0,21,2,1017,354,-8,519,516,0,-1,-1,-1,0x1020480010842605,1512,1702,1589,1500,2012,1501,2008,1500,1500,1500,988,1500,1500,1500,1500,1500,1500,1500,1372,1628,1500,1555,1500,2012,1500,2009,2006,1500,1520,1505,1500,988,8.3
2025-05-10,18:21:31.270,-71,-79,10,4104,12390,37,1,15,15471,0,22,302,1016,354,-8,519,516,0,-1,-1,-1,0x1020480014842605,1581,1702,1589,1500,2012,1651,2008,1500,1500,1651,988,1500,1500,1500,1500,1500,1500,1500,1372,1628,1500,1555,1500,2012,1500,2009,2005,1500,1520,1505,1500,988,8.3
2025-05-10,18:21:31.770,-77,-63,10,4106,12520,37,1,15,16104,0,24,-58,1015,354,-8,519,516,0,-1,-1,-1,0x1020480014842605,1502,1702,1589,1500,2012,1471,2007,1500,1500,1472,988,1500,1500,1500,1500,1500,1500,1500,1372,1628,1500,1555,1500,2012,1500,2009,2004,1500,1520,1505,1500,988,8.3
2025-05-10,18:21:32.270,-77,-65,10,4108,12230,37,1,15,16171,0,25,-25,1016,354,-9,519,516,0,-1,-1,-1,0x1020480010842605,1508,1702,1589,1500,2012,1488,2008,1500,1500,1488,988,1500,1500,1500,1500,1500,1500,1500,1372,1628,1500,1555,1500,2012,1500,2009,2004,1500,1520,1505,1500,988,8.3
2025-05-10,18:21:32.770,-68,-65,10,4110,11820,37,1,15,16857,0,27,93,1015,354,-8,519,516,0,-1,-1,-1,0x1020480014842205,1533,1702,1589,1500,2012,1546,2007,1500,1500,1547,988,1500,1500,1500,1500,1500,1500,1500,1372,1628,1500,1555,1500,2012,1500,2009,2004,1500,1520,1505,1500,988,8.3
2025-05-10,18:21:33.270,-69,-61,10,4111,11630,37,1,15,17100,0,28,2,1016,354,-9,519,516,0,-1,-1,-1,0x1020480010842205,1513,1702,1589,1500,2012,1500,2008,1500,1500,1501,988,1500,1500,1500,1500,1500,1500,1500,1372,1628,1500,1555,1500,2012,1500,2009,2004,1500,1520,1505,1500,988,8.3
2025-05-10,18:21:33.770,-72,-72,10,4111,11460,37,1,15,17691,0,30,67,1015,354,-9,519,516,0,-1,-1,-1,0x1020480014842205,1530,1702,1589,1500,2012,1533,2007,1500,1500,1540,988,1500,1500,1500,1500,1500,1500,1500,1372,1628,1500,1555,1500,2012,1500,2009,2004,1500,1520,1505,1500,988,8.3
2025-05-10,18:21:34.270,-72,-74,10,4112,11410,37,1,15,16857,1,31,74,1015,354,-8,519,516,0,-1,-1,-1,0x1020480014842205,1528,1702,1589,1500,2012,1537,2007,1500,1500,1536,988,1500,1500,1500,1500,1500,1500,1500,1372,1628,1500,1555,1500,2012,1500,2008,2004,1500,1520,1505,1500,988,8.3
2025-05-10,18:21:34.770,-80,-71,10,5000,11860,37,1,15,17523,1,33,165,1016,354,-8,519,516,0,-1,-1,-1,0x1020480014842205,1549,1702,1589,1500,2012,1582,2008,1500,1500,1582,988,1500,1500,1500,1500,1500,1500,1500,1372,1628,1500,1555,1500,2012,1500,2009,2005,1500,1520,1505,1500,988,8.3
2025-05-10,18:21:35.270,-80,-73,10,4112,2710,37,1,15,15008,1,34,754,538,354,-9,519,516,0,-1,-1,-1,0x1020480014840205,1688,1579,1589,1500,2012,1877,1768,1500,1500,1876,988,1500,1500,1500,1500,1500,1500,1500,1372,1628,1500,1555,1500,2012,1500,1825,1698,1500,1520,1505,1500,988,8.3
2025-05-10,18:21:35.770,-71,-74,10,4138,2210,37,1,15,11507,1,34,7,449,354,-8,519,516,0,-1,-1,-1,0x1020480010840205,1514,1566,1589,1500,2012,1503,1724,1500,1500,1503,988,1500,1500,1500,1500,1500,1500,1500,1372,1628,1500,1555,1500,2012,1500,1783,1665,1500,1520,1505,1500,988,8.3
2025-05-10,18:21:36.270,-70,-76,10,4178,1390,37,1,15,8893,1,34,-911,320,354,-9,519,516,0,-1,-1,-1,0x1020480014840205,1211,1546,1589,1500,2012,1045,1660,1500,1500,1016,988,1500,1500,1500,1500,1500,1500,1500,1372,1628,1500,1555,1500,2012,1500,1716,1615,1500,1520,1505,1500,988,8.3
2025-05-10,18:21:36.770,-70,-76,10,4181,2680,37,1,15,7399,1,35,1024,440,354,-9,519,516,0,-1,-1,-1,0x1020480014840205,1786,1565,1589,1500,2012,2012,1720,1500,1500,2012,988,1500,1500,1500,1500,1500,1500,1500,1372,1628,1500,1555,1500,2012,1500,1779,1662,1500,1520,1505,1500,988,8.3
2025-05-10,18:21:37.270,-70,-65,10,4181,2500,37,1,15,5709,1,36,-531,603,354,-9,519,516,0,-1,-1,-1,0x1020480014840205,1349,1585,1589,1500,2012,1235,1801,1500,1500,1154,988,1500,1500,1500,1500,1500,1500,1500,1372,1628,1500,1555,1500,2012,1500,1844,1712,1500,1520,1505,1500,988,8.3
2025-05-10,18:21:37.770,-73,-73,10,4165,27470,37,1,15,10916,1,37,136,1020,354,-9,519,516,0,-1,-1,-1,0x1020480014842205,1536,1703,1589,1500,2012,1575,2010,1500,1500,1553,988,1500,1500,1500,1500,1500,1500,1500,1372,1628,1500,1555,1500,2012,1500,2010,2008,1500,1520,1505,1500,988,8.3
2025-05-10,18:21:38.270,-70,-72,10,4158,16850,37,1,15,8651,1,38,95,900,354,-8,519,516,0,-1,-1,-1,0x1020480014842205,1536,1665,1589,1500,2012,1547,1950,1500,1500,1553,988,1500,1500,1500,1500,1500,1500,1500,1372,1628,1500,1555,1500,2012,1500,1968,1913,1500,1520,1505,1500,988,8.3
2025-05-10,18:21:38.770,-76,-75,10,4091,15230,37,1,15,12752,1,41,510,1018,354,-8,519,516,0,-1,-1,-1,0x1020480014842205,1623,1703,1589,1500,2012,1755,2009,1500,1500,1750,988,1500,1500,1500,1500,1500,1500,1500,1372,1628,1500,1555,1500,2012,1500,2010,2007,1500,1520,1505,1500,988,8.3
2025-05-10,18:21:39.270,-79,-78,10,4088,13200,37,1,15,14522,1,43,415,1017,354,-8,519,516,0,-1,-1,-1,0x1020480014842605,1612,1702,1589,1500,2012,1702,2008,1500,1500,1724,988,1500,1500,1500,1500,1500,1500,1500,1372,1628,1500,1555,1500,2012,1500,2009,2007,1500,1520,1505,1500,988,8.3
2025-05-10,18:21:39.770,-76,-78,10,4091,9070,37,1,15,13369,1,44,-475,697,354,-9,519,516,0,-1,-1,-1,0x1020480014840605,1417,1612,1589,1500,2012,1257,1848,1500,1500,1263,988,1500,1500,1500,1500,1500,1500,1500,1372,1628,1500,1555,1500,2012,1500,1911,1779,1500,1520,1505,1500,988,8.3
2025-05-10,18:21:40.270,-73,-78,10,4134,8640,37,1,15,4673,1,44,-784,799,354,-8,519,516,0,-1,-1,-1,0x1020480014840E05,1307,1628,1589,1500,2012,1108,1899,1500,1500,1102,988,1500,1500,1500,1500,1500,1500,1500,1372,1628,1500,1555,1500,2012,1500,1927,1821,1500,1520,1505,1500,988,8.3
2025-05-10,18:21:40.770,-66,-78,10,4141,20080,37,1,15,8678,1,46,-310,950,354,-9,519,516,0,-1,-1,-1,0x1020480014842E05,1457,1681,1589,1500,2012,1345,1975,1500,1500,1346,988,1500,1500,1500,1500,1500,1500,1500,1372,1628,1500,1555,1500,2012,1500,1982,1942,1500,1520,1505,1500,988,8.3
2025-05-10,18:21:41.270,-68,-70,10,4074,22190,37,1,15,11185,1,49,-444,1021,354,-8,519,516,0,-1,-1,-1,0x1020480014842E05,1424,1703,1589,1500,2012,1278,2010,1500,1500,1278,988,1500,1500,1500,1500,1500,1500,1500,1372,1628,1500,1555,1500,2012,1500,2011,2009,1500,1520,1505,1500,988,8.3
2025-05-10,18:21:41.770,-72,-71,10,4050,7690,37,1,15,13624,1,51,-290,1007,354,-8,519,516,0,-1,-1,-1,0x1020480014842605,1463,1699,1589,1500,2012,1355,2003,1500,1500,1361,988,1500,1500,1500,1500,1500,1500,1500,1372,1628,1500,1555,1500,2012,1500,1997,1977,1500,1520,1505,1500,988,8.3
2025-05-10,18:21:42.270,-72,-74,10,4074,6740,38,1,15,11658,1,52,412,1001,354,-8,519,516,0,-1,-1,-1,0x1020480014842605,1602,1697,1589,1500,2012,1711,2001,1500,1500,1699,988,1500,1500,1500,1500,1500,1500,1500,1372,1628,1500,1555,1500,2012,1500,1995,1962,1500,1520,1505,1500,988,8.3
2025-05-10,18:21:42.770,-72,-90,10,4124,13390,38,1,15,12798,1,53,16,663,354,-8,519,516,0,-1,-1,-1,0x1020480010840605,1515,1610,1589,1500,2012,1508,1825,1500,1500,1507,988,1500,1500,1500,1500,1500,1500,1500,1372,1628,1500,1555,1500,2012,1500,1933,1774,1500,1520,1505,1500,988,8.3
2025-05-10,18:21:43.270,-72,-90,10,4154,8900,37,1,15,17414,1,54,212,710,354,-8,519,516,0,-1,-1,-1,0x1020480014840205,1560,1614,1589,1500,2012,1606,1855,1500,1500,1605,988,1500,1500,1500,1500,1500,1500,1500,1372,1628,1500,1555,1500,2012,1500,1911,1786,1500,1520,1505,1500,988,8.3
2025-05-10,18:21:43.770,-74,-85,10,4146,1810,37,1,15,8930,1,56,-1,566,354,-9,519,516,0,-1,-1,-1,0x1020480010840205,1512,1579,1589,1500,2012,1500,1783,1500,1500,1499,988,1500,1500,1500,1500,1500,1500,1500,1372,1628,1500,1555,1500,2012,1500,1824,1697,1500,1520,1505,1500,988,8.3
2025-05-10,18:21:44.270,-75,-85,10,4141,22160,37,1,15,11327,1,57,247,1024,354,-8,519,516,0,-1,-1,-1,0x1020480014842205,1571,1705,1589,1500,2012,1623,2012,1500,1500,1630,988,1500,1500,1500,1500,1500,1500,1500,1372,1628,1500,1555,1500,2012,1500,2012,2012,1500,1520,1505,1500,988,8.3
2025-05-10,18:21:44.770,-80,-86,10,4128,3600,37,1,15,10456,1,58,104,462,354,-8,519,516,0,-1,-1,-1,0x1020480014840205,1535,1570,1589,1500,2012,1552,1731,1500,1500,1552,988,1500,1500,1500,1500,1500,1500,1500,1372,1628,1500,1555,1500,2012,1500,1796,1675,1500,1520,1505,1500,988,8.3
2025-05-10,18:21:45.270,-78,-78,10,4153,3750,37,1,15,9631,2,59,599,773,354,-8,519,516,0,-1,-1,-1,0x1020480014840205,1646,1620,1589,1500,2012,1799,1886,1500,1500,1799,988,1500,1500,1500,1500,1500,1500,1500,1372,1628,1500,1555,1500,2012,1500,1917,1801,1500,1520,1505,1500,988,8.3
2025-05-10,18:21:45.770,-72,-89,10,4160,3450,37,1,15,7436,2,59,690,590,354,-8,519,516,0,-1,-1,-1,0x1020480014840205,1670,1587,1589,1500,2012,1845,1795,1500,1500,1845,988,1500,1500,1500,1500,1500,1500,1500,1372,1628,1500,1555,1500,2012,1500,1848,1717,1500,1520,1505,1500,988,8.3
2025-05-10,18:21:46.270,-75,-68,10,4162,6360,37,1,15,7917,2,60,438,818,354,-8,519,516,0,-1,-1,-1,0x1020480014840205,1603,1639,1589,1500,2012,1719,1909,1500,1500,1704,988,1500,1500,1500,1500,1500,1500,1500,1372,1628,1500,1555,1500,2012,1500,1938,1847,1500,1520,1505,1500,988,8.3
2025-05-10,18:21:46.770,-74,-74,10,4159,5930,38,1,15,8564,2,61,15,739,354,-9,519,516,0,-1,-1,-1,0x1020480010840205,1518,1615,1589,1500,2012,1507,1869,1500,1500,1513,988,1500,1500,1500,1500,1500,1500,1500,1372,1628,1500,1555,1500,2012,1500,1909,1788,1500,1520,1505,1500,988,8.3
2025-05-10,18:21:47.270,-85,-87,10,4153,4590,38,1,15,8401,2,61,275,873,354,-9,519,516,0,-1,-1,-1,0x1020480014842205,1575,1656,1589,1500,2012,1637,1936,1500,1500,1637,988,1500,1500,1500,1500,1500,1500,1500,1372,1628,1500,1555,1500,2012,1500,1945,1861,1500,1520,1505,1500,988,8.3
2025-05-10,18:21:47.770,-86,-83,10,4149,3240,38,1,15,11431,2,64,530,515,354,-8,519,516,0,-1,-1,-1,0x1020480014840205,1627,1576,1589,1500,2012,1770,1752,1500,1500,1759,988,1500,1500,1500,1500,1500,1500,1500,1372,1628,1500,1555,1500,2012,1500,1816,1690,1500,1520,1505,1500,988,8.3
2025-05-10,18:21:48.270,-80,-84,10,4145,9970,38,1,15,11391,2,65,-265,716,354,-9,519,516,0,-1,-1,-1,0x1020480014840205,1470,1611,1589,1500,2012,1368,1858,1500,1500,1380,988,1500,1500,1500,1500,1500,1500,1500,1372,1628,1500,1555,1500,2012,1500,1901,1777,1500,1520,1505,1500,988,8.3
2025-05-10,18:21:48.770,-87,-81,10,4094,6510,38,1,15,15791,2,66,57,516,354,-9,519,516,0,-1,-1,-1,0x1020480014840205,1524,1580,1589,1500,2012,1528,1758,1500,1500,1528,988,1500,1500,1500,1500,1500,1500,1500,1372,1628,1500,1555,1500,2012,1500,1870,1699,1500,1520,1505,1500,988,8.3
2025-05-10,18:21:49.270,-78,-82,10,4121,3880,38,1,15,12006,2,67,1024,612,354,-8,519,516,0,-1,-1,-1,0x1020480014840205,1786,1588,1589,1500,2012,2012,1806,1500,1500,2012,988,1500,1500,1500,1500,1500,1500,1500,1372,1628,1500,1555,1500,2012,1500,1851,1721,1500,1520,1505,1500,988,8.3
2025-05-10,18:21:49.770,-83,-80,10,4110,16100,38,1,15,12346,2,69,-515,1019,354,-9,519,516,0,-1,-1,-1,0x1020480014842205,1409,1703,1589,1500,2012,1243,2009,1500,1500,1250,988,1500,1500,1500,1500,1500,1500,1500,1372,1628,1500,1555,1500,2012,1500,2010,2007,1500,1520,1505,1500,988,8.3
2025-05-10,18:21:50.270,-83,-82,10,4775,1610,38,1,15,10182,2,70,1024,220,354,-8,519,516,0,-1,-1,-1,0x1020480014840205,1786,1530,1589,1500,2012,2012,1610,1500,1500,2012,988,1500,1500,1500,1500,1500,1500,1500,1372,1628,1500,1555,1500,2012,1500,1656,1576,1500,1520,1505,1500,988,8.3
2025-05-10,18:21:50.770,-81,-81,10,4083,16010,39,1,15,9651,2,71,-687,821,354,-8,519,516,0,-1,-1,-1,0x1020480014842205,1356,1640,1589,1500,2012,1157,1910,1500,1500,1164,988,1500,1500,1500,1500,1500,1500,1500,1372,1628,1500,1555,1500,2012,1500,1944,1869,1500,1520,1505,1500,988,8.3
2025-05-10,18:21:51.270,-84,-77,10,4154,13020,40,1,15,7558,2,72,-76,848,354,-8,519,516,0,-1,-1,-1,0x1020480014842205,1499,1648,1589,1500,2012,1462,1924,1500,1500,1462,988,1500,1500,1500,1500,1500,1500,1500,1372,1628,1500,1555,1500,2012,1500,1950,1880,1500,1520,1505,1500,988,8.3
2025-05-10,18:21:51.770,-78,-76,10,4127,9410,39,1,15,7402,2,73,-670,806,354,-9,519,516,0,-1,-1,-1,0x1020480014840205,1352,1635,1589,1500,2012,1165,1903,1500,1500,1158,988,1500,1500,1500,1500,1500,1500,1500,1372,1628,1500,1555,1500,2012,1500,1934,1837,1500,1520,1505,1500,988,8.3
2025-05-10,18:21:52.270,-73,-77,10,4127,10160,39,1,15,8169,2,74,1,907,354,-8,519,516,0,-1,-1,-1,0x1020480010842605,1512,1663,1589,1500,2012,1500,1953,1500,1500,1500,988,1500,1500,1500,1500,1500,1500,1500,1372,1628,1500,1555,1500,2012,1500,1966,1899,1500,1520,1505,1500,988,8.3
2025-05-10,18:21:52.770,-82,-76,10,4120,20270,39,1,15,11319,2,77,-58,1020,353,-8,519,516,0,-1,-1,-1,0x1020480014842605,1502,1703,1589,1500,2012,1471,2010,1500,1500,1470,988,1500,1500,1500,1500,1500,1500,1500,1372,1628,1500,1555,1500,2012,1500,2010,2008,1500,1520,1505,1500,988,8.3
2025-05-10,18:21:53.270,-66,-86,10,4069,1700,38,1,15,12782,2,78,314,463,354,-8,519,516,0,-1,-1,-1,0x1020480014840605,1581,1566,1589,1500,2012,1657,1731,1500,1500,1650,988,1500,1500,1500,1500,1500,1500,1500,1372,1628,1500,1555,1500,2012,1500,1782,1664,1500,1520,1505,1500,988,8.3
2025-05-10,18:21:53.770,-67,-86,10,4118,10210,38,1,15,10479,2,79,605,878,354,-9,519,516,0,-1,-1,-1,0x1020480014842605,1647,1658,1589,1500,2012,1802,1939,1500,1500,1802,988,1500,1500,1500,1500,1500,1500,1500,1372,1628,1500,1555,1500,2012,1500,1960,1894,1500,1520,1505,1500,988,8.3
2025-05-10,18:21:54.270,-65,-86,10,4122,10900,38,1,15,10674,2,80,135,898,354,-8,519,516,0,-1,-1,-1,0x1020480014842605,1536,1665,1589,1500,2012,1567,1949,1500,1500,1554,988,1500,1500,1500,1500,1500,1500,1500,1372,1628,1500,1555,1500,2012,1500,1968,1911,1500,1520,1505,1500,988,8.3
2025-05-10,18:21:54.770,-65,-86,10,4119,7240,38,1,15,10181,2,81,407,776,354,-8,519,516,0,-1,-1,-1,0x1020480014840605,1603,1629,1589,1500,2012,1703,1888,1500,1500,1703,988,1500,1500,1500,1500,1500,1500,1500,1372,1628,1500,1555,1500,2012,1500,1927,1822,1500,1520,1505,1500,988,8.3
2025-05-10,18:21:55.270,-65,-86,10,4144,2860,38,1,15,8175,2,81,-1024,870,354,-9,519,516,0,-1,-1,-1,0x1020480014842605,1177,1655,1589,1500,2012,988,1935,1500,1500,988,988,1500,1500,1500,1500,1500,1500,1500,1372,1628,1500,1555,1500,2012,1500,1957,1887,1500,1520,1505,1500,988,8.3
2025-05-10,18:21:55.770,-62,-86,10,4163,5560,38,1,15,6677,2,82,-1024,550,354,-8,519,516,0,-1,-1,-1,0x1020480014840E05,1177,1581,1589,1500,2012,988,1775,1500,1500,988,988,1500,1500,1500,1500,1500,1500,1500,1372,1628,1500,1555,1500,2012,1500,1832,1703,1500,1520,1505,1500,988,8.3
2025-05-10,18:21:56.270,-57,-86,10,4144,15140,38,1,15,12643,2,84,-33,1018,354,-9,519,516,0,-1,-1,-1,0x1020480010842205,1506,1703,1589,1500,2012,1484,2009,1500,1500,1484,988,1500,1500,1500,1500,1500,1500,1500,1372,1628,1500,1555,1500,2012,1500,2010,2007,1500,1520,1505,1500,988,8.3
2025-05-10,18:21:56.770,-56,-86,10,4070,15560,38,1,15,12173,2,87,-23,1016,354,-8,519,516,0,-1,-1,-1,0x1020480010842205,1506,1702,1589,1500,2012,1489,2008,1500,1500,1483,988,1500,1500,1500,1500,1500,1500,1500,1372,1628,1500,1555,1500,2012,1500,2009,2005,1500,1520,1505,1500,988,8.3
2025-05-10,18:21:57.270,-60,-55,10,4071,2610,38,1,15,11841,3,88,-655,316,354,-8,519,516,0,-1,-1,-1,0x1020480014840205,1367,1547,1589,1500,2012,1173,1652,1500,1500,1179,988,1500,1500,1500,1500,1500,1500,1500,1372,1628,1500,1555,1500,2012,1500,1720,1617,1500,1520,1505,1500,988,8.3
2025-05-10,18:21:57.770,-73,-67,10,4081,1100,38,1,15,7234,3,89,-309,233,354,-9,519,516,0,-1,-1,-1,0x1020480014840A05,1457,1532,1589,1500,2012,1346,1616,1500,1500,1345,988,1500,1500,1500,1500,1500,1500,1500,1372,1628,1500,1555,1500,2012,1500,1664,1581,1500,1520,1505,1500,988,8.3
2025-05-10,18:21:58.270,-72,-71,10,4167,26400,38,1,15,10981,3,90,9,1012,354,-9,519,516,0,-1,-1,-1,0x1020480010842205,1514,1701,1589,1500,2012,1504,2006,1500,1500,1503,988,1500,1500,1500,1500,1500,1500,1500,1372,1628,1500,1555,1500,2012,1500,2008,2002,1500,1520,1505,1500,988,8.3
2025-05-10,18:21:58.770,-74,-70,10,4109,16460,38,1,15,11764,3,92,-205,1015,354,-8,519,516,0,-1,-1,-1,0x1020480014842205,1476,1702,1589,1500,2012,1398,2007,1500,1500,1398,988,1500,1500,1500,1500,1500,1500,1500,1372,1628,1500,1555,1500,2012,1500,2009,2004,1500,1520,1505,1500,988,8.3
2025-05-10,18:21:59.270,-78,-76,10,4075,10590,38,1,15,13013,3,94,231,345,354,-8,519,516,0,-1,-1,-1,0x1020480014840605,1561,1562,1589,1500,2012,1615,1672,1500,1500,1609,988,1500,1500,1500,1500,1500,1500,1500,1372,1628,1500,1555,1500,2012,1500,1887,1655,1500,1520,1505,1500,988,8.3
2025-05-10,18:21:59.770,-75,-87,10,4084,1270,38,1,15,10636,3,94,7,7,354,-8,519,516,0,-1,-1,-1,0x1020480010840605,1514,1501,1589,1500,2012,1503,1503,1500,1500,1503,988,1500,1500,1500,1500,1500,1500,1500,1018,2012,1500,1555,1500,2012,1500,1505,1503,1500,1520,1505,1500,988,8.3
2025-05-10,18:22:00.270,-70,-87,10,4168,930,38,1,15,8318,3,94,565,77,354,-9,519,516,0,-1,-1,-1,0x1020480014840605,1643,1513,1585,1500,2012,1782,1538,1500,1500,1794,988,1500,1500,1500,1500,1500,1500,1500,1372,1628,1500,1555,1500,2012,1500,1558,1532,1500,1520,1505,1500,988,8.3
2025-05-10,18:22:00.770,-63,-87,10,4173,1120,38,1,15,4395,3,94,1024,242,354,-8,519,516,0,-1,-1,-1,0x1020480014840605,1786,1524,1589,1500,2012,2012,1621,1500,1500,2012,988,1500,1500,1500,1500,1500,1500,1500,1372,1628,1500,1555,1500,2012,1500,1630,1560,1500,1520,1505,1500,988,8.3
2025-05-10,18:22:01.270,-65,-87,10,4174,14430,38,1,15,5516,3,95,8,768,354,-8,519,516,0,-1,-1,-1,0x1020480010840605,1514,1622,1589,1500,2012,1504,1884,1500,1500,1504,988,1500,1500,1500,1500,1500,1500,1500,1372,1628,1500,1555,1500,2012,1500,1919,1806,1500,1520,1505,1500,988,8.3
2025-05-10,18:22:01.770,-67,-87,10,4161,15040,39,1,15,9978,3,98,15,666,354,-8,519,516,0,-1,-1,-1,0x1020480010840605,1513,1607,1589,1500,2012,1507,1833,1500,1500,1502,988,1500,1500,1500,1500,1500,1500,1500,1372,1628,1500,1555,1500,2012,1500,1901,1768,1500,1520,1505,1500,988,8.3
2025-05-10,18:22:02.270,-68,-87,10,4074,14440,39,1,15,12597,3,99,-178,1020,354,-9,519,516,0,-1,-1,-1,0x1020480014842605,1483,1703,1589,1500,2012,1411,2010,1500,1500,1416,988,1500,1500,1500,1500,1500,1500,1500,1372,1628,1500,1555,1500,2012,1500,2010,2008,1500,1520,1505,1500,988,8.3
2025-05-10,18:22:02.770,-68,-71,10,4075,14270,38,1,15,13411,3,101,13,1021,354,-8,519,516,0,-1,-1,-1,0x1020480010842605,1515,1704,1589,1500,2012,1506,2010,1500,1500,1506,988,1500,1500,1500,1500,1500,1500,1500,1372,1628,1500,1555,1500,2012,1500,2011,2009,1500,1520,1505,1500,988,8.3
2025-05-10,18:22:03.270,-68,-71,10,4078,13780,38,1,15,13111,3,103,247,1021,354,-8,519,516,0,-1,-1,-1,0x1020480014842205,1568,1704,1589,1500,2012,1623,2010,1500,1500,1623,988,1500,1500,1500,1500,1500,1500,1500,1372,1628,1500,1555,1500,2012,1500,2011,2009,1500,1520,1505,1500,988,8.3
2025-05-10,18:22:03.770,-68,-70,10,4081,1100,38,1,15,15581,3,104,348,291,354,-9,519,516,0,-1,-1,-1,0x1020480014840205,1591,1539,1589,1500,2012,1674,1645,1500,1500,1674,988,1500,1500,1500,1500,1500,1500,1500,1372,1628,1500,1555,1500,2012,1500,1692,1598,1500,1520,1505,1500,988,8.3
2025-05-10,18:22:04.270,-70,-62,10,4154,4530,38,1,15,12081,3,104,39,703,354,-8,519,516,0,-1,-1,-1,0x1020480010840205,1520,1611,1589,1500,2012,1519,1851,1500,1500,1519,988,1500,1500,1500,1500,1500,1500,1500,1372,1628,1500,1555,1500,2012,1500,1900,1777,1500,1520,1505,1500,988,8.3
2025-05-10,18:22:04.770,-70,-65,10,4166,3650,38,1,15,10091,3,104,699,615,354,-8,519,516,0,-1,-1,-1,0x1020480014840205,1676,1591,1589,1500,2012,1849,1807,1500,1500,1855,988,1500,1500,1500,1500,1500,1500,1500,1372,1628,1500,1555,1500,2012,1500,1858,1728,1500,1520,1505,1500,988,8.3
2025-05-10,18:22:05.270,-73,-83,10,4156,3990,38,1,15,6975,3,105,-4,677,354,-9,519,516,0,-1,-1,-1,0x1020480010840205,1511,1601,1589,1500,2012,1498,1838,1500,1500,1498,988,1500,1500,1500,1500,1500,1500,1500,1372,1628,1500,1555,1500,2012,1500,1879,1752,1500,1520,1505,1500,988,8.3
2025-05-10,18:22:05.770,-69,-70,10,4152,19810,38,1,15,10667,3,106,153,1000,354,-8,519,516,0,-1,-1,-1,0x1020480014842205,1544,1697,1589,1500,2012,1576,2000,1500,1500,1571,988,1500,1500,1500,1500,1500,1500,1500,1372,1628,1500,1555,1500,2012,1500,2003,1991,1500,1520,1505,1500,988,8.3
2025-05-10,18:22:06.270,-71,-70,10,4122,14240,38,1,15,13202,3,108,236,1020,354,-9,519,516,0,-1,-1,-1,0x1020480014842605,1568,1704,1589,1500,2012,1618,2010,1500,1500,1623,988,1500,1500,1500,1500,1500,1500,1500,1372,1628,1500,1555,1500,2012,1500,2010,2008,1500,1520,1505,1500,988,8.3
2025-05-10,18:22:06.770,-79,-78,10,4077,15130,39,1,15,12964,3,110,78,1020,354,-9,519,516,0,-1,-1,-1,0x1020480014842605,1529,1703,1589,1500,2012,1539,2010,1500,1500,1538,988,1500,1500,1500,1500,1500,1500,1500,1372,1628,1500,1555,1500,2012,1500,2010,2008,1500,1520,1505,1500,988,8.3
2025-05-10,18:22:07.270,-79,-70,10,4079,4660,39,1,15,19849,3,111,163,975,354,-9,519,516,0,-1,-1,-1,0x1020480014842605,1549,1689,1589,1500,2012,1581,1987,1500,1500,1582,988,1500,1500,1500,1500,1500,1500,1500,1372,1628,1500,1555,1500,2012,1500,1994,1971,1500,1520,1505,1500,988,8.3
2025-05-10,18:22:07.770,-79,-64,10,4119,1800,38,1,15,10206,3,112,-1024,175,354,-9,519,516,0,-1,-1,-1,0x1020480014840605,1177,1529,1589,1500,2012,988,1587,1500,1500,988,988,1500,1500,1500,1500,1500,1500,1500,1372,1628,1500,1555,1500,2012,1500,1649,1573,1500,1520,1505,1500,988,8.3
2025-05-10,18:22:08.270,-79,-63,10,4155,14830,39,1,15,6173,3,112,-605,870,354,-9,519,516,0,-1,-1,-1,0x1020480014842E05,1367,1655,1589,1500,2012,1198,1935,1500,1500,1179,988,1500,1500,1500,1500,1500,1500,1500,1372,1628,1500,1555,1500,2012,1500,1953,1879,1500,1520,1505,1500,988,8.3
2025-05-10,18:22:08.770,-79,-60,10,4146,25930,39,1,15,10794,4,116,-320,1020,353,-9,519,516,0,-1,-1,-1,0x1020480014842E05,1452,1703,1589,1500,2012,1340,2010,1500,1500,1334,988,1500,1500,1500,1500,1500,1500,1500,1372,1628,1500,1555,1500,2012,1500,2010,2008,1500,1520,1505,1500,988,8.3
2025-05-10,18:22:09.270,-79,-65,10,4042,15040,39,1,15,13012,4,118,9,1020,354,-8,519,516,0,-1,-1,-1,0x1020480010842605,1514,1703,1589,1500,2012,1504,2010,1500,1500,1504,988,1500,1500,1500,1500,1500,1500,1500,1372,1628,1500,1555,1500,2012,1500,2010,2008,1500,1520,1505,1500,988,8.3
2025-05-10,18:22:09.770,-67,-65,10,4055,12970,39,1,15,14796,4,120,167,1017,354,-9,519,516,0,-1,-1,-1,0x1020480014842605,1549,1702,1589,1500,2012,1583,2008,1500,1500,1582,988,1500,1500,1500,1500,1500,1500,1500,1372,1628,1500,1555,1500,2012,1500,2009,2006,1500,1520,1505,1500,988,8.3
2025-05-10,18:22:10.270,-67,-63,10,4073,13460,39,1,15,14558,4,122,381,1017,354,-9,519,516,0,-1,-1,-1,0x1020480014842205,1596,1702,1589,1500,2012,1690,2008,1500,1500,1685,988,1500,1500,1500,1500,1500,1500,1500,1372,1628,1500,1555,1500,2012,1500,2009,2006,1500,1520,1505,1500,988,8.3
2025-05-10,18:22:10.770,-64,-66,10,4078,13110,39,1,15,14266,4,123,252,1017,354,-9,519,516,0,-1,-1,-1,0x1020480014842205,1576,1702,1589,1500,2012,1626,2008,1500,1500,1640,988,1500,1500,1500,1500,1500,1500,1500,1372,1628,1500,1555,1500,2012,1500,2009,2006,1500,1520,1505,1500,988,8.3
2025-05-10,18:22:11.270,-64,-66,10,4079,13720,38,1,15,14732,4,125,133,1017,354,-8,519,516,0,-1,-1,-1,0x1020480014842205,1537,1702,1589,1500,2012,1566,2008,1500,1500,1556,988,1500,1500,1500,1500,1500,1500,1500,1372,1628,1500,1555,1500,2012,1500,2009,2006,1500,1520,1505,1500,988,8.3
2025-05-10,18:22:11.770,-67,-70,10,4080,13070,38,1,15,14984,4,127,13,1017,354,-8,519,516,0,-1,-1,-1,0x1020480010842205,1515,1702,1589,1500,2012,1506,2008,1500,1500,1506,988,1500,1500,1500,1500,1500,1500,1500,1372,1628,1500,1555,1500,2012,1500,2009,2006,1500,1520,1505,1500,988,8.3
2025-05-10,18:22:12.270,-62,-70,10,4080,9180,38,1,15,21661,4,128,159,1017,354,-8,519,516,0,-1,-1,-1,0x1020480014842205,1548,1702,1589,1500,2012,1579,2008,1500,1500,1579,988,1500,1500,1500,1500,1500,1500,1500,1372,1628,1500,1555,1500,2012,1500,2010,2007,1500,1520,1505,1500,988,8.3
2025-05-10,18:22:12.770,-75,-84,10,4090,2060,39,1,15,10055,4,129,1022,495,354,-8,519,516,0,-1,-1,-1,0x1020480014840205,1785,1573,1589,1500,2012,2011,1747,1500,1500,2011,988,1500,1500,1500,1500,1500,1500,1500,1372,1628,1500,1555,1500,2012,1500,1805,1682,1500,1520,1505,1500,988,8.3
2025-05-10,18:22:13.270,-71,-75,10,4146,5660,39,1,15,6700,4,129,1024,740,354,-8,519,515,0,-1,-1,-1,0x1020480014840205,1786,1613,1589,1500,2012,2012,1870,1500,1500,2012,988,1500,1500,1500,1500,1500,1500,1500,1372,1628,1500,1555,1500,2012,1500,1909,1782,1500,1520,1505,1500,988,8.3
2025-05-10,18:22:13.770,-75,-71,10,4145,25440,39,1,15,10968,4,131,615,1021,354,-8,519,516,0,-1,-1,-1,0x1020480014842205,1665,1704,1589,1500,2012,1807,2010,1500,1500,1835,988,1500,1500,1500,1500,1500,1500,1500,1372,1628,1500,1555,1500,2012,1500,2011,2010,1500,1520,1505,1500,988,8.3
2025-05-10,18:22:14.270,-79,-74,10,4054,17810,39,1,15,11566,4,134,294,1020,354,-9,519,516,0,-1,-1,-1,0x1020480014842605,1579,1703,1589,1500,2012,1647,2010,1500,1500,1647,988,1500,1500,1500,1500,1500,1500,1500,1372,1628,1500,1555,1500,2012,1500,2010,2008,1500,1520,1505,1500,988,8.3
2025-05-10,18:22:14.770,-79,-76,10,4048,14990,39,1,15,13146,4,136,4,1019,354,-8,519,516,0,-1,-1,-1,0x1020480010842605,1513,1703,1589,1500,2012,1502,2009,1500,1500,1502,988,1500,1500,1500,1500,1500,1500,1500,1372,1628,1500,1555,1500,2012,1500,2010,2007,1500,1520,1505,1500,988,8.3
2025-05-10,18:22:15.270,-80,-84,10,4063,14240,39,1,15,13602,4,138,87,1018,354,-8,519,516,0,-1,-1,-1,0x1020480014842605,1531,1703,1589,1500,2012,1543,2009,1500,1500,1542,988,1500,1500,1500,1500,1500,1500,1500,1372,1628,1500,1555,1500,2012,1500,2010,2007,1500,1520,1505,1500,988,8.3
2025-05-10,18:22:15.770,-83,-74,10,4068,3980,39,1,15,17403,4,139,618,772,354,-8,519,516,0,-1,-1,-1,0x1020480014840605,1650,1624,1589,1500,2012,1809,1886,1500,1500,1808,988,1500,1500,1500,1500,1500,1500,1500,1372,1628,1500,1555,1500,2012,1500,1921,1810,1500,1520,1505,1500,988,8.3
2025-05-10,18:22:16.270,-83,-70,10,4129,3360,40,1,15,8458,4,139,-1024,93,354,-8,519,516,0,-1,-1,-1,0x1020480014840605,1177,1522,1589,1500,2012,988,1546,1500,1500,988,988,1500,1500,1500,1500,1500,1500,1500,1372,1628,1500,1555,1500,2012,1500,1678,1556,1500,1520,1505,1500,988,8.3
2025-05-10,18:22:16.770,-71,-81,10,4141,1460,39,1,15,3112,4,139,-1024,720,354,-9,519,516,0,-1,-1,-1,0x1020480014840E05,1177,1604,1589,1500,2012,988,1860,1500,1500,988,988,1500,1500,1500,1500,1500,1500,1500,1372,1628,1500,1555,1500,2012,1500,1888,1761,1500,1520,1505,1500,988,8.3
2025-05-10,18:22:17.270,-64,-81,10,4140,17030,39,1,15,11315,4,142,-555,1014,354,-8,519,516,0,-1,-1,-1,0x1020480014842E05,1395,1701,1589,1500,2012,1223,2007,1500,1500,1223,988,1500,1500,1500,1500,1500,1500,1500,1372,1628,1500,1555,1500,2012,1500,2008,2003,1500,1520,1505,1500,988,8.3
2025-05-10,18:22:17.770,-66,-81,10,4049,5430,40,1,15,10874,4,144,1024,181,354,-8,519,516,0,-1,-1,-1,0x1020480014840605,1786,1533,1589,1500,2012,2012,1590,1500,1500,2012,988,1500,1500,1500,1500,1500,1500,1500,1372,1628,1500,1555,1500,2012,1500,1866,1584,1500,1520,1505,1500,988,8.3
2025-05-10,18:22:18.270,-65,-81,10,4054,2550,39,1,15,3465,4,144,46,530,354,-8,519,516,0,-1,-1,-1,0x1020480014840205,1534,1572,1589,1500,2012,1523,1765,1500,1500,1549,988,1500,1500,1500,1500,1500,1500,1500,1372,1628,1500,1555,1500,2012,1500,1810,1680,1500,1520,1505,1500,988,8.3
2025-05-10,18:22:18.770,-64,-81,10,4099,14700,39,1,15,12920,5,147,300,1022,353,-9,519,516,0,-1,-1,-1,0x1020480014842205,1575,1704,1589,1500,2012,1650,2011,1500,1500,1636,988,1500,1500,1500,1500,1500,1500,1500,1372,1628,1500,1555,1500,2012,1500,2011,2010,1500,1520,1505,1500,988,8.3
2025-05-10,18:22:19.270,-63,-70,10,4053,15120,40,1,15,12656,5,149,0,1021,354,-8,519,516,0,-1,-1,-1,0x1020480010842605,1512,1704,1589,1500,2012,1500,2010,1500,1500,1500,988,1500,1500,1500,1500,1500,1500,1500,1372,1628,1500,1555,1500,2012,1500,2011,2009,1500,1520,1505,1500,988,8.3
2025-05-10,18:22:19.770,-61,-70,10,4052,2220,39,1,15,10916,5,150,41,606,354,-9,519,515,0,-1,-1,-1,0x1020480010840605,1518,1587,1589,1500,2012,1520,1803,1500,1500,1512,988,1500,1500,1500,1500,1500,1500,1500,1372,1628,1500,1555,1500,2012,1500,1848,1717,1500,1520,1505,1500,988,8.3
2025-05-10,18:22:20.270,-63,-70,10,4135,1220,39,1,15,8508,5,150,622,69,354,-8,519,516,0,-1,-1,-1,0x1020480014840605,1635,1512,1589,1500,2012,1811,1534,1500,1500,1776,988,1500,1500,1500,1500,1500,1500,1500,1372,1628,1500,1555,1500,2012,1500,1554,1531,1500,1520,1505,1500,988,8.3
2025-05-10,18:22:20.770,-71,-69,10,4152,2910,39,1,15,4342,5,150,1024,547,354,-9,519,516,0,-1,-1,-1,0x1020480014840605,1786,1579,1589,1500,2012,2012,1773,1500,1500,2012,988,1500,1500,1500,1500,1500,1500,1500,1372,1628,1500,1555,1500,2012,1500,1829,1697,1500,1520,1505,1500,988,8.3
2025-05-10,18:22:21.270,-70,-73,10,4152,26230,39,1,15,10410,5,152,955,1022,354,-9,519,516,0,-1,-1,-1,0x1020480014842605,1767,1704,1589,1500,2012,1977,2011,1500,1500,1993,988,1500,1500,1500,1500,1500,1500,1500,1372,1628,1500,1555,1500,2012,1500,2011,2010,1500,1520,1505,1500,988,8.3
2025-05-10,18:22:21.770,-72,-82,10,4047,16910,40,1,15,11376,5,155,97,1020,354,-9,519,516,0,-1,-1,-1,0x1020480014842605,1541,1703,1589,1500,2012,1548,2010,1500,1500,1564,988,1500,1500,1500,1500,1500,1500,1500,1372,1628,1500,1555,1500,2012,1500,2010,2008,1500,1520,1505,1500,988,8.3
2025-05-10,18:22:22.270,-78,-76,10,4045,14360,40,1,15,13495,5,157,272,1020,354,-8,519,516,0,-1,-1,-1,0x1020480014842605,1577,1703,1589,1500,2012,1636,2010,1500,1500,1642,988,1500,1500,1500,1500,1500,1500,1500,1372,1628,1500,1555,1500,2012,1500,2010,2008,1500,1520,1505,1500,988,8.3
2025-05-10,18:22:22.780,-77,-87,10,4061,13270,40,1,15,14431,5,159,190,1019,353,-8,519,516,0,-1,-1,-1,0x1020480014842605,1555,1703,1589,1500,2012,1595,2009,1500,1500,1595,988,1500,1500,1500,1500,1500,1500,1500,1372,1628,1500,1555,1500,2012,1500,2010,2007,1500,1520,1505,1500,988,8.3
2025-05-10,18:22:23.270,-72,-85,10,4068,13650,40,1,15,14849,5,160,105,1019,354,-8,519,516,0,-1,-1,-1,0x1020480014842205,1535,1703,1589,1500,2012,1552,2009,1500,1500,1552,988,1500,1500,1500,1500,1500,1500,1500,1372,1628,1500,1555,1500,2012,1500,2010,2007,1500,1520,1505,1500,988,8.3
2025-05-10,18:22:23.750,-72,-79,10,4071,12430,39,1,15,15991,5,162,65,1018,354,-8,519,516,0,-1,-1,-1,0x1020480014842205,1527,1703,1589,1500,2012,1532,2009,1500,1500,1533,988,1500,1500,1500,1500,1500,1500,1500,1372,1628,1500,1555,1500,2012,1500,2010,2007,1500,1520,1505,1500,988,8.3
2025-05-10,18:22:24.240,-77,-65,10,4074,11780,39,1,15,16819,5,163,4,1014,354,-9,519,516,0,-1,-1,-1,0x1020480010842205,1513,1701,1589,1500,2012,1502,2007,1500,1500,1502,988,1500,1500,1500,1500,1500,1500,1500,1372,1628,1500,1555,1500,2012,1500,2009,2003,1500,1520,1505,1500,988,8.3
2025-05-10,18:22:24.750,-73,-59,10,4077,11520,39,1,15,16816,5,165,198,1012,354,-8,519,516,0,-1,-1,-1,0x1020480014842205,1556,1701,1589,1500,2012,1599,2006,1500,1500,1598,988,1500,1500,1500,1500,1500,1500,1500,1372,1628,1500,1555,1500,2012,1500,2008,2002,1500,1520,1505,1500,988,8.3
2025-05-10,18:22:25.250,-62,-63,10,4079,11690,39,1,15,16748,5,166,57,1012,354,-8,519,516,0,-1,-1,-1,0x1020480014842205,1527,1701,1589,1500,2012,1528,2006,1500,1500,1528,988,1500,1500,1500,1500,1500,1500,1500,1372,1628,1500,1555,1500,2012,1500,2008,2002,1500,1520,1505,1500,988,8.3
2025-05-10,18:22:25.750,-69,-62,10,4081,11460,39,1,15,17063,5,168,1,1011,354,-9,519,516,0,-1,-1,-1,0x1020480010842205,1512,1701,1589,1500,2012,1500,2005,1500,1500,1500,988,1500,1500,1500,1500,1500,1500,1500,1372,1628,1500,1555,1500,2012,1500,2007,2001,1500,1520,1505,1500,988,8.3
2025-05-10,18:22:26.250,-70,-63,10,4081,11020,39,1,15,17226,5,169,192,1010,354,-9,519,516,0,-1,-1,-1,0x1020480014842205,1556,1700,1589,1500,2012,1596,2005,1500,1500,1596,988,1500,1500,1500,1500,1500,1500,1500,1372,1628,1500,1555,1500,2012,1500,2007,2000,1500,1520,1505,1500,988,8.3
2025-05-10,18:22:26.750,-73,-72,10,4082,11020,39,1,15,17484,5,171,177,1014,354,-9,519,516,0,-1,-1,-1,0x1020480014842205,1555,1701,1589,1500,2012,1588,2007,1500,1500,1594,988,1500,1500,1500,1500,1500,1500,1500,1372,1628,1500,1555,1500,2012,1500,2008,2003,1500,1520,1505,1500,988,8.3
2025-05-10,18:22:27.250,-81,-70,10,4083,1140,39,1,15,14465,5,172,0,4,354,-8,519,516,0,-1,-1,-1,0x1020480010840205,1512,1500,1589,1500,2012,1500,1502,1500,1500,1500,988,1500,1500,1500,1500,1500,1500,1500,1168,1832,1500,1555,1500,2012,1500,1503,1501,1500,1520,1505,1500,988,8.3
2025-05-10,18:22:27.750,-73,-69,10,4139,460,39,1,15,4498,6,172,-175,-680,354,-8,519,516,0,-1,-1,-1,0x1020480016880205,1484,1301,1589,1498,2012,1413,1160,1300,1500,1419,988,1500,1500,1500,1500,1500,1500,1299,1372,2012,1500,1555,1500,988,1500,1115,1500,1500,1520,1505,1500,988,8.3
2025-05-10,18:22:28.250,-75,-68,10,4158,830,39,1,15,2063,6,172,-1,-868,354,-8,519,516,0,-1,-1,-1,0x1020480012800205,1512,1094,1589,1496,2012,1500,1066,1500,1091,1500,988,1500,1500,1500,1500,1500,1500,1090,1372,2012,1500,1555,1500,988,1500,1043,1500,1500,1520,1505,1500,988,8.3
2025-05-10,18:22:28.740,-75,-65,10,4160,870,39,1,15,1844,6,172,-3,12,354,-9,519,516,0,-1,-1,-1,0x1020480010840205,1512,1502,1589,1500,2012,1499,1506,1500,1500,1499,988,1500,1500,1500,1500,1500,1500,1500,1500,2012,1500,1555,1500,2012,1500,1509,1505,1500,1520,1505,1500,988,8.3
2025-05-10,18:22:29.250,-73,-76,10,4160,910,39,1,15,1105,6,172,-3,8,354,-8,519,516,0,-1,-1,-1,0x1020480010840205,1512,1501,1589,1500,2012,1499,1504,1500,1500,1499,988,1500,1500,1500,1500,1500,1500,1500,1500,2012,1500,1555,1500,2012,1500,1507,1503,1500,1520,1505,1500,988,8.3
2025-05-10,18:22:29.750,-71,-76,10,4162,900,39,1,15,699,6,172,-3,8,354,-8,519,516,0,-1,-1,-1,0x1020480010840205,1512,1501,1589,1500,2012,1499,1504,1500,1500,1499,988,1500,1500,1500,1500,1500,1500,1500,1500,2012,1500,1555,1500,2012,1500,1506,1503,1500,1520,1505,1500,988,8.3
2025-05-10,18:22:30.240,-74,-76,10,4163,870,39,1,15,376,6,172,-3,8,354,-8,519,515,0,-1,-1,-1,0x1020480010840205,1512,1501,1582,1500,2012,1499,1504,1500,1500,1499,988,1500,1500,1500,1500,1500,1500,1500,1500,2012,1500,1555,1500,2012,1500,1506,1503,1500,1520,1505,1500,988,8.3
2025-05-10,18:22:30.740,-76,-74,10,4165,130,39,1,15,0,6,172,-3,8,354,-9,519,516,0,-1,-1,-1,0x1020480010840204,1512,1501,1500,1500,2012,1499,1504,1500,1500,1499,988,1500,1500,1500,1500,1500,1500,1500,1500,2012,1500,1555,1500,2012,1500,1506,1503,1500,1520,1505,1500,988,8.3
2025-05-10,18:22:31.240,-76,-76,10,4170,140,38,1,15,0,6,172,-3,9,354,-8,519,516,0,-1,-1,-1,0x1020480010840204,1512,1501,1500,1500,2012,1499,1504,1500,1500,1499,988,1500,1500,1500,1500,1500,1500,1500,1500,2012,1500,1555,1500,2012,1500,1507,1503,1500,1520,1505,1500,988,8.3
2025-05-10,18:22:31.750,-76,-75,10,4172,140,37,1,15,0,6,172,-3,9,354,-9,519,516,0,-1,-1,-1,0x1020480010840204,1512,1501,1500,1500,2012,1499,1504,1500,1500,1499,988,1500,1500,1500,1500,1500,1500,1500,1500,2012,1500,1555,1500,2012,1500,1507,1503,1500,1520,1505,1500,988,8.3
2025-05-10,18:22:32.250,-70,-74,10,4174,150,35,1,15,0,6,172,-2,10,354,-8,519,516,0,-1,-1,-1,0x1020480010840204,1512,1501,1500,1500,2012,1499,1505,1500,1500,1499,988,1500,1500,1500,1500,1500,1500,1500,1500,2012,1500,1555,1500,2012,1500,1508,1504,1500,1520,1505,1500,988,8.3
2025-05-10,18:22:32.750,-70,-74,10,4175,150,35,1,15,0,6,172,-2,11,354,-9,519,516,0,-1,-1,-1,0x1020480010840204,1512,1501,1500,1500,2012,1499,1505,1500,1500,1499,988,1500,1500,1500,1500,1500,1500,1500,1500,2012,1500,1555,1500,2012,1500,1508,1504,1500,1520,1505,1500,988,8.3
2025-05-10,18:22:33.240,-70,-74,10,4176,150,35,1,15,0,6,172,-3,11,354,-8,519,516,0,-1,-1,-1,0x1020480010840204,1512,1502,1500,1500,2012,1499,1505,1500,1500,1499,988,1500,1500,1500,1500,1500,1500,1500,1500,2012,1500,1555,1500,2012,1500,1509,1504,1500,1520,1505,1500,988,8.3
2025-05-10,18:22:33.750,-75,-72,10,4177,300,35,1,15,8,6,172,-3,366,354,-9,519,516,0,-1,-1,-1,0x1020480010840205,1512,1551,1539,1500,2012,1499,1683,1500,1500,1499,988,1500,1500,1500,1500,1500,1500,1500,1372,1628,1500,1555,1500,2012,1500,1733,1627,1500,1520,1505,1500,988,8.3
2025-05-10,18:22:34.250,-75,-62,10,4178,16050,35,1,15,8414,6,174,-901,652,354,-9,519,516,0,-1,-1,-1,0x1020480014840205,1216,1613,1589,1500,2012,1050,1826,1500,1500,1020,988,1500,1500,1500,1500,1500,1500,1500,1372,1628,1500,1555,1500,2012,1500,1915,1782,1500,1520,1505,1500,988,8.3
2025-05-10,18:22:34.750,-79,-78,10,4114,22910,35,1,15,10626,6,176,332,1013,354,-8,519,516,0,-1,-1,-1,0x1020480014842205,1598,1701,1589,1500,2012,1666,2006,1500,1500,1692,988,1500,1500,1500,1500,1500,1500,1500,1372,1628,1500,1555,1500,2012,1500,2008,2002,1500,1520,1505,1500,988,8.3
2025-05-10,18:22:35.250,-78,-70,10,4062,14780,37,1,15,12280,6,178,215,1010,354,-8,519,516,0,-1,-1,-1,0x1020480014842205,1550,1700,1589,1500,2012,1607,2005,1500,1500,1584,988,1500,1500,1500,1500,1500,1500,1500,1372,1628,1500,1555,1500,2012,1500,2007,2000,1500,1520,1505,1500,988,8.3
2025-05-10,18:22:35.740,-78,-71,10,4068,14650,39,1,15,13497,6,180,1,855,354,-8,519,515,0,-1,-1,-1,0x1020480010842605,1513,1650,1589,1500,2012,1500,1927,1500,1500,1501,988,1500,1500,1500,1500,1500,1500,1500,1372,1628,1500,1555,1500,2012,1500,1956,1886,1500,1520,1505,1500,988,8.3
2025-05-10,18:22:36.250,-73,-66,10,4072,1290,40,1,15,10078,6,181,1024,7,354,-9,519,516,0,-1,-1,-1,0x1020480014840605,1786,1501,1589,1500,2012,2012,1503,1500,1500,2012,988,1500,1500,1500,1500,1500,1500,1500,1065,1935,1500,1555,1500,2012,1500,1688,1503,1500,1520,1505,1500,988,8.3
2025-05-10,18:22:36.750,-79,-69,10,4080,28630,40,1,15,10165,6,182,-1,1019,354,-8,519,516,0,-1,-1,-1,0x1020480010842605,1514,1703,1589,1500,2012,1500,2009,1500,1500,1505,988,1500,1500,1500,1500,1500,1500,1500,1372,1628,1500,1555,1500,2012,1500,2010,2007,1500,1520,1505,1500,988,8.3
2025-05-10,18:22:37.250,-79,-71,10,4150,2110,40,1,15,7746,6,183,652,564,354,-8,519,516,0,-1,-1,-1,0x1020480014840605,1656,1583,1589,1500,2012,1826,1782,1500,1500,1819,988,1500,1500,1500,1500,1500,1500,1500,1372,1628,1500,1555,1500,2012,1500,1837,1707,1500,1520,1505,1500,988,8.3
2025-05-10,18:22:37.750,-82,-76,10,4150,7270,40,1,15,8135,6,183,237,914,354,-8,519,516,0,-1,-1,-1,0x1020480014842605,1563,1665,1589,1500,2012,1618,1957,1500,1500,1612,988,1500,1500,1500,1500,1500,1500,1500,1372,1628,1500,1555,1500,2012,1500,1964,1903,1500,1520,1505,1500,988,8.3
2025-05-10,18:22:38.250,-74,-80,10,4141,15560,40,1,15,11830,6,185,489,1009,354,-9,519,516,0,-1,-1,-1,0x1020480014842605,1623,1700,1589,1500,2012,1744,2004,1500,1500,1750,988,1500,1500,1500,1500,1500,1500,1500,1372,1628,1500,1555,1500,2012,1500,2007,2000,1500,1520,1505,1500,988,8.3
2025-05-10,18:22:38.750,-77,-76,10,4073,3950,40,1,15,13137,6,187,9,361,354,-8,519,516,0,-1,-1,-1,0x1020480010840605,1520,1560,1589,1500,2012,1504,1680,1500,1500,1517,988,1500,1500,1500,1500,1500,1500,1500,1372,1628,1500,1555,1500,2012,1500,1867,1650,1500,1520,1505,1500,988,8.3
2025-05-10,18:22:39.250,-71,-75,10,4075,1880,40,1,15,11124,6,188,-1024,7,354,-8,519,516,0,-1,-1,-1,0x1020480014840605,1177,1501,1589,1500,2012,988,1503,1500,1500,988,988,1500,1500,1500,1500,1500,1500,1500,1219,1781,1500,1555,1500,2012,1500,1741,1503,1500,1520,1505,1500,988,8.3
2025-05-10,18:22:39.750,-63,-68,10,4146,4110,40,1,15,2889,6,188,-951,510,354,-8,519,516,0,-1,-1,-1,0x1020480014840A05,1204,1577,1589,1500,2012,1025,1755,1500,1500,1010,988,1500,1500,1500,1500,1500,1500,1500,1372,1628,1500,1555,1500,2012,1500,1818,1692,1500,1520,1505,1500,988,8.3
2025-05-10,18:22:40.250,-66,-68,10,4142,28890,40,1,15,10376,6,189,-57,1018,354,-9,519,516,0,-1,-1,-1,0x1020480014842205,1498,1703,1589,1500,2012,1472,2009,1500,1500,1458,988,1500,1500,1500,1500,1500,1500,1500,1372,1628,1500,1555,1500,2012,1500,2010,2007,1500,1520,1505,1500,988,8.3
2025-05-10,18:22:40.750,-69,-64,10,4103,19940,39,1,15,11520,6,193,4,1017,354,-8,519,516,0,-1,-1,-1,0x1020480010842205,1513,1702,1589,1500,2012,1502,2008,1500,1500,1501,988,1500,1500,1500,1500,1500,1500,1500,1372,1628,1500,1555,1500,2012,1500,2009,2006,1500,1520,1505,1500,988,8.3
2025-05-10,18:22:41.240,-69,-64,10,4039,14690,40,1,15,12092,6,194,-86,1015,353,-9,519,516,0,-1,-1,-1,0x1020480014842605,1497,1702,1589,1500,2012,1457,2007,1500,1500,1456,988,1500,1500,1500,1500,1500,1500,1500,1372,1628,1500,1555,1500,2012,1500,2008,2004,1500,1520,1505,1500,988,8.3
2025-05-10,18:22:41.740,-73,-65,10,4063,13200,39,1,15,14715,6,196,-43,1015,354,-8,519,516,0,-1,-1,-1,0x1020480010842605,1505,1702,1589,1500,2012,1479,2007,1500,1500,1479,988,1500,1500,1500,1500,1500,1500,1500,1372,1628,1500,1555,1500,2012,1500,2009,2004,1500,1520,1505,1500,988,8.3
2025-05-10,18:22:42.250,-72,-71,10,4070,10400,40,1,15,14188,6,198,6,992,354,-8,519,516,0,-1,-1,-1,0x1020480010842605,1513,1694,1589,1500,2012,1503,1996,1500,1500,1503,988,1500,1500,1500,1500,1500,1500,1500,1372,1628,1500,1555,1500,2012,1500,2004,1995,1500,1520,1505,1500,988,8.3
2025-05-10,18:22:42.740,-73,-71,10,4075,17260,40,1,15,13394,6,199,8,1019,354,-8,519,516,0,-1,-1,-1,0x1020480010842605,1514,1703,1589,1500,2012,1504,2009,1500,1500,1504,988,1500,1500,1500,1500,1500,1500,1500,1372,1628,1500,1555,1500,2012,1500,2010,2007,1500,1520,1505,1500,988,8.3
2025-05-10,18:22:43.250,-73,-70,10,4111,8720,40,1,15,15289,6,200,7,1018,354,-8,519,516,0,-1,-1,-1,0x1020480010842605,1514,1703,1589,1500,2012,1503,2009,1500,1500,1503,988,1500,1500,1500,1500,1500,1500,1500,1372,1628,1500,1555,1500,2012,1500,2010,2007,1500,1520,1505,1500,988,8.3
2025-05-10,18:22:43.740,-79,-79,10,4088,3010,40,1,15,10649,6,202,-22,998,354,-9,519,516,0,-1,-1,-1,0x1020480010842605,1506,1691,1589,1500,2012,1489,1999,1500,1500,1484,988,1500,1500,1500,1500,1500,1500,1500,1372,1628,1500,1555,1500,2012,1500,1980,1871,1500,1520,1505,1500,988,8.3
2025-05-10,18:22:44.240,-79,-75,10,4091,10280,40,1,15,16124,6,203,414,416,354,-8,519,516,0,-1,-1,-1,0x1020480014840605,1605,1565,1589,1500,2012,1707,1708,1500,1500,1707,988,1500,1500,1500,1500,1500,1500,1500,1372,1628,1500,1555,1500,2012,1500,1901,1662,1500,1520,1505,1500,988,8.3
2025-05-10,18:22:44.740,-79,-74,10,4115,20100,40,1,15,9992,6,204,654,1022,354,-8,519,516,0,-1,-1,-1,0x1020480014842605,1660,1704,1589,1500,2012,1827,2011,1500,1500,1827,988,1500,1500,1500,1500,1500,1500,1500,1372,1628,1500,1555,1500,2012,1500,2011,2010,1500,1520,1505,1500,988,8.3
2025-05-10,18:22:45.240,-79,-70,10,4120,6210,41,1,15,7193,7,205,897,675,354,-8,519,516,0,-1,-1,-1,0x1020480014840205,1731,1605,1589,1500,2012,1948,1837,1500,1500,1948,988,1500,1500,1500,1500,1500,1500,1500,1372,1628,1500,1555,1500,2012,1500,1888,1762,1500,1520,1505,1500,988,8.3
2025-05-10,18:22:45.740,-78,-78,10,4113,18310,41,1,15,10977,7,207,14,1019,354,-8,519,516,0,-1,-1,-1,0x1020480010842205,1515,1703,1589,1500,2012,1507,2009,1500,1500,1507,988,1500,1500,1500,1500,1500,1500,1500,1372,1628,1500,1555,1500,2012,1500,2010,2007,1500,1520,1505,1500,988,8.3
2025-05-10,18:22:46.240,-81,-74,10,4052,15550,42,1,15,12017,7,209,231,980,354,-9,519,516,0,-1,-1,-1,0x1020480014842605,1568,1691,1589,1500,2012,1615,1990,1500,1500,1623,988,1500,1500,1500,1500,1500,1500,1500,1372,1628,1500,1555,1500,2012,1500,1997,1978,1500,1520,1505,1500,988,8.3
2025-05-10,18:22:46.740,-82,-89,10,4054,13580,41,1,15,12755,7,211,129,1018,354,-8,519,516,0,-1,-1,-1,0x1020480014842605,1541,1703,1589,1500,2012,1564,2009,1500,1500,1564,988,1500,1500,1500,1500,1500,1500,1500,1372,1628,1500,1555,1500,2012,1500,2006,1998,1500,1520,1505,1500,988,8.3
2025-05-10,18:22:47.240,-88,-83,10,4065,1340,41,1,15,13180,7,212,298,403,354,-9,519,516,0,-1,-1,-1,0x1020480014840605,1580,1548,1589,1500,2012,1649,1701,1500,1500,1648,988,1500,1500,1500,1500,1500,1500,1500,1372,1628,1500,1555,1500,2012,1500,1773,1621,1500,1520,1505,1500,988,8.3
2025-05-10,18:22:47.740,-80,-80,10,4072,13430,40,1,15,14013,7,213,423,298,354,-8,519,516,0,-1,-1,-1,0x1020480014840605,1596,1559,1589,1500,2012,1711,1649,1500,1500,1686,988,1500,1500,1500,1500,1500,1500,1500,1372,1628,1500,1555,1500,2012,1500,1890,1648,1500,1520,1505,1500,988,8.3
2025-05-10,18:22:48.240,-84,-81,10,4115,15810,40,1,15,12354,7,214,24,1019,354,-8,519,516,0,-1,-1,-1,0x1020480010842605,1517,1703,1589,1500,2012,1512,2009,1500,1500,1511,988,1500,1500,1500,1500,1500,1500,1500,1372,1628,1500,1555,1500,2012,1500,2010,2009,1500,1520,1505,1500,988,8.3
2025-05-10,18:22:48.750,-87,-89,10,4080,14010,40,1,15,13957,7,216,342,1007,354,-9,519,516,0,-1,-1,-1,0x1020480014842605,1585,1699,1589,1500,2012,1671,2003,1500,1500,1658,988,1500,1500,1500,1500,1500,1500,1500,1372,1628,1500,1555,1500,2012,1500,2006,1998,1500,1520,1505,1500,988,8.3
2025-05-10,18:22:49.240,-79,-72,10,4064,14020,40,1,15,13984,7,217,-407,1016,354,-8,519,516,0,-1,-1,-1,0x1020480014842605,1423,1702,1589,1500,2012,1297,2008,1500,1500,1275,988,1500,1500,1500,1500,1500,1500,1500,1372,1628,1500,1555,1500,2012,1500,2009,2005,1500,1520,1505,1500,988,8.3
2025-05-10,18:22:49.740,-82,-78,10,4065,13410,41,1,15,14300,7,219,-396,1018,354,-8,519,516,0,-1,-1,-1,0x1020480014842605,1446,1703,1589,1500,2012,1302,2009,1500,1500,1320,988,1500,1500,1500,1500,1500,1500,1500,1372,1628,1500,1555,1500,2012,1500,2010,2007,1500,1520,1505,1500,988,8.3
2025-05-10,18:22:50.240,-85,-93,10,4063,11300,41,1,15,16882,7,221,-60,917,354,-9,519,516,0,-1,-1,-1,0x1020480014842205,1502,1674,1589,1500,2012,1470,1958,1500,1500,1470,988,1500,1500,1500,1500,1500,1500,1500,1372,1628,1500,1555,1500,2012,1500,1988,1958,1500,1520,1505,1500,988,8.3
2025-05-10,18:22:50.740,-72,-73,10,4067,2080,40,1,15,17466,7,221,-400,174,354,-8,519,516,0,-1,-1,-1,0x1020480014840205,1436,1527,1589,1500,2012,1300,1587,1500,1500,1300,988,1500,1500,1500,1500,1500,1500,1500,1372,1628,1500,1555,1500,2012,1500,1757,1567,1500,1520,1505,1500,988,8.3
2025-05-10,18:22:51.240,-75,-72,10,4121,960,40,1,15,5581,7,222,428,219,354,-8,519,516,0,-1,-1,-1,0x1020480014840205,1608,1530,1589,1500,2012,1714,1609,1500,1500,1715,988,1500,1500,1500,1500,1500,1500,1500,1372,1628,1500,1555,1500,2012,1500,1655,1576,1500,1520,1505,1500,988,8.3
2025-05-10,18:22:51.740,-77,-73,10,4142,4400,41,1,15,1866,0,0,-488,570,354,-9,519,516,0,-1,-1,-1,0x1020480014840205,1426,1582,1589,1500,2012,1256,1785,1500,1500,1281,988,1500,1500,1500,1500,1500,1500,1500,1372,1628,1500,1555,1500,2012,1500,1835,1705,1500,1520,1505,1500,988,8.3
2025-05-10,18:22:52.240,-74,-74,10,4136,1670,41,1,15,706,0,0,-115,-27,354,-8,519,516,0,-1,-1,-1,0x1020480014840205,1495,1493,1589,1500,2012,1443,1487,1493,1500,1450,988,1500,1500,1500,1500,1500,1500,1493,988,2012,1500,1555,1500,2012,1500,1488,1500,1500,1520,1505,1500,988,8.3
2025-05-10,18:22:52.740,-74,-76,10,4142,1080,40,1,15,0,0,1,842,-720,354,-9,519,516,0,-1,-1,-1,0x1020480016880205,1701,1301,1589,1498,2012,1921,1140,1300,1500,1897,988,1500,1500,1500,1500,1500,1500,1299,1372,2012,1500,1555,1500,988,1500,1098,1500,1500,1520,1505,1500,988,8.3
2025-05-10,18:22:53.240,-74,-86,10,4150,1200,41,1,15,0,0,1,-167,9,354,-9,519,516,0,-1,-1,-1,0x1020480014840205,1487,1501,1589,1500,2012,1417,1504,1500,1500,1428,988,1500,1500,1500,1500,1500,1500,1500,1372,2012,1500,1555,1500,2012,1500,1507,1503,1500,1520,1505,1500,988,8.3
2025-05-10,18:22:53.750,-75,-86,10,4152,1340,41,1,15,0,0,1,-1024,48,354,-8,519,516,0,-1,-1,-1,0x1020480014840A05,1177,1510,1589,1500,2012,988,1524,1500,1500,988,988,1500,1500,1500,1500,1500,1500,1500,1321,1679,1500,1555,1500,2012,1500,1545,1526,1500,1520,1505,1500,988,8.3
2025-05-10,18:22:54.240,-74,-86,10,4154,1040,41,1,15,0,0,1,-1,8,354,-8,519,516,0,-1,-1,-1,0x1020480010840205,1512,1501,1589,1500,2012,1500,1504,1500,1500,1500,988,1500,1500,1500,1500,1500,1500,1500,1357,2012,1500,1555,1500,2012,1500,1506,1503,1500,1520,1505,1500,988,8.3
2025-05-10,18:22:54.740,-72,-86,10,4156,870,40,1,15,0,0,1,-2,6,354,-9,519,516,0,-1,-1,-1,0x1020480010840205,1512,1501,1589,1500,2012,1499,1503,1500,1500,1499,988,1500,1500,1500,1500,1500,1500,1500,1372,2012,1500,1555,1500,2012,1500,1505,1502,1500,1520,1505,1500,988,8.3
2025-05-10,18:22:55.240,-73,-86,10,4159,910,40,1,15,0,0,1,-3,7,354,-9,519,516,0,-1,-1,-1,0x1020480010840205,1512,1501,1589,1500,2012,1499,1503,1500,1500,1499,988,1500,1500,1500,1500,1500,1500,1500,1500,2012,1500,1555,1500,2012,1500,1505,1503,1500,1520,1505,1500,988,8.3
2025-05-10,18:22:55.740,-80,-88,10,4160,880,39,1,15,0,0,1,-3,6,354,-8,519,516,0,-1,-1,-1,0x1020480010840205,1512,1501,1589,1500,2012,1499,1503,1500,1500,1499,988,1500,1500,1500,1500,1500,1500,1500,1500,2012,1500,1555,1500,2012,1500,1505,1502,1500,1520,1505,1500,988,8.3
2025-05-10,18:22:56.240,-80,-81,10,4162,870,39,1,15,0,0,2,-3,7,354,-8,519,516,0,-1,-1,-1,0x1020480010840205,1512,1501,1589,1500,2012,1499,1503,1500,1500,1499,988,1500,1500,1500,1500,1500,1500,1500,1500,2012,1500,1555,1500,2012,1500,1505,1503,1500,1520,1505,1500,988,8.3
2025-05-10,18:22:56.740,-83,-76,10,4163,870,39,1,15,0,0,2,-3,6,354,-9,519,516,0,-1,-1,-1,0x1020480010840205,1512,1501,1588,1500,2012,1499,1503,1500,1500,1499,988,1500,1500,1500,1500,1500,1500,1500,1500,2012,1500,1555,1500,2012,1500,1505,1502,1500,1520,1505,1500,988,8.3
2025-05-10,18:22:57.240,-83,-86,10,4164,150,39,1,15,0,0,2,-3,6,354,-8,519,515,0,-1,-1,-1,0x1020480010840204,1512,1501,1500,1500,2012,1499,1503,1500,1500,1499,988,1500,1500,1500,1500,1500,1500,1500,1500,2012,1500,1555,1500,2012,1500,1505,1502,1500,1520,1505,1500,988,8.3
2025-05-10,18:22:57.740,-80,-82,10,4168,160,39,1,15,0,0,2,-3,7,354,-9,519,516,0,-1,-1,-1,0x1020480010840204,1512,1501,1500,1500,2012,1499,1503,1500,1500,1499,988,1500,1500,1500,1500,1500,1500,1500,1500,2012,1500,1555,1500,2012,1500,1505,1502,1500,1520,1505,1500,988,8.3
2025-05-10,18:22:58.240,-79,-82,10,4170,170,37,1,15,0,0,2,-3,7,354,-8,519,516,0,-1,-1,-1,0x1020480010840204,1511,1501,1500,1500,2012,1499,1503,1500,1500,1498,988,1500,1500,1500,1500,1500,1500,1500,1500,2012,1500,1555,1500,2012,1500,1505,1503,1500,1520,1505,1500,988,8.3
2025-05-10,18:22:58.740,-78,-76,10,4171,170,36,1,15,0,0,2,-3,7,354,-8,519,516,0,-1,-1,-1,0x1020480010840204,1512,1501,1500,1500,2012,1499,1503,1500,1500,1499,988,1500,1500,1500,1500,1500,1500,1500,1500,2012,1500,1555,1500,2012,1500,1506,1503,1500,1520,1505,1500,988,8.3
2025-05-10,18:22:59.240,-78,-78,10,4172,160,36,1,15,0,0,2,-3,8,354,-8,519,515,0,-1,-1,-1,0x1020480010840204,1512,1501,1500,1500,2012,1499,1503,1500,1500,1499,988,1500,1500,1500,1500,1500,1500,1500,1500,2012,1500,1555,1500,2012,1500,1505,1503,1500,1520,1505,1500,988,8.3
2025-05-10,18:22:59.740,-78,-85,10,4173,180,36,1,15,0,0,2,-4,8,354,-9,519,516,0,-1,-1,-1,0x1020480010840204,1512,1501,1500,1500,2012,1498,1503,1500,1500,1499,988,1500,1500,1500,1500,1500,1500,1500,1500,2012,1500,1555,1500,2012,1500,1506,1503,1500,1520,1505,1500,988,8.3
2025-05-10,18:23:00.240,-79,-85,10,4174,150,36,1,15,0,0,2,-3,8,354,-8,519,516,0,-1,-1,-1,0x1020480010840204,1512,1501,1500,1500,2012,1499,1504,1500,1500,1499,988,1500,1500,1500,1500,1500,1500,1500,1500,2012,1500,1555,1500,2012,1500,1506,1503,1500,1520,1505,1500,988,8.3
2025-05-10,18:23:00.740,-77,-76,10,4175,210,36,1,15,0,0,2,-3,8,354,-8,519,516,0,-1,-1,-1,0x1020480010840204,1512,1501,1500,1500,2012,1499,1504,1500,1500,1499,988,1500,1500,1500,1500,1500,1500,1500,1500,2012,1500,1555,1500,2012,1500,1506,1503,1500,1520,1505,1500,988,8.3
2025-05-10,18:23:01.250,-77,-78,10,4176,150,36,1,15,0,0,2,-4,7,354,-8,519,516,0,-1,-1,-1,0x1020480010840204,1511,1501,1500,1500,2012,1498,1503,1500,1500,1498,988,1500,1500,1500,1500,1500,1500,1500,1500,2012,1500,1555,1500,2012,1500,1506,1503,1500,1520,1505,1500,988,8.3
2025-05-10,18:23:01.740,-77,-79,10,4588,140,36,1,15,0,0,2,-3,8,354,-8,519,516,0,-1,-1,-1,0x1020480010840204,1512,1501,1500,1500,2012,1499,1504,1500,1500,1499,988,1500,1500,1500,1500,1500,1500,1500,1500,2012,1500,1555,1500,2012,1500,1506,1503,1500,1520,1505,1500,988,8.3
2025-05-10,18:23:02.240,-77,-78,10,4177,150,36,1,15,0,0,2,-3,6,354,-8,519,516,0,-1,-1,-1,0x1020480010840204,1512,1501,1500,1500,2012,1499,1503,1500,1500,1499,988,1500,1500,1500,1500,1500,1500,1500,1500,2012,1500,1555,1500,2012,1500,1505,1502,1500,1520,1505,1500,988,8.3
2025-05-10,18:23:02.740,-86,-84,10,4178,150,36,1,15,0,0,2,-2,6,354,-9,519,516,0,-1,-1,-1,0x1020480010840204,1512,1501,1500,1500,2012,1499,1503,1500,1500,1499,988,1500,1500,1500,1500,1500,1500,1500,1500,2012,1500,1555,1500,2012,1500,1505,1502,1500,1520,1505,1500,988,8.3
2025-05-10,18:23:03.240,-90,-78,10,4179,150,36,1,15,0,0,2,-3,6,354,-8,519,516,0,-1,-1,-1,0x1020480010840204,1512,1501,1500,1500,2012,1499,1503,1500,1500,1499,988,1500,1500,1500,1500,1500,1500,1500,1500,2012,1500,1555,1500,2012,1500,1505,1502,1500,1520,1505,1500,988,8.3
2025-05-10,18:23:03.740,-90,-75,10,4180,150,35,1,15,0,0,2,-2,7,354,-8,519,516,0,-1,-1,-1,0x1020480010840204,1512,1501,1500,1500,2012,1499,1503,1500,1500,1499,988,1500,1500,1500,1500,1500,1500,1500,1500,2012,1500,1555,1500,2012,1500,1505,1503,1500,1520,1505,1500,988,8.3
2025-05-10,18:23:04.240,-90,-73,10,4180,150,35,1,15,0,0,2,-1,7,354,-8,519,516,0,-1,-1,-1,0x1020480010840204,1512,1501,1500,1500,2012,1499,1503,1500,1500,1500,988,1500,1500,1500,1500,1500,1500,1500,1500,2012,1500,1555,1500,2012,1500,1505,1503,1500,1520,1505,1500,988,8.3
2025-05-10,18:23:04.740,-79,-74,10,4181,150,35,1,15,0,0,2,-1,7,354,-8,519,516,0,-1,-1,-1,0x1020480010840204,1512,1501,1500,1500,2012,1500,1503,1500,1500,1500,988,1500,1500,1500,1500,1500,1500,1500,1500,2012,1500,1555,1500,2012,1500,1505,1503,1500,1520,1505,1500,988,8.3
2025-05-10,18:23:05.240,-80,-72,10,4181,140,35,1,15,0,0,2,-1,7,354,-8,519,516,0,-1,-1,-1,0x1020480010840204,1512,1501,1500,1500,2012,1500,1503,1500,1500,1500,988,1500,1500,1500,1500,1500,1500,1500,1500,2012,1500,1555,1500,2012,1500,1505,1503,1500,1520,1505,1500,988,8.3
2025-05-10,18:23:05.740,-80,-77,10,4182,150,35,1,15,0,0,2,-2,7,354,-9,519,516,0,-1,-1,-1,0x1020480010840204,1512,1501,1500,1500,2012,1499,1503,1500,1500,1499,988,1500,1500,1500,1500,1500,1500,1500,1500,2012,1500,1555,1500,2012,1500,1505,1503,1500,1520,1505,1500,988,8.3
2025-05-10,18:23:06.240,-80,-77,10,4183,150,35,1,15,0,0,2,-3,8,354,-8,519,516,0,-1,-1,-1,0x1020480010840204,1512,1501,1500,1500,2012,1499,1504,1500,1500,1499,988,1500,1500,1500,1500,1500,1500,1500,1500,2012,1500,1555,1500,2012,1500,1506,1503,1500,1520,1505,1500,988,8.3
2025-05-10,18:23:06.740,-81,-73,10,4591,150,35,1,15,0,0,2,-2,7,354,-8,519,516,0,-1,-1,-1,0x1020480010840204,1512,1501,1500,1500,2012,1499,1503,1500,1500,1499,988,1500,1500,1500,1500,1500,1500,1500,1500,2012,1500,1555,1500,2012,1500,1505,1503,1500,1520,1505,1500,988,8.3
2025-05-10,18:23:07.240,-81,-71,10,4184,150,35,1,15,0,0,2,-2,8,354,-8,519,516,0,-1,-1,-1,0x1020480010840204,1512,1501,1500,1500,2012,1499,1504,1500,1500,1499,988,1500,1500,1500,1500,1500,1500,1500,1500,2012,1500,1555,1500,2012,1500,1506,1503,1500,1520,1505,1500,988,8.3
2025-05-10,18:23:07.740,-81,-74,10,4184,160,35,1,15,0,0,2,-2,7,354,-9,519,516,0,-1,-1,-1,0x1020480010840204,1512,1501,1500,1500,2012,1499,1503,1500,1500,1499,988,1500,1500,1500,1500,1500,1500,1500,1500,2012,1500,1555,1500,2012,1500,1505,1503,1500,1520,1505,1500,988,8.3
2025-05-10,18:23:08.240,-78,-77,10,4185,150,35,1,15,0,0,2,-2,5,354,-9,519,516,0,-1,-1,-1,0x1020480010840204,1512,1501,1500,1500,2012,1499,1502,1500,1500,1499,988,1500,1500,1500,1500,1500,1500,1500,1500,2012,1500,1555,1500,2012,1500,1505,1502,1500,1520,1505,1500,988,8.3
2025-05-10,18:23:08.740,-78,-76,10,4185,140,35,1,15,0,0,2,-2,5,354,-9,519,516,0,-1,-1,-1,0x1020480010840204,1512,1501,1500,1500,2012,1499,1502,1500,1500,1499,988,1500,1500,1500,1500,1500,1500,1500,1500,2012,1500,1555,1500,2012,1500,1504,1502,1500,1520,1505,1500,988,8.3
2025-05-10,18:23:09.240,-81,-78,10,4186,150,35,1,15,0,0,2,-2,6,354,-8,519,516,0,-1,-1,-1,0x1020480010840204,1512,1501,1500,1500,2012,1499,1503,1500,1500,1499,988,1500,1500,1500,1500,1500,1500,1500,1500,2012,1500,1555,1500,2012,1500,1505,1502,1500,1520,1505,1500,988,8.3
2025-05-10,18:23:09.740,-81,-74,10,4186,150,35,1,15,0,0,2,-2,7,354,-8,519,516,0,-1,-1,-1,0x1020480010840204,1512,1501,1500,1500,2012,1499,1503,1500,1500,1499,988,1500,1500,1500,1500,1500,1500,1500,1500,2012,1500,1555,1500,2012,1500,1505,1502,1500,1520,1505,1500,988,8.3
2025-05-10,18:23:10.240,-81,-73,10,4187,150,35,1,15,0,0,2,-2,6,354,-8,519,516,0,-1,-1,-1,0x1020480010840204,1512,1501,1500,1500,2012,1499,1503,1500,1500,1499,988,1500,1500,1500,1500,1500,1500,1500,1500,2012,1500,1555,1500,2012,1500,1505,1502,1500,1520,1505,1500,988,8.3
2025-05-10,18:23:10.740,-78,-74,10,4187,150,35,1,15,0,0,2,-2,6,354,-8,519,516,0,-1,-1,-1,0x1020480010840204,1512,1501,1500,1500,2012,1499,1503,1500,1500,1499,988,1500,1500,1500,1500,1500,1500,1500,1500,2012,1500,1555,1500,2012,1500,1505,1502,1500,1520,1505,1500,988,8.3
2025-05-10,18:23:11.240,-78,-73,10,4187,140,35,1,15,0,0,2,-2,7,354,-8,519,516,0,-1,-1,-1,0x1020480010840204,1512,1501,1500,1500,2012,1499,1503,1500,1500,1499,988,1500,1500,1500,1500,1500,1500,1500,1500,2012,1500,1555,1500,2012,1500,1505,1502,1500,1520,1505,1500,988,8.3
2025-05-10,18:23:11.740,-78,-81,10,4188,160,35,1,15,0,0,2,-2,6,354,-8,519,516,0,-1,-1,-1,0x1020480010840204,1512,1501,1500,1500,2012,1499,1503,1500,1500,1499,988,1500,1500,1500,1500,1500,1500,1500,1500,2012,1500,1555,1500,2012,1500,1505,1503,1500,1520,1505,1500,988,8.3
2025-05-10,18:23:12.240,-86,-76,10,4188,150,35,1,15,0,0,2,-3,7,354,-9,519,516,0,-1,-1,-1,0x1020480010840204,1512,1501,1500,1500,2012,1499,1503,1500,1500,1499,988,1500,1500,1500,1500,1500,1500,1500,1500,2012,1500,1555,1500,2012,1500,1505,1503,1500,1520,1505,1500,988,8.3
2025-05-10,18:23:12.740,-79,-78,10,4189,140,35,1,15,0,0,2,-4,8,354,-9,519,515,0,-1,-1,-1,0x1020480010840204,1511,1501,1500,1500,2012,1498,1504,1500,1500,1498,988,1500,1500,1500,1500,1500,1500,1500,1500,2012,1500,1555,1500,2012,1500,1507,1503,1500,1520,1505,1500,988,8.3
2025-05-10,18:23:13.240,-85,-86,10,4189,150,35,1,15,0,0,2,-3,9,354,-8,519,516,0,-1,-1,-1,0x1020480010840204,1512,1501,1500,1500,2012,1499,1504,1500,1500,1499,988,1500,1500,1500,1500,1500,1500,1500,1500,2012,1500,1555,1500,2012,1500,1507,1503,1500,1520,1505,1500,988,8.3
2025-05-10,18:23:13.740,-85,-73,10,4189,150,35,1,15,0,0,2,-3,6,354,-9,519,516,0,-1,-1,-1,0x1020480010840204,1512,1501,1500,1500,2012,1499,1503,1500,1500,1499,988,1500,1500,1500,1500,1500,1500,1500,1500,2012,1500,1555,1500,2012,1500,1505,1502,1500,1520,1505,1500,988,8.3
2025-05-10,18:23:14.240,-80,-78,10,4190,150,35,1,15,0,0,2,-3,6,354,-8,519,516,0,-1,-1,-1,0x1020480010840204,1512,1501,1500,1500,2012,1499,1503,1500,1500,1499,988,1500,1500,1500,1500,1500,1500,1500,1500,2012,1500,1555,1500,2012,1500,1505,1502,1500,1520,1505,1500,988,8.3
2025-05-10,18:23:14.740,-78,-79,10,4190,180,35,1,15,608,0,2,-3,7,354,-9,519,516,0,-1,-1,-1,0x1020480010840204,1512,1501,1500,1500,2012,1499,1503,1500,1500,1499,988,1500,1500,1500,1500,1500,1500,1500,1500,2012,1500,1555,1500,2012,1500,1505,1503,1500,1520,1505,1500,988,8.3
2025-05-10,18:23:15.240,-67,-79,10,4190,170,35,1,15,0,0,2,-3,6,354,-8,519,516,0,-1,-1,-1,0x1020480010840204,1512,1501,1500,1500,2012,1499,1503,1500,1500,1499,988,1500,1500,1500,1500,1500,1500,1500,1500,2012,1500,1555,1500,2012,1500,1505,1502,1500,1520,1505,1500,988,8.3
2025-05-10,18:23:15.740,-79,-72,10,4191,430,35,1,15,27,0,3,-2,5,354,-9,519,516,0,-1,-1,-1,0x1020480010840204,1512,1501,1500,1500,2012,1499,1502,1500,1500,1499,988,1500,1500,1500,1500,1500,1500,1500,1500,2012,1500,1555,1500,2012,1500,1505,1502,1500,1520,1505,1500,988,8.3
2025-05-10,18:23:16.240,-72,-72,10,4191,150,35,1,15,0,0,3,-4,7,354,-8,519,516,0,-1,-1,-1,0x1020480010840204,1512,1501,1500,1500,2012,1498,1503,1500,1500,1499,988,1500,1500,1500,1500,1500,1500,1500,1500,2012,1500,1555,1500,2012,1500,1505,1503,1500,1520,1505,1500,988,8.3
2025-05-10,18:23:16.740,-68,-72,10,4191,160,35,1,15,0,0,3,4,7,354,-9,519,516,0,-1,-1,-1,0x1020480010840204,1513,1501,1500,1500,2012,1502,1503,1500,1500,1502,988,1500,1500,1500,1500,1500,1500,1500,1500,2012,1500,1555,1500,2012,1500,1505,1503,1500,1520,1505,1500,988,8.3
2025-05-10,18:23:17.240,-65,-72,10,5000,160,35,1,15,0,0,3,10,23,354,-8,519,516,0,-1,-1,-1,0x1020480010840204,1514,1501,1500,1500,2012,1505,1511,1500,1500,1505,988,1500,1500,1500,1500,1500,1500,1500,1500,2012,1500,1555,1500,2012,1500,1509,1504,1500,1520,1505,1500,988,8.3
2025-05-10,18:23:17.740,-65,-72,10,4192,7290,35,1,15,450,0,3,72,634,354,-8,519,516,0,-1,-1,-1,0x1020480010840205,1522,1589,1588,1500,2012,1536,1817,1500,1500,1523,988,1500,1500,1500,1500,1500,1500,1500,1372,1628,1500,1555,1500,2012,1500,1857,1722,1500,1520,1505,1500,988,8.3
2025-05-10,18:23:18.240,-64,-72,10,4189,7080,36,1,15,8333,0,5,-231,653,354,-9,519,516,0,-1,-1,-1,0x1020480014840205,1477,1599,1589,1500,2012,1385,1826,1500,1500,1399,988,1500,1500,1500,1500,1500,1500,1500,1372,1628,1500,1555,1500,2012,1500,1876,1748,1500,1520,1505,1500,988,8.3
2025-05-10,18:23:18.740,-64,-72,10,4127,23680,36,1,15,10623,0,6,-1022,843,354,-9,519,516,0,-1,-1,-1,0x1020480014842205,1179,1650,1589,1500,2012,989,1921,1500,1500,990,988,1500,1500,1500,1500,1500,1500,1500,1372,1628,1500,1555,1500,2012,1500,1971,1920,1500,1520,1505,1500,988,8.3
2025-05-10,18:23:19.240,-62,-72,10,4133,4260,39,1,15,6300,0,7,-1024,647,354,-9,519,516,0,-1,-1,-1,0x1020480014840A05,1177,1597,1589,1500,2012,988,1824,1500,1500,988,988,1500,1500,1500,1500,1500,1500,1500,1372,1628,1500,1555,1500,2012,1500,1872,1744,1500,1520,1505,1500,988,8.3
2025-05-10,18:23:19.740,-65,-53,10,4152,23070,40,1,15,10921,0,9,-987,1023,354,-9,519,516,0,-1,-1,-1,0x1020480014842A05,1193,1704,1589,1500,2012,1007,2011,1500,1500,1001,988,1500,1500,1500,1500,1500,1500,1500,1372,1628,1500,1555,1500,2012,1500,2011,2011,1500,1520,1505,1500,988,8.3
2025-05-10,18:23:20.240,-65,-52,10,4115,16810,40,1,15,11402,0,11,326,1017,354,-8,519,516,0,-1,-1,-1,0x1020480014842205,1589,1703,1589,1500,2012,1663,2008,1500,1500,1669,988,1500,1500,1500,1500,1500,1500,1500,1372,1628,1500,1555,1500,2012,1500,2010,2007,1500,1520,1505,1500,988,8.3
2025-05-10,18:23:20.750,-65,-52,10,4077,13240,40,1,15,13858,0,13,-245,1006,354,-8,519,516,0,-1,-1,-1,0x1020480014842605,1467,1699,1589,1500,2012,1378,2003,1500,1500,1371,988,1500,1500,1500,1500,1500,1500,1500,1372,1628,1500,1555,1500,2012,1500,2005,1997,1500,1520,1505,1500,988,8.3
2025-05-10,18:23:21.240,-65,-56,10,4081,2490,40,1,15,10160,0,14,-672,472,354,-8,519,516,0,-1,-1,-1,0x1020480014840605,1357,1569,1589,1500,2012,1159,1736,1500,1500,1165,988,1500,1500,1500,1500,1500,1500,1500,1372,1628,1500,1555,1500,2012,1500,1794,1673,1500,1520,1505,1500,988,8.3
2025-05-10,18:23:21.740,-83,-72,10,4110,25140,40,1,15,11048,0,15,0,1019,354,-9,519,516,0,-1,-1,-1,0x1020480010842605,1512,1703,1589,1500,2012,1500,2009,1500,1500,1500,988,1500,1500,1500,1500,1500,1500,1500,1372,1628,1500,1555,1500,2012,1500,2010,2008,1500,1520,1505,1500,988,8.3
2025-05-10,18:23:22.240,-83,-77,10,4116,15110,41,1,15,12897,0,18,-321,1019,354,-9,519,516,0,-1,-1,-1,0x1020480014842605,1455,1703,1589,1500,2012,1340,2009,1500,1500,1340,988,1500,1500,1500,1500,1500,1500,1500,1372,1628,1500,1555,1500,2012,1500,2010,2007,1500,1520,1505,1500,988,8.3
2025-05-10,18:23:22.740,-79,-73,10,4072,13560,41,1,15,13280,0,19,-377,1018,354,-8,519,516,0,-1,-1,-1,0x1020480014842605,1442,1703,1589,1500,2012,1312,2009,1500,1500,1311,988,1500,1500,1500,1500,1500,1500,1500,1372,1628,1500,1555,1500,2012,1500,2010,2007,1500,1520,1505,1500,988,8.3
2025-05-10,18:23:23.240,-79,-73,10,4076,4490,41,1,15,13423,0,21,258,805,354,-9,519,516,0,-1,-1,-1,0x1020480014840605,1568,1635,1589,1500,2012,1629,1902,1500,1500,1621,988,1500,1500,1500,1500,1500,1500,1500,1372,1628,1500,1555,1500,2012,1500,1934,1837,1500,1520,1505,1500,988,8.3
2025-05-10,18:23:23.710,-74,-76,10,4090,1160,41,1,15,9607,0,21,248,153,354,-9,519,515,0,-1,-1,-1,0x1020480014840605,1565,1522,1589,1500,2012,1624,1576,1500,1500,1617,988,1500,1500,1500,1500,1500,1500,1500,1372,1628,1500,1555,1500,2012,1500,1612,1556,1500,1520,1505,1500,988,8.3
2025-05-10,18:23:24.210,-66,-76,10,4160,1530,41,1,15,4493,0,21,1024,45,354,-9,519,515,0,-1,-1,-1,0x1020480014840605,1786,1507,1589,1500,2012,2012,1522,1500,1500,2012,988,1500,1500,1500,1500,1500,1500,1500,1065,1935,1500,1555,1500,2012,1500,1534,1518,1500,1520,1505,1500,988,8.3
2025-05-10,18:23:24.710,-66,-76,10,4163,24940,41,1,15,10619,0,22,113,1013,354,-9,519,516,0,-1,-1,-1,0x1020480014842205,1555,1701,1589,1500,2012,1556,2006,1500,1500,1596,988,1500,1500,1500,1500,1500,1500,1500,1372,1628,1500,1555,1500,2012,1500,2008,2003,1500,1520,1505,1500,988,8.3
2025-05-10,18:23:25.210,-71,-69,10,4157,24620,41,1,15,11045,0,25,-157,1011,354,-8,519,516,0,-1,-1,-1,0x1020480014842205,1491,1701,1589,1500,2012,1422,2005,1500,1500,1438,988,1500,1500,1500,1500,1500,1500,1500,1372,1628,1500,1555,1500,2012,1500,2007,2001,1500,1520,1505,1500,988,8.3
2025-05-10,18:23:25.710,-69,-71,10,4061,14340,41,1,15,12797,0,27,2,1013,353,-8,519,516,0,-1,-1,-1,0x1020480010842605,1513,1701,1589,1500,2012,1501,2006,1500,1500,1501,988,1500,1500,1500,1500,1500,1500,1500,1372,1628,1500,1555,1500,2012,1500,2008,2003,1500,1520,1505,1500,988,8.3
2025-05-10,18:23:26.210,-69,-71,10,4069,13060,40,1,15,14898,0,29,-3,1013,354,-8,519,516,0,-1,-1,-1,0x1020480010842605,1512,1701,1589,1500,2012,1499,2006,1500,1500,1499,988,1500,1500,1500,1500,1500,1500,1500,1372,1628,1500,1555,1500,2012,1500,2008,2003,1500,1520,1505,1500,988,8.3
2025-05-10,18:23:26.710,-65,-68,10,4074,14040,40,1,15,13692,0,31,-2,1013,354,-8,519,516,0,-1,-1,-1,0x1020480010842605,1512,1701,1589,1500,2012,1499,2006,1500,1500,1499,988,1500,1500,1500,1500,1500,1500,1500,1372,1628,1500,1555,1500,2012,1500,2008,2003,1500,1520,1505,1500,988,8.3
2025-05-10,18:23:27.210,-70,-67,10,4076,8950,40,1,15,21953,0,32,-4,1013,354,-8,519,516,0,-1,-1,-1,0x1020480010842605,1511,1701,1589,1500,2012,1498,2006,1500,1500,1498,988,1500,1500,1500,1500,1500,1500,1500,1372,1628,1500,1555,1500,2012,1500,2008,2003,1500,1520,1505,1500,988,8.3
2025-05-10,18:23:27.710,-70,-68,10,4079,9150,40,1,15,21221,0,34,-10,1014,354,-9,519,516,0,-1,-1,-1,0x1020480010842605,1510,1701,1589,1500,2012,1495,2007,1500,1500,1495,988,1500,1500,1500,1500,1500,1500,1500,1372,1628,1500,1555,1500,2012,1500,2008,2003,1500,1520,1505,1500,988,8.3
2025-05-10,18:23:28.210,-66,-72,10,4148,2980,41,1,15,7603,0,0,1024,672,354,-9,519,516,0,-1,-1,-1,0x1020480014840605,1786,1600,1589,1500,2012,2012,1836,1500,1500,2012,988,1500,1500,1500,1500,1500,1500,1500,1372,1628,1500,1555,1500,2012,1500,1878,1750,1500,1520,1505,1500,988,8.3
2025-05-10,18:23:28.710,-65,-72,10,4115,16000,45,1,15,12224,0,1,777,1013,353,-8,519,516,0,-1,-1,-1,0x1020480014842605,1695,1701,1589,1500,2012,1888,2006,1500,1500,1888,988,1500,1500,1500,1500,1500,1500,1500,1372,1628,1500,1555,1500,2012,1500,2008,2003,1500,1520,1505,1500,988,8.3
2025-05-10,18:23:29.210,-68,-72,10,4066,13970,44,1,15,13633,0,3,75,1013,353,-8,519,516,0,-1,-1,-1,0x1020480014842605,1537,1701,1589,1500,2012,1537,2006,1500,1500,1555,988,1500,1500,1500,1500,1500,1500,1500,1372,1628,1500,1555,1500,2012,1500,2008,2003,1500,1520,1505,1500,988,8.3
2025-05-10,18:23:29.710,-77,-73,10,4061,14080,44,1,15,13993,0,5,773,1012,354,-9,519,516,0,-1,-1,-1,0x1020480014842205,1698,1701,1589,1500,2012,1886,2006,1500,1500,1892,988,1500,1500,1500,1500,1500,1500,1500,1372,1628,1500,1555,1500,2012,1500,2008,2003,1500,1520,1505,1500,988,8.3
2025-05-10,18:23:30.210,-77,-75,10,4062,13230,42,1,15,15548,0,7,-3,1013,353,-9,519,516,0,-1,-1,-1,0x1020480010842205,1512,1701,1589,1500,2012,1499,2006,1500,1500,1499,988,1500,1500,1500,1500,1500,1500,1500,1372,1628,1500,1555,1500,2012,1500,2008,2003,1500,1520,1505,1500,988,8.3
2025-05-10,18:23:30.710,-68,-71,10,4068,1040,43,1,15,19802,0,8,-903,64,354,-8,519,516,0,-1,-1,-1,0x1020480014840205,1212,1505,1589,1500,2012,1049,1532,1500,1500,1017,988,1500,1500,1500,1500,1500,1500,1500,988,2012,1500,1555,1500,2012,1500,1651,1514,1500,1520,1505,1500,988,8.3
2025-05-10,18:23:31.210,-75,-71,10,4099,1150,43,1,15,7842,0,8,-1024,-57,354,-8,519,515,0,-1,-1,-1,0x1020480014840205,1177,1480,1589,1500,2012,988,1472,1480,1500,988,988,1500,1500,1500,1500,1500,1500,1480,1117,1883,1500,1555,1500,2012,1500,1578,1500,1500,1520,1505,1500,988,8.3
2025-05-10,18:23:31.710,-76,-61,10,4142,24230,42,1,15,10071,0,9,-1024,1020,354,-8,519,516,0,-1,-1,-1,0x1020480014842A05,1177,1703,1589,1500,2012,988,2010,1500,1500,988,988,1500,1500,1500,1500,1500,1500,1500,1372,1628,1500,1555,1500,2012,1500,2010,2008,1500,1520,1505,1500,988,8.3
2025-05-10,18:23:32.210,-76,-56,10,4132,23630,42,1,15,10940,0,12,-149,1012,354,-9,519,516,0,-1,-1,-1,0x1020480014842205,1496,1701,1589,1500,2012,1419,2006,1500,1500,1453,988,1500,1500,1500,1500,1500,1500,1500,1372,1628,1500,1555,1500,2012,1500,2008,2002,1500,1520,1505,1500,988,8.3
2025-05-10,18:23:32.710,-76,-55,10,4025,15890,43,1,15,12879,0,15,60,1017,353,-9,519,516,0,-1,-1,-1,0x1020480014842605,1525,1702,1589,1500,2012,1530,2008,1500,1500,1529,988,1500,1500,1500,1500,1500,1500,1500,1372,1628,1500,1555,1500,2012,1500,2009,2006,1500,1520,1505,1500,988,8.3
2025-05-10,18:23:33.210,-76,-56,10,4523,13630,42,1,15,13737,0,16,71,1014,354,-8,519,516,0,-1,-1,-1,0x1020480010842605,1522,1701,1589,1500,2012,1535,2007,1500,1500,1521,988,1500,1500,1500,1500,1500,1500,1500,1372,1628,1500,1555,1500,2012,1500,2008,2003,1500,1520,1505,1500,988,8.3
2025-05-10,18:23:33.710,-63,-58,10,4060,12520,41,1,15,14883,0,18,433,1013,354,-8,519,516,0,-1,-1,-1,0x1020480014842605,1606,1701,1589,1500,2012,1716,2006,1500,1500,1710,988,1500,1500,1500,1500,1500,1500,1500,1372,1628,1500,1555,1500,2012,1500,2008,2003,1500,1520,1505,1500,988,8.3
2025-05-10,18:23:34.210,-59,-63,10,4064,12800,42,1,15,14871,0,20,291,1012,354,-9,519,516,0,-1,-1,-1,0x1020480014842605,1585,1701,1589,1500,2012,1645,2006,1500,1500,1659,988,1500,1500,1500,1500,1500,1500,1500,1372,1628,1500,1555,1500,2012,1500,2008,2003,1500,1520,1505,1500,988,8.3
2025-05-10,18:23:34.710,-62,-63,10,4065,13820,41,1,15,14701,0,21,18,1013,354,-8,519,516,0,-1,-1,-1,0x1020480010842605,1517,1701,1589,1500,2012,1509,2006,1500,1500,1510,988,1500,1500,1500,1500,1500,1500,1500,1372,1628,1500,1555,1500,2012,1500,2008,2002,1500,1520,1505,1500,988,8.3
2025-05-10,18:23:35.210,-62,-68,10,4066,13190,41,1,15,14463,0,23,214,1013,354,-8,519,516,0,-1,-1,-1,0x1020480014842605,1557,1701,1589,1500,2012,1607,2006,1500,1500,1599,988,1500,1500,1500,1500,1500,1500,1500,1372,1628,1500,1555,1500,2012,1500,2008,2003,1500,1520,1505,1500,988,8.3
2025-05-10,18:23:35.710,-58,-68,10,4066,8590,41,1,15,22000,0,25,550,711,354,-9,519,516,0,-1,-1,-1,0x1020480014840605,1632,1624,1589,1500,2012,1775,1855,1500,1500,1769,988,1500,1500,1500,1500,1500,1500,1500,1372,1628,1500,1555,1500,2012,1500,1941,1810,1500,1520,1505,1500,988,8.3
2025-05-10,18:23:36.210,-70,-74,10,4083,2580,41,1,15,8749,0,25,1024,505,354,-8,519,516,0,-1,-1,-1,0x1020480014840605,1786,1574,1589,1500,2012,2012,1752,1500,1500,2012,988,1500,1500,1500,1500,1500,1500,1500,1372,1628,1500,1555,1500,2012,1500,1810,1685,1500,1520,1505,1500,988,8.3
2025-05-10,18:23:36.710,-71,-68,10,4128,23670,41,1,15,9210,0,26,1024,1015,354,-9,519,516,0,-1,-1,-1,0x1020480014842205,1786,1702,1589,1500,2012,2012,2007,1500,1500,2012,988,1500,1500,1500,1500,1500,1500,1500,1372,1628,1500,1555,1500,2012,1500,2008,2003,1500,1520,1505,1500,988,8.3
2025-05-10,18:23:37.210,-71,-71,10,4117,17420,41,1,15,11103,0,28,-128,1015,354,-8,519,516,0,-1,-1,-1,0x1020480014842205,1496,1702,1589,1500,2012,1436,2007,1500,1500,1454,988,1500,1500,1500,1500,1500,1500,1500,1372,1628,1500,1555,1500,2012,1500,2009,2004,1500,1520,1505,1500,988,8.3
2025-05-10,18:23:37.710,-74,-74,10,4041,18210,42,1,15,10964,0,30,1024,1018,354,-9,519,516,0,-1,-1,-1,0x1020480014842605,1786,1703,1589,1500,2012,2012,2009,1500,1500,2012,988,1500,1500,1500,1500,1500,1500,1500,1372,1628,1500,1555,1500,2012,1500,2010,2007,1500,1520,1505,1500,988,8.3
2025-05-10,18:23:38.210,-75,-87,10,4519,17090,42,1,15,11550,1,32,-4,1016,354,-8,519,516,0,-1,-1,-1,0x1020480010842605,1511,1702,1589,1500,2012,1498,2008,1500,1500,1498,988,1500,1500,1500,1500,1500,1500,1500,1372,1628,1500,1555,1500,2012,1500,2009,2005,1500,1520,1505,1500,988,8.3
2025-05-10,18:23:38.710,-80,-87,10,4043,15940,43,1,15,12786,1,35,311,1015,354,-8,519,516,0,-1,-1,-1,0x1020480014842605,1576,1702,1589,1500,2012,1655,2007,1500,1500,1641,988,1500,1500,1500,1500,1500,1500,1500,1372,1628,1500,1555,1500,2012,1500,2009,2004,1500,1520,1505,1500,988,8.3
2025-05-10,18:23:39.210,-61,-72,10,4045,9980,42,1,15,18741,1,36,-369,1018,354,-8,519,516,0,-1,-1,-1,0x1020480014842605,1441,1703,1589,1500,2012,1316,2009,1500,1500,1310,988,1500,1500,1500,1500,1500,1500,1500,1372,1628,1500,1555,1500,2012,1500,2010,2007,1500,1520,1505,1500,988,8.3
2025-05-10,18:23:39.710,-79,-71,10,4127,1280,41,1,15,8705,0,0,-1024,85,354,-9,519,516,0,-1,-1,-1,0x1020480014840E05,1177,1512,1588,1500,2012,988,1542,1500,1500,988,988,1500,1500,1500,1500,1500,1500,1500,1372,1628,1500,1555,1500,2012,1500,1555,1531,1500,1520,1505,1500,988,8.3
2025-05-10,18:23:40.210,-70,-60,10,4118,21760,41,1,15,11430,0,1,-1024,1014,354,-8,519,516,0,-1,-1,-1,0x1020480014842E05,1177,1702,1589,1500,2012,988,2007,1500,1500,988,988,1500,1500,1500,1500,1500,1500,1500,1372,1628,1500,1555,1500,2012,1500,2009,2003,1500,1520,1505,1500,988,8.3
2025-05-10,18:23:40.710,-61,-63,10,4038,15410,41,1,15,11215,0,4,-267,1013,354,-9,519,516,0,-1,-1,-1,0x1020480014842E05,1444,1701,1589,1500,2012,1367,2006,1500,1500,1315,988,1500,1500,1500,1500,1500,1500,1500,1372,1628,1500,1555,1500,2012,1500,2008,2003,1500,1520,1505,1500,988,8.3
2025-05-10,18:23:41.210,-60,-63,10,4028,17090,41,1,15,11002,0,6,-15,1014,354,-8,519,516,0,-1,-1,-1,0x1020480010842605,1509,1701,1589,1500,2012,1493,2007,1500,1500,1492,988,1500,1500,1500,1500,1500,1500,1500,1372,1628,1500,1555,1500,2012,1500,2008,2003,1500,1520,1505,1500,988,8.3
2025-05-10,18:23:41.710,-61,-63,10,4027,15210,41,1,15,12273,0,8,-74,1015,354,-8,519,516,0,-1,-1,-1,0x1020480014842205,1500,1702,1589,1500,2012,1463,2007,1500,1500,1463,988,1500,1500,1500,1500,1500,1500,1500,1372,1628,1500,1555,1500,2012,1500,2009,2004,1500,1520,1505,1500,988,8.3
2025-05-10,18:23:42.210,-59,-63,10,4034,9930,41,1,15,14459,0,10,-291,937,354,-8,519,516,0,-1,-1,-1,0x1020480014842205,1456,1676,1589,1500,2012,1355,1968,1500,1500,1344,988,1500,1500,1500,1500,1500,1500,1500,1372,1628,1500,1555,1500,2012,1500,1981,1940,1500,1520,1505,1500,988,8.3
2025-05-10,18:23:42.710,-64,-66,10,4038,2880,42,1,15,11732,0,12,1024,446,354,-9,519,516,0,-1,-1,-1,0x1020480014840205,1786,1567,1589,1500,2012,2012,1723,1500,1500,2012,988,1500,1500,1500,1500,1500,1500,1500,1372,1628,1500,1555,1500,2012,1500,1788,1668,1500,1520,1505,1500,988,8.3
2025-05-10,18:23:43.210,-61,-66,10,4062,17540,42,1,15,9621,0,13,2,945,354,-9,519,516,0,-1,-1,-1,0x1020480010842205,1512,1679,1589,1500,2012,1501,1972,1500,1500,1500,988,1500,1500,1500,1500,1500,1500,1500,1372,1628,1500,1555,1500,2012,1500,1984,1947,1500,1520,1505,1500,988,8.3
2025-05-10,18:23:43.710,-66,-68,10,4084,1370,42,1,15,5930,0,14,1024,528,354,-8,519,516,0,-1,-1,-1,0x1020480014840205,1786,1568,1589,1500,2012,2012,1764,1500,1500,2012,988,1500,1500,1500,1500,1500,1500,1500,1372,1628,1500,1555,1500,2012,1500,1796,1671,1500,1520,1505,1500,988,8.3
2025-05-10,18:23:44.210,-76,-79,10,4073,18510,42,1,15,11386,0,16,-107,1011,354,-8,519,516,0,-1,-1,-1,0x1020480014842205,1499,1701,1589,1500,2012,1447,2005,1500,1500,1461,988,1500,1500,1500,1500,1500,1500,1500,1372,1628,1500,1555,1500,2012,1500,2007,2001,1500,1520,1505,1500,988,8.3
2025-05-10,18:23:44.710,-79,-79,10,4756,18860,42,1,15,11687,0,18,641,1012,354,-8,519,516,0,-1,-1,-1,0x1020480014842605,1656,1701,1589,1500,2012,1820,2006,1500,1500,1819,988,1500,1500,1500,1500,1500,1500,1500,1372,1628,1500,1555,1500,2012,1500,2008,2002,1500,1520,1505,1500,988,8.3
2025-05-10,18:23:45.210,-74,-76,10,4027,14720,42,1,15,12613,0,20,301,1012,354,-9,519,515,0,-1,-1,-1,0x1020480014842605,1584,1701,1589,1500,2012,1650,2006,1500,1500,1656,988,1500,1500,1500,1500,1500,1500,1500,1372,1628,1500,1555,1500,2012,1500,2008,2002,1500,1520,1505,1500,988,8.3
2025-05-10,18:23:45.710,-76,-75,10,4041,13620,42,1,15,14113,0,22,24,1012,354,-9,519,516,0,-1,-1,-1,0x1020480010842605,1512,1701,1589,1500,2012,1512,2006,1500,1500,1500,988,1500,1500,1500,1500,1500,1500,1500,1372,1628,1500,1555,1500,2012,1500,2008,2002,1500,1520,1505,1500,988,8.3
2025-05-10,18:23:46.210,-71,-73,10,4046,13230,42,1,15,14396,0,24,0,1013,354,-9,519,516,0,-1,-1,-1,0x1020480010842605,1512,1701,1589,1500,2012,1500,2006,1500,1500,1500,988,1500,1500,1500,1500,1500,1500,1500,1372,1628,1500,1555,1500,2012,1500,2008,2003,1500,1520,1505,1500,988,8.3
2025-05-10,18:23:46.710,-70,-73,10,4050,12080,42,1,15,15665,0,26,69,1012,354,-8,519,516,0,-1,-1,-1,0x1020480014842605,1528,1701,1589,1500,2012,1534,2006,1500,1500,1534,988,1500,1500,1500,1500,1500,1500,1500,1372,1628,1500,1555,1500,2012,1500,2008,2002,1500,1520,1505,1500,988,8.3
2025-05-10,18:23:47.210,-69,-73,10,4053,11880,42,1,15,16171,0,27,233,1012,354,-9,519,516,0,-1,-1,-1,0x1020480014842605,1561,1701,1589,1500,2012,1616,2006,1500,1500,1609,988,1500,1500,1500,1500,1500,1500,1500,1372,1628,1500,1555,1500,2012,1500,2008,2002,1500,1520,1505,1500,988,8.3
2025-05-10,18:23:47.710,-68,-73,10,4055,12070,42,1,15,15735,0,29,343,1011,354,-9,519,516,0,-1,-1,-1,0x1020480014842605,1588,1701,1589,1500,2012,1671,2005,1500,1500,1664,988,1500,1500,1500,1500,1500,1500,1500,1372,1628,1500,1555,1500,2012,1500,2007,2001,1500,1520,1505,1500,988,8.3
2025-05-10,18:23:48.210,-62,-73,10,4056,11310,42,1,15,16099,0,30,-69,1009,354,-9,519,516,0,-1,-1,-1,0x1020480014842605,1501,1700,1589,1500,2012,1466,2004,1500,1500,1467,988,1500,1500,1500,1500,1500,1500,1500,1372,1628,1500,1555,1500,2012,1500,2007,1999,1500,1520,1505,1500,988,8.3
2025-05-10,18:23:48.710,-61,-73,10,4057,11870,42,1,15,16323,0,32,229,1009,354,-9,519,516,0,-1,-1,-1,0x1020480014842205,1567,1700,1589,1500,2012,1614,2004,1500,1500,1620,988,1500,1500,1500,1500,1500,1500,1500,1372,1628,1500,1555,1500,2012,1500,2007,1999,1500,1520,1505,1500,988,8.3
2025-05-10,18:23:49.210,-61,-56,10,4057,11590,42,1,15,16387,0,33,-76,1009,354,-9,519,516,0,-1,-1,-1,0x1020480014842205,1499,1700,1589,1500,2012,1462,2004,1500,1500,1462,988,1500,1500,1500,1500,1500,1500,1500,1372,1628,1500,1555,1500,2012,1500,2007,1999,1500,1520,1505,1500,988,8.3
2025-05-10,18:23:49.710,-61,-57,10,4292,11390,42,1,15,17337,1,35,2,1009,354,-9,519,516,0,-1,-1,-1,0x1020480010842205,1512,1700,1589,1500,2012,1501,2004,1500,1500,1500,988,1500,1500,1500,1500,1500,1500,1500,1372,1628,1500,1555,1500,2012,1500,2007,1999,1500,1520,1505,1500,988,8.3
2025-05-10,18:23:50.210,-75,-68,10,4058,11070,42,1,15,16775,1,36,165,1009,354,-8,519,516,0,-1,-1,-1,0x1020480014842205,1546,1700,1589,1500,2012,1582,2004,1500,1500,1576,988,1500,1500,1500,1500,1500,1500,1500,1372,1628,1500,1555,1500,2012,1500,2007,1999,1500,1520,1505,1500,988,8.3
2025-05-10,18:23:50.710,-75,-82,10,4058,11240,42,1,15,16694,1,38,-1,1009,354,-9,519,516,0,-1,-1,-1,0x1020480010842205,1512,1700,1589,1500,2012,1500,2004,1500,1500,1500,988,1500,1500,1500,1500,1500,1500,1500,1372,1628,1500,1555,1500,2012,1500,2007,1999,1500,1520,1505,1500,988,8.3
2025-05-10,18:23:51.210,-76,-85,10,4059,11090,42,1,15,17357,1,39,234,1009,354,-9,519,516,0,-1,-1,-1,0x1020480014842205,1568,1700,1589,1500,2012,1617,2004,1500,1500,1623,988,1500,1500,1500,1500,1500,1500,1500,1372,1628,1500,1555,1500,2012,1500,2007,1999,1500,1520,1505,1500,988,8.3
2025-05-10,18:23:51.710,-75,-85,10,4059,11970,42,1,15,17184,1,41,649,1009,354,-8,519,516,0,-1,-1,-1,0x1020480014842205,1659,1700,1589,1500,2012,1824,2004,1500,1500,1825,988,1500,1500,1500,1500,1500,1500,1500,1372,1628,1500,1555,1500,2012,1500,2007,1999,1500,1520,1505,1500,988,8.3
2025-05-10,18:23:52.210,-78,-85,10,4058,14230,42,1,15,13958,1,42,1023,1009,354,-8,519,516,0,-1,-1,-1,0x1020480014842205,1785,1700,1589,1500,2012,2011,2004,1500,1500,2011,988,1500,1500,1500,1500,1500,1500,1500,1372,1628,1500,1555,1500,2012,1500,2007,1999,1500,1520,1505,1500,988,8.3
2025-05-10,18:23:52.710,-74,-73,10,4057,2710,42,1,15,6387,1,43,1024,1017,354,-9,519,516,0,-1,-1,-1,0x1020480014842205,1786,1702,1589,1500,2012,2012,2008,1500,1500,2012,988,1500,1500,1500,1500,1500,1500,1500,1372,1628,1500,1555,1500,2012,1500,2009,1916,1500,1520,1505,1500,988,8.3
2025-05-10,18:23:53.210,-71,-73,10,4047,15640,42,1,15,11603,1,46,520,1010,354,-9,519,516,0,-1,-1,-1,0x1020480014842205,1631,1700,1589,1500,2012,1760,2005,1500,1500,1767,988,1500,1500,1500,1500,1500,1500,1500,1372,1628,1500,1555,1500,2012,1500,2007,2000,1500,1520,1505,1500,988,8.3
2025-05-10,18:23:53.710,-71,-72,10,4037,12770,43,1,15,14044,1,48,372,1011,354,-8,519,516,0,-1,-1,-1,0x1020480014842605,1596,1701,1589,1500,2012,1686,2005,1500,1500,1685,988,1500,1500,1500,1500,1500,1500,1500,1372,1628,1500,1555,1500,2012,1500,2007,2001,1500,1520,1505,1500,988,8.3
2025-05-10,18:23:54.210,-73,-72,10,4040,12710,43,1,15,14215,1,49,-3,1013,354,-9,519,516,0,-1,-1,-1,0x1020480010842605,1514,1701,1589,1500,2012,1499,2006,1500,1500,1505,988,1500,1500,1500,1500,1500,1500,1500,1372,1628,1500,1555,1500,2012,1500,2008,2003,1500,1520,1505,1500,988,8.3
2025-05-10,18:23:54.710,-71,-72,10,4044,3060,43,1,15,11135,1,50,-1024,619,354,-8,519,516,0,-1,-1,-1,0x1020480014840605,1177,1592,1589,1500,2012,988,1809,1500,1500,988,988,1500,1500,1500,1500,1500,1500,1500,1372,1628,1500,1555,1500,2012,1500,1860,1730,1500,1520,1505,1500,988,8.3
2025-05-10,18:23:55.210,-67,-72,10,4073,29670,43,1,15,8989,1,51,-1024,1017,354,-8,519,516,0,-1,-1,-1,0x1020480014842E05,1177,1702,1589,1500,2012,988,2008,1500,1500,988,988,1500,1500,1500,1500,1500,1500,1500,1372,1628,1500,1555,1500,2012,1500,2009,2006,1500,1520,1505,1500,988,8.3
2025-05-10,18:23:55.710,-66,-72,10,4073,28370,43,1,15,10057,1,55,45,1015,354,-9,519,516,0,-1,-1,-1,0x1020480010842605,1522,1702,1589,1500,2012,1522,2007,1500,1500,1523,988,1500,1500,1500,1500,1500,1500,1500,1372,1628,1500,1555,1500,2012,1500,2009,2004,1500,1520,1505,1500,988,8.3
2025-05-10,18:23:56.210,-72,-72,10,3969,26530,43,1,15,10627,1,58,-475,1016,354,-9,519,516,0,-1,-1,-1,0x1020480014842605,1406,1702,1589,1500,2012,1263,2008,1500,1500,1243,988,1500,1500,1500,1500,1500,1500,1500,1372,1628,1500,1555,1500,2012,1500,2009,2005,1500,1520,1505,1500,988,8.3
2025-05-10,18:23:56.710,-68,-62,10,3970,17570,43,1,15,11447,1,60,-296,1017,354,-9,519,516,0,-1,-1,-1,0x1020480014842605,1457,1702,1589,1500,2012,1352,2008,1500,1500,1346,988,1500,1500,1500,1500,1500,1500,1500,1372,1628,1500,1555,1500,2012,1500,2009,2006,1500,1520,1505,1500,988,8.3
2025-05-10,18:23:57.210,-68,-66,10,4011,14310,43,1,15,13250,1,62,96,1016,353,-8,519,516,0,-1,-1,-1,0x1020480014842605,1533,1702,1589,1500,2012,1548,2008,1500,1500,1547,988,1500,1500,1500,1500,1500,1500,1500,1372,1628,1500,1555,1500,2012,1500,2009,2006,1500,1520,1505,1500,988,8.3
2025-05-10,18:23:57.710,-73,-65,10,4024,12220,43,1,15,16094,1,64,43,1016,354,-9,519,516,0,-1,-1,-1,0x1020480014842205,1524,1702,1589,1500,2012,1521,2008,1500,1500,1527,988,1500,1500,1500,1500,1500,1500,1500,1372,1628,1500,1555,1500,2012,1500,2009,2005,1500,1520,1505,1500,988,8.3
2025-05-10,18:23:58.210,-70,-71,10,4027,21680,43,1,15,11602,1,66,-172,1016,354,-8,519,516,0,-1,-1,-1,0x1020480014842205,1480,1702,1589,1500,2012,1414,2008,1500,1500,1409,988,1500,1500,1500,1500,1500,1500,1500,1372,1628,1500,1555,1500,2012,1500,2009,2005,1500,1520,1505,1500,988,8.3
2025-05-10,18:23:58.710,-68,-71,10,4041,10520,43,1,15,19223,2,68,-27,1017,354,-9,519,516,0,-1,-1,-1,0x1020480010842205,1508,1702,1589,1500,2012,1487,2008,1500,1500,1487,988,1500,1500,1500,1500,1500,1500,1500,1372,1628,1500,1555,1500,2012,1500,2009,2006,1500,1520,1505,1500,988,8.3
2025-05-10,18:23:59.210,-84,-76,10,4014,17530,42,1,15,11269,0,0,-2,1017,354,-9,519,516,0,-1,-1,-1,0x1020480010842205,1512,1702,1589,1500,2012,1499,2008,1500,1500,1499,988,1500,1500,1500,1500,1500,1500,1500,1372,1628,1500,1555,1500,2012,1500,2009,2005,1500,1520,1505,1500,988,8.3
2025-05-10,18:23:59.710,-84,-76,10,4052,5330,43,1,15,11464,0,1,911,881,354,-8,519,516,0,-1,-1,-1,0x1020480014842205,1736,1659,1589,1500,2012,1955,1940,1500,1500,1956,988,1500,1500,1500,1500,1500,1500,1500,1372,1628,1500,1555,1500,2012,1500,1961,1895,1500,1520,1505,1500,988,8.3
2025-05-10,18:24:00.210,-74,-76,10,4056,22150,45,1,15,10409,0,3,605,1017,354,-8,519,516,0,-1,-1,-1,0x1020480014842205,1644,1702,1589,1500,2012,1802,2008,1500,1500,1795,988,1500,1500,1500,1500,1500,1500,1500,1372,1628,1500,1555,1500,2012,1500,2009,2006,1500,1520,1505,1500,988,8.3
2025-05-10,18:24:00.710,-76,-76,10,4054,11910,45,1,15,10164,0,5,9,913,354,-9,519,516,0,-1,-1,-1,0x1020480010842605,1514,1669,1589,1500,2012,1504,1956,1500,1500,1504,988,1500,1500,1500,1500,1500,1500,1500,1372,1628,1500,1555,1500,2012,1500,1967,1910,1500,1520,1505,1500,988,8.3
2025-05-10,18:24:01.210,-72,-76,10,4020,14020,44,1,15,13152,0,7,910,1015,354,-8,519,516,0,-1,-1,-1,0x1020480014842605,1728,1702,1589,1500,2012,1955,2007,1500,1500,1943,988,1500,1500,1500,1500,1500,1500,1500,1372,1628,1500,1555,1500,2012,1500,2009,2005,1500,1520,1505,1500,988,8.3
2025-05-10,18:24:01.720,-83,-85,10,4013,16690,45,1,15,11444,0,9,-1,1016,354,-8,519,516,0,-1,-1,-1,0x1020480010842605,1512,1702,1589,1500,2012,1500,2008,1500,1500,1500,988,1500,1500,1500,1500,1500,1500,1500,1372,1628,1500,1555,1500,2012,1500,2009,2005,1500,1520,1505,1500,988,8.3
2025-05-10,18:24:02.220,-76,-80,10,4013,14970,44,1,15,13103,0,11,-179,1015,354,-8,519,516,0,-1,-1,-1,0x1020480014842605,1481,1702,1589,1500,2012,1411,2007,1500,1500,1411,988,1500,1500,1500,1500,1500,1500,1500,1372,1628,1500,1555,1500,2012,1500,2009,2004,1500,1520,1505,1500,988,8.3
2025-05-10,18:24:02.710,-85,-78,10,4023,12110,44,1,15,14741,0,13,113,1004,354,-9,519,516,0,-1,-1,-1,0x1020480014842605,1537,1698,1589,1500,2012,1556,2002,1500,1500,1556,988,1500,1500,1500,1500,1500,1500,1500,1372,1628,1500,1555,1500,2012,1500,2005,1995,1500,1520,1505,1500,988,8.3
2025-05-10,18:24:03.210,-70,-75,10,4031,7470,44,1,15,11247,0,14,861,794,354,-9,519,516,0,-1,-1,-1,0x1020480014840605,1709,1632,1589,1500,2012,1930,1897,1500,1500,1910,988,1500,1500,1500,1500,1500,1500,1500,1372,1628,1500,1555,1500,2012,1500,1930,1829,1500,1520,1505,1500,988,8.3
2025-05-10,18:24:03.710,-79,-75,10,4060,16010,44,1,15,11870,0,15,-219,1020,354,-8,519,516,0,-1,-1,-1,0x1020480014842605,1481,1703,1589,1500,2012,1391,2010,1500,1500,1411,988,1500,1500,1500,1500,1500,1500,1500,1372,1628,1500,1555,1500,2012,1500,2010,2008,1500,1520,1505,1500,988,8.3
2025-05-10,18:24:04.210,-81,-78,10,5000,14230,44,1,15,12866,0,17,-24,1018,353,-9,519,516,0,-1,-1,-1,0x1020480010842605,1511,1703,1589,1500,2012,1488,2009,1500,1500,1496,988,1500,1500,1500,1500,1500,1500,1500,1372,1628,1500,1555,1500,2012,1500,2010,2007,1500,1520,1505,1500,988,8.3
2025-05-10,18:24:04.720,-71,-78,10,4022,14430,44,1,15,12630,0,19,0,1018,354,-8,519,516,0,-1,-1,-1,0x1020480010842205,1512,1703,1589,1500,2012,1500,2009,1500,1500,1500,988,1500,1500,1500,1500,1500,1500,1500,1372,1628,1500,1555,1500,2012,1500,2010,2007,1500,1520,1505,1500,988,8.3
2025-05-10,18:24:05.220,-67,-78,10,4024,13390,44,1,15,14785,0,21,-342,1017,354,-9,519,516,0,-1,-1,-1,0x1020480014842205,1453,1702,1589,1500,2012,1329,2008,1500,1500,1336,988,1500,1500,1500,1500,1500,1500,1500,1372,1628,1500,1555,1500,2012,1500,2009,2006,1500,1520,1505,1500,988,8.3
2025-05-10,18:24:05.720,-83,-77,10,4027,14220,44,1,15,12726,0,23,3,1017,354,-9,519,516,0,-1,-1,-1,0x1020480010842205,1513,1702,1589,1500,2012,1501,2008,1500,1500,1502,988,1500,1500,1500,1500,1500,1500,1500,1372,1628,1500,1555,1500,2012,1500,2009,2006,1500,1520,1505,1500,988,8.3
2025-05-10,18:24:06.220,-69,-67,10,4029,2510,43,1,15,14736,0,23,-288,568,354,-9,519,515,0,-1,-1,-1,0x1020480014840205,1461,1583,1589,1500,2012,1356,1784,1500,1500,1357,988,1500,1500,1500,1500,1500,1500,1500,1372,1628,1500,1555,1500,2012,1500,1839,1709,1500,1520,1505,1500,988,8.3
2025-05-10,18:24:06.710,-69,-61,10,4085,6860,44,1,15,9968,0,24,783,767,354,-9,519,516,0,-1,-1,-1,0x1020480014840205,1702,1626,1589,1500,2012,1891,1883,1500,1500,1898,988,1500,1500,1500,1500,1500,1500,1500,1372,1628,1500,1555,1500,2012,1500,1923,1815,1500,1520,1505,1500,988,8.3
2025-05-10,18:24:07.220,-64,-69,10,4085,15920,43,1,15,11788,0,25,220,998,354,-9,519,516,0,-1,-1,-1,0x1020480014842205,1565,1696,1589,1500,2012,1610,1999,1500,1500,1610,988,1500,1500,1500,1500,1500,1500,1500,1372,1628,1500,1555,1500,2012,1500,2003,1991,1500,1520,1505,1500,988,8.3
2025-05-10,18:24:07.720,-64,-64,10,4077,3920,44,1,15,8002,0,26,-1024,729,354,-9,519,516,0,-1,-1,-1,0x1020480014840A05,1177,1608,1589,1500,2012,988,1864,1500,1500,988,988,1500,1500,1500,1500,1500,1500,1500,1372,1628,1500,1555,1500,2012,1500,1905,1782,1500,1520,1505,1500,988,8.3
2025-05-10,18:24:08.220,-64,-56,10,4032,23930,43,1,15,10623,0,29,134,1019,354,-8,519,516,0,-1,-1,-1,0x1020480014842205,1528,1703,1589,1500,2012,1567,2009,1500,1500,1535,988,1500,1500,1500,1500,1500,1500,1500,1372,1628,1500,1555,1500,2012,1500,2010,2007,1500,1520,1505,1500,988,8.3
2025-05-10,18:24:08.720,-77,-62,10,4016,23160,43,1,15,11263,0,31,-78,1015,354,-9,519,516,0,-1,-1,-1,0x1020480014842205,1501,1702,1589,1500,2012,1461,2007,1500,1500,1467,988,1500,1500,1500,1500,1500,1500,1500,1372,1628,1500,1555,1500,2012,1500,2009,2004,1500,1520,1505,1500,988,8.3
2025-05-10,18:24:09.210,-77,-51,10,3989,16270,43,1,15,11446,0,33,-147,1016,354,-9,519,516,0,-1,-1,-1,0x1020480014842205,1487,1702,1589,1500,2012,1427,2008,1500,1500,1427,988,1500,1500,1500,1500,1500,1500,1500,1372,1628,1500,1555,1500,2012,1500,2009,2005,1500,1520,1505,1500,988,8.3
2025-05-10,18:24:09.720,-62,-58,10,4011,14190,43,1,15,13049,1,35,-67,1017,354,-8,519,516,0,-1,-1,-1,0x1020480014842605,1501,1702,1589,1500,2012,1467,2008,1500,1500,1467,988,1500,1500,1500,1500,1500,1500,1500,1372,1628,1500,1555,1500,2012,1500,2009,2006,1500,1520,1505,1500,988,8.3
2025-05-10,18:24:10.220,-62,-60,10,4020,16090,43,1,15,12770,1,36,-445,1018,354,-9,519,516,0,-1,-1,-1,0x1020480014842E05,1422,1703,1589,1500,2012,1278,2009,1500,1500,1273,988,1500,1500,1500,1500,1500,1500,1500,1372,1628,1500,1555,1500,2012,1500,2010,2007,1500,1520,1505,1500,988,8.3
2025-05-10,18:24:10.710,-72,-72,10,4022,16160,44,1,15,11673,1,39,617,1017,354,-8,519,516,0,-1,-1,-1,0x1020480014842605,1654,1702,1589,1500,2012,1808,2008,1500,1500,1814,988,1500,1500,1500,1500,1500,1500,1500,1372,1628,1500,1555,1500,2012,1500,2009,2006,1500,1520,1505,1500,988,8.3
2025-05-10,18:24:11.220,-72,-72,10,4013,19470,44,1,15,11259,1,41,-386,1018,354,-9,519,516,0,-1,-1,-1,0x1020480014842605,1440,1703,1589,1500,2012,1307,2009,1500,1500,1308,988,1500,1500,1500,1500,1500,1500,1500,1372,1628,1500,1555,1500,2012,1500,2010,2007,1500,1520,1505,1500,988,8.3
2025-05-10,18:24:11.720,-76,-79,10,4009,14080,43,1,15,12581,1,43,9,1018,354,-8,519,516,0,-1,-1,-1,0x1020480010842605,1514,1703,1589,1500,2012,1504,2009,1500,1500,1503,988,1500,1500,1500,1500,1500,1500,1500,1372,1628,1500,1555,1500,2012,1500,2010,2007,1500,1520,1505,1500,988,8.3
2025-05-10,18:24:12.220,-72,-71,10,4017,13270,43,1,15,14206,1,45,216,1016,354,-9,519,516,0,-1,-1,-1,0x1020480014842605,1564,1702,1589,1500,2012,1608,2008,1500,1500,1614,988,1500,1500,1500,1500,1500,1500,1500,1372,1628,1500,1555,1500,2012,1500,2009,2005,1500,1520,1505,1500,988,8.3
2025-05-10,18:24:12.720,-78,-76,10,4025,1340,43,1,15,10649,1,45,1024,222,354,-8,519,516,0,-1,-1,-1,0x1020480014840605,1786,1525,1589,1500,2012,2012,1611,1500,1500,2012,988,1500,1500,1500,1500,1500,1500,1500,1372,1628,1500,1555,1500,2012,1500,1658,1577,1500,1520,1505,1500,988,8.3
2025-05-10,18:24:13.220,-78,-68,10,4087,5340,43,1,15,6121,1,46,1024,741,354,-8,519,516,0,-1,-1,-1,0x1020480014840605,1786,1615,1589,1500,2012,2012,1870,1500,1500,2012,988,1500,1500,1500,1500,1500,1500,1500,1372,1628,1500,1555,1500,2012,1500,1909,1788,1500,1520,1505,1500,988,8.3
2025-05-10,18:24:13.720,-78,-65,10,4085,19890,43,1,15,8495,1,48,942,974,354,-9,519,516,0,-1,-1,-1,0x1020480014842205,1772,1689,1589,1500,2012,1971,1987,1500,1500,1998,988,1500,1500,1500,1500,1500,1500,1500,1372,1628,1500,1555,1500,2012,1500,1994,1970,1500,1520,1505,1500,988,8.3
2025-05-10,18:24:14.210,-78,-66,10,4010,14330,43,1,15,12154,1,50,-164,1021,354,-8,519,516,0,-1,-1,-1,0x1020480014842205,1484,1704,1589,1500,2012,1418,2010,1500,1500,1419,988,1500,1500,1500,1500,1500,1500,1500,1372,1628,1500,1555,1500,2012,1500,2011,2009,1500,1520,1505,1500,988,8.3
2025-05-10,18:24:14.720,-67,-70,10,4253,13350,43,1,15,13394,1,52,-110,1019,354,-8,519,516,0,-1,-1,-1,0x1020480014842205,1494,1703,1589,1500,2012,1445,2009,1500,1500,1445,988,1500,1500,1500,1500,1500,1500,1500,1372,1628,1500,1555,1500,2012,1500,2010,2007,1500,1520,1505,1500,988,8.3
2025-05-10,18:24:15.210,-66,-70,10,4017,12900,44,1,15,14437,1,54,215,1019,354,-9,519,516,0,-1,-1,-1,0x1020480014842205,1561,1703,1589,1500,2012,1607,2009,1500,1500,1608,988,1500,1500,1500,1500,1500,1500,1500,1372,1628,1500,1555,1500,2012,1500,2010,2007,1500,1520,1505,1500,988,8.3
2025-05-10,18:24:15.710,-65,-70,10,4024,13450,44,1,15,14089,1,56,160,1019,354,-9,519,516,0,-1,-1,-1,0x1020480014842205,1548,1703,1589,1500,2012,1580,2009,1500,1500,1580,988,1500,1500,1500,1500,1500,1500,1500,1372,1628,1500,1555,1500,2012,1500,2010,2007,1500,1520,1505,1500,988,8.3
2025-05-10,18:24:16.220,-67,-67,10,4025,9120,44,1,15,20207,1,57,252,1018,354,-8,519,516,0,-1,-1,-1,0x1020480014842205,1570,1703,1589,1500,2012,1626,2009,1500,1500,1626,988,1500,1500,1500,1500,1500,1500,1500,1372,1628,1500,1555,1500,2012,1500,2010,2007,1500,1520,1505,1500,988,8.3
2025-05-10,18:24:16.720,-67,-62,10,4030,9470,44,1,15,19976,1,59,163,1018,354,-8,519,516,0,-1,-1,-1,0x1020480014842205,1549,1703,1589,1500,2012,1581,2009,1500,1500,1582,988,1500,1500,1500,1500,1500,1500,1500,1372,1628,1500,1555,1500,2012,1500,2010,2007,1500,1520,1505,1500,988,8.3
2025-05-10,18:24:17.210,-65,-62,10,4044,4610,44,1,15,11949,1,60,878,303,354,-8,519,516,0,-1,-1,-1,0x1020480014840205,1724,1554,1589,1500,2012,1939,1651,1500,1500,1938,988,1500,1500,1500,1500,1500,1500,1500,1372,1628,1500,1555,1500,2012,1500,1791,1636,1500,1520,1505,1500,988,8.3
2025-05-10,18:24:17.720,-65,-59,10,4083,3000,45,1,15,6620,0,0,627,527,354,-9,519,516,0,-1,-1,-1,0x1020480014840205,1646,1579,1589,1500,2012,1813,1763,1500,1500,1813,988,1500,1500,1500,1500,1500,1500,1500,1372,1628,1500,1555,1500,2012,1500,1820,1698,1500,1520,1505,1500,988,8.3
2025-05-10,18:24:18.220,-65,-55,10,4090,3860,46,1,15,5027,0,0,1023,653,354,-9,519,516,0,-1,-1,-1,0x1020480014840205,1785,1597,1589,1500,2012,2011,1826,1500,1500,2011,988,1500,1500,1500,1500,1500,1500,1500,1372,1628,1500,1555,1500,2012,1500,1875,1747,1500,1520,1505,1500,988,8.3
2025-05-10,18:24:18.720,-65,-55,10,4086,8110,46,1,15,9107,0,1,1024,863,354,-9,519,516,0,-1,-1,-1,0x1020480014842205,1786,1653,1589,1500,2012,2012,1931,1500,1500,2012,988,1500,1500,1500,1500,1500,1500,1500,1372,1628,1500,1555,1500,2012,1500,1955,1883,1500,1520,1505,1500,988,8.3
2025-05-10,18:24:19.210,-59,-60,10,4074,4980,45,1,15,6224,0,3,1024,578,354,-9,519,516,0,-1,-1,-1,0x1020480014840205,1786,1585,1589,1500,2012,2012,1789,1500,1500,2012,988,1500,1500,1500,1500,1500,1500,1500,1372,1628,1500,1555,1500,2012,1500,1844,1713,1500,1520,1505,1500,988,8.3
2025-05-10,18:24:19.710,-79,-69,10,4051,17810,45,1,15,11295,0,5,-178,1016,353,-8,519,516,0,-1,-1,-1,0x1020480014842205,1486,1702,1589,1500,2012,1411,2008,1500,1500,1426,988,1500,1500,1500,1500,1500,1500,1500,1372,1628,1500,1555,1500,2012,1500,2009,2005,1500,1520,1505,1500,988,8.3
2025-05-10,18:24:20.210,-79,-65,10,4009,16400,44,1,15,11786,0,7,-546,1017,354,-8,519,516,0,-1,-1,-1,0x1020480014842605,1400,1702,1589,1500,2012,1227,2008,1500,1500,1233,988,1500,1500,1500,1500,1500,1500,1500,1372,1628,1500,1555,1500,2012,1500,2009,2006,1500,1520,1505,1500,988,8.3
2025-05-10,18:24:20.710,-74,-71,10,4008,15510,44,1,15,11823,0,9,-312,1017,354,-9,519,516,0,-1,-1,-1,0x1020480014842605,1461,1702,1589,1500,2012,1344,2008,1500,1500,1358,988,1500,1500,1500,1500,1500,1500,1500,1372,1628,1500,1555,1500,2012,1500,2009,2006,1500,1520,1505,1500,988,8.3
2025-05-10,18:24:21.210,-64,-78,10,4013,1880,44,1,15,13858,0,10,-665,624,354,-9,519,516,0,-1,-1,-1,0x1020480014840E05,1363,1593,1589,1500,2012,1168,1812,1500,1500,1173,988,1500,1500,1500,1500,1500,1500,1500,1372,1628,1500,1555,1500,2012,1500,1863,1733,1500,1520,1505,1500,988,8.3
2025-05-10,18:24:21.710,-72,-62,10,4085,3700,45,1,15,3808,0,11,363,535,354,-8,519,516,0,-1,-1,-1,0x1020480014840605,1574,1577,1589,1500,2012,1681,1767,1500,1500,1635,988,1500,1500,1500,1500,1500,1500,1500,1372,1628,1500,1555,1500,2012,1500,1824,1693,1500,1520,1505,1500,988,8.3
2025-05-10,18:24:22.210,-72,-52,10,4087,5200,45,1,15,6301,0,13,1024,402,354,-9,519,516,0,-1,-1,-1,0x1020480014840605,1786,1565,1589,1500,2012,2012,1701,1500,1500,2012,988,1500,1500,1500,1500,1500,1500,1500,1372,1628,1500,1555,1500,2012,1500,1837,1662,1500,1520,1505,1500,988,8.3
2025-05-10,18:24:22.710,-61,-58,10,4061,13280,44,1,15,9502,0,15,-64,1016,354,-8,519,516,0,-1,-1,-1,0x1020480010842605,1507,1702,1589,1500,2012,1468,2008,1500,1500,1485,988,1500,1500,1500,1500,1500,1500,1500,1372,1628,1500,1555,1500,2012,1500,2009,2004,1500,1520,1505,1500,988,8.3
2025-05-10,18:24:23.210,-62,-57,10,4054,5510,44,1,15,6718,0,16,-858,612,354,-8,519,515,0,-1,-1,-1,0x1020480014840E05,1234,1595,1589,1500,2012,1071,1806,1500,1500,1033,988,1500,1500,1500,1500,1500,1500,1500,1372,1628,1500,1555,1500,2012,1500,1863,1739,1500,1520,1505,1500,988,8.3
2025-05-10,18:24:23.680,-69,-70,10,4055,23860,43,1,15,11401,0,18,641,1020,354,-8,519,516,0,-1,-1,-1,0x1020480014842605,1649,1703,1589,1500,2012,1820,2010,1500,1500,1806,988,1500,1500,1500,1500,1500,1500,1500,1372,1628,1500,1555,1500,2012,1500,2010,2008,1500,1520,1505,1500,988,8.3
2025-05-10,18:24:24.180,-59,-70,10,4001,16250,43,1,15,11434,0,20,-2,1018,354,-9,519,516,0,-1,-1,-1,0x1020480010842205,1512,1703,1589,1500,2012,1499,2009,1500,1500,1499,988,1500,1500,1500,1500,1500,1500,1500,1372,1628,1500,1555,1500,2012,1500,2010,2007,1500,1520,1505,1500,988,8.3
2025-05-10,18:24:24.680,-56,-70,10,4000,13870,43,1,15,13542,0,22,550,1017,354,-8,519,516,0,-1,-1,-1,0x1020480014842205,1637,1702,1589,1500,2012,1775,2008,1500,1500,1781,988,1500,1500,1500,1500,1500,1500,1500,1372,1628,1500,1555,1500,2012,1500,2009,2007,1500,1520,1505,1500,988,8.3
2025-05-10,18:24:25.180,-54,-56,10,4013,13760,44,1,15,13200,0,24,-2,1018,354,-8,519,516,0,-1,-1,-1,0x1020480010842205,1512,1703,1589,1500,2012,1499,2009,1500,1500,1499,988,1500,1500,1500,1500,1500,1500,1500,1372,1628,1500,1555,1500,2012,1500,2010,2007,1500,1520,1505,1500,988,8.3
2025-05-10,18:24:25.680,-58,-56,10,4018,13040,44,1,15,14430,0,26,157,1018,354,-9,519,516,0,-1,-1,-1,0x1020480014842205,1550,1703,1589,1500,2012,1578,2009,1500,1500,1584,988,1500,1500,1500,1500,1500,1500,1500,1372,1628,1500,1555,1500,2012,1500,2010,2007,1500,1520,1505,1500,988,8.3
2025-05-10,18:24:26.180,-60,-65,10,4021,13180,44,1,15,14367,0,27,203,1018,354,-8,519,516,0,-1,-1,-1,0x1020480014842205,1566,1703,1589,1500,2012,1601,2009,1500,1500,1618,988,1500,1500,1500,1500,1500,1500,1500,1372,1628,1500,1555,1500,2012,1500,2010,2007,1500,1520,1505,1500,988,8.3
2025-05-10,18:24:26.680,-61,-65,10,4023,12880,44,1,15,14136,0,29,150,1018,354,-9,519,516,0,-1,-1,-1,0x1020480014842205,1543,1703,1589,1500,2012,1575,2009,1500,1500,1570,988,1500,1500,1500,1500,1500,1500,1500,1372,1628,1500,1555,1500,2012,1500,2010,2007,1500,1520,1505,1500,988,8.3
2025-05-10,18:24:27.180,-57,-65,10,4025,1600,44,1,15,21283,0,30,1024,150,354,-9,519,516,0,-1,-1,-1,0x1020480014840205,1786,1525,1589,1500,2012,2012,1575,1500,1500,2012,988,1500,1500,1500,1500,1500,1500,1500,1372,1628,1500,1555,1500,2012,1500,1789,1563,1500,1520,1505,1500,988,8.3
2025-05-10,18:24:27.680,-72,-68,10,5000,5430,44,1,15,6614,0,31,1024,824,354,-8,519,516,0,-1,-1,-1,0x1020480014840205,1786,1637,1589,1500,2012,2012,1912,1500,1500,2012,988,1500,1500,1500,1500,1500,1500,1500,1372,1628,1500,1555,1500,2012,1500,1937,1842,1500,1520,1505,1500,988,8.3
2025-05-10,18:24:28.190,-67,-72,10,4050,15410,44,1,15,11114,0,33,-3,1016,354,-8,519,516,0,-1,-1,-1,0x1020480010842205,1512,1702,1589,1500,2012,1499,2008,1500,1500,1499,988,1500,1500,1500,1500,1500,1500,1500,1372,1628,1500,1555,1500,2012,1500,2009,2005,1500,1520,1505,1500,988,8.3
2025-05-10,18:24:28.690,-68,-71,10,3992,19430,45,1,15,11220,0,36,744,1015,354,-9,519,516,0,-1,-1,-1,0x1020480014842605,1692,1702,1589,1500,2012,1872,2007,1500,1500,1883,988,1500,1500,1500,1500,1500,1500,1500,1372,1628,1500,1555,1500,2012,1500,2009,2004,1500,1520,1505,1500,988,8.3
2025-05-10,18:24:29.180,-74,-76,10,3983,16940,45,1,15,11441,1,38,344,1016,354,-8,519,516,0,-1,-1,-1,0x1020480014842605,1591,1702,1589,1500,2012,1672,2008,1500,1500,1673,988,1500,1500,1500,1500,1500,1500,1500,1372,1628,1500,1555,1500,2012,1500,2009,2004,1500,1520,1505,1500,988,8.3
2025-05-10,18:24:29.680,-77,-78,10,3997,13660,45,1,15,13541,1,40,75,1016,354,-8,519,516,0,-1,-1,-1,0x1020480014842605,1534,1702,1589,1500,2012,1537,2008,1500,1500,1549,988,1500,1500,1500,1500,1500,1500,1500,1372,1628,1500,1555,1500,2012,1500,2009,2005,1500,1520,1505,1500,988,8.3
2025-05-10,18:24:30.180,-84,-81,10,4008,14390,45,1,15,12894,1,42,48,1016,354,-8,519,516,0,-1,-1,-1,0x1020480010842605,1523,1702,1589,1500,2012,1524,2008,1500,1500,1524,988,1500,1500,1500,1500,1500,1500,1500,1372,1628,1500,1555,1500,2012,1500,2009,2005,1500,1520,1505,1500,988,8.3
2025-05-10,18:24:30.680,-67,-66,10,4012,1500,45,1,15,18025,1,43,-75,453,354,-9,519,516,0,-1,-1,-1,0x1020480014840605,1499,1568,1589,1500,2012,1463,1726,1500,1500,1462,988,1500,1500,1500,1500,1500,1500,1500,1372,1628,1500,1555,1500,2012,1500,1791,1671,1500,1520,1505,1500,988,8.3
2025-05-10,18:24:31.180,-69,-68,10,4065,1040,45,1,15,7628,1,43,-1024,279,354,-8,519,516,0,-1,-1,-1,0x1020480014840605,1177,1537,1589,1500,2012,988,1640,1500,1500,988,988,1500,1500,1500,1500,1500,1500,1500,1372,1628,1500,1555,1500,2012,1500,1685,1594,1500,1520,1505,1500,988,8.3
2025-05-10,18:24:31.680,-69,-65,10,4086,14120,44,1,15,7063,1,44,-1024,838,354,-9,519,516,0,-1,-1,-1,0x1020480014842E05,1177,1645,1589,1500,2012,988,1919,1500,1500,988,988,1500,1500,1500,1500,1500,1500,1500,1372,1628,1500,1555,1500,2012,1500,1946,1871,1500,1520,1505,1500,988,8.3
2025-05-10,18:24:32.180,-69,-61,10,4077,21700,45,1,15,10937,1,46,-12,1011,354,-9,519,516,0,-1,-1,-1,0x1020480010842605,1510,1701,1589,1500,2012,1494,2005,1500,1500,1494,988,1500,1500,1500,1500,1500,1500,1500,1372,1628,1500,1555,1500,2012,1500,2007,2001,1500,1520,1505,1500,988,8.3
2025-05-10,18:24:32.680,-69,-61,10,3997,22510,45,1,15,11043,1,49,262,962,354,-8,519,516,0,-1,-1,-1,0x1020480014842205,1588,1685,1589,1500,2012,1622,1981,1500,1500,1667,988,1500,1500,1500,1500,1500,1500,1500,1372,1628,1500,1555,1500,2012,1500,2001,1995,1500,1520,1505,1500,988,8.3
2025-05-10,18:24:33.180,-60,-63,10,3994,13680,45,1,15,11943,1,50,199,1011,354,-9,519,516,0,-1,-1,-1,0x1020480014842205,1556,1701,1589,1500,2012,1605,2005,1500,1500,1598,988,1500,1500,1500,1500,1500,1500,1500,1372,1628,1500,1555,1500,2012,1500,2007,2001,1500,1520,1505,1500,988,8.3
2025-05-10,18:24:33.680,-60,-63,10,4001,14590,45,1,15,11974,1,52,-3,1011,354,-9,519,516,0,-1,-1,-1,0x1020480010842605,1512,1701,1589,1500,2012,1499,2005,1500,1500,1499,988,1500,1500,1500,1500,1500,1500,1500,1372,1628,1500,1555,1500,2012,1500,2007,2001,1500,1520,1505,1500,988,8.3
2025-05-10,18:24:34.180,-64,-65,10,4009,1120,45,1,15,9041,1,53,1024,111,354,-9,519,515,0,-1,-1,-1,0x1020480014840605,1786,1516,1589,1500,2012,2012,1555,1500,1500,2012,988,1500,1500,1500,1500,1500,1500,1500,1372,1628,1500,1555,1500,2012,1500,1575,1540,1500,1520,1505,1500,988,8.3
2025-05-10,18:24:34.680,-72,-74,10,4067,5390,45,1,15,2580,1,54,25,853,354,-8,519,516,0,-1,-1,-1,0x1020480010840605,1523,1638,1589,1500,2012,1512,1926,1500,1500,1525,988,1500,1500,1500,1500,1500,1500,1500,1372,1628,1500,1555,1500,2012,1500,1941,1845,1500,1520,1505,1500,988,8.3
2025-05-10,18:24:35.180,-77,-74,10,4078,16170,45,1,15,9016,1,57,938,754,354,-8,519,516,0,-1,-1,-1,0x1020480014840605,1727,1619,1589,1500,2012,1975,1877,1500,1500,1942,988,1500,1500,1500,1500,1500,1500,1500,1372,1628,1500,1555,1500,2012,1500,1915,1797,1500,1520,1505,1500,988,8.3
2025-05-10,18:24:35.680,-80,-82,10,3988,20140,45,1,15,12027,1,59,2,1020,354,-8,519,516,0,-1,-1,-1,0x1020480010842605,1513,1703,1589,1500,2012,1501,2010,1500,1500,1501,988,1500,1500,1500,1500,1500,1500,1500,1372,1628,1500,1555,1500,2012,1500,2010,2008,1500,1520,1505,1500,988,8.3
2025-05-10,18:24:36.180,-77,-82,10,3989,13780,45,1,15,12798,1,61,7,1020,354,-9,519,516,0,-1,-1,-1,0x1020480010842605,1513,1703,1589,1500,2012,1503,2010,1500,1500,1503,988,1500,1500,1500,1500,1500,1500,1500,1372,1628,1500,1555,1500,2012,1500,2010,2008,1500,1520,1505,1500,988,8.3
2025-05-10,18:24:36.680,-74,-87,10,4001,12290,45,1,15,15498,1,63,105,1017,354,-8,519,516,0,-1,-1,-1,0x1020480014842605,1535,1702,1589,1500,2012,1552,2008,1500,1500,1552,988,1500,1500,1500,1500,1500,1500,1500,1372,1628,1500,1555,1500,2012,1500,2009,2006,1500,1520,1505,1500,988,8.3
2025-05-10,18:24:37.180,-75,-75,10,4012,12480,44,1,15,15362,1,65,121,1017,354,-8,519,516,0,-1,-1,-1,0x1020480014842605,1536,1702,1589,1500,2012,1560,2008,1500,1500,1554,988,1500,1500,1500,1500,1500,1500,1500,1372,1628,1500,1555,1500,2012,1500,2009,2006,1500,1520,1505,1500,988,8.3
2025-05-10,18:24:37.680,-75,-73,10,4015,12870,45,1,15,14778,1,66,12,1017,354,-8,519,516,0,-1,-1,-1,0x1020480010842205,1515,1702,1589,1500,2012,1506,2008,1500,1500,1506,988,1500,1500,1500,1500,1500,1500,1500,1372,1628,1500,1555,1500,2012,1500,2009,2006,1500,1520,1505,1500,988,8.3
2025-05-10,18:24:38.180,-74,-71,10,4263,12530,44,1,15,15226,1,68,4,1018,354,-9,519,516,0,-1,-1,-1,0x1020480010842205,1513,1703,1589,1500,2012,1502,2008,1500,1500,1502,988,1500,1500,1500,1500,1500,1500,1500,1372,1628,1500,1555,1500,2012,1500,2009,2006,1500,1520,1505,1500,988,8.3
2025-05-10,18:24:38.680,-74,-71,10,4019,11920,45,1,15,15841,1,69,5,1015,354,-8,519,516,0,-1,-1,-1,0x1020480010842205,1513,1702,1589,1500,2012,1502,2007,1500,1500,1502,988,1500,1500,1500,1500,1500,1500,1500,1372,1628,1500,1555,1500,2012,1500,2009,2004,1500,1520,1505,1500,988,8.3
2025-05-10,18:24:39.180,-64,-70,10,4021,11940,44,1,15,16048,1,71,2,1010,354,-9,519,516,0,-1,-1,-1,0x1020480010842205,1515,1700,1589,1500,2012,1501,2005,1500,1500,1507,988,1500,1500,1500,1500,1500,1500,1500,1372,1628,1500,1555,1500,2012,1500,2007,2000,1500,1520,1505,1500,988,8.3
2025-05-10,18:24:39.690,-61,-70,10,4024,11470,44,1,15,16425,2,72,-4,1009,354,-9,519,516,0,-1,-1,-1,0x1020480010842205,1511,1700,1589,1500,2012,1498,2004,1500,1500,1498,988,1500,1500,1500,1500,1500,1500,1500,1372,1628,1500,1555,1500,2012,1500,2007,1999,1500,1520,1505,1500,988,8.3
2025-05-10,18:24:40.180,-59,-52,10,4025,11350,44,1,15,16346,2,74,38,1009,354,-9,519,516,0,-1,-1,-1,0x1020480010842205,1520,1700,1589,1500,2012,1519,2004,1500,1500,1518,988,1500,1500,1500,1500,1500,1500,1500,1372,1628,1500,1555,1500,2012,1500,2007,1999,1500,1520,1505,1500,988,8.3
2025-05-10,18:24:40.680,-75,-61,10,4026,11230,44,1,15,16512,2,75,26,1009,354,-9,519,516,0,-1,-1,-1,0x1020480010842205,1517,1700,1589,1500,2012,1513,2004,1500,1500,1512,988,1500,1500,1500,1500,1500,1500,1500,1372,1628,1500,1555,1500,2012,1500,2007,2000,1500,1520,1505,1500,988,8.3
2025-05-10,18:24:41.180,-74,-72,10,4026,10890,44,1,15,16732,2,77,68,1009,354,-9,519,516,0,-1,-1,-1,0x1020480014842205,1528,1700,1589,1500,2012,1528,2004,1500,1500,1534,988,1500,1500,1500,1500,1500,1500,1500,1372,1628,1500,1555,1500,2012,1500,2007,1999,1500,1520,1505,1500,988,8.3
2025-05-10,18:24:41.680,-74,-74,10,4027,11670,44,1,15,16812,2,78,-1,1010,354,-8,519,516,0,-1,-1,-1,0x1020480010842205,1512,1700,1589,1500,2012,1500,2005,1500,1500,1500,988,1500,1500,1500,1500,1500,1500,1500,1372,1628,1500,1555,1500,2012,1500,2007,2000,1500,1520,1505,1500,988,8.3
2025-05-10,18:24:42.180,-76,-74,10,4028,10730,44,1,15,17479,2,80,177,1013,354,-8,519,516,0,-1,-1,-1,0x1020480014842205,1555,1701,1589,1500,2012,1588,2006,1500,1500,1594,988,1500,1500,1500,1500,1500,1500,1500,1372,1628,1500,1555,1500,2012,1500,2008,2003,1500,1520,1505,1500,988,8.3
2025-05-10,18:24:42.680,-75,-74,10,4028,11220,45,1,15,17560,2,81,270,1018,354,-8,519,516,0,-1,-1,-1,0x1020480014842205,1582,1703,1589,1500,2012,1635,2009,1500,1500,1653,988,1500,1500,1500,1500,1500,1500,1500,1372,1628,1500,1555,1500,2012,1500,2010,2007,1500,1520,1505,1500,988,8.3
2025-05-10,18:24:43.180,-73,-68,10,4514,11980,45,1,15,14968,2,82,1024,1015,354,-8,519,516,0,-1,-1,-1,0x1020480014842205,1786,1702,1589,1500,2012,2012,2007,1500,1500,2012,988,1500,1500,1500,1500,1500,1500,1500,1372,1628,1500,1555,1500,2012,1500,2009,2004,1500,1520,1505,1500,988,8.3
2025-05-10,18:24:43.680,-73,-70,10,4036,7020,45,1,15,12048,2,83,1022,391,354,-8,519,516,0,-1,-1,-1,0x1020480014840205,1785,1570,1589,1500,2012,2011,1687,1500,1500,2011,988,1500,1500,1500,1500,1500,1500,1500,1372,1628,1500,1555,1500,2012,1500,1861,1675,1500,1520,1505,1500,988,8.3
2025-05-10,18:24:44.180,-73,-65,10,4062,22250,45,1,15,10897,2,84,179,1019,354,-9,519,516,0,-1,-1,-1,0x1020480014842205,1563,1703,1589,1500,2012,1589,2009,1500,1500,1612,988,1500,1500,1500,1500,1500,1500,1500,1372,1628,1500,1555,1500,2012,1500,2010,2007,1500,1520,1505,1500,988,8.3
2025-05-10,18:24:44.680,-77,-71,10,4040,13820,45,1,15,12606,2,86,469,1017,354,-8,519,516,0,-1,-1,-1,0x1020480014842205,1616,1702,1589,1500,2012,1734,2008,1500,1500,1734,988,1500,1500,1500,1500,1500,1500,1500,1372,1628,1500,1555,1500,2012,1500,2009,2006,1500,1520,1505,1500,988,8.3
2025-05-10,18:24:45.180,-75,-76,10,4010,13570,46,1,15,13266,2,88,-4,1019,354,-8,519,515,0,-1,-1,-1,0x1020480010842605,1511,1703,1589,1500,2012,1498,2009,1500,1500,1498,988,1500,1500,1500,1500,1500,1500,1500,1372,1628,1500,1555,1500,2012,1500,2010,2007,1500,1520,1505,1500,988,8.3
2025-05-10,18:24:45.670,-72,-86,10,4011,2560,45,1,15,13084,2,89,-826,404,354,-9,519,516,0,-1,-1,-1,0x1020480014840605,1294,1559,1589,1500,2012,1087,1702,1500,1500,1088,988,1500,1500,1500,1500,1500,1500,1500,1372,1628,1500,1555,1500,2012,1500,1761,1648,1500,1520,1505,1500,988,8.3
2025-05-10,18:24:46.170,-70,-86,10,4018,5000,45,1,15,5687,2,90,-1024,704,354,-8,519,516,0,-1,-1,-1,0x1020480014840E05,1177,1608,1589,1500,2012,988,1852,1500,1500,988,988,1500,1500,1500,1500,1500,1500,1500,1372,1628,1500,1555,1500,2012,1500,1895,1771,1500,1520,1505,1500,988,8.3
2025-05-10,18:24:46.670,-67,-70,10,4060,24190,44,1,15,10413,2,92,-407,1016,354,-8,519,516,0,-1,-1,-1,0x1020480014842E05,1437,1702,1589,1500,2012,1297,2008,1500,1500,1303,988,1500,1500,1500,1500,1500,1500,1500,1372,1628,1500,1555,1500,2012,1500,2009,2005,1500,1520,1505,1500,988,8.3
2025-05-10,18:24:47.170,-68,-65,10,3963,18830,45,1,15,10761,2,95,-681,1017,354,-8,519,516,0,-1,-1,-1,0x1020480014842E05,1354,1702,1589,1500,2012,1160,2008,1500,1500,1160,988,1500,1500,1500,1500,1500,1500,1500,1372,1628,1500,1555,1500,2012,1500,2009,2005,1500,1520,1505,1500,988,8.3
2025-05-10,18:24:47.670,-69,-67,10,3961,20330,45,1,15,11278,2,97,-505,1018,354,-9,519,516,0,-1,-1,-1,0x1020480014842605,1393,1703,1589,1500,2012,1248,2009,1500,1500,1220,988,1500,1500,1500,1500,1500,1500,1500,1372,1628,1500,1555,1500,2012,1500,2010,2007,1500,1520,1505,1500,988,8.3
2025-05-10,18:24:48.170,-74,-83,10,3991,14110,45,1,15,13370,3,99,90,1018,354,-8,519,516,0,-1,-1,-1,0x1020480014842605,1533,1703,1589,1500,2012,1545,2009,1500,1500,1545,988,1500,1500,1500,1500,1500,1500,1500,1372,1628,1500,1555,1500,2012,1500,2010,2007,1500,1520,1505,1500,988,8.3
2025-05-10,18:24:48.670,-74,-65,10,4005,12590,45,1,15,15984,3,101,3,1018,354,-9,519,516,0,-1,-1,-1,0x1020480010842605,1513,1703,1589,1500,2012,1501,2009,1500,1500,1502,988,1500,1500,1500,1500,1500,1500,1500,1372,1628,1500,1555,1500,2012,1500,2010,2007,1500,1520,1505,1500,988,8.3
2025-05-10,18:24:49.170,-68,-63,10,4008,7970,45,1,15,22931,3,102,0,1018,354,-8,519,516,0,-1,-1,-1,0x1020480010842205,1512,1703,1589,1500,2012,1500,2009,1500,1500,1500,988,1500,1500,1500,1500,1500,1500,1500,1372,1628,1500,1555,1500,2012,1500,2010,2007,1500,1520,1505,1500,988,8.3
2025-05-10,18:24:49.670,-67,-66,10,4024,13510,45,1,15,13688,3,103,34,1019,354,-8,519,516,0,-1,-1,-1,0x1020480010842205,1520,1703,1589,1500,2012,1517,2009,1500,1500,1516,988,1500,1500,1500,1500,1500,1500,1500,1372,1628,1500,1555,1500,2012,1500,2010,2008,1500,1520,1505,1500,988,8.3
2025-05-10,18:24:50.170,-69,-73,10,4036,19170,46,1,15,11101,3,104,-1,729,354,-8,519,516,0,-1,-1,-1,0x1020480010840205,1512,1635,1589,1500,2012,1500,1864,1500,1500,1500,988,1500,1500,1500,1500,1500,1500,1500,1372,1628,1500,1555,1500,2012,1500,1948,1838,1500,1520,1505,1500,988,8.3
2025-05-10,18:24:50.670,-82,-74,10,4044,3440,46,1,15,9696,3,106,641,367,354,-8,519,516,0,-1,-1,-1,0x1020480014840205,1648,1554,1589,1500,2012,1828,1678,1500,1500,1804,988,1500,1500,1500,1500,1500,1500,1500,1372,1628,1500,1555,1500,2012,1500,1781,1634,1500,1520,1505,1500,988,8.3
2025-05-10,18:24:51.170,-82,-74,10,4053,1750,45,1,15,8113,3,106,234,287,354,-8,519,515,0,-1,-1,-1,0x1020480014840205,1565,1542,1589,1500,2012,1617,1643,1500,1500,1617,988,1500,1500,1500,1500,1500,1500,1500,1372,1628,1500,1555,1500,2012,1500,1704,1606,1500,1520,1505,1500,988,8.3
2025-05-10,18:24:51.660,-76,-75,10,4073,1290,46,1,15,6370,3,106,6,6,354,-8,519,516,0,-1,-1,-1,0x1020480010840205,1514,1501,1589,1500,2012,1503,1503,1500,1500,1503,988,1500,1500,1500,1500,1500,1500,1500,1168,1832,1500,1555,1500,2012,1500,1506,1503,1500,1520,1505,1500,988,8.3
2025-05-10,18:24:52.160,-74,-69,10,4082,190,45,1,15,0,3,106,-2,-693,354,-8,519,516,0,-1,-1,-1,0x1020480012800205,1512,1301,1589,1498,2012,1499,1154,1300,1500,1499,988,1500,1500,1500,1500,1500,1500,1299,1372,2012,1500,1555,1500,988,1500,1110,1500,1500,1520,1505,1500,988,8.3
2025-05-10,18:24:52.660,-73,-70,10,4091,920,45,1,15,401,3,107,0,-46,354,-8,519,516,0,-1,-1,-1,0x1020480012880205,1512,1485,1589,1500,2012,1500,1477,1485,1500,1500,988,1500,1500,1500,1500,1500,1500,1485,1372,2012,1500,1555,1500,988,1500,1463,1500,1500,1520,1505,1500,988,8.3
2025-05-10,18:24:53.160,-75,-75,10,4092,890,44,1,15,0,3,107,-1,6,354,-8,519,516,0,-1,-1,-1,0x1020480010840205,1512,1501,1589,1500,2012,1500,1503,1500,1500,1500,988,1500,1500,1500,1500,1500,1500,1500,1500,2012,1500,1555,1500,2012,1500,1505,1502,1500,1520,1505,1500,988,8.3
2025-05-10,18:24:53.660,-75,-74,10,4093,880,44,1,15,0,3,107,-1,6,354,-8,519,516,0,-1,-1,-1,0x1020480010840205,1512,1501,1589,1500,2012,1500,1503,1500,1500,1500,988,1500,1500,1500,1500,1500,1500,1500,1500,2012,1500,1555,1500,2012,1500,1505,1502,1500,1520,1505,1500,988,8.3
2025-05-10,18:24:54.160,-80,-76,10,4095,880,44,1,15,0,3,107,-1,6,354,-8,519,516,0,-1,-1,-1,0x1020480010840205,1512,1501,1589,1500,2012,1500,1503,1500,1500,1500,988,1500,1500,1500,1500,1500,1500,1500,1500,2012,1500,1555,1500,2012,1500,1505,1502,1500,1520,1505,1500,988,8.3
2025-05-10,18:24:54.660,-80,-77,10,4096,870,44,1,15,0,3,107,-1,7,354,-8,519,515,0,-1,-1,-1,0x1020480010840205,1512,1501,1582,1500,2012,1500,1503,1500,1500,1500,988,1500,1500,1500,1500,1500,1500,1500,1500,2012,1500,1555,1500,2012,1500,1505,1503,1500,1520,1505,1500,988,8.3
2025-05-10,18:24:55.160,-79,-76,10,4098,140,44,1,15,0,3,107,-1,7,354,-8,519,516,0,-1,-1,-1,0x1020480010840204,1512,1501,1500,1500,2012,1500,1503,1500,1500,1500,988,1500,1500,1500,1500,1500,1500,1500,1500,2012,1500,1555,1500,2012,1500,1505,1503,1500,1520,1505,1500,988,8.3
2025-05-10,18:24:55.660,-79,-78,10,4103,150,44,1,15,0,3,107,-1,7,354,-8,519,516,0,-1,-1,-1,0x1020480010840204,1512,1501,1500,1500,2012,1500,1503,1500,1500,1500,988,1500,1500,1500,1500,1500,1500,1500,1500,2012,1500,1555,1500,2012,1500,1505,1503,1500,1520,1505,1500,988,8.3
2025-05-10,18:24:56.160,-77,-79,10,4105,140,41,1,15,0,3,107,-1,7,354,-8,519,516,0,-1,-1,-1,0x1020480010840204,1512,1501,1500,1500,2012,1500,1503,1500,1500,1500,988,1500,1500,1500,1500,1500,1500,1500,1500,2012,1500,1555,1500,2012,1500,1505,1503,1500,1520,1505,1500,988,8.3
2025-05-10,18:24:56.660,-79,-76,10,4106,140,40,1,15,0,3,107,-1,7,354,-9,519,515,0,-1,-1,-1,0x1020480010840204,1512,1501,1500,1500,2012,1500,1503,1500,1500,1500,988,1500,1500,1500,1500,1500,1500,1500,1500,2012,1500,1555,1500,2012,1500,1505,1503,1500,1520,1505,1500,988,8.3
2025-05-10,18:24:57.130,-79,-77,10,4107,150,40,1,15,0,3,107,-1,8,354,-8,519,515,0,-1,-1,-1,0x1020480010840204,1512,1501,1500,1500,2012,1500,1504,1500,1500,1500,988,1500,1500,1500,1500,1500,1500,1500,1500,2012,1500,1555,1500,2012,1500,1505,1503,1500,1520,1505,1500,988,8.3
2025-05-10,18:24:57.630,-80,-78,10,4109,150,40,1,15,0,3,107,-1,7,354,-8,519,516,0,-1,-1,-1,0x1020480010840204,1512,1501,1500,1500,2012,1500,1503,1500,1500,1500,988,1500,1500,1500,1500,1500,1500,1500,1500,2012,1500,1555,1500,2012,1500,1506,1503,1500,1520,1505,1500,988,8.3
2025-05-10,18:24:58.130,-75,-78,10,4110,150,40,1,15,0,3,107,-1,8,354,-8,519,515,0,-1,-1,-1,0x1020480010840204,1512,1501,1500,1500,2012,1500,1504,1500,1500,1500,988,1500,1500,1500,1500,1500,1500,1500,1500,2012,1500,1555,1500,2012,1500,1506,1503,1500,1520,1505,1500,988,8.3
2025-05-10,18:24:58.630,-74,-78,10,4111,150,40,1,15,0,3,107,-1,7,354,-8,519,516,0,-1,-1,-1,0x1020480010840204,1512,1501,1500,1500,2012,1500,1503,1500,1500,1500,988,1500,1500,1500,1500,1500,1500,1500,1500,2012,1500,1555,1500,2012,1500,1505,1503,1500,1520,1505,1500,988,8.3
2025-05-10,18:24:59.130,-75,-78,10,4112,160,40,1,15,0,3,107,-1,8,354,-8,519,516,0,-1,-1,-1,0x1020480010840204,1512,1501,1500,1500,2012,1500,1504,1500,1500,1500,988,1500,1500,1500,1500,1500,1500,1500,1500,2012,1500,1555,1500,2012,1500,1506,1503,1500,1520,1505,1500,988,8.3
2025-05-10,18:24:59.630,-76,-78,10,4113,150,40,1,15,0,3,107,-1,8,354,-8,519,516,0,-1,-1,-1,0x1020480010840204,1512,1501,1500,1500,2012,1500,1504,1500,1500,1500,988,1500,1500,1500,1500,1500,1500,1500,1500,2012,1500,1555,1500,2012,1500,1506,1503,1500,1520,1505,1500,988,8.3
2025-05-10,18:25:00.130,-76,-73,10,4114,160,40,1,15,0,3,107,-1,8,354,-8,519,516,0,-1,-1,-1,0x1020480010840204,1512,1501,1500,1500,2012,1500,1504,1500,1500,1500,988,1500,1500,1500,1500,1500,1500,1500,1500,2012,1500,1555,1500,2012,1500,1506,1503,1500,1520,1505,1500,988,8.3
2025-05-10,18:25:00.630,-76,-76,10,4115,160,40,1,15,0,3,107,-1,8,354,-9,519,516,0,-1,-1,-1,0x1020480010840204,1512,1501,1500,1500,2012,1500,1504,1500,1500,1500,988,1500,1500,1500,1500,1500,1500,1500,1500,2012,1500,1555,1500,2012,1500,1506,1503,1500,1520,1505,1500,988,8.3
2025-05-10,18:25:01.130,-72,-76,10,4116,150,40,1,15,0,3,107,-1,8,354,-9,519,516,0,-1,-1,-1,0x1020480010840204,1512,1501,1500,1500,2012,1500,1504,1500,1500,1500,988,1500,1500,1500,1500,1500,1500,1500,1500,2012,1500,1555,1500,2012,1500,1506,1503,1500,1520,1505,1500,988,8.3
2025-05-10,18:25:01.630,-75,-76,10,4116,150,40,1,15,0,3,107,-1,9,354,-9,519,516,0,-1,-1,-1,0x1020480010840204,1512,1501,1500,1500,2012,1500,1504,1500,1500,1500,988,1500,1500,1500,1500,1500,1500,1500,1500,2012,1500,1555,1500,2012,1500,1507,1503,1500,1520,1505,1500,988,8.3
2025-05-10,18:25:02.130,-74,-78,10,4117,150,40,1,15,0,3,107,-1,8,354,-8,519,515,0,-1,-1,-1,0x1020480010840204,1512,1501,1500,1500,2012,1500,1504,1500,1500,1500,988,1500,1500,1500,1500,1500,1500,1500,1500,2012,1500,1555,1500,2012,1500,1506,1503,1500,1520,1505,1500,988,8.3
2025-05-10,18:25:02.630,-73,-84,10,4118,150,40,1,15,0,3,107,-1,8,354,-8,519,516,0,-1,-1,-1,0x1020480010840204,1512,1501,1500,1500,2012,1500,1504,1500,1500,1500,988,1500,1500,1500,1500,1500,1500,1500,1500,2012,1500,1555,1500,2012,1500,1506,1503,1500,1520,1505,1500,988,8.3
2025-05-10,18:25:03.130,-74,-84,10,4119,150,40,1,15,0,3,107,-1,8,354,-9,519,516,0,-1,-1,-1,0x1020480010840204,1512,1501,1500,1500,2012,1500,1504,1500,1500,1500,988,1500,1500,1500,1500,1500,1500,1500,1500,2012,1500,1555,1500,2012,1500,1506,1503,1500,1520,1505,1500,988,8.3
2025-05-10,18:25:03.630,-73,-77,10,4119,150,40,1,15,0,3,107,-1,8,354,-9,519,516,0,-1,-1,-1,0x1020480010840204,1512,1501,1500,1500,2012,1500,1504,1500,1500,1500,988,1500,1500,1500,1500,1500,1500,1500,1500,2012,1500,1555,1500,2012,1500,1506,1503,1500,1520,1505,1500,988,8.3
2025-05-10,18:25:04.130,-75,-78,10,4120,150,39,1,15,0,3,107,-1,8,354,-9,519,516,0,-1,-1,-1,0x1020480010840204,1512,1501,1500,1500,2012,1500,1504,1500,1500,1500,988,1500,1500,1500,1500,1500,1500,1500,1500,2012,1500,1555,1500,2012,1500,1506,1503,1500,1520,1505,1500,988,8.3
2025-05-10,18:25:04.630,-75,-78,10,4121,150,39,1,15,0,3,107,-1,9,354,-8,519,516,0,-1,-1,-1,0x1020480010840204,1512,1501,1500,1500,2012,1500,1504,1500,1500,1500,988,1500,1500,1500,1500,1500,1500,1500,1500,2012,1500,1555,1500,2012,1500,1506,1503,1500,1520,1505,1500,988,8.3
2025-05-10,18:25:05.130,-75,-78,10,4121,150,39,1,15,0,3,107,-2,8,354,-8,519,516,0,-1,-1,-1,0x1020480010840204,1512,1501,1500,1500,2012,1499,1504,1500,1500,1499,988,1500,1500,1500,1500,1500,1500,1500,1500,2012,1500,1555,1500,2012,1500,1507,1503,1500,1520,1505,1500,988,8.3
2025-05-10,18:25:05.630,-75,-75,10,4122,150,39,1,15,0,3,107,-2,8,354,-9,519,516,0,-1,-1,-1,0x1020480010840204,1512,1501,1500,1500,2012,1499,1504,1500,1500,1499,988,1500,1500,1500,1500,1500,1500,1500,1500,2012,1500,1555,1500,2012,1500,1506,1503,1500,1520,1505,1500,988,8.3
2025-05-10,18:25:06.130,-79,-77,10,4123,140,39,1,15,0,3,107,-2,8,354,-8,519,516,0,-1,-1,-1,0x1020480010840204,1512,1501,1500,1500,2012,1499,1504,1500,1500,1500,988,1500,1500,1500,1500,1500,1500,1500,1500,2012,1500,1555,1500,2012,1500,1506,1503,1500,1520,1505,1500,988,8.3
2025-05-10,18:25:06.630,-79,-78,10,4123,140,39,1,15,0,3,107,-1,7,354,-8,519,516,0,-1,-1,-1,0x1020480010840204,1512,1501,1500,1500,2012,1500,1503,1500,1500,1500,988,1500,1500,1500,1500,1500,1500,1500,1500,2012,1500,1555,1500,2012,1500,1506,1503,1500,1520,1505,1500,988,8.3
2025-05-10,18:25:07.130,-75,-82,10,4124,150,39,1,15,0,3,107,-1,8,354,-8,519,516,0,-1,-1,-1,0x1020480010840204,1512,1501,1500,1500,2012,1500,1504,1500,1500,1500,988,1500,1500,1500,1500,1500,1500,1500,1500,2012,1500,1555,1500,2012,1500,1506,1503,1500,1520,1505,1500,988,8.3
2025-05-10,18:25:07.630,-73,-78,10,4125,150,39,1,15,0,3,108,-1,8,354,-8,519,515,0,-1,-1,-1,0x1020480010840204,1512,1501,1500,1500,2012,1500,1504,1500,1500,1500,988,1500,1500,1500,1500,1500,1500,1500,1500,2012,1500,1555,1500,2012,1500,1506,1503,1500,1520,1505,1500,988,8.3
2025-05-10,18:25:08.120,-76,-87,10,4125,160,39,1,15,0,3,108,-1,8,354,-9,519,516,0,-1,-1,-1,0x1020480010840204,1512,1501,1500,1500,2012,1500,1504,1500,1500,1499,988,1500,1500,1500,1500,1500,1500,1500,1500,2012,1500,1555,1500,2012,1500,1506,1503,1500,1520,1505,1500,988,8.3
2025-05-10,18:25:08.620,-76,-87,10,4126,140,39,1,15,0,3,108,-1,9,354,-8,519,516,0,-1,-1,-1,0x1020480010840204,1512,1501,1500,1500,2012,1500,1504,1500,1500,1500,988,1500,1500,1500,1500,1500,1500,1500,1500,2012,1500,1555,1500,2012,1500,1506,1503,1500,1520,1505,1500,988,8.3
2025-05-10,18:25:09.120,-75,-87,10,4126,150,39,1,15,0,3,108,-1,8,354,-8,519,516,0,-1,-1,-1,0x1020480010840204,1512,1501,1500,1500,2012,1500,1504,1500,1500,1500,988,1500,1500,1500,1500,1500,1500,1500,1500,2012,1500,1555,1500,2012,1500,1506,1503,1500,1520,1505,1500,988,8.3
2025-05-10,18:25:09.620,-73,-87,10,4127,150,39,1,15,0,3,108,-2,8,354,-8,519,516,0,-1,-1,-1,0x1020480010840204,1512,1501,1500,1500,2012,1499,1504,1500,1500,1499,988,1500,1500,1500,1500,1500,1500,1500,1500,2012,1500,1555,1500,2012,1500,1506,1503,1500,1520,1505,1500,988,8.3
2025-05-10,18:25:10.120,-81,-80,10,4127,150,39,1,15,0,3,108,-1,8,354,-8,519,516,0,-1,-1,-1,0x1020480010840204,1512,1501,1500,1500,2012,1500,1504,1500,1500,1500,988,1500,1500,1500,1500,1500,1500,1500,1500,2012,1500,1555,1500,2012,1500,1506,1503,1500,1520,1505,1500,988,8.3
2025-05-10,18:25:10.620,-76,-81,10,4128,150,39,1,15,0,3,108,-1,8,354,-8,519,516,0,-1,-1,-1,0x1020480010840204,1512,1501,1500,1500,2012,1500,1504,1500,1500,1500,988,1500,1500,1500,1500,1500,1500,1500,1500,2012,1500,1555,1500,2012,1500,1506,1503,1500,1520,1505,1500,988,8.3
2025-05-10,18:25:11.120,-78,-81,10,4128,150,39,1,15,0,3,108,-1,8,354,-9,519,516,0,-1,-1,-1,0x1020480010840204,1512,1501,1500,1500,2012,1500,1504,1500,1500,1500,988,1500,1500,1500,1500,1500,1500,1500,1500,2012,1500,1555,1500,2012,1500,1506,1503,1500,1520,1505,1500,988,8.3
2025-05-10,18:25:11.620,-78,-77,10,4129,150,39,1,15,0,3,108,-1,8,354,-8,519,516,0,-1,-1,-1,0x1020480010840204,1512,1501,1500,1500,2012,1500,1504,1500,1500,1500,988,1500,1500,1500,1500,1500,1500,1500,1500,2012,1500,1555,1500,2012,1500,1506,1503,1500,1520,1505,1500,988,8.3
2025-05-10,18:25:12.120,-78,-78,10,4129,150,39,1,15,0,3,108,-1,8,354,-8,519,516,0,-1,-1,-1,0x1020480010840204,1512,1501,1500,1500,2012,1500,1504,1500,1500,1500,988,1500,1500,1500,1500,1500,1500,1500,1500,2012,1500,1555,1500,2012,1500,1506,1503,1500,1520,1505,1500,988,8.3
2025-05-10,18:25:12.620,-78,-79,10,4130,150,39,1,15,0,3,108,-1,7,354,-8,519,516,0,-1,-1,-1,0x1020480010840204,1512,1501,1500,1500,2012,1500,1503,1500,1500,1500,988,1500,1500,1500,1500,1500,1500,1500,1500,2012,1500,1555,1500,2012,1500,1506,1503,1500,1520,1505,1500,988,8.3
2025-05-10,18:25:13.120,-78,-77,10,4130,140,39,1,15,0,3,108,-1,8,354,-8,519,516,0,-1,-1,-1,0x1020480010840204,1512,1501,1500,1500,2012,1500,1504,1500,1500,1500,988,1500,1500,1500,1500,1500,1500,1500,1500,2012,1500,1555,1500,2012,1500,1506,1503,1500,1520,1505,1500,988,8.3
2025-05-10,18:25:13.620,-78,-77,10,4131,150,39,1,15,0,3,108,-1,8,354,-9,519,516,0,-1,-1,-1,0x1020480010840204,1512,1501,1500,1500,2012,1500,1504,1500,1500,1500,988,1500,1500,1500,1500,1500,1500,1500,1500,2012,1500,1555,1500,2012,1500,1506,1503,1500,1520,1505,1500,988,8.3
2025-05-10,18:25:14.120,-74,-77,10,4131,150,39,1,15,0,3,108,-1,8,354,-8,519,516,0,-1,-1,-1,0x1020480010840204,1512,1501,1500,1500,2012,1500,1503,1500,1500,1500,988,1500,1500,1500,1500,1500,1500,1500,1500,2012,1500,1555,1500,2012,1500,1506,1503,1500,1520,1505,1500,988,8.3
2025-05-10,18:25:14.620,-77,-77,10,4131,150,39,1,15,0,3,108,-1,8,354,-9,519,516,0,-1,-1,-1,0x1020480010840204,1512,1501,1500,1500,2012,1500,1504,1500,1500,1500,988,1500,1500,1500,1500,1500,1500,1500,1500,2012,1500,1555,1500,2012,1500,1506,1503,1500,1520,1505,1500,988,8.3
2025-05-10,18:25:15.120,-83,-86,10,4132,150,39,1,15,0,3,108,-2,8,354,-8,519,516,0,-1,-1,-1,0x1020480010840204,1512,1501,1500,1500,2012,1499,1504,1500,1500,1499,988,1500,1500,1500,1500,1500,1500,1500,1500,2012,1500,1555,1500,2012,1500,1506,1503,1500,1520,1505,1500,988,8.3
2025-05-10,18:25:15.620,-76,-79,10,4132,150,39,1,15,0,3,108,-1,7,354,-8,519,515,0,-1,-1,-1,0x1020480010840204,1512,1501,1500,1500,2012,1500,1503,1500,1500,1500,988,1500,1500,1500,1500,1500,1500,1500,1500,2012,1500,1555,1500,2012,1500,1505,1503,1500,1520,1505,1500,988,8.3
2025-05-10,18:25:16.120,-75,-76,10,4133,140,39,1,15,0,3,108,-1,7,354,-8,519,516,0,-1,-1,-1,0x1020480010840204,1512,1501,1500,1500,2012,1500,1503,1500,1500,1500,988,1500,1500,1500,1500,1500,1500,1500,1500,2012,1500,1555,1500,2012,1500,1505,1503,1500,1520,1505,1500,988,8.3
2025-05-10,18:25:16.620,-80,-84,10,4133,140,39,1,15,0,3,108,-2,9,354,-9,519,516,0,-1,-1,-1,0x1020480010840204,1512,1501,1500,1500,2012,1499,1504,1500,1500,1499,988,1500,1500,1500,1500,1500,1500,1500,1500,2012,1500,1555,1500,2012,1500,1507,1503,1500,1520,1505,1500,988,8.3
2025-05-10,18:25:17.120,-79,-75,10,4133,150,39,1,15,0,3,108,-1,8,354,-8,519,516,0,-1,-1,-1,0x1020480010840204,1512,1501,1500,1500,2012,1500,1504,1500,1500,1499,988,1500,1500,1500,1500,1500,1500,1500,1500,2012,1500,1555,1500,2012,1500,1506,1503,1500,1520,1505,1500,988,8.3
2025-05-10,18:25:17.620,-80,-81,10,4134,160,39,1,15,0,3,108,-1,8,354,-8,519,516,0,-1,-1,-1,0x1020480010840204,1512,1501,1500,1500,2012,1500,1504,1500,1500,1499,988,1500,1500,1500,1500,1500,1500,1500,1500,2012,1500,1555,1500,2012,1500,1506,1503,1500,1520,1505,1500,988,8.3
2025-05-10,18:25:18.120,-80,-77,10,4134,140,39,1,15,0,3,108,-2,7,354,-9,519,516,0,-1,-1,-1,0x1020480010840204,1512,1501,1500,1500,2012,1499,1503,1500,1500,1499,988,1500,1500,1500,1500,1500,1500,1500,1500,2012,1500,1555,1500,2012,1500,1505,1503,1500,1520,1505,1500,988,8.3
2025-05-10,18:25:18.620,-80,-77,10,4134,160,39,1,15,0,3,108,0,7,354,-8,519,516,0,-1,-1,-1,0x1020480010840204,1512,1501,1500,1500,2012,1500,1503,1500,1500,1500,988,1500,1500,1500,1500,1500,1500,1500,1500,2012,1500,1555,1500,2012,1500,1506,1503,1500,1520,1505,1500,988,8.3
2025-05-10,18:25:19.120,-75,-79,10,4135,27660,39,1,15,10650,3,109,883,1024,354,-9,519,516,0,-1,-1,-1,0x1020480014842205,1712,1705,1553,1500,2012,1941,2012,1500,1500,1917,988,1500,1500,1500,1500,1500,1500,1500,1372,1628,1500,1555,1500,2012,1500,2012,2012,1500,1520,1505,1500,988,8.3
2025-05-10,18:25:19.620,-69,-79,10,4121,1950,39,1,15,5280,3,110,299,314,354,-8,519,516,0,-1,-1,-1,0x1020480014840205,1590,1543,1589,1500,2012,1649,1657,1500,1500,1670,988,1500,1500,1500,1500,1500,1500,1500,1372,1628,1500,1555,1500,2012,1500,1705,1608,1500,1520,1505,1500,988,8.3
2025-05-10,18:25:20.120,-72,-73,10,4107,5310,39,1,15,6177,3,111,418,659,354,-8,519,516,0,-1,-1,-1,0x1020480014840205,1611,1604,1589,1500,2012,1709,1829,1500,1500,1723,988,1500,1500,1500,1500,1500,1500,1500,1372,1628,1500,1555,1500,2012,1500,1886,1760,1500,1520,1505,1500,988,8.3
2025-05-10,18:25:20.620,-84,-76,10,4110,9480,43,1,15,7121,3,111,171,876,354,-8,519,516,0,-1,-1,-1,0x1020480014842205,1550,1657,1589,1500,2012,1585,1938,1500,1500,1585,988,1500,1500,1500,1500,1500,1500,1500,1372,1628,1500,1555,1500,2012,1500,1956,1884,1500,1520,1505,1500,988,8.3
2025-05-10,18:25:21.120,-88,-90,50,4102,16910,44,1,15,11739,3,114,440,1021,354,-8,519,516,0,-1,-1,-1,0x1020480014842205,1605,1704,1589,1500,2012,1720,2010,1500,1500,1707,988,1500,1500,1500,1500,1500,1500,1500,1372,1628,1500,1555,1500,2012,1500,2011,2009,1500,1520,1505,1500,988,8.3
2025-05-10,18:25:21.620,-86,-86,10,4045,15650,44,1,15,12313,3,116,-18,1021,354,-9,519,516,0,-1,-1,-1,0x1020480010842605,1509,1704,1589,1500,2012,1491,2010,1500,1500,1490,988,1500,1500,1500,1500,1500,1500,1500,1372,1628,1500,1555,1500,2012,1500,2011,2010,1500,1520,1505,1500,988,8.3
2025-05-10,18:25:22.120,-84,-75,10,4043,12590,44,1,15,14766,3,117,145,1020,354,-9,519,516,0,-1,-1,-1,0x1020480014842605,1541,1700,1589,1500,2012,1572,2010,1500,1500,1564,988,1500,1500,1500,1500,1500,1500,1500,1372,1628,1500,1555,1500,2012,1500,2007,1999,1500,1520,1505,1500,988,8.3
2025-05-10,18:25:22.620,-91,-89,50,4054,13720,44,1,15,13491,3,118,1024,1007,354,-8,519,516,0,-1,-1,-1,0x1020480014842605,1786,1699,1589,1500,2012,2012,2003,1500,1500,2012,988,1500,1500,1500,1500,1500,1500,1500,1372,1628,1500,1555,1500,2012,1500,2006,1998,1500,1520,1505,1500,988,8.3
2025-05-10,18:25:23.120,-82,-83,25,4050,15690,44,1,15,11321,3,120,-444,1005,354,-9,519,516,0,-1,-1,-1,0x1020480014842605,1428,1699,1589,1500,2012,1278,2002,1500,1500,1285,988,1500,1500,1500,1500,1500,1500,1500,1372,1628,1500,1555,1500,2012,1500,2005,1996,1500,1520,1505,1500,988,8.3
2025-05-10,18:25:23.600,-87,-89,10,4035,15230,44,1,15,11587,3,122,-277,1005,354,-8,519,516,0,-1,-1,-1,0x1020480014842605,1389,1699,1589,1500,2012,1362,2002,1500,1500,1362,988,1500,1500,1500,1500,1500,1500,1500,1372,1628,1500,1555,1500,2012,1500,2005,1996,1500,1520,1505,1500,988,8.3
2025-05-10,18:25:24.090,-82,-80,10,4031,14090,45,1,15,12564,3,124,-3,1007,354,-9,519,516,0,-1,-1,-1,0x1020480010842605,1511,1699,1589,1500,2012,1499,2003,1500,1500,1498,988,1500,1500,1500,1500,1500,1500,1500,1372,1628,1500,1555,1500,2012,1500,2005,1997,1500,1520,1505,1500,988,8.3
2025-05-10,18:25:24.590,-79,-80,10,4034,12560,45,1,15,14017,3,126,-637,1014,353,-9,519,516,0,-1,-1,-1,0x1020480014842605,1373,1701,1589,1500,2012,1182,2007,1500,1500,1188,988,1500,1500,1500,1500,1500,1500,1500,1372,1628,1500,1555,1500,2012,1500,2008,2003,1500,1520,1505,1500,988,8.3
2025-05-10,18:25:25.090,-89,-84,10,4037,14510,46,1,15,12358,3,127,-27,1013,354,-8,519,516,0,-1,-1,-1,0x1020480014842605,1497,1701,1589,1500,2012,1487,2006,1500,1500,1457,988,1500,1500,1500,1500,1500,1500,1500,1372,1628,1500,1555,1500,2012,1500,2008,2003,1500,1520,1505,1500,988,8.3
2025-05-10,18:25:25.590,-69,-85,10,4039,1430,46,1,15,9945,3,128,-3,460,354,-8,519,516,0,-1,-1,-1,0x1020480010840205,1512,1566,1589,1500,2012,1499,1730,1500,1500,1499,988,1500,1500,1500,1500,1500,1500,1500,1372,1628,1500,1555,1500,2012,1500,1788,1664,1500,1520,1505,1500,988,8.3
2025-05-10,18:25:26.090,-72,-85,10,4091,8260,45,1,15,12379,4,128,335,908,354,-8,519,516,0,-1,-1,-1,0x1020480014842205,1580,1664,1589,1500,2012,1667,1954,1500,1500,1647,988,1500,1500,1500,1500,1500,1500,1500,1372,1628,1500,1555,1500,2012,1500,1967,1901,1500,1520,1505,1500,988,8.3
2025-05-10,18:25:26.590,-68,-85,10,4082,16250,46,1,15,13648,4,130,1023,1005,354,-9,519,516,0,-1,-1,-1,0x1020480014842205,1785,1699,1589,1500,2012,2011,2002,1500,1500,2011,988,1500,1500,1500,1500,1500,1500,1500,1372,1628,1500,1555,1500,2012,1500,2009,2005,1500,1520,1505,1500,988,8.3
2025-05-10,18:25:27.100,-77,-72,10,4036,12180,45,1,15,11425,4,132,-222,676,354,-8,519,516,0,-1,-1,-1,0x1020480014840605,1486,1614,1589,1500,2012,1389,1838,1500,1500,1423,988,1500,1500,1500,1500,1500,1500,1500,1372,1628,1500,1555,1500,2012,1500,1916,1786,1500,1520,1505,1500,988,8.3
2025-05-10,18:25:27.590,-77,-68,10,4030,1180,45,1,15,7146,4,133,-1024,-8,354,-8,519,516,0,-1,-1,-1,0x10204800148C0605,1177,1496,1589,1500,2012,988,1496,1496,1500,988,988,1500,1500,1500,1500,1500,1500,1496,999,2012,1500,1555,1500,2012,1500,1485,1500,1500,1520,1505,1500,988,8.3
2025-05-10,18:25:28.090,-77,-60,10,4076,37240,46,1,15,10559,4,134,-1024,1022,354,-8,519,516,0,-1,-1,-1,0x1020480014842E05,1177,1704,1589,1500,2012,988,2011,1500,1500,988,988,1500,1500,1500,1500,1500,1500,1500,1372,1628,1500,1555,1500,2012,1500,2011,2010,1500,1520,1505,1500,988,8.3
2025-05-10,18:25:28.590,-77,-57,10,4011,25800,46,1,15,10151,4,138,1019,1014,354,-9,519,515,0,-1,-1,-1,0x1020480014842605,1782,1701,1589,1500,2012,2009,2007,1500,1500,2008,988,1500,1500,1500,1500,1500,1500,1500,1372,1628,1500,1555,1500,2012,1500,2008,2003,1500,1520,1505,1500,988,8.3
2025-05-10,18:25:29.090,-54,-56,10,3973,15650,45,1,15,12333,4,141,-197,1018,354,-9,519,516,0,-1,-1,-1,0x1020480014842605,1478,1703,1589,1500,2012,1402,2009,1500,1500,1402,988,1500,1500,1500,1500,1500,1500,1500,1372,1628,1500,1555,1500,2012,1500,2010,2007,1500,1520,1505,1500,988,8.3
2025-05-10,18:25:29.590,-62,-61,10,3997,14290,45,1,15,11766,4,143,215,1019,354,-8,519,515,0,-1,-1,-1,0x1020480014842605,1561,1703,1589,1500,2012,1607,2009,1500,1500,1608,988,1500,1500,1500,1500,1500,1500,1500,1372,1628,1500,1555,1500,2012,1500,2010,2007,1500,1520,1505,1500,988,8.3
2025-05-10,18:25:30.090,-64,-61,10,4014,4710,46,1,15,10614,4,144,-827,1016,354,-8,519,515,0,-1,-1,-1,0x1020480014842605,1292,1702,1589,1500,2012,1087,2008,1500,1500,1086,988,1500,1500,1500,1500,1500,1500,1500,1372,1628,1500,1555,1500,2012,1500,2009,1990,1500,1520,1505,1500,988,8.3
2025-05-10,18:25:30.590,-91,-73,10,4015,20830,45,1,15,11721,4,146,-465,1019,354,-9,519,516,0,-1,-1,-1,0x1020480014842E05,1416,1703,1589,1500,2012,1268,2009,1500,1500,1262,988,1500,1500,1500,1500,1500,1500,1500,1372,1628,1500,1555,1500,2012,1500,2010,2007,1500,1520,1505,1500,988,8.3
2025-05-10,18:25:31.090,-91,-76,10,4011,17040,46,1,15,11723,4,148,-449,1019,354,-9,519,516,0,-1,-1,-1,0x1020480014842205,1413,1703,1589,1500,2012,1276,2009,1500,1500,1256,988,1500,1500,1500,1500,1500,1500,1500,1372,1628,1500,1555,1500,2012,1500,2010,2007,1500,1520,1505,1500,988,8.3
2025-05-10,18:25:31.590,-91,-75,10,4011,13480,45,1,15,14030,4,150,-371,1018,354,-9,519,516,0,-1,-1,-1,0x1020480014842205,1440,1703,1589,1500,2012,1315,2009,1500,1500,1309,988,1500,1500,1500,1500,1500,1500,1500,1372,1628,1500,1555,1500,2012,1500,2010,2007,1500,1520,1505,1500,988,8.3
2025-05-10,18:25:32.090,-77,-81,10,4016,13540,45,1,15,14062,4,152,-3,1005,354,-8,519,516,0,-1,-1,-1,0x1020480010842205,1511,1699,1589,1500,2012,1499,2002,1500,1500,1498,988,1500,1500,1500,1500,1500,1500,1500,1372,1628,1500,1555,1500,2012,1500,2009,2007,1500,1520,1505,1500,988,8.3
2025-05-10,18:25:32.590,-86,-84,10,4021,3540,45,1,15,12166,4,152,896,561,354,-9,519,516,0,-1,-1,-1,0x1020480014840205,1724,1582,1589,1500,2012,1948,1780,1500,1500,1937,988,1500,1500,1500,1500,1500,1500,1500,1372,1628,1500,1555,1500,2012,1500,1836,1706,1500,1520,1505,1500,988,8.3
2025-05-10,18:25:33.090,-86,-75,10,4072,5530,45,1,15,7949,4,153,1024,758,354,-8,519,516,0,-1,-1,-1,0x1020480014840205,1786,1620,1589,1500,2012,2012,1879,1500,1500,2012,988,1500,1500,1500,1500,1500,1500,1500,1372,1628,1500,1555,1500,2012,1500,1916,1800,1500,1520,1505,1500,988,8.3
2025-05-10,18:25:33.590,-68,-75,10,4070,5790,45,1,15,7149,4,154,1024,796,354,-8,519,516,0,-1,-1,-1,0x1020480014840205,1786,1623,1589,1500,2012,2012,1898,1500,1500,2012,988,1500,1500,1500,1500,1500,1500,1500,1372,1628,1500,1555,1500,2012,1500,1925,1809,1500,1520,1505,1500,988,8.3
2025-05-10,18:25:34.090,-70,-75,10,4055,16410,45,1,15,10729,4,157,-30,483,354,-8,519,516,0,-1,-1,-1,0x1020480010840205,1507,1589,1589,1500,2012,1485,1741,1500,1500,1485,988,1500,1500,1500,1500,1500,1500,1500,1372,1628,1500,1555,1500,2012,1500,1927,1722,1500,1520,1505,1500,988,8.3
2025-05-10,18:25:34.590,-70,-67,10,4038,710,45,1,15,2199,4,157,-7,-750,354,-9,519,516,0,-1,-1,-1,0x10204800128C0205,1511,1216,1589,1497,2012,1497,1125,1213,1500,1497,988,1500,1500,1500,1500,1500,1500,1213,1305,2012,1500,1555,1500,2012,1500,1087,1500,1500,1520,1505,1500,988,8.3
2025-05-10,18:25:35.090,-68,-73,10,4093,920,45,1,15,1714,4,157,-4,7,354,-9,519,516,0,-1,-1,-1,0x1020480010840205,1511,1501,1589,1500,2012,1498,1503,1500,1500,1498,988,1500,1500,1500,1500,1500,1500,1500,1372,2012,1500,1555,1500,2012,1500,1505,1503,1500,1520,1505,1500,988,8.3
2025-05-10,18:25:35.590,-68,-75,10,4095,940,44,1,15,869,4,157,-4,7,354,-8,519,516,0,-1,-1,-1,0x1020480010840205,1511,1501,1589,1500,2012,1498,1503,1500,1500,1498,988,1500,1500,1500,1500,1500,1500,1500,1442,2012,1500,1555,1500,2012,1500,1505,1503,1500,1520,1505,1500,988,8.3
2025-05-10,18:25:36.090,-70,-75,10,4096,930,44,1,15,246,4,157,-4,7,354,-9,519,516,0,-1,-1,-1,0x1020480010840205,1511,1501,1589,1500,2012,1498,1503,1500,1500,1498,988,1500,1500,1500,1500,1500,1500,1500,1500,2012,1500,1555,1500,2012,1500,1505,1503,1500,1520,1505,1500,988,8.3
2025-05-10,18:25:36.590,-73,-67,10,4098,910,44,1,15,0,4,157,-4,7,354,-8,519,516,0,-1,-1,-1,0x1020480010840205,1511,1501,1589,1500,2012,1498,1503,1500,1500,1498,988,1500,1500,1500,1500,1500,1500,1500,1500,2012,1500,1555,1500,2012,1500,1505,1503,1500,1520,1505,1500,988,8.3
2025-05-10,18:25:37.090,-71,-70,10,4099,920,44,1,15,0,4,157,-2,8,354,-9,519,516,-1,-1,-1,-1,0x1020480010840205,1512,1501,1589,1500,2012,1499,1504,1500,1500,1499,988,1500,1500,1500,1500,1500,1500,1500,1500,2012,1500,1555,1500,2012,1500,1505,1503,1500,1520,1505,1500,988,8.3
2025-05-10,18:25:37.590,-74,-80,10,4101,140,44,1,15,0,4,158,-3,7,354,-8,519,516,-1,-1,-1,-1,0x1020480010840204,1512,1501,1507,1500,2012,1499,1503,1500,1500,1499,988,1500,1500,1500,1500,1500,1500,1500,1500,2012,1500,1555,1500,2012,1500,1505,1503,1500,1520,1505,1500,988,8.3
2025-05-10,18:25:38.090,-76,-74,10,4105,160,44,1,15,0,4,158,-2,8,354,-8,519,516,-1,-1,-1,-1,0x1020480010840204,1512,1501,1500,1500,2012,1499,1504,1500,1500,1499,988,1500,1500,1500,1500,1500,1500,1500,1500,2012,1500,1555,1500,2012,1500,1506,1503,1500,1520,1505,1500,988,8.3
2025-05-10,18:25:38.590,-72,-71,10,4107,620,43,1,15,0,4,158,1023,8,354,-8,519,516,-1,-1,-1,-1,0x1020480014840204,1785,1501,1500,1500,2012,2011,1504,1500,1500,2011,988,1500,1500,1500,1500,1500,1500,1500,1500,2012,1500,1555,1500,2012,1500,1506,1503,1500,1520,1505,1500,988,8.3
2025-05-10,18:25:39.090,-72,-74,10,4108,510,42,1,15,0,4,158,923,310,354,-8,519,516,-1,-1,-1,-1,0x1020480014840205,1740,1542,1545,1500,2012,1961,1655,1500,1500,1962,988,1500,1500,1500,1500,1500,1500,1500,1372,1628,1500,1555,1500,2012,1500,1703,1606,1500,1520,1505,1500,988,8.3
2025-05-10,18:25:39.600,-72,-71,10,4107,3120,42,1,15,2821,4,158,223,485,354,-9,519,515,-1,-1,-1,-1,0x1020480014840205,1563,1571,1589,1500,2012,1611,1742,1500,1500,1611,988,1500,1500,1500,1500,1500,1500,1500,1372,1628,1500,1555,1500,2012,1500,1801,1679,1500,1520,1505,1500,988,8.3
2025-05-10,18:25:40.100,-72,-72,10,4096,2850,43,1,15,3368,4,159,682,485,354,-9,519,515,-1,-1,-1,-1,0x1020480014840205,1664,1571,1589,1500,2012,1840,1742,1500,1500,1841,988,1500,1500,1500,1500,1500,1500,1500,1372,1628,1500,1555,1500,2012,1500,1801,1678,1500,1520,1505,1500,988,8.3
2025-05-10,18:25:40.600,-72,-70,10,4094,4090,44,1,15,4357,4,159,-210,609,354,-8,519,516,-1,-1,-1,-1,0x1020480014840205,1475,1591,1589,1500,2012,1395,1804,1500,1500,1395,988,1500,1500,1500,1500,1500,1500,1500,1372,1628,1500,1555,1500,2012,1500,1856,1726,1500,1520,1505,1500,988,8.3
2025-05-10,18:25:41.100,-72,-71,10,4090,9460,44,1,15,7456,4,160,-72,822,354,-8,519,516,-1,-1,-1,-1,0x1020480014840205,1500,1640,1589,1500,2012,1464,1911,1500,1500,1464,988,1500,1500,1500,1500,1500,1500,1500,1372,1628,1500,1555,1500,2012,1500,1940,1851,1500,1520,1505,1500,988,8.3
2025-05-10,18:25:41.600,-72,-72,10,4075,7370,44,1,15,8366,4,161,-48,808,354,-9,519,516,-1,-1,-1,-1,0x1020480010840205,1504,1636,1589,1500,2012,1476,1904,1500,1500,1476,988,1500,1500,1500,1500,1500,1500,1500,1372,1628,1500,1555,1500,2012,1500,1935,1839,1500,1520,1505,1500,988,8.3
2025-05-10,18:25:42.100,-73,-75,10,4067,8630,44,1,15,8348,4,162,-368,839,354,-8,519,516,-1,-1,-1,-1,0x1020480014842605,1444,1645,1589,1500,2012,1316,1919,1500,1500,1316,988,1500,1500,1500,1500,1500,1500,1500,1372,1628,1500,1555,1500,2012,1500,1946,1862,1500,1520,1505,1500,988,8.3
2025-05-10,18:25:42.600,-73,-72,10,4064,10070,44,1,15,13371,4,163,13,906,354,-8,519,516,-1,-1,-1,-1,0x1020480010842605,1515,1667,1589,1500,2012,1506,1953,1500,1500,1506,988,1500,1500,1500,1500,1500,1500,1500,1372,1628,1500,1555,1500,2012,1500,1971,1918,1500,1520,1505,1500,988,8.3
2025-05-10,18:25:43.100,-73,-76,10,4051,8610,44,1,15,10602,4,165,14,924,354,-9,519,516,-1,-1,-1,-1,0x1020480010842605,1515,1673,1589,1500,2012,1507,1962,1500,1500,1507,988,1500,1500,1500,1500,1500,1500,1500,1372,1628,1500,1555,1500,2012,1500,1977,1931,1500,1520,1505,1500,988,8.3
2025-05-10,18:25:43.600,-68,-78,10,4046,7460,45,1,15,18385,5,166,434,901,354,-8,519,516,-1,-1,-1,-1,0x1020480014842605,1609,1665,1589,1500,2012,1717,1950,1500,1500,1717,988,1500,1500,1500,1500,1500,1500,1500,1372,1628,1500,1555,1500,2012,1500,1969,1914,1500,1520,1505,1500,988,8.3
2025-05-10,18:25:44.100,-69,-78,10,4050,10550,45,1,15,12176,5,167,608,905,354,-8,519,516,-1,-1,-1,-1,0x1020480014842605,1645,1667,1589,1500,2012,1804,1952,1500,1500,1798,988,1500,1500,1500,1500,1500,1500,1500,1372,1628,1500,1555,1500,2012,1500,1970,1915,1500,1520,1505,1500,988,8.3
2025-05-10,18:25:44.600,-63,-78,10,4051,10170,45,1,15,12215,5,168,720,904,354,-8,519,516,-1,-1,-1,-1,0x1020480014842605,1686,1666,1589,1500,2012,1860,1952,1500,1500,1873,988,1500,1500,1500,1500,1500,1500,1500,1372,1628,1500,1555,1500,2012,1500,1970,1915,1500,1520,1505,1500,988,8.3
2025-05-10,18:25:45.100,-68,-78,10,4049,10420,46,1,15,10289,5,170,-75,896,354,-8,519,516,-1,-1,-1,-1,0x1020480010842605,1505,1664,1589,1500,2012,1463,1948,1500,1500,1479,988,1500,1500,1500,1500,1500,1500,1500,1372,1628,1500,1555,1500,2012,1500,1967,1909,1500,1520,1505,1500,988,8.3
2025-05-10,18:25:45.600,-65,-79,10,4047,8800,45,1,15,11383,5,171,11,869,354,-8,519,516,-1,-1,-1,-1,0x1020480010842605,1514,1655,1589,1500,2012,1505,1934,1500,1500,1505,988,1500,1500,1500,1500,1500,1500,1500,1372,1628,1500,1555,1500,2012,1500,1957,1887,1500,1520,1505,1500,988,8.3
2025-05-10,18:25:46.100,-66,-79,10,4049,8010,45,1,15,12168,5,172,-37,852,354,-8,519,516,-1,-1,-1,-1,0x1020480010842205,1510,1649,1589,1500,2012,1482,1926,1500,1500,1494,988,1500,1500,1500,1500,1500,1500,1500,1372,1628,1500,1555,1500,2012,1500,1951,1874,1500,1520,1505,1500,988,8.3
2025-05-10,18:25:46.600,-69,-81,10,4054,7420,46,1,15,13222,5,173,769,845,354,-9,519,516,-1,-1,-1,-1,0x1020480014842205,1697,1647,1589,1500,2012,1884,1922,1500,1500,1891,988,1500,1500,1500,1500,1500,1500,1500,1372,1628,1500,1555,1500,2012,1500,1948,1868,1500,1520,1505,1500,988,8.3
2025-05-10,18:25:47.090,-67,-62,10,4059,1070,45,1,15,7113,5,174,-2,3,354,-8,519,516,-1,-1,-1,-1,0x1020480010840205,1512,1500,1589,1500,2012,1499,1501,1500,1500,1499,988,1500,1500,1500,1500,1500,1500,1500,1122,2012,1500,1555,1500,2012,1500,1502,1501,1500,1520,1505,1500,988,8.3
2025-05-10,18:25:47.600,-67,-58,10,4093,980,46,1,15,5672,5,174,-2,5,354,-8,519,516,-1,-1,-1,-1,0x1020480010840205,1512,1501,1589,1500,2012,1499,1502,1500,1500,1499,988,1500,1500,1500,1500,1500,1500,1500,1372,2012,1500,1555,1500,2012,1500,1504,1502,1500,1520,1505,1500,988,8.3
2025-05-10,18:25:48.100,-67,-61,10,4097,1450,46,1,15,4880,5,174,626,6,354,-8,519,516,-1,-1,-1,-1,0x1020480014840205,1620,1501,1589,1500,2012,1813,1503,1500,1500,1744,988,1500,1500,1500,1500,1500,1500,1500,1372,2012,1500,1555,1500,2012,1500,1505,1502,1500,1520,1505,1500,988,8.3
2025-05-10,18:25:48.590,-71,-63,10,4099,1020,47,1,15,3242,5,174,779,6,354,-9,519,516,-1,-1,-1,-1,0x1020480014840205,1677,1501,1589,1500,2012,1889,1503,1500,1500,1858,988,1500,1500,1500,1500,1500,1500,1500,1500,2012,1500,1555,1500,2012,1500,1505,1502,1500,1520,1505,1500,988,8.3
2025-05-10,18:25:49.100,-71,-59,10,4100,2730,46,1,15,2578,5,174,1024,426,354,-8,519,516,-1,-1,-1,-1,0x1020480014840205,1786,1563,1589,1500,2012,2012,1713,1500,1500,2012,988,1500,1500,1500,1500,1500,1500,1500,1372,1628,1500,1555,1500,2012,1500,1773,1657,1500,1520,1505,1500,988,8.3
2025-05-10,18:25:49.600,-65,-58,10,4097,5750,46,1,15,4210,5,175,1024,638,354,-9,519,516,-1,-1,-1,-1,0x1020480014840205,1786,1596,1589,1500,2012,2012,1819,1500,1500,2012,988,1500,1500,1500,1500,1500,1500,1500,1372,1628,1500,1555,1500,2012,1500,1868,1739,1500,1520,1505,1500,988,8.3
2025-05-10,18:25:50.100,-50,-62,10,4079,5600,46,1,15,4461,5,176,-143,641,354,-8,519,516,-1,-1,-1,-1,0x1020480014840205,1490,1597,1589,1500,2012,1429,1820,1500,1500,1436,988,1500,1500,1500,1500,1500,1500,1500,1372,1628,1500,1555,1500,2012,1500,1871,1742,1500,1520,1505,1500,988,8.3
2025-05-10,18:25:50.600,-52,-62,10,4078,4940,46,1,15,4718,5,176,-1024,642,354,-8,519,516,-1,-1,-1,-1,0x1020480014840205,1177,1596,1589,1500,2012,988,1821,1500,1500,988,988,1500,1500,1500,1500,1500,1500,1500,1372,1628,1500,1555,1500,2012,1500,1870,1741,1500,1520,1505,1500,988,8.3
2025-05-10,18:25:51.090,-56,-55,10,4080,4760,46,1,15,4991,5,177,686,630,354,-9,519,516,-1,-1,-1,-1,0x1020480014840205,1679,1594,1589,1500,2012,1843,1815,1500,1500,1862,988,1500,1500,1500,1500,1500,1500,1500,1372,1628,1500,1555,1500,2012,1500,1865,1736,1500,1520,1505,1500,988,8.3
2025-05-10,18:25:51.600,-56,-52,10,4082,7070,45,1,15,6404,5,178,-1,771,354,-9,519,516,-1,-1,-1,-1,0x1020480010840205,1512,1624,1589,1500,2012,1500,1885,1500,1500,1500,988,1500,1500,1500,1500,1500,1500,1500,1372,1628,1500,1555,1500,2012,1500,1921,1810,1500,1520,1505,1500,988,8.3
2025-05-10,18:25:52.100,-56,-55,10,4077,7260,45,1,15,7706,5,178,0,814,354,-9,519,516,-1,-1,-1,-1,0x1020480010840205,1512,1637,1589,1500,2012,1500,1907,1500,1500,1500,988,1500,1500,1500,1500,1500,1500,1500,1372,1628,1500,1555,1500,2012,1500,1937,1843,1500,1520,1505,1500,988,8.3
2025-05-10,18:25:52.600,-58,-57,10,4068,8430,45,1,15,9361,5,179,1,806,354,-8,519,516,-1,-1,-1,-1,0x1020480010840605,1512,1635,1589,1500,2012,1500,1903,1500,1500,1500,988,1500,1500,1500,1500,1500,1500,1500,1372,1628,1500,1555,1500,2012,1500,1934,1837,1500,1520,1505,1500,988,8.3
2025-05-10,18:25:53.100,-60,-58,10,4066,6960,45,1,15,9966,5,180,159,805,354,-8,519,516,-1,-1,-1,-1,0x1020480014840605,1544,1635,1589,1500,2012,1579,1902,1500,1500,1571,988,1500,1500,1500,1500,1500,1500,1500,1372,1628,1500,1555,1500,2012,1500,1934,1837,1500,1520,1505,1500,988,8.3
2025-05-10,18:25:53.600,-60,-61,10,4066,6930,45,1,15,10024,5,181,3,799,354,-9,519,516,-1,-1,-1,-1,0x1020480010840605,1513,1633,1589,1500,2012,1501,1899,1500,1500,1502,988,1500,1500,1500,1500,1500,1500,1500,1372,1628,1500,1555,1500,2012,1500,1931,1832,1500,1520,1505,1500,988,8.3
2025-05-10,18:25:54.100,-58,-63,10,4068,6740,45,1,15,10568,5,182,4,796,354,-9,519,516,-1,-1,-1,-1,0x1020480010840605,1513,1632,1589,1500,2012,1502,1898,1500,1500,1502,988,1500,1500,1500,1500,1500,1500,1500,1372,1628,1500,1555,1500,2012,1500,1930,1830,1500,1520,1505,1500,988,8.3
2025-05-10,18:25:54.600,-61,-65,10,4069,6830,45,1,15,11028,5,183,340,800,354,-9,519,516,-1,-1,-1,-1,0x1020480014840605,1582,1633,1589,1500,2012,1670,1900,1500,1500,1653,988,1500,1500,1500,1500,1500,1500,1500,1372,1628,1500,1555,1500,2012,1500,1932,1833,1500,1520,1505,1500,988,8.3
2025-05-10,18:25:55.100,-60,-65,10,4069,6820,45,1,15,10224,5,184,212,795,354,-8,519,516,-1,-1,-1,-1,0x1020480014840605,1561,1631,1589,1500,2012,1606,1897,1500,1500,1607,988,1500,1500,1500,1500,1500,1500,1500,1372,1628,1500,1555,1500,2012,1500,1930,1829,1500,1520,1505,1500,988,8.3
2025-05-10,18:25:55.600,-55,-56,10,4069,960,45,1,15,7319,5,184,121,5,354,-8,519,516,-1,-1,-1,-1,0x1020480014840605,1539,1501,1589,1500,2012,1560,1502,1500,1500,1561,988,1500,1500,1500,1500,1500,1500,1500,1009,2012,1500,1555,1500,2012,1500,1504,1502,1500,1520,1505,1500,988,8.3
2025-05-10,18:25:56.100,-73,-64,10,4085,1290,45,1,15,6061,5,184,-308,8,354,-8,519,516,-1,-1,-1,-1,0x1020480014840605,1457,1501,1589,1500,2012,1346,1504,1500,1500,1347,988,1500,1500,1500,1500,1500,1500,1500,1372,2012,1500,1555,1500,2012,1500,1506,1503,1500,1520,1505,1500,988,8.3
2025-05-10,18:25:56.600,-73,-70,10,4100,2440,45,1,15,4570,5,185,52,557,354,-8,519,516,-1,-1,-1,-1,0x1020480010840205,1517,1580,1589,1500,2012,1526,1778,1500,1500,1511,988,1500,1500,1500,1500,1500,1500,1500,1372,1628,1500,1555,1500,2012,1500,1834,1705,1500,1520,1505,1500,988,8.3
2025-05-10,18:25:57.100,-67,-69,10,4098,11280,46,1,15,5876,5,186,880,844,354,-8,519,516,-1,-1,-1,-1,0x1020480014842205,1726,1647,1589,1500,2012,1940,1922,1500,1500,1941,988,1500,1500,1500,1500,1500,1500,1500,1372,1628,1500,1555,1500,2012,1500,1949,1869,1500,1520,1505,1500,988,8.3
2025-05-10,18:25:57.600,-67,-70,10,4057,8920,45,1,15,7705,5,187,643,821,353,-8,519,516,-1,-1,-1,-1,0x1020480014840205,1657,1639,1589,1500,2012,1821,1910,1500,1500,1821,988,1500,1500,1500,1500,1500,1500,1500,1372,1628,1500,1555,1500,2012,1500,1939,1849,1500,1520,1505,1500,988,8.3
2025-05-10,18:25:58.090,-67,-71,10,4053,9090,46,1,15,7057,5,188,1024,819,354,-8,519,516,-1,-1,-1,-1,0x1020480014840605,1786,1639,1589,1500,2012,2012,1909,1500,1500,2012,988,1500,1500,1500,1500,1500,1500,1500,1372,1628,1500,1555,1500,2012,1500,1939,1849,1500,1520,1505,1500,988,8.3
2025-05-10,18:25:58.600,-75,-79,10,4055,8560,46,1,15,8020,6,189,377,814,354,-8,519,516,-1,-1,-1,-1,0x1020480014840605,1600,1637,1589,1500,2012,1688,1907,1500,1500,1695,988,1500,1500,1500,1500,1500,1500,1500,1372,1628,1500,1555,1500,2012,1500,1937,1844,1500,1520,1505,1500,988,8.3
2025-05-10,18:25:59.090,-79,-77,10,4057,8040,45,1,15,9072,6,190,-13,813,354,-8,519,516,-1,-1,-1,-1,0x1020480010840605,1512,1637,1589,1500,2012,1494,1906,1500,1500,1499,988,1500,1500,1500,1500,1500,1500,1500,1372,1628,1500,1555,1500,2012,1500,1937,1844,1500,1520,1505,1500,988,8.3
2025-05-10,18:25:59.590,-79,-79,10,4060,7830,45,1,15,9389,6,191,2,813,354,-8,519,516,-1,-1,-1,-1,0x1020480010840605,1513,1637,1589,1500,2012,1501,1906,1500,1500,1501,988,1500,1500,1500,1500,1500,1500,1500,1372,1628,1500,1555,1500,2012,1500,1937,1843,1500,1520,1505,1500,988,8.3
2025-05-10,18:26:00.090,-79,-70,10,4061,11000,45,1,15,16192,6,192,4,987,354,-8,519,516,-1,-1,-1,-1,0x1020480010842605,1513,1693,1589,1500,2012,1502,1993,1500,1500,1502,988,1500,1500,1500,1500,1500,1500,1500,1372,1628,1500,1555,1500,2012,1500,1999,1983,1500,1520,1505,1500,988,8.3
2025-05-10,18:26:00.590,-74,-80,10,4056,12500,46,1,15,10998,6,194,4,956,354,-8,519,516,-1,-1,-1,-1,0x1020480010842605,1513,1683,1589,1500,2012,1502,1978,1500,1500,1502,988,1500,1500,1500,1500,1500,1500,1500,1372,1628,1500,1555,1500,2012,1500,1988,1956,1500,1520,1505,1500,988,8.3
2025-05-10,18:26:01.090,-71,-80,10,4035,13550,46,1,15,13893,6,195,-529,1020,353,-9,519,516,-1,-1,-1,-1,0x1020480014842605,1405,1703,1589,1500,2012,1236,2010,1500,1500,1242,988,1500,1500,1500,1500,1500,1500,1500,1372,1628,1500,1555,1500,2012,1500,2010,2008,1500,1520,1505,1500,988,8.3
2025-05-10,18:26:01.590,-68,-80,10,4026,2120,46,1,15,10284,6,197,-643,8,354,-8,519,515,-1,-1,-1,-1,0x1020480014840E05,1367,1501,1589,1500,2012,1179,1504,1500,1500,1178,988,1500,1500,1500,1500,1500,1500,1500,1168,1832,1500,1555,1500,2012,1500,1733,1503,1500,1520,1505,1500,988,8.3
2025-05-10,18:26:02.100,-68,-72,10,4028,1030,46,1,15,2931,6,197,-604,5,354,-8,519,516,-1,-1,-1,-1,0x1020480014840A05,1376,1501,1589,1500,2012,1198,1502,1500,1500,1192,988,1500,1500,1500,1500,1500,1500,1500,1372,2012,1500,1555,1500,2012,1500,1504,1502,1500,1520,1505,1500,988,8.3
2025-05-10,18:26:02.590,-66,-74,10,4092,1110,46,1,15,2069,6,197,-333,432,354,-8,519,516,-1,-1,-1,-1,0x1020480014840205,1455,1560,1589,1500,2012,1334,1716,1500,1500,1339,988,1500,1500,1500,1500,1500,1500,1500,1372,1628,1500,1555,1500,2012,1500,1764,1650,1500,1520,1505,1500,988,8.3
2025-05-10,18:26:03.090,-66,-74,10,4093,4490,46,1,15,3349,6,198,-301,565,354,-8,519,516,-1,-1,-1,-1,0x1020480014840205,1465,1583,1589,1500,2012,1350,1782,1500,1500,1367,988,1500,1500,1500,1500,1500,1500,1500,1372,1628,1500,1555,1500,2012,1500,1837,1708,1500,1520,1505,1500,988,8.3
2025-05-10,18:26:03.590,-65,-73,10,4080,4310,46,1,15,3020,6,198,-1024,575,354,-8,519,516,-1,-1,-1,-1,0x1020480014840A05,1177,1584,1589,1500,2012,988,1787,1500,1500,988,988,1500,1500,1500,1500,1500,1500,1500,1372,1628,1500,1555,1500,2012,1500,1841,1711,1500,1520,1505,1500,988,8.3
2025-05-10,18:26:04.090,-60,-73,10,4078,4610,46,1,15,3537,6,199,-262,581,354,-9,519,516,-1,-1,-1,-1,0x1020480014840A05,1466,1585,1589,1500,2012,1369,1790,1500,1500,1370,988,1500,1500,1500,1500,1500,1500,1500,1372,1628,1500,1555,1500,2012,1500,1844,1713,1500,1520,1505,1500,988,8.3
2025-05-10,18:26:04.590,-61,-73,10,4078,6880,45,1,15,4049,6,200,-28,646,354,-8,519,516,-1,-1,-1,-1,0x1020480010840205,1508,1597,1589,1500,2012,1486,1823,1500,1500,1486,988,1500,1500,1500,1500,1500,1500,1500,1372,1628,1500,1555,1500,2012,1500,1872,1744,1500,1520,1505,1500,988,8.3
2025-05-10,18:26:05.100,-59,-73,10,4076,4560,45,1,15,4832,6,200,-447,643,354,-8,519,516,-1,-1,-1,-1,0x1020480014840205,1424,1597,1589,1500,2012,1277,1821,1500,1500,1277,988,1500,1500,1500,1500,1500,1500,1500,1372,1628,1500,1555,1500,2012,1500,1871,1742,1500,1520,1505,1500,988,8.3
2025-05-10,18:26:05.590,-61,-73,10,4075,6240,45,1,15,4197,6,201,-842,666,354,-9,519,516,-1,-1,-1,-1,0x1020480014840A05,1287,1601,1589,1500,2012,1079,1833,1500,1500,1080,988,1500,1500,1500,1500,1500,1500,1500,1372,1628,1500,1555,1500,2012,1500,1880,1752,1500,1520,1505,1500,988,8.3
2025-05-10,18:26:06.090,-80,-78,10,4073,6880,46,1,15,5324,6,202,333,696,354,-8,519,516,-1,-1,-1,-1,0x1020480014840205,1582,1607,1589,1500,2012,1666,1848,1500,1500,1652,988,1500,1500,1500,1500,1500,1500,1500,1372,1628,1500,1555,1500,2012,1500,1892,1767,1500,1520,1505,1500,988,8.3
2025-05-10,18:26:06.590,-80,-75,10,4069,8340,46,1,15,5313,6,203,103,704,354,-9,519,516,-1,-1,-1,-1,0x1020480014840205,1552,1608,1589,1500,2012,1551,1852,1500,1500,1589,988,1500,1500,1500,1500,1500,1500,1500,1372,1628,1500,1555,1500,2012,1500,1895,1771,1500,1520,1505,1500,988,8.3
2025-05-10,18:26:07.090,-80,-70,10,4067,6970,46,1,15,5739,6,204,-1,710,354,-9,519,516,-1,-1,-1,-1,0x1020480010840205,1512,1609,1589,1500,2012,1500,1855,1500,1500,1499,988,1500,1500,1500,1500,1500,1500,1500,1372,1628,1500,1555,1500,2012,1500,1898,1774,1500,1520,1505,1500,988,8.3
2025-05-10,18:26:07.590,-84,-69,10,4066,7270,46,1,15,4744,6,204,1020,710,354,-9,519,516,-1,-1,-1,-1,0x1020480014840205,1783,1609,1589,1500,2012,2010,1855,1500,1500,2009,988,1500,1500,1500,1500,1500,1500,1500,1372,1628,1500,1555,1500,2012,1500,1897,1773,1500,1520,1505,1500,988,8.3
2025-05-10,18:26:08.090,-86,-76,10,4065,6640,46,1,15,5091,6,205,1024,719,354,-9,519,516,-1,-1,-1,-1,0x1020480014840205,1786,1611,1589,1500,2012,2012,1859,1500,1500,2012,988,1500,1500,1500,1500,1500,1500,1500,1372,1628,1500,1555,1500,2012,1500,1901,1778,1500,1520,1505,1500,988,8.3
2025-05-10,18:26:08.600,-86,-65,10,4065,6150,47,1,15,5686,6,206,-341,710,354,-8,519,516,-1,-1,-1,-1,0x1020480014840205,1460,1609,1589,1500,2012,1330,1855,1500,1500,1355,988,1500,1500,1500,1500,1500,1500,1500,1372,1628,1500,1555,1500,2012,1500,1898,1774,1500,1520,1505,1500,988,8.3
2025-05-10,18:26:09.090,-86,-62,10,4068,4950,46,1,15,6097,6,207,-29,707,354,-8,519,516,-1,-1,-1,-1,0x1020480010840205,1509,1609,1589,1500,2012,1486,1853,1500,1500,1493,988,1500,1500,1500,1500,1500,1500,1500,1372,1628,1500,1555,1500,2012,1500,1896,1772,1500,1520,1505,1500,988,8.3
2025-05-10,18:26:09.590,-63,-67,10,4071,4990,46,1,15,6522,6,208,-1,711,354,-9,519,516,-1,-1,-1,-1,0x1020480010840205,1512,1609,1589,1500,2012,1500,1855,1500,1500,1500,988,1500,1500,1500,1500,1500,1500,1500,1372,1628,1500,1555,1500,2012,1500,1898,1774,1500,1520,1505,1500,988,8.3
2025-05-10,18:26:10.090,-66,-67,10,4073,11550,45,1,15,7937,6,208,-1,864,354,-8,519,516,-1,-1,-1,-1,0x1020480010842205,1512,1654,1589,1500,2012,1500,1932,1500,1500,1500,988,1500,1500,1500,1500,1500,1500,1500,1372,1628,1500,1555,1500,2012,1500,1956,1884,1500,1520,1505,1500,988,8.3
2025-05-10,18:26:10.590,-68,-69,10,4058,8830,46,1,15,9698,6,210,0,854,354,-9,519,516,-1,-1,-1,-1,0x1020480010842205,1512,1650,1589,1500,2012,1500,1927,1500,1500,1500,988,1500,1500,1500,1500,1500,1500,1500,1372,1628,1500,1555,1500,2012,1500,1952,1876,1500,1520,1505,1500,988,8.3
2025-05-10,18:26:11.090,-66,-69,10,4050,8660,45,1,15,10240,6,211,1024,852,354,-9,519,516,-1,-1,-1,-1,0x1020480014842605,1786,1649,1589,1500,2012,2012,1926,1500,1500,2012,988,1500,1500,1500,1500,1500,1500,1500,1372,1628,1500,1555,1500,2012,1500,1951,1873,1500,1520,1505,1500,988,8.3
2025-05-10,18:26:11.600,-72,-72,10,4050,9970,45,1,15,9215,6,212,1024,852,354,-8,519,516,-1,-1,-1,-1,0x1020480014842605,1786,1649,1589,1500,2012,2012,1926,1500,1500,2012,988,1500,1500,1500,1500,1500,1500,1500,1372,1628,1500,1555,1500,2012,1500,1951,1874,1500,1520,1505,1500,988,8.3
2025-05-10,18:26:12.090,-70,-71,10,4043,15060,46,1,15,7635,6,214,86,846,354,-8,519,516,-1,-1,-1,-1,0x1020480014842605,1529,1648,1589,1500,2012,1543,1923,1500,1500,1538,988,1500,1500,1500,1500,1500,1500,1500,1372,1628,1500,1555,1500,2012,1500,1949,1870,1500,1520,1505,1500,988,8.3
2025-05-10,18:26:12.590,-70,-71,10,4037,10560,46,1,15,7943,6,215,877,847,354,-9,519,516,-1,-1,-1,-1,0x1020480014842605,1742,1648,1589,1500,2012,1938,1923,1500,1500,1965,988,1500,1500,1500,1500,1500,1500,1500,1372,1628,1500,1555,1500,2012,1500,1949,1870,1500,1520,1505,1500,988,8.3
2025-05-10,18:26:13.090,-74,-71,10,4039,10150,46,1,15,9433,6,216,-1,875,354,-9,519,516,-1,-1,-1,-1,0x1020480010842605,1512,1657,1589,1500,2012,1500,1937,1500,1500,1500,988,1500,1500,1500,1500,1500,1500,1500,1372,1628,1500,1555,1500,2012,1500,1959,1891,1500,1520,1505,1500,988,8.3
2025-05-10,18:26:13.590,-77,-73,10,4039,16540,46,1,15,11727,6,218,0,1021,354,-8,519,516,-1,-1,-1,-1,0x1020480010842605,1512,1704,1589,1500,2012,1500,2010,1500,1500,1500,988,1500,1500,1500,1500,1500,1500,1500,1372,1628,1500,1555,1500,2012,1500,2011,2009,1500,1520,1505,1500,988,8.3
2025-05-10,18:26:14.090,-86,-71,10,4018,13470,46,1,15,13729,6,220,239,1020,354,-9,519,516,-1,-1,-1,-1,0x1020480014842605,1566,1703,1589,1500,2012,1619,2010,1500,1500,1619,988,1500,1500,1500,1500,1500,1500,1500,1372,1628,1500,1555,1500,2012,1500,2010,2008,1500,1520,1505,1500,988,8.3
2025-05-10,18:26:14.590,-86,-72,10,4016,12490,45,1,15,14583,6,222,177,1019,354,-8,519,516,-1,-1,-1,-1,0x1020480014842605,1557,1703,1589,1500,2012,1588,2009,1500,1500,1600,988,1500,1500,1500,1500,1500,1500,1500,1372,1628,1500,1555,1500,2012,1500,2010,2007,1500,1520,1505,1500,988,8.3
2025-05-10,18:26:15.090,-74,-73,10,4019,12460,45,1,15,15540,7,223,0,1019,354,-8,519,516,-1,-1,-1,-1,0x1020480010842205,1512,1703,1589,1500,2012,1500,2009,1500,1500,1500,988,1500,1500,1500,1500,1500,1500,1500,1372,1628,1500,1555,1500,2012,1500,2010,2008,1500,1520,1505,1500,988,8.3
2025-05-10,18:26:15.590,-75,-73,10,4021,12120,45,1,15,16565,7,225,1,1020,354,-9,519,516,-1,-1,-1,-1,0x1020480010842205,1512,1703,1589,1500,2012,1500,2010,1500,1500,1500,988,1500,1500,1500,1500,1500,1500,1500,1372,1628,1500,1555,1500,2012,1500,2010,2007,1500,1520,1505,1500,988,8.3
2025-05-10,18:26:16.090,-76,-65,10,4022,11450,46,1,15,16879,7,226,207,1019,354,-9,519,516,-1,-1,-1,-1,0x1020480014842205,1556,1703,1589,1500,2012,1603,2009,1500,1500,1597,988,1500,1500,1500,1500,1500,1500,1500,1372,1628,1500,1555,1500,2012,1500,2010,2007,1500,1520,1505,1500,988,8.3
2025-05-10,18:26:16.590,-53,-62,10,4022,11530,46,1,15,16408,7,228,-2,1019,354,-9,519,516,-1,-1,-1,-1,0x1020480010842205,1512,1703,1589,1500,2012,1499,2009,1500,1500,1499,988,1500,1500,1500,1500,1500,1500,1500,1372,1628,1500,1555,1500,2012,1500,2010,2007,1500,1520,1505,1500,988,8.3
2025-05-10,18:26:17.090,-58,-59,10,4023,11530,46,1,15,16556,7,229,-3,1019,354,-8,519,516,-1,-1,-1,-1,0x1020480010842205,1512,1703,1589,1500,2012,1499,2009,1500,1500,1499,988,1500,1500,1500,1500,1500,1500,1500,1372,1628,1500,1555,1500,2012,1500,2010,2007,1500,1520,1505,1500,988,8.3
2025-05-10,18:26:17.590,-60,-59,10,4023,11600,46,1,15,16556,7,231,324,1019,354,-9,519,516,-1,-1,-1,-1,0x1020480014842205,1591,1703,1589,1500,2012,1662,2009,1500,1500,1674,988,1500,1500,1500,1500,1500,1500,1500,1372,1628,1500,1555,1500,2012,1500,2010,2007,1500,1520,1505,1500,988,8.3
2025-05-10,18:26:18.090,-60,-60,10,4022,11650,45,1,15,16876,7,232,-3,1019,354,-9,519,516,-1,-1,-1,-1,0x1020480010842205,1512,1703,1589,1500,2012,1499,2009,1500,1500,1499,988,1500,1500,1500,1500,1500,1500,1500,1372,1628,1500,1555,1500,2012,1500,2010,2007,1500,1520,1505,1500,988,8.3
2025-05-10,18:26:18.590,-78,-63,10,4022,11790,46,1,15,16719,7,234,-1,1019,354,-9,519,516,-1,-1,-1,-1,0x1020480010842205,1512,1703,1589,1500,2012,1500,2009,1500,1500,1500,988,1500,1500,1500,1500,1500,1500,1500,1372,1628,1500,1555,1500,2012,1500,2010,2007,1500,1520,1505,1500,988,8.3
2025-05-10,18:26:19.090,-78,-64,10,4021,11480,46,1,15,16488,7,235,-1,1019,354,-8,519,516,-1,-1,-1,-1,0x1020480010842205,1512,1703,1589,1500,2012,1500,2009,1500,1500,1500,988,1500,1500,1500,1500,1500,1500,1500,1372,1628,1500,1555,1500,2012,1500,2010,2007,1500,1520,1505,1500,988,8.3
2025-05-10,18:26:19.590,-78,-66,10,4020,11490,46,1,15,16713,7,237,1,1019,354,-8,519,516,-1,-1,-1,-1,0x1020480010842205,1512,1703,1589,1500,2012,1500,2009,1500,1500,1500,988,1500,1500,1500,1500,1500,1500,1500,1372,1628,1500,1555,1500,2012,1500,2010,2007,1500,1520,1505,1500,988,8.3
2025-05-10,18:26:20.090,-81,-70,10,4020,11420,46,1,15,17128,7,238,347,1019,354,-9,519,516,-1,-1,-1,-1,0x1020480014842205,1591,1703,1589,1500,2012,1673,2009,1500,1500,1673,988,1500,1500,1500,1500,1500,1500,1500,1372,1628,1500,1555,1500,2012,1500,2010,2007,1500,1520,1505,1500,988,8.3
2025-05-10,18:26:20.590,-81,-71,10,4021,11410,46,1,15,16562,7,240,359,1020,354,-8,519,516,-1,-1,-1,-1,0x1020480014842205,1593,1703,1589,1500,2012,1679,2010,1500,1500,1679,988,1500,1500,1500,1500,1500,1500,1500,1372,1628,1500,1555,1500,2012,1500,2010,2008,1500,1520,1505,1500,988,8.3
2025-05-10,18:26:21.090,-74,-71,10,4019,13970,46,1,15,13262,7,241,867,1019,354,-9,519,516,-1,-1,-1,-1,0x1020480014842205,1722,1703,1589,1500,2012,1933,2009,1500,1500,1933,988,1500,1500,1500,1500,1500,1500,1500,1372,1628,1500,1555,1500,2012,1500,2010,2007,1500,1520,1505,1500,988,8.3
2025-05-10,18:26:21.590,-74,-67,10,4010,15120,46,1,15,11924,7,243,839,1019,354,-9,519,516,-1,-1,-1,-1,0x1020480014842205,1714,1703,1589,1500,2012,1919,2009,1500,1500,1919,988,1500,1500,1500,1500,1500,1500,1500,1372,1628,1500,1555,1500,2012,1500,2010,2007,1500,1520,1505,1500,988,8.3
2025-05-10,18:26:22.090,-75,-68,10,4001,13450,46,1,15,14001,7,245,339,1020,354,-8,519,516,-1,-1,-1,-1,0x1020480014842205,1583,1703,1589,1500,2012,1669,2010,1500,1500,1655,988,1500,1500,1500,1500,1500,1500,1500,1372,1628,1500,1555,1500,2012,1500,2010,2008,1500,1520,1505,1500,988,8.3
2025-05-10,18:26:22.590,-76,-79,10,4000,13820,46,1,15,13624,7,247,260,1019,354,-8,519,516,-1,-1,-1,-1,0x1020480014842205,1572,1703,1589,1500,2012,1629,2009,1500,1500,1630,988,1500,1500,1500,1500,1500,1500,1500,1372,1628,1500,1555,1500,2012,1500,2010,2007,1500,1520,1505,1500,988,8.3
2025-05-10,18:26:23.090,-75,-78,10,4004,13630,47,1,15,14165,8,249,-123,1019,354,-9,519,516,-1,-1,-1,-1,0x1020480014842205,1499,1703,1589,1500,2012,1439,2009,1500,1500,1462,988,1500,1500,1500,1500,1500,1500,1500,1372,1628,1500,1555,1500,2012,1500,2010,2008,1500,1520,1505,1500,988,8.3
2025-05-10,18:26:23.570,-78,-81,10,4005,13260,47,1,15,14950,8,250,-772,980,354,-8,519,516,-1,-1,-1,-1,0x1020480014842205,1317,1691,1589,1500,2012,1114,1982,1500,1500,1114,988,1500,1500,1500,1500,1500,1500,1500,1372,1628,1500,1555,1500,2012,1500,1996,1976,1500,1520,1505,1500,988,8.3
2025-05-10,18:26:24.050,-69,-73,10,4006,1110,47,1,15,1093,8,251,-1024,4,354,-8,519,516,-1,-1,-1,-1,0x1020480014840A05,1177,1500,1589,1500,2012,988,1502,1500,1500,988,988,1500,1500,1500,1500,1500,1500,1500,1152,2012,1500,1555,1500,2012,1500,1503,1501,1500,1520,1505,1500,988,8.3
2025-05-10,18:26:24.550,-73,-68,10,4069,960,48,1,15,1017,8,251,-947,92,354,-8,519,516,-1,-1,-1,-1,0x1020480014840A05,1225,1515,1589,1500,2012,1027,1546,1500,1500,1026,988,1500,1500,1500,1500,1500,1500,1500,1372,1628,1500,1555,1500,2012,1500,1569,1538,1500,1520,1505,1500,988,8.3
2025-05-10,18:26:25.050,-69,-72,10,4072,21350,47,1,15,10853,8,252,-36,1020,354,-8,519,516,-1,-1,-1,-1,0x1020480010842205,1506,1703,1589,1500,2012,1482,2010,1500,1500,1482,988,1500,1500,1500,1500,1500,1500,1500,1372,1628,1500,1555,1500,2012,1500,2010,2008,1500,1520,1505,1500,988,8.3
2025-05-10,18:26:25.550,-68,-72,10,4002,24150,47,1,15,9923,8,255,-1024,1008,354,-9,519,516,-1,-1,-1,-1,0x1020480014842205,1177,1700,1589,1500,2012,988,2004,1500,1500,988,988,1500,1500,1500,1500,1500,1500,1500,1372,1628,1500,1555,1500,2012,1500,2007,1999,1500,1520,1505,1500,988,8.3
2025-05-10,18:26:26.050,-79,-73,10,3975,16040,47,1,15,10625,8,257,0,978,353,-8,519,516,-1,-1,-1,-1,0x1020480010842605,1512,1690,1589,1500,2012,1500,1989,1500,1500,1500,988,1500,1500,1500,1500,1500,1500,1500,1372,1628,1500,1555,1500,2012,1500,1996,1975,1500,1520,1505,1500,988,8.3
2025-05-10,18:26:26.550,-79,-68,10,3981,10960,46,1,15,14634,8,259,138,977,354,-8,519,516,-1,-1,-1,-1,0x1020480014842605,1554,1690,1589,1500,2012,1563,1988,1500,1500,1593,988,1500,1500,1500,1500,1500,1500,1500,1372,1628,1500,1555,1500,2012,1500,1995,1974,1500,1520,1505,1500,988,8.3
2025-05-10,18:26:27.050,-76,-68,10,4001,12940,46,1,15,13167,8,261,690,978,354,-8,519,516,-1,-1,-1,-1,0x1020480014842605,1652,1690,1589,1500,2012,1845,1989,1500,1500,1812,988,1500,1500,1500,1500,1500,1500,1500,1372,1628,1500,1555,1500,2012,1500,1996,1975,1500,1520,1505,1500,988,8.3
2025-05-10,18:26:27.550,-76,-69,10,4004,13090,46,1,15,10341,8,262,-25,652,354,-8,519,516,-1,-1,-1,-1,0x1020480010840605,1510,1615,1589,1500,2012,1488,1826,1500,1500,1495,988,1500,1500,1500,1500,1500,1500,1500,1372,1628,1500,1555,1500,2012,1500,1930,1787,1500,1520,1505,1500,988,8.3
2025-05-10,18:26:28.050,-91,-75,10,4006,1310,47,1,15,6819,8,263,-2,2,354,-8,519,516,-1,-1,-1,-1,0x1020480010840605,1512,1500,1589,1500,2012,1499,1501,1500,1500,1499,988,1500,1500,1500,1500,1500,1500,1500,1264,2012,1500,1555,1500,2012,1500,1501,1500,1500,1520,1505,1500,988,8.3
2025-05-10,18:26:28.550,-81,-79,10,4064,1070,46,1,15,5705,8,263,-578,4,354,-9,519,515,-1,-1,-1,-1,0x1020480014840605,1402,1500,1589,1500,2012,1211,1502,1500,1500,1236,988,1500,1500,1500,1500,1500,1500,1500,1372,2012,1500,1555,1500,2012,1500,1503,1501,1500,1520,1505,1500,988,8.3
2025-05-10,18:26:29.050,-84,-80,10,4069,960,47,1,15,2677,8,263,-343,8,354,-8,519,516,-1,-1,-1,-1,0x1020480014840E05,1447,1501,1589,1500,2012,1329,1504,1500,1500,1323,988,1500,1500,1500,1500,1500,1500,1500,988,2012,1500,1555,1500,2012,1500,1506,1503,1500,1520,1505,1500,988,8.3
2025-05-10,18:26:29.550,-80,-81,10,4071,9200,47,1,15,4732,8,264,-1,740,354,-8,519,516,-1,-1,-1,-1,0x1020480010840605,1512,1613,1589,1500,2012,1500,1870,1500,1500,1500,988,1500,1500,1500,1500,1500,1500,1500,1372,1628,1500,1555,1500,2012,1500,1909,1782,1500,1520,1505,1500,988,8.3
2025-05-10,18:26:30.050,-82,-81,10,4070,15630,46,1,15,6041,8,265,109,784,354,-9,519,516,-1,-1,-1,-1,0x1020480014840205,1536,1628,1589,1500,2012,1554,1892,1500,1500,1554,988,1500,1500,1500,1500,1500,1500,1500,1372,1628,1500,1555,1500,2012,1500,1926,1820,1500,1520,1505,1500,988,8.3
2025-05-10,18:26:30.550,-85,-82,50,4029,1160,46,1,15,396,8,266,1023,1,354,-9,519,516,-1,-1,-1,-1,0x1020480014840205,1785,1500,1589,1500,2012,2011,1500,1500,1500,2011,988,1500,1500,1500,1500,1500,1500,1500,988,2012,1500,1555,1500,2012,1500,1501,1500,1500,1520,1505,1500,988,8.3
2025-05-10,18:26:31.050,-83,-80,25,4049,900,45,1,15,0,8,266,1017,3,354,-8,519,516,-1,-1,-1,-1,0x1020480014840205,1783,1500,1589,1500,2012,2008,1501,1500,1500,2009,988,1500,1500,1500,1500,1500,1500,1500,1372,2012,1500,1555,1500,2012,1500,1502,1500,1500,1520,1505,1500,988,8.3
2025-05-10,18:26:31.550,-87,-84,25,4075,3110,45,1,15,0,8,266,1024,650,354,-9,519,516,-1,-1,-1,-1,0x1020480014840205,1786,1586,1589,1500,2012,2012,1830,1500,1500,2012,988,1500,1500,1500,1500,1500,1500,1500,1372,1628,1500,1555,1500,2012,1500,1855,1715,1500,1520,1505,1500,988,8.3
2025-05-10,18:26:32.050,-86,-74,25,4075,14750,45,1,15,10086,8,269,1024,694,354,-9,519,516,-1,-1,-1,-1,0x1020480014840205,1786,1610,1589,1500,2012,2012,1847,1500,1500,2012,988,1500,1500,1500,1500,1500,1500,1500,1372,1628,1500,1555,1500,2012,1500,1924,1776,1500,1520,1505,1500,988,8.3
2025-05-10,18:26:32.550,-82,-85,10,4064,1220,45,1,15,0,8,269,-736,-782,354,-9,519,516,-1,-1,-1,-1,0x10204800168C0205,1338,1247,1589,1498,2012,1132,1109,1244,1500,1140,988,1500,1500,1500,1500,1500,1500,1244,1254,2012,1500,1555,1500,2012,1500,1160,1500,1500,1520,1505,1500,988,8.3
2025-05-10,18:26:33.050,-87,-86,10,4069,1130,46,1,15,0,8,270,-1,7,354,-8,519,516,-1,-1,-1,-1,0x1020480010840205,1512,1501,1589,1500,2012,1500,1503,1500,1500,1500,988,1500,1500,1500,1500,1500,1500,1500,1372,2012,1500,1555,1500,2012,1500,1505,1503,1500,1520,1505,1500,988,8.3
2025-05-10,18:26:33.550,-90,-85,10,4072,910,46,1,15,0,8,270,-2,7,354,-8,519,516,-1,-1,-1,-1,0x1020480010840205,1512,1501,1589,1500,2012,1499,1503,1500,1500,1499,988,1500,1500,1500,1500,1500,1500,1500,1372,2012,1500,1555,1500,2012,1500,1505,1503,1500,1520,1505,1500,988,8.3
2025-05-10,18:26:34.050,-84,-81,25,4077,890,46,1,15,0,8,270,-2,7,354,-9,519,515,-1,-1,-1,-1,0x1020480010840205,1512,1501,1589,1500,2012,1499,1503,1500,1500,1499,988,1500,1500,1500,1500,1500,1500,1500,1500,2012,1500,1555,1500,2012,1500,1505,1503,1500,1520,1505,1500,988,8.3
2025-05-10,18:26:34.550,-89,-82,10,4079,880,45,1,15,0,8,270,-2,7,354,-8,519,516,-1,-1,-1,-1,0x1020480010840205,1512,1501,1589,1500,2012,1499,1503,1500,1500,1499,988,1500,1500,1500,1500,1500,1500,1500,1500,2012,1500,1555,1500,2012,1500,1505,1503,1500,1520,1505,1500,988,8.3
2025-05-10,18:26:35.050,-91,-82,25,4080,880,45,1,15,0,8,270,-2,7,354,-9,519,516,-1,-1,-1,-1,0x1020480010840205,1512,1501,1589,1500,2012,1499,1503,1500,1500,1499,988,1500,1500,1500,1500,1500,1500,1500,1500,2012,1500,1555,1500,2012,1500,1505,1503,1500,1520,1505,1500,988,8.3
2025-05-10,18:26:35.550,-91,-84,25,4082,160,45,1,15,0,8,270,-1,7,354,-8,519,516,-1,-1,-1,-1,0x1020480010840204,1512,1501,1516,1500,2012,1500,1503,1500,1500,1499,988,1500,1500,1500,1500,1500,1500,1500,1500,2012,1500,1555,1500,2012,1500,1505,1503,1500,1520,1505,1500,988,8.3
2025-05-10,18:26:36.050,-90,-82,25,4085,150,45,1,15,0,8,270,-1,7,354,-8,519,516,-1,-1,-1,-1,0x1020480010840204,1512,1501,1500,1500,2012,1500,1503,1500,1500,1500,988,1500,1500,1500,1500,1500,1500,1500,1500,2012,1500,1555,1500,2012,1500,1505,1503,1500,1520,1505,1500,988,8.3
2025-05-10,18:26:36.550,-81,-83,10,4088,150,43,1,15,0,8,270,-2,7,354,-8,519,516,-1,-1,-1,-1,0x1020480010840204,1512,1501,1500,1500,2012,1499,1503,1500,1500,1499,988,1500,1500,1500,1500,1500,1500,1500,1500,2012,1500,1555,1500,2012,1500,1505,1503,1500,1520,1505,1500,988,8.3
2025-05-10,18:26:37.050,-88,-88,10,4089,140,41,1,15,0,8,270,-1,7,354,-9,519,516,-1,-1,-1,-1,0x1020480010840204,1512,1501,1500,1500,2012,1500,1503,1500,1500,1500,988,1500,1500,1500,1500,1500,1500,1500,1500,2012,1500,1555,1500,2012,1500,1505,1503,1500,1520,1505,1500,988,8.3
2025-05-10,18:26:37.550,-88,-87,10,4090,150,41,1,15,0,8,270,-1,6,354,-8,519,516,-1,-1,-1,-1,0x1020480010840204,1512,1501,1500,1500,2012,1500,1503,1500,1500,1500,988,1500,1500,1500,1500,1500,1500,1500,1500,2012,1500,1555,1500,2012,1500,1505,1502,1500,1520,1505,1500,988,8.3
2025-05-10,18:26:38.050,-88,-91,50,4091,160,41,1,15,0,8,270,-2,7,354,-8,519,515,-1,-1,-1,-1,0x1020480010840204,1512,1501,1500,1500,2012,1499,1503,1500,1500,1499,988,1500,1500,1500,1500,1500,1500,1500,1500,2012,1500,1555,1500,2012,1500,1505,1503,1500,1520,1505,1500,988,8.3
2025-05-10,18:26:38.550,-83,-91,50,4092,150,41,1,15,0,8,270,-2,6,354,-9,519,516,-1,-1,-1,-1,0x1020480010840204,1512,1501,1500,1500,2012,1499,1503,1500,1500,1500,988,1500,1500,1500,1500,1500,1500,1500,1500,2012,1500,1555,1500,2012,1500,1505,1502,1500,1520,1505,1500,988,8.3
2025-05-10,18:26:39.050,-82,-82,25,4093,150,41,1,15,0,8,270,-2,7,354,-8,519,516,-1,-1,-1,-1,0x1020480010840204,1512,1501,1500,1500,2012,1499,1503,1500,1500,1499,988,1500,1500,1500,1500,1500,1500,1500,1500,2012,1500,1555,1500,2012,1500,1505,1503,1500,1520,1505,1500,988,8.3
2025-05-10,18:26:39.550,-92,-90,10,4094,150,41,1,15,0,8,270,-2,7,354,-8,519,516,-1,-1,-1,-1,0x1020480010840204,1512,1501,1500,1500,2012,1499,1503,1500,1500,1500,988,1500,1500,1500,1500,1500,1500,1500,1500,2012,1500,1555,1500,2012,1500,1505,1503,1500,1520,1505,1500,988,8.3
2025-05-10,18:26:40.050,-84,-83,50,4095,150,41,1,15,0,8,270,-2,7,354,-8,519,515,-1,-1,-1,-1,0x1020480010840204,1512,1501,1500,1500,2012,1499,1503,1500,1500,1499,988,1500,1500,1500,1500,1500,1500,1500,1500,2012,1500,1555,1500,2012,1500,1505,1503,1500,1520,1505,1500,988,8.3
2025-05-10,18:26:40.550,-83,-85,25,4096,160,40,1,15,0,8,270,-2,7,354,-8,519,516,-1,-1,-1,-1,0x1020480010840204,1512,1501,1500,1500,2012,1499,1503,1500,1500,1499,988,1500,1500,1500,1500,1500,1500,1500,1500,2012,1500,1555,1500,2012,1500,1505,1502,1500,1520,1505,1500,988,8.3
2025-05-10,18:26:41.050,-83,-85,10,4097,150,40,1,15,0,8,270,-2,7,354,-8,519,516,-1,-1,-1,-1,0x1020480010840204,1512,1501,1500,1500,2012,1499,1503,1500,1500,1499,988,1500,1500,1500,1500,1500,1500,1500,1500,2012,1500,1555,1500,2012,1500,1505,1503,1500,1520,1505,1500,988,8.3
2025-05-10,18:26:41.550,-91,-87,10,4097,150,40,1,15,0,8,270,-2,6,354,-9,519,516,-1,-1,-1,-1,0x1020480010840204,1512,1501,1500,1500,2012,1499,1503,1500,1500,1499,988,1500,1500,1500,1500,1500,1500,1500,1500,2012,1500,1555,1500,2012,1500,1505,1502,1500,1520,1505,1500,988,8.3
2025-05-10,18:26:42.050,-84,-81,25,4098,170,40,1,15,0,8,270,-2,6,354,-8,519,516,-1,-1,-1,-1,0x1020480010840204,1512,1501,1500,1500,2012,1499,1503,1500,1500,1499,988,1500,1500,1500,1500,1500,1500,1500,1500,2012,1500,1555,1500,2012,1500,1505,1503,1500,1520,1505,1500,988,8.3
2025-05-10,18:26:42.550,-84,-88,25,4098,150,40,1,15,0,8,270,-2,7,354,-8,519,516,-1,-1,-1,-1,0x1020480010840204,1512,1501,1500,1500,2012,1499,1503,1500,1500,1499,988,1500,1500,1500,1500,1500,1500,1500,1500,2012,1500,1555,1500,2012,1500,1505,1503,1500,1520,1505,1500,988,8.3
2025-05-10,18:26:43.050,-84,-85,10,4099,150,40,1,15,0,8,270,-2,7,354,-8,519,516,-1,-1,-1,-1,0x1020480010840204,1512,1501,1500,1500,2012,1499,1503,1500,1500,1500,988,1500,1500,1500,1500,1500,1500,1500,1500,2012,1500,1555,1500,2012,1500,1505,1503,1500,1520,1505,1500,988,8.3
2025-05-10,18:26:43.550,-83,-81,10,4100,140,40,1,15,0,8,270,-2,7,354,-9,519,516,-1,-1,-1,-1,0x1020480010840204,1512,1501,1500,1500,2012,1499,1503,1500,1500,1499,988,1500,1500,1500,1500,1500,1500,1500,1500,2012,1500,1555,1500,2012,1500,1505,1503,1500,1520,1505,1500,988,8.3
2025-05-10,18:26:44.050,-87,-84,10,4100,150,40,1,15,0,8,270,-2,6,354,-9,519,516,-1,-1,-1,-1,0x1020480010840204,1512,1501,1500,1500,2012,1499,1503,1500,1500,1499,988,1500,1500,1500,1500,1500,1500,1500,1500,2012,1500,1555,1500,2012,1500,1505,1503,1500,1520,1505,1500,988,8.3
2025-05-10,18:26:44.550,-87,-84,10,4101,150,40,1,15,0,8,270,-2,7,354,-9,519,516,-1,-1,-1,-1,0x1020480010840204,1512,1501,1500,1500,2012,1499,1503,1500,1500,1499,988,1500,1500,1500,1500,1500,1500,1500,1500,2012,1500,1555,1500,2012,1500,1505,1503,1500,1520,1505,1500,988,8.3
2025-05-10,18:26:45.050,-84,-89,10,4102,170,40,1,15,0,8,270,-2,7,354,-8,519,516,-1,-1,-1,-1,0x1020480010840204,1512,1501,1500,1500,2012,1499,1503,1500,1500,1500,988,1500,1500,1500,1500,1500,1500,1500,1500,2012,1500,1555,1500,2012,1500,1505,1503,1500,1520,1505,1500,988,8.3
2025-05-10,18:26:45.550,-83,-84,25,4102,150,40,1,15,0,8,270,-2,6,354,-8,519,516,-1,-1,-1,-1,0x1020480010840204,1512,1501,1500,1500,2012,1499,1503,1500,1500,1499,988,1500,1500,1500,1500,1500,1500,1500,1500,2012,1500,1555,1500,2012,1500,1505,1503,1500,1520,1505,1500,988,8.3
2025-05-10,18:26:46.050,-92,-80,10,4103,150,40,1,15,0,8,270,-2,7,354,-8,519,516,-1,-1,-1,-1,0x1020480010840204,1512,1501,1500,1500,2012,1499,1503,1500,1500,1499,988,1500,1500,1500,1500,1500,1500,1500,1500,2012,1500,1555,1500,2012,1500,1505,1503,1500,1520,1505,1500,988,8.3
2025-05-10,18:26:46.550,-91,-88,10,4103,140,40,1,15,0,8,271,-1,6,354,-8,519,516,-1,-1,-1,-1,0x1020480010840204,1512,1501,1500,1500,2012,1500,1503,1500,1500,1500,988,1500,1500,1500,1500,1500,1500,1500,1500,2012,1500,1555,1500,2012,1500,1505,1503,1500,1520,1505,1500,988,8.3
2025-05-10,18:26:47.050,-90,-87,10,4104,140,40,1,15,0,8,271,-2,6,354,-9,519,516,-1,-1,-1,-1,0x1020480010840204,1512,1501,1500,1500,2012,1499,1503,1500,1500,1500,988,1500,1500,1500,1500,1500,1500,1500,1500,2012,1500,1555,1500,2012,1500,1505,1502,1500,1520,1505,1500,988,8.3
2025-05-10,18:26:47.550,-84,-83,10,4104,150,40,1,15,0,8,271,-2,7,354,-8,519,516,-1,-1,-1,-1,0x1020480010840204,1512,1501,1500,1500,2012,1499,1503,1500,1500,1499,988,1500,1500,1500,1500,1500,1500,1500,1500,2012,1500,1555,1500,2012,1500,1505,1503,1500,1520,1505,1500,988,8.3
2025-05-10,18:26:48.050,-83,-84,10,4105,150,40,1,15,0,8,271,-2,7,354,-8,519,515,-1,-1,-1,-1,0x1020480010840204,1512,1501,1500,1500,2012,1499,1503,1500,1500,1499,988,1500,1500,1500,1500,1500,1500,1500,1500,2012,1500,1555,1500,2012,1500,1505,1503,1500,1520,1505,1500,988,8.3
2025-05-10,18:26:48.550,-83,-84,10,4105,140,40,1,15,0,8,271,-2,7,354,-9,519,516,-1,-1,-1,-1,0x1020480010840204,1512,1501,1500,1500,2012,1499,1503,1500,1500,1499,988,1500,1500,1500,1500,1500,1500,1500,1500,2012,1500,1555,1500,2012,1500,1505,1503,1500,1520,1505,1500,988,8.3
2025-05-10,18:26:49.050,-85,-83,10,4106,140,40,1,15,0,8,271,-2,7,354,-8,519,516,-1,-1,-1,-1,0x1020480010840204,1512,1501,1500,1500,2012,1499,1503,1500,1500,1499,988,1500,1500,1500,1500,1500,1500,1500,1500,2012,1500,1555,1500,2012,1500,1505,1503,1500,1520,1505,1500,988,8.3
2025-05-10,18:26:49.550,-86,-83,10,4106,160,40,1,15,0,8,271,-1,7,354,-8,519,515,-1,-1,-1,-1,0x1020480010840204,1512,1501,1500,1500,2012,1500,1503,1500,1500,1499,988,1500,1500,1500,1500,1500,1500,1500,1500,2012,1500,1555,1500,2012,1500,1505,1503,1500,1520,1505,1500,988,8.3
2025-05-10,18:26:50.050,-86,-85,10,4106,160,40,1,15,0,8,271,-2,6,354,-8,519,516,-1,-1,-1,-1,0x1020480010840204,1512,1501,1500,1500,2012,1499,1503,1500,1500,1499,988,1500,1500,1500,1500,1500,1500,1500,1500,2012,1500,1555,1500,2012,1500,1505,1502,1500,1520,1505,1500,988,8.3
2025-05-10,18:26:50.550,-90,-84,10,4107,150,40,1,15,0,8,271,-2,7,354,-9,519,516,-1,-1,-1,-1,0x1020480010840204,1512,1501,1500,1500,2012,1499,1503,1500,1500,1500,988,1500,1500,1500,1500,1500,1500,1500,1500,2012,1500,1555,1500,2012,1500,1505,1503,1500,1520,1505,1500,988,8.3
2025-05-10,18:26:51.050,-87,-91,25,4107,150,40,1,15,0,8,271,-1,7,354,-9,519,516,-1,-1,-1,-1,0x1020480010840204,1512,1501,1500,1500,2012,1500,1503,1500,1500,1499,988,1500,1500,1500,1500,1500,1500,1500,1500,2012,1500,1555,1500,2012,1500,1505,1503,1500,1520,1505,1500,988,8.3
2025-05-10,18:26:51.550,-85,-86,50,4108,140,40,1,15,0,8,271,-1,7,354,-9,519,516,-1,-1,-1,-1,0x1020480010840204,1512,1501,1500,1500,2012,1500,1503,1500,1500,1499,988,1500,1500,1500,1500,1500,1500,1500,1500,2012,1500,1555,1500,2012,1500,1505,1503,1500,1520,1505,1500,988,8.3
2025-05-10,18:26:52.050,-84,-82,25,4108,150,40,1,15,0,8,271,-1,6,354,-8,519,516,-1,-1,-1,-1,0x1020480010840204,1512,1501,1500,1500,2012,1500,1503,1500,1500,1500,988,1500,1500,1500,1500,1500,1500,1500,1500,2012,1500,1555,1500,2012,1500,1505,1502,1500,1520,1505,1500,988,8.3
2025-05-10,18:26:52.550,-85,-81,25,4108,150,40,1,15,0,8,271,-2,7,354,-9,519,516,-1,-1,-1,-1,0x1020480010840204,1512,1501,1500,1500,2012,1499,1503,1500,1500,1499,988,1500,1500,1500,1500,1500,1500,1500,1500,2012,1500,1555,1500,2012,1500,1505,1502,1500,1520,1505,1500,988,8.3
2025-05-10,18:26:53.050,-85,-85,10,4109,160,40,1,15,0,8,271,-1,7,354,-8,519,516,-1,-1,-1,-1,0x1020480010840204,1512,1501,1500,1500,2012,1500,1503,1500,1500,1499,988,1500,1500,1500,1500,1500,1500,1500,1500,2012,1500,1555,1500,2012,1500,1505,1503,1500,1520,1505,1500,988,8.3
2025-05-10,18:26:53.550,-86,-84,10,4109,150,40,1,15,0,8,271,-2,7,354,-8,519,516,-1,-1,-1,-1,0x1020480010840204,1512,1501,1500,1500,2012,1499,1503,1500,1500,1500,988,1500,1500,1500,1500,1500,1500,1500,1500,2012,1500,1555,1500,2012,1500,1505,1502,1500,1520,1505,1500,988,8.3
2025-05-10,18:26:54.050,-85,-84,10,4110,160,40,1,15,0,8,271,-2,7,354,-8,519,516,-1,-1,-1,-1,0x1020480010840204,1512,1501,1500,1500,2012,1499,1503,1500,1500,1499,988,1500,1500,1500,1500,1500,1500,1500,1500,2012,1500,1555,1500,2012,1500,1505,1502,1500,1520,1505,1500,988,8.3
2025-05-10,18:26:54.550,-86,-82,10,4110,160,40,1,15,0,8,271,-1,7,354,-8,519,515,-1,-1,-1,-1,0x1020480010840204,1512,1501,1500,1500,2012,1500,1503,1500,1500,1500,988,1500,1500,1500,1500,1500,1500,1500,1500,2012,1500,1555,1500,2012,1500,1505,1503,1500,1520,1505,1500,988,8.3
2025-05-10,18:26:55.050,-84,-85,10,4110,160,40,1,15,0,8,271,-2,7,354,-8,519,515,-1,-1,-1,-1,0x1020480010840204,1512,1501,1500,1500,2012,1499,1503,1500,1500,1499,988,1500,1500,1500,1500,1500,1500,1500,1500,2012,1500,1555,1500,2012,1500,1505,1502,1500,1520,1505,1500,988,8.3
2025-05-10,18:26:55.550,-84,-83,10,4111,150,40,1,15,0,8,271,-2,6,354,-8,519,516,-1,-1,-1,-1,0x1020480010840204,1512,1501,1500,1500,2012,1499,1503,1500,1500,1500,988,1500,1500,1500,1500,1500,1500,1500,1500,2012,1500,1555,1500,2012,1500,1505,1503,1500,1520,1505,1500,988,8.3
2025-05-10,18:26:56.050,-85,-85,10,4111,160,40,1,15,0,8,271,-1,6,354,-8,519,516,-1,-1,-1,-1,0x1020480010840204,1512,1501,1500,1500,2012,1500,1503,1500,1500,1499,988,1500,1500,1500,1500,1500,1500,1500,1500,2012,1500,1555,1500,2012,1500,1505,1503,1500,1520,1505,1500,988,8.3
2025-05-10,18:26:56.550,-86,-85,10,4111,160,40,1,15,0,8,271,-2,7,354,-8,519,516,-1,-1,-1,-1,0x1020480010840204,1512,1501,1500,1500,2012,1499,1503,1500,1500,1499,988,1500,1500,1500,1500,1500,1500,1500,1500,2012,1500,1555,1500,2012,1500,1505,1503,1500,1520,1505,1500,988,8.3
2025-05-10,18:26:57.050,-86,-84,10,4112,150,40,1,15,0,8,271,-2,7,354,-8,519,515,-1,-1,-1,-1,0x1020480010840204,1512,1501,1500,1500,2012,1499,1503,1500,1500,1499,988,1500,1500,1500,1500,1500,1500,1500,1500,2012,1500,1555,1500,2012,1500,1505,1502,1500,1520,1505,1500,988,8.3
2025-05-10,18:26:57.550,-85,-82,10,4112,150,40,1,15,0,8,271,-2,7,354,-9,519,516,-1,-1,-1,-1,0x1020480010840204,1512,1501,1500,1500,2012,1499,1503,1500,1500,1499,988,1500,1500,1500,1500,1500,1500,1500,1500,2012,1500,1555,1500,2012,1500,1505,1503,1500,1520,1505,1500,988,8.3
2025-05-10,18:26:58.050,-85,-81,10,4112,140,40,1,15,0,8,271,-2,6,354,-8,519,515,-1,-1,-1,-1,0x1020480010840204,1512,1501,1500,1500,2012,1499,1503,1500,1500,1499,988,1500,1500,1500,1500,1500,1500,1500,1500,2012,1500,1555,1500,2012,1500,1505,1503,1500,1520,1505,1500,988,8.3
2025-05-10,18:26:58.550,-85,-84,10,4112,150,40,1,15,0,8,271,-2,7,354,-8,519,515,-1,-1,-1,-1,0x1020480010840204,1512,1501,1500,1500,2012,1499,1503,1500,1500,1499,988,1500,1500,1500,1500,1500,1500,1500,1500,2012,1500,1555,1500,2012,1500,1505,1503,1500,1520,1505,1500,988,8.3
2025-05-10,18:26:59.050,-86,-84,10,4113,150,40,1,15,0,8,271,-2,7,354,-8,519,516,-1,-1,-1,-1,0x1020480010840204,1512,1501,1500,1500,2012,1499,1503,1500,1500,1499,988,1500,1500,1500,1500,1500,1500,1500,1500,2012,1500,1555,1500,2012,1500,1505,1503,1500,1520,1505,1500,988,8.3
2025-05-10,18:26:59.550,-85,-79,10,4113,160,40,1,15,0,8,271,-2,6,354,-9,519,516,-1,-1,-1,-1,0x1020480010840204,1512,1501,1500,1500,2012,1499,1503,1500,1500,1499,988,1500,1500,1500,1500,1500,1500,1500,1500,2012,1500,1555,1500,2012,1500,1505,1502,1500,1520,1505,1500,988,8.3
2025-05-10,18:27:00.050,-85,-92,10,4113,150,40,1,15,0,8,271,-1,7,354,-9,519,516,-1,-1,-1,-1,0x1020480010840204,1512,1501,1500,1500,2012,1500,1503,1500,1500,1500,988,1500,1500,1500,1500,1500,1500,1500,1500,2012,1500,1555,1500,2012,1500,1505,1503,1500,1520,1505,1500,988,8.3
2025-05-10,18:27:00.550,-85,-92,10,4113,150,40,1,15,0,8,271,-2,6,354,-9,518,516,-1,-1,-1,-1,0x1020480010840204,1512,1501,1500,1500,2012,1499,1503,1500,1500,1499,988,1500,1500,1500,1500,1500,1500,1500,1500,2012,1500,1555,1500,2012,1500,1505,1503,1500,1520,1505,1500,988,8.3
2025-05-10,18:27:01.050,-87,-85,10,4114,150,40,1,15,0,8,271,-2,7,354,-8,519,516,-1,-1,-1,-1,0x1020480010840204,1512,1501,1500,1500,2012,1499,1503,1500,1500,1499,988,1500,1500,1500,1500,1500,1500,1500,1500,2012,1500,1555,1500,2012,1500,1505,1503,1500,1520,1505,1500,988,8.3
2025-05-10,18:27:01.550,-84,-85,10,4114,160,40,1,15,0,8,271,-1,6,354,-8,519,516,-1,-1,-1,-1,0x1020480010840204,1512,1501,1500,1500,2012,1500,1503,1500,1500,1500,988,1500,1500,1500,1500,1500,1500,1500,1500,2012,1500,1555,1500,2012,1500,1505,1502,1500,1520,1505,1500,988,8.3
2025-05-10,18:27:02.050,-84,-85,10,4114,150,40,1,15,0,8,271,-1,7,354,-8,519,516,-1,-1,-1,-1,0x1020480010840204,1512,1501,1500,1500,2012,1500,1503,1500,1500,1500,988,1500,1500,1500,1500,1500,1500,1500,1500,2012,1500,1555,1500,2012,1500,1505,1502,1500,1520,1505,1500,988,8.3
2025-05-10,18:27:02.550,-84,-83,10,4115,160,40,1,15,0,8,271,-1,6,354,-8,519,516,-1,-1,-1,-1,0x1020480010840204,1512,1501,1500,1500,2012,1500,1503,1500,1500,1500,988,1500,1500,1500,1500,1500,1500,1500,1500,2012,1500,1555,1500,2012,1500,1505,1502,1500,1520,1505,1500,988,8.3
2025-05-10,18:27:03.050,-86,-85,10,4115,160,40,1,15,0,8,271,-1,7,354,-9,519,515,-1,-1,-1,-1,0x1020480010840204,1512,1501,1500,1500,2012,1500,1503,1500,1500,1500,988,1500,1500,1500,1500,1500,1500,1500,1500,2012,1500,1555,1500,2012,1500,1505,1503,1500,1520,1505,1500,988,8.3
2025-05-10,18:27:03.550,-87,-84,10,4115,140,40,1,15,0,8,271,-1,7,354,-8,519,516,-1,-1,-1,-1,0x1020480010840204,1512,1501,1500,1500,2012,1500,1503,1500,1500,1500,988,1500,1500,1500,1500,1500,1500,1500,1500,2012,1500,1555,1500,2012,1500,1505,1503,1500,1520,1505,1500,988,8.3
2025-05-10,18:27:04.050,-85,-84,10,4115,150,40,1,15,0,8,271,-2,7,354,-8,519,515,-1,-1,-1,-1,0x1020480010840204,1512,1501,1500,1500,2012,1499,1503,1500,1500,1500,988,1500,1500,1500,1500,1500,1500,1500,1500,2012,1500,1555,1500,2012,1500,1505,1503,1500,1520,1505,1500,988,8.3
2025-05-10,18:27:04.550,-86,-95,10,4115,150,40,1,15,0,8,271,-1,7,354,-8,519,516,-1,-1,-1,-1,0x1020480010840204,1512,1501,1500,1500,2012,1500,1503,1500,1500,1500,988,1500,1500,1500,1500,1500,1500,1500,1500,2012,1500,1555,1500,2012,1500,1505,1503,1500,1520,1505,1500,988,8.3
2025-05-10,18:27:05.050,-84,-84,10,4116,160,40,1,15,0,8,271,-2,7,354,-8,519,516,-1,-1,-1,-1,0x1020480010840204,1512,1501,1500,1500,2012,1499,1503,1500,1500,1499,988,1500,1500,1500,1500,1500,1500,1500,1500,2012,1500,1555,1500,2012,1500,1505,1503,1500,1520,1505,1500,988,8.3
2025-05-10,18:27:05.550,-82,-88,10,4116,150,40,1,15,0,8,271,-2,6,354,-8,519,515,-1,-1,-1,-1,0x1020480010840204,1512,1501,1500,1500,2012,1499,1503,1500,1500,1499,988,1500,1500,1500,1500,1500,1500,1500,1500,2012,1500,1555,1500,2012,1500,1505,1503,1500,1520,1505,1500,988,8.3
2025-05-10,18:27:06.050,-85,-81,10,4116,150,40,1,15,0,8,271,-1,7,354,-9,519,516,-1,-1,-1,-1,0x1020480010840204,1512,1501,1500,1500,2012,1500,1503,1500,1500,1500,988,1500,1500,1500,1500,1500,1500,1500,1500,2012,1500,1555,1500,2012,1500,1505,1503,1500,1520,1505,1500,988,8.3
2025-05-10,18:27:06.550,-87,-87,10,4116,160,40,1,15,0,8,271,0,7,354,-9,519,515,-1,-1,-1,-1,0x1020480010840204,1512,1501,1500,1500,2012,1500,1503,1500,1500,1500,988,1500,1500,1500,1500,1500,1500,1500,1500,2012,1500,1555,1500,2012,1500,1505,1503,1500,1520,1505,1500,988,8.3
2025-05-10,18:27:07.050,-87,-81,25,4116,150,40,1,15,0,8,271,-1,7,354,-9,519,515,-1,-1,-1,-1,0x1020480010840204,1512,1501,1500,1500,2012,1500,1503,1500,1500,1500,988,1500,1500,1500,1500,1500,1500,1500,1500,2012,1500,1555,1500,2012,1500,1505,1503,1500,1520,1505,1500,988,8.3
2025-05-10,18:27:07.550,-85,-78,25,4117,150,40,1,15,0,8,271,-2,7,354,-8,519,516,-1,-1,-1,-1,0x1020480010840204,1512,1501,1500,1500,2012,1499,1503,1500,1500,1499,988,1500,1500,1500,1500,1500,1500,1500,1500,2012,1500,1555,1500,2012,1500,1505,1503,1500,1520,1505,1500,988,8.3
2025-05-10,18:27:08.050,-82,-91,25,4117,160,40,1,15,0,8,271,-1,7,354,-9,519,515,-1,-1,-1,-1,0x1020480010840204,1512,1501,1500,1500,2012,1500,1503,1500,1500,1500,988,1500,1500,1500,1500,1500,1500,1500,1500,2012,1500,1555,1500,2012,1500,1505,1503,1500,1520,1505,1500,988,8.3
2025-05-10,18:27:08.550,-79,-78,25,4117,150,40,1,15,0,8,271,-1,7,354,-8,519,515,-1,-1,-1,-1,0x1020480010840204,1512,1501,1500,1500,2012,1500,1503,1500,1500,1500,988,1500,1500,1500,1500,1500,1500,1500,1500,2012,1500,1555,1500,2012,1500,1505,1503,1500,1520,1505,1500,988,8.3
2025-05-10,18:27:09.050,-83,-84,25,4117,150,40,1,15,0,8,271,-1,7,354,-8,519,516,-1,-1,-1,-1,0x1020480010840204,1512,1501,1500,1500,2012,1500,1503,1500,1500,1500,988,1500,1500,1500,1500,1500,1500,1500,1500,2012,1500,1555,1500,2012,1500,1505,1503,1500,1520,1505,1500,988,8.3
2025-05-10,18:27:09.550,-87,-80,25,4118,150,40,1,15,0,8,271,-1,7,354,-8,519,516,-1,-1,-1,-1,0x1020480010840204,1512,1501,1500,1500,2012,1500,1503,1500,1500,1500,988,1500,1500,1500,1500,1500,1500,1500,1500,2012,1500,1555,1500,2012,1500,1505,1503,1500,1520,1505,1500,988,8.3
2025-05-10,18:27:10.050,-82,-78,10,4118,150,40,1,15,0,8,271,-1,7,354,-9,519,516,-1,-1,-1,-1,0x1020480010840204,1512,1501,1500,1500,2012,1500,1503,1500,1500,1500,988,1500,1500,1500,1500,1500,1500,1500,1500,2012,1500,1555,1500,2012,1500,1505,1503,1500,1520,1505,1500,988,8.3
2025-05-10,18:27:10.550,-92,-88,10,4118,140,40,1,15,0,8,271,-2,7,354,-8,519,516,-1,-1,-1,-1,0x1020480010840204,1512,1501,1500,1500,2012,1499,1503,1500,1500,1499,988,1500,1500,1500,1500,1500,1500,1500,1500,2012,1500,1555,1500,2012,1500,1505,1503,1500,1520,1505,1500,988,8.3
2025-05-10,18:27:11.050,-86,-86,10,4118,150,40,1,15,0,8,271,-1,6,354,-8,519,516,-1,-1,-1,-1,0x1020480010840204,1512,1501,1500,1500,2012,1500,1503,1500,1500,1500,988,1500,1500,1500,1500,1500,1500,1500,1500,2012,1500,1555,1500,2012,1500,1505,1503,1500,1520,1505,1500,988,8.3
2025-05-10,18:27:11.550,-91,-83,10,4118,150,40,1,15,0,8,272,-1,7,354,-8,519,516,-1,-1,-1,-1,0x1020480010840204,1512,1501,1500,1500,2012,1500,1503,1500,1500,1499,988,1500,1500,1500,1500,1500,1500,1500,1500,2012,1500,1555,1500,2012,1500,1505,1502,1500,1520,1505,1500,988,8.3
2025-05-10,18:27:12.050,-84,-90,10,4118,150,40,1,15,0,8,272,-1,7,354,-9,519,516,-1,-1,-1,-1,0x1020480010840204,1512,1501,1500,1500,2012,1500,1503,1500,1500,1500,988,1500,1500,1500,1500,1500,1500,1500,1500,2012,1500,1555,1500,2012,1500,1505,1503,1500,1520,1505,1500,988,8.3
2025-05-10,18:27:12.550,-87,-85,10,4119,160,40,1,15,0,8,272,-1,7,354,-8,519,516,-1,-1,-1,-1,0x1020480010840204,1512,1501,1500,1500,2012,1500,1503,1500,1500,1500,988,1500,1500,1500,1500,1500,1500,1500,1500,2012,1500,1555,1500,2012,1500,1505,1503,1500,1520,1505,1500,988,8.3
2025-05-10,18:27:13.060,-85,-82,10,4119,150,40,1,15,0,8,272,-2,6,354,-9,519,516,-1,-1,-1,-1,0x1020480010840204,1512,1501,1500,1500,2012,1499,1503,1500,1500,1500,988,1500,1500,1500,1500,1500,1500,1500,1500,2012,1500,1555,1500,2012,1500,1505,1503,1500,1520,1505,1500,988,8.3
2025-05-10,18:27:13.550,-84,-83,10,4119,160,40,1,15,0,8,272,-1,6,354,-8,519,516,-1,-1,-1,-1,0x1020480010840204,1512,1501,1500,1500,2012,1500,1503,1500,1500,1500,988,1500,1500,1500,1500,1500,1500,1500,1500,2012,1500,1555,1500,2012,1500,1505,1502,1500,1520,1505,1500,988,8.3
2025-05-10,18:27:14.050,-86,-87,10,4119,150,40,1,15,0,8,272,-1,7,354,-8,519,515,-1,-1,-1,-1,0x1020480010840204,1512,1501,1500,1500,2012,1500,1503,1500,1500,1500,988,1500,1500,1500,1500,1500,1500,1500,1500,2012,1500,1555,1500,2012,1500,1505,1503,1500,1520,1505,1500,988,8.3
2025-05-10,18:27:14.550,-89,-84,10,4119,160,40,1,15,0,8,272,-1,6,354,-9,519,516,-1,-1,-1,-1,0x1020480010840204,1512,1501,1500,1500,2012,1500,1503,1500,1500,1500,988,1500,1500,1500,1500,1500,1500,1500,1500,2012,1500,1555,1500,2012,1500,1505,1502,1500,1520,1505,1500,988,8.3
2025-05-10,18:27:15.050,-85,-88,10,4119,140,40,1,15,0,8,272,-1,7,354,-9,519,516,-1,-1,-1,-1,0x1020480010840204,1512,1501,1500,1500,2012,1500,1503,1500,1500,1500,988,1500,1500,1500,1500,1500,1500,1500,1500,2012,1500,1555,1500,2012,1500,1505,1503,1500,1520,1505,1500,988,8.3
2025-05-10,18:27:15.550,-83,-80,10,4120,150,40,1,15,0,8,272,-1,7,354,-8,519,515,-1,-1,-1,-1,0x1020480010840204,1512,1501,1500,1500,2012,1500,1503,1500,1500,1500,988,1500,1500,1500,1500,1500,1500,1500,1500,2012,1500,1555,1500,2012,1500,1505,1503,1500,1520,1505,1500,988,8.3
2025-05-10,18:27:16.050,-81,-86,25,4120,160,40,1,15,0,8,272,-1,7,354,-9,519,516,-1,-1,-1,-1,0x1020480010840204,1512,1501,1500,1500,2012,1500,1503,1500,1500,1500,988,1500,1500,1500,1500,1500,1500,1500,1500,2012,1500,1555,1500,2012,1500,1505,1503,1500,1520,1505,1500,988,8.3
2025-05-10,18:27:16.550,-83,-85,25,4120,150,40,1,15,0,8,272,-1,7,354,-9,519,516,-1,-1,-1,-1,0x1020480010840204,1512,1501,1500,1500,2012,1500,1503,1500,1500,1500,988,1500,1500,1500,1500,1500,1500,1500,1500,2012,1500,1555,1500,2012,1500,1505,1503,1500,1520,1505,1500,988,8.3
2025-05-10,18:27:17.050,-86,-90,25,4120,150,40,1,15,0,8,272,-1,6,354,-9,519,516,-1,-1,-1,-1,0x1020480010840204,1512,1501,1500,1500,2012,1500,1503,1500,1500,1500,988,1500,1500,1500,1500,1500,1500,1500,1500,2012,1500,1555,1500,2012,1500,1505,1503,1500,1520,1505,1500,988,8.3
2025-05-10,18:27:17.550,-85,-90,25,4120,150,40,1,15,0,8,272,-1,7,354,-8,519,515,-1,-1,-1,-1,0x1020480010840204,1512,1501,1500,1500,2012,1500,1503,1500,1500,1500,988,1500,1500,1500,1500,1500,1500,1500,1500,2012,1500,1555,1500,2012,1500,1505,1503,1500,1520,1505,1500,988,8.3
2025-05-10,18:27:18.050,-85,-90,25,4120,140,40,1,15,0,8,272,-1,7,354,-8,519,516,-1,-1,-1,-1,0x1020480010840204,1512,1501,1500,1500,2012,1500,1503,1500,1500,1499,988,1500,1500,1500,1500,1500,1500,1500,1500,2012,1500,1555,1500,2012,1500,1505,1503,1500,1520,1505,1500,988,8.3
2025-05-10,18:27:18.560,-87,-92,25,4120,150,40,1,15,0,8,272,-2,7,354,-9,519,516,-1,-1,-1,-1,0x1020480010840204,1512,1501,1500,1500,2012,1499,1503,1500,1500,1499,988,1500,1500,1500,1500,1500,1500,1500,1500,2012,1500,1555,1500,2012,1500,1505,1503,1500,1520,1505,1500,988,8.3
2025-05-10,18:27:19.050,-85,-84,10,4121,160,40,1,15,0,8,272,-1,7,354,-9,519,516,-1,-1,-1,-1,0x1020480010840204,1512,1501,1500,1500,2012,1500,1503,1500,1500,1500,988,1500,1500,1500,1500,1500,1500,1500,1500,2012,1500,1555,1500,2012,1500,1505,1503,1500,1520,1505,1500,988,8.3
2025-05-10,18:27:19.560,-95,-90,10,4121,160,40,1,15,0,8,272,-2,7,354,-8,519,516,-1,-1,-1,-1,0x1020480010840204,1512,1501,1500,1500,2012,1499,1503,1500,1500,1499,988,1500,1500,1500,1500,1500,1500,1500,1500,2012,1500,1555,1500,2012,1500,1505,1503,1500,1520,1505,1500,988,8.3
2025-05-10,18:27:20.060,-95,-87,10,4121,140,40,1,15,0,8,272,-1,7,354,-8,519,516,-1,-1,-1,-1,0x1020480010840204,1512,1501,1500,1500,2012,1500,1503,1500,1500,1500,988,1500,1500,1500,1500,1500,1500,1500,1500,2012,1500,1555,1500,2012,1500,1505,1503,1500,1520,1505,1500,988,8.3
2025-05-10,18:27:20.560,-86,-84,10,4121,150,40,1,15,0,8,272,-1,7,354,-9,519,515,-1,-1,-1,-1,0x1020480010840204,1512,1501,1500,1500,2012,1500,1503,1500,1500,1500,988,1500,1500,1500,1500,1500,1500,1500,1500,2012,1500,1555,1500,2012,1500,1505,1503,1500,1520,1505,1500,988,8.3
2025-05-10,18:27:21.060,-93,-83,10,4121,150,40,1,15,0,8,272,-1,7,354,-8,519,515,-1,-1,-1,-1,0x1020480010840204,1512,1501,1500,1500,2012,1500,1503,1500,1500,1500,988,1500,1500,1500,1500,1500,1500,1500,1500,2012,1500,1555,1500,2012,1500,1505,1503,1500,1520,1505,1500,988,8.3
2025-05-10,18:27:21.560,-84,-83,25,4121,150,40,1,15,0,8,272,-1,7,354,-8,519,516,-1,-1,-1,-1,0x1020480010840204,1512,1501,1500,1500,2012,1500,1503,1500,1500,1500,988,1500,1500,1500,1500,1500,1500,1500,1500,2012,1500,1555,1500,2012,1500,1505,1503,1500,1520,1505,1500,988,8.3
2025-05-10,18:27:22.050,-84,-83,25,4121,140,40,1,15,0,8,272,-1,7,354,-8,519,515,-1,-1,-1,-1,0x1020480010840204,1512,1501,1500,1500,2012,1500,1503,1500,1500,1500,988,1500,1500,1500,1500,1500,1500,1500,1500,2012,1500,1555,1500,2012,1500,1505,1503,1500,1520,1505,1500,988,8.3
2025-05-10,18:27:22.560,-87,-83,10,4122,150,40,1,15,0,8,272,-2,7,354,-8,519,516,-1,-1,-1,-1,0x1020480010840204,1512,1501,1500,1500,2012,1499,1503,1500,1500,1499,988,1500,1500,1500,1500,1500,1500,1500,1500,2012,1500,1555,1500,2012,1500,1505,1503,1500,1520,1505,1500,988,8.3
2025-05-10,18:27:23.060,-87,-85,10,4122,150,40,1,15,0,8,272,-1,7,354,-9,519,516,-1,-1,-1,-1,0x1020480010840204,1512,1501,1500,1500,2012,1500,1503,1500,1500,1500,988,1500,1500,1500,1500,1500,1500,1500,1500,2012,1500,1555,1500,2012,1500,1505,1503,1500,1520,1505,1500,988,8.3
2025-05-10,18:27:23.540,-88,-85,10,4122,160,40,1,15,0,8,272,-1,7,354,-8,519,515,-1,-1,-1,-1,0x1020480010840204,1512,1501,1500,1500,2012,1500,1503,1500,1500,1500,988,1500,1500,1500,1500,1500,1500,1500,1500,2012,1500,1555,1500,2012,1500,1505,1503,1500,1520,1505,1500,988,8.3
2025-05-10,18:27:24.020,-90,-78,10,4122,160,40,1,15,0,8,272,-1,7,354,-8,519,516,-1,-1,-1,-1,0x1020480010840204,1512,1501,1500,1500,2012,1500,1503,1500,1500,1500,988,1500,1500,1500,1500,1500,1500,1500,1500,2012,1500,1555,1500,2012,1500,1505,1503,1500,1520,1505,1500,988,8.3
2025-05-10,18:27:24.520,-87,-80,10,4122,150,40,1,15,0,8,272,-2,7,354,-9,519,516,-1,-1,-1,-1,0x1020480010840204,1512,1501,1500,1500,2012,1499,1503,1500,1500,1500,988,1500,1500,1500,1500,1500,1500,1500,1500,2012,1500,1555,1500,2012,1500,1505,1503,1500,1520,1505,1500,988,8.3
2025-05-10,18:27:25.020,-85,-87,50,4122,150,40,1,15,0,8,272,-1,7,354,-9,519,515,-1,-1,-1,-1,0x1020480010840204,1512,1501,1500,1500,2012,1500,1503,1500,1500,1499,988,1500,1500,1500,1500,1500,1500,1500,1500,2012,1500,1555,1500,2012,1500,1505,1503,1500,1520,1505,1500,988,8.3
2025-05-10,18:27:25.520,-83,-87,50,4122,150,40,1,15,0,8,272,-1,7,354,-8,519,515,-1,-1,-1,-1,0x1020480010840204,1512,1501,1500,1500,2012,1500,1503,1500,1500,1499,988,1500,1500,1500,1500,1500,1500,1500,1500,2012,1500,1555,1500,2012,1500,1505,1503,1500,1520,1505,1500,988,8.3
2025-05-10,18:27:26.010,-88,-84,10,4123,150,40,1,15,0,8,272,-1,7,354,-9,519,515,-1,-1,-1,-1,0x1020480010840204,1512,1501,1500,1500,2012,1500,1503,1500,1500,1500,988,1500,1500,1500,1500,1500,1500,1500,1500,2012,1500,1555,1500,2012,1500,1505,1503,1500,1520,1505,1500,988,8.3
2025-05-10,18:27:26.520,-96,-86,10,4123,160,40,1,15,0,8,272,-2,7,354,-8,519,516,-1,-1,-1,-1,0x1020480010840204,1512,1501,1500,1500,2012,1499,1503,1500,1500,1500,988,1500,1500,1500,1500,1500,1500,1500,1500,2012,1500,1555,1500,2012,1500,1505,1503,1500,1520,1505,1500,988,8.3
2025-05-10,18:27:27.020,-92,-86,10,4123,150,40,1,15,0,8,272,-1,6,354,-8,519,515,-1,-1,-1,-1,0x1020480010840204,1512,1501,1500,1500,2012,1500,1503,1500,1500,1500,988,1500,1500,1500,1500,1500,1500,1500,1500,2012,1500,1555,1500,2012,1500,1505,1502,1500,1520,1505,1500,988,8.3
2025-05-10,18:27:27.520,-82,-83,10,4123,150,40,1,15,0,8,272,-2,7,354,-8,519,516,-1,-1,-1,-1,0x1020480010840204,1512,1501,1500,1500,2012,1499,1503,1500,1500,1500,988,1500,1500,1500,1500,1500,1500,1500,1500,2012,1500,1555,1500,2012,1500,1505,1503,1500,1520,1505,1500,988,8.3
2025-05-10,18:27:28.020,-89,-86,10,4123,160,40,1,15,0,8,272,-1,7,354,-9,519,516,-1,-1,-1,-1,0x1020480010840204,1512,1501,1500,1500,2012,1500,1503,1500,1500,1500,988,1500,1500,1500,1500,1500,1500,1500,1500,2012,1500,1555,1500,2012,1500,1505,1503,1500,1520,1505,1500,988,8.3
2025-05-10,18:27:28.520,-87,-84,10,4123,140,40,1,15,0,8,272,-2,7,354,-8,519,516,-1,-1,-1,-1,0x1020480010840204,1512,1501,1500,1500,2012,1499,1503,1500,1500,1499,988,1500,1500,1500,1500,1500,1500,1500,1500,2012,1500,1555,1500,2012,1500,1505,1503,1500,1520,1505,1500,988,8.3
2025-05-10,18:27:29.020,-88,-86,10,4123,160,40,1,15,0,8,272,-2,7,354,-8,519,516,-1,-1,-1,-1,0x1020480010840204,1512,1501,1500,1500,2012,1499,1503,1500,1500,1500,988,1500,1500,1500,1500,1500,1500,1500,1500,2012,1500,1555,1500,2012,1500,1505,1503,1500,1520,1505,1500,988,8.3
2025-05-10,18:27:29.520,-83,-82,10,4123,150,40,1,15,0,8,272,-3,8,354,-8,519,516,-1,-1,-1,-1,0x1020480010840204,1512,1501,1500,1500,2012,1499,1504,1500,1500,1499,988,1500,1500,1500,1500,1500,1500,1500,1500,2012,1500,1555,1500,2012,1500,1506,1503,1500,1520,1505,1500,988,8.3
2025-05-10,18:27:30.020,-90,-81,10,4123,150,40,1,15,0,8,272,-2,8,354,-8,519,516,-1,-1,-1,-1,0x1020480010840204,1512,1501,1500,1500,2012,1499,1504,1500,1500,1499,988,1500,1500,1500,1500,1500,1500,1500,1500,2012,1500,1555,1500,2012,1500,1506,1503,1500,1520,1505,1500,988,8.3
2025-05-10,18:27:30.520,-84,-90,25,4124,150,40,1,15,0,8,272,-3,7,354,-8,519,516,-1,-1,-1,-1,0x1020480010840204,1512,1501,1500,1500,2012,1499,1503,1500,1500,1499,988,1500,1500,1500,1500,1500,1500,1500,1500,2012,1500,1555,1500,2012,1500,1505,1503,1500,1520,1505,1500,988,8.3
2025-05-10,18:27:31.020,-83,-83,10,4124,150,40,1,15,0,8,272,-2,7,354,-9,519,516,-1,-1,-1,-1,0x1020480010840204,1512,1501,1500,1500,2012,1499,1503,1500,1500,1499,988,1500,1500,1500,1500,1500,1500,1500,1500,2012,1500,1555,1500,2012,1500,1505,1503,1500,1520,1505,1500,988,8.3
2025-05-10,18:27:31.520,-83,-85,10,4124,150,40,1,15,0,8,272,-2,7,354,-9,519,516,-1,-1,-1,-1,0x1020480010840204,1512,1501,1500,1500,2012,1499,1503,1500,1500,1499,988,1500,1500,1500,1500,1500,1500,1500,1500,2012,1500,1555,1500,2012,1500,1505,1503,1500,1520,1505,1500,988,8.3
2025-05-10,18:27:32.010,-92,-82,25,4124,150,40,1,15,0,8,272,-1,7,354,-9,519,516,-1,-1,-1,-1,0x1020480010840204,1512,1501,1500,1500,2012,1500,1503,1500,1500,1499,988,1500,1500,1500,1500,1500,1500,1500,1500,2012,1500,1555,1500,2012,1500,1505,1502,1500,1520,1505,1500,988,8.3
2025-05-10,18:27:32.520,-84,-83,10,4124,150,40,1,15,0,8,272,-1,7,354,-8,519,516,-1,-1,-1,-1,0x1020480010840204,1512,1501,1500,1500,2012,1500,1503,1500,1500,1500,988,1500,1500,1500,1500,1500,1500,1500,1500,2012,1500,1555,1500,2012,1500,1505,1503,1500,1520,1505,1500,988,8.3
2025-05-10,18:27:33.020,-84,-83,10,4124,160,40,1,15,0,8,272,-1,7,354,-8,519,516,-1,-1,-1,-1,0x1020480010840204,1512,1501,1500,1500,2012,1500,1503,1500,1500,1500,988,1500,1500,1500,1500,1500,1500,1500,1500,2012,1500,1555,1500,2012,1500,1505,1503,1500,1520,1505,1500,988,8.3
2025-05-10,18:27:33.520,-85,-83,10,4124,140,40,1,15,0,8,272,-2,7,354,-9,519,516,-1,-1,-1,-1,0x1020480010840204,1512,1501,1500,1500,2012,1499,1503,1500,1500,1499,988,1500,1500,1500,1500,1500,1500,1500,1500,2012,1500,1555,1500,2012,1500,1505,1502,1500,1520,1505,1500,988,8.3
2025-05-10,18:27:34.020,-82,-83,50,4124,150,40,1,15,0,8,272,-2,7,354,-8,519,515,-1,-1,-1,-1,0x1020480010840204,1512,1501,1500,1500,2012,1499,1503,1500,1500,1499,988,1500,1500,1500,1500,1500,1500,1500,1500,2012,1500,1555,1500,2012,1500,1505,1503,1500,1520,1505,1500,988,8.3
2025-05-10,18:27:34.520,-87,-78,10,4124,150,40,1,15,0,8,272,-2,7,354,-9,519,516,-1,-1,-1,-1,0x1020480010840204,1512,1501,1500,1500,2012,1499,1503,1500,1500,1499,988,1500,1500,1500,1500,1500,1500,1500,1500,2012,1500,1555,1500,2012,1500,1505,1503,1500,1520,1505,1500,988,8.3
2025-05-10,18:27:35.020,-81,-82,25,4125,150,39,1,15,0,8,272,-2,7,354,-8,519,515,-1,-1,-1,-1,0x1020480010840204,1512,1501,1500,1500,2012,1499,1503,1500,1500,1499,988,1500,1500,1500,1500,1500,1500,1500,1500,2012,1500,1555,1500,2012,1500,1505,1503,1500,1520,1505,1500,988,8.3
2025-05-10,18:27:35.520,-84,-88,10,4125,160,39,1,15,0,8,272,-2,7,354,-9,519,516,-1,-1,-1,-1,0x1020480010840204,1512,1501,1500,1500,2012,1499,1503,1500,1500,1499,988,1500,1500,1500,1500,1500,1500,1500,1500,2012,1500,1555,1500,2012,1500,1505,1503,1500,1520,1505,1500,988,8.3
2025-05-10,18:27:36.010,-92,-87,10,4125,160,39,1,15,0,8,272,-1,7,354,-8,519,515,-1,-1,-1,-1,0x1020480010840204,1512,1501,1500,1500,2012,1500,1503,1500,1500,1499,988,1500,1500,1500,1500,1500,1500,1500,1500,2012,1500,1555,1500,2012,1500,1505,1503,1500,1520,1505,1500,988,8.3
2025-05-10,18:27:36.510,-92,-85,10,4125,160,39,1,15,0,8,272,-1,7,354,-8,519,515,-1,-1,-1,-1,0x1020480010840204,1512,1501,1500,1500,2012,1500,1503,1500,1500,1499,988,1500,1500,1500,1500,1500,1500,1500,1500,2012,1500,1555,1500,2012,1500,1505,1503,1500,1520,1505,1500,988,8.3
2025-05-10,18:27:37.010,-86,-84,10,4125,140,39,1,15,0,8,273,-1,7,354,-8,519,515,-1,-1,-1,-1,0x1020480010840204,1512,1501,1500,1500,2012,1500,1503,1500,1500,1500,988,1500,1500,1500,1500,1500,1500,1500,1500,2012,1500,1555,1500,2012,1500,1505,1503,1500,1520,1505,1500,988,8.3
2025-05-10,18:27:37.510,-95,-85,10,4125,150,39,1,15,0,8,273,-1,7,354,-8,519,516,-1,-1,-1,-1,0x1020480010840204,1512,1501,1500,1500,2012,1500,1503,1500,1500,1500,988,1500,1500,1500,1500,1500,1500,1500,1500,2012,1500,1555,1500,2012,1500,1505,1503,1500,1520,1505,1500,988,8.3
2025-05-10,18:27:38.010,-85,-80,10,4125,150,39,1,15,0,8,273,-1,6,354,-8,519,516,-1,-1,-1,-1,0x1020480010840204,1512,1501,1500,1500,2012,1500,1503,1500,1500,1500,988,1500,1500,1500,1500,1500,1500,1500,1500,2012,1500,1555,1500,2012,1500,1505,1502,1500,1520,1505,1500,988,8.3
2025-05-10,18:27:38.510,-85,-81,10,4125,160,39,1,15,0,8,273,-1,7,354,-8,519,516,-1,-1,-1,-1,0x1020480010840204,1512,1501,1500,1500,2012,1500,1503,1500,1500,1500,988,1500,1500,1500,1500,1500,1500,1500,1500,2012,1500,1555,1500,2012,1500,1505,1503,1500,1520,1505,1500,988,8.3
2025-05-10,18:27:39.010,-85,-80,10,4125,140,40,1,15,0,8,273,-1,7,354,-8,519,516,-1,-1,-1,-1,0x1020480010840204,1512,1501,1500,1500,2012,1500,1503,1500,1500,1500,988,1500,1500,1500,1500,1500,1500,1500,1500,2012,1500,1555,1500,2012,1500,1505,1503,1500,1520,1505,1500,988,8.3
2025-05-10,18:27:39.520,-87,-82,10,4125,180,39,1,15,0,8,273,-1,7,354,-9,519,516,-1,-1,-1,-1,0x1020480010840204,1512,1501,1500,1500,2012,1500,1503,1500,1500,1500,988,1500,1500,1500,1500,1500,1500,1500,1500,2012,1500,1555,1500,2012,1500,1505,1503,1500,1520,1505,1500,988,8.3
2025-05-10,18:27:40.010,-90,-73,10,4125,200,39,1,15,0,8,273,-2,7,354,-9,519,515,-1,-1,-1,-1,0x1020480010840204,1512,1501,1500,1500,2012,1499,1503,1500,1500,1500,988,1500,1500,1500,1500,1500,1500,1500,1500,2012,1500,1555,1500,2012,1500,1505,1503,1500,1520,1505,1500,988,8.3
2025-05-10,18:27:40.510,-90,-69,10,4126,170,40,1,15,0,8,273,-2,7,354,-9,519,516,-1,-1,-1,-1,0x1020480010840204,1512,1501,1500,1500,2012,1499,1503,1500,1500,1499,988,1500,1500,1500,1500,1500,1500,1500,1500,2012,1500,1555,1500,2012,1500,1505,1503,1500,1520,1505,1500,988,8.3
2025-05-10,18:27:41.010,-90,-69,10,4126,150,40,1,15,0,8,273,-2,6,354,-9,519,516,-1,-1,-1,-1,0x1020480010840204,1512,1501,1500,1500,2012,1499,1503,1500,1500,1499,988,1500,1500,1500,1500,1500,1500,1500,1500,2012,1500,1555,1500,2012,1500,1505,1502,1500,1520,1505,1500,988,8.3
2025-05-10,18:27:41.510,-79,-69,10,4126,180,40,1,15,0,8,273,-2,7,354,-8,519,516,-1,-1,-1,-1,0x1020480010840204,1512,1501,1500,1500,2012,1499,1503,1500,1500,1499,988,1500,1500,1500,1500,1500,1500,1500,1500,2012,1500,1555,1500,2012,1500,1505,1503,1500,1520,1505,1500,988,8.3
2025-05-10,18:27:42.010,-79,-68,10,4126,160,40,1,15,0,8,273,-2,7,354,-9,519,516,-1,-1,-1,-1,0x1020480010840204,1512,1501,1500,1500,2012,1499,1503,1500,1500,1500,988,1500,1500,1500,1500,1500,1500,1500,1500,2012,1500,1555,1500,2012,1500,1505,1503,1500,1520,1505,1500,988,8.3
2025-05-10,18:27:42.510,-75,-72,10,4126,200,40,1,15,0,8,273,-1,7,354,-9,519,515,-1,-1,-1,-1,0x1020480010840204,1512,1501,1500,1500,2012,1500,1503,1500,1500,1500,988,1500,1500,1500,1500,1500,1500,1500,1500,2012,1500,1555,1500,2012,1500,1505,1502,1500,1520,1505,1500,988,8.3
2025-05-10,18:27:43.010,-74,-77,10,4126,200,39,1,15,113,8,273,-2,7,354,-8,519,516,-1,-1,-1,-1,0x1020480010840204,1512,1501,1500,1500,2012,1499,1503,1500,1500,1499,988,1500,1500,1500,1500,1500,1500,1500,1500,2012,1500,1555,1500,2012,1500,1505,1503,1500,1520,1505,1500,988,8.3
2025-05-10,18:27:43.510,-76,-77,10,4126,150,40,1,15,419,8,273,-1,7,354,-9,519,516,-1,-1,-1,-1,0x1020480010840204,1512,1501,1500,1500,2012,1500,1503,1500,1500,1499,988,1500,1500,1500,1500,1500,1500,1500,1500,2012,1500,1555,1500,2012,1500,1505,1503,1500,1520,1505,1500,988,8.3
2025-05-10,18:27:44.010,-73,-80,10,4126,150,40,1,15,821,8,273,-2,7,354,-9,519,516,-1,-1,-1,-1,0x1020480010840204,1512,1501,1500,1500,2012,1499,1503,1500,1500,1499,988,1500,1500,1500,1500,1500,1500,1500,1500,2012,1500,1555,1500,2012,1500,1505,1502,1500,1520,1505,1500,988,8.3
2025-05-10,18:27:44.510,-79,-88,10,4126,210,40,1,15,1298,8,273,-2,9,354,-9,519,515,-1,-1,-1,-1,0x1020480010840204,1512,1501,1500,1500,2012,1499,1504,1500,1500,1499,988,1500,1500,1500,1500,1500,1500,1500,1500,2012,1500,1555,1500,2012,1500,1507,1503,1500,1520,1505,1500,988,8.3
2025-05-10,18:27:45.010,-87,-89,10,4126,190,40,1,15,2931,8,273,-2,337,354,-9,519,516,-1,-1,-1,-1,0x1020480010840204,1512,1543,1512,1500,2012,1499,1668,1500,1500,1499,988,1500,1500,1500,1500,1500,1500,1500,1372,1628,1500,1555,1500,2012,1500,1705,1607,1500,1520,1505,1500,988,8.3
2025-05-10,18:27:45.510,-84,-82,10,4126,1150,40,1,15,3613,8,273,-2,10,354,-9,519,515,-1,-1,-1,-1,0x1020480010840205,1512,1501,1589,1500,2012,1499,1505,1500,1500,1499,988,1500,1500,1500,1500,1500,1500,1500,1101,2012,1500,1555,1500,2012,1500,1507,1503,1500,1520,1505,1500,988,8.3
2025-05-10,18:27:46.010,-84,-79,10,4121,1150,40,1,15,3749,8,273,-1,12,354,-8,519,516,-1,-1,-1,-1,0x1020480010840205,1512,1502,1589,1500,2012,1500,1506,1500,1500,1500,988,1500,1500,1500,1500,1500,1500,1500,1219,1781,1500,1555,1500,2012,1500,1509,1504,1500,1520,1505,1500,988,8.3
2025-05-10,18:27:46.520,-85,-79,10,4121,4560,40,1,15,3780,8,274,81,501,354,-9,519,516,-1,-1,-1,-1,0x1020480014840205,1530,1575,1589,1500,2012,1540,1750,1500,1500,1540,988,1500,1500,1500,1500,1500,1500,1500,1372,1628,1500,1555,1500,2012,1500,1814,1689,1500,1520,1505,1500,988,8.3
2025-05-10,18:27:47.010,-78,-79,10,4112,3220,43,1,15,6305,8,275,478,686,354,-9,519,516,-1,-1,-1,-1,0x1020480014840205,1616,1602,1589,1500,2012,1739,1843,1500,1500,1733,988,1500,1500,1500,1500,1500,1500,1500,1372,1628,1500,1555,1500,2012,1500,1883,1756,1500,1520,1505,1500,988,8.3
2025-05-10,18:27:47.510,-79,-79,10,4102,11280,44,1,15,8989,8,275,275,732,354,-9,519,516,-1,-1,-1,-1,0x1020480014840205,1569,1626,1589,1500,2012,1637,1866,1500,1500,1626,988,1500,1500,1500,1500,1500,1500,1500,1372,1628,1500,1555,1500,2012,1500,1923,1814,1500,1520,1505,1500,988,8.3
2025-05-10,18:27:48.010,-78,-83,10,4096,5920,44,1,15,6399,8,276,660,689,354,-9,519,516,-1,-1,-1,-1,0x1020480014840205,1662,1610,1589,1500,2012,1830,1844,1500,1500,1830,988,1500,1500,1500,1500,1500,1500,1500,1372,1628,1500,1555,1500,2012,1500,1898,1774,1500,1520,1505,1500,988,8.3
2025-05-10,18:27:48.510,-76,-83,10,4099,13490,44,1,15,8387,8,277,84,905,354,-8,519,515,-1,-1,-1,-1,0x1020480014842205,1531,1663,1589,1500,2012,1542,1952,1500,1500,1542,988,1500,1500,1500,1500,1500,1500,1500,1372,1628,1500,1555,1500,2012,1500,1966,1907,1500,1520,1505,1500,988,8.3
2025-05-10,18:27:49.010,-80,-80,10,4103,1170,44,1,15,6431,8,278,193,20,354,-9,519,516,-1,-1,-1,-1,0x1020480014840205,1556,1501,1589,1500,2012,1591,1510,1500,1500,1597,988,1500,1500,1500,1500,1500,1500,1500,1080,2012,1500,1555,1500,2012,1500,1507,1503,1500,1520,1505,1500,988,8.3
2025-05-10,18:27:49.510,-87,-76,10,4112,2120,44,1,15,5954,8,278,248,569,354,-9,519,516,-1,-1,-1,-1,0x1020480014840205,1571,1583,1589,1500,2012,1624,1784,1500,1500,1630,988,1500,1500,1500,1500,1500,1500,1500,1372,1628,1500,1555,1500,2012,1500,1839,1709,1500,1520,1505,1500,988,8.3
2025-05-10,18:27:50.010,-87,-79,10,4112,4910,44,1,15,6182,8,278,-18,767,354,-9,519,516,-1,-1,-1,-1,0x1020480010840205,1512,1618,1589,1500,2012,1491,1884,1500,1500,1499,988,1500,1500,1500,1500,1500,1500,1500,1372,1628,1500,1555,1500,2012,1500,1919,1796,1500,1520,1505,1500,988,8.3
2025-05-10,18:27:50.510,-90,-79,10,4090,17990,44,1,15,9763,8,280,-44,1017,354,-9,519,515,-1,-1,-1,-1,0x1020480014842205,1502,1702,1589,1500,2012,1478,2008,1500,1500,1470,988,1500,1500,1500,1500,1500,1500,1500,1372,1628,1500,1555,1500,2012,1500,2004,1995,1500,1520,1505,1500,988,8.3
2025-05-10,18:27:51.010,-90,-78,10,4057,1100,44,1,15,10664,8,282,620,83,354,-8,519,516,-1,-1,-1,-1,0x1020480014840605,1651,1514,1589,1500,2012,1810,1541,1500,1500,1810,988,1500,1500,1500,1500,1500,1500,1500,1372,1628,1500,1555,1500,2012,1500,1563,1535,1500,1520,1505,1500,988,8.3
2025-05-10,18:27:51.510,-77,-80,10,4067,4600,44,1,15,9571,8,282,439,811,354,-9,519,516,-1,-1,-1,-1,0x1020480014840605,1620,1632,1589,1500,2012,1719,1905,1500,1500,1743,988,1500,1500,1500,1500,1500,1500,1500,1372,1628,1500,1555,1500,2012,1500,1931,1829,1500,1520,1505,1500,988,8.3
2025-05-10,18:27:52.010,-86,-79,10,4090,14470,44,1,15,10476,8,283,1,1020,354,-9,519,515,-1,-1,-1,-1,0x1020480010842605,1512,1703,1589,1500,2012,1500,2010,1500,1500,1500,988,1500,1500,1500,1500,1500,1500,1500,1372,1628,1500,1555,1500,2012,1500,2010,2007,1500,1520,1505,1500,988,8.3
2025-05-10,18:27:52.510,-86,-78,10,4064,14330,45,1,15,12945,9,285,-303,1021,354,-9,519,516,-1,-1,-1,-1,0x1020480014842605,1463,1704,1589,1500,2012,1348,2010,1500,1500,1361,988,1500,1500,1500,1500,1500,1500,1500,1372,1628,1500,1555,1500,2012,1500,2011,2009,1500,1520,1505,1500,988,8.3
2025-05-10,18:27:53.010,-80,-81,25,4047,14250,45,1,15,11968,9,286,-71,1022,354,-8,519,515,-1,-1,-1,-1,0x1020480014842605,1498,1704,1589,1500,2012,1465,2011,1500,1500,1459,988,1500,1500,1500,1500,1500,1500,1500,1372,1628,1500,1555,1500,2012,1500,2011,2009,1500,1520,1505,1500,988,8.3
2025-05-10,18:27:53.510,-82,-72,10,4061,1850,45,1,15,8894,9,287,677,272,354,-9,519,516,-1,-1,-1,-1,0x1020480014840605,1667,1535,1589,1500,2012,1838,1636,1500,1500,1839,988,1500,1500,1500,1500,1500,1500,1500,1372,1628,1500,1555,1500,2012,1500,1796,1587,1500,1520,1505,1500,988,8.3
2025-05-10,18:27:54.010,-82,-85,10,4082,11150,45,1,15,10178,9,288,-403,551,354,-9,519,515,-1,-1,-1,-1,0x1020480014840605,1435,1584,1589,1500,2012,1299,1775,1500,1500,1299,988,1500,1500,1500,1500,1500,1500,1500,1372,1628,1500,1555,1500,2012,1500,1901,1711,1500,1520,1505,1500,988,8.3
2025-05-10,18:27:54.510,-81,-80,10,4075,9440,45,1,15,10029,9,289,-270,983,354,-8,519,516,-1,-1,-1,-1,0x1020480014842605,1462,1692,1589,1500,2012,1365,1991,1500,1500,1360,988,1500,1500,1500,1500,1500,1500,1500,1372,1628,1500,1555,1500,2012,1500,1997,1977,1500,1520,1505,1500,988,8.3
2025-05-10,18:27:55.010,-91,-76,10,4063,1370,45,1,15,8465,9,290,1,580,354,-9,519,515,-1,-1,-1,-1,0x1020480010840205,1512,1571,1589,1500,2012,1500,1799,1500,1500,1500,988,1500,1500,1500,1500,1500,1500,1500,1372,1628,1500,1555,1500,2012,1500,1810,1679,1500,1520,1505,1500,988,8.3
2025-05-10,18:27:55.510,-68,-70,10,4073,2010,46,1,15,8083,9,291,653,751,354,-8,519,516,-1,-1,-1,-1,0x1020480014840205,1660,1612,1589,1500,2012,1826,1875,1500,1500,1827,988,1500,1500,1500,1500,1500,1500,1500,1372,1628,1500,1555,1500,2012,1500,1908,1781,1500,1520,1505,1500,988,8.3
2025-05-10,18:27:56.010,-75,-71,10,4081,21740,45,1,15,9471,9,292,223,1021,354,-9,519,515,-1,-1,-1,-1,0x1020480014842205,1546,1704,1589,1500,2012,1611,2010,1500,1500,1577,988,1500,1500,1500,1500,1500,1500,1500,1372,1628,1500,1555,1500,2012,1500,2010,2009,1500,1520,1505,1500,988,8.3
2025-05-10,18:27:56.510,-73,-73,10,4076,0,45,1,15,12053,9,293,-84,-721,354,-8,519,515,-1,-1,-1,-1,0x1020480016880205,1498,1323,1589,1498,2012,1458,1140,1321,1500,1459,988,1500,1500,1500,1500,1500,1500,1321,1018,2012,1500,1555,1500,988,1500,1360,1500,1500,1520,1505,1500,988,8.3
2025-05-10,18:27:57.010,-72,-73,10,4090,1040,45,1,15,4306,9,293,-522,3,354,-9,519,516,-1,-1,-1,-1,0x1020480014840205,1397,1500,1589,1500,2012,1239,1501,1500,1500,1228,988,1500,1500,1500,1500,1500,1500,1500,1372,2012,1500,1555,1500,988,1500,1502,1501,1500,1520,1505,1500,988,8.3
2025-05-10,18:27:57.510,-73,-70,10,4101,940,45,1,15,3413,9,293,-1,9,354,-9,519,516,-1,-1,-1,-1,0x1020480010840205,1512,1501,1589,1500,2012,1500,1504,1500,1500,1500,988,1500,1500,1500,1500,1500,1500,1500,1372,2012,1500,1555,1500,2012,1500,1507,1503,1500,1520,1505,1500,988,8.3
2025-05-10,18:27:58.010,-73,-73,10,4102,930,45,1,15,2685,9,293,-1,8,354,-8,519,516,-1,-1,-1,-1,0x1020480010840205,1512,1501,1589,1500,2012,1500,1504,1500,1500,1500,988,1500,1500,1500,1500,1500,1500,1500,1500,2012,1500,1555,1500,2012,1500,1507,1503,1500,1520,1505,1500,988,8.3
2025-05-10,18:27:58.510,-59,-75,10,4103,940,45,1,15,1990,9,294,-1,9,354,-9,519,515,-1,-1,-1,-1,0x1020480010840205,1512,1501,1589,1500,2012,1500,1504,1500,1500,1500,988,1500,1500,1500,1500,1500,1500,1500,1500,2012,1500,1555,1500,2012,1500,1507,1503,1500,1520,1505,1500,988,8.3
2025-05-10,18:27:59.010,-62,-75,10,4103,910,44,1,15,1265,9,294,-1,10,354,-9,519,516,-1,-1,-1,-1,0x1020480010840205,1512,1501,1589,1500,2012,1500,1505,1500,1500,1500,988,1500,1500,1500,1500,1500,1500,1500,1500,2012,1500,1555,1500,2012,1500,1508,1504,1500,1520,1505,1500,988,8.3
2025-05-10,18:27:59.510,-60,-75,10,4104,500,44,1,15,755,9,294,-1,11,354,-9,519,515,-1,-1,-1,-1,0x1020480010840205,1512,1501,1557,1500,2012,1500,1505,1500,1500,1500,988,1500,1500,1500,1500,1500,1500,1500,1500,2012,1500,1555,1500,2012,1500,1509,1504,1500,1520,1505,1500,988,8.3
2025-05-10,18:28:00.010,-60,-75,10,4105,200,44,1,15,383,9,294,-1,10,354,-9,519,515,-1,-1,-1,-1,0x1020480010840204,1512,1502,1500,1500,2012,1500,1505,1500,1500,1500,988,1500,1500,1500,1500,1500,1500,1500,1500,2012,1500,1555,1500,2012,1500,1508,1504,1500,1520,1505,1500,988,8.3
2025-05-10,18:28:00.510,-58,-75,10,4110,150,44,1,15,0,9,294,-2,10,354,-8,519,516,-1,-1,-1,-1,0x1020480010840204,1512,1502,1500,1500,2012,1500,1505,1500,1500,1500,988,1500,1500,1500,1500,1500,1500,1500,1500,2012,1500,1555,1500,2012,1500,1508,1504,1500,1520,1505,1500,988,8.3
2025-05-10,18:28:01.010,-59,-75,10,4111,150,40,1,15,0,9,294,-1,10,354,-9,519,516,-1,-1,-1,-1,0x1020480010840204,1512,1502,1500,1500,2012,1500,1505,1500,1500,1500,988,1500,1500,1500,1500,1500,1500,1500,1500,2012,1500,1555,1500,2012,1500,1508,1504,1500,1520,1505,1500,988,8.3
2025-05-10,18:28:01.510,-58,-75,10,4111,140,40,1,15,0,9,294,-1,11,354,-9,519,516,-1,-1,-1,-1,0x1020480010840204,1512,1502,1500,1500,2012,1500,1505,1500,1500,1500,988,1500,1500,1500,1500,1500,1500,1500,1500,2012,1500,1555,1500,2012,1500,1509,1504,1500,1520,1505,1500,988,8.3
2025-05-10,18:28:02.010,-59,-75,10,4112,150,40,1,15,0,9,294,-1,9,354,-8,519,516,-1,-1,-1,-1,0x1020480010840204,1512,1502,1500,1500,2012,1500,1504,1500,1500,1500,988,1500,1500,1500,1500,1500,1500,1500,1500,2012,1500,1555,1500,2012,1500,1507,1503,1500,1520,1505,1500,988,8.3
2025-05-10,18:28:02.510,-59,-75,10,4113,140,40,1,15,0,9,294,-1,9,354,-9,519,516,-1,-1,-1,-1,0x1020480010840204,1512,1502,1500,1500,2012,1500,1505,1500,1500,1500,988,1500,1500,1500,1500,1500,1500,1500,1500,2012,1500,1555,1500,2012,1500,1507,1504,1500,1520,1505,1500,988,8.3
2025-05-10,18:28:03.010,-57,-75,10,4113,150,40,1,15,0,9,294,-2,10,354,-8,519,516,-1,-1,-1,-1,0x1020480010840204,1512,1502,1500,1500,2012,1499,1505,1500,1500,1499,988,1500,1500,1500,1500,1500,1500,1500,1500,2012,1500,1555,1500,2012,1500,1508,1504,1500,1520,1505,1500,988,8.3
2025-05-10,18:28:03.510,-62,-65,10,4114,140,40,1,15,0,9,294,-1,12,354,-9,519,515,-1,-1,-1,-1,0x1020480010840204,1512,1503,1500,1500,2012,1500,1506,1500,1500,1500,988,1500,1500,1500,1500,1500,1500,1500,1500,2012,1500,1555,1500,2012,1500,1509,1505,1500,1520,1505,1500,988,8.3
2025-05-10,18:28:04.010,-65,-67,10,4114,4180,40,1,15,1465,9,294,-1024,332,354,-9,519,516,-1,-1,-1,-1,0x1020480014840205,1177,1571,1568,1500,2012,988,1666,1500,1500,988,988,1500,1500,1500,1500,1500,1500,1500,1372,1628,1500,1555,1500,2012,1500,1722,1619,1500,1520,1505,1500,988,8.3
2025-05-10,18:28:04.510,-54,-67,10,4108,5770,40,1,15,3716,9,295,-371,444,354,-9,519,516,-1,-1,-1,-1,0x1020480014840A05,1430,1595,1589,1500,2012,1321,1722,1500,1500,1288,988,1500,1500,1500,1500,1500,1500,1500,1372,1628,1500,1555,1500,2012,1500,1775,1659,1500,1520,1505,1500,988,8.3
2025-05-10,18:28:05.010,-52,-67,10,4085,8180,41,1,15,7147,9,296,-597,768,354,-9,519,516,-1,-1,-1,-1,0x1020480014840205,1374,1674,1589,1500,2012,1202,1884,1500,1500,1190,988,1500,1500,1500,1500,1500,1500,1500,1372,1628,1500,1555,1500,2012,1500,1911,1790,1500,1520,1505,1500,988,8.3
2025-05-10,18:28:05.510,-55,-67,10,4068,32470,44,1,15,14974,9,298,-189,953,354,-9,519,516,-1,-1,-1,-1,0x1020480014842205,1479,1772,1589,1500,2012,1406,1976,1500,1500,1405,988,1500,1500,1500,1500,1500,1500,1500,1372,1628,1500,1555,1500,2012,1500,1987,1955,1500,1520,1505,1500,988,8.3
2025-05-10,18:28:06.010,-57,-58,10,4013,41400,44,1,15,18300,9,302,-406,1022,354,-9,519,516,-1,-1,-1,-1,0x1020480014842605,1434,1806,1589,1500,2012,1297,2011,1500,1500,1297,988,1500,1500,1500,1500,1500,1500,1500,1372,1628,1500,1555,1500,2012,1500,2011,2010,1500,1520,1505,1500,988,8.3
2025-05-10,18:28:06.510,-62,-62,10,4008,1930,45,1,15,11039,9,303,-676,501,354,-8,519,516,-1,-1,-1,-1,0x1020480014840E05,1359,1603,1589,1500,2012,1162,1750,1500,1500,1168,988,1500,1500,1500,1500,1500,1500,1500,1372,1628,1500,1555,1500,2012,1500,1794,1672,1500,1520,1505,1500,988,8.3
2025-05-10,18:28:07.010,-75,-70,10,4079,5270,45,1,15,6561,9,304,-751,514,354,-9,519,515,-1,-1,-1,-1,0x1020480014840E05,1330,1618,1589,1500,2012,1124,1757,1500,1500,1130,988,1500,1500,1500,1500,1500,1500,1500,1372,1628,1500,1555,1500,2012,1500,1819,1697,1500,1520,1505,1500,988,8.3
2025-05-10,18:28:07.510,-74,-71,10,4084,4690,45,1,15,6419,9,304,-645,434,354,-8,519,515,-1,-1,-1,-1,0x1020480014840E05,1371,1596,1589,1500,2012,1178,1717,1500,1500,1184,988,1500,1500,1500,1500,1500,1500,1500,1372,1628,1500,1555,1500,2012,1500,1777,1660,1500,1520,1505,1500,988,8.3
2025-05-10,18:28:08.010,-74,-71,10,4082,9600,45,1,15,6338,9,305,-169,542,354,-9,519,515,-1,-1,-1,-1,0x1020480014840E05,1469,1620,1589,1500,2012,1416,1771,1500,1500,1379,988,1500,1500,1500,1500,1500,1500,1500,1372,1628,1500,1555,1500,2012,1500,1829,1700,1500,1520,1505,1500,988,8.3
2025-05-10,18:28:08.510,-73,-71,10,4073,9780,45,1,15,8830,9,306,-61,847,354,-8,519,516,-1,-1,-1,-1,0x1020480014840605,1502,1698,1589,1500,2012,1470,1923,1500,1500,1470,988,1500,1500,1500,1500,1500,1500,1500,1372,1628,1500,1555,1500,2012,1500,1937,1830,1500,1520,1505,1500,988,8.3
2025-05-10,18:28:09.010,-74,-70,10,4041,38650,45,1,15,16347,9,310,0,1020,354,-9,519,515,-1,-1,-1,-1,0x1020480010842605,1512,1804,1589,1500,2012,1500,2010,1500,1500,1500,988,1500,1500,1500,1500,1500,1500,1500,1372,1628,1500,1555,1500,2012,1500,2010,2007,1500,1520,1505,1500,988,8.3
2025-05-10,18:28:09.510,-74,-69,10,4012,4910,45,1,15,14297,9,312,33,81,354,-8,519,516,-1,-1,-1,-1,0x1020480010840605,1516,1535,1589,1500,2012,1516,1540,1500,1500,1509,988,1500,1500,1500,1500,1500,1500,1500,1372,1628,1500,1555,1500,2012,1500,1713,1559,1500,1520,1505,1500,988,8.3
2025-05-10,18:28:10.010,-78,-73,10,4064,960,45,1,15,7017,9,312,522,150,354,-8,519,516,-1,-1,-1,-1,0x1020480014840205,1628,1529,1589,1500,2012,1761,1575,1500,1500,1760,988,1500,1500,1500,1500,1500,1500,1500,1372,1628,1500,1555,1500,2012,1500,1593,1548,1500,1520,1505,1500,988,8.3
2025-05-10,18:28:10.510,-78,-66,10,4080,3620,45,1,15,7063,9,313,673,520,354,-9,519,516,-1,-1,-1,-1,0x1020480014840205,1662,1605,1589,1500,2012,1836,1760,1500,1500,1831,988,1500,1500,1500,1500,1500,1500,1500,1372,1628,1500,1555,1500,2012,1500,1797,1675,1500,1520,1505,1500,988,8.3
2025-05-10,18:28:11.010,-70,-71,10,4074,22320,46,1,15,9466,9,314,752,617,354,-9,519,516,-1,-1,-1,-1,0x1020480014840205,1684,1652,1589,1500,2012,1876,1802,1500,1500,1870,988,1500,1500,1500,1500,1500,1500,1500,1372,1628,1500,1555,1500,2012,1500,1877,1754,1500,1520,1505,1500,988,8.3
2025-05-10,18:28:11.510,-66,-71,10,4053,8500,45,1,15,8287,9,315,427,770,354,-9,519,516,-1,-1,-1,-1,0x1020480014840205,1610,1679,1589,1500,2012,1713,1885,1500,1500,1719,988,1500,1500,1500,1500,1500,1500,1500,1372,1628,1500,1555,1500,2012,1500,1916,1799,1500,1520,1505,1500,988,8.3
2025-05-10,18:28:12.010,-70,-71,10,4028,12900,46,1,15,15695,10,318,174,847,354,-9,519,516,-1,-1,-1,-1,0x1020480014842205,1544,1721,1589,1500,2012,1587,1923,1500,1500,1571,988,1500,1500,1500,1500,1500,1500,1500,1372,1628,1500,1555,1500,2012,1500,1948,1868,1500,1520,1505,1500,988,8.3
2025-05-10,18:28:12.510,-68,-71,10,4003,37300,46,1,15,18986,10,321,26,1023,354,-9,519,516,-1,-1,-1,-1,0x1020480010842605,1514,1806,1589,1500,2012,1513,2011,1500,1500,1505,988,1500,1500,1500,1500,1500,1500,1500,1372,1628,1500,1555,1500,2012,1500,2011,2011,1500,1520,1505,1500,988,8.3
2025-05-10,18:28:13.010,-72,-71,10,3991,2010,46,1,15,14234,10,323,5,1020,354,-9,519,516,-1,-1,-1,-1,0x1020480010842605,1513,1805,1589,1500,2012,1502,2010,1500,1500,1502,988,1500,1500,1500,1500,1500,1500,1500,1372,1628,1500,1555,1500,2012,1500,2004,1825,1500,1520,1505,1500,988,8.3
2025-05-10,18:28:13.510,-72,-84,10,3988,1110,45,1,15,16732,10,326,-25,636,354,-9,519,516,-1,-1,-1,-1,0x1020480010840605,1508,1608,1589,1500,2012,1487,1826,1500,1500,1488,988,1500,1500,1500,1500,1500,1500,1500,1372,1628,1500,1555,1500,2012,1500,1837,1680,1500,1520,1505,1500,988,8.3
2025-05-10,18:28:14.010,-69,-64,10,4058,0,45,1,15,13085,10,326,-121,-409,354,-9,519,515,-1,-1,-1,-1,0x1020480016840605,1491,1361,1589,1499,2012,1440,1296,1360,1500,1439,988,1500,1500,1500,1500,1500,1500,1360,1029,2012,1500,1555,1500,2012,1500,1236,1500,1500,1520,1505,1500,988,8.3
2025-05-10,18:28:14.510,-72,-65,10,4073,1040,45,1,15,11648,10,326,350,4,354,-8,519,515,-1,-1,-1,-1,0x1020480014840605,1566,1501,1589,1500,2012,1675,1502,1500,1500,1619,988,1500,1500,1500,1500,1500,1500,1500,1372,2012,1500,1555,1500,2012,1500,1503,1501,1500,1520,1505,1500,988,8.3
2025-05-10,18:28:15.010,-72,-63,10,4078,2250,45,1,15,5720,10,326,790,523,354,-9,519,516,-1,-1,-1,-1,0x1020480014840605,1712,1612,1589,1500,2012,1895,1761,1500,1500,1917,988,1500,1500,1500,1500,1500,1500,1500,1372,1628,1500,1555,1500,2012,1500,1811,1686,1500,1520,1505,1500,988,8.3
2025-05-10,18:28:15.510,-68,-74,10,4077,36920,45,1,15,13519,10,328,377,943,354,-9,519,516,-1,-1,-1,-1,0x1020480014842605,1600,1767,1589,1500,2012,1688,1971,1500,1500,1695,988,1500,1500,1500,1500,1500,1500,1500,1372,1628,1500,1555,1500,2012,1500,1984,1947,1500,1520,1505,1500,988,8.3
2025-05-10,18:28:16.010,-69,-74,10,4011,1890,46,1,15,11571,10,332,-46,467,354,-9,519,516,-1,-1,-1,-1,0x1020480010840605,1509,1570,1589,1500,2012,1477,1733,1500,1500,1492,988,1500,1500,1500,1500,1500,1500,1500,1372,1628,1500,1555,1500,2012,1500,1745,1617,1500,1520,1505,1500,988,8.3
2025-05-10,18:28:16.510,-74,-73,10,3999,6470,46,1,15,12427,10,333,-11,549,354,-9,519,515,-1,-1,-1,-1,0x1020480010840205,1513,1632,1589,1500,2012,1495,1774,1500,1500,1501,988,1500,1500,1500,1500,1500,1500,1500,1372,1628,1500,1555,1500,2012,1500,1851,1720,1500,1520,1505,1500,988,8.3
2025-05-10,18:28:17.010,-83,-63,10,4026,2160,46,1,15,20757,10,334,2,7,354,-8,519,516,-1,-1,-1,-1,0x1020480010840205,1513,1502,1589,1500,2012,1501,1503,1500,1500,1501,988,1500,1500,1500,1500,1500,1500,1500,1117,1883,1500,1555,1500,2012,1500,1770,1503,1500,1520,1505,1500,988,8.3
2025-05-10,18:28:17.510,-83,-59,10,4059,1430,47,1,15,5711,10,334,-918,424,354,-9,519,516,-1,-1,-1,-1,0x1020480014840205,1236,1577,1589,1500,2012,1041,1712,1500,1500,1035,988,1500,1500,1500,1500,1500,1500,1500,1372,1628,1500,1555,1500,2012,1500,1741,1629,1500,1520,1505,1500,988,8.3
2025-05-10,18:28:18.010,-83,-54,10,4066,9800,46,1,15,8362,10,335,-1024,486,354,-9,519,516,-1,-1,-1,-1,0x1020480014840A05,1177,1614,1589,1500,2012,988,1743,1500,1500,988,988,1500,1500,1500,1500,1500,1500,1500,1372,1628,1500,1555,1500,2012,1500,1816,1690,1500,1520,1505,1500,988,8.3
2025-05-10,18:28:18.510,-52,-57,10,4043,11980,46,1,15,11028,10,338,-678,828,354,-9,519,516,-1,-1,-1,-1,0x1020480014840205,1360,1712,1589,1500,2012,1161,1914,1500,1500,1169,988,1500,1500,1500,1500,1500,1500,1500,1372,1628,1500,1555,1500,2012,1500,1941,1853,1500,1520,1505,1500,988,8.3
2025-05-10,18:28:19.010,-64,-60,10,3957,37830,46,1,15,17307,10,343,-578,1023,354,-9,519,516,-1,-1,-1,-1,0x1020480014842205,1391,1807,1589,1500,2012,1211,2011,1500,1500,1217,988,1500,1500,1500,1500,1500,1500,1500,1372,1628,1500,1555,1500,2012,1500,2011,2011,1500,1520,1505,1500,988,8.3
2025-05-10,18:28:19.510,-64,-54,10,3883,34400,46,1,15,17650,10,347,653,1024,354,-8,519,515,-1,-1,-1,-1,0x1020480014842605,1656,1807,1589,1500,2012,1826,2012,1500,1500,1819,988,1500,1500,1500,1500,1500,1500,1500,1372,1628,1500,1555,1500,2012,1500,2012,2011,1500,1520,1505,1500,988,8.3
2025-05-10,18:28:20.010,-64,-55,10,3891,30180,46,1,15,18193,10,351,608,1024,353,-8,519,516,-1,-1,-1,-1,0x1020480014842605,1645,1807,1589,1500,2012,1804,2012,1500,1500,1797,988,1500,1500,1500,1500,1500,1500,1500,1372,1628,1500,1555,1500,2012,1500,2012,2012,1500,1520,1505,1500,988,8.3
2025-05-10,18:28:20.510,-64,-59,10,3907,7890,46,1,15,16413,10,353,426,962,354,-9,519,516,-1,-1,-1,-1,0x1020480014842605,1610,1776,1589,1500,2012,1713,1981,1500,1500,1719,988,1500,1500,1500,1500,1500,1500,1500,1372,1628,1500,1555,1500,2012,1500,1986,1952,1500,1520,1505,1500,988,8.3
2025-05-10,18:28:21.010,-61,-60,10,3949,1270,46,1,15,14510,11,355,3,6,354,-9,519,516,-1,-1,-1,-1,0x1020480010840605,1513,1501,1589,1500,2012,1501,1503,1500,1500,1501,988,1500,1500,1500,1500,1500,1500,1500,988,2012,1500,1555,1500,2012,1500,1505,1502,1500,1520,1505,1500,988,8.3
2025-05-10,18:28:21.510,-61,-63,10,4013,17420,46,1,15,17817,11,356,8,660,353,-8,519,516,-1,-1,-1,-1,0x1020480010840605,1514,1646,1589,1500,2012,1504,1830,1500,1500,1504,988,1500,1500,1500,1500,1500,1500,1500,1372,1628,1500,1555,1500,2012,1500,1884,1744,1500,1520,1505,1500,988,8.3
2025-05-10,18:28:22.010,-67,-69,10,4047,1000,46,1,15,6946,11,356,909,254,354,-8,519,516,-1,-1,-1,-1,0x1020480014840605,1735,1550,1589,1500,2012,1954,1627,1500,1500,1954,988,1500,1500,1500,1500,1500,1500,1500,1372,1628,1500,1555,1500,2012,1500,1676,1584,1500,1520,1505,1500,988,8.3
2025-05-10,18:28:22.510,-72,-71,10,4052,3220,46,1,15,5574,11,357,994,442,354,-9,519,516,-1,-1,-1,-1,0x1020480014840605,1770,1595,1589,1500,2012,1997,1721,1500,1500,1997,988,1500,1500,1500,1500,1500,1500,1500,1372,1628,1500,1555,1500,2012,1500,1780,1658,1500,1520,1505,1500,988,8.3
2025-05-10,18:28:23.010,-73,-71,10,4050,6700,47,1,15,6333,11,358,905,533,354,-8,519,516,-1,-1,-1,-1,0x1020480014840605,1734,1622,1589,1500,2012,1952,1766,1500,1500,1953,988,1500,1500,1500,1500,1500,1500,1500,1372,1628,1500,1555,1500,2012,1500,1828,1704,1500,1520,1505,1500,988,8.3
2025-05-10,18:28:23.480,-75,-74,10,4047,320,47,1,15,2786,11,358,-3,-228,354,-9,519,515,-1,-1,-1,-1,0x1020480012800205,1512,1435,1589,1500,2012,1499,1386,1435,1500,1499,988,1500,1500,1500,1500,1500,1500,1434,1162,2012,1500,1555,1500,2012,1500,1285,1500,1500,1520,1505,1500,988,8.3
2025-05-10,18:28:23.980,-75,-76,10,4062,450,46,1,15,2149,11,358,-3,13,354,-9,519,515,-1,-1,-1,-1,0x1020480010840205,1512,1503,1552,1500,2012,1499,1506,1500,1500,1499,988,1500,1500,1500,1500,1500,1500,1500,1039,2012,1500,1555,1500,2012,1500,1510,1505,1500,1520,1505,1500,988,8.3
2025-05-10,18:28:24.480,-77,-84,10,4067,180,45,1,15,1580,11,358,-3,12,354,-9,519,516,-1,-1,-1,-1,0x1020480010840204,1512,1503,1508,1500,2012,1499,1506,1500,1500,1499,988,1500,1500,1500,1500,1500,1500,1500,1372,2012,1500,1555,1500,2012,1500,1509,1505,1500,1520,1505,1500,988,8.3
2025-05-10,18:28:24.980,-80,-80,10,4071,150,45,1,15,974,11,358,-3,11,354,-9,519,516,-1,-1,-1,-1,0x1020480010840204,1512,1502,1508,1500,2012,1499,1505,1500,1500,1499,988,1500,1500,1500,1500,1500,1500,1500,1372,2012,1500,1555,1500,2012,1500,1508,1504,1500,1520,1505,1500,988,8.3
2025-05-10,18:28:25.480,-77,-80,10,4073,150,41,1,15,528,11,358,-3,10,354,-8,519,516,-1,-1,-1,-1,0x1020480010840204,1512,1502,1508,1500,2012,1499,1505,1500,1500,1499,988,1500,1500,1500,1500,1500,1500,1500,1500,2012,1500,1555,1500,2012,1500,1508,1504,1500,1520,1505,1500,988,8.3
2025-05-10,18:28:25.980,-85,-79,10,4075,180,41,1,15,0,11,358,-3,9,354,-8,519,516,-1,-1,-1,-1,0x1020480010840204,1512,1502,1508,1500,2012,1499,1504,1500,1500,1499,988,1500,1500,1500,1500,1500,1500,1500,1500,2012,1500,1555,1500,2012,1500,1508,1504,1500,1520,1505,1500,988,8.3
2025-05-10,18:28:26.480,-85,-79,10,4076,160,41,1,15,0,11,358,-3,10,354,-9,519,516,-1,-1,-1,-1,0x1020480010840204,1512,1503,1508,1500,2012,1499,1505,1500,1500,1499,988,1500,1500,1500,1500,1500,1500,1500,1500,2012,1500,1555,1500,2012,1500,1508,1504,1500,1520,1505,1500,988,8.3
2025-05-10,18:28:26.980,-85,-79,10,4077,190,41,1,15,0,11,358,-3,11,354,-8,519,515,-1,-1,-1,-1,0x1020480010840204,1512,1504,1500,1500,2012,1499,1505,1500,1500,1499,988,1500,1500,1500,1500,1500,1500,1500,1500,2012,1500,1555,1500,2012,1500,1509,1504,1500,1520,1505,1500,988,8.3
2025-05-10,18:28:27.480,-85,-78,10,4079,210,41,1,15,0,11,358,-3,10,354,-9,519,516,-1,-1,-1,-1,0x1020480010840204,1512,1504,1500,1500,2012,1499,1505,1500,1500,1499,988,1500,1500,1500,1500,1500,1500,1500,1500,2012,1500,1555,1500,2012,1500,1508,1504,1500,1520,1505,1500,988,8.3
2025-05-10,18:28:27.980,-82,-76,10,4080,180,41,1,15,0,11,358,-2,10,354,-8,519,515,-1,-1,-1,-1,0x1020480010840204,1512,1504,1500,1500,2012,1499,1505,1500,1500,1499,988,1500,1500,1500,1500,1500,1500,1500,1500,2012,1500,1555,1500,2012,1500,1508,1504,1500,1520,1505,1500,988,8.3
2025-05-10,18:28:28.480,-83,-74,10,4081,2370,41,1,15,0,11,358,-3,313,354,-9,519,516,-1,-1,-1,-1,0x1020480010840204,1512,1601,1519,1500,2012,1499,1656,1500,1500,1499,988,1500,1500,1500,1500,1500,1500,1500,1372,1628,1500,1555,1500,2012,1500,1696,1601,1500,1520,1505,1500,988,8.3
2025-05-10,18:28:28.980,-83,-75,10,4081,4620,41,1,15,5777,11,360,1008,214,354,-8,519,516,-1,-1,-1,-1,0x1020480014840205,1783,1570,1589,1500,2012,2003,1607,1500,1500,2009,988,1500,1500,1500,1500,1500,1500,1500,1372,1628,1500,1555,1500,2012,1500,1643,1570,1500,1520,1505,1500,988,8.3
2025-05-10,18:28:29.480,-82,-83,10,4022,12540,41,1,15,15089,11,363,7,517,354,-8,519,516,-1,-1,-1,-1,0x1020480010840205,1513,1670,1589,1500,2012,1503,1758,1500,1500,1503,988,1500,1500,1500,1500,1500,1500,1500,1372,1628,1500,1555,1500,2012,1500,1796,1670,1500,1520,1505,1500,988,8.3
2025-05-10,18:28:29.980,-81,-76,10,4001,1250,42,1,15,16190,11,365,9,24,354,-9,519,516,-1,-1,-1,-1,0x1020480010840205,1514,1509,1589,1500,2012,1504,1512,1500,1500,1504,988,1500,1500,1500,1500,1500,1500,1500,988,2012,1500,1555,1500,2012,1500,1517,1509,1500,1520,1505,1500,988,8.3
2025-05-10,18:28:30.480,-66,-71,10,3999,8340,45,1,15,15148,11,367,-300,4,354,-9,519,516,-1,-1,-1,-1,0x1020480014840205,1471,1502,1589,1500,2012,1340,1501,1500,1500,1383,988,1500,1500,1500,1500,1500,1500,1500,1219,1781,1500,1555,1500,2012,1500,1739,1502,1500,1520,1505,1500,988,8.3
2025-05-10,18:28:30.980,-86,-71,10,4053,1140,45,1,15,5023,11,367,-1024,9,354,-8,519,516,-1,-1,-1,-1,0x1020480014840A05,1177,1503,1589,1500,2012,988,1504,1500,1500,988,988,1500,1500,1500,1500,1500,1500,1500,1372,2012,1500,1555,1500,2012,1500,1507,1503,1500,1520,1505,1500,988,8.3
2025-05-10,18:28:31.480,-86,-61,10,4043,15130,46,1,15,9208,11,369,-920,563,354,-8,519,515,-1,-1,-1,-1,0x1020480014840A05,1235,1706,1589,1500,2012,1040,1781,1500,1500,1034,988,1500,1500,1500,1500,1500,1500,1500,1372,1628,1500,1555,1500,2012,1500,1837,1706,1500,1520,1505,1500,988,8.3
2025-05-10,18:28:31.980,-86,-63,10,3999,21280,46,1,15,9946,11,372,400,519,354,-9,519,515,-1,-1,-1,-1,0x1020480014840205,1588,1690,1589,1500,2012,1700,1759,1500,1500,1666,988,1500,1500,1500,1500,1500,1500,1500,1372,1628,1500,1555,1500,2012,1500,1817,1690,1500,1520,1505,1500,988,8.3
2025-05-10,18:28:32.480,-86,-63,10,3971,17990,46,1,15,11723,11,374,356,574,354,-8,519,516,-1,-1,-1,-1,0x1020480014840205,1593,1712,1589,1500,2012,1678,1787,1500,1500,1678,988,1500,1500,1500,1500,1500,1500,1500,1372,1628,1500,1555,1500,2012,1500,1842,1712,1500,1520,1505,1500,988,8.3
2025-05-10,18:28:32.980,-86,-60,10,3965,56350,46,1,15,17731,11,379,-48,695,354,-9,519,516,-1,-1,-1,-1,0x1020480010840205,1504,1767,1589,1500,2012,1476,1847,1500,1500,1476,988,1500,1500,1500,1500,1500,1500,1500,1372,1628,1500,1555,1500,2012,1500,1892,1767,1500,1520,1505,1500,988,8.3
2025-05-10,18:28:33.480,-59,-63,10,3937,640,46,1,15,13845,11,383,1,-459,354,-9,519,516,-1,-1,-1,-1,0x1020480012880205,1512,1394,1589,1499,2012,1500,1271,1393,1500,1500,988,1500,1500,1500,1500,1500,1500,1393,1039,2012,1500,1555,1500,988,1500,1329,1500,1500,1520,1505,1500,988,8.3
2025-05-10,18:28:33.980,-64,-63,10,3976,10730,46,1,15,11685,11,383,391,446,354,-9,519,516,-1,-1,-1,-1,0x1020480014840205,1598,1686,1589,1500,2012,1695,1723,1500,1500,1690,988,1500,1500,1500,1500,1500,1500,1500,1372,1628,1500,1555,1500,2012,1500,1802,1686,1500,1520,1505,1500,988,8.3
2025-05-10,18:28:34.480,-67,-69,10,4046,1230,46,1,15,4731,11,383,1024,100,354,-9,519,515,-1,-1,-1,-1,0x1020480014840205,1786,1540,1589,1500,2012,2012,1550,1500,1500,2012,988,1500,1500,1500,1500,1500,1500,1500,1372,1628,1500,1555,1500,2012,1500,1575,1540,1500,1520,1505,1500,988,8.3
2025-05-10,18:28:34.980,-71,-66,10,4050,1070,46,1,15,1713,11,384,214,-460,354,-9,519,516,-1,-1,-1,-1,0x1020480016880205,1563,1388,1589,1499,2012,1607,1270,1387,1500,1613,988,1500,1500,1500,1500,1500,1500,1387,988,2012,1500,1555,1500,2012,1500,1246,1500,1500,1520,1505,1500,988,8.3
2025-05-10,18:28:35.480,-68,-71,10,4052,930,46,1,15,1577,11,384,-2,7,354,-9,519,516,-1,-1,-1,-1,0x1020480010840205,1512,1503,1589,1500,2012,1499,1504,1500,1500,1499,988,1500,1500,1500,1500,1500,1500,1500,1372,2012,1500,1555,1500,2012,1500,1506,1503,1500,1520,1505,1500,988,8.3
2025-05-10,18:28:35.980,-72,-72,10,4058,960,45,1,15,1214,11,384,-3,9,354,-9,519,516,-1,-1,-1,-1,0x1020480010840205,1512,1503,1589,1500,2012,1499,1504,1500,1500,1499,988,1500,1500,1500,1500,1500,1500,1500,1372,2012,1500,1555,1500,2012,1500,1507,1503,1500,1520,1505,1500,988,8.3
2025-05-10,18:28:36.480,-76,-72,10,4061,930,45,1,15,867,11,384,-2,9,354,-9,519,516,-1,-1,-1,-1,0x1020480010840205,1512,1503,1589,1500,2012,1499,1504,1500,1500,1499,988,1500,1500,1500,1500,1500,1500,1500,1500,2012,1500,1555,1500,2012,1500,1506,1503,1500,1520,1505,1500,988,8.3
2025-05-10,18:28:36.980,-76,-72,10,4062,940,45,1,15,430,11,384,-2,9,354,-8,519,516,-1,-1,-1,-1,0x1020480010840205,1512,1503,1589,1500,2012,1499,1504,1500,1500,1499,988,1500,1500,1500,1500,1500,1500,1500,1500,2012,1500,1555,1500,2012,1500,1507,1503,1500,1520,1505,1500,988,8.3
2025-05-10,18:28:37.480,-76,-73,10,4064,910,45,1,15,186,11,384,-2,10,354,-9,519,516,-1,-1,-1,-1,0x1020480010840205,1512,1503,1589,1500,2012,1499,1505,1500,1500,1499,988,1500,1500,1500,1500,1500,1500,1500,1500,2012,1500,1555,1500,2012,1500,1507,1503,1500,1520,1505,1500,988,8.3
2025-05-10,18:28:37.980,-77,-76,10,4066,550,44,1,15,0,11,384,-2,10,354,-9,519,516,-1,-1,-1,-1,0x1020480010840205,1512,1504,1562,1500,2012,1499,1505,1500,1500,1499,988,1500,1500,1500,1500,1500,1500,1500,1500,2012,1500,1555,1500,2012,1500,1508,1504,1500,1520,1505,1500,988,8.3
2025-05-10,18:28:38.480,-77,-74,10,4067,150,44,1,15,0,11,384,-3,10,354,-9,519,515,-1,-1,-1,-1,0x1020480010840204,1512,1504,1500,1500,2012,1499,1505,1500,1500,1499,988,1500,1500,1500,1500,1500,1500,1500,1500,2012,1500,1555,1500,2012,1500,1509,1504,1500,1520,1505,1500,988,8.3
2025-05-10,18:28:38.980,-78,-76,10,4072,160,43,1,15,0,11,384,-3,11,354,-9,519,516,-1,-1,-1,-1,0x1020480010840204,1512,1504,1500,1500,2012,1499,1505,1500,1500,1499,988,1500,1500,1500,1500,1500,1500,1500,1500,2012,1500,1555,1500,2012,1500,1508,1504,1500,1520,1505,1500,988,8.3
2025-05-10,18:28:39.480,-80,-75,10,4073,150,42,1,15,0,11,384,-3,11,354,-9,519,516,-1,-1,-1,-1,0x1020480010840204,1512,1504,1500,1500,2012,1499,1505,1500,1500,1499,988,1500,1500,1500,1500,1500,1500,1500,1500,2012,1500,1555,1500,2012,1500,1509,1504,1500,1520,1505,1500,988,8.3
2025-05-10,18:28:39.980,-80,-76,10,4075,150,41,1,15,0,11,384,-3,10,354,-8,519,516,-1,-1,-1,-1,0x1020480010840204,1512,1504,1500,1500,2012,1499,1505,1500,1500,1499,988,1500,1500,1500,1500,1500,1500,1500,1500,2012,1500,1555,1500,2012,1500,1508,1504,1500,1520,1505,1500,988,8.3
2025-05-10,18:28:40.480,-80,-76,10,4076,150,40,1,15,0,11,384,-2,11,354,-8,519,516,-1,-1,-1,-1,0x1020480010840204,1512,1504,1500,1500,2012,1499,1505,1500,1500,1499,988,1500,1500,1500,1500,1500,1500,1500,1500,2012,1500,1555,1500,2012,1500,1509,1504,1500,1520,1505,1500,988,8.3
2025-05-10,18:28:40.980,-80,-75,10,4077,150,40,1,15,0,11,384,-3,10,354,-9,519,516,-1,-1,-1,-1,0x1020480010840204,1512,1504,1500,1500,2012,1499,1505,1500,1500,1499,988,1500,1500,1500,1500,1500,1500,1500,1500,2012,1500,1555,1500,2012,1500,1508,1504,1500,1520,1505,1500,988,8.3
2025-05-10,18:28:41.480,-83,-74,10,4078,160,40,1,15,0,11,384,-2,10,354,-8,519,516,-1,-1,-1,-1,0x1020480010840204,1512,1504,1500,1500,2012,1499,1505,1500,1500,1499,988,1500,1500,1500,1500,1500,1500,1500,1500,2012,1500,1555,1500,2012,1500,1508,1504,1500,1520,1505,1500,988,8.3
2025-05-10,18:28:41.980,-79,-75,10,4079,150,40,1,15,0,11,384,-2,9,354,-9,519,515,-1,-1,-1,-1,0x1020480010840204,1512,1503,1500,1500,2012,1499,1504,1500,1500,1499,988,1500,1500,1500,1500,1500,1500,1500,1500,2012,1500,1555,1500,2012,1500,1507,1503,1500,1520,1505,1500,988,8.3
2025-05-10,18:28:42.480,-79,-75,10,4080,150,40,1,15,0,11,384,-2,11,354,-9,519,516,-1,-1,-1,-1,0x1020480010840204,1512,1504,1500,1500,2012,1499,1505,1500,1500,1499,988,1500,1500,1500,1500,1500,1500,1500,1500,2012,1500,1555,1500,2012,1500,1509,1504,1500,1520,1505,1500,988,8.3
2025-05-10,18:28:42.980,-79,-75,10,4080,150,40,1,15,0,11,385,-2,12,354,-9,519,515,-1,-1,-1,-1,0x1020480010840204,1512,1504,1500,1500,2012,1499,1506,1500,1500,1499,988,1500,1500,1500,1500,1500,1500,1500,1500,2012,1500,1555,1500,2012,1500,1509,1504,1500,1520,1505,1500,988,8.3
2025-05-10,18:28:43.480,-79,-75,10,4081,140,40,1,15,0,11,385,-3,14,354,-9,519,516,-1,-1,-1,-1,0x1020480010840204,1512,1506,1500,1500,2012,1499,1507,1500,1500,1499,988,1500,1500,1500,1500,1500,1500,1500,1500,2012,1500,1555,1500,2012,1500,1511,1506,1500,1520,1505,1500,988,8.3
2025-05-10,18:28:43.980,-78,-75,10,4082,140,40,1,15,0,11,385,-2,10,354,-8,519,515,-1,-1,-1,-1,0x1020480010840204,1512,1504,1500,1500,2012,1499,1505,1500,1500,1499,988,1500,1500,1500,1500,1500,1500,1500,1500,2012,1500,1555,1500,2012,1500,1508,1504,1500,1520,1505,1500,988,8.3
2025-05-10,18:28:44.480,-77,-75,10,4083,150,40,1,15,0,11,385,-2,11,354,-8,519,516,-1,-1,-1,-1,0x1020480010840204,1512,1504,1500,1500,2012,1499,1505,1500,1500,1499,988,1500,1500,1500,1500,1500,1500,1500,1500,2012,1500,1555,1500,2012,1500,1509,1504,1500,1520,1505,1500,988,8.3
2025-05-10,18:28:44.980,-75,-72,10,4083,150,40,1,15,0,11,385,-3,10,354,-9,519,516,-1,-1,-1,-1,0x1020480010840204,1512,1504,1500,1500,2012,1499,1505,1500,1500,1499,988,1500,1500,1500,1500,1500,1500,1500,1500,2012,1500,1555,1500,2012,1500,1508,1504,1500,1520,1505,1500,988,8.3
2025-05-10,18:28:45.480,-75,-75,10,4084,140,40,1,15,0,11,385,-2,10,354,-8,519,516,-1,-1,-1,-1,0x1020480010840204,1512,1504,1500,1500,2012,1499,1505,1500,1500,1499,988,1500,1500,1500,1500,1500,1500,1500,1500,2012,1500,1555,1500,2012,1500,1508,1504,1500,1520,1505,1500,988,8.3
2025-05-10,18:28:45.980,-77,-75,10,4085,150,40,1,15,0,11,385,-2,10,354,-9,519,516,-1,-1,-1,-1,0x1020480010840204,1512,1504,1500,1500,2012,1499,1505,1500,1500,1499,988,1500,1500,1500,1500,1500,1500,1500,1500,2012,1500,1555,1500,2012,1500,1508,1504,1500,1520,1505,1500,988,8.3
2025-05-10,18:28:46.480,-75,-74,10,4085,150,40,1,15,0,11,385,-3,9,354,-9,519,516,-1,-1,-1,-1,0x1020480010840204,1512,1503,1500,1500,2012,1499,1504,1500,1500,1499,988,1500,1500,1500,1500,1500,1500,1500,1500,2012,1500,1555,1500,2012,1500,1507,1503,1500,1520,1505,1500,988,8.3
2025-05-10,18:28:46.980,-72,-74,10,4086,150,40,1,15,0,11,385,-2,8,354,-9,519,516,-1,-1,-1,-1,0x1020480010840204,1512,1503,1500,1500,2012,1499,1504,1500,1500,1499,988,1500,1500,1500,1500,1500,1500,1500,1500,2012,1500,1555,1500,2012,1500,1506,1503,1500,1520,1505,1500,988,8.3
2025-05-10,18:28:47.480,-69,-74,10,4087,150,40,1,15,0,11,385,-2,9,354,-9,519,515,-1,-1,-1,-1,0x1020480010840204,1512,1503,1500,1500,2012,1499,1504,1500,1500,1499,988,1500,1500,1500,1500,1500,1500,1500,1500,2012,1500,1555,1500,2012,1500,1507,1503,1500,1520,1505,1500,988,8.3
2025-05-10,18:28:47.980,-70,-74,10,4087,160,40,1,15,0,11,385,-2,11,354,-9,519,516,-1,-1,-1,-1,0x1020480010840204,1512,1504,1500,1500,2012,1499,1505,1500,1500,1499,988,1500,1500,1500,1500,1500,1500,1500,1500,2012,1500,1555,1500,2012,1500,1508,1504,1500,1520,1505,1500,988,8.3
2025-05-10,18:28:48.480,-71,-75,10,4088,160,40,1,15,0,11,385,-2,10,354,-8,519,516,-1,-1,-1,-1,0x1020480010840204,1512,1504,1500,1500,2012,1499,1505,1500,1500,1499,988,1500,1500,1500,1500,1500,1500,1500,1500,2012,1500,1555,1500,2012,1500,1508,1504,1500,1520,1505,1500,988,8.3
2025-05-10,18:28:48.980,-73,-74,10,4088,150,40,1,15,0,11,385,-2,9,354,-9,519,516,-1,-1,-1,-1,0x1020480010840204,1512,1503,1500,1500,2012,1499,1504,1500,1500,1499,988,1500,1500,1500,1500,1500,1500,1500,1500,2012,1500,1555,1500,2012,1500,1507,1503,1500,1520,1505,1500,988,8.3
2025-05-10,18:28:49.490,-72,-75,10,4089,160,40,1,15,0,11,385,-2,9,354,-8,519,516,-1,-1,-1,-1,0x1020480010840204,1512,1503,1500,1500,2012,1499,1504,1500,1500,1499,988,1500,1500,1500,1500,1500,1500,1500,1500,2012,1500,1555,1500,2012,1500,1507,1503,1500,1520,1505,1500,988,8.3
2025-05-10,18:28:49.980,-74,-75,10,4089,150,40,1,15,0,11,385,-1,10,354,-9,519,516,-1,-1,-1,-1,0x1020480010840204,1512,1503,1500,1500,2012,1500,1505,1500,1500,1500,988,1500,1500,1500,1500,1500,1500,1500,1500,2012,1500,1555,1500,2012,1500,1508,1503,1500,1520,1505,1500,988,8.3
2025-05-10,18:28:50.480,-73,-75,10,4090,140,40,1,15,0,11,385,-1,9,354,-8,519,516,-1,-1,-1,-1,0x1020480010840204,1512,1503,1500,1500,2012,1500,1504,1500,1500,1500,988,1500,1500,1500,1500,1500,1500,1500,1500,2012,1500,1555,1500,2012,1500,1507,1503,1500,1520,1505,1500,988,8.3
2025-05-10,18:28:50.980,-74,-85,10,4090,150,40,1,15,0,11,385,-2,9,354,-9,519,516,-1,-1,-1,-1,0x1020480010840204,1512,1503,1500,1500,2012,1499,1504,1500,1500,1499,988,1500,1500,1500,1500,1500,1500,1500,1500,2012,1500,1555,1500,2012,1500,1507,1503,1500,1520,1505,1500,988,8.3
2025-05-10,18:28:51.480,-73,-74,10,4091,150,40,1,15,0,11,385,-1,7,354,-9,519,516,-1,-1,-1,-1,0x1020480010840204,1512,1503,1500,1500,2012,1500,1503,1500,1500,1500,988,1500,1500,1500,1500,1500,1500,1500,1500,2012,1500,1555,1500,2012,1500,1506,1503,1500,1520,1505,1500,988,8.3
2025-05-10,18:28:51.980,-71,-74,10,4091,150,40,1,15,0,11,385,-1,9,354,-8,519,516,-1,-1,-1,-1,0x1020480010840204,1512,1503,1500,1500,2012,1500,1504,1500,1500,1500,988,1500,1500,1500,1500,1500,1500,1500,1500,2012,1500,1555,1500,2012,1500,1507,1503,1500,1520,1505,1500,988,8.3
2025-05-10,18:28:52.480,-70,-78,10,4092,15650,40,1,15,5273,11,385,446,347,354,-9,519,516,-1,-1,-1,-1,0x1020480014840205,1611,1625,1541,1500,2012,1723,1673,1500,1500,1722,988,1500,1500,1500,1500,1500,1500,1500,1372,1628,1500,1555,1500,2012,1500,1731,1625,1500,1520,1505,1500,988,8.3
2025-05-10,18:28:52.980,-71,-78,10,4089,35630,40,1,15,13225,11,388,478,630,354,-8,519,516,-1,-1,-1,-1,0x1020480014840205,1614,1736,1589,1500,2012,1739,1815,1500,1500,1728,988,1500,1500,1500,1500,1500,1500,1500,1372,1628,1500,1555,1500,2012,1500,1865,1736,1500,1520,1505,1500,988,8.3
2025-05-10,18:28:53.490,-79,-72,10,4030,1520,40,1,15,8845,11,389,254,290,354,-9,519,516,-1,-1,-1,-1,0x1020480014840205,1573,1597,1589,1500,2012,1627,1645,1500,1500,1634,988,1500,1500,1500,1500,1500,1500,1500,1372,1628,1500,1555,1500,2012,1500,1690,1597,1500,1520,1505,1500,988,8.3
2025-05-10,18:28:53.980,-79,-72,10,4044,16460,44,1,15,11058,11,390,-41,619,354,-8,519,516,-1,-1,-1,-1,0x1020480014840205,1501,1725,1589,1500,2012,1480,1809,1500,1500,1467,988,1500,1500,1500,1500,1500,1500,1500,1372,1628,1500,1555,1500,2012,1500,1856,1725,1500,1520,1505,1500,988,8.3
2025-05-10,18:28:54.480,-79,-72,10,4045,1160,44,1,15,11204,12,393,88,9,354,-8,519,516,-1,-1,-1,-1,0x1020480014840205,1532,1503,1589,1500,2012,1544,1504,1500,1500,1544,988,1500,1500,1500,1500,1500,1500,1500,988,2012,1500,1555,1500,2012,1500,1507,1503,1500,1520,1505,1500,988,8.3
2025-05-10,18:28:54.980,-79,-69,10,4064,2260,45,1,15,11135,12,393,76,199,354,-9,519,516,-1,-1,-1,-1,0x1020480014840205,1532,1574,1589,1500,2012,1538,1599,1500,1500,1544,988,1500,1500,1500,1500,1500,1500,1500,1372,1628,1500,1555,1500,2012,1500,1643,1574,1500,1520,1505,1500,988,8.3
2025-05-10,18:28:55.480,-79,-64,10,4070,1390,45,1,15,9361,12,394,0,10,354,-9,519,516,-1,-1,-1,-1,0x1020480010840205,1512,1504,1589,1500,2012,1500,1505,1500,1500,1500,988,1500,1500,1500,1500,1500,1500,1500,988,2012,1500,1555,1500,2012,1500,1508,1504,1500,1520,1505,1500,988,8.3
2025-05-10,18:28:55.990,-79,-61,10,4071,9030,45,1,15,9541,12,394,-2,474,354,-8,519,516,-1,-1,-1,-1,0x1020480010840205,1512,1670,1589,1500,2012,1499,1737,1500,1500,1499,988,1500,1500,1500,1500,1500,1500,1500,1372,1628,1500,1555,1500,2012,1500,1801,1674,1500,1520,1505,1500,988,8.3
2025-05-10,18:28:56.480,-66,-70,10,4053,1200,45,1,15,9435,12,395,0,8,354,-9,519,516,-1,-1,-1,-1,0x1020480010840205,1512,1503,1589,1500,2012,1500,1504,1500,1500,1500,988,1500,1500,1500,1500,1500,1500,1500,1060,2012,1500,1555,1500,2012,1500,1506,1503,1500,1520,1505,1500,988,8.3
2025-05-10,18:28:56.990,-66,-70,10,4072,1150,45,1,15,8404,12,395,80,8,354,-9,519,516,-1,-1,-1,-1,0x1020480014840205,1527,1503,1589,1500,2012,1540,1504,1500,1500,1534,988,1500,1500,1500,1500,1500,1500,1500,1372,2012,1500,1555,1500,2012,1500,1506,1503,1500,1520,1505,1500,988,8.3
2025-05-10,18:28:57.480,-66,-70,10,4076,990,45,1,15,7540,12,396,1,-499,354,-9,519,516,-1,-1,-1,-1,0x1020480012880205,1512,1383,1589,1499,2012,1500,1251,1382,1500,1500,988,1500,1500,1500,1500,1500,1500,1382,1372,2012,1500,1555,1500,988,1500,1344,1500,1500,1520,1505,1500,988,8.3
2025-05-10,18:28:57.990,-59,-70,10,4077,370,45,1,15,4087,12,396,213,-539,354,-8,519,516,-1,-1,-1,-1,0x1020480016880205,1560,1360,1589,1499,2012,1606,1231,1359,1500,1606,988,1500,1500,1500,1500,1500,1500,1359,1500,2012,1500,1555,1500,2012,1500,1160,1500,1500,1520,1505,1500,988,8.3
2025-05-10,18:28:58.490,-63,-53,10,4080,1010,45,1,15,1606,12,396,-128,10,354,-9,519,516,-1,-1,-1,-1,0x1020480014840205,1495,1504,1589,1500,2012,1436,1505,1500,1500,1449,988,1500,1500,1500,1500,1500,1500,1500,1500,2012,1500,1555,1500,2012,1500,1508,1504,1500,1520,1505,1500,988,8.3
2025-05-10,18:28:58.990,-63,-54,10,4080,930,45,1,15,1023,12,396,-3,4,354,-8,519,515,-1,-1,-1,-1,0x1020480010840205,1512,1501,1589,1500,2012,1499,1502,1500,1500,1499,988,1500,1500,1500,1500,1500,1500,1500,1500,2012,1500,1555,1500,2012,1500,1503,1501,1500,1520,1505,1500,988,8.3
2025-05-10,18:28:59.480,-63,-55,10,4081,430,45,1,15,494,12,396,-3,11,354,-9,519,515,-1,-1,-1,-1,0x1020480010840205,1512,1504,1550,1500,2012,1499,1505,1500,1500,1499,988,1500,1500,1500,1500,1500,1500,1500,1500,2012,1500,1555,1500,2012,1500,1509,1504,1500,1520,1505,1500,988,8.3
2025-05-10,18:28:59.990,-63,-55,10,4082,170,44,1,15,0,12,396,-3,10,354,-8,519,516,-1,-1,-1,-1,0x1020480010840204,1512,1504,1500,1500,2012,1499,1505,1500,1500,1499,988,1500,1500,1500,1500,1500,1500,1500,1500,2012,1500,1555,1500,2012,1500,1508,1504,1500,1520,1505,1500,988,8.3
2025-05-10,18:29:00.490,-63,-54,10,4086,160,43,1,15,0,12,396,-2,8,354,-8,519,516,-1,-1,-1,-1,0x1020480010840204,1512,1503,1500,1500,2012,1499,1504,1500,1500,1499,988,1500,1500,1500,1500,1500,1500,1500,1500,2012,1500,1555,1500,2012,1500,1506,1503,1500,1520,1505,1500,988,8.3
2025-05-10,18:29:00.990,-63,-54,10,4087,150,40,1,15,7,12,396,-3,383,354,-8,519,516,-1,-1,-1,-1,0x1020480010840204,1512,1615,1512,1500,2012,1499,1691,1500,1500,1499,988,1500,1500,1500,1500,1500,1500,1500,1372,1628,1500,1555,1500,2012,1500,1755,1633,1500,1520,1505,1500,988,8.3
2025-05-10,18:29:01.490,-61,-58,10,4087,29100,40,1,15,22221,12,401,-3,798,354,-9,519,516,-1,-1,-1,-1,0x1020480010840205,1512,1831,1589,1500,2012,1499,1899,1500,1500,1499,988,1500,1500,1500,1500,1500,1500,1500,1372,1628,1500,1555,1500,2012,1500,1931,1831,1500,1520,1505,1500,988,8.3
2025-05-10,18:29:01.990,-59,-62,10,3955,660,40,1,15,2684,12,404,-3,-716,354,-8,519,516,-1,-1,-1,-1,0x1020480012800205,1512,1323,1589,1498,2012,1499,1142,1321,1500,1499,988,1500,1500,1500,1500,1500,1500,1321,1111,2012,1500,1555,1500,2012,1500,1145,1500,1500,1520,1505,1500,988,8.3
2025-05-10,18:29:02.480,-59,-53,10,4059,1040,41,1,15,4318,12,404,-3,9,354,-8,519,516,-1,-1,-1,-1,0x1020480010840205,1512,1503,1589,1500,2012,1499,1504,1500,1500,1499,988,1500,1500,1500,1500,1500,1500,1500,1372,2012,1500,1555,1500,2012,1500,1507,1503,1500,1520,1505,1500,988,8.3
2025-05-10,18:29:02.990,-53,-58,10,4070,970,45,1,15,3603,12,404,-3,10,354,-9,519,516,-1,-1,-1,-1,0x1020480010840205,1512,1504,1589,1500,2012,1499,1505,1500,1500,1499,988,1500,1500,1500,1500,1500,1500,1500,1372,2012,1500,1555,1500,2012,1500,1508,1504,1500,1520,1505,1500,988,8.3
2025-05-10,18:29:03.490,-56,-70,10,4072,940,45,1,15,2820,12,404,-3,10,354,-9,519,516,-1,-1,-1,-1,0x1020480010840205,1511,1504,1589,1500,2012,1499,1505,1500,1500,1498,988,1500,1500,1500,1500,1500,1500,1500,1500,2012,1500,1555,1500,2012,1500,1508,1504,1500,1520,1505,1500,988,8.3
2025-05-10,18:29:03.990,-61,-62,10,4074,960,45,1,15,2180,12,404,-3,7,354,-9,519,516,-1,-1,-1,-1,0x1020480010840205,1512,1502,1589,1500,2012,1499,1503,1500,1500,1499,988,1500,1500,1500,1500,1500,1500,1500,1500,2012,1500,1555,1500,2012,1500,1505,1502,1500,1520,1505,1500,988,8.3
2025-05-10,18:29:04.490,-64,-58,10,4075,26580,45,1,15,10292,12,405,-3,620,354,-9,519,515,-1,-1,-1,-1,0x1020480010840205,1512,1730,1589,1500,2012,1499,1810,1500,1500,1499,988,1500,1500,1500,1500,1500,1500,1500,1372,1628,1500,1555,1500,2012,1500,1861,1730,1500,1520,1505,1500,988,8.3
2025-05-10,18:29:04.990,-73,-59,10,4065,92590,45,1,15,27161,12,412,-2,1002,354,-9,519,515,-1,-1,-1,-1,0x1020480010842205,1512,1994,1589,1500,2012,1499,2001,1500,1500,1499,988,1500,1500,1500,1500,1500,1500,1500,1372,1628,1500,1555,1500,2012,1500,2004,1994,1500,1520,1505,1500,988,8.3
2025-05-10,18:29:05.490,-73,-60,10,3852,1100,45,1,15,13891,12,419,-2,4,354,-9,519,516,-1,-1,-1,-1,0x1020480010840205,1512,1501,1589,1500,2012,1499,1502,1500,1500,1500,988,1500,1500,1500,1500,1500,1500,1500,988,2012,1500,1555,1500,2012,1500,1503,1501,1500,1520,1505,1500,988,8.3
2025-05-10,18:29:05.990,-73,-62,10,3848,78010,45,1,15,24863,12,420,-1,974,354,-9,519,516,-1,-1,-1,-1,0x1020480010842205,1512,1971,1589,1500,2012,1500,1987,1500,1500,1500,988,1500,1500,1500,1500,1500,1500,1500,1372,1628,1500,1555,1500,2012,1500,1994,1920,1500,1520,1505,1500,988,8.3
2025-05-10,18:29:06.490,-74,-70,10,3982,1060,45,1,15,15966,12,425,137,6,354,-9,519,516,-1,-1,-1,-1,0x1020480014840205,1539,1502,1589,1500,2012,1568,1503,1500,1500,1561,988,1500,1500,1500,1500,1500,1500,1500,1039,2012,1500,1555,1500,2012,1500,1505,1502,1500,1520,1505,1500,988,8.3
2025-05-10,18:29:06.980,-83,-69,10,4006,1090,45,1,15,12875,12,426,453,181,354,-9,519,515,-1,-1,-1,-1,0x1020480014840205,1620,1548,1589,1500,2012,1726,1590,1500,1500,1743,988,1500,1500,1500,1500,1500,1500,1500,1372,1628,1500,1555,1500,2012,1500,1602,1548,1500,1520,1505,1500,988,8.3
2025-05-10,18:29:07.490,-64,-68,10,4027,1250,45,1,15,12384,12,428,-81,129,354,-8,519,516,-1,-1,-1,-1,0x1020480014840205,1498,1521,1588,1500,2012,1460,1564,1500,1500,1459,988,1500,1500,1500,1500,1500,1500,1500,1372,1628,1500,1555,1500,2012,1500,1563,1521,1500,1520,1505,1500,988,8.3
2025-05-10,18:29:07.990,-66,-73,10,4023,1110,46,1,15,11839,13,430,-76,302,354,-9,519,516,-1,-1,-1,-1,0x1020480014840205,1499,1540,1589,1500,2012,1462,1651,1500,1500,1462,988,1500,1500,1500,1500,1500,1500,1500,1372,1628,1500,1555,1500,2012,1500,1670,1540,1500,1520,1505,1500,988,8.3
2025-05-10,18:29:08.480,-78,-83,10,4031,1270,46,1,15,11237,13,430,479,5,354,-8,519,516,-1,-1,-1,-1,0x1020480014840205,1621,1502,1589,1500,2012,1739,1502,1500,1500,1746,988,1500,1500,1500,1500,1500,1500,1500,1080,2012,1500,1555,1500,2012,1500,1504,1502,1500,1520,1505,1500,988,8.3
2025-05-10,18:29:08.990,-68,-78,10,4043,12140,46,1,15,8461,13,431,-3,616,354,-9,519,516,-1,-1,-1,-1,0x1020480010840205,1511,1711,1589,1500,2012,1499,1808,1500,1500,1498,988,1500,1500,1500,1500,1500,1500,1500,1372,1628,1500,1555,1500,2012,1500,1849,1711,1500,1520,1505,1500,988,8.3
2025-05-10,18:29:09.490,-71,-78,10,4045,1190,46,1,15,8129,13,432,632,7,354,-8,519,516,-1,-1,-1,-1,0x1020480014840205,1654,1502,1589,1500,2012,1816,1503,1500,1500,1815,988,1500,1500,1500,1500,1500,1500,1500,1183,2012,1500,1555,1500,2012,1500,1505,1502,1500,1520,1505,1500,988,8.3
2025-05-10,18:29:09.990,-74,-73,10,4046,1610,46,1,15,7931,13,433,696,495,354,-8,519,516,-1,-1,-1,-1,0x1020480014840205,1672,1619,1589,1500,2012,1848,1747,1500,1500,1847,988,1500,1500,1500,1500,1500,1500,1500,1372,1628,1500,1555,1500,2012,1500,1791,1619,1500,1520,1505,1500,988,8.3
2025-05-10,18:29:10.490,-81,-77,10,4047,1600,46,1,15,7891,13,434,349,390,354,-8,519,515,-1,-1,-1,-1,0x1020480014840205,1598,1611,1589,1500,2012,1674,1695,1500,1500,1691,988,1500,1500,1500,1500,1500,1500,1500,1372,1628,1500,1555,1500,2012,1500,1741,1611,1500,1520,1505,1500,988,8.3
2025-05-10,18:29:10.990,-79,-84,10,4018,34920,46,1,15,16338,13,437,75,695,354,-8,519,516,-1,-1,-1,-1,0x1020480014840205,1528,1767,1589,1500,2012,1537,1847,1500,1500,1537,988,1500,1500,1500,1500,1500,1500,1500,1372,1628,1500,1555,1500,2012,1500,1892,1767,1500,1520,1505,1500,988,8.3
2025-05-10,18:29:11.490,-89,-80,10,4022,15410,46,1,15,12297,13,438,114,828,354,-8,519,516,-1,-1,-1,-1,0x1020480014840205,1540,1771,1589,1500,2012,1557,1914,1500,1500,1563,988,1500,1500,1500,1500,1500,1500,1500,1372,1628,1500,1555,1500,2012,1500,1938,1782,1500,1520,1505,1500,988,8.3
2025-05-10,18:29:11.980,-81,-81,10,4008,0,46,1,15,4540,13,439,-1024,-785,354,-9,519,516,-1,-1,-1,-1,0x1020480016880205,1177,1323,1589,1498,2012,988,1108,1321,1500,988,988,1500,1500,1500,1500,1500,1500,1321,1234,2012,1500,1555,1500,2012,1500,1069,1500,1500,1520,1505,1500,988,8.3
2025-05-10,18:29:12.490,-70,-70,10,4048,1030,46,1,15,2006,13,439,-1024,64,354,-9,519,516,-1,-1,-1,-1,0x1020480014840A05,1177,1521,1589,1500,2012,988,1532,1500,1500,988,988,1500,1500,1500,1500,1500,1500,1500,1372,2012,1500,1555,1500,2012,1500,1539,1521,1500,1520,1505,1500,988,8.3
2025-05-10,18:29:12.990,-74,-71,10,4050,1340,46,1,15,3149,13,440,-1024,11,354,-8,519,516,-1,-1,-1,-1,0x1020480014840A05,1177,1503,1589,1500,2012,988,1505,1500,1500,988,988,1500,1500,1500,1500,1500,1500,1500,988,2012,1500,1555,1500,2012,1500,1508,1503,1500,1520,1505,1500,988,8.3
2025-05-10,18:29:13.480,-86,-76,10,4042,10470,45,1,15,7055,13,442,232,383,354,-8,519,516,-1,-1,-1,-1,0x1020480014840205,1561,1640,1589,1500,2012,1616,1691,1500,1500,1608,988,1500,1500,1500,1500,1500,1500,1500,1372,1628,1500,1555,1500,2012,1500,1750,1640,1500,1520,1505,1500,988,8.3
2025-05-10,18:29:13.980,-78,-80,25,4011,11240,46,1,15,8754,13,443,2,483,354,-9,519,516,-1,-1,-1,-1,0x1020480010840205,1513,1673,1589,1500,2012,1501,1741,1500,1500,1501,988,1500,1500,1500,1500,1500,1500,1500,1372,1628,1500,1555,1500,2012,1500,1794,1673,1500,1520,1505,1500,988,8.3
2025-05-10,18:29:14.480,-82,-71,10,4000,1180,46,1,15,10593,13,446,2,26,354,-8,519,516,-1,-1,-1,-1,0x1020480010840205,1513,1516,1589,1500,2012,1501,1513,1500,1500,1501,988,1500,1500,1500,1500,1500,1500,1500,1014,1986,1500,1555,1500,2012,1500,1529,1516,1500,1520,1505,1500,988,8.3
2025-05-10,18:29:14.980,-90,-79,10,3999,1370,46,1,15,12332,13,447,-432,8,354,-8,519,515,-1,-1,-1,-1,0x1020480014840205,1433,1503,1589,1500,2012,1284,1504,1500,1500,1295,988,1500,1500,1500,1500,1500,1500,1500,1065,1935,1500,1555,1500,2012,1500,1573,1503,1500,1520,1505,1500,988,8.3
2025-05-10,18:29:15.480,-88,-82,10,4017,6290,46,1,15,10079,13,448,-544,243,354,-8,519,516,-1,-1,-1,-1,0x1020480014840A05,1394,1554,1589,1500,2012,1228,1621,1500,1500,1222,988,1500,1500,1500,1500,1500,1500,1500,1372,1628,1500,1555,1500,2012,1500,1632,1554,1500,1520,1505,1500,988,8.3
2025-05-10,18:29:15.980,-96,-81,10,4024,1420,46,1,15,10021,13,449,-610,23,354,-8,519,515,-1,-1,-1,-1,0x1020480014840A05,1379,1504,1589,1500,2012,1195,1511,1500,1500,1196,988,1500,1500,1500,1500,1500,1500,1500,999,2012,1500,1555,1500,2012,1500,1508,1504,1500,1520,1505,1500,988,8.3
2025-05-10,18:29:16.490,-81,-82,10,4032,1140,46,1,15,9717,13,450,-486,285,354,-9,519,516,-1,-1,-1,-1,0x1020480014840A05,1417,1581,1589,1500,2012,1257,1642,1500,1500,1257,988,1500,1500,1500,1500,1500,1500,1500,1372,1628,1500,1555,1500,2012,1500,1696,1581,1500,1520,1505,1500,988,8.3
2025-05-10,18:29:16.980,-82,-79,10,4032,6950,46,1,15,13225,13,451,-440,132,354,-9,519,516,-1,-1,-1,-1,0x1020480014840A05,1425,1550,1589,1500,2012,1280,1566,1500,1500,1280,988,1500,1500,1500,1500,1500,1500,1500,1372,1628,1500,1555,1500,2012,1500,1667,1550,1500,1520,1505,1500,988,8.3
2025-05-10,18:29:17.480,-82,-73,10,4021,2780,46,1,15,7552,13,452,265,525,354,-9,519,516,-1,-1,-1,-1,0x1020480014840205,1579,1644,1589,1500,2012,1632,1762,1500,1500,1646,988,1500,1500,1500,1500,1500,1500,1500,1372,1628,1500,1555,1500,2012,1500,1806,1644,1500,1520,1505,1500,988,8.3
2025-05-10,18:29:17.980,-82,-76,10,4011,7460,46,1,15,9909,13,454,352,619,354,-9,519,516,-1,-1,-1,-1,0x1020480014840205,1590,1702,1589,1500,2012,1676,1809,1500,1500,1670,988,1500,1500,1500,1500,1500,1500,1500,1372,1628,1500,1555,1500,2012,1500,1855,1702,1500,1520,1505,1500,988,8.3
2025-05-10,18:29:18.490,-73,-74,10,3993,14920,46,1,15,12506,13,456,4,496,354,-9,519,516,-1,-1,-1,-1,0x1020480010840205,1513,1692,1589,1500,2012,1502,1748,1500,1500,1502,988,1500,1500,1500,1500,1500,1500,1500,1372,1628,1500,1555,1500,2012,1500,1812,1692,1500,1520,1505,1500,988,8.3
2025-05-10,18:29:18.980,-75,-74,10,3995,9210,46,1,15,12779,13,457,9,397,354,-9,519,516,-1,-1,-1,-1,0x1020480010840205,1514,1641,1589,1500,2012,1504,1698,1500,1500,1504,988,1500,1500,1500,1500,1500,1500,1500,1372,1628,1500,1555,1500,2012,1500,1751,1641,1500,1520,1505,1500,988,8.3
2025-05-10,18:29:19.480,-72,-74,10,4010,6690,46,1,15,12686,13,458,7,349,354,-8,519,516,-1,-1,-1,-1,0x1020480010840205,1514,1627,1589,1500,2012,1503,1674,1500,1500,1503,988,1500,1500,1500,1500,1500,1500,1500,1372,1628,1500,1555,1500,2012,1500,1732,1627,1500,1520,1505,1500,988,8.3
2025-05-10,18:29:19.980,-79,-75,10,4019,1170,46,1,15,11872,14,458,5,11,354,-9,519,516,-1,-1,-1,-1,0x1020480010840205,1513,1504,1589,1500,2012,1502,1505,1500,1500,1502,988,1500,1500,1500,1500,1500,1500,1500,1009,2012,1500,1555,1500,2012,1500,1509,1504,1500,1520,1505,1500,988,8.3
2025-05-10,18:29:20.480,-73,-67,10,4024,2000,46,1,15,11340,14,459,10,303,354,-8,519,515,-1,-1,-1,-1,0x1020480010840205,1514,1564,1589,1500,2012,1505,1651,1500,1500,1505,988,1500,1500,1500,1500,1500,1500,1500,1372,1628,1500,1555,1500,2012,1500,1669,1564,1500,1520,1505,1500,988,8.3
2025-05-10,18:29:20.980,-73,-64,10,4040,980,46,1,15,10495,14,460,4,380,354,-9,519,516,-1,-1,-1,-1,0x1020480010840205,1513,1580,1589,1500,2012,1502,1690,1500,1500,1502,988,1500,1500,1500,1500,1500,1500,1500,1372,1628,1500,1555,1500,2012,1500,1733,1580,1500,1520,1505,1500,988,8.3
2025-05-10,18:29:21.480,-70,-61,10,4034,19520,46,1,15,12035,14,460,10,750,354,-9,519,516,-1,-1,-1,-1,0x1020480010840205,1514,1781,1589,1500,2012,1504,1875,1500,1500,1505,988,1500,1500,1500,1500,1500,1500,1500,1372,1628,1500,1555,1500,2012,1500,1909,1781,1500,1520,1505,1500,988,8.3
2025-05-10,18:29:21.980,-54,-62,10,4012,1060,46,1,15,14574,14,465,152,7,354,-9,518,515,-1,-1,-1,-1,0x1020480014840205,1544,1502,1589,1500,2012,1576,1503,1500,1500,1571,988,1500,1500,1500,1500,1500,1500,1500,988,2012,1500,1555,1500,2012,1500,1588,1502,1500,1520,1505,1500,988,8.3
2025-05-10,18:29:22.490,-49,-62,10,3939,57480,45,1,15,29404,14,471,10,711,354,-9,519,516,-1,-1,-1,-1,0x1020480010840205,1514,1854,1589,1500,2012,1505,1855,1500,1500,1505,988,1500,1500,1500,1500,1500,1500,1500,1372,1628,1500,1555,1500,2012,1500,1952,1774,1500,1520,1505,1500,988,8.3
2025-05-10,18:29:22.980,-50,-62,10,3956,69190,45,1,15,28448,14,475,9,820,354,-8,519,516,-1,-1,-1,-1,0x1020480010842205,1514,1860,1589,1500,2012,1504,1910,1500,1500,1504,988,1500,1500,1500,1500,1500,1500,1500,1372,1628,1500,1555,1500,2012,1500,1966,1811,1500,1520,1505,1500,988,8.3
2025-05-10,18:29:23.480,-52,-62,10,3987,0,46,1,15,3730,14,476,9,-731,354,-9,519,516,-1,-1,-1,-1,0x1020480012880205,1514,1323,1589,1498,2012,1504,1135,1321,1500,1504,988,1500,1500,1500,1500,1500,1500,1321,1275,2012,1500,1555,1500,2012,1500,1084,1500,1500,1520,1505,1500,988,8.3
2025-05-10,18:29:23.980,-53,-52,10,4029,1140,46,1,15,10340,14,476,431,192,354,-9,519,516,-1,-1,-1,-1,0x1020480014840205,1613,1554,1589,1500,2012,1715,1596,1500,1500,1727,988,1500,1500,1500,1500,1500,1500,1500,1372,1628,1500,1555,1500,2012,1500,1629,1554,1500,1520,1505,1500,988,8.3
2025-05-10,18:29:24.480,-66,-58,10,4033,1010,46,1,15,4482,14,476,-1024,7,354,-8,519,515,-1,-1,-1,-1,0x1020480014840205,1177,1503,1589,1500,2012,988,1504,1500,1500,988,988,1500,1500,1500,1500,1500,1500,1500,1234,2012,1500,1555,1500,2012,1500,1505,1503,1500,1520,1505,1500,988,8.3
2025-05-10,18:29:24.980,-74,-69,10,4037,1020,46,1,15,327,14,476,-1024,27,354,-9,519,515,-1,-1,-1,-1,0x1020480014840A05,1177,1506,1589,1500,2012,988,1518,1500,1500,988,988,1500,1500,1500,1500,1500,1500,1500,1372,2012,1500,1555,1500,2012,1500,1511,1506,1500,1520,1505,1500,988,8.3
2025-05-10,18:29:25.480,-79,-75,10,4038,4730,46,1,15,3680,14,478,-687,363,354,-9,519,516,-1,-1,-1,-1,0x1020480014840A05,1356,1631,1589,1500,2012,1157,1681,1500,1500,1163,988,1500,1500,1500,1500,1500,1500,1500,1372,1628,1500,1555,1500,2012,1500,1739,1631,1500,1520,1505,1500,988,8.3
2025-05-10,18:29:25.980,-68,-71,10,4011,29790,46,1,15,11759,14,480,-108,694,354,-9,519,516,-1,-1,-1,-1,0x1020480014840205,1494,1745,1589,1500,2012,1446,1847,1500,1500,1447,988,1500,1500,1500,1500,1500,1500,1500,1372,1628,1500,1555,1500,2012,1500,1880,1745,1500,1520,1505,1500,988,8.3
2025-05-10,18:29:26.480,-73,-72,10,3932,1150,47,1,15,13261,14,486,-77,-193,354,-8,519,516,-1,-1,-1,-1,0x10204800168C0205,1501,1426,1589,1499,2012,1462,1404,1426,1500,1468,988,1500,1500,1500,1500,1500,1500,1425,988,2012,1500,1555,1500,2012,1500,1625,1500,1500,1520,1505,1500,988,8.3
2025-05-10,18:29:26.990,-69,-72,10,3996,550,47,1,15,2630,14,486,-684,-718,354,-8,519,516,-1,-1,-1,-1,0x1020480016880205,1352,1323,1589,1498,2012,1158,1141,1321,1500,1158,988,1500,1500,1500,1500,1500,1500,1321,1372,2012,1500,1555,1500,2012,1500,1099,1500,1500,1520,1505,1500,988,8.3
2025-05-10,18:29:27.480,-72,-59,10,4033,1340,47,1,15,3645,14,486,-101,11,354,-9,519,515,-1,-1,-1,-1,0x1020480014840205,1489,1505,1589,1500,2012,1450,1505,1500,1500,1434,988,1500,1500,1500,1500,1500,1500,1500,1372,2012,1500,1555,1500,2012,1500,1509,1505,1500,1520,1505,1500,988,8.3
2025-05-10,18:29:27.980,-68,-66,10,4034,1010,45,1,15,2229,14,486,1,10,354,-9,519,516,-1,-1,-1,-1,0x1020480010840205,1512,1503,1589,1500,2012,1500,1505,1500,1500,1500,988,1500,1500,1500,1500,1500,1500,1500,1500,2012,1500,1555,1500,2012,1500,1507,1503,1500,1520,1505,1500,988,8.3
2025-05-10,18:29:28.480,-70,-68,10,4034,14580,45,1,15,5523,14,487,180,661,354,-9,519,516,-1,-1,-1,-1,0x1020480014840205,1552,1696,1589,1500,2012,1590,1830,1500,1500,1589,988,1500,1500,1500,1500,1500,1500,1500,1372,1628,1500,1555,1500,2012,1500,1879,1696,1500,1520,1505,1500,988,8.3
2025-05-10,18:29:28.980,-72,-59,10,4027,8280,45,1,15,7768,14,489,526,411,354,-9,519,516,-1,-1,-1,-1,0x1020480014840205,1628,1655,1589,1500,2012,1763,1705,1500,1500,1762,988,1500,1500,1500,1500,1500,1500,1500,1372,1628,1500,1555,1500,2012,1500,1769,1655,1500,1520,1505,1500,988,8.3
2025-05-10,18:29:29.480,-67,-61,10,4000,9430,46,1,15,8358,14,490,5,480,354,-8,519,516,-1,-1,-1,-1,0x1020480010840205,1513,1672,1589,1500,2012,1502,1745,1500,1500,1502,988,1500,1500,1500,1500,1500,1500,1500,1372,1628,1500,1555,1500,2012,1500,1793,1672,1500,1520,1505,1500,988,8.3
2025-05-10,18:29:29.980,-65,-64,10,3996,520,46,1,15,5154,14,491,112,-171,354,-9,519,516,-1,-1,-1,-1,0x1020480016800205,1537,1451,1589,1500,2012,1550,1424,1451,1500,1556,988,1500,1500,1500,1500,1500,1500,1451,1090,2012,1500,1555,1500,2012,1500,1366,1500,1500,1520,1505,1500,988,8.3
2025-05-10,18:29:30.480,-60,-64,10,4005,2990,47,1,15,5207,14,492,8,375,354,-9,519,516,-1,-1,-1,-1,0x1020480010840205,1514,1601,1589,1500,2012,1504,1687,1500,1500,1504,988,1500,1500,1500,1500,1500,1500,1500,1372,1628,1500,1555,1500,2012,1500,1723,1601,1500,1520,1505,1500,988,8.3
2025-05-10,18:29:30.980,-55,-64,10,4008,8090,47,1,15,12547,14,496,9,-8,354,-8,519,516,-1,-1,-1,-1,0x1020480010840205,1514,1501,1589,1500,2012,1504,1496,1500,1500,1504,988,1500,1500,1500,1500,1500,1500,1500,1219,1781,1500,1555,1500,2012,1500,1706,1501,1500,1520,1505,1500,988,8.3
2025-05-10,18:29:31.480,-55,-64,10,4017,0,46,1,15,3593,14,496,10,-744,354,-9,519,516,-1,-1,-1,-1,0x1020480012880205,1514,1323,1589,1498,2012,1505,1128,1321,1500,1505,988,1500,1500,1500,1500,1500,1500,1321,1372,2012,1500,1555,1500,2012,1500,1089,1500,1500,1520,1505,1500,988,8.3
2025-05-10,18:29:31.980,-55,-64,10,4037,980,46,1,15,2280,14,496,2,12,354,-8,519,516,-1,-1,-1,-1,0x1020480010840205,1513,1505,1589,1500,2012,1501,1505,1500,1500,1501,988,1500,1500,1500,1500,1500,1500,1500,1372,2012,1500,1555,1500,2012,1500,1509,1505,1500,1520,1505,1500,988,8.3
2025-05-10,18:29:32.480,-53,-64,10,4039,940,46,1,15,1730,14,496,2,11,354,-9,519,516,-1,-1,-1,-1,0x1020480010840205,1513,1504,1589,1500,2012,1501,1505,1500,1500,1501,988,1500,1500,1500,1500,1500,1500,1500,1500,2012,1500,1555,1500,2012,1500,1509,1504,1500,1520,1505,1500,988,8.3
2025-05-10,18:29:32.980,-54,-64,10,4039,950,46,1,15,1164,14,496,2,12,354,-9,519,515,-1,-1,-1,-1,0x1020480010840205,1513,1504,1589,1500,2012,1501,1506,1500,1500,1501,988,1500,1500,1500,1500,1500,1500,1500,1500,2012,1500,1554,1500,2012,1500,1509,1504,1500,1520,1505,1500,988,8.3
2025-05-10,18:29:33.480,-55,-64,10,4041,900,45,1,15,668,14,496,2,12,354,-8,519,516,-1,-1,-1,-1,0x1020480010840205,1513,1505,1589,1500,2012,1501,1506,1500,1500,1501,988,1500,1500,1500,1500,1500,1500,1500,1500,2012,1500,1555,1500,2012,1500,1509,1505,1500,1520,1505,1500,988,8.3
2025-05-10,18:29:33.980,-56,-57,10,4043,930,45,1,15,200,14,496,2,12,354,-9,519,516,-1,-1,-1,-1,0x1020480010840205,1513,1505,1584,1500,2012,1501,1506,1500,1500,1501,988,1500,1500,1500,1500,1500,1500,1500,1500,2012,1500,1555,1500,2012,1500,1509,1505,1500,1520,1505,1500,988,8.3
2025-05-10,18:29:34.480,-55,-56,10,4044,190,45,1,15,0,14,496,1,11,354,-8,519,516,-1,-1,-1,-1,0x1020480010840204,1513,1504,1500,1500,2012,1500,1505,1500,1500,1501,988,1500,1500,1500,1500,1500,1500,1500,1500,2012,1500,1555,1500,2012,1500,1508,1504,1500,1520,1505,1500,988,8.3
2025-05-10,18:29:34.980,-56,-56,10,4048,190,45,1,15,0,14,496,2,10,354,-9,519,516,-1,-1,-1,-1,0x1020480010840204,1512,1504,1500,1500,2012,1501,1505,1500,1500,1500,988,1500,1500,1500,1500,1500,1500,1500,1500,2012,1500,1555,1500,2012,1500,1509,1504,1500,1520,1505,1500,988,8.3
2025-05-10,18:29:35.480,-58,-55,10,4050,190,43,1,15,0,14,496,1,9,354,-9,519,516,-1,-1,-1,-1,0x1020480010840304,1512,1503,1500,1500,2012,1500,1504,1500,1500,1500,988,1500,1500,1500,1500,1500,1500,1500,1500,2012,1500,1555,1500,2012,1500,1507,1503,1500,1520,1505,1500,988,8.3
2025-05-10,18:29:35.980,-58,-55,10,4052,190,41,1,15,0,14,496,-1,12,354,-9,519,515,-1,-1,-1,-1,0x1020480010840204,1512,1505,1500,1500,2012,1500,1506,1500,1500,1500,988,1500,1500,1500,1500,1500,1500,1500,1500,2012,1500,1554,1500,2012,1500,1509,1505,1500,1520,1505,1500,988,8.3
2025-05-10,18:29:36.480,-57,-62,10,4053,180,41,1,15,0,14,496,1,11,354,-9,519,515,-1,-1,-1,-1,0x1020480010840204,1512,1504,1500,1500,2012,1500,1505,1500,1500,1500,988,1500,1500,1500,1500,1500,1500,1500,1500,2012,1500,1555,1500,2012,1500,1508,1504,1500,1520,1505,1500,988,8.3
2025-05-10,18:29:36.980,-56,-54,10,4054,160,41,1,15,0,14,496,0,8,354,-9,519,515,-1,-1,-1,-1,0x1020480010840204,1512,1503,1500,1500,2012,1500,1504,1500,1500,1500,988,1500,1500,1500,1500,1500,1500,1500,1500,2012,1500,1555,1500,2012,1500,1506,1503,1500,1520,1505,1500,988,8.3
2025-05-10,18:29:37.480,-55,-60,10,4055,200,41,1,15,0,14,496,-1,9,354,-9,519,516,-1,-1,-1,-1,0x1020480010840204,1512,1504,1500,1500,2012,1500,1504,1500,1500,1500,988,1500,1500,1500,1500,1500,1500,1500,1500,2012,1500,1555,1500,2012,1500,1508,1504,1500,1520,1505,1500,988,8.3
2025-05-10,18:29:37.980,-57,-52,10,4056,180,41,1,15,0,14,496,0,9,354,-9,519,516,-1,-1,-1,-1,0x1020480010840204,1512,1503,1500,1500,2012,1500,1504,1500,1500,1500,988,1500,1500,1500,1500,1500,1500,1500,1500,2012,1500,1555,1500,2012,1500,1507,1503,1500,1520,1505,1500,988,8.3
2025-05-10,18:29:38.480,-57,-54,10,4057,180,41,1,15,0,14,497,0,9,354,-9,519,516,0,-1,-1,-1,0x1020480010840204,1512,1503,1500,1500,2012,1500,1504,1500,1500,1500,988,1500,1500,1500,1500,1500,1500,1500,1500,2012,1500,1555,1500,2012,1500,1507,1503,1500,1520,1505,1500,988,8.3
2025-05-10,18:29:38.980,-57,-54,10,4058,190,41,1,15,0,14,497,0,10,354,-8,519,515,0,-1,-1,-1,0x1020480010840204,1512,1504,1500,1500,2012,1500,1505,1500,1500,1500,988,1500,1500,1500,1500,1500,1500,1500,1500,2012,1500,1555,1500,2012,1500,1508,1504,1500,1520,1505,1500,988,8.3
2025-05-10,18:29:39.460,-57,-53,10,4059,180,41,1,15,0,14,497,0,9,354,-8,519,515,0,-1,-1,-1,0x1020480010840204,1512,1503,1500,1500,2012,1500,1504,1500,1500,1500,988,1500,1500,1500,1500,1500,1500,1500,1500,2012,1500,1555,1500,2012,1500,1507,1503,1500,1520,1505,1500,988,8.3
2025-05-10,18:29:39.940,-57,-55,10,4059,190,41,1,15,0,14,497,0,12,354,-8,519,515,0,-1,-1,-1,0x1020480010840204,1512,1505,1500,1500,2012,1500,1506,1500,1500,1500,988,1500,1500,1500,1500,1500,1500,1500,1500,2012,1500,1555,1500,2012,1500,1509,1505,1500,1520,1505,1500,988,8.3
2025-05-10,18:29:40.440,-57,-55,10,4060,180,41,1,15,0,14,497,1,11,354,-9,519,515,0,-1,-1,-1,0x1020480010840204,1512,1504,1500,1500,2012,1500,1505,1500,1500,1500,988,1500,1500,1500,1500,1500,1500,1500,1500,2012,1500,1555,1500,2012,1500,1509,1504,1500,1520,1510,1500,988,8.3
2025-05-10,18:29:40.940,-54,-54,10,4061,160,41,1,15,0,14,497,0,10,354,-8,519,516,0,-1,-1,-1,0x1020480010840204,1512,1504,1500,1500,2012,1500,1505,1500,1500,1500,988,1500,1500,1500,1500,1500,1500,1500,1500,2012,1500,1555,1500,2012,1500,1508,1504,1500,1520,1505,1500,988,8.3
2025-05-10,18:29:41.440,-55,-54,10,4062,180,41,1,15,0,14,497,0,11,354,-9,519,515,0,-1,-1,-1,0x1020480010840204,1512,1504,1500,1500,2012,1500,1505,1500,1500,1500,988,1500,1500,1500,1500,1500,1500,1500,1500,2012,1500,1555,1500,2012,1500,1509,1504,1500,1520,1505,1500,988,8.3
2025-05-10,18:29:41.940,-55,-54,10,4062,190,41,1,15,0,14,497,-1,10,354,-9,519,516,0,-1,-1,-1,0x1020480010840204,1512,1504,1500,1500,2012,1500,1505,1500,1500,1500,988,1500,1500,1500,1500,1500,1500,1500,1500,2012,1500,1555,1500,2012,1500,1508,1504,1500,1520,1505,1500,988,8.3
2025-05-10,18:29:42.440,-57,-53,10,4063,170,41,1,15,0,14,497,-2,11,354,-8,519,516,0,-1,-1,-1,0x1020480010840204,1512,1504,1500,1500,2012,1499,1505,1500,1500,1499,988,1500,1500,1500,1500,1500,1500,1500,1500,2012,1500,1555,1500,2012,1500,1509,1504,1500,1520,1505,1500,988,8.3
2025-05-10,18:29:42.940,-58,-52,10,4064,190,41,1,15,0,14,497,0,10,354,-8,519,516,0,-1,-1,-1,0x1020480010840204,1512,1504,1500,1500,2012,1500,1505,1500,1500,1500,988,1500,1500,1500,1500,1500,1500,1500,1500,2012,1500,1555,1500,2012,1500,1508,1504,1500,1520,1505,1500,988,8.3
2025-05-10,18:29:43.440,-57,-54,10,4064,170,41,1,15,0,14,497,-1,10,354,-9,519,515,0,-1,-1,-1,0x1020480010840204,1512,1504,1500,1500,2012,1500,1505,1500,1500,1500,988,1500,1500,1500,1500,1500,1500,1500,1500,2012,1500,1555,1500,2012,1500,1508,1504,1500,1520,1505,1500,988,8.3
2025-05-10,18:29:43.940,-59,-54,10,4065,160,41,1,15,0,14,497,-1,10,354,-9,519,516,0,-1,-1,-1,0x1020480010840204,1512,1504,1500,1500,2012,1500,1505,1500,1500,1500,988,1500,1500,1500,1500,1500,1500,1500,1500,2012,1500,1555,1500,2012,1500,1508,1504,1500,1520,1505,1500,988,8.3
2025-05-10,18:29:44.440,-57,-54,10,4065,190,41,1,15,0,14,497,0,10,354,-8,519,516,0,-1,-1,-1,0x1020480010840204,1512,1504,1500,1500,2012,1500,1505,1500,1500,1500,988,1500,1500,1500,1500,1500,1500,1500,1500,2012,1500,1555,1500,2012,1500,1508,1504,1500,1520,1505,1500,988,8.3
2025-05-10,18:29:44.940,-72,-53,10,4066,190,41,1,15,0,14,497,-1,9,354,-9,519,516,0,-1,-1,-1,0x1020480010840204,1512,1503,1500,1500,2012,1500,1504,1500,1500,1500,988,1500,1500,1500,1500,1500,1500,1500,1500,2012,1500,1555,1500,2012,1500,1507,1503,1500,1520,1505,1500,988,8.3
2025-05-10,18:29:45.440,-72,-55,10,4067,180,41,1,15,0,14,497,0,9,354,-8,519,515,0,-1,-1,-1,0x1020480010840204,1512,1504,1500,1500,2012,1500,1504,1500,1500,1500,988,1500,1500,1500,1500,1500,1500,1500,1500,2012,1500,1555,1500,2012,1500,1508,1504,1500,1520,1505,1500,988,8.3
2025-05-10,18:29:45.940,-55,-54,10,4067,190,41,1,15,0,14,497,-1,10,354,-9,519,516,0,-1,-1,-1,0x1020480010840204,1512,1504,1500,1500,2012,1500,1505,1500,1500,1500,988,1500,1500,1500,1500,1500,1500,1500,1500,2012,1500,1555,1500,2012,1500,1508,1504,1500,1520,1505,1500,988,8.3
2025-05-10,18:29:46.440,-55,-53,10,4068,190,41,1,15,0,14,497,-1,10,354,-8,519,516,0,-1,-1,-1,0x1020480010840204,1512,1504,1500,1500,2012,1500,1505,1500,1500,1500,988,1500,1500,1500,1500,1500,1500,1500,1500,2012,1500,1555,1500,2012,1500,1508,1504,1500,1520,1505,1500,988,8.3
2025-05-10,18:29:46.940,-58,-54,10,4068,180,41,1,15,0,14,497,-1,11,354,-9,519,515,0,-1,-1,-1,0x1020480010840204,1512,1504,1500,1500,2012,1500,1505,1500,1500,1500,988,1500,1500,1500,1500,1500,1500,1500,1500,2012,1500,1555,1500,2012,1500,1509,1504,1500,1520,1505,1500,988,8.3
2025-05-10,18:29:47.440,-58,-53,10,4069,180,41,1,15,0,14,497,0,10,354,-9,519,516,0,-1,-1,-1,0x1020480010840204,1512,1504,1500,1500,2012,1500,1505,1500,1500,1500,988,1500,1500,1500,1500,1500,1500,1500,1500,2012,1500,1555,1500,2012,1500,1509,1504,1500,1520,1505,1500,988,8.3
2025-05-10,18:29:47.940,-53,-54,10,4069,6710,41,1,15,2445,14,497,570,406,354,-9,519,516,0,-1,-1,-1,0x1020480014840204,1639,1639,1523,1500,2012,1785,1703,1500,1500,1784,988,1500,1500,1500,1500,1500,1500,1500,1372,1628,1500,1555,1500,2012,1500,1755,1639,1500,1520,1505,1500,988,8.3
2025-05-10,18:29:48.440,-57,-54,10,4068,33760,41,1,15,5673,14,499,-131,623,354,-9,519,516,0,-1,-1,-1,0x1020480014840205,1492,1728,1589,1500,2012,1435,1811,1500,1500,1442,988,1500,1500,1500,1500,1500,1500,1500,1372,1628,1500,1555,1500,2012,1500,1858,1728,1500,1520,1505,1500,988,8.3
2025-05-10,18:29:48.940,-67,-49,10,4041,1490,41,1,15,10987,15,504,-315,-591,354,-9,519,516,0,-1,-1,-1,0x1020480016880205,1465,1330,1589,1499,2012,1335,1200,1329,1500,1367,988,1500,1500,1500,1500,1500,1500,1329,988,2012,1500,1555,1500,988,1500,1669,1500,1500,1520,1505,1500,988,8.3
2025-05-10,18:29:49.440,-66,-57,10,4055,460,44,1,15,4100,15,504,-386,-438,354,-9,519,516,0,-1,-1,-1,0x1020480016800A05,1442,1382,1589,1499,2012,1307,1281,1381,1500,1313,988,1500,1500,1500,1500,1500,1500,1381,1372,2012,1500,1555,1500,988,1500,1222,1500,1500,1520,1505,1500,988,8.3
2025-05-10,18:29:49.940,-85,-75,10,4057,1770,45,1,15,886,15,504,-1023,-450,354,-9,519,515,0,-1,-1,-1,0x1020480016880A05,1178,1378,1589,1499,2012,989,1282,1377,1500,989,988,1500,1500,1500,1500,1500,1500,1377,1372,2012,1500,1555,1500,988,1500,1203,1500,1500,1520,1505,1500,988,8.3
2025-05-10,18:29:50.440,-63,-72,10,4057,960,45,1,15,246,15,504,-1,8,354,-9,519,516,0,-1,-1,-1,0x1020480010840205,1512,1503,1589,1500,2012,1500,1504,1500,1500,1500,988,1500,1500,1500,1500,1500,1500,1500,1500,2012,1500,1555,1500,2012,1500,1506,1503,1500,1520,1505,1500,988,8.3
2025-05-10,18:29:50.940,-65,-63,10,4057,960,45,1,15,0,15,504,-2,7,354,-8,519,515,0,-1,-1,-1,0x1020480010840205,1512,1503,1589,1500,2012,1499,1503,1500,1500,1499,988,1500,1500,1500,1500,1500,1500,1500,1500,2012,1500,1555,1500,2012,1500,1505,1503,1500,1520,1505,1500,988,8.3
2025-05-10,18:29:51.440,-73,-64,10,4059,940,45,1,15,0,15,504,-2,9,354,-9,519,516,0,-1,-1,-1,0x1020480010840205,1512,1503,1589,1500,2012,1499,1504,1500,1500,1499,988,1500,1500,1500,1500,1500,1500,1500,1500,2012,1500,1555,1500,2012,1500,1507,1503,1500,1520,1505,1500,988,8.3
2025-05-10,18:29:51.940,-64,-67,10,4060,760,45,1,15,0,15,504,-2,7,354,-8,519,516,0,-1,-1,-1,0x1020480010840205,1512,1503,1573,1500,2012,1499,1503,1500,1500,1499,988,1500,1500,1500,1500,1500,1500,1500,1500,2012,1500,1555,1500,2012,1500,1505,1503,1500,1520,1505,1500,988,8.3
2025-05-10,18:29:52.440,-67,-60,10,4061,210,44,1,15,0,15,504,-2,6,354,-9,519,516,0,-1,-1,-1,0x1020480010840204,1512,1502,1500,1500,2012,1499,1503,1500,1500,1499,988,1500,1500,1500,1500,1500,1500,1500,1500,2012,1500,1555,1500,2012,1500,1505,1502,1500,1520,1505,1500,988,8.3
2025-05-10,18:29:52.940,-64,-64,10,4065,190,44,1,15,0,15,504,-2,8,354,-8,519,515,0,-1,-1,-1,0x1020480010840204,1512,1503,1500,1500,2012,1499,1504,1500,1500,1499,988,1500,1500,1500,1500,1500,1500,1500,1500,2012,1500,1555,1500,2012,1500,1506,1503,1500,1520,1505,1500,988,8.3
2025-05-10,18:29:53.440,-65,-70,10,4066,190,41,1,15,0,15,504,-3,8,354,-8,519,516,0,-1,-1,-1,0x1020480010840204,1512,1503,1500,1500,2012,1499,1504,1500,1500,1499,988,1500,1500,1500,1500,1500,1500,1500,1500,2012,1500,1555,1500,2012,1500,1506,1503,1500,1520,1505,1500,988,8.3
2025-05-10,18:29:53.940,-64,-63,10,4067,200,41,1,15,0,15,504,-2,11,354,-9,519,515,0,-1,-1,-1,0x1020480010840204,1512,1504,1500,1500,2012,1499,1505,1500,1500,1499,988,1500,1500,1500,1500,1500,1500,1500,1500,2012,1500,1555,1500,2012,1500,1509,1504,1500,1520,1505,1500,988,8.3
2025-05-10,18:29:54.440,-65,-64,10,4068,210,41,1,15,0,15,504,-1,10,354,-8,519,516,0,-1,-1,-1,0x1020480010840204,1512,1504,1500,1500,2012,1500,1505,1500,1500,1499,988,1500,1500,1500,1500,1500,1500,1500,1500,2012,1500,1555,1500,2012,1500,1508,1504,1500,1520,1505,1500,988,8.3
2025-05-10,18:29:54.940,-66,-65,10,4068,200,41,1,15,0,15,504,-2,8,354,-9,519,515,0,-1,-1,-1,0x1020480010840204,1512,1503,1500,1500,2012,1499,1504,1500,1500,1499,988,1500,1500,1500,1500,1500,1500,1500,1500,2012,1500,1555,1500,2012,1500,1507,1503,1500,1520,1505,1500,988,8.3
2025-05-10,18:29:55.440,-64,-66,10,4069,210,41,1,15,0,15,504,-3,8,354,-8,519,516,0,-1,-1,-1,0x1020480010840204,1512,1503,1500,1500,2012,1499,1504,1500,1500,1499,988,1500,1500,1500,1500,1500,1500,1500,1500,2012,1500,1555,1500,2012,1500,1506,1503,1500,1520,1505,1500,988,8.3
2025-05-10,18:29:55.940,-65,-66,10,4069,190,41,1,15,0,15,504,-2,9,354,-8,519,515,0,-1,-1,-1,0x1020480010840204,1512,1504,1500,1500,2012,1499,1504,1500,1500,1499,988,1500,1500,1500,1500,1500,1500,1500,1500,2012,1500,1555,1500,2012,1500,1508,1504,1500,1520,1505,1500,988,8.3
2025-05-10,18:29:56.440,-61,-65,10,4070,200,41,1,15,0,15,504,-2,10,354,-9,519,516,0,-1,-1,-1,0x1020480010840204,1512,1504,1500,1500,2012,1499,1505,1500,1500,1499,988,1500,1500,1500,1500,1500,1500,1500,1500,2012,1500,1555,1500,2012,1500,1508,1504,1500,1520,1505,1500,988,8.3
2025-05-10,18:29:56.940,-65,-64,10,4070,190,41,1,15,0,15,504,-2,10,354,-9,519,516,0,-1,-1,-1,0x1020480010840204,1512,1504,1500,1500,2012,1499,1505,1500,1500,1499,988,1500,1500,1500,1500,1500,1500,1500,1500,2012,1500,1555,1500,2012,1500,1508,1504,1500,1520,1505,1500,988,8.3
2025-05-10,18:29:57.440,-65,-65,10,4071,190,41,1,15,0,15,504,-2,11,354,-9,519,516,0,-1,-1,-1,0x1020480010840204,1512,1504,1500,1500,2012,1499,1505,1500,1500,1499,988,1500,1500,1500,1500,1500,1500,1500,1500,2012,1500,1555,1500,2012,1500,1509,1504,1500,1520,1505,1500,988,8.3
2025-05-10,18:29:57.940,-66,-66,10,4071,180,41,1,15,0,15,504,-2,11,354,-9,519,516,0,-1,-1,-1,0x1020480010840204,1512,1504,1500,1500,2012,1499,1505,1500,1500,1499,988,1500,1500,1500,1500,1500,1500,1500,1500,2012,1500,1555,1500,2012,1500,1509,1504,1500,1520,1505,1500,988,8.3
2025-05-10,18:29:58.440,-65,-66,10,4072,180,41,1,15,0,15,505,-2,11,354,-9,519,516,0,-1,-1,-1,0x1020480010840204,1512,1504,1500,1500,2012,1499,1505,1500,1500,1499,988,1500,1500,1500,1500,1500,1500,1500,1500,2012,1500,1555,1500,2012,1500,1509,1504,1500,1520,1505,1500,988,8.3
2025-05-10,18:29:58.940,-66,-66,10,4072,180,41,1,15,0,15,505,-1,11,354,-9,519,516,0,-1,-1,-1,0x1020480010840204,1512,1505,1500,1500,2012,1500,1505,1500,1500,1500,988,1500,1500,1500,1500,1500,1500,1500,1500,2012,1500,1555,1500,2012,1500,1509,1505,1500,1520,1505,1500,988,8.3
2025-05-10,18:29:59.440,-67,-66,10,4072,190,41,1,15,0,15,505,-2,12,354,-8,519,516,0,-1,-1,-1,0x1020480010840204,1512,1505,1500,1500,2012,1499,1506,1500,1500,1499,988,1500,1500,1500,1500,1500,1500,1500,1500,2012,1500,1555,1500,2012,1500,1509,1505,1500,1520,1505,1500,988,8.3
2025-05-10,18:29:59.940,-68,-68,10,4073,180,41,1,15,0,15,505,-2,11,354,-9,519,516,0,-1,-1,-1,0x1020480010840204,1512,1504,1500,1500,2012,1499,1505,1500,1500,1499,988,1500,1500,1500,1500,1500,1500,1500,1500,2012,1500,1555,1500,2012,1500,1509,1504,1500,1520,1505,1500,988,8.3
2025-05-10,18:30:00.440,-65,-63,10,4073,200,41,1,15,0,15,505,-2,11,354,-9,519,516,0,-1,-1,-1,0x1020480010840204,1512,1504,1500,1500,2012,1499,1505,1500,1500,1499,988,1500,1500,1500,1500,1500,1500,1500,1500,2012,1500,1555,1500,2012,1500,1509,1504,1500,1520,1505,1500,988,8.3
2025-05-10,18:30:00.940,-65,-65,10,4074,190,41,1,15,0,15,505,-2,11,354,-9,519,516,0,-1,-1,-1,0x1020480010840204,1512,1504,1500,1500,2012,1499,1505,1500,1500,1499,988,1500,1500,1500,1500,1500,1500,1500,1500,2012,1500,1555,1500,2012,1500,1509,1504,1500,1520,1505,1500,988,8.3
2025-05-10,18:30:01.440,-66,-63,10,4074,190,41,1,15,0,15,505,-2,12,354,-9,519,516,0,-1,-1,-1,0x1020480010840204,1512,1505,1500,1500,2012,1499,1506,1500,1500,1499,988,1500,1500,1500,1500,1500,1500,1500,1500,2012,1500,1555,1500,2012,1500,1509,1505,1500,1520,1505,1500,988,8.3
2025-05-10,18:30:01.940,-67,-63,10,4074,210,41,1,15,0,15,505,-2,11,354,-9,519,516,0,-1,-1,-1,0x1020480010840204,1512,1504,1500,1500,2012,1499,1505,1500,1500,1499,988,1500,1500,1500,1500,1500,1500,1500,1500,2012,1500,1555,1500,2012,1500,1509,1504,1500,1520,1505,1500,988,8.3
2025-05-10,18:30:02.440,-67,-68,10,4075,190,41,1,15,0,15,505,-2,11,354,-9,519,515,0,-1,-1,-1,0x1020480010840204,1512,1504,1500,1500,2012,1499,1505,1500,1500,1499,988,1500,1500,1500,1500,1500,1500,1500,1500,2012,1500,1555,1500,2012,1500,1509,1504,1500,1520,1505,1500,988,8.3
2025-05-10,18:30:02.940,-65,-66,10,4075,180,41,1,15,0,15,505,-2,9,354,-9,519,515,0,-1,-1,-1,0x1020480010840204,1512,1503,1500,1500,2012,1499,1504,1500,1500,1499,988,1500,1500,1500,1500,1500,1500,1500,1500,2012,1500,1555,1500,2012,1500,1507,1503,1500,1520,1505,1500,988,8.3
2025-05-10,18:30:03.440,-65,-66,10,4075,200,40,1,15,0,15,505,-2,11,354,-9,519,516,0,-1,-1,-1,0x1020480010840204,1512,1504,1500,1500,2012,1499,1505,1500,1500,1499,988,1500,1500,1500,1500,1500,1500,1500,1500,2012,1500,1555,1500,2012,1500,1509,1504,1500,1520,1505,1500,988,8.3
2025-05-10,18:30:03.940,-70,-65,10,4076,190,40,1,15,0,15,505,-2,11,354,-9,519,516,0,-1,-1,-1,0x1020480010840204,1512,1504,1500,1500,2012,1499,1505,1500,1500,1499,988,1500,1500,1500,1500,1500,1500,1500,1500,2012,1500,1555,1500,2012,1500,1509,1504,1500,1520,1505,1500,988,8.3
2025-05-10,18:30:04.440,-66,-64,10,4076,150,40,1,15,0,15,505,-2,10,354,-8,519,516,0,-1,-1,-1,0x1020480010840204,1512,1504,1500,1500,2012,1499,1505,1500,1500,1499,988,1500,1500,1500,1500,1500,1500,1500,1500,2012,1500,1555,1500,2012,1500,1508,1504,1500,1520,1505,1500,988,8.3
2025-05-10,18:30:04.940,-67,-67,10,4076,200,40,1,15,0,15,505,-2,10,354,-8,519,515,0,-1,-1,-1,0x1020480010840204,1512,1504,1500,1500,2012,1499,1505,1500,1500,1499,988,1500,1500,1500,1500,1500,1500,1500,1500,2012,1500,1555,1500,2012,1500,1509,1504,1500,1520,1505,1500,988,8.3
2025-05-10,18:30:05.440,-68,-66,10,4076,190,40,1,15,0,15,505,-2,9,354,-9,519,516,0,-1,-1,-1,0x1020480010840204,1512,1503,1500,1500,2012,1499,1504,1500,1500,1499,988,1500,1500,1500,1500,1500,1500,1500,1500,2012,1500,1555,1500,2012,1500,1507,1503,1500,1520,1505,1500,988,8.3
2025-05-10,18:30:05.940,-65,-65,10,4077,190,40,1,15,0,15,505,-2,11,354,-9,519,516,0,-1,-1,-1,0x1020480010840204,1512,1504,1500,1500,2012,1499,1505,1500,1500,1499,988,1500,1500,1500,1500,1500,1500,1500,1500,2012,1500,1555,1500,2012,1500,1509,1504,1500,1520,1505,1500,988,8.3
2025-05-10,18:30:06.440,-66,-67,10,4077,200,40,1,15,0,15,505,-2,10,354,-8,519,516,0,-1,-1,-1,0x1020480010840204,1512,1504,1500,1500,2012,1499,1505,1500,1500,1499,988,1500,1500,1500,1500,1500,1500,1500,1500,2012,1500,1555,1500,2012,1500,1508,1504,1500,1520,1505,1500,988,8.3
2025-05-10,18:30:06.940,-66,-73,10,4077,200,40,1,15,0,15,505,-2,10,354,-9,519,516,0,-1,-1,-1,0x1020480010840204,1512,1504,1500,1500,2012,1499,1505,1500,1500,1499,988,1500,1500,1500,1500,1500,1500,1500,1500,2012,1500,1555,1500,2012,1500,1508,1504,1500,1520,1505,1500,988,8.3
2025-05-10,18:30:07.440,-66,-73,10,4077,200,40,1,15,0,15,505,-2,11,354,-8,519,516,0,-1,-1,-1,0x1020480010840204,1512,1504,1500,1500,2012,1499,1505,1500,1500,1499,988,1500,1500,1500,1500,1500,1500,1500,1500,2012,1500,1555,1500,2012,1500,1509,1504,1500,1520,1505,1500,988,8.3
2025-05-10,18:30:07.940,-71,-66,10,4078,200,40,1,15,0,15,505,-2,11,354,-8,519,516,0,-1,-1,-1,0x1020480010840204,1512,1504,1500,1500,2012,1499,1505,1500,1500,1499,988,1500,1500,1500,1500,1500,1500,1500,1500,2012,1500,1555,1500,2012,1500,1508,1504,1500,1520,1505,1500,988,8.3
2025-05-10,18:30:08.440,-65,-66,10,4078,190,40,1,15,0,15,505,-2,10,354,-9,519,516,0,-1,-1,-1,0x1020480010840204,1512,1504,1500,1500,2012,1499,1505,1500,1500,1499,988,1500,1500,1500,1500,1500,1500,1500,1500,2012,1500,1555,1500,2012,1500,1508,1504,1500,1520,1505,1500,988,8.3
2025-05-10,18:30:08.940,-65,-68,10,4078,170,40,1,15,0,15,505,-2,11,354,-8,519,516,0,-1,-1,-1,0x1020480010840204,1512,1504,1500,1500,2012,1499,1505,1500,1500,1499,988,1500,1500,1500,1500,1500,1500,1500,1500,2012,1500,1555,1500,2012,1500,1509,1504,1500,1520,1505,1500,988,8.3
2025-05-10,18:30:09.440,-66,-66,10,4079,190,40,1,15,0,15,505,-1,11,354,-8,519,515,0,-1,-1,-1,0x1020480010840204,1512,1504,1500,1500,2012,1500,1505,1500,1500,1499,988,1500,1500,1500,1500,1500,1500,1500,1500,2012,1500,1555,1500,2012,1500,1509,1504,1500,1520,1505,1500,988,8.3
2025-05-10,18:30:09.940,-65,-65,10,4079,190,40,1,15,0,15,505,-2,10,354,-8,519,515,0,-1,-1,-1,0x1020480010840204,1512,1504,1500,1500,2012,1499,1505,1500,1500,1499,988,1500,1500,1500,1500,1500,1500,1500,1500,2012,1500,1555,1500,2012,1500,1508,1504,1500,1520,1505,1500,988,8.3
2025-05-10,18:30:10.440,-65,-65,10,4079,210,40,1,15,0,15,505,-2,9,354,-8,519,516,0,-1,-1,-1,0x1020480010840204,1512,1503,1500,1500,2012,1499,1504,1500,1500,1499,988,1500,1500,1500,1500,1500,1500,1500,1500,2012,1500,1555,1500,2012,1500,1507,1503,1500,1520,1505,1500,988,8.3
2025-05-10,18:30:10.940,-66,-65,10,4079,180,40,1,15,0,15,505,-2,9,354,-8,519,516,0,-1,-1,-1,0x1020480010840204,1512,1503,1500,1500,2012,1499,1504,1500,1500,1499,988,1500,1500,1500,1500,1500,1500,1500,1500,2012,1500,1555,1500,2012,1500,1507,1503,1500,1520,1505,1500,988,8.3
2025-05-10,18:30:11.440,-67,-69,10,4079,210,40,1,15,0,15,505,-2,9,354,-9,519,516,0,-1,-1,-1,0x1020480010840204,1512,1503,1500,1500,2012,1499,1504,1500,1500,1499,988,1500,1500,1500,1500,1500,1500,1500,1500,2012,1500,1555,1500,2012,1500,1508,1503,1500,1520,1505,1500,988,8.3
2025-05-10,18:30:11.940,-67,-66,10,4080,180,40,1,15,0,15,505,-2,10,354,-9,519,516,0,-1,-1,-1,0x1020480010840204,1512,1504,1500,1500,2012,1499,1505,1500,1500,1499,988,1500,1500,1500,1500,1500,1500,1500,1500,2012,1500,1555,1500,2012,1500,1508,1504,1500,1520,1505,1500,988,8.3
2025-05-10,18:30:12.440,-69,-66,10,4080,200,40,1,15,0,15,505,-2,7,354,-9,519,515,0,-1,-1,-1,0x1020480010840204,1512,1503,1500,1500,2012,1499,1503,1500,1500,1499,988,1500,1500,1500,1500,1500,1500,1500,1500,2012,1500,1555,1500,2012,1500,1505,1503,1500,1520,1505,1500,988,8.3
2025-05-10,18:30:12.940,-66,-65,10,4080,250,40,1,15,0,15,505,266,10,354,-9,519,515,0,-1,-1,-1,0x1020480014840204,1562,1504,1500,1500,2012,1633,1505,1500,1500,1609,988,1500,1500,1500,1500,1500,1500,1500,1500,2012,1500,1555,1500,2012,1500,1509,1504,1500,1520,1505,1500,988,8.3
2025-05-10,18:30:13.440,-67,-64,10,4080,1110,40,1,15,2754,15,506,523,6,354,-9,519,515,0,-1,-1,-1,0x1020480014840205,1628,1502,1546,1500,2012,1761,1503,1500,1500,1761,988,1500,1500,1500,1500,1500,1500,1500,1014,1986,1500,1555,1500,2012,1500,1505,1502,1500,1520,1505,1500,988,8.3
2025-05-10,18:30:13.940,-68,-60,10,4075,2910,40,1,15,5575,15,508,-63,552,354,-8,519,516,0,-1,-1,-1,0x1020480014840205,1500,1683,1589,1500,2012,1469,1776,1500,1500,1463,988,1500,1500,1500,1500,1500,1500,1500,1372,1628,1500,1555,1500,2012,1500,1812,1683,1500,1520,1505,1500,988,8.3
2025-05-10,18:30:14.440,-70,-61,10,4041,86060,41,1,15,28019,15,514,-2,626,354,-9,519,515,0,-1,-1,-1,0x1020480010840205,1512,1810,1589,1500,2012,1499,1813,1500,1500,1499,988,1500,1500,1500,1500,1500,1500,1500,1372,1628,1500,1555,1500,2012,1500,1959,1810,1500,1520,1505,1500,988,8.3
2025-05-10,18:30:14.940,-79,-63,10,4019,7360,45,1,15,14058,15,515,-9,14,354,-9,519,516,0,-1,-1,-1,0x1020480010840205,1510,1506,1589,1500,2012,1496,1507,1500,1500,1495,988,1500,1500,1500,1500,1500,1500,1500,1270,1730,1500,1555,1500,2012,1500,1602,1506,1500,1520,1505,1500,988,8.3
2025-05-10,18:30:15.440,-86,-76,10,4035,28490,46,1,15,14895,15,516,1,848,354,-8,519,516,0,-1,-1,-1,0x1020480010840205,1512,1859,1589,1500,2012,1500,1924,1500,1500,1500,988,1500,1500,1500,1500,1500,1500,1500,1372,1628,1500,1555,1500,2012,1500,1944,1859,1500,1520,1505,1500,988,8.3
2025-05-10,18:30:15.940,-72,-72,10,4022,125780,46,1,15,26543,15,521,-46,1023,354,-9,519,516,0,-1,-1,-1,0x1020480010842205,1504,2010,1589,1500,2012,1477,2011,1500,1500,1478,988,1500,1500,1500,1500,1500,1500,1500,1372,1628,1500,1555,1500,2012,1500,2011,2010,1500,1520,1505,1500,988,8.3
2025-05-10,18:30:16.440,-75,-78,10,3987,6340,45,1,15,17734,15,525,185,811,354,-9,519,515,0,-1,-1,-1,0x1020480014840205,1553,1809,1589,1500,2012,1592,1905,1500,1500,1592,988,1500,1500,1500,1500,1500,1500,1500,1372,1628,1500,1555,1500,2012,1500,1926,1809,1500,1520,1505,1500,988,8.3
2025-05-10,18:30:16.940,-70,-78,10,3978,1580,45,1,15,16423,15,528,706,33,354,-8,519,516,0,-1,-1,-1,0x1020480014840205,1674,1509,1589,1500,2012,1853,1516,1500,1500,1852,988,1500,1500,1500,1500,1500,1500,1500,988,2012,1500,1555,1500,2012,1500,1554,1509,1500,1520,1505,1500,988,8.3
2025-05-10,18:30:17.440,-70,-69,10,4008,25610,45,1,15,11760,15,529,584,641,354,-8,519,515,0,-1,-1,-1,0x1020480014840205,1654,1730,1589,1500,2012,1792,1820,1500,1500,1815,988,1500,1500,1500,1500,1500,1500,1500,1372,1628,1500,1555,1500,2012,1500,1860,1730,1500,1520,1505,1500,988,8.3
2025-05-10,18:30:17.940,-73,-73,10,3974,2910,45,1,15,12980,15,533,945,340,354,-9,518,516,0,-1,-1,-1,0x1020480014840205,1747,1606,1589,1500,2012,1972,1670,1500,1500,1972,988,1500,1500,1500,1500,1500,1500,1500,1372,1628,1500,1555,1500,2012,1500,1710,1606,1500,1520,1505,1500,988,8.3
2025-05-10,18:30:18.440,-79,-75,10,3958,12250,46,1,15,14345,15,536,415,806,354,-9,519,515,0,-1,-1,-1,0x1020480014840205,1615,1827,1589,1500,2012,1707,1903,1500,1500,1731,988,1500,1500,1500,1500,1500,1500,1500,1372,1628,1500,1555,1500,2012,1500,1933,1827,1500,1520,1505,1500,988,8.3
2025-05-10,18:30:18.940,-82,-78,10,3928,0,46,1,15,14951,15,542,80,-717,354,-9,519,515,0,-1,-1,-1,0x1020480016880205,1530,1301,1589,1498,2012,1540,1142,1300,1500,1539,988,1500,1500,1500,1500,1500,1500,1299,999,2012,1500,1555,1500,988,1500,1509,1500,1500,1520,1505,1500,988,8.3
2025-05-10,18:30:19.440,-85,-75,10,3998,1690,47,1,15,9879,15,542,-1024,-480,354,-8,519,516,0,-1,-1,-1,0x10204800168C0205,1221,1330,1589,1499,2012,988,1260,1329,1500,1024,988,1500,1500,1500,1500,1500,1500,1328,1372,2012,1500,1555,1500,2012,1500,1402,1500,1500,1520,1505,1500,988,8.3
2025-05-10,18:30:19.940,-86,-73,10,4029,1590,47,1,15,4365,15,542,-1024,335,354,-8,519,515,0,-1,-1,-1,0x1020480014840A05,1177,1608,1589,1500,2012,988,1667,1500,1500,988,988,1500,1500,1500,1500,1500,1500,1500,1372,1628,1500,1555,1500,2012,1500,1706,1608,1500,1520,1505,1500,988,8.3
2025-05-10,18:30:20.440,-86,-72,10,4028,4490,46,1,15,5619,15,543,-767,421,354,-8,519,515,0,-1,-1,-1,0x1020480014840A05,1297,1639,1589,1500,2012,1117,1710,1500,1500,1091,988,1500,1500,1500,1500,1500,1500,1500,1372,1628,1500,1555,1500,2012,1500,1749,1639,1500,1520,1505,1500,988,8.3
2025-05-10,18:30:20.940,-86,-71,10,3983,15690,46,1,15,11464,15,548,-1,824,354,-9,519,516,0,-1,-1,-1,0x1020480010840205,1512,1841,1589,1500,2012,1500,1912,1500,1500,1500,988,1500,1500,1500,1500,1500,1500,1500,1372,1628,1500,1555,1500,2012,1500,1936,1841,1500,1520,1505,1500,988,8.3
2025-05-10,18:30:21.440,-73,-71,10,3940,35180,47,1,15,22913,16,552,122,206,354,-8,519,516,0,-1,-1,-1,0x1020480014840205,1543,1572,1589,1500,2012,1561,1603,1500,1500,1568,988,1500,1500,1500,1500,1500,1500,1500,1372,1628,1500,1555,1500,2012,1500,1833,1572,1500,1520,1505,1500,988,8.3
2025-05-10,18:30:21.940,-76,-75,10,3924,113190,46,1,15,24503,16,557,1,941,354,-8,519,515,0,-1,-1,-1,0x1020480010842205,1512,1953,1589,1500,2012,1500,1970,1500,1500,1500,988,1500,1500,1500,1500,1500,1500,1500,1372,1628,1500,1555,1500,2012,1500,1990,1962,1500,1520,1505,1500,988,8.3
2025-05-10,18:30:22.440,-73,-77,10,3972,1330,46,1,15,20873,16,559,1,8,354,-9,519,516,0,-1,-1,-1,0x1020480010840205,1512,1503,1589,1500,2012,1500,1504,1500,1500,1500,988,1500,1500,1500,1500,1500,1500,1500,1264,2012,1500,1555,1500,2012,1500,1505,1503,1500,1520,1505,1500,988,8.3
2025-05-10,18:30:22.940,-78,-80,10,4000,1130,46,1,15,1459,16,559,6,-998,354,-8,519,515,0,-1,-1,-1,0x1020480012800205,1513,1094,1589,1496,2012,1503,1001,1500,1091,1503,988,1500,1500,1500,1500,1500,1500,1090,1090,2012,1500,1555,1500,988,1500,1074,1500,1500,1520,1505,1500,988,8.3
2025-05-10,18:30:23.440,-81,-82,25,4014,1050,46,1,15,1104,16,560,757,-534,354,-9,519,516,0,-1,-1,-1,0x1020480016880205,1689,1350,1589,1499,2012,1878,1233,1349,1500,1878,988,1500,1500,1500,1500,1500,1500,1349,1372,2012,1500,1555,1500,988,1500,1162,1500,1500,1520,1505,1500,988,8.3
2025-05-10,18:30:23.940,-85,-82,10,4024,1010,46,1,15,2140,16,560,0,10,354,-8,519,516,0,-1,-1,-1,0x1020480010840205,1512,1504,1589,1500,2012,1500,1505,1500,1500,1500,988,1500,1500,1500,1500,1500,1500,1500,1372,2012,1500,1555,1500,2012,1500,1509,1504,1500,1520,1505,1500,988,8.3
2025-05-10,18:30:24.440,-90,-82,10,4026,930,46,1,15,1014,16,560,-1,-112,354,-8,519,515,0,-1,-1,-1,0x1020480012800205,1512,1464,1589,1500,2012,1500,1449,1464,1500,1499,988,1500,1500,1500,1500,1500,1500,1464,1500,2012,1500,1555,1500,988,1500,1372,1500,1500,1520,1505,1500,988,8.3
2025-05-10,18:30:24.940,-80,-78,10,4029,950,46,1,15,316,16,560,-2,11,354,-9,519,516,0,-1,-1,-1,0x1020480010840205,1512,1504,1589,1500,2012,1499,1505,1500,1500,1500,988,1500,1500,1500,1500,1500,1500,1500,1500,2012,1500,1555,1500,2012,1500,1509,1504,1500,1520,1505,1500,988,8.3
2025-05-10,18:30:25.450,-80,-74,10,4031,950,45,1,15,0,16,560,-2,12,354,-9,519,516,0,-1,-1,-1,0x1020480010840205,1512,1505,1589,1500,2012,1499,1506,1500,1500,1499,988,1500,1500,1500,1500,1500,1500,1500,1500,2012,1500,1555,1500,2012,1500,1509,1505,1500,1520,1505,1500,988,8.3
2025-05-10,18:30:25.940,-77,-72,10,4033,390,45,1,15,0,16,560,-2,12,354,-9,519,515,0,-1,-1,-1,0x1020480010840205,1512,1505,1545,1500,2012,1499,1506,1500,1500,1499,988,1500,1500,1500,1500,1500,1500,1500,1500,2012,1500,1555,1500,2012,1500,1509,1505,1500,1520,1505,1500,988,8.3
2025-05-10,18:30:26.440,-75,-74,10,4035,180,45,1,15,0,16,560,-3,15,354,-9,519,516,0,-1,-1,-1,0x1020480010840204,1512,1506,1500,1500,2012,1499,1507,1500,1500,1499,988,1500,1500,1500,1500,1500,1500,1500,1500,2012,1500,1555,1500,2012,1500,1512,1506,1500,1520,1505,1500,988,8.3
2025-05-10,18:30:26.940,-75,-74,10,4040,150,45,1,15,0,16,560,-3,8,354,-9,519,515,0,-1,-1,-1,0x1020480010840204,1512,1503,1500,1500,2012,1499,1504,1500,1500,1499,988,1500,1500,1500,1500,1500,1500,1500,1500,2012,1500,1555,1500,2012,1500,1506,1503,1500,1520,1505,1500,988,8.3
2025-05-10,18:30:27.440,-76,-78,10,4041,150,41,1,15,0,16,560,-2,10,354,-9,519,516,0,-1,-1,-1,0x1020480010840204,1512,1504,1500,1500,2012,1499,1505,1500,1500,1499,988,1500,1500,1500,1500,1500,1500,1500,1500,2012,1500,1555,1500,2012,1500,1508,1504,1500,1520,1505,1500,988,8.3
2025-05-10,18:30:27.940,-78,-74,10,4043,160,41,1,15,0,16,560,-3,9,354,-9,519,515,0,-1,-1,-1,0x1020480010840204,1512,1503,1500,1500,2012,1499,1504,1500,1500,1499,988,1500,1500,1500,1500,1500,1500,1500,1500,2012,1500,1555,1500,2012,1500,1507,1503,1500,1520,1505,1500,988,8.3
2025-05-10,18:30:28.440,-74,-75,10,4044,160,41,1,15,0,16,560,-2,9,354,-8,519,516,0,-1,-1,-1,0x1020480010840204,1512,1503,1500,1500,2012,1499,1504,1500,1500,1499,988,1500,1500,1500,1500,1500,1500,1500,1500,2012,1500,1555,1500,2012,1500,1507,1503,1500,1520,1505,1500,988,8.3
2025-05-10,18:30:28.940,-78,-72,10,4045,160,41,1,15,0,16,560,-3,10,354,-8,519,516,0,-1,-1,-1,0x1020480010840204,1512,1504,1500,1500,2012,1499,1505,1500,1500,1499,988,1500,1500,1500,1500,1500,1500,1500,1500,2012,1500,1555,1500,2012,1500,1508,1504,1500,1520,1505,1500,988,8.3
2025-05-10,18:30:29.440,-78,-73,10,4047,160,41,1,15,0,16,560,-3,11,354,-9,519,516,0,-1,-1,-1,0x1020480010840204,1512,1504,1500,1500,2012,1499,1505,1500,1500,1499,988,1500,1500,1500,1500,1500,1500,1500,1500,2012,1500,1555,1500,2012,1500,1509,1504,1500,1520,1505,1500,988,8.3
2025-05-10,18:30:29.940,-78,-73,10,4048,150,41,1,15,0,16,560,-3,11,354,-9,519,515,0,-1,-1,-1,0x1020480010840204,1512,1504,1500,1500,2012,1499,1505,1500,1500,1499,988,1500,1500,1500,1500,1500,1500,1500,1500,2012,1500,1555,1500,2012,1500,1509,1504,1500,1520,1505,1500,988,8.3
2025-05-10,18:30:30.440,-73,-73,10,4049,150,41,1,15,0,16,560,-2,11,354,-9,519,515,0,-1,-1,-1,0x1020480010840204,1512,1504,1500,1500,2012,1499,1505,1500,1500,1499,988,1500,1500,1500,1500,1500,1500,1500,1500,2012,1500,1555,1500,2012,1500,1509,1504,1500,1520,1505,1500,988,8.3
2025-05-10,18:30:30.940,-73,-74,10,4050,160,41,1,15,0,16,560,-2,11,354,-9,519,516,0,-1,-1,-1,0x1020480010840204,1512,1504,1500,1500,2012,1499,1505,1500,1500,1499,988,1500,1500,1500,1500,1500,1500,1500,1500,2012,1500,1555,1500,2012,1500,1509,1504,1500,1520,1505,1500,988,8.3
2025-05-10,18:30:31.440,-73,-74,10,4050,150,41,1,15,0,16,560,-3,10,354,-9,519,515,0,-1,-1,-1,0x1020480010840204,1512,1504,1500,1500,2012,1499,1505,1500,1500,1499,988,1500,1500,1500,1500,1500,1500,1500,1500,2012,1500,1555,1500,2012,1500,1508,1504,1500,1520,1505,1500,988,8.3
2025-05-10,18:30:31.940,-72,-75,10,4051,140,41,1,15,0,16,560,-2,12,354,-8,519,516,0,-1,-1,-1,0x1020480010840204,1512,1505,1500,1500,2012,1499,1506,1500,1500,1499,988,1500,1500,1500,1500,1500,1500,1500,1500,2012,1500,1555,1500,2012,1500,1509,1505,1500,1520,1505,1500,988,8.3
2025-05-10,18:30:32.450,-76,-74,10,4052,150,41,1,15,0,16,560,-2,11,354,-9,519,515,0,-1,-1,-1,0x1020480010840204,1512,1504,1500,1500,2012,1499,1505,1500,1500,1499,988,1500,1500,1500,1500,1500,1500,1500,1500,2012,1500,1555,1500,2012,1500,1509,1504,1500,1520,1505,1500,988,8.3
2025-05-10,18:30:32.950,-76,-74,10,4053,160,41,1,15,0,16,560,-2,11,354,-8,519,516,0,-1,-1,-1,0x1020480010840204,1512,1504,1500,1500,2012,1499,1505,1500,1500,1499,988,1500,1500,1500,1500,1500,1500,1500,1500,2012,1500,1555,1500,2012,1500,1509,1504,1500,1520,1505,1500,988,8.3
2025-05-10,18:30:33.450,-75,-73,10,4054,150,41,1,15,0,16,560,-3,10,354,-9,519,516,0,-1,-1,-1,0x1020480010840204,1512,1504,1500,1500,2012,1499,1505,1500,1500,1499,988,1500,1500,1500,1500,1500,1500,1500,1500,2012,1500,1555,1500,2012,1500,1508,1504,1500,1520,1505,1500,988,8.3
2025-05-10,18:30:33.950,-75,-74,10,4054,150,41,1,15,0,16,560,-2,11,354,-8,519,516,0,-1,-1,-1,0x1020480010840204,1512,1504,1500,1500,2012,1499,1505,1500,1500,1499,988,1500,1500,1500,1500,1500,1500,1500,1500,2012,1500,1555,1500,2012,1500,1509,1504,1500,1520,1505,1500,988,8.3
2025-05-10,18:30:34.450,-75,-73,10,4055,160,41,1,15,0,16,561,-2,11,354,-9,519,516,0,-1,-1,-1,0x1020480010840204,1512,1504,1500,1500,2012,1499,1505,1500,1500,1499,988,1500,1500,1500,1500,1500,1500,1500,1500,2012,1500,1555,1500,2012,1500,1509,1504,1500,1520,1505,1500,988,8.3
2025-05-10,18:30:34.950,-75,-73,10,4056,160,41,1,15,0,16,561,-3,10,354,-8,519,516,0,-1,-1,-1,0x1020480010840204,1512,1504,1500,1500,2012,1499,1505,1500,1500,1499,988,1500,1500,1500,1500,1500,1500,1500,1500,2012,1500,1555,1500,2012,1500,1508,1504,1500,1520,1505,1500,988,8.3
2025-05-10,18:30:35.450,-72,-75,10,4056,170,41,1,15,0,16,561,-3,10,354,-8,519,515,0,-1,-1,-1,0x1020480010840204,1512,1504,1500,1500,2012,1499,1505,1500,1500,1499,988,1500,1500,1500,1500,1500,1500,1500,1500,2012,1500,1555,1500,2012,1500,1508,1504,1500,1520,1505,1500,988,8.3
2025-05-10,18:30:35.950,-73,-76,10,4057,150,41,1,15,0,16,561,-3,9,354,-8,519,515,0,-1,-1,-1,0x1020480010840204,1512,1503,1500,1500,2012,1499,1504,1500,1500,1499,988,1500,1500,1500,1500,1500,1500,1500,1500,2012,1500,1555,1500,2012,1500,1507,1503,1500,1520,1505,1500,988,8.3
2025-05-10,18:30:36.450,-73,-76,10,4057,160,41,1,15,0,16,561,-3,11,354,-9,519,516,0,-1,-1,-1,0x1020480010840204,1512,1504,1500,1500,2012,1499,1505,1500,1500,1499,988,1500,1500,1500,1500,1500,1500,1500,1500,2012,1500,1555,1500,2012,1500,1509,1504,1500,1520,1505,1500,988,8.3
2025-05-10,18:30:36.950,-80,-75,10,4058,150,41,1,15,0,16,561,-3,9,354,-8,519,516,0,-1,-1,-1,0x1020480010840204,1512,1503,1500,1500,2012,1499,1504,1500,1500,1499,988,1500,1500,1500,1500,1500,1500,1500,1500,2012,1500,1555,1500,2012,1500,1507,1503,1500,1520,1505,1500,988,8.3
2025-05-10,18:30:37.450,-80,-75,10,4059,160,41,1,15,0,16,561,-3,11,354,-8,519,515,0,-1,-1,-1,0x1020480010840204,1512,1504,1500,1500,2012,1499,1505,1500,1500,1499,988,1500,1500,1500,1500,1500,1500,1500,1500,2012,1500,1555,1500,2012,1500,1509,1504,1500,1520,1505,1500,988,8.3
2025-05-10,18:30:37.950,-78,-74,10,4059,150,41,1,15,0,16,561,-3,11,354,-8,518,515,0,-1,-1,-1,0x1020480010840204,1512,1504,1500,1500,2012,1499,1505,1500,1500,1499,988,1500,1500,1500,1500,1500,1500,1500,1500,2012,1500,1555,1500,2012,1500,1509,1504,1500,1520,1505,1500,988,8.3
2025-05-10,18:30:38.450,-78,-82,10,4060,150,41,1,15,0,16,561,-3,11,354,-9,519,516,0,-1,-1,-1,0x1020480010840204,1512,1504,1500,1500,2012,1499,1505,1500,1500,1499,988,1500,1500,1500,1500,1500,1500,1500,1500,2012,1500,1555,1500,2012,1500,1509,1504,1500,1520,1505,1500,988,8.3
2025-05-10,18:30:38.950,-74,-82,10,4060,160,41,1,15,0,16,561,-3,12,354,-9,519,515,0,-1,-1,-1,0x1020480010840204,1512,1505,1500,1500,2012,1499,1506,1500,1500,1499,988,1500,1500,1500,1500,1500,1500,1500,1500,2012,1500,1555,1500,2012,1500,1509,1505,1500,1520,1505,1500,988,8.3
2025-05-10,18:30:39.450,-77,-82,10,4061,190,41,1,15,0,16,561,-2,12,354,-8,519,516,0,-1,-1,-1,0x1020480010840204,1512,1505,1500,1500,2012,1499,1506,1500,1500,1499,988,1500,1500,1500,1500,1500,1500,1500,1500,2012,1500,1555,1500,2012,1500,1509,1505,1500,1520,1505,1500,988,8.3
2025-05-10,18:30:39.950,-77,-75,10,4061,150,41,1,15,0,16,561,-3,12,354,-9,519,515,0,-1,-1,-1,0x1020480010840204,1512,1505,1500,1500,2012,1499,1506,1500,1500,1499,988,1500,1500,1500,1500,1500,1500,1500,1500,2012,1500,1555,1500,2012,1500,1509,1505,1500,1520,1505,1500,988,8.3
2025-05-10,18:30:40.450,-77,-73,10,4062,150,41,1,15,0,16,561,-2,12,354,-9,519,515,0,-1,-1,-1,0x1020480010840204,1512,1504,1500,1500,2012,1499,1506,1500,1500,1499,988,1500,1500,1500,1500,1500,1500,1500,1500,2012,1500,1555,1500,2012,1500,1509,1505,1500,1520,1505,1500,988,8.3
2025-05-10,18:30:40.940,-83,-75,10,4062,150,41,1,15,0,16,561,-3,12,354,-9,519,516,0,-1,-1,-1,0x1020480010840204,1512,1505,1500,1500,2012,1499,1506,1500,1500,1499,988,1500,1500,1500,1500,1500,1500,1500,1500,2012,1500,1555,1500,2012,1500,1509,1505,1500,1520,1505,1500,988,8.3
2025-05-10,18:30:41.440,-83,-72,10,4062,150,41,1,15,0,16,561,-3,12,354,-8,519,516,0,-1,-1,-1,0x1020480010840204,1512,1505,1500,1500,2012,1499,1506,1500,1500,1499,988,1500,1500,1500,1500,1500,1500,1500,1500,2012,1500,1555,1500,2012,1500,1509,1505,1500,1520,1505,1500,988,8.3
2025-05-10,18:30:41.950,-73,-74,10,4063,150,41,1,15,0,16,561,-3,11,354,-9,519,515,0,-1,-1,-1,0x1020480010840204,1512,1504,1500,1500,2012,1499,1505,1500,1500,1499,988,1500,1500,1500,1500,1500,1500,1500,1500,2012,1500,1555,1500,2012,1500,1509,1504,1500,1520,1505,1500,988,8.3
2025-05-10,18:30:42.450,-78,-74,10,4063,160,41,1,15,0,16,561,-3,11,354,-9,519,516,0,-1,-1,-1,0x1020480010840204,1512,1504,1500,1500,2012,1499,1505,1500,1500,1499,988,1500,1500,1500,1500,1500,1500,1500,1500,2012,1500,1555,1500,2012,1500,1509,1504,1500,1520,1505,1500,988,8.3
2025-05-10,18:30:42.950,-78,-75,10,4064,170,41,1,15,0,16,561,-3,9,354,-9,519,516,0,-1,-1,-1,0x1020480010840204,1512,1503,1500,1500,2012,1499,1504,1500,1500,1499,988,1500,1500,1500,1500,1500,1500,1500,1500,2012,1500,1555,1500,2012,1500,1507,1503,1500,1520,1505,1500,988,8.3
2025-05-10,18:30:43.450,-75,-75,10,4064,150,41,1,15,0,16,561,-2,10,354,-9,519,516,0,-1,-1,-1,0x1020480010840204,1512,1504,1500,1500,2012,1499,1505,1500,1500,1499,988,1500,1500,1500,1500,1500,1500,1500,1500,2012,1500,1555,1500,2012,1500,1508,1504,1500,1520,1505,1500,988,8.3
2025-05-10,18:30:43.950,-76,-73,10,4064,150,41,1,15,0,16,561,-3,10,354,-9,519,515,0,-1,-1,-1,0x1020480010840204,1512,1504,1500,1500,2012,1499,1505,1500,1500,1499,988,1500,1500,1500,1500,1500,1500,1500,1500,2012,1500,1555,1500,2012,1500,1508,1504,1500,1520,1505,1500,988,8.3
2025-05-10,18:30:44.450,-78,-74,10,4065,160,41,1,15,0,16,561,-3,12,354,-9,518,515,0,-1,-1,-1,0x1020480010840204,1511,1505,1500,1500,2012,1499,1506,1500,1500,1498,988,1500,1500,1500,1500,1500,1500,1500,1500,2012,1500,1555,1500,2012,1500,1509,1505,1500,1520,1505,1500,988,8.3
2025-05-10,18:30:44.940,-82,-81,10,4065,150,41,1,15,0,16,561,-2,12,354,-9,1024,515,0,-1,-1,-1,0x1020480011040214,1512,1505,1500,1500,2012,1499,1506,1500,1500,1499,988,1500,1500,1500,1500,1500,1500,1500,1500,2012,1500,1565,1500,2012,1500,1509,1505,1500,1520,1505,1500,988,8.3
2025-05-10,18:30:45.440,-86,-80,10,4066,150,41,1,15,0,16,561,-3,12,354,-9,517,515,0,-1,-1,-1,0x1020480010840204,1512,1505,1500,1500,2012,1499,1506,1500,1500,1499,988,1500,1500,1500,1500,1500,1500,1500,1500,2012,1500,1555,1500,2012,1500,1509,1505,1500,1520,1505,1500,988,8.3
2025-05-10,18:30:45.950,-83,-79,10,4066,150,41,1,15,0,16,561,-3,12,354,-8,519,516,0,-1,-1,-1,0x1020480010840204,1512,1505,1500,1500,2012,1499,1506,1500,1500,1499,988,1500,1500,1500,1500,1500,1500,1500,1500,2012,1500,1555,1500,2012,1500,1509,1505,1500,1520,1505,1500,988,8.3
2025-05-10,18:30:46.450,-78,-78,10,4066,150,41,1,15,0,16,561,-3,11,354,-8,519,516,0,-1,-1,-1,0x1020480010840204,1512,1504,1500,1500,2012,1499,1505,1500,1500,1499,988,1500,1500,1500,1500,1500,1500,1500,1500,2012,1500,1555,1500,2012,1500,1509,1504,1500,1520,1505,1500,988,8.3
2025-05-10,18:30:46.950,-79,-81,10,4067,150,41,1,15,0,16,561,-2,12,354,-9,519,515,0,-1,-1,-1,0x1020480010840204,1512,1505,1500,1500,2012,1499,1506,1500,1500,1499,988,1500,1500,1500,1500,1500,1500,1500,1500,2012,1500,1555,1500,2012,1500,1509,1505,1500,1520,1505,1500,988,8.3
2025-05-10,18:30:47.450,-76,-77,10,4067,160,41,1,15,0,16,561,-2,12,354,-9,339,516,0,-1,-1,-1,0x1020480010440214,1512,1505,1500,1500,2012,1499,1506,1500,1500,1499,988,1500,1500,1500,1500,1500,1500,1500,1500,2012,1500,1555,1500,2012,1500,1509,1505,1500,1520,1505,1500,988,8.3
2025-05-10,18:30:47.950,-76,-77,10,4067,160,41,1,15,0,16,561,-3,12,354,-9,326,516,0,-1,-1,-1,0x1020480010440214,1512,1505,1500,1500,2012,1499,1506,1500,1500,1499,988,1500,1500,1500,1500,1500,1500,1500,1500,2012,1500,1555,1500,2012,1500,1509,1505,1500,1520,1505,1500,988,8.3
2025-05-10,18:30:48.450,-83,-75,10,4068,160,41,1,15,0,16,561,-3,12,354,-8,516,516,0,-1,-1,-1,0x1020480010840204,1512,1505,1500,1500,2012,1499,1506,1500,1500,1499,988,1500,1500,1500,1500,1500,1500,1500,1500,2012,1500,1555,1500,2012,1500,1509,1505,1500,1520,1505,1500,988,8.3
2025-05-10,18:30:48.940,-78,-78,10,4068,180,41,1,15,0,16,561,-3,11,354,-9,518,515,0,-1,-1,-1,0x1020480010840204,1512,1504,1500,1500,2012,1499,1505,1500,1500,1499,988,1500,1500,1500,1500,1500,1500,1500,1500,2012,1500,1555,1500,2012,1500,1509,1504,1500,1520,1505,1500,988,8.3
2025-05-10,18:30:49.440,-80,-77,10,4068,160,41,1,15,0,16,561,-2,10,354,-9,518,515,0,-1,-1,-1,0x1020480010840204,1512,1504,1500,1500,2012,1499,1505,1500,1500,1499,988,1500,1500,1500,1500,1500,1500,1500,1500,2012,1500,1555,1500,2012,1500,1508,1504,1500,1520,1505,1500,988,8.3
2025-05-10,18:30:49.950,-78,-75,10,4068,150,41,1,15,0,16,561,-3,10,354,-8,511,516,0,-1,-1,-1,0x1020480010840204,1512,1504,1500,1500,2012,1499,1505,1500,1500,1499,988,1500,1500,1500,1500,1500,1500,1500,1500,2012,1500,1555,1500,2012,1500,1508,1504,1500,1520,1505,1500,988,8.3
2025-05-10,18:30:50.450,-78,-78,10,4069,150,41,1,15,0,16,561,-3,10,354,-9,517,515,0,-1,-1,-1,0x1020480010840204,1512,1504,1500,1500,2012,1499,1505,1500,1500,1499,988,1500,1500,1500,1500,1500,1500,1500,1500,2012,1500,1555,1500,2012,1500,1508,1504,1500,1520,1505,1500,988,8.3
2025-05-10,18:30:50.950,-78,-77,10,4069,12740,41,1,15,2642,16,561,-1024,280,354,-8,517,516,0,-1,-1,-1,0x1020480014840205,1177,1600,1537,1500,2012,988,1640,1500,1500,988,988,1500,1500,1500,1500,1500,1500,1500,1372,1628,1500,1555,1500,2012,1500,1693,1600,1500,1520,1505,1500,988,8.3
2025-05-10,18:30:51.440,-78,-78,10,4068,3970,41,1,15,3799,16,562,-624,228,354,-8,517,516,0,-1,-1,-1,0x1020480014840A05,1373,1579,1589,1500,2012,1188,1614,1500,1500,1188,988,1500,1500,1500,1500,1500,1500,1500,1372,1628,1500,1555,1500,2012,1500,1661,1579,1500,1520,1505,1500,988,8.3
2025-05-10,18:30:51.950,-82,-79,25,4053,3020,41,1,15,4046,16,563,1,221,354,-9,517,516,0,-1,-1,-1,0x1020480010840205,1512,1577,1589,1500,2012,1500,1610,1500,1500,1500,988,1500,1500,1500,1500,1500,1500,1500,1372,1628,1500,1555,1500,2012,1500,1657,1577,1500,1520,1505,1500,988,8.3
2025-05-10,18:30:52.440,-85,-78,10,4053,1230,44,1,15,1991,16,563,1024,90,354,-9,517,516,0,-1,-1,-1,0x1020480014840205,1786,1527,1588,1500,2012,2012,1545,1500,1500,2012,988,1500,1500,1500,1500,1500,1500,1500,1372,1628,1500,1555,1500,2012,1500,1558,1527,1500,1520,1505,1500,988,8.3
2025-05-10,18:30:52.940,-75,-71,10,4054,3850,45,1,15,2485,16,563,864,205,354,-8,517,516,0,-1,-1,-1,0x1020480014840205,1712,1572,1589,1500,2012,1932,1602,1500,1500,1916,988,1500,1500,1500,1500,1500,1500,1500,1372,1628,1500,1555,1500,2012,1500,1647,1572,1500,1520,1505,1500,988,8.3
2025-05-10,18:30:53.440,-69,-71,10,4055,5770,46,1,15,2235,16,564,0,251,354,-9,518,515,0,-1,-1,-1,0x1020480010840205,1512,1588,1589,1500,2012,1500,1625,1500,1500,1500,988,1500,1500,1500,1500,1500,1500,1500,1372,1628,1500,1555,1500,2012,1500,1676,1588,1500,1520,1505,1500,988,8.3
2025-05-10,18:30:53.940,-66,-72,10,4052,2790,46,1,15,2450,16,564,426,183,354,-9,517,516,0,-1,-1,-1,0x1020480014840205,1602,1566,1589,1500,2012,1713,1591,1500,1500,1699,988,1500,1500,1500,1500,1500,1500,1500,1372,1628,1500,1555,1500,2012,1500,1632,1566,1500,1520,1505,1500,988,8.3
2025-05-10,18:30:54.440,-64,-72,10,4054,1720,46,1,15,2230,16,564,426,14,354,-9,517,516,0,-1,-1,-1,0x1020480014840205,1603,1506,1573,1500,2012,1713,1507,1500,1500,1704,988,1500,1500,1500,1500,1500,1500,1500,1014,1986,1500,1555,1500,2012,1500,1511,1506,1500,1520,1505,1500,988,8.3
2025-05-10,18:30:54.940,-61,-72,10,4057,820,46,1,15,1507,16,565,548,5,354,-8,517,515,0,-1,-1,-1,0x1020480014840205,1631,1502,1557,1500,2012,1774,1502,1500,1500,1767,988,1500,1500,1500,1500,1500,1500,1500,1372,2012,1500,1555,1500,2012,1500,1504,1502,1500,1520,1505,1500,988,8.3
2025-05-10,18:30:55.440,-61,-72,10,4064,610,45,1,15,957,16,565,590,8,354,-9,517,516,0,-1,-1,-1,0x1020480014840205,1647,1503,1557,1500,2012,1795,1504,1500,1500,1801,988,1500,1500,1500,1500,1500,1500,1500,1372,2012,1500,1555,1500,2012,1500,1506,1503,1500,1520,1505,1500,988,8.3
2025-05-10,18:30:55.950,-66,-65,10,4065,560,44,1,15,707,16,565,382,-722,354,-8,517,516,0,-1,-1,-1,0x1020480016880205,1596,1301,1557,1498,2012,1691,1139,1300,1500,1691,988,1500,1500,1500,1500,1500,1500,1299,1500,2012,1500,1555,1500,988,1500,1098,1500,1500,1520,1505,1500,988,8.3
2025-05-10,18:30:56.440,-66,-66,10,4065,600,43,1,15,214,16,565,1,8,354,-8,517,516,0,-1,-1,-1,0x1020480010840205,1512,1503,1557,1500,2012,1500,1504,1500,1500,1500,988,1500,1500,1500,1500,1500,1500,1500,1500,2012,1500,1555,1500,2012,1500,1506,1503,1500,1520,1505,1500,988,8.3
2025-05-10,18:30:56.940,-66,-67,10,4066,570,43,1,15,168,16,565,0,10,354,-8,517,515,0,-1,-1,-1,0x1020480010840205,1512,1504,1557,1500,2012,1500,1505,1500,1500,1500,988,1500,1500,1500,1500,1500,1500,1500,1500,2012,1500,1555,1500,2012,1500,1508,1504,1500,1520,1505,1500,988,8.3
2025-05-10,18:30:57.450,-65,-67,10,4066,530,43,1,15,292,16,565,0,11,354,-9,517,515,0,-1,-1,-1,0x1020480010840205,1512,1504,1544,1500,2012,1500,1505,1500,1500,1500,988,1500,1500,1500,1500,1500,1500,1500,1500,2012,1500,1555,1500,2012,1500,1509,1504,1500,1520,1505,1500,988,8.3
2025-05-10,18:30:57.940,-64,-66,10,4067,230,43,1,15,0,16,565,1,11,354,-9,517,516,0,-1,-1,-1,0x1020480010840204,1512,1504,1500,1500,2012,1500,1505,1500,1500,1500,988,1500,1500,1500,1500,1500,1500,1500,1500,2012,1500,1555,1500,2012,1500,1509,1504,1500,1520,1505,1500,988,8.3
2025-05-10,18:30:58.440,-64,-66,10,4069,190,43,1,15,0,16,565,0,12,354,-9,517,516,0,-1,-1,-1,0x1020480010840204,1512,1504,1500,1500,2012,1500,1506,1500,1500,1500,988,1500,1500,1500,1500,1500,1500,1500,1500,2012,1500,1555,1500,2012,1500,1509,1504,1500,1520,1505,1500,988,8.3
2025-05-10,18:30:58.940,-64,-65,10,4069,160,42,1,15,0,16,565,0,11,354,-9,517,515,0,-1,-1,-1,0x1020480010840204,1512,1504,1500,1500,2012,1500,1505,1500,1500,1500,988,1500,1500,1500,1500,1500,1500,1500,1500,2012,1500,1555,1500,2012,1500,1509,1504,1500,1520,1505,1500,988,8.3
2025-05-10,18:30:59.440,-64,-66,10,4070,190,41,1,15,0,16,565,0,10,354,-8,517,516,0,-1,-1,-1,0x1020480010840204,1512,1504,1500,1500,2012,1500,1505,1500,1500,1500,988,1500,1500,1500,1500,1500,1500,1500,1500,2012,1500,1555,1500,2012,1500,1508,1504,1500,1520,1505,1500,988,8.3
2025-05-10,18:30:59.940,-62,-66,10,4070,180,41,1,15,0,16,565,0,11,354,-9,518,516,0,-1,-1,-1,0x1020480010840204,1512,1504,1500,1500,2012,1500,1505,1500,1500,1500,988,1500,1500,1500,1500,1500,1500,1500,1500,2012,1500,1555,1500,2012,1500,1509,1504,1500,1520,1505,1500,988,8.3
2025-05-10,18:31:00.450,-63,-66,10,4070,170,41,1,15,0,16,565,0,10,354,-9,518,516,0,-1,-1,-1,0x1020480010840204,1512,1504,1500,1500,2012,1500,1505,1500,1500,1500,988,1500,1500,1500,1500,1500,1500,1500,1500,2012,1500,1555,1500,2012,1500,1508,1504,1500,1520,1505,1500,988,8.3
2025-05-10,18:31:00.940,-65,-66,10,4071,180,41,1,15,0,16,565,0,11,354,-9,517,515,0,-1,-1,-1,0x1020480010840204,1512,1504,1500,1500,2012,1500,1505,1500,1500,1500,988,1500,1500,1500,1500,1500,1500,1500,1500,2012,1500,1555,1500,2012,1500,1509,1504,1500,1520,1505,1500,988,8.3
2025-05-10,18:31:01.440,-66,-66,10,4071,190,41,1,15,0,16,565,0,11,354,-8,518,516,0,-1,-1,-1,0x1020480010840204,1512,1504,1500,1500,2012,1500,1505,1500,1500,1500,988,1500,1500,1500,1500,1500,1500,1500,1500,2012,1500,1555,1500,2012,1500,1509,1504,1500,1520,1505,1500,988,8.3
2025-05-10,18:31:01.940,-65,-66,10,4071,200,41,1,15,0,16,565,0,11,354,-8,518,515,0,-1,-1,-1,0x1020480010840204,1512,1504,1500,1500,2012,1500,1505,1500,1500,1500,988,1500,1500,1500,1500,1500,1500,1500,1500,2012,1500,1555,1500,2012,1500,1509,1504,1500,1520,1505,1500,988,8.3
2025-05-10,18:31:02.440,-65,-66,10,4071,190,41,1,15,0,16,565,1,11,354,-9,518,342,0,-1,-1,-1,0x1010480010840204,1512,1504,1500,1500,2012,1500,1505,1500,1500,1500,988,1500,1500,1500,1500,1500,1500,1500,1500,2012,1500,1500,1500,2012,1500,1509,1504,1500,1520,1505,1500,988,8.3
2025-05-10,18:31:02.940,-64,-66,10,4072,140,40,1,15,0,16,565,0,12,354,-8,518,342,0,-1,-1,-1,0x1010480010840204,1512,1505,1500,1500,2012,1500,1506,1500,1500,1500,988,1500,1500,1500,1500,1500,1500,1500,1500,2012,1500,1500,1500,2012,1500,1509,1505,1500,1520,1505,1500,988,8.3
2025-05-10,18:31:03.440,-65,-65,10,4072,170,41,1,15,0,16,565,-1,10,354,-9,518,342,0,-1,-1,-1,0x1010480010840204,1512,1504,1500,1500,2012,1500,1505,1500,1500,1500,988,1500,1500,1500,1500,1500,1500,1500,1500,2012,1500,1500,1500,2012,1500,1508,1504,1500,1520,1505,1500,988,8.3
2025-05-10,18:31:03.940,-65,-64,10,4072,200,41,1,15,0,16,565,0,11,354,-8,518,342,0,-1,-1,-1,0x1010480010840204,1512,1504,1500,1500,2012,1500,1505,1500,1500,1500,988,1500,1500,1500,1500,1500,1500,1500,1500,2012,1500,1500,1500,2012,1500,1509,1504,1500,1520,1505,1500,988,8.3
2025-05-10,18:31:04.450,-65,-66,10,4072,190,41,1,15,0,16,565,5,9,354,-9,518,342,1,-1,-1,-1,0x1010480010840204,1513,1503,1500,1500,2012,1502,1504,1500,1500,1502,988,1500,1500,1500,1500,1500,1500,1500,1500,2012,1500,1500,1500,2012,1500,1507,1503,1500,1520,1505,1500,988,8.3
2025-05-10,18:31:04.940,-65,-66,10,4072,180,41,1,15,0,16,565,3,6,354,-9,518,342,1,-1,-1,-1,0x1010480010840204,1513,1502,1500,1500,2012,1501,1503,1500,1500,1501,988,1500,1500,1500,1500,1500,1500,1500,1500,2012,1500,1500,1500,2012,1500,1505,1502,1500,1520,1505,1500,988,8.3
2025-05-10,18:31:05.440,-65,-66,10,4073,160,41,1,15,0,16,565,2,7,354,-8,518,342,0,-1,-1,-1,0x1010480010840204,1513,1503,1500,1500,2012,1501,1503,1500,1500,1501,988,1500,1500,1500,1500,1500,1500,1500,1500,2012,1500,1500,1500,2012,1500,1505,1503,1500,1520,1505,1500,988,8.3
2025-05-10,18:31:05.940,-64,-65,10,4073,190,40,1,15,0,16,565,1,10,354,-8,518,342,-1,-1,-1,-1,0x1010480010840204,1512,1504,1500,1500,2012,1500,1505,1500,1500,1500,988,1500,1500,1500,1500,1500,1500,1500,1500,2012,1500,1500,1500,2012,1500,1508,1504,1500,1520,1505,1500,988,8.3
2025-05-10,18:31:06.440,-64,-67,10,4073,190,40,1,15,0,16,565,1,11,354,-9,518,342,-1,-1,-1,-1,0x1010480010840204,1512,1504,1500,1500,2012,1500,1505,1500,1500,1500,988,1500,1500,1500,1500,1500,1500,1500,1500,2012,1500,1500,1500,2012,1500,1509,1504,1500,1520,1505,1500,988,8.3
2025-05-10,18:31:06.940,-63,-67,10,4073,200,40,1,15,0,16,565,2,10,354,-9,518,342,0,-1,-1,-1,0x1010480010840204,1513,1504,1500,1500,2012,1501,1505,1500,1500,1501,988,1500,1500,1500,1500,1500,1500,1500,1500,2012,1500,1500,1500,2012,1500,1508,1504,1500,1520,1505,1500,988,8.3
2025-05-10,18:31:07.440,-62,-67,10,4073,160,41,1,15,0,16,565,3,12,354,-9,518,342,0,-1,-1,-1,0x1010480010840204,1513,1505,1500,1500,2012,1501,1506,1500,1500,1501,988,1500,1500,1500,1500,1500,1500,1500,1500,2012,1500,1500,1500,2012,1500,1509,1505,1500,1520,1505,1500,988,8.3
2025-05-10,18:31:07.940,-62,-67,10,4074,190,41,1,15,0,16,566,2,11,354,-9,518,342,0,-1,-1,-1,0x1010480010840204,1513,1504,1500,1500,2012,1501,1505,1500,1500,1501,988,1500,1500,1500,1500,1500,1500,1500,1500,2012,1500,1500,1500,2012,1500,1509,1504,1500,1520,1505,1500,988,8.3
2025-05-10,18:31:08.440,-62,-67,10,4074,160,41,1,15,0,16,566,0,10,354,-8,518,342,0,-1,-1,-1,0x1010480010840204,1512,1504,1500,1500,2012,1500,1505,1500,1500,1500,988,1500,1500,1500,1500,1500,1500,1500,1500,2012,1500,1500,1500,2012,1500,1509,1504,1500,1520,1505,1500,988,8.3
2025-05-10,18:31:08.940,-63,-67,10,4074,190,41,1,15,0,16,566,1,10,354,-8,518,342,0,-1,-1,-1,0x1010480010840204,1512,1504,1500,1500,2012,1500,1505,1500,1500,1500,988,1500,1500,1500,1500,1500,1500,1500,1500,2012,1500,1500,1500,2012,1500,1508,1504,1500,1520,1505,1500,988,8.3
2025-05-10,18:31:09.440,-63,-67,10,4074,180,41,1,15,0,16,566,0,10,354,-9,518,342,0,-1,-1,-1,0x1010480010840204,1512,1504,1500,1500,2012,1500,1505,1500,1500,1500,988,1500,1500,1500,1500,1500,1500,1500,1500,2012,1500,1500,1500,2012,1500,1508,1504,1500,1520,1505,1500,988,8.3
2025-05-10,18:31:09.940,-63,-66,10,4074,180,40,1,15,0,16,566,-1,10,354,-8,518,342,0,-1,-1,-1,0x1010480010840204,1512,1504,1500,1500,2012,1500,1505,1500,1500,1500,988,1500,1500,1500,1500,1500,1500,1500,1500,2012,1500,1500,1500,2012,1500,1508,1504,1500,1520,1505,1500,988,8.3
2025-05-10,18:31:10.440,-66,-66,10,4075,190,40,1,15,0,16,566,0,8,354,-8,518,342,0,-1,-1,-1,0x1010480010840204,1512,1503,1500,1500,2012,1500,1504,1500,1500,1500,988,1500,1500,1500,1500,1500,1500,1500,1500,2012,1500,1500,1500,2012,1500,1506,1503,1500,1520,1505,1500,988,8.3
2025-05-10,18:31:10.940,-65,-66,10,4075,180,40,1,15,0,16,566,-2,9,354,-9,518,342,1,-1,-1,-1,0x1010480010840204,1512,1503,1500,1500,2012,1500,1504,1500,1500,1500,988,1500,1500,1500,1500,1500,1500,1500,1500,2012,1500,1500,1500,2012,1500,1507,1503,1500,1520,1505,1500,988,8.3
2025-05-10,18:31:11.440,-64,-66,10,4075,170,40,1,15,0,16,566,-1,8,354,-9,518,342,1,-1,-1,-1,0x1010480010840204,1512,1503,1500,1500,2012,1500,1504,1500,1500,1500,988,1500,1500,1500,1500,1500,1500,1500,1500,2012,1500,1500,1500,2012,1500,1506,1503,1500,1520,1505,1500,988,8.3
2025-05-10,18:31:11.940,-65,-66,10,4075,160,40,1,15,0,16,566,-4,8,354,-9,518,342,1,-1,-1,-1,0x1010480010840204,1512,1503,1500,1500,2012,1498,1504,1500,1500,1499,988,1500,1500,1500,1500,1500,1500,1500,1500,2012,1500,1500,1500,2012,1500,1506,1503,1500,1520,1505,1500,988,8.3
2025-05-10,18:31:12.440,-65,-69,10,4075,200,40,1,15,0,16,566,-3,9,354,-9,518,342,1,-1,-1,-1,0x1010480010840304,1512,1503,1500,1500,2012,1499,1504,1500,1500,1499,988,1500,1500,1500,1500,1500,1500,1500,1500,2012,1500,1500,1500,2012,1500,1507,1503,1500,1520,1505,1500,988,8.3
2025-05-10,18:31:12.940,-64,-69,10,4075,200,40,1,15,0,16,566,-3,9,354,-8,518,342,1,-1,-1,-1,0x1010480010840204,1512,1503,1500,1500,2012,1499,1504,1500,1500,1499,988,1500,1500,1500,1500,1500,1500,1500,1500,2012,1500,1500,1500,2012,1500,1507,1503,1500,1520,1505,1500,988,8.3
2025-05-10,18:31:13.450,-64,-69,10,4076,170,40,1,15,0,16,566,-4,9,354,-8,518,342,1,-1,-1,-1,0x1010480010840304,1512,1503,1500,1500,2012,1498,1504,1500,1500,1499,988,1500,1500,1500,1500,1500,1500,1500,1500,2012,1500,1500,1500,2012,1500,1507,1503,1500,1520,1505,1500,988,8.3
2025-05-10,18:31:13.940,-64,-69,10,4076,180,40,1,15,0,16,566,-4,9,354,-9,518,342,1,-1,-1,-1,0x1010480010840204,1511,1503,1500,1500,2012,1498,1504,1500,1500,1498,988,1500,1500,1500,1500,1500,1500,1500,1500,2012,1500,1500,1500,2012,1500,1507,1503,1500,1520,1505,1500,988,8.3
2025-05-10,18:31:14.440,-64,-69,10,4076,180,40,1,15,0,16,566,-3,8,354,-9,518,342,1,-1,-1,-1,0x1010480010840204,1512,1503,1500,1500,2012,1499,1504,1500,1500,1499,988,1500,1500,1500,1500,1500,1500,1500,1500,2012,1500,1500,1500,2012,1500,1506,1503,1500,1520,1505,1500,988,8.3
2025-05-10,18:31:14.940,-63,-69,10,4076,140,40,1,15,0,16,566,-3,8,354,-9,518,342,1,-1,-1,-1,0x1010480010840204,1512,1503,1500,1500,2012,1499,1504,1500,1500,1499,988,1500,1500,1500,1500,1500,1500,1500,1500,2012,1500,1500,1500,2012,1500,1506,1503,1500,1520,1505,1500,988,8.3
2025-05-10,18:31:15.440,-64,-69,10,4076,140,40,1,15,0,16,566,-3,8,354,-8,518,342,0,-1,-1,-1,0x1010480010840204,1512,1503,1500,1500,2012,1499,1504,1500,1500,1499,988,1500,1500,1500,1500,1500,1500,1500,1500,2012,1500,1500,1500,2012,1500,1506,1503,1500,1520,1505,1500,988,8.3
2025-05-10,18:31:15.940,-64,-69,10,4076,150,40,1,15,0,16,566,-4,9,354,-9,518,342,-1,-1,-1,-1,0x1010480010840204,1511,1503,1500,1500,2012,1498,1504,1500,1500,1498,988,1500,1500,1500,1500,1500,1500,1500,1500,2012,1500,1500,1500,2012,1500,1507,1503,1500,1520,1505,1500,988,8.3
2025-05-10,18:31:16.440,-64,-69,10,4076,150,40,1,15,0,16,566,-3,10,354,-9,518,342,-1,-1,-1,-1,0x1010480010840204,1512,1504,1500,1500,2012,1499,1505,1500,1500,1499,988,1500,1500,1500,1500,1500,1500,1500,1500,2012,1500,1500,1500,2012,1500,1508,1504,1500,1520,1505,1500,988,8.3
2025-05-10,18:31:16.940,-64,-69,10,4077,190,40,1,15,0,16,566,-4,9,354,-9,518,342,0,-1,-1,-1,0x1010480010840204,1512,1503,1500,1500,2012,1498,1504,1500,1500,1499,988,1500,1500,1500,1500,1500,1500,1500,1500,2012,1500,1500,1500,2012,1500,1507,1503,1500,1520,1505,1500,988,8.3
2025-05-10,18:31:17.440,-64,-65,10,4077,160,40,1,15,0,16,566,-3,9,354,-8,518,342,0,-1,-1,-1,0x1010480010840204,1512,1503,1500,1500,2012,1499,1504,1500,1500,1499,988,1500,1500,1500,1500,1500,1500,1500,1500,2012,1500,1500,1500,2012,1500,1507,1503,1500,1520,1505,1500,988,8.3
2025-05-10,18:31:17.940,-64,-65,10,4077,160,40,1,15,0,16,566,-3,11,354,-9,518,342,0,-1,-1,-1,0x1010480010840204,1512,1504,1500,1500,2012,1499,1505,1500,1500,1499,988,1500,1500,1500,1500,1500,1500,1500,1500,2012,1500,1500,1500,2012,1500,1508,1504,1500,1520,1505,1500,988,8.3
2025-05-10,18:31:18.440,-64,-69,10,4077,150,40,1,15,0,16,566,-3,9,354,-8,518,342,1,-1,-1,-1,0x1010480010840204,1512,1503,1500,1500,2012,1499,1504,1500,1500,1499,988,1500,1500,1500,1500,1500,1500,1500,1500,2012,1500,1500,1500,2012,1500,1507,1503,1500,1520,1505,1500,988,8.3
2025-05-10,18:31:18.940,-63,-64,10,4077,150,40,1,15,0,16,566,-3,9,354,-8,518,342,1,-1,-1,-1,0x1010480010840204,1512,1503,1500,1500,2012,1499,1504,1500,1500,1499,988,1500,1500,1500,1500,1500,1500,1500,1500,2012,1500,1500,1500,2012,1500,1507,1503,1500,1520,1505,1500,988,8.3
2025-05-10,18:31:19.440,-63,-65,10,4077,140,40,1,15,0,16,566,-3,8,354,-8,518,342,1,-1,-1,-1,0x1010480010840204,1512,1503,1500,1500,2012,1499,1504,1500,1500,1499,988,1500,1500,1500,1500,1500,1500,1500,1500,2012,1500,1500,1500,2012,1500,1506,1503,1500,1520,1505,1500,988,8.3
2025-05-10,18:31:19.940,-63,-65,10,4077,160,40,1,15,0,16,566,-2,8,354,-8,518,342,1,-1,-1,-1,0x1010480010840204,1512,1503,1500,1500,2012,1499,1504,1500,1500,1499,988,1500,1500,1500,1500,1500,1500,1500,1500,2012,1500,1500,1500,2012,1500,1506,1503,1500,1520,1505,1500,988,8.3
2025-05-10,18:31:20.440,-63,-65,10,4078,150,40,1,15,0,16,566,-3,10,354,-9,518,342,1,-1,-1,-1,0x1010480010840204,1512,1504,1500,1500,2012,1499,1505,1500,1500,1499,988,1500,1500,1500,1500,1500,1500,1500,1500,2012,1500,1500,1500,2012,1500,1508,1504,1500,1520,1505,1500,988,8.3
2025-05-10,18:31:20.940,-63,-65,10,4078,160,40,1,15,0,16,566,-2,10,354,-8,518,342,0,-1,-1,-1,0x1010480010840204,1512,1504,1500,1500,2012,1499,1505,1500,1500,1499,988,1500,1500,1500,1500,1500,1500,1500,1500,2012,1500,1500,1500,2012,1500,1508,1504,1500,1520,1505,1500,988,8.3
2025-05-10,18:31:21.440,-64,-65,10,4078,150,40,1,15,0,16,566,-2,11,354,-9,518,342,0,-1,-1,-1,0x1010480010840204,1512,1504,1500,1500,2012,1499,1505,1500,1500,1499,988,1500,1500,1500,1500,1500,1500,1500,1500,2012,1500,1500,1500,2012,1500,1509,1504,1500,1520,1505,1500,988,8.3
2025-05-10,18:31:21.940,-64,-69,10,4078,150,40,1,15,0,16,566,-3,10,354,-9,518,342,0,-1,-1,-1,0x1010480010840204,1512,1504,1500,1500,2012,1499,1505,1500,1500,1499,988,1500,1500,1500,1500,1500,1500,1500,1500,2012,1500,1500,1500,2012,1500,1508,1504,1500,1520,1505,1500,988,8.3
2025-05-10,18:31:22.440,-63,-69,10,4078,150,40,1,15,0,16,566,-3,8,354,-9,518,342,0,-1,-1,-1,0x1010480010840204,1512,1503,1500,1500,2012,1499,1504,1500,1500,1499,988,1500,1500,1500,1500,1500,1500,1500,1500,2012,1500,1500,1500,2012,1500,1506,1503,1500,1520,1505,1500,988,8.3
2025-05-10,18:31:22.940,-67,-69,10,4078,190,40,1,15,0,16,566,-3,10,354,-9,518,342,0,-1,-1,-1,0x1010480010840204,1512,1503,1500,1500,2012,1499,1505,1500,1500,1499,988,1500,1500,1500,1500,1500,1500,1500,1500,2012,1500,1500,1500,2012,1500,1507,1503,1500,1520,1505,1500,988,8.3
2025-05-10,18:31:23.440,-68,-64,10,4078,150,40,1,15,0,16,566,-3,9,354,-9,518,342,0,-1,-1,-1,0x1010480010840204,1512,1504,1500,1500,2012,1499,1504,1500,1500,1499,988,1500,1500,1500,1500,1500,1500,1500,1500,2012,1500,1500,1500,2012,1500,1507,1504,1500,1520,1505,1500,988,8.3
2025-05-10,18:31:23.940,-68,-62,10,4078,150,40,1,15,0,16,566,-3,7,354,-8,518,342,0,-1,-1,-1,0x1010480010840204,1512,1503,1500,1500,2012,1499,1503,1500,1500,1499,988,1500,1500,1500,1500,1500,1500,1500,1500,2012,1500,1500,1500,2012,1500,1505,1503,1500,1520,1505,1500,988,8.3
2025-05-10,18:31:24.440,-68,-64,10,4079,160,40,1,15,0,16,566,-2,11,354,-9,518,342,0,-1,-1,-1,0x1010480010840204,1512,1504,1500,1500,2012,1499,1505,1500,1500,1499,988,1500,1500,1500,1500,1500,1500,1500,1500,2012,1500,1500,1500,2012,1500,1509,1504,1500,1520,1505,1500,988,8.3
2025-05-10,18:31:24.940,-68,-65,10,4079,150,40,1,15,0,16,566,-3,10,354,-9,518,342,0,-1,-1,-1,0x1010480010840204,1512,1504,1500,1500,2012,1499,1505,1500,1500,1499,988,1500,1500,1500,1500,1500,1500,1500,1500,2012,1500,1500,1500,2012,1500,1508,1504,1500,1520,1505,1500,988,8.3
2025-05-10,18:31:25.440,-64,-65,10,4079,160,40,1,15,0,16,566,-3,10,354,-8,518,342,0,-1,-1,-1,0x1010480010840204,1512,1504,1500,1500,2012,1499,1505,1500,1500,1499,988,1500,1500,1500,1500,1500,1500,1500,1500,2012,1500,1500,1500,2012,1500,1508,1504,1500,1520,1505,1500,988,8.3
2025-05-10,18:31:25.940,-64,-65,10,4079,160,40,1,15,0,16,566,-3,8,354,-9,518,342,0,-1,-1,-1,0x1010480010840204,1512,1503,1500,1500,2012,1499,1504,1500,1500,1499,988,1500,1500,1500,1500,1500,1500,1500,1500,2012,1500,1500,1500,2012,1500,1506,1503,1500,1520,1505,1500,988,8.3
2025-05-10,18:31:26.440,-64,-65,10,4079,160,40,1,15,0,16,566,-2,8,354,-9,518,342,0,-1,-1,-1,0x1010480010840204,1512,1503,1500,1500,2012,1499,1504,1500,1500,1499,988,1500,1500,1500,1500,1500,1500,1500,1500,2012,1500,1500,1500,2012,1500,1507,1503,1500,1520,1505,1500,988,8.3
2025-05-10,18:31:26.940,-64,-65,10,4079,150,40,1,15,0,16,566,-3,10,354,-9,518,342,0,-1,-1,-1,0x1010480010840204,1512,1503,1500,1500,2012,1499,1505,1500,1500,1499,988,1500,1500,1500,1500,1500,1500,1500,1500,2012,1500,1500,1500,2012,1500,1507,1503,1500,1520,1505,1500,988,8.3
2025-05-10,18:31:27.440,-67,-65,10,4079,150,40,1,15,0,16,566,-2,10,354,-8,518,342,0,-1,-1,-1,0x1010480010840204,1512,1504,1500,1500,2012,1499,1505,1500,1500,1499,988,1500,1500,1500,1500,1500,1500,1500,1500,2012,1500,1500,1500,2012,1500,1508,1504,1500,1520,1505,1500,988,8.3
2025-05-10,18:31:27.940,-64,-65,10,4079,150,40,1,15,0,16,566,-3,10,354,-9,518,342,0,-1,-1,-1,0x1010480010840204,1512,1504,1500,1500,2012,1499,1505,1500,1500,1499,988,1500,1500,1500,1500,1500,1500,1500,1500,2012,1500,1500,1500,2012,1500,1507,1504,1500,1520,1505,1500,988,8.3
2025-05-10,18:31:28.440,-64,-65,10,4079,150,40,1,15,0,16,566,-2,8,354,-9,518,342,0,-1,-1,-1,0x1010480010840204,1512,1503,1500,1500,2012,1499,1504,1500,1500,1499,988,1500,1500,1500,1500,1500,1500,1500,1500,2012,1500,1500,1500,2012,1500,1506,1503,1500,1520,1505,1500,988,8.3
2025-05-10,18:31:28.940,-63,-65,10,4080,150,40,1,15,0,16,566,-3,8,354,-8,518,342,0,-1,-1,-1,0x1010480010840204,1512,1503,1500,1500,2012,1499,1504,1500,1500,1499,988,1500,1500,1500,1500,1500,1500,1500,1500,2012,1500,1500,1500,2012,1500,1505,1503,1500,1520,1505,1500,988,8.3
2025-05-10,18:31:29.440,-63,-65,10,4080,150,40,1,15,0,16,566,-2,8,354,-8,518,342,0,-1,-1,-1,0x1010480010840204,1512,1503,1500,1500,2012,1499,1504,1500,1500,1499,988,1500,1500,1500,1500,1500,1500,1500,1500,2012,1500,1500,1500,2012,1500,1506,1503,1500,1520,1505,1500,988,8.3
2025-05-10,18:31:29.940,-63,-65,10,4080,150,40,1,15,0,16,566,-3,8,354,-9,518,342,0,-1,-1,-1,0x1010480010840204,1512,1503,1500,1500,2012,1499,1504,1500,1500,1499,988,1500,1500,1500,1500,1500,1500,1500,1500,2012,1500,1500,1500,2012,1500,1506,1503,1500,1520,1505,1500,988,8.3
2025-05-10,18:31:30.440,-65,-65,10,4080,150,40,1,15,0,16,566,-2,9,354,-8,518,342,0,-1,-1,-1,0x1010480010840204,1512,1503,1500,1500,2012,1499,1504,1500,1500,1499,988,1500,1500,1500,1500,1500,1500,1500,1500,2012,1500,1500,1500,2012,1500,1507,1503,1500,1520,1505,1500,988,8.3
2025-05-10,18:31:30.940,-63,-65,10,4080,150,40,1,15,0,16,566,-2,9,354,-9,518,342,0,-1,-1,-1,0x1010480010840204,1512,1503,1500,1500,2012,1499,1504,1500,1500,1499,988,1500,1500,1500,1500,1500,1500,1500,1500,2012,1500,1500,1500,2012,1500,1507,1503,1500,1520,1505,1500,988,8.3
2025-05-10,18:31:31.440,-63,-65,10,4080,160,40,1,15,0,16,567,-3,9,354,-9,518,342,0,-1,-1,-1,0x1010480010840204,1512,1503,1500,1500,2012,1499,1504,1500,1500,1499,988,1500,1500,1500,1500,1500,1500,1500,1500,2012,1500,1500,1500,2012,1500,1508,1503,1500,1520,1505,1500,988,8.3
2025-05-10,18:31:31.940,-64,-65,10,4080,150,40,1,15,0,16,567,-3,9,354,-9,518,342,0,-1,-1,-1,0x1010480010840204,1512,1503,1500,1500,2012,1499,1504,1500,1500,1499,988,1500,1500,1500,1500,1500,1500,1500,1500,2012,1500,1500,1500,2012,1500,1507,1503,1500,1520,1505,1500,988,8.3
2025-05-10,18:31:32.440,-64,-64,10,4080,150,40,1,15,0,16,567,-3,10,354,-9,518,342,0,-1,-1,-1,0x1010480010840204,1512,1504,1500,1500,2012,1499,1505,1500,1500,1499,988,1500,1500,1500,1500,1500,1500,1500,1500,2012,1500,1500,1500,2012,1500,1508,1504,1500,1520,1505,1500,988,8.3
2025-05-10,18:31:32.940,-63,-64,10,4080,150,40,1,15,0,16,567,-2,10,354,-9,518,342,0,-1,-1,-1,0x1010480010840204,1512,1504,1500,1500,2012,1499,1505,1500,1500,1499,988,1500,1500,1500,1500,1500,1500,1500,1500,2012,1500,1500,1500,2012,1500,1508,1504,1500,1520,1505,1500,988,8.3
2025-05-10,18:31:33.440,-67,-64,10,4080,160,40,1,15,0,16,567,-2,10,354,-9,518,342,0,-1,-1,-1,0x1010480010840204,1512,1504,1500,1500,2012,1499,1505,1500,1500,1499,988,1500,1500,1500,1500,1500,1500,1500,1500,2012,1500,1500,1500,2012,1500,1508,1504,1500,1520,1505,1500,988,8.3
2025-05-10,18:31:33.940,-67,-66,10,4081,150,40,1,15,0,16,567,-2,10,354,-9,518,342,0,-1,-1,-1,0x1010480010840204,1512,1504,1500,1500,2012,1499,1505,1500,1500,1499,988,1500,1500,1500,1500,1500,1500,1500,1500,2012,1500,1500,1500,2012,1500,1508,1504,1500,1520,1505,1500,988,8.3
2025-05-10,18:31:34.440,-63,-66,10,4081,140,40,1,15,0,16,567,-2,10,354,-8,518,342,0,-1,-1,-1,0x1010480010840204,1512,1504,1500,1500,2012,1499,1505,1500,1500,1499,988,1500,1500,1500,1500,1500,1500,1500,1500,2012,1500,1500,1500,2012,1500,1508,1504,1500,1520,1505,1500,988,8.3
2025-05-10,18:31:34.940,-64,-66,10,4081,150,40,1,15,0,16,567,-4,10,354,-9,518,342,0,-1,-1,-1,0x1010480010840204,1512,1503,1500,1500,2012,1498,1505,1500,1500,1499,988,1500,1500,1500,1500,1500,1500,1500,1500,2012,1500,1500,1500,2012,1500,1507,1503,1500,1520,1505,1500,988,8.3
2025-05-10,18:31:35.440,-63,-66,10,4081,160,40,1,15,0,16,567,-2,10,354,-9,518,342,0,-1,-1,-1,0x1010480010840204,1512,1504,1500,1500,2012,1499,1505,1500,1500,1499,988,1500,1500,1500,1500,1500,1500,1500,1500,2012,1500,1500,1500,2012,1500,1508,1504,1500,1520,1505,1500,988,8.3
2025-05-10,18:31:35.940,-63,-66,10,4081,150,40,1,15,0,16,567,-3,10,354,-9,518,342,0,-1,-1,-1,0x1010480010840204,1512,1504,1500,1500,2012,1499,1505,1500,1500,1499,988,1500,1500,1500,1500,1500,1500,1500,1500,2012,1500,1500,1500,2012,1500,1508,1504,1500,1520,1505,1500,988,8.3
2025-05-10,18:31:36.440,-64,-65,10,4081,150,40,1,15,0,16,567,-3,10,354,-8,518,342,0,-1,-1,-1,0x1010480010840204,1512,1504,1500,1500,2012,1499,1505,1500,1500,1499,988,1500,1500,1500,1500,1500,1500,1500,1500,2012,1500,1500,1500,2012,1500,1508,1504,1500,1520,1505,1500,988,8.3
2025-05-10,18:31:36.940,-64,-65,10,4081,150,40,1,15,0,16,567,-2,11,354,-9,518,342,0,-1,-1,-1,0x1010480010840204,1512,1504,1500,1500,2012,1499,1505,1500,1500,1499,988,1500,1500,1500,1500,1500,1500,1500,1500,2012,1500,1500,1500,2012,1500,1509,1504,1500,1520,1505,1500,988,8.3
2025-05-10,18:31:37.440,-64,-65,10,4081,160,40,1,15,0,16,567,-3,10,354,-8,518,342,0,-1,-1,-1,0x1010480010840204,1512,1504,1500,1500,2012,1499,1505,1500,1500,1499,988,1500,1500,1500,1500,1500,1500,1500,1500,2012,1500,1500,1500,2012,1500,1508,1504,1500,1520,1505,1500,988,8.3
2025-05-10,18:31:37.940,-64,-65,10,4081,140,40,1,15,0,16,567,-3,11,354,-9,518,342,0,-1,-1,-1,0x1010480010840204,1512,1504,1500,1500,2012,1499,1505,1500,1500,1499,988,1500,1500,1500,1500,1500,1500,1500,1500,2012,1500,1500,1500,2012,1500,1509,1504,1500,1520,1505,1500,988,8.3
2025-05-10,18:31:38.440,-64,-65,10,4081,150,40,1,15,0,16,567,-3,11,354,-9,518,342,0,-1,-1,-1,0x1010480010840204,1512,1504,1500,1500,2012,1499,1505,1500,1500,1499,988,1500,1500,1500,1500,1500,1500,1500,1500,2012,1500,1500,1500,2012,1500,1509,1504,1500,1520,1505,1500,988,8.3
2025-05-10,18:31:38.940,-64,-65,10,4081,150,40,1,15,0,16,567,-2,10,354,-9,518,342,0,-1,-1,-1,0x1010480010840204,1512,1503,1500,1500,2012,1499,1505,1500,1500,1499,988,1500,1500,1500,1500,1500,1500,1500,1500,2012,1500,1500,1500,2012,1500,1508,1504,1500,1520,1505,1500,988,8.3
2025-05-10,18:31:39.440,-63,-65,10,4082,160,40,1,15,0,16,567,-3,9,354,-9,518,342,0,-1,-1,-1,0x1010480010840204,1512,1502,1500,1500,2012,1499,1504,1500,1500,1499,988,1500,1500,1500,1500,1500,1500,1500,1500,2012,1500,1500,1500,2012,1500,1507,1503,1500,1520,1505,1500,988,8.3
2025-05-10,18:31:39.940,-65,-65,10,4082,150,40,1,15,0,16,567,-2,10,354,-9,518,342,0,-1,-1,-1,0x1010480010840204,1512,1502,1500,1500,2012,1499,1505,1500,1500,1499,988,1500,1500,1500,1500,1500,1500,1500,1500,2012,1500,1500,1500,2012,1500,1508,1504,1500,1520,1505,1500,988,8.3
2025-05-10,18:31:40.440,-65,-65,10,4082,140,40,1,15,0,16,567,-3,10,354,-8,518,342,0,-1,-1,-1,0x1010480010840204,1512,1502,1500,1500,2012,1499,1505,1500,1500,1499,988,1500,1500,1500,1500,1500,1500,1500,1500,2012,1500,1500,1500,2012,1500,1508,1504,1500,1520,1505,1500,988,8.3
2025-05-10,18:31:40.940,-66,-65,10,4082,150,40,1,15,0,16,567,-2,10,354,-9,518,342,0,-1,-1,-1,0x1010480010840204,1512,1502,1500,1500,2012,1499,1505,1500,1500,1499,988,1500,1500,1500,1500,1500,1500,1500,1500,2012,1500,1500,1500,2012,1500,1508,1504,1500,1520,1505,1500,988,8.3
2025-05-10,18:31:41.440,-66,-65,10,4082,150,40,1,15,0,16,567,-2,10,354,-9,518,342,0,-1,-1,-1,0x1010480010840204,1512,1502,1500,1500,2012,1499,1505,1500,1500,1499,988,1500,1500,1500,1500,1500,1500,1500,1500,2012,1500,1500,1500,2012,1500,1508,1504,1500,1520,1505,1500,988,8.3
2025-05-10,18:31:41.940,-65,-65,10,4082,160,40,1,15,0,16,567,-3,10,354,-9,518,342,0,-1,-1,-1,0x1010480010840204,1512,1502,1500,1500,2012,1499,1505,1500,1500,1499,988,1500,1500,1500,1500,1500,1500,1500,1500,2012,1500,1500,1500,2012,1500,1508,1504,1500,1520,1505,1500,988,8.3
2025-05-10,18:31:42.440,-65,-66,10,4082,140,40,1,15,0,16,567,-3,10,354,-9,518,342,0,-1,-1,-1,0x1010480010840204,1512,1502,1500,1500,2012,1499,1505,1500,1500,1499,988,1500,1500,1500,1500,1500,1500,1500,1500,2012,1500,1500,1500,2012,1500,1508,1504,1500,1520,1505,1500,988,8.3
2025-05-10,18:31:42.940,-65,-66,10,4082,160,40,1,15,0,16,567,-3,10,354,-9,518,342,0,-1,-1,-1,0x1010480010840204,1512,1502,1500,1500,2012,1499,1505,1500,1500,1499,988,1500,1500,1500,1500,1500,1500,1500,1500,2012,1500,1500,1500,2012,1500,1508,1504,1500,1520,1505,1500,988,8.3
2025-05-10,18:31:43.440,-65,-66,10,4082,160,40,1,15,0,16,567,-3,11,354,-9,518,342,0,-1,-1,-1,0x1010480010840204,1512,1502,1500,1500,2012,1499,1505,1500,1500,1499,988,1500,1500,1500,1500,1500,1500,1500,1500,2012,1500,1500,1500,2012,1500,1509,1504,1500,1520,1505,1500,988,8.3
2025-05-10,18:31:43.940,-65,-67,10,4082,150,40,1,15,0,16,567,-3,7,354,-9,518,342,0,-1,-1,-1,0x1010480010840204,1512,1502,1500,1500,2012,1499,1503,1500,1500,1499,988,1500,1500,1500,1500,1500,1500,1500,1500,2012,1500,1500,1500,2012,1500,1505,1503,1500,1520,1505,1500,988,8.3
2025-05-10,18:31:44.440,-65,-66,10,4082,160,40,1,15,0,16,567,-2,7,354,-9,518,342,0,-1,-1,-1,0x1010480010840204,1512,1502,1500,1500,2012,1499,1503,1500,1500,1499,988,1500,1500,1500,1500,1500,1500,1500,1500,2012,1500,1500,1500,2012,1500,1505,1503,1500,1520,1505,1500,988,8.3
2025-05-10,18:31:44.940,-65,-63,10,4082,160,40,1,15,0,16,567,-3,8,354,-9,518,342,0,-1,-1,-1,0x1010480010840204,1512,1502,1500,1500,2012,1499,1504,1500,1500,1499,988,1500,1500,1500,1500,1500,1500,1500,1500,2012,1500,1500,1500,2012,1500,1506,1503,1500,1520,1505,1500,988,8.3
2025-05-10,18:31:45.440,-65,-63,10,4083,180,40,1,15,0,16,567,-3,8,354,-8,518,342,0,-1,-1,-1,0x1010480010840204,1512,1502,1500,1500,2012,1499,1504,1500,1500,1499,988,1500,1500,1500,1500,1500,1500,1500,1500,2012,1500,1500,1500,2012,1500,1506,1503,1500,1520,1505,1500,988,8.3
2025-05-10,18:31:45.940,-69,-60,10,4083,140,40,1,15,0,16,567,-3,8,354,-9,518,342,0,-1,-1,-1,0x1010480010840204,1512,1502,1500,1500,2012,1499,1504,1500,1500,1499,988,1500,1500,1500,1500,1500,1500,1500,1500,2012,1500,1500,1500,2012,1500,1506,1503,1500,1520,1505,1500,988,8.3
2025-05-10,18:31:46.440,-73,-68,10,4083,150,40,1,15,0,16,567,-3,8,354,-9,518,342,0,-1,-1,-1,0x1010480010840204,1512,1502,1500,1500,2012,1499,1504,1500,1500,1499,988,1500,1500,1500,1500,1500,1500,1500,1500,2012,1500,1500,1500,2012,1500,1506,1503,1500,1520,1505,1500,988,8.3
2025-05-10,18:31:46.940,-73,-66,10,4083,150,40,1,15,0,16,567,-3,8,354,-9,518,342,0,-1,-1,-1,0x1010480010840204,1512,1502,1500,1500,2012,1499,1504,1500,1500,1499,988,1500,1500,1500,1500,1500,1500,1500,1500,2012,1500,1500,1500,2012,1500,1505,1503,1500,1520,1505,1500,988,8.3
2025-05-10,18:31:47.440,-73,-65,10,4083,150,40,1,15,0,16,567,-3,8,354,-9,518,342,0,-1,-1,-1,0x1010480010840204,1512,1502,1500,1500,2012,1499,1504,1500,1500,1499,988,1500,1500,1500,1500,1500,1500,1500,1500,2012,1500,1500,1500,2012,1500,1506,1503,1500,1520,1505,1500,988,8.3
2025-05-10,18:31:47.940,-73,-62,10,4083,160,40,1,15,0,16,567,-3,7,354,-9,518,342,0,-1,-1,-1,0x1010480010840204,1512,1502,1500,1500,2012,1499,1503,1500,1500,1499,988,1500,1500,1500,1500,1500,1500,1500,1500,2012,1500,1500,1500,2012,1500,1506,1503,1500,1520,1505,1500,988,8.3
2025-05-10,18:31:48.440,-72,-67,10,4083,160,40,1,15,0,16,567,-3,7,354,-9,518,342,0,-1,-1,-1,0x1010480010840204,1512,1502,1500,1500,2012,1499,1503,1500,1500,1499,988,1500,1500,1500,1500,1500,1500,1500,1500,2012,1500,1500,1500,2012,1500,1505,1503,1500,1520,1505,1500,988,8.3
2025-05-10,18:31:48.940,-72,-66,10,4083,150,40,1,15,0,16,567,-3,8,354,-9,519,342,0,-1,-1,-1,0x1010480010840204,1512,1502,1500,1500,2012,1499,1504,1500,1500,1499,988,1500,1500,1500,1500,1500,1500,1500,1500,2012,1500,1500,1500,2012,1500,1506,1503,1500,1520,1505,1500,988,8.3
2025-05-10,18:31:49.440,-72,-62,10,4083,150,40,1,15,0,16,567,-2,7,354,-9,519,342,0,-1,-1,-1,0x1010480010840204,1512,1502,1500,1500,2012,1499,1503,1500,1500,1500,988,1500,1500,1500,1500,1500,1500,1500,1500,2012,1500,1500,1500,2012,1500,1506,1503,1500,1520,1505,1500,988,8.3
2025-05-10,18:31:49.940,-63,-66,10,4083,150,40,1,15,0,16,567,-2,7,354,-9,519,342,0,-1,-1,-1,0x1010480010840204,1512,1502,1500,1500,2012,1499,1503,1500,1500,1499,988,1500,1500,1500,1500,1500,1500,1500,1500,2012,1500,1500,1500,2012,1500,1505,1503,1500,1520,1505,1500,988,8.3
2025-05-10,18:31:50.440,-67,-68,10,4083,160,40,1,15,0,16,567,-3,7,354,-8,519,342,0,-1,-1,-1,0x1010480010840204,1512,1502,1500,1500,2012,1499,1503,1500,1500,1499,988,1500,1500,1500,1500,1500,1500,1500,1500,2012,1500,1500,1500,2012,1500,1505,1503,1500,1520,1505,1500,988,8.3
2025-05-10,18:31:50.940,-68,-72,10,4083,150,40,1,15,0,16,567,-3,8,354,-8,519,342,0,-1,-1,-1,0x1010480010840204,1512,1502,1500,1500,2012,1499,1504,1500,1500,1499,988,1500,1500,1500,1500,1500,1500,1500,1500,2012,1500,1500,1500,2012,1500,1506,1503,1500,1520,1505,1500,988,8.3
2025-05-10,18:31:51.440,-67,-72,10,4083,150,40,1,15,0,16,567,-3,7,354,-9,519,342,0,-1,-1,-1,0x1010480010840204,1512,1502,1500,1500,2012,1499,1503,1500,1500,1499,988,1500,1500,1500,1500,1500,1500,1500,1500,2012,1500,1500,1500,2012,1500,1505,1503,1500,1520,1505,1500,988,8.3
2025-05-10,18:31:51.940,-67,-72,10,4083,150,40,1,15,0,16,567,-3,11,354,-9,519,342,0,-1,-1,-1,0x1010480010840204,1512,1502,1500,1500,2012,1499,1505,1500,1500,1499,988,1500,1500,1500,1500,1500,1500,1500,1500,2012,1500,1500,1500,2012,1500,1508,1504,1500,1520,1505,1500,988,8.3
2025-05-10,18:31:52.440,-67,-64,10,4083,530,40,1,15,0,16,567,258,11,354,-9,519,342,0,-1,-1,-1,0x1010480014840205,1568,1502,1532,1500,2012,1629,1505,1500,1500,1623,988,1500,1500,1500,1500,1500,1500,1500,1168,1832,1500,1500,1500,2012,1500,1509,1504,1500,1520,1505,1500,988,8.3
2025-05-10,18:31:52.940,-65,-64,10,4083,1340,40,1,15,842,16,567,481,421,354,-9,519,342,0,-1,-1,-1,0x1010480014840205,1619,1584,1589,1500,2012,1740,1710,1500,1500,1740,988,1500,1500,1500,1500,1500,1500,1500,1372,1628,1500,1500,1500,2012,1500,1757,1640,1500,1520,1505,1500,988,8.3
2025-05-10,18:31:53.440,-65,-64,10,4079,5180,40,1,15,5206,16,569,-5,426,354,-9,519,342,0,-1,-1,-1,0x1010480010840205,1511,1594,1589,1500,2012,1498,1713,1500,1500,1498,988,1500,1500,1500,1500,1500,1500,1500,1372,1628,1500,1500,1500,2012,1500,1773,1657,1500,1520,1505,1500,988,8.3
2025-05-10,18:31:53.940,-73,-73,10,4061,6370,42,1,15,6339,16,569,-4,568,354,-9,519,342,0,-1,-1,-1,0x1010480010840205,1512,1625,1589,1500,2012,1498,1784,1500,1500,1499,988,1500,1500,1500,1500,1500,1500,1500,1372,1628,1500,1500,1500,2012,1500,1838,1708,1500,1520,1505,1500,988,8.3
2025-05-10,18:31:54.440,-76,-74,10,4054,15450,45,1,15,7934,16,570,10,687,354,-9,519,342,0,-1,-1,-1,0x1010480010840205,1514,1658,1589,1500,2012,1505,1843,1500,1500,1504,988,1500,1500,1500,1500,1500,1500,1500,1372,1628,1500,1500,1500,2012,1500,1889,1763,1500,1520,1505,1500,988,8.3
2025-05-10,18:31:54.940,-90,-79,10,4048,1310,45,1,15,10385,16,573,179,11,354,-9,519,342,0,-1,-1,-1,0x1010480014840205,1552,1503,1589,1500,2012,1589,1505,1500,1500,1589,988,1500,1500,1500,1500,1500,1500,1500,1168,1832,1500,1500,1500,2012,1500,1565,1505,1500,1520,1505,1500,988,8.3
2025-05-10,18:31:55.440,-86,-83,10,4051,5030,45,1,15,9645,16,573,406,89,354,-9,519,342,0,-1,-1,-1,0x1010480014840205,1603,1533,1589,1500,2012,1703,1544,1500,1500,1703,988,1500,1500,1500,1500,1500,1500,1500,1372,1628,1500,1500,1500,2012,1500,1654,1555,1500,1520,1505,1500,988,8.3
2025-05-10,18:31:55.940,-80,-85,25,4066,22910,45,1,15,12095,16,574,0,831,354,-8,519,342,0,-1,-1,-1,0x1010480010840205,1512,1716,1589,1500,2012,1500,1915,1500,1500,1500,988,1500,1500,1500,1500,1500,1500,1500,1372,1628,1500,1500,1500,2012,1500,1944,1860,1500,1520,1505,1500,988,8.3
2025-05-10,18:31:56.440,-91,-78,10,4048,3100,45,1,15,12131,16,575,-302,476,354,-9,519,342,0,-1,-1,-1,0x1010480014840205,1458,1598,1589,1500,2012,1349,1738,1500,1500,1349,988,1500,1500,1500,1500,1500,1500,1500,1372,1628,1500,1500,1500,2012,1500,1786,1663,1500,1520,1505,1500,988,8.3
2025-05-10,18:31:56.940,-78,-78,10,4029,19620,44,1,15,11644,16,576,1024,896,354,-9,519,342,0,-1,-1,-1,0x1010480014840205,1786,1739,1589,1500,2012,2012,1948,1500,1500,2012,988,1500,1500,1500,1500,1500,1500,1500,1372,1628,1500,1500,1500,2012,1500,1966,1899,1500,1520,1505,1500,988,8.3
2025-05-10,18:31:57.440,-79,-80,10,4016,40610,45,1,15,17314,16,581,-364,1024,354,-9,519,342,0,-1,-1,-1,0x1010480014842205,1438,1807,1589,1500,2012,1318,2012,1500,1500,1305,988,1500,1500,1500,1500,1500,1500,1500,1372,1628,1500,1500,1500,2012,1500,2012,2012,1500,1520,1505,1500,988,8.3
2025-05-10,18:31:57.940,-89,-75,10,3911,28480,45,1,15,18309,16,585,-558,593,354,-9,519,342,0,-1,-1,-1,0x1010480014840605,1398,1651,1589,1500,2012,1221,1796,1500,1500,1230,988,1500,1500,1500,1500,1500,1500,1500,1372,1628,1500,1500,1500,2012,1500,1948,1752,1500,1520,1505,1500,988,8.3
2025-05-10,18:31:58.440,-68,-75,10,3938,16490,45,1,15,16658,16,586,-744,767,354,-9,519,342,0,-1,-1,-1,0x1010480014840605,1334,1690,1589,1500,2012,1128,1877,1500,1500,1135,988,1500,1500,1500,1500,1500,1500,1500,1372,1628,1500,1500,1500,2012,1500,1924,1817,1500,1520,1505,1500,988,8.3
2025-05-10,18:31:58.940,-76,-76,10,2922,76390,47,1,15,14983,0,0,-76,1022,354,-9,519,342,0,-1,-1,-1,0x1010480014842605,1497,1806,1589,1500,2012,1462,2011,1500,1500,1456,988,1500,1500,1500,1500,1500,1500,1500,1372,1628,1500,1500,1500,2012,1500,2011,2010,1500,1520,1505,1500,988,8.3
2025-05-10,18:31:59.440,-77,-67,10,4029,1030,45,1,15,12787,0,2,504,-1,354,-9,519,342,0,-1,-1,-1,0x1010480014840605,1612,1500,1589,1500,2012,1752,1500,1500,1500,1726,988,1500,1500,1500,1500,1500,1500,1500,1018,2012,1500,1500,1500,2012,1500,1500,1500,1500,1520,1505,1500,988,8.3
2025-05-10,18:31:59.940,-68,-57,10,4047,1210,45,1,15,5770,0,0,888,-2,354,-9,519,341,0,-1,-1,-1,0x1010480014840605,1728,1499,1589,1500,2012,1944,1499,1499,1500,1944,988,1500,1500,1500,1500,1500,1500,1499,1372,2012,1500,1500,1500,2012,1500,1499,1500,1500,1520,1505,1500,988,8.3
2025-05-10,18:32:00.440,-60,-75,10,4047,5680,45,1,15,6138,0,0,422,293,354,-9,519,342,0,-1,-1,-1,0x1010480014840605,1609,1565,1589,1500,2012,1711,1646,1500,1500,1717,988,1500,1500,1500,1500,1500,1500,1500,1372,1628,1500,1500,1500,2012,1500,1706,1609,1500,1520,1505,1500,988,8.3
2025-05-10,18:32:00.940,-66,-77,10,4044,24060,45,1,15,6918,0,0,-127,866,354,-9,519,342,0,-1,-1,-1,0x1010480014840605,1488,1725,1589,1500,2012,1437,1933,1500,1500,1431,988,1500,1500,1500,1500,1500,1500,1500,1372,1628,1500,1500,1500,2012,1500,1951,1875,1500,1520,1505,1500,988,8.3
2025-05-10,18:32:01.440,-66,-77,10,4031,4200,45,1,15,9416,0,2,-672,405,354,-8,519,342,0,-1,-1,-1,0x1010480014840605,1356,1582,1589,1500,2012,1164,1702,1500,1500,1164,988,1500,1500,1500,1500,1500,1500,1500,1372,1628,1500,1500,1500,2012,1500,1754,1638,1500,1520,1505,1500,988,8.3
2025-05-10,18:32:01.940,-60,-65,10,4025,5890,45,1,15,7100,0,3,-966,580,354,-9,519,342,0,-1,-1,-1,0x1010480014840A05,1214,1625,1589,1500,2012,1017,1790,1500,1500,1018,988,1500,1500,1500,1500,1500,1500,1500,1372,1628,1500,1500,1500,2012,1500,1839,1709,1500,1520,1505,1500,988,8.3
2025-05-10,18:32:02.440,-51,-58,10,4024,9370,46,1,15,6498,0,4,-672,570,354,-9,519,342,0,-1,-1,-1,0x1010480014840A05,1365,1632,1589,1500,2012,1164,1785,1500,1500,1176,988,1500,1500,1500,1500,1500,1500,1500,1372,1628,1500,1500,1500,2012,1500,1851,1720,1500,1520,1505,1500,988,8.3
2025-05-10,18:32:02.940,-54,-65,10,4024,8800,45,1,15,7789,0,5,250,396,354,-9,519,342,0,-1,-1,-1,0x1010480014840205,1566,1599,1589,1500,2012,1625,1698,1500,1500,1618,988,1500,1500,1500,1500,1500,1500,1500,1372,1628,1500,1500,1500,2012,1500,1784,1666,1500,1520,1505,1500,988,8.3
2025-05-10,18:32:03.440,-54,-65,10,4023,24480,46,1,15,15906,0,7,-95,901,354,-9,519,342,0,-1,-1,-1,0x1010480014840205,1498,1749,1589,1500,2012,1453,1950,1500,1500,1459,988,1500,1500,1500,1500,1500,1500,1500,1372,1628,1500,1500,1500,2012,1500,1969,1915,1500,1520,1505,1500,988,8.3
2025-05-10,18:32:03.940,-57,-58,10,4003,5160,45,1,15,12743,0,9,-415,442,354,-9,519,342,0,-1,-1,-1,0x1010480014840205,1432,1597,1589,1500,2012,1293,1721,1500,1500,1293,988,1500,1500,1500,1500,1500,1500,1500,1372,1628,1500,1500,1500,2012,1500,1780,1663,1500,1520,1505,1500,988,8.3
2025-05-10,18:32:04.440,-63,-68,10,3993,5360,45,1,15,10259,0,10,-765,618,354,-9,519,342,0,-1,-1,-1,0x1010480014840A05,1321,1638,1589,1500,2012,1118,1809,1500,1500,1119,988,1500,1500,1500,1500,1500,1500,1500,1372,1628,1500,1500,1500,2012,1500,1860,1730,1500,1520,1505,1500,988,8.3
2025-05-10,18:32:04.940,-83,-67,10,5000,8240,45,1,15,7260,0,11,-589,749,354,-8,519,342,0,-1,-1,-1,0x1010480014840A05,1384,1670,1589,1500,2012,1206,1874,1500,1500,1205,988,1500,1500,1500,1500,1500,1500,1500,1372,1628,1500,1500,1500,2012,1500,1907,1784,1500,1520,1505,1500,988,8.3
2025-05-10,18:32:05.440,-80,-74,10,4013,12170,45,1,15,8381,0,12,15,689,354,-9,519,342,0,-1,-1,-1,0x1010480010840205,1515,1659,1589,1500,2012,1507,1844,1500,1500,1507,988,1500,1500,1500,1500,1500,1500,1500,1372,1628,1500,1500,1500,2012,1500,1890,1765,1500,1520,1505,1500,988,8.3
2025-05-10,18:32:05.940,-74,-73,10,4004,12700,45,1,15,8226,0,13,-338,709,354,-9,519,341,0,-1,-1,-1,0x1010480014840205,1455,1663,1589,1500,2012,1331,1854,1500,1500,1342,988,1500,1500,1500,1500,1500,1500,1500,1372,1628,1500,1500,1500,2012,1500,1897,1772,1500,1520,1505,1500,988,8.3
2025-05-10,18:32:06.440,-72,-80,10,3993,36420,45,1,15,16414,0,16,-58,999,354,-9,519,342,0,-1,-1,-1,0x1010480014842205,1502,1794,1589,1500,2012,1471,1999,1500,1500,1471,988,1500,1500,1500,1500,1500,1500,1500,1372,1628,1500,1500,1500,2012,1500,1999,1982,1500,1520,1505,1500,988,8.3
2025-05-10,18:32:06.940,-73,-78,10,3985,5280,45,1,15,13892,0,19,267,321,354,-9,519,342,0,-1,-1,-1,0x1010480014840205,1573,1572,1589,1500,2012,1633,1660,1500,1500,1633,988,1500,1500,1500,1500,1500,1500,1500,1372,1628,1500,1500,1500,2012,1500,1725,1620,1500,1520,1505,1500,988,8.3
2025-05-10,18:32:07.440,-74,-74,10,3999,2010,45,1,15,11380,0,19,133,280,354,-9,519,341,0,-1,-1,-1,0x1010480014840205,1542,1559,1589,1500,2012,1566,1640,1500,1500,1567,988,1500,1500,1500,1500,1500,1500,1500,1372,1628,1500,1500,1500,2012,1500,1693,1599,1500,1520,1505,1500,988,8.3
2025-05-10,18:32:07.940,-73,-73,10,4032,2350,45,1,15,9211,0,19,1023,239,354,-9,519,342,0,-1,-1,-1,0x1010480014840205,1785,1550,1589,1500,2012,2011,1619,1500,1500,2011,988,1500,1500,1500,1500,1500,1500,1500,1372,1628,1500,1500,1500,2012,1500,1669,1583,1500,1520,1505,1500,988,8.3
2025-05-10,18:32:08.440,-64,-73,10,4035,1320,47,1,15,4051,0,19,1024,200,354,-9,519,342,0,-1,-1,-1,0x1010480014840205,1786,1537,1589,1500,2012,2012,1600,1500,1500,2012,988,1500,1500,1500,1500,1500,1500,1500,1372,1628,1500,1500,1500,2012,1500,1625,1562,1500,1520,1505,1500,988,8.3
2025-05-10,18:32:08.940,-63,-73,10,4036,14080,46,1,15,6800,0,20,602,656,354,-9,519,342,0,-1,-1,-1,0x1010480014840205,1647,1646,1589,1500,2012,1801,1828,1500,1500,1801,988,1500,1500,1500,1500,1500,1500,1500,1372,1628,1500,1500,1500,2012,1500,1876,1744,1500,1520,1505,1500,988,8.3
2025-05-10,18:32:09.440,-65,-85,10,4009,8900,47,1,15,8302,0,22,1,686,354,-9,519,342,0,-1,-1,-1,0x1010480010840205,1512,1654,1589,1500,2012,1500,1843,1500,1500,1500,988,1500,1500,1500,1500,1500,1500,1500,1372,1628,1500,1500,1500,2012,1500,1884,1757,1500,1520,1505,1500,988,8.3
2025-05-10,18:32:09.940,-68,-80,10,3995,32290,47,1,15,12885,0,24,12,1022,354,-9,519,342,0,-1,-1,-1,0x1010480010842205,1517,1805,1589,1500,2012,1506,2011,1500,1500,1511,988,1500,1500,1500,1500,1500,1500,1500,1372,1628,1500,1500,1500,2012,1500,2006,1997,1500,1520,1505,1500,988,8.3
2025-05-10,18:32:10.440,-67,-71,10,3964,27620,47,1,15,17740,0,27,18,1024,354,-9,519,341,0,-1,-1,-1,0x1010480010842205,1516,1807,1589,1500,2012,1509,2012,1500,1500,1508,988,1500,1500,1500,1500,1500,1500,1500,1372,1628,1500,1500,1500,2012,1500,2012,2012,1500,1520,1505,1500,988,8.3
2025-05-10,18:32:10.950,-67,-71,10,3942,1250,46,1,15,14097,0,30,831,101,354,-8,519,342,0,-1,-1,-1,0x1010480014840205,1711,1525,1589,1500,2012,1915,1550,1500,1500,1914,988,1500,1500,1500,1500,1500,1500,1500,1372,1628,1500,1500,1500,2012,1500,1671,1541,1500,1520,1505,1500,988,8.3
2025-05-10,18:32:11.450,-67,-71,10,3996,2120,47,1,15,10497,0,30,-596,339,354,-9,519,342,0,-1,-1,-1,0x1010480014840205,1353,1573,1589,1500,2012,1202,1669,1500,1500,1160,988,1500,1500,1500,1500,1500,1500,1500,1372,1628,1500,1500,1500,2012,1500,1725,1621,1500,1520,1505,1500,988,8.3
2025-05-10,18:32:11.950,-60,-68,10,4024,3320,46,1,15,10695,0,31,-1022,403,354,-9,519,342,0,-1,-1,-1,0x1010480014840A05,1179,1588,1589,1500,2012,989,1701,1500,1500,990,988,1500,1500,1500,1500,1500,1500,1500,1372,1628,1500,1500,1500,2012,1500,1760,1647,1500,1520,1505,1500,988,8.3
2025-05-10,18:32:12.450,-62,-64,10,4024,3380,47,1,15,5815,0,31,-831,318,354,-9,519,342,0,-1,-1,-1,0x1010480014840A05,1291,1568,1589,1500,2012,1085,1659,1500,1500,1085,988,1500,1500,1500,1500,1500,1500,1500,1372,1628,1500,1500,1500,2012,1500,1715,1614,1500,1520,1505,1500,988,8.3
2025-05-10,18:32:12.950,-72,-75,10,4030,2240,45,1,15,5137,0,0,-779,316,354,-9,519,342,0,-1,-1,-1,0x1010480014840A05,1314,1568,1589,1500,2012,1111,1658,1500,1500,1111,988,1500,1500,1500,1500,1500,1500,1500,1372,1628,1500,1500,1500,2012,1500,1713,1613,1500,1520,1505,1500,988,8.3
2025-05-10,18:32:13.450,-72,-61,10,4031,3520,45,1,15,2149,0,0,-711,311,354,-9,519,342,0,-1,-1,-1,0x1010480014840A05,1342,1567,1589,1500,2012,1145,1655,1500,1500,1145,988,1500,1500,1500,1500,1500,1500,1500,1372,1628,1500,1500,1500,2012,1500,1710,1611,1500,1520,1505,1500,988,8.3
2025-05-10,18:32:13.950,-70,-81,10,4030,9450,46,1,15,5497,0,1,84,525,354,-9,519,342,0,-1,-1,-1,0x1010480014840205,1522,1615,1589,1500,2012,1542,1762,1500,1500,1542,988,1500,1500,1500,1500,1500,1500,1500,1372,1628,1500,1500,1500,2012,1500,1819,1693,1500,1520,1505,1500,988,8.3
2025-05-10,18:32:14.440,-65,-81,10,4013,5770,46,1,15,6390,0,2,230,519,354,-9,519,342,0,-1,-1,-1,0x1010480014840205,1564,1614,1589,1500,2012,1615,1759,1500,1500,1615,988,1500,1500,1500,1500,1500,1500,1500,1372,1628,1500,1500,1500,2012,1500,1817,1690,1500,1520,1505,1500,988,8.3
2025-05-10,18:32:14.950,-67,-81,10,4014,6170,45,1,15,8000,0,2,81,596,354,-9,519,342,0,-1,-1,-1,0x1010480014840205,1533,1632,1589,1500,2012,1540,1798,1500,1500,1547,988,1500,1500,1500,1500,1500,1500,1500,1372,1628,1500,1500,1500,2012,1500,1850,1720,1500,1520,1505,1500,988,8.3
2025-05-10,18:32:15.450,-64,-81,10,4011,7820,45,1,15,9312,0,3,425,595,354,-8,519,342,0,-1,-1,-1,0x1010480014840205,1609,1632,1589,1500,2012,1712,1797,1500,1500,1718,988,1500,1500,1500,1500,1500,1500,1500,1372,1628,1500,1500,1500,2012,1500,1851,1721,1500,1520,1505,1500,988,8.3
2025-05-10,18:32:15.950,-70,-71,10,4009,8450,45,1,15,9667,0,4,267,639,354,-9,519,342,0,-1,-1,-1,0x1010480014840205,1576,1644,1589,1500,2012,1633,1819,1500,1500,1640,988,1500,1500,1500,1500,1500,1500,1500,1372,1628,1500,1500,1500,2012,1500,1869,1741,1500,1520,1505,1500,988,8.3
2025-05-10,18:32:16.450,-73,-92,10,4006,9200,45,1,15,9645,0,5,-110,654,354,-8,519,342,0,-1,-1,-1,0x1010480014840205,1493,1648,1589,1500,2012,1445,1827,1500,1500,1444,988,1500,1500,1500,1500,1500,1500,1500,1372,1628,1500,1500,1500,2012,1500,1876,1748,1500,1520,1505,1500,988,8.3
2025-05-10,18:32:16.940,-65,-92,10,4006,6230,45,1,15,15279,0,6,-211,641,354,-9,519,342,0,-1,-1,-1,0x1010480014840205,1477,1644,1589,1500,2012,1395,1820,1500,1500,1401,988,1500,1500,1500,1500,1500,1500,1500,1372,1628,1500,1500,1500,2012,1500,1870,1741,1500,1520,1505,1500,988,8.3
2025-05-10,18:32:17.440,-68,-65,10,4009,28750,45,1,15,11454,0,7,2,855,354,-9,519,342,0,-1,-1,-1,0x1010480010840205,1513,1731,1589,1500,2012,1501,1927,1500,1500,1501,988,1500,1500,1500,1500,1500,1500,1500,1372,1628,1500,1500,1500,2012,1500,1956,1885,1500,1520,1505,1500,988,8.3
2025-05-10,18:32:17.950,-72,-57,10,4754,1190,45,1,15,6883,0,8,-1024,249,354,-9,519,342,0,-1,-1,-1,0x1010480014840205,1177,1549,1589,1500,2012,988,1624,1500,1500,988,988,1500,1500,1500,1500,1500,1500,1500,1372,1628,1500,1500,1500,2012,1500,1667,1582,1500,1520,1505,1500,988,8.3
2025-05-10,18:32:18.450,-72,-53,10,4027,13540,46,1,15,4327,0,8,-1024,617,354,-9,519,342,0,-1,-1,-1,0x1010480014840A05,1177,1634,1589,1500,2012,988,1808,1500,1500,988,988,1500,1500,1500,1500,1500,1500,1500,1372,1628,1500,1500,1500,2012,1500,1854,1724,1500,1520,1505,1500,988,8.3
2025-05-10,18:32:18.950,-70,-72,10,4024,13620,46,1,15,8203,0,11,491,664,354,-9,519,342,0,-1,-1,-1,0x1010480014840205,1621,1651,1589,1500,2012,1745,1832,1500,1500,1746,988,1500,1500,1500,1500,1500,1500,1500,1372,1628,1500,1500,1500,2012,1500,1880,1753,1500,1520,1505,1500,988,8.3
2025-05-10,18:32:19.450,-73,-64,10,3993,6560,47,1,15,11379,0,12,321,472,354,-9,519,342,0,-1,-1,-1,0x1010480014840205,1581,1612,1589,1500,2012,1660,1736,1500,1500,1649,988,1500,1500,1500,1500,1500,1500,1500,1372,1628,1500,1500,1500,2012,1500,1791,1674,1500,1520,1505,1500,988,8.3
2025-05-10,18:32:19.940,-67,-63,10,3997,1020,47,1,15,5241,0,12,536,314,354,-9,519,342,0,-1,-1,-1,0x1010480014840205,1639,1558,1589,1500,2012,1768,1657,1500,1500,1786,988,1500,1500,1500,1500,1500,1500,1500,1372,1628,1500,1500,1500,2012,1500,1697,1597,1500,1520,1505,1500,988,8.3
2025-05-10,18:32:20.450,-55,-69,10,4012,4070,47,1,15,6810,0,13,168,411,354,-9,519,342,0,-1,-1,-1,0x1010480014840205,1542,1590,1589,1500,2012,1584,1705,1500,1500,1567,988,1500,1500,1500,1500,1500,1500,1500,1372,1628,1500,1500,1500,2012,1500,1764,1650,1500,1520,1505,1500,988,8.3
2025-05-10,18:32:20.950,-58,-56,10,4012,7190,47,1,15,7717,0,14,101,606,354,-9,519,342,0,-1,-1,-1,0x1010480014840205,1532,1634,1589,1500,2012,1550,1803,1500,1500,1545,988,1500,1500,1500,1500,1500,1500,1500,1372,1628,1500,1500,1500,2012,1500,1855,1724,1500,1520,1505,1500,988,8.3
2025-05-10,18:32:21.440,-58,-56,10,4003,7610,46,1,15,9665,0,15,223,582,354,-8,519,342,0,-1,-1,-1,0x1010480014840205,1563,1628,1589,1500,2012,1611,1791,1500,1500,1611,988,1500,1500,1500,1500,1500,1500,1500,1372,1628,1500,1500,1500,2012,1500,1845,1714,1500,1520,1505,1500,988,8.3
2025-05-10,18:32:21.950,-59,-56,10,4003,7750,46,1,15,9910,0,16,-33,623,354,-9,519,342,0,-1,-1,-1,0x1010480010840205,1509,1639,1589,1500,2012,1484,1811,1500,1500,1490,988,1500,1500,1500,1500,1500,1500,1500,1372,1628,1500,1500,1500,2012,1500,1862,1733,1500,1520,1505,1500,988,8.3
2025-05-10,18:32:22.450,-59,-61,10,4003,7550,46,1,15,10722,0,17,127,626,354,-9,519,342,0,-1,-1,-1,0x1010480014840205,1540,1640,1589,1500,2012,1563,1813,1500,1500,1564,988,1500,1500,1500,1500,1500,1500,1500,1372,1628,1500,1500,1500,2012,1500,1863,1733,1500,1520,1505,1500,988,8.3
2025-05-10,18:32:22.950,-62,-61,10,4252,8010,46,1,15,11161,0,18,197,664,354,-8,519,342,0,-1,-1,-1,0x1010480014840205,1554,1651,1589,1500,2012,1598,1832,1500,1500,1593,988,1500,1500,1500,1500,1500,1500,1500,1372,1628,1500,1500,1500,2012,1500,1879,1752,1500,1520,1505,1500,988,8.3
2025-05-10,18:32:23.450,-61,-61,10,4001,7890,46,1,15,11679,0,19,0,664,354,-9,519,342,0,-1,-1,-1,0x1010480010840205,1508,1651,1589,1500,2012,1500,1832,1500,1500,1489,988,1500,1500,1500,1500,1500,1500,1500,1372,1628,1500,1500,1500,2012,1500,1879,1751,1500,1520,1505,1500,988,8.3
2025-05-10,18:32:23.950,-59,-61,10,3999,2970,46,1,15,14759,0,21,432,336,354,-9,519,342,0,-1,-1,-1,0x1010480014840205,1608,1573,1589,1500,2012,1716,1668,1500,1500,1715,988,1500,1500,1500,1500,1500,1500,1500,1372,1628,1500,1500,1500,2012,1500,1726,1622,1500,1520,1505,1500,988,8.3
2025-05-10,18:32:24.450,-67,-66,10,4000,3520,46,1,15,13266,0,22,662,457,353,-9,519,342,0,-1,-1,-1,0x1010480014840205,1662,1601,1589,1500,2012,1831,1728,1500,1500,1830,988,1500,1500,1500,1500,1500,1500,1500,1372,1628,1500,1500,1500,2012,1500,1787,1668,1500,1520,1505,1500,988,8.3
2025-05-10,18:32:24.950,-67,-66,10,4015,4800,48,1,15,6568,0,0,1024,503,354,-9,519,342,0,-1,-1,-1,0x1010480014840205,1786,1608,1589,1500,2012,2012,1751,1500,1500,2012,988,1500,1500,1500,1500,1500,1500,1500,1372,1628,1500,1500,1500,2012,1500,1809,1685,1500,1520,1505,1500,988,8.3
2025-05-10,18:32:25.450,-69,-66,10,4012,14440,47,1,15,8297,0,1,580,723,354,-9,519,342,0,-1,-1,-1,0x1010480014840205,1639,1667,1589,1500,2012,1790,1861,1500,1500,1785,988,1500,1500,1500,1500,1500,1500,1500,1372,1628,1500,1500,1500,2012,1500,1902,1778,1500,1520,1505,1500,988,8.3
2025-05-10,18:32:25.950,-72,-68,10,3990,11140,47,1,15,8982,0,3,825,671,354,-9,519,342,0,-1,-1,-1,0x1010480014840205,1714,1653,1589,1500,2012,1912,1835,1500,1500,1919,988,1500,1500,1500,1500,1500,1500,1500,1372,1628,1500,1500,1500,2012,1500,1882,1756,1500,1520,1505,1500,988,8.3
2025-05-10,18:32:26.450,-73,-71,10,3987,9990,47,1,15,8562,0,4,145,669,354,-9,519,342,0,-1,-1,-1,0x1010480014840205,1548,1652,1589,1500,2012,1572,1834,1500,1500,1579,988,1500,1500,1500,1500,1500,1500,1500,1372,1628,1500,1500,1500,2012,1500,1881,1754,1500,1520,1505,1500,988,8.3
2025-05-10,18:32:26.940,-78,-81,10,3989,8060,46,1,15,9888,0,5,20,635,354,-9,519,342,0,-1,-1,-1,0x1010480010840205,1517,1643,1589,1500,2012,1510,1817,1500,1500,1510,988,1500,1500,1500,1500,1500,1500,1500,1372,1628,1500,1500,1500,2012,1500,1867,1738,1500,1520,1505,1500,988,8.3
2025-05-10,18:32:27.440,-79,-77,10,3994,3710,46,1,15,8240,0,6,3,404,354,-8,519,342,0,-1,-1,-1,0x1010480010840205,1513,1589,1589,1500,2012,1501,1702,1500,1500,1501,988,1500,1500,1500,1500,1500,1500,1500,1372,1628,1500,1500,1500,2012,1500,1761,1648,1500,1520,1505,1500,988,8.3
2025-05-10,18:32:27.940,-71,-65,10,4017,3110,45,1,15,10108,0,6,-8,432,354,-9,519,342,0,-1,-1,-1,0x1010480010840205,1511,1595,1589,1500,2012,1496,1716,1500,1500,1497,988,1500,1500,1500,1500,1500,1500,1500,1372,1628,1500,1500,1500,2012,1500,1775,1659,1500,1520,1505,1500,988,8.3
2025-05-10,18:32:28.450,-78,-74,10,4018,5340,45,1,15,8205,0,7,-574,479,354,-9,519,342,0,-1,-1,-1,0x1010480014840205,1396,1608,1589,1500,2012,1213,1739,1500,1500,1225,988,1500,1500,1500,1500,1500,1500,1500,1372,1628,1500,1500,1500,2012,1500,1798,1680,1500,1520,1505,1500,988,8.3
2025-05-10,18:32:28.940,-78,-72,10,4015,7440,45,1,15,8261,0,7,-217,665,354,-9,519,342,0,-1,-1,-1,0x1010480014840205,1477,1648,1589,1500,2012,1392,1832,1500,1500,1399,988,1500,1500,1500,1500,1500,1500,1500,1372,1628,1500,1500,1500,2012,1500,1875,1746,1500,1520,1505,1500,988,8.3
2025-05-10,18:32:29.440,-78,-69,10,4010,9550,46,1,15,8861,0,9,-535,648,354,-9,519,342,0,-1,-1,-1,0x1010480014840A05,1401,1646,1589,1500,2012,1233,1824,1500,1500,1234,988,1500,1500,1500,1500,1500,1500,1500,1372,1628,1500,1500,1500,2012,1500,1872,1744,1500,1520,1505,1500,988,8.3
2025-05-10,18:32:29.940,-64,-69,10,3993,10390,46,1,15,7123,0,10,-142,621,354,-9,519,342,0,-1,-1,-1,0x1010480014840205,1485,1639,1589,1500,2012,1429,1810,1500,1500,1421,988,1500,1500,1500,1500,1500,1500,1500,1372,1628,1500,1500,1500,2012,1500,1861,1731,1500,1520,1505,1500,988,8.3
2025-05-10,18:32:30.440,-60,-69,10,3990,10850,46,1,15,8265,0,11,-139,689,354,-9,519,342,0,-1,-1,-1,0x1010480014840205,1484,1658,1589,1500,2012,1431,1844,1500,1500,1419,988,1500,1500,1500,1500,1500,1500,1500,1372,1628,1500,1500,1500,2012,1500,1889,1764,1500,1520,1505,1500,988,8.3
2025-05-10,18:32:30.940,-62,-69,10,3986,12140,46,1,15,10407,0,13,-390,766,354,-8,519,342,0,-1,-1,-1,0x1010480014840205,1438,1684,1589,1500,2012,1305,1883,1500,1500,1305,988,1500,1500,1500,1500,1500,1500,1500,1372,1628,1500,1500,1500,2012,1500,1919,1806,1500,1520,1505,1500,988,8.3
2025-05-10,18:32:31.450,-62,-69,10,3982,5320,46,1,15,10464,0,14,173,447,354,-9,519,342,0,-1,-1,-1,0x1010480014840205,1550,1601,1589,1500,2012,1586,1723,1500,1500,1585,988,1500,1500,1500,1500,1500,1500,1500,1372,1628,1500,1500,1500,2012,1500,1788,1669,1500,1520,1505,1500,988,8.3
2025-05-10,18:32:31.940,-62,-69,10,3983,2000,46,1,15,9506,0,15,152,355,354,-8,519,342,0,-1,-1,-1,0x1010480014840205,1542,1574,1589,1500,2012,1576,1677,1500,1500,1565,988,1500,1500,1500,1500,1500,1500,1500,1372,1628,1500,1500,1500,2012,1500,1728,1623,1500,1520,1505,1500,988,8.3
2025-05-10,18:32:32.440,-67,-67,10,4015,1770,46,1,15,7227,0,15,796,279,354,-8,519,342,0,-1,-1,-1,0x1010480014840205,1697,1559,1589,1500,2012,1898,1639,1500,1500,1891,988,1500,1500,1500,1500,1500,1500,1500,1372,1628,1500,1500,1500,2012,1500,1692,1598,1500,1520,1505,1500,988,8.3
2025-05-10,18:32:32.940,-69,-71,10,4021,9080,46,1,15,5380,0,15,696,571,354,-9,519,342,0,-1,-1,-1,0x1010480014840205,1671,1623,1589,1500,2012,1848,1785,1500,1500,1847,988,1500,1500,1500,1500,1500,1500,1500,1372,1628,1500,1500,1500,2012,1500,1835,1706,1500,1520,1505,1500,988,8.3
2025-05-10,18:32:33.440,-76,-70,10,4018,15070,47,1,15,9796,0,17,485,766,354,-9,519,342,0,-1,-1,-1,0x1010480014840205,1619,1683,1589,1500,2012,1742,1883,1500,1500,1741,988,1500,1500,1500,1500,1500,1500,1500,1372,1628,1500,1500,1500,2012,1500,1919,1806,1500,1520,1505,1500,988,8.3
2025-05-10,18:32:33.940,-70,-77,10,3976,15600,46,1,15,12037,0,19,229,809,354,-9,519,342,0,-1,-1,-1,0x1010480014840205,1572,1704,1589,1500,2012,1614,1904,1500,1500,1631,988,1500,1500,1500,1500,1500,1500,1500,1372,1628,1500,1500,1500,2012,1500,1935,1840,1500,1520,1505,1500,988,8.3
2025-05-10,18:32:34.440,-73,-87,10,3966,12050,46,1,15,12417,0,21,314,796,354,-9,519,342,0,-1,-1,-1,0x1010480014840205,1581,1697,1589,1500,2012,1657,1898,1500,1500,1651,988,1500,1500,1500,1500,1500,1500,1500,1372,1628,1500,1500,1500,2012,1500,1930,1829,1500,1520,1505,1500,988,8.3
2025-05-10,18:32:34.940,-75,-81,10,4482,16880,46,1,15,14817,0,22,0,878,354,-9,519,342,0,-1,-1,-1,0x1010480010840205,1512,1736,1589,1500,2012,1500,1939,1500,1500,1500,988,1500,1500,1500,1500,1500,1500,1500,1372,1628,1500,1500,1500,2012,1500,1960,1893,1500,1520,1505,1500,988,8.3
2025-05-10,18:32:35.440,-84,-76,10,3964,11040,46,1,15,15552,0,24,99,796,354,-9,519,342,0,-1,-1,-1,0x1010480014840605,1533,1696,1589,1500,2012,1549,1898,1500,1500,1548,988,1500,1500,1500,1500,1500,1500,1500,1372,1628,1500,1500,1500,2012,1500,1930,1827,1500,1520,1505,1500,988,8.3
2025-05-10,18:32:35.940,-72,-72,10,3962,18260,45,1,15,16339,0,26,24,905,354,-9,519,342,0,-1,-1,-1,0x1010480010840605,1517,1750,1589,1500,2012,1512,1952,1500,1500,1512,988,1500,1500,1500,1500,1500,1500,1500,1372,1628,1500,1500,1500,2012,1500,1970,1917,1500,1520,1505,1500,988,8.3
2025-05-10,18:32:36.440,-68,-72,10,3965,11070,45,1,15,17047,0,28,4,797,354,-9,519,342,0,-1,-1,-1,0x1010480010840605,1513,1698,1589,1500,2012,1502,1898,1500,1500,1502,988,1500,1500,1500,1500,1500,1500,1500,1372,1628,1500,1500,1500,2012,1500,1931,1830,1500,1520,1505,1500,988,8.3
2025-05-10,18:32:36.940,-67,-54,10,3964,20130,46,1,15,18170,1,30,6,992,354,-9,519,342,0,-1,-1,-1,0x1010480010842605,1513,1791,1589,1500,2012,1503,1996,1500,1500,1503,988,1500,1500,1500,1500,1500,1500,1500,1372,1628,1500,1500,1500,2012,1500,2000,1984,1500,1520,1505,1500,988,8.3
2025-05-10,18:32:37.440,-56,-59,10,3966,4160,46,1,15,17120,1,32,269,456,354,-9,519,342,0,-1,-1,-1,0x1010480014840605,1567,1603,1589,1500,2012,1634,1728,1500,1500,1620,988,1500,1500,1500,1500,1500,1500,1500,1372,1628,1500,1500,1500,2012,1500,1793,1672,1500,1520,1505,1500,988,8.3
2025-05-10,18:32:37.940,-61,-55,10,3971,26420,46,1,15,17993,1,33,179,954,354,-9,519,342,0,-1,-1,-1,0x1010480014842605,1555,1773,1589,1500,2012,1589,1977,1500,1500,1594,988,1500,1500,1500,1500,1500,1500,1500,1372,1628,1500,1500,1500,2012,1500,1997,1978,1500,1520,1505,1500,988,8.3
2025-05-10,18:32:38.450,-61,-55,10,3992,19450,46,1,15,19490,1,34,0,679,354,-9,519,342,0,-1,-1,-1,0x1010480010840605,1512,1669,1589,1500,2012,1500,1839,1500,1500,1500,988,1500,1500,1500,1500,1500,1500,1500,1372,1628,1500,1500,1500,2012,1500,1925,1783,1500,1520,1505,1500,988,8.3
2025-05-10,18:32:38.940,-63,-62,10,3975,4970,46,1,15,17291,1,36,3,535,354,-8,519,342,0,-1,-1,-1,0x1010480010840605,1513,1612,1589,1500,2012,1501,1767,1500,1500,1501,988,1500,1500,1500,1500,1500,1500,1500,1372,1628,1500,1500,1500,2012,1500,1812,1687,1500,1520,1505,1500,988,8.3
2025-05-10,18:32:39.440,-73,-65,10,3936,26200,46,1,15,18962,1,39,136,1022,354,-9,519,342,0,-1,-1,-1,0x1010480014842205,1542,1806,1589,1500,2012,1568,2011,1500,1500,1567,988,1500,1500,1500,1500,1500,1500,1500,1372,1628,1500,1500,1500,2012,1500,2011,2011,1500,1520,1505,1500,988,8.3
2025-05-10,18:32:39.940,-67,-65,10,4464,3000,46,1,15,16955,1,41,465,308,354,-9,519,342,0,-1,-1,-1,0x1010480014840205,1609,1569,1589,1500,2012,1732,1654,1500,1500,1716,988,1500,1500,1500,1500,1500,1500,1500,1372,1628,1500,1500,1500,2012,1500,1716,1615,1500,1520,1505,1500,988,8.3
2025-05-10,18:32:40.440,-62,-67,10,3976,1260,46,1,15,12459,1,41,-620,37,354,-8,519,342,0,-1,-1,-1,0x1010480014840205,1382,1510,1589,1500,2012,1190,1518,1500,1500,1201,988,1500,1500,1500,1500,1500,1500,1500,1014,1986,1500,1500,1500,2012,1500,1530,1517,1500,1520,1505,1500,988,8.3
2025-05-10,18:32:40.940,-63,-67,10,4011,1520,46,1,15,11123,1,41,-365,114,354,-9,519,342,0,-1,-1,-1,0x1010480014840205,1445,1527,1589,1500,2012,1318,1557,1500,1500,1319,988,1500,1500,1500,1500,1500,1500,1500,1372,1628,1500,1500,1500,2012,1500,1585,1545,1500,1520,1505,1500,988,8.3
2025-05-10,18:32:41.440,-61,-67,10,4014,1270,46,1,15,8516,1,41,772,117,354,-9,519,342,0,-1,-1,-1,0x1010480014840205,1694,1527,1589,1500,2012,1892,1558,1500,1500,1885,988,1500,1500,1500,1500,1500,1500,1500,1372,1628,1500,1500,1500,2012,1500,1588,1546,1500,1520,1505,1500,988,8.3
2025-05-10,18:32:41.940,-64,-67,10,4017,1670,46,1,15,5365,1,41,850,223,354,-8,519,342,0,-1,-1,-1,0x1010480014840205,1717,1546,1589,1500,2012,1925,1611,1500,1500,1925,988,1500,1500,1500,1500,1500,1500,1500,1372,1628,1500,1500,1500,2012,1500,1657,1577,1500,1520,1505,1500,988,8.3
2025-05-10,18:32:42.440,-78,-71,10,4017,8160,46,1,15,8971,1,43,465,476,354,-9,519,342,0,-1,-1,-1,0x1010480014840205,1610,1610,1589,1500,2012,1739,1738,1500,1500,1719,988,1500,1500,1500,1500,1500,1500,1500,1372,1628,1500,1500,1500,2012,1500,1802,1683,1500,1520,1505,1500,988,8.3
2025-05-10,18:32:42.940,-78,-76,10,4000,9140,46,1,15,9907,1,44,251,738,354,-9,519,342,0,-1,-1,-1,0x1010480014840205,1569,1668,1589,1500,2012,1625,1874,1500,1500,1625,988,1500,1500,1500,1500,1500,1500,1500,1372,1628,1500,1500,1500,2012,1500,1903,1780,1500,1520,1505,1500,988,8.3
2025-05-10,18:32:43.440,-78,-81,10,3968,36600,46,1,15,17635,1,46,97,835,354,-9,519,342,0,-1,-1,-1,0x1010480014840205,1534,1736,1589,1500,2012,1548,1909,1500,1500,1549,988,1500,1500,1500,1500,1500,1500,1500,1372,1628,1500,1500,1500,2012,1500,1957,1894,1500,1520,1505,1500,988,8.3
2025-05-10,18:32:43.940,-79,-78,10,3965,1550,46,1,15,13058,1,48,-370,245,354,-9,519,342,0,-1,-1,-1,0x1010480014840205,1447,1551,1589,1500,2012,1315,1622,1500,1500,1322,988,1500,1500,1500,1500,1500,1500,1500,1372,1628,1500,1500,1500,2012,1500,1672,1586,1500,1520,1505,1500,988,8.3
2025-05-10,18:32:44.440,-79,-72,10,3984,1480,46,1,15,5960,1,48,-1024,271,354,-9,519,342,0,-1,-1,-1,0x1010480014840A05,1177,1553,1589,1500,2012,988,1635,1500,1500,988,988,1500,1500,1500,1500,1500,1500,1500,1372,1628,1500,1500,1500,2012,1500,1678,1589,1500,1520,1505,1500,988,8.3
2025-05-10,18:32:44.940,-79,-70,10,4006,39630,46,1,15,12641,1,50,-101,936,354,-8,519,342,0,-1,-1,-1,0x1010480014840205,1493,1764,1589,1500,2012,1455,1968,1500,1500,1444,988,1500,1500,1500,1500,1500,1500,1500,1372,1628,1500,1500,1500,2012,1500,1981,1940,1500,1520,1505,1500,988,8.3
2025-05-10,18:32:45.440,-79,-72,10,3964,9470,46,1,15,7940,1,54,-598,701,354,-9,519,342,0,-1,-1,-1,0x1010480014840205,1372,1661,1589,1500,2012,1201,1850,1500,1500,1186,988,1500,1500,1500,1500,1500,1500,1500,1372,1628,1500,1500,1500,2012,1500,1893,1768,1500,1520,1505,1500,988,8.3
2025-05-10,18:32:45.940,-78,-70,10,3931,17330,47,1,15,11871,1,56,-109,810,354,-9,519,342,0,-1,-1,-1,0x1010480014840205,1488,1705,1589,1500,2012,1446,1905,1500,1500,1431,988,1500,1500,1500,1500,1500,1500,1500,1372,1628,1500,1500,1500,2012,1500,1936,1842,1500,1520,1505,1500,988,8.3
2025-05-10,18:32:46.440,-73,-72,10,3944,4520,47,1,15,11953,2,58,-242,464,354,-9,519,342,0,-1,-1,-1,0x1010480014840205,1470,1603,1589,1500,2012,1379,1732,1500,1500,1380,988,1500,1500,1500,1500,1500,1500,1500,1372,1628,1500,1500,1500,2012,1500,1791,1671,1500,1520,1505,1500,988,8.3
2025-05-10,18:32:46.940,-83,-85,10,3957,28730,46,1,15,12375,2,58,56,1018,354,-9,519,342,0,-1,-1,-1,0x1010480014842205,1528,1804,1589,1500,2012,1522,2009,1500,1500,1534,988,1500,1500,1500,1500,1500,1500,1500,1372,1628,1500,1500,1500,2012,1500,2009,2006,1500,1520,1505,1500,988,8.3
2025-05-10,18:32:47.450,-68,-71,10,3977,18530,46,1,15,18089,2,62,101,965,354,-9,519,342,0,-1,-1,-1,0x1010480014842205,1535,1779,1589,1500,2012,1550,1982,1500,1500,1550,988,1500,1500,1500,1500,1500,1500,1500,1372,1628,1500,1500,1500,2012,1500,1996,1986,1500,1520,1505,1500,988,8.3
2025-05-10,18:32:47.940,-80,-73,10,3988,5060,46,1,15,11020,2,63,200,734,354,-9,519,342,0,-1,-1,-1,0x1010480014840205,1557,1663,1589,1500,2012,1600,1867,1500,1500,1600,988,1500,1500,1500,1500,1500,1500,1500,1372,1628,1500,1500,1500,2012,1500,1901,1772,1500,1520,1505,1500,988,8.3
2025-05-10,18:32:48.440,-73,-74,10,3983,13920,46,1,15,8266,2,64,257,601,354,-8,519,342,0,-1,-1,-1,0x1010480014840205,1571,1634,1589,1500,2012,1628,1800,1500,1500,1628,988,1500,1500,1500,1500,1500,1500,1500,1372,1628,1500,1500,1500,2012,1500,1854,1723,1500,1520,1505,1500,988,8.3
2025-05-10,18:32:48.940,-90,-88,10,3978,6010,46,1,15,9767,2,65,248,571,354,-9,519,342,0,-1,-1,-1,0x1010480014840205,1569,1623,1589,1500,2012,1624,1786,1500,1500,1624,988,1500,1500,1500,1500,1500,1500,1500,1372,1628,1500,1500,1500,2012,1500,1835,1705,1500,1520,1505,1500,988,8.3
2025-05-10,18:32:49.440,-83,-82,10,3973,7710,46,1,15,11120,2,66,317,899,354,-9,519,342,0,-1,-1,-1,0x1010480014840205,1588,1735,1589,1500,2012,1658,1949,1500,1500,1665,988,1500,1500,1500,1500,1500,1500,1500,1372,1628,1500,1500,1500,2012,1500,1960,1892,1500,1520,1505,1500,988,8.3
2025-05-10,18:32:49.940,-85,-93,10,3973,10290,46,1,15,10822,2,68,648,762,354,-9,519,342,0,-1,-1,-1,0x1010480014840205,1659,1676,1589,1500,2012,1824,1881,1500,1500,1824,988,1500,1500,1500,1500,1500,1500,1500,1372,1628,1500,1500,1500,2012,1500,1917,1794,1500,1520,1505,1500,988,8.3
2025-05-10,18:32:50.440,-69,-77,10,5000,11480,47,1,15,9204,2,69,919,722,354,-9,519,342,0,-1,-1,-1,0x1010480014840205,1739,1667,1589,1500,2012,1959,1861,1500,1500,1959,988,1500,1500,1500,1500,1500,1500,1500,1372,1628,1500,1500,1500,2012,1500,1902,1779,1500,1520,1505,1500,988,8.3
2025-05-10,18:32:50.940,-73,-74,10,3960,24700,47,1,15,12247,2,71,475,849,354,-9,519,342,0,-1,-1,-1,0x1010480014840205,1618,1724,1589,1500,2012,1737,1924,1500,1500,1738,988,1500,1500,1500,1500,1500,1500,1500,1372,1628,1500,1500,1500,2012,1500,1950,1873,1500,1520,1505,1500,988,8.3
2025-05-10,18:32:51.440,-91,-84,10,3942,19790,47,1,15,13061,2,74,174,905,354,-9,519,342,0,-1,-1,-1,0x1010480014840605,1551,1749,1589,1500,2012,1587,1952,1500,1500,1587,988,1500,1500,1500,1500,1500,1500,1500,1372,1628,1500,1500,1500,2012,1500,1970,1915,1500,1520,1505,1500,988,8.3
2025-05-10,18:32:51.940,-83,-79,10,3929,13650,47,1,15,13353,2,75,3,642,354,-9,519,342,0,-1,-1,-1,0x1010480010840605,1512,1648,1589,1500,2012,1501,1821,1500,1500,1500,988,1500,1500,1500,1500,1500,1500,1500,1372,1628,1500,1500,1500,2012,1500,1875,1747,1500,1520,1505,1500,988,8.3
2025-05-10,18:32:52.440,-72,-75,10,3951,5950,47,1,15,15810,2,77,304,543,354,-8,519,342,0,-1,-1,-1,0x1010480014840605,1581,1620,1589,1500,2012,1652,1771,1500,1500,1651,988,1500,1500,1500,1500,1500,1500,1500,1372,1628,1500,1500,1500,2012,1500,1828,1700,1500,1520,1505,1500,988,8.3
2025-05-10,18:32:52.940,-88,-78,10,3968,7690,47,1,15,13714,2,78,1024,639,354,-9,519,342,0,-1,-1,-1,0x1010480014840605,1786,1644,1589,1500,2012,2012,1814,1500,1500,2012,988,1500,1500,1500,1500,1500,1500,1500,1372,1628,1500,1500,1500,2012,1500,1869,1741,1500,1520,1505,1500,988,8.3
2025-05-10,18:32:53.440,-81,-74,10,3963,34100,47,1,15,15006,2,80,-257,972,354,-8,519,342,0,-1,-1,-1,0x1010480014842605,1469,1782,1589,1500,2012,1371,1986,1500,1500,1378,988,1500,1500,1500,1500,1500,1500,1500,1372,1628,1500,1500,1500,2012,1500,1993,1968,1500,1520,1505,1500,988,8.3
2025-05-10,18:32:53.940,-74,-78,10,3913,8180,48,1,15,13830,2,84,-420,853,354,-9,519,342,0,-1,-1,-1,0x1010480014840605,1435,1713,1589,1500,2012,1290,1926,1500,1500,1298,988,1500,1500,1500,1500,1500,1500,1500,1372,1628,1500,1500,1500,2012,1500,1942,1855,1500,1520,1505,1500,988,8.3
2025-05-10,18:32:54.440,-75,-77,10,3913,15260,47,1,15,15391,2,86,-794,817,354,-9,519,342,0,-1,-1,-1,0x1010480014840E05,1321,1712,1589,1500,2012,1103,1908,1500,1500,1119,988,1500,1500,1500,1500,1500,1500,1500,1372,1628,1500,1500,1500,2012,1500,1938,1854,1500,1520,1505,1500,988,8.3
2025-05-10,18:32:54.940,-78,-71,10,3940,5730,47,1,15,10339,2,87,-68,581,354,-9,519,342,0,-1,-1,-1,0x1010480014840605,1501,1623,1589,1500,2012,1466,1790,1500,1500,1467,988,1500,1500,1500,1500,1500,1500,1500,1372,1628,1500,1500,1500,2012,1500,1840,1705,1500,1520,1505,1500,988,8.3
2025-05-10,18:32:55.440,-73,-72,10,3949,4990,47,1,15,10101,2,89,17,815,354,-8,519,342,0,-1,-1,-1,0x1010480010840205,1516,1692,1589,1500,2012,1508,1916,1500,1500,1509,988,1500,1500,1500,1500,1500,1500,1500,1372,1628,1500,1500,1500,2012,1500,1926,1821,1500,1520,1505,1500,988,8.3
2025-05-10,18:32:55.940,-61,-72,10,3962,2100,47,1,15,17807,3,90,688,394,354,-9,519,342,0,-1,-1,-1,0x1010480014840205,1663,1584,1589,1500,2012,1844,1697,1500,1500,1832,988,1500,1500,1500,1500,1500,1500,1500,1372,1628,1500,1500,1500,2012,1500,1750,1640,1500,1520,1505,1500,988,8.3
2025-05-10,18:32:56.440,-64,-67,10,3940,30000,50,1,15,14449,0,0,349,929,354,-9,519,342,0,-1,-1,-1,0x1010480014840205,1592,1761,1589,1500,2012,1674,1964,1500,1500,1675,988,1500,1500,1500,1500,1500,1500,1500,1372,1628,1500,1500,1500,2012,1500,1978,1935,1500,1520,1505,1500,988,8.3
2025-05-10,18:32:56.940,-68,-67,10,3912,11110,46,1,15,11989,0,3,-53,608,354,-9,519,342,0,-1,-1,-1,0x1010480014840205,1502,1648,1589,1500,2012,1474,1804,1500,1500,1473,988,1500,1500,1500,1500,1500,1500,1500,1372,1628,1500,1500,1500,2012,1500,1869,1747,1500,1520,1505,1500,988,8.3
2025-05-10,18:32:57.440,-69,-67,10,3940,1190,46,1,15,9655,0,4,-1024,8,354,-9,519,342,0,-1,-1,-1,0x1010480014840205,1177,1502,1589,1500,2012,988,1504,1500,1500,988,988,1500,1500,1500,1500,1500,1500,1500,1090,2012,1500,1500,1500,2012,1500,1506,1503,1500,1520,1505,1500,988,8.3
2025-05-10,18:32:57.940,-55,-67,10,3989,9870,46,1,15,6790,0,4,-1024,617,354,-9,519,342,0,-1,-1,-1,0x1010480014840A05,1177,1638,1589,1500,2012,988,1808,1500,1500,988,988,1500,1500,1500,1500,1500,1500,1500,1372,1628,1500,1500,1500,2012,1500,1860,1730,1500,1520,1505,1500,988,8.3
2025-05-10,18:32:58.440,-58,-67,10,3984,13790,46,1,15,9203,0,6,84,768,354,-9,519,342,0,-1,-1,-1,0x1010480014840205,1528,1683,1589,1500,2012,1542,1884,1500,1500,1536,988,1500,1500,1500,1500,1500,1500,1500,1372,1628,1500,1500,1500,2012,1500,1919,1806,1500,1520,1505,1500,988,8.3
2025-05-10,18:32:58.940,-59,-60,10,3951,6630,46,1,15,10911,0,9,-92,940,354,-8,519,342,0,-1,-1,-1,0x1010480014840205,1498,1730,1589,1500,2012,1454,1970,1500,1500,1460,988,1500,1500,1500,1500,1500,1500,1500,1372,1628,1500,1500,1500,2012,1500,1967,1883,1500,1520,1505,1500,988,8.3
2025-05-10,18:32:59.440,-59,-62,10,3937,14100,46,1,15,12725,0,12,-215,499,354,-9,519,342,0,-1,-1,-1,0x1010480014840205,1477,1618,1589,1500,2012,1393,1749,1500,1500,1399,988,1500,1500,1500,1500,1500,1500,1500,1372,1628,1500,1500,1500,2012,1500,1842,1697,1500,1520,1505,1500,988,8.3
2025-05-10,18:32:59.940,-72,-68,10,3960,10320,46,1,15,9423,0,12,-211,801,354,-9,519,342,0,-1,-1,-1,0x1010480014840A05,1473,1693,1589,1500,2012,1395,1900,1500,1500,1388,988,1500,1500,1500,1500,1500,1500,1500,1372,1628,1500,1500,1500,2012,1500,1927,1822,1500,1520,1505,1500,988,8.3
2025-05-10,18:33:00.440,-74,-81,10,3955,15600,46,1,15,10587,0,15,-266,766,354,-9,519,342,0,-1,-1,-1,0x1010480014840205,1477,1683,1589,1500,2012,1367,1883,1500,1500,1401,988,1500,1500,1500,1500,1500,1500,1500,1372,1628,1500,1500,1500,2012,1500,1919,1806,1500,1520,1505,1500,988,8.3
2025-05-10,18:33:00.940,-87,-74,10,3927,20820,46,1,15,13556,0,17,193,896,354,-9,519,342,0,-1,-1,-1,0x1010480014840205,1556,1744,1589,1500,2012,1596,1953,1500,1500,1596,988,1500,1500,1500,1500,1500,1500,1500,1372,1628,1500,1500,1500,2012,1500,1966,1907,1500,1520,1505,1500,988,8.3
2025-05-10,18:33:01.440,-74,-69,10,4452,4090,46,1,15,14744,0,21,596,367,354,-9,519,342,0,-1,-1,-1,0x1010480014840605,1642,1580,1589,1500,2012,1798,1683,1500,1500,1792,988,1500,1500,1500,1500,1500,1500,1500,1372,1628,1500,1500,1500,2012,1500,1742,1634,1500,1520,1505,1500,988,8.3
2025-05-10,18:33:01.940,-85,-76,10,3933,1410,46,1,15,8536,0,21,830,202,354,-9,519,342,0,-1,-1,-1,0x1010480014840605,1711,1543,1589,1500,2012,1915,1601,1500,1500,1914,988,1500,1500,1500,1500,1500,1500,1500,1372,1628,1500,1500,1500,2012,1500,1645,1571,1500,1520,1505,1500,988,8.3
2025-05-10,18:33:02.440,-68,-74,10,3987,1590,46,1,15,1149,0,21,-888,208,354,-9,519,342,0,-1,-1,-1,0x1010480014840605,1286,1543,1589,1500,2012,1056,1604,1500,1500,1080,988,1500,1500,1500,1500,1500,1500,1500,1372,1628,1500,1500,1500,2012,1500,1647,1572,1500,1520,1505,1500,988,8.3
2025-05-10,18:33:02.940,-64,-72,10,3990,12480,47,1,15,6508,0,23,-1024,558,354,-9,519,342,0,-1,-1,-1,0x1010480014840E05,1177,1625,1589,1500,2012,988,1773,1500,1500,988,988,1500,1500,1500,1500,1500,1500,1500,1372,1628,1500,1500,1500,2012,1500,1835,1709,1500,1520,1505,1500,988,8.3
2025-05-10,18:33:03.440,-66,-70,10,3982,25950,47,1,15,9616,0,24,1024,726,354,-9,519,342,0,-1,-1,-1,0x1010480014840605,1786,1673,1589,1500,2012,2012,1863,1500,1500,2012,988,1500,1500,1500,1500,1500,1500,1500,1372,1628,1500,1500,1500,2012,1500,1910,1788,1500,1520,1505,1500,988,8.3
2025-05-10,18:33:03.940,-65,-70,10,3936,18660,47,1,15,11228,0,26,692,819,354,-9,519,342,0,-1,-1,-1,0x1010480014840605,1670,1709,1589,1500,2012,1846,1909,1500,1500,1845,988,1500,1500,1500,1500,1500,1500,1500,1372,1628,1500,1500,1500,2012,1500,1939,1849,1500,1520,1505,1500,988,8.3
2025-05-10,18:33:04.440,-77,-92,10,3915,15420,47,1,15,12119,0,29,168,820,354,-9,519,342,0,-1,-1,-1,0x1010480014840605,1553,1708,1589,1500,2012,1584,1910,1500,1500,1591,988,1500,1500,1500,1500,1500,1500,1500,1372,1628,1500,1500,1500,2012,1500,1939,1847,1500,1520,1505,1500,988,8.3
2025-05-10,18:33:04.940,-72,-77,10,3911,17770,47,1,15,14684,0,31,-111,895,354,-9,519,342,0,-1,-1,-1,0x1010480014840605,1494,1744,1589,1500,2012,1445,1947,1500,1500,1445,988,1500,1500,1500,1500,1500,1500,1500,1372,1628,1500,1500,1500,2012,1500,1966,1907,1500,1520,1505,1500,988,8.3
2025-05-10,18:33:05.440,-70,-77,10,3904,18520,47,1,15,15395,0,34,-88,1004,354,-9,519,342,0,-1,-1,-1,0x1010480014842205,1497,1797,1589,1500,2012,1456,2002,1500,1500,1455,988,1500,1500,1500,1500,1500,1500,1500,1372,1628,1500,1500,1500,2012,1500,2000,1983,1500,1520,1505,1500,988,8.3
2025-05-10,18:33:05.940,-65,-86,10,3899,17580,47,1,15,19153,0,38,111,1022,354,-9,519,342,0,-1,-1,-1,0x1010480014842205,1536,1806,1589,1500,2012,1555,2011,1500,1500,1554,988,1500,1500,1500,1500,1500,1500,1500,1372,1628,1500,1500,1500,2012,1500,2011,2010,1500,1520,1505,1500,988,8.3
2025-05-10,18:33:06.440,-59,-86,10,4453,7250,47,1,15,23029,0,39,192,860,354,-9,519,342,0,-1,-1,-1,0x1010480014840205,1555,1727,1589,1500,2012,1596,1930,1500,1500,1595,988,1500,1500,1500,1500,1500,1500,1500,1372,1628,1500,1500,1500,2012,1500,1953,1879,1500,1520,1505,1500,988,8.3
2025-05-10,18:33:06.940,-61,-65,10,3973,5310,48,1,15,13986,0,0,1024,661,354,-9,519,342,0,-1,-1,-1,0x1010480014840205,1786,1646,1589,1500,2012,2012,1830,1500,1500,2012,988,1500,1500,1500,1500,1500,1500,1500,1372,1628,1500,1500,1500,2012,1500,1873,1744,1500,1520,1505,1500,988,8.3
2025-05-10,18:33:07.440,-64,-65,10,3953,47940,48,1,15,12319,0,1,319,999,354,-9,519,342,0,-1,-1,-1,0x1010480014842205,1608,1794,1589,1500,2012,1659,1999,1500,1500,1715,988,1500,1500,1500,1500,1500,1500,1500,1372,1628,1500,1500,1500,2012,1500,1998,1981,1500,1520,1505,1500,988,8.3
2025-05-10,18:33:07.940,-65,-65,10,3931,16310,48,1,15,14825,0,6,961,640,354,-9,519,342,0,-1,-1,-1,0x1010480014840205,1749,1647,1589,1500,2012,1980,1820,1500,1500,1975,988,1500,1500,1500,1500,1500,1500,1500,1372,1628,1500,1500,1500,2012,1500,1874,1746,1500,1520,1505,1500,988,8.3
2025-05-10,18:33:08.440,-65,-66,10,3917,25160,48,1,15,13051,0,7,-225,843,354,-9,519,342,0,-1,-1,-1,0x1010480014840205,1475,1720,1589,1500,2012,1388,1921,1500,1500,1394,988,1500,1500,1500,1500,1500,1500,1500,1372,1628,1500,1500,1500,2012,1500,1948,1868,1500,1520,1505,1500,988,8.3
2025-05-10,18:33:08.940,-65,-69,10,3941,1630,48,1,15,6270,0,8,-1018,225,354,-8,519,342,0,-1,-1,-1,0x1010480014840A05,1191,1547,1589,1500,2012,991,1612,1500,1500,999,988,1500,1500,1500,1500,1500,1500,1500,1372,1628,1500,1500,1500,2012,1500,1659,1578,1500,1520,1505,1500,988,8.3
2025-05-10,18:33:09.440,-75,-70,10,3964,42270,48,1,15,9952,0,9,464,944,354,-8,519,342,0,-1,-1,-1,0x1010480014840205,1607,1763,1589,1500,2012,1732,1972,1500,1500,1713,988,1500,1500,1500,1500,1500,1500,1500,1372,1628,1500,1500,1500,2012,1500,1980,1938,1500,1520,1505,1500,988,8.3
2025-05-10,18:33:09.940,-63,-69,10,3968,15390,48,1,15,6907,0,12,705,781,354,-9,519,342,0,-1,-1,-1,0x1010480014840205,1674,1685,1589,1500,2012,1852,1890,1500,1500,1852,988,1500,1500,1500,1500,1500,1500,1500,1372,1628,1500,1500,1500,2012,1500,1920,1808,1500,1520,1505,1500,988,8.3
2025-05-10,18:33:10.440,-68,-56,10,3941,23410,48,1,15,9761,0,13,422,791,354,-9,519,342,0,-1,-1,-1,0x1010480014840205,1601,1696,1589,1500,2012,1711,1895,1500,1500,1697,988,1500,1500,1500,1500,1500,1500,1500,1372,1628,1500,1500,1500,2012,1500,1929,1826,1500,1520,1505,1500,988,8.3
2025-05-10,18:33:10.940,-66,-62,10,3950,2670,48,1,15,8764,0,15,-609,368,354,-9,519,342,0,-1,-1,-1,0x1010480014840205,1379,1580,1589,1500,2012,1196,1684,1500,1500,1196,988,1500,1500,1500,1500,1500,1500,1500,1372,1628,1500,1500,1500,2012,1500,1741,1633,1500,1520,1505,1500,988,8.3
2025-05-10,18:33:11.440,-55,-57,10,3969,5790,49,1,15,6672,0,15,-1024,681,354,-9,519,342,0,-1,-1,-1,0x1010480014840A05,1177,1652,1589,1500,2012,988,1840,1500,1500,988,988,1500,1500,1500,1500,1500,1500,1500,1372,1628,1500,1500,1500,2012,1500,1881,1754,1500,1520,1505,1500,988,8.3
2025-05-10,18:33:11.940,-53,-57,10,4743,11100,48,1,15,7020,0,17,-280,677,354,-8,519,342,0,-1,-1,-1,0x1010480014840A05,1463,1651,1589,1500,2012,1360,1838,1500,1500,1360,988,1500,1500,1500,1500,1500,1500,1500,1372,1628,1500,1500,1500,2012,1500,1880,1752,1500,1520,1505,1500,988,8.3
2025-05-10,18:33:12.440,-59,-56,10,3924,9270,47,1,15,10709,0,19,-198,609,354,-9,519,342,0,-1,-1,-1,0x1010480014840205,1475,1639,1589,1500,2012,1401,1804,1500,1500,1394,988,1500,1500,1500,1500,1500,1500,1500,1372,1628,1500,1500,1500,2012,1500,1861,1732,1500,1520,1505,1500,988,8.3
2025-05-10,18:33:12.940,-59,-60,10,3938,7780,47,1,15,11363,0,21,142,649,354,-8,519,342,0,-1,-1,-1,0x1010480014840205,1544,1647,1589,1500,2012,1571,1824,1500,1500,1571,988,1500,1500,1500,1500,1500,1500,1500,1372,1628,1500,1500,1500,2012,1500,1874,1746,1500,1520,1505,1500,988,8.3
2025-05-10,18:33:13.440,-58,-62,10,3951,9170,47,1,15,11784,0,22,175,722,354,-8,519,342,0,-1,-1,-1,0x1010480014840205,1552,1667,1589,1500,2012,1587,1861,1500,1500,1588,988,1500,1500,1500,1500,1500,1500,1500,1372,1628,1500,1500,1500,2012,1500,1902,1779,1500,1520,1505,1500,988,8.3
2025-05-10,18:33:13.940,-57,-59,10,3950,9030,47,1,15,12023,0,23,279,727,354,-9,519,342,0,-1,-1,-1,0x1010480014840205,1579,1668,1589,1500,2012,1639,1863,1500,1500,1646,988,1500,1500,1500,1500,1500,1500,1500,1372,1628,1500,1500,1500,2012,1500,1903,1781,1500,1520,1505,1500,988,8.3
2025-05-10,18:33:14.440,-60,-59,10,3948,14040,47,1,15,13400,0,24,247,821,354,-9,519,342,0,-1,-1,-1,0x1010480014840205,1571,1708,1589,1500,2012,1623,1910,1500,1500,1630,988,1500,1500,1500,1500,1500,1500,1500,1372,1628,1500,1500,1500,2012,1500,1939,1848,1500,1520,1505,1500,988,8.3
2025-05-10,18:33:14.940,-62,-59,10,3929,14150,47,1,15,14742,0,26,-151,840,354,-8,519,342,0,-1,-1,-1,0x1010480014840605,1486,1718,1589,1500,2012,1425,1920,1500,1500,1424,988,1500,1500,1500,1500,1500,1500,1500,1372,1628,1500,1500,1500,2012,1500,1947,1864,1500,1520,1505,1500,988,8.3
2025-05-10,18:33:15.440,-60,-77,10,3926,6260,47,1,15,15728,0,29,353,619,354,-9,519,342,0,-1,-1,-1,0x1010480014840605,1590,1639,1589,1500,2012,1676,1809,1500,1500,1670,988,1500,1500,1500,1500,1500,1500,1500,1372,1628,1500,1500,1500,2012,1500,1861,1731,1500,1520,1505,1500,988,8.3
2025-05-10,18:33:15.940,-62,-77,10,3927,1480,47,1,15,16615,0,30,1024,259,354,-9,519,342,0,-1,-1,-1,0x1010480014840605,1786,1554,1589,1500,2012,2012,1629,1500,1500,2012,988,1500,1500,1500,1500,1500,1500,1500,1372,1628,1500,1500,1500,2012,1500,1680,1591,1500,1520,1505,1500,988,8.3
2025-05-10,18:33:16.440,-70,-75,10,3963,6730,47,1,15,5002,0,30,1024,508,354,-9,519,342,0,-1,-1,-1,0x1010480014840605,1786,1611,1589,1500,2012,2012,1754,1500,1500,2012,988,1500,1500,1500,1500,1500,1500,1500,1372,1628,1500,1500,1500,2012,1500,1811,1686,1500,1520,1505,1500,988,8.3
2025-05-10,18:33:16.940,-72,-75,10,3965,16570,47,1,15,8078,0,32,687,735,354,-9,519,342,0,-1,-1,-1,0x1010480014840605,1669,1671,1589,1500,2012,1843,1867,1500,1500,1844,988,1500,1500,1500,1500,1500,1500,1500,1372,1628,1500,1500,1500,2012,1500,1907,1785,1500,1520,1505,1500,988,8.3
2025-05-10,18:33:17.440,-70,-69,10,3932,22030,47,1,15,11591,0,34,449,867,354,-9,519,342,0,-1,-1,-1,0x1010480014840605,1614,1726,1589,1500,2012,1724,1933,1500,1500,1730,988,1500,1500,1500,1500,1500,1500,1500,1372,1628,1500,1500,1500,2012,1500,1956,1876,1500,1520,1505,1500,988,8.3
2025-05-10,18:33:17.940,-73,-75,10,3912,23470,47,1,15,13099,0,37,485,886,354,-9,519,342,0,-1,-1,-1,0x1010480014840605,1614,1740,1589,1500,2012,1742,1943,1500,1500,1730,988,1500,1500,1500,1500,1500,1500,1500,1372,1628,1500,1500,1500,2012,1500,1963,1901,1500,1520,1505,1500,988,8.3
2025-05-10,18:33:18.440,-76,-78,10,3895,21540,47,1,15,14542,1,39,-2,896,354,-9,519,342,0,-1,-1,-1,0x1010480010840605,1512,1751,1589,1500,2012,1499,1948,1500,1500,1499,988,1500,1500,1500,1500,1500,1500,1500,1372,1628,1500,1500,1500,2012,1500,1971,1919,1500,1520,1505,1500,988,8.3
2025-05-10,18:33:18.940,-89,-71,10,3893,1780,47,1,15,22300,1,42,-318,333,354,-9,519,342,0,-1,-1,-1,0x1010480014840205,1455,1572,1589,1500,2012,1341,1666,1500,1500,1341,988,1500,1500,1500,1500,1500,1500,1500,1372,1628,1500,1500,1500,2012,1500,1724,1621,1500,1520,1505,1500,988,8.3
2025-05-10,18:33:19.440,-81,-73,10,3936,2550,50,1,15,10778,0,0,-1024,348,354,-9,519,342,0,-1,-1,-1,0x1010480014840A05,1177,1573,1589,1500,2012,988,1674,1500,1500,988,988,1500,1500,1500,1500,1500,1500,1500,1372,1628,1500,1500,1500,2012,1500,1731,1621,1500,1520,1505,1500,988,8.3
2025-05-10,18:33:19.940,-68,-74,10,3972,17000,47,1,15,7446,0,0,-1024,773,354,-9,519,342,0,-1,-1,-1,0x1010480014840A05,1177,1681,1589,1500,2012,988,1886,1500,1500,988,988,1500,1500,1500,1500,1500,1500,1500,1372,1628,1500,1500,1500,2012,1500,1917,1802,1500,1520,1505,1500,988,8.3
2025-05-10,18:33:20.440,-61,-74,10,3939,12280,49,1,15,9948,0,3,877,667,354,-9,519,342,0,-1,-1,-1,0x1010480014840205,1717,1655,1589,1500,2012,1938,1833,1500,1500,1925,988,1500,1500,1500,1500,1500,1500,1500,1372,1628,1500,1500,1500,2012,1500,1885,1759,1500,1520,1505,1500,988,8.3
2025-05-10,18:33:20.940,-63,-63,10,3920,10950,48,1,15,7211,0,5,508,662,354,-9,519,342,0,-1,-1,-1,0x1010480014840205,1625,1651,1589,1500,2012,1754,1831,1500,1500,1754,988,1500,1500,1500,1500,1500,1500,1500,1372,1628,1500,1500,1500,2012,1500,1878,1751,1500,1520,1505,1500,988,8.3
2025-05-10,18:33:21.440,-58,-63,10,3920,12690,47,1,15,9826,0,6,50,688,354,-9,519,342,0,-1,-1,-1,0x1010480010840205,1520,1658,1589,1500,2012,1525,1844,1500,1500,1519,988,1500,1500,1500,1500,1500,1500,1500,1372,1628,1500,1500,1500,2012,1500,1889,1764,1500,1520,1505,1500,988,8.3
2025-05-10,18:33:21.940,-60,-63,10,3926,22590,47,1,15,12580,0,9,1,844,354,-9,519,342,0,-1,-1,-1,0x1010480010840205,1513,1721,1589,1500,2012,1500,1922,1500,1500,1501,988,1500,1500,1500,1500,1500,1500,1500,1372,1628,1500,1500,1500,2012,1500,1949,1869,1500,1520,1505,1500,988,8.3
2025-05-10,18:33:22.440,-61,-63,10,3921,13160,47,1,15,13142,0,10,-289,690,354,-8,519,342,0,-1,-1,-1,0x1010480014840205,1458,1669,1589,1500,2012,1356,1845,1500,1500,1349,988,1500,1500,1500,1500,1500,1500,1500,1372,1628,1500,1500,1500,2012,1500,1901,1783,1500,1520,1505,1500,988,8.3
2025-05-10,18:33:22.940,-62,-63,10,3922,3990,47,1,15,11778,0,12,835,355,354,-9,519,342,0,-1,-1,-1,0x1010480014840205,1713,1577,1589,1500,2012,1917,1677,1500,1500,1918,988,1500,1500,1500,1500,1500,1500,1500,1372,1628,1500,1500,1500,2012,1500,1735,1629,1500,1520,1505,1500,988,8.3
2025-05-10,18:33:23.440,-64,-67,10,3945,3820,47,1,15,4742,0,12,550,474,354,-9,519,342,0,-1,-1,-1,0x1010480014840205,1641,1601,1589,1500,2012,1775,1737,1500,1500,1788,988,1500,1500,1500,1500,1500,1500,1500,1372,1628,1500,1500,1500,2012,1500,1789,1669,1500,1520,1505,1500,988,8.3
2025-05-10,18:33:23.940,-69,-71,10,3955,6320,47,1,15,6509,0,15,46,547,354,-8,519,342,0,-1,-1,-1,0x1010480014840205,1524,1621,1589,1500,2012,1522,1773,1500,1500,1528,988,1500,1500,1500,1500,1500,1500,1500,1372,1628,1500,1500,1500,2012,1500,1829,1701,1500,1520,1505,1500,988,8.3
2025-05-10,18:33:24.440,-78,-69,10,4737,2490,47,1,15,3468,0,17,-1024,405,354,-9,519,342,0,-1,-1,-1,0x1010480014840205,1177,1586,1589,1500,2012,988,1702,1500,1500,988,988,1500,1500,1500,1500,1500,1500,1500,1372,1628,1500,1500,1500,2012,1500,1755,1643,1500,1520,1505,1500,988,8.3
2025-05-10,18:33:24.940,-78,-74,10,3941,11390,48,1,15,7159,0,18,-248,690,354,-9,519,342,0,-1,-1,-1,0x1010480014840205,1485,1658,1589,1500,2012,1376,1845,1500,1500,1422,988,1500,1500,1500,1500,1500,1500,1500,1372,1628,1500,1500,1500,2012,1500,1889,1763,1500,1520,1505,1500,988,8.3
2025-05-10,18:33:25.440,-78,-75,10,3932,16120,48,1,15,13501,0,20,133,885,354,-9,519,342,0,-1,-1,-1,0x1010480014840205,1545,1740,1589,1500,2012,1566,1942,1500,1500,1572,988,1500,1500,1500,1500,1500,1500,1500,1372,1628,1500,1500,1500,2012,1500,1963,1900,1500,1520,1505,1500,988,8.3
2025-05-10,18:33:25.940,-79,-74,10,3904,19990,48,1,15,18666,0,23,-379,872,353,-8,519,342,0,-1,-1,-1,0x1010480014840605,1448,1756,1589,1500,2012,1311,1936,1500,1500,1325,988,1500,1500,1500,1500,1500,1500,1500,1372,1628,1500,1500,1500,2012,1500,1972,1927,1500,1520,1505,1500,988,8.3
2025-05-10,18:33:26.440,-71,-74,10,3903,1520,48,1,15,7523,0,24,-520,244,354,-9,519,342,0,-1,-1,-1,0x1010480014840E05,1404,1551,1589,1500,2012,1240,1622,1500,1500,1240,988,1500,1500,1500,1500,1500,1500,1500,1372,1628,1500,1500,1500,2012,1500,1672,1585,1500,1520,1505,1500,988,8.3
2025-05-10,18:33:26.940,-70,-71,10,3968,2000,48,1,15,5580,0,24,-592,301,354,-8,519,342,0,-1,-1,-1,0x1010480014840E05,1384,1561,1589,1500,2012,1204,1650,1500,1500,1205,988,1500,1500,1500,1500,1500,1500,1500,1372,1628,1500,1500,1500,2012,1500,1697,1602,1500,1520,1505,1500,988,8.3
2025-05-10,18:33:27.440,-74,-72,10,3971,8480,48,1,15,5999,0,25,-767,426,354,-9,519,342,0,-1,-1,-1,0x1010480014840E05,1325,1600,1589,1500,2012,1117,1713,1500,1500,1123,988,1500,1500,1500,1500,1500,1500,1500,1372,1628,1500,1500,1500,2012,1500,1786,1667,1500,1520,1505,1500,988,8.3
2025-05-10,18:33:27.940,-74,-63,10,3966,5470,48,1,15,5674,0,26,-67,454,354,-8,519,342,0,-1,-1,-1,0x1010480014840605,1496,1600,1589,1500,2012,1467,1727,1500,1500,1454,988,1500,1500,1500,1500,1500,1500,1500,1372,1628,1500,1500,1500,2012,1500,1787,1668,1500,1520,1505,1500,988,8.3
2025-05-10,18:33:28.440,-74,-60,10,3964,1940,48,1,15,5074,0,26,684,233,354,-9,519,342,0,-1,-1,-1,0x1010480014840605,1668,1548,1589,1500,2012,1842,1616,1500,1500,1841,988,1500,1500,1500,1500,1500,1500,1500,1372,1628,1500,1500,1500,2012,1500,1664,1580,1500,1520,1505,1500,988,8.3
2025-05-10,18:33:28.940,-76,-71,10,3967,3510,48,1,15,5031,0,27,319,403,354,-9,519,342,0,-1,-1,-1,0x1010480014840605,1588,1588,1589,1500,2012,1659,1701,1500,1500,1664,988,1500,1500,1500,1500,1500,1500,1500,1372,1628,1500,1500,1500,2012,1500,1760,1648,1500,1520,1505,1500,988,8.3
2025-05-10,18:33:29.440,-76,-65,10,3973,13220,48,1,15,6670,0,27,-198,737,354,-9,519,342,0,-1,-1,-1,0x1010480014840605,1479,1668,1589,1500,2012,1401,1874,1500,1500,1407,988,1500,1500,1500,1500,1500,1500,1500,1372,1628,1500,1500,1500,2012,1500,1908,1781,1500,1520,1505,1500,988,8.3
2025-05-10,18:33:29.940,-76,-62,10,3969,24790,47,1,15,12538,0,30,-358,805,354,-9,519,342,0,-1,-1,-1,0x1010480014840205,1446,1708,1589,1500,2012,1321,1902,1500,1500,1321,988,1500,1500,1500,1500,1500,1500,1500,1372,1628,1500,1500,1500,2012,1500,1938,1846,1500,1520,1505,1500,988,8.3
2025-05-10,18:33:30.440,-73,-64,10,3930,12530,47,1,15,13140,0,31,14,787,354,-9,519,342,0,-1,-1,-1,0x1010480010840205,1515,1693,1589,1500,2012,1507,1893,1500,1500,1507,988,1500,1500,1500,1500,1500,1500,1500,1372,1628,1500,1500,1500,2012,1500,1927,1822,1500,1520,1505,1500,988,8.3
2025-05-10,18:33:30.940,-68,-56,10,3928,14330,47,1,15,13707,0,33,13,841,354,-9,519,342,0,-1,-1,-1,0x1010480010840205,1515,1718,1589,1500,2012,1506,1920,1500,1500,1506,988,1500,1500,1500,1500,1500,1500,1500,1372,1628,1500,1500,1500,2012,1500,1947,1864,1500,1520,1505,1500,988,8.3
2025-05-10,18:33:31.440,-64,-53,10,3927,37680,47,1,15,17786,0,36,9,1021,354,-9,519,342,0,-1,-1,-1,0x1010480010842205,1514,1805,1589,1500,2012,1504,2010,1500,1500,1504,988,1500,1500,1500,1500,1500,1500,1500,1372,1628,1500,1500,1500,2012,1500,2011,2009,1500,1520,1505,1500,988,8.3
2025-05-10,18:33:31.940,-61,-58,10,3919,13060,47,1,15,16461,0,38,3,506,354,-9,519,342,0,-1,-1,-1,0x1010480010840205,1513,1620,1589,1500,2012,1501,1753,1500,1500,1501,988,1500,1500,1500,1500,1500,1500,1500,1372,1628,1500,1500,1500,2012,1500,1848,1701,1500,1520,1505,1500,988,8.3
2025-05-10,18:33:32.440,-61,-54,10,3933,3850,48,1,15,15177,1,38,-52,670,354,-9,519,342,0,-1,-1,-1,0x1010480010840205,1504,1645,1589,1500,2012,1474,1835,1500,1500,1475,988,1500,1500,1500,1500,1500,1500,1500,1372,1628,1500,1500,1500,2012,1500,1871,1742,1500,1520,1505,1500,988,8.3
2025-05-10,18:33:32.940,-61,-56,10,3954,4190,47,1,15,14551,1,39,-1,538,354,-9,519,342,0,-1,-1,-1,0x1010480010840205,1512,1618,1589,1500,2012,1500,1769,1500,1500,1500,988,1500,1500,1500,1500,1500,1500,1500,1372,1628,1500,1500,1500,2012,1500,1825,1698,1500,1520,1505,1500,988,8.3
2025-05-10,18:33:33.440,-70,-60,10,3963,5000,47,1,15,13972,1,40,-3,564,354,-8,519,342,0,-1,-1,-1,0x1010480010840205,1512,1624,1589,1500,2012,1499,1782,1500,1500,1499,988,1500,1500,1500,1500,1500,1500,1500,1372,1628,1500,1500,1500,2012,1500,1837,1707,1500,1520,1505,1500,988,8.3
2025-05-10,18:33:33.940,-77,-62,10,3963,6750,47,1,15,14143,1,40,-1,658,354,-8,519,342,0,-1,-1,-1,0x1010480010840205,1512,1649,1589,1500,2012,1500,1829,1500,1500,1500,988,1500,1500,1500,1500,1500,1500,1500,1372,1628,1500,1500,1500,2012,1500,1876,1748,1500,1520,1505,1500,988,8.3
2025-05-10,18:33:34.440,-69,-63,10,3962,6800,47,1,15,13969,1,41,1,644,354,-9,519,342,0,-1,-1,-1,0x1010480010840205,1512,1646,1589,1500,2012,1500,1822,1500,1500,1500,988,1500,1500,1500,1500,1500,1500,1500,1372,1628,1500,1500,1500,2012,1500,1871,1743,1500,1520,1505,1500,988,8.3
2025-05-10,18:33:34.940,-73,-66,10,5000,3280,47,1,15,13335,1,42,58,415,354,-9,519,342,0,-1,-1,-1,0x1010480010840205,1522,1591,1589,1500,2012,1529,1707,1500,1500,1522,988,1500,1500,1500,1500,1500,1500,1500,1372,1628,1500,1500,1500,2012,1500,1766,1653,1500,1520,1505,1500,988,8.3
2025-05-10,18:33:35.440,-73,-69,10,3960,3280,47,1,15,12487,1,43,65,430,354,-9,519,342,0,-1,-1,-1,0x1010480014840205,1526,1595,1589,1500,2012,1532,1715,1500,1500,1531,988,1500,1500,1500,1500,1500,1500,1500,1372,1628,1500,1500,1500,2012,1500,1775,1659,1500,1520,1505,1500,988,8.3
2025-05-10,18:33:35.940,-68,-72,10,3973,2000,47,1,15,11469,1,43,109,329,354,-8,519,342,0,-1,-1,-1,0x1010480014840205,1536,1571,1589,1500,2012,1554,1664,1500,1500,1553,988,1500,1500,1500,1500,1500,1500,1500,1372,1628,1500,1500,1500,2012,1500,1721,1618,1500,1520,1505,1500,988,8.3
2025-05-10,18:33:36.440,-60,-76,10,3977,2010,47,1,15,9145,1,43,175,317,354,-9,519,342,0,-1,-1,-1,0x1010480014840205,1541,1568,1589,1500,2012,1587,1658,1500,1500,1565,988,1500,1500,1500,1500,1500,1500,1500,1372,1628,1500,1500,1500,2012,1500,1714,1614,1500,1520,1505,1500,988,8.3
2025-05-10,18:33:36.940,-61,-63,10,3980,2420,47,1,15,7539,1,44,525,309,354,-9,519,342,0,-1,-1,-1,0x1010480014840205,1634,1566,1589,1500,2012,1762,1654,1500,1500,1774,988,1500,1500,1500,1500,1500,1500,1500,1372,1628,1500,1500,1500,2012,1500,1709,1610,1500,1520,1505,1500,988,8.3
2025-05-10,18:33:37.440,-78,-74,10,3981,2280,47,1,15,8149,1,44,-26,324,354,-9,519,342,0,-1,-1,-1,0x1010480010840205,1508,1567,1589,1500,2012,1487,1662,1500,1500,1488,988,1500,1500,1500,1500,1500,1500,1500,1372,1628,1500,1500,1500,2012,1500,1712,1612,1500,1520,1505,1500,988,8.3
2025-05-10,18:33:37.940,-70,-74,10,3978,21520,48,1,15,11432,1,45,376,765,354,-9,519,342,0,-1,-1,-1,0x1010480014840205,1599,1695,1589,1500,2012,1688,1882,1500,1500,1694,988,1500,1500,1500,1500,1500,1500,1500,1372,1628,1500,1500,1500,2012,1500,1923,1825,1500,1520,1505,1500,988,8.3
2025-05-10,18:33:38.440,-82,-82,10,3960,23000,48,1,15,12618,1,47,173,930,354,-9,519,342,0,-1,-1,-1,0x1010480014840205,1552,1760,1589,1500,2012,1586,1965,1500,1500,1587,988,1500,1500,1500,1500,1500,1500,1500,1372,1628,1500,1500,1500,2012,1500,1978,1934,1500,1520,1505,1500,988,8.3
2025-05-10,18:33:38.940,-80,-79,10,3942,15780,47,1,15,15185,1,49,-48,713,354,-9,519,342,0,-1,-1,-1,0x1010480010840205,1506,1687,1589,1500,2012,1476,1856,1500,1500,1482,988,1500,1500,1500,1500,1500,1500,1500,1372,1628,1500,1500,1500,2012,1500,1924,1813,1500,1520,1505,1500,988,8.3
2025-05-10,18:33:39.440,-84,-77,10,3948,1400,47,1,15,11037,1,50,-1024,14,354,-9,519,342,0,-1,-1,-1,0x1010480014840205,1177,1504,1589,1500,2012,988,1507,1500,1500,988,988,1500,1500,1500,1500,1500,1500,1500,1065,1935,1500,1500,1500,2012,1500,1512,1506,1500,1520,1505,1500,988,8.3
2025-05-10,18:33:39.940,-84,-70,10,3971,7010,48,1,15,4576,1,50,-1024,480,354,-9,519,342,0,-1,-1,-1,0x1010480014840A05,1177,1605,1589,1500,2012,988,1740,1500,1500,988,988,1500,1500,1500,1500,1500,1500,1500,1372,1628,1500,1500,1500,2012,1500,1798,1676,1500,1520,1505,1500,988,8.3
2025-05-10,18:33:40.440,-78,-71,10,3968,18970,48,1,15,7190,1,52,-706,710,354,-9,519,342,0,-1,-1,-1,0x1010480014840A05,1335,1664,1589,1500,2012,1147,1855,1500,1500,1136,988,1500,1500,1500,1500,1500,1500,1500,1372,1628,1500,1500,1500,2012,1500,1897,1773,1500,1520,1505,1500,988,8.3
2025-05-10,18:33:40.940,-76,-72,10,3916,28110,48,1,15,12540,1,55,118,896,354,-9,519,342,0,-1,-1,-1,0x1010480014840205,1536,1745,1589,1500,2012,1559,1948,1500,1500,1553,988,1500,1500,1500,1500,1500,1500,1500,1372,1628,1500,1500,1500,2012,1500,1966,1908,1500,1520,1505,1500,988,8.3
2025-05-10,18:33:41.440,-76,-71,10,3894,12780,48,1,15,19141,1,58,-177,906,354,-9,519,342,0,-1,-1,-1,0x1010480014840605,1484,1750,1589,1500,2012,1412,1953,1500,1500,1419,988,1500,1500,1500,1500,1500,1500,1500,1372,1628,1500,1500,1500,2012,1500,1970,1917,1500,1520,1505,1500,988,8.3
2025-05-10,18:33:41.940,-93,-72,10,3866,24260,48,1,15,18541,1,62,530,1015,354,-9,519,342,0,-1,-1,-1,0x1010480014842605,1625,1802,1589,1500,2012,1765,2007,1500,1500,1754,988,1500,1500,1500,1500,1500,1500,1500,1372,1628,1500,1500,1500,2012,1500,2009,2004,1500,1520,1505,1500,988,8.3
2025-05-10,18:33:42.440,-66,-74,10,3883,2710,48,1,15,15374,2,64,-129,411,354,-9,519,342,0,-1,-1,-1,0x1010480014840605,1492,1590,1589,1500,2012,1436,1705,1500,1500,1443,988,1500,1500,1500,1500,1500,1500,1500,1372,1628,1500,1500,1500,2012,1500,1763,1650,1500,1520,1505,1500,988,8.3
2025-05-10,18:33:42.940,-71,-71,10,3958,4480,57,1,15,11467,0,0,-759,467,354,-9,519,342,0,-1,-1,-1,0x1010480014840E05,1323,1603,1589,1500,2012,1121,1733,1500,1500,1121,988,1500,1500,1500,1500,1500,1500,1500,1372,1628,1500,1500,1500,2012,1500,1792,1672,1500,1520,1505,1500,988,8.3
2025-05-10,18:33:43.440,-72,-80,10,3961,4390,51,1,15,1157,0,0,-254,474,354,-9,519,342,0,-1,-1,-1,0x1010480014840605,1469,1604,1589,1500,2012,1373,1737,1500,1500,1379,988,1500,1500,1500,1500,1500,1500,1500,1372,1628,1500,1500,1500,2012,1500,1796,1674,1500,1520,1505,1500,988,8.3
2025-05-10,18:33:43.940,-79,-79,10,3963,7130,49,1,15,3996,0,0,-472,453,354,-9,519,342,0,-1,-1,-1,0x1010480014840E05,1418,1600,1589,1500,2012,1264,1726,1500,1500,1265,988,1500,1500,1500,1500,1500,1500,1500,1372,1628,1500,1500,1500,2012,1500,1785,1667,1500,1520,1505,1500,988,8.3
2025-05-10,18:33:44.440,-86,-87,10,3963,2490,49,1,15,4731,0,1,-445,323,354,-8,519,342,0,-1,-1,-1,0x1010480014840E05,1424,1570,1589,1500,2012,1278,1661,1500,1500,1277,988,1500,1500,1500,1500,1500,1500,1500,1372,1628,1500,1500,1500,2012,1500,1718,1616,1500,1520,1505,1500,988,8.3
2025-05-10,18:33:44.940,-86,-86,10,3967,2890,48,1,15,4412,0,1,1021,212,354,-9,519,342,0,-1,-1,-1,0x1010480014840605,1783,1552,1589,1500,2012,2010,1606,1500,1500,2010,988,1500,1500,1500,1500,1500,1500,1500,1372,1628,1500,1500,1500,2012,1500,1665,1587,1500,1520,1505,1500,988,8.3
2025-05-10,18:33:45.440,-84,-85,10,3976,1220,48,1,15,2915,0,1,618,152,354,-8,519,342,0,-1,-1,-1,0x1010480014840205,1667,1526,1589,1500,2012,1809,1576,1500,1500,1838,988,1500,1500,1500,1500,1500,1500,1500,1372,1628,1500,1500,1500,2012,1500,1582,1543,1500,1520,1505,1500,988,8.3
2025-05-10,18:33:45.940,-83,-78,10,3977,2770,48,1,15,5526,0,2,292,485,354,-9,519,342,0,-1,-1,-1,0x1010480014840205,1578,1599,1589,1500,2012,1646,1742,1500,1500,1645,988,1500,1500,1500,1500,1500,1500,1500,1372,1628,1500,1500,1500,2012,1500,1790,1665,1500,1520,1505,1500,988,8.3
2025-05-10,18:33:46.440,-80,-76,10,3970,10570,48,1,15,8981,0,3,498,727,354,-8,519,342,0,-1,-1,-1,0x1010480014840205,1620,1675,1589,1500,2012,1749,1863,1500,1500,1743,988,1500,1500,1500,1500,1500,1500,1500,1372,1628,1500,1500,1500,2012,1500,1913,1793,1500,1520,1505,1500,988,8.3
2025-05-10,18:33:46.950,-84,-80,10,3960,13810,48,1,15,9865,0,4,21,608,354,-9,519,342,0,-1,-1,-1,0x1010480010840205,1514,1647,1589,1500,2012,1510,1804,1500,1500,1505,988,1500,1500,1500,1500,1500,1500,1500,1372,1628,1500,1500,1500,2012,1500,1872,1745,1500,1520,1505,1500,988,8.3
2025-05-10,18:33:47.440,-75,-71,10,3956,3520,49,1,15,9120,0,5,953,304,354,-9,519,342,0,-1,-1,-1,0x1010480014840205,1764,1565,1589,1500,2012,1976,1652,1500,1500,1990,988,1500,1500,1500,1500,1500,1500,1500,1372,1628,1500,1500,1500,2012,1500,1707,1609,1500,1520,1505,1500,988,8.3
2025-05-10,18:33:47.940,-72,-70,10,3961,4190,49,1,15,6731,0,6,7,463,354,-9,519,342,0,-1,-1,-1,0x1010480010840205,1520,1602,1589,1500,2012,1503,1731,1500,1500,1516,988,1500,1500,1500,1500,1500,1500,1500,1372,1628,1500,1500,1500,2012,1500,1789,1670,1500,1520,1505,1500,988,8.3
2025-05-10,18:33:48.440,-85,-79,10,3961,6920,49,1,15,7948,0,7,-75,578,354,-9,519,342,0,-1,-1,-1,0x1010480014840205,1494,1627,1589,1500,2012,1463,1789,1500,1500,1448,988,1500,1500,1500,1500,1500,1500,1500,1372,1628,1500,1500,1500,2012,1500,1843,1712,1500,1520,1505,1500,988,8.3
2025-05-10,18:33:48.950,-88,-84,10,3957,65320,50,1,15,16088,0,9,106,1020,354,-9,519,342,0,-1,-1,-1,0x1010480014842205,1533,1805,1589,1500,2012,1553,2010,1500,1500,1546,988,1500,1500,1500,1500,1500,1500,1500,1372,1628,1500,1500,1500,2012,1500,2010,2008,1500,1520,1505,1500,988,8.3
2025-05-10,18:33:49.450,-89,-76,10,3956,3200,48,1,15,11321,0,11,314,428,354,-8,519,342,0,-1,-1,-1,0x1010480014840205,1595,1594,1589,1500,2012,1657,1714,1500,1500,1683,988,1500,1500,1500,1500,1500,1500,1500,1372,1628,1500,1500,1500,2012,1500,1773,1657,1500,1520,1505,1500,988,8.3
2025-05-10,18:33:49.940,-92,-82,10,3953,9360,49,1,15,11215,0,12,-387,546,354,-9,519,342,0,-1,-1,-1,0x1010480014840205,1420,1621,1589,1500,2012,1307,1773,1500,1500,1269,988,1500,1500,1500,1500,1500,1500,1500,1372,1628,1500,1500,1500,2012,1500,1829,1701,1500,1520,1505,1500,988,8.3
2025-05-10,18:33:50.450,-86,-73,10,3960,39980,49,1,15,13493,0,13,2,639,354,-9,519,342,0,-1,-1,-1,0x1010480010840205,1513,1647,1589,1500,2012,1501,1819,1500,1500,1501,988,1500,1500,1500,1500,1500,1500,1500,1372,1628,1500,1500,1500,2012,1500,1904,1746,1500,1520,1505,1500,988,8.3
2025-05-10,18:33:50.950,-76,-73,10,3959,3840,49,1,15,8546,0,14,718,731,354,-9,519,342,0,-1,-1,-1,0x1010480014840205,1698,1660,1589,1500,2012,1859,1865,1500,1500,1893,988,1500,1500,1500,1500,1500,1500,1500,1372,1628,1500,1500,1500,2012,1500,1911,1783,1500,1520,1505,1500,988,8.3
2025-05-10,18:33:51.450,-81,-73,10,3955,35660,49,1,15,17606,0,18,135,1022,354,-8,519,342,0,-1,-1,-1,0x1010480014842205,1536,1806,1589,1500,2012,1567,2011,1500,1500,1554,988,1500,1500,1500,1500,1500,1500,1500,1372,1628,1500,1500,1500,2012,1500,2011,2010,1500,1520,1505,1500,988,8.3
2025-05-10,18:33:51.950,-76,-81,10,3895,4480,49,1,15,14607,0,21,-549,657,354,-9,519,342,0,-1,-1,-1,0x1010480014840205,1393,1642,1589,1500,2012,1226,1828,1500,1500,1220,988,1500,1500,1500,1500,1500,1500,1500,1372,1628,1500,1500,1500,2012,1500,1866,1737,1500,1520,1505,1500,988,8.3
2025-05-10,18:33:52.450,-74,-81,10,3901,4770,48,1,15,13757,0,22,8,708,354,-9,519,342,0,-1,-1,-1,0x1010480010840205,1513,1660,1589,1500,2012,1504,1854,1500,1500,1503,988,1500,1500,1500,1500,1500,1500,1500,1372,1628,1500,1500,1500,2012,1500,1892,1767,1500,1520,1505,1500,988,8.3
2025-05-10,18:33:52.950,-77,-81,10,3943,48210,48,1,15,12587,0,23,147,1021,354,-9,519,342,0,-1,-1,-1,0x1010480014842205,1549,1805,1589,1500,2012,1573,2010,1500,1500,1581,988,1500,1500,1500,1500,1500,1500,1500,1372,1628,1500,1500,1500,2012,1500,2011,2009,1500,1520,1505,1500,988,8.3
2025-05-10,18:33:53.450,-68,-70,10,3955,3040,48,1,15,12397,0,25,9,487,354,-9,519,342,0,-1,-1,-1,0x1010480010840205,1514,1604,1589,1500,2012,1504,1743,1500,1500,1504,988,1500,1500,1500,1500,1500,1500,1500,1372,1628,1500,1500,1500,2012,1500,1796,1674,1500,1520,1505,1500,988,8.3
2025-05-10,18:33:53.950,-67,-69,10,4218,6200,48,1,15,12396,0,26,514,488,354,-8,519,342,0,-1,-1,-1,0x1010480014840205,1613,1614,1589,1500,2012,1757,1744,1500,1500,1727,988,1500,1500,1500,1500,1500,1500,1500,1372,1628,1500,1500,1500,2012,1500,1815,1690,1500,1520,1505,1500,988,8.3
2025-05-10,18:33:54.440,-66,-72,10,3956,20000,49,1,15,12265,0,27,303,813,354,-9,519,342,0,-1,-1,-1,0x1010480014840205,1581,1711,1589,1500,2012,1651,1906,1500,1500,1651,988,1500,1500,1500,1500,1500,1500,1500,1372,1628,1500,1500,1500,2012,1500,1941,1852,1500,1520,1505,1500,988,8.3
2025-05-10,18:33:54.940,-65,-72,10,3954,1140,49,1,15,8263,0,28,-1024,4,354,-8,519,342,0,-1,-1,-1,0x1010480014840205,1177,1501,1589,1500,2012,988,1502,1500,1500,988,988,1500,1500,1500,1500,1500,1500,1500,1213,2012,1500,1500,1500,2012,1500,1504,1502,1500,1520,1505,1500,988,8.3
2025-05-10,18:33:55.450,-53,-69,10,3969,19200,49,1,15,8360,0,29,-1024,729,354,-8,519,342,0,-1,-1,-1,0x1010480014840A05,1177,1672,1589,1500,2012,988,1864,1500,1500,988,988,1500,1500,1500,1500,1500,1500,1500,1372,1628,1500,1500,1500,2012,1500,1909,1787,1500,1520,1505,1500,988,8.3
2025-05-10,18:33:55.950,-53,-69,10,3964,10600,49,1,15,8091,0,30,-203,679,354,-9,519,342,0,-1,-1,-1,0x1010480014840205,1473,1655,1589,1500,2012,1399,1839,1500,1500,1399,988,1500,1500,1500,1500,1500,1500,1500,1372,1628,1500,1500,1500,2012,1500,1885,1759,1500,1520,1505,1500,988,8.3
2025-05-10,18:33:56.450,-57,-64,10,3935,12470,48,1,15,9647,1,31,118,807,354,-9,519,342,0,-1,-1,-1,0x1010480014840205,1539,1696,1589,1500,2012,1559,1903,1500,1500,1559,988,1500,1500,1500,1500,1500,1500,1500,1372,1628,1500,1500,1500,2012,1500,1934,1838,1500,1520,1505,1500,988,8.3
2025-05-10,18:33:56.950,-60,-64,10,3932,4020,48,1,15,12139,1,34,-132,409,354,-9,519,342,0,-1,-1,-1,0x1010480014840205,1489,1592,1589,1500,2012,1434,1704,1500,1500,1434,988,1500,1500,1500,1500,1500,1500,1500,1372,1628,1500,1500,1500,2012,1500,1769,1654,1500,1520,1505,1500,988,8.3
2025-05-10,18:33:57.440,-67,-66,10,3936,1810,48,1,15,9288,1,35,-324,278,354,-9,519,342,0,-1,-1,-1,0x1010480014840205,1457,1559,1589,1500,2012,1338,1639,1500,1500,1346,988,1500,1500,1500,1500,1500,1500,1500,1372,1628,1500,1500,1500,2012,1500,1691,1598,1500,1520,1505,1500,988,8.3
2025-05-10,18:33:57.950,-79,-73,10,3961,7140,48,1,15,8800,1,35,-141,632,354,-9,519,342,0,-1,-1,-1,0x1010480014840205,1484,1638,1589,1500,2012,1430,1816,1500,1500,1419,988,1500,1500,1500,1500,1500,1500,1500,1372,1628,1500,1500,1500,2012,1500,1861,1731,1500,1520,1505,1500,988,8.3
2025-05-10,18:33:58.450,-80,-82,10,3959,19430,48,1,15,12573,1,37,-394,659,354,-8,519,342,0,-1,-1,-1,0x1010480014840205,1442,1662,1589,1500,2012,1303,1829,1500,1500,1311,988,1500,1500,1500,1500,1500,1500,1500,1372,1628,1500,1500,1500,2012,1500,1890,1770,1500,1520,1505,1500,988,8.3
2025-05-10,18:33:58.940,-80,-70,10,4735,6190,48,1,15,11660,1,38,204,643,354,-9,519,342,0,-1,-1,-1,0x1010480014840205,1558,1642,1589,1500,2012,1602,1821,1500,1500,1602,988,1500,1500,1500,1500,1500,1500,1500,1372,1628,1500,1500,1500,2012,1500,1866,1737,1500,1520,1505,1500,988,8.3
2025-05-10,18:33:59.450,-75,-75,10,3934,3580,48,1,15,11618,1,39,414,384,354,-8,519,342,0,-1,-1,-1,0x1010480014840205,1604,1584,1589,1500,2012,1707,1692,1500,1500,1706,988,1500,1500,1500,1500,1500,1500,1500,1372,1628,1500,1500,1500,2012,1500,1750,1640,1500,1520,1505,1500,988,8.3
2025-05-10,18:33:59.950,-82,-74,10,3956,3540,48,1,15,9779,1,40,156,424,354,-9,519,342,0,-1,-1,-1,0x1010480014840205,1547,1593,1589,1500,2012,1578,1712,1500,1500,1578,988,1500,1500,1500,1500,1500,1500,1500,1372,1628,1500,1500,1500,2012,1500,1771,1655,1500,1520,1505,1500,988,8.3
2025-05-10,18:34:00.450,-71,-73,10,3963,3960,48,1,15,7544,1,40,1024,437,354,-9,519,342,0,-1,-1,-1,0x1010480014840205,1786,1596,1589,1500,2012,2012,1718,1500,1500,2012,988,1500,1500,1500,1500,1500,1500,1500,1372,1628,1500,1500,1500,2012,1500,1778,1661,1500,1520,1505,1500,988,8.3
2025-05-10,18:34:00.950,-63,-73,10,3963,7070,48,1,15,5278,1,41,500,639,354,-9,519,342,0,-1,-1,-1,0x1010480014840205,1620,1638,1589,1500,2012,1750,1819,1500,1500,1744,988,1500,1500,1500,1500,1500,1500,1500,1372,1628,1500,1500,1500,2012,1500,1859,1730,1500,1520,1505,1500,988,8.3
2025-05-10,18:34:01.450,-72,-77,10,3959,17930,48,1,15,10636,1,43,406,777,354,-9,519,342,0,-1,-1,-1,0x1010480014840205,1603,1689,1589,1500,2012,1703,1888,1500,1500,1702,988,1500,1500,1500,1500,1500,1500,1500,1372,1628,1500,1500,1500,2012,1500,1923,1814,1500,1520,1505,1500,988,8.3
2025-05-10,18:34:01.950,-71,-77,10,3929,9190,48,1,15,11436,1,45,58,715,354,-9,519,342,0,-1,-1,-1,0x1010480010840205,1523,1666,1589,1500,2012,1529,1857,1500,1500,1523,988,1500,1500,1500,1500,1500,1500,1500,1372,1628,1500,1500,1500,2012,1500,1900,1776,1500,1520,1505,1500,988,8.3
2025-05-10,18:34:02.450,-66,-73,10,3932,5790,48,1,15,11544,1,46,-132,649,354,-9,519,342,0,-1,-1,-1,0x1010480014840205,1485,1642,1589,1500,2012,1434,1824,1500,1500,1423,988,1500,1500,1500,1500,1500,1500,1500,1372,1628,1500,1500,1500,2012,1500,1867,1738,1500,1520,1505,1500,988,8.3
2025-05-10,18:34:02.950,-70,-76,10,3937,7530,48,1,15,14915,1,49,60,533,354,-9,519,342,0,-1,-1,-1,0x1010480014840205,1525,1620,1589,1500,2012,1530,1766,1500,1500,1529,988,1500,1500,1500,1500,1500,1500,1500,1372,1628,1500,1500,1500,2012,1500,1829,1700,1500,1520,1505,1500,988,8.3
2025-05-10,18:34:03.440,-72,-76,10,3948,4350,48,1,15,13809,1,49,200,570,354,-8,519,342,0,-1,-1,-1,0x1010480014840205,1558,1625,1589,1500,2012,1600,1785,1500,1500,1600,988,1500,1500,1500,1500,1500,1500,1500,1372,1628,1500,1500,1500,2012,1500,1839,1709,1500,1520,1505,1500,988,8.3
2025-05-10,18:34:03.940,-70,-70,10,3947,5330,48,1,15,14548,1,50,196,575,354,-9,519,342,0,-1,-1,-1,0x1010480014840205,1556,1627,1589,1500,2012,1598,1787,1500,1500,1598,988,1500,1500,1500,1500,1500,1500,1500,1372,1628,1500,1500,1500,2012,1500,1842,1711,1500,1520,1505,1500,988,8.3
2025-05-10,18:34:04.450,-65,-77,10,3954,2330,48,1,15,11175,1,51,1003,53,354,-9,519,342,0,-1,-1,-1,0x1010480014840205,1760,1516,1589,1500,2012,2001,1526,1500,1500,1986,988,1500,1500,1500,1500,1500,1500,1500,1372,1628,1500,1500,1500,2012,1500,1549,1527,1500,1520,1505,1500,988,8.3
2025-05-10,18:34:04.950,-65,-77,10,3957,1540,48,1,15,5741,1,51,75,273,354,-9,519,342,0,-1,-1,-1,0x1010480014840205,1535,1554,1589,1500,2012,1537,1636,1500,1500,1550,988,1500,1500,1500,1500,1500,1500,1500,1372,1628,1500,1500,1500,2012,1500,1681,1591,1500,1520,1505,1500,988,8.3
2025-05-10,18:34:05.440,-71,-69,10,3969,7740,48,1,15,4962,1,51,421,576,354,-9,519,342,0,-1,-1,-1,0x1010480014840205,1601,1624,1589,1500,2012,1710,1788,1500,1500,1699,988,1500,1500,1500,1500,1500,1500,1500,1372,1628,1500,1500,1500,2012,1500,1842,1707,1500,1520,1505,1500,988,8.3
2025-05-10,18:34:05.940,-68,-67,10,3967,8610,48,1,15,8690,1,53,218,649,354,-9,519,342,0,-1,-1,-1,0x1010480014840205,1550,1647,1589,1500,2012,1609,1824,1500,1500,1584,988,1500,1500,1500,1500,1500,1500,1500,1372,1628,1500,1500,1500,2012,1500,1873,1745,1500,1520,1505,1500,988,8.3
2025-05-10,18:34:06.440,-68,-68,10,3945,5870,49,1,15,9670,1,54,154,558,354,-9,519,342,0,-1,-1,-1,0x1010480014840205,1546,1623,1589,1500,2012,1577,1779,1500,1500,1576,988,1500,1500,1500,1500,1500,1500,1500,1372,1628,1500,1500,1500,2012,1500,1834,1705,1500,1520,1505,1500,988,8.3
2025-05-10,18:34:06.940,-68,-68,10,3950,6240,48,1,15,9999,1,55,20,622,354,-9,519,342,0,-1,-1,-1,0x1010480010840205,1514,1639,1589,1500,2012,1510,1811,1500,1500,1504,988,1500,1500,1500,1500,1500,1500,1500,1372,1628,1500,1500,1500,2012,1500,1861,1732,1500,1520,1505,1500,988,8.3
2025-05-10,18:34:07.450,-73,-83,10,3952,6640,48,1,15,11428,1,56,200,481,354,-9,519,342,0,-1,-1,-1,0x1010480014840205,1557,1606,1589,1500,2012,1600,1740,1500,1500,1600,988,1500,1500,1500,1500,1500,1500,1500,1372,1628,1500,1500,1500,2012,1500,1800,1677,1500,1520,1505,1500,988,8.3
2025-05-10,18:34:07.940,-64,-60,10,3953,9650,48,1,15,12137,1,57,-516,669,354,-8,519,342,0,-1,-1,-1,0x1010480014840205,1409,1653,1589,1500,2012,1242,1834,1500,1500,1248,988,1500,1500,1500,1500,1500,1500,1500,1372,1628,1500,1500,1500,2012,1500,1881,1755,1500,1520,1505,1500,988,8.3
2025-05-10,18:34:08.440,-64,-59,10,3952,10320,48,1,15,8585,2,58,-574,679,354,-9,519,342,0,-1,-1,-1,0x1010480014840A05,1397,1655,1589,1500,2012,1213,1839,1500,1500,1228,988,1500,1500,1500,1500,1500,1500,1500,1372,1628,1500,1500,1500,2012,1500,1886,1759,1500,1520,1505,1500,988,8.3
2025-05-10,18:34:08.940,-54,-59,10,3955,3490,48,1,15,1955,2,58,-622,322,354,-9,519,342,0,-1,-1,-1,0x1010480014840A05,1358,1569,1589,1500,2012,1189,1661,1500,1500,1166,988,1500,1500,1500,1500,1500,1500,1500,1372,1628,1500,1500,1500,2012,1500,1717,1615,1500,1520,1505,1500,988,8.3
2025-05-10,18:34:09.440,-70,-68,10,5000,10230,48,1,15,4691,2,59,1024,498,354,-9,519,342,0,-1,-1,-1,0x1010480014840205,1786,1610,1589,1500,2012,2012,1749,1500,1500,2012,988,1500,1500,1500,1500,1500,1500,1500,1372,1628,1500,1500,1500,2012,1500,1808,1684,1500,1520,1505,1500,988,8.3
2025-05-10,18:34:09.940,-70,-54,10,3952,9770,48,1,15,8757,2,60,191,705,354,-9,519,342,0,-1,-1,-1,0x1010480014840205,1553,1662,1589,1500,2012,1595,1852,1500,1500,1590,988,1500,1500,1500,1500,1500,1500,1500,1372,1628,1500,1500,1500,2012,1500,1895,1771,1500,1520,1505,1500,988,8.3
2025-05-10,18:34:10.440,-70,-56,10,3932,20360,48,1,15,10419,2,62,245,828,354,-9,519,342,0,-1,-1,-1,0x1010480014840205,1565,1712,1589,1500,2012,1622,1914,1500,1500,1616,988,1500,1500,1500,1500,1500,1500,1500,1372,1628,1500,1500,1500,2012,1500,1942,1853,1500,1520,1505,1500,988,8.3
2025-05-10,18:34:10.940,-57,-59,10,3920,4950,49,1,15,11320,2,64,12,574,354,-9,519,342,0,-1,-1,-1,0x1010480010840205,1514,1621,1589,1500,2012,1506,1787,1500,1500,1506,988,1500,1500,1500,1500,1500,1500,1500,1372,1628,1500,1500,1500,2012,1500,1830,1701,1500,1520,1505,1500,988,8.3
2025-05-10,18:34:11.440,-62,-60,10,3924,10840,49,1,15,13041,2,65,104,775,354,-8,519,342,0,-1,-1,-1,0x1010480014840205,1535,1687,1589,1500,2012,1552,1887,1500,1500,1551,988,1500,1500,1500,1500,1500,1500,1500,1372,1628,1500,1500,1500,2012,1500,1922,1811,1500,1520,1505,1500,988,8.3
2025-05-10,18:34:11.940,-62,-61,10,3928,15680,49,1,15,14761,2,67,944,714,354,-9,519,342,0,-1,-1,-1,0x1010480014840205,1743,1672,1589,1500,2012,1972,1857,1500,1500,1966,988,1500,1500,1500,1500,1500,1500,1500,1372,1628,1500,1500,1500,2012,1500,1908,1787,1500,1520,1505,1500,988,8.3
2025-05-10,18:34:12.440,-60,-64,10,3929,10320,48,1,15,12371,2,68,-16,758,354,-9,519,342,0,-1,-1,-1,0x1010480010840205,1508,1679,1589,1500,2012,1492,1879,1500,1500,1487,988,1500,1500,1500,1500,1500,1500,1500,1372,1628,1500,1500,1500,2012,1500,1916,1799,1500,1520,1505,1500,988,8.3
2025-05-10,18:34:12.940,-64,-64,10,3931,9290,48,1,15,12524,2,69,434,736,354,-8,519,342,0,-1,-1,-1,0x1010480014840205,1609,1671,1589,1500,2012,1717,1868,1500,1500,1717,988,1500,1500,1500,1500,1500,1500,1500,1372,1628,1500,1500,1500,2012,1500,1907,1785,1500,1520,1505,1500,988,8.3
2025-05-10,18:34:13.440,-66,-65,10,3932,3620,48,1,15,10572,2,71,2,445,354,-9,519,342,0,-1,-1,-1,0x1010480010840205,1513,1598,1589,1500,2012,1501,1722,1500,1500,1501,988,1500,1500,1500,1500,1500,1500,1500,1372,1628,1500,1500,1500,2012,1500,1782,1664,1500,1520,1505,1500,988,8.3
2025-05-10,18:34:13.940,-62,-67,10,3940,3860,48,1,15,12991,2,71,-250,492,354,-9,519,342,0,-1,-1,-1,0x1010480014840205,1470,1608,1589,1500,2012,1375,1746,1500,1500,1381,988,1500,1500,1500,1500,1500,1500,1500,1372,1628,1500,1500,1500,2012,1500,1804,1681,1500,1520,1505,1500,988,8.3
2025-05-10,18:34:14.440,-68,-68,10,3957,3100,48,1,15,8591,2,72,1024,48,354,-9,519,342,0,-1,-1,-1,0x1010480014840205,1786,1523,1589,1500,2012,2012,1524,1500,1500,2012,988,1500,1500,1500,1500,1500,1500,1500,1372,1628,1500,1500,1500,2012,1500,1561,1539,1500,1520,1505,1500,988,8.3
2025-05-10,18:34:14.940,-69,-67,10,3961,7380,48,1,15,5261,2,72,1024,477,354,-9,519,342,0,-1,-1,-1,0x1010480014840205,1786,1605,1589,1500,2012,2012,1738,1500,1500,2012,988,1500,1500,1500,1500,1500,1500,1500,1372,1628,1500,1500,1500,2012,1500,1797,1675,1500,1520,1505,1500,988,8.3
2025-05-10,18:34:15.440,-69,-68,10,3954,15020,48,1,15,7983,2,74,1024,707,354,-9,519,342,0,-1,-1,-1,0x1010480014840205,1786,1663,1589,1500,2012,2012,1853,1500,1500,2012,988,1500,1500,1500,1500,1500,1500,1500,1372,1628,1500,1500,1500,2012,1500,1896,1771,1500,1520,1505,1500,988,8.3
2025-05-10,18:34:15.940,-75,-72,10,3923,13790,48,1,15,9488,2,76,-370,756,354,-9,519,342,0,-1,-1,-1,0x1010480014840205,1444,1678,1589,1500,2012,1315,1878,1500,1500,1316,988,1500,1500,1500,1500,1500,1500,1500,1372,1628,1500,1500,1500,2012,1500,1915,1798,1500,1520,1505,1500,988,8.3
2025-05-10,18:34:16.440,-81,-75,10,3913,12830,48,1,15,12440,2,77,-188,830,354,-9,519,342,0,-1,-1,-1,0x1010480014840205,1485,1708,1589,1500,2012,1406,1915,1500,1500,1420,988,1500,1500,1500,1500,1500,1500,1500,1372,1628,1500,1500,1500,2012,1500,1939,1847,1500,1520,1505,1500,988,8.3
2025-05-10,18:34:16.940,-83,-77,10,3911,4710,48,1,15,15107,2,81,159,665,354,-9,519,342,0,-1,-1,-1,0x1010480014840205,1550,1645,1589,1500,2012,1579,1832,1500,1500,1585,988,1500,1500,1500,1500,1500,1500,1500,1372,1628,1500,1500,1500,2012,1500,1875,1742,1500,1520,1505,1500,988,8.3
2025-05-10,18:34:17.440,-80,-68,10,3918,4560,48,1,15,18069,2,82,-228,578,354,-9,519,342,0,-1,-1,-1,0x1010480014840205,1472,1627,1589,1500,2012,1386,1789,1500,1500,1385,988,1500,1500,1500,1500,1500,1500,1500,1372,1628,1500,1500,1500,2012,1500,1843,1712,1500,1520,1505,1500,988,8.3
2025-05-10,18:34:17.940,-70,-73,10,3964,960,48,1,15,6353,0,0,-1024,-3,354,-9,519,342,0,-1,-1,-1,0x1010480014800A05,1177,1499,1589,1500,2012,988,1499,1499,1500,988,988,1500,1500,1500,1500,1500,1500,1499,1090,2012,1500,1500,1500,988,1500,1497,1500,1500,1520,1505,1500,988,8.3
2025-05-10,18:34:18.440,-69,-67,10,3965,16080,48,1,15,6444,0,0,-1024,682,354,-9,519,342,0,-1,-1,-1,0x1010480014840A05,1177,1656,1589,1500,2012,988,1841,1500,1500,988,988,1500,1500,1500,1500,1500,1500,1500,1372,1628,1500,1500,1500,2012,1500,1886,1760,1500,1520,1505,1500,988,8.3
2025-05-10,18:34:18.940,-69,-69,10,3948,18980,48,1,15,10067,0,3,-983,760,354,-9,519,342,0,-1,-1,-1,0x1010480014840A05,1184,1680,1589,1500,2012,1017,1880,1500,1500,994,988,1500,1500,1500,1500,1500,1500,1500,1372,1628,1500,1500,1500,2012,1500,1917,1801,1500,1520,1505,1500,988,8.3
2025-05-10,18:34:19.440,-62,-62,10,3909,11570,48,1,15,8403,0,5,-1,719,354,-9,519,342,0,-1,-1,-1,0x1010480010840205,1512,1666,1589,1500,2012,1500,1859,1500,1500,1500,988,1500,1500,1500,1500,1500,1500,1500,1372,1628,1500,1500,1500,2012,1500,1901,1778,1500,1520,1505,1500,988,8.3
2025-05-10,18:34:19.940,-62,-62,10,3903,44290,48,1,15,17720,0,7,300,1024,354,-9,519,342,0,-1,-1,-1,0x1010480014842205,1580,1807,1589,1500,2012,1650,2012,1500,1500,1649,988,1500,1500,1500,1500,1500,1500,1500,1372,1628,1500,1500,1500,2012,1500,2012,2012,1500,1520,1505,1500,988,8.3
2025-05-10,18:34:20.440,-61,-62,10,3910,3720,48,1,15,11278,0,9,302,593,354,-9,519,342,0,-1,-1,-1,0x1010480014840205,1591,1625,1589,1500,2012,1640,1797,1500,1500,1673,988,1500,1500,1500,1500,1500,1500,1500,1372,1628,1500,1500,1500,2012,1500,1840,1709,1500,1520,1505,1500,988,8.3
2025-05-10,18:34:20.950,-60,-62,10,3914,6640,48,1,15,13038,0,10,-129,270,354,-8,519,342,0,-1,-1,-1,0x1010480014840205,1485,1563,1589,1500,2012,1436,1635,1500,1500,1421,988,1500,1500,1500,1500,1500,1500,1500,1372,1628,1500,1500,1500,2012,1500,1784,1605,1500,1520,1505,1500,988,8.3
2025-05-10,18:34:21.440,-63,-62,10,3954,1400,48,1,15,8977,0,10,1024,60,354,-9,519,342,0,-1,-1,-1,0x1010480014840205,1786,1518,1589,1500,2012,2012,1530,1500,1500,2012,988,1500,1500,1500,1500,1500,1500,1500,1372,1628,1500,1500,1500,2012,1500,1554,1531,1500,1520,1505,1500,988,8.3
2025-05-10,18:34:21.940,-69,-71,10,3961,27490,48,1,15,11461,0,11,478,930,354,-9,519,342,0,-1,-1,-1,0x1010480014840205,1627,1753,1589,1500,2012,1739,1965,1500,1500,1758,988,1500,1500,1500,1500,1500,1500,1500,1372,1628,1500,1500,1500,2012,1500,1973,1922,1500,1520,1505,1500,988,8.3
2025-05-10,18:34:22.440,-76,-77,10,3957,12870,48,1,15,9537,0,14,306,718,354,-9,519,342,0,-1,-1,-1,0x1010480014840205,1585,1666,1589,1500,2012,1653,1859,1500,1500,1659,988,1500,1500,1500,1500,1500,1500,1500,1372,1628,1500,1500,1500,2012,1500,1901,1777,1500,1520,1505,1500,988,8.3
2025-05-10,18:34:22.940,-74,-82,10,3918,9690,48,1,15,9411,0,16,445,643,354,-9,519,342,0,-1,-1,-1,0x1010480014840205,1619,1646,1589,1500,2012,1722,1821,1500,1500,1740,988,1500,1500,1500,1500,1500,1500,1500,1372,1628,1500,1500,1500,2012,1500,1871,1743,1500,1520,1505,1500,988,8.3
2025-05-10,18:34:23.440,-75,-75,10,3923,13520,49,1,15,11389,0,17,42,914,354,-8,519,342,0,-1,-1,-1,0x1010480010840205,1519,1747,1589,1500,2012,1521,1957,1500,1500,1515,988,1500,1500,1500,1500,1500,1500,1500,1372,1628,1500,1500,1500,2012,1500,1969,1913,1500,1520,1505,1500,988,8.3
2025-05-10,18:34:23.940,-75,-76,10,3923,26920,49,1,15,18338,0,21,492,1023,354,-9,519,342,0,-1,-1,-1,0x1010480014842205,1624,1806,1589,1500,2012,1740,2011,1500,1500,1753,988,1500,1500,1500,1500,1500,1500,1500,1372,1628,1500,1500,1500,2012,1500,2011,2011,1500,1520,1505,1500,988,8.3
2025-05-10,18:34:24.440,-77,-77,10,3854,19850,49,1,15,20686,0,24,-3,1022,354,-9,519,342,0,-1,-1,-1,0x1010480010842605,1512,1806,1589,1500,2012,1499,2011,1500,1500,1499,988,1500,1500,1500,1500,1500,1500,1500,1372,1628,1500,1500,1500,2012,1500,2011,2011,1500,1520,1505,1500,988,8.3
2025-05-10,18:34:24.940,-67,-81,10,3848,22820,49,1,15,19659,0,27,166,1017,354,-8,519,342,0,-1,-1,-1,0x1010480014842605,1547,1803,1589,1500,2012,1583,2008,1500,1500,1577,988,1500,1500,1500,1500,1500,1500,1500,1372,1628,1500,1500,1500,2012,1500,2009,2006,1500,1520,1505,1500,988,8.3
2025-05-10,18:34:25.440,-71,-71,10,3863,20340,49,1,15,20354,0,30,0,1019,354,-9,519,342,0,-1,-1,-1,0x1010480010842605,1512,1804,1589,1500,2012,1500,2009,1500,1500,1500,988,1500,1500,1500,1500,1500,1500,1500,1372,1628,1500,1500,1500,2012,1500,2010,2007,1500,1520,1505,1500,988,8.3
2025-05-10,18:34:25.940,-71,-64,10,3865,6610,49,1,15,17857,0,32,104,992,354,-9,519,342,0,-1,-1,-1,0x1010480014840605,1535,1770,1589,1500,2012,1552,2005,1500,1500,1551,988,1500,1500,1500,1500,1500,1500,1500,1372,1628,1500,1500,1500,2012,1500,1989,1951,1500,1520,1505,1500,988,8.3
2025-05-10,18:34:26.450,-71,-62,10,3865,20570,49,1,15,20449,0,35,-124,1016,354,-9,519,342,0,-1,-1,-1,0x1010480014842605,1491,1803,1589,1500,2012,1438,2008,1500,1500,1438,988,1500,1500,1500,1500,1500,1500,1500,1372,1628,1500,1500,1500,2012,1500,2009,2005,1500,1520,1505,1500,988,8.3
2025-05-10,18:34:26.940,-55,-61,10,3868,21840,49,1,15,20011,1,37,-173,964,354,-9,519,342,0,-1,-1,-1,0x1010480014842605,1485,1786,1589,1500,2012,1414,1982,1500,1500,1421,988,1500,1500,1500,1500,1500,1500,1500,1372,1628,1500,1500,1500,2012,1500,2011,2009,1500,1520,1505,1500,988,8.3
2025-05-10,18:34:27.440,-60,-54,10,3882,22040,49,1,15,18620,1,38,1,1017,354,-9,519,342,0,-1,-1,-1,0x1010480010842605,1512,1803,1589,1500,2012,1500,2008,1500,1500,1500,988,1500,1500,1500,1500,1500,1500,1500,1372,1628,1500,1500,1500,2012,1500,2010,2007,1500,1520,1505,1500,988,8.3
2025-05-10,18:34:27.940,-77,-63,10,5000,21130,48,1,15,19338,1,40,-3,1007,354,-9,519,342,0,-1,-1,-1,0x1010480010842605,1511,1798,1589,1500,2012,1499,2003,1500,1500,1498,988,1500,1500,1500,1500,1500,1500,1500,1372,1628,1500,1500,1500,2012,1500,2006,1998,1500,1520,1505,1500,988,8.3
2025-05-10,18:34:28.440,-75,-69,10,3866,2730,48,1,15,17767,1,43,295,363,354,-9,519,342,0,-1,-1,-1,0x1010480014840205,1577,1573,1589,1500,2012,1647,1681,1500,1500,1641,988,1500,1500,1500,1500,1500,1500,1500,1372,1628,1500,1500,1500,2012,1500,1760,1622,1500,1520,1505,1500,988,8.3
2025-05-10,18:34:28.940,-75,-65,10,3869,1810,48,1,15,15920,1,43,-2,293,354,-9,519,342,0,-1,-1,-1,0x1010480010840205,1512,1562,1589,1500,2012,1499,1646,1500,1500,1499,988,1500,1500,1500,1500,1500,1500,1500,1372,1628,1500,1500,1500,2012,1500,1701,1604,1500,1520,1505,1500,988,8.3
2025-05-10,18:34:29.440,-75,-69,10,3943,1320,48,1,15,14184,1,43,578,218,354,-9,519,342,0,-1,-1,-1,0x1010480014840205,1644,1546,1589,1500,2012,1789,1609,1500,1500,1794,988,1500,1500,1500,1500,1500,1500,1500,1372,1628,1500,1500,1500,2012,1500,1655,1576,1500,1520,1505,1500,988,8.3
2025-05-10,18:34:29.940,-66,-69,10,3950,1550,49,1,15,6791,1,43,770,239,354,-9,519,342,0,-1,-1,-1,0x1010480014840205,1702,1549,1589,1500,2012,1885,1619,1500,1500,1898,988,1500,1500,1500,1500,1500,1500,1500,1372,1628,1500,1500,1500,2012,1500,1667,1582,1500,1520,1505,1500,988,8.3
2025-05-10,18:34:30.440,-68,-69,10,3952,10370,49,1,15,14016,1,46,818,414,354,-9,519,342,0,-1,-1,-1,0x1010480014840205,1688,1597,1589,1500,2012,1909,1707,1500,1500,1876,988,1500,1500,1500,1500,1500,1500,1500,1372,1628,1500,1500,1500,2012,1500,1825,1661,1500,1520,1505,1500,988,8.3
2025-05-10,18:34:30.940,-68,-65,10,3947,12580,49,1,15,8296,1,47,31,730,354,-9,519,342,0,-1,-1,-1,0x1010480014840205,1530,1666,1589,1500,2012,1508,1865,1500,1500,1541,988,1500,1500,1500,1500,1500,1500,1500,1372,1628,1500,1500,1500,2012,1500,1901,1777,1500,1520,1505,1500,988,8.3
2025-05-10,18:34:31.440,-81,-75,10,3899,29320,49,1,15,12893,1,49,4,969,354,-8,519,342,0,-1,-1,-1,0x1010480010842205,1513,1780,1589,1500,2012,1502,1984,1500,1500,1502,988,1500,1500,1500,1500,1500,1500,1500,1372,1628,1500,1500,1500,2012,1500,1992,1966,1500,1520,1505,1500,988,8.3
2025-05-10,18:34:31.940,-88,-73,10,3891,32630,49,1,15,17167,1,52,72,966,354,-9,519,342,0,-1,-1,-1,0x1010480014842205,1524,1787,1589,1500,2012,1536,1983,1500,1500,1527,988,1500,1500,1500,1500,1500,1500,1500,1372,1628,1500,1500,1500,2012,1500,2006,1999,1500,1520,1505,1500,988,8.3
2025-05-10,18:34:32.440,-80,-77,10,3893,1420,49,1,15,13325,1,53,-671,110,354,-9,519,342,0,-1,-1,-1,0x1010480014840205,1387,1531,1589,1500,2012,1165,1555,1500,1500,1210,988,1500,1500,1500,1500,1500,1500,1500,1372,1628,1500,1500,1500,2012,1500,1600,1551,1500,1520,1505,1500,988,8.3
2025-05-10,18:34:32.940,-75,-66,10,3942,1090,48,1,15,2055,1,53,-1024,5,354,-9,519,342,0,-1,-1,-1,0x1010480014840A05,1177,1500,1589,1500,2012,988,1502,1500,1500,988,988,1500,1500,1500,1500,1500,1500,1500,1315,2012,1500,1500,1500,2012,1500,1503,1501,1500,1520,1505,1500,988,8.3
2025-05-10,18:34:33.440,-72,-71,10,3947,6820,48,1,15,6299,1,57,68,554,354,-9,519,342,0,-1,-1,-1,0x1010480010840205,1519,1614,1589,1500,2012,1534,1777,1500,1500,1516,988,1500,1500,1500,1500,1500,1500,1500,1372,1628,1500,1500,1500,2012,1500,1821,1690,1500,1520,1505,1500,988,8.3
2025-05-10,18:34:33.940,-75,-66,10,3893,49960,48,1,15,15037,1,61,9,1021,354,-9,519,342,0,-1,-1,-1,0x1010480010842205,1514,1805,1589,1500,2012,1504,2010,1500,1500,1504,988,1500,1500,1500,1500,1500,1500,1500,1372,1628,1500,1500,1500,2012,1500,2011,2009,1500,1520,1505,1500,988,8.3
2025-05-10,18:34:34.440,-75,-68,10,3855,9710,49,1,15,10760,1,63,-137,773,354,-9,519,342,0,-1,-1,-1,0x1010480014840205,1491,1681,1589,1500,2012,1432,1886,1500,1500,1438,988,1500,1500,1500,1500,1500,1500,1500,1372,1628,1500,1500,1500,2012,1500,1918,1802,1500,1520,1505,1500,988,8.3
2025-05-10,18:34:34.940,-72,-70,10,3899,8700,49,1,15,11653,1,64,-188,649,354,-9,519,342,0,-1,-1,-1,0x1010480014840205,1473,1650,1589,1500,2012,1406,1824,1500,1500,1389,988,1500,1500,1500,1500,1500,1500,1500,1372,1628,1500,1500,1500,2012,1500,1878,1750,1500,1520,1505,1500,988,8.3
2025-05-10,18:34:35.440,-89,-75,10,3904,40220,49,1,15,15454,1,67,12,643,354,-9,519,342,0,-1,-1,-1,0x1010480010840205,1514,1654,1589,1500,2012,1506,1821,1500,1500,1505,988,1500,1500,1500,1500,1500,1500,1500,1372,1628,1500,1500,1500,2012,1500,1914,1757,1500,1520,1505,1500,988,8.3
2025-05-10,18:34:35.940,-69,-71,10,3912,5670,48,1,15,20949,1,68,69,616,354,-9,519,342,0,-1,-1,-1,0x1010480014840205,1528,1634,1589,1500,2012,1534,1808,1500,1500,1535,988,1500,1500,1500,1500,1500,1500,1500,1372,1628,1500,1500,1500,2012,1500,1854,1723,1500,1520,1505,1500,988,8.3
2025-05-10,18:34:36.440,-75,-75,10,3911,8380,48,1,15,14369,2,69,27,940,354,-8,519,342,0,-1,-1,-1,0x1010480010840205,1518,1766,1589,1500,2012,1513,1970,1500,1500,1513,988,1500,1500,1500,1500,1500,1500,1500,1372,1628,1500,1500,1500,2012,1500,1982,1943,1500,1520,1505,1500,988,8.3
2025-05-10,18:34:36.940,-70,-74,10,3913,27050,48,1,15,16329,2,71,425,1020,354,-9,519,342,0,-1,-1,-1,0x1010480014842205,1606,1805,1589,1500,2012,1718,2010,1500,1500,1711,988,1500,1500,1500,1500,1500,1500,1500,1372,1628,1500,1500,1500,2012,1500,2010,2008,1500,1520,1505,1500,988,8.3
2025-05-10,18:34:37.440,-97,-72,10,3913,27050,48,1,15,12826,2,71,354,725,354,-8,519,342,0,-1,-1,-1,0x1010480014840205,1592,1701,1589,1500,2012,1683,1854,1500,1500,1676,988,1500,1500,1500,1500,1500,1500,1500,1372,1628,1500,1500,1500,2012,1500,1942,1835,1500,1520,1505,1500,988,8.3
2025-05-10,18:34:37.940,-88,-67,10,3913,27050,48,1,15,12826,2,71,833,798,354,-9,519,342,0,-1,-1,-1,0x1010480014840205,1729,1691,1589,1500,2012,1916,1899,1500,1500,1944,988,1500,1500,1500,1500,1500,1500,1500,1372,1628,1500,1500,1500,2012,1500,1926,1819,1500,1520,1505,1500,988,8.3
2025-05-10,18:34:38.440,-81,-74,10,3913,27050,48,1,15,12826,2,71,522,788,354,-8,519,342,0,-1,-1,-1,0x1010480014840205,1639,1688,1589,1500,2012,1761,1894,1500,1500,1784,988,1500,1500,1500,1500,1500,1500,1500,1372,1628,1500,1500,1500,2012,1500,1923,1814,1500,1520,1505,1500,988,8.3
2025-05-10,18:34:38.940,-80,-74,10,3913,27050,48,1,15,12826,2,71,416,822,354,-8,519,342,0,-1,-1,-1,0x1010480014840205,1598,1710,1589,1500,2012,1708,1911,1500,1500,1690,988,1500,1500,1500,1500,1500,1500,1500,1372,1628,1500,1500,1500,2012,1500,1940,1850,1500,1520,1505,1500,988,8.3
2025-05-10,18:34:39.440,-76,-78,10,3913,27050,48,1,15,12826,2,71,196,697,354,-9,519,342,0,-1,-1,-1,0x1010480014840205,1556,1654,1589,1500,2012,1598,1848,1500,1500,1597,988,1500,1500,1500,1500,1500,1500,1500,1372,1628,1500,1500,1500,2012,1500,1887,1756,1500,1520,1505,1500,988,8.3
2025-05-10,18:34:39.940,-89,-82,25,3913,27050,48,1,15,12826,2,71,319,825,354,-8,519,342,0,-1,-1,-1,0x1010480014840205,1586,1730,1589,1500,2012,1659,1912,1500,1500,1660,988,1500,1500,1500,1500,1500,1500,1500,1372,1628,1500,1500,1500,2012,1500,1951,1884,1500,1520,1505,1500,988,8.3
2025-05-10,18:34:40.440,-87,-81,10,3913,27050,48,1,15,12826,2,71,13,686,354,-9,519,342,0,-1,-1,-1,0x1010480010840205,1513,1654,1589,1500,2012,1506,1843,1500,1500,1501,988,1500,1500,1500,1500,1500,1500,1500,1372,1628,1500,1500,1500,2012,1500,1883,1756,1500,1520,1505,1500,988,8.3
2025-05-10,18:34:40.940,-74,-80,10,3913,27050,48,1,15,12826,2,71,161,621,354,-8,519,342,0,-1,-1,-1,0x1010480014840205,1548,1639,1589,1500,2012,1580,1810,1500,1500,1579,988,1500,1500,1500,1500,1500,1500,1500,1372,1628,1500,1500,1500,2012,1500,1861,1732,1500,1520,1505,1500,988,8.3
2025-05-10,18:34:41.440,-78,-82,10,3913,27050,48,1,15,12826,2,71,910,974,354,-9,519,342,0,-1,-1,-1,0x1010480014842205,1750,1782,1589,1500,2012,1955,1987,1500,1500,1976,988,1500,1500,1500,1500,1500,1500,1500,1372,1628,1500,1500,1500,2012,1500,1994,1971,1500,1520,1505,1500,988,8.3
2025-05-10,18:34:41.940,-82,-82,10,3913,27050,48,1,15,12826,2,71,-17,1021,354,-9,519,342,0,-1,-1,-1,0x1010480014842205,1524,1805,1589,1500,2012,1491,2010,1500,1500,1527,988,1500,1500,1500,1500,1500,1500,1500,1372,1628,1500,1500,1500,2012,1500,2011,2009,1500,1520,1505,1500,988,8.3
2025-05-10,18:34:42.440,-80,-82,10,3913,27050,48,1,15,12826,2,71,-549,525,354,-9,519,342,0,-1,-1,-1,0x1010480014840605,1410,1616,1589,1500,2012,1226,1762,1500,1500,1250,988,1500,1500,1500,1500,1500,1500,1500,1372,1628,1500,1500,1500,2012,1500,1820,1694,1500,1520,1505,1500,988,8.3
2025-05-10,18:34:42.940,-79,-73,10,3913,27050,48,1,15,12826,2,71,-803,705,354,-9,519,342,0,-1,-1,-1,0x1010480014840605,1317,1660,1589,1500,2012,1099,1852,1500,1500,1113,988,1500,1500,1500,1500,1500,1500,1500,1372,1628,1500,1500,1500,2012,1500,1895,1766,1500,1520,1505,1500,988,8.3
2025-05-10,18:34:43.440,-72,-77,10,3913,27050,48,1,15,12826,2,71,542,621,354,-8,519,342,0,-1,-1,-1,0x1010480014840605,1629,1645,1589,1500,2012,1771,1810,1500,1500,1763,988,1500,1500,1500,1500,1500,1500,1500,1372,1628,1500,1500,1500,2012,1500,1870,1742,1500,1520,1505,1500,988,8.3
2025-05-10,18:34:43.940,-71,-76,10,3913,27050,48,1,15,12826,2,71,-369,572,354,-9,519,342,0,-1,-1,-1,0x1010480014840605,1454,1627,1589,1500,2012,1316,1786,1500,1500,1339,988,1500,1500,1500,1500,1500,1500,1500,1372,1628,1500,1500,1500,2012,1500,1841,1711,1500,1520,1505,1500,988,8.3
2025-05-10,18:34:44.440,-66,-68,10,3913,27050,48,1,15,12826,2,71,5,704,354,-9,519,342,0,-1,-1,-1,0x1010480010840605,1513,1663,1589,1500,2012,1502,1852,1500,1500,1503,988,1500,1500,1500,1500,1500,1500,1500,1372,1628,1500,1500,1500,2012,1500,1896,1772,1500,1520,1505,1500,988,8.3
2025-05-10,18:34:44.940,-59,-68,10,3913,27050,48,1,15,12826,2,71,693,712,354,-9,519,342,0,-1,-1,-1,0x1010480014840605,1664,1673,1589,1500,2012,1846,1856,1500,1500,1834,988,1500,1500,1500,1500,1500,1500,1500,1372,1628,1500,1500,1500,2012,1500,1910,1789,1500,1520,1505,1500,988,8.3
2025-05-10,18:34:45.440,-67,-68,10,3913,27050,48,1,15,12826,2,71,363,966,354,-9,519,342,0,-1,-1,-1,0x1010480014842605,1594,1779,1589,1500,2012,1681,1983,1500,1500,1681,988,1500,1500,1500,1500,1500,1500,1500,1372,1628,1500,1500,1500,2012,1500,1995,1974,1500,1520,1505,1500,988,8.3
2025-05-10,18:34:45.940,-67,-80,10,3913,27050,48,1,15,12826,2,71,-1024,-177,354,-9,519,342,0,-1,-1,-1,0x10104800168C0605,1177,1426,1589,1499,2012,988,1412,1425,1500,988,988,1500,1500,1500,1500,1500,1500,1425,988,2012,1500,1500,1500,2012,1500,1399,1500,1500,1520,1505,1500,988,8.3
2025-05-10,18:34:46.440,-56,-61,10,3913,27050,48,1,15,12826,2,71,-1024,769,354,-9,519,342,0,-1,-1,-1,0x1010480014840A05,1177,1697,1589,1500,2012,988,1884,1500,1500,988,988,1500,1500,1500,1500,1500,1500,1500,1372,1628,1500,1500,1500,2012,1500,1930,1829,1500,1520,1505,1500,988,8.3
2025-05-10,18:34:46.940,-56,-57,10,3913,27050,48,1,15,12826,2,71,110,1021,354,-8,519,342,0,-1,-1,-1,0x1010480014842205,1546,1805,1589,1500,2012,1555,2010,1500,1500,1575,988,1500,1500,1500,1500,1500,1500,1500,1372,1628,1500,1500,1500,2012,1500,2011,2009,1500,1520,1505,1500,988,8.3
2025-05-10,18:34:47.440,-55,-62,10,3913,27050,48,1,15,12826,2,71,-122,460,354,-9,519,342,0,-1,-1,-1,0x1010480014840205,1491,1623,1589,1500,2012,1439,1730,1500,1500,1439,988,1500,1500,1500,1500,1500,1500,1500,1372,1628,1500,1500,1500,2012,1500,1937,1706,1500,1520,1505,1500,988,8.3
2025-05-10,18:34:47.940,-55,-62,10,3913,27050,48,1,15,12826,2,71,-397,1023,354,-9,519,342,0,-1,-1,-1,0x1010480014842205,1441,1806,1589,1500,2012,1302,2011,1500,1500,1310,988,1500,1500,1500,1500,1500,1500,1500,1372,1628,1500,1500,1500,2012,1500,2011,2011,1500,1520,1505,1500,988,8.3
2025-05-10,18:34:48.440,-65,-64,10,3913,27050,48,1,15,12826,2,71,-683,320,354,-8,519,342,0,-1,-1,-1,0x1010480014840A05,1352,1568,1589,1500,2012,1159,1660,1500,1500,1158,988,1500,1500,1500,1500,1500,1500,1500,1372,1628,1500,1500,1500,2012,1500,1715,1614,1500,1520,1505,1500,988,8.3
2025-05-10,18:34:48.940,-77,-73,10,3913,27050,48,1,15,12826,2,71,-253,791,354,-9,519,342,0,-1,-1,-1,0x1010480014840A05,1457,1689,1589,1500,2012,1374,1895,1500,1500,1346,988,1500,1500,1500,1500,1500,1500,1500,1372,1628,1500,1500,1500,2012,1500,1924,1815,1500,1520,1505,1500,988,8.3
2025-05-10,18:34:49.440,-77,-85,10,3913,27050,48,1,15,12826,2,71,-548,634,354,-9,519,342,0,-1,-1,-1,0x1010480014840205,1385,1642,1589,1500,2012,1226,1817,1500,1500,1207,988,1500,1500,1500,1500,1500,1500,1500,1372,1628,1500,1500,1500,2012,1500,1866,1737,1500,1520,1505,1500,988,8.3
2025-05-10,18:34:49.940,-76,-76,50,3913,27050,48,1,15,12826,2,71,-599,674,354,-8,519,342,0,-1,-1,-1,0x1010480014840A05,1385,1661,1589,1500,2012,1201,1837,1500,1500,1207,988,1500,1500,1500,1500,1500,1500,1500,1372,1628,1500,1500,1500,2012,1500,1893,1768,1500,1520,1505,1500,988,8.3
2025-05-10,18:34:50.440,-76,-74,10,3913,27050,48,1,15,12826,2,71,-24,327,354,-9,519,342,0,-1,-1,-1,0x1010480010840205,1504,1570,1589,1500,2012,1488,1663,1500,1500,1477,988,1500,1500,1500,1500,1500,1500,1500,1372,1628,1500,1500,1500,2012,1500,1719,1617,1500,1520,1505,1500,988,8.3
2025-05-10,18:34:50.940,-76,-71,10,3913,27050,48,1,15,12826,2,71,180,587,354,-9,519,342,0,-1,-1,-1,0x1010480014840205,1555,1624,1589,1500,2012,1590,1793,1500,1500,1596,988,1500,1500,1500,1500,1500,1500,1500,1372,1628,1500,1500,1500,2012,1500,1837,1708,1500,1520,1505,1500,988,8.3
2025-05-10,18:34:51.440,-78,-71,10,3913,27050,48,1,15,12826,2,71,122,395,354,-9,519,342,0,-1,-1,-1,0x1010480014840205,1548,1587,1589,1500,2012,1561,1697,1500,1500,1579,988,1500,1500,1500,1500,1500,1500,1500,1372,1628,1500,1500,1500,2012,1500,1761,1645,1500,1520,1505,1500,988,8.3
2025-05-10,18:34:51.940,-77,-73,10,3913,27050,48,1,15,12826,2,71,1024,6,354,-9,519,342,0,-1,-1,-1,0x1010480014840205,1786,1501,1589,1500,2012,2012,1503,1500,1500,2012,988,1500,1500,1500,1500,1500,1500,1500,988,2012,1500,1500,1500,2012,1500,1504,1502,1500,1520,1505,1500,988,8.3
2025-05-10,18:34:52.430,-70,-74,10,0,0,0,0,15,0,0,0,41,592,354,-9,519,342,0,-1,-1,-1,0x1010480014840205,1542,1622,1589,1500,2012,1520,1796,1500,1500,1567,988,1500,1500,1500,1500,1500,1500,1500,1372,1628,1500,1500,1500,2012,1500,1855,1718,1500,1520,1505,1500,988,8.3
2025-05-10,18:34:52.930,-67,-74,10,0,0,0,0,15,0,0,0,961,408,354,-9,519,342,0,-1,-1,-1,0x1010480014840205,1749,1589,1589,1500,2012,1980,1704,1500,1500,1980,988,1500,1500,1500,1500,1500,1500,1500,1372,1628,1500,1500,1500,2012,1500,1763,1649,1500,1520,1505,1500,988,8.3
2025-05-10,18:34:53.420,-67,-76,10,0,0,0,0,15,0,0,0,237,915,354,-8,519,342,0,-1,-1,-1,0x1010480014840205,1566,1748,1589,1500,2012,1618,1957,1500,1500,1618,988,1500,1500,1500,1500,1500,1500,1500,1372,1628,1500,1500,1500,2012,1500,1973,1914,1500,1520,1505,1500,988,8.3
2025-05-10,18:34:53.920,-76,-74,10,0,0,0,0,15,0,0,0,205,683,354,-9,519,342,0,-1,-1,-1,0x1010480014840205,1558,1643,1589,1500,2012,1602,1846,1500,1500,1602,988,1500,1500,1500,1500,1500,1500,1500,1372,1628,1500,1500,1500,2012,1500,1869,1739,1500,1520,1505,1500,988,8.3
2025-05-10,18:34:54.420,-68,-74,10,0,0,0,0,15,0,0,0,5,645,354,-9,519,342,0,-1,-1,-1,0x1010480014840205,1526,1638,1589,1500,2012,1502,1822,1500,1500,1531,988,1500,1500,1500,1500,1500,1500,1500,1372,1628,1500,1500,1500,2012,1500,1860,1730,1500,1520,1505,1500,988,8.3
2025-05-10,18:34:54.920,-71,-76,10,0,0,0,0,15,0,0,0,17,1017,354,-9,519,342,0,-1,-1,-1,0x1010480010842205,1513,1803,1589,1500,2012,1508,2008,1500,1500,1502,988,1500,1500,1500,1500,1500,1500,1500,1372,1628,1500,1500,1500,2012,1500,2010,2007,1500,1520,1505,1500,988,8.3
2025-05-10,18:34:55.410,-68,-76,10,0,0,0,0,15,0,0,0,2,1020,354,-8,519,342,0,-1,-1,-1,0x1010480010842205,1513,1805,1589,1500,2012,1501,2010,1500,1500,1501,988,1500,1500,1500,1500,1500,1500,1500,1372,1628,1500,1500,1500,2012,1500,2010,2007,1500,1520,1505,1500,988,8.3
2025-05-10,18:34:55.910,-73,-70,10,0,0,0,0,15,0,0,0,-16,576,354,-9,519,342,0,-1,-1,-1,0x1010480010840205,1509,1627,1589,1500,2012,1492,1788,1500,1500,1492,988,1500,1500,1500,1500,1500,1500,1500,1372,1628,1500,1500,1500,2012,1500,1842,1712,1500,1520,1505,1500,988,8.3
2025-05-10,18:34:56.410,-73,-65,10,0,0,0,0,15,0,0,0,93,255,354,-9,519,342,0,-1,-1,-1,0x1010480014840205,1536,1553,1589,1500,2012,1546,1627,1500,1500,1554,988,1500,1500,1500,1500,1500,1500,1500,1372,1628,1500,1500,1500,2012,1500,1678,1589,1500,1520,1505,1500,988,8.3
2025-05-10,18:34:56.910,-65,-68,10,0,0,0,0,15,0,0,0,-905,587,354,-9,519,342,0,-1,-1,-1,0x1010480014840205,1231,1637,1589,1500,2012,1048,1793,1500,1500,1031,988,1500,1500,1500,1500,1500,1500,1500,1372,1628,1500,1500,1500,2012,1500,1858,1728,1500,1520,1505,1500,988,8.3
2025-05-10,18:34:57.410,-60,-67,10,0,0,0,0,15,0,0,0,287,257,354,-9,519,342,0,-1,-1,-1,0x1010480014840205,1578,1554,1589,1500,2012,1643,1628,1500,1500,1644,988,1500,1500,1500,1500,1500,1500,1500,1372,1628,1500,1500,1500,2012,1500,1679,1590,1500,1520,1505,1500,988,8.3
2025-05-10,18:34:57.910,-54,-74,10,0,0,0,0,15,0,0,0,1024,437,354,-9,519,342,0,-1,-1,-1,0x1010480014840205,1786,1590,1589,1500,2012,2012,1718,1500,1500,2012,988,1500,1500,1500,1500,1500,1500,1500,1372,1628,1500,1500,1500,2012,1500,1763,1650,1500,1520,1505,1500,988,8.3
2025-05-10,18:34:58.410,-65,-63,10,0,0,0,0,15,0,0,0,310,696,354,-8,519,342,0,-1,-1,-1,0x1010480014840205,1594,1660,1589,1500,2012,1655,1848,1500,1500,1681,988,1500,1500,1500,1500,1500,1500,1500,1372,1628,1500,1500,1500,2012,1500,1891,1766,1500,1520,1505,1500,988,8.3
2025-05-10,18:34:58.910,-68,-69,10,0,0,0,0,15,0,0,0,-488,687,354,-9,519,342,0,-1,-1,-1,0x1010480014840205,1417,1657,1589,1500,2012,1256,1843,1500,1500,1264,988,1500,1500,1500,1500,1500,1500,1500,1372,1628,1500,1500,1500,2012,1500,1888,1763,1500,1520,1505,1500,988,8.3
2025-05-10,18:34:59.410,-69,-69,10,0,0,0,0,15,0,0,0,-45,697,354,-9,519,342,0,-1,-1,-1,0x1010480010840205,1508,1657,1589,1500,2012,1478,1848,1500,1500,1489,988,1500,1500,1500,1500,1500,1500,1500,1372,1628,1500,1500,1500,2012,1500,1888,1762,1500,1520,1505,1500,988,8.3
2025-05-10,18:34:59.910,-76,-71,10,0,0,0,0,15,0,0,0,-9,514,354,-9,519,342,0,-1,-1,-1,0x1010480010840205,1511,1619,1589,1500,2012,1496,1757,1500,1500,1496,988,1500,1500,1500,1500,1500,1500,1500,1372,1628,1500,1500,1500,2012,1500,1820,1698,1500,1520,1505,1500,988,8.3
2025-05-10,18:35:00.410,-66,-75,10,0,0,0,0,15,0,0,0,-764,598,354,-9,519,342,0,-1,-1,-1,0x1010480014840A05,1338,1633,1589,1500,2012,1118,1799,1500,1500,1140,988,1500,1500,1500,1500,1500,1500,1500,1372,1628,1500,1500,1500,2012,1500,1852,1721,1500,1520,1505,1500,988,8.3
2025-05-10,18:35:00.910,-61,-75,10,3912,5540,50,1,15,7526,0,0,-811,522,354,-8,519,342,0,-1,-1,-1,0x1010480014840A05,1299,1615,1589,1500,2012,1095,1761,1500,1500,1094,988,1500,1500,1500,1500,1500,1500,1500,1372,1628,1500,1500,1500,2012,1500,1817,1691,1500,1520,1505,1500,988,8.3
2025-05-10,18:35:01.410,-52,-75,10,3910,20140,50,1,15,8550,0,2,-402,760,354,-9,519,342,0,-1,-1,-1,0x1010480014840A05,1435,1680,1589,1500,2012,1299,1880,1500,1500,1299,988,1500,1500,1500,1500,1500,1500,1500,1372,1628,1500,1500,1500,2012,1500,1916,1800,1500,1520,1505,1500,988,8.3
2025-05-10,18:35:01.910,-52,-75,10,3873,11600,50,1,15,10786,0,4,-32,759,354,-9,519,342,0,-1,-1,-1,0x1010480014840205,1502,1680,1589,1500,2012,1484,1879,1500,1500,1471,988,1500,1500,1500,1500,1500,1500,1500,1372,1628,1500,1500,1500,2012,1500,1916,1800,1500,1520,1505,1500,988,8.3
2025-05-10,18:35:02.410,-61,-65,10,3874,27790,50,1,15,12081,0,6,129,1018,354,-9,519,342,0,-1,-1,-1,0x1010480014842205,1535,1804,1589,1500,2012,1564,2009,1500,1500,1551,988,1500,1500,1500,1500,1500,1500,1500,1372,1628,1500,1500,1500,2012,1500,2009,2006,1500,1520,1505,1500,988,8.3
2025-05-10,18:35:02.910,-60,-65,10,3874,9840,51,1,15,14962,0,10,0,578,354,-9,519,342,0,-1,-1,-1,0x1010480010840205,1512,1633,1589,1500,2012,1500,1789,1500,1500,1500,988,1500,1500,1500,1500,1500,1500,1500,1372,1628,1500,1500,1500,2012,1500,1852,1722,1500,1520,1505,1500,988,8.3
2025-05-10,18:35:03.410,-62,-65,10,3884,3890,52,1,15,14414,0,11,504,526,354,-9,519,342,0,-1,-1,-1,0x1010480014840205,1633,1611,1589,1500,2012,1752,1763,1500,1500,1773,988,1500,1500,1500,1500,1500,1500,1500,1372,1628,1500,1500,1500,2012,1500,1814,1685,1500,1520,1505,1500,988,8.3
2025-05-10,18:35:03.910,-59,-65,10,3893,7540,52,1,15,11447,0,12,68,658,354,-9,519,342,0,-1,-1,-1,0x1010480010840205,1522,1649,1589,1500,2012,1534,1829,1500,1500,1521,988,1500,1500,1500,1500,1500,1500,1500,1372,1628,1500,1500,1500,2012,1500,1877,1749,1500,1520,1505,1500,988,8.3
2025-05-10,18:35:04.410,-61,-65,10,3900,8560,51,1,15,10714,0,13,178,670,354,-9,519,342,0,-1,-1,-1,0x1010480014840205,1561,1652,1589,1500,2012,1589,1835,1500,1500,1608,988,1500,1500,1500,1500,1500,1500,1500,1372,1628,1500,1500,1500,2012,1500,1881,1754,1500,1520,1505,1500,988,8.3
2025-05-10,18:35:04.910,-65,-67,10,3899,38890,51,1,15,17248,0,16,-2,1020,354,-8,519,342,0,-1,-1,-1,0x1010480010842205,1512,1805,1589,1500,2012,1499,2010,1500,1500,1499,988,1500,1500,1500,1500,1500,1500,1500,1372,1628,1500,1500,1500,2012,1500,2010,2007,1500,1520,1505,1500,988,8.3
2025-05-10,18:35:05.410,-61,-67,10,3899,4850,51,1,15,14768,0,18,11,569,354,-9,519,342,0,-1,-1,-1,0x1010480010840205,1512,1625,1589,1500,2012,1505,1784,1500,1500,1500,988,1500,1500,1500,1500,1500,1500,1500,1372,1628,1500,1500,1500,2012,1500,1839,1709,1500,1520,1505,1500,988,8.3
2025-05-10,18:35:05.910,-69,-65,10,3906,4530,51,1,15,9657,0,18,874,434,354,-9,519,342,0,-1,-1,-1,0x1010480014840205,1702,1596,1589,1500,2012,1937,1717,1500,1500,1899,988,1500,1500,1500,1500,1500,1500,1500,1372,1628,1500,1500,1500,2012,1500,1777,1660,1500,1520,1505,1500,988,8.3
2025-05-10,18:35:06.410,-68,-76,10,3915,6370,50,1,15,5917,0,19,1024,604,354,-9,519,342,0,-1,-1,-1,0x1010480014840205,1786,1631,1589,1500,2012,2012,1802,1500,1500,2012,988,1500,1500,1500,1500,1500,1500,1500,1372,1628,1500,1500,1500,2012,1500,1849,1718,1500,1520,1505,1500,988,8.3
2025-05-10,18:35:06.910,-70,-68,10,3915,20700,51,1,15,12083,0,21,855,819,354,-8,519,342,0,-1,-1,-1,0x1010480014840205,1722,1709,1589,1500,2012,1927,1909,1500,1500,1933,988,1500,1500,1500,1500,1500,1500,1500,1372,1628,1500,1500,1500,2012,1500,1939,1849,1500,1520,1505,1500,988,8.3
2025-05-10,18:35:07.410,-78,-69,10,3857,30950,51,1,15,13796,0,24,821,930,354,-9,519,342,0,-1,-1,-1,0x1010480014840605,1709,1761,1589,1500,2012,1910,1965,1500,1500,1911,988,1500,1500,1500,1500,1500,1500,1500,1372,1628,1500,1500,1500,2012,1500,1978,1935,1500,1520,1505,1500,988,8.3
2025-05-10,18:35:07.910,-78,-72,10,3834,26980,51,1,15,14838,0,28,146,923,354,-9,519,342,0,-1,-1,-1,0x1010480014840605,1535,1758,1589,1500,2012,1573,1961,1500,1500,1551,988,1500,1500,1500,1500,1500,1500,1500,1372,1628,1500,1500,1500,2012,1500,1977,1931,1500,1520,1505,1500,988,8.3
2025-05-10,18:35:08.410,-77,-80,10,3828,52630,50,1,15,16270,0,31,-15,968,354,-9,519,342,0,-1,-1,-1,0x1010480010842605,1512,1786,1589,1500,2012,1493,1984,1500,1500,1499,988,1500,1500,1500,1500,1500,1500,1500,1372,1628,1500,1500,1500,2012,1500,2001,1987,1500,1520,1505,1500,988,8.3
2025-05-10,18:35:08.910,-80,-69,10,3838,3750,50,1,15,18021,0,32,-1017,129,354,-9,519,342,0,-1,-1,-1,0x1010480014840E05,1204,1537,1589,1500,2012,992,1564,1500,1500,1010,988,1500,1500,1500,1500,1500,1500,1500,1372,1628,1500,1500,1500,2012,1500,1661,1562,1500,1520,1505,1500,988,8.3
2025-05-10,18:35:09.410,-82,-68,10,3907,1780,50,1,15,6483,0,33,-1008,339,354,-9,519,342,0,-1,-1,-1,0x1010480014840E05,1177,1570,1589,1500,2012,996,1669,1500,1500,988,988,1500,1500,1500,1500,1500,1500,1500,1372,1628,1500,1500,1500,2012,1500,1719,1617,1500,1520,1505,1500,988,8.3
2025-05-10,18:35:09.910,-60,-71,10,3911,40420,50,1,15,16583,0,35,-79,1021,354,-9,519,342,0,-1,-1,-1,0x1010480014842605,1486,1805,1589,1500,2012,1461,2010,1500,1500,1426,988,1500,1500,1500,1500,1500,1500,1500,1372,1628,1500,1500,1500,2012,1500,2011,2009,1500,1520,1505,1500,988,8.3
2025-05-10,18:35:10.410,-62,-71,10,3853,21570,50,1,15,11859,0,39,803,847,354,-9,519,342,0,-1,-1,-1,0x1010480014840605,1711,1722,1589,1500,2012,1901,1923,1500,1500,1913,988,1500,1500,1500,1500,1500,1500,1500,1372,1628,1500,1500,1500,2012,1500,1949,1870,1500,1520,1505,1500,988,8.3
2025-05-10,18:35:10.910,-60,-71,10,5000,12200,50,1,15,9686,1,43,-54,654,354,-8,519,342,0,-1,-1,-1,0x1010480014840605,1500,1654,1589,1500,2012,1473,1827,1500,1500,1466,988,1500,1500,1500,1500,1500,1500,1500,1372,1628,1500,1500,1500,2012,1500,1880,1758,1500,1520,1505,1500,988,8.3
2025-05-10,18:35:11.410,-67,-68,10,3836,1330,50,1,15,5464,1,45,-976,67,354,-9,519,342,0,-1,-1,-1,0x1010480014840205,1191,1523,1589,1500,2012,1017,1533,1500,1500,999,988,1500,1500,1500,1500,1500,1500,1500,1372,1628,1500,1500,1500,2012,1500,1568,1538,1500,1520,1505,1500,988,8.3
2025-05-10,18:35:11.910,-63,-68,10,3888,3290,50,1,15,2704,1,46,-415,409,354,-9,519,342,0,-1,-1,-1,0x1010480014840A05,1429,1584,1589,1500,2012,1293,1704,1500,1500,1286,988,1500,1500,1500,1500,1500,1500,1500,1372,1628,1500,1500,1500,2012,1500,1751,1640,1500,1520,1505,1500,988,8.3
2025-05-10,18:35:12.410,-63,-60,10,3900,5130,50,1,15,6252,1,47,-489,122,354,-9,519,342,0,-1,-1,-1,0x1010480014840205,1413,1533,1589,1500,2012,1256,1561,1500,1500,1255,988,1500,1500,1500,1500,1500,1500,1500,1372,1628,1500,1500,1500,2012,1500,1650,1556,1500,1520,1505,1500,988,8.3
2025-05-10,18:35:12.910,-65,-64,10,3913,11260,50,1,15,1759,1,47,953,554,354,-9,519,342,0,-1,-1,-1,0x1010480014840205,1728,1614,1589,1500,2012,1976,1777,1500,1500,1943,988,1500,1500,1500,1500,1500,1500,1500,1372,1628,1500,1500,1500,2012,1500,1822,1690,1500,1520,1505,1500,988,8.3
2025-05-10,18:35:13.410,-74,-68,10,3898,1460,50,1,15,2094,1,49,1024,419,354,-9,519,342,0,-1,-1,-1,0x1010480014840205,1786,1578,1589,1500,2012,2012,1709,1500,1500,2012,988,1500,1500,1500,1500,1500,1500,1500,1372,1628,1500,1500,1500,2012,1500,1747,1630,1500,1520,1505,1500,988,8.3
2025-05-10,18:35:13.910,-71,-69,10,3904,1470,50,1,15,3912,1,50,1024,318,354,-8,519,342,0,-1,-1,-1,0x1010480014840205,1786,1565,1589,1500,2012,2012,1659,1500,1500,2012,988,1500,1500,1500,1500,1500,1500,1500,1372,1628,1500,1500,1500,2012,1500,1708,1609,1500,1520,1505,1500,988,8.3
2025-05-10,18:35:14.410,-71,-71,10,3898,10080,50,1,15,6546,1,51,874,602,354,-8,519,342,0,-1,-1,-1,0x1010480014840205,1748,1633,1589,1500,2012,1937,1801,1500,1500,1973,988,1500,1500,1500,1500,1500,1500,1500,1372,1628,1500,1500,1500,2012,1500,1853,1723,1500,1520,1505,1500,988,8.3
2025-05-10,18:35:14.910,-71,-64,10,3892,9770,50,1,15,7465,1,53,90,699,354,-9,519,342,0,-1,-1,-1,0x1010480010840205,1523,1657,1589,1500,2012,1545,1849,1500,1500,1525,988,1500,1500,1500,1500,1500,1500,1500,1372,1628,1500,1500,1500,2012,1500,1893,1762,1500,1520,1505,1500,988,8.3
2025-05-10,18:35:15.410,-71,-61,10,3881,4400,51,1,15,10761,1,56,-5,446,354,-8,519,342,0,-1,-1,-1,0x1010480010840205,1509,1599,1589,1500,2012,1498,1723,1500,1500,1491,988,1500,1500,1500,1500,1500,1500,1500,1372,1628,1500,1500,1500,2012,1500,1783,1665,1500,1520,1505,1500,988,8.3
2025-05-10,18:35:15.910,-71,-64,10,3878,2910,50,1,15,10616,1,58,814,327,354,-8,519,342,0,-1,-1,-1,0x1010480014840205,1707,1571,1589,1500,2012,1907,1663,1500,1500,1907,988,1500,1500,1500,1500,1500,1500,1500,1372,1628,1500,1500,1500,2012,1500,1721,1619,1500,1520,1505,1500,988,8.3
2025-05-10,18:35:16.410,-65,-65,10,3908,3900,50,1,15,6617,1,58,424,529,354,-9,519,342,0,-1,-1,-1,0x1010480014840205,1614,1611,1589,1500,2012,1712,1764,1500,1500,1729,988,1500,1500,1500,1500,1500,1500,1500,1372,1628,1500,1500,1500,2012,1500,1815,1685,1500,1520,1505,1500,988,8.3
2025-05-10,18:35:16.910,-71,-69,10,3910,3310,50,1,15,7610,1,60,1023,480,354,-9,519,342,0,-1,-1,-1,0x1010480014840205,1786,1603,1589,1500,2012,2011,1740,1500,1500,2012,988,1500,1500,1500,1500,1500,1500,1500,1372,1628,1500,1500,1500,2012,1500,1792,1672,1500,1520,1505,1500,988,8.3
2025-05-10,18:35:17.410,-74,-69,10,3906,26780,51,1,15,12119,1,62,316,906,354,-9,519,342,0,-1,-1,-1,0x1010480014840205,1578,1749,1589,1500,2012,1658,1953,1500,1500,1646,988,1500,1500,1500,1500,1500,1500,1500,1372,1628,1500,1500,1500,2012,1500,1970,1915,1500,1520,1505,1500,988,8.3
2025-05-10,18:35:17.910,-83,-76,10,3884,4730,50,1,15,9394,1,64,367,722,354,-9,519,342,0,-1,-1,-1,0x1010480014840205,1603,1658,1589,1500,2012,1683,1861,1500,1500,1702,988,1500,1500,1500,1500,1500,1500,1500,1372,1628,1500,1500,1500,2012,1500,1889,1763,1500,1520,1505,1500,988,8.3
2025-05-10,18:35:18.410,-75,-78,10,3844,25060,51,1,15,17925,1,67,368,1023,354,-9,519,342,0,-1,-1,-1,0x1010480014842205,1593,1806,1589,1500,2012,1684,2011,1500,1500,1679,988,1500,1500,1500,1500,1500,1500,1500,1372,1628,1500,1500,1500,2012,1500,2011,2011,1500,1520,1505,1500,988,8.3
2025-05-10,18:35:18.910,-72,-76,10,3819,25170,51,1,15,17829,1,71,-19,1022,353,-9,519,342,0,-1,-1,-1,0x1010480010842605,1511,1806,1589,1500,2012,1491,2011,1500,1500,1498,988,1500,1500,1500,1500,1500,1500,1500,1372,1628,1500,1500,1500,2012,1500,2011,2010,1500,1520,1505,1500,988,8.3
2025-05-10,18:35:19.410,-75,-68,10,3808,20810,51,1,15,19745,1,74,0,1020,354,-9,519,342,0,-1,-1,-1,0x1010480010842605,1512,1805,1589,1500,2012,1500,2010,1500,1500,1500,988,1500,1500,1500,1500,1500,1500,1500,1372,1628,1500,1500,1500,2012,1500,2011,2009,1500,1520,1505,1500,988,8.3
2025-05-10,18:35:19.910,-71,-76,10,3816,23260,50,1,15,18892,1,77,118,1021,354,-9,519,342,0,-1,-1,-1,0x1010480014842605,1541,1805,1589,1500,2012,1559,2010,1500,1500,1564,988,1500,1500,1500,1500,1500,1500,1500,1372,1628,1500,1500,1500,2012,1500,2011,2009,1500,1520,1505,1500,988,8.3
2025-05-10,18:35:20.410,-70,-60,10,3824,21110,50,1,15,18897,1,80,-42,1019,354,-9,519,342,0,-1,-1,-1,0x1010480010842605,1509,1804,1589,1500,2012,1479,2009,1500,1500,1490,988,1500,1500,1500,1500,1500,1500,1500,1372,1628,1500,1500,1500,2012,1500,2010,2008,1500,1520,1505,1500,988,8.3
2025-05-10,18:35:20.920,-70,-57,10,3828,17920,50,1,15,21271,1,83,-53,1017,354,-9,519,342,0,-1,-1,-1,0x1010480014842605,1502,1803,1589,1500,2012,1474,2008,1500,1500,1473,988,1500,1500,1500,1500,1500,1500,1500,1372,1628,1500,1500,1500,2012,1500,2009,2006,1500,1520,1505,1500,988,8.3
2025-05-10,18:35:21.410,-61,-56,10,4124,19280,50,1,15,20076,1,85,-93,1016,354,-9,519,342,0,-1,-1,-1,0x1010480014842605,1496,1803,1589,1500,2012,1454,2008,1500,1500,1454,988,1500,1500,1500,1500,1500,1500,1500,1372,1628,1500,1500,1500,2012,1500,2009,2005,1500,1520,1505,1500,988,8.3
2025-05-10,18:35:21.910,-61,-55,10,3835,15500,50,1,15,22671,2,88,-3,1016,354,-9,519,342,0,-1,-1,-1,0x1010480010842605,1511,1803,1589,1500,2012,1498,2008,1500,1500,1498,988,1500,1500,1500,1500,1500,1500,1500,1372,1628,1500,1500,1500,2012,1500,2009,2004,1500,1520,1505,1500,988,8.3
2025-05-10,18:35:22.410,-71,-61,10,3837,18140,50,1,15,20431,2,90,-113,1021,354,-9,519,342,0,-1,-1,-1,0x1010480014842605,1493,1805,1589,1500,2012,1444,2010,1500,1500,1444,988,1500,1500,1500,1500,1500,1500,1500,1372,1628,1500,1500,1500,2012,1500,2010,2008,1500,1520,1505,1500,988,8.3
2025-05-10,18:35:22.910,-71,-63,10,3842,1200,50,1,15,18104,2,91,64,193,354,-9,519,342,0,-1,-1,-1,0x1010480014840205,1529,1543,1589,1500,2012,1532,1596,1500,1500,1537,988,1500,1500,1500,1500,1500,1500,1500,1372,1628,1500,1500,1500,2012,1500,1647,1572,1500,1520,1505,1500,988,8.3
2025-05-10,18:35:23.410,-76,-66,10,3906,1200,50,1,15,16106,2,91,-2,26,354,-9,519,342,0,-1,-1,-1,0x1010480010840205,1512,1507,1589,1500,2012,1499,1513,1500,1500,1499,988,1500,1500,1500,1500,1500,1500,1500,1080,2012,1500,1500,1500,2012,1500,1521,1511,1500,1520,1505,1500,988,8.3
2025-05-10,18:35:23.910,-76,-67,10,3913,1310,50,1,15,13769,2,91,100,193,354,-9,519,342,0,-1,-1,-1,0x1010480010840205,1522,1541,1589,1500,2012,1550,1596,1500,1500,1523,988,1500,1500,1500,1500,1500,1500,1500,1372,1628,1500,1500,1500,2012,1500,1640,1569,1500,1520,1505,1500,988,8.3
2025-05-10,18:35:24.410,-81,-70,10,3916,1250,51,1,15,8242,2,91,-2,190,354,-9,519,342,0,-1,-1,-1,0x1010480010840205,1512,1541,1589,1500,2012,1499,1595,1500,1500,1500,988,1500,1500,1500,1500,1500,1500,1500,1372,1628,1500,1500,1500,2012,1500,1637,1568,1500,1520,1505,1500,988,8.3
2025-05-10,18:35:24.910,-81,-66,10,3917,35850,51,1,15,10688,2,93,-1024,830,354,-9,519,342,0,-1,-1,-1,0x1010480014840205,1177,1720,1589,1500,2012,988,1915,1500,1500,988,988,1500,1500,1500,1500,1500,1500,1500,1372,1628,1500,1500,1500,2012,1500,1947,1866,1500,1520,1505,1500,988,8.3
2025-05-10,18:35:25.410,-72,-65,10,3896,23300,51,1,15,13252,2,97,686,598,354,-9,519,342,0,-1,-1,-1,0x1010480014840205,1669,1636,1589,1500,2012,1843,1799,1500,1500,1844,988,1500,1500,1500,1500,1500,1500,1500,1372,1628,1500,1500,1500,2012,1500,1876,1726,1500,1520,1505,1500,988,8.3
2025-05-10,18:35:25.920,-71,-63,10,3808,30220,51,1,15,12371,2,100,247,877,354,-9,519,342,0,-1,-1,-1,0x1010480014840205,1580,1737,1589,1500,2012,1623,1938,1500,1500,1648,988,1500,1500,1500,1500,1500,1500,1500,1372,1628,1500,1500,1500,2012,1500,1960,1895,1500,1520,1505,1500,988,8.3
2025-05-10,18:35:26.410,-76,-70,10,4402,23760,51,1,15,18197,2,104,655,988,354,-9,519,342,0,-1,-1,-1,0x1010480014842605,1660,1794,1589,1500,2012,1827,1994,1500,1500,1827,988,1500,1500,1500,1500,1500,1500,1500,1372,1628,1500,1500,1500,2012,1500,2011,2011,1500,1520,1505,1500,988,8.3
2025-05-10,18:35:26.910,-83,-85,10,3799,3440,51,1,15,14047,2,106,53,417,354,-9,519,342,0,-1,-1,-1,0x1010480014840605,1527,1594,1589,1500,2012,1526,1708,1500,1500,1533,988,1500,1500,1500,1500,1500,1500,1500,1372,1628,1500,1500,1500,2012,1500,1773,1657,1500,1520,1505,1500,988,8.3
2025-05-10,18:35:27.410,-81,-84,10,3879,1540,52,1,15,8693,2,106,-1024,-120,354,-9,519,342,0,-1,-1,-1,0x10104800168C0605,1177,1452,1589,1500,2012,988,1440,1445,1500,988,988,1500,1500,1500,1500,1500,1500,1445,1152,2012,1500,1500,1500,988,1500,1431,1500,1500,1520,1505,1500,988,8.3
2025-05-10,18:35:27.910,-73,-68,10,3902,12760,51,1,15,4960,2,107,-937,557,354,-9,519,342,0,-1,-1,-1,0x1010480014840E05,1215,1622,1589,1500,2012,1032,1778,1500,1500,1019,988,1500,1500,1500,1500,1500,1500,1500,1372,1628,1500,1500,1500,2012,1500,1833,1704,1500,1520,1505,1500,988,8.3
2025-05-10,18:35:28.410,-86,-73,10,3887,54970,51,1,15,16185,2,110,315,1023,354,-9,519,342,0,-1,-1,-1,0x1010480014842605,1581,1806,1589,1500,2012,1657,2011,1500,1500,1650,988,1500,1500,1500,1500,1500,1500,1500,1372,1628,1500,1500,1500,2012,1500,2011,2011,1500,1520,1505,1500,988,8.3
2025-05-10,18:35:28.920,-86,-70,10,3840,1600,51,1,15,7485,2,114,1000,139,354,-9,519,342,0,-1,-1,-1,0x1010480014840605,1780,1532,1589,1500,2012,2000,1569,1500,1500,2006,988,1500,1500,1500,1500,1500,1500,1500,1372,1628,1500,1500,1500,2012,1500,1603,1553,1500,1520,1505,1500,988,8.3
2025-05-10,18:35:29.420,-86,-65,10,3880,1980,51,1,15,2702,2,114,51,508,354,-9,519,342,0,-1,-1,-1,0x1010480014840605,1532,1602,1589,1500,2012,1525,1754,1500,1500,1545,988,1500,1500,1500,1500,1500,1500,1500,1372,1628,1500,1500,1500,2012,1500,1797,1670,1500,1520,1505,1500,988,8.3
2025-05-10,18:35:29.920,-68,-66,10,3900,6540,51,1,15,6662,2,115,-833,552,354,-8,519,342,0,-1,-1,-1,0x1010480014840605,1290,1621,1589,1500,2012,1084,1776,1500,1500,1083,988,1500,1500,1500,1500,1500,1500,1500,1372,1628,1500,1500,1500,2012,1500,1831,1702,1500,1520,1505,1500,988,8.3
2025-05-10,18:35:30.410,-75,-70,10,3890,6440,50,1,15,7470,2,116,-92,587,354,-8,519,342,0,-1,-1,-1,0x1010480014840205,1499,1627,1589,1500,2012,1454,1793,1500,1500,1460,988,1500,1500,1500,1500,1500,1500,1500,1372,1628,1500,1500,1500,2012,1500,1842,1711,1500,1520,1505,1500,988,8.3
2025-05-10,18:35:30.920,-77,-76,10,3889,15220,50,1,15,9494,2,117,189,801,354,-9,519,342,0,-1,-1,-1,0x1010480014840205,1558,1699,1589,1500,2012,1594,1900,1500,1500,1600,988,1500,1500,1500,1500,1500,1500,1500,1372,1628,1500,1500,1500,2012,1500,1932,1833,1500,1520,1505,1500,988,8.3
2025-05-10,18:35:31.420,-78,-70,10,3881,24970,50,1,15,19840,2,123,-327,585,354,-9,519,342,0,-1,-1,-1,0x1010480014840205,1454,1658,1589,1500,2012,1337,1792,1500,1500,1337,988,1500,1500,1500,1500,1500,1500,1500,1372,1628,1500,1500,1500,2012,1500,1957,1763,1500,1520,1505,1500,988,8.3
2025-05-10,18:35:31.920,-72,-68,10,3879,2340,50,1,15,16178,3,123,-940,515,354,-8,519,342,0,-1,-1,-1,0x1010480014840A05,1231,1606,1589,1500,2012,1030,1757,1500,1500,1031,988,1500,1500,1500,1500,1500,1500,1500,1372,1628,1500,1500,1500,2012,1500,1805,1677,1500,1520,1505,1500,988,8.3
2025-05-10,18:35:32.420,-75,-75,10,3879,2630,50,1,15,16034,3,123,309,484,354,-9,519,342,0,-1,-1,-1,0x1010480014840205,1583,1606,1589,1500,2012,1654,1742,1500,1500,1654,988,1500,1500,1500,1500,1500,1500,1500,1372,1628,1500,1500,1500,2012,1500,1800,1678,1500,1520,1505,1500,988,8.3
2025-05-10,18:35:32.910,-86,-73,10,3879,2630,50,1,15,16034,3,123,0,863,354,-9,519,342,0,-1,-1,-1,0x1010480010840205,1512,1723,1589,1500,2012,1500,1931,1500,1500,1500,988,1500,1500,1500,1500,1500,1500,1500,1372,1628,1500,1500,1500,2012,1500,1951,1872,1500,1520,1505,1500,988,8.3
2025-05-10,18:35:33.420,-78,-82,100,3879,2630,50,1,15,16034,3,123,1023,360,354,-9,519,342,0,-1,-1,-1,0x1010480014840205,1785,1585,1589,1500,2012,2011,1680,1500,1500,2011,988,1500,1500,1500,1500,1500,1500,1500,1372,1628,1500,1500,1500,2012,1500,1752,1641,1500,1520,1505,1500,988,8.3
2025-05-10,18:35:33.920,-82,-78,10,3879,2630,50,1,15,16034,3,123,-196,744,354,-9,519,342,0,-1,-1,-1,0x1010480014840205,1486,1664,1589,1500,2012,1402,1872,1500,1500,1423,988,1500,1500,1500,1500,1500,1500,1500,1372,1628,1500,1500,1500,2012,1500,1898,1774,1500,1520,1505,1500,988,8.3
2025-05-10,18:35:34.420,-84,-77,10,3879,2630,50,1,15,16034,3,123,-241,704,354,-9,519,342,0,-1,-1,-1,0x1010480014840A05,1442,1651,1589,1500,2012,1380,1852,1500,1500,1311,988,1500,1500,1500,1500,1500,1500,1500,1372,1628,1500,1500,1500,2012,1500,1884,1751,1500,1520,1505,1500,988,8.3
2025-05-10,18:35:34.920,-80,-81,50,3879,2630,50,1,15,16034,3,123,1023,886,354,-9,519,342,0,-1,-1,-1,0x1010480014842205,1785,1749,1589,1500,2012,2011,1943,1500,1500,2011,988,1500,1500,1500,1500,1500,1500,1500,1372,1628,1500,1500,1500,2012,1500,1989,1963,1500,1520,1505,1500,988,8.3
2025-05-10,18:35:35.420,-76,-78,10,3879,2630,50,1,15,16034,3,123,-3,527,354,-8,519,342,0,-1,-1,-1,0x1010480010840205,1514,1612,1589,1500,2012,1499,1763,1500,1500,1503,988,1500,1500,1500,1500,1500,1500,1500,1372,1628,1500,1500,1500,2012,1500,1813,1687,1500,1520,1505,1500,988,8.3
2025-05-10,18:35:35.920,-77,-74,10,3879,2630,50,1,15,16034,3,123,2,587,354,-8,519,342,0,-1,-1,-1,0x1010480010840205,1513,1629,1589,1500,2012,1501,1793,1500,1500,1501,988,1500,1500,1500,1500,1500,1500,1500,1372,1628,1500,1500,1500,2012,1500,1846,1715,1500,1520,1505,1500,988,8.3
2025-05-10,18:35:36.420,-79,-79,50,3879,2630,50,1,15,16034,3,123,553,613,354,-9,519,342,0,-1,-1,-1,0x1010480014840205,1631,1637,1589,1500,2012,1776,1806,1500,1500,1767,988,1500,1500,1500,1500,1500,1500,1500,1372,1628,1500,1500,1500,2012,1500,1858,1728,1500,1520,1505,1500,988,8.3
2025-05-10,18:35:36.920,-82,-87,50,3879,2630,50,1,15,16034,3,123,628,672,354,-9,519,342,0,-1,-1,-1,0x1010480014840205,1649,1652,1589,1500,2012,1814,1836,1500,1500,1805,988,1500,1500,1500,1500,1500,1500,1500,1372,1628,1500,1500,1500,2012,1500,1882,1754,1500,1520,1505,1500,988,8.3
2025-05-10,18:35:37.420,-84,-79,10,3879,2630,50,1,15,16034,3,123,-136,925,354,-9,519,342,0,-1,-1,-1,0x1010480014840205,1489,1752,1589,1500,2012,1432,1962,1500,1500,1433,988,1500,1500,1500,1500,1500,1500,1500,1372,1628,1500,1500,1500,2012,1500,1972,1921,1500,1520,1505,1500,988,8.3
2025-05-10,18:35:37.920,-90,-79,10,3879,2630,50,1,15,16034,3,123,288,384,354,-9,519,342,0,-1,-1,-1,0x1010480014840205,1581,1584,1589,1500,2012,1644,1692,1500,1500,1644,988,1500,1500,1500,1500,1500,1500,1500,1372,1628,1500,1500,1500,2012,1500,1750,1640,1500,1520,1505,1500,988,8.3
2025-05-10,18:35:38.420,-70,-76,10,3879,2630,50,1,15,16034,3,123,83,723,354,-9,519,342,0,-1,-1,-1,0x1010480014840205,1523,1684,1589,1500,2012,1541,1861,1500,1500,1526,988,1500,1500,1500,1500,1500,1500,1500,1372,1628,1500,1500,1500,2012,1500,1903,1780,1500,1520,1505,1500,988,8.3
2025-05-10,18:35:38.920,-77,-75,10,3879,2630,50,1,15,16034,3,123,451,733,354,-8,519,342,0,-1,-1,-1,0x1010480014840205,1613,1666,1589,1500,2012,1725,1866,1500,1500,1726,988,1500,1500,1500,1500,1500,1500,1500,1372,1628,1500,1500,1500,2012,1500,1900,1776,1500,1520,1505,1500,988,8.3
2025-05-10,18:35:39.420,-87,-73,10,3879,2630,50,1,15,16034,3,123,-506,848,354,-9,519,342,0,-1,-1,-1,0x1010480014840205,1402,1722,1589,1500,2012,1247,1924,1500,1500,1235,988,1500,1500,1500,1500,1500,1500,1500,1372,1628,1500,1500,1500,2012,1500,1949,1870,1500,1520,1505,1500,988,8.3
2025-05-10,18:35:39.920,-75,-83,10,3879,2630,50,1,15,16034,3,123,-205,682,354,-9,519,342,0,-1,-1,-1,0x1010480014840205,1479,1657,1589,1500,2012,1398,1841,1500,1500,1404,988,1500,1500,1500,1500,1500,1500,1500,1372,1628,1500,1500,1500,2012,1500,1887,1762,1500,1520,1505,1500,988,8.3
2025-05-10,18:35:40.420,-74,-71,10,3879,2630,50,1,15,16034,3,123,-140,508,354,-9,519,342,0,-1,-1,-1,0x1010480014840205,1493,1612,1589,1500,2012,1430,1754,1500,1500,1444,988,1500,1500,1500,1500,1500,1500,1500,1372,1628,1500,1500,1500,2012,1500,1811,1686,1500,1520,1505,1500,988,8.3
2025-05-10,18:35:40.920,-76,-76,10,3879,2630,50,1,15,16034,3,123,240,1022,353,-9,519,342,0,-1,-1,-1,0x1010480014842205,1566,1806,1589,1500,2012,1620,2011,1500,1500,1620,988,1500,1500,1500,1500,1500,1500,1500,1372,1628,1500,1500,1500,2012,1500,2011,2010,1500,1520,1505,1500,988,8.3
2025-05-10,18:35:41.420,-74,-72,10,3879,2630,50,1,15,16034,3,123,456,629,354,-9,519,342,0,-1,-1,-1,0x1010480014840205,1614,1645,1589,1500,2012,1728,1814,1500,1500,1729,988,1500,1500,1500,1500,1500,1500,1500,1372,1628,1500,1500,1500,2012,1500,1869,1741,1500,1520,1505,1500,988,8.3
2025-05-10,18:35:41.920,-65,-68,10,3879,2630,50,1,15,16034,3,123,1024,669,354,-8,519,342,0,-1,-1,-1,0x1010480014840205,1786,1652,1589,1500,2012,2012,1834,1500,1500,2012,988,1500,1500,1500,1500,1500,1500,1500,1372,1628,1500,1500,1500,2012,1500,1881,1754,1500,1520,1505,1500,988,8.3
2025-05-10,18:35:42.420,-67,-69,10,3879,2630,50,1,15,16034,3,123,1024,720,354,-9,519,342,0,-1,-1,-1,0x1010480014840205,1786,1666,1589,1500,2012,2012,1860,1500,1500,2012,988,1500,1500,1500,1500,1500,1500,1500,1372,1628,1500,1500,1500,2012,1500,1901,1778,1500,1520,1505,1500,988,8.3
2025-05-10,18:35:42.910,-67,-74,10,3879,2630,50,1,15,16034,3,123,-207,882,354,-9,519,342,0,-1,-1,-1,0x1010480014840205,1464,1739,1589,1500,2012,1397,1941,1500,1500,1364,988,1500,1500,1500,1500,1500,1500,1500,1372,1628,1500,1500,1500,2012,1500,1962,1899,1500,1520,1505,1500,988,8.3
2025-05-10,18:35:43.410,-70,-72,10,3879,2630,50,1,15,16034,3,123,-1024,250,354,-8,519,342,0,-1,-1,-1,0x1010480014840205,1177,1542,1589,1500,2012,988,1625,1500,1500,988,988,1500,1500,1500,1500,1500,1500,1500,1372,1628,1500,1500,1500,2012,1500,1655,1571,1500,1520,1505,1500,988,8.3
2025-05-10,18:35:43.910,-60,-72,10,3879,2630,50,1,15,16034,3,123,-339,745,354,-9,519,342,0,-1,-1,-1,0x1010480014840A05,1442,1674,1589,1500,2012,1331,1872,1500,1500,1312,988,1500,1500,1500,1500,1500,1500,1500,1372,1628,1500,1500,1500,2012,1500,1911,1790,1500,1520,1505,1500,988,8.3
2025-05-10,18:35:44.420,-57,-68,10,3879,2630,50,1,15,16034,3,123,-434,791,354,-9,519,342,0,-1,-1,-1,0x1010480014840205,1406,1695,1589,1500,2012,1283,1895,1500,1500,1242,988,1500,1500,1500,1500,1500,1500,1500,1372,1628,1500,1500,1500,2012,1500,1928,1825,1500,1520,1505,1500,988,8.3
2025-05-10,18:35:44.910,-58,-70,10,3879,2630,50,1,15,16034,3,123,-345,1005,354,-9,519,342,0,-1,-1,-1,0x1010480014842205,1450,1797,1589,1500,2012,1328,2008,1500,1500,1328,988,1500,1500,1500,1500,1500,1500,1500,1372,1628,1500,1500,1500,2012,1500,2004,1995,1500,1520,1505,1500,988,8.3
2025-05-10,18:35:45.410,-58,-70,10,3879,2630,50,1,15,16034,3,123,-686,283,354,-9,519,342,0,-1,-1,-1,0x1010480014840E05,1342,1560,1589,1500,2012,1157,1641,1500,1500,1144,988,1500,1500,1500,1500,1500,1500,1500,1372,1628,1500,1500,1500,2012,1500,1694,1600,1500,1520,1505,1500,988,8.3
2025-05-10,18:35:45.910,-78,-70,10,3879,2630,50,1,15,16034,3,123,-28,714,354,-9,519,342,0,-1,-1,-1,0x1010480010840605,1508,1669,1589,1500,2012,1486,1857,1500,1500,1486,988,1500,1500,1500,1500,1500,1500,1500,1372,1628,1500,1500,1500,2012,1500,1904,1782,1500,1520,1505,1500,988,8.3
2025-05-10,18:35:46.410,-74,-68,10,3879,2630,50,1,15,16034,3,123,-250,402,354,-8,519,342,0,-1,-1,-1,0x1010480014840605,1477,1588,1589,1500,2012,1375,1701,1500,1500,1399,988,1500,1500,1500,1500,1500,1500,1500,1372,1628,1500,1500,1500,2012,1500,1760,1647,1500,1520,1505,1500,988,8.3
2025-05-10,18:35:46.910,-74,-74,10,3879,2630,50,1,15,16034,3,123,-69,769,354,-9,519,342,0,-1,-1,-1,0x1010480014840605,1502,1684,1589,1500,2012,1466,1884,1500,1500,1471,988,1500,1500,1500,1500,1500,1500,1500,1372,1628,1500,1500,1500,2012,1500,1920,1807,1500,1520,1505,1500,988,8.3
2025-05-10,18:35:47.410,-76,-87,10,3879,2630,50,1,15,16034,3,123,-303,728,354,-9,519,342,0,-1,-1,-1,0x1010480014840605,1455,1669,1589,1500,2012,1349,1864,1500,1500,1342,988,1500,1500,1500,1500,1500,1500,1500,1372,1628,1500,1500,1500,2012,1500,1904,1782,1500,1520,1505,1500,988,8.3
2025-05-10,18:35:47.890,-81,-73,10,0,0,0,0,15,0,0,0,2,700,354,-9,519,342,0,-1,-1,-1,0x1010480010840605,1513,1661,1589,1500,2012,1501,1850,1500,1500,1501,988,1500,1500,1500,1500,1500,1500,1500,1372,1628,1500,1500,1500,2012,1500,1894,1769,1500,1520,1505,1500,988,8.3
2025-05-10,18:35:48.390,-73,-72,10,0,0,0,0,15,0,0,0,664,123,354,-9,519,342,0,-1,-1,-1,0x1010480014840605,1659,1529,1589,1500,2012,1840,1561,1500,1500,1826,988,1500,1500,1500,1500,1500,1500,1500,1372,1628,1500,1500,1500,2012,1500,1592,1548,1500,1520,1505,1500,988,8.3
2025-05-10,18:35:48.900,-71,-78,10,0,0,0,0,15,0,0,0,629,150,354,-9,519,342,0,-1,-1,-1,0x1010480014840605,1644,1533,1589,1500,2012,1814,1575,1500,1500,1814,988,1500,1500,1500,1500,1500,1500,1500,1372,1628,1500,1500,1500,2012,1500,1610,1555,1500,1520,1505,1500,988,8.3
2025-05-10,18:35:49.400,-66,-69,10,0,0,0,0,15,0,0,0,-394,914,354,-9,519,342,0,-1,-1,-1,0x1010480014840205,1445,1776,1589,1500,2012,1303,1957,1500,1500,1318,988,1500,1500,1500,1500,1500,1500,1500,1372,1628,1500,1500,1500,2012,1500,1986,1923,1500,1520,1505,1500,988,8.3
2025-05-10,18:35:49.890,-58,-69,10,0,0,0,0,15,0,0,0,-49,239,354,-9,519,342,0,-1,-1,-1,0x1010480010840205,1504,1549,1589,1500,2012,1476,1619,1500,1500,1476,988,1500,1500,1500,1500,1500,1500,1500,1372,1628,1500,1500,1500,2012,1500,1668,1582,1500,1520,1505,1500,988,8.3
2025-05-10,18:35:50.390,-65,-76,10,0,0,0,0,15,0,0,0,199,897,354,-9,519,342,0,-1,-1,-1,0x1010480014840205,1555,1756,1589,1500,2012,1599,1948,1500,1500,1594,988,1500,1500,1500,1500,1500,1500,1500,1372,1628,1500,1500,1500,2012,1500,1972,1928,1500,1520,1505,1500,988,8.3
2025-05-10,18:35:50.890,-68,-76,10,0,0,0,0,15,0,0,0,831,728,354,-9,519,342,0,-1,-1,-1,0x1010480014840205,1712,1669,1589,1500,2012,1915,1864,1500,1500,1915,988,1500,1500,1500,1500,1500,1500,1500,1372,1628,1500,1500,1500,2012,1500,1905,1782,1500,1520,1505,1500,988,8.3
2025-05-10,18:35:51.390,-70,-76,10,0,0,0,0,15,0,0,0,-198,800,354,-9,519,342,0,-1,-1,-1,0x1010480014840205,1480,1699,1589,1500,2012,1401,1900,1500,1500,1408,988,1500,1500,1500,1500,1500,1500,1500,1372,1628,1500,1500,1500,2012,1500,1931,1831,1500,1520,1505,1500,988,8.3
2025-05-10,18:35:51.890,-69,-77,10,0,0,0,0,15,0,0,0,-94,1020,354,-9,519,342,0,-1,-1,-1,0x1010480014842205,1503,1805,1589,1500,2012,1453,2010,1500,1500,1474,988,1500,1500,1500,1500,1500,1500,1500,1372,1628,1500,1500,1500,2012,1500,2010,1999,1500,1520,1505,1500,988,8.3
2025-05-10,18:35:52.390,-64,-74,10,0,0,0,0,15,0,0,0,-2,1020,354,-9,519,342,0,-1,-1,-1,0x1010480010842205,1512,1805,1589,1500,2012,1499,2010,1500,1500,1500,988,1500,1500,1500,1500,1500,1500,1500,1372,1628,1500,1500,1500,2012,1500,2011,1843,1500,1520,1505,1500,988,8.3
2025-05-10,18:35:52.890,-63,-81,10,0,0,0,0,15,0,0,0,2,987,354,-9,519,342,0,-1,-1,-1,0x1010480010840205,1513,1737,1589,1500,2012,1501,1999,1500,1500,1501,988,1500,1500,1500,1500,1500,1500,1500,1372,1628,1500,1500,1500,2012,1500,1985,1895,1500,1520,1505,1500,988,8.3
2025-05-10,18:35:53.390,-65,-65,10,0,0,0,0,15,0,0,0,-50,439,354,-9,519,342,0,-1,-1,-1,0x1010480010840205,1504,1597,1589,1500,2012,1475,1719,1500,1500,1476,988,1500,1500,1500,1500,1500,1500,1500,1372,1628,1500,1500,1500,2012,1500,1778,1661,1500,1520,1505,1500,988,8.3
2025-05-10,18:35:53.890,-56,-69,10,0,0,0,0,15,0,0,0,1024,8,354,-8,519,342,0,-1,-1,-1,0x1010480014840205,1786,1502,1589,1500,2012,2012,1504,1500,1500,2012,988,1500,1500,1500,1500,1500,1500,1500,1219,1781,1500,1500,1500,2012,1500,1508,1504,1500,1520,1505,1500,988,8.3
2025-05-10,18:35:54.390,-64,-64,10,0,0,0,0,15,0,0,0,494,819,354,-8,519,341,0,-1,-1,-1,0x1010480014840205,1621,1703,1589,1500,2012,1747,1909,1500,1500,1747,988,1500,1500,1500,1500,1500,1500,1500,1372,1628,1500,1500,1500,2012,1500,1935,1838,1500,1520,1505,1500,988,8.3
2025-05-10,18:35:54.890,-64,-64,10,0,0,0,0,15,0,0,0,660,926,354,-8,519,342,0,-1,-1,-1,0x1010480014840205,1654,1760,1589,1500,2012,1830,1963,1500,1500,1815,988,1500,1500,1500,1500,1500,1500,1500,1372,1628,1500,1500,1500,2012,1500,1978,1934,1500,1520,1505,1500,988,8.3
2025-05-10,18:35:55.390,-68,-66,10,0,0,0,0,15,0,0,0,557,661,354,-8,519,342,0,-1,-1,-1,0x1010480014840605,1639,1651,1589,1500,2012,1778,1830,1500,1500,1785,988,1500,1500,1500,1500,1500,1500,1500,1372,1628,1500,1500,1500,2012,1500,1878,1752,1500,1520,1505,1500,988,8.3
2025-05-10,18:35:55.890,-76,-80,10,0,0,0,0,15,0,0,0,-173,660,354,-9,519,342,0,-1,-1,-1,0x1010480014840605,1482,1670,1589,1500,2012,1414,1830,1500,1500,1414,988,1500,1500,1500,1500,1500,1500,1500,1372,1628,1500,1500,1500,2012,1500,1953,1783,1500,1520,1505,1500,988,8.3
2025-05-10,18:35:56.390,-64,-63,10,0,0,0,0,15,0,0,0,-340,915,354,-9,519,342,0,-1,-1,-1,0x1010480014840605,1453,1755,1589,1500,2012,1330,1957,1500,1500,1336,988,1500,1500,1500,1500,1500,1500,1500,1372,1628,1500,1500,1500,2012,1500,1974,1925,1500,1520,1505,1500,988,8.3
2025-05-10,18:35:56.890,-67,-68,10,0,0,0,0,15,0,0,0,-1024,278,354,-9,519,342,0,-1,-1,-1,0x1010480014840E05,1177,1558,1589,1500,2012,988,1639,1500,1500,988,988,1500,1500,1500,1500,1500,1500,1500,1372,1628,1500,1500,1500,2012,1500,1691,1597,1500,1520,1505,1500,988,8.3
2025-05-10,18:35:57.390,-57,-62,10,0,0,0,0,15,0,0,0,-928,831,354,-9,519,342,0,-1,-1,-1,0x1010480014840E05,1219,1715,1589,1500,2012,1043,1915,1500,1500,1022,988,1500,1500,1500,1500,1500,1500,1500,1372,1628,1500,1500,1500,2012,1500,1944,1859,1500,1520,1505,1500,988,8.3
2025-05-10,18:35:57.890,-68,-67,10,0,0,0,0,15,0,0,0,192,858,354,-9,519,342,0,-1,-1,-1,0x1010480014840605,1565,1734,1589,1500,2012,1596,1929,1500,1500,1616,988,1500,1500,1500,1500,1500,1500,1500,1372,1628,1500,1500,1500,2012,1500,1958,1890,1500,1520,1505,1500,988,8.3
2025-05-10,18:35:58.390,-61,-60,10,0,0,0,0,15,0,0,0,178,773,354,-9,519,342,0,-1,-1,-1,0x1010480014840605,1550,1687,1589,1500,2012,1589,1886,1500,1500,1584,988,1500,1500,1500,1500,1500,1500,1500,1372,1628,1500,1500,1500,2012,1500,1922,1811,1500,1520,1505,1500,988,8.3
2025-05-10,18:35:58.890,-61,-62,10,0,0,0,0,15,0,0,0,14,772,354,-9,519,342,0,-1,-1,-1,0x1010480010840605,1515,1686,1589,1500,2012,1507,1886,1500,1500,1506,988,1500,1500,1500,1500,1500,1500,1500,1372,1628,1500,1500,1500,2012,1500,1921,1810,1500,1520,1505,1500,988,8.3
2025-05-10,18:35:59.390,-61,-62,10,0,0,0,0,15,0,0,0,202,726,354,-9,519,342,0,-1,-1,-1,0x1010480014840205,1555,1669,1589,1500,2012,1601,1863,1500,1500,1595,988,1500,1500,1500,1500,1500,1500,1500,1372,1628,1500,1500,1500,2012,1500,1904,1782,1500,1520,1505,1500,988,8.3
2025-05-10,18:35:59.890,-59,-62,10,0,0,0,0,15,0,0,0,78,750,354,-8,519,342,0,-1,-1,-1,0x1010480014840205,1529,1674,1589,1500,2012,1539,1875,1500,1500,1538,988,1500,1500,1500,1500,1500,1500,1500,1372,1628,1500,1500,1500,2012,1500,1912,1791,1500,1520,1505,1500,988,8.3
2025-05-10,18:36:00.390,-62,-62,10,0,0,0,0,15,0,0,0,266,777,354,-9,519,342,0,-1,-1,-1,0x1010480014840205,1570,1689,1589,1500,2012,1633,1888,1500,1500,1627,988,1500,1500,1500,1500,1500,1500,1500,1372,1628,1500,1500,1500,2012,1500,1923,1815,1500,1520,1505,1500,988,8.3
2025-05-10,18:36:00.890,-65,-69,10,0,0,0,0,15,0,0,0,75,812,354,-9,519,342,0,-1,-1,-1,0x1010480014840205,1526,1705,1589,1500,2012,1537,1906,1500,1500,1531,988,1500,1500,1500,1500,1500,1500,1500,1372,1628,1500,1500,1500,2012,1500,1936,1841,1500,1520,1505,1500,988,8.3
2025-05-10,18:36:01.390,-62,-67,10,0,0,0,0,15,0,0,0,-1,767,354,-9,519,342,0,-1,-1,-1,0x1010480010840205,1512,1710,1589,1500,2012,1500,1878,1500,1500,1499,988,1500,1500,1500,1500,1500,1500,1500,1372,1628,1500,1500,1500,2012,1500,1935,1850,1500,1520,1505,1500,988,8.3
2025-05-10,18:36:01.890,-62,-67,10,0,0,0,0,15,0,0,0,710,349,354,-9,519,342,0,-1,-1,-1,0x1010480014840205,1672,1576,1589,1500,2012,1855,1674,1500,1500,1850,988,1500,1500,1500,1500,1500,1500,1500,1372,1628,1500,1500,1500,2012,1500,1732,1627,1500,1520,1505,1500,988,8.3
2025-05-10,18:36:02.390,-77,-71,10,0,0,0,0,15,0,0,0,1024,595,354,-9,519,342,0,-1,-1,-1,0x1010480014840205,1786,1631,1589,1500,2012,2012,1797,1500,1500,2012,988,1500,1500,1500,1500,1500,1500,1500,1372,1628,1500,1500,1500,2012,1500,1850,1719,1500,1520,1505,1500,988,8.3
2025-05-10,18:36:02.890,-68,-73,10,0,0,0,0,15,0,0,0,673,886,354,-9,519,342,0,-1,-1,-1,0x1010480014840205,1665,1739,1589,1500,2012,1837,1948,1500,1500,1836,988,1500,1500,1500,1500,1500,1500,1500,1372,1628,1500,1500,1500,2012,1500,1962,1899,1500,1520,1505,1500,988,8.3
2025-05-10,18:36:03.390,-73,-68,10,0,0,0,0,15,0,0,0,1024,836,354,-9,519,342,0,-1,-1,-1,0x1010480014840205,1786,1717,1589,1500,2012,2012,1918,1500,1500,2012,988,1500,1500,1500,1500,1500,1500,1500,1372,1628,1500,1500,1500,2012,1500,1945,1861,1500,1520,1505,1500,988,8.3
2025-05-10,18:36:03.890,-80,-73,10,0,0,0,0,15,0,0,0,-104,966,354,-9,519,342,0,-1,-1,-1,0x1010480014842605,1496,1779,1589,1500,2012,1448,1983,1500,1500,1454,988,1500,1500,1500,1500,1500,1500,1500,1372,1628,1500,1500,1500,2012,1500,1991,1964,1500,1520,1505,1500,988,8.3
2025-05-10,18:36:04.390,-77,-85,10,0,0,0,0,15,0,0,0,-5,985,354,-8,519,342,0,-1,-1,-1,0x1010480010842605,1511,1788,1589,1500,2012,1498,1992,1500,1500,1498,988,1500,1500,1500,1500,1500,1500,1500,1372,1628,1500,1500,1500,2012,1500,1994,1970,1500,1520,1505,1500,988,8.3
2025-05-10,18:36:04.890,-83,-73,10,0,0,0,0,15,0,0,0,-460,550,354,-9,519,342,0,-1,-1,-1,0x1010480014840605,1417,1621,1589,1500,2012,1271,1775,1500,1500,1264,988,1500,1500,1500,1500,1500,1500,1500,1372,1628,1500,1500,1500,2012,1500,1830,1702,1500,1520,1505,1500,988,8.3
2025-05-10,18:36:05.390,-71,-68,10,0,0,0,0,15,0,0,0,-1024,598,354,-9,519,342,0,-1,-1,-1,0x1010480014840E05,1177,1633,1589,1500,2012,988,1799,1500,1500,988,988,1500,1500,1500,1500,1500,1500,1500,1372,1628,1500,1500,1500,2012,1500,1853,1723,1500,1520,1505,1500,988,8.3
2025-05-10,18:36:05.890,-70,-68,10,0,0,0,0,15,0,0,0,-109,900,354,-9,519,342,0,-1,-1,-1,0x1010480014840605,1479,1741,1589,1500,2012,1458,1950,1500,1500,1406,988,1500,1500,1500,1500,1500,1500,1500,1372,1628,1500,1500,1500,2012,1500,1967,1903,1500,1520,1505,1500,988,8.3
2025-05-10,18:36:06.390,-64,-67,10,0,0,0,0,15,0,0,0,1024,989,354,-9,519,342,0,-1,-1,-1,0x1010480014842605,1786,1790,1589,1500,2012,2012,1994,1500,1500,2012,988,1500,1500,1500,1500,1500,1500,1500,1372,1628,1500,1500,1500,2012,1500,2000,1984,1500,1520,1505,1500,988,8.3
2025-05-10,18:36:06.890,-66,-67,10,0,0,0,0,15,0,0,0,-6,753,354,-9,519,342,0,-1,-1,-1,0x1010480010840605,1508,1669,1589,1500,2012,1497,1876,1500,1500,1486,988,1500,1500,1500,1500,1500,1500,1500,1372,1628,1500,1500,1500,2012,1500,1904,1781,1500,1520,1505,1500,988,8.3
2025-05-10,18:36:07.390,-64,-61,10,0,0,0,0,15,0,0,0,109,730,354,-9,519,342,0,-1,-1,-1,0x1010480014840605,1534,1669,1589,1500,2012,1554,1865,1500,1500,1549,988,1500,1500,1500,1500,1500,1500,1500,1372,1628,1500,1500,1500,2012,1500,1905,1782,1500,1520,1505,1500,988,8.3
2025-05-10,18:36:07.890,-64,-68,10,0,0,0,0,15,0,0,0,128,772,354,-9,519,342,0,-1,-1,-1,0x1010480014840205,1530,1686,1589,1500,2012,1569,1886,1500,1500,1541,988,1500,1500,1500,1500,1500,1500,1500,1372,1628,1500,1500,1500,2012,1500,1922,1810,1500,1520,1505,1500,988,8.3
2025-05-10,18:36:08.390,-63,-68,10,0,0,0,0,15,0,0,0,123,786,354,-9,519,342,0,-1,-1,-1,0x1010480014840605,1529,1693,1589,1500,2012,1561,1893,1500,1500,1538,988,1500,1500,1500,1500,1500,1500,1500,1372,1628,1500,1500,1500,2012,1500,1927,1822,1500,1520,1505,1500,988,8.3
2025-05-10,18:36:08.890,-64,-68,10,0,0,0,0,15,0,0,0,932,727,354,-8,519,342,0,-1,-1,-1,0x1010480014840605,1758,1665,1589,1500,2012,1966,1863,1500,1500,1984,988,1500,1500,1500,1500,1500,1500,1500,1372,1628,1500,1500,1500,2012,1500,1899,1775,1500,1520,1505,1500,988,8.3
2025-05-10,18:36:09.390,-72,-69,10,0,0,0,0,15,0,0,0,1024,788,354,-9,519,342,0,-1,-1,-1,0x1010480014840605,1786,1693,1589,1500,2012,2012,1894,1500,1500,2012,988,1500,1500,1500,1500,1500,1500,1500,1372,1628,1500,1500,1500,2012,1500,1927,1822,1500,1520,1505,1500,988,8.3
2025-05-10,18:36:09.890,-75,-76,10,0,0,0,0,15,0,0,0,569,862,354,-9,519,342,0,-1,-1,-1,0x1010480014840605,1658,1728,1589,1500,2012,1784,1931,1500,1500,1823,988,1500,1500,1500,1500,1500,1500,1500,1372,1628,1500,1500,1500,2012,1500,1954,1880,1500,1520,1505,1500,988,8.3
2025-05-10,18:36:10.390,-79,-78,10,0,0,0,0,15,0,0,0,-2,1014,353,-9,519,342,0,-1,-1,-1,0x1010480010842605,1512,1802,1589,1500,2012,1499,2007,1500,1500,1499,988,1500,1500,1500,1500,1500,1500,1500,1372,1628,1500,1500,1500,2012,1500,2008,2003,1500,1520,1505,1500,988,8.3
2025-05-10,18:36:10.890,-92,-67,50,0,0,0,0,15,0,0,0,95,1015,354,-8,519,342,0,-1,-1,-1,0x1010480014842605,1539,1802,1589,1500,2012,1547,2007,1500,1500,1561,988,1500,1500,1500,1500,1500,1500,1500,1372,1628,1500,1500,1500,2012,1500,2009,2004,1500,1520,1505,1500,988,8.3
2025-05-10,18:36:11.390,-78,-78,10,0,0,0,0,15,0,0,0,-4,1018,354,-9,519,342,0,-1,-1,-1,0x1010480010842605,1511,1804,1589,1500,2012,1498,2009,1500,1500,1498,988,1500,1500,1500,1500,1500,1500,1500,1372,1628,1500,1500,1500,2012,1500,2010,2007,1500,1520,1505,1500,988,8.3
2025-05-10,18:36:11.890,-76,-85,10,0,0,0,0,15,0,0,0,297,1019,354,-9,519,342,0,-1,-1,-1,0x1010480014842605,1580,1804,1589,1500,2012,1648,2010,1500,1500,1649,988,1500,1500,1500,1500,1500,1500,1500,1372,1628,1500,1500,1500,2012,1500,2010,2007,1500,1520,1505,1500,988,8.3
2025-05-10,18:36:12.390,-74,-69,10,0,0,0,0,15,0,0,0,-68,1019,354,-8,519,342,0,-1,-1,-1,0x1010480014842205,1499,1804,1589,1500,2012,1466,2009,1500,1500,1461,988,1500,1500,1500,1500,1500,1500,1500,1372,1628,1500,1500,1500,2012,1500,2010,2007,1500,1520,1505,1500,988,8.3
2025-05-10,18:36:12.890,-78,-66,10,0,0,0,0,15,0,0,0,-2,1018,354,-9,519,342,0,-1,-1,-1,0x1010480010842205,1512,1804,1589,1500,2012,1499,2009,1500,1500,1499,988,1500,1500,1500,1500,1500,1500,1500,1372,1628,1500,1500,1500,2012,1500,2010,2007,1500,1520,1505,1500,988,8.3
2025-05-10,18:36:13.390,-62,-71,10,0,0,0,0,15,0,0,0,-1,1012,354,-9,519,342,0,-1,-1,-1,0x1010480010842205,1512,1801,1589,1500,2012,1500,2006,1500,1500,1500,988,1500,1500,1500,1500,1500,1500,1500,1372,1628,1500,1500,1500,2012,1500,2008,2003,1500,1520,1505,1500,988,8.3
2025-05-10,18:36:13.890,-62,-71,10,0,0,0,0,15,0,0,0,-1,1009,354,-9,519,342,0,-1,-1,-1,0x1010480010842205,1512,1799,1589,1500,2012,1500,2004,1500,1500,1500,988,1500,1500,1500,1500,1500,1500,1500,1372,1628,1500,1500,1500,2012,1500,2007,1999,1500,1520,1505,1500,988,8.3
2025-05-10,18:36:14.390,-58,-53,10,0,0,0,0,15,0,0,0,1,1008,354,-8,519,342,0,-1,-1,-1,0x1010480010842205,1512,1799,1589,1500,2012,1500,2004,1500,1500,1500,988,1500,1500,1500,1500,1500,1500,1500,1372,1628,1500,1500,1500,2012,1500,2006,1999,1500,1520,1505,1500,988,8.3
2025-05-10,18:36:14.890,-78,-57,10,0,0,0,0,15,0,0,0,0,1008,353,-9,519,342,0,-1,-1,-1,0x1010480010842205,1512,1799,1589,1500,2012,1500,2004,1500,1500,1500,988,1500,1500,1500,1500,1500,1500,1500,1372,1628,1500,1500,1500,2012,1500,2007,1999,1500,1520,1505,1500,988,8.3
2025-05-10,18:36:15.390,-76,-65,10,0,0,0,0,15,0,0,0,6,1018,354,-9,519,342,0,-1,-1,-1,0x1010480010842205,1513,1804,1589,1500,2012,1503,2009,1500,1500,1502,988,1500,1500,1500,1500,1500,1500,1500,1372,1628,1500,1500,1500,2012,1500,2010,2007,1500,1520,1505,1500,988,8.3
2025-05-10,18:36:15.890,-69,-75,10,0,0,0,0,15,0,0,0,562,11,354,-8,519,342,0,-1,-1,-1,0x1010480014840205,1631,1503,1589,1500,2012,1781,1505,1500,1500,1768,988,1500,1500,1500,1500,1500,1500,1500,1168,1832,1500,1500,1500,2012,1500,1511,1506,1500,1520,1505,1500,988,8.3
2025-05-10,18:36:16.390,-70,-69,10,0,0,0,0,15,0,0,0,-317,7,354,-9,519,342,0,-1,-1,-1,0x1010480014840205,1438,1502,1589,1500,2012,1342,1503,1500,1500,1304,988,1500,1500,1500,1500,1500,1500,1500,1372,2012,1500,1500,1500,2012,1500,1505,1503,1500,1520,1505,1500,988,8.3
2025-05-10,18:36:16.890,-78,-70,10,0,0,0,0,15,0,0,0,236,37,354,-8,519,342,0,-1,-1,-1,0x1010480014840205,1572,1509,1589,1500,2012,1618,1518,1500,1500,1631,988,1500,1500,1500,1500,1500,1500,1500,1372,2012,1500,1500,1500,2012,1500,1527,1515,1500,1520,1505,1500,988,8.3
2025-05-10,18:36:17.390,-78,-67,10,0,0,0,0,15,0,0,0,-515,636,354,-8,519,342,0,-1,-1,-1,0x1010480014840205,1372,1650,1589,1500,2012,1243,1818,1500,1500,1186,988,1500,1500,1500,1500,1500,1500,1500,1372,1628,1500,1500,1500,2012,1500,1902,1750,1500,1520,1505,1500,988,8.3
2025-05-10,18:36:17.890,-78,-70,10,0,0,0,0,15,0,0,0,955,589,354,-9,519,342,0,-1,-1,-1,0x1010480014840205,1725,1614,1589,1500,2012,1977,1794,1500,1500,1939,988,1500,1500,1500,1500,1500,1500,1500,1372,1628,1500,1500,1500,2012,1500,1822,1690,1500,1520,1505,1500,988,8.3
2025-05-10,18:36:18.390,-84,-88,10,0,0,0,0,15,0,0,0,561,933,354,-9,519,342,0,-1,-1,-1,0x1010480014840205,1637,1764,1589,1500,2012,1780,1966,1500,1500,1781,988,1500,1500,1500,1500,1500,1500,1500,1372,1628,1500,1500,1500,2012,1500,1981,1940,1500,1520,1505,1500,988,8.3
2025-05-10,18:36:18.890,-84,-81,10,0,0,0,0,15,0,0,0,330,953,354,-9,519,342,0,-1,-1,-1,0x1010480014842205,1585,1772,1589,1500,2012,1665,1976,1500,1500,1659,988,1500,1500,1500,1500,1500,1500,1500,1372,1628,1500,1500,1500,2012,1500,1991,1965,1500,1520,1505,1500,988,8.3
2025-05-10,18:36:19.390,-84,-80,10,0,0,0,0,15,0,0,0,-1022,3,354,-9,519,342,0,-1,-1,-1,0x1010480014840205,1179,1500,1589,1500,2012,989,1501,1500,1500,990,988,1500,1500,1500,1500,1500,1500,1500,988,2012,1500,1500,1500,2012,1500,1502,1501,1500,1520,1505,1500,988,8.3
2025-05-10,18:36:19.890,-66,-73,10,0,0,0,0,15,0,0,0,-1024,104,354,-9,519,342,0,-1,-1,-1,0x1010480014840A05,1177,1525,1589,1500,2012,988,1552,1500,1500,988,988,1500,1500,1500,1500,1500,1500,1500,1372,1628,1500,1500,1500,2012,1500,1578,1542,1500,1520,1505,1500,988,8.3
2025-05-10,18:36:20.390,-70,-69,10,0,0,0,0,15,0,0,0,-1024,122,354,-8,519,342,0,-1,-1,-1,0x1010480014840A05,1177,1528,1589,1500,2012,988,1561,1500,1500,988,988,1500,1500,1500,1500,1500,1500,1500,1372,1628,1500,1500,1500,2012,1500,1591,1547,1500,1520,1505,1500,988,8.3
2025-05-10,18:36:20.890,-68,-68,10,0,0,0,0,15,0,0,0,-1024,136,354,-9,519,342,0,-1,-1,-1,0x1010480014840A05,1177,1531,1589,1500,2012,988,1568,1500,1500,988,988,1500,1500,1500,1500,1500,1500,1500,1372,1628,1500,1500,1500,2012,1500,1601,1551,1500,1520,1505,1500,988,8.3
2025-05-10,18:36:21.390,-76,-73,10,0,0,0,0,15,0,0,0,-1024,712,354,-8,519,342,0,-1,-1,-1,0x1010480014840A05,1177,1658,1589,1500,2012,988,1856,1500,1500,988,988,1500,1500,1500,1500,1500,1500,1500,1372,1628,1500,1500,1500,2012,1500,1894,1764,1500,1520,1505,1500,988,8.3
2025-05-10,18:36:21.890,-68,-73,10,0,0,0,0,15,0,0,0,-1024,444,354,-9,519,342,0,-1,-1,-1,0x1010480014840A05,1177,1595,1589,1500,2012,988,1722,1500,1500,988,988,1500,1500,1500,1500,1500,1500,1500,1372,1628,1500,1500,1500,2012,1500,1776,1659,1500,1520,1505,1500,988,8.3
2025-05-10,18:36:22.390,-58,-66,10,0,0,0,0,15,0,0,0,-1024,341,354,-9,519,342,0,-1,-1,-1,0x1010480014840A05,1177,1574,1589,1500,2012,988,1670,1500,1500,988,988,1500,1500,1500,1500,1500,1500,1500,1372,1628,1500,1500,1500,2012,1500,1727,1623,1500,1520,1505,1500,988,8.3
2025-05-10,18:36:22.890,-73,-68,10,0,0,0,0,15,0,0,0,-800,583,354,-9,519,342,0,-1,-1,-1,0x1010480014840A05,1267,1628,1589,1500,2012,1100,1791,1500,1500,1061,988,1500,1500,1500,1500,1500,1500,1500,1372,1628,1500,1500,1500,2012,1500,1845,1714,1500,1520,1505,1500,988,8.3
2025-05-10,18:36:23.390,-76,-71,10,0,0,0,0,15,0,0,0,155,668,354,-9,519,342,0,-1,-1,-1,0x1010480014840205,1546,1663,1589,1500,2012,1577,1834,1500,1500,1576,988,1500,1500,1500,1500,1500,1500,1500,1372,1628,1500,1500,1500,2012,1500,1896,1772,1500,1520,1505,1500,988,8.3
2025-05-10,18:36:23.890,-79,-66,10,0,0,0,0,15,0,0,0,-106,507,354,-9,519,342,0,-1,-1,-1,0x1010480014840205,1494,1612,1589,1500,2012,1447,1753,1500,1500,1447,988,1500,1500,1500,1500,1500,1500,1500,1372,1628,1500,1500,1500,2012,1500,1812,1687,1500,1520,1505,1500,988,8.3
2025-05-10,18:36:24.390,-81,-71,10,0,0,0,0,15,0,0,0,-8,1010,354,-9,519,342,0,-1,-1,-1,0x1010480010842205,1506,1800,1589,1500,2012,1496,2005,1500,1500,1484,988,1500,1500,1500,1500,1500,1500,1500,1372,1628,1500,1500,1500,2012,1500,2006,1999,1500,1520,1505,1500,988,8.3
2025-05-10,18:36:24.890,-78,-70,10,0,0,0,0,15,0,0,0,182,1023,354,-9,519,342,0,-1,-1,-1,0x1010480014842205,1553,1806,1589,1500,2012,1591,2011,1500,1500,1591,988,1500,1500,1500,1500,1500,1500,1500,1372,1628,1500,1500,1500,2012,1500,2011,2010,1500,1520,1505,1500,988,8.3
2025-05-10,18:36:25.390,-83,-72,10,0,0,0,0,15,0,0,0,404,498,354,-9,519,342,0,-1,-1,-1,0x1010480014840205,1602,1612,1589,1500,2012,1702,1749,1500,1500,1701,988,1500,1500,1500,1500,1500,1500,1500,1372,1628,1500,1500,1500,2012,1500,1812,1687,1500,1520,1505,1500,988,8.3
2025-05-10,18:36:25.890,-73,-76,10,0,0,0,0,15,0,0,0,-981,436,354,-9,519,342,0,-1,-1,-1,0x1010480014840205,1212,1596,1589,1500,2012,1010,1718,1500,1500,1016,988,1500,1500,1500,1500,1500,1500,1500,1372,1628,1500,1500,1500,2012,1500,1777,1660,1500,1520,1505,1500,988,8.3
2025-05-10,18:36:26.390,-73,-83,10,0,0,0,0,15,0,0,0,-151,650,354,-9,519,342,0,-1,-1,-1,0x1010480014840205,1482,1647,1589,1500,2012,1425,1825,1500,1500,1414,988,1500,1500,1500,1500,1500,1500,1500,1372,1628,1500,1500,1500,2012,1500,1873,1745,1500,1520,1505,1500,988,8.3
2025-05-10,18:36:26.890,-82,-75,10,0,0,0,0,15,0,0,0,834,621,354,-9,519,342,0,-1,-1,-1,0x1010480014840205,1712,1636,1589,1500,2012,1917,1810,1500,1500,1916,988,1500,1500,1500,1500,1500,1500,1500,1372,1628,1500,1500,1500,2012,1500,1856,1726,1500,1520,1505,1500,988,8.3
2025-05-10,18:36:27.390,-79,-70,100,0,0,0,0,15,0,0,0,94,762,354,-8,519,342,0,-1,-1,-1,0x1010480014840205,1533,1675,1589,1500,2012,1547,1881,1500,1500,1547,988,1500,1500,1500,1500,1500,1500,1500,1372,1628,1500,1500,1500,2012,1500,1913,1793,1500,1520,1505,1500,988,8.3
2025-05-10,18:36:27.890,-85,-83,10,0,0,0,0,15,0,0,0,0,614,354,-9,519,342,0,-1,-1,-1,0x1010480010840205,1512,1637,1589,1500,2012,1500,1807,1500,1500,1500,988,1500,1500,1500,1500,1500,1500,1500,1372,1628,1500,1500,1500,2012,1500,1859,1729,1500,1520,1505,1500,988,8.3
2025-05-10,18:36:28.390,-81,-81,10,0,0,0,0,15,0,0,0,136,438,354,-8,519,342,0,-1,-1,-1,0x1010480014840205,1533,1594,1589,1500,2012,1568,1719,1500,1500,1546,988,1500,1500,1500,1500,1500,1500,1500,1372,1628,1500,1500,1500,2012,1500,1772,1656,1500,1520,1505,1500,988,8.3
2025-05-10,18:36:28.890,-82,-85,10,0,0,0,0,15,0,0,0,602,613,354,-8,519,342,0,-1,-1,-1,0x1010480014840205,1647,1636,1589,1500,2012,1801,1806,1500,1500,1802,988,1500,1500,1500,1500,1500,1500,1500,1372,1628,1500,1500,1500,2012,1500,1858,1728,1500,1520,1505,1500,988,8.3
2025-05-10,18:36:29.390,-69,-70,10,0,0,0,0,15,0,0,0,1024,-95,354,-9,519,342,0,-1,-1,-1,0x10104800168C0205,1786,1462,1589,1500,2012,2012,1453,1461,1500,2012,988,1500,1500,1500,1500,1500,1500,1456,999,2012,1500,1500,1500,2012,1500,1436,1500,1500,1520,1505,1500,988,8.3
2025-05-10,18:36:29.890,-68,-73,10,0,0,0,0,15,0,0,0,951,623,354,-8,519,342,0,-1,-1,-1,0x1010480014840205,1750,1639,1589,1500,2012,1975,1811,1500,1500,1975,988,1500,1500,1500,1500,1500,1500,1500,1372,1628,1500,1500,1500,2012,1500,1862,1732,1500,1520,1505,1500,988,8.3
2025-05-10,18:36:30.390,-89,-78,10,0,0,0,0,15,0,0,0,-460,529,354,-9,519,342,0,-1,-1,-1,0x1010480014840205,1417,1622,1589,1500,2012,1270,1764,1500,1500,1264,988,1500,1500,1500,1500,1500,1500,1500,1372,1628,1500,1500,1500,2012,1500,1833,1704,1500,1520,1505,1500,988,8.3
2025-05-10,18:36:30.890,-82,-83,25,0,0,0,0,15,0,0,0,11,724,354,-9,519,342,0,-1,-1,-1,0x1010480010840205,1514,1664,1589,1500,2012,1505,1862,1500,1500,1506,988,1500,1500,1500,1500,1500,1500,1500,1372,1628,1500,1500,1500,2012,1500,1898,1774,1500,1520,1505,1500,988,8.3
2025-05-10,18:36:31.390,-86,-78,10,0,0,0,0,15,0,0,0,182,338,354,-9,519,342,0,-1,-1,-1,0x1010480014840205,1565,1573,1589,1500,2012,1591,1669,1500,1500,1616,988,1500,1500,1500,1500,1500,1500,1500,1372,1628,1500,1500,1500,2012,1500,1725,1621,1500,1520,1505,1500,988,8.3
2025-05-10,18:36:31.890,-87,-84,25,0,0,0,0,15,0,0,0,140,634,353,-9,519,342,0,-1,-1,-1,0x1010480014840205,1546,1639,1589,1500,2012,1570,1817,1500,1500,1575,988,1500,1500,1500,1500,1500,1500,1500,1372,1628,1500,1500,1500,2012,1500,1861,1731,1500,1520,1505,1500,988,8.3
2025-05-10,18:36:32.390,-84,-82,10,0,0,0,0,15,0,0,0,31,662,354,-9,519,342,0,-1,-1,-1,0x1010480010840205,1516,1651,1589,1500,2012,1515,1831,1500,1500,1509,988,1500,1500,1500,1500,1500,1500,1500,1372,1628,1500,1500,1500,2012,1500,1879,1752,1500,1520,1505,1500,988,8.3
2025-05-10,18:36:32.890,-74,-77,10,0,0,0,0,15,0,0,0,668,749,354,-9,519,342,0,-1,-1,-1,0x1010480014840205,1663,1674,1589,1500,2012,1834,1874,1500,1500,1833,988,1500,1500,1500,1500,1500,1500,1500,1372,1628,1500,1500,1500,2012,1500,1912,1791,1500,1520,1505,1500,988,8.3
2025-05-10,18:36:33.390,-83,-81,10,0,0,0,0,15,0,0,0,77,1022,354,-9,519,342,0,-1,-1,-1,0x1010480014842205,1527,1806,1589,1500,2012,1538,2011,1500,1500,1533,988,1500,1500,1500,1500,1500,1500,1500,1372,1628,1500,1500,1500,2012,1500,2007,2000,1500,1520,1505,1500,988,8.3
2025-05-10,18:36:33.890,-92,-79,10,0,0,0,0,15,0,0,0,-434,891,354,-9,519,342,0,-1,-1,-1,0x1010480014840205,1430,1725,1589,1500,2012,1283,1945,1500,1500,1289,988,1500,1500,1500,1500,1500,1500,1500,1372,1628,1500,1500,1500,2012,1500,1957,1875,1500,1520,1505,1500,988,8.3
2025-05-10,18:36:34.390,-75,-73,10,0,0,0,0,15,0,0,0,-295,1018,354,-9,519,342,0,-1,-1,-1,0x1010480014842205,1461,1804,1589,1500,2012,1353,2009,1500,1500,1358,988,1500,1500,1500,1500,1500,1500,1500,1372,1628,1500,1500,1500,2012,1500,2010,2007,1500,1520,1505,1500,988,8.3
2025-05-10,18:36:34.890,-67,-92,10,0,0,0,0,15,0,0,0,-28,876,354,-9,519,342,0,-1,-1,-1,0x1010480014840205,1500,1718,1589,1500,2012,1486,1938,1500,1500,1465,988,1500,1500,1500,1500,1500,1500,1500,1372,1628,1500,1500,1500,2012,1500,1947,1864,1500,1520,1505,1500,988,8.3
2025-05-10,18:36:35.390,-79,-68,10,0,0,0,0,15,0,0,0,109,436,354,-9,519,342,0,-1,-1,-1,0x1010480014840205,1539,1593,1589,1500,2012,1554,1718,1500,1500,1561,988,1500,1500,1500,1500,1500,1500,1500,1372,1628,1500,1500,1500,2012,1500,1772,1656,1500,1520,1505,1500,988,8.3
2025-05-10,18:36:35.890,-79,-67,10,0,0,0,0,15,0,0,0,1,860,354,-9,519,342,0,-1,-1,-1,0x1010480010840205,1508,1750,1589,1500,2012,1500,1930,1500,1500,1487,988,1500,1500,1500,1500,1500,1500,1500,1372,1628,1500,1500,1500,2012,1500,1966,1917,1500,1520,1505,1500,988,8.3
2025-05-10,18:36:36.390,-68,-71,10,0,0,0,0,15,0,0,0,1024,444,354,-9,519,342,0,-1,-1,-1,0x1010480014840205,1786,1601,1589,1500,2012,2012,1722,1500,1500,2012,988,1500,1500,1500,1500,1500,1500,1500,1372,1628,1500,1500,1500,2012,1500,1787,1668,1500,1520,1505,1500,988,8.3
2025-05-10,18:36:36.890,-71,-70,25,0,0,0,0,15,0,0,0,1024,467,354,-9,519,342,0,-1,-1,-1,0x1010480014840205,1786,1603,1589,1500,2012,2012,1733,1500,1500,2012,988,1500,1500,1500,1500,1500,1500,1500,1372,1628,1500,1500,1500,2012,1500,1791,1671,1500,1520,1505,1500,988,8.3
2025-05-10,18:36:37.390,-77,-67,10,0,0,0,0,15,0,0,0,782,644,354,-9,519,342,0,-1,-1,-1,0x1010480014840205,1696,1655,1589,1500,2012,1891,1822,1500,1500,1890,988,1500,1500,1500,1500,1500,1500,1500,1372,1628,1500,1500,1500,2012,1500,1885,1759,1500,1520,1505,1500,988,8.3
2025-05-10,18:36:37.890,-74,-67,10,0,0,0,0,15,0,0,0,-771,175,354,-9,519,342,0,-1,-1,-1,0x1010480014840205,1360,1543,1589,1500,2012,1102,1587,1500,1500,1170,988,1500,1500,1500,1500,1500,1500,1500,1372,1628,1500,1500,1500,2012,1500,1645,1571,1500,1520,1505,1500,988,8.3
2025-05-10,18:36:38.390,-75,-66,10,0,0,0,0,15,0,0,0,-414,100,354,-9,519,342,0,-1,-1,-1,0x1010480014840A05,1424,1525,1589,1500,2012,1293,1550,1500,1500,1276,988,1500,1500,1500,1500,1500,1500,1500,1372,1628,1500,1500,1500,2012,1500,1576,1541,1500,1520,1505,1500,988,8.3
2025-05-10,18:36:38.890,-67,-70,10,0,0,0,0,15,0,0,0,-618,577,354,-9,519,342,0,-1,-1,-1,0x1010480014840205,1391,1635,1589,1500,2012,1191,1788,1500,1500,1216,988,1500,1500,1500,1500,1500,1500,1500,1372,1628,1500,1500,1500,2012,1500,1855,1725,1500,1520,1505,1500,988,8.3
2025-05-10,18:36:39.390,-66,-70,10,0,0,0,0,15,0,0,0,-1024,686,354,-9,519,342,0,-1,-1,-1,0x1010480014840A05,1177,1658,1589,1500,2012,988,1843,1500,1500,988,988,1500,1500,1500,1500,1500,1500,1500,1372,1628,1500,1500,1500,2012,1500,1889,1764,1500,1520,1505,1500,988,8.3
2025-05-10,18:36:39.890,-57,-58,10,0,0,0,0,15,0,0,0,-114,754,354,-9,519,342,0,-1,-1,-1,0x1010480014840205,1497,1677,1589,1500,2012,1443,1877,1500,1500,1455,988,1500,1500,1500,1500,1500,1500,1500,1372,1628,1500,1500,1500,2012,1500,1914,1795,1500,1520,1505,1500,988,8.3
2025-05-10,18:36:40.390,-55,-58,10,0,0,0,0,15,0,0,0,8,990,354,-9,519,342,0,-1,-1,-1,0x1010480010842205,1514,1790,1589,1500,2012,1504,1995,1500,1500,1504,988,1500,1500,1500,1500,1500,1500,1500,1372,1628,1500,1500,1500,2012,1500,2000,1994,1500,1520,1505,1500,988,8.3
2025-05-10,18:36:40.890,-58,-58,10,0,0,0,0,15,0,0,0,1,533,354,-9,519,342,0,-1,-1,-1,0x1010480010840205,1513,1620,1589,1500,2012,1500,1766,1500,1500,1501,988,1500,1500,1500,1500,1500,1500,1500,1372,1628,1500,1500,1500,2012,1500,1828,1700,1500,1520,1505,1500,988,8.3
2025-05-10,18:36:41.390,-72,-72,10,0,0,0,0,15,0,0,0,-711,645,354,-9,519,342,0,-1,-1,-1,0x1010480014840205,1326,1639,1589,1500,2012,1145,1822,1500,1500,1125,988,1500,1500,1500,1500,1500,1500,1500,1372,1628,1500,1500,1500,2012,1500,1866,1732,1500,1520,1505,1500,988,8.3
2025-05-10,18:36:41.890,-75,-75,10,0,0,0,0,15,0,0,0,-272,760,354,-8,519,342,0,-1,-1,-1,0x1010480014840A05,1454,1681,1589,1500,2012,1364,1880,1500,1500,1339,988,1500,1500,1500,1500,1500,1500,1500,1372,1628,1500,1500,1500,2012,1500,1917,1802,1500,1520,1505,1500,988,8.3
2025-05-10,18:36:42.390,-76,-74,10,0,0,0,0,15,0,0,0,-660,780,354,-9,519,342,0,-1,-1,-1,0x1010480014840205,1360,1690,1589,1500,2012,1170,1890,1500,1500,1170,988,1500,1500,1500,1500,1500,1500,1500,1372,1628,1500,1500,1500,2012,1500,1925,1818,1500,1520,1505,1500,988,8.3
2025-05-10,18:36:42.890,-77,-73,10,0,0,0,0,15,0,0,0,-202,677,354,-9,519,342,0,-1,-1,-1,0x1010480014840205,1479,1654,1589,1500,2012,1399,1838,1500,1500,1405,988,1500,1500,1500,1500,1500,1500,1500,1372,1628,1500,1500,1500,2012,1500,1884,1758,1500,1520,1505,1500,988,8.3
2025-05-10,18:36:43.390,-76,-74,10,0,0,0,0,15,0,0,0,356,321,354,-9,519,342,0,-1,-1,-1,0x1010480014840205,1595,1569,1589,1500,2012,1678,1660,1500,1500,1683,988,1500,1500,1500,1500,1500,1500,1500,1372,1628,1500,1500,1500,2012,1500,1716,1615,1500,1520,1505,1500,988,8.3
2025-05-10,18:36:43.890,-81,-73,10,0,0,0,0,15,0,0,0,1024,262,354,-9,519,342,0,-1,-1,-1,0x1010480014840205,1786,1555,1589,1500,2012,2012,1631,1500,1500,2012,988,1500,1500,1500,1500,1500,1500,1500,1372,1628,1500,1500,1500,2012,1500,1682,1592,1500,1520,1505,1500,988,8.3
2025-05-10,18:36:44.390,-85,-74,10,0,0,0,0,15,0,0,0,1024,287,354,-9,519,342,0,-1,-1,-1,0x1010480014840205,1786,1561,1589,1500,2012,2012,1643,1500,1500,2012,988,1500,1500,1500,1500,1500,1500,1500,1372,1628,1500,1500,1500,2012,1500,1697,1602,1500,1520,1505,1500,988,8.3
2025-05-10,18:36:44.890,-71,-78,10,0,0,0,0,15,0,0,0,429,796,354,-8,519,342,0,-1,-1,-1,0x1010480014840205,1608,1692,1589,1500,2012,1714,1898,1500,1500,1715,988,1500,1500,1500,1500,1500,1500,1500,1372,1628,1500,1500,1500,2012,1500,1926,1820,1500,1520,1505,1500,988,8.3
2025-05-10,18:36:45.390,-74,-74,10,0,0,0,0,15,0,0,0,613,667,354,-9,519,342,0,-1,-1,-1,0x1010480014840205,1666,1652,1589,1500,2012,1806,1833,1500,1500,1837,988,1500,1500,1500,1500,1500,1500,1500,1372,1628,1500,1500,1500,2012,1500,1881,1754,1500,1520,1505,1500,988,8.3
2025-05-10,18:36:45.890,-71,-79,10,0,0,0,0,15,0,0,0,259,935,354,-9,519,342,0,-1,-1,-1,0x1010480014840205,1571,1763,1589,1500,2012,1629,1967,1500,1500,1629,988,1500,1500,1500,1500,1500,1500,1500,1372,1628,1500,1500,1500,2012,1500,1980,1938,1500,1520,1505,1500,988,8.3
2025-05-10,18:36:46.390,-68,-68,10,0,0,0,0,15,0,0,0,-1,695,354,-9,519,342,0,-1,-1,-1,0x1010480010840205,1512,1688,1589,1500,2012,1500,1847,1500,1500,1500,988,1500,1500,1500,1500,1500,1500,1500,1372,1628,1500,1500,1500,2012,1500,1933,1814,1500,1520,1505,1500,988,8.3
2025-05-10,18:36:46.890,-69,-69,10,0,0,0,0,15,0,0,0,232,796,354,-9,519,342,0,-1,-1,-1,0x1010480014840205,1562,1710,1589,1500,2012,1616,1898,1500,1500,1610,988,1500,1500,1500,1500,1500,1500,1500,1372,1628,1500,1500,1500,2012,1500,1940,1851,1500,1520,1505,1500,988,8.3
2025-05-10,18:36:47.390,-61,-68,10,0,0,0,0,15,0,0,0,282,391,354,-9,519,342,0,-1,-1,-1,0x1010480014840205,1576,1586,1589,1500,2012,1641,1695,1500,1500,1641,988,1500,1500,1500,1500,1500,1500,1500,1372,1628,1500,1500,1500,2012,1500,1755,1644,1500,1520,1505,1500,988,8.3
2025-05-10,18:36:47.890,-62,-68,10,0,0,0,0,15,0,0,0,954,247,354,-8,519,342,0,-1,-1,-1,0x1010480014840205,1745,1551,1589,1500,2012,1977,1623,1500,1500,1968,988,1500,1500,1500,1500,1500,1500,1500,1372,1628,1500,1500,1500,2012,1500,1673,1586,1500,1520,1505,1500,988,8.3
2025-05-10,18:36:48.390,-60,-65,10,0,0,0,0,15,0,0,0,985,708,354,-8,519,342,0,-1,-1,-1,0x1010480014840205,1780,1663,1589,1500,2012,1992,1854,1500,1500,2006,988,1500,1500,1500,1500,1500,1500,1500,1372,1628,1500,1500,1500,2012,1500,1897,1773,1500,1520,1505,1500,988,8.3
2025-05-10,18:36:48.890,-68,-65,10,0,0,0,0,15,0,0,0,143,755,354,-9,519,342,0,-1,-1,-1,0x1010480014840205,1553,1678,1589,1500,2012,1571,1877,1500,1500,1590,988,1500,1500,1500,1500,1500,1500,1500,1372,1628,1500,1500,1500,2012,1500,1915,1796,1500,1520,1505,1500,988,8.3
2025-05-10,18:36:49.390,-67,-65,10,0,0,0,0,15,0,0,0,-147,769,354,-9,519,342,0,-1,-1,-1,0x1010480014840205,1487,1685,1589,1500,2012,1427,1884,1500,1500,1427,988,1500,1500,1500,1500,1500,1500,1500,1372,1628,1500,1500,1500,2012,1500,1920,1808,1500,1520,1505,1500,988,8.3
2025-05-10,18:36:49.890,-66,-65,10,0,0,0,0,15,0,0,0,302,833,354,-9,519,342,0,-1,-1,-1,0x1010480014840205,1578,1710,1589,1500,2012,1651,1916,1500,1500,1645,988,1500,1500,1500,1500,1500,1500,1500,1372,1628,1500,1500,1500,2012,1500,1940,1850,1500,1520,1505,1500,988,8.3
2025-05-10,18:36:50.390,-73,-72,10,0,0,0,0,15,0,0,0,0,585,354,-9,519,342,0,-1,-1,-1,0x1010480010840605,1512,1629,1589,1500,2012,1500,1792,1500,1500,1500,988,1500,1500,1500,1500,1500,1500,1500,1372,1628,1500,1500,1500,2012,1500,1846,1715,1500,1520,1505,1500,988,8.3
2025-05-10,18:36:50.890,-63,-67,10,0,0,0,0,15,0,0,0,-698,642,354,-8,519,342,0,-1,-1,-1,0x1010480014840605,1363,1645,1589,1500,2012,1151,1821,1500,1500,1174,988,1500,1500,1500,1500,1500,1500,1500,1372,1628,1500,1500,1500,2012,1500,1870,1742,1500,1520,1505,1500,988,8.3
2025-05-10,18:36:51.390,-62,-67,10,0,0,0,0,15,0,0,0,-1024,756,354,-9,519,342,0,-1,-1,-1,0x1010480014840E05,1177,1679,1589,1500,2012,988,1878,1500,1500,988,988,1500,1500,1500,1500,1500,1500,1500,1372,1628,1500,1500,1500,2012,1500,1916,1799,1500,1520,1505,1500,988,8.3
2025-05-10,18:36:51.890,-59,-63,10,0,0,0,0,15,0,0,0,194,893,354,-9,519,342,0,-1,-1,-1,0x1010480014840605,1549,1737,1589,1500,2012,1597,1946,1500,1500,1582,988,1500,1500,1500,1500,1500,1500,1500,1372,1628,1500,1500,1500,2012,1500,1961,1895,1500,1520,1505,1500,988,8.3
2025-05-10,18:36:52.390,-70,-60,10,0,0,0,0,15,0,0,0,-138,1020,354,-9,519,342,0,-1,-1,-1,0x1010480014842605,1491,1805,1589,1500,2012,1431,2010,1500,1500,1437,988,1500,1500,1500,1500,1500,1500,1500,1372,1628,1500,1500,1500,2012,1500,2011,2009,1500,1520,1505,1500,988,8.3
2025-05-10,18:36:52.890,-70,-62,10,0,0,0,0,15,0,0,0,146,1019,354,-9,519,342,0,-1,-1,-1,0x1010480014842605,1542,1804,1589,1500,2012,1573,2009,1500,1500,1565,988,1500,1500,1500,1500,1500,1500,1500,1372,1628,1500,1500,1500,2012,1500,2010,2007,1500,1520,1505,1500,988,8.3
2025-05-10,18:36:53.390,-63,-65,10,0,0,0,0,15,0,0,0,158,935,354,-9,519,342,0,-1,-1,-1,0x1010480014840605,1542,1764,1589,1500,2012,1579,1967,1500,1500,1567,988,1500,1500,1500,1500,1500,1500,1500,1372,1628,1500,1500,1500,2012,1500,1981,1940,1500,1520,1505,1500,988,8.3
2025-05-10,18:36:53.890,-61,-65,10,0,0,0,0,15,0,0,0,397,658,354,-9,519,342,0,-1,-1,-1,0x1010480014840605,1606,1649,1589,1500,2012,1698,1829,1500,1500,1710,988,1500,1500,1500,1500,1500,1500,1500,1372,1628,1500,1500,1500,2012,1500,1876,1748,1500,1520,1505,1500,988,8.3
2025-05-10,18:36:54.390,-61,-65,10,0,0,0,0,15,0,0,0,182,995,354,-9,519,342,0,-1,-1,-1,0x1010480014842205,1550,1793,1589,1500,2012,1591,1997,1500,1500,1583,988,1500,1500,1500,1500,1500,1500,1500,1372,1628,1500,1500,1500,2012,1500,2002,1988,1500,1520,1505,1500,988,8.3
2025-05-10,18:36:54.890,-64,-64,10,0,0,0,0,15,0,0,0,-2,596,354,-9,519,342,0,-1,-1,-1,0x1010480010840205,1512,1632,1589,1500,2012,1499,1798,1500,1500,1499,988,1500,1500,1500,1500,1500,1500,1500,1372,1628,1500,1500,1500,2012,1500,1850,1720,1500,1520,1505,1500,988,8.3
2025-05-10,18:36:55.390,-64,-75,10,0,0,0,0,15,0,0,0,251,604,354,-8,519,342,0,-1,-1,-1,0x1010480014840205,1569,1630,1589,1500,2012,1625,1802,1500,1500,1625,988,1500,1500,1500,1500,1500,1500,1500,1372,1628,1500,1500,1500,2012,1500,1849,1718,1500,1520,1505,1500,988,8.3
2025-05-10,18:36:55.890,-64,-75,10,0,0,0,0,15,0,0,0,901,525,354,-9,519,342,0,-1,-1,-1,0x1010480014840205,1724,1615,1589,1500,2012,1950,1762,1500,1500,1937,988,1500,1500,1500,1500,1500,1500,1500,1372,1628,1500,1500,1500,2012,1500,1819,1693,1500,1520,1505,1500,988,8.3
2025-05-10,18:36:56.390,-67,-83,10,0,0,0,0,15,0,0,0,1024,715,354,-8,519,342,0,-1,-1,-1,0x1010480014840205,1786,1665,1589,1500,2012,2012,1857,1500,1500,2012,988,1500,1500,1500,1500,1500,1500,1500,1372,1628,1500,1500,1500,2012,1500,1899,1775,1500,1520,1505,1500,988,8.3
2025-05-10,18:36:56.890,-77,-70,10,0,0,0,0,15,0,0,0,1024,705,354,-9,519,342,0,-1,-1,-1,0x1010480014840205,1786,1663,1589,1500,2012,2012,1852,1500,1500,2012,988,1500,1500,1500,1500,1500,1500,1500,1372,1628,1500,1500,1500,2012,1500,1896,1772,1500,1520,1505,1500,988,8.3
2025-05-10,18:36:57.390,-61,-61,10,0,0,0,0,15,0,0,0,1024,656,354,-9,519,342,0,-1,-1,-1,0x1010480014840205,1786,1649,1589,1500,2012,2012,1828,1500,1500,2012,988,1500,1500,1500,1500,1500,1500,1500,1372,1628,1500,1500,1500,2012,1500,1876,1749,1500,1520,1505,1500,988,8.3
2025-05-10,18:36:57.890,-62,-73,10,0,0,0,0,15,0,0,0,694,223,354,-9,519,342,0,-1,-1,-1,0x1010480014840205,1671,1551,1589,1500,2012,1847,1611,1500,1500,1847,988,1500,1500,1500,1500,1500,1500,1500,1372,1628,1500,1500,1500,2012,1500,1665,1585,1500,1520,1505,1500,988,8.3
2025-05-10,18:36:58.390,-67,-65,10,0,0,0,0,15,0,0,0,727,13,354,-8,519,342,0,-1,-1,-1,0x1010480014840205,1681,1504,1589,1500,2012,1863,1506,1500,1500,1864,988,1500,1500,1500,1500,1500,1500,1500,1168,1832,1500,1500,1500,2012,1500,1512,1506,1500,1520,1505,1500,988,8.3
2025-05-10,18:36:58.890,-67,-65,10,0,0,0,0,15,0,0,0,-323,-22,354,-9,519,342,0,-1,-1,-1,0x10104800168C0205,1457,1482,1589,1500,2012,1339,1489,1482,1500,1346,988,1500,1500,1500,1500,1500,1500,1482,1372,2012,1500,1500,1500,2012,1500,1452,1500,1500,1520,1505,1500,988,8.3
2025-05-10,18:36:59.390,-67,-63,10,0,0,0,0,15,0,0,0,1024,450,354,-9,519,342,0,-1,-1,-1,0x1010480014840205,1786,1596,1589,1500,2012,2012,1725,1500,1500,2012,988,1500,1500,1500,1500,1500,1500,1500,1372,1628,1500,1500,1500,2012,1500,1778,1661,1500,1520,1505,1500,988,8.3
2025-05-10,18:36:59.900,-67,-65,10,0,0,0,0,15,0,0,0,1024,6,354,-8,519,342,0,-1,-1,-1,0x1010480014840205,1786,1501,1589,1500,2012,2012,1503,1500,1500,2012,988,1500,1500,1500,1500,1500,1500,1500,988,2012,1500,1500,1500,2012,1500,1505,1502,1500,1520,1505,1500,988,8.3
2025-05-10,18:37:00.390,-67,-68,10,0,0,0,0,15,0,0,0,1,6,354,-9,519,342,0,-1,-1,-1,0x1010480010840205,1513,1501,1589,1500,2012,1500,1503,1500,1500,1501,988,1500,1500,1500,1500,1500,1500,1500,1372,2012,1500,1500,1500,2012,1500,1505,1502,1500,1520,1505,1500,988,8.3
2025-05-10,18:37:00.890,-73,-76,10,0,0,0,0,15,0,0,0,-2,8,354,-8,519,342,0,-1,-1,-1,0x1010480010840205,1512,1502,1589,1500,2012,1499,1504,1500,1500,1499,988,1500,1500,1500,1500,1500,1500,1500,1372,2012,1500,1500,1500,2012,1500,1506,1503,1500,1520,1505,1500,988,8.3
2025-05-10,18:37:01.390,-80,-83,10,0,0,0,0,15,0,0,0,-2,6,354,-9,519,342,0,-1,-1,-1,0x1010480010840205,1512,1501,1589,1500,2012,1499,1503,1500,1500,1500,988,1500,1500,1500,1500,1500,1500,1500,1500,2012,1500,1500,1500,2012,1500,1505,1502,1500,1520,1505,1500,988,8.3
2025-05-10,18:37:01.890,-72,-67,10,0,0,0,0,15,0,0,0,-2,7,354,-9,519,342,0,-1,-1,-1,0x1010480010840205,1512,1502,1589,1500,2012,1499,1503,1500,1500,1499,988,1500,1500,1500,1500,1500,1500,1500,1500,2012,1500,1500,1500,2012,1500,1505,1503,1500,1520,1505,1500,988,8.3
2025-05-10,18:37:02.390,-73,-68,10,0,0,0,0,15,0,0,0,-2,8,354,-9,519,342,0,-1,-1,-1,0x1010480010840205,1512,1502,1589,1500,2012,1499,1504,1500,1500,1499,988,1500,1500,1500,1500,1500,1500,1500,1500,2012,1500,1500,1500,2012,1500,1506,1503,1500,1520,1505,1500,988,8.3
2025-05-10,18:37:02.890,-73,-66,10,0,0,0,0,15,0,0,0,-2,9,354,-9,519,342,0,-1,-1,-1,0x1010480010840205,1512,1502,1577,1500,2012,1499,1504,1500,1500,1499,988,1500,1500,1500,1500,1500,1500,1500,1500,2012,1500,1500,1500,2012,1500,1507,1503,1500,1520,1505,1500,988,8.3
2025-05-10,18:37:03.390,-77,-76,10,0,0,0,0,15,0,0,0,-2,7,354,-9,519,342,0,-1,-1,-1,0x1010480010840204,1512,1502,1500,1500,2012,1499,1503,1500,1500,1499,988,1500,1500,1500,1500,1500,1500,1500,1500,2012,1500,1500,1500,2012,1500,1505,1503,1500,1520,1505,1500,988,8.3
2025-05-10,18:37:03.900,-80,-77,10,0,0,0,0,15,0,0,0,-2,8,354,-8,519,342,0,-1,-1,-1,0x1010480010840204,1512,1502,1500,1500,2012,1499,1504,1500,1500,1499,988,1500,1500,1500,1500,1500,1500,1500,1500,2012,1500,1500,1500,2012,1500,1507,1503,1500,1520,1505,1500,988,8.3
2025-05-10,18:37:04.400,-77,-74,10,0,0,0,0,15,0,0,0,-1,9,354,-8,519,342,0,-1,-1,-1,0x1010480010840204,1512,1502,1500,1500,2012,1500,1504,1500,1500,1500,988,1500,1500,1500,1500,1500,1500,1500,1500,2012,1500,1500,1500,2012,1500,1507,1503,1500,1520,1505,1500,988,8.3
2025-05-10,18:37:04.900,-79,-75,10,0,0,0,0,15,0,0,0,-2,9,354,-9,519,342,0,-1,-1,-1,0x1010480010840204,1512,1502,1500,1500,2012,1499,1504,1500,1500,1499,988,1500,1500,1500,1500,1500,1500,1500,1500,2012,1500,1500,1500,2012,1500,1507,1503,1500,1520,1505,1500,988,8.3
2025-05-10,18:37:05.400,-81,-77,10,0,0,0,0,15,0,0,0,-1,8,354,-9,519,342,0,-1,-1,-1,0x1010480010840204,1512,1502,1500,1500,2012,1500,1504,1500,1500,1499,988,1500,1500,1500,1500,1500,1500,1500,1500,2012,1500,1500,1500,2012,1500,1506,1503,1500,1520,1505,1500,988,8.3
2025-05-10,18:37:05.900,-83,-81,10,0,0,0,0,15,0,0,0,-2,5,354,-9,519,342,0,-1,-1,-1,0x1010480010840204,1512,1501,1500,1500,2012,1499,1502,1500,1500,1499,988,1500,1500,1500,1500,1500,1500,1500,1500,2012,1500,1500,1500,2012,1500,1504,1501,1500,1520,1505,1500,988,8.3
2025-05-10,18:37:06.400,-82,-76,10,0,0,0,0,15,0,0,0,-1,5,354,-9,519,342,0,-1,-1,-1,0x1010480010840204,1512,1501,1500,1500,2012,1500,1502,1500,1500,1500,988,1500,1500,1500,1500,1500,1500,1500,1500,2012,1500,1500,1500,2012,1500,1504,1502,1500,1520,1505,1500,988,8.3
2025-05-10,18:37:06.900,-79,-74,10,0,0,0,0,15,0,0,0,-2,4,354,-9,519,342,0,-1,-1,-1,0x1010480010840204,1512,1501,1500,1500,2012,1499,1502,1500,1500,1499,988,1500,1500,1500,1500,1500,1500,1500,1500,2012,1500,1500,1500,2012,1500,1503,1501,1500,1520,1505,1500,988,8.3
2025-05-10,18:37:07.400,-83,-75,10,0,0,0,0,15,0,0,0,-2,4,354,-9,519,342,0,-1,-1,-1,0x1010480010840204,1512,1501,1500,1500,2012,1499,1502,1500,1500,1499,988,1500,1500,1500,1500,1500,1500,1500,1500,2012,1500,1500,1500,2012,1500,1503,1501,1500,1520,1505,1500,988,8.3
2025-05-10,18:37:07.900,-78,-77,10,0,0,0,0,15,0,0,0,-2,4,354,-8,519,342,0,-1,-1,-1,0x1010480010840204,1512,1501,1500,1500,2012,1499,1502,1500,1500,1499,988,1500,1500,1500,1500,1500,1500,1500,1500,2012,1500,1500,1500,2012,1500,1503,1501,1500,1520,1505,1500,988,8.3
2025-05-10,18:37:08.400,-80,-77,10,0,0,0,0,15,0,0,0,-1,4,354,-9,519,342,0,-1,-1,-1,0x1010480010840204,1512,1501,1500,1500,2012,1500,1502,1500,1500,1500,988,1500,1500,1500,1500,1500,1500,1500,1500,2012,1500,1500,1500,2012,1500,1502,1501,1500,1520,1505,1500,988,8.3
2025-05-10,18:37:08.900,-77,-77,50,0,0,0,0,15,0,0,0,-2,4,354,-9,519,342,0,-1,-1,-1,0x1010480010840204,1512,1501,1500,1500,2012,1499,1502,1500,1500,1499,988,1500,1500,1500,1500,1500,1500,1500,1500,2012,1500,1500,1500,2012,1500,1503,1501,1500,1520,1505,1500,988,8.3
2025-05-10,18:37:09.400,-85,-80,10,0,0,0,0,15,0,0,0,-1,4,354,-9,519,342,0,-1,-1,-1,0x1010480010840204,1512,1501,1500,1500,2012,1500,1502,1500,1500,1500,988,1500,1500,1500,1500,1500,1500,1500,1500,2012,1500,1500,1500,2012,1500,1503,1501,1500,1520,1505,1500,988,8.3
2025-05-10,18:37:09.900,-81,-82,10,0,0,0,0,15,0,0,0,-2,4,354,-9,519,342,0,-1,-1,-1,0x1010480010840204,1512,1501,1500,1500,2012,1500,1501,1500,1500,1500,988,1500,1500,1500,1500,1500,1500,1500,1500,2012,1500,1500,1500,2012,1500,1502,1501,1500,1520,1505,1500,988,8.3
2025-05-10,18:37:10.390,-82,-73,10,0,0,0,0,15,0,0,0,-1,3,354,-9,519,342,0,-1,-1,-1,0x1010480010840204,1512,1501,1500,1500,2012,1500,1501,1500,1500,1500,988,1500,1500,1500,1500,1500,1500,1500,1500,2012,1500,1500,1500,2012,1500,1503,1501,1500,1520,1505,1500,988,8.3
2025-05-10,18:37:10.900,-77,-73,10,0,0,0,0,15,0,0,0,-1,4,354,-8,519,342,0,-1,-1,-1,0x1010480010840204,1512,1500,1500,1500,2012,1500,1502,1500,1500,1500,988,1500,1500,1500,1500,1500,1500,1500,1500,2012,1500,1500,1500,2012,1500,1502,1501,1500,1520,1505,1500,988,8.3
2025-05-10,18:37:11.400,-81,-78,10,0,0,0,0,15,0,0,0,-2,4,354,-9,519,342,0,-1,-1,-1,0x1010480010840204,1512,1501,1500,1500,2012,1499,1502,1500,1500,1499,988,1500,1500,1500,1500,1500,1500,1500,1500,2012,1500,1500,1500,2012,1500,1503,1501,1500,1520,1505,1500,988,8.3
2025-05-10,18:37:11.900,-87,-76,10,0,0,0,0,15,0,0,0,-2,4,354,-8,519,342,0,-1,-1,-1,0x1010480010840204,1512,1501,1500,1500,2012,1499,1502,1500,1500,1499,988,1500,1500,1500,1500,1500,1500,1500,1500,2012,1500,1500,1500,2012,1500,1503,1501,1500,1520,1505,1500,988,8.3
2025-05-10,18:37:12.400,-80,-84,10,0,0,0,0,15,0,0,0,-2,4,354,-9,519,342,0,-1,-1,-1,0x1010480010840204,1512,1501,1500,1500,2012,1499,1502,1500,1500,1499,988,1500,1500,1500,1500,1500,1500,1500,1500,2012,1500,1500,1500,2012,1500,1503,1501,1500,1520,1505,1500,988,8.3
2025-05-10,18:37:12.900,-80,-83,25,0,0,0,0,15,0,0,0,-2,3,354,-9,519,342,0,-1,-1,-1,0x1010480010840204,1512,1500,1500,1500,2012,1499,1501,1500,1500,1499,988,1500,1500,1500,1500,1500,1500,1500,1500,2012,1500,1500,1500,2012,1500,1502,1501,1500,1520,1505,1500,988,8.3
2025-05-10,18:37:13.390,-80,-79,100,0,0,0,0,15,0,0,0,-2,4,354,-8,519,342,0,-1,-1,-1,0x1010480010840204,1512,1500,1500,1500,2012,1499,1502,1500,1500,1499,988,1500,1500,1500,1500,1500,1500,1500,1500,2012,1500,1500,1500,2012,1500,1502,1501,1500,1520,1505,1500,988,8.3
2025-05-10,18:37:13.900,-83,-80,10,0,0,0,0,15,0,0,0,-2,4,354,-8,519,342,0,-1,-1,-1,0x1010480010840204,1512,1501,1500,1500,2012,1499,1502,1500,1500,1499,988,1500,1500,1500,1500,1500,1500,1500,1500,2012,1500,1500,1500,2012,1500,1503,1501,1500,1520,1505,1500,988,8.3
2025-05-10,18:37:14.400,-85,-92,10,0,0,0,0,15,0,0,0,-2,3,354,-8,519,342,0,-1,-1,-1,0x1010480010840204,1512,1501,1500,1500,2012,1499,1501,1500,1500,1499,988,1500,1500,1500,1500,1500,1500,1500,1500,2012,1500,1500,1500,2012,1500,1503,1501,1500,1520,1505,1500,988,8.3
2025-05-10,18:37:14.900,-84,-82,10,0,0,0,0,15,0,0,0,-2,4,354,-9,519,341,0,-1,-1,-1,0x1010480010840204,1512,1501,1500,1500,2012,1499,1502,1500,1500,1499,988,1500,1500,1500,1500,1500,1500,1500,1500,2012,1500,1500,1500,2012,1500,1503,1501,1500,1520,1505,1500,988,8.3
2025-05-10,18:37:15.400,-81,-81,10,0,0,0,0,15,0,0,0,-2,4,354,-9,519,342,0,-1,-1,-1,0x1010480010840204,1512,1501,1500,1500,2012,1499,1502,1500,1500,1499,988,1500,1500,1500,1500,1500,1500,1500,1500,2012,1500,1500,1500,2012,1500,1502,1501,1500,1520,1505,1500,988,8.3
2025-05-10,18:37:15.900,-80,-81,10,0,0,0,0,15,0,0,0,-2,3,354,-9,519,342,0,-1,-1,-1,0x1010480010840204,1512,1501,1500,1500,2012,1499,1501,1500,1500,1500,988,1500,1500,1500,1500,1500,1500,1500,1500,2012,1500,1500,1500,2012,1500,1503,1501,1500,1520,1505,1500,988,8.3
2025-05-10,18:37:16.400,-86,-82,10,0,0,0,0,15,0,0,0,-1,4,354,-9,519,342,0,-1,-1,-1,0x1010480010840204,1512,1501,1500,1500,2012,1500,1502,1500,1500,1500,988,1500,1500,1500,1500,1500,1500,1500,1500,2012,1500,1500,1500,2012,1500,1503,1501,1500,1520,1505,1500,988,8.3
2025-05-10,18:37:16.900,-92,-78,10,0,0,0,0,15,0,0,0,-2,4,354,-9,519,342,0,-1,-1,-1,0x1010480010840204,1512,1501,1500,1500,2012,1499,1502,1500,1500,1499,988,1500,1500,1500,1500,1500,1500,1500,1500,2012,1500,1500,1500,2012,1500,1503,1501,1500,1520,1505,1500,988,8.3
2025-05-10,18:37:17.390,-84,-90,10,0,0,0,0,15,0,0,0,-2,3,354,-9,519,342,0,-1,-1,-1,0x1010480010840204,1512,1500,1500,1500,2012,1499,1501,1500,1500,1499,988,1500,1500,1500,1500,1500,1500,1500,1500,2012,1500,1500,1500,2012,1500,1502,1501,1500,1520,1505,1500,988,8.3
2025-05-10,18:37:17.900,-86,-72,10,0,0,0,0,15,0,0,0,-1,4,354,-9,519,342,0,-1,-1,-1,0x1010480010840204,1512,1501,1500,1500,2012,1500,1502,1500,1500,1500,988,1500,1500,1500,1500,1500,1500,1500,1500,2012,1500,1500,1500,2012,1500,1502,1501,1500,1520,1505,1500,988,8.3
2025-05-10,18:37:18.400,-83,-83,10,0,0,0,0,15,0,0,0,-2,4,354,-9,519,342,0,-1,-1,-1,0x1010480010840204,1512,1501,1500,1500,2012,1499,1502,1500,1500,1499,988,1500,1500,1500,1500,1500,1500,1500,1500,2012,1500,1500,1500,2012,1500,1503,1501,1500,1520,1505,1500,988,8.3
2025-05-10,18:37:18.900,-82,-76,10,0,0,0,0,15,0,0,0,-1,4,354,-8,519,342,0,-1,-1,-1,0x1010480010840204,1512,1501,1500,1500,2012,1500,1502,1500,1500,1500,988,1500,1500,1500,1500,1500,1500,1500,1500,2012,1500,1500,1500,2012,1500,1503,1501,1500,1520,1505,1500,988,8.3
2025-05-10,18:37:19.400,-85,-87,10,0,0,0,0,15,0,0,0,-2,4,354,-8,519,342,0,-1,-1,-1,0x1010480010840204,1512,1501,1500,1500,2012,1499,1502,1500,1500,1499,988,1500,1500,1500,1500,1500,1500,1500,1500,2012,1500,1500,1500,2012,1500,1503,1501,1500,1520,1505,1500,988,8.3
2025-05-10,18:37:19.900,-72,-78,250,0,0,0,0,15,0,0,0,-2,4,354,-9,519,342,0,-1,-1,-1,0x1010480010840204,1512,1501,1500,1500,2012,1499,1502,1500,1500,1499,988,1500,1500,1500,1500,1500,1500,1500,1500,2012,1500,1500,1500,2012,1500,1503,1501,1500,1520,1505,1500,988,8.3
2025-05-10,18:37:20.400,-79,-79,10,0,0,0,0,15,0,0,0,-2,4,354,-8,519,342,0,-1,-1,-1,0x1010480010840204,1512,1501,1500,1500,2012,1499,1502,1500,1500,1499,988,1500,1500,1500,1500,1500,1500,1500,1500,2012,1500,1500,1500,2012,1500,1503,1501,1500,1520,1505,1500,988,8.3
2025-05-10,18:37:20.900,-79,-79,10,0,0,0,0,15,0,0,0,-2,3,354,-8,519,342,0,-1,-1,-1,0x1010480010840204,1512,1500,1500,1500,2012,1499,1501,1500,1500,1499,988,1500,1500,1500,1500,1500,1500,1500,1500,2012,1500,1500,1500,2012,1500,1502,1501,1500,1520,1505,1500,988,8.3
2025-05-10,18:37:21.400,-86,-78,10,0,0,0,0,15,0,0,0,-2,4,354,-9,519,342,0,-1,-1,-1,0x1010480010840204,1512,1501,1500,1500,2012,1499,1502,1500,1500,1499,988,1500,1500,1500,1500,1500,1500,1500,1500,2012,1500,1500,1500,2012,1500,1503,1501,1500,1520,1505,1500,988,8.3
2025-05-10,18:37:21.900,-79,-85,25,0,0,0,0,15,0,0,0,-2,4,354,-8,519,342,0,-1,-1,-1,0x1010480010840204,1512,1501,1500,1500,2012,1499,1502,1500,1500,1499,988,1500,1500,1500,1500,1500,1500,1500,1500,2012,1500,1500,1500,2012,1500,1503,1501,1500,1520,1505,1500,988,8.3
2025-05-10,18:37:22.390,-88,-80,10,0,0,0,0,15,0,0,0,-2,4,354,-8,519,342,0,-1,-1,-1,0x1010480010840204,1512,1500,1500,1500,2012,1499,1502,1500,1500,1499,988,1500,1500,1500,1500,1500,1500,1500,1500,2012,1500,1500,1500,2012,1500,1502,1501,1500,1520,1505,1500,988,8.3
2025-05-10,18:37:22.890,-81,-79,10,0,0,0,0,15,0,0,0,-2,4,354,-9,519,342,0,-1,-1,-1,0x1010480010840204,1512,1501,1500,1500,2012,1499,1502,1500,1500,1499,988,1500,1500,1500,1500,1500,1500,1500,1500,2012,1500,1500,1500,2012,1500,1503,1501,1500,1520,1505,1500,988,8.3
2025-05-10,18:37:23.400,-78,-92,10,0,0,0,0,15,0,0,0,-2,4,354,-9,519,342,0,-1,-1,-1,0x1010480010840204,1512,1500,1500,1500,2012,1499,1502,1500,1500,1499,988,1500,1500,1500,1500,1500,1500,1500,1500,2012,1500,1500,1500,2012,1500,1503,1501,1500,1520,1505,1500,988,8.3
2025-05-10,18:37:23.900,-82,-77,10,0,0,0,0,15,0,0,0,-2,4,354,-9,519,342,0,-1,-1,-1,0x1010480010840204,1512,1501,1500,1500,2012,1499,1502,1500,1500,1499,988,1500,1500,1500,1500,1500,1500,1500,1500,2012,1500,1500,1500,2012,1500,1503,1501,1500,1520,1505,1500,988,8.3
2025-05-10,18:37:24.390,-81,-80,10,0,0,0,0,15,0,0,0,-2,4,354,-9,519,342,0,-1,-1,-1,0x1010480010840204,1512,1501,1500,1500,2012,1499,1502,1500,1500,1499,988,1500,1500,1500,1500,1500,1500,1500,1500,2012,1500,1500,1500,2012,1500,1503,1501,1500,1520,1505,1500,988,8.3
2025-05-10,18:37:24.890,-74,-78,50,0,0,0,0,15,0,0,0,-2,4,354,-9,519,342,0,-1,-1,-1,0x1010480010840204,1512,1501,1500,1500,2012,1499,1502,1500,1500,1500,988,1500,1500,1500,1500,1500,1500,1500,1500,2012,1500,1500,1500,2012,1500,1503,1501,1500,1520,1505,1500,988,8.3
2025-05-10,18:37:25.390,-80,-86,50,0,0,0,0,15,0,0,0,-2,4,354,-9,519,342,0,-1,-1,-1,0x1010480010840204,1512,1501,1500,1500,2012,1499,1502,1500,1500,1500,988,1500,1500,1500,1500,1500,1500,1500,1500,2012,1500,1500,1500,2012,1500,1503,1501,1500,1520,1505,1500,988,8.3
2025-05-10,18:37:25.890,-82,-75,25,0,0,0,0,15,0,0,0,-2,3,354,-9,519,342,0,-1,-1,-1,0x1010480010840204,1512,1500,1500,1500,2012,1499,1501,1500,1500,1499,988,1500,1500,1500,1500,1500,1500,1500,1500,2012,1500,1500,1500,2012,1500,1502,1501,1500,1520,1505,1500,988,8.3
2025-05-10,18:37:26.390,-80,-81,10,0,0,0,0,15,0,0,0,-1,4,354,-9,519,342,0,-1,-1,-1,0x1010480010840204,1512,1501,1500,1500,2012,1500,1502,1500,1500,1499,988,1500,1500,1500,1500,1500,1500,1500,1500,2012,1500,1500,1500,2012,1500,1503,1501,1500,1520,1505,1500,988,8.3
2025-05-10,18:37:26.890,-80,-91,25,0,0,0,0,15,0,0,0,-1,3,354,-9,519,342,0,-1,-1,-1,0x1010480010840204,1512,1501,1500,1500,2012,1500,1501,1500,1500,1500,988,1500,1500,1500,1500,1500,1500,1500,1500,2012,1500,1500,1500,2012,1500,1503,1501,1500,1520,1505,1500,988,8.3
2025-05-10,18:37:27.390,-80,-78,10,0,0,0,0,15,0,0,0,-2,4,354,-9,519,342,0,-1,-1,-1,0x1010480010840204,1512,1501,1500,1500,2012,1499,1502,1500,1500,1499,988,1500,1500,1500,1500,1500,1500,1500,1500,2012,1500,1500,1500,2012,1500,1503,1501,1500,1520,1505,1500,988,8.3
2025-05-10,18:37:27.890,-85,-79,25,0,0,0,0,15,0,0,0,-2,4,354,-9,519,342,0,-1,-1,-1,0x1010480010840204,1512,1500,1500,1500,2012,1499,1502,1500,1500,1499,988,1500,1500,1500,1500,1500,1500,1500,1500,2012,1500,1500,1500,2012,1500,1503,1501,1500,1520,1505,1500,988,8.3
2025-05-10,18:37:28.390,-83,-88,50,0,0,0,0,15,0,0,0,-1,4,354,-9,519,342,0,-1,-1,-1,0x1010480010840204,1512,1501,1500,1500,2012,1500,1502,1500,1500,1500,988,1500,1500,1500,1500,1500,1500,1500,1500,2012,1500,1500,1500,2012,1500,1503,1501,1500,1520,1505,1500,988,8.3
2025-05-10,18:37:28.890,-84,-73,10,0,0,0,0,15,0,0,0,-2,4,354,-9,519,342,0,-1,-1,-1,0x1010480010840204,1512,1500,1500,1500,2012,1499,1502,1500,1500,1499,988,1500,1500,1500,1500,1500,1500,1500,1500,2012,1500,1500,1500,2012,1500,1503,1501,1500,1520,1505,1500,988,8.3
2025-05-10,18:37:29.390,-81,-89,100,0,0,0,0,15,0,0,0,-2,4,354,-9,519,342,0,-1,-1,-1,0x1010480010840204,1512,1501,1500,1500,2012,1499,1502,1500,1500,1499,988,1500,1500,1500,1500,1500,1500,1500,1500,2012,1500,1500,1500,2012,1500,1503,1501,1500,1520,1505,1500,988,8.3
2025-05-10,18:37:29.890,-83,-82,10,0,0,0,0,15,0,0,0,-2,3,354,-8,519,342,0,-1,-1,-1,0x1010480010840204,1512,1500,1500,1500,2012,1499,1501,1500,1500,1499,988,1500,1500,1500,1500,1500,1500,1500,1500,2012,1500,1500,1500,2012,1500,1502,1501,1500,1520,1505,1500,988,8.3
2025-05-10,18:37:30.390,-84,-81,10,0,0,0,0,15,0,0,0,-3,4,354,-9,519,342,0,-1,-1,-1,0x1010480010840204,1512,1501,1500,1500,2012,1499,1502,1500,1500,1499,988,1500,1500,1500,1500,1500,1500,1500,1500,2012,1500,1500,1500,2012,1500,1503,1501,1500,1520,1505,1500,988,8.3
2025-05-10,18:37:30.890,-81,-79,250,0,0,0,0,15,0,0,0,-2,4,354,-9,519,341,0,-1,-1,-1,0x1010480010840204,1512,1501,1500,1500,2012,1499,1502,1500,1500,1499,988,1500,1500,1500,1500,1500,1500,1500,1500,2012,1500,1500,1500,2012,1500,1503,1501,1500,1520,1505,1500,988,8.3
2025-05-10,18:37:31.390,-79,-80,10,0,0,0,0,15,0,0,0,-2,4,354,-9,519,342,0,-1,-1,-1,0x1010480010840204,1512,1500,1500,1500,2012,1499,1502,1500,1500,1499,988,1500,1500,1500,1500,1500,1500,1500,1500,2012,1500,1500,1500,2012,1500,1503,1501,1500,1520,1505,1500,988,8.3
2025-05-10,18:37:31.890,-79,-79,25,0,0,0,0,15,0,0,0,-2,3,354,-9,519,342,0,-1,-1,-1,0x1010480010840204,1512,1500,1500,1500,2012,1499,1501,1500,1500,1499,988,1500,1500,1500,1500,1500,1500,1500,1500,2012,1500,1500,1500,2012,1500,1502,1501,1500,1520,1505,1500,988,8.3
2025-05-10,18:37:32.390,-92,-71,50,0,0,0,0,15,0,0,0,-2,3,354,-9,519,342,0,-1,-1,-1,0x1010480010840204,1512,1500,1500,1500,2012,1499,1501,1500,1500,1499,988,1500,1500,1500,1500,1500,1500,1500,1500,2012,1500,1500,1500,2012,1500,1502,1501,1500,1520,1505,1500,988,8.3
2025-05-10,18:37:32.890,-80,-80,10,0,0,0,0,15,0,0,0,-2,3,354,-9,519,342,0,-1,-1,-1,0x1010480010840204,1512,1500,1500,1500,2012,1499,1501,1500,1500,1499,988,1500,1500,1500,1500,1500,1500,1500,1500,2012,1500,1500,1500,2012,1500,1502,1501,1500,1520,1505,1500,988,8.3
2025-05-10,18:37:33.390,-72,-80,10,0,0,0,0,15,0,0,0,-2,0,354,-9,519,342,0,-1,-1,-1,0x1010480010840204,1512,1500,1500,1500,2012,1499,1500,1500,1500,1499,988,1500,1500,1500,1500,1500,1500,1500,1500,2012,1500,1500,1500,2012,1500,1500,1500,1500,1520,1505,1500,988,8.3
2025-05-10,18:37:33.890,-69,-80,10,0,0,0,0,15,0,0,0,-1,3,354,-8,519,342,0,-1,-1,-1,0x1010480010840204,1512,1500,1500,1500,2012,1500,1501,1500,1500,1499,988,1500,1500,1500,1500,1500,1500,1500,1500,2012,1500,1500,1500,2012,1500,1502,1501,1500,1520,1505,1500,988,8.3
2025-05-10,18:37:34.390,-66,-80,10,0,0,0,0,15,0,0,0,-2,4,354,-9,519,342,0,-1,-1,-1,0x1010480010840204,1512,1501,1500,1500,2012,1499,1502,1500,1500,1499,988,1500,1500,1500,1500,1500,1500,1500,1500,2012,1500,1500,1500,2012,1500,1503,1501,1500,1520,1505,1500,988,8.3
2025-05-10,18:37:34.890,-75,-73,10,0,0,0,0,15,0,0,0,-1,4,354,-9,519,342,0,-1,-1,-1,0x1010480010840204,1512,1501,1500,1500,2012,1500,1502,1500,1500,1500,988,1500,1500,1500,1500,1500,1500,1500,1500,2012,1500,1500,1500,2012,1500,1503,1501,1500,1520,1505,1500,988,8.3
2025-05-10,18:37:35.390,-72,-67,10,0,0,0,0,15,0,0,0,-1,5,354,-9,519,342,0,-1,-1,-1,0x1010480010840204,1512,1501,1500,1500,2012,1500,1502,1500,1500,1500,988,1500,1500,1500,1500,1500,1500,1500,1500,2012,1500,1500,1500,2012,1500,1504,1502,1500,1520,1505,1500,988,8.3
2025-05-10,18:37:35.890,-69,-65,10,0,0,0,0,15,0,0,0,-1,4,354,-9,519,342,0,-1,-1,-1,0x1010480010840204,1512,1501,1500,1500,2012,1500,1502,1500,1500,1500,988,1500,1500,1500,1500,1500,1500,1500,1500,2012,1500,1500,1500,2012,1500,1503,1501,1500,1520,1505,1500,988,8.3
2025-05-10,18:37:36.390,-68,-63,10,0,0,0,0,15,0,0,0,-2,4,354,-9,519,342,0,-1,-1,-1,0x1010480010840204,1512,1501,1500,1500,2012,1499,1502,1500,1500,1499,988,1500,1500,1500,1500,1500,1500,1500,1500,2012,1500,1500,1500,2012,1500,1503,1501,1500,1520,1505,1500,988,8.3
2025-05-10,18:37:36.890,-68,-65,10,0,0,0,0,15,0,0,0,-2,4,354,-9,519,342,0,-1,-1,-1,0x1010480010840204,1512,1501,1500,1500,2012,1499,1502,1500,1500,1500,988,1500,1500,1500,1500,1500,1500,1500,1500,2012,1500,1500,1500,2012,1500,1503,1501,1500,1520,1505,1500,988,8.3
2025-05-10,18:37:37.390,-68,-64,10,0,0,0,0,15,0,0,0,-1,4,354,-9,519,342,0,-1,-1,-1,0x1010480010840204,1512,1501,1500,1500,2012,1500,1502,1500,1500,1500,988,1500,1500,1500,1500,1500,1500,1500,1500,2012,1500,1500,1500,2012,1500,1503,1501,1500,1520,1505,1500,988,8.3
2025-05-10,18:37:37.890,-68,-65,10,0,0,0,0,15,0,0,0,-1,4,354,-8,519,342,0,-1,-1,-1,0x1010480010840204,1512,1501,1500,1500,2012,1499,1502,1500,1500,1500,988,1500,1500,1500,1500,1500,1500,1500,1500,2012,1500,1500,1500,2012,1500,1503,1501,1500,1520,1505,1500,988,8.3
2025-05-10,18:37:38.390,-72,-66,10,0,0,0,0,15,0,0,0,-1,4,354,-9,519,342,0,-1,-1,-1,0x1010480010840204,1512,1501,1500,1500,2012,1500,1502,1500,1500,1500,988,1500,1500,1500,1500,1500,1500,1500,1500,2012,1500,1500,1500,2012,1500,1503,1501,1500,1520,1505,1500,988,8.3
2025-05-10,18:37:38.890,-72,-66,10,0,0,0,0,15,0,0,0,-1,4,354,-9,519,342,0,-1,-1,-1,0x1010480010840204,1512,1501,1500,1500,2012,1500,1502,1500,1500,1500,988,1500,1500,1500,1500,1500,1500,1500,1500,2012,1500,1500,1500,2012,1500,1503,1501,1500,1520,1505,1500,988,8.3
2025-05-10,18:37:39.390,-72,-65,10,0,0,0,0,15,0,0,0,-1,4,354,-8,519,342,0,-1,-1,-1,0x1010480010840204,1512,1501,1500,1500,2012,1500,1502,1500,1500,1500,988,1500,1500,1500,1500,1500,1500,1500,1500,2012,1500,1500,1500,2012,1500,1503,1501,1500,1520,1505,1500,988,8.3
2025-05-10,18:37:39.890,-72,-65,10,0,0,0,0,15,0,0,0,-1,4,354,-9,519,342,0,-1,-1,-1,0x1010480010840204,1512,1501,1500,1500,2012,1500,1502,1500,1500,1499,988,1500,1500,1500,1500,1500,1500,1500,1500,2012,1500,1500,1500,2012,1500,1503,1501,1500,1520,1505,1500,988,8.3
2025-05-10,18:37:40.390,-70,-64,10,0,0,0,0,15,0,0,0,-1,5,354,-8,519,342,0,-1,-1,-1,0x1010480010840204,1512,1501,1500,1500,2012,1499,1502,1500,1500,1500,988,1500,1500,1500,1500,1500,1500,1500,1500,2012,1500,1500,1500,2012,1500,1503,1501,1500,1520,1505,1500,988,8.3
2025-05-10,18:37:40.890,-70,-66,10,0,0,0,0,15,0,0,0,-1,4,354,-9,519,342,0,-1,-1,-1,0x1010480010840204,1512,1501,1500,1500,2012,1500,1502,1500,1500,1500,988,1500,1500,1500,1500,1500,1500,1500,1500,2012,1500,1500,1500,2012,1500,1503,1501,1500,1520,1505,1500,988,8.3
2025-05-10,18:37:41.390,-71,-70,10,0,0,0,0,15,0,0,0,-1,4,354,-9,519,342,0,-1,-1,-1,0x1010480010840204,1512,1501,1500,1500,2012,1500,1502,1500,1500,1500,988,1500,1500,1500,1500,1500,1500,1500,1500,2012,1500,1500,1500,2012,1500,1503,1501,1500,1520,1505,1500,988,8.3
2025-05-10,18:37:41.890,-73,-69,10,0,0,0,0,15,0,0,0,-2,4,354,-9,519,342,0,-1,-1,-1,0x1010480010840204,1512,1501,1500,1500,2012,1499,1502,1500,1500,1499,988,1500,1500,1500,1500,1500,1500,1500,1500,2012,1500,1500,1500,2012,1500,1503,1501,1500,1520,1505,1500,988,8.3
2025-05-10,18:37:42.390,-76,-68,10,0,0,0,0,15,0,0,0,-1,4,354,-9,519,342,0,-1,-1,-1,0x1010480010840204,1512,1501,1500,1500,2012,1500,1502,1500,1500,1500,988,1500,1500,1500,1500,1500,1500,1500,1500,2012,1500,1500,1500,2012,1500,1503,1501,1500,1520,1505,1500,988,8.3
2025-05-10,18:37:42.890,-93,-82,10,0,0,0,0,15,0,0,0,-1,4,354,-9,519,342,0,-1,-1,-1,0x1010480010840204,1512,1501,1500,1500,2012,1500,1502,1500,1500,1500,988,1500,1500,1500,1500,1500,1500,1500,1500,2012,1500,1500,1500,2012,1500,1503,1501,1500,1520,1505,1500,988,8.3
2025-05-10,18:37:43.390,-81,-73,10,0,0,0,0,15,0,0,0,-1,5,354,-8,519,342,0,-1,-1,-1,0x1010480010840204,1512,1501,1500,1500,2012,1500,1502,1500,1500,1500,988,1500,1500,1500,1500,1500,1500,1500,1500,2012,1500,1500,1500,2012,1500,1504,1502,1500,1520,1505,1500,988,8.3
2025-05-10,18:37:43.890,-81,-65,10,0,0,0,0,15,0,0,0,-2,5,354,-9,519,342,0,-1,-1,-1,0x1010480010840204,1512,1501,1500,1500,2012,1499,1502,1500,1500,1499,988,1500,1500,1500,1500,1500,1500,1500,1500,2012,1500,1500,1500,2012,1500,1504,1502,1500,1520,1505,1500,988,8.3
2025-05-10,18:37:44.390,-81,-67,10,0,0,0,0,15,0,0,0,-2,5,354,-9,519,342,0,-1,-1,-1,0x1010480010840204,1512,1501,1500,1500,2012,1499,1502,1500,1500,1499,988,1500,1500,1500,1500,1500,1500,1500,1500,2012,1500,1500,1500,2012,1500,1504,1502,1500,1520,1505,1500,988,8.3
2025-05-10,18:37:44.890,-81,-66,10,0,0,0,0,15,0,0,0,-1,4,354,-9,519,342,0,-1,-1,-1,0x1010480010840204,1512,1501,1500,1500,2012,1500,1502,1500,1500,1500,988,1500,1500,1500,1500,1500,1500,1500,1500,2012,1500,1500,1500,2012,1500,1503,1501,1500,1520,1505,1500,988,8.3
2025-05-10,18:37:45.390,-81,-65,10,0,0,0,0,15,0,0,0,-1,4,354,-8,519,342,0,-1,-1,-1,0x1010480010840204,1512,1501,1500,1500,2012,1500,1502,1500,1500,1500,988,1500,1500,1500,1500,1500,1500,1500,1500,2012,1500,1500,1500,2012,1500,1503,1501,1500,1520,1505,1500,988,8.3
2025-05-10,18:37:45.890,-81,-65,10,0,0,0,0,15,0,0,0,-1,5,354,-9,519,342,0,-1,-1,-1,0x1010480010840204,1512,1501,1500,1500,2012,1500,1502,1500,1500,1500,988,1500,1500,1500,1500,1500,1500,1500,1500,2012,1500,1500,1500,2012,1500,1503,1501,1500,1520,1505,1500,988,8.3
2025-05-10,18:37:46.390,-81,-65,10,0,0,0,0,15,0,0,0,-1,5,354,-8,519,342,0,-1,-1,-1,0x1010480010840204,1512,1501,1500,1500,2012,1500,1502,1500,1500,1500,988,1500,1500,1500,1500,1500,1500,1500,1500,2012,1500,1500,1500,2012,1500,1504,1502,1500,1520,1505,1500,988,8.3
2025-05-10,18:37:46.890,-79,-67,10,0,0,0,0,15,0,0,0,-1,6,354,-9,519,342,0,-1,-1,-1,0x1010480010840204,1512,1501,1500,1500,2012,1500,1503,1500,1500,1500,988,1500,1500,1500,1500,1500,1500,1500,1500,2012,1500,1500,1500,2012,1500,1505,1502,1500,1520,1505,1500,988,8.3
2025-05-10,18:37:47.390,-79,-68,10,0,0,0,0,15,0,0,0,-1,5,354,-9,519,342,0,-1,-1,-1,0x1010480010840204,1512,1501,1500,1500,2012,1500,1502,1500,1500,1500,988,1500,1500,1500,1500,1500,1500,1500,1500,2012,1500,1500,1500,2012,1500,1505,1502,1500,1520,1505,1500,988,8.3
2025-05-10,18:37:47.890,-79,-68,10,0,0,0,0,15,0,0,0,-1,5,354,-9,519,342,0,-1,-1,-1,0x1010480010840204,1512,1501,1500,1500,2012,1500,1502,1500,1500,1500,988,1500,1500,1500,1500,1500,1500,1500,1500,2012,1500,1500,1500,2012,1500,1504,1502,1500,1520,1505,1500,988,8.3
2025-05-10,18:37:48.390,-74,-68,10,0,0,0,0,15,0,0,0,-1,4,354,-9,519,342,0,-1,-1,-1,0x1010480010840204,1512,1501,1500,1500,2012,1500,1502,1500,1500,1500,988,1500,1500,1500,1500,1500,1500,1500,1500,2012,1500,1500,1500,2012,1500,1503,1501,1500,1520,1505,1500,988,8.3
2025-05-10,18:37:48.890,-72,-66,10,0,0,0,0,15,0,0,0,-1,5,354,-9,519,342,0,-1,-1,-1,0x1010480010840204,1512,1501,1500,1500,2012,1500,1502,1500,1500,1500,988,1500,1500,1500,1500,1500,1500,1500,1500,2012,1500,1500,1500,2012,1500,1504,1502,1500,1520,1505,1500,988,8.3
2025-05-10,18:37:49.390,-73,-66,10,0,0,0,0,15,0,0,0,-1,5,354,-8,519,342,0,-1,-1,-1,0x1010480010840204,1512,1501,1500,1500,2012,1500,1502,1500,1500,1500,988,1500,1500,1500,1500,1500,1500,1500,1500,2012,1500,1500,1500,2012,1500,1504,1502,1500,1520,1505,1500,988,8.3
2025-05-10,18:37:49.890,-71,-75,10,0,0,0,0,15,0,0,0,-1,4,354,-9,519,342,0,-1,-1,-1,0x1010480010840204,1512,1501,1500,1500,2012,1500,1502,1500,1500,1500,988,1500,1500,1500,1500,1500,1500,1500,1500,2012,1500,1500,1500,2012,1500,1503,1502,1500,1520,1505,1500,988,8.3
2025-05-10,18:37:50.390,-69,-65,10,0,0,0,0,15,0,0,0,17,4,354,-9,519,342,0,-1,-1,-1,0x1010480010840204,1516,1501,1500,1500,2012,1508,1502,1500,1500,1508,988,1500,1500,1500,1500,1500,1500,1500,1500,2012,1500,1500,1500,2012,1500,1503,1501,1500,1520,1505,1500,988,8.3
2025-05-10,18:37:50.890,-69,-66,10,0,0,0,0,15,0,0,0,-128,8,354,-9,519,342,0,-1,-1,-1,0x1010480014840204,1491,1502,1500,1500,2012,1436,1504,1500,1500,1437,988,1500,1500,1500,1500,1500,1500,1500,1500,2012,1500,1500,1500,2012,1500,1506,1503,1500,1520,1505,1500,988,8.3
2025-05-10,18:37:51.390,-69,-64,10,0,0,0,0,15,0,0,0,12,6,354,-9,519,342,0,-1,-1,-1,0x1010480010840204,1514,1501,1500,1500,2012,1506,1503,1500,1500,1506,988,1500,1500,1500,1500,1500,1500,1500,1500,2012,1500,1500,1500,2012,1500,1505,1502,1500,1520,1505,1500,988,8.3
2025-05-10,18:37:51.890,-66,-71,10,0,0,0,0,15,0,0,0,1,6,354,-9,519,342,0,-1,-1,-1,0x1010480010840204,1512,1501,1500,1500,2012,1500,1503,1500,1500,1500,988,1500,1500,1500,1500,1500,1500,1500,1500,2012,1500,1500,1500,2012,1500,1505,1502,1500,1520,1505,1500,988,8.3
2025-05-10,18:37:52.390,-77,-73,10,0,0,0,0,15,0,0,0,1,5,354,-9,519,342,0,-1,-1,-1,0x1010480010840204,1512,1501,1500,1500,2012,1500,1502,1500,1500,1500,988,1500,1500,1500,1500,1500,1500,1500,1500,2012,1500,1500,1500,2012,1500,1504,1502,1500,1520,1505,1500,988,8.3
2025-05-10,18:37:52.890,-70,-69,10,0,0,0,0,15,0,0,0,1,7,354,-8,519,342,0,-1,-1,-1,0x1010480010840204,1512,1502,1500,1500,2012,1500,1503,1500,1500,1500,988,1500,1500,1500,1500,1500,1500,1500,1500,2012,1500,1500,1500,2012,1500,1505,1503,1500,1520,1505,1500,988,8.3
2025-05-10,18:37:53.390,-68,-69,10,0,0,0,0,15,0,0,0,-2,6,354,-9,519,342,0,-1,-1,-1,0x1010480010840204,1512,1501,1500,1500,2012,1499,1503,1500,1500,1499,988,1500,1500,1500,1500,1500,1500,1500,1500,2012,1500,1500,1500,2012,1500,1505,1502,1500,1520,1505,1500,988,8.3
2025-05-10,18:37:53.890,-70,-86,10,0,0,0,0,15,0,0,0,9,7,354,-8,519,342,0,-1,-1,-1,0x1010480010840204,1514,1502,1500,1500,2012,1504,1503,1500,1500,1504,988,1500,1500,1500,1500,1500,1500,1500,1500,2012,1500,1500,1500,2012,1500,1505,1503,1500,1520,1505,1500,988,8.3
2025-05-10,18:37:54.390,-77,-73,10,0,0,0,0,15,0,0,0,0,6,354,-8,519,342,0,-1,-1,-1,0x1010480010840204,1512,1501,1500,1500,2012,1500,1503,1500,1500,1500,988,1500,1500,1500,1500,1500,1500,1500,1500,2012,1500,1500,1500,2012,1500,1505,1502,1500,1520,1505,1500,988,8.3
2025-05-10,18:37:54.890,-77,-76,10,0,0,0,0,15,0,0,0,0,5,354,-9,519,342,0,-1,-1,-1,0x1010480010840204,1512,1501,1500,1500,2012,1500,1502,1500,1500,1500,988,1500,1500,1500,1500,1500,1500,1500,1500,2012,1500,1500,1500,2012,1500,1504,1502,1500,1520,1505,1500,988,8.3
2025-05-10,18:37:55.390,-74,-74,10,0,0,0,0,15,0,0,0,-2,5,354,-8,519,342,0,-1,-1,-1,0x1010480010840204,1512,1501,1500,1500,2012,1499,1502,1500,1500,1499,988,1500,1500,1500,1500,1500,1500,1500,1500,2012,1500,1500,1500,2012,1500,1505,1502,1500,1520,1505,1500,988,8.3
2025-05-10,18:37:55.890,-71,-73,10,0,0,0,0,15,0,0,0,-3,5,354,-9,519,342,0,-1,-1,-1,0x1010480010840204,1512,1501,1500,1500,2012,1499,1502,1500,1500,1499,988,1500,1500,1500,1500,1500,1500,1500,1500,2012,1500,1500,1500,2012,1500,1504,1502,1500,1520,1505,1500,988,8.3
2025-05-10,18:37:56.390,-75,-76,10,0,0,0,0,15,0,0,0,0,5,354,-8,519,342,0,-1,-1,-1,0x1010480010840204,1512,1501,1500,1500,2012,1500,1502,1500,1500,1500,988,1500,1500,1500,1500,1500,1500,1500,1500,2012,1500,1500,1500,2012,1500,1504,1502,1500,1520,1505,1500,988,8.3
2025-05-10,18:37:56.890,-75,-77,10,0,0,0,0,15,0,0,0,2,6,354,-9,519,342,0,-1,-1,-1,0x1010480010840204,1513,1501,1500,1500,2012,1501,1503,1500,1500,1501,988,1500,1500,1500,1500,1500,1500,1500,1500,2012,1500,1500,1500,2012,1500,1505,1502,1500,1520,1505,1500,988,8.3
2025-05-10,18:37:57.390,-78,-77,10,0,0,0,0,15,0,0,0,2,6,354,-8,519,342,0,-1,-1,-1,0x1010480010840204,1513,1501,1500,1500,2012,1501,1503,1500,1500,1501,988,1500,1500,1500,1500,1500,1500,1500,1500,2012,1500,1500,1500,2012,1500,1505,1502,1500,1520,1505,1500,988,8.3
2025-05-10,18:37:57.890,-76,-78,10,0,0,0,0,15,0,0,0,0,6,354,-8,519,342,0,-1,-1,-1,0x1010480010840204,1512,1501,1500,1500,2012,1500,1503,1500,1500,1500,988,1500,1500,1500,1500,1500,1500,1500,1500,2012,1500,1500,1500,2012,1500,1505,1502,1500,1520,1505,1500,988,8.3
2025-05-10,18:37:58.390,-77,-72,10,0,0,0,0,15,0,0,0,0,6,354,-9,519,342,0,-1,-1,-1,0x1010480010840204,1512,1501,1500,1500,2012,1500,1503,1500,1500,1500,988,1500,1500,1500,1500,1500,1500,1500,1500,2012,1500,1500,1500,2012,1500,1505,1502,1500,1520,1505,1500,988,8.3
2025-05-10,18:37:58.890,-77,-73,10,0,0,0,0,15,0,0,0,6,7,354,-9,519,342,0,-1,-1,-1,0x1010480010840204,1513,1502,1500,1500,2012,1503,1503,1500,1500,1503,988,1500,1500,1500,1500,1500,1500,1500,1500,2012,1500,1500,1500,2012,1500,1505,1503,1500,1520,1505,1500,988,8.3
2025-05-10,18:37:59.390,-72,-72,10,0,0,0,0,15,0,0,0,6,7,354,-8,519,342,0,-1,-1,-1,0x1010480010840204,1513,1502,1500,1500,2012,1503,1503,1500,1500,1503,988,1500,1500,1500,1500,1500,1500,1500,1500,2012,1500,1500,1500,2012,1500,1505,1503,1500,1520,1505,1500,988,8.3
2025-05-10,18:37:59.890,-81,-74,10,0,0,0,0,15,0,0,0,6,6,354,-9,519,342,0,-1,-1,-1,0x1010480010840204,1513,1502,1500,1500,2012,1503,1503,1500,1500,1503,988,1500,1500,1500,1500,1500,1500,1500,1500,2012,1500,1500,1500,2012,1500,1505,1503,1500,1520,1505,1500,988,8.3
2025-05-10,18:38:00.390,-75,-70,10,0,0,0,0,15,0,0,0,-18,6,354,-9,519,342,0,-1,-1,-1,0x1010480010840204,1507,1502,1500,1500,2012,1491,1503,1500,1500,1485,988,1500,1500,1500,1500,1500,1500,1500,1500,2012,1500,1500,1500,2012,1500,1505,1503,1500,1520,1505,1500,988,8.3
2025-05-10,18:38:00.890,-74,-70,10,0,0,0,0,15,0,0,0,-1,4,354,-9,519,342,0,-1,-1,-1,0x1010480010840204,1512,1501,1500,1500,2012,1500,1502,1500,1500,1500,988,1500,1500,1500,1500,1500,1500,1500,1500,2012,1500,1500,1500,2012,1500,1504,1501,1500,1520,1505,1500,988,8.3
2025-05-10,18:38:01.390,-79,-73,10,0,0,0,0,15,0,0,0,-3,206,354,-8,519,342,0,-1,-1,-1,0x1010480010840204,1511,1541,1511,1500,2012,1499,1603,1500,1500,1498,988,1500,1500,1500,1500,1500,1500,1500,1372,1628,1500,1500,1500,2012,1500,1640,1569,1500,1520,1505,1500,988,8.3
2025-05-10,18:38:01.890,-76,-80,10,0,0,0,0,15,0,0,0,-223,578,354,-9,519,342,0,-1,-1,-1,0x1010480014840205,1475,1631,1589,1500,2012,1389,1789,1500,1500,1395,988,1500,1500,1500,1500,1500,1500,1500,1372,1628,1500,1500,1500,2012,1500,1844,1718,1500,1520,1505,1500,988,8.3
2025-05-10,18:38:02.390,-82,-76,10,0,0,0,0,15,0,0,0,226,1019,354,-9,519,342,0,-1,-1,-1,0x1010480014842205,1558,1804,1589,1500,2012,1613,2009,1500,1500,1600,988,1500,1500,1500,1500,1500,1500,1500,1372,1628,1500,1500,1500,2012,1500,2010,2007,1500,1520,1505,1500,988,8.3
2025-05-10,18:38:02.890,-78,-76,25,0,0,0,0,15,0,0,0,-2,422,354,-9,519,342,0,-1,-1,-1,0x1010480010840205,1508,1624,1589,1500,2012,1499,1711,1500,1500,1487,988,1500,1500,1500,1500,1500,1500,1500,1372,1628,1500,1500,1500,2012,1500,1881,1707,1500,1520,1505,1500,988,8.3
2025-05-10,18:38:03.390,-83,-78,10,0,0,0,0,15,0,0,0,1,1018,354,-9,519,342,0,-1,-1,-1,0x1010480010842205,1512,1804,1589,1500,2012,1500,2009,1500,1500,1500,988,1500,1500,1500,1500,1500,1500,1500,1372,1628,1500,1500,1500,2012,1500,2010,2007,1500,1520,1505,1500,988,8.3
2025-05-10,18:38:03.890,-72,-71,10,0,0,0,0,15,0,0,0,-5,235,354,-8,519,342,0,-1,-1,-1,0x1010480010840205,1511,1554,1589,1500,2012,1498,1617,1500,1500,1497,988,1500,1500,1500,1500,1500,1500,1500,1372,1628,1500,1500,1500,2012,1500,1673,1591,1500,1520,1505,1500,988,8.3
2025-05-10,18:38:04.390,-62,-64,10,0,0,0,0,15,0,0,0,-1024,34,354,-9,519,342,0,-1,-1,-1,0x1010480014840205,1177,1508,1589,1500,2012,988,1517,1500,1500,988,988,1500,1500,1500,1500,1500,1500,1500,1203,2012,1500,1500,1500,2012,1500,1526,1514,1500,1520,1505,1500,988,8.3
2025-05-10,18:38:04.890,-71,-73,10,0,0,0,0,15,0,0,0,-1024,616,354,-9,519,342,0,-1,-1,-1,0x1010480014840A05,1177,1633,1589,1500,2012,988,1808,1500,1500,988,988,1500,1500,1500,1500,1500,1500,1500,1372,1628,1500,1500,1500,2012,1500,1854,1723,1500,1520,1505,1500,988,8.3
2025-05-10,18:38:05.390,-65,-69,10,0,0,0,0,15,0,0,0,-1024,640,354,-9,519,342,0,-1,-1,-1,0x1010480014840A05,1177,1645,1589,1500,2012,988,1820,1500,1500,988,988,1500,1500,1500,1500,1500,1500,1500,1372,1628,1500,1500,1500,2012,1500,1870,1742,1500,1520,1505,1500,988,8.3
2025-05-10,18:38:05.890,-70,-67,10,0,0,0,0,15,0,0,0,332,943,354,-9,519,342,0,-1,-1,-1,0x1010480014840205,1588,1762,1589,1500,2012,1666,1971,1500,1500,1665,988,1500,1500,1500,1500,1500,1500,1500,1372,1628,1500,1500,1500,2012,1500,1979,1937,1500,1520,1505,1500,988,8.3
2025-05-10,18:38:06.390,-70,-66,10,0,0,0,0,15,0,0,0,-62,1019,354,-9,519,342,0,-1,-1,-1,0x1010480014842205,1502,1804,1589,1500,2012,1469,2009,1500,1500,1470,988,1500,1500,1500,1500,1500,1500,1500,1372,1628,1500,1500,1500,2012,1500,2010,2007,1500,1520,1505,1500,988,8.3
2025-05-10,18:38:06.890,-70,-65,10,0,0,0,0,15,0,0,0,2,341,354,-8,519,342,0,-1,-1,-1,0x1010480010840205,1512,1571,1589,1500,2012,1501,1670,1500,1500,1500,988,1500,1500,1500,1500,1500,1500,1500,1372,1628,1500,1500,1500,2012,1500,1759,1619,1500,1520,1505,1500,988,8.3
2025-05-10,18:38:07.390,-64,-65,10,0,0,0,0,15,0,0,0,493,110,354,-8,519,342,0,-1,-1,-1,0x1010480014840205,1616,1526,1589,1500,2012,1746,1555,1500,1500,1733,988,1500,1500,1500,1500,1500,1500,1500,1372,1628,1500,1500,1500,2012,1500,1583,1544,1500,1520,1505,1500,988,8.3
2025-05-10,18:38:07.890,-67,-65,10,0,0,0,0,15,0,0,0,727,998,354,-9,519,342,0,-1,-1,-1,0x1010480014840205,1671,1751,1589,1500,2012,1863,1999,1500,1500,1846,988,1500,1500,1500,1500,1500,1500,1500,1372,1628,1500,1500,1500,2012,1500,1986,1919,1500,1520,1505,1500,988,8.3
2025-05-10,18:38:08.390,-72,-69,10,0,0,0,0,15,0,0,0,770,668,354,-9,519,342,0,-1,-1,-1,0x1010480014840205,1693,1644,1589,1500,2012,1885,1834,1500,1500,1884,988,1500,1500,1500,1500,1500,1500,1500,1372,1628,1500,1500,1500,2012,1500,1869,1741,1500,1520,1505,1500,988,8.3
2025-05-10,18:38:08.890,-73,-77,10,0,0,0,0,15,0,0,0,23,957,354,-9,519,342,0,-1,-1,-1,0x1010480010840205,1514,1769,1589,1500,2012,1512,1979,1500,1500,1506,988,1500,1500,1500,1500,1500,1500,1500,1372,1628,1500,1500,1500,2012,1500,1984,1949,1500,1520,1505,1500,988,8.3
2025-05-10,18:38:09.390,-83,-77,10,0,0,0,0,15,0,0,0,411,1012,353,-9,519,342,0,-1,-1,-1,0x1010480014842605,1610,1801,1589,1500,2012,1705,2006,1500,1500,1721,988,1500,1500,1500,1500,1500,1500,1500,1372,1628,1500,1500,1500,2012,1500,2008,2002,1500,1520,1505,1500,988,8.3
2025-05-10,18:38:09.890,-73,-80,10,0,0,0,0,15,0,0,0,648,581,354,-9,519,342,0,-1,-1,-1,0x1010480014840605,1669,1634,1589,1500,2012,1824,1790,1500,1500,1843,988,1500,1500,1500,1500,1500,1500,1500,1372,1628,1500,1500,1500,2012,1500,1850,1723,1500,1520,1505,1500,988,8.3
2025-05-10,18:38:10.390,-90,-80,10,0,0,0,0,15,0,0,0,-227,1015,354,-9,519,342,0,-1,-1,-1,0x1010480014842605,1472,1803,1589,1500,2012,1387,2007,1500,1500,1387,988,1500,1500,1500,1500,1500,1500,1500,1372,1628,1500,1500,1500,2012,1500,2009,2005,1500,1520,1505,1500,988,8.3
2025-05-10,18:38:10.890,-75,-85,10,0,0,0,0,15,0,0,0,25,1016,354,-9,519,342,0,-1,-1,-1,0x1010480010842605,1520,1803,1589,1500,2012,1512,2008,1500,1500,1518,988,1500,1500,1500,1500,1500,1500,1500,1372,1628,1500,1500,1500,2012,1500,2009,2005,1500,1520,1505,1500,988,8.3
2025-05-10,18:38:11.390,-75,-69,10,0,0,0,0,15,0,0,0,10,1016,354,-9,519,342,0,-1,-1,-1,0x1010480010842605,1514,1803,1589,1500,2012,1505,2008,1500,1500,1505,988,1500,1500,1500,1500,1500,1500,1500,1372,1628,1500,1500,1500,2012,1500,2009,2005,1500,1520,1505,1500,988,8.3
2025-05-10,18:38:11.890,-75,-68,10,0,0,0,0,15,0,0,0,275,1013,354,-9,519,342,0,-1,-1,-1,0x1010480014842605,1566,1801,1589,1500,2012,1637,2006,1500,1500,1619,988,1500,1500,1500,1500,1500,1500,1500,1372,1628,1500,1500,1500,2012,1500,2008,2003,1500,1520,1505,1500,988,8.3
2025-05-10,18:38:12.390,-67,-69,10,0,0,0,0,15,0,0,0,74,1014,354,-9,519,342,0,-1,-1,-1,0x1010480014842605,1526,1802,1589,1500,2012,1537,2007,1500,1500,1531,988,1500,1500,1500,1500,1500,1500,1500,1372,1628,1500,1500,1500,2012,1500,2008,2003,1500,1520,1505,1500,988,8.3
2025-05-10,18:38:12.890,-76,-56,10,0,0,0,0,15,0,0,0,-1,1014,354,-9,519,342,0,-1,-1,-1,0x1010480010842605,1512,1802,1589,1500,2012,1500,2007,1500,1500,1499,988,1500,1500,1500,1500,1500,1500,1500,1372,1628,1500,1500,1500,2012,1500,2008,2003,1500,1520,1505,1500,988,8.3
2025-05-10,18:38:13.390,-62,-56,10,0,0,0,0,15,0,0,0,82,1014,354,-9,519,342,0,-1,-1,-1,0x1010480014842205,1528,1802,1589,1500,2012,1541,2007,1500,1500,1535,988,1500,1500,1500,1500,1500,1500,1500,1372,1628,1500,1500,1500,2012,1500,2008,2003,1500,1520,1505,1500,988,8.3
2025-05-10,18:38:13.890,-74,-64,10,0,0,0,0,15,0,0,0,159,1014,353,-9,519,342,0,-1,-1,-1,0x1010480014842205,1545,1802,1589,1500,2012,1579,2007,1500,1500,1573,988,1500,1500,1500,1500,1500,1500,1500,1372,1628,1500,1500,1500,2012,1500,2008,2003,1500,1520,1505,1500,988,8.3
2025-05-10,18:38:14.390,-74,-61,10,0,0,0,0,15,0,0,0,14,129,354,-8,519,342,0,-1,-1,-1,0x1010480010840205,1513,1532,1589,1500,2012,1507,1564,1500,1500,1501,988,1500,1500,1500,1500,1500,1500,1500,1372,1628,1500,1500,1500,2012,1500,1691,1553,1500,1520,1505,1500,988,8.3
2025-05-10,18:38:14.890,-74,-62,10,0,0,0,0,15,0,0,0,309,273,354,-8,519,342,0,-1,-1,-1,0x1010480014840205,1580,1555,1589,1500,2012,1654,1636,1500,1500,1648,988,1500,1500,1500,1500,1500,1500,1500,1372,1628,1500,1500,1500,2012,1500,1681,1591,1500,1520,1505,1500,988,8.3
2025-05-10,18:38:15.390,-70,-67,10,0,0,0,0,15,0,0,0,110,401,354,-8,519,342,0,-1,-1,-1,0x1010480014840205,1536,1583,1589,1500,2012,1555,1700,1500,1500,1555,988,1500,1500,1500,1500,1500,1500,1500,1372,1628,1500,1500,1500,2012,1500,1748,1638,1500,1520,1505,1500,988,8.3
2025-05-10,18:38:15.890,-67,-68,10,0,0,0,0,15,0,0,0,160,692,354,-9,519,342,0,-1,-1,-1,0x1010480014840205,1548,1655,1589,1500,2012,1580,1846,1500,1500,1580,988,1500,1500,1500,1500,1500,1500,1500,1372,1628,1500,1500,1500,2012,1500,1886,1759,1500,1520,1505,1500,988,8.3
2025-05-10,18:38:16.390,-64,-68,10,0,0,0,0,15,0,0,0,1021,401,354,-9,519,342,0,-1,-1,-1,0x1010480014840205,1783,1597,1589,1500,2012,2010,1700,1500,1500,2010,988,1500,1500,1500,1500,1500,1500,1500,1372,1628,1500,1500,1500,2012,1500,1824,1663,1500,1520,1505,1500,988,8.3
2025-05-10,18:38:16.890,-75,-67,10,0,0,0,0,15,0,0,0,156,732,354,-8,519,342,0,-1,-1,-1,0x1010480014840205,1555,1667,1589,1500,2012,1578,1866,1500,1500,1596,988,1500,1500,1500,1500,1500,1500,1500,1372,1628,1500,1500,1500,2012,1500,1902,1779,1500,1520,1505,1500,988,8.3
2025-05-10,18:38:17.390,-80,-69,10,0,0,0,0,15,0,0,0,488,623,354,-9,519,342,0,-1,-1,-1,0x1010480014840205,1618,1643,1589,1500,2012,1744,1811,1500,1500,1738,988,1500,1500,1500,1500,1500,1500,1500,1372,1628,1500,1500,1500,2012,1500,1867,1738,1500,1520,1505,1500,988,8.3
2025-05-10,18:38:17.890,-80,-76,10,0,0,0,0,15,0,0,0,129,620,354,-8,519,342,0,-1,-1,-1,0x1010480014840205,1543,1624,1589,1500,2012,1564,1810,1500,1500,1570,988,1500,1500,1500,1500,1500,1500,1500,1372,1628,1500,1500,1500,2012,1500,1842,1707,1500,1520,1505,1500,988,8.3
2025-05-10,18:38:18.390,-82,-81,10,0,0,0,0,15,0,0,0,-86,431,354,-9,519,342,0,-1,-1,-1,0x1010480014840205,1498,1600,1589,1500,2012,1457,1715,1500,1500,1458,988,1500,1500,1500,1500,1500,1500,1500,1372,1628,1500,1500,1500,2012,1500,1787,1668,1500,1520,1505,1500,988,8.3
2025-05-10,18:38:18.890,-74,-72,10,0,0,0,0,15,0,0,0,-1024,9,354,-8,519,342,0,-1,-1,-1,0x1010480014840205,1177,1502,1589,1500,2012,988,1504,1500,1500,988,988,1500,1500,1500,1500,1500,1500,1500,1060,2012,1500,1500,1500,2012,1500,1507,1503,1500,1520,1505,1500,988,8.3
2025-05-10,18:38:19.390,-71,-70,10,0,0,0,0,15,0,0,0,-1024,622,354,-9,519,342,0,-1,-1,-1,0x1010480014840A05,1177,1635,1589,1500,2012,988,1811,1500,1500,988,988,1500,1500,1500,1500,1500,1500,1500,1372,1628,1500,1500,1500,2012,1500,1856,1726,1500,1520,1505,1500,988,8.3
2025-05-10,18:38:19.890,-78,-72,10,0,0,0,0,15,0,0,0,-376,931,354,-8,519,342,0,-1,-1,-1,0x1010480014840205,1428,1762,1589,1500,2012,1312,1965,1500,1500,1285,988,1500,1500,1500,1500,1500,1500,1500,1372,1628,1500,1500,1500,2012,1500,1979,1937,1500,1520,1505,1500,988,8.3
2025-05-10,18:38:20.390,-78,-69,10,0,0,0,0,15,0,0,0,-183,1021,353,-9,519,342,0,-1,-1,-1,0x1010480014842605,1478,1805,1589,1500,2012,1409,2010,1500,1500,1402,988,1500,1500,1500,1500,1500,1500,1500,1372,1628,1500,1500,1500,2012,1500,2011,2009,1500,1520,1505,1500,988,8.3
2025-05-10,18:38:20.890,-78,-74,10,0,0,0,0,15,0,0,0,123,1021,354,-9,519,342,0,-1,-1,-1,0x1010480014842605,1530,1805,1589,1500,2012,1561,2010,1500,1500,1541,988,1500,1500,1500,1500,1500,1500,1500,1372,1628,1500,1500,1500,2012,1500,2011,2009,1500,1520,1505,1500,988,8.3
2025-05-10,18:38:21.390,-78,-71,10,0,0,0,0,15,0,0,0,-233,621,354,-9,519,342,0,-1,-1,-1,0x1010480014840605,1463,1643,1589,1500,2012,1384,1810,1500,1500,1362,988,1500,1500,1500,1500,1500,1500,1500,1372,1628,1500,1500,1500,2012,1500,1868,1739,1500,1520,1505,1500,988,8.3
2025-05-10,18:38:21.890,-76,-78,10,0,0,0,0,15,0,0,0,180,584,354,-9,519,342,0,-1,-1,-1,0x1010480014840605,1553,1629,1589,1500,2012,1590,1792,1500,1500,1590,988,1500,1500,1500,1500,1500,1500,1500,1372,1628,1500,1500,1500,2012,1500,1846,1715,1500,1520,1505,1500,988,8.3
2025-05-10,18:38:22.390,-78,-80,10,0,0,0,0,15,0,0,0,288,675,354,-9,519,342,0,-1,-1,-1,0x1010480014840605,1573,1666,1589,1500,2012,1644,1837,1500,1500,1632,988,1500,1500,1500,1500,1500,1500,1500,1372,1628,1500,1500,1500,2012,1500,1900,1776,1500,1520,1505,1500,988,8.3
2025-05-10,18:38:22.890,-84,-84,10,0,0,0,0,15,0,0,0,-1009,166,354,-9,519,342,0,-1,-1,-1,0x1010480014840605,1177,1536,1589,1500,2012,996,1583,1500,1500,988,988,1500,1500,1500,1500,1500,1500,1500,1372,1628,1500,1500,1500,2012,1500,1621,1560,1500,1520,1505,1500,988,8.3
2025-05-10,18:38:23.390,-82,-79,10,0,0,0,0,15,0,0,0,547,608,354,-9,519,342,0,-1,-1,-1,0x1010480014840605,1648,1639,1589,1500,2012,1773,1804,1500,1500,1803,988,1500,1500,1500,1500,1500,1500,1500,1372,1628,1500,1500,1500,2012,1500,1862,1732,1500,1520,1505,1500,988,8.3
2025-05-10,18:38:23.890,-77,-79,10,0,0,0,0,15,0,0,0,298,940,354,-9,519,342,0,-1,-1,-1,0x1010480014840605,1578,1761,1589,1500,2012,1649,1970,1500,1500,1643,988,1500,1500,1500,1500,1500,1500,1500,1372,1628,1500,1500,1500,2012,1500,1978,1935,1500,1520,1505,1500,988,8.3
2025-05-10,18:38:24.390,-74,-70,10,0,0,0,0,15,0,0,0,773,663,354,-9,519,342,0,-1,-1,-1,0x1010480014840205,1694,1644,1589,1500,2012,1886,1831,1500,1500,1886,988,1500,1500,1500,1500,1500,1500,1500,1372,1628,1500,1500,1500,2012,1500,1873,1741,1500,1520,1505,1500,988,8.3
2025-05-10,18:38:24.890,-70,-70,10,0,0,0,0,15,0,0,0,525,704,354,-9,519,342,0,-1,-1,-1,0x1010480014840205,1629,1662,1589,1500,2012,1762,1852,1500,1500,1763,988,1500,1500,1500,1500,1500,1500,1500,1372,1628,1500,1500,1500,2012,1500,1895,1771,1500,1520,1505,1500,988,8.3
2025-05-10,18:38:25.390,-82,-81,10,0,0,0,0,15,0,0,0,-156,719,354,-9,519,342,0,-1,-1,-1,0x1010480014840205,1496,1667,1589,1500,2012,1422,1859,1500,1500,1453,988,1500,1500,1500,1500,1500,1500,1500,1372,1628,1500,1500,1500,2012,1500,1901,1779,1500,1520,1505,1500,988,8.3
2025-05-10,18:38:25.890,-86,-83,10,0,0,0,0,15,0,0,0,184,698,354,-8,519,342,0,-1,-1,-1,0x1010480014840205,1553,1668,1589,1500,2012,1592,1849,1500,1500,1591,988,1500,1500,1500,1500,1500,1500,1500,1372,1628,1500,1500,1500,2012,1500,1898,1780,1500,1520,1505,1500,988,8.3
2025-05-10,18:38:26.390,-86,-78,10,0,0,0,0,15,0,0,0,-1,521,354,-9,519,342,0,-1,-1,-1,0x1010480010840205,1512,1622,1589,1500,2012,1500,1760,1500,1500,1500,988,1500,1500,1500,1500,1500,1500,1500,1372,1628,1500,1500,1500,2012,1500,1832,1703,1500,1520,1505,1500,988,8.3
2025-05-10,18:38:26.890,-84,-82,10,0,0,0,0,15,0,0,0,154,146,354,-9,519,342,0,-1,-1,-1,0x1010480014840205,1543,1535,1589,1500,2012,1577,1573,1500,1500,1569,988,1500,1500,1500,1500,1500,1500,1500,1372,1628,1500,1500,1500,2012,1500,1634,1559,1500,1520,1505,1500,988,8.3
2025-05-10,18:38:27.390,-84,-79,250,0,0,0,0,15,0,0,0,1023,669,354,-9,519,342,0,-1,-1,-1,0x1010480014840205,1785,1652,1589,1500,2012,2011,1834,1500,1500,2011,988,1500,1500,1500,1500,1500,1500,1500,1372,1628,1500,1500,1500,2012,1500,1881,1754,1500,1520,1505,1500,988,8.3
2025-05-10,18:38:27.890,-81,-80,10,0,0,0,0,15,0,0,0,-140,1022,354,-9,519,342,0,-1,-1,-1,0x1010480014842205,1495,1806,1589,1500,2012,1430,2011,1500,1500,1451,988,1500,1500,1500,1500,1500,1500,1500,1372,1628,1500,1500,1500,2012,1500,2011,2010,1500,1520,1505,1500,988,8.3
2025-05-10,18:38:28.390,-77,-81,10,0,0,0,0,15,0,0,0,-218,969,354,-9,519,342,0,-1,-1,-1,0x1010480014842205,1481,1786,1589,1500,2012,1391,1984,1500,1500,1411,988,1500,1500,1500,1500,1500,1500,1500,1372,1628,1500,1500,1500,2012,1500,2007,2009,1500,1520,1505,1500,988,8.3
2025-05-10,18:38:28.890,-75,-81,10,0,0,0,0,15,0,0,0,-498,657,354,-9,519,342,0,-1,-1,-1,0x1010480014840605,1417,1648,1589,1500,2012,1251,1828,1500,1500,1264,988,1500,1500,1500,1500,1500,1500,1500,1372,1628,1500,1500,1500,2012,1500,1876,1748,1500,1520,1505,1500,988,8.3
2025-05-10,18:38:29.390,-69,-77,10,0,0,0,0,15,0,0,0,385,832,354,-9,519,342,0,-1,-1,-1,0x1010480014840605,1595,1708,1589,1500,2012,1692,1916,1500,1500,1682,988,1500,1500,1500,1500,1500,1500,1500,1372,1628,1500,1500,1500,2012,1500,1939,1847,1500,1520,1505,1500,988,8.3
2025-05-10,18:38:29.890,-75,-64,10,0,0,0,0,15,0,0,0,215,776,354,-9,519,342,0,-1,-1,-1,0x1010480014840605,1555,1730,1589,1500,2012,1607,1888,1500,1500,1594,988,1500,1500,1500,1500,1500,1500,1500,1372,1628,1500,1500,1500,2012,1500,1950,1884,1500,1520,1505,1500,988,8.3
2025-05-10,18:38:30.390,-68,-73,10,0,0,0,0,15,0,0,0,631,813,354,-9,519,342,0,-1,-1,-1,0x1010480014840605,1654,1699,1589,1500,2012,1815,1906,1500,1500,1815,988,1500,1500,1500,1500,1500,1500,1500,1372,1628,1500,1500,1500,2012,1500,1931,1831,1500,1520,1505,1500,988,8.3
2025-05-10,18:38:30.900,-67,-73,10,0,0,0,0,15,0,0,0,742,829,354,-9,519,342,0,-1,-1,-1,0x1010480014840605,1685,1714,1589,1500,2012,1871,1914,1500,1500,1872,988,1500,1500,1500,1500,1500,1500,1500,1372,1628,1500,1500,1500,2012,1500,1943,1857,1500,1520,1505,1500,988,8.3
2025-05-10,18:38:31.390,-72,-68,10,0,0,0,0,15,0,0,0,264,770,354,-9,519,342,0,-1,-1,-1,0x1010480014840605,1576,1685,1589,1500,2012,1632,1885,1500,1500,1639,988,1500,1500,1500,1500,1500,1500,1500,1372,1628,1500,1500,1500,2012,1500,1921,1809,1500,1520,1505,1500,988,8.3
2025-05-10,18:38:31.890,-72,-73,10,0,0,0,0,15,0,0,0,-1024,808,354,-9,519,342,0,-1,-1,-1,0x1010480014840605,1177,1709,1589,1500,2012,988,1904,1500,1500,988,988,1500,1500,1500,1500,1500,1500,1500,1372,1628,1500,1500,1500,2012,1500,1939,1849,1500,1520,1505,1500,988,8.3
2025-05-10,18:38:32.390,-62,-71,10,0,0,0,0,15,0,0,0,679,753,354,-8,519,342,0,-1,-1,-1,0x1010480014840605,1648,1693,1589,1500,2012,1839,1876,1500,1500,1803,988,1500,1500,1500,1500,1500,1500,1500,1372,1628,1500,1500,1500,2012,1500,1923,1822,1500,1520,1505,1500,988,8.3
2025-05-10,18:38:32.890,-56,-71,10,0,0,0,0,15,0,0,0,178,918,354,-9,519,342,0,-1,-1,-1,0x1010480014840205,1544,1755,1589,1500,2012,1589,1959,1500,1500,1571,988,1500,1500,1500,1500,1500,1500,1500,1372,1628,1500,1500,1500,2012,1500,1974,1926,1500,1520,1505,1500,988,8.3
2025-05-10,18:38:33.390,-64,-69,10,0,0,0,0,15,0,0,0,-555,535,354,-9,519,342,0,-1,-1,-1,0x1010480014840205,1404,1615,1589,1500,2012,1223,1767,1500,1500,1239,988,1500,1500,1500,1500,1500,1500,1500,1372,1628,1500,1500,1500,2012,1500,1819,1693,1500,1520,1505,1500,988,8.3
2025-05-10,18:38:33.890,-61,-69,10,0,0,0,0,15,0,0,0,5,455,354,-9,519,342,0,-1,-1,-1,0x1010480010840205,1513,1597,1589,1500,2012,1502,1727,1500,1500,1502,988,1500,1500,1500,1500,1500,1500,1500,1372,1628,1500,1500,1500,2012,1500,1780,1662,1500,1520,1505,1500,988,8.3
2025-05-10,18:38:34.390,-63,-72,10,0,0,0,0,15,0,0,0,75,855,354,-9,519,342,0,-1,-1,-1,0x1010480014840205,1540,1714,1589,1500,2012,1537,1927,1500,1500,1564,988,1500,1500,1500,1500,1500,1500,1500,1372,1628,1500,1500,1500,2012,1500,1943,1856,1500,1520,1505,1500,988,8.3
2025-05-10,18:38:34.890,-62,-72,10,0,0,0,0,15,0,0,0,-92,573,354,-9,519,342,0,-1,-1,-1,0x1010480014840205,1499,1626,1589,1500,2012,1454,1786,1500,1500,1462,988,1500,1500,1500,1500,1500,1500,1500,1372,1628,1500,1500,1500,2012,1500,1840,1710,1500,1520,1505,1500,988,8.3
2025-05-10,18:38:35.390,-65,-68,10,0,0,0,0,15,0,0,0,-446,642,354,-8,519,342,0,-1,-1,-1,0x1010480014840205,1412,1645,1589,1500,2012,1277,1821,1500,1500,1255,988,1500,1500,1500,1500,1500,1500,1500,1372,1628,1500,1500,1500,2012,1500,1870,1741,1500,1520,1505,1500,988,8.3
2025-05-10,18:38:35.890,-78,-83,10,0,0,0,0,15,0,0,0,-11,798,354,-9,519,342,0,-1,-1,-1,0x1010480010840205,1508,1693,1589,1500,2012,1495,1899,1500,1500,1489,988,1500,1500,1500,1500,1500,1500,1500,1372,1628,1500,1500,1500,2012,1500,1927,1822,1500,1520,1505,1500,988,8.3
2025-05-10,18:38:36.390,-77,-68,10,0,0,0,0,15,0,0,0,-553,711,354,-8,519,342,0,-1,-1,-1,0x1010480014840205,1395,1668,1589,1500,2012,1224,1855,1500,1500,1223,988,1500,1500,1500,1500,1500,1500,1500,1372,1628,1500,1500,1500,2012,1500,1903,1781,1500,1520,1505,1500,988,8.3
2025-05-10,18:38:36.890,-75,-73,10,0,0,0,0,15,0,0,0,210,501,354,-9,519,342,0,-1,-1,-1,0x1010480014840205,1555,1610,1589,1500,2012,1605,1750,1500,1500,1594,988,1500,1500,1500,1500,1500,1500,1500,1372,1628,1500,1500,1500,2012,1500,1808,1684,1500,1520,1505,1500,988,8.3
2025-05-10,18:38:37.390,-71,-73,10,0,0,0,0,15,0,0,0,142,909,354,-9,519,342,0,-1,-1,-1,0x1010480014840205,1546,1752,1589,1500,2012,1571,1954,1500,1500,1576,988,1500,1500,1500,1500,1500,1500,1500,1372,1628,1500,1500,1500,2012,1500,1972,1920,1500,1520,1505,1500,988,8.3
2025-05-10,18:38:37.890,-78,-94,10,0,0,0,0,15,0,0,0,75,408,354,-9,519,342,0,-1,-1,-1,0x1010480010840205,1523,1590,1589,1500,2012,1537,1704,1500,1500,1525,988,1500,1500,1500,1500,1500,1500,1500,1372,1628,1500,1500,1500,2012,1500,1763,1650,1500,1520,1505,1500,988,8.3
2025-05-10,18:38:38.390,-78,-75,10,0,0,0,0,15,0,0,0,758,651,354,-9,519,342,0,-1,-1,-1,0x1010480014840205,1690,1647,1589,1500,2012,1879,1825,1500,1500,1879,988,1500,1500,1500,1500,1500,1500,1500,1372,1628,1500,1500,1500,2012,1500,1873,1745,1500,1520,1505,1500,988,8.3
2025-05-10,18:38:38.890,-71,-69,10,0,0,0,0,15,0,0,0,1024,633,354,-9,519,342,0,-1,-1,-1,0x1010480014840205,1786,1646,1589,1500,2012,2012,1816,1500,1500,2012,988,1500,1500,1500,1500,1500,1500,1500,1372,1628,1500,1500,1500,2012,1500,1872,1744,1500,1520,1505,1500,988,8.3
2025-05-10,18:38:39.390,-68,-74,10,0,0,0,0,15,0,0,0,1024,805,354,-9,519,342,0,-1,-1,-1,0x1010480014840205,1786,1701,1589,1500,2012,2012,1902,1500,1500,2012,988,1500,1500,1500,1500,1500,1500,1500,1372,1628,1500,1500,1500,2012,1500,1933,1835,1500,1520,1505,1500,988,8.3
2025-05-10,18:38:39.890,-66,-74,10,0,0,0,0,15,0,0,0,795,867,354,-9,519,342,0,-1,-1,-1,0x1010480014840605,1700,1732,1589,1500,2012,1897,1933,1500,1500,1896,988,1500,1500,1500,1500,1500,1500,1500,1372,1628,1500,1500,1500,2012,1500,1957,1887,1500,1520,1505,1500,988,8.3
2025-05-10,18:38:40.400,-73,-74,10,0,0,0,0,15,0,0,0,-335,878,354,-9,519,342,0,-1,-1,-1,0x1010480014840605,1455,1737,1589,1500,2012,1333,1939,1500,1500,1333,988,1500,1500,1500,1500,1500,1500,1500,1372,1628,1500,1500,1500,2012,1500,1960,1895,1500,1520,1505,1500,988,8.3
2025-05-10,18:38:40.900,-70,-74,10,0,0,0,0,15,0,0,0,73,1020,354,-9,519,342,0,-1,-1,-1,0x1010480014842605,1528,1805,1589,1500,2012,1536,2010,1500,1500,1536,988,1500,1500,1500,1500,1500,1500,1500,1372,1628,1500,1500,1500,2012,1500,2010,2008,1500,1520,1505,1500,988,8.3
2025-05-10,18:38:41.400,-72,-74,10,0,0,0,0,15,0,0,0,-1,1016,354,-9,519,342,0,-1,-1,-1,0x1010480010842605,1512,1802,1589,1500,2012,1500,2008,1500,1500,1499,988,1500,1500,1500,1500,1500,1500,1500,1372,1628,1500,1500,1500,2012,1500,2009,2004,1500,1520,1505,1500,988,8.3
2025-05-10,18:38:41.890,-67,-75,10,0,0,0,0,15,0,0,0,331,417,354,-9,519,342,0,-1,-1,-1,0x1010480014840605,1588,1589,1589,1500,2012,1665,1708,1500,1500,1666,988,1500,1500,1500,1500,1500,1500,1500,1372,1628,1500,1500,1500,2012,1500,1762,1648,1500,1520,1505,1500,988,8.3
2025-05-10,18:38:42.390,-70,-75,10,0,0,0,0,15,0,0,0,154,434,354,-9,519,342,0,-1,-1,-1,0x1010480014840605,1543,1602,1589,1500,2012,1577,1717,1500,1500,1570,988,1500,1500,1500,1500,1500,1500,1500,1372,1628,1500,1500,1500,2012,1500,1789,1670,1500,1520,1505,1500,988,8.3
2025-05-10,18:38:42.900,-64,-75,10,0,0,0,0,15,0,0,0,1024,684,354,-8,519,342,0,-1,-1,-1,0x1010480014840605,1786,1656,1589,1500,2012,2012,1842,1500,1500,2012,988,1500,1500,1500,1500,1500,1500,1500,1372,1628,1500,1500,1500,2012,1500,1887,1761,1500,1520,1505,1500,988,8.3
2025-05-10,18:38:43.400,-70,-70,10,0,0,0,0,15,0,0,0,-503,746,354,-8,519,342,0,-1,-1,-1,0x1010480014840605,1398,1673,1589,1500,2012,1249,1873,1500,1500,1228,988,1500,1500,1500,1500,1500,1500,1500,1372,1628,1500,1500,1500,2012,1500,1911,1789,1500,1520,1505,1500,988,8.3
2025-05-10,18:38:43.900,-67,-70,10,0,0,0,0,15,0,0,0,416,796,354,-9,519,342,0,-1,-1,-1,0x1010480014840205,1605,1698,1589,1500,2012,1708,1898,1500,1500,1708,988,1500,1500,1500,1500,1500,1500,1500,1372,1628,1500,1500,1500,2012,1500,1931,1830,1500,1520,1505,1500,988,8.3
2025-05-10,18:38:44.400,-66,-69,10,0,0,0,0,15,0,0,0,-14,782,354,-9,519,342,0,-1,-1,-1,0x1010480010840205,1512,1684,1589,1500,2012,1493,1891,1500,1500,1499,988,1500,1500,1500,1500,1500,1500,1500,1372,1628,1500,1500,1500,2012,1500,1920,1807,1500,1520,1505,1500,988,8.3
2025-05-10,18:38:44.900,-75,-72,10,0,0,0,0,15,0,0,0,186,729,354,-9,519,342,0,-1,-1,-1,0x1010480014840205,1554,1664,1589,1500,2012,1593,1864,1500,1500,1592,988,1500,1500,1500,1500,1500,1500,1500,1372,1628,1500,1500,1500,2012,1500,1899,1774,1500,1520,1505,1500,988,8.3
2025-05-10,18:38:45.400,-65,-64,10,0,0,0,0,15,0,0,0,-1022,11,354,-9,519,342,0,-1,-1,-1,0x1010480014840205,1179,1506,1589,1500,2012,989,1505,1500,1500,990,988,1500,1500,1500,1500,1500,1500,1500,1321,1679,1500,1500,1500,2012,1500,1535,1510,1500,1520,1505,1500,988,8.3
2025-05-10,18:38:45.900,-55,-62,10,0,0,0,0,15,0,0,0,-1024,560,354,-9,519,342,0,-1,-1,-1,0x1010480014840A05,1177,1621,1589,1500,2012,988,1780,1500,1500,988,988,1500,1500,1500,1500,1500,1500,1500,1372,1628,1500,1500,1500,2012,1500,1835,1701,1500,1520,1505,1500,988,8.3
2025-05-10,18:38:46.400,-56,-62,10,0,0,0,0,15,0,0,0,-194,707,354,-9,519,342,0,-1,-1,-1,0x1010480014840205,1483,1660,1589,1500,2012,1403,1853,1500,1500,1418,988,1500,1500,1500,1500,1500,1500,1500,1372,1628,1500,1500,1500,2012,1500,1901,1772,1500,1520,1505,1500,988,8.3
2025-05-10,18:38:46.900,-58,-58,10,0,0,0,0,15,0,0,0,10,1017,354,-9,519,342,0,-1,-1,-1,0x1010480010842205,1514,1803,1589,1500,2012,1505,2008,1500,1500,1505,988,1500,1500,1500,1500,1500,1500,1500,1372,1628,1500,1500,1500,2012,1500,2010,2007,1500,1520,1505,1500,988,8.3
2025-05-10,18:38:47.400,-67,-59,10,0,0,0,0,15,0,0,0,284,1017,354,-9,519,342,0,-1,-1,-1,0x1010480014842605,1577,1803,1589,1500,2012,1642,2008,1500,1500,1642,988,1500,1500,1500,1500,1500,1500,1500,1372,1628,1500,1500,1500,2012,1500,2009,1995,1500,1520,1505,1500,988,8.3
2025-05-10,18:38:47.900,-67,-59,10,0,0,0,0,15,0,0,0,359,739,354,-9,519,342,0,-1,-1,-1,0x1010480014840605,1591,1678,1589,1500,2012,1679,1869,1500,1500,1673,988,1500,1500,1500,1500,1500,1500,1500,1372,1628,1500,1500,1500,2012,1500,1918,1797,1500,1520,1505,1500,988,8.3
2025-05-10,18:38:48.400,-58,-59,10,0,0,0,0,15,0,0,0,56,594,354,-9,519,342,0,-1,-1,-1,0x1010480014840605,1527,1631,1589,1500,2012,1528,1797,1500,1500,1534,988,1500,1500,1500,1500,1500,1500,1500,1372,1628,1500,1500,1500,2012,1500,1850,1719,1500,1520,1505,1500,988,8.3
2025-05-10,18:38:48.900,-60,-59,10,0,0,0,0,15,0,0,0,293,530,354,-9,519,342,0,-1,-1,-1,0x1010480014840605,1582,1619,1589,1500,2012,1646,1765,1500,1500,1653,988,1500,1500,1500,1500,1500,1500,1500,1372,1628,1500,1500,1500,2012,1500,1827,1699,1500,1520,1505,1500,988,8.3
2025-05-10,18:38:49.400,-65,-69,10,0,0,0,0,15,0,0,0,31,1021,354,-9,519,342,0,-1,-1,-1,0x1010480010842605,1516,1805,1589,1500,2012,1515,2010,1500,1500,1509,988,1500,1500,1500,1500,1500,1500,1500,1372,1628,1500,1500,1500,2012,1500,2011,2008,1500,1520,1505,1500,988,8.3
2025-05-10,18:38:49.900,-61,-69,10,0,0,0,0,15,0,0,0,389,675,354,-9,519,342,0,-1,-1,-1,0x1010480014840605,1597,1647,1589,1500,2012,1694,1837,1500,1500,1688,988,1500,1500,1500,1500,1500,1500,1500,1372,1628,1500,1500,1500,2012,1500,1879,1746,1500,1520,1505,1500,988,8.3
2025-05-10,18:38:50.400,-62,-73,10,0,0,0,0,15,0,0,0,677,465,354,-9,519,342,0,-1,-1,-1,0x1010480014840605,1663,1605,1589,1500,2012,1838,1732,1500,1500,1832,988,1500,1500,1500,1500,1500,1500,1500,1372,1628,1500,1500,1500,2012,1500,1797,1675,1500,1520,1505,1500,988,8.3
2025-05-10,18:38:50.900,-68,-69,10,0,0,0,0,15,0,0,0,1024,552,354,-9,519,342,0,-1,-1,-1,0x1010480014840605,1786,1619,1589,1500,2012,2012,1776,1500,1500,2012,988,1500,1500,1500,1500,1500,1500,1500,1372,1628,1500,1500,1500,2012,1500,1826,1698,1500,1520,1505,1500,988,8.3
2025-05-10,18:38:51.400,-70,-69,10,0,0,0,0,15,0,0,0,1024,717,353,-9,519,342,0,-1,-1,-1,0x1010480014840205,1786,1666,1589,1500,2012,2012,1858,1500,1500,2012,988,1500,1500,1500,1500,1500,1500,1500,1372,1628,1500,1500,1500,2012,1500,1900,1776,1500,1520,1505,1500,988,8.3
2025-05-10,18:38:51.890,-75,-79,10,0,0,0,0,15,0,0,0,592,788,354,-9,519,342,0,-1,-1,-1,0x1010480014840205,1650,1694,1589,1500,2012,1796,1894,1500,1500,1808,988,1500,1500,1500,1500,1500,1500,1500,1372,1628,1500,1500,1500,2012,1500,1927,1823,1500,1520,1505,1500,988,8.3
2025-05-10,18:38:52.400,-77,-77,10,0,0,0,0,15,0,0,0,44,783,354,-9,519,342,0,-1,-1,-1,0x1010480010840205,1520,1691,1589,1500,2012,1522,1891,1500,1500,1517,988,1500,1500,1500,1500,1500,1500,1500,1372,1628,1500,1500,1500,2012,1500,1925,1818,1500,1520,1505,1500,988,8.3
2025-05-10,18:38:52.900,-77,-76,10,0,0,0,0,15,0,0,0,109,1019,354,-9,519,342,0,-1,-1,-1,0x1010480014842605,1536,1804,1589,1500,2012,1554,2009,1500,1500,1554,988,1500,1500,1500,1500,1500,1500,1500,1372,1628,1500,1500,1500,2012,1500,2010,2008,1500,1520,1505,1500,988,8.3
2025-05-10,18:38:53.400,-84,-72,10,0,0,0,0,15,0,0,0,-80,415,354,-9,519,342,0,-1,-1,-1,0x1010480014840605,1502,1597,1589,1500,2012,1460,1707,1500,1500,1472,988,1500,1500,1500,1500,1500,1500,1500,1372,1628,1500,1500,1500,2012,1500,1779,1662,1500,1520,1505,1500,988,8.3
2025-05-10,18:38:53.900,-75,-71,10,0,0,0,0,15,0,0,0,-1024,6,354,-9,519,342,0,-1,-1,-1,0x1010480014840605,1177,1502,1589,1500,2012,988,1503,1500,1500,988,988,1500,1500,1500,1500,1500,1500,1500,988,2012,1500,1500,1500,2012,1500,1505,1503,1500,1520,1505,1500,988,8.3
2025-05-10,18:38:54.400,-76,-69,10,0,0,0,0,15,0,0,0,-1024,910,354,-9,519,342,0,-1,-1,-1,0x1010480014840E05,1177,1731,1589,1500,2012,988,1955,1500,1500,988,988,1500,1500,1500,1500,1500,1500,1500,1372,1628,1500,1500,1500,2012,1500,1957,1886,1500,1520,1505,1500,988,8.3
2025-05-10,18:38:54.900,-65,-66,10,0,0,0,0,15,0,0,0,683,747,354,-9,519,342,0,-1,-1,-1,0x1010480014840605,1695,1723,1589,1500,2012,1841,1873,1500,1500,1888,988,1500,1500,1500,1500,1500,1500,1500,1372,1628,1500,1500,1500,2012,1500,1975,1872,1500,1520,1505,1500,988,8.3
2025-05-10,18:38:55.400,-64,-66,10,0,0,0,0,15,0,0,0,-34,1014,354,-9,519,342,0,-1,-1,-1,0x1010480010842605,1504,1802,1589,1500,2012,1483,2007,1500,1500,1477,988,1500,1500,1500,1500,1500,1500,1500,1372,1628,1500,1500,1500,2012,1500,2009,2004,1500,1520,1505,1500,988,8.3
2025-05-10,18:38:55.900,-64,-66,10,0,0,0,0,15,0,0,0,-508,803,354,-9,519,342,0,-1,-1,-1,0x1010480014840605,1408,1708,1589,1500,2012,1246,1901,1500,1500,1246,988,1500,1500,1500,1500,1500,1500,1500,1372,1628,1500,1500,1500,2012,1500,1939,1848,1500,1520,1505,1500,988,8.3
2025-05-10,18:38:56.400,-61,-66,10,0,0,0,0,15,0,0,0,-44,602,354,-9,519,342,0,-1,-1,-1,0x1010480010840605,1505,1627,1589,1500,2012,1478,1801,1500,1500,1479,988,1500,1500,1500,1500,1500,1500,1500,1372,1628,1500,1500,1500,2012,1500,1844,1713,1500,1520,1505,1500,988,8.3
2025-05-10,18:38:56.900,-61,-64,10,0,0,0,0,15,0,0,0,-183,278,354,-9,519,342,0,-1,-1,-1,0x1010480014840205,1480,1559,1589,1500,2012,1415,1639,1500,1500,1415,988,1500,1500,1500,1500,1500,1500,1500,1372,1628,1500,1500,1500,2012,1500,1691,1598,1500,1520,1505,1500,988,8.3
2025-05-10,18:38:57.400,-65,-64,10,0,0,0,0,15,0,0,0,-708,499,354,-9,519,342,0,-1,-1,-1,0x1010480014840205,1328,1618,1589,1500,2012,1146,1749,1500,1500,1127,988,1500,1500,1500,1500,1500,1500,1500,1372,1628,1500,1500,1500,2012,1500,1819,1697,1500,1520,1505,1500,988,8.3
2025-05-10,18:38:57.900,-66,-64,10,0,0,0,0,15,0,0,0,117,444,354,-8,519,342,0,-1,-1,-1,0x1010480014840205,1535,1586,1589,1500,2012,1558,1722,1500,1500,1552,988,1500,1500,1500,1500,1500,1500,1500,1372,1628,1500,1500,1500,2012,1500,1763,1643,1500,1520,1505,1500,988,8.3
2025-05-10,18:38:58.400,-67,-69,10,0,0,0,0,15,0,0,0,1024,485,354,-9,519,342,0,-1,-1,-1,0x1010480014840205,1786,1604,1589,1500,2012,2012,1742,1500,1500,2012,988,1500,1500,1500,1500,1500,1500,1500,1372,1628,1500,1500,1500,2012,1500,1795,1674,1500,1520,1505,1500,988,8.3
2025-05-10,18:38:58.890,-75,-72,10,0,0,0,0,15,0,0,0,1024,740,354,-8,519,342,0,-1,-1,-1,0x1010480014840205,1786,1672,1589,1500,2012,2012,1870,1500,1500,2012,988,1500,1500,1500,1500,1500,1500,1500,1372,1628,1500,1500,1500,2012,1500,1909,1787,1500,1520,1505,1500,988,8.3
2025-05-10,18:38:59.400,-80,-72,10,0,0,0,0,15,0,0,0,-124,1019,354,-9,519,342,0,-1,-1,-1,0x1010480014842205,1493,1804,1589,1500,2012,1438,2009,1500,1500,1444,988,1500,1500,1500,1500,1500,1500,1500,1372,1628,1500,1500,1500,2012,1500,2010,2008,1500,1520,1505,1500,988,8.3
2025-05-10,18:38:59.900,-75,-79,10,0,0,0,0,15,0,0,0,136,1017,354,-9,519,342,0,-1,-1,-1,0x1010480014842205,1543,1803,1589,1500,2012,1568,2008,1500,1500,1568,988,1500,1500,1500,1500,1500,1500,1500,1372,1628,1500,1500,1500,2012,1500,2009,2006,1500,1520,1505,1500,988,8.3
2025-05-10,18:39:00.400,-79,-84,25,0,0,0,0,15,0,0,0,-3,1018,354,-9,519,342,0,-1,-1,-1,0x1010480010842605,1512,1804,1589,1500,2012,1499,2009,1500,1500,1499,988,1500,1500,1500,1500,1500,1500,1500,1372,1628,1500,1500,1500,2012,1500,2010,2007,1500,1520,1505,1500,988,8.3
2025-05-10,18:39:00.890,-75,-84,10,0,0,0,0,15,0,0,0,253,1018,354,-9,519,342,0,-1,-1,-1,0x1010480014842605,1566,1804,1589,1500,2012,1626,2009,1500,1500,1619,988,1500,1500,1500,1500,1500,1500,1500,1372,1628,1500,1500,1500,2012,1500,2010,2007,1500,1520,1505,1500,988,8.3
2025-05-10,18:39:01.390,-79,-74,10,0,0,0,0,15,0,0,0,1,1017,354,-9,519,342,0,-1,-1,-1,0x1010480010842605,1512,1803,1589,1500,2012,1500,2008,1500,1500,1500,988,1500,1500,1500,1500,1500,1500,1500,1372,1628,1500,1500,1500,2012,1500,2009,2006,1500,1520,1505,1500,988,8.3
2025-05-10,18:39:01.890,-73,-73,10,0,0,0,0,15,0,0,0,117,1018,354,-9,519,342,0,-1,-1,-1,0x1010480014842605,1538,1804,1589,1500,2012,1558,2009,1500,1500,1557,988,1500,1500,1500,1500,1500,1500,1500,1372,1628,1500,1500,1500,2012,1500,2010,2007,1500,1520,1505,1500,988,8.3
2025-05-10,18:39:02.390,-74,-64,10,0,0,0,0,15,0,0,0,143,1018,354,-9,519,342,0,-1,-1,-1,0x1010480014842605,1548,1804,1589,1500,2012,1571,2009,1500,1500,1578,988,1500,1500,1500,1500,1500,1500,1500,1372,1628,1500,1500,1500,2012,1500,2010,2007,1500,1520,1505,1500,988,8.3
2025-05-10,18:39:02.890,-70,-60,10,0,0,0,0,15,0,0,0,-2,1018,354,-9,519,342,0,-1,-1,-1,0x1010480010842605,1512,1804,1589,1500,2012,1499,2009,1500,1500,1499,988,1500,1500,1500,1500,1500,1500,1500,1372,1628,1500,1500,1500,2012,1500,2010,2007,1500,1520,1505,1500,988,8.3
2025-05-10,18:39:03.390,-70,-58,10,0,0,0,0,15,0,0,0,0,1017,354,-9,519,342,0,-1,-1,-1,0x1010480010842605,1512,1803,1589,1500,2012,1500,2008,1500,1500,1500,988,1500,1500,1500,1500,1500,1500,1500,1372,1628,1500,1500,1500,2012,1500,2010,2007,1500,1520,1505,1500,988,8.3
2025-05-10,18:39:03.890,-74,-65,10,0,0,0,0,15,0,0,0,207,1008,353,-9,519,342,0,-1,-1,-1,0x1010480014842605,1559,1799,1589,1500,2012,1603,2004,1500,1500,1604,988,1500,1500,1500,1500,1500,1500,1500,1372,1628,1500,1500,1500,2012,1500,2006,1999,1500,1520,1505,1500,988,8.3
2025-05-10,18:39:04.390,-74,-60,10,0,0,0,0,15,0,0,0,92,504,354,-9,519,342,0,-1,-1,-1,0x1010480014840205,1533,1627,1589,1500,2012,1546,1752,1500,1500,1546,988,1500,1500,1500,1500,1500,1500,1500,1372,1628,1500,1500,1500,2012,1500,1906,1711,1500,1520,1505,1500,988,8.3
2025-05-10,18:39:04.890,-74,-63,10,0,0,0,0,15,0,0,0,0,19,354,-9,519,342,0,-1,-1,-1,0x1010480010840205,1512,1504,1589,1500,2012,1500,1509,1500,1500,1500,988,1500,1500,1500,1500,1500,1500,1500,1203,2012,1500,1500,1500,2012,1500,1514,1507,1500,1520,1505,1500,988,8.3
2025-05-10,18:39:05.400,-70,-67,10,0,0,0,0,15,0,0,0,18,95,354,-8,519,342,0,-1,-1,-1,0x1010480010840205,1513,1523,1589,1500,2012,1509,1547,1500,1500,1502,988,1500,1500,1500,1500,1500,1500,1500,1372,1628,1500,1500,1500,2012,1500,1572,1539,1500,1520,1505,1500,988,8.3
2025-05-10,18:39:05.890,-70,-67,10,0,0,0,0,15,0,0,0,78,114,354,-9,519,342,0,-1,-1,-1,0x1010480014840205,1530,1526,1589,1500,2012,1539,1557,1500,1500,1540,988,1500,1500,1500,1500,1500,1500,1500,1372,1628,1500,1500,1500,2012,1500,1584,1544,1500,1520,1505,1500,988,8.3
2025-05-10,18:39:06.390,-70,-66,10,0,0,0,0,15,0,0,0,1024,65,354,-9,519,342,0,-1,-1,-1,0x1010480014840205,1786,1517,1589,1500,2012,2012,1532,1500,1500,2012,988,1500,1500,1500,1500,1500,1500,1500,1372,1628,1500,1500,1500,2012,1500,1551,1529,1500,1520,1505,1500,988,8.3
2025-05-10,18:39:06.890,-70,-64,10,0,0,0,0,15,0,0,0,-1,576,354,-9,519,342,0,-1,-1,-1,0x1010480010840205,1520,1626,1589,1500,2012,1500,1788,1500,1500,1519,988,1500,1500,1500,1500,1500,1500,1500,1372,1628,1500,1500,1500,2012,1500,1841,1711,1500,1520,1505,1500,988,8.3
2025-05-10,18:39:07.390,-72,-67,10,0,0,0,0,15,0,0,0,591,922,354,-9,519,342,0,-1,-1,-1,0x1010480014840205,1644,1746,1589,1500,2012,1795,1961,1500,1500,1796,988,1500,1500,1500,1500,1500,1500,1500,1372,1628,1500,1500,1500,2012,1500,1971,1911,1500,1520,1505,1500,988,8.3
2025-05-10,18:39:07.890,-80,-70,10,0,0,0,0,15,0,0,0,571,710,354,-9,519,342,0,-1,-1,-1,0x1010480014840205,1636,1657,1589,1500,2012,1785,1855,1500,1500,1778,988,1500,1500,1500,1500,1500,1500,1500,1372,1628,1500,1500,1500,2012,1500,1888,1762,1500,1520,1505,1500,988,8.3
2025-05-10,18:39:08.390,-79,-83,25,0,0,0,0,15,0,0,0,-2,971,354,-9,519,342,0,-1,-1,-1,0x1010480010842205,1512,1781,1589,1500,2012,1499,1985,1500,1500,1499,988,1500,1500,1500,1500,1500,1500,1500,1372,1628,1500,1500,1500,2012,1500,1993,1968,1500,1520,1505,1500,988,8.3
2025-05-10,18:39:08.900,-77,-92,25,0,0,0,0,15,0,0,0,-905,551,354,-9,519,342,0,-1,-1,-1,0x1010480014840205,1271,1619,1589,1500,2012,1048,1775,1500,1500,1065,988,1500,1500,1500,1500,1500,1500,1500,1372,1628,1500,1500,1500,2012,1500,1826,1698,1500,1520,1505,1500,988,8.3
2025-05-10,18:39:09.390,-91,-71,10,0,0,0,0,15,0,0,0,-334,675,354,-9,519,342,0,-1,-1,-1,0x1010480014840A05,1455,1651,1589,1500,2012,1333,1837,1500,1500,1340,988,1500,1500,1500,1500,1500,1500,1500,1372,1628,1500,1500,1500,2012,1500,1879,1752,1500,1520,1505,1500,988,8.3
2025-05-10,18:39:09.890,-75,-65,10,3760,49100,58,1,15,14907,0,1,-208,960,353,-9,519,342,0,-1,-1,-1,0x1010480014842205,1482,1776,1589,1500,2012,1396,1980,1500,1500,1413,988,1500,1500,1500,1500,1500,1500,1500,1372,1628,1500,1500,1500,2012,1500,1990,1963,1500,1520,1505,1500,988,8.3
2025-05-10,18:39:10.390,-75,-67,10,3765,13290,57,1,15,10335,0,4,-151,785,354,-9,519,342,0,-1,-1,-1,0x1010480014840205,1482,1687,1589,1500,2012,1425,1892,1500,1500,1413,988,1500,1500,1500,1500,1500,1500,1500,1372,1628,1500,1500,1500,2012,1500,1922,1812,1500,1520,1505,1500,988,8.3
2025-05-10,18:39:10.890,-82,-66,10,3763,17480,55,1,15,14997,0,7,-480,848,354,-9,519,342,0,-1,-1,-1,0x1010480014840205,1413,1723,1589,1500,2012,1260,1924,1500,1500,1255,988,1500,1500,1500,1500,1500,1500,1500,1372,1628,1500,1500,1500,2012,1500,1950,1872,1500,1520,1505,1500,988,8.3
2025-05-10,18:39:11.390,-84,-74,10,3783,44850,55,1,15,16446,0,9,12,1020,354,-9,519,342,0,-1,-1,-1,0x1010480010842605,1514,1805,1589,1500,2012,1506,2010,1500,1500,1506,988,1500,1500,1500,1500,1500,1500,1500,1372,1628,1500,1500,1500,2012,1500,2010,2008,1500,1520,1505,1500,988,8.3
2025-05-10,18:39:11.890,-84,-70,10,3740,20770,55,1,15,20017,0,13,0,1006,354,-8,519,342,0,-1,-1,-1,0x1010480010842605,1512,1798,1589,1500,2012,1500,2003,1500,1500,1500,988,1500,1500,1500,1500,1500,1500,1500,1372,1628,1500,1500,1500,2012,1500,2005,1997,1500,1520,1505,1500,988,8.3
2025-05-10,18:39:12.400,-67,-68,10,3756,4240,54,1,15,25380,0,15,1,672,354,-9,519,342,0,-1,-1,-1,0x1010480010840605,1512,1656,1589,1500,2012,1500,1836,1500,1500,1500,988,1500,1500,1500,1500,1500,1500,1500,1372,1628,1500,1500,1500,2012,1500,1887,1761,1500,1520,1505,1500,988,8.3
2025-05-10,18:39:12.890,-79,-75,10,3796,6160,54,1,15,15099,0,15,153,655,354,-9,519,342,0,-1,-1,-1,0x1010480014840605,1546,1648,1589,1500,2012,1576,1827,1500,1500,1576,988,1500,1500,1500,1500,1500,1500,1500,1372,1628,1500,1500,1500,2012,1500,1875,1747,1500,1520,1505,1500,988,8.3
2025-05-10,18:39:13.390,-80,-79,10,3818,5710,54,1,15,13839,0,16,177,609,354,-9,519,342,0,-1,-1,-1,0x1010480014840605,1552,1636,1589,1500,2012,1588,1804,1500,1500,1588,988,1500,1500,1500,1500,1500,1500,1500,1372,1628,1500,1500,1500,2012,1500,1857,1727,1500,1520,1505,1500,988,8.3
2025-05-10,18:39:13.890,-75,-75,10,3820,5440,54,1,15,12419,0,17,152,577,354,-9,519,342,0,-1,-1,-1,0x1010480014840605,1546,1627,1589,1500,2012,1576,1788,1500,1500,1577,988,1500,1500,1500,1500,1500,1500,1500,1372,1628,1500,1500,1500,2012,1500,1843,1712,1500,1520,1505,1500,988,8.3
2025-05-10,18:39:14.390,-84,-82,10,3823,5060,54,1,15,10061,0,18,197,484,354,-9,519,342,0,-1,-1,-1,0x1010480014840605,1556,1607,1589,1500,2012,1598,1742,1500,1500,1598,988,1500,1500,1500,1500,1500,1500,1500,1372,1628,1500,1500,1500,2012,1500,1800,1678,1500,1520,1505,1500,988,8.3
2025-05-10,18:39:14.890,-76,-79,10,4706,3460,54,1,15,5172,0,18,226,376,354,-9,519,342,0,-1,-1,-1,0x1010480014840605,1563,1582,1589,1500,2012,1613,1688,1500,1500,1612,988,1500,1500,1500,1500,1500,1500,1500,1372,1628,1500,1500,1500,2012,1500,1747,1638,1500,1520,1505,1500,988,8.3
2025-05-10,18:39:15.390,-81,-81,10,3833,3620,55,1,15,4193,0,19,456,372,354,-9,519,342,0,-1,-1,-1,0x1010480014840205,1614,1581,1589,1500,2012,1728,1685,1500,1500,1728,988,1500,1500,1500,1500,1500,1500,1500,1372,1628,1500,1500,1500,2012,1500,1745,1636,1500,1520,1505,1500,988,8.3
2025-05-10,18:39:15.890,-77,-84,10,3835,1030,54,1,15,1211,0,19,0,57,354,-8,519,342,0,-1,-1,-1,0x1010480010840205,1512,1515,1589,1500,2012,1500,1528,1500,1500,1500,988,1500,1500,1500,1500,1500,1500,1500,1270,1730,1500,1500,1500,2012,1500,1545,1525,1500,1520,1505,1500,988,8.3
2025-05-10,18:39:16.390,-76,-80,10,3845,1080,54,1,15,0,0,19,-1,6,354,-9,519,342,0,-1,-1,-1,0x1010480010840205,1512,1501,1589,1500,2012,1500,1503,1500,1500,1500,988,1500,1500,1500,1500,1500,1500,1500,1366,2012,1500,1500,1500,2012,1500,1505,1502,1500,1520,1505,1500,988,8.3
2025-05-10,18:39:16.890,-74,-73,10,3848,1040,53,1,15,0,0,19,-1,4,354,-9,519,342,0,-1,-1,-1,0x1010480010840205,1512,1501,1589,1500,2012,1500,1502,1500,1500,1500,988,1500,1500,1500,1500,1500,1500,1500,1372,2012,1500,1500,1500,2012,1500,1503,1501,1500,1520,1505,1500,988,8.3
2025-05-10,18:39:17.390,-76,-73,10,3849,1110,53,1,15,0,0,19,-1,4,354,-9,519,342,0,-1,-1,-1,0x1010480010840205,1512,1501,1589,1500,2012,1500,1502,1500,1500,1500,988,1500,1500,1500,1500,1500,1500,1500,1500,2012,1500,1500,1500,2012,1500,1503,1501,1500,1520,1505,1500,988,8.3
2025-05-10,18:39:17.890,-77,-82,10,3851,1080,53,1,15,0,0,20,-1,3,354,-9,519,342,0,-1,-1,-1,0x1010480010840205,1512,1500,1589,1500,2012,1500,1501,1500,1500,1500,988,1500,1500,1500,1500,1500,1500,1500,1500,2012,1500,1500,1500,2012,1500,1502,1501,1500,1520,1505,1500,988,8.3
2025-05-10,18:39:18.390,-76,-82,10,3852,1090,53,1,15,0,0,20,-1,3,354,-9,519,342,0,-1,-1,-1,0x1010480010840205,1512,1500,1589,1500,2012,1500,1501,1500,1500,1500,988,1500,1500,1500,1500,1500,1500,1500,1500,2012,1500,1500,1500,2012,1500,1502,1501,1500,1520,1505,1500,988,8.3
2025-05-10,18:39:18.890,-76,-82,10,3853,1070,53,1,15,0,0,20,0,4,354,-9,519,342,0,-1,-1,-1,0x1010480010840205,1512,1501,1586,1500,2012,1500,1502,1500,1500,1500,988,1500,1500,1500,1500,1500,1500,1500,1500,2012,1500,1500,1500,2012,1500,1504,1502,1500,1520,1505,1500,988,8.3
2025-05-10,18:39:19.390,-75,-76,10,3855,310,52,1,15,0,0,20,0,5,354,-9,519,342,0,-1,-1,-1,0x1010480010840204,1512,1501,1500,1500,2012,1500,1502,1500,1500,1500,988,1500,1500,1500,1500,1500,1500,1500,1500,2012,1500,1500,1500,2012,1500,1504,1502,1500,1520,1505,1500,988,8.3
2025-05-10,18:39:19.890,-76,-74,10,3858,290,52,1,15,0,0,20,-1,5,354,-8,519,342,0,-1,-1,-1,0x1010480010840204,1512,1501,1500,1500,2012,1500,1502,1500,1500,1500,988,1500,1500,1500,1500,1500,1500,1500,1500,2012,1500,1500,1500,2012,1500,1504,1502,1500,1520,1505,1500,988,8.3
2025-05-10,18:39:20.390,-76,-74,10,3860,300,49,1,15,0,0,20,0,5,354,-8,519,342,0,-1,-1,-1,0x1010480010840204,1512,1501,1500,1500,2012,1500,1502,1500,1500,1500,988,1500,1500,1500,1500,1500,1500,1500,1500,2012,1500,1500,1500,2012,1500,1504,1502,1500,1520,1505,1500,988,8.3
2025-05-10,18:39:20.890,-76,-73,10,3861,290,48,1,15,0,0,20,-1,5,354,-9,519,342,0,-1,-1,-1,0x1010480010840204,1512,1501,1500,1500,2012,1500,1502,1500,1500,1500,988,1500,1500,1500,1500,1500,1500,1500,1500,2012,1500,1500,1500,2012,1500,1504,1502,1500,1520,1505,1500,988,8.3
2025-05-10,18:39:21.390,-76,-74,10,3862,300,48,1,15,0,0,20,0,5,354,-9,519,342,0,-1,-1,-1,0x1010480010840204,1512,1501,1500,1500,2012,1500,1502,1500,1500,1500,988,1500,1500,1500,1500,1500,1500,1500,1500,2012,1500,1500,1500,2012,1500,1504,1502,1500,1520,1505,1500,988,8.3
2025-05-10,18:39:21.890,-74,-72,10,3863,280,48,1,15,0,0,20,-1,5,354,-8,519,342,0,-1,-1,-1,0x1010480010840204,1512,1501,1500,1500,2012,1500,1502,1500,1500,1500,988,1500,1500,1500,1500,1500,1500,1500,1500,2012,1500,1500,1500,2012,1500,1504,1502,1500,1520,1505,1500,988,8.3
2025-05-10,18:39:22.390,-74,-75,10,3864,330,48,1,15,0,0,20,0,6,354,-9,519,342,0,-1,-1,-1,0x1010480010840204,1512,1501,1500,1500,2012,1500,1503,1500,1500,1500,988,1500,1500,1500,1500,1500,1500,1500,1500,2012,1500,1500,1500,2012,1500,1505,1502,1500,1520,1505,1500,988,8.3
2025-05-10,18:39:22.900,-72,-75,10,3865,300,48,1,15,0,0,20,-1,6,354,-9,519,342,0,-1,-1,-1,0x1010480010840204,1512,1501,1500,1500,2012,1500,1503,1500,1500,1500,988,1500,1500,1500,1500,1500,1500,1500,1500,2012,1500,1500,1500,2012,1500,1505,1502,1500,1520,1505,1500,988,8.3
2025-05-10,18:39:23.390,-74,-77,10,3865,330,48,1,15,0,0,20,-1,6,354,-9,519,342,0,-1,-1,-1,0x1010480010840204,1512,1502,1500,1500,2012,1500,1503,1500,1500,1500,988,1500,1500,1500,1500,1500,1500,1500,1500,2012,1500,1500,1500,2012,1500,1505,1503,1500,1520,1505,1500,988,8.3
2025-05-10,18:39:23.890,-77,-77,10,3866,290,48,1,15,0,0,20,-1,4,354,-9,519,342,0,-1,-1,-1,0x1010480010840204,1512,1501,1500,1500,2012,1500,1502,1500,1500,1500,988,1500,1500,1500,1500,1500,1500,1500,1500,2012,1500,1500,1500,2012,1500,1503,1501,1500,1520,1505,1500,988,8.3
2025-05-10,18:39:24.390,-73,-75,10,3867,280,48,1,15,0,0,20,-1,5,354,-8,519,342,0,-1,-1,-1,0x1010480010840204,1512,1501,1500,1500,2012,1500,1502,1500,1500,1500,988,1500,1500,1500,1500,1500,1500,1500,1500,2012,1500,1500,1500,2012,1500,1504,1502,1500,1520,1505,1500,988,8.3
2025-05-10,18:39:24.890,-74,-75,10,3868,320,48,1,15,0,0,20,-1,6,354,-8,519,342,0,-1,-1,-1,0x1010480010840204,1512,1501,1500,1500,2012,1500,1503,1500,1500,1500,988,1500,1500,1500,1500,1500,1500,1500,1500,2012,1500,1500,1500,2012,1500,1504,1502,1500,1520,1505,1500,988,8.3
2025-05-10,18:39:25.390,-74,-76,10,4434,320,48,1,15,0,0,20,-1,4,354,-9,519,342,0,-1,-1,-1,0x1010480010840204,1512,1501,1500,1500,2012,1500,1502,1500,1500,1500,988,1500,1500,1500,1500,1500,1500,1500,1500,2012,1500,1500,1500,2012,1500,1503,1501,1500,1520,1505,1500,988,8.3
2025-05-10,18:39:25.890,-73,-75,10,3869,310,48,1,15,0,0,20,0,4,354,-9,519,342,0,-1,-1,-1,0x1010480010840204,1512,1501,1500,1500,2012,1500,1502,1500,1500,1500,988,1500,1500,1500,1500,1500,1500,1500,1500,2012,1500,1500,1500,2012,1500,1503,1501,1500,1520,1505,1500,988,8.3
2025-05-10,18:39:26.390,-72,-76,10,3870,300,48,1,15,0,0,20,-1,5,354,-9,519,342,0,-1,-1,-1,0x1010480010840204,1512,1501,1500,1500,2012,1500,1502,1500,1500,1500,988,1500,1500,1500,1500,1500,1500,1500,1500,2012,1500,1500,1500,2012,1500,1504,1502,1500,1520,1505,1500,988,8.3
2025-05-10,18:39:26.890,-69,-73,10,3871,250,47,1,15,0,0,21,-1,5,354,-9,519,342,0,-1,-1,-1,0x1010480010840204,1512,1501,1500,1500,2012,1500,1502,1500,1500,1500,988,1500,1500,1500,1500,1500,1500,1500,1500,2012,1500,1500,1500,2012,1500,1504,1502,1500,1520,1505,1500,988,8.3
2025-05-10,18:39:27.390,-72,-76,10,3871,260,47,1,15,0,0,21,-1,6,354,-8,519,342,0,-1,-1,-1,0x1010480010840204,1512,1501,1500,1500,2012,1500,1503,1500,1500,1500,988,1500,1500,1500,1500,1500,1500,1500,1500,2012,1500,1500,1500,2012,1500,1504,1502,1500,1520,1505,1500,988,8.3
2025-05-10,18:39:27.890,-74,-72,10,3872,260,47,1,15,0,0,21,-1,6,354,-9,519,342,0,-1,-1,-1,0x1010480010840204,1512,1501,1500,1500,2012,1500,1503,1500,1500,1500,988,1500,1500,1500,1500,1500,1500,1500,1500,2012,1500,1500,1500,2012,1500,1505,1502,1500,1520,1505,1500,988,8.3
2025-05-10,18:39:28.390,-74,-75,10,3872,300,47,1,15,0,0,21,0,6,354,-9,519,342,0,-1,-1,-1,0x1010480010840204,1512,1501,1500,1500,2012,1500,1503,1500,1500,1500,988,1500,1500,1500,1500,1500,1500,1500,1500,2012,1500,1500,1500,2012,1500,1505,1502,1500,1520,1505,1500,988,8.3
2025-05-10,18:39:28.890,-74,-75,50,3873,280,47,1,15,0,0,21,0,5,354,-9,519,341,0,-1,-1,-1,0x1010480010840204,1512,1501,1500,1500,2012,1500,1502,1500,1500,1500,988,1500,1500,1500,1500,1500,1500,1500,1500,2012,1500,1500,1500,2012,1500,1504,1502,1500,1520,1505,1500,988,8.3
2025-05-10,18:39:29.390,-79,-82,10,3874,300,47,1,15,0,0,21,-1,6,354,-9,519,342,0,-1,-1,-1,0x1010480010840204,1512,1501,1500,1500,2012,1500,1503,1500,1500,1500,988,1500,1500,1500,1500,1500,1500,1500,1500,2012,1500,1500,1500,2012,1500,1504,1502,1500,1520,1505,1500,988,8.3
2025-05-10,18:39:29.890,-76,-80,10,3874,300,47,1,15,0,0,21,-1,6,354,-9,519,342,0,-1,-1,-1,0x1010480010840204,1512,1501,1500,1500,2012,1500,1503,1500,1500,1500,988,1500,1500,1500,1500,1500,1500,1500,1500,2012,1500,1500,1500,2012,1500,1505,1502,1500,1520,1505,1500,988,8.3
2025-05-10,18:39:30.390,-77,-80,10,4718,350,47,1,15,0,0,21,-1,6,354,-9,519,342,0,-1,-1,-1,0x1010480010840204,1512,1501,1500,1500,2012,1500,1503,1500,1500,1500,988,1500,1500,1500,1500,1500,1500,1500,1500,2012,1500,1500,1500,2012,1500,1505,1502,1500,1520,1505,1500,988,8.3
2025-05-10,18:39:30.890,-77,-79,10,3875,310,47,1,15,0,0,21,-1,6,354,-9,519,342,0,-1,-1,-1,0x1010480010840204,1512,1502,1500,1500,2012,1500,1503,1500,1500,1500,988,1500,1500,1500,1500,1500,1500,1500,1500,2012,1500,1500,1500,2012,1500,1505,1503,1500,1520,1505,1500,988,8.3
2025-05-10,18:39:31.390,-76,-72,10,3876,280,47,1,15,0,0,21,0,6,354,-9,519,342,0,-1,-1,-1,0x1010480010840204,1512,1502,1500,1500,2012,1500,1503,1500,1500,1500,988,1500,1500,1500,1500,1500,1500,1500,1500,2012,1500,1500,1500,2012,1500,1505,1503,1500,1520,1505,1500,988,8.3
2025-05-10,18:39:31.890,-76,-72,250,3876,320,47,1,15,0,0,21,-1,7,354,-8,519,342,0,-1,-1,-1,0x1010480010840204,1512,1502,1500,1500,2012,1500,1503,1500,1500,1500,988,1500,1500,1500,1500,1500,1500,1500,1500,2012,1500,1500,1500,2012,1500,1505,1503,1500,1520,1505,1500,988,8.3
2025-05-10,18:39:32.390,-72,-80,10,3877,280,47,1,15,0,0,21,-1,7,354,-9,519,342,0,-1,-1,-1,0x1010480010840204,1512,1502,1500,1500,2012,1500,1503,1500,1500,1500,988,1500,1500,1500,1500,1500,1500,1500,1500,2012,1500,1500,1500,2012,1500,1505,1503,1500,1520,1505,1500,988,8.3
2025-05-10,18:39:32.890,-77,-80,10,3877,340,47,1,15,0,0,21,-1,7,354,-8,519,342,0,-1,-1,-1,0x1010480010840204,1512,1502,1500,1500,2012,1500,1503,1500,1500,1500,988,1500,1500,1500,1500,1500,1500,1500,1500,2012,1500,1500,1500,2012,1500,1505,1503,1500,1520,1505,1500,988,8.3
2025-05-10,18:39:33.390,-78,-77,10,3878,320,47,1,15,0,0,21,-1,7,354,-9,519,342,0,-1,-1,-1,0x1010480010840204,1512,1502,1500,1500,2012,1500,1503,1500,1500,1500,988,1500,1500,1500,1500,1500,1500,1500,1500,2012,1500,1500,1500,2012,1500,1505,1503,1500,1520,1505,1500,988,8.3
2025-05-10,18:39:33.890,-85,-80,10,3878,340,47,1,15,0,0,21,-1,5,354,-8,519,342,0,-1,-1,-1,0x1010480010840204,1512,1501,1500,1500,2012,1500,1502,1500,1500,1500,988,1500,1500,1500,1500,1500,1500,1500,1500,2012,1500,1500,1500,2012,1500,1504,1502,1500,1520,1505,1500,988,8.3
2025-05-10,18:39:34.390,-76,-82,10,3878,280,47,1,15,0,0,21,0,6,354,-9,519,342,0,-1,-1,-1,0x1010480010840204,1512,1501,1500,1500,2012,1500,1503,1500,1500,1500,988,1500,1500,1500,1500,1500,1500,1500,1500,2012,1500,1500,1500,2012,1500,1505,1502,1500,1520,1505,1500,988,8.3
2025-05-10,18:39:34.890,-75,-82,10,3879,290,47,1,15,0,0,21,0,5,354,-9,519,342,0,-1,-1,-1,0x1010480010840204,1512,1501,1500,1500,2012,1500,1502,1500,1500,1500,988,1500,1500,1500,1500,1500,1500,1500,1500,2012,1500,1500,1500,2012,1500,1504,1501,1500,1520,1505,1500,988,8.3
2025-05-10,18:39:35.390,-76,-78,10,3879,290,47,1,15,0,0,21,-1,5,354,-9,519,342,0,-1,-1,-1,0x1010480010840204,1512,1501,1500,1500,2012,1500,1502,1500,1500,1500,988,1500,1500,1500,1500,1500,1500,1500,1500,2012,1500,1500,1500,2012,1500,1504,1502,1500,1520,1505,1500,988,8.3
2025-05-10,18:39:35.890,-74,-79,10,3880,290,47,1,15,0,0,21,-1,5,354,-9,519,342,0,-1,-1,-1,0x1010480010840204,1512,1501,1500,1500,2012,1500,1502,1500,1500,1500,988,1500,1500,1500,1500,1500,1500,1500,1500,2012,1500,1500,1500,2012,1500,1504,1502,1500,1520,1505,1500,988,8.3
2025-05-10,18:39:36.390,-76,-79,10,3880,320,47,1,15,0,0,21,-1,5,354,-9,519,342,0,-1,-1,-1,0x1010480010840204,1512,1501,1500,1500,2012,1500,1502,1500,1500,1500,988,1500,1500,1500,1500,1500,1500,1500,1500,2012,1500,1500,1500,2012,1500,1503,1502,1500,1520,1505,1500,988,8.3
2025-05-10,18:39:36.890,-76,-79,10,3880,310,47,1,15,0,0,21,-1,6,354,-8,519,342,0,-1,-1,-1,0x1010480010840204,1512,1501,1500,1500,2012,1500,1503,1500,1500,1500,988,1500,1500,1500,1500,1500,1500,1500,1500,2012,1500,1500,1500,2012,1500,1505,1502,1500,1520,1505,1500,988,8.3
2025-05-10,18:39:37.390,-74,-79,10,3881,290,47,1,15,0,0,21,-2,6,354,-9,519,342,0,-1,-1,-1,0x1010480010840204,1512,1501,1500,1500,2012,1499,1503,1500,1500,1499,988,1500,1500,1500,1500,1500,1500,1500,1500,2012,1500,1500,1500,2012,1500,1505,1502,1500,1520,1505,1500,988,8.3
2025-05-10,18:39:37.890,-74,-74,10,3881,300,47,1,15,0,0,21,-1,4,354,-9,519,342,0,-1,-1,-1,0x1010480010840204,1512,1501,1500,1500,2012,1500,1502,1500,1500,1500,988,1500,1500,1500,1500,1500,1500,1500,1500,2012,1500,1500,1500,2012,1500,1503,1501,1500,1520,1505,1500,988,8.3
2025-05-10,18:39:38.390,-74,-74,10,3881,270,47,1,15,0,0,21,0,5,354,-9,519,342,0,-1,-1,-1,0x1010480010840204,1512,1501,1500,1500,2012,1500,1502,1500,1500,1500,988,1500,1500,1500,1500,1500,1500,1500,1500,2012,1500,1500,1500,2012,1500,1504,1502,1500,1520,1505,1500,988,8.3
2025-05-10,18:39:38.890,-74,-69,100,3882,260,47,1,15,0,0,21,-1,5,354,-9,519,342,0,-1,-1,-1,0x1010480010840204,1512,1501,1500,1500,2012,1500,1502,1500,1500,1500,988,1500,1500,1500,1500,1500,1500,1500,1500,2012,1500,1500,1500,2012,1500,1505,1502,1500,1520,1505,1500,988,8.3
2025-05-10,18:39:39.390,-76,-73,10,3882,300,47,1,15,0,0,21,-1,5,354,-8,519,342,0,-1,-1,-1,0x1010480010840204,1512,1501,1500,1500,2012,1500,1502,1500,1500,1500,988,1500,1500,1500,1500,1500,1500,1500,1500,2012,1500,1500,1500,2012,1500,1504,1502,1500,1520,1505,1500,988,8.3
2025-05-10,18:39:39.890,-77,-80,10,3882,310,47,1,15,0,0,22,-1,5,354,-8,519,342,0,-1,-1,-1,0x1010480010840204,1512,1501,1500,1500,2012,1500,1502,1500,1500,1500,988,1500,1500,1500,1500,1500,1500,1500,1500,2012,1500,1500,1500,2012,1500,1504,1502,1500,1520,1505,1500,988,8.3
2025-05-10,18:39:40.390,-75,-76,10,3883,300,47,1,15,0,0,22,-3,5,354,-9,519,342,0,-1,-1,-1,0x1010480010840204,1512,1501,1500,1500,2012,1499,1502,1500,1500,1499,988,1500,1500,1500,1500,1500,1500,1500,1500,2012,1500,1500,1500,2012,1500,1504,1502,1500,1520,1505,1500,988,8.3
2025-05-10,18:39:40.890,-77,-93,10,3883,250,47,1,15,0,0,22,0,5,354,-9,519,342,0,-1,-1,-1,0x1010480010840204,1512,1501,1500,1500,2012,1500,1502,1500,1500,1500,988,1500,1500,1500,1500,1500,1500,1500,1500,2012,1500,1500,1500,2012,1500,1504,1502,1500,1520,1505,1500,988,8.3
2025-05-10,18:39:41.390,-76,-81,10,3883,280,47,1,15,0,0,22,-1,5,354,-9,519,342,0,-1,-1,-1,0x1010480010840204,1512,1501,1500,1500,2012,1500,1502,1500,1500,1500,988,1500,1500,1500,1500,1500,1500,1500,1500,2012,1500,1500,1500,2012,1500,1504,1502,1500,1520,1505,1500,988,8.3
2025-05-10,18:39:41.890,-77,-77,10,3884,260,47,1,15,0,0,22,-1,4,354,-9,519,342,0,-1,-1,-1,0x1010480010840204,1512,1501,1500,1500,2012,1500,1502,1500,1500,1500,988,1500,1500,1500,1500,1500,1500,1500,1500,2012,1500,1500,1500,2012,1500,1503,1501,1500,1520,1505,1500,988,8.3
2025-05-10,18:39:42.390,-77,-79,10,3884,310,47,1,15,0,0,22,-1,4,354,-8,519,342,0,-1,-1,-1,0x1010480010840204,1512,1501,1500,1500,2012,1500,1502,1500,1500,1500,988,1500,1500,1500,1500,1500,1500,1500,1500,2012,1500,1500,1500,2012,1500,1503,1501,1500,1520,1505,1500,988,8.3
2025-05-10,18:39:42.890,-77,-79,250,3884,270,47,1,15,0,0,22,-1,7,354,-8,519,341,0,-1,-1,-1,0x1010480010840204,1512,1502,1500,1500,2012,1500,1503,1500,1500,1500,988,1500,1500,1500,1500,1500,1500,1500,1500,2012,1500,1500,1500,2012,1500,1505,1503,1500,1520,1505,1500,988,8.3
2025-05-10,18:39:43.390,-66,-79,100,3884,250,47,1,15,0,0,22,-1,2,354,-9,519,342,0,-1,-1,-1,0x1010480010840204,1512,1500,1500,1500,2012,1500,1501,1500,1500,1500,988,1500,1500,1500,1500,1500,1500,1500,1500,2012,1500,1500,1500,2012,1500,1501,1500,1500,1520,1505,1500,988,8.3
2025-05-10,18:39:43.890,-66,-79,250,3885,250,47,1,15,0,0,22,-1,5,354,-8,519,341,0,-1,-1,-1,0x1010480010840204,1512,1501,1500,1500,2012,1500,1502,1500,1500,1500,988,1500,1500,1500,1500,1500,1500,1500,1500,2012,1500,1500,1500,2012,1500,1504,1502,1500,1520,1505,1500,988,8.3
2025-05-10,18:39:44.390,-65,-67,25,3885,320,47,1,15,0,0,22,-1,4,354,-9,519,342,0,-1,-1,-1,0x1010480010840204,1512,1501,1500,1500,2012,1500,1502,1500,1500,1500,988,1500,1500,1500,1500,1500,1500,1500,1500,2012,1500,1500,1500,2012,1500,1503,1501,1500,1520,1505,1500,988,8.3
2025-05-10,18:39:44.890,-74,-74,10,3885,340,47,1,15,0,0,22,-1,2,354,-9,519,342,0,-1,-1,-1,0x1010480010840204,1512,1500,1500,1500,2012,1500,1501,1500,1500,1500,988,1500,1500,1500,1500,1500,1500,1500,1500,2012,1500,1500,1500,2012,1500,1501,1500,1500,1520,1505,1500,988,8.3
2025-05-10,18:39:45.390,-75,-78,10,3885,300,47,1,15,0,0,22,-1,2,354,-9,519,342,0,-1,-1,-1,0x1010480010840204,1512,1500,1500,1500,2012,1500,1501,1500,1500,1500,988,1500,1500,1500,1500,1500,1500,1500,1500,2012,1500,1500,1500,2012,1500,1501,1500,1500,1520,1505,1500,988,8.3
2025-05-10,18:39:45.890,-76,-74,10,3886,320,46,1,15,0,0,22,-1,2,354,-8,519,342,0,-1,-1,-1,0x1010480010840204,1512,1500,1500,1500,2012,1500,1501,1500,1500,1500,988,1500,1500,1500,1500,1500,1500,1500,1500,2012,1500,1500,1500,2012,1500,1501,1500,1500,1520,1505,1500,988,8.3
2025-05-10,18:39:46.390,-76,-75,10,3886,340,46,1,15,0,0,22,0,3,354,-8,519,342,0,-1,-1,-1,0x1010480010840204,1512,1500,1500,1500,2012,1500,1501,1500,1500,1500,988,1500,1500,1500,1500,1500,1500,1500,1500,2012,1500,1500,1500,2012,1500,1501,1500,1500,1520,1505,1500,988,8.3
2025-05-10,18:39:46.890,-73,-75,10,3886,300,46,1,15,0,0,22,-1,3,354,-8,519,342,0,-1,-1,-1,0x1010480010840204,1512,1500,1500,1500,2012,1500,1501,1500,1500,1500,988,1500,1500,1500,1500,1500,1500,1500,1500,2012,1500,1500,1500,2012,1500,1502,1501,1500,1520,1505,1500,988,8.3
2025-05-10,18:39:47.390,-76,-76,10,3886,300,46,1,15,0,0,22,-1,3,354,-9,519,342,0,-1,-1,-1,0x1010480010840204,1512,1500,1500,1500,2012,1500,1501,1500,1500,1500,988,1500,1500,1500,1500,1500,1500,1500,1500,2012,1500,1500,1500,2012,1500,1502,1501,1500,1520,1505,1500,988,8.3
2025-05-10,18:39:47.890,-80,-75,10,3887,300,46,1,15,0,0,22,-1,2,354,-9,519,342,0,-1,-1,-1,0x1010480010840204,1512,1500,1500,1500,2012,1500,1501,1500,1500,1500,988,1500,1500,1500,1500,1500,1500,1500,1500,2012,1500,1500,1500,2012,1500,1501,1500,1500,1520,1505,1500,988,8.3
2025-05-10,18:39:48.390,-80,-76,10,3887,280,46,1,15,0,0,22,0,3,354,-8,519,342,0,-1,-1,-1,0x1010480010840204,1512,1500,1500,1500,2012,1500,1501,1500,1500,1500,988,1500,1500,1500,1500,1500,1500,1500,1500,2012,1500,1500,1500,2012,1500,1502,1501,1500,1520,1505,1500,988,8.3
2025-05-10,18:39:48.890,-72,-75,10,3887,200,47,1,15,0,0,22,0,3,354,-8,519,342,0,-1,-1,-1,0x1010480010840204,1512,1501,1500,1500,2012,1500,1501,1500,1500,1500,988,1500,1500,1500,1500,1500,1500,1500,1500,2012,1500,1500,1500,2012,1500,1502,1501,1500,1520,1505,1500,988,8.3
2025-05-10,18:39:49.390,-72,-72,10,3887,210,46,1,15,0,0,22,-5,2,354,-9,519,342,0,-1,-1,-1,0x1010480010840204,1511,1500,1500,1500,2012,1498,1501,1500,1500,1498,988,1500,1500,1500,1500,1500,1500,1500,1500,2012,1500,1500,1500,2012,1500,1501,1500,1500,1520,1505,1500,988,8.3
2025-05-10,18:39:49.890,-76,-68,10,3887,710,47,1,15,180,0,22,-213,248,354,-9,519,342,0,-1,-1,-1,0x1010480014840204,1475,1548,1527,1500,2012,1394,1624,1500,1500,1394,988,1500,1500,1500,1500,1500,1500,1500,1372,1628,1500,1500,1500,2012,1500,1665,1581,1500,1520,1505,1500,988,8.3
2025-05-10,18:39:50.390,-81,-75,10,3887,1920,47,1,15,2171,0,23,-132,289,354,-9,519,342,0,-1,-1,-1,0x1010480014840205,1489,1561,1589,1500,2012,1434,1644,1500,1500,1434,988,1500,1500,1500,1500,1500,1500,1500,1372,1628,1500,1500,1500,2012,1500,1698,1602,1500,1520,1505,1500,988,8.3
2025-05-10,18:39:50.890,-69,-74,10,3879,5900,47,1,15,4551,0,23,-212,477,354,-9,519,342,0,-1,-1,-1,0x1010480014840205,1472,1605,1589,1500,2012,1394,1738,1500,1500,1386,988,1500,1500,1500,1500,1500,1500,1500,1372,1628,1500,1500,1500,2012,1500,1797,1675,1500,1520,1505,1500,988,8.3
2025-05-10,18:39:51.390,-71,-74,10,3869,27950,48,1,15,11583,0,24,246,806,354,-9,519,342,0,-1,-1,-1,0x1010480014840205,1561,1713,1589,1500,2012,1623,1903,1500,1500,1609,988,1500,1500,1500,1500,1500,1500,1500,1372,1628,1500,1500,1500,2012,1500,1938,1855,1500,1520,1505,1500,988,8.3
2025-05-10,18:39:51.890,-70,-71,10,3863,3080,51,1,15,8928,0,26,579,359,354,-9,519,342,0,-1,-1,-1,0x1010480014840205,1639,1578,1589,1500,2012,1789,1679,1500,1500,1784,988,1500,1500,1500,1500,1500,1500,1500,1372,1628,1500,1500,1500,2012,1500,1737,1630,1500,1520,1505,1500,988,8.3
2025-05-10,18:39:52.390,-78,-77,10,3864,2640,51,1,15,6734,0,26,200,360,354,-9,519,342,0,-1,-1,-1,0x1010480014840205,1558,1578,1589,1500,2012,1600,1680,1500,1500,1600,988,1500,1500,1500,1500,1500,1500,1500,1372,1628,1500,1500,1500,2012,1500,1737,1630,1500,1520,1505,1500,988,8.3
2025-05-10,18:39:52.890,-85,-80,10,3873,10750,52,1,15,6631,0,27,-628,826,354,-9,519,342,0,-1,-1,-1,0x1010480014840205,1372,1694,1589,1500,2012,1186,1913,1500,1500,1187,988,1500,1500,1500,1500,1500,1500,1500,1372,1628,1500,1500,1500,2012,1500,1932,1824,1500,1520,1505,1500,988,8.3
2025-05-10,18:39:53.390,-87,-80,10,3868,7790,52,1,15,11895,0,31,-158,1017,354,-9,519,342,0,-1,-1,-1,0x1010480014842205,1478,1803,1589,1500,2012,1429,2008,1500,1500,1404,988,1500,1500,1500,1500,1500,1500,1500,1372,1628,1500,1500,1500,2012,1500,2009,2006,1500,1520,1505,1500,988,8.3
2025-05-10,18:39:53.890,-82,-84,10,3824,4230,52,1,15,13605,0,34,173,581,354,-8,519,342,0,-1,-1,-1,0x1010480014840205,1551,1611,1589,1500,2012,1586,1790,1500,1500,1587,988,1500,1500,1500,1500,1500,1500,1500,1372,1628,1500,1500,1500,2012,1500,1816,1685,1500,1520,1505,1500,988,8.3
2025-05-10,18:39:54.390,-74,-67,10,3824,3520,52,1,15,14042,0,35,188,777,354,-9,519,342,0,-1,-1,-1,0x1010480014840205,1554,1682,1589,1500,2012,1594,1894,1500,1500,1593,988,1500,1500,1500,1500,1500,1500,1500,1372,1628,1500,1500,1500,2012,1500,1919,1804,1500,1520,1505,1500,988,8.3
2025-05-10,18:39:54.890,-82,-77,10,3850,19500,52,1,15,11972,0,36,701,954,354,-9,519,342,0,-1,-1,-1,0x1010480014840205,1707,1761,1589,1500,2012,1850,1977,1500,1500,1905,988,1500,1500,1500,1500,1500,1500,1500,1372,1628,1500,1500,1500,2012,1500,1979,1935,1500,1520,1505,1500,988,8.3
2025-05-10,18:39:55.390,-86,-88,10,3838,30960,52,1,15,17896,1,41,532,1003,354,-9,519,342,0,-1,-1,-1,0x1010480014842205,1628,1797,1589,1500,2012,1766,2001,1500,1500,1760,988,1500,1500,1500,1500,1500,1500,1500,1372,1628,1500,1500,1500,2012,1500,2004,1995,1500,1520,1505,1500,988,8.3
2025-05-10,18:39:55.890,-81,-88,10,3787,17620,53,1,15,21792,1,43,-202,733,354,-9,519,342,0,-1,-1,-1,0x1010480014840605,1475,1698,1589,1500,2012,1399,1866,1500,1500,1394,988,1500,1500,1500,1500,1500,1500,1500,1372,1628,1500,1500,1500,2012,1500,1937,1830,1500,1520,1505,1500,988,8.3
2025-05-10,18:39:56.390,-74,-69,10,3806,1630,54,1,15,10532,1,43,-1024,114,354,-9,519,342,0,-1,-1,-1,0x1010480014840605,1177,1529,1589,1500,2012,988,1557,1500,1500,988,988,1500,1500,1500,1500,1500,1500,1500,1372,1628,1500,1500,1500,2012,1500,1593,1548,1500,1520,1505,1500,988,8.3
2025-05-10,18:39:56.890,-74,-71,10,3859,9810,55,1,15,5945,1,44,-566,501,354,-9,519,342,0,-1,-1,-1,0x1010480014840E05,1385,1613,1589,1500,2012,1217,1750,1500,1500,1206,988,1500,1500,1500,1500,1500,1500,1500,1372,1628,1500,1500,1500,2012,1500,1814,1689,1500,1520,1505,1500,988,8.3
2025-05-10,18:39:57.390,-74,-69,10,3863,1070,54,1,15,567,1,44,0,7,354,-8,519,342,0,-1,-1,-1,0x1010480010840605,1512,1502,1589,1500,2012,1500,1503,1500,1500,1500,988,1500,1500,1500,1500,1500,1500,1500,1173,2012,1500,1500,1500,2012,1500,1505,1503,1500,1520,1505,1500,988,8.3
2025-05-10,18:39:57.890,-74,-64,10,3866,1580,54,1,15,223,1,44,844,205,354,-8,519,342,0,-1,-1,-1,0x1010480014840605,1711,1543,1589,1500,2012,1922,1602,1500,1500,1914,988,1500,1500,1500,1500,1500,1500,1500,1372,1628,1500,1500,1500,2012,1500,1646,1572,1500,1520,1505,1500,988,8.3
2025-05-10,18:39:58.390,-73,-64,10,3867,9180,53,1,15,3298,1,45,1024,488,354,-9,519,342,0,-1,-1,-1,0x1010480014840605,1786,1607,1589,1500,2012,2012,1744,1500,1500,2012,988,1500,1500,1500,1500,1500,1500,1500,1372,1628,1500,1500,1500,2012,1500,1802,1679,1500,1520,1505,1500,988,8.3
2025-05-10,18:39:58.890,-77,-77,10,3861,7470,53,1,15,3391,1,46,1024,487,354,-9,519,342,0,-1,-1,-1,0x1010480014840605,1786,1607,1589,1500,2012,2012,1743,1500,1500,2012,988,1500,1500,1500,1500,1500,1500,1500,1372,1628,1500,1500,1500,2012,1500,1801,1678,1500,1520,1505,1500,988,8.3
2025-05-10,18:39:59.390,-77,-68,10,3847,15330,53,1,15,8075,1,47,1024,705,354,-9,519,342,0,-1,-1,-1,0x1010480014840605,1786,1663,1589,1500,2012,2012,1852,1500,1500,2012,988,1500,1500,1500,1500,1500,1500,1500,1372,1628,1500,1500,1500,2012,1500,1896,1772,1500,1520,1505,1500,988,8.3
2025-05-10,18:39:59.890,-58,-63,10,3838,2750,52,1,15,7168,1,49,645,369,354,-8,519,342,0,-1,-1,-1,0x1010480014840205,1654,1577,1589,1500,2012,1822,1684,1500,1500,1816,988,1500,1500,1500,1500,1500,1500,1500,1372,1628,1500,1500,1500,2012,1500,1742,1629,1500,1520,1505,1500,988,8.3
2025-05-10,18:40:00.390,-65,-68,10,3843,3990,52,1,15,4645,1,49,842,452,354,-9,519,342,0,-1,-1,-1,0x1010480014840205,1718,1597,1589,1500,2012,1921,1726,1500,1500,1927,988,1500,1500,1500,1500,1500,1500,1500,1372,1628,1500,1500,1500,2012,1500,1779,1661,1500,1520,1505,1500,988,8.3
2025-05-10,18:40:00.890,-75,-72,10,3854,40380,51,1,15,10762,1,51,-257,1001,354,-9,519,342,0,-1,-1,-1,0x1010480014842205,1472,1796,1589,1500,2012,1372,2000,1500,1500,1385,988,1500,1500,1500,1500,1500,1500,1500,1372,1628,1500,1500,1500,2012,1500,1994,1971,1500,1520,1505,1500,988,8.3
2025-05-10,18:40:01.390,-86,-68,10,3845,2300,51,1,15,14551,1,55,3,415,354,-8,519,342,0,-1,-1,-1,0x1010480010840205,1513,1588,1589,1500,2012,1501,1707,1500,1500,1501,988,1500,1500,1500,1500,1500,1500,1500,1372,1628,1500,1500,1500,2012,1500,1760,1648,1500,1520,1505,1500,988,8.3
2025-05-10,18:40:01.890,-68,-65,10,3840,9350,51,1,15,9456,1,56,783,639,354,-8,519,342,0,-1,-1,-1,0x1010480014840205,1687,1644,1589,1500,2012,1891,1819,1500,1500,1874,988,1500,1500,1500,1500,1500,1500,1500,1372,1628,1500,1500,1500,2012,1500,1869,1741,1500,1520,1505,1500,988,8.3
2025-05-10,18:40:02.390,-68,-67,10,3840,8790,51,1,15,9764,1,57,532,667,354,-9,519,342,0,-1,-1,-1,0x1010480014840205,1640,1652,1589,1500,2012,1766,1833,1500,1500,1787,988,1500,1500,1500,1500,1500,1500,1500,1372,1628,1500,1500,1500,2012,1500,1880,1753,1500,1520,1505,1500,988,8.3
2025-05-10,18:40:02.890,-69,-71,10,3836,2800,51,1,15,8429,1,58,-1024,7,354,-9,519,342,0,-1,-1,-1,0x1010480014840205,1177,1502,1589,1500,2012,988,1503,1500,1500,988,988,1500,1500,1500,1500,1500,1500,1500,1219,1781,1500,1500,1500,2012,1500,1568,1503,1500,1520,1505,1500,988,8.3
2025-05-10,18:40:03.390,-71,-66,10,3835,13710,52,1,15,8025,1,59,-280,750,354,-9,519,342,0,-1,-1,-1,0x1010480014840205,1469,1675,1589,1500,2012,1353,1875,1500,1500,1377,988,1500,1500,1500,1500,1500,1500,1500,1372,1628,1500,1500,1500,2012,1500,1913,1792,1500,1520,1505,1500,988,8.3
2025-05-10,18:40:03.890,-52,-67,10,3825,22880,52,1,15,9232,1,61,-128,794,354,-9,519,342,0,-1,-1,-1,0x1010480014840205,1490,1696,1589,1500,2012,1436,1897,1500,1500,1435,988,1500,1500,1500,1500,1500,1500,1500,1372,1628,1500,1500,1500,2012,1500,1929,1826,1500,1520,1505,1500,988,8.3
2025-05-10,18:40:04.390,-54,-67,10,3796,15960,52,1,15,13427,1,65,-672,681,354,-9,519,342,0,-1,-1,-1,0x1010480014840605,1356,1663,1589,1500,2012,1164,1840,1500,1500,1164,988,1500,1500,1500,1500,1500,1500,1500,1372,1628,1500,1500,1500,2012,1500,1891,1772,1500,1520,1505,1500,988,8.3
2025-05-10,18:40:04.890,-60,-63,10,3790,11730,52,1,15,19060,1,68,-703,361,354,-9,519,342,0,-1,-1,-1,0x1010480014840E05,1336,1579,1589,1500,2012,1149,1680,1500,1500,1137,988,1500,1500,1500,1500,1500,1500,1500,1372,1628,1500,1500,1500,2012,1500,1886,1632,1500,1520,1505,1500,988,8.3
2025-05-10,18:40:05.390,-76,-70,10,3809,7600,52,1,15,11134,1,69,-990,619,354,-9,519,342,0,-1,-1,-1,0x1010480014840E05,1206,1638,1589,1500,2012,1005,1809,1500,1500,1011,988,1500,1500,1500,1500,1500,1500,1500,1372,1628,1500,1500,1500,2012,1500,1861,1731,1500,1520,1505,1500,988,8.3
2025-05-10,18:40:05.890,-76,-71,10,3829,9540,53,1,15,8272,1,70,-736,673,354,-8,519,342,0,-1,-1,-1,0x1010480014840E05,1337,1653,1589,1500,2012,1132,1836,1500,1500,1138,988,1500,1500,1500,1500,1500,1500,1500,1372,1628,1500,1500,1500,2012,1500,1882,1756,1500,1520,1505,1500,988,8.3
2025-05-10,18:40:06.390,-73,-72,10,3824,36300,52,1,15,16871,1,73,-466,1009,353,-9,519,342,0,-1,-1,-1,0x1010480014842605,1419,1799,1589,1500,2012,1267,2004,1500,1500,1268,988,1500,1500,1500,1500,1500,1500,1500,1372,1628,1500,1500,1500,2012,1500,2007,1999,1500,1520,1505,1500,988,8.3
2025-05-10,18:40:06.890,-74,-85,10,3771,31210,52,1,15,17032,1,78,71,1011,354,-9,519,342,0,-1,-1,-1,0x1010480014842605,1531,1800,1589,1500,2012,1535,2005,1500,1500,1543,988,1500,1500,1500,1500,1500,1500,1500,1372,1628,1500,1500,1500,2012,1500,2007,1999,1500,1520,1505,1500,988,8.3
2025-05-10,18:40:07.400,-76,-73,10,3744,1510,52,1,15,13856,1,79,87,164,354,-9,519,342,0,-1,-1,-1,0x1010480014840605,1534,1536,1589,1500,2012,1543,1582,1500,1500,1549,988,1500,1500,1500,1500,1500,1500,1500,1372,1628,1500,1500,1500,2012,1500,1621,1560,1500,1520,1505,1500,988,8.3
2025-05-10,18:40:07.890,-78,-81,10,3835,1280,53,1,15,11060,2,79,663,178,354,-9,519,342,0,-1,-1,-1,0x1010480014840605,1663,1538,1589,1500,2012,1831,1589,1500,1500,1832,988,1500,1500,1500,1500,1500,1500,1500,1372,1628,1500,1500,1500,2012,1500,1628,1563,1500,1520,1505,1500,988,8.3
2025-05-10,18:40:08.390,-74,-77,10,3849,1980,52,1,15,5177,2,79,1024,385,354,-9,519,342,0,-1,-1,-1,0x1010480014840205,1786,1580,1589,1500,2012,2012,1692,1500,1500,2012,988,1500,1500,1500,1500,1500,1500,1500,1372,1628,1500,1500,1500,2012,1500,1743,1634,1500,1520,1505,1500,988,8.3
2025-05-10,18:40:08.890,-66,-71,10,3850,44530,52,1,15,15812,2,82,1023,1006,354,-8,519,342,0,-1,-1,-1,0x1010480014842205,1785,1798,1589,1500,2012,2011,2003,1500,1500,2011,988,1500,1500,1500,1500,1500,1500,1500,1372,1628,1500,1500,1500,2012,1500,2005,1997,1500,1520,1505,1500,988,8.3
2025-05-10,18:40:09.390,-63,-71,10,3774,1740,53,1,15,9822,2,86,607,833,354,-9,519,342,0,-1,-1,-1,0x1010480014840205,1651,1687,1589,1500,2012,1803,1916,1500,1500,1809,988,1500,1500,1500,1500,1500,1500,1500,1372,1628,1500,1500,1500,2012,1500,1927,1811,1500,1520,1505,1500,988,8.3
2025-05-10,18:40:09.890,-67,-74,10,3736,3350,53,1,15,9349,2,88,2,413,354,-9,519,342,0,-1,-1,-1,0x1010480010840205,1512,1588,1589,1500,2012,1501,1706,1500,1500,1500,988,1500,1500,1500,1500,1500,1500,1500,1372,1628,1500,1500,1500,2012,1500,1760,1647,1500,1520,1505,1500,988,8.3
2025-05-10,18:40:10.390,-69,-72,10,3799,41740,53,1,15,16304,2,91,5,1018,354,-9,519,342,0,-1,-1,-1,0x1010480010842205,1513,1803,1589,1500,2012,1502,2009,1500,1500,1502,988,1500,1500,1500,1500,1500,1500,1500,1372,1628,1500,1500,1500,2012,1500,2010,2007,1500,1520,1505,1500,988,8.3
2025-05-10,18:40:10.890,-71,-78,10,3773,3330,53,1,15,14611,2,95,2,1016,354,-8,519,342,0,-1,-1,-1,0x1010480010842205,1513,1803,1589,1500,2012,1501,2008,1500,1500,1501,988,1500,1500,1500,1500,1500,1500,1500,1372,1628,1500,1500,1500,2012,1500,2009,1886,1500,1520,1505,1500,988,8.3
2025-05-10,18:40:11.390,-69,-76,10,3740,4390,54,1,15,15864,2,98,121,381,354,-8,519,342,0,-1,-1,-1,0x1010480014840205,1539,1586,1589,1500,2012,1560,1690,1500,1500,1560,988,1500,1500,1500,1500,1500,1500,1500,1372,1628,1500,1500,1500,2012,1500,1755,1643,1500,1520,1505,1500,988,8.3
2025-05-10,18:40:11.890,-68,-67,10,3795,4610,52,1,15,14312,2,98,-10,454,354,-8,519,342,0,-1,-1,-1,0x1010480010840205,1512,1606,1589,1500,2012,1495,1727,1500,1500,1500,988,1500,1500,1500,1500,1500,1500,1500,1372,1628,1500,1500,1500,2012,1500,1798,1677,1500,1520,1505,1500,988,8.3
2025-05-10,18:40:12.390,-63,-67,10,3829,4510,52,1,15,17702,2,100,241,401,354,-8,519,342,0,-1,-1,-1,0x1010480014840205,1555,1591,1589,1500,2012,1620,1700,1500,1500,1595,988,1500,1500,1500,1500,1500,1500,1500,1372,1628,1500,1500,1500,2012,1500,1767,1653,1500,1520,1505,1500,988,8.3
2025-05-10,18:40:12.890,-61,-67,10,3835,1350,52,1,15,2434,2,100,1024,-361,354,-9,519,342,0,-1,-1,-1,0x10104800168C0205,1786,1359,1589,1499,2012,2012,1320,1358,1500,2012,988,1500,1500,1500,1500,1500,1500,1358,1264,2012,1500,1500,1500,2012,1500,1290,1500,1500,1520,1505,1500,988,8.3
2025-05-10,18:40:13.390,-72,-70,10,3844,2610,52,1,15,1775,2,100,-812,398,354,-9,519,342,0,-1,-1,-1,0x1010480014840205,1312,1577,1589,1500,2012,1094,1699,1500,1500,1108,988,1500,1500,1500,1500,1500,1500,1500,1372,1628,1500,1500,1500,2012,1500,1737,1629,1500,1520,1505,1500,988,8.3
2025-05-10,18:40:13.890,-66,-70,10,3845,7750,53,1,15,10079,2,102,-86,553,354,-9,519,342,0,-1,-1,-1,0x1010480014840205,1495,1622,1589,1500,2012,1457,1776,1500,1500,1449,988,1500,1500,1500,1500,1500,1500,1500,1372,1628,1500,1500,1500,2012,1500,1833,1704,1500,1520,1505,1500,988,8.3
2025-05-10,18:40:14.390,-69,-77,10,3805,22530,53,1,15,11324,2,105,-231,885,354,-9,519,342,0,-1,-1,-1,0x1010480014840205,1474,1739,1589,1500,2012,1385,1942,1500,1500,1391,988,1500,1500,1500,1500,1500,1500,1500,1372,1628,1500,1500,1500,2012,1500,1962,1899,1500,1520,1505,1500,988,8.3
2025-05-10,18:40:14.890,-66,-77,10,3776,17760,52,1,15,14730,2,107,-109,736,354,-9,519,342,0,-1,-1,-1,0x1010480014840205,1498,1681,1589,1500,2012,1446,1868,1500,1500,1459,988,1500,1500,1500,1500,1500,1500,1500,1372,1628,1500,1500,1500,2012,1500,1913,1802,1500,1520,1505,1500,988,8.3
2025-05-10,18:40:15.390,-66,-77,10,3777,35350,52,1,15,16008,2,110,46,566,354,-9,519,342,0,-1,-1,-1,0x1010480010840205,1522,1639,1589,1500,2012,1523,1783,1500,1500,1523,988,1500,1500,1500,1500,1500,1500,1500,1372,1628,1500,1500,1500,2012,1500,1939,1733,1500,1520,1505,1500,988,8.3
2025-05-10,18:40:15.890,-64,-75,10,3791,2840,52,1,15,15649,2,112,-1,498,354,-9,519,342,0,-1,-1,-1,0x1010480010840205,1512,1607,1589,1500,2012,1500,1749,1500,1500,1500,988,1500,1500,1500,1500,1500,1500,1500,1372,1628,1500,1500,1500,2012,1500,1801,1678,1500,1520,1505,1500,988,8.3
2025-05-10,18:40:16.390,-61,-62,10,3826,2700,52,1,15,12108,2,112,-1024,314,354,-9,519,342,0,-1,-1,-1,0x1010480014840205,1177,1568,1589,1500,2012,988,1657,1500,1500,988,988,1500,1500,1500,1500,1500,1500,1500,1372,1628,1500,1500,1500,2012,1500,1713,1613,1500,1520,1505,1500,988,8.3
2025-05-10,18:40:16.890,-63,-54,10,3831,35230,52,1,15,12468,2,113,823,1023,354,-8,519,342,0,-1,-1,-1,0x1010480014842205,1693,1806,1589,1500,2012,1911,2011,1500,1500,1885,988,1500,1500,1500,1500,1500,1500,1500,1372,1628,1500,1500,1500,2012,1500,2011,2011,1500,1520,1505,1500,988,8.3
2025-05-10,18:40:17.390,-63,-55,10,3818,13610,53,1,15,6841,2,117,-1024,780,354,-9,519,342,0,-1,-1,-1,0x1010480014840205,1177,1684,1589,1500,2012,988,1890,1500,1500,988,988,1500,1500,1500,1500,1500,1500,1500,1372,1628,1500,1500,1500,2012,1500,1919,1806,1500,1520,1505,1500,988,8.3
2025-05-10,18:40:17.890,-63,-57,10,3737,15990,53,1,15,12254,3,121,-292,812,354,-8,519,342,0,-1,-1,-1,0x1010480014840205,1453,1705,1589,1500,2012,1354,1906,1500,1500,1335,988,1500,1500,1500,1500,1500,1500,1500,1372,1628,1500,1500,1500,2012,1500,1937,1843,1500,1520,1505,1500,988,8.3
2025-05-10,18:40:18.390,-60,-58,10,3742,24210,54,1,15,16320,3,125,2,724,354,-9,519,342,0,-1,-1,-1,0x1010480010840605,1513,1676,1589,1500,2012,1501,1862,1500,1500,1501,988,1500,1500,1500,1500,1500,1500,1500,1372,1628,1500,1500,1500,2012,1500,1916,1794,1500,1520,1505,1500,988,8.3
2025-05-10,18:40:18.890,-60,-61,10,3767,7460,54,1,15,13908,3,126,146,731,354,-9,519,342,0,-1,-1,-1,0x1010480014840605,1549,1669,1589,1500,2012,1573,1865,1500,1500,1583,988,1500,1500,1500,1500,1500,1500,1500,1372,1628,1500,1500,1500,2012,1500,1905,1783,1500,1520,1505,1500,988,8.3
2025-05-10,18:40:19.400,-60,-60,10,3797,11520,54,1,15,14035,3,127,486,767,354,-9,519,342,0,-1,-1,-1,0x1010480014840605,1620,1684,1589,1500,2012,1743,1883,1500,1500,1743,988,1500,1500,1500,1500,1500,1500,1500,1372,1628,1500,1500,1500,2012,1500,1919,1806,1500,1520,1505,1500,988,8.3
2025-05-10,18:40:19.900,-59,-62,10,3803,10150,53,1,15,12746,3,129,76,755,354,-9,519,342,0,-1,-1,-1,0x1010480014840605,1533,1678,1589,1500,2012,1538,1877,1500,1500,1546,988,1500,1500,1500,1500,1500,1500,1500,1372,1628,1500,1500,1500,2012,1500,1915,1797,1500,1520,1505,1500,988,8.3
2025-05-10,18:40:20.390,-60,-62,10,3802,10680,53,1,15,12559,3,130,37,801,354,-9,519,342,0,-1,-1,-1,0x1010480010840605,1518,1694,1589,1500,2012,1518,1900,1500,1500,1513,988,1500,1500,1500,1500,1500,1500,1500,1372,1628,1500,1500,1500,2012,1500,1932,1823,1500,1520,1505,1500,988,8.3
2025-05-10,18:40:20.900,-60,-71,10,3802,4400,53,1,15,12480,3,132,638,452,354,-9,519,342,0,-1,-1,-1,0x1010480014840605,1649,1600,1589,1500,2012,1819,1726,1500,1500,1806,988,1500,1500,1500,1500,1500,1500,1500,1372,1628,1500,1500,1500,2012,1500,1785,1667,1500,1520,1505,1500,988,8.3
2025-05-10,18:40:21.390,-62,-71,10,3806,9620,53,1,15,16377,3,132,803,851,354,-9,519,342,0,-1,-1,-1,0x1010480014840605,1699,1723,1589,1500,2012,1901,1925,1500,1500,1893,988,1500,1500,1500,1500,1500,1500,1500,1372,1628,1500,1500,1500,2012,1500,1950,1872,1500,1520,1505,1500,988,8.3
2025-05-10,18:40:21.900,-70,-71,10,3809,9630,53,1,15,10227,3,134,990,731,354,-9,519,342,0,-1,-1,-1,0x1010480014840605,1775,1669,1589,1500,2012,1995,1865,1500,1500,2001,988,1500,1500,1500,1500,1500,1500,1500,1372,1628,1500,1500,1500,2012,1500,1905,1782,1500,1520,1505,1500,988,8.3
2025-05-10,18:40:22.400,-71,-70,10,3792,20060,53,1,15,12558,3,137,1024,864,354,-9,519,342,0,-1,-1,-1,0x1010480014840205,1786,1730,1589,1500,2012,2012,1932,1500,1500,2012,988,1500,1500,1500,1500,1500,1500,1500,1372,1628,1500,1500,1500,2012,1500,1955,1884,1500,1520,1505,1500,988,8.3
2025-05-10,18:40:22.900,-71,-69,10,3768,18290,53,1,15,13978,3,140,1024,883,354,-9,519,342,0,-1,-1,-1,0x1010480014840205,1786,1739,1589,1500,2012,2012,1941,1500,1500,2012,988,1500,1500,1500,1500,1500,1500,1500,1372,1628,1500,1500,1500,2012,1500,1962,1899,1500,1520,1505,1500,988,8.3
2025-05-10,18:40:23.390,-76,-74,10,3757,17430,53,1,15,13700,3,143,48,892,354,-9,519,342,0,-1,-1,-1,0x1010480014840205,1531,1743,1589,1500,2012,1524,1946,1500,1500,1542,988,1500,1500,1500,1500,1500,1500,1500,1372,1628,1500,1500,1500,2012,1500,1965,1905,1500,1520,1505,1500,988,8.3
2025-05-10,18:40:23.890,-85,-74,10,3757,23960,53,1,15,13862,3,146,65,900,354,-9,519,342,0,-1,-1,-1,0x1010480010840205,1520,1746,1589,1500,2012,1532,1950,1500,1500,1517,988,1500,1500,1500,1500,1500,1500,1500,1372,1628,1500,1500,1500,2012,1500,1968,1911,1500,1520,1505,1500,988,8.3
2025-05-10,18:40:24.400,-84,-75,10,3758,6090,53,1,15,18948,3,148,220,701,354,-9,519,342,0,-1,-1,-1,0x1010480014840205,1562,1662,1589,1500,2012,1610,1850,1500,1500,1609,988,1500,1500,1500,1500,1500,1500,1500,1372,1628,1500,1500,1500,2012,1500,1894,1770,1500,1520,1505,1500,988,8.3
2025-05-10,18:40:24.900,-70,-70,10,3773,9140,53,1,15,11134,3,149,652,708,354,-9,519,342,0,-1,-1,-1,0x1010480014840205,1660,1663,1589,1500,2012,1826,1854,1500,1500,1827,988,1500,1500,1500,1500,1500,1500,1500,1372,1628,1500,1500,1500,2012,1500,1897,1773,1500,1520,1505,1500,988,8.3
2025-05-10,18:40:25.390,-77,-67,10,3806,1170,53,1,15,11375,3,150,-717,7,354,-9,519,342,0,-1,-1,-1,0x1010480014840205,1348,1502,1589,1500,2012,1142,1503,1500,1500,1153,988,1500,1500,1500,1500,1500,1500,1500,988,2012,1500,1500,1500,2012,1500,1505,1503,1500,1520,1505,1500,988,8.3
2025-05-10,18:40:25.890,-77,-69,10,3814,1170,53,1,15,1206,3,150,-1024,-640,354,-9,519,342,0,-1,-1,-1,0x1010480016840A05,1177,1231,1589,1497,2012,988,1180,1228,1500,988,988,1500,1500,1500,1500,1500,1500,1228,1372,2012,1500,1500,1500,2012,1500,1131,1500,1500,1520,1505,1500,988,8.3
2025-05-10,18:40:26.400,-65,-71,10,3834,15620,53,1,15,4552,3,151,-899,733,354,-9,519,342,0,-1,-1,-1,0x1010480014840A05,1254,1664,1589,1500,2012,1051,1866,1500,1500,1050,988,1500,1500,1500,1500,1500,1500,1500,1372,1628,1500,1500,1500,2012,1500,1902,1774,1500,1520,1505,1500,988,8.3
2025-05-10,18:40:26.900,-66,-71,10,3833,21570,53,1,15,9269,3,153,-830,813,354,-9,519,342,0,-1,-1,-1,0x1010480014840A05,1287,1705,1589,1500,2012,1085,1906,1500,1500,1080,988,1500,1500,1500,1500,1500,1500,1500,1372,1628,1500,1500,1500,2012,1500,1936,1842,1500,1520,1505,1500,988,8.3
2025-05-10,18:40:27.400,-71,-64,10,3773,29410,53,1,15,13917,3,156,-179,1024,354,-9,519,342,0,-1,-1,-1,0x1010480014842205,1483,1807,1589,1500,2012,1411,2012,1500,1500,1417,988,1500,1500,1500,1500,1500,1500,1500,1372,1628,1500,1500,1500,2012,1500,2011,2011,1500,1520,1505,1500,988,8.3
2025-05-10,18:40:27.900,-71,-67,10,3752,36840,53,1,15,16532,3,160,-203,996,354,-9,519,342,0,-1,-1,-1,0x1010480014842605,1479,1793,1589,1500,2012,1399,1998,1500,1500,1399,988,1500,1500,1500,1500,1500,1500,1500,1372,1628,1500,1500,1500,2012,1500,2002,1989,1500,1520,1505,1500,988,8.3
2025-05-10,18:40:28.400,-71,-63,10,3740,12930,54,1,15,15110,4,162,-249,171,354,-9,519,342,0,-1,-1,-1,0x1010480014840605,1471,1550,1589,1500,2012,1376,1585,1500,1500,1383,988,1500,1500,1500,1500,1500,1500,1500,1372,1628,1500,1500,1500,2012,1500,1886,1562,1500,1520,1505,1500,988,8.3
2025-05-10,18:40:28.900,-71,-60,10,3798,990,54,1,15,11639,4,163,1024,6,354,-9,519,342,0,-1,-1,-1,0x1010480014840605,1786,1501,1540,1500,2012,2012,1503,1500,1500,2012,988,1500,1500,1500,1500,1500,1500,1500,1122,2012,1500,1500,1500,2012,1500,1505,1502,1500,1520,1505,1500,988,8.3
2025-05-10,18:40:29.400,-66,-66,10,3824,41450,53,1,15,17264,4,165,275,1003,354,-9,519,342,0,-1,-1,-1,0x1010480014842605,1575,1797,1589,1500,2012,1637,2001,1500,1500,1638,988,1500,1500,1500,1500,1500,1500,1500,1372,1628,1500,1500,1500,2012,1500,2005,1995,1500,1520,1505,1500,988,8.3
2025-05-10,18:40:29.890,-73,-74,10,3819,5980,54,1,15,4120,4,167,98,712,354,-9,519,342,0,-1,-1,-1,0x1010480014840605,1551,1656,1589,1500,2012,1549,1856,1500,1500,1587,988,1500,1500,1500,1500,1500,1500,1500,1372,1628,1500,1500,1500,2012,1500,1886,1760,1500,1520,1505,1500,988,8.3
2025-05-10,18:40:30.400,-72,-77,10,3730,2090,54,1,15,4351,4,171,-960,260,354,-9,519,342,0,-1,-1,-1,0x1010480014840605,1217,1555,1589,1500,2012,1020,1630,1500,1500,1020,988,1500,1500,1500,1500,1500,1500,1500,1372,1628,1500,1500,1500,2012,1500,1682,1592,1500,1520,1505,1500,988,8.3
2025-05-10,18:40:30.900,-89,-74,10,3809,22410,54,1,15,9261,4,172,544,901,354,-9,519,342,0,-1,-1,-1,0x1010480014840605,1633,1742,1589,1500,2012,1772,1950,1500,1500,1772,988,1500,1500,1500,1500,1500,1500,1500,1372,1628,1500,1500,1500,2012,1500,1965,1903,1500,1520,1505,1500,988,8.3
2025-05-10,18:40:31.400,-89,-75,10,3778,37750,53,1,15,16298,4,175,-191,1020,354,-9,519,342,0,-1,-1,-1,0x1010480014842605,1479,1805,1589,1500,2012,1405,2010,1500,1500,1405,988,1500,1500,1500,1500,1500,1500,1500,1372,1628,1500,1500,1500,2012,1500,2010,2008,1500,1520,1505,1500,988,8.3
2025-05-10,18:40:31.900,-77,-85,10,3731,30690,54,1,15,17606,4,179,7,1020,354,-9,519,342,0,-1,-1,-1,0x1010480010842205,1514,1805,1589,1500,2012,1503,2010,1500,1500,1503,988,1500,1500,1500,1500,1500,1500,1500,1372,1628,1500,1500,1500,2012,1500,2010,2008,1500,1520,1505,1500,988,8.3
2025-05-10,18:40:32.390,-76,-76,10,3721,20530,53,1,15,19040,4,183,183,1019,354,-8,519,342,0,-1,-1,-1,0x1010480014842205,1553,1804,1589,1500,2012,1591,2009,1500,1500,1591,988,1500,1500,1500,1500,1500,1500,1500,1372,1628,1500,1500,1500,2012,1500,2010,2007,1500,1520,1505,1500,988,8.3
2025-05-10,18:40:32.900,-71,-76,10,3734,21050,53,1,15,18536,4,186,153,1019,354,-9,519,342,0,-1,-1,-1,0x1010480014842205,1546,1804,1589,1500,2012,1576,2009,1500,1500,1577,988,1500,1500,1500,1500,1500,1500,1500,1372,1628,1500,1500,1500,2012,1500,2010,2007,1500,1520,1505,1500,988,8.3
2025-05-10,18:40:33.400,-71,-76,10,3743,20770,53,1,15,19139,4,188,150,1018,354,-9,519,342,0,-1,-1,-1,0x1010480014842205,1545,1804,1589,1500,2012,1575,2009,1500,1500,1574,988,1500,1500,1500,1500,1500,1500,1500,1372,1628,1500,1500,1500,2012,1500,2010,2007,1500,1520,1505,1500,988,8.3
2025-05-10,18:40:33.900,-69,-70,10,3748,18770,53,1,15,20247,4,191,307,1017,354,-9,519,342,0,-1,-1,-1,0x1010480014842205,1583,1803,1589,1500,2012,1653,2008,1500,1500,1654,988,1500,1500,1500,1500,1500,1500,1500,1372,1628,1500,1500,1500,2012,1500,2009,2006,1500,1520,1505,1500,988,8.3
2025-05-10,18:40:34.400,-79,-69,10,3752,1280,53,1,15,14305,4,192,-2,209,354,-9,519,342,0,-1,-1,-1,0x1010480010840205,1512,1544,1589,1500,2012,1499,1604,1500,1500,1499,988,1500,1500,1500,1500,1500,1500,1500,1372,1628,1500,1500,1500,2012,1500,1649,1573,1500,1520,1505,1500,988,8.3
2025-05-10,18:40:34.900,-71,-74,10,3814,1200,53,1,15,12782,4,192,-2,201,354,-9,519,342,0,-1,-1,-1,0x1010480010840205,1512,1543,1589,1500,2012,1499,1600,1500,1500,1499,988,1500,1500,1500,1500,1500,1500,1500,1372,1628,1500,1500,1500,2012,1500,1645,1571,1500,1520,1505,1500,988,8.3
2025-05-10,18:40:35.400,-75,-74,10,3820,1280,53,1,15,11300,4,192,-3,156,354,-9,519,342,0,-1,-1,-1,0x1010480010840205,1512,1535,1589,1500,2012,1499,1578,1500,1500,1499,988,1500,1500,1500,1500,1500,1500,1500,1372,1628,1500,1500,1500,2012,1500,1615,1558,1500,1520,1505,1500,988,8.3
2025-05-10,18:40:35.900,-82,-77,10,3823,1030,53,1,15,9339,4,192,-4,124,354,-8,519,342,0,-1,-1,-1,0x1010480010840205,1511,1529,1589,1500,2012,1498,1562,1500,1500,1498,988,1500,1500,1500,1500,1500,1500,1500,1372,1628,1500,1500,1500,2012,1500,1593,1548,1500,1520,1505,1500,988,8.3
2025-05-10,18:40:36.400,-84,-79,10,3826,1160,53,1,15,7976,4,192,208,160,354,-9,519,342,0,-1,-1,-1,0x1010480014840205,1559,1535,1589,1500,2012,1604,1580,1500,1500,1603,988,1500,1500,1500,1500,1500,1500,1500,1372,1628,1500,1500,1500,2012,1500,1617,1558,1500,1520,1505,1500,988,8.3
2025-05-10,18:40:36.900,-82,-67,10,3828,5190,53,1,15,7179,4,193,489,506,354,-9,519,342,0,-1,-1,-1,0x1010480014840205,1623,1614,1589,1500,2012,1744,1753,1500,1500,1750,988,1500,1500,1500,1500,1500,1500,1500,1372,1628,1500,1500,1500,2012,1500,1816,1690,1500,1520,1505,1500,988,8.3
2025-05-10,18:40:37.400,-82,-58,10,3827,1680,53,1,15,7453,5,194,7,154,354,-9,519,342,0,-1,-1,-1,0x1010480010840205,1516,1536,1589,1500,2012,1503,1577,1500,1500,1509,988,1500,1500,1500,1500,1500,1500,1500,1372,1628,1500,1500,1500,2012,1500,1614,1560,1500,1520,1505,1500,988,8.3
2025-05-10,18:40:37.890,-57,-60,10,3827,1010,53,1,15,6595,5,194,-6,97,354,-9,519,342,0,-1,-1,-1,0x1010480010840205,1511,1524,1589,1500,2012,1497,1548,1500,1500,1498,988,1500,1500,1500,1500,1500,1500,1500,1372,1628,1500,1500,1500,2012,1500,1575,1540,1500,1520,1505,1500,988,8.3
2025-05-10,18:40:38.390,-60,-60,10,3831,1090,53,1,15,5730,5,194,-3,7,354,-9,519,342,0,-1,-1,-1,0x1010480010840205,1512,1502,1589,1500,2012,1499,1503,1500,1500,1499,988,1500,1500,1500,1500,1500,1500,1500,1296,2012,1500,1500,1500,2012,1500,1505,1503,1500,1520,1505,1500,988,8.3
2025-05-10,18:40:38.890,-62,-64,10,3834,1000,53,1,15,4967,5,194,-2,6,354,-8,519,342,0,-1,-1,-1,0x1010480010840205,1512,1501,1589,1500,2012,1499,1503,1500,1500,1499,988,1500,1500,1500,1500,1500,1500,1500,1372,2012,1500,1500,1500,2012,1500,1505,1502,1500,1520,1505,1500,988,8.3
2025-05-10,18:40:39.390,-62,-61,10,3835,1090,53,1,15,3254,5,194,-2,6,354,-9,519,342,0,-1,-1,-1,0x1010480010840205,1512,1501,1589,1500,2012,1499,1503,1500,1500,1499,988,1500,1500,1500,1500,1500,1500,1500,1427,2012,1500,1500,1500,2012,1500,1505,1502,1500,1520,1505,1500,988,8.3
2025-05-10,18:40:39.890,-62,-65,10,3836,7040,53,1,15,4142,5,194,-718,461,354,-9,519,342,0,-1,-1,-1,0x1010480014840205,1378,1601,1589,1500,2012,1141,1730,1500,1500,1194,988,1500,1500,1500,1500,1500,1500,1500,1372,1628,1500,1500,1500,2012,1500,1789,1669,1500,1520,1505,1500,988,8.3
2025-05-10,18:40:40.390,-79,-74,10,3836,1660,53,1,15,3319,5,195,469,5,354,-9,519,342,0,-1,-1,-1,0x1010480014840205,1609,1501,1589,1500,2012,1734,1502,1500,1500,1716,988,1500,1500,1500,1500,1500,1500,1500,988,2012,1500,1500,1500,2012,1500,1504,1502,1500,1520,1505,1500,988,8.3
2025-05-10,18:40:40.900,-79,-74,10,3832,16960,52,1,15,8134,5,196,624,726,354,-8,519,342,0,-1,-1,-1,0x1010480014840205,1652,1669,1589,1500,2012,1812,1863,1500,1500,1812,988,1500,1500,1500,1500,1500,1500,1500,1372,1628,1500,1500,1500,2012,1500,1905,1782,1500,1520,1505,1500,988,8.3
2025-05-10,18:40:41.390,-79,-68,10,3822,1350,53,1,15,7406,5,198,-9,256,354,-9,519,342,0,-1,-1,-1,0x1010480010840205,1509,1548,1589,1500,2012,1496,1628,1500,1500,1491,988,1500,1500,1500,1500,1500,1500,1500,1372,1628,1500,1500,1500,2012,1500,1670,1580,1500,1520,1505,1500,988,8.3
2025-05-10,18:40:41.890,-79,-67,10,3816,4510,53,1,15,8892,5,199,178,672,354,-9,519,342,0,-1,-1,-1,0x1010480014840205,1546,1653,1589,1500,2012,1589,1836,1500,1500,1577,988,1500,1500,1500,1500,1500,1500,1500,1372,1628,1500,1500,1500,2012,1500,1882,1755,1500,1520,1505,1500,988,8.3
2025-05-10,18:40:42.390,-79,-71,10,3820,26680,53,1,15,14976,5,200,164,676,354,-9,519,342,0,-1,-1,-1,0x1010480014840205,1556,1676,1589,1500,2012,1582,1838,1500,1500,1597,988,1500,1500,1500,1500,1500,1500,1500,1372,1628,1500,1500,1500,2012,1500,1928,1794,1500,1520,1505,1500,988,8.3
2025-05-10,18:40:42.890,-74,-69,10,3822,11110,53,1,15,10656,5,201,798,831,354,-9,519,342,0,-1,-1,-1,0x1010480014840205,1694,1714,1589,1500,2012,1899,1915,1500,1500,1886,988,1500,1500,1500,1500,1500,1500,1500,1372,1628,1500,1500,1500,2012,1500,1943,1856,1500,1520,1505,1500,988,8.3
2025-05-10,18:40:43.390,-74,-66,10,3812,17890,53,1,15,9691,5,203,608,751,354,-9,519,342,0,-1,-1,-1,0x1010480014840205,1648,1682,1589,1500,2012,1804,1875,1500,1500,1803,988,1500,1500,1500,1500,1500,1500,1500,1372,1628,1500,1500,1500,2012,1500,1918,1804,1500,1520,1505,1500,988,8.3
2025-05-10,18:40:43.890,-74,-65,10,3816,3500,53,1,15,6909,5,203,230,398,354,-9,519,342,0,-1,-1,-1,0x1010480014840205,1571,1587,1589,1500,2012,1615,1699,1500,1500,1629,988,1500,1500,1500,1500,1500,1500,1500,1372,1628,1500,1500,1500,2012,1500,1758,1646,1500,1520,1505,1500,988,8.3
2025-05-10,18:40:44.390,-86,-82,10,3816,10170,53,1,15,10275,5,204,-133,579,354,-9,519,342,0,-1,-1,-1,0x1010480014840205,1489,1631,1589,1500,2012,1434,1789,1500,1500,1434,988,1500,1500,1500,1500,1500,1500,1500,1372,1628,1500,1500,1500,2012,1500,1849,1718,1500,1520,1505,1500,988,8.3
2025-05-10,18:40:44.890,-80,-77,10,3821,9000,54,1,15,9197,5,205,258,763,354,-9,519,342,0,-1,-1,-1,0x1010480014840205,1574,1677,1589,1500,2012,1629,1881,1500,1500,1636,988,1500,1500,1500,1500,1500,1500,1500,1372,1628,1500,1500,1500,2012,1500,1914,1795,1500,1520,1505,1500,988,8.3
2025-05-10,18:40:45.390,-80,-76,10,3808,5220,54,1,15,10618,5,207,306,578,354,-8,519,342,0,-1,-1,-1,0x1010480014840205,1593,1624,1589,1500,2012,1653,1789,1500,1500,1678,988,1500,1500,1500,1500,1500,1500,1500,1372,1628,1500,1500,1500,2012,1500,1837,1708,1500,1520,1505,1500,988,8.3
2025-05-10,18:40:45.890,-80,-74,10,3804,13470,54,1,15,12978,5,208,-594,833,354,-8,519,342,0,-1,-1,-1,0x1010480014840205,1384,1716,1589,1500,2012,1203,1916,1500,1500,1204,988,1500,1500,1500,1500,1500,1500,1500,1372,1628,1500,1500,1500,2012,1500,1944,1860,1500,1520,1505,1500,988,8.3
2025-05-10,18:40:46.390,-62,-72,10,3806,8340,54,1,15,7594,5,209,-1024,655,354,-8,519,342,0,-1,-1,-1,0x1010480014840A05,1177,1648,1589,1500,2012,988,1827,1500,1500,988,988,1500,1500,1500,1500,1500,1500,1500,1372,1628,1500,1500,1500,2012,1500,1876,1748,1500,1520,1505,1500,988,8.3
2025-05-10,18:40:46.900,-73,-71,10,3792,25320,54,1,15,12086,5,212,53,882,354,-9,519,342,0,-1,-1,-1,0x1010480010840205,1520,1738,1589,1500,2012,1526,1941,1500,1500,1519,988,1500,1500,1500,1500,1500,1500,1500,1372,1628,1500,1500,1500,2012,1500,1961,1897,1500,1520,1505,1500,988,8.3
2025-05-10,18:40:47.390,-77,-72,10,3754,32430,54,1,15,10845,5,216,373,792,354,-9,519,342,0,-1,-1,-1,0x1010480014840205,1596,1701,1589,1500,2012,1686,1896,1500,1500,1686,988,1500,1500,1500,1500,1500,1500,1500,1372,1628,1500,1500,1500,2012,1500,1933,1835,1500,1520,1505,1500,988,8.3
2025-05-10,18:40:47.890,-74,-73,10,3745,13140,53,1,15,10554,5,218,52,810,354,-9,519,342,0,-1,-1,-1,0x1010480010840605,1521,1704,1589,1500,2012,1526,1905,1500,1500,1520,988,1500,1500,1500,1500,1500,1500,1500,1372,1628,1500,1500,1500,2012,1500,1936,1841,1500,1520,1505,1500,988,8.3
2025-05-10,18:40:48.390,-74,-72,10,3782,9880,53,1,15,11603,5,219,76,585,354,-9,519,342,0,-1,-1,-1,0x1010480014840605,1529,1632,1589,1500,2012,1538,1792,1500,1500,1537,988,1500,1500,1500,1500,1500,1500,1500,1372,1628,1500,1500,1500,2012,1500,1851,1720,1500,1520,1505,1500,988,8.3
2025-05-10,18:40:48.890,-74,-73,10,3788,8850,53,1,15,12982,5,222,0,751,354,-9,519,342,0,-1,-1,-1,0x1010480010840605,1512,1666,1589,1500,2012,1500,1884,1500,1500,1500,988,1500,1500,1500,1500,1500,1500,1500,1372,1628,1500,1500,1500,2012,1500,1901,1778,1500,1520,1505,1500,988,8.3
2025-05-10,18:40:49.390,-70,-69,10,3789,2630,53,1,15,18345,5,223,0,583,354,-9,519,342,0,-1,-1,-1,0x1010480010840605,1512,1623,1589,1500,2012,1500,1791,1500,1500,1500,988,1500,1500,1500,1500,1500,1500,1500,1372,1628,1500,1500,1500,2012,1500,1835,1705,1500,1520,1505,1500,988,8.3
2025-05-10,18:40:49.890,-75,-74,10,3801,4240,53,1,15,10585,5,224,9,673,354,-9,519,342,0,-1,-1,-1,0x1010480010840605,1514,1649,1589,1500,2012,1504,1836,1500,1500,1505,988,1500,1500,1500,1500,1500,1500,1500,1372,1628,1500,1500,1500,2012,1500,1877,1749,1500,1520,1505,1500,988,8.3
2025-05-10,18:40:50.390,-86,-80,10,3811,6500,53,1,15,8017,6,225,232,597,354,-8,519,342,0,-1,-1,-1,0x1010480014840605,1564,1632,1589,1500,2012,1616,1798,1500,1500,1615,988,1500,1500,1500,1500,1500,1500,1500,1372,1628,1500,1500,1500,2012,1500,1851,1721,1500,1520,1505,1500,988,8.3
2025-05-10,18:40:50.890,-88,-84,10,3811,6780,53,1,15,7767,6,226,305,550,354,-8,519,342,0,-1,-1,-1,0x1010480014840605,1585,1627,1589,1500,2012,1652,1775,1500,1500,1659,988,1500,1500,1500,1500,1500,1500,1500,1372,1628,1500,1500,1500,2012,1500,1836,1711,1500,1520,1505,1500,988,8.3
2025-05-10,18:40:51.390,-82,-79,10,3815,1940,54,1,15,6113,6,226,-1,61,354,-8,519,342,0,-1,-1,-1,0x1010480010840605,1505,1512,1589,1500,2012,1500,1530,1500,1500,1479,988,1500,1500,1500,1500,1500,1500,1500,988,2012,1500,1500,1500,2012,1500,1546,1521,1500,1520,1505,1500,988,8.3
2025-05-10,18:40:51.890,-83,-76,10,3824,10140,54,1,15,4639,6,227,516,608,354,-9,519,342,0,-1,-1,-1,0x1010480014840205,1630,1631,1589,1500,2012,1752,1810,1500,1500,1765,988,1500,1500,1500,1500,1500,1500,1500,1372,1628,1500,1500,1500,2012,1500,1855,1719,1500,1520,1505,1500,988,8.3
2025-05-10,18:40:52.390,-83,-75,10,3824,17070,54,1,15,10280,6,229,750,773,354,-9,519,342,0,-1,-1,-1,0x1010480014840205,1687,1687,1589,1500,2012,1875,1886,1500,1500,1874,988,1500,1500,1500,1500,1500,1500,1500,1372,1628,1500,1500,1500,2012,1500,1922,1812,1500,1520,1505,1500,988,8.3
2025-05-10,18:40:52.890,-83,-76,10,3796,3480,54,1,15,7050,6,230,420,510,354,-9,519,342,0,-1,-1,-1,0x1010480014840205,1601,1610,1589,1500,2012,1715,1755,1500,1500,1698,988,1500,1500,1500,1500,1500,1500,1500,1372,1628,1500,1500,1500,2012,1500,1813,1683,1500,1520,1505,1500,988,8.3
2025-05-10,18:40:53.390,-82,-82,10,3812,5880,53,1,15,6178,6,230,-2,586,354,-9,519,342,0,-1,-1,-1,0x1010480010840205,1512,1628,1589,1500,2012,1499,1793,1500,1500,1499,988,1500,1500,1500,1500,1500,1500,1500,1372,1628,1500,1500,1500,2012,1500,1846,1714,1500,1520,1505,1500,988,8.3
2025-05-10,18:40:53.890,-89,-90,25,3815,50770,53,1,15,16000,6,234,344,822,354,-9,519,342,0,-1,-1,-1,0x1010480014840205,1591,1731,1589,1500,2012,1672,1911,1500,1500,1671,988,1500,1500,1500,1500,1500,1500,1500,1372,1628,1500,1500,1500,2012,1500,1966,1886,1500,1520,1505,1500,988,8.3
2025-05-10,18:40:54.390,-89,-90,25,3804,9000,53,1,15,11760,6,235,221,747,354,-8,519,342,0,-1,-1,-1,0x1010480014840205,1568,1671,1589,1500,2012,1605,1873,1500,1500,1622,988,1500,1500,1500,1500,1500,1500,1500,1372,1628,1500,1500,1500,2012,1500,1908,1786,1500,1520,1505,1500,988,8.3
2025-05-10,18:40:54.890,-86,-90,25,3799,1350,53,1,15,10782,6,236,-48,163,354,-9,519,342,0,-1,-1,-1,0x1010480014840205,1500,1536,1589,1500,2012,1476,1581,1500,1500,1465,988,1500,1500,1500,1500,1500,1500,1500,1372,1628,1500,1500,1500,2012,1500,1619,1560,1500,1520,1505,1500,988,8.3
2025-05-10,18:40:55.390,-77,-90,10,3820,0,54,1,15,9754,6,236,-162,-570,354,-9,519,342,0,-1,-1,-1,0x1010480016840205,1482,1269,1589,1498,2012,1426,1215,1267,1500,1413,988,1500,1500,1500,1500,1500,1500,1267,1131,2012,1500,1500,1500,2012,1500,1161,1500,1500,1520,1505,1500,988,8.3
2025-05-10,18:40:55.890,-78,-78,10,3831,1590,55,1,15,5396,6,236,531,21,354,-9,519,342,0,-1,-1,-1,0x1010480014840205,1621,1502,1589,1500,2012,1775,1511,1500,1500,1745,988,1500,1500,1500,1500,1500,1500,1500,1372,2012,1500,1500,1500,2012,1500,1506,1503,1500,1520,1505,1500,988,8.3
2025-05-10,18:40:56.390,-80,-91,10,3833,4920,55,1,15,4657,6,236,7,492,354,-9,519,342,0,-1,-1,-1,0x1010480010840205,1514,1608,1589,1500,2012,1503,1746,1500,1500,1503,988,1500,1500,1500,1500,1500,1500,1500,1372,1628,1500,1500,1500,2012,1500,1804,1681,1500,1520,1505,1500,988,8.3
2025-05-10,18:40:56.890,-83,-87,10,3827,19550,54,1,15,9574,6,238,-41,786,354,-9,519,342,0,-1,-1,-1,0x1010480010840205,1505,1692,1589,1500,2012,1473,1893,1500,1500,1481,988,1500,1500,1500,1500,1500,1500,1500,1372,1628,1500,1500,1500,2012,1500,1926,1820,1500,1520,1505,1500,988,8.3
2025-05-10,18:40:57.390,-83,-82,10,3786,34080,54,1,15,14417,6,241,-97,948,354,-8,519,342,0,-1,-1,-1,0x1010480014840205,1498,1771,1589,1500,2012,1446,1974,1500,1500,1459,988,1500,1500,1500,1500,1500,1500,1500,1372,1628,1500,1500,1500,2012,1500,1986,1952,1500,1520,1505,1500,988,8.3
2025-05-10,18:40:57.890,-73,-83,10,3773,10890,54,1,15,14720,6,243,-315,767,354,-8,519,342,0,-1,-1,-1,0x1010480014840605,1458,1684,1589,1500,2012,1334,1883,1500,1500,1349,988,1500,1500,1500,1500,1500,1500,1500,1372,1628,1500,1500,1500,2012,1500,1920,1807,1500,1520,1505,1500,988,8.3
2025-05-10,18:40:58.390,-73,-73,10,3793,4560,54,1,15,12693,6,244,-262,514,354,-9,519,342,0,-1,-1,-1,0x1010480014840605,1474,1613,1589,1500,2012,1369,1757,1500,1500,1393,988,1500,1500,1500,1500,1500,1500,1500,1372,1628,1500,1500,1500,2012,1500,1814,1689,1500,1520,1505,1500,988,8.3
2025-05-10,18:40:58.890,-83,-65,10,3808,2110,54,1,15,11447,6,245,181,319,354,-9,519,342,0,-1,-1,-1,0x1010480014840605,1553,1569,1589,1500,2012,1590,1659,1500,1500,1590,988,1500,1500,1500,1500,1500,1500,1500,1372,1628,1500,1500,1500,2012,1500,1716,1615,1500,1520,1505,1500,988,8.3
2025-05-10,18:40:59.390,-68,-70,10,3818,7040,54,1,15,20862,6,246,-60,573,354,-9,519,342,0,-1,-1,-1,0x1010480014840605,1498,1635,1589,1500,2012,1470,1786,1500,1500,1458,988,1500,1500,1500,1500,1500,1500,1500,1372,1628,1500,1500,1500,2012,1500,1874,1725,1500,1520,1505,1500,988,8.3
2025-05-10,18:40:59.890,-68,-65,10,3819,9540,54,1,15,10876,6,247,529,760,354,-9,519,342,0,-1,-1,-1,0x1010480014840605,1639,1675,1589,1500,2012,1764,1880,1500,1500,1786,988,1500,1500,1500,1500,1500,1500,1500,1372,1628,1500,1500,1500,2012,1500,1913,1792,1500,1520,1505,1500,988,8.3
2025-05-10,18:41:00.390,-68,-76,10,3801,23890,54,1,15,12385,6,250,-716,870,354,-9,519,342,0,-1,-1,-1,0x1010480014840605,1362,1734,1589,1500,2012,1142,1935,1500,1500,1172,988,1500,1500,1500,1500,1500,1500,1500,1372,1628,1500,1500,1500,2012,1500,1958,1890,1500,1520,1505,1500,988,8.3
2025-05-10,18:41:00.890,-62,-76,10,3791,19640,54,1,15,8404,6,251,-532,783,354,-9,519,342,0,-1,-1,-1,0x1010480014840E05,1362,1686,1589,1500,2012,1249,1891,1500,1500,1171,988,1500,1500,1500,1500,1500,1500,1500,1372,1628,1500,1500,1500,2012,1500,1921,1810,1500,1520,1505,1500,988,8.3
2025-05-10,18:41:01.390,-54,-76,10,3749,40110,54,1,15,16756,6,256,113,1022,354,-9,519,342,0,-1,-1,-1,0x1010480014842605,1530,1805,1589,1500,2012,1564,2011,1500,1500,1540,988,1500,1500,1500,1500,1500,1500,1500,1372,1628,1500,1500,1500,2012,1500,2011,2010,1500,1520,1505,1500,988,8.3
2025-05-10,18:41:01.890,-53,-59,10,3716,16740,54,1,15,15100,6,261,-296,525,354,-9,519,342,0,-1,-1,-1,0x1010480014840205,1460,1621,1589,1500,2012,1352,1756,1500,1500,1353,988,1500,1500,1500,1500,1500,1500,1500,1372,1628,1500,1500,1500,2012,1500,1861,1702,1500,1520,1505,1500,988,8.3
2025-05-10,18:41:02.390,-56,-59,10,3726,5520,53,1,15,10398,6,262,-334,625,354,-9,519,342,0,-1,-1,-1,0x1010480014840205,1452,1633,1589,1500,2012,1333,1813,1500,1500,1334,988,1500,1500,1500,1500,1500,1500,1500,1372,1628,1500,1500,1500,2012,1500,1852,1722,1500,1520,1505,1500,988,8.3
2025-05-10,18:41:02.890,-59,-63,10,3786,14130,54,1,15,16702,7,264,-479,753,354,-8,519,342,0,-1,-1,-1,0x1010480014840A05,1416,1690,1589,1500,2012,1260,1876,1500,1500,1261,988,1500,1500,1500,1500,1500,1500,1500,1372,1628,1500,1500,1500,2012,1500,1924,1817,1500,1520,1505,1500,988,8.3
2025-05-10,18:41:03.390,-61,-62,10,3796,4760,54,1,15,7928,7,265,-899,528,354,-9,519,342,0,-1,-1,-1,0x1010480014840A05,1256,1616,1589,1500,2012,1051,1764,1500,1500,1052,988,1500,1500,1500,1500,1500,1500,1500,1372,1628,1500,1500,1500,2012,1500,1821,1694,1500,1520,1505,1500,988,8.3
2025-05-10,18:41:03.890,-76,-73,10,3791,13230,54,1,15,7375,7,266,-448,696,354,-9,519,342,0,-1,-1,-1,0x1010480014840A05,1414,1660,1589,1500,2012,1276,1848,1500,1500,1258,988,1500,1500,1500,1500,1500,1500,1500,1372,1628,1500,1500,1500,2012,1500,1891,1766,1500,1520,1505,1500,988,8.3
2025-05-10,18:41:04.390,-70,-70,10,3782,25110,54,1,15,12697,7,269,-209,904,354,-8,519,342,0,-1,-1,-1,0x1010480014840205,1476,1744,1589,1500,2012,1396,1952,1500,1500,1396,988,1500,1500,1500,1500,1500,1500,1500,1372,1628,1500,1500,1500,2012,1500,1966,1907,1500,1520,1505,1500,988,8.3
2025-05-10,18:41:04.890,-72,-72,10,3749,30290,54,1,15,13271,7,272,340,911,354,-9,519,342,0,-1,-1,-1,0x1010480014840605,1593,1753,1589,1500,2012,1670,1955,1500,1500,1678,988,1500,1500,1500,1500,1500,1500,1500,1372,1628,1500,1500,1500,2012,1500,1973,1922,1500,1520,1505,1500,988,8.3
2025-05-10,18:41:05.390,-78,-71,10,3742,17780,54,1,15,13741,7,275,-205,879,353,-9,519,342,0,-1,-1,-1,0x1010480014840605,1477,1737,1589,1500,2012,1398,1939,1500,1500,1399,988,1500,1500,1500,1500,1500,1500,1500,1372,1628,1500,1500,1500,2012,1500,1961,1895,1500,1520,1505,1500,988,8.3
2025-05-10,18:41:05.890,-78,-69,10,3753,19410,53,1,15,14131,7,276,289,999,354,-9,519,342,0,-1,-1,-1,0x1010480014842605,1575,1794,1589,1500,2012,1644,1999,1500,1500,1637,988,1500,1500,1500,1500,1500,1500,1500,1372,1628,1500,1500,1500,2012,1500,2002,1990,1500,1520,1505,1500,988,8.3
2025-05-10,18:41:06.390,-77,-74,10,3761,1630,53,1,15,7978,7,277,1024,253,354,-8,519,342,0,-1,-1,-1,0x1010480014840605,1786,1553,1589,1500,2012,2012,1626,1500,1500,2012,988,1500,1500,1500,1500,1500,1500,1500,1372,1628,1500,1500,1500,2012,1500,1676,1588,1500,1520,1505,1500,988,8.3
2025-05-10,18:41:06.890,-77,-69,10,3806,17350,54,1,15,7299,7,278,434,921,354,-9,519,342,0,-1,-1,-1,0x1010480014840605,1611,1737,1589,1500,2012,1717,1960,1500,1500,1723,988,1500,1500,1500,1500,1500,1500,1500,1372,1628,1500,1500,1500,2012,1500,1966,1895,1500,1520,1505,1500,988,8.3
2025-05-10,18:41:07.390,-65,-74,10,3804,6080,54,1,15,7749,7,281,1024,634,354,-9,519,342,0,-1,-1,-1,0x1010480014840605,1786,1639,1589,1500,2012,2012,1817,1500,1500,2012,988,1500,1500,1500,1500,1500,1500,1500,1372,1628,1500,1500,1500,2012,1500,1862,1732,1500,1520,1505,1500,988,8.3
2025-05-10,18:41:07.890,-65,-71,10,3781,23650,54,1,15,12089,7,284,631,858,354,-9,519,342,0,-1,-1,-1,0x1010480014840605,1651,1732,1589,1500,2012,1815,1929,1500,1500,1810,988,1500,1500,1500,1500,1500,1500,1500,1372,1628,1500,1500,1500,2012,1500,1953,1887,1500,1520,1505,1500,988,8.3
2025-05-10,18:41:08.390,-67,-71,10,3770,48300,53,1,15,15501,7,287,110,1021,354,-9,519,342,0,-1,-1,-1,0x1010480014842605,1536,1805,1589,1500,2012,1555,2010,1500,1500,1554,988,1500,1500,1500,1500,1500,1500,1500,1372,1628,1500,1500,1500,2012,1500,2011,2009,1500,1520,1505,1500,988,8.3
2025-05-10,18:41:08.890,-65,-71,10,3736,36390,53,1,15,17516,7,291,155,1012,354,-9,519,342,0,-1,-1,-1,0x1010480014842205,1547,1801,1589,1500,2012,1577,2006,1500,1500,1578,988,1500,1500,1500,1500,1500,1500,1500,1372,1628,1500,1500,1500,2012,1500,2008,2002,1500,1520,1505,1500,988,8.3
2025-05-10,18:41:09.390,-67,-71,10,3719,3320,53,1,15,15568,7,293,123,493,354,-9,519,342,0,-1,-1,-1,0x1010480014840205,1536,1609,1589,1500,2012,1561,1746,1500,1500,1554,988,1500,1500,1500,1500,1500,1500,1500,1372,1628,1500,1500,1500,2012,1500,1805,1682,1500,1520,1505,1500,988,8.3
2025-05-10,18:41:09.890,-67,-71,10,3744,3480,53,1,15,16922,7,294,277,690,354,-9,519,342,0,-1,-1,-1,0x1010480014840205,1576,1642,1589,1500,2012,1638,1845,1500,1500,1639,988,1500,1500,1500,1500,1500,1500,1500,1372,1628,1500,1500,1500,2012,1500,1871,1737,1500,1520,1505,1500,988,8.3
2025-05-10,18:41:10.390,-77,-67,10,3795,4510,53,1,15,15295,7,295,493,547,354,-9,519,342,0,-1,-1,-1,0x1010480014840205,1615,1621,1589,1500,2012,1746,1773,1500,1500,1732,988,1500,1500,1500,1500,1500,1500,1500,1372,1628,1500,1500,1500,2012,1500,1829,1701,1500,1520,1505,1500,988,8.3
2025-05-10,18:41:10.890,-77,-67,10,3798,12710,53,1,15,11927,7,296,671,977,354,-9,519,342,0,-1,-1,-1,0x1010480014840205,1665,1771,1589,1500,2012,1835,1988,1500,1500,1837,988,1500,1500,1500,1500,1500,1500,1500,1372,1628,1500,1500,1500,2012,1500,1986,1952,1500,1520,1505,1500,988,8.3
2025-05-10,18:41:11.390,-72,-71,10,3791,13010,54,1,15,11333,7,299,-752,630,354,-9,519,342,0,-1,-1,-1,0x1010480014840205,1325,1641,1589,1500,2012,1124,1815,1500,1500,1124,988,1500,1500,1500,1500,1500,1500,1500,1372,1628,1500,1500,1500,2012,1500,1865,1736,1500,1520,1505,1500,988,8.3
2025-05-10,18:41:11.890,-66,-71,10,3734,33020,54,1,15,15582,8,304,294,711,354,-9,519,342,0,-1,-1,-1,0x1010480014840205,1576,1672,1589,1500,2012,1647,1850,1500,1500,1640,988,1500,1500,1500,1500,1500,1500,1500,1372,1628,1500,1500,1500,2012,1500,1922,1788,1500,1520,1505,1500,988,8.3
2025-05-10,18:41:12.390,-68,-71,10,3725,33490,54,1,15,16090,8,306,143,971,354,-9,519,342,0,-1,-1,-1,0x1010480014842205,1544,1790,1589,1500,2012,1571,1985,1500,1500,1571,988,1500,1500,1500,1500,1500,1500,1500,1372,1628,1500,1500,1500,2012,1500,2003,2005,1500,1520,1505,1500,988,8.3
2025-05-10,18:41:12.890,-63,-63,10,3759,4810,54,1,15,16517,8,307,-889,564,354,-8,519,342,0,-1,-1,-1,0x1010480014840205,1267,1624,1589,1500,2012,1056,1782,1500,1500,1061,988,1500,1500,1500,1500,1500,1500,1500,1372,1628,1500,1500,1500,2012,1500,1837,1708,1500,1520,1505,1500,988,8.3
2025-05-10,18:41:13.390,-63,-58,10,3789,6140,54,1,15,11067,8,308,-1024,589,354,-8,519,342,0,-1,-1,-1,0x1010480014840A05,1177,1630,1589,1500,2012,988,1794,1500,1500,988,988,1500,1500,1500,1500,1500,1500,1500,1372,1628,1500,1500,1500,2012,1500,1848,1717,1500,1520,1505,1500,988,8.3
2025-05-10,18:41:13.890,-63,-54,10,3791,40770,54,1,15,16298,8,312,258,1022,354,-9,519,342,0,-1,-1,-1,0x1010480014842205,1574,1806,1589,1500,2012,1629,2011,1500,1500,1635,988,1500,1500,1500,1500,1500,1500,1500,1372,1628,1500,1500,1500,2012,1500,2011,2010,1500,1520,1505,1500,988,8.3
2025-05-10,18:41:14.390,-63,-52,10,3702,38630,54,1,15,16602,8,317,-455,933,354,-9,519,342,0,-1,-1,-1,0x1010480014840205,1428,1774,1589,1500,2012,1273,1966,1500,1500,1285,988,1500,1500,1500,1500,1500,1500,1500,1372,1628,1500,1500,1500,2012,1500,1988,1957,1500,1520,1505,1500,988,8.3
2025-05-10,18:41:14.890,-61,-58,10,3665,32020,54,1,15,16835,8,320,8,1016,354,-8,519,342,0,-1,-1,-1,0x1010480010842205,1514,1803,1589,1500,2012,1503,2008,1500,1500,1504,988,1500,1500,1500,1500,1500,1500,1500,1372,1628,1500,1500,1500,2012,1500,2009,2005,1500,1520,1505,1500,988,8.3
2025-05-10,18:41:15.390,-61,-59,10,3712,12590,54,1,15,14533,8,323,182,767,354,-9,519,342,0,-1,-1,-1,0x1010480014840605,1553,1685,1589,1500,2012,1590,1883,1500,1500,1591,988,1500,1500,1500,1500,1500,1500,1500,1372,1628,1500,1500,1500,2012,1500,1920,1809,1500,1520,1505,1500,988,8.3
2025-05-10,18:41:15.890,-60,-64,10,3751,4950,54,1,15,14062,8,324,283,369,354,-9,519,342,0,-1,-1,-1,0x1010480014840605,1571,1583,1589,1500,2012,1641,1684,1500,1500,1629,988,1500,1500,1500,1500,1500,1500,1500,1372,1628,1500,1500,1500,2012,1500,1748,1638,1500,1520,1505,1500,988,8.3
2025-05-10,18:41:16.390,-58,-64,10,3776,4520,54,1,15,11952,8,325,-116,496,354,-9,519,342,0,-1,-1,-1,0x1010480014840605,1495,1609,1589,1500,2012,1442,1748,1500,1500,1449,988,1500,1500,1500,1500,1500,1500,1500,1372,1628,1500,1500,1500,2012,1500,1806,1682,1500,1520,1505,1500,988,8.3
2025-05-10,18:41:16.890,-62,-64,10,3793,6340,53,1,15,11948,8,326,37,778,354,-9,519,342,0,-1,-1,-1,0x1010480010840605,1523,1678,1589,1500,2012,1518,1889,1500,1500,1525,988,1500,1500,1500,1500,1500,1500,1500,1372,1628,1500,1500,1500,2012,1500,1919,1796,1500,1520,1505,1500,988,8.3
2025-05-10,18:41:17.390,-63,-64,10,3789,19690,53,1,15,14900,8,328,0,1017,354,-9,519,342,0,-1,-1,-1,0x1010480010842605,1512,1803,1589,1500,2012,1500,2008,1500,1500,1500,988,1500,1500,1500,1500,1500,1500,1500,1372,1628,1500,1500,1500,2012,1500,2009,2005,1500,1520,1505,1500,988,8.3
2025-05-10,18:41:17.890,-61,-64,10,3781,5210,53,1,15,13519,8,330,242,632,354,-8,519,342,0,-1,-1,-1,0x1010480014840605,1568,1642,1589,1500,2012,1621,1816,1500,1500,1621,988,1500,1500,1500,1500,1500,1500,1500,1372,1628,1500,1500,1500,2012,1500,1866,1737,1500,1520,1505,1500,988,8.3
2025-05-10,18:41:18.390,-71,-71,10,3788,2630,53,1,15,10545,8,331,682,389,354,-9,519,342,0,-1,-1,-1,0x1010480014840605,1667,1582,1589,1500,2012,1841,1694,1500,1500,1840,988,1500,1500,1500,1500,1500,1500,1500,1372,1628,1500,1500,1500,2012,1500,1753,1637,1500,1520,1505,1500,988,8.3
2025-05-10,18:41:18.890,-66,-71,10,3795,6940,54,1,15,7487,8,331,885,625,354,-8,519,342,0,-1,-1,-1,0x1010480014840605,1727,1639,1589,1500,2012,1942,1812,1500,1500,1942,988,1500,1500,1500,1500,1500,1500,1500,1372,1628,1500,1500,1500,2012,1500,1862,1732,1500,1520,1505,1500,988,8.3
2025-05-10,18:41:19.390,-68,-66,10,3790,10110,54,1,15,7702,8,332,845,663,354,-9,519,342,0,-1,-1,-1,0x1010480014840205,1719,1651,1589,1500,2012,1922,1831,1500,1500,1928,988,1500,1500,1500,1500,1500,1500,1500,1372,1628,1500,1500,1500,2012,1500,1879,1752,1500,1520,1505,1500,988,8.3
2025-05-10,18:41:19.890,-69,-70,10,3783,13710,54,1,15,12201,8,334,547,804,354,-9,519,342,0,-1,-1,-1,0x1010480014840205,1636,1701,1589,1500,2012,1773,1902,1500,1500,1780,988,1500,1500,1500,1500,1500,1500,1500,1372,1628,1500,1500,1500,2012,1500,1933,1836,1500,1520,1505,1500,988,8.3
2025-05-10,18:41:20.390,-71,-70,10,3768,15100,54,1,15,12035,8,336,-5,836,354,-9,519,342,0,-1,-1,-1,0x1010480010840205,1511,1717,1589,1500,2012,1498,1918,1500,1500,1498,988,1500,1500,1500,1500,1500,1500,1500,1372,1628,1500,1500,1500,2012,1500,1945,1861,1500,1520,1505,1500,988,8.3
2025-05-10,18:41:20.890,-83,-75,10,3757,51240,54,1,15,15634,8,339,-2,1019,354,-9,519,342,0,-1,-1,-1,0x1010480010842605,1512,1804,1589,1500,2012,1499,2009,1500,1500,1499,988,1500,1500,1500,1500,1500,1500,1500,1372,1628,1500,1500,1500,2012,1500,2010,2007,1500,1520,1505,1500,988,8.3
2025-05-10,18:41:21.390,-91,-80,10,3756,3030,54,1,15,14001,9,341,-779,455,354,-9,519,342,0,-1,-1,-1,0x1010480014840605,1332,1600,1589,1500,2012,1111,1727,1500,1500,1132,988,1500,1500,1500,1500,1500,1500,1500,1372,1628,1500,1500,1500,2012,1500,1785,1667,1500,1520,1505,1500,988,8.3
2025-05-10,18:41:21.890,-70,-66,10,3793,4910,54,1,15,10610,9,342,-1024,597,354,-9,519,342,0,-1,-1,-1,0x1010480014840E05,1177,1629,1589,1500,2012,988,1798,1500,1500,988,988,1500,1500,1500,1500,1500,1500,1500,1372,1628,1500,1500,1500,2012,1500,1846,1715,1500,1520,1505,1500,988,8.3
2025-05-10,18:41:22.390,-66,-71,10,3795,39650,55,1,15,15634,9,344,430,994,354,-9,519,342,0,-1,-1,-1,0x1010480014842605,1606,1792,1589,1500,2012,1715,1997,1500,1500,1709,988,1500,1500,1500,1500,1500,1500,1500,1372,1628,1500,1500,1500,2012,1500,2001,1987,1500,1520,1505,1500,988,8.3
2025-05-10,18:41:22.890,-61,-71,10,3760,22940,55,1,15,6807,9,348,1024,824,354,-8,519,342,0,-1,-1,-1,0x1010480014840605,1786,1710,1589,1500,2012,2012,1912,1500,1500,2012,988,1500,1500,1500,1500,1500,1500,1500,1372,1628,1500,1500,1500,2012,1500,1940,1850,1500,1520,1505,1500,988,8.3
2025-05-10,18:41:23.390,-61,-71,10,3728,11020,54,1,15,6990,9,350,-58,774,354,-9,519,342,0,-1,-1,-1,0x1010480010840605,1509,1676,1589,1500,2012,1471,1887,1500,1500,1492,988,1500,1500,1500,1500,1500,1500,1500,1372,1628,1500,1500,1500,2012,1500,1913,1794,1500,1520,1505,1500,988,8.3
2025-05-10,18:41:23.890,-65,-67,10,3740,52300,54,1,15,15785,9,354,-719,831,354,-9,519,342,0,-1,-1,-1,0x1010480014840605,1344,1746,1589,1500,2012,1141,1915,1500,1500,1147,988,1500,1500,1500,1500,1500,1500,1500,1372,1628,1500,1500,1500,2012,1500,1973,1910,1500,1520,1505,1500,988,8.3
2025-05-10,18:41:24.390,-68,-67,10,3757,9390,54,1,15,12245,9,355,-742,524,354,-8,519,342,0,-1,-1,-1,0x1010480014840E05,1336,1621,1589,1500,2012,1129,1762,1500,1500,1136,988,1500,1500,1500,1500,1500,1500,1500,1372,1628,1500,1500,1500,2012,1500,1829,1701,1500,1520,1505,1500,988,8.3
2025-05-10,18:41:24.890,-64,-63,10,3777,15090,54,1,15,7115,9,356,4,791,354,-8,519,342,0,-1,-1,-1,0x1010480010840205,1513,1689,1589,1500,2012,1502,1895,1500,1500,1502,988,1500,1500,1500,1500,1500,1500,1500,1372,1628,1500,1500,1500,2012,1500,1924,1816,1500,1520,1505,1500,988,8.3
2025-05-10,18:41:25.390,-64,-63,10,3773,25610,54,1,15,11677,9,358,82,917,353,-9,519,342,0,-1,-1,-1,0x1010480014840205,1528,1754,1589,1500,2012,1541,1958,1500,1500,1535,988,1500,1500,1500,1500,1500,1500,1500,1372,1628,1500,1500,1500,2012,1500,1973,1924,1500,1520,1505,1500,988,8.3
2025-05-10,18:41:25.890,-64,-62,10,3751,7920,54,1,15,10942,9,361,-16,783,354,-9,519,342,0,-1,-1,-1,0x1010480010840205,1505,1677,1589,1500,2012,1492,1891,1500,1500,1479,988,1500,1500,1500,1500,1500,1500,1500,1372,1628,1500,1500,1500,2012,1500,1915,1795,1500,1520,1505,1500,988,8.3
2025-05-10,18:41:26.390,-63,-65,10,3753,14600,54,1,15,12716,9,363,595,607,354,-9,519,342,0,-1,-1,-1,0x1010480014840205,1657,1639,1589,1500,2012,1797,1803,1500,1500,1822,988,1500,1500,1500,1500,1500,1500,1500,1372,1628,1500,1500,1500,2012,1500,1861,1731,1500,1520,1505,1500,988,8.3
2025-05-10,18:41:26.890,-63,-65,10,3773,10240,54,1,15,9126,9,364,1020,703,354,-9,519,342,0,-1,-1,-1,0x1010480014840205,1783,1662,1589,1500,2012,2010,1851,1500,1500,2009,988,1500,1500,1500,1500,1500,1500,1500,1372,1628,1500,1500,1500,2012,1500,1895,1771,1500,1520,1505,1500,988,8.3
2025-05-10,18:41:27.390,-67,-72,10,3775,11280,55,1,15,9079,9,365,1024,761,354,-9,519,342,0,-1,-1,-1,0x1010480014840205,1786,1680,1589,1500,2012,2012,1880,1500,1500,2012,988,1500,1500,1500,1500,1500,1500,1500,1372,1628,1500,1500,1500,2012,1500,1916,1800,1500,1520,1505,1500,988,8.3
2025-05-10,18:41:27.890,-74,-75,10,3772,13670,55,1,15,10363,9,367,549,812,354,-9,519,342,0,-1,-1,-1,0x1010480014840205,1631,1704,1589,1500,2012,1774,1906,1500,1500,1768,988,1500,1500,1500,1500,1500,1500,1500,1372,1628,1500,1500,1500,2012,1500,1936,1840,1500,1520,1505,1500,988,8.3
2025-05-10,18:41:28.390,-77,-70,10,3756,43810,56,1,15,16438,9,370,-202,1018,354,-8,519,342,0,-1,-1,-1,0x1010480014842605,1477,1804,1589,1500,2012,1399,2009,1500,1500,1400,988,1500,1500,1500,1500,1500,1500,1500,1372,1628,1500,1500,1500,2012,1500,2010,2007,1500,1520,1505,1500,988,8.3
2025-05-10,18:41:28.890,-86,-80,10,3722,35320,56,1,15,16990,9,374,-218,1018,354,-9,519,342,0,-1,-1,-1,0x1010480014842605,1474,1804,1589,1500,2012,1391,2009,1500,1500,1391,988,1500,1500,1500,1500,1500,1500,1500,1372,1628,1500,1500,1500,2012,1500,2010,2007,1500,1520,1505,1500,988,8.3
2025-05-10,18:41:29.390,-72,-76,10,3698,18100,56,1,15,20247,9,378,45,1019,354,-9,519,342,0,-1,-1,-1,0x1010480010842605,1520,1804,1589,1500,2012,1522,2009,1500,1500,1517,988,1500,1500,1500,1500,1500,1500,1500,1372,1628,1500,1500,1500,2012,1500,2010,2007,1500,1520,1505,1500,988,8.3
2025-05-10,18:41:29.890,-76,-75,10,3706,22400,56,1,15,18821,9,381,-59,1018,354,-8,519,342,0,-1,-1,-1,0x1010480014842605,1502,1804,1589,1500,2012,1471,2009,1500,1500,1472,988,1500,1500,1500,1500,1500,1500,1500,1372,1628,1500,1500,1500,2012,1500,2010,2007,1500,1520,1505,1500,988,8.3
2025-05-10,18:41:30.390,-75,-75,10,3718,19680,55,1,15,18330,9,384,221,1017,354,-9,519,342,0,-1,-1,-1,0x1010480014842605,1556,1803,1589,1500,2012,1610,2008,1500,1500,1598,988,1500,1500,1500,1500,1500,1500,1500,1372,1628,1500,1500,1500,2012,1500,2009,2006,1500,1520,1505,1500,988,8.3
2025-05-10,18:41:30.890,-75,-63,10,3724,19370,55,1,15,19675,9,386,-6,1017,353,-9,519,342,0,-1,-1,-1,0x1010480010842605,1506,1803,1589,1500,2012,1497,2008,1500,1500,1484,988,1500,1500,1500,1500,1500,1500,1500,1372,1628,1500,1500,1500,2012,1500,2009,2006,1500,1520,1505,1500,988,8.3
2025-05-10,18:41:31.390,-75,-55,10,3728,18420,55,1,15,20233,10,389,265,1018,354,-9,519,342,0,-1,-1,-1,0x1010480014842605,1572,1804,1589,1500,2012,1632,2009,1500,1500,1632,988,1500,1500,1500,1500,1500,1500,1500,1372,1628,1500,1500,1500,2012,1500,2010,2007,1500,1520,1505,1500,988,8.3
2025-05-10,18:41:31.890,-64,-69,10,3731,18760,55,1,15,20234,10,391,-17,1011,354,-8,519,342,0,-1,-1,-1,0x1010480010842605,1511,1800,1589,1500,2012,1492,2005,1500,1500,1498,988,1500,1500,1500,1500,1500,1500,1500,1372,1628,1500,1500,1500,2012,1500,2007,2001,1500,1520,1505,1500,988,8.3
2025-05-10,18:41:32.390,-63,-54,10,3732,17570,55,1,15,19996,10,394,2,1007,354,-9,519,342,0,-1,-1,-1,0x1010480010842205,1512,1798,1589,1500,2012,1501,2003,1500,1500,1500,988,1500,1500,1500,1500,1500,1500,1500,1372,1628,1500,1500,1500,2012,1500,2006,1998,1500,1520,1505,1500,988,8.3
2025-05-10,18:41:32.890,-70,-59,10,3733,16380,56,1,15,21088,10,396,49,1007,354,-9,519,342,0,-1,-1,-1,0x1010480010842205,1523,1798,1589,1500,2012,1524,2003,1500,1500,1524,988,1500,1500,1500,1500,1500,1500,1500,1372,1628,1500,1500,1500,2012,1500,2006,1998,1500,1520,1505,1500,988,8.3
2025-05-10,18:41:33.390,-75,-66,10,3734,14280,56,1,15,19557,10,398,163,433,354,-9,519,342,0,-1,-1,-1,0x1010480014840205,1552,1606,1589,1500,2012,1581,1716,1500,1500,1588,988,1500,1500,1500,1500,1500,1500,1500,1372,1628,1500,1500,1500,2012,1500,1895,1677,1500,1520,1505,1500,988,8.3
2025-05-10,18:41:33.890,-75,-63,10,3737,1590,56,1,15,16278,10,398,435,80,354,-9,519,342,0,-1,-1,-1,0x1010480014840205,1609,1520,1589,1500,2012,1717,1540,1500,1500,1717,988,1500,1500,1500,1500,1500,1500,1500,1372,1628,1500,1500,1500,2012,1500,1560,1534,1500,1520,1505,1500,988,8.3
2025-05-10,18:41:34.390,-69,-69,10,3793,1340,56,1,15,14191,10,399,470,111,354,-9,519,342,0,-1,-1,-1,0x1010480014840205,1614,1526,1589,1500,2012,1735,1555,1500,1500,1729,988,1500,1500,1500,1500,1500,1500,1500,1372,1628,1500,1500,1500,2012,1500,1583,1544,1500,1520,1505,1500,988,8.3
2025-05-10,18:41:34.890,-69,-69,10,3797,1410,56,1,15,8995,10,399,305,241,354,-9,519,342,0,-1,-1,-1,0x1010480014840205,1582,1542,1589,1500,2012,1652,1620,1500,1500,1653,988,1500,1500,1500,1500,1500,1500,1500,1372,1628,1500,1500,1500,2012,1500,1652,1571,1500,1520,1505,1500,988,8.3
2025-05-10,18:41:35.390,-65,-63,10,3798,4540,56,1,15,12058,10,400,-85,925,354,-9,519,342,0,-1,-1,-1,0x1010480014840205,1490,1738,1589,1500,2012,1458,1962,1500,1500,1435,988,1500,1500,1500,1500,1500,1500,1500,1372,1628,1500,1500,1500,2012,1500,1965,1897,1500,1520,1505,1500,988,8.3
2025-05-10,18:41:35.890,-65,-65,10,3787,34710,56,1,15,11045,10,402,530,1008,354,-9,519,342,0,-1,-1,-1,0x1010480014842205,1623,1798,1589,1500,2012,1765,2004,1500,1500,1750,988,1500,1500,1500,1500,1500,1500,1500,1372,1628,1500,1500,1500,2012,1500,2005,1997,1500,1520,1505,1500,988,8.3
2025-05-10,18:41:36.390,-68,-67,10,3776,5980,55,1,15,10706,10,405,805,655,354,-9,519,342,0,-1,-1,-1,0x1010480014840205,1720,1645,1589,1500,2012,1902,1827,1500,1500,1929,988,1500,1500,1500,1500,1500,1500,1500,1372,1628,1500,1500,1500,2012,1500,1871,1742,1500,1520,1505,1500,988,8.3
2025-05-10,18:41:36.890,-80,-80,10,3771,30190,55,1,15,17084,10,408,-49,1019,354,-9,519,342,0,-1,-1,-1,0x1010480010842205,1508,1804,1589,1500,2012,1476,2009,1500,1500,1487,988,1500,1500,1500,1500,1500,1500,1500,1372,1628,1500,1500,1500,2012,1500,2010,2007,1500,1520,1505,1500,988,8.3
2025-05-10,18:41:37.390,-89,-78,10,3735,27900,55,1,15,17320,10,412,233,719,354,-9,519,342,0,-1,-1,-1,0x1010480014840205,1575,1675,1589,1500,2012,1616,1859,1500,1500,1637,988,1500,1500,1500,1500,1500,1500,1500,1372,1628,1500,1500,1500,2012,1500,1928,1792,1500,1520,1505,1500,988,8.3
2025-05-10,18:41:37.890,-81,-80,10,3729,1910,55,1,15,12455,10,412,-1024,4,354,-9,519,342,0,-1,-1,-1,0x1010480014840205,1177,1501,1589,1500,2012,988,1502,1500,1500,988,988,1500,1500,1500,1500,1500,1500,1500,1117,1883,1500,1500,1500,2012,1500,1504,1502,1500,1520,1505,1500,988,8.3
2025-05-10,18:41:38.390,-74,-71,10,3778,11000,55,1,15,4860,10,413,-911,569,354,-9,519,342,0,-1,-1,-1,0x1010480014840A05,1241,1625,1589,1500,2012,1045,1784,1500,1500,1039,988,1500,1500,1500,1500,1500,1500,1500,1372,1628,1500,1500,1500,2012,1500,1839,1709,1500,1520,1505,1500,988,8.3
2025-05-10,18:41:38.890,-69,-65,10,3777,19740,55,1,15,6239,10,415,318,682,354,-9,519,342,0,-1,-1,-1,0x1010480014840205,1582,1656,1589,1500,2012,1659,1841,1500,1500,1652,988,1500,1500,1500,1500,1500,1500,1500,1372,1628,1500,1500,1500,2012,1500,1886,1760,1500,1520,1505,1500,988,8.3
2025-05-10,18:41:39.390,-69,-67,10,3744,46740,55,1,15,15696,10,419,70,1021,354,-9,519,342,0,-1,-1,-1,0x1010480014842205,1528,1805,1589,1500,2012,1535,2010,1500,1500,1535,988,1500,1500,1500,1500,1500,1500,1500,1372,1628,1500,1500,1500,2012,1500,2011,2009,1500,1520,1505,1500,988,8.3
2025-05-10,18:41:39.890,-73,-65,10,3681,21050,55,1,15,18929,11,424,-152,1015,354,-9,519,342,0,-1,-1,-1,0x1010480014842605,1489,1802,1589,1500,2012,1424,2007,1500,1500,1432,988,1500,1500,1500,1500,1500,1500,1500,1372,1628,1500,1500,1500,2012,1500,2008,2003,1500,1520,1505,1500,988,8.3
2025-05-10,18:41:40.390,-78,-71,10,3681,3140,55,1,15,12961,11,425,337,228,354,-9,519,342,0,-1,-1,-1,0x1010480014840605,1589,1552,1589,1500,2012,1668,1614,1500,1500,1668,988,1500,1500,1500,1500,1500,1500,1500,1372,1628,1500,1500,1500,2012,1500,1668,1587,1500,1520,1505,1500,988,8.3
2025-05-10,18:41:40.890,-73,-73,10,3779,12110,55,1,15,10672,11,425,-262,852,354,-9,519,342,0,-1,-1,-1,0x1010480014840605,1464,1736,1589,1500,2012,1369,1926,1500,1500,1364,988,1500,1500,1500,1500,1500,1500,1500,1372,1628,1500,1500,1500,2012,1500,1959,1893,1500,1520,1505,1500,988,8.3
2025-05-10,18:41:41.390,-78,-69,10,3784,11450,54,1,15,14836,11,426,-544,664,354,-9,519,342,0,-1,-1,-1,0x1010480014840E05,1398,1660,1589,1500,2012,1228,1832,1500,1500,1228,988,1500,1500,1500,1500,1500,1500,1500,1372,1628,1500,1500,1500,2012,1500,1893,1768,1500,1520,1505,1500,988,8.3
2025-05-10,18:41:41.890,-79,-82,10,3788,6680,54,1,15,6836,0,0,431,666,354,-9,519,342,0,-1,-1,-1,0x1010480014840605,1606,1651,1589,1500,2012,1715,1833,1500,1500,1709,988,1500,1500,1500,1500,1500,1500,1500,1372,1628,1500,1500,1500,2012,1500,1880,1752,1500,1520,1505,1500,988,8.3
2025-05-10,18:41:42.390,-76,-77,10,3784,7580,54,1,15,8139,0,1,256,674,354,-9,519,342,0,-1,-1,-1,0x1010480014840605,1564,1654,1589,1500,2012,1628,1837,1500,1500,1615,988,1500,1500,1500,1500,1500,1500,1500,1372,1628,1500,1500,1500,2012,1500,1883,1756,1500,1520,1505,1500,988,8.3
2025-05-10,18:41:42.890,-84,-82,10,3780,11920,54,1,15,9434,0,2,73,723,354,-9,519,342,0,-1,-1,-1,0x1010480014840605,1525,1678,1589,1500,2012,1536,1861,1500,1500,1530,988,1500,1500,1500,1500,1500,1500,1500,1372,1628,1500,1500,1500,2012,1500,1911,1798,1500,1520,1505,1500,988,8.3
2025-05-10,18:41:43.390,-84,-81,10,3779,11280,55,1,15,10236,0,3,671,664,354,-8,519,342,0,-1,-1,-1,0x1010480014840605,1661,1657,1589,1500,2012,1841,1832,1500,1500,1829,988,1500,1500,1500,1500,1500,1500,1500,1372,1628,1500,1500,1500,2012,1500,1888,1762,1500,1520,1505,1500,988,8.3
2025-05-10,18:41:43.890,-80,-72,50,3782,32050,55,1,15,11017,0,4,244,891,354,-9,519,342,0,-1,-1,-1,0x1010480014840205,1565,1743,1589,1500,2012,1622,1945,1500,1500,1616,988,1500,1500,1500,1500,1500,1500,1500,1372,1628,1500,1500,1500,2012,1500,1965,1906,1500,1520,1505,1500,988,8.3
2025-05-10,18:41:44.390,-69,-72,25,3779,5940,55,1,15,9410,0,5,710,561,354,-8,519,342,0,-1,-1,-1,0x1010480014840205,1675,1624,1589,1500,2012,1855,1780,1500,1500,1854,988,1500,1500,1500,1500,1500,1500,1500,1372,1628,1500,1500,1500,2012,1500,1836,1706,1500,1520,1505,1500,988,8.3
2025-05-10,18:41:44.890,-70,-72,10,3783,4490,55,1,15,7849,0,6,665,534,354,-9,519,342,0,-1,-1,-1,0x1010480014840205,1666,1615,1589,1500,2012,1832,1767,1500,1500,1838,988,1500,1500,1500,1500,1500,1500,1500,1372,1628,1500,1500,1500,2012,1500,1819,1692,1500,1520,1505,1500,988,8.3
2025-05-10,18:41:45.390,-84,-84,10,3784,6140,55,1,15,7795,0,7,155,587,354,-9,519,342,0,-1,-1,-1,0x1010480014840205,1550,1629,1589,1500,2012,1577,1793,1500,1500,1583,988,1500,1500,1500,1500,1500,1500,1500,1372,1628,1500,1500,1500,2012,1500,1847,1715,1500,1520,1505,1500,988,8.3
2025-05-10,18:41:45.890,-87,-79,10,3784,10480,55,1,15,11529,0,10,276,627,354,-9,519,342,0,-1,-1,-1,0x1010480014840205,1575,1640,1589,1500,2012,1638,1813,1500,1500,1638,988,1500,1500,1500,1500,1500,1500,1500,1372,1628,1500,1500,1500,2012,1500,1864,1734,1500,1520,1505,1500,988,8.3
2025-05-10,18:41:46.390,-83,-79,10,3777,5570,55,1,15,11363,0,11,-62,580,354,-9,519,342,0,-1,-1,-1,0x1010480010840205,1504,1628,1589,1500,2012,1469,1790,1500,1500,1476,988,1500,1500,1500,1500,1500,1500,1500,1372,1628,1500,1500,1500,2012,1500,1844,1714,1500,1520,1505,1500,988,8.3
2025-05-10,18:41:46.890,-74,-76,10,4075,5720,54,1,15,13352,0,13,238,572,354,-8,519,342,0,-1,-1,-1,0x1010480014840205,1561,1626,1589,1500,2012,1619,1786,1500,1500,1607,988,1500,1500,1500,1500,1500,1500,1500,1372,1628,1500,1500,1500,2012,1500,1841,1711,1500,1520,1505,1500,988,8.3
2025-05-10,18:41:47.390,-77,-76,10,3781,11170,55,1,15,13171,0,14,1023,460,354,-9,519,342,0,-1,-1,-1,0x1010480014840205,1785,1607,1589,1500,2012,2011,1730,1500,1500,2011,988,1500,1500,1500,1500,1500,1500,1500,1372,1628,1500,1500,1500,2012,1500,1802,1679,1500,1520,1505,1500,988,8.3
2025-05-10,18:41:47.890,-82,-81,10,3775,41590,55,1,15,13206,0,15,-148,1019,354,-9,519,342,0,-1,-1,-1,0x1010480014842205,1491,1804,1589,1500,2012,1426,2009,1500,1500,1437,988,1500,1500,1500,1500,1500,1500,1500,1372,1628,1500,1500,1500,2012,1500,2010,2007,1500,1520,1505,1500,988,8.3
2025-05-10,18:41:48.390,-83,-83,10,3748,29600,55,1,15,17333,0,20,0,1010,353,-9,519,342,0,-1,-1,-1,0x1010480010842205,1512,1805,1589,1500,2012,1500,2005,1500,1500,1500,988,1500,1500,1500,1500,1500,1500,1500,1372,1628,1500,1500,1500,2012,1500,2011,2009,1500,1520,1505,1500,988,8.3
2025-05-10,18:41:48.890,-75,-83,10,3717,8520,55,1,15,15622,0,22,-455,765,354,-9,519,342,0,-1,-1,-1,0x1010480014840605,1419,1682,1589,1500,2012,1273,1882,1500,1500,1266,988,1500,1500,1500,1500,1500,1500,1500,1372,1628,1500,1500,1500,2012,1500,1918,1804,1500,1520,1505,1500,988,8.3
2025-05-10,18:41:49.390,-74,-77,10,3761,5430,55,1,15,14286,0,23,10,592,354,-9,519,342,0,-1,-1,-1,0x1010480010840605,1514,1635,1589,1500,2012,1505,1796,1500,1500,1505,988,1500,1500,1500,1500,1500,1500,1500,1372,1628,1500,1500,1500,2012,1500,1855,1725,1500,1520,1505,1500,988,8.3
2025-05-10,18:41:49.890,-85,-68,10,3774,13350,56,1,15,15224,0,24,-331,909,354,-9,519,342,0,-1,-1,-1,0x1010480014840605,1455,1751,1589,1500,2012,1335,1954,1500,1500,1342,988,1500,1500,1500,1500,1500,1500,1500,1372,1628,1500,1500,1500,2012,1500,1971,1918,1500,1520,1505,1500,988,8.3
2025-05-10,18:41:50.390,-69,-69,10,3781,13430,56,1,15,2500,0,25,4,444,354,-9,519,342,0,-1,-1,-1,0x1010480010840605,1513,1598,1589,1500,2012,1502,1722,1500,1500,1502,988,1500,1500,1500,1500,1500,1500,1500,1372,1628,1500,1500,1500,2012,1500,1781,1663,1500,1520,1505,1500,988,8.3
2025-05-10,18:41:50.890,-74,-71,10,3782,5980,56,1,15,3267,0,26,2,471,354,-8,519,342,0,-1,-1,-1,0x1010480010840605,1512,1603,1589,1500,2012,1501,1735,1500,1500,1500,988,1500,1500,1500,1500,1500,1500,1500,1372,1628,1500,1500,1500,2012,1500,1793,1672,1500,1520,1505,1500,988,8.3
2025-05-10,18:41:51.390,-74,-71,10,3780,10410,56,1,15,6379,0,27,863,621,354,-9,519,342,0,-1,-1,-1,0x1010480014840605,1718,1642,1589,1500,2012,1931,1810,1500,1500,1926,988,1500,1500,1500,1500,1500,1500,1500,1372,1628,1500,1500,1500,2012,1500,1861,1737,1500,1520,1505,1500,988,8.3
2025-05-10,18:41:51.890,-63,-70,10,5000,4360,55,1,15,7308,0,28,986,510,354,-9,519,342,0,-1,-1,-1,0x1010480014840605,1767,1609,1589,1500,2012,1993,1755,1500,1500,1993,988,1500,1500,1500,1500,1500,1500,1500,1372,1628,1500,1500,1500,2012,1500,1807,1683,1500,1520,1505,1500,988,8.3
2025-05-10,18:41:52.390,-61,-68,10,3770,6830,55,1,15,6331,0,30,1024,633,354,-9,519,342,0,-1,-1,-1,0x1010480014840605,1786,1639,1589,1500,2012,2012,1816,1500,1500,2012,988,1500,1500,1500,1500,1500,1500,1500,1372,1628,1500,1500,1500,2012,1500,1861,1732,1500,1520,1505,1500,988,8.3
2025-05-10,18:41:52.890,-70,-75,10,3757,15160,55,1,15,10519,0,33,11,725,354,-9,519,342,0,-1,-1,-1,0x1010480010840205,1514,1669,1589,1500,2012,1505,1862,1500,1500,1505,988,1500,1500,1500,1500,1500,1500,1500,1372,1628,1500,1500,1500,2012,1500,1904,1782,1500,1520,1505,1500,988,8.3
2025-05-10,18:41:53.390,-69,-75,10,3736,32850,55,1,15,16668,0,36,182,1017,354,-9,519,342,0,-1,-1,-1,0x1010480014842205,1549,1803,1589,1500,2012,1591,2008,1500,1500,1581,988,1500,1500,1500,1500,1500,1500,1500,1372,1628,1500,1500,1500,2012,1500,2010,2007,1500,1520,1505,1500,988,8.3
2025-05-10,18:41:53.890,-67,-75,10,3706,1710,55,1,15,12237,1,40,-844,176,354,-8,519,342,0,-1,-1,-1,0x1010480014840205,1301,1540,1589,1500,2012,1078,1588,1500,1500,1096,988,1500,1500,1500,1500,1500,1500,1500,1372,1628,1500,1500,1500,2012,1500,1634,1566,1500,1520,1505,1500,988,8.3
2025-05-10,18:41:54.390,-61,-75,10,3736,23210,55,1,15,10536,1,40,-1021,930,354,-8,519,342,0,-1,-1,-1,0x1010480014840205,1187,1760,1589,1500,2012,990,1965,1500,1500,996,988,1500,1500,1500,1500,1500,1500,1500,1372,1628,1500,1500,1500,2012,1500,1978,1934,1500,1520,1505,1500,988,8.3
2025-05-10,18:41:54.900,-51,-75,10,3755,18550,55,1,15,10970,1,43,-640,870,354,-9,519,342,0,-1,-1,-1,0x1010480014840A05,1368,1732,1589,1500,2012,1180,1935,1500,1500,1181,988,1500,1500,1500,1500,1500,1500,1500,1372,1628,1500,1500,1500,2012,1500,1957,1887,1500,1520,1505,1500,988,8.3
2025-05-10,18:41:55.390,-51,-75,10,3751,1250,55,1,15,6075,1,44,-947,9,354,-9,519,342,0,-1,-1,-1,0x1010480014840A05,1225,1502,1589,1500,2012,1027,1504,1500,1500,1027,988,1500,1500,1500,1500,1500,1500,1500,1090,2012,1500,1500,1500,2012,1500,1507,1503,1500,1520,1505,1500,988,8.3
2025-05-10,18:41:55.890,-55,-55,10,3789,1010,55,1,15,2932,1,44,-975,239,354,-9,519,342,0,-1,-1,-1,0x1010480014840A05,1209,1545,1589,1500,2012,1013,1619,1500,1500,1013,988,1500,1500,1500,1500,1500,1500,1500,1372,1628,1500,1500,1500,2012,1500,1660,1575,1500,1520,1505,1500,988,8.3
2025-05-10,18:41:56.390,-65,-65,10,3793,29190,54,1,15,9667,1,45,0,844,354,-9,519,342,0,-1,-1,-1,0x1010480010840205,1515,1720,1589,1500,2012,1500,1922,1500,1500,1507,988,1500,1500,1500,1500,1500,1500,1500,1372,1628,1500,1500,1500,2012,1500,1947,1866,1500,1520,1505,1500,988,8.3
2025-05-10,18:41:56.900,-65,-61,10,3773,32160,54,1,15,16281,1,49,-353,1000,354,-9,519,342,0,-1,-1,-1,0x1010480014842205,1451,1795,1589,1500,2012,1324,2000,1500,1500,1330,988,1500,1500,1500,1500,1500,1500,1500,1372,1628,1500,1500,1500,2012,1500,2003,1992,1500,1520,1505,1500,988,8.3
2025-05-10,18:41:57.400,-65,-61,10,3722,6170,54,1,15,10911,1,52,-689,699,354,-9,519,342,0,-1,-1,-1,0x1010480014840E05,1351,1660,1589,1500,2012,1156,1849,1500,1500,1156,988,1500,1500,1500,1500,1500,1500,1500,1372,1628,1500,1500,1500,2012,1500,1893,1768,1500,1520,1505,1500,988,8.3
2025-05-10,18:41:57.900,-74,-70,10,3741,12530,54,1,15,9897,1,53,-976,580,354,-9,519,342,0,-1,-1,-1,0x1010480014840E05,1221,1642,1589,1500,2012,1012,1790,1500,1500,1024,988,1500,1500,1500,1500,1500,1500,1500,1372,1628,1500,1500,1500,2012,1500,1861,1737,1500,1520,1505,1500,988,8.3
2025-05-10,18:41:58.400,-76,-72,10,3764,16870,55,1,15,13207,1,55,-700,445,354,-9,519,342,0,-1,-1,-1,0x1010480014840605,1351,1612,1589,1500,2012,1150,1722,1500,1500,1157,988,1500,1500,1500,1500,1500,1500,1500,1372,1628,1500,1500,1500,2012,1500,1863,1686,1500,1520,1505,1500,988,8.3
2025-05-10,18:41:58.900,-74,-76,10,3764,7150,55,1,15,10454,1,56,-472,562,354,-9,519,342,0,-1,-1,-1,0x1010480014840E05,1422,1624,1589,1500,2012,1264,1781,1500,1500,1273,988,1500,1500,1500,1500,1500,1500,1500,1372,1628,1500,1500,1500,2012,1500,1837,1707,1500,1520,1505,1500,988,8.3
2025-05-10,18:41:59.400,-83,-75,10,3761,32010,55,1,15,13999,1,58,-145,1002,353,-9,519,342,0,-1,-1,-1,0x1010480014842605,1489,1796,1589,1500,2012,1428,2001,1500,1500,1428,988,1500,1500,1500,1500,1500,1500,1500,1372,1628,1500,1500,1500,2012,1500,2008,1994,1500,1520,1505,1500,988,8.3
2025-05-10,18:41:59.900,-73,-80,10,3739,2620,55,1,15,12453,1,61,240,396,354,-9,519,342,0,-1,-1,-1,0x1010480014840605,1567,1586,1589,1500,2012,1620,1698,1500,1500,1620,988,1500,1500,1500,1500,1500,1500,1500,1372,1628,1500,1500,1500,2012,1500,1756,1644,1500,1520,1505,1500,988,8.3
2025-05-10,18:42:00.400,-77,-67,10,3763,14750,55,1,15,13060,1,62,2,1003,354,-9,519,342,0,-1,-1,-1,0x1010480010842605,1513,1803,1589,1500,2012,1501,2009,1500,1500,1501,988,1500,1500,1500,1500,1500,1500,1500,1372,1628,1500,1500,1500,2012,1500,2009,1995,1500,1520,1505,1500,988,8.3
2025-05-10,18:42:00.900,-80,-73,10,3780,3150,55,1,15,13106,1,64,558,299,354,-9,519,342,0,-1,-1,-1,0x1010480014840605,1618,1571,1589,1500,2012,1779,1649,1500,1500,1739,988,1500,1500,1500,1500,1500,1500,1500,1372,1628,1500,1500,1500,2012,1500,1720,1618,1500,1520,1505,1500,988,8.3
2025-05-10,18:42:01.400,-79,-73,10,3783,1650,55,1,15,5994,1,64,1024,342,354,-9,519,342,0,-1,-1,-1,0x1010480014840205,1786,1568,1589,1500,2012,2012,1671,1500,1500,2012,988,1500,1500,1500,1500,1500,1500,1500,1372,1628,1500,1500,1500,2012,1500,1721,1614,1500,1520,1505,1500,988,8.3
2025-05-10,18:42:01.900,-65,-73,10,3786,8740,55,1,15,4819,1,65,1024,541,354,-9,519,342,0,-1,-1,-1,0x1010480014840205,1786,1619,1589,1500,2012,2012,1770,1500,1500,2012,988,1500,1500,1500,1500,1500,1500,1500,1372,1628,1500,1500,1500,2012,1500,1827,1699,1500,1520,1505,1500,988,8.3
2025-05-10,18:42:02.400,-68,-73,10,4693,29500,55,1,15,12325,1,67,334,883,354,-9,519,342,0,-1,-1,-1,0x1010480014840205,1585,1739,1589,1500,2012,1667,1941,1500,1500,1659,988,1500,1500,1500,1500,1500,1500,1500,1372,1628,1500,1500,1500,2012,1500,1962,1899,1500,1520,1505,1500,988,8.3
2025-05-10,18:42:02.900,-68,-71,10,3769,14180,54,1,15,11327,1,69,7,819,354,-9,519,342,0,-1,-1,-1,0x1010480010840205,1513,1708,1589,1500,2012,1503,1909,1500,1500,1503,988,1500,1500,1500,1500,1500,1500,1500,1372,1628,1500,1500,1500,2012,1500,1939,1848,1500,1520,1505,1500,988,8.3
2025-05-10,18:42:03.400,-70,-71,10,3755,12470,54,1,15,13631,1,70,27,854,354,-8,519,342,0,-1,-1,-1,0x1010480010840205,1518,1724,1589,1500,2012,1513,1927,1500,1500,1513,988,1500,1500,1500,1500,1500,1500,1500,1372,1628,1500,1500,1500,2012,1500,1951,1874,1500,1520,1505,1500,988,8.3
2025-05-10,18:42:03.900,-71,-71,10,3751,39860,54,1,15,17160,1,74,92,1020,354,-9,519,342,0,-1,-1,-1,0x1010480014842605,1532,1805,1589,1500,2012,1546,2010,1500,1500,1545,988,1500,1500,1500,1500,1500,1500,1500,1372,1628,1500,1500,1500,2012,1500,2011,2009,1500,1520,1505,1500,988,8.3
2025-05-10,18:42:04.400,-66,-73,10,3742,1710,54,1,15,13774,1,76,499,299,354,-9,519,342,0,-1,-1,-1,0x1010480014840605,1623,1564,1589,1500,2012,1749,1649,1500,1500,1749,988,1500,1500,1500,1500,1500,1500,1500,1372,1628,1500,1500,1500,2012,1500,1704,1606,1500,1520,1505,1500,988,8.3
2025-05-10,18:42:04.900,-83,-65,10,3742,17840,54,1,15,21735,2,77,256,713,354,-9,519,342,0,-1,-1,-1,0x1010480014840605,1571,1671,1589,1500,2012,1628,1856,1500,1500,1627,988,1500,1500,1500,1500,1500,1500,1500,1372,1628,1500,1500,1500,2012,1500,1916,1775,1500,1520,1505,1500,988,8.3
2025-05-10,18:42:05.400,-83,-66,10,3783,3550,54,1,15,12679,2,78,946,517,354,-9,519,342,0,-1,-1,-1,0x1010480014840605,1747,1611,1589,1500,2012,1973,1758,1500,1500,1972,988,1500,1500,1500,1500,1500,1500,1500,1372,1628,1500,1500,1500,2012,1500,1811,1686,1500,1520,1505,1500,988,8.3
2025-05-10,18:42:05.900,-62,-69,10,3780,11480,55,1,15,10703,2,79,311,808,354,-9,519,342,0,-1,-1,-1,0x1010480014840605,1591,1698,1589,1500,2012,1655,1904,1500,1500,1672,988,1500,1500,1500,1500,1500,1500,1500,1372,1628,1500,1500,1500,2012,1500,1931,1830,1500,1520,1505,1500,988,8.3
2025-05-10,18:42:06.400,-69,-69,10,3772,19950,55,1,15,12282,2,81,572,874,354,-9,519,342,0,-1,-1,-1,0x1010480014840605,1637,1734,1589,1500,2012,1786,1937,1500,1500,1780,988,1500,1500,1500,1500,1500,1500,1500,1372,1628,1500,1500,1500,2012,1500,1959,1891,1500,1520,1505,1500,988,8.3
2025-05-10,18:42:06.900,-65,-75,10,3747,10110,55,1,15,12674,2,83,-1,758,354,-9,519,342,0,-1,-1,-1,0x1010480010840605,1512,1679,1589,1500,2012,1500,1879,1500,1500,1500,988,1500,1500,1500,1500,1500,1500,1500,1372,1628,1500,1500,1500,2012,1500,1916,1798,1500,1520,1505,1500,988,8.3
2025-05-10,18:42:07.400,-79,-75,10,3747,20330,55,1,15,14466,2,86,175,769,354,-9,519,342,0,-1,-1,-1,0x1010480014840605,1554,1690,1589,1500,2012,1587,1884,1500,1500,1593,988,1500,1500,1500,1500,1500,1500,1500,1372,1628,1500,1500,1500,2012,1500,1924,1817,1500,1520,1505,1500,988,8.3
2025-05-10,18:42:07.900,-64,-76,10,3760,8560,55,1,15,17857,2,87,-1024,742,354,-9,519,342,0,-1,-1,-1,0x1010480014840205,1177,1673,1589,1500,2012,988,1871,1500,1500,988,988,1500,1500,1500,1500,1500,1500,1500,1372,1628,1500,1500,1500,2012,1500,1910,1789,1500,1520,1505,1500,988,8.3
2025-05-10,18:42:08.400,-61,-68,10,3771,7960,55,1,15,7848,2,88,-802,656,354,-9,519,342,0,-1,-1,-1,0x1010480014840A05,1304,1648,1589,1500,2012,1099,1828,1500,1500,1099,988,1500,1500,1500,1500,1500,1500,1500,1372,1628,1500,1500,1500,2012,1500,1876,1747,1500,1520,1505,1500,988,8.3
2025-05-10,18:42:08.890,-56,-68,10,3771,28100,55,1,15,10604,2,91,24,864,354,-9,519,342,0,-1,-1,-1,0x1010480010840205,1514,1729,1589,1500,2012,1512,1932,1500,1500,1505,988,1500,1500,1500,1500,1500,1500,1500,1372,1628,1500,1500,1500,2012,1500,1955,1883,1500,1520,1505,1500,988,8.3
2025-05-10,18:42:09.390,-56,-52,10,3715,12380,55,1,15,8880,2,94,-286,684,354,-9,519,342,0,-1,-1,-1,0x1010480014840605,1459,1660,1589,1500,2012,1357,1842,1500,1500,1352,988,1500,1500,1500,1500,1500,1500,1500,1372,1628,1500,1500,1500,2012,1500,1892,1767,1500,1520,1505,1500,988,8.3
2025-05-10,18:42:09.900,-67,-59,10,3717,18060,55,1,15,11510,2,96,-54,832,354,-9,519,342,0,-1,-1,-1,0x1010480014840605,1502,1715,1589,1500,2012,1473,1916,1500,1500,1473,988,1500,1500,1500,1500,1500,1500,1500,1372,1628,1500,1500,1500,2012,1500,1944,1858,1500,1520,1505,1500,988,8.3
2025-05-10,18:42:10.400,-67,-62,10,3738,9010,55,1,15,12449,2,98,378,759,354,-9,519,342,0,-1,-1,-1,0x1010480014840605,1600,1679,1589,1500,2012,1689,1879,1500,1500,1688,988,1500,1500,1500,1500,1500,1500,1500,1372,1628,1500,1500,1500,2012,1500,1921,1800,1500,1520,1505,1500,988,8.3
2025-05-10,18:42:10.890,-59,-63,10,3746,8470,55,1,15,12515,2,99,45,691,354,-9,519,342,0,-1,-1,-1,0x1010480014840605,1525,1659,1589,1500,2012,1522,1845,1500,1500,1530,988,1500,1500,1500,1500,1500,1500,1500,1372,1628,1500,1500,1500,2012,1500,1890,1765,1500,1520,1505,1500,988,8.3
2025-05-10,18:42:11.400,-61,-63,10,3749,15660,55,1,15,14000,2,101,177,865,354,-8,519,342,0,-1,-1,-1,0x1010480014840605,1552,1729,1589,1500,2012,1588,1932,1500,1500,1589,988,1500,1500,1500,1500,1500,1500,1500,1372,1628,1500,1500,1500,2012,1500,1955,1882,1500,1520,1505,1500,988,8.3
2025-05-10,18:42:11.900,-60,-63,10,3746,11860,54,1,15,14463,2,103,4,803,354,-9,519,342,0,-1,-1,-1,0x1010480010840605,1513,1701,1589,1500,2012,1502,1901,1500,1500,1502,988,1500,1500,1500,1500,1500,1500,1500,1372,1628,1500,1500,1500,2012,1500,1933,1835,1500,1520,1505,1500,988,8.3
2025-05-10,18:42:12.400,-62,-63,10,3748,11580,55,1,15,14463,2,104,248,814,354,-9,519,342,0,-1,-1,-1,0x1010480014840605,1569,1705,1589,1500,2012,1624,1907,1500,1500,1624,988,1500,1500,1500,1500,1500,1500,1500,1372,1628,1500,1500,1500,2012,1500,1937,1843,1500,1520,1505,1500,988,8.3
2025-05-10,18:42:12.900,-60,-65,10,3752,2140,55,1,15,12022,2,105,607,687,354,-9,519,342,0,-1,-1,-1,0x1010480014840605,1648,1640,1589,1500,2012,1803,1843,1500,1500,1804,988,1500,1500,1500,1500,1500,1500,1500,1372,1628,1500,1500,1500,2012,1500,1868,1734,1500,1520,1505,1500,988,8.3
2025-05-10,18:42:13.400,-65,-68,10,3758,10930,55,1,15,11782,2,107,995,570,353,-9,519,342,0,-1,-1,-1,0x1010480014840205,1764,1628,1589,1500,2012,1997,1785,1500,1500,1991,988,1500,1500,1500,1500,1500,1500,1500,1372,1628,1500,1500,1500,2012,1500,1845,1714,1500,1520,1505,1500,988,8.3
2025-05-10,18:42:13.890,-68,-82,10,3772,22260,56,1,15,10766,2,108,534,864,354,-8,519,342,0,-1,-1,-1,0x1010480014840205,1631,1730,1589,1500,2012,1767,1932,1500,1500,1767,988,1500,1500,1500,1500,1500,1500,1500,1372,1628,1500,1500,1500,2012,1500,1955,1884,1500,1520,1505,1500,988,8.3
2025-05-10,18:42:14.400,-73,-71,10,3741,33680,56,1,15,16194,2,112,712,986,354,-9,519,342,0,-1,-1,-1,0x1010480014842205,1679,1789,1589,1500,2012,1856,1993,1500,1500,1861,988,1500,1500,1500,1500,1500,1500,1500,1372,1628,1500,1500,1500,2012,1500,1999,1983,1500,1520,1505,1500,988,8.3
2025-05-10,18:42:14.900,-70,-71,10,3697,3440,56,1,15,10052,3,116,585,654,354,-9,519,342,0,-1,-1,-1,0x1010480014840605,1648,1633,1589,1500,2012,1792,1827,1500,1500,1803,988,1500,1500,1500,1500,1500,1500,1500,1372,1628,1500,1500,1500,2012,1500,1856,1722,1500,1520,1505,1500,988,8.3
2025-05-10,18:42:15.400,-80,-76,10,3671,20320,57,1,15,19026,3,120,357,1021,354,-9,519,342,0,-1,-1,-1,0x1010480014842605,1593,1805,1589,1500,2012,1678,2010,1500,1500,1677,988,1500,1500,1500,1500,1500,1500,1500,1372,1628,1500,1500,1500,2012,1500,2011,2009,1500,1520,1505,1500,988,8.3
2025-05-10,18:42:15.890,-75,-77,10,3704,8390,57,1,15,17403,3,123,220,417,354,-9,519,342,0,-1,-1,-1,0x1010480014840605,1564,1592,1589,1500,2012,1610,1708,1500,1500,1615,988,1500,1500,1500,1500,1500,1500,1500,1372,1628,1500,1500,1500,2012,1500,1825,1653,1500,1520,1505,1500,988,8.3
2025-05-10,18:42:16.390,-73,-72,10,3738,4160,56,1,15,10980,3,123,-1024,663,354,-9,519,342,0,-1,-1,-1,0x1010480014840605,1177,1643,1589,1500,2012,988,1831,1500,1500,988,988,1500,1500,1500,1500,1500,1500,1500,1372,1628,1500,1500,1500,2012,1500,1873,1738,1500,1520,1505,1500,988,8.3
2025-05-10,18:42:16.890,-73,-68,10,3763,24660,57,1,15,12662,3,125,6,901,354,-9,519,342,0,-1,-1,-1,0x1010480010840605,1513,1747,1589,1500,2012,1503,1950,1500,1500,1503,988,1500,1500,1500,1500,1500,1500,1500,1372,1628,1500,1500,1500,2012,1500,1968,1912,1500,1520,1505,1500,988,8.3
2025-05-10,18:42:17.390,-73,-68,10,3737,15980,56,1,15,10360,3,127,-122,787,354,-9,519,342,0,-1,-1,-1,0x1010480014840605,1501,1694,1589,1500,2012,1439,1893,1500,1500,1468,988,1500,1500,1500,1500,1500,1500,1500,1372,1628,1500,1500,1500,2012,1500,1927,1823,1500,1520,1505,1500,988,8.3
2025-05-10,18:42:17.890,-69,-68,10,3732,2850,57,1,15,8208,3,129,-679,328,354,-9,519,342,0,-1,-1,-1,0x1010480014840605,1354,1574,1589,1500,2012,1161,1664,1500,1500,1160,988,1500,1500,1500,1500,1500,1500,1500,1372,1628,1500,1500,1500,2012,1500,1726,1623,1500,1520,1505,1500,988,8.3
2025-05-10,18:42:18.390,-60,-68,10,3753,3970,56,1,15,6125,3,129,-461,403,354,-8,519,342,0,-1,-1,-1,0x1010480014840E05,1418,1591,1589,1500,2012,1270,1701,1500,1500,1265,988,1500,1500,1500,1500,1500,1500,1500,1372,1628,1500,1500,1500,2012,1500,1766,1652,1500,1520,1505,1500,988,8.3
2025-05-10,18:42:18.890,-64,-64,10,3778,23050,56,1,15,11328,3,130,35,902,354,-9,519,342,0,-1,-1,-1,0x1010480010840205,1513,1743,1589,1500,2012,1517,1951,1500,1500,1501,988,1500,1500,1500,1500,1500,1500,1500,1372,1628,1500,1500,1500,2012,1500,1968,1905,1500,1520,1505,1500,988,8.3
2025-05-10,18:42:19.390,-64,-67,10,3777,3140,56,1,15,5236,3,132,842,401,354,-9,519,342,0,-1,-1,-1,0x1010480014840205,1712,1588,1589,1500,2012,1921,1700,1500,1500,1915,988,1500,1500,1500,1500,1500,1500,1500,1372,1628,1500,1500,1500,2012,1500,1759,1646,1500,1520,1505,1500,988,8.3
2025-05-10,18:42:19.900,-69,-66,10,3757,26300,56,1,15,18311,3,135,-15,1023,354,-9,519,342,0,-1,-1,-1,0x1010480010842205,1512,1806,1589,1500,2012,1493,2011,1500,1500,1499,988,1500,1500,1500,1500,1500,1500,1500,1372,1628,1500,1500,1500,2012,1500,2011,2011,1500,1520,1505,1500,988,8.3
2025-05-10,18:42:20.390,-62,-65,10,3770,2170,56,1,15,8508,3,137,-267,327,354,-9,519,342,0,-1,-1,-1,0x1010480014840205,1461,1571,1589,1500,2012,1367,1663,1500,1500,1356,988,1500,1500,1500,1500,1500,1500,1500,1372,1628,1500,1500,1500,2012,1500,1721,1618,1500,1520,1505,1500,988,8.3
2025-05-10,18:42:20.890,-64,-65,10,3773,3930,56,1,15,5467,3,137,-695,436,354,-9,519,342,0,-1,-1,-1,0x1010480014840A05,1352,1596,1589,1500,2012,1153,1718,1500,1500,1159,988,1500,1500,1500,1500,1500,1500,1500,1372,1628,1500,1500,1500,2012,1500,1777,1660,1500,1520,1505,1500,988,8.3
2025-05-10,18:42:21.390,-71,-66,10,3778,3160,55,1,15,3724,3,138,278,367,354,-9,519,342,0,-1,-1,-1,0x1010480014840205,1573,1579,1589,1500,2012,1639,1683,1500,1500,1633,988,1500,1500,1500,1500,1500,1500,1500,1372,1628,1500,1500,1500,2012,1500,1741,1633,1500,1520,1505,1500,988,8.3
2025-05-10,18:42:21.890,-71,-68,10,3778,2410,56,1,15,6062,3,139,673,307,354,-9,519,342,0,-1,-1,-1,0x1010480014840205,1662,1566,1589,1500,2012,1836,1653,1500,1500,1830,988,1500,1500,1500,1500,1500,1500,1500,1372,1628,1500,1500,1500,2012,1500,1709,1610,1500,1520,1505,1500,988,8.3
2025-05-10,18:42:22.390,-69,-70,10,3781,8860,56,1,15,3995,3,140,1020,462,354,-9,519,342,0,-1,-1,-1,0x1010480014840205,1783,1604,1589,1500,2012,2010,1731,1500,1500,2009,988,1500,1500,1500,1500,1500,1500,1500,1372,1628,1500,1500,1500,2012,1500,1795,1674,1500,1520,1505,1500,988,8.3
2025-05-10,18:42:22.890,-72,-76,10,3778,4370,56,1,15,4528,3,140,376,347,354,-8,519,342,0,-1,-1,-1,0x1010480014840205,1597,1581,1589,1500,2012,1688,1673,1500,1500,1688,988,1500,1500,1500,1500,1500,1500,1500,1372,1628,1500,1500,1500,2012,1500,1744,1635,1500,1520,1505,1500,988,8.3
2025-05-10,18:42:23.390,-71,-76,10,3782,4260,57,1,15,4871,3,141,-72,508,354,-9,519,342,0,-1,-1,-1,0x1010480014840205,1498,1612,1589,1500,2012,1464,1754,1500,1500,1458,988,1500,1500,1500,1500,1500,1500,1500,1372,1628,1500,1500,1500,2012,1500,1812,1687,1500,1520,1505,1500,988,8.3
2025-05-10,18:42:23.890,-71,-76,10,3784,1210,57,1,15,4738,3,141,169,256,354,-8,519,342,0,-1,-1,-1,0x1010480014840205,1545,1551,1589,1500,2012,1584,1628,1500,1500,1573,988,1500,1500,1500,1500,1500,1500,1500,1372,1628,1500,1500,1500,2012,1500,1671,1585,1500,1520,1505,1500,988,8.3
2025-05-10,18:42:24.390,-69,-73,10,3784,7690,57,1,15,6139,3,142,421,652,354,-9,519,342,0,-1,-1,-1,0x1010480014840205,1606,1648,1589,1500,2012,1710,1826,1500,1500,1710,988,1500,1500,1500,1500,1500,1500,1500,1372,1628,1500,1500,1500,2012,1500,1874,1746,1500,1520,1505,1500,988,8.3
2025-05-10,18:42:24.890,-78,-75,10,3779,10450,56,1,15,8660,3,143,242,688,354,-9,519,342,0,-1,-1,-1,0x1010480014840205,1570,1658,1589,1500,2012,1621,1844,1500,1500,1627,988,1500,1500,1500,1500,1500,1500,1500,1372,1628,1500,1500,1500,2012,1500,1889,1764,1500,1520,1505,1500,988,8.3
2025-05-10,18:42:25.390,-81,-74,10,3766,7990,55,1,15,10474,3,144,-535,595,354,-8,519,342,0,-1,-1,-1,0x1010480014840205,1408,1632,1589,1500,2012,1233,1797,1500,1500,1247,988,1500,1500,1500,1500,1500,1500,1500,1372,1628,1500,1500,1500,2012,1500,1851,1720,1500,1520,1505,1500,988,8.3
2025-05-10,18:42:25.890,-75,-84,10,3767,4350,55,1,15,8117,3,145,11,487,354,-9,519,342,0,-1,-1,-1,0x1010480010840205,1514,1607,1589,1500,2012,1505,1743,1500,1500,1505,988,1500,1500,1500,1500,1500,1500,1500,1372,1628,1500,1500,1500,2012,1500,1801,1679,1500,1520,1505,1500,988,8.3
2025-05-10,18:42:26.390,-69,-84,10,3780,5030,55,1,15,8155,3,145,0,381,354,-9,519,342,0,-1,-1,-1,0x1010480010840205,1513,1589,1589,1500,2012,1500,1690,1500,1500,1501,988,1500,1500,1500,1500,1500,1500,1500,1372,1628,1500,1500,1500,2012,1500,1761,1648,1500,1520,1505,1500,988,8.3
2025-05-10,18:42:26.900,-83,-68,10,3787,1560,55,1,15,7024,3,146,-54,235,354,-9,519,342,0,-1,-1,-1,0x1010480014840205,1501,1549,1589,1500,2012,1473,1617,1500,1500,1468,988,1500,1500,1500,1500,1500,1500,1500,1372,1628,1500,1500,1500,2012,1500,1665,1581,1500,1520,1505,1500,988,8.3
2025-05-10,18:42:27.400,-83,-70,10,3794,1870,55,1,15,6337,3,146,-144,283,354,-9,519,342,0,-1,-1,-1,0x1010480014840205,1490,1560,1589,1500,2012,1428,1641,1500,1500,1435,988,1500,1500,1500,1500,1500,1500,1500,1372,1628,1500,1500,1500,2012,1500,1694,1600,1500,1520,1505,1500,988,8.3
2025-05-10,18:42:27.890,-83,-67,10,3796,2070,55,1,15,5989,3,146,2,334,354,-8,519,342,0,-1,-1,-1,0x1010480010840205,1513,1571,1589,1500,2012,1501,1667,1500,1500,1501,988,1500,1500,1500,1500,1500,1500,1500,1372,1628,1500,1500,1500,2012,1500,1722,1619,1500,1520,1505,1500,988,8.3
2025-05-10,18:42:28.390,-83,-63,10,3796,7090,54,1,15,7775,3,147,106,466,354,-9,519,342,0,-1,-1,-1,0x1010480014840205,1535,1607,1589,1500,2012,1553,1733,1500,1500,1552,988,1500,1500,1500,1500,1500,1500,1500,1372,1628,1500,1500,1500,2012,1500,1798,1679,1500,1520,1505,1500,988,8.3
2025-05-10,18:42:28.890,-76,-63,10,3791,3790,54,1,15,6745,4,147,250,438,354,-9,519,342,0,-1,-1,-1,0x1010480014840205,1569,1597,1589,1500,2012,1625,1719,1500,1500,1626,988,1500,1500,1500,1500,1500,1500,1500,1372,1628,1500,1500,1500,2012,1500,1778,1661,1500,1520,1505,1500,988,8.3
2025-05-10,18:42:29.390,-76,-65,10,3789,5130,54,1,15,6432,4,148,-110,579,354,-8,519,342,0,-1,-1,-1,0x1010480014840205,1493,1625,1589,1500,2012,1446,1789,1500,1500,1445,988,1500,1500,1500,1500,1500,1500,1500,1372,1628,1500,1500,1500,2012,1500,1843,1709,1500,1520,1505,1500,988,8.3
2025-05-10,18:42:29.890,-76,-65,10,3788,8570,54,1,15,7970,4,149,265,636,354,-9,519,342,0,-1,-1,-1,0x1010480014840205,1569,1644,1589,1500,2012,1632,1817,1500,1500,1626,988,1500,1500,1500,1500,1500,1500,1500,1372,1628,1500,1500,1500,2012,1500,1868,1740,1500,1520,1505,1500,988,8.3
2025-05-10,18:42:30.390,-76,-61,10,3778,7940,54,1,15,5426,4,150,-159,535,354,-9,519,342,0,-1,-1,-1,0x1010480014840205,1490,1618,1589,1500,2012,1421,1767,1500,1500,1435,988,1500,1500,1500,1500,1500,1500,1500,1372,1628,1500,1500,1500,2012,1500,1824,1697,1500,1520,1505,1500,988,8.3
2025-05-10,18:42:30.890,-76,-61,10,3777,2590,54,1,15,6794,4,151,212,353,354,-9,519,342,0,-1,-1,-1,0x1010480014840205,1563,1577,1589,1500,2012,1606,1676,1500,1500,1612,988,1500,1500,1500,1500,1500,1500,1500,1372,1628,1500,1500,1500,2012,1500,1734,1628,1500,1520,1505,1500,988,8.3
2025-05-10,18:42:31.390,-56,-55,10,3785,1030,55,1,15,6381,4,151,3,-1,354,-9,519,342,0,-1,-1,-1,0x1010480010840205,1513,1500,1589,1500,2012,1501,1500,1500,1500,1501,988,1500,1500,1500,1500,1500,1500,1500,1050,2012,1500,1500,1500,2012,1500,1501,1500,1500,1520,1505,1500,988,8.3
2025-05-10,18:42:31.890,-52,-55,10,3799,490,55,1,15,1807,4,151,-77,-194,354,-9,519,342,0,-1,-1,-1,0x1010480016840205,1495,1402,1589,1499,2012,1462,1403,1401,1500,1451,988,1500,1500,1500,1500,1500,1500,1401,1372,2012,1500,1500,1500,2012,1500,1286,1500,1500,1520,1505,1500,988,8.3
2025-05-10,18:42:32.390,-50,-55,10,3803,1440,54,1,15,1245,4,152,158,230,354,-8,519,342,0,-1,-1,-1,0x1010480014840205,1547,1548,1589,1500,2012,1579,1610,1500,1500,1578,988,1500,1500,1500,1500,1500,1500,1500,1372,1628,1500,1500,1500,2012,1500,1664,1580,1500,1520,1505,1500,988,8.3
2025-05-10,18:42:32.890,-50,-55,10,3803,11540,54,1,15,3020,4,152,99,343,354,-9,519,342,0,-1,-1,-1,0x1010480014840205,1535,1577,1589,1500,2012,1549,1671,1500,1500,1550,988,1500,1500,1500,1500,1500,1500,1500,1372,1628,1500,1500,1500,2012,1500,1736,1629,1500,1520,1505,1500,988,8.3
2025-05-10,18:42:33.390,-56,-55,10,3803,840,54,1,15,953,4,152,-1,-710,354,-9,519,342,0,-1,-1,-1,0x10104800128C0205,1512,1216,1589,1497,2012,1500,1145,1213,1500,1500,988,1500,1500,1500,1500,1500,1500,1213,1234,2012,1500,1500,1500,2012,1500,1102,1500,1500,1520,1505,1500,988,8.3
2025-05-10,18:42:33.890,-56,-53,10,3804,1030,54,1,15,0,4,152,-2,8,354,-9,519,342,0,-1,-1,-1,0x1010480010840205,1512,1502,1589,1500,2012,1500,1503,1500,1500,1499,988,1500,1500,1500,1500,1500,1500,1500,1372,2012,1500,1500,1500,2012,1500,1506,1503,1500,1520,1505,1500,988,8.3
2025-05-10,18:42:34.400,-56,-52,10,3806,980,54,1,15,0,4,152,-2,7,354,-9,519,342,0,-1,-1,-1,0x1010480010840205,1512,1502,1589,1500,2012,1499,1503,1500,1500,1499,988,1500,1500,1500,1500,1500,1500,1500,1372,2012,1500,1500,1500,2012,1500,1505,1503,1500,1520,1505,1500,988,8.3
2025-05-10,18:42:34.890,-56,-52,10,3806,1010,53,1,15,0,4,153,-1,9,354,-8,519,342,0,-1,-1,-1,0x1010480010840205,1512,1502,1589,1500,2012,1500,1504,1500,1500,1500,988,1500,1500,1500,1500,1500,1500,1500,1500,2012,1500,1500,1500,2012,1500,1507,1503,1500,1520,1505,1500,988,8.3
2025-05-10,18:42:35.390,-55,-61,10,3807,1000,53,1,15,0,4,153,-1,7,354,-8,519,342,0,-1,-1,-1,0x1010480010840205,1512,1502,1589,1500,2012,1500,1503,1500,1500,1500,988,1500,1500,1500,1500,1500,1500,1500,1500,2012,1500,1500,1500,2012,1500,1505,1503,1500,1520,1505,1500,988,8.3
2025-05-10,18:42:35.890,-61,-55,10,3808,1000,53,1,15,0,4,153,-2,9,354,-9,519,342,0,-1,-1,-1,0x1010480010840205,1512,1502,1589,1500,2012,1499,1504,1500,1500,1499,988,1500,1500,1500,1500,1500,1500,1500,1500,2012,1500,1500,1500,2012,1500,1507,1503,1500,1520,1505,1500,988,8.3
2025-05-10,18:42:36.390,-64,-55,10,3809,180,53,1,15,0,4,153,-2,8,354,-9,519,342,0,-1,-1,-1,0x1010480010840204,1512,1502,1519,1500,2012,1499,1504,1500,1500,1499,988,1500,1500,1500,1500,1500,1500,1500,1500,2012,1500,1500,1500,2012,1500,1506,1503,1500,1520,1505,1500,988,8.3
2025-05-10,18:42:36.890,-57,-51,10,3811,170,53,1,15,0,4,153,-2,8,354,-8,519,342,0,-1,-1,-1,0x1010480010840204,1512,1502,1500,1500,2012,1499,1504,1500,1500,1499,988,1500,1500,1500,1500,1500,1500,1500,1500,2012,1500,1500,1500,2012,1500,1506,1503,1500,1520,1505,1500,988,8.3
2025-05-10,18:42:37.390,-57,-55,10,3813,150,51,1,15,0,4,153,-2,7,354,-9,519,342,0,-1,-1,-1,0x1010480010840204,1512,1502,1500,1500,2012,1499,1503,1500,1500,1499,988,1500,1500,1500,1500,1500,1500,1500,1500,2012,1500,1500,1500,2012,1500,1506,1503,1500,1520,1505,1500,988,8.3
2025-05-10,18:42:37.890,-68,-55,10,3814,150,48,1,15,0,4,153,-2,8,354,-9,519,342,0,-1,-1,-1,0x1010480010840204,1512,1502,1500,1500,2012,1499,1504,1500,1500,1499,988,1500,1500,1500,1500,1500,1500,1500,1500,2012,1500,1500,1500,2012,1500,1506,1503,1500,1520,1505,1500,988,8.3
2025-05-10,18:42:38.390,-68,-59,10,3814,160,48,1,15,0,4,153,-2,8,354,-9,519,342,0,-1,-1,-1,0x1010480010840204,1512,1502,1500,1500,2012,1499,1504,1500,1500,1499,988,1500,1500,1500,1500,1500,1500,1500,1500,2012,1500,1500,1500,2012,1500,1506,1503,1500,1520,1505,1500,988,8.3
2025-05-10,18:42:38.890,-68,-55,10,3815,160,48,1,15,0,4,153,-2,7,354,-9,519,342,0,-1,-1,-1,0x1010480010840204,1512,1502,1500,1500,2012,1499,1503,1500,1500,1499,988,1500,1500,1500,1500,1500,1500,1500,1500,2012,1500,1500,1500,2012,1500,1506,1503,1500,1520,1505,1500,988,8.3
2025-05-10,18:42:39.390,-68,-52,10,3816,160,48,1,15,0,4,153,-3,7,354,-9,519,342,0,-1,-1,-1,0x1010480010840204,1512,1502,1500,1500,2012,1499,1503,1500,1500,1499,988,1500,1500,1500,1500,1500,1500,1500,1500,2012,1500,1500,1500,2012,1500,1505,1503,1500,1520,1505,1500,988,8.3
2025-05-10,18:42:39.890,-68,-53,10,3816,160,48,1,15,0,4,153,-2,7,354,-9,519,342,0,-1,-1,-1,0x1010480010840204,1512,1502,1500,1500,2012,1499,1503,1500,1500,1499,988,1500,1500,1500,1500,1500,1500,1500,1500,2012,1500,1500,1500,2012,1500,1505,1503,1500,1520,1505,1500,988,8.3
2025-05-10,18:42:40.360,-68,-53,10,3817,160,48,1,15,0,4,153,-2,8,354,-9,519,342,0,-1,-1,-1,0x1010480010840204,1512,1502,1500,1500,2012,1499,1504,1500,1500,1499,988,1500,1500,1500,1500,1500,1500,1500,1500,2012,1500,1500,1500,2012,1500,1506,1503,1500,1520,1505,1500,988,8.3
2025-05-10,18:42:40.850,-68,-51,10,3818,180,48,1,15,0,4,153,-2,8,354,-9,519,342,0,-1,-1,-1,0x1010480010840204,1512,1502,1500,1500,2012,1499,1504,1500,1500,1499,988,1500,1500,1500,1500,1500,1500,1500,1500,2012,1500,1500,1500,2012,1500,1506,1503,1500,1520,1505,1500,988,8.3
2025-05-10,18:42:41.340,-68,-51,10,3818,220,48,1,15,0,4,153,-2,8,354,-9,519,342,0,-1,-1,-1,0x1010480010840204,1512,1502,1500,1500,2012,1499,1504,1500,1500,1499,988,1500,1500,1500,1500,1500,1500,1500,1500,2012,1500,1500,1500,2012,1500,1506,1503,1500,1520,1505,1500,988,8.3
2025-05-10,18:42:41.840,-68,-52,10,3818,160,48,1,15,0,4,153,-2,8,354,-9,519,342,0,-1,-1,-1,0x1010480010840204,1512,1502,1500,1500,2012,1499,1504,1500,1500,1499,988,1500,1500,1500,1500,1500,1500,1500,1500,2012,1500,1500,1500,2012,1500,1506,1503,1500,1520,1505,1500,988,8.3
2025-05-10,18:42:42.340,-57,-57,10,3819,180,48,1,15,0,4,153,-2,8,354,-9,519,342,0,-1,-1,-1,0x1010480010840204,1512,1502,1500,1500,2012,1499,1504,1500,1500,1499,988,1500,1500,1500,1500,1500,1500,1500,1500,2012,1500,1500,1500,2012,1500,1506,1503,1500,1520,1505,1500,988,8.3
2025-05-10,18:42:42.840,-62,-57,10,3820,160,48,1,15,0,4,153,-3,8,354,-9,519,342,0,-1,-1,-1,0x1010480010840204,1512,1502,1500,1500,2012,1499,1504,1500,1500,1499,988,1500,1500,1500,1500,1500,1500,1500,1500,2012,1500,1500,1500,2012,1500,1506,1503,1500,1520,1505,1500,988,8.3
2025-05-10,18:42:43.340,-62,-59,10,3820,160,48,1,15,0,4,153,-2,8,354,-9,519,342,0,-1,-1,-1,0x1010480010840204,1512,1502,1500,1500,2012,1499,1504,1500,1500,1499,988,1500,1500,1500,1500,1500,1500,1500,1500,2012,1500,1500,1500,2012,1500,1506,1503,1500,1520,1505,1500,988,8.3
2025-05-10,18:42:43.840,-55,-62,10,3821,170,48,1,15,0,4,153,-2,8,354,-9,519,342,0,-1,-1,-1,0x1010480010840204,1512,1502,1500,1500,2012,1499,1504,1500,1500,1499,988,1500,1500,1500,1500,1500,1500,1500,1500,2012,1500,1500,1500,2012,1500,1506,1503,1500,1520,1505,1500,988,8.3
2025-05-10,18:42:44.340,-54,-62,10,3821,150,48,1,15,0,4,153,-2,8,354,-9,519,342,0,-1,-1,-1,0x1010480010840204,1512,1502,1500,1500,2012,1499,1504,1500,1500,1499,988,1500,1500,1500,1500,1500,1500,1500,1500,2012,1500,1500,1500,2012,1500,1506,1503,1500,1520,1505,1500,988,8.3
2025-05-10,18:42:44.840,-53,-55,10,3822,160,48,1,15,0,4,153,-3,8,354,-8,519,342,0,-1,-1,-1,0x1010480010840204,1512,1502,1500,1500,2012,1499,1504,1500,1500,1499,988,1500,1500,1500,1500,1500,1500,1500,1500,2012,1500,1500,1500,2012,1500,1506,1503,1500,1520,1505,1500,988,8.3
2025-05-10,18:42:45.340,-55,-55,10,3822,240,48,1,15,0,4,153,-3,9,354,-9,519,342,0,-1,-1,-1,0x1010480010840204,1512,1502,1500,1500,2012,1499,1504,1500,1500,1499,988,1500,1500,1500,1500,1500,1500,1500,1500,2012,1500,1500,1500,2012,1500,1506,1503,1500,1520,1505,1500,988,8.3
2025-05-10,18:42:45.840,-59,-57,10,3822,160,48,1,15,0,4,153,-3,8,354,-9,519,342,0,-1,-1,-1,0x1010480010840204,1512,1502,1500,1500,2012,1499,1504,1500,1500,1499,988,1500,1500,1500,1500,1500,1500,1500,1500,2012,1500,1500,1500,2012,1500,1506,1503,1500,1520,1505,1500,988,8.3
2025-05-10,18:42:46.340,-60,-62,10,3823,180,48,1,15,0,4,153,-3,8,354,-8,519,342,0,-1,-1,-1,0x1010480010840204,1512,1502,1500,1500,2012,1499,1504,1500,1500,1499,988,1500,1500,1500,1500,1500,1500,1500,1500,2012,1500,1500,1500,2012,1500,1506,1503,1500,1520,1505,1500,988,8.3
2025-05-10,18:42:46.840,-59,-61,10,3823,250,48,1,15,0,4,153,-3,9,354,-9,519,342,0,-1,-1,-1,0x1010480010840204,1512,1502,1500,1500,2012,1499,1504,1500,1500,1499,988,1500,1500,1500,1500,1500,1500,1500,1500,2012,1500,1500,1500,2012,1500,1507,1503,1500,1520,1505,1500,988,8.3
2025-05-10,18:42:47.340,-56,-61,10,3824,190,48,1,15,0,4,153,-4,9,354,-9,519,342,0,-1,-1,-1,0x1010480010840204,1511,1502,1500,1500,2012,1498,1504,1500,1500,1498,988,1500,1500,1500,1500,1500,1500,1500,1500,2012,1500,1500,1500,2012,1500,1506,1503,1500,1520,1505,1500,988,8.3
2025-05-10,18:42:47.840,-58,-61,10,3824,200,48,1,15,0,4,153,-3,8,354,-9,519,342,0,-1,-1,-1,0x1010480010840204,1512,1502,1500,1500,2012,1499,1504,1500,1500,1499,988,1500,1500,1500,1500,1500,1500,1500,1500,2012,1500,1500,1500,2012,1500,1507,1503,1500,1520,1505,1500,988,8.3
2025-05-10,18:42:48.340,-64,-61,10,3824,160,48,1,15,0,4,153,-3,8,354,-8,519,342,0,-1,-1,-1,0x1010480010840204,1512,1502,1500,1500,2012,1499,1504,1500,1500,1499,988,1500,1500,1500,1500,1500,1500,1500,1500,2012,1500,1500,1500,2012,1500,1506,1503,1500,1520,1505,1500,988,8.3
2025-05-10,18:42:48.840,-64,-60,10,3825,170,48,1,15,0,4,153,-3,8,354,-9,519,342,0,-1,-1,-1,0x1010480010840204,1512,1502,1500,1500,2012,1499,1504,1500,1500,1499,988,1500,1500,1500,1500,1500,1500,1500,1500,2012,1500,1500,1500,2012,1500,1506,1503,1500,1520,1505,1500,988,8.3
2025-05-10,18:42:49.340,-64,-59,10,3825,170,47,1,15,131,4,153,-3,9,354,-8,519,342,0,-1,-1,-1,0x1010480010840204,1512,1502,1500,1500,2012,1499,1504,1500,1500,1499,988,1500,1500,1500,1500,1500,1500,1500,1500,2012,1500,1500,1500,2012,1500,1507,1503,1500,1520,1505,1500,988,8.3
2025-05-10,18:42:49.840,-58,-69,10,3825,150,47,1,15,0,4,153,-3,8,354,-8,519,342,0,-1,-1,-1,0x1010480010840204,1512,1502,1500,1500,2012,1499,1504,1500,1500,1499,988,1500,1500,1500,1500,1500,1500,1500,1500,2012,1500,1500,1500,2012,1500,1506,1503,1500,1520,1505,1500,988,8.3
2025-05-10,18:42:50.340,-58,-64,10,3826,180,47,1,15,0,4,154,-4,8,354,-8,519,342,0,-1,-1,-1,0x1010480010840204,1511,1502,1500,1500,2012,1498,1504,1500,1500,1498,988,1500,1500,1500,1500,1500,1500,1500,1500,2012,1500,1500,1500,2012,1500,1506,1503,1500,1520,1505,1500,988,8.3
2025-05-10,18:42:50.840,-66,-62,10,3826,160,47,1,15,0,4,154,-3,8,354,-9,519,342,0,-1,-1,-1,0x1010480010840204,1512,1502,1500,1500,2012,1499,1504,1500,1500,1499,988,1500,1500,1500,1500,1500,1500,1500,1500,2012,1500,1500,1500,2012,1500,1506,1503,1500,1520,1505,1500,988,8.3
2025-05-10,18:42:51.340,-57,-63,10,3827,170,47,1,15,0,4,154,-3,9,354,-8,519,342,0,-1,-1,-1,0x1010480010840204,1511,1502,1500,1500,2012,1498,1504,1500,1500,1498,988,1500,1500,1500,1500,1500,1500,1500,1500,2012,1500,1500,1500,2012,1500,1506,1503,1500,1520,1505,1500,988,8.3
2025-05-10,18:42:51.840,-60,-63,10,3827,160,47,1,15,0,4,154,-4,9,354,-9,519,342,0,-1,-1,-1,0x1010480010840204,1511,1502,1500,1500,2012,1499,1504,1500,1500,1498,988,1500,1500,1500,1500,1500,1500,1500,1500,2012,1500,1500,1500,2012,1500,1506,1503,1500,1520,1505,1500,988,8.3
2025-05-10,18:42:52.340,-61,-65,10,3827,210,47,1,15,0,4,154,-3,8,354,-9,519,342,0,-1,-1,-1,0x1010480010840204,1512,1502,1500,1500,2012,1499,1504,1500,1500,1499,988,1500,1500,1500,1500,1500,1500,1500,1500,2012,1500,1500,1500,2012,1500,1506,1503,1500,1520,1505,1500,988,8.3
2025-05-10,18:42:52.840,-60,-65,10,3828,150,47,1,15,0,4,154,-2,7,354,-9,519,341,0,-1,-1,-1,0x1010480010840204,1512,1502,1500,1500,2012,1499,1503,1500,1500,1499,988,1500,1500,1500,1500,1500,1500,1500,1500,2012,1500,1500,1500,2012,1500,1505,1503,1500,1520,1505,1500,988,8.3
2025-05-10,18:42:53.340,-58,-65,10,3828,150,47,1,15,0,4,154,-2,8,354,-9,519,342,0,-1,-1,-1,0x1010480010840204,1512,1502,1500,1500,2012,1499,1504,1500,1500,1499,988,1500,1500,1500,1500,1500,1500,1500,1500,2012,1500,1500,1500,2012,1500,1505,1503,1500,1520,1505,1500,988,8.3
2025-05-10,18:42:53.840,-59,-65,10,3828,1140,47,1,15,19792,4,155,-3,38,354,-8,519,342,0,-1,-1,-1,0x1010480010840205,1512,1513,1580,1500,2012,1499,1519,1500,1500,1499,988,1500,1500,1500,1500,1500,1500,1500,1321,1679,1500,1500,1500,2012,1500,1689,1522,1500,1520,1505,1500,988,8.3
2025-05-10,18:42:54.340,-60,-65,10,3823,1020,47,1,15,12558,4,155,-2,4,354,-9,519,342,0,-1,-1,-1,0x1010480010840205,1512,1500,1589,1500,2012,1499,1502,1500,1500,1499,988,1500,1500,1500,1500,1500,1500,1500,1357,2012,1500,1500,1500,2012,1500,1503,1501,1500,1520,1505,1500,988,8.3
2025-05-10,18:42:54.840,-58,-65,10,3823,1070,50,1,15,7998,4,155,-2,4,354,-9,519,342,0,-1,-1,-1,0x1010480010840205,1512,1501,1589,1500,2012,1499,1502,1500,1500,1499,988,1500,1500,1500,1500,1500,1500,1500,1372,2012,1500,1500,1500,2012,1500,1503,1501,1500,1520,1505,1500,988,8.3
2025-05-10,18:42:55.340,-59,-65,10,3824,990,52,1,15,4626,4,155,-2,4,354,-8,519,342,0,-1,-1,-1,0x1010480010840205,1512,1500,1589,1500,2012,1499,1502,1500,1500,1499,988,1500,1500,1500,1500,1500,1500,1500,1500,2012,1500,1500,1500,2012,1500,1502,1501,1500,1520,1505,1500,988,8.3
2025-05-10,18:42:55.840,-61,-65,10,3825,1010,52,1,15,2179,4,156,-2,3,354,-9,519,342,0,-1,-1,-1,0x1010480010840205,1512,1500,1589,1500,2012,1499,1501,1500,1500,1499,988,1500,1500,1500,1500,1500,1500,1500,1500,2012,1500,1500,1500,2012,1500,1502,1501,1500,1520,1505,1500,988,8.3
2025-05-10,18:42:56.340,-62,-65,10,3825,1000,52,1,15,498,4,156,-2,3,354,-9,519,342,0,-1,-1,-1,0x1010480010840205,1512,1500,1589,1500,2012,1499,1501,1500,1500,1499,988,1500,1500,1500,1500,1500,1500,1500,1500,2012,1500,1500,1500,2012,1500,1502,1501,1500,1520,1505,1500,988,8.3
2025-05-10,18:42:56.840,-65,-59,10,3825,1000,52,1,15,0,4,156,-2,4,354,-9,519,342,0,-1,-1,-1,0x1010480010840205,1512,1500,1588,1500,2012,1499,1502,1500,1500,1499,988,1500,1500,1500,1500,1500,1500,1500,1500,2012,1500,1500,1500,2012,1500,1502,1501,1500,1520,1505,1500,988,8.3
2025-05-10,18:42:57.340,-65,-59,10,3826,150,52,1,15,0,4,156,-2,3,354,-9,519,342,0,-1,-1,-1,0x1010480010840204,1512,1500,1500,1500,2012,1499,1501,1500,1500,1499,988,1500,1500,1500,1500,1500,1500,1500,1500,2012,1500,1500,1500,2012,1500,1502,1501,1500,1520,1505,1500,988,8.3
2025-05-10,18:42:57.840,-65,-57,10,3828,170,52,1,15,0,4,156,-2,3,354,-9,519,342,0,-1,-1,-1,0x1010480010840204,1512,1500,1500,1500,2012,1499,1501,1500,1500,1499,988,1500,1500,1500,1500,1500,1500,1500,1500,2012,1500,1500,1500,2012,1500,1502,1501,1500,1520,1505,1500,988,8.3
2025-05-10,18:42:58.340,-65,-51,10,3829,160,49,1,15,0,4,156,-3,4,354,-9,519,342,0,-1,-1,-1,0x1010480010840204,1512,1501,1500,1500,2012,1499,1502,1500,1500,1499,988,1500,1500,1500,1500,1500,1500,1500,1500,2012,1500,1500,1500,2012,1500,1503,1501,1500,1520,1505,1500,988,8.3
2025-05-10,18:42:58.840,-69,-57,10,3829,150,47,1,15,0,4,156,-2,3,354,-9,519,342,0,-1,-1,-1,0x1010480010840204,1512,1500,1500,1500,2012,1499,1501,1500,1500,1499,988,1500,1500,1500,1500,1500,1500,1500,1500,2012,1500,1500,1500,2012,1500,1502,1501,1500,1520,1505,1500,988,8.3
2025-05-10,18:42:59.340,-58,-58,10,3830,310,47,1,15,0,4,156,-2,3,354,-9,519,342,0,-1,-1,-1,0x1010480010840204,1512,1501,1500,1500,2012,1499,1501,1500,1500,1499,988,1500,1500,1500,1500,1500,1500,1500,1500,2012,1500,1500,1500,2012,1500,1502,1501,1500,1520,1505,1500,988,8.3
2025-05-10,18:42:59.840,-54,-58,10,3830,160,47,1,15,0,4,156,-2,4,354,-9,519,342,0,-1,-1,-1,0x1010480010840204,1512,1501,1500,1500,2012,1499,1502,1500,1500,1499,988,1500,1500,1500,1500,1500,1500,1500,1500,2012,1500,1500,1500,2012,1500,1503,1501,1500,1520,1505,1500,988,8.3
2025-05-10,18:43:00.340,-54,-50,10,3830,160,47,1,15,0,4,156,-2,3,354,-9,519,342,0,-1,-1,-1,0x1010480010840204,1512,1500,1500,1500,2012,1499,1501,1500,1500,1499,988,1500,1500,1500,1500,1500,1500,1500,1500,2012,1500,1500,1500,2012,1500,1502,1501,1500,1520,1505,1500,988,8.3
2025-05-10,18:43:00.840,-54,-54,10,3831,150,47,1,15,0,4,156,-2,5,354,-9,519,342,0,-1,-1,-1,0x1010480010840204,1512,1501,1500,1500,2012,1499,1502,1500,1500,1499,988,1500,1500,1500,1500,1500,1500,1500,1500,2012,1500,1500,1500,2012,1500,1503,1501,1500,1520,1505,1500,988,8.3
2025-05-10,18:43:01.340,-73,-68,10,3831,160,47,1,15,0,4,156,-3,6,354,-8,519,342,0,-1,-1,-1,0x1010480010840204,1512,1501,1500,1500,2012,1499,1503,1500,1500,1499,988,1500,1500,1500,1500,1500,1500,1500,1500,2012,1500,1500,1500,2012,1500,1505,1502,1500,1520,1505,1500,988,8.3
2025-05-10,18:43:01.840,-60,-65,10,3831,160,47,1,15,0,4,156,-2,6,354,-9,519,342,0,-1,-1,-1,0x1010480010840204,1512,1501,1500,1500,2012,1499,1503,1500,1500,1499,988,1500,1500,1500,1500,1500,1500,1500,1500,2012,1500,1500,1500,2012,1500,1505,1502,1500,1520,1505,1500,988,8.3
2025-05-10,18:43:02.340,-71,-70,10,3831,150,47,1,15,0,4,156,-3,6,354,-9,519,342,0,-1,-1,-1,0x1010480010840204,1512,1501,1500,1500,2012,1499,1503,1500,1500,1499,988,1500,1500,1500,1500,1500,1500,1500,1500,2012,1500,1500,1500,2012,1500,1505,1502,1500,1520,1505,1500,988,8.3
2025-05-10,18:43:02.840,-73,-65,10,3832,160,47,1,15,0,4,156,-3,7,354,-9,519,342,0,-1,-1,-1,0x1010480010840204,1512,1502,1500,1500,2012,1499,1503,1500,1500,1499,988,1500,1500,1500,1500,1500,1500,1500,1500,2012,1500,1500,1500,2012,1500,1505,1503,1500,1520,1505,1500,988,8.3
2025-05-10,18:43:03.340,-66,-67,10,3832,160,47,1,15,0,4,156,-3,8,354,-8,519,342,0,-1,-1,-1,0x1010480010840204,1512,1502,1500,1500,2012,1499,1504,1500,1500,1499,988,1500,1500,1500,1500,1500,1500,1500,1500,2012,1500,1500,1500,2012,1500,1507,1503,1500,1520,1505,1500,988,8.3
2025-05-10,18:43:03.840,-63,-67,10,3832,160,47,1,15,0,4,156,-2,7,354,-9,519,342,0,-1,-1,-1,0x1010480010840204,1512,1502,1500,1500,2012,1499,1503,1500,1500,1499,988,1500,1500,1500,1500,1500,1500,1500,1500,2012,1500,1500,1500,2012,1500,1505,1503,1500,1520,1505,1500,988,8.3
2025-05-10,18:43:04.340,-67,-66,10,3832,190,47,1,15,0,4,156,-4,6,354,-9,519,342,0,-1,-1,-1,0x1010480010840204,1511,1501,1500,1500,2012,1498,1503,1500,1500,1498,988,1500,1500,1500,1500,1500,1500,1500,1500,2012,1500,1500,1500,2012,1500,1505,1502,1500,1520,1505,1500,988,8.3
2025-05-10,18:43:04.840,-65,-61,10,3833,190,47,1,15,0,4,156,-4,5,354,-8,519,342,0,-1,-1,-1,0x1010480010840204,1511,1501,1500,1500,2012,1498,1502,1500,1500,1498,988,1500,1500,1500,1500,1500,1500,1500,1500,2012,1500,1500,1500,2012,1500,1504,1502,1500,1520,1505,1500,988,8.3
2025-05-10,18:43:05.340,-82,-68,10,3833,170,47,1,15,0,4,156,-4,4,354,-9,519,342,0,-1,-1,-1,0x1010480010840204,1511,1501,1500,1500,2012,1498,1502,1500,1500,1498,988,1500,1500,1500,1500,1500,1500,1500,1500,2012,1500,1500,1500,2012,1500,1503,1501,1500,1520,1505,1500,988,8.3
2025-05-10,18:43:05.840,-67,-73,10,3833,150,47,1,15,0,4,156,-3,4,354,-9,519,342,0,-1,-1,-1,0x1010480010840204,1512,1501,1500,1500,2012,1499,1502,1500,1500,1499,988,1500,1500,1500,1500,1500,1500,1500,1500,2012,1500,1500,1500,2012,1500,1503,1501,1500,1520,1505,1500,988,8.3
2025-05-10,18:43:06.340,-79,-71,10,3833,160,47,1,15,0,4,156,-4,5,354,-8,519,342,0,-1,-1,-1,0x1010480010840204,1511,1501,1500,1500,2012,1498,1502,1500,1500,1498,988,1500,1500,1500,1500,1500,1500,1500,1500,2012,1500,1500,1500,2012,1500,1503,1502,1500,1520,1505,1500,988,8.3
2025-05-10,18:43:06.840,-71,-71,10,3834,210,47,1,15,0,4,156,-3,5,354,-9,519,342,0,-1,-1,-1,0x1010480010840204,1511,1501,1500,1500,2012,1499,1502,1500,1500,1498,988,1500,1500,1500,1500,1500,1500,1500,1500,2012,1500,1500,1500,2012,1500,1504,1502,1500,1520,1505,1500,988,8.3
2025-05-10,18:43:07.340,-74,-76,10,3834,140,47,1,15,0,4,156,-4,5,354,-8,519,342,0,-1,-1,-1,0x1010480010840204,1512,1501,1500,1500,2012,1498,1502,1500,1500,1499,988,1500,1500,1500,1500,1500,1500,1500,1500,2012,1500,1500,1500,2012,1500,1504,1502,1500,1520,1505,1500,988,8.3
2025-05-10,18:43:07.840,-73,-74,10,3834,170,47,1,15,0,4,156,-4,5,354,-8,519,342,0,-1,-1,-1,0x1010480010840204,1511,1501,1500,1500,2012,1498,1502,1500,1500,1498,988,1500,1500,1500,1500,1500,1500,1500,1500,2012,1500,1500,1500,2012,1500,1504,1502,1500,1520,1505,1500,988,8.3
2025-05-10,18:43:08.340,-74,-76,10,3834,160,47,1,15,0,4,156,-4,4,354,-9,519,342,0,-1,-1,-1,0x1010480010840204,1512,1501,1500,1500,2012,1498,1502,1500,1500,1499,988,1500,1500,1500,1500,1500,1500,1500,1500,2012,1500,1500,1500,2012,1500,1503,1501,1500,1520,1505,1500,988,8.3
2025-05-10,18:43:08.840,-83,-76,10,3834,160,47,1,15,0,4,156,-4,4,354,-9,519,342,0,-1,-1,-1,0x1010480010840204,1511,1501,1500,1500,2012,1498,1502,1500,1500,1498,988,1500,1500,1500,1500,1500,1500,1500,1500,2012,1500,1500,1500,2012,1500,1503,1501,1500,1520,1505,1500,988,8.3
2025-05-10,18:43:09.340,-90,-81,10,3834,150,47,1,15,0,4,156,-4,4,354,-9,519,342,0,-1,-1,-1,0x1010480010840204,1511,1501,1500,1500,2012,1498,1502,1500,1500,1498,988,1500,1500,1500,1500,1500,1500,1500,1500,2012,1500,1500,1500,2012,1500,1503,1501,1500,1520,1505,1500,988,8.3
2025-05-10,18:43:09.840,-92,-85,10,3835,160,47,1,15,0,4,156,-4,4,354,-9,519,342,0,-1,-1,-1,0x1010480010840204,1511,1501,1500,1500,2012,1498,1502,1500,1500,1498,988,1500,1500,1500,1500,1500,1500,1500,1500,2012,1500,1500,1500,2012,1500,1503,1501,1500,1520,1505,1500,988,8.3
2025-05-10,18:43:10.340,-83,-82,10,3835,150,47,1,15,0,4,156,-4,4,354,-8,519,342,0,-1,-1,-1,0x1010480010840204,1511,1501,1500,1500,2012,1498,1502,1500,1500,1498,988,1500,1500,1500,1500,1500,1500,1500,1500,2012,1500,1500,1500,2012,1500,1503,1501,1500,1520,1505,1500,988,8.3
2025-05-10,18:43:10.840,-76,-83,10,3835,180,47,1,15,0,4,156,-3,4,354,-9,519,342,0,-1,-1,-1,0x1010480010840204,1511,1501,1500,1500,2012,1499,1502,1500,1500,1498,988,1500,1500,1500,1500,1500,1500,1500,1500,2012,1500,1500,1500,2012,1500,1503,1501,1500,1520,1505,1500,988,8.3
2025-05-10,18:43:11.340,-77,-77,10,3835,150,47,1,15,0,4,156,-3,3,354,-8,519,342,0,-1,-1,-1,0x1010480010840204,1512,1500,1500,1500,2012,1499,1501,1500,1500,1499,988,1500,1500,1500,1500,1500,1500,1500,1500,2012,1500,1500,1500,2012,1500,1502,1501,1500,1520,1505,1500,988,8.3
2025-05-10,18:43:11.840,-78,-75,10,3836,160,47,1,15,0,4,156,-3,7,354,-9,519,342,0,-1,-1,-1,0x1010480010840204,1512,1502,1500,1500,2012,1499,1503,1500,1500,1499,988,1500,1500,1500,1500,1500,1500,1500,1500,2012,1500,1500,1500,2012,1500,1505,1503,1500,1520,1505,1500,988,8.3
2025-05-10,18:43:12.340,-89,-75,10,3836,160,47,1,15,0,4,156,-3,4,354,-8,519,342,0,-1,-1,-1,0x1010480010840204,1512,1501,1500,1500,2012,1499,1502,1500,1500,1499,988,1500,1500,1500,1500,1500,1500,1500,1500,2012,1500,1500,1500,2012,1500,1503,1501,1500,1520,1505,1500,988,8.3
2025-05-10,18:43:12.840,-77,-77,10,3836,160,47,1,15,0,4,157,-3,4,354,-8,519,342,0,-1,-1,-1,0x1010480010840204,1512,1501,1500,1500,2012,1499,1502,1500,1500,1499,988,1500,1500,1500,1500,1500,1500,1500,1500,2012,1500,1500,1500,2012,1500,1503,1501,1500,1520,1505,1500,988,8.3
2025-05-10,18:43:13.340,-69,-68,10,3836,160,47,1,15,0,4,157,-3,3,354,-9,519,342,0,-1,-1,-1,0x1010480010840204,1512,1500,1500,1500,2012,1499,1501,1500,1500,1499,988,1500,1500,1500,1500,1500,1500,1500,1500,2012,1500,1500,1500,2012,1500,1502,1501,1500,1520,1505,1500,988,8.3
2025-05-10,18:43:13.840,-73,-73,10,3836,150,47,1,15,0,4,157,-3,4,354,-9,519,342,0,-1,-1,-1,0x1010480010840204,1512,1501,1500,1500,2012,1499,1502,1500,1500,1499,988,1500,1500,1500,1500,1500,1500,1500,1500,2012,1500,1500,1500,2012,1500,1503,1501,1500,1520,1505,1500,988,8.3
2025-05-10,18:43:14.340,-75,-73,10,3836,170,47,1,15,0,4,157,-2,4,354,-9,519,342,0,-1,-1,-1,0x1010480010840204,1512,1501,1500,1500,2012,1499,1502,1500,1500,1499,988,1500,1500,1500,1500,1500,1500,1500,1500,2012,1500,1500,1500,2012,1500,1503,1501,1500,1520,1505,1500,988,8.3
2025-05-10,18:43:14.840,-84,-80,10,3837,150,47,1,15,0,4,157,-3,4,354,-9,519,342,0,-1,-1,-1,0x1010480010840204,1512,1500,1500,1500,2012,1499,1501,1500,1500,1499,988,1500,1500,1500,1500,1500,1500,1500,1500,2012,1500,1500,1500,2012,1500,1503,1501,1500,1520,1505,1500,988,8.3
2025-05-10,18:43:15.340,-80,-79,10,3837,160,47,1,15,0,4,157,-3,3,354,-9,519,342,0,-1,-1,-1,0x1010480010840204,1512,1500,1500,1500,2012,1499,1501,1500,1500,1499,988,1500,1500,1500,1500,1500,1500,1500,1500,2012,1500,1500,1500,2012,1500,1502,1501,1500,1520,1505,1500,988,8.3
2025-05-10,18:43:15.840,-74,-82,10,3837,200,47,1,15,0,4,157,-3,4,354,-9,519,342,0,-1,-1,-1,0x1010480010840204,1512,1501,1500,1500,2012,1499,1502,1500,1500,1499,988,1500,1500,1500,1500,1500,1500,1500,1500,2012,1500,1500,1500,2012,1500,1503,1501,1500,1520,1505,1500,988,8.3
2025-05-10,18:43:16.340,-85,-82,10,3837,150,46,1,15,0,4,157,-3,4,354,-9,519,342,0,-1,-1,-1,0x1010480010840204,1512,1501,1500,1500,2012,1499,1502,1500,1500,1499,988,1500,1500,1500,1500,1500,1500,1500,1500,2012,1500,1500,1500,2012,1500,1503,1501,1500,1520,1505,1500,988,8.3
2025-05-10,18:43:16.840,-95,-90,10,3837,190,46,1,15,0,4,157,-3,4,354,-9,519,342,0,-1,-1,-1,0x1010480010840204,1511,1501,1500,1500,2012,1499,1502,1500,1500,1498,988,1500,1500,1500,1500,1500,1500,1500,1500,2012,1500,1500,1500,2012,1500,1503,1501,1500,1520,1505,1500,988,8.3
2025-05-10,18:43:17.340,-85,-84,10,3837,180,46,1,15,0,4,157,-4,3,354,-8,519,342,0,-1,-1,-1,0x1010480010840204,1511,1500,1500,1500,2012,1498,1501,1500,1500,1498,988,1500,1500,1500,1500,1500,1500,1500,1500,2012,1500,1500,1500,2012,1500,1502,1501,1500,1520,1505,1500,988,8.3
2025-05-10,18:43:17.840,-80,-83,10,3837,210,46,1,15,0,4,157,-4,5,354,-8,519,342,0,-1,-1,-1,0x1010480010840204,1511,1501,1500,1500,2012,1498,1502,1500,1500,1498,988,1500,1500,1500,1500,1500,1500,1500,1500,2012,1500,1500,1500,2012,1500,1504,1502,1500,1520,1505,1500,988,8.3
2025-05-10,18:43:18.340,-87,-91,50,3838,160,46,1,15,0,4,157,-3,4,354,-9,519,342,0,-1,-1,-1,0x1010480010840204,1512,1501,1500,1500,2012,1499,1502,1500,1500,1499,988,1500,1500,1500,1500,1500,1500,1500,1500,2012,1500,1500,1500,2012,1500,1504,1502,1500,1520,1505,1500,988,8.3
2025-05-10,18:43:18.840,-80,-70,50,3838,160,46,1,15,0,4,157,-3,6,354,-9,519,342,0,-1,-1,-1,0x1010480010840204,1512,1501,1500,1500,2012,1499,1503,1500,1500,1499,988,1500,1500,1500,1500,1500,1500,1500,1500,2012,1500,1500,1500,2012,1500,1505,1502,1500,1520,1505,1500,988,8.3
2025-05-10,18:43:19.340,-81,-81,10,3838,220,46,1,15,0,4,157,-3,4,354,-9,519,342,0,-1,-1,-1,0x1010480010840204,1511,1501,1500,1500,2012,1499,1502,1500,1500,1498,988,1500,1500,1500,1500,1500,1500,1500,1500,2012,1500,1500,1500,2012,1500,1503,1501,1500,1520,1505,1500,988,8.3
2025-05-10,18:43:19.840,-78,-76,10,3838,150,46,1,15,0,4,157,-3,5,354,-9,519,342,0,-1,-1,-1,0x1010480010840204,1512,1501,1500,1500,2012,1499,1502,1500,1500,1499,988,1500,1500,1500,1500,1500,1500,1500,1500,2012,1500,1500,1500,2012,1500,1504,1502,1500,1520,1505,1500,988,8.3
2025-05-10,18:43:20.340,-84,-82,10,3838,150,46,1,15,0,4,157,-3,3,354,-9,519,342,0,-1,-1,-1,0x1010480010840204,1512,1500,1500,1500,2012,1499,1501,1500,1500,1499,988,1500,1500,1500,1500,1500,1500,1500,1500,2012,1500,1500,1500,2012,1500,1502,1501,1500,1520,1505,1500,988,8.3
2025-05-10,18:43:20.840,-86,-82,10,3838,170,46,1,15,0,4,157,-3,3,354,-9,519,342,0,-1,-1,-1,0x1010480010840204,1512,1500,1500,1500,2012,1499,1501,1500,1500,1499,988,1500,1500,1500,1500,1500,1500,1500,1500,2012,1500,1500,1500,2012,1500,1501,1500,1500,1520,1505,1500,988,8.3
2025-05-10,18:43:21.340,-86,-79,10,3838,160,46,1,15,0,4,157,-3,4,354,-9,519,342,0,-1,-1,-1,0x1010480010840204,1512,1500,1500,1500,2012,1499,1502,1500,1500,1499,988,1500,1500,1500,1500,1500,1500,1500,1500,2012,1500,1500,1500,2012,1500,1502,1501,1500,1520,1505,1500,988,8.3
2025-05-10,18:43:21.840,-83,-79,10,3839,160,46,1,15,0,4,157,-3,3,354,-9,519,342,0,-1,-1,-1,0x1010480010840204,1512,1500,1500,1500,2012,1499,1501,1500,1500,1499,988,1500,1500,1500,1500,1500,1500,1500,1500,2012,1500,1500,1500,2012,1500,1502,1501,1500,1520,1505,1500,988,8.3
2025-05-10,18:43:22.340,-83,-79,10,3839,160,46,1,15,0,4,157,-3,3,354,-9,519,342,0,-1,-1,-1,0x1010480010840204,1512,1500,1500,1500,2012,1499,1501,1500,1500,1499,988,1500,1500,1500,1500,1500,1500,1500,1500,2012,1500,1500,1500,2012,1500,1502,1501,1500,1520,1505,1500,988,8.3
2025-05-10,18:43:22.840,-83,-74,10,3839,160,46,1,15,0,4,157,-4,3,354,-9,519,342,0,-1,-1,-1,0x1010480010840204,1511,1500,1500,1500,2012,1498,1501,1500,1500,1498,988,1500,1500,1500,1500,1500,1500,1500,1500,2012,1500,1500,1500,2012,1500,1502,1501,1500,1520,1505,1500,988,8.3
2025-05-10,18:43:23.340,-83,-65,10,3839,160,46,1,15,0,4,157,-4,3,354,-9,519,342,0,-1,-1,-1,0x1010480010840204,1511,1500,1500,1500,2012,1498,1501,1500,1500,1498,988,1500,1500,1500,1500,1500,1500,1500,1500,2012,1500,1500,1500,2012,1500,1502,1501,1500,1520,1505,1500,988,8.3
2025-05-10,18:43:23.840,-77,-70,10,3839,180,46,1,15,0,4,157,-4,3,354,-9,519,342,0,-1,-1,-1,0x1010480010840204,1511,1500,1500,1500,2012,1498,1501,1500,1500,1498,988,1500,1500,1500,1500,1500,1500,1500,1500,2012,1500,1500,1500,2012,1500,1502,1501,1500,1520,1505,1500,988,8.3
2025-05-10,18:43:24.340,-86,-65,10,3839,200,46,1,15,285,4,157,-4,3,354,-9,519,342,0,-1,-1,-1,0x1010480010840204,1511,1500,1500,1500,2012,1498,1501,1500,1500,1498,988,1500,1500,1500,1500,1500,1500,1500,1500,2012,1500,1500,1500,2012,1500,1502,1501,1500,1520,1505,1500,988,8.3
2025-05-10,18:43:24.840,-86,-62,10,3839,160,46,1,15,0,4,157,-4,2,354,-9,519,342,0,-1,-1,-1,0x1010480010840204,1511,1500,1500,1500,2012,1498,1501,1500,1500,1498,988,1500,1500,1500,1500,1500,1500,1500,1500,2012,1500,1500,1500,2012,1500,1502,1500,1500,1520,1505,1500,988,8.3
2025-05-10,18:43:25.340,-71,-70,10,3839,160,46,1,15,0,4,157,-3,3,354,-8,519,342,0,-1,-1,-1,0x1010480010840204,1511,1500,1500,1500,2012,1499,1501,1500,1500,1498,988,1500,1500,1500,1500,1500,1500,1500,1500,2012,1500,1500,1500,2012,1500,1502,1500,1500,1520,1505,1500,988,8.3
2025-05-10,18:43:25.840,-69,-70,10,3839,170,46,1,15,0,4,157,-4,3,354,-9,519,342,0,-1,-1,-1,0x1010480010840204,1511,1500,1500,1500,2012,1498,1501,1500,1500,1498,988,1500,1500,1500,1500,1500,1500,1500,1500,2012,1500,1500,1500,2012,1500,1502,1501,1500,1520,1505,1500,988,8.3
2025-05-10,18:43:26.340,-70,-66,10,3840,210,46,1,15,0,4,157,-4,2,354,-9,519,342,0,-1,-1,-1,0x1010480010840204,1511,1500,1500,1500,2012,1498,1501,1500,1500,1498,988,1500,1500,1500,1500,1500,1500,1500,1500,2012,1500,1500,1500,2012,1500,1501,1500,1500,1520,1505,1500,988,8.3
2025-05-10,18:43:26.840,-70,-65,10,3840,190,46,1,15,0,4,157,-3,3,354,-9,519,342,0,-1,-1,-1,0x1010480010840204,1512,1500,1500,1500,2012,1499,1501,1500,1500,1499,988,1500,1500,1500,1500,1500,1500,1500,1500,2012,1500,1500,1500,2012,1500,1502,1501,1500,1520,1505,1500,988,8.3
2025-05-10,18:43:27.340,-63,-68,10,3840,140,46,1,15,0,4,157,-4,2,354,-8,519,342,0,-1,-1,-1,0x1010480010840204,1511,1500,1500,1500,2012,1498,1501,1500,1500,1498,988,1500,1500,1500,1500,1500,1500,1500,1500,2012,1500,1500,1500,2012,1500,1502,1500,1500,1520,1505,1500,988,8.3
2025-05-10,18:43:27.840,-73,-63,10,3840,160,46,1,15,0,4,157,-4,2,354,-9,519,342,0,-1,-1,-1,0x1010480010840204,1511,1500,1500,1500,2012,1498,1501,1500,1500,1498,988,1500,1500,1500,1500,1500,1500,1500,1500,2012,1500,1500,1500,2012,1500,1501,1500,1500,1520,1505,1500,988,8.3
2025-05-10,18:43:28.350,-69,-67,10,3840,160,46,1,15,0,4,157,-4,2,354,-9,519,342,0,-1,-1,-1,0x1010480010840204,1511,1500,1500,1500,2012,1498,1501,1500,1500,1498,988,1500,1500,1500,1500,1500,1500,1500,1500,2012,1500,1500,1500,2012,1500,1501,1500,1500,1520,1505,1500,988,8.3
2025-05-10,18:43:28.840,-69,-60,10,3840,170,46,1,15,0,4,157,-4,2,354,-8,519,342,0,-1,-1,-1,0x1010480010840204,1511,1500,1500,1500,2012,1498,1501,1500,1500,1498,988,1500,1500,1500,1500,1500,1500,1500,1500,2012,1500,1500,1500,2012,1500,1502,1500,1500,1520,1505,1500,988,8.3
2025-05-10,18:43:29.340,-69,-61,10,3840,0,46,1,15,0,4,157,-4,3,354,-9,519,342,0,-1,-1,-1,0x1010480010840204,1511,1500,1500,1500,2012,1498,1501,1500,1500,1498,988,1500,1500,1500,1500,1500,1500,1500,1500,2012,1500,1500,1500,2012,1500,1502,1501,1500,1520,1505,1500,988,8.3
2025-05-10,18:43:29.840,-69,-61,10,3840,0,46,1,15,0,4,157,-4,2,354,-8,519,341,0,-1,-1,-1,0x1010480010840204,1511,1500,1500,1500,2012,1498,1501,1500,1500,1498,988,1500,1500,1500,1500,1500,1500,1500,1500,2012,1500,1500,1500,2012,1500,1501,1501,1500,1520,1505,1500,988,8.3
2025-05-10,18:43:30.340,-69,-61,10,3840,0,46,1,15,0,4,157,-4,3,354,-9,519,341,0,-1,-1,-1,0x1010480010840204,1511,1500,1500,1500,2012,1498,1501,1500,1500,1498,988,1500,1500,1500,1500,1500,1500,1500,1500,2012,1500,1500,1500,2012,1500,1501,1500,1500,1520,1505,1500,988,8.3
2025-05-10,18:43:30.840,0,0,0,0,0,0,0,0,0,0,0,-4,3,354,-9,519,341,0,-1,-1,-1,0x0010480010840204,1511,1500,1500,1500,2012,1498,1501,1500,1500,1498,988,1500,1500,1500,1500,1500,1500,1500,1500,2012,1500,1500,1500,2012,1500,1502,1501,1500,1520,1505,1500,988,8.3
2025-05-10,18:43:31.320,0,0,0,0,0,0,0,0,0,0,0,-4,2,354,-8,518,341,0,-1,-1,-1,0x0010480010840204,1511,1500,1500,1500,2012,1498,1501,1500,1500,1498,988,1500,1500,1500,1500,1500,1500,1500,1500,2012,1500,1500,1500,2012,1500,1502,1500,1500,1520,1505,1500,988,8.3
2025-05-10,18:43:31.820,0,0,0,0,0,0,0,0,0,0,0,-3,2,354,-8,519,341,0,-1,-1,-1,0x0010480010840204,1512,1500,1500,1500,2012,1499,1501,1500,1500,1499,988,1500,1500,1500,1500,1500,1500,1500,1500,2012,1500,1500,1500,2012,1500,1501,1500,1500,1520,1505,1500,988,8.3
2025-05-10,18:43:32.320,0,0,0,0,0,0,0,0,0,0,0,-4,2,354,-9,518,341,0,-1,-1,-1,0x0010480010840204,1511,1500,1500,1500,2012,1498,1501,1500,1500,1498,988,1500,1500,1500,1500,1500,1500,1500,1500,2012,1500,1500,1500,2012,1500,1502,1500,1500,1520,1505,1500,988,8.3
2025-05-10,18:43:32.820,0,0,0,0,0,0,0,0,0,0,0,-4,2,354,-8,518,341,0,-1,-1,-1,0x0010480010840204,1511,1500,1500,1500,2012,1498,1501,1500,1500,1498,988,1500,1500,1500,1500,1500,1500,1500,1500,2012,1500,1500,1500,2012,1500,1501,1500,1500,1520,1505,1500,988,8.3
2025-05-10,18:43:33.320,0,0,0,0,0,0,0,0,0,0,0,-4,2,354,-9,519,341,0,-1,-1,-1,0x0010480010840204,1511,1500,1500,1500,2012,1498,1501,1500,1500,1498,988,1500,1500,1500,1500,1500,1500,1500,1500,2012,1500,1500,1500,2012,1500,1501,1500,1500,1520,1505,1500,988,8.3
