Date,Time,1RSS(dB),2RSS(dB),TPWR(mW),Lipo,Curr(mA),Temp(°C),Bat%(%),dent,Rpm(kmh),dist,Capa,ST,TH,P1,P2,P3,P4,SA,SB,SC,SD,LSW,CH1(us),CH2(us),CH3(us),CH4(us),CH5(us),CH6(us),CH7(us),CH8(us),CH9(us),CH10(us),CH11(us),CH12(us),CH13(us),CH14(us),CH15(us),CH16(us),CH17(us),CH18(us),CH19(us),CH20(us),CH21(us),CH22(us),CH23(us),CH24(us),CH25(us),CH26(us),CH27(us),CH28(us),CH29(us),CH30(us),CH31(us),CH32(us),TxBat(V)
2025-05-02,11:44:30.930,-69,-63,10,3724,150,42,1,16,0,15,502,-1,5,7,-2,344,515,-1,-1,-1,-1,0x1020480010440004,1507,1500,1500,1500,2012,1500,1503,1500,1500,1499,988,1500,1500,1500,1500,1500,1500,1500,1500,2012,1500,1538,1500,2012,1500,1505,1502,1500,1520,1505,1500,2012,8.2
2025-05-02,11:44:31.390,-66,-52,10,3724,160,42,1,16,0,15,502,-2,5,6,-2,344,515,-1,-1,-1,-1,0x1020480010440004,1507,1500,1500,1500,2012,1499,1503,1500,1500,1499,988,1500,1500,1500,1500,1500,1500,1500,1500,2012,1500,1538,1500,2012,1500,1505,1502,1500,1520,1505,1500,2012,8.2
2025-05-02,11:44:31.890,-69,-67,10,3724,160,42,1,16,0,15,502,-2,5,7,-2,345,515,-1,-1,-1,-1,0x1020480010440004,1507,1501,1500,1500,2012,1499,1503,1500,1500,1499,988,1500,1500,1500,1500,1500,1500,1500,1500,2012,1500,1538,1500,2012,1500,1506,1503,1500,1520,1505,1500,2012,8.2
2025-05-02,11:44:32.390,-69,-55,10,3724,170,42,1,16,0,15,503,-2,5,7,-2,344,515,-1,-1,-1,-1,0x1020480010440004,1507,1501,1500,1500,2012,1499,1503,1500,1500,1499,988,1500,1500,1500,1500,1500,1500,1500,1500,2012,1500,1538,1500,2012,1500,1506,1503,1500,1520,1505,1500,2012,8.2
2025-05-02,11:44:32.890,-57,-54,10,3724,2320,42,1,16,0,15,503,-148,5,7,-2,344,515,-1,-1,-1,-1,0x1020480014440004,1474,1500,1500,1500,2012,1426,1503,1500,1500,1412,988,1500,1500,1500,1500,1500,1500,1500,1500,2012,1500,1538,1500,2012,1500,1505,1502,1500,1520,1505,1500,2012,8.2
2025-05-02,11:44:33.390,-57,-55,10,3724,160,42,1,16,0,15,503,-3,5,7,-2,345,515,-1,-1,-1,-1,0x1020480010440004,1507,1501,1500,1500,2012,1499,1503,1500,1500,1499,988,1500,1500,1500,1500,1500,1500,1500,1500,2012,1500,1538,1500,2012,1500,1506,1503,1500,1520,1505,1500,2012,8.2
2025-05-02,11:44:33.890,-68,-61,10,3724,170,42,1,16,0,15,503,-3,5,7,-2,344,516,-1,-1,-1,-1,0x1020480010440004,1507,1500,1500,1500,2012,1499,1503,1500,1500,1499,988,1500,1500,1500,1500,1500,1500,1500,1500,2012,1500,1538,1500,2012,1500,1505,1502,1500,1520,1505,1500,2012,8.2
2025-05-02,11:44:34.390,-80,-64,10,3725,170,42,1,16,0,15,503,-3,6,7,-2,345,516,-1,-1,-1,-1,0x1020480010440004,1507,1501,1500,1500,2012,1499,1504,1500,1500,1499,988,1500,1500,1500,1500,1500,1500,1500,1500,2012,1500,1538,1500,2012,1500,1506,1503,1500,1520,1505,1500,2012,8.2
2025-05-02,11:44:34.890,-78,-72,10,3725,170,42,1,16,0,15,503,-5,6,7,-2,344,515,-1,-1,-1,-1,0x1020480010440004,1507,1501,1500,1500,2012,1498,1504,1500,1500,1498,988,1500,1500,1500,1500,1500,1500,1500,1500,2012,1500,1538,1500,2012,1500,1506,1503,1500,1520,1505,1500,2012,8.2
2025-05-02,11:44:35.390,-65,-65,10,3725,160,42,1,16,0,15,503,-4,5,7,-2,344,515,-1,-1,-1,-1,0x1020480010440004,1507,1501,1500,1500,2012,1498,1503,1500,1500,1498,988,1500,1500,1500,1500,1500,1500,1500,1500,2012,1500,1538,1500,2012,1500,1505,1503,1500,1520,1505,1500,2012,8.2
2025-05-02,11:44:35.890,-75,-67,10,3725,170,42,1,16,0,15,503,-4,7,7,-2,344,515,-1,-1,-1,-1,0x1020480010440004,1507,1501,1500,1500,2012,1498,1505,1500,1500,1498,988,1500,1500,1500,1500,1500,1500,1500,1500,2012,1500,1543,1500,2012,1500,1507,1503,1500,1520,1505,1500,2012,8.2
2025-05-02,11:44:36.390,-68,-65,10,3725,360,42,1,16,0,15,503,-2,6,7,-2,344,515,-1,-1,-1,-1,0x1020480010440004,1507,1501,1500,1500,2012,1499,1504,1500,1500,1499,988,1500,1500,1500,1500,1500,1500,1500,1500,2012,1500,1543,1500,2012,1500,1506,1503,1500,1520,1505,1500,2012,8.2
2025-05-02,11:44:36.890,-68,-67,10,3725,170,42,1,16,0,15,503,-3,6,7,-2,344,515,-1,-1,-1,-1,0x1020480010440004,1507,1501,1500,1500,2012,1499,1504,1500,1500,1498,988,1500,1500,1500,1500,1500,1500,1500,1500,2012,1500,1543,1500,2012,1500,1506,1503,1500,1520,1505,1500,2012,8.2
2025-05-02,11:44:37.390,-67,-67,10,3726,160,42,1,16,0,15,503,-3,6,7,-2,344,515,-1,-1,-1,-1,0x1020480010440004,1507,1501,1500,1500,2012,1499,1504,1500,1500,1499,988,1500,1500,1500,1500,1500,1500,1500,1500,2012,1500,1543,1500,2012,1500,1506,1503,1500,1520,1505,1500,2012,8.2
2025-05-02,11:44:37.890,-67,-67,10,3726,160,42,1,16,0,15,503,-3,6,7,-2,344,515,-1,-1,-1,-1,0x1020480010440004,1507,1501,1500,1500,2012,1499,1504,1500,1500,1499,988,1500,1500,1500,1500,1500,1500,1500,1500,2012,1500,1543,1500,2012,1500,1506,1503,1500,1520,1505,1500,2012,8.2
2025-05-02,11:44:38.390,-64,-68,10,3726,170,42,1,16,0,15,503,-3,6,7,-2,344,515,-1,-1,-1,-1,0x1020480010440004,1507,1501,1500,1500,2012,1499,1504,1500,1500,1499,988,1500,1500,1500,1500,1500,1500,1500,1500,2012,1500,1543,1500,2012,1500,1506,1503,1500,1520,1505,1500,2012,8.2
2025-05-02,11:44:38.890,-68,-66,10,3726,160,42,1,16,0,15,503,-3,6,6,-2,344,515,-1,-1,-1,-1,0x1020480010440004,1507,1501,1500,1500,2012,1499,1504,1500,1500,1499,988,1500,1500,1500,1500,1500,1500,1500,1500,2012,1500,1543,1500,2012,1500,1506,1503,1500,1520,1505,1500,2012,8.2
2025-05-02,11:44:39.390,-68,-65,10,3726,170,42,1,16,0,15,503,-2,5,6,-2,344,515,-1,-1,-1,-1,0x1020480010440004,1507,1501,1500,1500,2012,1499,1503,1500,1500,1499,988,1500,1500,1500,1500,1500,1500,1500,1500,2012,1500,1543,1500,2012,1500,1505,1503,1500,1520,1505,1500,2012,8.2
2025-05-02,11:44:39.890,-68,-61,10,3726,160,42,1,16,0,15,503,-2,6,7,-2,344,515,-1,-1,-1,-1,0x1020480010440004,1507,1501,1500,1500,2012,1499,1504,1500,1500,1499,988,1500,1500,1500,1500,1500,1500,1500,1500,2012,1500,1543,1500,2012,1500,1506,1503,1500,1520,1505,1500,2012,8.2
2025-05-02,11:44:40.390,-68,-62,10,3726,160,42,1,16,0,15,503,-9,9,7,-2,344,515,-1,-1,-1,-1,0x1020480010440004,1506,1501,1500,1500,2012,1496,1506,1500,1500,1496,988,1500,1500,1500,1500,1500,1500,1500,1500,2012,1500,1543,1500,2012,1500,1509,1505,1500,1520,1505,1500,2012,8.2
2025-05-02,11:44:40.890,-67,-63,10,3726,170,42,1,16,0,15,503,-7,5,6,-2,344,515,-1,-1,-1,-1,0x1020480010440004,1506,1500,1500,1500,2012,1497,1503,1500,1500,1497,988,1500,1500,1500,1500,1500,1500,1500,1500,2012,1500,1543,1500,2012,1500,1505,1502,1500,1520,1505,1500,2012,8.2
2025-05-02,11:44:41.390,-78,-69,10,3726,330,42,1,16,0,15,503,-433,9,6,-2,344,515,-1,-1,-1,-1,0x1020480014440004,1410,1501,1500,1500,2012,1284,1506,1500,1500,1277,988,1500,1500,1500,1500,1500,1500,1500,1500,2012,1500,1543,1500,2012,1500,1508,1504,1500,1520,1505,1500,2012,8.2
2025-05-02,11:44:41.890,-78,-69,10,3726,280,42,1,16,0,15,503,-125,155,7,-2,344,515,-1,-1,-1,-1,0x1020480014440005,1484,1519,1500,1500,2012,1438,1606,1500,1500,1438,988,1500,1500,1500,1500,1500,1500,1500,1372,1628,1500,1543,1500,2012,1500,1652,1575,1500,1520,1505,1500,2012,8.2
2025-05-02,11:44:42.390,-78,-66,10,3726,340,42,1,16,0,15,503,-370,243,6,-2,344,515,-1,-1,-1,-1,0x1020480014440005,1431,1530,1500,1500,2012,1315,1666,1500,1500,1315,988,1500,1500,1500,1500,1500,1500,1500,1372,1628,1500,1543,1500,2012,1500,1722,1619,1500,1520,1505,1500,2012,8.2
2025-05-02,11:44:42.890,-67,-66,10,3726,1290,42,1,16,0,15,503,-882,309,7,-2,344,515,-1,-1,-1,-1,0x1020480014440805,1235,1539,1500,1500,2012,1059,1711,1500,1500,1059,988,1500,1500,1500,1500,1500,1500,1500,1372,1628,1500,1543,1500,2012,1500,1771,1655,1500,1520,1505,1500,2012,8.2
2025-05-02,11:44:43.390,-67,-69,10,3725,14850,42,1,16,4584,15,504,-350,1017,6,-2,344,515,-1,-1,-1,-1,0x1020480014442805,1436,1628,1500,1500,2012,1325,2012,1500,1500,1325,988,1500,1500,1500,1500,1500,1500,1500,1372,1628,1500,1543,1500,2012,1500,2012,2012,1500,1520,1505,1500,2012,8.2
2025-05-02,11:44:43.890,-73,-64,10,3717,5820,42,1,16,6172,15,505,1,1019,6,-2,344,515,-1,-1,-1,-1,0x1020480010442005,1508,1628,1500,1500,2012,1500,2012,1500,1500,1500,988,1500,1500,1500,1500,1500,1500,1500,1372,1628,1500,1543,1500,2012,1500,2012,2012,1500,1520,1505,1500,2012,8.2
2025-05-02,11:44:44.390,-73,-56,10,3696,5800,42,1,16,6710,15,506,1024,1024,6,-2,344,515,-1,-1,-1,-1,0x1020480014442405,1812,1628,1500,1500,2012,2012,2012,1500,1500,2012,988,1500,1500,1500,1500,1500,1500,1500,1372,1628,1500,1543,1500,2012,1500,2012,2012,1500,1520,1505,1500,2012,8.2
2025-05-02,11:44:44.890,-73,-52,10,3698,8660,43,1,16,5249,15,506,-1024,1018,6,-2,344,515,-1,-1,-1,-1,0x1020480014442405,1142,1628,1500,1500,2012,988,2012,1500,1500,988,988,1500,1500,1500,1500,1500,1500,1500,1372,1628,1500,1543,1500,2012,1500,2012,2012,1500,1520,1505,1500,2012,8.2
2025-05-02,11:44:45.390,-73,-46,10,3696,8550,42,1,16,5188,15,508,-807,818,6,-2,344,515,-1,-1,-1,-1,0x1020480014442C05,1232,1628,1500,1500,2012,1097,2012,1500,1500,1057,988,1500,1500,1500,1500,1500,1500,1500,1372,1628,1500,1543,1500,2012,1500,2012,2012,1500,1520,1505,1500,2012,8.2
2025-05-02,11:44:45.890,-52,-63,10,3696,1020,42,1,16,528,15,508,1024,-470,7,-2,344,515,-1,-1,-1,-1,0x1020480016440405,1812,1311,1500,1498,2012,2012,1265,1309,1500,2012,988,1500,1500,1500,1500,1500,1500,1309,1296,2012,1500,1543,1500,2012,1500,1206,1500,1500,1520,1505,1500,2012,8.2
2025-05-02,11:44:46.390,-49,-63,10,3716,2270,43,1,16,1287,15,508,-1,501,6,-2,344,515,-1,-1,-1,-1,0x1020480010440405,1508,1565,1500,1500,2012,1500,1843,1500,1500,1500,988,1500,1500,1500,1500,1500,1500,1500,1372,1628,1500,1543,1500,2012,1500,1887,1761,1500,1520,1505,1500,2012,8.2
2025-05-02,11:44:46.890,-55,-56,10,3716,1230,42,1,16,2286,15,508,63,443,6,-2,344,515,-1,-1,-1,-1,0x1020480014440405,1523,1558,1500,1500,2012,1531,1803,1500,1500,1531,988,1500,1500,1500,1500,1500,1500,1500,1372,1628,1500,1543,1500,2012,1500,1861,1731,1500,1520,1505,1500,2012,8.2
2025-05-02,11:44:47.390,-53,-56,10,3717,210,42,1,16,939,15,508,2,-698,7,-2,344,515,-1,-1,-1,-1,0x10204800124C0405,1508,1207,1500,1497,2012,1501,1151,1205,1500,1501,988,1500,1500,1500,1500,1500,1500,1204,1243,2012,1500,1543,1500,2012,1500,1107,1500,1500,1520,1505,1500,2012,8.2
2025-05-02,11:44:47.890,-51,-56,10,3721,180,42,1,16,228,15,508,-2,3,6,-2,344,515,-1,-1,-1,-1,0x1020480010440405,1507,1500,1500,1500,2012,1499,1502,1500,1500,1499,988,1500,1500,1500,1500,1500,1500,1500,1372,2012,1500,1543,1500,2012,1500,1503,1501,1500,1520,1505,1500,2012,8.2
2025-05-02,11:44:48.390,-52,-56,10,3723,160,42,1,16,0,15,508,-3,6,7,-2,344,515,-1,-1,-1,-1,0x1020480010440005,1507,1501,1500,1500,2012,1499,1504,1500,1500,1499,988,1500,1500,1500,1500,1500,1500,1500,1372,2012,1500,1543,1500,2012,1500,1506,1503,1500,1520,1505,1500,2012,8.2
2025-05-02,11:44:48.890,-50,-56,10,3723,160,42,1,16,0,15,508,-3,8,7,-2,344,515,-1,-1,-1,-1,0x1020480010440005,1507,1501,1500,1500,2012,1499,1505,1500,1500,1499,988,1500,1500,1500,1500,1500,1500,1500,1500,2012,1500,1543,1500,2012,1500,1508,1504,1500,1520,1505,1500,2012,8.2
2025-05-02,11:44:49.390,-63,-61,10,3724,160,42,1,16,0,15,508,-2,9,7,-2,344,515,-1,-1,-1,-1,0x1020480010440005,1507,1501,1500,1500,2012,1499,1506,1500,1500,1499,988,1500,1500,1500,1500,1500,1500,1500,1500,2012,1500,1543,1500,2012,1500,1509,1505,1500,1520,1505,1500,2012,8.2
2025-05-02,11:44:49.890,-63,-48,10,3724,160,42,1,16,0,15,508,-2,11,7,-2,344,515,-1,-1,-1,-1,0x1020480010440005,1507,1501,1500,1500,2012,1499,1507,1500,1500,1499,988,1500,1500,1500,1500,1500,1500,1500,1500,2012,1500,1543,1500,2012,1500,1512,1506,1500,1520,1505,1500,2012,8.2
2025-05-02,11:44:50.390,-55,-62,10,3724,160,42,1,16,0,15,508,-2,11,6,-2,344,515,-1,-1,-1,-1,0x1020480010440005,1507,1501,1500,1500,2012,1499,1507,1500,1500,1499,988,1500,1500,1500,1500,1500,1500,1500,1069,2012,1500,1543,1500,2012,1500,1512,1506,1500,1520,1505,1500,2012,8.2
2025-05-02,11:44:50.890,-59,-54,10,3724,160,42,1,16,0,15,508,-3,13,7,-2,344,515,-1,-1,-1,-1,0x1020480010440005,1507,1502,1500,1500,2012,1499,1509,1500,1500,1499,988,1500,1500,1500,1500,1500,1500,1500,1372,2012,1500,1543,1500,2012,1500,1513,1507,1500,1520,1505,1500,2012,8.2
2025-05-02,11:44:51.390,-71,-56,10,3725,160,42,1,16,0,15,508,-3,11,7,-2,344,515,-1,-1,-1,-1,0x1020480010440005,1507,1501,1500,1500,2012,1499,1507,1500,1500,1499,988,1500,1500,1500,1500,1500,1500,1500,1372,2012,1500,1543,1500,2012,1500,1512,1506,1500,1520,1505,1500,2012,8.2
2025-05-02,11:44:51.890,-62,-46,10,3725,160,42,1,16,0,15,508,-3,8,7,-2,344,515,-1,-1,-1,-1,0x1020480010440005,1507,1501,1500,1500,2012,1499,1505,1500,1500,1499,988,1500,1500,1500,1500,1500,1500,1500,1500,2012,1500,1543,1500,2012,1500,1507,1503,1500,1520,1505,1500,2012,8.2
2025-05-02,11:44:52.390,-62,-46,10,3725,170,42,1,16,0,15,508,-3,8,6,-2,344,515,-1,-1,-1,-1,0x1020480010440005,1507,1501,1500,1500,2012,1499,1505,1500,1500,1499,988,1500,1500,1500,1500,1500,1500,1500,1500,2012,1500,1543,1500,2012,1500,1508,1504,1500,1520,1505,1500,2012,8.2
2025-05-02,11:44:52.890,-60,-45,10,3725,160,42,1,16,0,15,509,-3,6,7,-2,344,515,-1,-1,-1,-1,0x1020480010440005,1507,1501,1500,1500,2012,1499,1504,1500,1500,1499,988,1500,1500,1500,1500,1500,1500,1500,1500,2012,1500,1543,1500,2012,1500,1506,1503,1500,1520,1505,1500,2012,8.2
2025-05-02,11:44:53.390,-60,-43,10,3725,250,42,1,16,0,15,509,-4,8,6,-2,344,515,-1,-1,-1,-1,0x1020480010440005,1507,1501,1500,1500,2012,1498,1505,1500,1500,1499,988,1500,1500,1500,1500,1500,1500,1500,1500,2012,1500,1543,1500,2012,1500,1508,1504,1500,1520,1505,1500,2012,8.2
2025-05-02,11:44:53.890,-67,-47,10,3725,180,42,1,16,0,15,509,-4,7,7,-2,344,515,-1,-1,-1,-1,0x1020480010440004,1507,1501,1500,1500,2012,1498,1505,1500,1500,1498,988,1500,1500,1500,1500,1500,1500,1500,1500,2012,1500,1543,1500,2012,1500,1507,1503,1500,1520,1505,1500,2012,8.2
2025-05-02,11:44:54.390,-67,-44,10,3726,160,42,1,16,0,15,509,-4,10,6,-2,344,515,-1,-1,-1,-1,0x1020480010440004,1507,1501,1500,1500,2012,1498,1507,1500,1500,1498,988,1500,1500,1500,1500,1500,1500,1500,1500,2012,1500,1543,1500,2012,1500,1510,1505,1500,1520,1505,1500,2012,8.2
2025-05-02,11:44:54.890,-54,-41,10,3726,160,42,1,16,0,15,509,-4,9,6,-2,344,515,-1,-1,-1,-1,0x1020480010440004,1507,1501,1500,1500,2012,1498,1506,1500,1500,1498,988,1500,1500,1500,1500,1500,1500,1500,1500,2012,1500,1543,1500,2012,1500,1509,1505,1500,1520,1505,1500,2012,8.2
2025-05-02,11:44:55.390,-54,-40,10,3726,160,42,1,16,0,15,509,-4,7,7,-2,344,515,-1,-1,-1,-1,0x1020480010440004,1507,1501,1500,1500,2012,1498,1505,1500,1500,1499,988,1500,1500,1500,1500,1500,1500,1500,1500,2012,1500,1543,1500,2012,1500,1507,1503,1500,1520,1505,1500,2012,8.2
2025-05-02,11:44:55.890,-54,-42,10,3726,170,41,1,16,0,15,509,-4,6,7,-2,344,515,-1,-1,-1,-1,0x1020480010440004,1507,1501,1500,1500,2012,1498,1504,1500,1500,1498,988,1500,1500,1500,1500,1500,1500,1500,1500,2012,1500,1543,1500,2012,1500,1506,1503,1500,1520,1505,1500,2012,8.2
2025-05-02,11:44:56.390,-54,-40,10,3726,160,41,1,16,0,15,509,-3,6,6,-2,344,515,-1,-1,-1,-1,0x1020480010440004,1507,1501,1500,1500,2012,1499,1504,1500,1500,1499,988,1500,1500,1500,1500,1500,1500,1500,1500,2012,1500,1543,1500,2012,1500,1507,1503,1500,1520,1505,1500,2012,8.2
2025-05-02,11:44:56.890,-66,-68,10,3726,160,41,1,16,0,15,509,-4,8,7,-2,344,515,-1,-1,-1,-1,0x1020480010440004,1507,1501,1500,1500,2012,1498,1505,1500,1500,1498,988,1500,1500,1500,1500,1500,1500,1500,1500,2012,1500,1543,1500,2012,1500,1508,1504,1500,1520,1505,1500,2012,8.2
2025-05-02,11:44:57.390,-54,-68,10,3726,160,41,1,16,0,15,509,-4,36,7,-2,344,515,-1,-1,-1,-1,0x1020480010440004,1507,1505,1500,1500,2012,1498,1524,1500,1500,1498,988,1500,1500,1500,1500,1500,1500,1500,1500,2012,1500,1543,1500,2012,1500,1536,1520,1500,1520,1505,1500,2012,8.2
2025-05-02,11:44:57.890,-46,-68,10,3726,330,41,1,16,3,15,509,-110,338,6,-2,344,515,-1,-1,-1,-1,0x1020480014440005,1489,1542,1500,1500,2012,1445,1731,1500,1500,1452,988,1500,1500,1500,1500,1500,1500,1500,1372,1628,1500,1543,1500,2012,1500,1789,1669,1500,1520,1505,1500,2012,8.2
2025-05-02,11:44:58.390,-47,-68,10,3726,880,42,1,16,1153,15,509,46,286,7,-2,344,515,-1,-1,-1,-1,0x1020480010440005,1519,1541,1500,1500,2012,1523,1696,1500,1500,1523,988,1500,1500,1500,1500,1500,1500,1500,1372,1628,1500,1543,1500,2012,1500,1780,1664,1500,1520,1505,1500,2012,8.2
2025-05-02,11:44:58.890,-47,-68,10,3725,140,42,1,16,603,15,509,-23,-845,7,-2,344,515,-1,-1,-1,-1,0x10204800124C0005,1503,1191,1500,1497,2012,1489,1078,1279,1411,1489,988,1500,1500,1500,1500,1500,1500,1188,1305,2012,1500,1543,1500,2012,1500,1052,1500,1500,1520,1505,1500,2012,8.2
2025-05-02,11:44:59.390,-48,-68,10,3726,270,42,1,16,140,15,509,8,-150,7,-2,344,515,-1,-1,-1,-1,0x1020480012440005,1510,1417,1500,1499,2012,1504,1425,1417,1500,1504,988,1500,1500,1500,1500,1500,1500,1416,1372,2012,1500,1543,1500,2012,1500,1354,1500,1500,1520,1505,1500,2012,8.2
2025-05-02,11:44:59.890,-49,-68,10,3726,340,42,1,16,0,15,509,94,15,7,-2,344,515,-1,-1,-1,-1,0x1020480014440005,1531,1502,1500,1500,2012,1547,1510,1500,1500,1547,988,1500,1500,1500,1500,1500,1500,1500,1442,2012,1500,1543,1500,2012,1500,1516,1508,1500,1520,1505,1500,2012,8.2
2025-05-02,11:45:00.390,-50,-68,10,3727,160,42,1,16,0,15,509,-1,61,7,-2,344,515,-1,-1,-1,-1,0x1020480010440005,1507,1509,1500,1500,2012,1500,1542,1500,1500,1499,988,1500,1500,1500,1500,1500,1500,1500,1372,1628,1500,1543,1500,2012,1500,1563,1536,1500,1520,1505,1500,2012,8.2
2025-05-02,11:45:00.890,-49,-68,10,3727,1510,42,1,16,363,15,509,43,455,6,-2,344,515,-1,-1,-1,-1,0x1020480010440005,1518,1558,1500,1500,2012,1521,1811,1500,1500,1521,988,1500,1500,1500,1500,1500,1500,1500,1372,1628,1500,1543,1500,2012,1500,1861,1732,1500,1520,1505,1500,2012,8.2
2025-05-02,11:45:01.390,-50,-68,10,3725,750,42,1,16,1430,15,509,377,424,7,-2,344,515,-1,-1,-1,-1,0x1020480014440005,1596,1553,1500,1500,2012,1688,1790,1500,1500,1678,988,1500,1500,1500,1500,1500,1500,1500,1372,1628,1500,1543,1500,2012,1500,1844,1713,1500,1520,1505,1500,2012,8.2
2025-05-02,11:45:01.890,-51,-50,10,3722,9680,42,1,16,5049,15,510,319,1018,6,-2,344,515,-1,-1,-1,-1,0x1020480014442005,1582,1628,1500,1500,2012,1659,2012,1500,1500,1646,988,1500,1500,1500,1500,1500,1500,1500,1372,1628,1500,1543,1500,2012,1500,2012,2012,1500,1520,1505,1500,2012,8.2
2025-05-02,11:45:02.390,-51,-51,10,3717,390,42,1,16,3262,15,511,1024,5,7,-2,344,515,-1,-1,-1,-1,0x1020480014440005,1812,1500,1500,1500,2012,2012,1503,1500,1500,2012,988,1500,1500,1500,1500,1500,1500,1500,1039,2012,1500,1543,1500,2012,1500,1723,1502,1500,1520,1505,1500,2012,8.2
2025-05-02,11:45:02.890,-50,-53,10,3717,650,42,1,16,1437,15,511,1024,8,7,-2,344,515,-1,-1,-1,-1,0x1020480014440005,1812,1501,1500,1500,2012,2012,1505,1500,1500,2012,988,1500,1500,1500,1500,1500,1500,1500,1372,2012,1500,1543,1500,2012,1500,1508,1504,1500,1520,1505,1500,2012,8.2
2025-05-02,11:45:03.390,-53,-53,10,3722,500,42,1,16,1086,15,511,396,11,6,-2,344,515,-1,-1,-1,-1,0x1020480014440005,1606,1501,1500,1500,2012,1698,1507,1500,1500,1698,988,1500,1500,1500,1500,1500,1500,1500,1065,1935,1500,1543,1500,2012,1500,1512,1506,1500,1520,1505,1500,2012,8.2
2025-05-02,11:45:03.890,-55,-65,10,3722,5760,43,1,16,958,15,511,1024,981,6,-2,344,515,-1,-1,-1,-1,0x1020480014442005,1812,1628,1500,1500,2012,2012,2012,1500,1500,2012,988,1500,1500,1500,1500,1500,1500,1500,1372,1628,1500,1543,1500,2012,1500,2012,2012,1500,1520,1505,1500,2012,8.2
2025-05-02,11:45:04.390,-60,-55,10,3719,7240,44,1,16,5284,15,513,-262,1019,6,-2,344,515,-1,-1,-1,-1,0x1020480014442005,1460,1628,1500,1500,2012,1363,2012,1500,1500,1376,988,1500,1500,1500,1500,1500,1500,1500,1372,1628,1500,1543,1500,2012,1500,2012,2012,1500,1520,1505,1500,2012,8.2
2025-05-02,11:45:04.890,-67,-61,10,3686,5920,43,1,16,6182,15,514,507,1023,6,-2,344,515,-1,-1,-1,-1,0x1020480014442405,1629,1628,1500,1500,2012,1753,2012,1500,1500,1748,988,1500,1500,1500,1500,1500,1500,1500,1372,1628,1500,1543,1500,2012,1500,2012,2012,1500,1520,1505,1500,2012,8.2
2025-05-02,11:45:05.390,-58,-57,10,3691,6400,44,1,16,6677,15,514,-498,1024,6,-2,344,515,-1,-1,-1,-1,0x1020480014442405,1406,1628,1500,1500,2012,1251,2012,1500,1500,1269,988,1500,1500,1500,1500,1500,1500,1500,1372,1628,1500,1543,1500,2012,1500,2012,2012,1500,1520,1505,1500,2012,8.2
2025-05-02,11:45:05.890,-58,-57,10,3695,5760,44,1,16,6473,15,515,812,1024,6,-2,344,515,-1,-1,-1,-1,0x1020480014442405,1727,1628,1500,1500,2012,1906,2012,1500,1500,1919,988,1500,1500,1500,1500,1500,1500,1500,1372,1628,1500,1543,1500,2012,1500,2012,2012,1500,1520,1505,1500,2012,8.2
2025-05-02,11:45:06.390,-58,-59,10,3697,0,44,1,16,4737,15,515,239,-712,7,-2,344,515,-1,-1,-1,-1,0x1020480016440405,1565,1207,1500,1497,2012,1619,1144,1205,1500,1613,988,1500,1500,1500,1500,1500,1500,1204,1213,2012,1500,1543,1500,2012,1500,1241,1500,1500,1520,1505,1500,2012,8.2
2025-05-02,11:45:06.890,-64,-61,10,3720,200,43,1,16,1621,15,515,508,7,7,-2,344,515,-1,-1,-1,-1,0x1020480014440405,1632,1501,1500,1500,2012,1754,1505,1500,1500,1754,988,1500,1500,1500,1500,1500,1500,1500,1372,2012,1500,1543,1500,2012,1500,1507,1503,1500,1520,1505,1500,2012,8.2
2025-05-02,11:45:07.390,-62,-63,10,3722,210,43,1,16,1084,15,515,289,7,6,-2,344,515,-1,-1,-1,-1,0x1020480014440405,1578,1501,1500,1500,2012,1644,1505,1500,1500,1638,988,1500,1500,1500,1500,1500,1500,1500,1372,2012,1500,1543,1500,2012,1500,1507,1503,1500,1520,1505,1500,2012,8.2
2025-05-02,11:45:07.890,-61,-63,10,3722,280,43,1,16,673,15,515,183,8,6,-2,344,515,-1,-1,-1,-1,0x1020480014440405,1554,1501,1500,1500,2012,1591,1505,1500,1500,1591,988,1500,1500,1500,1500,1500,1500,1500,1500,2012,1500,1543,1500,2012,1500,1508,1503,1500,1520,1505,1500,2012,8.2
2025-05-02,11:45:08.390,-65,-54,10,3722,380,42,1,16,291,15,515,376,9,6,-2,344,515,-1,-1,-1,-1,0x1020480014440405,1601,1501,1500,1500,2012,1688,1506,1500,1500,1688,988,1500,1500,1500,1500,1500,1500,1500,1500,2012,1500,1543,1500,2012,1500,1509,1505,1500,1520,1505,1500,2012,8.2
2025-05-02,11:45:08.890,-65,-56,10,3722,610,42,1,16,0,15,515,-381,71,6,-2,344,515,-1,-1,-1,-1,0x1020480014440005,1425,1510,1500,1500,2012,1310,1548,1500,1500,1304,988,1500,1500,1500,1500,1500,1500,1500,1372,1628,1500,1543,1500,2012,1500,1572,1539,1500,1520,1505,1500,2012,8.2
2025-05-02,11:45:09.390,-69,-55,10,3722,350,42,1,16,0,15,515,116,225,6,-2,344,515,-1,-1,-1,-1,0x1020480014440005,1534,1526,1500,1500,2012,1558,1654,1500,1500,1553,988,1500,1500,1500,1500,1500,1500,1500,1372,1628,1500,1543,1500,2012,1500,1708,1603,1500,1520,1505,1500,2012,8.2
2025-05-02,11:45:09.890,-59,-58,10,3722,1630,42,1,16,22,15,515,219,374,6,-2,344,515,-1,-1,-1,-1,0x1020480014440005,1563,1547,1500,1500,2012,1614,1756,1500,1500,1609,988,1500,1500,1500,1500,1500,1500,1500,1372,1628,1500,1543,1500,2012,1500,1814,1689,1500,1520,1505,1500,2012,8.2
2025-05-02,11:45:10.390,-59,-54,10,3721,1240,42,1,16,792,15,516,850,411,6,-2,344,515,-1,-1,-1,-1,0x1020480014440005,1730,1551,1500,1500,2012,1925,1781,1500,1500,1925,988,1500,1500,1500,1500,1500,1500,1500,1372,1628,1500,1543,1500,2012,1500,1837,1706,1500,1520,1505,1500,2012,8.2
2025-05-02,11:45:10.890,-57,-59,10,3720,1020,42,1,16,1241,15,516,378,446,6,-2,344,515,-1,-1,-1,-1,0x1020480014440005,1602,1557,1500,1500,2012,1689,1805,1500,1500,1689,988,1500,1500,1500,1500,1500,1500,1500,1372,1628,1500,1543,1500,2012,1500,1858,1728,1500,1520,1505,1500,2012,8.2
2025-05-02,11:45:11.390,-57,-59,10,3720,3850,42,1,16,2320,15,516,1020,1024,6,-2,344,515,-1,-1,-1,-1,0x1020480014442005,1812,1628,1500,1500,2012,2010,2012,1500,1500,2010,988,1500,1500,1500,1500,1500,1500,1500,1372,1628,1500,1543,1500,2012,1500,2012,2012,1500,1520,1505,1500,2012,8.2
2025-05-02,11:45:11.890,-55,-59,10,3720,220,42,1,16,1687,15,517,1024,9,7,-2,344,515,-1,-1,-1,-1,0x1020480014440005,1812,1501,1500,1500,2012,2012,1506,1500,1500,2012,988,1500,1500,1500,1500,1500,1500,1500,1141,2012,1500,1543,1500,2012,1500,1509,1505,1500,1520,1505,1500,2012,8.2
2025-05-02,11:45:12.390,-57,-59,10,3721,380,42,1,16,249,15,517,1024,10,7,-2,344,515,-1,-1,-1,-1,0x1020480014440005,1812,1501,1500,1500,2012,2012,1507,1500,1500,2012,988,1500,1500,1500,1500,1500,1500,1500,1372,2012,1500,1543,1500,2012,1500,1510,1505,1500,1520,1505,1500,2012,8.2
2025-05-02,11:45:12.890,-60,-61,10,3722,340,42,1,16,152,15,517,992,-631,6,-2,344,515,-1,-1,-1,-1,0x10204800164C0005,1796,1227,1500,1497,2012,1996,1185,1225,1500,1996,988,1500,1500,1500,1500,1500,1500,1224,1372,2012,1500,1543,1500,2012,1500,1134,1500,1500,1520,1505,1500,2012,8.2
2025-05-02,11:45:13.390,-61,-61,10,3722,480,42,1,16,0,15,517,849,4,7,-2,344,515,-1,-1,-1,-1,0x1020480014440005,1730,1500,1500,1500,2012,1924,1502,1500,1500,1924,988,1500,1500,1500,1500,1500,1500,1500,1500,2012,1500,1543,1500,2012,1500,1503,1501,1500,1520,1505,1500,2012,8.2
2025-05-02,11:45:13.890,-60,-61,10,3722,260,42,1,16,0,15,517,499,5,7,-2,344,515,-1,-1,-1,-1,0x1020480014440005,1630,1500,1500,1500,2012,1749,1503,1500,1500,1749,988,1500,1500,1500,1500,1500,1500,1500,1500,2012,1500,1543,1500,2012,1500,1505,1502,1500,1520,1505,1500,2012,8.2
2025-05-02,11:45:14.390,-64,-65,10,3722,160,42,1,16,0,15,517,-2,12,7,-2,344,515,-1,-1,-1,-1,0x1020480010440005,1507,1501,1500,1500,2012,1499,1508,1500,1500,1499,988,1500,1500,1500,1500,1500,1500,1500,1500,2012,1500,1543,1500,2012,1500,1512,1506,1500,1520,1505,1500,2012,8.2
2025-05-02,11:45:14.890,-64,-65,10,3723,330,42,1,16,2444,15,517,460,11,7,-2,344,515,-1,-1,-1,-1,0x1020480014440005,1620,1501,1500,1500,2012,1730,1507,1500,1500,1730,988,1500,1500,1500,1500,1500,1500,1500,1009,2012,1500,1543,1500,2012,1500,1512,1506,1500,1520,1505,1500,2012,8.2
2025-05-02,11:45:15.390,-64,-59,10,3723,930,42,1,16,0,15,517,1024,6,7,-2,344,515,-1,-1,-1,-1,0x1020480014440005,1812,1501,1500,1500,2012,2012,1504,1500,1500,2012,988,1500,1500,1500,1500,1500,1500,1500,1372,2012,1500,1543,1500,2012,1500,1506,1503,1500,1520,1505,1500,2012,8.2
2025-05-02,11:45:15.890,-51,-57,10,3722,800,42,1,16,0,15,517,620,8,6,-2,344,515,-1,-1,-1,-1,0x1020480014440005,1657,1501,1500,1500,2012,1810,1505,1500,1500,1801,988,1500,1500,1500,1500,1500,1500,1500,1372,2012,1500,1543,1500,2012,1500,1508,1504,1500,1520,1505,1500,2012,8.2
2025-05-02,11:45:16.390,-52,-57,10,3722,740,42,1,16,0,15,517,863,6,7,-2,344,515,-1,-1,-1,-1,0x1020480014440005,1717,1500,1500,1500,2012,1931,1504,1500,1500,1901,988,1500,1500,1500,1500,1500,1500,1500,1152,2012,1500,1543,1500,2012,1500,1505,1502,1500,1520,1505,1500,2012,8.2
2025-05-02,11:45:16.890,-52,-57,10,3722,1540,42,1,16,0,15,517,1022,7,6,-2,344,515,-1,-1,-1,-1,0x1020480014440005,1809,1501,1500,1500,2012,2011,1505,1500,1500,2010,988,1500,1500,1500,1500,1500,1500,1500,1372,2012,1500,1543,1500,2012,1500,1507,1503,1500,1520,1505,1500,2012,8.2
2025-05-02,11:45:17.390,-49,-57,10,3722,390,43,1,16,0,15,518,11,6,7,-2,344,515,-1,-1,-1,-1,0x1020480010440005,1510,1501,1500,1500,2012,1505,1504,1500,1500,1505,988,1500,1500,1500,1500,1500,1500,1500,1372,2012,1500,1543,1500,2012,1500,1506,1503,1500,1520,1505,1500,2012,8.2
2025-05-02,11:45:17.890,-47,-57,10,3723,160,43,1,16,0,15,518,0,6,6,-2,344,515,-1,-1,-1,-1,0x1020480010440005,1508,1501,1500,1500,2012,1500,1504,1500,1500,1500,988,1500,1500,1500,1500,1500,1500,1500,1500,2012,1500,1543,1500,2012,1500,1506,1503,1500,1520,1505,1500,2012,8.2
2025-05-02,11:45:18.390,-51,-50,10,3724,160,42,1,16,0,15,518,-1,8,7,-2,344,515,-1,-1,-1,-1,0x1020480010440005,1508,1501,1500,1500,2012,1500,1505,1500,1500,1500,988,1500,1500,1500,1500,1500,1500,1500,1500,2012,1500,1543,1500,2012,1500,1507,1503,1500,1520,1505,1500,2012,8.2
2025-05-02,11:45:18.890,-51,-45,10,3725,160,42,1,16,0,15,518,-1,8,7,-2,344,515,-1,-1,-1,-1,0x1020480010440005,1508,1501,1500,1500,2012,1500,1505,1500,1500,1500,988,1500,1500,1500,1500,1500,1500,1500,1500,2012,1500,1543,1500,2012,1500,1508,1503,1500,1520,1505,1500,2012,8.2
2025-05-02,11:45:19.390,-51,-37,10,3725,170,42,1,16,0,15,518,-1,11,6,-2,344,515,-1,-1,-1,-1,0x1020480010440005,1508,1501,1500,1500,2012,1500,1507,1500,1500,1500,988,1500,1500,1500,1500,1500,1500,1500,1500,2012,1500,1543,1500,2012,1500,1512,1506,1500,1520,1505,1500,2012,8.2
2025-05-02,11:45:19.890,-49,-43,10,3725,160,42,1,16,0,15,518,-2,10,6,-2,344,515,-1,-1,-1,-1,0x1020480010440004,1507,1501,1500,1500,2012,1499,1507,1500,1500,1499,988,1500,1500,1500,1500,1500,1500,1500,1500,2012,1500,1543,1500,2012,1500,1510,1505,1500,1520,1505,1500,2012,8.2
2025-05-02,11:45:20.390,-49,-32,10,3725,230,42,1,16,1104,15,518,-2,11,7,-2,344,515,-1,-1,-1,-1,0x1020480010440004,1507,1501,1500,1500,2012,1499,1507,1500,1500,1499,988,1500,1500,1500,1500,1500,1500,1500,1500,2012,1500,1543,1500,2012,1500,1512,1505,1500,1520,1505,1500,2012,8.2
2025-05-02,11:45:20.890,-46,-42,10,3725,160,42,1,16,471,16,518,-1,11,7,-2,344,515,-1,-1,-1,-1,0x1020480010440004,1508,1501,1500,1500,2012,1500,1507,1500,1500,1500,988,1500,1500,1500,1500,1500,1500,1500,1500,2012,1500,1543,1500,2012,1500,1512,1506,1500,1520,1505,1500,2012,8.2
2025-05-02,11:45:21.390,-46,-44,10,3725,270,42,1,16,223,16,518,-1,10,7,-2,345,515,-1,-1,-1,-1,0x1020480010440004,1508,1501,1500,1500,2012,1500,1507,1500,1500,1500,988,1500,1500,1500,1500,1500,1500,1500,1500,2012,1500,1543,1500,2012,1500,1510,1505,1500,1520,1505,1500,2012,8.2
2025-05-02,11:45:21.890,-46,-34,10,3725,170,42,1,16,0,16,518,-1,8,6,-2,344,515,-1,-1,-1,-1,0x1020480010440004,1508,1501,1500,1500,2012,1500,1505,1500,1500,1500,988,1500,1500,1500,1500,1500,1500,1500,1500,2012,1500,1543,1500,2012,1500,1508,1504,1500,1520,1505,1500,2012,8.2
2025-05-02,11:45:22.390,-46,-33,10,3726,170,42,1,16,0,16,518,-1,8,7,-2,345,515,-1,-1,-1,-1,0x1020480010440004,1508,1501,1500,1500,2012,1500,1505,1500,1500,1500,988,1500,1500,1500,1500,1500,1500,1500,1500,2012,1500,1543,1500,2012,1500,1508,1503,1500,1520,1505,1500,2012,8.2
2025-05-02,11:45:22.890,-46,-32,10,3726,160,42,1,16,0,16,518,0,4,7,-2,345,515,-1,-1,-1,-1,0x1020480010440004,1508,1500,1500,1500,2012,1500,1502,1500,1500,1500,988,1500,1500,1500,1500,1500,1500,1500,1500,2012,1500,1543,1500,2012,1500,1504,1502,1500,1520,1505,1500,2012,8.2
2025-05-02,11:45:23.390,-46,-33,10,3726,160,41,1,16,0,16,518,-1,6,6,-2,344,515,-1,-1,-1,-1,0x1020480010440004,1508,1501,1500,1500,2012,1500,1504,1500,1500,1500,988,1500,1500,1500,1500,1500,1500,1500,1500,2012,1500,1543,1500,2012,1500,1506,1503,1500,1520,1505,1500,2012,8.2
2025-05-02,11:45:23.890,-51,-57,10,3726,160,41,1,16,0,16,518,-1,7,6,-2,344,515,-1,-1,-1,-1,0x1020480010440004,1508,1501,1500,1500,2012,1500,1505,1500,1500,1500,988,1500,1500,1500,1500,1500,1500,1500,1500,2012,1500,1543,1500,2012,1500,1507,1503,1500,1520,1505,1500,2012,8.2
2025-05-02,11:45:24.390,-66,-58,10,3726,160,42,1,16,0,16,518,0,9,6,-2,345,515,-1,-1,-1,-1,0x1020480010440004,1508,1501,1500,1500,2012,1500,1506,1500,1500,1500,988,1500,1500,1500,1500,1500,1500,1500,1500,2012,1500,1543,1500,2012,1500,1509,1505,1500,1520,1505,1500,2012,8.2
2025-05-02,11:45:24.890,-66,-60,10,3726,150,42,1,16,0,16,518,0,9,7,-2,345,515,-1,-1,-1,-1,0x1020480010440004,1508,1501,1500,1500,2012,1500,1506,1500,1500,1500,988,1500,1500,1500,1500,1500,1500,1500,1500,2012,1500,1543,1500,2012,1500,1509,1505,1500,1520,1505,1500,2012,8.2
2025-05-02,11:45:25.390,-67,-64,10,3726,160,42,1,16,0,16,518,0,9,6,-2,344,515,-1,-1,-1,-1,0x1020480010440004,1508,1501,1500,1500,2012,1500,1506,1500,1500,1500,988,1500,1500,1500,1500,1500,1500,1500,1500,2012,1500,1543,1500,2012,1500,1509,1505,1500,1520,1505,1500,2012,8.2
2025-05-02,11:45:25.890,-65,-58,10,3726,170,42,1,16,0,16,518,-1,11,6,-2,345,515,-1,-1,-1,-1,0x1020480010440004,1508,1501,1500,1500,2012,1500,1507,1500,1500,1500,988,1500,1500,1500,1500,1500,1500,1500,1500,2012,1500,1543,1500,2012,1500,1512,1506,1500,1520,1505,1500,2012,8.2
2025-05-02,11:45:26.390,-63,-63,10,3727,160,42,1,16,0,16,518,-2,7,7,-2,345,515,-1,-1,-1,-1,0x1020480010440004,1507,1501,1500,1500,2012,1499,1505,1500,1500,1499,988,1500,1500,1500,1500,1500,1500,1500,1500,2012,1500,1543,1500,2012,1500,1507,1503,1500,1520,1505,1500,2012,8.2
2025-05-02,11:45:26.890,-66,-63,10,3727,270,42,1,16,0,16,518,-2,7,7,-2,344,515,-1,-1,-1,-1,0x1020480010440004,1507,1501,1500,1500,2012,1499,1505,1500,1500,1499,988,1500,1500,1500,1500,1500,1500,1500,1500,2012,1500,1543,1500,2012,1500,1507,1503,1500,1520,1505,1500,2012,8.2
2025-05-02,11:45:27.390,-67,-66,10,3727,160,41,1,16,0,16,518,-1,9,7,-2,345,515,-1,-1,-1,-1,0x1020480010440004,1508,1501,1500,1500,2012,1500,1506,1500,1500,1500,988,1500,1500,1500,1500,1500,1500,1500,1500,2012,1500,1543,1500,2012,1500,1508,1504,1500,1520,1505,1500,2012,8.2
2025-05-02,11:45:27.890,-71,-74,10,3727,160,41,1,16,0,16,518,-6,12,7,-2,344,515,-1,-1,-1,-1,0x1020480010440004,1506,1501,1500,1500,2012,1497,1508,1500,1500,1497,988,1500,1500,1500,1500,1500,1500,1500,1500,2012,1500,1543,1500,2012,1500,1512,1506,1500,1520,1505,1500,2012,8.2
2025-05-02,11:45:28.390,-58,-74,10,3727,1240,41,1,16,0,16,518,1021,59,6,-2,345,515,-1,-1,-1,-1,0x1020480014440005,1809,1509,1500,1500,2012,2010,1540,1500,1500,2010,988,1500,1500,1500,1500,1500,1500,1500,1372,1628,1500,1543,1500,2012,1500,1563,1535,1500,1520,1505,1500,2012,8.2
2025-05-02,11:45:28.890,-59,-74,10,3726,870,41,1,16,0,16,518,1024,143,6,-2,345,515,-1,-1,-1,-1,0x1020480014440005,1812,1517,1500,1500,2012,2012,1598,1500,1500,2012,988,1500,1500,1500,1500,1500,1500,1500,1372,1628,1500,1543,1500,2012,1500,1640,1569,1500,1520,1505,1500,2012,8.2
2025-05-02,11:45:29.390,-65,-63,10,3724,460,42,1,16,0,16,518,-1024,21,7,-2,344,516,-1,-1,-1,-1,0x1020480014440005,1142,1503,1500,1500,2012,988,1514,1500,1500,988,988,1500,1500,1500,1500,1500,1500,1500,988,2012,1500,1543,1500,2012,1500,1522,1512,1500,1520,1505,1500,2012,8.2
2025-05-02,11:45:29.890,-61,-62,10,3724,650,44,1,16,0,16,518,1024,70,7,-2,345,515,-1,-1,-1,-1,0x1020480014440005,1812,1510,1500,1500,2012,2012,1548,1500,1500,2012,988,1500,1500,1500,1500,1500,1500,1500,1372,1628,1500,1543,1500,2012,1500,1571,1539,1500,1520,1505,1500,2012,8.2
2025-05-02,11:45:30.390,-61,-62,10,3725,220,44,1,16,0,16,519,-4,220,6,-2,344,515,-1,-1,-1,-1,0x1020480010440005,1507,1525,1500,1500,2012,1498,1650,1500,1500,1498,988,1500,1500,1500,1500,1500,1500,1500,1372,1628,1500,1543,1500,2012,1500,1695,1600,1500,1520,1505,1500,2012,8.2
2025-05-02,11:45:30.890,-62,-62,10,3726,260,43,1,16,0,16,519,-77,440,6,-2,344,515,-1,-1,-1,-1,0x1020480014440005,1495,1552,1500,1500,2012,1462,1801,1500,1500,1467,988,1500,1500,1500,1500,1500,1500,1500,1372,1628,1500,1543,1500,2012,1500,1846,1709,1500,1520,1505,1500,2012,8.2
2025-05-02,11:45:31.390,-62,-62,10,3725,8700,43,1,16,5299,16,520,158,1014,6,-2,345,515,-1,-1,-1,-1,0x1020480014442005,1552,1628,1500,1500,2012,1571,2012,1500,1500,1587,988,1500,1500,1500,1500,1500,1500,1500,1372,1628,1500,1543,1500,2012,1500,2012,2012,1500,1520,1505,1500,2012,8.2
2025-05-02,11:45:31.890,-58,-62,10,3699,5360,42,1,16,6911,16,521,163,1017,6,-2,345,515,-1,-1,-1,-1,0x1020480014442405,1548,1628,1500,1500,2012,1587,2012,1500,1500,1581,988,1500,1500,1500,1500,1500,1500,1500,1372,1628,1500,1543,1500,2012,1500,2012,2012,1500,1520,1505,1500,2012,8.2
2025-05-02,11:45:32.390,-52,-62,10,3698,5230,42,1,16,7832,16,521,-358,1023,6,-2,345,515,-1,-1,-1,-1,0x1020480014442405,1438,1628,1500,1500,2012,1321,2012,1500,1500,1328,988,1500,1500,1500,1500,1500,1500,1500,1372,1628,1500,1543,1500,2012,1500,2012,2012,1500,1520,1505,1500,2012,8.2
2025-05-02,11:45:32.890,-46,-56,10,3699,5010,42,1,16,7834,16,522,-1024,1024,6,-2,345,515,-1,-1,-1,-1,0x1020480014442C05,1142,1628,1500,1500,2012,988,2012,1500,1500,988,988,1500,1500,1500,1500,1500,1500,1500,1372,1628,1500,1543,1500,2012,1500,2012,2012,1500,1520,1505,1500,2012,8.2
2025-05-02,11:45:33.390,-52,-46,10,3697,11430,42,1,16,5123,16,523,449,1019,6,-2,344,515,-1,-1,-1,-1,0x1020480014442405,1618,1628,1500,1500,2012,1724,2012,1500,1500,1725,988,1500,1500,1500,1500,1500,1500,1500,1372,1628,1500,1543,1500,2012,1500,2012,2012,1500,1520,1505,1500,2012,8.2
2025-05-02,11:45:33.890,-61,-52,10,3694,5810,42,1,16,6025,16,524,-231,1019,6,-2,344,515,-1,-1,-1,-1,0x1020480014442405,1463,1628,1500,1500,2012,1385,2012,1500,1500,1385,988,1500,1500,1500,1500,1500,1500,1500,1372,1628,1500,1543,1500,2012,1500,2012,2012,1500,1520,1505,1500,2012,8.2
2025-05-02,11:45:34.390,-61,-54,10,3693,4110,43,1,16,6939,16,525,1024,49,6,-2,344,515,-1,-1,-1,-1,0x1020480014440405,1812,1511,1500,1500,2012,2012,1523,1500,1500,2012,988,1500,1500,1500,1500,1500,1500,1500,1372,1628,1500,1543,1500,2012,1500,2000,1544,1500,1520,1505,1500,2012,8.2
2025-05-02,11:45:34.890,-50,-53,10,3696,6400,44,1,16,4895,16,525,1024,279,7,-2,344,515,-1,-1,-1,-1,0x1020480014440405,1812,1539,1500,1500,2012,2012,1683,1500,1500,2012,988,1500,1500,1500,1500,1500,1500,1500,1372,1628,1500,1543,1500,2012,1500,1903,1656,1500,1520,1505,1500,2012,8.2
2025-05-02,11:45:35.390,-53,-53,10,3714,1800,45,1,16,2764,16,525,1024,484,6,-2,345,515,-1,-1,-1,-1,0x1020480014440405,1812,1560,1500,1500,2012,2012,1832,1500,1500,2012,988,1500,1500,1500,1500,1500,1500,1500,1372,1628,1500,1543,1500,2012,1500,1871,1742,1500,1520,1505,1500,2012,8.2
2025-05-02,11:45:35.890,-62,-61,10,3714,8870,45,1,16,5263,16,526,163,1020,6,-2,345,515,-1,-1,-1,-1,0x1020480014442005,1552,1628,1500,1500,2012,1575,2012,1500,1500,1588,988,1500,1500,1500,1500,1500,1500,1500,1372,1628,1500,1543,1500,2012,1500,2012,2012,1500,1520,1505,1500,2012,8.2
2025-05-02,11:45:36.390,-54,-58,10,3693,5310,45,1,16,6502,16,527,8,1021,6,-2,344,515,-1,-1,-1,-1,0x1020480010442005,1510,1628,1500,1500,2012,1504,2012,1500,1500,1503,988,1500,1500,1500,1500,1500,1500,1500,1372,1628,1500,1543,1500,2012,1500,2012,2012,1500,1520,1505,1500,2012,8.2
2025-05-02,11:45:36.890,-55,-58,10,3693,5180,45,1,16,7373,16,528,501,1019,6,-2,345,515,-1,-1,-1,-1,0x1020480014442005,1628,1628,1500,1500,2012,1750,2012,1500,1500,1745,988,1500,1500,1500,1500,1500,1500,1500,1372,1628,1500,1543,1500,2012,1500,2012,2012,1500,1520,1505,1500,2012,8.2
2025-05-02,11:45:37.390,-58,-57,10,3694,5220,44,1,16,7782,16,528,360,1020,6,-2,344,515,-1,-1,-1,-1,0x1020480014442005,1594,1628,1500,1500,2012,1680,2012,1500,1500,1672,988,1500,1500,1500,1500,1500,1500,1500,1372,1628,1500,1543,1500,2012,1500,2012,2012,1500,1520,1505,1500,2012,8.2
2025-05-02,11:45:37.890,-58,-55,10,3695,980,43,1,16,4964,16,529,1024,12,7,-2,344,515,-1,-1,-1,-1,0x1020480014440005,1812,1501,1500,1500,2012,2012,1508,1500,1500,2012,988,1500,1500,1500,1500,1500,1500,1500,1183,2012,1500,1543,1500,2012,1500,1512,1506,1500,1520,1505,1500,2012,8.2
2025-05-02,11:45:38.390,-57,-58,10,3713,730,44,1,16,2902,16,529,1024,250,6,-2,344,515,-1,-1,-1,-1,0x1020480014440005,1812,1531,1500,1500,2012,2012,1672,1500,1500,2012,988,1500,1500,1500,1500,1500,1500,1500,1372,1628,1500,1543,1500,2012,1500,1728,1623,1500,1520,1505,1500,2012,8.2
2025-05-02,11:45:38.890,-61,-60,10,3716,1250,44,1,16,2143,16,529,1024,504,6,-2,344,515,-1,-1,-1,-1,0x1020480014440005,1812,1564,1500,1500,2012,2012,1845,1500,1500,2012,988,1500,1500,1500,1500,1500,1500,1500,1372,1628,1500,1543,1500,2012,1500,1882,1755,1500,1520,1505,1500,2012,8.2
2025-05-02,11:45:39.390,-63,-62,10,3714,6420,45,1,16,5750,16,530,-4,1024,6,-2,344,515,-1,-1,-1,-1,0x1020480010442005,1507,1628,1500,1500,2012,1498,2012,1500,1500,1498,988,1500,1500,1500,1500,1500,1500,1500,1372,1628,1500,1543,1500,2012,1500,2012,2012,1500,1520,1505,1500,2012,8.2
2025-05-02,11:45:39.890,-59,-68,10,3692,4980,45,1,16,7035,16,531,103,1024,6,-2,344,515,-1,-1,-1,-1,0x1020480014442405,1533,1628,1500,1500,2012,1551,2012,1500,1500,1551,988,1500,1500,1500,1500,1500,1500,1500,1372,1628,1500,1543,1500,2012,1500,2012,2012,1500,1520,1505,1500,2012,8.2
2025-05-02,11:45:40.390,-51,-68,10,3692,6370,45,1,16,7320,16,531,-1022,1022,6,-2,344,515,-1,-1,-1,-1,0x1020480014442405,1144,1628,1500,1500,2012,989,2012,1500,1500,990,988,1500,1500,1500,1500,1500,1500,1500,1372,1628,1500,1543,1500,2012,1500,2012,2012,1500,1520,1505,1500,2012,8.2
2025-05-02,11:45:40.890,-40,-68,10,3692,8190,45,1,16,5558,16,532,-1024,1022,6,-2,344,515,-1,-1,-1,-1,0x1020480014442C05,1142,1628,1500,1500,2012,988,2012,1500,1500,988,988,1500,1500,1500,1500,1500,1500,1500,1372,1628,1500,1543,1500,2012,1500,2012,2012,1500,1520,1505,1500,2012,8.2
2025-05-02,11:45:41.400,-57,-50,10,3691,980,45,1,16,1804,16,533,636,652,6,-2,344,515,-1,-1,-1,-1,0x1020480014442405,1743,1597,1500,1500,2012,1818,1946,1500,1500,1818,988,1500,1500,1500,1500,1500,1500,1500,1372,1628,1500,1543,1500,2012,1500,1966,1890,1500,1520,1505,1500,2012,8.2
2025-05-02,11:45:41.880,-50,-52,10,3682,6520,43,1,16,5619,16,534,162,1024,6,-2,344,515,-1,-1,-1,-1,0x1020480014442405,1548,1628,1500,1500,2012,1581,2012,1500,1500,1581,988,1500,1500,1500,1500,1500,1500,1500,1372,1628,1500,1543,1500,2012,1500,2012,2012,1500,1520,1505,1500,2012,8.2
2025-05-02,11:45:42.360,-48,-52,10,3688,5360,43,1,16,7020,16,535,859,238,7,-2,344,515,-1,-1,-1,-1,0x1020480014440405,1715,1537,1500,1500,2012,1929,1663,1500,1500,1897,988,1500,1500,1500,1500,1500,1500,1500,1372,1628,1500,1543,1500,2012,1500,2012,1650,1500,1520,1505,1500,2012,8.2
2025-05-02,11:45:42.860,-48,-48,10,3690,880,44,1,16,2209,16,535,1024,0,6,-2,344,515,-1,-1,-1,-1,0x1020480014400405,1812,1500,1500,1500,2012,2012,1500,1500,1500,2012,988,1500,1500,1500,1500,1500,1500,1500,1326,2012,1500,1543,1500,988,1500,1499,1500,1500,1520,1505,1500,2012,8.2
2025-05-02,11:45:43.360,-53,-55,10,3711,580,44,1,16,735,16,535,1024,-698,7,-2,344,515,-1,-1,-1,-1,0x1020480016480405,1812,1266,1500,1498,2012,2012,1151,1264,1500,2012,988,1500,1500,1500,1500,1500,1500,1264,1372,2012,1500,1543,1500,988,1500,1107,1500,1500,1520,1505,1500,2012,8.2
2025-05-02,11:45:43.860,-54,-63,10,3713,520,44,1,16,82,16,535,1024,-666,7,-2,344,515,-1,-1,-1,-1,0x1020480016400005,1812,1266,1500,1498,2012,2012,1167,1264,1500,2012,988,1500,1500,1500,1500,1500,1500,1264,1469,2012,1500,1543,1500,988,1500,1120,1500,1500,1520,1505,1500,2012,8.2
2025-05-02,11:45:44.360,-56,-63,10,3714,1450,44,1,16,0,16,535,75,4,6,-2,344,515,-1,-1,-1,-1,0x1020480014440005,1538,1500,1500,1500,2012,1512,1502,1500,1500,1560,988,1500,1500,1500,1500,1500,1500,1500,1500,2012,1500,1543,1500,2012,1500,1504,1502,1500,1520,1505,1500,2012,8.2
2025-05-02,11:45:44.860,-59,-63,10,3713,1610,45,1,16,0,16,535,-37,13,7,-2,344,515,-1,-1,-1,-1,0x1020480014440005,1498,1502,1500,1500,2012,1495,1509,1500,1500,1474,988,1500,1500,1500,1500,1500,1500,1500,1029,2012,1500,1543,1500,2012,1500,1513,1507,1500,1520,1505,1500,2012,8.2
2025-05-02,11:45:45.360,-54,-60,10,3714,160,44,1,16,0,16,535,-4,8,7,-2,344,515,-1,-1,-1,-1,0x1020480010440005,1507,1501,1500,1500,2012,1498,1505,1500,1500,1498,988,1500,1500,1500,1500,1500,1500,1500,1372,2012,1500,1543,1500,2012,1500,1508,1504,1500,1520,1505,1500,2012,8.2
2025-05-02,11:45:45.860,-58,-61,10,3717,160,43,1,16,0,16,535,-4,16,7,-2,344,515,-1,-1,-1,-1,0x1020480010440005,1507,1502,1500,1500,2012,1498,1511,1500,1500,1498,988,1500,1500,1500,1500,1500,1500,1500,1372,2012,1500,1543,1500,2012,1500,1516,1509,1500,1520,1505,1500,2012,8.2
2025-05-02,11:45:46.360,-56,-61,10,3718,160,42,1,16,0,16,536,-4,9,7,-2,344,515,-1,-1,-1,-1,0x1020480010440005,1507,1501,1500,1500,2012,1498,1506,1500,1500,1498,988,1500,1500,1500,1500,1500,1500,1500,1500,2012,1500,1543,1500,2012,1500,1509,1505,1500,1520,1505,1500,2012,8.2
2025-05-02,11:45:46.860,-56,-55,10,3718,170,42,1,16,0,16,536,-5,9,7,-2,344,515,-1,-1,-1,-1,0x1020480010440005,1507,1501,1500,1500,2012,1498,1506,1500,1500,1498,988,1500,1500,1500,1500,1500,1500,1500,1500,2012,1500,1543,1500,2012,1500,1509,1505,1500,1520,1505,1500,2012,8.2
2025-05-02,11:45:47.360,-49,-57,10,3718,170,42,1,16,0,16,536,-4,8,7,-2,344,515,-1,-1,-1,-1,0x1020480010440005,1507,1501,1500,1500,2012,1498,1505,1500,1500,1498,988,1500,1500,1500,1500,1500,1500,1500,1500,2012,1500,1543,1500,2012,1500,1508,1504,1500,1520,1505,1500,2012,8.2
2025-05-02,11:45:47.860,-45,-57,10,3719,160,42,1,16,0,16,536,-5,-655,7,-2,344,515,-1,-1,-1,-1,0x1020480012400005,1507,1277,1500,1498,2012,1498,1173,1275,1500,1498,988,1500,1500,1500,1500,1500,1500,1274,1500,2012,1500,1543,1500,988,1500,1129,1500,1500,1520,1505,1500,2012,8.2
2025-05-02,11:45:48.360,-46,-57,10,3719,160,42,1,16,0,16,536,-4,12,7,-2,344,515,-1,-1,-1,-1,0x1020480010440004,1507,1501,1500,1500,2012,1498,1508,1500,1500,1498,988,1500,1500,1500,1500,1500,1500,1500,1500,2012,1500,1543,1500,2012,1500,1512,1506,1500,1520,1505,1500,2012,8.2
2025-05-02,11:45:48.860,-46,-57,10,3719,250,42,1,16,0,16,536,-3,16,7,-2,345,515,-1,-1,-1,-1,0x1020480010440005,1507,1502,1500,1500,2012,1499,1511,1500,1500,1499,988,1500,1500,1500,1500,1500,1500,1500,988,2012,1500,1543,1500,2012,1500,1516,1508,1500,1520,1505,1500,2012,8.2
2025-05-02,11:45:49.360,-42,-57,10,3720,170,42,1,16,0,16,536,-4,12,7,-2,344,515,-1,-1,-1,-1,0x1020480010440005,1507,1501,1500,1500,2012,1498,1508,1500,1500,1498,988,1500,1500,1500,1500,1500,1500,1500,1372,2012,1500,1543,1500,2012,1500,1512,1506,1500,1520,1505,1500,2012,8.2
2025-05-02,11:45:49.860,-51,-49,10,3720,170,42,1,16,0,16,536,-2,7,6,-2,344,515,-1,-1,-1,-1,0x1020480010440005,1507,1501,1500,1500,2012,1499,1505,1500,1500,1499,988,1500,1500,1500,1500,1500,1500,1500,1372,2012,1500,1543,1500,2012,1500,1507,1503,1500,1520,1505,1500,2012,8.2
2025-05-02,11:45:50.360,-53,-47,10,3720,150,42,1,16,0,16,536,-3,6,7,-2,344,515,-1,-1,-1,-1,0x1020480010440005,1507,1501,1500,1500,2012,1499,1504,1500,1500,1499,988,1500,1500,1500,1500,1500,1500,1500,1500,2012,1500,1543,1500,2012,1500,1506,1503,1500,1520,1505,1500,2012,8.2
2025-05-02,11:45:50.860,-53,-49,10,3720,160,42,1,16,0,16,536,-3,7,7,-2,344,515,-1,-1,-1,-1,0x1020480010440005,1507,1501,1500,1500,2012,1499,1505,1500,1500,1499,988,1500,1500,1500,1500,1500,1500,1500,1500,2012,1500,1543,1500,2012,1500,1507,1503,1500,1520,1505,1500,2012,8.2
2025-05-02,11:45:51.360,-59,-53,10,3721,170,42,1,16,0,16,536,-3,7,7,-2,344,515,-1,-1,-1,-1,0x1020480010440005,1507,1501,1500,1500,2012,1499,1505,1500,1500,1499,988,1500,1500,1500,1500,1500,1500,1500,1500,2012,1500,1543,1500,2012,1500,1507,1503,1500,1520,1505,1500,2012,8.2
2025-05-02,11:45:51.860,-62,-61,10,3721,750,42,1,16,0,16,536,10,10,7,-2,344,515,-1,-1,-1,-1,0x1020480010440005,1510,1501,1500,1500,2012,1505,1507,1500,1500,1505,988,1500,1500,1500,1500,1500,1500,1500,1500,2012,1500,1543,1500,2012,1500,1510,1505,1500,1520,1505,1500,2012,8.2
2025-05-02,11:45:52.360,-53,-57,10,3721,760,42,1,16,0,16,536,1024,12,6,-2,344,515,-1,-1,-1,-1,0x1020480014440004,1812,1502,1500,1500,2012,2012,1508,1500,1500,2012,988,1500,1500,1500,1500,1500,1500,1500,1500,2012,1500,1543,1500,2012,1500,1512,1507,1500,1520,1505,1500,2012,8.2
2025-05-02,11:45:52.860,-56,-57,10,3719,750,42,1,16,0,16,536,1024,188,7,-2,344,515,-1,-1,-1,-1,0x1020480014440005,1812,1522,1500,1500,2012,2012,1629,1500,1500,2012,988,1500,1500,1500,1500,1500,1500,1500,1372,1628,1500,1543,1500,2012,1500,1678,1589,1500,1520,1505,1500,2012,8.2
2025-05-02,11:45:53.360,-55,-57,10,3718,860,44,1,16,0,16,536,1024,190,7,-2,344,515,-1,-1,-1,-1,0x1020480014440005,1812,1523,1500,1500,2012,2012,1630,1500,1500,2012,988,1500,1500,1500,1500,1500,1500,1500,1372,1628,1500,1543,1500,2012,1500,1681,1591,1500,1520,1505,1500,2012,8.2
2025-05-02,11:45:53.860,-53,-57,10,3719,610,45,1,16,0,16,536,1024,136,7,-2,344,515,-1,-1,-1,-1,0x1020480014440005,1812,1516,1500,1500,2012,2012,1593,1500,1500,2012,988,1500,1500,1500,1500,1500,1500,1500,1372,1628,1500,1543,1500,2012,1500,1633,1566,1500,1520,1505,1500,2012,8.2
2025-05-02,11:45:54.360,-53,-57,10,3719,860,44,1,16,0,16,536,1024,195,6,-2,344,515,-1,-1,-1,-1,0x1020480014440005,1812,1523,1500,1500,2012,2012,1633,1500,1500,2012,988,1500,1500,1500,1500,1500,1500,1500,1372,1628,1500,1543,1500,2012,1500,1684,1593,1500,1520,1505,1500,2012,8.2
2025-05-02,11:45:54.860,-53,-57,10,3718,2260,44,1,16,1134,16,537,1024,470,6,-2,344,515,-1,-1,-1,-1,0x1020480014440005,1812,1560,1500,1500,2012,2012,1822,1500,1500,2012,988,1500,1500,1500,1500,1500,1500,1500,1372,1628,1500,1543,1500,2012,1500,1871,1742,1500,1520,1505,1500,2012,8.2
2025-05-02,11:45:55.360,-56,-70,10,3713,10220,44,1,16,5229,16,538,600,1022,6,-2,344,515,-1,-1,-1,-1,0x1020480014442005,1657,1628,1500,1500,2012,1800,2012,1500,1500,1800,988,1500,1500,1500,1500,1500,1500,1500,1372,1628,1500,1543,1500,2012,1500,2012,2012,1500,1520,1505,1500,2012,8.2
2025-05-02,11:45:55.860,-61,-59,10,3687,10150,43,1,16,5231,16,539,-8,1024,6,-2,344,515,-1,-1,-1,-1,0x1020480010442405,1506,1628,1500,1500,2012,1496,2012,1500,1500,1496,988,1500,1500,1500,1500,1500,1500,1500,1372,1628,1500,1543,1500,2012,1500,2012,2012,1500,1520,1505,1500,2012,8.2
2025-05-02,11:45:56.360,-69,-70,10,3677,190,43,1,16,2315,16,539,-1024,276,7,-2,344,515,-1,-1,-1,-1,0x1020480014400405,1142,1521,1500,1500,2012,988,1689,1500,1500,988,988,1500,1500,1500,1500,1500,1500,1500,1372,1628,1500,1543,1500,988,1500,1713,1585,1500,1520,1505,1500,2012,8.2
2025-05-02,11:45:56.860,-66,-70,10,3677,9050,43,1,16,5414,16,540,956,1017,6,-2,344,515,-1,-1,-1,-1,0x1020480014442405,1761,1628,1500,1500,2012,1978,2012,1500,1500,1963,988,1500,1500,1500,1500,1500,1500,1500,1372,1628,1500,1543,1500,2012,1500,2012,2012,1500,1520,1505,1500,2012,8.2
2025-05-02,11:45:57.360,-60,-70,10,3681,6860,43,1,16,6003,16,541,1024,1021,6,-2,344,515,-1,-1,-1,-1,0x1020480014442405,1806,1628,1500,1500,2012,2012,2012,1500,1500,2004,988,1500,1500,1500,1500,1500,1500,1500,1372,1628,1500,1543,1500,2012,1500,2012,2012,1500,1520,1505,1500,2012,8.2
2025-05-02,11:45:57.860,-62,-70,10,3682,6160,43,1,16,6117,16,542,432,1024,6,-2,344,515,-1,-1,-1,-1,0x1020480014442405,1614,1628,1500,1500,2012,1716,2012,1500,1500,1716,988,1500,1500,1500,1500,1500,1500,1500,1372,1628,1500,1543,1500,2012,1500,2012,2012,1500,1520,1505,1500,2012,8.2
2025-05-02,11:45:58.360,-62,-63,10,3686,340,44,1,16,5622,16,543,1024,12,6,-2,345,515,-1,-1,-1,-1,0x1020480014400405,1812,1500,1500,1500,2012,2012,1508,1500,1500,2012,988,1500,1500,1500,1500,1500,1500,1500,988,2012,1500,1543,1500,988,1500,1789,1500,1500,1520,1505,1500,2012,8.2
2025-05-02,11:45:58.860,-58,-63,10,3689,330,44,1,16,2998,16,543,1024,78,7,-2,344,515,-1,-1,-1,-1,0x1020480014440405,1812,1511,1500,1500,2012,2012,1553,1500,1500,2012,988,1500,1500,1500,1500,1500,1500,1500,1372,1628,1500,1543,1500,2012,1500,1580,1543,1500,1520,1505,1500,2012,8.2
2025-05-02,11:45:59.360,-52,-63,10,3713,350,43,1,16,1900,16,543,1024,133,7,-2,344,515,-1,-1,-1,-1,0x1020480014440405,1812,1516,1500,1500,2012,2012,1591,1500,1500,2012,988,1500,1500,1500,1500,1500,1500,1500,1372,1628,1500,1543,1500,2012,1500,1632,1565,1500,1520,1505,1500,2012,8.2
2025-05-02,11:45:59.860,-55,-63,10,3714,520,43,1,16,955,16,543,1024,212,7,-2,345,515,-1,-1,-1,-1,0x1020480014440005,1812,1526,1500,1500,2012,2012,1645,1500,1500,2012,988,1500,1500,1500,1500,1500,1500,1500,1372,1628,1500,1543,1500,2012,1500,1698,1603,1500,1520,1505,1500,2012,8.2
2025-05-02,11:46:00.360,-61,-64,10,3715,980,43,1,16,545,16,543,-473,7,7,-2,344,515,-1,-1,-1,-1,0x1020480014440005,1398,1501,1500,1500,2012,1264,1505,1500,1500,1257,988,1500,1500,1500,1500,1500,1500,1500,1264,2012,1500,1543,1500,2012,1500,1507,1503,1500,1520,1505,1500,2012,8.2
2025-05-02,11:46:00.860,-64,-64,10,3715,220,43,1,16,0,16,543,497,-1,7,-2,344,515,-1,-1,-1,-1,0x1020480014440005,1629,1500,1500,1500,2012,1748,1500,1500,1500,1748,988,1500,1500,1500,1500,1500,1500,1500,1372,2012,1500,1543,1500,2012,1500,1499,1500,1500,1520,1505,1500,2012,8.2
2025-05-02,11:46:01.360,-65,-63,10,3716,180,43,1,16,0,16,543,427,38,6,-2,344,515,-1,-1,-1,-1,0x1020480014440005,1613,1505,1500,1500,2012,1713,1526,1500,1500,1713,988,1500,1500,1500,1500,1500,1500,1500,1385,2012,1500,1543,1500,2012,1500,1539,1521,1500,1520,1505,1500,2012,8.2
2025-05-02,11:46:01.860,-63,-64,10,3717,610,42,1,16,0,16,543,569,378,6,-2,344,515,-1,-1,-1,-1,0x1020480014440005,1648,1547,1500,1500,2012,1784,1759,1500,1500,1784,988,1500,1500,1500,1500,1500,1500,1500,1372,1628,1500,1543,1500,2012,1500,1816,1690,1500,1520,1505,1500,2012,8.2
2025-05-02,11:46:02.360,-64,-66,10,3717,270,42,1,16,270,16,544,654,271,6,-2,344,515,-1,-1,-1,-1,0x1020480014440005,1672,1533,1500,1500,2012,1827,1685,1500,1500,1827,988,1500,1500,1500,1500,1500,1500,1500,1372,1628,1500,1543,1500,2012,1500,1744,1634,1500,1520,1505,1500,2012,8.2
2025-05-02,11:46:02.860,-65,-66,10,3717,790,42,1,16,2321,16,544,641,261,6,-2,345,515,-1,-1,-1,-1,0x1020480014440005,1668,1532,1500,1500,2012,1820,1679,1500,1500,1820,988,1500,1500,1500,1500,1500,1500,1500,1372,1628,1500,1543,1500,2012,1500,1736,1629,1500,1520,1505,1500,2012,8.2
2025-05-02,11:46:03.360,-63,-66,10,3716,360,42,1,16,1838,16,544,-236,281,7,-2,344,515,-1,-1,-1,-1,0x1020480014440005,1465,1535,1500,1500,2012,1382,1692,1500,1500,1388,988,1500,1500,1500,1500,1500,1500,1500,1372,1628,1500,1543,1500,2012,1500,1750,1640,1500,1520,1505,1500,2012,8.2
2025-05-02,11:46:03.860,-64,-66,10,3716,890,42,1,16,1554,16,544,-2,459,6,-2,345,515,-1,-1,-1,-1,0x1020480010440005,1507,1559,1500,1500,2012,1499,1814,1500,1500,1499,988,1500,1500,1500,1500,1500,1500,1500,1372,1628,1500,1543,1500,2012,1500,1864,1735,1500,1520,1505,1500,2012,8.2
2025-05-02,11:46:04.360,-63,-66,10,3715,9560,42,1,16,5124,16,545,-189,1019,6,-2,344,515,-1,-1,-1,-1,0x1020480014442005,1472,1628,1500,1500,2012,1406,2012,1500,1500,1406,988,1500,1500,1500,1500,1500,1500,1500,1372,1628,1500,1543,1500,2012,1500,2012,2012,1500,1520,1505,1500,2012,8.2
2025-05-02,11:46:04.860,-56,-66,10,3693,5200,42,1,16,6790,16,546,-328,1019,6,-2,344,515,-1,-1,-1,-1,0x1020480014442405,1447,1628,1500,1500,2012,1336,2012,1500,1500,1345,988,1500,1500,1500,1500,1500,1500,1500,1372,1628,1500,1543,1500,2012,1500,2012,2012,1500,1520,1505,1500,2012,8.2
2025-05-02,11:46:05.360,-50,-66,10,3689,5970,43,1,16,5885,16,547,-969,1024,7,-2,344,515,-1,-1,-1,-1,0x1020480014442C05,1180,1628,1500,1500,2012,1016,2012,1500,1500,1016,988,1500,1500,1500,1500,1500,1500,1500,1372,1628,1500,1543,1500,2012,1500,2012,2012,1500,1520,1505,1500,2012,8.2
2025-05-02,11:46:05.860,-41,-66,10,3688,7300,43,1,16,6039,16,548,-942,1024,6,-2,344,515,-1,-1,-1,-1,0x1020480014442405,1197,1628,1500,1500,2012,1029,2012,1500,1500,1029,988,1500,1500,1500,1500,1500,1500,1500,1372,1628,1500,1543,1500,2012,1500,2012,2012,1500,1520,1505,1500,2012,8.2
2025-05-02,11:46:06.360,-53,-51,10,3686,6510,43,1,16,6024,16,548,-698,1024,6,-2,344,515,-1,-1,-1,-1,0x1020480014442C05,1320,1628,1500,1500,2012,1151,2012,1500,1500,1146,988,1500,1500,1500,1500,1500,1500,1500,1372,1628,1500,1543,1500,2012,1500,2012,2012,1500,1520,1505,1500,2012,8.2
2025-05-02,11:46:06.860,-61,-57,10,3684,6640,44,1,16,6489,16,549,534,1024,6,-2,344,515,-1,-1,-1,-1,0x1020480014442405,1639,1628,1500,1500,2012,1767,2012,1500,1500,1767,988,1500,1500,1500,1500,1500,1500,1500,1372,1628,1500,1543,1500,2012,1500,2012,2012,1500,1520,1505,1500,2012,8.2
2025-05-02,11:46:07.360,-61,-52,10,3685,6590,44,1,16,6327,16,550,746,1009,6,-2,344,515,-1,-1,-1,-1,0x1020480014442405,1700,1628,1500,1500,2012,1873,2012,1500,1500,1872,988,1500,1500,1500,1500,1500,1500,1500,1372,1628,1500,1543,1500,2012,1500,2012,2012,1500,1520,1505,1500,2012,8.2
2025-05-02,11:46:07.860,-52,-67,10,3686,940,44,1,16,4030,16,550,1024,323,6,-2,344,515,-1,-1,-1,-1,0x1020480014440405,1812,1539,1500,1500,2012,2012,1721,1500,1500,2012,988,1500,1500,1500,1500,1500,1500,1500,1372,1628,1500,1543,1500,2012,1500,1773,1657,1500,1520,1505,1500,2012,8.2
2025-05-02,11:46:08.360,-54,-67,10,3708,1210,45,1,16,2725,16,550,1021,451,6,-2,344,515,-1,-1,-1,-1,0x1020480014440405,1809,1557,1500,1500,2012,2010,1809,1500,1500,2010,988,1500,1500,1500,1500,1500,1500,1500,1372,1628,1500,1543,1500,2012,1500,1860,1730,1500,1520,1505,1500,2012,8.2
2025-05-02,11:46:08.860,-56,-56,10,3709,9230,45,1,16,5252,16,551,325,1021,6,-2,344,515,-1,-1,-1,-1,0x1020480014442005,1590,1628,1500,1500,2012,1662,2012,1500,1500,1662,988,1500,1500,1500,1500,1500,1500,1500,1372,1628,1500,1543,1500,2012,1500,2012,2012,1500,1520,1505,1500,2012,8.2
2025-05-02,11:46:09.360,-60,-56,10,3686,6100,45,1,16,6363,16,552,13,1021,6,-2,344,515,-1,-1,-1,-1,0x1020480010442005,1511,1628,1500,1500,2012,1506,2012,1500,1500,1506,988,1500,1500,1500,1500,1500,1500,1500,1372,1628,1500,1543,1500,2012,1500,2012,2012,1500,1520,1505,1500,2012,8.2
2025-05-02,11:46:09.860,-62,-56,10,3686,5290,45,1,16,7530,17,553,222,1022,6,-2,345,515,-1,-1,-1,-1,0x1020480014442005,1564,1628,1500,1500,2012,1611,2012,1500,1500,1611,988,1500,1500,1500,1500,1500,1500,1500,1372,1628,1500,1543,1500,2012,1500,2012,2012,1500,1520,1505,1500,2012,8.2
2025-05-02,11:46:10.360,-62,-53,10,3688,360,43,1,16,6856,17,553,401,97,7,-2,344,515,-1,-1,-1,-1,0x1020480014440005,1607,1512,1500,1500,2012,1700,1566,1500,1500,1700,988,1500,1500,1500,1500,1500,1500,1500,1372,1628,1500,1543,1500,2012,1500,1811,1550,1500,1520,1505,1500,2012,8.2
2025-05-02,11:46:10.860,-62,-55,10,3689,1220,43,1,16,4399,17,553,553,273,7,-2,344,515,-1,-1,-1,-1,0x1020480014440005,1650,1530,1500,1500,2012,1776,1687,1500,1500,1788,988,1500,1500,1500,1500,1500,1500,1500,1372,1628,1500,1543,1500,2012,1500,1734,1619,1500,1520,1505,1500,2012,8.2
2025-05-02,11:46:11.360,-62,-54,10,3703,3530,43,1,16,5683,17,554,1023,7,7,-2,344,515,-1,-1,-1,-1,0x1020480014440005,1807,1501,1500,1500,2012,2011,1505,1500,1500,2011,988,1500,1500,1500,1500,1500,1500,1500,1270,1730,1500,1543,1500,2012,1500,1987,1503,1500,1520,1505,1500,2012,8.2
2025-05-02,11:46:11.860,-56,-57,10,3707,1000,44,1,16,3250,17,554,1024,248,6,-2,344,515,-1,-1,-1,-1,0x1020480014440005,1812,1530,1500,1500,2012,2012,1670,1500,1500,2012,988,1500,1500,1500,1500,1500,1500,1500,1372,1628,1500,1543,1500,2012,1500,1726,1622,1500,1520,1505,1500,2012,8.2
2025-05-02,11:46:12.360,-57,-58,10,3707,9170,44,1,16,4778,17,555,1024,528,7,-2,344,515,-1,-1,-1,-1,0x1020480014440005,1812,1572,1500,1500,2012,2012,1861,1500,1500,2012,988,1500,1500,1500,1500,1500,1500,1500,1372,1628,1500,1543,1500,2012,1500,1914,1790,1500,1520,1505,1500,2012,8.2
2025-05-02,11:46:12.860,-62,-64,10,3708,340,44,1,16,1182,17,555,1024,276,6,-2,344,515,-1,-1,-1,-1,0x1020480014440005,1812,1534,1500,1500,2012,2012,1689,1500,1500,2012,988,1500,1500,1500,1500,1500,1500,1500,1372,1628,1500,1543,1500,2012,1500,1747,1637,1500,1520,1505,1500,2012,8.2
2025-05-02,11:46:13.360,-62,-57,10,3708,12870,44,1,16,4169,17,556,1024,1019,6,-2,344,515,-1,-1,-1,-1,0x1020480014442005,1812,1628,1500,1500,2012,2012,2012,1500,1500,2012,988,1500,1500,1500,1500,1500,1500,1500,1372,1628,1500,1543,1500,2012,1500,2012,2012,1500,1520,1505,1500,2012,8.2
2025-05-02,11:46:13.860,-67,-66,10,3703,5320,44,1,16,6501,17,557,1024,1018,6,-2,345,515,-1,-1,-1,-1,0x1020480014442005,1812,1628,1500,1500,2012,2012,2012,1500,1500,2012,988,1500,1500,1500,1500,1500,1500,1500,1372,1628,1500,1543,1500,2012,1500,2012,2012,1500,1520,1505,1500,2012,8.2
2025-05-02,11:46:14.360,-67,-66,10,3687,200,43,1,16,1293,17,557,1024,2,6,-2,344,515,-1,-1,-1,-1,0x1020480014440405,1812,1500,1500,1500,2012,2012,1501,1500,1500,2012,988,1500,1500,1500,1500,1500,1500,1500,1060,2012,1500,1543,1500,2012,1500,1538,1500,1500,1520,1505,1500,2012,8.2
2025-05-02,11:46:14.860,-83,-65,10,3688,8420,42,1,16,5240,17,558,1024,516,6,-2,344,515,-1,-1,-1,-1,0x1020480014440405,1812,1578,1500,1500,2012,2012,1853,1500,1500,2012,988,1500,1500,1500,1500,1500,1500,1500,1372,1628,1500,1543,1500,2012,1500,2012,1814,1500,1520,1505,1500,2012,8.2
2025-05-02,11:46:15.360,-62,-65,10,3709,1110,42,1,16,0,17,558,-1024,-110,7,-2,344,515,-1,-1,-1,-1,0x1020480016400405,1142,1459,1500,1500,2012,988,1445,1458,1500,988,988,1500,1500,1500,1500,1500,1500,1458,1305,2012,1500,1543,1500,988,1500,1417,1500,1500,1520,1505,1500,2012,8.2
2025-05-02,11:46:15.860,-66,-58,10,3706,1340,42,1,16,0,17,558,-21,3,7,-2,344,515,-1,-1,-1,-1,0x1020480010440405,1507,1500,1500,1500,2012,1490,1502,1500,1500,1498,988,1500,1500,1500,1500,1500,1500,1500,1183,2012,1500,1543,1500,2012,1500,1503,1501,1500,1520,1505,1500,2012,8.2
2025-05-02,11:46:16.360,-66,-54,10,3710,250,42,1,16,0,17,558,-5,5,7,-2,344,515,-1,-1,-1,-1,0x1020480010440405,1507,1500,1500,1500,2012,1498,1503,1500,1500,1498,988,1500,1500,1500,1500,1500,1500,1500,1372,2012,1500,1543,1500,2012,1500,1505,1502,1500,1520,1505,1500,2012,8.2
2025-05-02,11:46:16.860,-66,-49,10,3712,150,42,1,16,0,17,558,-3,1,6,-2,344,515,-1,-1,-1,-1,0x1020480010440405,1507,1500,1500,1500,2012,1499,1500,1500,1500,1499,988,1500,1500,1500,1500,1500,1500,1500,1372,2012,1500,1543,1500,2012,1500,1501,1500,1500,1520,1505,1500,2012,8.2
2025-05-02,11:46:17.360,-66,-40,10,3713,220,42,1,16,13,17,558,-4,6,7,-2,344,515,-1,-1,-1,-1,0x1020480010440405,1507,1501,1500,1500,2012,1498,1504,1500,1500,1498,988,1500,1500,1500,1500,1500,1500,1500,1500,2012,1500,1543,1500,2012,1500,1506,1503,1500,1520,1505,1500,2012,8.2
2025-05-02,11:46:17.860,-41,-40,10,3713,740,42,1,16,943,17,558,-3,309,7,-2,344,515,-1,-1,-1,-1,0x1020480010440405,1507,1537,1500,1500,2012,1499,1711,1500,1500,1499,988,1500,1500,1500,1500,1500,1500,1500,1372,1628,1500,1543,1500,2012,1500,1769,1650,1500,1520,1505,1500,2012,8.2
2025-05-02,11:46:18.360,-45,-46,10,3713,170,42,1,16,0,17,558,-3,9,7,-2,344,515,-1,-1,-1,-1,0x1020480010440005,1507,1501,1500,1500,2012,1499,1506,1500,1500,1499,988,1500,1500,1500,1500,1500,1500,1500,1131,2012,1500,1543,1500,2012,1500,1509,1504,1500,1520,1505,1500,2012,8.2
2025-05-02,11:46:18.860,-60,-59,10,3714,170,42,1,16,0,17,558,-3,7,6,-2,344,515,-1,-1,-1,-1,0x1020480010440005,1507,1501,1500,1500,2012,1499,1505,1500,1500,1499,988,1500,1500,1500,1500,1500,1500,1500,1372,2012,1500,1543,1500,2012,1500,1507,1503,1500,1520,1505,1500,2012,8.2
2025-05-02,11:46:19.360,-69,-62,10,3714,170,42,1,16,0,17,558,-3,7,6,-2,344,515,-1,-1,-1,-1,0x1020480010440005,1507,1501,1500,1500,2012,1499,1505,1500,1500,1499,988,1500,1500,1500,1500,1500,1500,1500,1372,2012,1500,1543,1500,2012,1500,1507,1503,1500,1520,1505,1500,2012,8.2
2025-05-02,11:46:19.860,-73,-70,10,3715,160,42,1,16,0,17,558,1,2,7,-2,344,515,-1,-1,-1,-1,0x1020480010440005,1508,1500,1500,1500,2012,1500,1501,1500,1500,1500,988,1500,1500,1500,1500,1500,1500,1500,1500,2012,1500,1543,1500,2012,1500,1501,1500,1500,1520,1505,1500,2012,8.2
2025-05-02,11:46:20.360,-73,-60,10,3715,300,42,1,16,13,17,559,-1024,7,7,-2,344,515,-1,-1,-1,-1,0x1020480014440005,1142,1501,1500,1500,2012,988,1505,1500,1500,988,988,1500,1500,1500,1500,1500,1500,1500,1500,2012,1500,1543,1500,2012,1500,1507,1503,1500,1520,1505,1500,2012,8.2
2025-05-02,11:46:20.860,-73,-60,10,3715,290,42,1,16,0,17,559,-1024,80,6,-2,344,515,-1,-1,-1,-1,0x1020480014440805,1142,1511,1500,1500,2012,988,1555,1500,1500,988,988,1500,1500,1500,1500,1500,1500,1500,1372,1628,1500,1543,1500,2012,1500,1582,1543,1500,1520,1505,1500,2012,8.2
2025-05-02,11:46:21.360,-68,-71,10,3715,340,42,1,16,371,17,559,-1024,220,6,-2,344,515,-1,-1,-1,-1,0x1020480014440805,1142,1528,1500,1500,2012,988,1650,1500,1500,988,988,1500,1500,1500,1500,1500,1500,1500,1372,1628,1500,1543,1500,2012,1500,1713,1613,1500,1520,1505,1500,2012,8.2
2025-05-02,11:46:21.860,-71,-58,10,3715,320,42,1,16,0,17,559,-1024,100,7,-2,345,515,-1,-1,-1,-1,0x1020480014440805,1142,1513,1500,1500,2012,988,1568,1500,1500,988,988,1500,1500,1500,1500,1500,1500,1500,1372,1628,1500,1543,1500,2012,1500,1601,1551,1500,1520,1505,1500,2012,8.2
2025-05-02,11:46:22.360,-71,-60,10,3716,300,42,1,16,0,17,559,-1024,391,7,-2,344,515,-1,-1,-1,-1,0x1020480014440805,1142,1549,1500,1500,2012,988,1768,1500,1500,988,988,1500,1500,1500,1500,1500,1500,1500,1372,1628,1500,1543,1500,2012,1500,1824,1696,1500,1520,1505,1500,2012,8.2
2025-05-02,11:46:22.860,-71,-61,10,3716,2330,42,1,16,1732,17,559,-1024,703,7,-2,344,516,-1,-1,-1,-1,0x1020480014442805,1142,1615,1500,1500,2012,988,1981,1500,1500,988,988,1500,1500,1500,1500,1500,1500,1500,1372,1628,1500,1543,1500,2012,1500,1983,1945,1500,1520,1505,1500,2012,8.2
2025-05-02,11:46:23.360,-66,-63,10,3706,6520,42,1,16,5872,17,560,-236,1021,6,-2,344,515,-1,-1,-1,-1,0x1020480014442005,1462,1628,1500,1500,2012,1382,2012,1500,1500,1382,988,1500,1500,1500,1500,1500,1500,1500,1372,1628,1500,1543,1500,2012,1500,2012,2012,1500,1520,1505,1500,2012,8.2
2025-05-02,11:46:23.860,-66,-59,10,3688,5160,42,1,16,7117,17,561,-51,1023,6,-2,344,515,-1,-1,-1,-1,0x1020480010442405,1501,1628,1500,1500,2012,1475,2012,1500,1500,1481,988,1500,1500,1500,1500,1500,1500,1500,1372,1628,1500,1543,1500,2012,1500,2012,2012,1500,1520,1505,1500,2012,8.2
2025-05-02,11:46:24.360,-66,-44,10,3688,5770,42,1,16,5174,17,562,-1024,984,6,-2,344,515,-1,-1,-1,-1,0x1020480014442405,1142,1628,1500,1500,2012,988,2012,1500,1500,988,988,1500,1500,1500,1500,1500,1500,1500,1372,1628,1500,1543,1500,2012,1500,2012,2012,1500,1520,1505,1500,2012,8.2
2025-05-02,11:46:24.860,-55,-52,10,3688,60,43,1,16,3180,17,563,-282,-610,7,-2,344,515,-1,-1,-1,-1,0x1020480016480405,1453,1297,1500,1498,2012,1359,1195,1295,1500,1360,988,1500,1500,1500,1500,1500,1500,1295,988,2012,1500,1543,1500,988,1500,1837,1500,1500,1520,1505,1500,2012,8.2
2025-05-02,11:46:25.360,-55,-48,10,3689,380,43,1,16,469,17,563,-2,-509,7,-2,344,515,-1,-1,-1,-1,0x1020480012400405,1507,1334,1500,1499,2012,1499,1246,1332,1500,1499,988,1500,1500,1500,1500,1500,1500,1332,1372,2012,1500,1543,1500,988,1500,1181,1500,1500,1520,1505,1500,2012,8.2
2025-05-02,11:46:25.860,-56,-55,10,3712,220,43,1,16,0,17,563,-4,14,6,-2,344,515,-1,-1,-1,-1,0x1020480010440405,1507,1502,1500,1500,2012,1498,1509,1500,1500,1498,988,1500,1500,1500,1500,1500,1500,1500,1372,2012,1500,1543,1500,2012,1500,1513,1508,1500,1520,1505,1500,2012,8.2
2025-05-02,11:46:26.360,-57,-55,10,3713,200,42,1,16,0,17,563,-4,10,7,-2,344,515,-1,-1,-1,-1,0x1020480010440405,1507,1501,1500,1500,2012,1498,1507,1500,1500,1498,988,1500,1500,1500,1500,1500,1500,1500,1500,2012,1500,1543,1500,2012,1500,1510,1505,1500,1520,1505,1500,2012,8.2
2025-05-02,11:46:26.860,-65,-70,10,3714,200,42,1,16,0,17,563,-4,123,6,-2,344,515,-1,-1,-1,-1,0x1020480010440405,1507,1515,1500,1500,2012,1498,1584,1500,1500,1498,988,1500,1500,1500,1500,1500,1500,1500,1372,1628,1500,1543,1500,2012,1500,1623,1561,1500,1520,1505,1500,2012,8.2
2025-05-02,11:46:27.360,-67,-70,10,3714,1120,42,1,16,0,17,563,335,205,7,-2,345,515,-1,-1,-1,-1,0x1020480014440405,1607,1525,1500,1500,2012,1667,1640,1500,1500,1701,988,1500,1500,1500,1500,1500,1500,1500,1372,1628,1500,1543,1500,2012,1500,1694,1600,1500,1520,1505,1500,2012,8.2
2025-05-02,11:46:27.860,-59,-49,10,3714,210,42,1,16,358,17,563,40,225,6,-2,344,515,-1,-1,-1,-1,0x1020480010440005,1517,1527,1500,1500,2012,1520,1654,1500,1500,1519,988,1500,1500,1500,1500,1500,1500,1500,1372,1628,1500,1543,1500,2012,1500,1709,1610,1500,1520,1505,1500,2012,8.2
2025-05-02,11:46:28.360,-59,-51,10,3714,220,42,1,16,0,17,563,75,89,7,-2,344,515,-1,-1,-1,-1,0x1020480014440005,1526,1512,1500,1500,2012,1537,1561,1500,1500,1537,988,1500,1500,1500,1500,1500,1500,1500,1372,1628,1500,1543,1500,2012,1500,1590,1547,1500,1520,1505,1500,2012,8.2
2025-05-02,11:46:28.860,-55,-50,10,3715,410,42,1,16,0,17,563,-5,504,7,-2,344,515,-1,-1,-1,-1,0x1020480010440005,1507,1564,1500,1500,2012,1498,1845,1500,1500,1498,988,1500,1500,1500,1500,1500,1500,1500,1372,1628,1500,1543,1500,2012,1500,1889,1757,1500,1520,1505,1500,2012,8.2
2025-05-02,11:46:29.360,-56,-62,10,3715,470,42,1,16,1987,17,563,-260,534,7,-2,344,515,-1,-1,-1,-1,0x1020480014440005,1458,1568,1500,1500,2012,1370,1866,1500,1500,1370,988,1500,1500,1500,1500,1500,1500,1500,1372,1628,1500,1543,1500,2012,1500,1898,1774,1500,1520,1505,1500,2012,8.2
2025-05-02,11:46:29.860,-62,-65,10,3711,6120,42,1,16,5771,17,564,-290,1024,6,-2,344,515,-1,-1,-1,-1,0x1020480014442005,1447,1628,1500,1500,2012,1355,2012,1500,1500,1344,988,1500,1500,1500,1500,1500,1500,1500,1372,1628,1500,1543,1500,2012,1500,2012,2012,1500,1520,1505,1500,2012,8.2
2025-05-02,11:46:30.360,-54,-65,10,3700,280,42,1,16,5647,17,565,84,51,6,-2,344,515,-1,-1,-1,-1,0x1020480014440005,1531,1503,1500,1500,2012,1542,1535,1500,1500,1547,988,1500,1500,1500,1500,1500,1500,1500,988,2012,1500,1543,1500,2012,1500,1799,1514,1500,1520,1505,1500,2012,8.2
2025-05-02,11:46:30.860,-53,-65,10,3686,6460,43,1,16,6723,17,565,1024,1023,6,-2,344,515,-1,-1,-1,-1,0x1020480014442005,1812,1628,1500,1500,2012,2012,2012,1500,1500,2012,988,1500,1500,1500,1500,1500,1500,1500,1372,1628,1500,1543,1500,2012,1500,2012,2012,1500,1520,1505,1500,2012,8.2
2025-05-02,11:46:31.360,-53,-65,10,3687,550,44,1,16,3148,17,566,1024,-63,7,-2,344,515,-1,-1,-1,-1,0x1020480016400005,1812,1476,1500,1500,2012,2012,1469,1476,1500,2012,988,1500,1500,1500,1500,1500,1500,1476,1183,2012,1500,1543,1500,988,1500,1443,1500,1500,1520,1505,1500,2012,8.2
2025-05-02,11:46:31.860,-57,-61,10,3709,900,45,1,16,1927,17,566,1024,249,6,-2,344,515,-1,-1,-1,-1,0x1020480014440005,1812,1529,1500,1500,2012,2012,1670,1500,1500,2012,988,1500,1500,1500,1500,1500,1500,1500,1372,1628,1500,1543,1500,2012,1500,1726,1616,1500,1520,1505,1500,2012,8.2
2025-05-02,11:46:32.360,-57,-61,10,3710,10380,46,1,16,5113,17,567,415,1020,6,-2,344,515,-1,-1,-1,-1,0x1020480014442005,1610,1628,1500,1500,2012,1707,2012,1500,1500,1707,988,1500,1500,1500,1500,1500,1500,1500,1372,1628,1500,1543,1500,2012,1500,2012,2012,1500,1520,1505,1500,2012,8.2
2025-05-02,11:46:32.860,-61,-59,10,3684,5990,47,1,16,6280,17,568,-4,1021,6,-2,344,515,-1,-1,-1,-1,0x1020480010442405,1507,1628,1500,1500,2012,1498,2012,1500,1500,1498,988,1500,1500,1500,1500,1500,1500,1500,1372,1628,1500,1543,1500,2012,1500,2012,2012,1500,1520,1505,1500,2012,8.2
2025-05-02,11:46:33.360,-60,-55,10,3683,5940,46,1,16,7371,17,568,744,1023,6,-2,344,515,-1,-1,-1,-1,0x1020480014442405,1700,1628,1500,1500,2012,1872,2012,1500,1500,1872,988,1500,1500,1500,1500,1500,1500,1500,1372,1628,1500,1543,1500,2012,1500,2012,2012,1500,1520,1505,1500,2012,8.2
2025-05-02,11:46:33.860,-60,-58,10,3687,5470,45,1,16,7465,17,569,337,1024,6,-2,344,515,-1,-1,-1,-1,0x1020480014442405,1595,1628,1500,1500,2012,1668,2012,1500,1500,1674,988,1500,1500,1500,1500,1500,1500,1500,1372,1628,1500,1543,1500,2012,1500,2012,2012,1500,1520,1505,1500,2012,8.2
2025-05-02,11:46:34.360,-62,-60,10,3688,1480,45,1,16,7692,17,570,1024,229,7,-2,344,515,-1,-1,-1,-1,0x1020480014440405,1812,1534,1500,1500,2012,2012,1657,1500,1500,2012,988,1500,1500,1500,1500,1500,1500,1500,1372,1628,1500,1543,1500,2012,1500,1782,1636,1500,1520,1505,1500,2012,8.2
2025-05-02,11:46:34.860,-60,-63,10,3689,2090,45,1,16,3002,17,570,1024,451,6,-2,344,515,-1,-1,-1,-1,0x1020480014440405,1812,1558,1500,1500,2012,2012,1809,1500,1500,2012,988,1500,1500,1500,1500,1500,1500,1500,1372,1628,1500,1543,1500,2012,1500,1861,1731,1500,1520,1505,1500,2012,8.2
2025-05-02,11:46:35.360,-63,-59,10,3703,9810,44,1,16,5280,17,570,1024,603,6,-2,344,515,-1,-1,-1,-1,0x1020480014442405,1812,1591,1500,1500,2012,2012,1913,1500,1500,2012,988,1500,1500,1500,1500,1500,1500,1500,1372,1628,1500,1543,1500,2012,1500,1990,1895,1500,1520,1505,1500,2012,8.2
2025-05-02,11:46:35.860,-64,-62,10,3691,9100,44,1,16,5047,17,571,876,1017,6,-2,344,515,-1,-1,-1,-1,0x1020480014442405,1761,1628,1500,1500,2012,1938,2012,1500,1500,1963,988,1500,1500,1500,1500,1500,1500,1500,1372,1628,1500,1543,1500,2012,1500,2012,2012,1500,1520,1505,1500,2012,8.2
2025-05-02,11:46:36.360,-66,-65,10,3674,5970,45,1,16,6127,17,572,293,1019,6,-2,344,515,-1,-1,-1,-1,0x1020480014442405,1585,1628,1500,1500,2012,1646,2012,1500,1500,1652,988,1500,1500,1500,1500,1500,1500,1500,1372,1628,1500,1543,1500,2012,1500,2012,2012,1500,1520,1505,1500,2012,8.2
2025-05-02,11:46:36.860,-66,-65,10,3680,5230,44,1,16,7323,17,573,-110,1019,6,-2,344,515,-1,-1,-1,-1,0x1020480014442005,1487,1628,1500,1500,2012,1445,2012,1500,1500,1445,988,1500,1500,1500,1500,1500,1500,1500,1372,1628,1500,1543,1500,2012,1500,2012,2012,1500,1520,1505,1500,2012,8.2
2025-05-02,11:46:37.360,-66,-57,10,3684,5340,44,1,16,7693,17,574,-1024,1022,6,-2,345,515,-1,-1,-1,-1,0x1020480014442005,1142,1628,1500,1500,2012,988,2012,1500,1500,988,988,1500,1500,1500,1500,1500,1500,1500,1372,1628,1500,1543,1500,2012,1500,2012,2012,1500,1520,1505,1500,2012,8.2
2025-05-02,11:46:37.860,-66,-42,10,3685,7120,43,1,16,5630,17,575,-715,1024,6,-2,344,515,-1,-1,-1,-1,0x1020480014442805,1289,1628,1500,1500,2012,1143,2012,1500,1500,1111,988,1500,1500,1500,1500,1500,1500,1500,1372,1628,1500,1543,1500,2012,1500,2012,2012,1500,1520,1505,1500,2012,8.2
2025-05-02,11:46:38.360,-64,-59,10,3678,6490,43,1,16,6168,17,576,-299,1024,6,-2,344,515,-1,-1,-1,-1,0x1020480014442005,1452,1628,1500,1500,2012,1351,2012,1500,1500,1358,988,1500,1500,1500,1500,1500,1500,1500,1372,1628,1500,1543,1500,2012,1500,2012,2012,1500,1520,1505,1500,2012,8.2
2025-05-02,11:46:38.860,-64,-73,10,3677,5730,42,1,16,6452,17,576,231,1024,6,-2,344,515,-1,-1,-1,-1,0x1020480014442005,1557,1628,1500,1500,2012,1615,2012,1500,1500,1598,988,1500,1500,1500,1500,1500,1500,1500,1372,1628,1500,1543,1500,2012,1500,2012,2012,1500,1520,1505,1500,2012,8.2
2025-05-02,11:46:39.360,-55,-73,10,3680,880,43,1,16,4819,17,577,1024,10,6,-2,344,515,-1,-1,-1,-1,0x1020480014440005,1812,1501,1500,1500,2012,2012,1507,1500,1500,2012,988,1500,1500,1500,1500,1500,1500,1500,1060,2012,1500,1543,1500,2012,1500,1597,1505,1500,1520,1505,1500,2012,8.2
2025-05-02,11:46:39.860,-54,-73,10,3694,6540,43,1,16,3618,17,577,1024,191,6,-2,344,515,-1,-1,-1,-1,0x1020480014440005,1812,1529,1500,1500,2012,2012,1631,1500,1500,2012,988,1500,1500,1500,1500,1500,1500,1500,1372,1628,1500,1543,1500,2012,1500,1873,1615,1500,1520,1505,1500,2012,8.2
2025-05-02,11:46:40.360,-57,-54,10,3703,12190,44,1,16,4529,17,578,1024,1023,6,-2,344,515,-1,-1,-1,-1,0x1020480014442005,1812,1628,1500,1500,2012,2012,2012,1500,1500,2012,988,1500,1500,1500,1500,1500,1500,1500,1372,1628,1500,1543,1500,2012,1500,2012,2012,1500,1520,1505,1500,2012,8.2
2025-05-02,11:46:40.860,-60,-59,10,3697,8700,45,1,16,5338,17,579,129,1020,6,-2,344,515,-1,-1,-1,-1,0x1020480014442005,1557,1628,1500,1500,2012,1564,2012,1500,1500,1598,988,1500,1500,1500,1500,1500,1500,1500,1372,1628,1500,1543,1500,2012,1500,2012,2012,1500,1520,1505,1500,2012,8.2
2025-05-02,11:46:41.360,-60,-60,10,3672,5590,46,1,16,6422,17,580,68,1020,6,-2,344,515,-1,-1,-1,-1,0x1020480014442405,1524,1628,1500,1500,2012,1534,2012,1500,1500,1534,988,1500,1500,1500,1500,1500,1500,1500,1372,1628,1500,1543,1500,2012,1500,2012,2012,1500,1520,1505,1500,2012,8.2
2025-05-02,11:46:41.850,-60,-61,10,3677,5140,45,1,16,7463,17,580,97,1021,6,-2,344,515,-1,-1,-1,-1,0x1020480014442405,1526,1628,1500,1500,2012,1548,2012,1500,1500,1537,988,1500,1500,1500,1500,1500,1500,1500,1372,1628,1500,1543,1500,2012,1500,2012,2012,1500,1520,1505,1500,2012,8.2
2025-05-02,11:46:42.340,-62,-54,10,3681,5990,44,1,16,8328,17,581,1024,913,7,-2,344,515,-1,-1,-1,-1,0x1020480014442405,1812,1628,1500,1500,2012,2012,2012,1500,1500,2012,988,1500,1500,1500,1500,1500,1500,1500,1372,1628,1500,1543,1500,2012,1500,2012,2012,1500,1520,1505,1500,2012,8.2
2025-05-02,11:46:42.840,-58,-66,10,3682,690,44,1,16,3975,17,581,1024,55,6,-2,345,515,-1,-1,-1,-1,0x1020480014400405,1812,1503,1500,1500,2012,2012,1537,1500,1500,2012,988,1500,1500,1500,1500,1500,1500,1500,1131,2012,1500,1543,1500,988,1500,1524,1513,1500,1520,1505,1500,2012,8.2
2025-05-02,11:46:43.340,-62,-57,10,3701,240,43,1,16,1610,17,581,1024,52,7,-2,344,515,-1,-1,-1,-1,0x1020480014440405,1812,1507,1500,1500,2012,2012,1535,1500,1500,2012,988,1500,1500,1500,1500,1500,1500,1500,1372,1628,1500,1543,1500,2012,1500,1553,1530,1500,1520,1505,1500,2012,8.2
2025-05-02,11:46:43.840,-63,-58,10,3706,2550,43,1,16,659,17,582,1024,1024,6,-2,344,515,-1,-1,-1,-1,0x1020480014442405,1812,1628,1500,1500,2012,2012,2012,1500,1500,2012,988,1500,1500,1500,1500,1500,1500,1500,1372,1628,1500,1543,1500,2012,1500,2012,2012,1500,1520,1505,1500,2012,8.2
2025-05-02,11:46:44.340,-63,-54,10,3705,5650,44,1,16,7121,17,583,1024,1023,6,-2,344,515,-1,-1,-1,-1,0x1020480014442405,1812,1628,1500,1500,2012,2012,2012,1500,1500,2012,988,1500,1500,1500,1500,1500,1500,1500,1372,1628,1500,1543,1500,2012,1500,2012,2012,1500,1520,1505,1500,2012,8.2
2025-05-02,11:46:44.840,-58,-58,10,3679,8400,44,1,16,5550,17,584,1024,935,6,-2,344,515,-1,-1,-1,-1,0x1020480014442405,1812,1628,1500,1500,2012,2012,2012,1500,1500,2012,988,1500,1500,1500,1500,1500,1500,1500,1372,1628,1500,1543,1500,2012,1500,2012,2012,1500,1520,1505,1500,2012,8.2
2025-05-02,11:46:45.340,-69,-60,10,3680,2230,44,1,16,3820,18,584,-1024,806,7,-2,344,515,-1,-1,-1,-1,0x1020480014442005,1142,1628,1500,1500,2012,988,2012,1500,1500,988,988,1500,1500,1500,1500,1500,1500,1500,1372,1628,1500,1543,1500,2012,1500,2012,2012,1500,1520,1505,1500,2012,8.2
2025-05-02,11:46:45.840,-62,-79,10,3672,7050,44,1,16,5784,18,585,-246,1023,7,-2,344,515,-1,-1,-1,-1,0x1020480014442005,1466,1628,1500,1500,2012,1377,2012,1500,1500,1393,988,1500,1500,1500,1500,1500,1500,1500,1372,1628,1500,1543,1500,2012,1500,2012,2012,1500,1520,1505,1500,2012,8.2
2025-05-02,11:46:46.340,-54,-79,10,3676,5800,44,1,16,6076,18,586,-1024,1024,6,-2,344,515,-1,-1,-1,-1,0x1020480014442405,1142,1628,1500,1500,2012,988,2012,1500,1500,988,988,1500,1500,1500,1500,1500,1500,1500,1372,1628,1500,1543,1500,2012,1500,2012,2012,1500,1520,1505,1500,2012,8.2
2025-05-02,11:46:46.840,-40,-79,10,3675,9370,44,1,16,5149,18,587,819,947,6,-2,344,515,-1,-1,-1,-1,0x1020480014442405,1709,1628,1500,1500,2012,1909,2012,1500,1500,1888,988,1500,1500,1500,1500,1500,1500,1500,1372,1628,1500,1543,1500,2012,1500,2012,2012,1500,1520,1505,1500,2012,8.2
2025-05-02,11:46:47.340,-47,-49,10,3678,490,44,1,16,1797,18,587,437,45,7,-2,344,515,-1,-1,-1,-1,0x1020480014440405,1622,1506,1500,1500,2012,1718,1531,1500,1500,1733,988,1500,1500,1500,1500,1500,1500,1500,1270,1730,1500,1543,1500,2012,1500,1547,1526,1500,1520,1505,1500,2012,8.2
2025-05-02,11:46:47.840,-50,-49,10,3700,200,43,1,16,1110,18,587,-4,23,7,-2,344,515,-1,-1,-1,-1,0x1020480010440405,1507,1503,1500,1500,2012,1498,1516,1500,1500,1498,988,1500,1500,1500,1500,1500,1500,1500,1366,2012,1500,1543,1500,2012,1500,1523,1513,1500,1520,1505,1500,2012,8.2
2025-05-02,11:46:48.340,-57,-57,10,3704,170,43,1,16,420,18,587,-4,7,7,-2,344,515,-1,-1,-1,-1,0x1020480010440405,1507,1501,1500,1500,2012,1498,1505,1500,1500,1498,988,1500,1500,1500,1500,1500,1500,1500,1285,2012,1500,1543,1500,2012,1500,1507,1503,1500,1520,1505,1500,2012,8.2
2025-05-02,11:46:48.840,-64,-68,10,3705,160,42,1,16,0,18,587,-4,5,6,-2,344,515,-1,-1,-1,-1,0x1020480010440405,1507,1500,1500,1500,2012,1498,1503,1500,1500,1498,988,1500,1500,1500,1500,1500,1500,1500,1372,2012,1500,1543,1500,2012,1500,1505,1502,1500,1520,1505,1500,2012,8.2
2025-05-02,11:46:49.340,-57,-68,10,3706,170,42,1,16,0,18,587,-4,8,6,-2,344,515,-1,-1,-1,-1,0x1020480010440405,1507,1501,1500,1500,2012,1498,1505,1500,1500,1498,988,1500,1500,1500,1500,1500,1500,1500,1412,2012,1500,1543,1500,2012,1500,1508,1504,1500,1520,1505,1500,2012,8.2
2025-05-02,11:46:49.840,-65,-67,10,3706,170,42,1,16,0,18,587,-3,5,7,-2,344,515,-1,-1,-1,-1,0x1020480010440405,1507,1500,1500,1500,2012,1499,1503,1500,1500,1499,988,1500,1500,1500,1500,1500,1500,1500,1500,2012,1500,1543,1500,2012,1500,1505,1502,1500,1520,1505,1500,2012,8.2
2025-05-02,11:46:50.340,-65,-67,10,3707,170,42,1,16,0,18,588,-4,8,6,-2,344,515,-1,-1,-1,-1,0x1020480010440005,1507,1501,1500,1500,2012,1498,1505,1500,1500,1498,988,1500,1500,1500,1500,1500,1500,1500,1500,2012,1500,1543,1500,2012,1500,1508,1504,1500,1520,1505,1500,2012,8.2
2025-05-02,11:46:50.840,-60,-67,10,3707,170,42,1,16,0,18,588,-4,6,7,-2,344,515,-1,-1,-1,-1,0x1020480010440005,1507,1501,1500,1500,2012,1498,1504,1500,1500,1498,988,1500,1500,1500,1500,1500,1500,1500,1500,2012,1500,1543,1500,2012,1500,1507,1503,1500,1520,1505,1500,2012,8.2
2025-05-02,11:46:51.340,-64,-55,10,3708,160,42,1,16,0,18,588,-4,6,7,-2,344,515,-1,-1,-1,-1,0x1020480010440004,1507,1501,1500,1500,2012,1498,1504,1500,1500,1498,988,1500,1500,1500,1500,1500,1500,1500,1500,2012,1500,1543,1500,2012,1500,1506,1503,1500,1520,1505,1500,2012,8.2
2025-05-02,11:46:51.840,-67,-64,10,3708,160,42,1,16,0,18,588,-4,4,6,-2,344,515,-1,-1,-1,-1,0x1020480010440004,1507,1500,1500,1500,2012,1498,1502,1500,1500,1498,988,1500,1500,1500,1500,1500,1500,1500,1500,2012,1500,1543,1500,2012,1500,1505,1502,1500,1520,1505,1500,2012,8.2
2025-05-02,11:46:52.340,-71,-60,10,3709,160,42,1,16,0,18,588,-4,5,7,-2,344,515,-1,-1,-1,-1,0x1020480010440004,1507,1500,1500,1500,2012,1498,1503,1500,1500,1498,988,1500,1500,1500,1500,1500,1500,1500,1500,2012,1500,1543,1500,2012,1500,1505,1502,1500,1520,1505,1500,2012,8.2
2025-05-02,11:46:52.840,-71,-57,10,3709,160,42,1,16,0,18,588,-4,8,7,-2,344,515,-1,-1,-1,-1,0x1020480010440004,1507,1501,1500,1500,2012,1498,1505,1500,1500,1498,988,1500,1500,1500,1500,1500,1500,1500,1500,2012,1500,1543,1500,2012,1500,1509,1505,1500,1520,1505,1500,2012,8.2
2025-05-02,11:46:53.340,-71,-61,10,3710,170,42,1,16,0,18,588,-4,4,7,-2,344,515,-1,-1,-1,-1,0x1020480010440004,1507,1500,1500,1500,2012,1498,1502,1500,1500,1498,988,1500,1500,1500,1500,1500,1500,1500,1500,2012,1500,1543,1500,2012,1500,1504,1502,1500,1520,1505,1500,2012,8.2
2025-05-02,11:46:53.840,-72,-65,10,3710,160,42,1,16,0,18,588,-4,6,7,-2,344,515,-1,-1,-1,-1,0x1020480010440004,1507,1501,1500,1500,2012,1498,1504,1500,1500,1498,988,1500,1500,1500,1500,1500,1500,1500,1500,2012,1500,1543,1500,2012,1500,1506,1503,1500,1520,1505,1500,2012,8.2
2025-05-02,11:46:54.340,-72,-57,10,3710,160,42,1,16,0,18,588,-4,7,7,-2,344,515,-1,-1,-1,-1,0x1020480010440004,1507,1501,1500,1500,2012,1498,1505,1500,1500,1498,988,1500,1500,1500,1500,1500,1500,1500,1500,2012,1500,1543,1500,2012,1500,1507,1503,1500,1520,1505,1500,2012,8.2
2025-05-02,11:46:54.840,-66,-59,10,3711,170,42,1,16,0,18,588,-4,6,7,-2,344,515,-1,-1,-1,-1,0x1020480010440004,1507,1501,1500,1500,2012,1498,1504,1500,1500,1498,988,1500,1500,1500,1500,1500,1500,1500,1500,2012,1500,1543,1500,2012,1500,1506,1503,1500,1520,1505,1500,2012,8.2
2025-05-02,11:46:55.340,-66,-63,10,3711,170,42,1,16,0,18,588,-3,6,7,-2,344,515,-1,-1,-1,-1,0x1020480010440004,1507,1501,1500,1500,2012,1499,1504,1500,1500,1499,988,1500,1500,1500,1500,1500,1500,1500,1500,2012,1500,1543,1500,2012,1500,1506,1503,1500,1520,1505,1500,2012,8.2
2025-05-02,11:46:55.840,-68,-57,10,3711,160,42,1,16,0,18,588,-4,4,7,-2,344,515,-1,-1,-1,-1,0x1020480010440004,1507,1500,1500,1500,2012,1498,1502,1500,1500,1498,988,1500,1500,1500,1500,1500,1500,1500,1500,2012,1500,1543,1500,2012,1500,1504,1502,1500,1520,1505,1500,2012,8.2
2025-05-02,11:46:56.340,-64,-63,10,3711,170,42,1,16,0,18,588,-3,7,7,-2,344,515,-1,-1,-1,-1,0x1020480010440004,1507,1501,1500,1500,2012,1499,1505,1500,1500,1499,988,1500,1500,1500,1500,1500,1500,1500,1500,2012,1500,1543,1500,2012,1500,1507,1503,1500,1520,1505,1500,2012,8.2
2025-05-02,11:46:56.840,-71,-63,10,3712,160,42,1,16,0,18,588,-4,4,6,-2,344,515,-1,-1,-1,-1,0x1020480010440004,1507,1500,1500,1500,2012,1498,1502,1500,1500,1498,988,1500,1500,1500,1500,1500,1500,1500,1500,2012,1500,1543,1500,2012,1500,1504,1502,1500,1520,1505,1500,2012,8.2
2025-05-02,11:46:57.340,-62,-57,10,3712,160,42,1,16,0,18,588,-3,4,7,-2,344,515,-1,-1,-1,-1,0x1020480010440004,1507,1500,1500,1500,2012,1499,1502,1500,1500,1498,988,1500,1500,1500,1500,1500,1500,1500,1500,2012,1500,1543,1500,2012,1500,1504,1502,1500,1520,1505,1500,2012,8.2
2025-05-02,11:46:57.840,-62,-55,10,3712,160,42,1,16,0,18,588,-3,5,6,-2,344,516,-1,-1,-1,-1,0x1020480010440004,1507,1500,1500,1500,2012,1499,1503,1500,1500,1498,988,1500,1500,1500,1500,1500,1500,1500,1500,2012,1500,1543,1500,2012,1500,1505,1502,1500,1520,1505,1500,2012,8.2
2025-05-02,11:46:58.340,-62,-54,10,3712,160,42,1,16,0,18,588,-22,6,7,-2,344,515,-1,-1,-1,-1,0x1020480010440004,1506,1501,1500,1500,2012,1489,1504,1500,1500,1495,988,1500,1500,1500,1500,1500,1500,1500,1500,2012,1500,1543,1500,2012,1500,1506,1503,1500,1520,1505,1500,2012,8.2
2025-05-02,11:46:58.840,-62,-61,10,3712,230,42,1,16,0,18,588,-1024,5,7,-2,344,515,-1,-1,-1,-1,0x1020480014440804,1142,1500,1500,1500,2012,988,1503,1500,1500,988,988,1500,1500,1500,1500,1500,1500,1500,1500,2012,1500,1543,1500,2012,1500,1505,1502,1500,1520,1505,1500,2012,8.2
2025-05-02,11:46:59.340,-62,-54,10,3712,290,42,1,16,0,18,588,-1024,58,7,-2,344,515,-1,-1,-1,-1,0x1020480014440804,1142,1508,1500,1500,2012,988,1539,1500,1500,988,988,1500,1500,1500,1500,1500,1500,1500,1372,1628,1500,1543,1500,2012,1500,1560,1533,1500,1520,1505,1500,2012,8.2
2025-05-02,11:46:59.840,-62,-47,10,3713,260,42,1,16,0,18,588,-1024,85,6,-2,344,515,-1,-1,-1,-1,0x1020480014440805,1142,1511,1500,1500,2012,988,1558,1500,1500,988,988,1500,1500,1500,1500,1500,1500,1500,1372,1628,1500,1543,1500,2012,1500,1587,1546,1500,1520,1505,1500,2012,8.2
2025-05-02,11:47:00.340,-62,-47,10,3713,260,42,1,16,0,18,588,-1024,8,7,-2,344,515,-1,-1,-1,-1,0x1020480014440805,1142,1501,1500,1500,2012,988,1505,1500,1500,988,988,1500,1500,1500,1500,1500,1500,1500,1275,2012,1500,1543,1500,2012,1500,1508,1504,1500,1520,1505,1500,2012,8.2
2025-05-02,11:47:00.840,-62,-46,10,3713,240,43,1,16,0,18,588,-1024,8,7,-2,344,515,-1,-1,-1,1,0x1020480014440805,1142,1501,1500,1500,2012,988,1505,1500,1500,988,988,1500,1500,1500,1500,1500,1500,1500,1372,2012,1500,1543,1500,2012,1500,1508,1504,1500,1520,1505,1500,2012,8.2
2025-05-02,11:47:01.340,-50,-50,10,3713,260,42,1,16,0,18,588,-1024,7,7,-2,344,515,-1,-1,-1,-1,0x1020480014440805,1142,1501,1500,1500,2012,988,1505,1500,1500,988,988,1500,1500,1500,1500,1500,1500,1500,1398,2012,1500,1543,1500,2012,1500,1507,1503,1500,1520,1505,1500,2012,8.2
2025-05-02,11:47:01.840,-50,-50,10,3713,240,42,1,16,0,18,588,-1024,10,7,-2,344,515,-1,-1,-1,-1,0x1020480014440805,1142,1501,1500,1500,2012,988,1507,1500,1500,988,988,1500,1500,1500,1500,1500,1500,1500,1500,2012,1500,1543,1500,2012,1500,1510,1505,1500,1520,1505,1500,2012,8.2
2025-05-02,11:47:02.340,-56,-65,10,3713,800,42,1,16,2,18,588,-1024,601,7,-2,344,515,-1,-1,-1,-1,0x1020480014440805,1142,1583,1500,1500,2012,988,1911,1500,1500,988,988,1500,1500,1500,1500,1500,1500,1500,1372,1628,1500,1543,1500,2012,1500,1933,1833,1500,1520,1505,1500,2012,8.2
2025-05-02,11:47:02.840,-56,-65,10,3713,9030,42,1,16,5257,18,590,478,1019,6,-2,345,515,-1,-1,-1,-1,0x1020480014442005,1632,1628,1500,1500,2012,1739,2012,1500,1500,1754,988,1500,1500,1500,1500,1500,1500,1500,1372,1628,1500,1543,1500,2012,1500,2012,2012,1500,1520,1505,1500,2012,8.2
2025-05-02,11:47:03.340,-57,-65,10,3679,6640,42,1,16,6548,18,590,1024,625,7,-2,345,515,-1,-1,-1,-1,0x1020480014442405,1812,1603,1500,1500,2012,2012,1928,1500,1500,2012,988,1500,1500,1500,1500,1500,1500,1500,1372,1628,1500,1543,1500,2012,1500,2012,1981,1500,1520,1505,1500,2012,8.2
2025-05-02,11:47:03.830,-60,-55,10,3682,6910,42,1,16,5173,18,591,1024,224,6,-2,344,515,-1,-1,-1,-1,0x1020480014440405,1812,1566,1500,1500,2012,2012,1642,1500,1500,2012,988,1500,1500,1500,1500,1500,1500,1500,1372,1628,1500,1543,1500,2012,1500,1959,1609,1500,1520,1505,1500,2012,8.2
2025-05-02,11:47:04.310,-60,-56,10,3704,1460,44,1,16,3134,18,591,1024,501,7,-2,344,515,-1,-1,-1,-1,0x1020480014440405,1812,1564,1500,1500,2012,2012,1843,1500,1500,2012,988,1500,1500,1500,1500,1500,1500,1500,1372,1628,1500,1543,1500,2012,1500,1888,1756,1500,1520,1505,1500,2012,8.2
2025-05-02,11:47:04.810,-64,-67,10,3705,540,46,1,16,2960,18,591,848,-383,6,-2,344,515,-1,-1,-1,-1,0x1020480016480405,1737,1378,1500,1499,2012,1917,1303,1377,1500,1935,988,1500,1500,1500,1500,1500,1500,1377,988,2012,1500,1543,1500,988,1500,1477,1500,1500,1520,1505,1500,2012,8.2
2025-05-02,11:47:05.300,-67,-57,10,3706,200,47,1,16,1484,18,591,28,2,7,-1,343,515,-1,-1,-1,-1,0x1020480010440405,1514,1500,1500,1500,2012,1514,1501,1500,1500,1514,988,1500,1500,1500,1500,1500,1500,1500,1372,2012,1500,1543,1500,2012,1500,1501,1500,1500,1520,1505,1500,2012,8.2
2025-05-02,11:47:05.800,-69,-55,10,3711,170,47,1,16,994,18,591,41,10,7,-2,344,515,-1,-1,-1,-1,0x1020480010440405,1515,1501,1500,1500,2012,1520,1507,1500,1500,1515,988,1500,1500,1500,1500,1500,1500,1500,1372,2012,1500,1543,1500,2012,1500,1510,1505,1500,1520,1505,1500,2012,8.2
2025-05-02,11:47:06.300,-65,-67,10,3711,9710,45,1,16,5069,18,593,425,1017,6,-2,344,515,-1,-1,-1,-1,0x1020480014442405,1616,1628,1500,1500,2012,1712,2012,1500,1500,1721,988,1500,1500,1500,1500,1500,1500,1500,1372,1628,1500,1543,1500,2012,1500,2012,2012,1500,1520,1505,1500,2012,8.2
2025-05-02,11:47:06.800,-60,-67,10,3682,5850,44,1,16,6621,18,593,610,1017,6,-2,344,515,-1,-1,-1,-1,0x1020480014442405,1656,1628,1500,1500,2012,1805,2012,1500,1500,1799,988,1500,1500,1500,1500,1500,1500,1500,1372,1628,1500,1543,1500,2012,1500,2012,2012,1500,1520,1505,1500,2012,8.2
2025-05-02,11:47:07.300,-62,-61,10,3682,5610,44,1,16,7222,18,594,951,1019,6,-2,344,515,-1,-1,-1,-1,0x1020480014442005,1773,1628,1500,1500,2012,1975,2012,1500,1500,1975,988,1500,1500,1500,1500,1500,1500,1500,1372,1628,1500,1543,1500,2012,1500,2012,2012,1500,1520,1505,1500,2012,8.2
2025-05-02,11:47:07.800,-67,-57,10,3683,860,44,1,16,6139,18,595,91,560,6,-2,344,515,-1,-1,-1,-1,0x1020480014440005,1533,1566,1500,1500,2012,1545,1883,1500,1500,1552,988,1500,1500,1500,1500,1500,1500,1500,1372,1628,1500,1543,1500,2012,1500,1896,1765,1500,1520,1505,1500,2012,8.2
2025-05-02,11:47:08.300,-63,-66,10,3684,800,45,1,16,6016,18,595,1024,-242,6,-2,345,515,-1,-1,-1,-1,0x1020480016480005,1812,1414,1500,1499,2012,2012,1379,1413,1500,2012,988,1500,1500,1500,1500,1500,1500,1413,988,2012,1500,1543,1500,988,1500,1761,1500,1500,1520,1505,1500,2012,8.2
2025-05-02,11:47:08.800,-64,-58,10,3701,810,45,1,16,3020,18,595,1024,4,6,-2,344,515,-1,-1,-1,-1,0x1020480014480005,1812,1500,1500,1500,2012,2012,1502,1500,1500,2012,988,1500,1500,1500,1500,1500,1500,1500,988,2012,1500,1543,1500,2012,1500,1504,1500,1500,1520,1505,1500,2012,8.2
2025-05-02,11:47:09.300,-63,-63,10,3704,12220,46,1,16,5160,18,596,1024,1024,6,-2,344,515,-1,-1,-1,-1,0x1020480014442005,1812,1628,1500,1500,2012,2012,2012,1500,1500,2012,988,1500,1500,1500,1500,1500,1500,1500,1372,1628,1500,1543,1500,2012,1500,2012,2012,1500,1520,1505,1500,2012,8.2
2025-05-02,11:47:09.800,-75,-66,10,3688,6790,46,1,16,5932,18,597,-181,1024,6,-2,344,515,-1,-1,-1,-1,0x1020480014442005,1470,1628,1500,1500,2012,1410,2012,1500,1500,1402,988,1500,1500,1500,1500,1500,1500,1500,1372,1628,1500,1543,1500,2012,1500,2012,2012,1500,1520,1505,1500,2012,8.2
2025-05-02,11:47:10.300,-63,-65,10,3677,5150,46,1,16,7116,18,598,-4,1024,6,-2,344,515,-1,-1,-1,-1,0x1020480010442405,1507,1628,1500,1500,2012,1498,2012,1500,1500,1498,988,1500,1500,1500,1500,1500,1500,1500,1372,1628,1500,1543,1500,2012,1500,2012,2012,1500,1520,1505,1500,2012,8.2
2025-05-02,11:47:10.800,-59,-53,10,3682,5650,45,1,16,7885,18,599,-905,1024,6,-2,344,515,-1,-1,-1,-1,0x1020480014442405,1221,1628,1500,1500,2012,1048,2012,1500,1500,1048,988,1500,1500,1500,1500,1500,1500,1500,1372,1628,1500,1543,1500,2012,1500,2012,2012,1500,1520,1505,1500,2012,8.2
2025-05-02,11:47:11.300,-35,-55,10,3682,6720,45,1,16,5843,18,599,-1024,1024,6,-2,344,515,-1,-1,-1,-1,0x1020480014442C05,1142,1628,1500,1500,2012,988,2012,1500,1500,988,988,1500,1500,1500,1500,1500,1500,1500,1372,1628,1500,1543,1500,2012,1500,2012,2012,1500,1520,1505,1500,2012,8.2
2025-05-02,11:47:11.800,-52,-50,10,3677,6150,44,1,16,6216,18,600,493,1024,6,-2,344,515,-1,-1,-1,-1,0x1020480014442405,1628,1628,1500,1500,2012,1746,2012,1500,1500,1746,988,1500,1500,1500,1500,1500,1500,1500,1372,1628,1500,1543,1500,2012,1500,2012,2012,1500,1520,1505,1500,2012,8.2
2025-05-02,11:47:12.300,-53,-55,10,3674,5860,44,1,16,6498,18,601,0,1024,6,-2,345,515,-1,-1,-1,-1,0x1020480010442405,1508,1628,1500,1500,2012,1500,2012,1500,1500,1500,988,1500,1500,1500,1500,1500,1500,1500,1372,1628,1500,1543,1500,2012,1500,2012,2012,1500,1520,1505,1500,2012,8.2
2025-05-02,11:47:12.800,-55,-55,10,3676,910,44,1,16,4771,18,602,1024,7,6,-2,344,515,-1,-1,-1,-1,0x1020480014440405,1812,1501,1500,1500,2012,2012,1505,1500,1500,2012,988,1500,1500,1500,1500,1500,1500,1500,1080,2012,1500,1543,1500,2012,1500,1523,1503,1500,1520,1505,1500,2012,8.2
2025-05-02,11:47:13.300,-60,-63,10,3695,720,45,1,16,2410,18,602,1024,384,6,-2,344,515,-1,-1,-1,-1,0x1020480014440405,1812,1546,1500,1500,2012,2012,1763,1500,1500,2012,988,1500,1500,1500,1500,1500,1500,1500,1372,1628,1500,1543,1500,2012,1500,1819,1686,1500,1520,1505,1500,2012,8.2
2025-05-02,11:47:13.800,-59,-63,10,3700,8410,45,1,16,5618,18,603,1024,1020,6,-2,344,515,-1,-1,-1,-1,0x1020480014442405,1812,1628,1500,1500,2012,2012,2012,1500,1500,2012,988,1500,1500,1500,1500,1500,1500,1500,1372,1628,1500,1543,1500,2012,1500,2012,2012,1500,1520,1505,1500,2012,8.2
2025-05-02,11:47:14.300,-65,-63,10,3670,8270,45,1,16,5337,18,604,-363,1018,6,-2,344,515,-1,-1,-1,-1,0x1020480014442005,1433,1628,1500,1500,2012,1312,2012,1500,1500,1319,988,1500,1500,1500,1500,1500,1500,1500,1372,1628,1500,1543,1500,2012,1500,2012,2012,1500,1520,1505,1500,2012,8.2
2025-05-02,11:47:14.800,-63,-51,10,3669,5190,45,1,16,6608,18,605,341,1024,6,-2,344,516,-1,-1,-1,-1,0x1020480014442005,1590,1628,1500,1500,2012,1678,2012,1500,1500,1663,988,1500,1500,1500,1500,1500,1500,1500,1372,1628,1500,1543,1500,2012,1500,2012,2012,1500,1520,1505,1500,2012,8.2
2025-05-02,11:47:15.300,-56,-58,10,3674,5580,45,1,16,6919,18,605,432,1024,6,-2,344,515,-1,-1,-1,-1,0x1020480014442005,1622,1628,1500,1500,2012,1716,2012,1500,1500,1733,988,1500,1500,1500,1500,1500,1500,1500,1372,1628,1500,1543,1500,2012,1500,2012,2012,1500,1520,1505,1500,2012,8.2
2025-05-02,11:47:15.800,-59,-55,10,3677,5240,44,1,16,7292,18,606,314,899,6,-2,344,515,-1,-1,-1,-1,0x1020480014442005,1584,1628,1500,1500,2012,1665,2012,1500,1500,1649,988,1500,1500,1500,1500,1500,1500,1500,1372,1628,1500,1543,1500,2012,1500,2012,2012,1500,1520,1505,1500,2012,8.2
2025-05-02,11:47:16.300,-59,-52,10,3678,1030,44,1,16,4911,18,606,1024,70,7,-2,344,515,-1,-1,-1,-1,0x1020480014440005,1812,1510,1500,1500,2012,2012,1548,1500,1500,2012,988,1500,1500,1500,1500,1500,1500,1500,1372,1628,1500,1543,1500,2012,1500,1573,1540,1500,1520,1505,1500,2012,8.2
2025-05-02,11:47:16.800,-59,-60,10,3698,200,44,1,16,1822,18,606,1024,74,7,-2,345,515,-1,-1,-1,-1,0x1020480014440005,1812,1510,1500,1500,2012,2012,1550,1500,1500,2012,988,1500,1500,1500,1500,1500,1500,1500,1372,1628,1500,1543,1500,2012,1500,1576,1541,1500,1520,1505,1500,2012,8.2
2025-05-02,11:47:17.300,-56,-63,10,3701,450,44,1,16,1128,18,606,1024,400,6,-2,344,515,-1,-1,-1,-1,0x1020480014440005,1812,1549,1500,1500,2012,2012,1774,1500,1500,2012,988,1500,1500,1500,1500,1500,1500,1500,1372,1628,1500,1543,1500,2012,1500,1824,1696,1500,1520,1505,1500,2012,8.2
2025-05-02,11:47:17.800,-59,-64,10,3702,5750,44,1,16,2111,18,607,1024,458,6,-2,344,515,-1,-1,-1,-1,0x1020480014440005,1812,1559,1500,1500,2012,2012,1807,1500,1500,2012,988,1500,1500,1500,1500,1500,1500,1500,1372,1628,1500,1543,1500,2012,1500,1864,1735,1500,1520,1505,1500,2012,8.2
2025-05-02,11:47:18.300,-57,-64,10,3699,1890,44,1,16,1095,18,607,1024,370,7,-2,345,515,-1,-1,-1,-1,0x1020480014440005,1812,1546,1500,1500,2012,2012,1753,1500,1500,2012,988,1500,1500,1500,1500,1500,1500,1500,1372,1628,1500,1543,1500,2012,1500,1811,1686,1500,1520,1505,1500,2012,8.2
2025-05-02,11:47:18.800,-55,-64,10,3697,9100,44,1,16,5016,18,608,1024,1019,6,-2,345,515,-1,-1,-1,-1,0x1020480014442005,1812,1628,1500,1500,2012,2012,2012,1500,1500,2012,988,1500,1500,1500,1500,1500,1500,1500,1372,1628,1500,1543,1500,2012,1500,2012,2012,1500,1520,1505,1500,2012,8.2
2025-05-02,11:47:19.300,-59,-51,10,3696,360,44,1,16,185,18,609,1024,7,6,-2,344,515,-1,-1,-1,-1,0x1020480014440005,1812,1501,1500,1500,2012,2012,1505,1500,1500,2012,988,1500,1500,1500,1500,1500,1500,1500,1122,2012,1500,1543,1500,2012,1500,1507,1503,1500,1520,1505,1500,2012,8.2
2025-05-02,11:47:19.800,-59,-48,10,3699,300,44,1,16,0,18,609,1024,37,7,-2,345,515,-1,-1,-1,-1,0x1020480014440005,1812,1505,1500,1500,2012,2012,1525,1500,1500,2012,988,1500,1500,1500,1500,1500,1500,1500,988,2012,1500,1543,1500,2012,1500,1539,1521,1500,1520,1505,1500,2012,8.2
2025-05-02,11:47:20.300,-59,-50,10,3702,840,44,1,16,0,18,609,-616,8,7,-2,345,515,-1,-1,-1,-1,0x1020480014440005,1356,1501,1500,1500,2012,1192,1505,1500,1500,1192,988,1500,1500,1500,1500,1500,1500,1500,1173,2012,1500,1543,1500,2012,1500,1508,1504,1500,1520,1505,1500,2012,8.2
2025-05-02,11:47:20.800,-59,-46,10,3702,170,44,1,16,0,18,609,-2,8,7,-2,344,515,-1,-1,-1,-1,0x1020480010440005,1507,1501,1500,1500,2012,1499,1505,1500,1500,1499,988,1500,1500,1500,1500,1500,1500,1500,1372,2012,1500,1543,1500,2012,1500,1508,1503,1500,1520,1505,1500,2012,8.2
2025-05-02,11:47:21.300,-59,-45,10,3704,160,44,1,16,0,18,609,-3,8,6,-2,345,515,-1,-1,-1,-1,0x1020480010440005,1507,1501,1500,1500,2012,1499,1505,1500,1500,1499,988,1500,1500,1500,1500,1500,1500,1500,1372,2012,1500,1543,1500,2012,1500,1508,1504,1500,1520,1505,1500,2012,8.2
2025-05-02,11:47:21.800,-40,-46,10,3705,160,43,1,16,0,18,609,-3,6,7,-2,344,515,-1,-1,-1,-1,0x1020480010440005,1507,1501,1500,1500,2012,1499,1504,1500,1500,1499,988,1500,1500,1500,1500,1500,1500,1500,1500,2012,1500,1543,1500,2012,1500,1506,1503,1500,1520,1505,1500,2012,8.2
2025-05-02,11:47:22.300,-38,-46,10,3706,160,43,1,16,0,18,609,-4,10,7,-2,345,515,-1,-1,-1,-1,0x1020480010440005,1507,1501,1500,1500,2012,1498,1507,1500,1500,1498,988,1500,1500,1500,1500,1500,1500,1500,1500,2012,1500,1543,1500,2012,1500,1510,1505,1500,1520,1505,1500,2012,8.2
2025-05-02,11:47:22.800,-34,-46,10,3706,170,42,1,16,0,18,609,-4,5,7,-2,344,515,-1,-1,-1,-1,0x1020480010440005,1507,1500,1500,1500,2012,1498,1503,1500,1500,1498,988,1500,1500,1500,1500,1500,1500,1500,1500,2012,1500,1543,1500,2012,1500,1505,1502,1500,1520,1505,1500,2012,8.2
2025-05-02,11:47:23.300,-33,-46,10,3706,160,42,1,16,0,18,609,-4,8,7,-2,344,515,-1,-1,-1,-1,0x1020480010440005,1507,1501,1500,1500,2012,1498,1505,1500,1500,1498,988,1500,1500,1500,1500,1500,1500,1500,1500,2012,1500,1543,1500,2012,1500,1508,1504,1500,1520,1505,1500,2012,8.2
2025-05-02,11:47:23.800,-30,-46,10,3707,160,42,1,16,0,18,609,-3,8,7,-2,344,515,-1,-1,-1,-1,0x1020480010440004,1507,1501,1500,1500,2012,1499,1505,1500,1500,1499,988,1500,1500,1500,1500,1500,1500,1500,1500,2012,1500,1543,1500,2012,1500,1508,1504,1500,1520,1505,1500,2012,8.2
2025-05-02,11:47:24.300,-32,-46,10,3707,220,42,1,16,0,18,609,-4,9,6,-2,345,515,-1,-1,-1,-1,0x1020480010440004,1507,1501,1500,1500,2012,1498,1506,1500,1500,1498,988,1500,1500,1500,1500,1500,1500,1500,1500,2012,1500,1543,1500,2012,1500,1509,1505,1500,1520,1505,1500,2012,8.2
2025-05-02,11:47:24.800,-35,-44,10,3707,300,42,1,16,0,18,609,-4,60,6,-2,345,515,-1,-1,-1,-1,0x1020480010440004,1507,1508,1500,1500,2012,1499,1541,1500,1500,1499,988,1500,1500,1500,1500,1500,1500,1500,1372,1628,1500,1543,1500,2012,1500,1561,1534,1500,1520,1505,1500,2012,8.2
2025-05-02,11:47:25.300,-37,-44,10,3707,210,42,1,16,380,18,609,-2,6,6,-2,344,515,-1,-1,-1,-1,0x1020480010440005,1507,1501,1500,1500,2012,1499,1504,1500,1500,1499,988,1500,1500,1500,1500,1500,1500,1500,1305,2012,1500,1543,1500,2012,1500,1506,1503,1500,1520,1505,1500,2012,8.2
2025-05-02,11:47:25.800,-40,-33,10,3708,150,42,1,16,0,18,609,-2,6,7,-2,345,515,-1,-1,-1,-1,0x1020480010440005,1507,1501,1500,1500,2012,1499,1504,1500,1500,1499,988,1500,1500,1500,1500,1500,1500,1500,1372,2012,1500,1543,1500,2012,1500,1506,1503,1500,1520,1505,1500,2012,8.2
2025-05-02,11:47:26.300,-40,-39,10,3708,160,42,1,16,0,18,609,-2,20,7,-2,344,515,-1,-1,-1,-1,0x1020480010440005,1507,1503,1500,1500,2012,1499,1513,1500,1500,1499,988,1500,1500,1500,1500,1500,1500,1500,1442,2012,1500,1543,1500,2012,1500,1521,1512,1500,1520,1505,1500,2012,8.2
2025-05-02,11:47:26.800,-27,-49,10,3709,170,42,1,16,0,18,609,-2,7,6,-2,345,515,-1,-1,-1,-1,0x1020480010440005,1507,1501,1500,1500,2012,1499,1505,1500,1500,1499,988,1500,1500,1500,1500,1500,1500,1500,1500,2012,1500,1543,1500,2012,1500,1507,1503,1500,1520,1505,1500,2012,8.2
2025-05-02,11:47:27.300,-27,-49,10,3709,170,42,1,16,0,18,609,-2,8,7,-2,344,515,-1,-1,-1,-1,0x1020480010440005,1507,1501,1500,1500,2012,1499,1505,1500,1500,1499,988,1500,1500,1500,1500,1500,1500,1500,1500,2012,1500,1543,1500,2012,1500,1508,1504,1500,1520,1505,1500,2012,8.2
2025-05-02,11:47:27.800,-27,-49,10,3709,160,42,1,16,0,18,609,-1,5,7,-2,344,515,-1,-1,-1,-1,0x1020480010440005,1508,1500,1500,1500,2012,1500,1503,1500,1500,1500,988,1500,1500,1500,1500,1500,1500,1500,1500,2012,1500,1543,1500,2012,1500,1505,1502,1500,1520,1505,1500,2012,8.2
2025-05-02,11:47:28.300,-32,-39,10,3709,160,42,1,16,0,18,609,-2,6,7,-2,344,515,-1,-1,-1,-1,0x1020480010440004,1507,1501,1500,1500,2012,1499,1504,1500,1500,1499,988,1500,1500,1500,1500,1500,1500,1500,1500,2012,1500,1543,1500,2012,1500,1506,1503,1500,1520,1505,1500,2012,8.2
2025-05-02,11:47:28.800,-38,-26,10,3710,170,42,1,16,0,18,609,-2,7,7,-2,344,515,-1,-1,-1,-1,0x1020480010440004,1507,1501,1500,1500,2012,1499,1505,1500,1500,1499,988,1500,1500,1500,1500,1500,1500,1500,1500,2012,1500,1543,1500,2012,1500,1507,1503,1500,1520,1505,1500,2012,8.2
2025-05-02,11:47:29.300,-44,-28,10,3710,160,42,1,16,0,18,609,-2,6,6,-2,344,515,-1,-1,-1,-1,0x1020480010440004,1507,1501,1500,1500,2012,1499,1504,1500,1500,1499,988,1500,1500,1500,1500,1500,1500,1500,1500,2012,1500,1543,1500,2012,1500,1506,1503,1500,1520,1505,1500,2012,8.2
2025-05-02,11:47:29.800,-44,-29,10,3710,170,42,1,16,0,18,609,-1,7,7,-2,344,515,-1,-1,-1,-1,0x1020480010440005,1508,1501,1500,1500,2012,1500,1505,1500,1500,1500,988,1500,1500,1500,1500,1500,1500,1500,988,2012,1500,1543,1500,2012,1500,1507,1503,1500,1520,1505,1500,2012,8.2
2025-05-02,11:47:30.300,-44,-30,10,3710,250,42,1,16,0,18,609,-2,6,7,-2,344,515,-1,-1,-1,-1,0x1020480010440005,1508,1501,1500,1500,2012,1499,1504,1500,1500,1500,988,1500,1500,1500,1500,1500,1500,1500,1372,2012,1500,1543,1500,2012,1500,1506,1503,1500,1520,1505,1500,2012,8.2
2025-05-02,11:47:30.800,-44,-30,10,3710,180,42,1,16,0,18,609,-2,4,6,-2,345,515,-1,-1,-1,-1,0x1020480010440005,1507,1500,1500,1500,2012,1499,1502,1500,1500,1499,988,1500,1500,1500,1500,1500,1500,1500,1372,2012,1500,1543,1500,2012,1500,1504,1502,1500,1520,1505,1500,2012,8.2
2025-05-02,11:47:31.300,-44,-30,10,3711,160,42,1,16,0,18,609,-2,5,7,-2,345,515,-1,-1,-1,-1,0x1020480010440005,1507,1500,1500,1500,2012,1499,1503,1500,1500,1499,988,1500,1500,1500,1500,1500,1500,1500,1500,2012,1500,1543,1500,2012,1500,1505,1502,1500,1520,1505,1500,2012,8.2
2025-05-02,11:47:31.800,-44,-29,10,3711,160,42,1,16,0,18,609,-2,5,7,-2,344,515,-1,-1,-1,-1,0x1020480010440005,1507,1500,1500,1500,2012,1499,1503,1500,1500,1499,988,1500,1500,1500,1500,1500,1500,1500,1500,2012,1500,1543,1500,2012,1500,1505,1502,1500,1520,1505,1500,2012,8.2
2025-05-02,11:47:32.300,-44,-29,10,3711,160,42,1,16,0,18,609,-2,6,6,-2,345,515,-1,-1,-1,-1,0x1020480010440005,1508,1501,1500,1500,2012,1499,1504,1500,1500,1500,988,1500,1500,1500,1500,1500,1500,1500,1500,2012,1500,1543,1500,2012,1500,1506,1503,1500,1520,1505,1500,2012,8.2
2025-05-02,11:47:32.800,-44,-29,10,3711,160,42,1,16,0,18,609,-2,5,7,-2,345,515,-1,-1,-1,-1,0x1020480010440005,1507,1500,1500,1500,2012,1499,1503,1500,1500,1499,988,1500,1500,1500,1500,1500,1500,1500,1500,2012,1500,1543,1500,2012,1500,1506,1502,1500,1520,1505,1500,2012,8.2
2025-05-02,11:47:33.300,-31,-34,10,3711,170,42,1,16,0,18,610,-2,5,7,-2,344,515,-1,-1,-1,-1,0x1020480010440004,1507,1501,1500,1500,2012,1499,1503,1500,1500,1499,988,1500,1500,1500,1500,1500,1500,1500,1500,2012,1500,1543,1500,2012,1500,1506,1503,1500,1520,1505,1500,2012,8.2
2025-05-02,11:47:33.800,-34,-34,10,3711,170,42,1,16,0,18,610,-2,6,7,-2,345,515,-1,-1,-1,-1,0x1020480010440004,1507,1501,1500,1500,2012,1499,1504,1500,1500,1499,988,1500,1500,1500,1500,1500,1500,1500,1500,2012,1500,1543,1500,2012,1500,1506,1503,1500,1520,1505,1500,2012,8.2
2025-05-02,11:47:34.300,-37,-33,10,3712,160,42,1,16,0,18,610,-5,5,7,-2,344,515,-1,-1,-1,-1,0x1020480010440004,1507,1500,1500,1500,2012,1498,1503,1500,1500,1498,988,1500,1500,1500,1500,1500,1500,1500,1500,2012,1500,1543,1500,2012,1500,1505,1502,1500,1520,1505,1500,2012,8.2
2025-05-02,11:47:34.800,-40,-38,10,3712,160,42,1,16,0,18,610,-5,3,7,-2,344,515,-1,-1,-1,-1,0x1020480010440004,1507,1500,1500,1500,2012,1498,1502,1500,1500,1498,988,1500,1500,1500,1500,1500,1500,1500,1500,2012,1500,1543,1500,2012,1500,1503,1501,1500,1520,1505,1500,2012,8.2
2025-05-02,11:47:35.300,-61,-50,10,3712,160,42,1,16,0,18,610,-4,4,7,-2,344,515,-1,-1,-1,-1,0x1020480010440004,1507,1500,1500,1500,2012,1498,1502,1500,1500,1498,988,1500,1500,1500,1500,1500,1500,1500,1500,2012,1500,1543,1500,2012,1500,1504,1502,1500,1520,1505,1500,2012,8.2
2025-05-02,11:47:35.800,-59,-47,10,3712,260,42,1,16,0,18,610,-4,5,7,-2,344,515,-1,-1,-1,-1,0x1020480010440004,1507,1500,1500,1500,2012,1498,1503,1500,1500,1498,988,1500,1500,1500,1500,1500,1500,1500,1500,2012,1500,1543,1500,2012,1500,1505,1502,1500,1520,1505,1500,2012,8.2
2025-05-02,11:47:36.300,-62,-42,10,3712,160,42,1,16,0,18,610,-4,3,7,-2,345,515,-1,-1,-1,-1,0x1020480010440004,1507,1500,1500,1500,2012,1498,1502,1500,1500,1498,988,1500,1500,1500,1500,1500,1500,1500,1500,2012,1500,1543,1500,2012,1500,1503,1501,1500,1520,1505,1500,2012,8.2
2025-05-02,11:47:36.800,-55,-53,10,3712,170,42,1,16,0,18,610,-4,3,7,-2,345,515,-1,-1,-1,-1,0x1020480010440004,1507,1500,1500,1500,2012,1498,1502,1500,1500,1498,988,1500,1500,1500,1500,1500,1500,1500,1500,2012,1500,1543,1500,2012,1500,1503,1501,1500,1520,1505,1500,2012,8.2
2025-05-02,11:47:37.300,-55,-48,10,3713,160,42,1,16,0,18,610,-3,3,7,-2,345,515,-1,-1,-1,-1,0x1020480010440004,1507,1500,1500,1500,2012,1499,1502,1500,1500,1499,988,1500,1500,1500,1500,1500,1500,1500,1500,2012,1500,1543,1500,2012,1500,1503,1501,1500,1520,1505,1500,2012,8.2
2025-05-02,11:47:37.800,-62,-53,10,3713,160,42,1,16,0,18,610,-1022,3,7,-2,344,515,-1,-1,-1,-1,0x1020480014440004,1143,1500,1500,1500,2012,989,1502,1500,1500,989,988,1500,1500,1500,1500,1500,1500,1500,1500,2012,1500,1543,1500,2012,1500,1503,1501,1500,1520,1505,1500,2012,8.2
2025-05-02,11:47:38.300,-62,-57,10,3713,390,42,1,16,0,18,610,7,3,7,-2,345,515,-1,-1,-1,-1,0x1020480010440004,1510,1500,1500,1500,2012,1503,1502,1500,1500,1503,988,1500,1500,1500,1500,1500,1500,1500,1500,2012,1500,1543,1500,2012,1500,1503,1501,1500,1520,1505,1500,2012,8.2
2025-05-02,11:47:38.800,-62,-57,10,3712,170,42,1,16,0,18,610,-2,3,7,-2,344,515,-1,-1,-1,-1,0x1020480010440004,1507,1500,1500,1500,2012,1499,1502,1500,1500,1499,988,1500,1500,1500,1500,1500,1500,1500,1500,2012,1500,1543,1500,2012,1500,1503,1501,1500,1520,1505,1500,2012,8.2
2025-05-02,11:47:39.300,-63,-62,10,3712,160,42,1,16,0,18,610,-3,4,6,-2,344,515,-1,-1,-1,-1,0x1020480010440004,1507,1500,1500,1500,2012,1499,1502,1500,1500,1499,988,1500,1500,1500,1500,1500,1500,1500,1500,2012,1500,1543,1500,2012,1500,1504,1502,1500,1520,1505,1500,2012,8.2
2025-05-02,11:47:39.800,-66,-75,10,3713,170,42,1,16,0,18,610,-3,4,7,-2,344,515,-1,-1,-1,-1,0x1020480010440004,1507,1500,1500,1500,2012,1499,1502,1500,1500,1499,988,1500,1500,1500,1500,1500,1500,1500,1500,2012,1500,1543,1500,2012,1500,1504,1502,1500,1520,1505,1500,2012,8.2
2025-05-02,11:47:40.300,-68,-75,10,3713,170,42,1,16,0,18,610,-2,2,7,-2,344,515,-1,-1,-1,-1,0x1020480010440004,1507,1500,1500,1500,2012,1499,1501,1500,1500,1499,988,1500,1500,1500,1500,1500,1500,1500,1500,2012,1500,1543,1500,2012,1500,1501,1500,1500,1520,1505,1500,2012,8.2
2025-05-02,11:47:40.800,-69,-70,10,3713,480,42,1,16,0,18,610,-5,4,6,-2,344,515,-1,-1,-1,-1,0x1020480010440004,1507,1500,1500,1500,2012,1498,1502,1500,1500,1498,988,1500,1500,1500,1500,1500,1500,1500,1500,2012,1500,1543,1500,2012,1500,1504,1502,1500,1520,1505,1500,2012,8.2
2025-05-02,11:47:41.300,-69,-70,10,3713,270,42,1,16,0,18,610,-5,5,7,-2,344,515,-1,-1,-1,-1,0x1020480010440004,1507,1500,1500,1500,2012,1498,1503,1500,1500,1498,988,1500,1500,1500,1500,1500,1500,1500,1500,2012,1500,1543,1500,2012,1500,1505,1502,1500,1520,1505,1500,2012,8.2
2025-05-02,11:47:41.790,-62,-70,10,3713,170,42,1,16,0,18,610,-3,5,7,-2,344,515,-1,-1,-1,-1,0x1020480010440004,1507,1500,1500,1500,2012,1499,1503,1500,1500,1499,988,1500,1500,1500,1500,1500,1500,1500,1500,2012,1500,1543,1500,2012,1500,1505,1502,1500,1520,1505,1500,2012,8.2
2025-05-02,11:47:42.270,-66,-70,10,3714,160,42,1,16,0,18,610,-4,5,7,-1,343,514,-1,-1,-1,-1,0x1020480010440004,1507,1500,1500,1500,2012,1498,1503,1500,1500,1498,988,1500,1500,1500,1500,1500,1500,1500,1500,2012,1500,1543,1500,2012,1500,1505,1502,1500,1520,1505,1500,2012,8.2
2025-05-02,11:47:42.770,-68,-70,10,3714,160,42,1,16,0,18,610,-3,6,7,-2,344,515,-1,-1,-1,-1,0x1020480010440004,1507,1500,1500,1500,2012,1499,1504,1500,1500,1499,988,1500,1500,1500,1500,1500,1500,1500,1500,2012,1500,1543,1500,2012,1500,1505,1502,1500,1520,1505,1500,2012,8.2
2025-05-02,11:47:43.270,-70,-70,10,3714,160,42,1,16,0,18,610,-3,4,7,-2,344,515,-1,-1,-1,-1,0x1020480010440004,1507,1500,1500,1500,2012,1499,1502,1500,1500,1499,988,1500,1500,1500,1500,1500,1500,1500,1500,2012,1500,1543,1500,2012,1500,1504,1502,1500,1520,1505,1500,2012,8.2
2025-05-02,11:47:43.770,-64,-62,10,3714,160,42,1,16,0,18,610,-4,5,7,-2,344,516,-1,-1,-1,-1,0x1020480010440004,1507,1500,1500,1500,2012,1498,1503,1500,1500,1498,988,1500,1500,1500,1500,1500,1500,1500,1500,2012,1500,1543,1500,2012,1500,1505,1502,1500,1520,1505,1500,2012,8.2
2025-05-02,11:47:44.270,-63,-67,10,3714,160,42,1,16,0,18,610,366,6,7,-2,345,515,-1,-1,-1,-1,0x1020480014440004,1596,1501,1500,1500,2012,1688,1505,1500,1500,1678,988,1500,1500,1500,1500,1500,1500,1500,1500,2012,1500,1543,1500,2012,1500,1507,1503,1500,1520,1505,1500,2012,8.2
2025-05-02,11:47:44.770,-63,-67,10,3714,560,42,1,16,0,18,610,1024,106,7,-2,344,515,-1,-1,-1,1,0x1020480014440004,1812,1512,1500,1500,2012,2012,1572,1500,1500,2012,988,1500,1500,1500,1500,1500,1500,1500,1372,1628,1500,1543,1500,2012,1500,1606,1550,1500,1520,1505,1500,2012,8.2
2025-05-02,11:47:45.270,-68,-64,10,3713,700,42,1,16,0,18,610,1024,107,7,-2,344,515,-1,-1,-1,1,0x1020480014440005,1812,1514,1500,1500,2012,2012,1573,1500,1500,2012,988,1500,1500,1500,1500,1500,1500,1500,1372,1628,1500,1543,1500,2012,1500,1608,1555,1500,1520,1505,1500,2012,8.2
2025-05-02,11:47:45.770,-68,-66,10,3712,690,43,1,16,0,18,610,1024,81,7,-2,344,515,-1,-1,-1,1,0x10204B0014440005,1812,1511,1500,1500,2012,2012,1555,1500,1500,2012,988,1500,1500,1500,1500,1500,1500,1500,1372,1628,1500,1543,1500,2012,1500,1583,1544,1500,1520,1505,1500,2012,8.2
2025-05-02,11:47:46.270,-67,-66,10,3712,750,44,1,16,0,18,610,1024,91,7,-2,345,515,-1,-1,-1,-1,0x10204A0014440005,1812,1512,1500,1500,2012,2012,1562,1500,1500,2012,988,1500,1500,1500,1500,1500,1500,1500,1372,1628,1500,1543,1500,2012,1500,1593,1548,1500,1520,1505,1500,2012,8.2
2025-05-02,11:47:46.770,-65,-68,10,3712,780,44,1,16,0,18,611,1024,134,6,-2,344,515,-1,-1,-1,-1,0x10204A0014440005,1812,1516,1500,1500,2012,2012,1592,1500,1500,2012,988,1500,1500,1500,1500,1500,1500,1500,1372,1628,1500,1543,1500,2012,1500,1632,1566,1500,1520,1505,1500,2012,8.2
2025-05-02,11:47:47.270,-64,-68,10,3712,550,44,1,16,0,18,611,1024,86,7,-1,343,515,-1,-1,-1,1,0x1020080014440005,1812,1511,1500,1500,2012,2012,1559,1500,1500,2012,988,1500,1500,1500,1500,1500,1500,1500,1372,1628,1500,1543,1500,2012,1500,1588,1546,1500,1520,1505,1500,2012,8.2
2025-05-02,11:47:47.770,-65,-68,10,3712,560,44,1,16,0,18,611,1024,487,7,-1,344,515,-1,-1,-1,1,0x1020080014440005,1812,1557,1500,1500,2012,2012,1851,1500,1500,2012,988,1500,1500,1500,1500,1500,1500,1500,1372,1628,1500,1543,1500,2012,1500,1870,1728,1500,1520,1505,1500,2012,8.2
2025-05-02,11:47:48.270,-63,-69,10,3712,11730,44,1,16,5060,18,612,-225,1017,6,-2,344,515,-1,-1,-1,1,0x10200B0014442005,1466,1628,1500,1500,2012,1382,2012,1500,1500,1393,988,1500,1500,1500,1500,1500,1500,1500,1372,1628,1500,1543,1500,2012,1500,2012,2012,1500,1520,1505,1500,2012,8.2
2025-05-02,11:47:48.760,-72,-62,10,3679,5510,45,1,16,6280,18,613,-5,1022,6,-2,344,515,-1,-1,-1,1,0x10200B0010442405,1507,1628,1500,1500,2012,1498,2012,1500,1500,1498,988,1500,1500,1500,1500,1500,1500,1500,1372,1628,1500,1543,1500,2012,1500,2012,2012,1500,1520,1505,1500,2012,8.2
2025-05-02,11:47:49.240,-72,-56,10,3681,5210,44,1,16,7292,18,614,-98,1024,6,-2,344,515,-1,-1,-1,1,0x10200B0014442405,1489,1628,1500,1500,2012,1451,2012,1500,1500,1451,988,1500,1500,1500,1500,1500,1500,1500,1372,1628,1500,1543,1500,2012,1500,2012,2012,1500,1520,1505,1500,2012,8.2
2025-05-02,11:47:49.740,-54,-57,10,3686,5750,44,1,16,6654,18,615,-1024,1024,6,-2,344,515,-1,-1,-1,-1,0x1020480014442405,1142,1628,1500,1500,2012,988,2012,1500,1500,988,988,1500,1500,1500,1500,1500,1500,1500,1372,1628,1500,1543,1500,2012,1500,2012,2012,1500,1520,1505,1500,2012,8.2
2025-05-02,11:47:50.240,-39,-57,10,3685,12460,43,1,16,4817,18,615,1024,1024,7,-1,344,515,-1,-1,-1,-1,0x1020480014442405,1812,1628,1500,1500,2012,2012,2012,1500,1500,2012,988,1500,1500,1500,1500,1500,1500,1500,1372,1628,1500,1543,1500,2012,1500,2012,2012,1500,1520,1505,1500,2012,8.2
2025-05-02,11:47:50.740,-52,-47,10,3679,6100,43,1,16,6475,18,617,7,1024,6,-2,344,515,-1,-1,-1,-1,0x1020480010442405,1510,1628,1500,1500,2012,1503,2012,1500,1500,1503,988,1500,1500,1500,1500,1500,1500,1500,1372,1628,1500,1543,1500,2012,1500,2012,2012,1500,1520,1505,1500,2012,8.2
2025-05-02,11:47:51.230,-64,-68,10,3678,5630,43,1,16,6547,18,617,-109,1024,7,-2,344,515,-1,-1,-1,-1,0x1020480014442405,1483,1628,1500,1500,2012,1456,2012,1500,1500,1435,988,1500,1500,1500,1500,1500,1500,1500,1372,1628,1500,1543,1500,2012,1500,2012,2012,1500,1520,1505,1500,2012,8.2
2025-05-02,11:47:51.730,-49,-68,10,3680,350,44,1,16,5740,18,618,1024,-342,6,-2,344,515,-1,-1,-1,-1,0x1020480016480405,1812,1391,1500,1499,2012,2012,1329,1390,1500,2012,988,1500,1500,1500,1500,1500,1500,1390,988,2012,1500,1543,1500,988,1500,1910,1500,1500,1520,1505,1500,2012,8.2
2025-05-02,11:47:52.230,-53,-68,10,3683,870,46,1,16,2557,18,618,1024,315,6,-2,345,515,-1,-1,-1,-1,0x1020480014440405,1812,1540,1500,1500,2012,2012,1716,1500,1500,2012,988,1500,1500,1500,1500,1500,1500,1500,1372,1628,1500,1543,1500,2012,1500,1775,1659,1500,1520,1505,1500,2012,8.2
2025-05-02,11:47:52.730,-60,-56,10,3702,11720,46,1,16,5151,18,619,1024,1021,6,-2,345,516,-1,-1,-1,-1,0x1020480014442005,1812,1628,1500,1500,2012,2012,2012,1500,1500,2012,988,1500,1500,1500,1500,1500,1500,1500,1372,1628,1500,1543,1500,2012,1500,2012,2012,1500,1520,1505,1500,2012,8.2
2025-05-02,11:47:53.230,-58,-56,10,3700,8870,45,1,16,5549,18,620,896,1017,6,-2,344,515,-1,-1,-1,-1,0x1020480014442005,1754,1628,1500,1500,2012,1948,2012,1500,1500,1957,988,1500,1500,1500,1500,1500,1500,1500,1372,1628,1500,1543,1500,2012,1500,2012,2012,1500,1520,1505,1500,2012,8.2
2025-05-02,11:47:53.730,-58,-52,10,3671,5680,44,1,16,6426,18,621,4,1019,6,-2,344,515,-1,-1,-1,-1,0x1020480010442405,1508,1628,1500,1500,2012,1502,2012,1500,1500,1502,988,1500,1500,1500,1500,1500,1500,1500,1372,1628,1500,1543,1500,2012,1500,2012,2012,1500,1520,1505,1500,2012,8.2
2025-05-02,11:47:54.230,-58,-56,10,3676,5310,44,1,16,7463,19,621,303,1022,7,-2,344,515,-1,-1,-1,-1,0x1020480014442405,1585,1628,1500,1500,2012,1651,2012,1500,1500,1652,988,1500,1500,1500,1500,1500,1500,1500,1372,1628,1500,1543,1500,2012,1500,2012,2012,1500,1520,1505,1500,2012,8.2
2025-05-02,11:47:54.730,-67,-58,10,3680,1090,44,1,16,6306,19,622,478,196,6,-2,345,515,-1,-1,-1,-1,0x1020480014440405,1635,1521,1500,1500,2012,1739,1634,1500,1500,1759,988,1500,1500,1500,1500,1500,1500,1500,1372,1628,1500,1543,1500,2012,1500,1672,1584,1500,1520,1505,1500,2012,8.2
2025-05-02,11:47:55.230,-65,-56,10,3687,820,43,1,16,4497,19,622,1024,424,6,-2,344,515,-1,-1,-1,-1,0x1020480014440405,1812,1551,1500,1500,2012,2012,1790,1500,1500,2012,988,1500,1500,1500,1500,1500,1500,1500,1372,1628,1500,1543,1500,2012,1500,1844,1705,1500,1520,1505,1500,2012,8.2
2025-05-02,11:47:55.730,-65,-57,10,3700,780,44,1,16,2490,19,622,1024,366,6,-2,344,515,-1,-1,-1,-1,0x1020480014440405,1812,1546,1500,1500,2012,2012,1750,1500,1500,2012,988,1500,1500,1500,1500,1500,1500,1500,1372,1628,1500,1543,1500,2012,1500,1808,1683,1500,1520,1505,1500,2012,8.2
2025-05-02,11:47:56.230,-59,-62,10,3701,10940,44,1,16,5092,19,623,974,1024,6,-2,345,515,-1,-1,-1,-1,0x1020480014442405,1785,1628,1500,1500,2012,1992,2012,1500,1500,1987,988,1500,1500,1500,1500,1500,1500,1500,1372,1628,1500,1543,1500,2012,1500,2012,2012,1500,1520,1505,1500,2012,8.2
2025-05-02,11:47:56.730,-65,-66,10,3682,5690,44,1,16,6137,19,624,-158,1024,6,-2,344,515,-1,-1,-1,-1,0x1020480014442405,1474,1628,1500,1500,2012,1421,2012,1500,1500,1413,988,1500,1500,1500,1500,1500,1500,1500,1372,1628,1500,1543,1500,2012,1500,2012,2012,1500,1520,1505,1500,2012,8.2
2025-05-02,11:47:57.230,-65,-61,10,3677,5150,44,1,16,7201,19,625,-26,1024,6,-2,345,515,-1,-1,-1,-1,0x1020480010442405,1503,1628,1500,1500,2012,1487,2012,1500,1500,1488,988,1500,1500,1500,1500,1500,1500,1500,1372,1628,1500,1543,1500,2012,1500,2012,2012,1500,1520,1505,1500,2012,8.2
2025-05-02,11:47:57.730,-65,-52,10,3679,1030,44,1,16,7158,19,625,-1024,759,6,-2,345,515,-1,-1,-1,-1,0x1020480014442005,1142,1613,1500,1500,2012,988,2012,1500,1500,988,988,1500,1500,1500,1500,1500,1500,1500,1372,1628,1500,1543,1500,2012,1500,1987,1860,1500,1520,1505,1500,2012,8.2
2025-05-02,11:47:58.230,-65,-47,10,3680,8710,43,1,16,5296,19,626,412,1015,6,-2,345,515,-1,-1,-1,-1,0x1020480014442005,1612,1628,1500,1500,2012,1706,2012,1500,1500,1712,988,1500,1500,1500,1500,1500,1500,1500,1372,1628,1500,1543,1500,2012,1500,2012,2012,1500,1520,1505,1500,2012,8.2
2025-05-02,11:47:58.730,-69,-62,10,3676,4950,43,1,16,8004,19,627,-136,1020,6,-2,345,515,-1,-1,-1,-1,0x1020480014442405,1482,1628,1500,1500,2012,1432,2012,1500,1500,1432,988,1500,1500,1500,1500,1500,1500,1500,1372,1628,1500,1543,1500,2012,1500,2012,2012,1500,1520,1505,1500,2012,8.2
2025-05-02,11:47:59.230,-62,-65,10,3673,5380,43,1,16,6497,19,628,269,1022,6,-2,345,515,-1,-1,-1,-1,0x1020480014442405,1576,1628,1500,1500,2012,1634,2012,1500,1500,1634,988,1500,1500,1500,1500,1500,1500,1500,1372,1628,1500,1543,1500,2012,1500,2012,2012,1500,1520,1505,1500,2012,8.2
2025-05-02,11:47:59.730,-54,-50,10,3676,0,44,1,16,3337,19,628,1024,-2,6,-2,344,515,-1,-1,-1,-1,0x1020480014440405,1812,1499,1500,1500,2012,2012,1499,1499,1500,2012,988,1500,1500,1500,1500,1500,1500,1499,1090,2012,1500,1543,1500,988,1500,1551,1500,1500,1520,1505,1500,2012,8.2
2025-05-02,11:48:00.230,-55,-59,10,3693,1240,44,1,16,2450,19,628,1024,407,6,-2,345,515,-1,-1,-1,-1,0x1020480014440405,1812,1551,1500,1500,2012,2012,1779,1500,1500,2012,988,1500,1500,1500,1500,1500,1500,1500,1372,1628,1500,1543,1500,2012,1500,1834,1705,1500,1520,1505,1500,2012,8.2
2025-05-02,11:48:00.730,-58,-70,10,3697,8570,44,1,16,4953,19,629,1024,733,6,-2,344,515,-1,-1,-1,-1,0x1020480014442405,1812,1623,1500,1500,2012,2012,2002,1500,1500,2012,988,1500,1500,1500,1500,1500,1500,1500,1372,1628,1500,1543,1500,2012,1500,2004,1993,1500,1520,1505,1500,2012,8.2
2025-05-02,11:48:01.230,-63,-55,10,3670,7320,44,1,16,5510,19,630,22,1024,6,-2,344,515,-1,-1,-1,-1,0x1020480010442405,1516,1628,1500,1500,2012,1511,2012,1500,1500,1517,988,1500,1500,1500,1500,1500,1500,1500,1372,1628,1500,1543,1500,2012,1500,2012,2012,1500,1520,1505,1500,2012,8.2
2025-05-02,11:48:01.730,-63,-60,10,3668,5500,44,1,16,6618,19,631,251,1024,6,-2,344,515,-1,-1,-1,-1,0x1020480014442405,1569,1628,1500,1500,2012,1625,2012,1500,1500,1620,988,1500,1500,1500,1500,1500,1500,1500,1372,1628,1500,1543,1500,2012,1500,2012,2012,1500,1520,1505,1500,2012,8.2
2025-05-02,11:48:02.230,-61,-58,10,3672,800,44,1,16,5729,19,631,1024,362,7,-2,344,515,-1,-1,-1,-1,0x1020480014440405,1812,1539,1500,1500,2012,2012,1748,1500,1500,2012,988,1500,1500,1500,1500,1500,1500,1500,1372,1628,1500,1543,1500,2012,1500,1787,1655,1500,1520,1505,1500,2012,8.2
2025-05-02,11:48:02.730,-64,-63,10,3675,6360,44,1,16,6012,19,632,496,1022,6,-2,345,515,-1,-1,-1,-1,0x1020480014442005,1632,1628,1500,1500,2012,1748,2012,1500,1500,1754,988,1500,1500,1500,1500,1500,1500,1500,1372,1628,1500,1543,1500,2012,1500,2012,2012,1500,1520,1505,1500,2012,8.2
2025-05-02,11:48:03.230,-61,-60,10,3672,5950,44,1,16,6436,19,633,1020,605,6,-2,344,515,-1,-1,-1,-1,0x1020480014442005,1811,1594,1500,1500,2012,2010,1914,1500,1500,2009,988,1500,1500,1500,1500,1500,1500,1500,1372,1628,1500,1543,1500,2012,1500,2012,1898,1500,1520,1505,1500,2012,8.2
2025-05-02,11:48:03.730,-62,-62,10,3673,170,44,1,16,2637,19,633,1024,16,6,-2,345,515,-1,-1,-1,-1,0x1020480014440005,1812,1502,1500,1500,2012,2012,1511,1500,1500,2012,988,1500,1500,1500,1500,1500,1500,1500,1264,2012,1500,1543,1500,2012,1500,1516,1509,1500,1520,1505,1500,2012,8.2
2025-05-02,11:48:04.230,-65,-66,10,3698,1120,44,1,16,497,19,633,493,-244,7,-2,344,515,-1,-1,-1,-1,0x10204800164C0005,1634,1398,1500,1499,2012,1746,1378,1397,1500,1757,988,1500,1500,1500,1500,1500,1500,1397,1372,2012,1500,1543,1500,2012,1500,1424,1500,1500,1520,1505,1500,2012,8.2
2025-05-02,11:48:04.730,-64,-66,10,3700,800,44,1,16,0,19,633,-1024,11,7,-2,344,515,-1,-1,-1,-1,0x1020480014440004,1142,1501,1500,1500,2012,988,1507,1500,1500,989,988,1500,1500,1500,1500,1500,1500,1500,1203,2012,1500,1543,1500,2012,1500,1510,1505,1500,1520,1505,1500,2012,8.2
2025-05-02,11:48:05.230,-63,-67,10,3700,1340,43,1,16,3672,19,634,-1024,14,7,-2,344,515,-1,-1,-1,-1,0x1020480014440805,1142,1502,1500,1500,2012,988,1509,1500,1500,988,988,1500,1500,1500,1500,1500,1500,1500,1321,1679,1500,1543,1500,2012,1500,1957,1508,1500,1520,1505,1500,2012,8.2
2025-05-02,11:48:05.730,-60,-67,10,3700,170,43,1,16,116,19,634,-1024,6,6,-2,344,515,-1,-1,-1,-1,0x1020480014440805,1142,1501,1500,1500,2012,988,1504,1500,1500,988,988,1500,1500,1500,1500,1500,1500,1500,1357,2012,1500,1543,1500,2012,1500,1506,1503,1500,1520,1505,1500,2012,8.2
2025-05-02,11:48:06.230,-56,-67,10,3700,560,43,1,16,48,19,634,-1024,341,6,-2,344,515,-1,-1,-1,-1,0x1020480014440805,1142,1543,1500,1500,2012,988,1733,1500,1500,988,988,1500,1500,1500,1500,1500,1500,1500,1372,1628,1500,1543,1500,2012,1500,1792,1671,1500,1520,1505,1500,2012,8.2
2025-05-02,11:48:06.730,-52,-57,10,3700,1250,43,1,16,4089,19,634,-1024,256,7,-2,344,515,-1,-1,-1,-1,0x1020480014440805,1142,1533,1500,1500,2012,988,1675,1500,1500,988,988,1500,1500,1500,1500,1500,1500,1500,1372,1628,1500,1543,1500,2012,1500,1800,1632,1500,1520,1505,1500,2012,8.2
2025-05-02,11:48:07.230,-49,-62,10,3700,680,43,1,16,236,19,634,-308,14,7,-2,345,515,-1,-1,-1,-1,0x1020480014440805,1443,1502,1500,1500,2012,1346,1509,1500,1500,1338,988,1500,1500,1500,1500,1500,1500,1500,1234,2012,1500,1543,1500,2012,1500,1515,1508,1500,1520,1505,1500,2012,8.2
2025-05-02,11:48:07.730,-53,-62,10,3699,980,43,1,16,0,19,635,1,8,6,-2,345,515,-1,-1,-1,-1,0x1020480010440005,1508,1501,1500,1500,2012,1500,1505,1500,1500,1500,988,1500,1500,1500,1500,1500,1500,1500,1372,2012,1500,1543,1500,2012,1500,1508,1504,1500,1520,1505,1500,2012,8.2
2025-05-02,11:48:08.230,-54,-49,10,3700,520,43,1,16,0,19,635,-3,8,6,-2,344,515,-1,-1,-1,-1,0x1020480010440005,1507,1501,1500,1500,2012,1499,1505,1500,1500,1499,988,1500,1500,1500,1500,1500,1500,1500,1372,2012,1500,1543,1500,2012,1500,1508,1504,1500,1520,1505,1500,2012,8.2
2025-05-02,11:48:08.730,-54,-48,10,3701,320,44,1,16,0,19,635,-140,7,7,-2,345,515,-1,-1,-1,-1,0x1020480014440005,1484,1501,1500,1500,2012,1430,1505,1500,1500,1436,988,1500,1500,1500,1500,1500,1500,1500,1500,2012,1500,1543,1500,2012,1500,1507,1503,1500,1520,1505,1500,2012,8.2
2025-05-02,11:48:09.230,-54,-44,10,3701,600,45,1,16,0,19,635,-4,9,7,-2,345,515,-1,-1,-1,-1,0x1020480010440005,1507,1501,1500,1500,2012,1498,1506,1500,1500,1498,988,1500,1500,1500,1500,1500,1500,1500,1500,2012,1500,1543,1500,2012,1500,1509,1505,1500,1520,1505,1500,2012,8.2
2025-05-02,11:48:09.730,-54,-42,10,3701,360,45,1,16,0,19,635,-33,10,7,-2,345,515,-1,-1,-1,-1,0x1020480010440005,1501,1501,1500,1500,2012,1484,1507,1500,1500,1483,988,1500,1500,1500,1500,1500,1500,1500,1500,2012,1500,1543,1500,2012,1500,1510,1506,1500,1520,1505,1500,2012,8.2
2025-05-02,11:48:10.230,-54,-42,10,3701,350,44,1,16,0,19,635,-18,8,7,-2,344,515,-1,-1,-1,-1,0x1020480010440004,1504,1501,1500,1500,2012,1491,1505,1500,1500,1491,988,1500,1500,1500,1500,1500,1500,1500,1500,2012,1500,1543,1500,2012,1500,1509,1504,1500,1520,1505,1500,2012,8.2
2025-05-02,11:48:10.730,-54,-44,10,3702,540,44,1,16,0,19,635,-1,9,7,-2,344,515,-1,-1,-1,-1,0x1020480010440004,1508,1501,1500,1500,2012,1500,1506,1500,1500,1500,988,1500,1500,1500,1500,1500,1500,1500,1500,2012,1500,1543,1500,2012,1500,1509,1505,1500,1520,1505,1500,2012,8.2
2025-05-02,11:48:11.230,-54,-45,10,3702,620,44,1,16,0,19,635,-3,9,7,-2,344,516,-1,-1,-1,-1,0x1020480010440004,1507,1501,1500,1500,2012,1499,1506,1500,1500,1499,988,1500,1500,1500,1500,1500,1500,1500,1500,2012,1500,1543,1500,2012,1500,1508,1504,1500,1520,1505,1500,2012,8.2
2025-05-02,11:48:11.730,-27,-47,10,3702,520,44,1,16,0,19,635,-6,76,6,-2,344,515,-1,-1,-1,-1,0x1020480010440004,1506,1502,1500,1500,2012,1497,1552,1500,1500,1497,988,1500,1500,1500,1500,1500,1500,1500,1500,2012,1500,1543,1500,2012,1500,1536,1509,1500,1520,1505,1500,2012,8.2
2025-05-02,11:48:12.230,-23,-47,10,3703,220,44,1,16,0,19,635,-5,71,7,-2,344,515,-1,-1,-1,-1,0x1020480010440005,1507,1510,1500,1500,2012,1498,1548,1500,1500,1498,988,1500,1500,1500,1500,1500,1500,1500,1372,1628,1500,1543,1500,2012,1500,1573,1540,1500,1520,1505,1500,2012,8.2
2025-05-02,11:48:12.730,-22,-47,10,3704,170,44,1,16,0,19,635,-4,99,7,-2,344,515,-1,-1,-1,-1,0x1020480010440005,1507,1513,1500,1500,2012,1498,1568,1500,1500,1498,988,1500,1500,1500,1500,1500,1500,1500,1372,1628,1500,1543,1500,2012,1500,1599,1551,1500,1520,1505,1500,2012,8.2
2025-05-02,11:48:13.230,-22,-47,10,3705,160,44,1,16,0,19,635,-4,115,7,-2,345,515,-1,-1,-1,-1,0x1020480010440005,1507,1514,1500,1500,2012,1498,1579,1500,1500,1498,988,1500,1500,1500,1500,1500,1500,1500,1372,1628,1500,1543,1500,2012,1500,1615,1558,1500,1520,1505,1500,2012,8.2
2025-05-02,11:48:13.730,-21,-47,10,3705,170,43,1,16,0,19,635,-4,122,7,-2,345,515,-1,-1,-1,-1,0x1020480010440005,1507,1515,1500,1500,2012,1498,1583,1500,1500,1498,988,1500,1500,1500,1500,1500,1500,1500,1372,1628,1500,1543,1500,2012,1500,1622,1561,1500,1520,1505,1500,2012,8.2
2025-05-02,11:48:14.230,-22,-47,10,3706,350,43,1,16,0,19,635,-3,116,6,-2,344,516,-1,-1,-1,-1,0x1020480010440005,1507,1515,1500,1500,2012,1499,1579,1500,1500,1499,988,1500,1500,1500,1500,1500,1500,1500,1372,1628,1500,1543,1500,2012,1500,1616,1559,1500,1520,1505,1500,2012,8.2
2025-05-02,11:48:14.730,-22,-47,10,3706,300,43,1,16,0,19,635,-4,139,7,-2,344,515,-1,-1,-1,-1,0x1020480010440005,1507,1517,1500,1500,2012,1498,1595,1500,1500,1498,988,1500,1500,1500,1500,1500,1500,1500,1372,1628,1500,1543,1500,2012,1500,1637,1568,1500,1520,1505,1500,2012,8.2
2025-05-02,11:48:15.230,-21,-47,10,3706,180,43,1,16,0,19,635,-4,139,7,-2,345,515,-1,-1,-1,-1,0x1020480010440005,1507,1517,1500,1500,2012,1498,1595,1500,1500,1498,988,1500,1500,1500,1500,1500,1500,1500,1372,1628,1500,1543,1500,2012,1500,1637,1568,1500,1520,1505,1500,2012,8.2
2025-05-02,11:48:15.730,-23,-47,10,3706,220,43,1,16,0,19,635,-4,121,7,-2,344,515,-1,-1,-1,-1,0x1020480010440005,1507,1515,1500,1500,2012,1498,1583,1500,1500,1498,988,1500,1500,1500,1500,1500,1500,1500,1372,1628,1500,1543,1500,2012,1500,1622,1561,1500,1520,1505,1500,2012,8.2
2025-05-02,11:48:16.230,-25,-28,10,3707,170,43,1,16,0,19,635,-4,106,7,-2,344,515,-1,-1,-1,-1,0x1020480010440005,1507,1513,1500,1500,2012,1498,1572,1500,1500,1498,988,1500,1500,1500,1500,1500,1500,1500,1372,1628,1500,1543,1500,2012,1500,1607,1554,1500,1520,1505,1500,2012,8.2
2025-05-02,11:48:16.730,-27,-28,10,3707,170,43,1,16,0,19,635,-3,49,7,-2,345,515,-1,-1,-1,-1,0x1020480010440005,1507,1507,1500,1500,2012,1499,1533,1500,1500,1498,988,1500,1500,1500,1500,1500,1500,1500,1372,1628,1500,1543,1500,2012,1500,1552,1530,1500,1520,1505,1500,2012,8.2
2025-05-02,11:48:17.230,-31,-26,10,3707,160,42,1,16,0,19,635,3,11,7,-2,344,515,-1,-1,-1,-1,0x1020480010440005,1508,1501,1500,1500,2012,1501,1507,1500,1500,1501,988,1500,1500,1500,1500,1500,1500,1500,1326,2012,1500,1543,1500,2012,1500,1512,1506,1500,1520,1505,1500,2012,8.2
2025-05-02,11:48:17.730,-31,-28,10,3707,260,42,1,16,336,19,636,-2,8,7,-2,345,515,-1,-1,-1,-1,0x1020480010440005,1507,1501,1500,1500,2012,1499,1505,1500,1500,1499,988,1500,1500,1500,1500,1500,1500,1500,1372,2012,1500,1543,1500,2012,1500,1508,1504,1500,1520,1505,1500,2012,8.2
2025-05-02,11:48:18.230,-31,-28,10,3707,160,42,1,16,0,19,636,-4,7,7,-2,345,515,-1,-1,-1,-1,0x1020480010440005,1507,1501,1500,1500,2012,1498,1505,1500,1500,1499,988,1500,1500,1500,1500,1500,1500,1500,1469,2012,1500,1543,1500,2012,1500,1506,1503,1500,1520,1505,1500,2012,8.2
2025-05-02,11:48:18.730,-43,-48,10,3707,210,42,1,16,41,19,636,-4,7,6,-2,344,515,-1,-1,-1,-1,0x1020480010440005,1507,1501,1500,1500,2012,1498,1505,1500,1500,1498,988,1500,1500,1500,1500,1500,1500,1500,1500,2012,1500,1543,1500,2012,1500,1507,1503,1500,1520,1505,1500,2012,8.2
2025-05-02,11:48:19.230,-47,-34,10,3708,260,42,1,16,260,19,636,-3,6,7,-2,345,515,-1,-1,-1,-1,0x1020480010440005,1507,1501,1500,1500,2012,1499,1504,1500,1500,1499,988,1500,1500,1500,1500,1500,1500,1500,1500,2012,1500,1543,1500,2012,1500,1506,1503,1500,1520,1505,1500,2012,8.2
2025-05-02,11:48:19.730,-47,-34,10,3708,430,42,1,16,0,19,636,199,7,6,-2,344,515,-1,-1,-1,-1,0x1020480014440005,1545,1501,1500,1500,2012,1599,1505,1500,1500,1574,988,1500,1500,1500,1500,1500,1500,1500,1500,2012,1500,1543,1500,2012,1500,1507,1503,1500,1520,1505,1500,2012,8.2
2025-05-02,11:48:20.230,-48,-43,10,3708,220,42,1,16,0,19,636,-4,4,6,-2,345,515,-1,-1,-1,-1,0x1020480010440004,1507,1500,1500,1500,2012,1498,1502,1500,1500,1499,988,1500,1500,1500,1500,1500,1500,1500,1500,2012,1500,1543,1500,2012,1500,1503,1502,1500,1520,1505,1500,2012,8.2
2025-05-02,11:48:20.730,-48,-38,10,3708,210,43,1,16,0,19,636,-3,6,6,-2,345,515,-1,-1,-1,-1,0x1020480010440004,1507,1501,1500,1500,2012,1499,1504,1500,1500,1499,988,1500,1500,1500,1500,1500,1500,1500,1500,2012,1500,1543,1500,2012,1500,1506,1503,1500,1520,1505,1500,2012,8.2
2025-05-02,11:48:21.230,-48,-27,10,3708,190,43,1,16,0,19,636,-4,5,7,-2,344,515,-1,-1,-1,-1,0x1020480010440004,1507,1500,1500,1500,2012,1498,1503,1500,1500,1498,988,1500,1500,1500,1500,1500,1500,1500,1500,2012,1500,1543,1500,2012,1500,1505,1502,1500,1520,1505,1500,2012,8.2
2025-05-02,11:48:21.730,-33,-33,10,3708,210,43,1,16,0,19,636,-4,6,7,-2,345,515,-1,-1,-1,-1,0x1020480010440004,1507,1501,1500,1500,2012,1498,1504,1500,1500,1499,988,1500,1500,1500,1500,1500,1500,1500,1500,2012,1500,1543,1500,2012,1500,1506,1503,1500,1520,1505,1500,2012,8.2
2025-05-02,11:48:22.230,-35,-33,10,3708,190,43,1,16,0,19,636,-3,6,6,-2,344,515,-1,-1,-1,-1,0x1020480010440004,1507,1501,1500,1500,2012,1499,1504,1500,1500,1499,988,1500,1500,1500,1500,1500,1500,1500,1500,2012,1500,1543,1500,2012,1500,1506,1503,1500,1520,1505,1500,2012,8.2
2025-05-02,11:48:22.730,-35,-43,10,3709,200,43,1,16,0,19,636,-4,7,7,-2,344,515,-1,-1,-1,-1,0x1020480010440004,1507,1501,1500,1500,2012,1498,1505,1500,1500,1498,988,1500,1500,1500,1500,1500,1500,1500,1500,2012,1500,1543,1500,2012,1500,1507,1503,1500,1520,1505,1500,2012,8.2
2025-05-02,11:48:23.230,-41,-41,10,3709,200,43,1,16,0,19,636,-4,6,6,-2,345,515,-1,-1,-1,-1,0x1020480010440004,1507,1501,1500,1500,2012,1498,1504,1500,1500,1498,988,1500,1500,1500,1500,1500,1500,1500,1500,2012,1500,1543,1500,2012,1500,1506,1503,1500,1520,1505,1500,2012,8.2
2025-05-02,11:48:23.730,-41,-44,10,3709,210,43,1,16,0,19,636,-3,5,6,-2,345,515,-1,-1,-1,-1,0x1020480010440004,1507,1500,1500,1500,2012,1499,1503,1500,1500,1499,988,1500,1500,1500,1500,1500,1500,1500,1500,2012,1500,1543,1500,2012,1500,1505,1502,1500,1520,1505,1500,2012,8.2
2025-05-02,11:48:24.230,-50,-49,10,3709,160,43,1,16,0,19,636,-4,5,7,-2,344,516,-1,-1,-1,-1,0x1020480010440004,1507,1500,1500,1500,2012,1498,1503,1500,1500,1498,988,1500,1500,1500,1500,1500,1500,1500,1500,2012,1500,1543,1500,2012,1500,1505,1502,1500,1520,1505,1500,2012,8.2
2025-05-02,11:48:24.730,-52,-50,10,3709,160,43,1,16,0,19,636,-4,5,7,-2,344,515,-1,-1,-1,-1,0x1020480010440004,1507,1500,1500,1500,2012,1498,1503,1500,1500,1498,988,1500,1500,1500,1500,1500,1500,1500,1500,2012,1500,1543,1500,2012,1500,1505,1502,1500,1520,1505,1500,2012,8.2
2025-05-02,11:48:25.230,-52,-52,10,3709,250,43,1,16,0,19,636,-4,7,7,-2,345,515,-1,-1,-1,-1,0x1020480010440004,1507,1501,1500,1500,2012,1498,1505,1500,1500,1498,988,1500,1500,1500,1500,1500,1500,1500,1500,2012,1500,1543,1500,2012,1500,1506,1503,1500,1520,1505,1500,2012,8.2
2025-05-02,11:48:25.730,-52,-53,10,3710,160,42,1,16,0,19,636,-3,4,7,-2,344,515,-1,-1,-1,-1,0x1020480010440004,1507,1500,1500,1500,2012,1499,1502,1500,1500,1499,988,1500,1500,1500,1500,1500,1500,1500,1500,2012,1500,1543,1500,2012,1500,1504,1502,1500,1520,1505,1500,2012,8.2
2025-05-02,11:48:26.230,-58,-56,10,3710,160,42,1,16,0,19,636,-4,4,7,-2,344,515,-1,-1,-1,-1,0x1020480010440004,1507,1500,1500,1500,2012,1498,1502,1500,1500,1498,988,1500,1500,1500,1500,1500,1500,1500,1500,2012,1500,1543,1500,2012,1500,1504,1502,1500,1520,1505,1500,2012,8.2
2025-05-02,11:48:26.730,-59,-56,10,3710,160,42,1,16,0,19,636,-2,5,6,-2,344,515,-1,-1,-1,-1,0x1020480010440004,1507,1500,1500,1500,2012,1499,1503,1500,1500,1499,988,1500,1500,1500,1500,1500,1500,1500,1500,2012,1500,1543,1500,2012,1500,1505,1502,1500,1520,1505,1500,2012,8.2
2025-05-02,11:48:27.230,-69,-55,10,3710,160,42,1,16,0,19,636,-66,7,7,-2,345,515,-1,-1,-1,-1,0x1020480014440004,1498,1501,1500,1500,2012,1467,1505,1500,1500,1473,988,1500,1500,1500,1500,1500,1500,1500,1500,2012,1500,1543,1500,2012,1500,1507,1503,1500,1520,1505,1500,2012,8.2
2025-05-02,11:48:27.730,-57,-65,10,3710,230,42,1,16,0,19,636,5,7,7,-2,345,515,-1,-1,-1,-1,0x1020480010440004,1509,1501,1500,1500,2012,1502,1505,1500,1500,1502,988,1500,1500,1500,1500,1500,1500,1500,1500,2012,1500,1543,1500,2012,1500,1507,1503,1500,1520,1505,1500,2012,8.2
2025-05-02,11:48:28.230,-55,-65,10,3710,2470,42,1,16,3,19,636,532,425,7,-2,345,515,-1,-1,-1,-1,0x1020480014440005,1638,1553,1500,1500,2012,1766,1791,1500,1500,1765,988,1500,1500,1500,1500,1500,1500,1500,1372,1628,1500,1543,1500,2012,1500,1845,1714,1500,1520,1505,1500,2012,8.2
2025-05-02,11:48:28.730,-57,-65,10,3709,670,43,1,16,1279,19,636,288,143,7,-2,345,515,-1,-1,-1,-1,0x1020480014440005,1582,1517,1500,1500,2012,1644,1598,1500,1500,1644,988,1500,1500,1500,1500,1500,1500,1500,1372,1628,1500,1543,1500,2012,1500,1640,1569,1500,1520,1505,1500,2012,8.2
2025-05-02,11:48:29.230,-59,-65,10,3708,5870,43,1,16,1369,19,636,1024,1019,6,-2,345,515,-1,-1,-1,-1,0x1020480014442005,1812,1628,1500,1500,2012,2012,2012,1500,1500,2012,988,1500,1500,1500,1500,1500,1500,1500,1372,1628,1500,1543,1500,2012,1500,2012,2012,1500,1520,1505,1500,2012,8.2
2025-05-02,11:48:29.730,-61,-65,10,3705,7260,43,1,16,5832,19,638,952,1018,6,-2,344,515,-1,-1,-1,-1,0x1020480014442005,1761,1628,1500,1500,2012,1976,2012,1500,1500,1964,988,1500,1500,1500,1500,1500,1500,1500,1372,1628,1500,1543,1500,2012,1500,2012,2012,1500,1520,1505,1500,2012,8.2
2025-05-02,11:48:30.230,-62,-65,10,3679,5280,43,1,16,6709,19,639,-107,1021,6,-2,345,515,-1,-1,-1,-1,0x1020480014442405,1488,1628,1500,1500,2012,1447,2012,1500,1500,1447,988,1500,1500,1500,1500,1500,1500,1500,1372,1628,1500,1543,1500,2012,1500,2012,2012,1500,1520,1505,1500,2012,8.2
2025-05-02,11:48:30.730,-53,-65,10,3680,6090,44,1,16,7383,19,639,-853,1022,7,-2,345,515,-1,-1,-1,-1,0x1020480014442405,1233,1628,1500,1500,2012,1074,2012,1500,1500,1058,988,1500,1500,1500,1500,1500,1500,1500,1372,1628,1500,1543,1500,2012,1500,2012,2012,1500,1520,1505,1500,2012,8.2
2025-05-02,11:48:31.230,-40,-65,10,3681,6160,45,1,16,5792,19,640,-1024,1022,6,-2,345,515,-1,-1,-1,-1,0x1020480014442C05,1142,1628,1500,1500,2012,988,2012,1500,1500,988,988,1500,1500,1500,1500,1500,1500,1500,1372,1628,1500,1543,1500,2012,1500,2012,2012,1500,1520,1505,1500,2012,8.2
2025-05-02,11:48:31.730,-58,-54,10,3678,6160,45,1,16,5664,19,641,-1024,1024,6,-2,345,516,-1,-1,-1,-1,0x1020480014442405,1142,1628,1500,1500,2012,988,2012,1500,1500,988,988,1500,1500,1500,1500,1500,1500,1500,1372,1628,1500,1543,1500,2012,1500,2012,2012,1500,1520,1505,1500,2012,8.2
2025-05-02,11:48:32.230,-58,-54,10,3673,6870,45,1,16,5609,19,642,1,1024,6,-2,345,515,-1,-1,-1,-1,0x1020480010442405,1508,1628,1500,1500,2012,1500,2012,1500,1500,1500,988,1500,1500,1500,1500,1500,1500,1500,1372,1628,1500,1543,1500,2012,1500,2012,2012,1500,1520,1505,1500,2012,8.2
2025-05-02,11:48:32.730,-60,-65,10,3673,740,45,1,16,5502,19,643,1024,3,6,-2,345,515,-1,-1,-1,-1,0x1020480014400405,1812,1500,1500,1500,2012,2012,1502,1500,1500,2012,988,1500,1500,1500,1500,1500,1500,1500,1018,2012,1500,1543,1500,988,1500,1697,1500,1500,1520,1505,1500,2012,8.2
2025-05-02,11:48:33.230,-51,-65,10,3683,1150,45,1,16,2897,19,643,1024,397,6,-2,344,515,-1,-1,-1,-1,0x1020480014440405,1812,1553,1500,1500,2012,2012,1772,1500,1500,2012,988,1500,1500,1500,1500,1500,1500,1500,1372,1628,1500,1543,1500,2012,1500,1842,1711,1500,1520,1505,1500,2012,8.2
2025-05-02,11:48:33.730,-55,-54,10,3698,16000,45,1,16,4906,19,643,1024,1022,6,-2,345,515,-1,-1,-1,-1,0x1020480014442405,1812,1628,1500,1500,2012,2012,2012,1500,1500,2012,988,1500,1500,1500,1500,1500,1500,1500,1372,1628,1500,1543,1500,2012,1500,2012,2012,1500,1520,1505,1500,2012,8.2
2025-05-02,11:48:34.230,-59,-58,10,3686,8200,45,1,16,5343,19,644,998,1021,6,-2,344,515,-1,-1,-1,-1,0x1020480014442005,1803,1628,1500,1500,2012,1999,2012,1500,1500,2011,988,1500,1500,1500,1500,1500,1500,1500,1372,1628,1500,1543,1500,2012,1500,2012,2012,1500,1520,1505,1500,2012,8.2
2025-05-02,11:48:34.730,-71,-55,10,3669,5390,45,1,16,6426,19,645,142,1021,6,-2,344,515,-1,-1,-1,-1,0x1020480014442005,1544,1628,1500,1500,2012,1571,2012,1500,1500,1571,988,1500,1500,1500,1500,1500,1500,1500,1372,1628,1500,1543,1500,2012,1500,2012,2012,1500,1520,1505,1500,2012,8.2
2025-05-02,11:48:35.230,-57,-66,10,3673,5720,45,1,16,6906,19,646,242,959,6,-2,345,515,-1,-1,-1,-1,0x1020480014442005,1573,1628,1500,1500,2012,1621,2012,1500,1500,1627,988,1500,1500,1500,1500,1500,1500,1500,1372,1628,1500,1543,1500,2012,1500,2012,2012,1500,1520,1505,1500,2012,8.2
2025-05-02,11:48:35.730,-58,-66,10,3677,5230,45,1,16,6837,19,647,1,1018,6,-2,344,515,-1,-1,-1,-1,0x1020480010442005,1508,1628,1500,1500,2012,1500,2012,1500,1500,1500,988,1500,1500,1500,1500,1500,1500,1500,1372,1628,1500,1543,1500,2012,1500,2012,2012,1500,1520,1505,1500,2012,8.2
2025-05-02,11:48:36.230,-61,-56,10,3677,660,44,1,16,6437,19,647,649,5,7,-2,345,515,-1,-1,-1,-1,0x1020480014440005,1668,1501,1500,1500,2012,1824,1503,1500,1500,1819,988,1500,1500,1500,1500,1500,1500,1500,988,2012,1500,1543,1500,2012,1500,1506,1503,1500,1520,1505,1500,2012,8.2
2025-05-02,11:48:36.730,-61,-57,10,3696,0,44,1,16,2616,19,647,810,-489,7,-2,344,515,-1,-1,-1,-1,0x10204800164C0005,1718,1301,1500,1498,2012,1905,1256,1300,1500,1904,988,1500,1500,1500,1500,1500,1500,1299,1372,2012,1500,1543,1500,988,1500,1197,1500,1500,1520,1505,1500,2012,8.2
2025-05-02,11:48:37.230,-65,-60,10,3699,340,44,1,16,1573,19,647,-3,1,6,-2,344,515,-1,-1,-1,-1,0x1020480010440005,1507,1500,1500,1500,2012,1499,1500,1500,1500,1499,988,1500,1500,1500,1500,1500,1500,1500,1372,2012,1500,1543,1500,2012,1500,1501,1500,1500,1520,1505,1500,2012,8.2
2025-05-02,11:48:37.730,-65,-60,10,3702,210,44,1,16,1156,19,647,-4,7,7,-2,345,515,-1,-1,-1,-1,0x1020480010440005,1507,1501,1500,1500,2012,1498,1505,1500,1500,1498,988,1500,1500,1500,1500,1500,1500,1500,1500,2012,1500,1543,1500,2012,1500,1507,1503,1500,1520,1505,1500,2012,8.2
2025-05-02,11:48:38.230,-65,-57,10,3702,570,44,1,16,902,19,647,395,12,6,-2,344,515,-1,-1,-1,-1,0x1020480014440005,1584,1501,1500,1500,2012,1697,1508,1500,1500,1648,988,1500,1500,1500,1500,1500,1500,1500,1500,2012,1500,1543,1500,2012,1500,1512,1506,1500,1520,1505,1500,2012,8.2
2025-05-02,11:48:38.730,-54,-62,10,3702,1100,44,1,16,290,19,647,1024,581,7,-2,344,515,-1,-1,-1,-1,0x1020480014440005,1812,1570,1500,1500,2012,2012,1898,1500,1500,2012,988,1500,1500,1500,1500,1500,1500,1500,1372,1628,1500,1543,1500,2012,1500,1910,1780,1500,1520,1505,1500,2012,8.2
2025-05-02,11:48:39.230,-56,-62,10,3699,910,44,1,16,1632,19,648,1024,494,7,-2,344,515,-1,-1,-1,-1,0x1020480014440005,1812,1559,1500,1500,2012,2012,1838,1500,1500,2012,988,1500,1500,1500,1500,1500,1500,1500,1372,1628,1500,1543,1500,2012,1500,1870,1735,1500,1520,1505,1500,2012,8.2
2025-05-02,11:48:39.730,-56,-62,10,3693,3140,44,1,16,769,19,649,-18,1,7,-2,345,515,-1,-1,-1,-1,0x1020480010440005,1502,1500,1500,1500,2012,1491,1500,1500,1500,1486,988,1500,1500,1500,1500,1500,1500,1500,1050,2012,1500,1543,1500,2012,1500,1501,1500,1500,1520,1505,1500,2012,8.2
2025-05-02,11:48:40.230,-58,-56,10,3694,1160,46,1,16,0,19,649,-6,6,6,-2,345,515,-1,-1,-1,-1,0x1020480010440005,1507,1501,1500,1500,2012,1497,1504,1500,1500,1498,988,1500,1500,1500,1500,1500,1500,1500,1372,2012,1500,1543,1500,2012,1500,1506,1503,1500,1520,1505,1500,2012,8.2
2025-05-02,11:48:40.730,-49,-58,10,3696,1190,47,1,16,0,19,649,-6,6,7,-2,344,515,-1,-1,-1,-1,0x1020480010440005,1506,1501,1500,1500,2012,1497,1504,1500,1500,1497,988,1500,1500,1500,1500,1500,1500,1500,1372,2012,1500,1543,1500,2012,1500,1506,1503,1500,1520,1505,1500,2012,8.2
2025-05-02,11:48:41.230,-50,-58,10,3698,940,48,1,16,0,19,649,-5,12,7,-2,345,515,-1,-1,-1,-1,0x1020480010440005,1507,1502,1500,1500,2012,1498,1508,1500,1500,1498,988,1500,1500,1500,1500,1500,1500,1500,1168,1832,1500,1543,1500,2012,1500,1513,1507,1500,1520,1505,1500,2012,8.2
2025-05-02,11:48:41.730,-46,-58,10,3698,1060,47,1,16,0,19,649,-5,6,7,-2,344,515,-1,-1,-1,-1,0x1020480010440005,1507,1501,1500,1500,2012,1498,1504,1500,1500,1498,988,1500,1500,1500,1500,1500,1500,1500,1285,2012,1500,1543,1500,2012,1500,1506,1503,1500,1520,1505,1500,2012,8.2
2025-05-02,11:48:42.230,-43,-58,10,3699,950,47,1,16,0,19,649,-5,4,7,-2,344,515,-1,-1,-1,-1,0x1020480010440005,1507,1500,1500,1500,2012,1498,1502,1500,1500,1498,988,1500,1500,1500,1500,1500,1500,1500,1372,2012,1500,1543,1500,2012,1500,1504,1502,1500,1520,1505,1500,2012,8.2
2025-05-02,11:48:42.730,-30,-58,10,3699,980,47,1,16,0,19,650,2,5,7,-2,345,515,-1,-1,-1,-1,0x1020480010440005,1506,1500,1500,1500,2012,1501,1503,1500,1500,1494,988,1500,1500,1500,1500,1500,1500,1500,1412,2012,1500,1543,1500,2012,1500,1504,1502,1500,1520,1505,1500,2012,8.2
2025-05-02,11:48:43.230,-31,-58,10,3700,170,47,1,16,0,19,650,-4,5,7,-2,345,516,-1,-1,-1,-1,0x1020480010440005,1507,1500,1500,1500,2012,1498,1503,1500,1500,1498,988,1500,1500,1500,1500,1500,1500,1500,1500,2012,1500,1543,1500,2012,1500,1505,1502,1500,1520,1505,1500,2012,8.2
2025-05-02,11:48:43.730,-34,-58,10,3703,160,46,1,16,0,19,650,-4,5,7,-2,344,515,-1,-1,-1,-1,0x1020480010440005,1507,1500,1500,1500,2012,1498,1503,1500,1500,1498,988,1500,1500,1500,1500,1500,1500,1500,1500,2012,1500,1543,1500,2012,1500,1505,1502,1500,1520,1505,1500,2012,8.2
2025-05-02,11:48:44.230,-38,-38,10,3704,210,43,1,16,0,19,650,-4,4,6,-2,344,515,-1,-1,-1,-1,0x1020480010440005,1507,1500,1500,1500,2012,1498,1502,1500,1500,1498,988,1500,1500,1500,1500,1500,1500,1500,1500,2012,1500,1543,1500,2012,1500,1504,1502,1500,1520,1505,1500,2012,8.2
2025-05-02,11:48:44.730,-51,-43,10,3704,160,43,1,16,519,19,650,-3,4,7,-2,345,515,-1,-1,-1,-1,0x1020480010440004,1507,1500,1500,1500,2012,1499,1502,1500,1500,1498,988,1500,1500,1500,1500,1500,1500,1500,1500,2012,1500,1543,1500,2012,1500,1504,1502,1500,1520,1505,1500,2012,8.2
2025-05-02,11:48:45.230,-51,-36,10,3704,170,43,1,16,0,19,650,-3,5,7,-2,344,515,-1,-1,-1,-1,0x1020480010440004,1507,1500,1500,1500,2012,1499,1503,1500,1500,1499,988,1500,1500,1500,1500,1500,1500,1500,1500,2012,1500,1543,1500,2012,1500,1505,1502,1500,1520,1505,1500,2012,8.2
2025-05-02,11:48:45.730,-52,-46,10,3704,210,43,1,16,0,19,650,-2,5,6,-2,344,516,-1,-1,-1,-1,0x1020480010440004,1508,1500,1500,1500,2012,1499,1503,1500,1500,1500,988,1500,1500,1500,1500,1500,1500,1500,1500,2012,1500,1543,1500,2012,1500,1504,1502,1500,1520,1505,1500,2012,8.2
2025-05-02,11:48:46.230,-52,-48,10,3705,180,43,1,16,0,19,650,-3,4,7,-2,345,515,-1,-1,-1,-1,0x1020480010440004,1507,1500,1500,1500,2012,1499,1502,1500,1500,1499,988,1500,1500,1500,1500,1500,1500,1500,1500,2012,1500,1543,1500,2012,1500,1504,1502,1500,1520,1505,1500,2012,8.2
2025-05-02,11:48:46.730,-50,-50,10,3705,150,43,1,16,0,19,650,-4,4,7,-2,344,515,-1,-1,-1,-1,0x1020480010440004,1507,1500,1500,1500,2012,1498,1503,1500,1500,1498,988,1500,1500,1500,1500,1500,1500,1500,1500,2012,1500,1543,1500,2012,1500,1504,1502,1500,1520,1505,1500,2012,8.2
2025-05-02,11:48:47.230,-50,-47,10,3705,230,43,1,16,0,19,650,-3,4,7,-2,345,515,-1,-1,-1,-1,0x1020480010440004,1507,1500,1500,1500,2012,1499,1502,1500,1500,1499,988,1500,1500,1500,1500,1500,1500,1500,1500,2012,1500,1543,1500,2012,1500,1504,1502,1500,1520,1505,1500,2012,8.2
2025-05-02,11:48:47.730,-50,-49,10,3705,160,42,1,16,0,19,650,-4,4,7,-2,345,515,-1,-1,-1,-1,0x1020480010440004,1507,1500,1500,1500,2012,1498,1502,1500,1500,1499,988,1500,1500,1500,1500,1500,1500,1500,1500,2012,1500,1543,1500,2012,1500,1504,1502,1500,1520,1505,1500,2012,8.2
2025-05-02,11:48:48.230,-65,-59,10,3706,160,42,1,16,0,19,650,-4,4,7,-2,344,515,-1,-1,-1,-1,0x1020480010440004,1507,1500,1500,1500,2012,1498,1502,1500,1500,1498,988,1500,1500,1500,1500,1500,1500,1500,1500,2012,1500,1543,1500,2012,1500,1504,1502,1500,1520,1505,1500,2012,8.2
2025-05-02,11:48:48.730,-65,-56,10,3706,170,42,1,16,0,19,650,-4,4,7,-2,345,515,-1,-1,-1,-1,0x1020480010440004,1507,1500,1500,1500,2012,1498,1502,1500,1500,1498,988,1500,1500,1500,1500,1500,1500,1500,1500,2012,1500,1543,1500,2012,1500,1504,1502,1500,1520,1505,1500,2012,8.2
2025-05-02,11:48:49.230,-65,-55,10,3706,160,42,1,16,0,19,650,-4,5,7,-2,345,515,-1,-1,-1,-1,0x1020480010440004,1507,1500,1500,1500,2012,1498,1503,1500,1500,1498,988,1500,1500,1500,1500,1500,1500,1500,1500,2012,1500,1543,1500,2012,1500,1505,1502,1500,1520,1505,1500,2012,8.2
2025-05-02,11:48:49.720,-65,-53,10,3706,160,42,1,16,0,19,650,-5,5,7,-1,344,515,-1,-1,-1,-1,0x1020480010440004,1507,1500,1500,1500,2012,1498,1503,1500,1500,1498,988,1500,1500,1500,1500,1500,1500,1500,1500,2012,1500,1543,1500,2012,1500,1505,1502,1500,1520,1505,1500,2012,8.2
2025-05-02,11:48:50.200,-60,-62,10,3706,170,42,1,16,0,19,650,-4,5,7,-2,344,515,-1,-1,-1,-1,0x1020480010440004,1507,1500,1500,1500,2012,1498,1503,1500,1500,1498,988,1500,1500,1500,1500,1500,1500,1500,1500,2012,1500,1543,1500,2012,1500,1505,1502,1500,1520,1505,1500,2012,8.2
2025-05-02,11:48:50.700,-60,-60,10,3707,170,42,1,16,0,19,650,-4,7,7,-2,344,515,-1,-1,-1,-1,0x1020480010440004,1507,1501,1500,1500,2012,1498,1505,1500,1500,1498,988,1500,1500,1500,1500,1500,1500,1500,1500,2012,1500,1543,1500,2012,1500,1507,1503,1500,1520,1505,1500,2012,8.2
2025-05-02,11:48:51.200,-60,-62,10,3707,160,42,1,16,0,19,650,-2,7,7,-2,345,515,-1,-1,-1,-1,0x1020480010440004,1507,1501,1500,1500,2012,1499,1505,1500,1500,1499,988,1500,1500,1500,1500,1500,1500,1500,1500,2012,1500,1543,1500,2012,1500,1507,1503,1500,1520,1505,1500,2012,8.2
2025-05-02,11:48:51.700,-70,-79,10,3707,160,42,1,16,0,19,650,-4,170,7,-2,345,515,-1,-1,-1,-1,0x1020480010440004,1507,1518,1500,1500,2012,1498,1616,1500,1500,1498,988,1500,1500,1500,1500,1500,1500,1500,1372,1628,1500,1543,1500,2012,1500,1654,1571,1500,1520,1505,1500,2012,8.2
2025-05-02,11:48:52.200,-66,-74,10,3707,160,42,1,16,0,19,650,-3,9,7,-2,344,515,-1,-1,-1,-1,0x1020480010440005,1507,1501,1500,1500,2012,1499,1506,1500,1500,1499,988,1500,1500,1500,1500,1500,1500,1500,1122,2012,1500,1543,1500,2012,1500,1509,1505,1500,1520,1505,1500,2012,8.2
2025-05-02,11:48:52.700,-71,-64,10,3707,1590,42,1,16,0,19,650,-164,11,6,-2,345,515,-1,-1,-1,-1,0x1020480014440005,1494,1501,1500,1500,2012,1418,1507,1500,1500,1463,988,1500,1500,1500,1500,1500,1500,1500,1372,2012,1500,1543,1500,2012,1500,1512,1506,1500,1520,1505,1500,2012,8.2
2025-05-02,11:48:53.200,-63,-65,10,3707,380,42,1,16,0,19,650,-462,10,7,-2,344,515,-1,-1,-1,1,0x1020480014440005,1406,1501,1500,1500,2012,1269,1507,1500,1500,1269,988,1500,1500,1500,1500,1500,1500,1500,1372,2012,1500,1543,1500,2012,1500,1510,1505,1500,1520,1505,1500,2012,8.2
2025-05-02,11:48:53.700,-66,-65,10,3707,200,43,1,16,0,19,650,-1,83,7,-2,345,515,-1,-1,-1,-1,0x1020480010440005,1508,1511,1500,1500,2012,1500,1557,1500,1500,1500,988,1500,1500,1500,1500,1500,1500,1500,1372,1628,1500,1543,1500,2012,1500,1585,1545,1500,1520,1505,1500,2012,8.2
2025-05-02,11:48:54.200,-64,-65,10,3707,250,43,1,16,0,19,650,-245,8,7,-2,344,515,-1,-1,-1,-1,0x1020480014440005,1458,1501,1500,1500,2012,1378,1505,1500,1500,1372,988,1500,1500,1500,1500,1500,1500,1500,1224,2012,1500,1543,1500,2012,1500,1508,1504,1500,1520,1505,1500,2012,8.2
2025-05-02,11:48:54.700,-68,-66,10,3707,240,43,1,16,0,19,650,-161,84,7,-2,344,515,-1,-1,-1,-1,0x1020480014440005,1477,1511,1500,1500,2012,1420,1557,1500,1500,1419,988,1500,1500,1500,1500,1500,1500,1500,1372,1628,1500,1543,1500,2012,1500,1585,1545,1500,1520,1505,1500,2012,8.2
2025-05-02,11:48:55.200,-68,-64,10,3707,230,43,1,16,0,19,650,-222,160,6,-2,344,515,-1,-1,-1,-1,0x1020480014440005,1465,1519,1500,1500,2012,1389,1609,1500,1500,1389,988,1500,1500,1500,1500,1500,1500,1500,1372,1628,1500,1543,1500,2012,1500,1655,1576,1500,1520,1505,1500,2012,8.2
2025-05-02,11:48:55.690,-68,-65,10,3707,10640,43,1,16,5023,19,652,17,1021,6,-2,344,515,-1,-1,-1,-1,0x1020480010442005,1511,1628,1500,1500,2012,1508,2012,1500,1500,1508,988,1500,1500,1500,1500,1500,1500,1500,1372,1628,1500,1543,1500,2012,1500,2012,2012,1500,1520,1505,1500,2012,8.2
2025-05-02,11:48:56.190,-68,-65,10,3680,5480,43,1,16,6647,19,652,-18,1021,7,-2,343,515,-1,-1,-1,-1,0x1020480010442405,1507,1628,1500,1500,2012,1491,2012,1500,1500,1498,988,1500,1500,1500,1500,1500,1500,1500,1372,1628,1500,1543,1500,2012,1500,2012,2012,1500,1520,1505,1500,2012,8.2
2025-05-02,11:48:56.690,-68,-63,10,3679,5100,43,1,16,7605,19,653,11,1021,6,-2,345,515,-1,-1,-1,-1,0x1020480010442405,1510,1628,1500,1500,2012,1505,2012,1500,1500,1505,988,1500,1500,1500,1500,1500,1500,1500,1372,1628,1500,1543,1500,2012,1500,2012,2012,1500,1520,1505,1500,2012,8.2
2025-05-02,11:48:57.180,-52,-61,10,3681,5390,43,1,16,6548,19,654,-1024,1022,6,-2,344,515,-1,-1,-1,-1,0x1020480014442405,1142,1628,1500,1500,2012,988,2012,1500,1500,988,988,1500,1500,1500,1500,1500,1500,1500,1372,1628,1500,1543,1500,2012,1500,2012,2012,1500,1520,1505,1500,2012,8.2
2025-05-02,11:48:57.680,-47,-50,10,3681,9000,43,1,16,5287,20,655,-567,1023,7,-1,344,515,-1,-1,-1,-1,0x1020480014442C05,1375,1628,1500,1500,2012,1217,2012,1500,1500,1217,988,1500,1500,1500,1500,1500,1500,1500,1372,1628,1500,1543,1500,2012,1500,2012,2012,1500,1520,1505,1500,2012,8.2
2025-05-02,11:48:58.180,-65,-57,10,3673,5340,43,1,16,6972,20,656,-419,1023,6,-2,345,515,-1,-1,-1,-1,0x1020480014442405,1414,1628,1500,1500,2012,1291,2012,1500,1500,1284,988,1500,1500,1500,1500,1500,1500,1500,1372,1628,1500,1543,1500,2012,1500,2012,2012,1500,1520,1505,1500,2012,8.2
2025-05-02,11:48:58.680,-65,-60,10,3672,6360,43,1,16,6437,20,656,1024,1023,6,-2,344,515,-1,-1,-1,-1,0x1020480014442405,1812,1628,1500,1500,2012,2012,2012,1500,1500,2012,988,1500,1500,1500,1500,1500,1500,1500,1372,1628,1500,1543,1500,2012,1500,2012,2012,1500,1520,1505,1500,2012,8.2
2025-05-02,11:48:59.180,-65,-50,10,3673,6440,43,1,16,6282,20,657,1024,1018,6,-2,344,515,-1,-1,-1,-1,0x1020480014442405,1812,1628,1500,1500,2012,2012,2012,1500,1500,2012,988,1500,1500,1500,1500,1500,1500,1500,1372,1628,1500,1543,1500,2012,1500,2012,2012,1500,1520,1505,1500,2012,8.2
2025-05-02,11:48:59.680,-51,-55,10,3672,880,44,1,16,4316,20,658,1024,-647,7,-2,344,515,-1,-1,-1,-1,0x1020480016480405,1812,1275,1500,1498,2012,2012,1177,1273,1500,2012,988,1500,1500,1500,1500,1500,1500,1273,988,2012,1500,1543,1500,988,1500,1925,1500,1500,1520,1505,1500,2012,8.2
2025-05-02,11:49:00.180,-55,-55,10,3672,10430,45,1,16,5193,20,659,1024,1024,6,-2,344,515,-1,-1,-1,-1,0x1020480014442005,1812,1628,1500,1500,2012,2012,2012,1500,1500,2012,988,1500,1500,1500,1500,1500,1500,1500,1372,1628,1500,1543,1500,2012,1500,2012,2012,1500,1520,1505,1500,2012,8.2
2025-05-02,11:49:00.680,-60,-60,10,3690,1720,45,1,16,3045,20,659,867,935,6,-2,344,515,-1,-1,-1,-1,0x1020480014442005,1749,1628,1500,1500,2012,1933,2012,1500,1500,1952,988,1500,1500,1500,1500,1500,1500,1500,1372,1628,1500,1543,1500,2012,1500,2012,2012,1500,1520,1505,1500,2012,8.2
2025-05-02,11:49:01.180,-64,-56,10,3668,6100,46,1,16,6072,20,660,537,1023,6,-2,344,515,-1,-1,-1,-1,0x1020480014442005,1635,1628,1500,1500,2012,1774,2012,1500,1500,1760,988,1500,1500,1500,1500,1500,1500,1500,1372,1628,1500,1543,1500,2012,1500,2012,2012,1500,1520,1505,1500,2012,8.2
2025-05-02,11:49:01.680,-64,-56,10,3673,5010,45,1,16,7043,20,661,-1,1023,6,-2,345,515,-1,-1,-1,-1,0x1020480010442405,1508,1628,1500,1500,2012,1500,2012,1500,1500,1500,988,1500,1500,1500,1500,1500,1500,1500,1372,1628,1500,1543,1500,2012,1500,2012,2012,1500,1520,1505,1500,2012,8.2
2025-05-02,11:49:02.180,-64,-55,10,3674,5530,45,1,16,8058,20,661,848,1024,6,-2,345,515,-1,-1,-1,-1,0x1020480014442405,1730,1628,1500,1500,2012,1924,2012,1500,1500,1923,988,1500,1500,1500,1500,1500,1500,1500,1372,1628,1500,1543,1500,2012,1500,2012,2012,1500,1520,1505,1500,2012,8.2
2025-05-02,11:49:02.680,-81,-55,10,3675,6460,44,1,16,7199,20,662,1023,777,6,-2,345,515,-1,-1,-1,-1,0x1020480014442405,1803,1628,1500,1500,2012,2011,2012,1500,1500,2011,988,1500,1500,1500,1500,1500,1500,1500,1372,1628,1500,1543,1500,2012,1500,2012,2012,1500,1520,1505,1500,2012,8.2
2025-05-02,11:49:03.180,-81,-52,10,3675,1010,45,1,16,4988,20,662,1024,-96,6,-2,345,515,-1,-1,-1,-1,0x10204800164C0405,1812,1455,1500,1500,2012,2012,1452,1455,1500,2012,988,1500,1500,1500,1500,1500,1500,1454,988,2012,1500,1543,1500,2012,1500,1788,1500,1500,1520,1505,1500,2012,8.2
2025-05-02,11:49:03.680,-60,-62,10,3675,7390,45,1,16,5656,20,663,1024,1023,6,-2,345,515,-1,-1,-1,-1,0x1020480014442405,1812,1628,1500,1500,2012,2012,2012,1500,1500,2012,988,1500,1500,1500,1500,1500,1500,1500,1372,1628,1500,1543,1500,2012,1500,2012,2012,1500,1520,1505,1500,2012,8.2
2025-05-02,11:49:04.180,-65,-59,10,3670,8530,45,1,16,5546,20,664,1024,1020,6,-2,344,515,-1,-1,-1,-1,0x1020480014442405,1812,1628,1500,1500,2012,2012,2012,1500,1500,2012,988,1500,1500,1500,1500,1500,1500,1500,1372,1628,1500,1543,1500,2012,1500,2012,2012,1500,1520,1505,1500,2012,8.2
2025-05-02,11:49:04.680,-67,-54,10,3663,430,45,1,16,4181,20,665,1024,5,7,-2,344,515,-1,-1,-1,-1,0x1020480014440405,1812,1500,1500,1500,2012,2012,1503,1500,1500,2012,988,1500,1500,1500,1500,1500,1500,1500,988,2012,1500,1543,1500,2012,1500,1768,1502,1500,1520,1505,1500,2012,8.2
2025-05-02,11:49:05.180,-66,-65,10,3690,15170,45,1,16,3292,20,665,1024,1024,6,-2,345,515,-1,-1,-1,-1,0x1020480014442405,1812,1628,1500,1500,2012,2012,2012,1500,1500,2012,988,1500,1500,1500,1500,1500,1500,1500,1372,1628,1500,1543,1500,2012,1500,2012,2012,1500,1520,1505,1500,2012,8.2
2025-05-02,11:49:05.680,-66,-60,10,3692,12390,45,1,16,4891,20,666,-305,1021,6,-2,344,515,-1,-1,-1,-1,0x1020480014442005,1445,1628,1500,1500,2012,1348,2012,1500,1500,1341,988,1500,1500,1500,1500,1500,1500,1500,1372,1628,1500,1543,1500,2012,1500,2012,2012,1500,1520,1505,1500,2012,8.2
2025-05-02,11:49:06.180,-66,-60,10,3667,5700,45,1,16,6311,20,667,0,1023,6,-2,344,515,-1,-1,-1,-1,0x1020480010442005,1508,1628,1500,1500,2012,1500,2012,1500,1500,1500,988,1500,1500,1500,1500,1500,1500,1500,1372,1628,1500,1543,1500,2012,1500,2012,2012,1500,1520,1505,1500,2012,8.2
2025-05-02,11:49:06.680,-66,-59,10,3670,470,45,1,16,5310,20,667,-1024,239,6,-2,344,515,-1,-1,-1,-1,0x1020480014440405,1142,1528,1500,1500,2012,988,1664,1500,1500,988,988,1500,1500,1500,1500,1500,1500,1500,1372,1628,1500,1543,1500,2012,1500,1720,1612,1500,1520,1505,1500,2012,8.2
2025-05-02,11:49:07.180,-37,-51,10,3670,9410,45,1,16,5743,20,668,-300,1024,6,-2,344,515,-1,-1,-1,-1,0x1020480014442405,1455,1628,1500,1500,2012,1335,2012,1500,1500,1365,988,1500,1500,1500,1500,1500,1500,1500,1372,1628,1500,1543,1500,2012,1500,2012,2012,1500,1520,1505,1500,2012,8.2
2025-05-02,11:49:07.680,-48,-46,10,3668,5450,45,1,16,6212,20,669,8,1024,6,-2,344,515,-1,-1,-1,-1,0x1020480010442405,1510,1628,1500,1500,2012,1504,2012,1500,1500,1504,988,1500,1500,1500,1500,1500,1500,1500,1372,1628,1500,1543,1500,2012,1500,2012,2012,1500,1520,1505,1500,2012,8.2
2025-05-02,11:49:08.180,-52,-50,10,3666,5980,45,1,16,6545,20,670,1024,301,6,-2,345,515,-1,-1,-1,-1,0x1020480014440405,1812,1548,1500,1500,2012,2012,1706,1500,1500,2012,988,1500,1500,1500,1500,1500,1500,1500,1372,1628,1500,1543,1500,2012,1500,2012,1694,1500,1520,1505,1500,2012,8.2
2025-05-02,11:49:08.680,-50,-57,10,3669,500,45,1,16,3137,20,670,1024,226,6,-2,344,515,-1,-1,-1,-1,0x1020480014440405,1812,1527,1500,1500,2012,2012,1655,1500,1500,2012,988,1500,1500,1500,1500,1500,1500,1500,1372,1628,1500,1543,1500,2012,1500,1709,1610,1500,1520,1505,1500,2012,8.2
2025-05-02,11:49:09.180,-48,-57,10,3692,380,46,1,16,929,20,670,1024,241,6,-2,345,516,-1,-1,-1,-1,0x1020480014440405,1812,1530,1500,1500,2012,2012,1664,1500,1500,2012,988,1500,1500,1500,1500,1500,1500,1500,1372,1628,1500,1543,1500,2012,1500,1720,1619,1500,1520,1505,1500,2012,8.2
2025-05-02,11:49:09.680,-54,-50,10,3693,490,46,1,16,188,20,670,-370,289,6,-2,344,515,-1,-1,-1,-1,0x1020480014440405,1434,1536,1500,1500,2012,1315,1698,1500,1500,1322,988,1500,1500,1500,1500,1500,1500,1500,1372,1628,1500,1543,1500,2012,1500,1756,1644,1500,1520,1505,1500,2012,8.2
2025-05-02,11:49:10.180,-53,-56,10,3693,940,46,1,16,0,20,670,-1024,398,7,-2,344,515,-1,-1,-1,-1,0x1020480014440C05,1142,1550,1500,1500,2012,988,1772,1500,1500,988,988,1500,1500,1500,1500,1500,1500,1500,1372,1628,1500,1543,1500,2012,1500,1828,1700,1500,1520,1505,1500,2012,8.2
2025-05-02,11:49:10.680,-49,-56,10,3692,1590,46,1,16,1405,20,670,1021,487,7,-2,344,515,-1,-1,-1,-1,0x1020480014440005,1812,1563,1500,1500,2012,2010,1833,1500,1500,2010,988,1500,1500,1500,1500,1500,1500,1500,1372,1628,1500,1543,1500,2012,1500,1880,1753,1500,1520,1505,1500,2012,8.2
2025-05-02,11:49:11.180,-52,-56,10,3692,820,46,1,16,885,20,671,1024,3,7,-2,345,515,-1,-1,-1,-1,0x1020480014440005,1812,1500,1500,1500,2012,2012,1502,1500,1500,2012,988,1500,1500,1500,1500,1500,1500,1500,1152,2012,1500,1543,1500,2012,1500,1503,1501,1500,1520,1505,1500,2012,8.2
2025-05-02,11:49:11.680,-51,-56,10,3692,250,46,1,16,689,20,671,-191,13,7,-2,344,515,-1,-1,-1,-1,0x1020480014440005,1469,1502,1500,1500,2012,1405,1509,1500,1500,1399,988,1500,1500,1500,1500,1500,1500,1500,1168,1832,1500,1543,1500,2012,1500,1513,1507,1500,1520,1505,1500,2012,8.2
2025-05-02,11:49:12.180,-52,-56,10,3694,920,46,1,16,619,20,671,1024,408,7,-2,344,515,-1,-1,-1,-1,0x1020480014440005,1812,1551,1500,1500,2012,2012,1779,1500,1500,2012,988,1500,1500,1500,1500,1500,1500,1500,1372,1628,1500,1543,1500,2012,1500,1834,1705,1500,1520,1505,1500,2012,8.2
2025-05-02,11:49:12.680,-54,-50,10,3693,5050,45,1,16,2319,20,671,1024,284,7,-2,344,515,-1,-1,-1,-1,0x1020480014440005,1812,1540,1500,1500,2012,2012,1685,1500,1500,2012,988,1500,1500,1500,1500,1500,1500,1500,1372,1628,1500,1543,1500,2012,1500,1841,1659,1500,1520,1505,1500,2012,8.2
2025-05-02,11:49:13.180,-60,-61,10,3693,90,45,1,16,1052,20,671,-33,-703,7,-2,344,515,-1,-1,-1,-1,0x1020480012400005,1501,1266,1500,1498,2012,1484,1149,1264,1500,1484,988,1500,1500,1500,1500,1500,1500,1264,1305,2012,1500,1543,1500,2012,1500,1105,1500,1500,1520,1505,1500,2012,8.2
2025-05-02,11:49:13.680,-62,-54,10,3695,210,45,1,16,286,20,671,-4,6,7,-2,344,515,-1,-1,-1,-1,0x1020480010440005,1507,1500,1500,1500,2012,1498,1504,1500,1500,1498,988,1500,1500,1500,1500,1500,1500,1500,1372,2012,1500,1543,1500,2012,1500,1506,1502,1500,1520,1505,1500,2012,8.2
2025-05-02,11:49:14.180,-62,-57,10,3698,250,44,1,16,0,20,671,-5,42,7,-2,344,515,-1,-1,-1,-1,0x1020480010440005,1507,1508,1500,1500,2012,1498,1529,1500,1500,1498,988,1500,1500,1500,1500,1500,1500,1500,1372,1628,1500,1543,1500,2012,1500,1555,1531,1500,1520,1505,1500,2012,8.2
2025-05-02,11:49:14.680,-62,-53,10,3698,160,43,1,16,0,20,671,-5,7,7,-2,344,515,-1,-1,-1,-1,0x1020480010440005,1507,1501,1500,1500,2012,1498,1505,1500,1500,1498,988,1500,1500,1500,1500,1500,1500,1500,1347,2012,1500,1543,1500,2012,1500,1507,1504,1500,1520,1505,1500,2012,8.2
2025-05-02,11:49:15.180,-46,-58,10,3698,180,43,1,16,0,20,671,-5,7,7,-2,345,515,-1,-1,-1,-1,0x1020480010440005,1507,1501,1500,1500,2012,1498,1505,1500,1500,1498,988,1500,1500,1500,1500,1500,1500,1500,1372,2012,1500,1543,1500,2012,1500,1507,1503,1500,1520,1505,1500,2012,8.2
2025-05-02,11:49:15.680,-48,-58,10,3699,170,43,1,16,0,20,671,-5,7,7,-2,344,515,-1,-1,-1,-1,0x1020480010440005,1507,1501,1500,1500,2012,1498,1505,1500,1500,1498,988,1500,1500,1500,1500,1500,1500,1500,1498,2012,1500,1543,1500,2012,1500,1507,1503,1500,1520,1505,1500,2012,8.2
2025-05-02,11:49:16.180,-35,-58,10,3699,160,43,1,16,0,20,671,-4,7,6,-2,344,515,-1,-1,-1,-1,0x1020480010440005,1507,1501,1500,1500,2012,1498,1505,1500,1500,1498,988,1500,1500,1500,1500,1500,1500,1500,1500,2012,1500,1543,1500,2012,1500,1507,1503,1500,1520,1505,1500,2012,8.2
2025-05-02,11:49:16.680,-50,-42,10,3700,200,43,1,16,0,20,671,-5,8,7,-2,344,515,-1,-1,-1,-1,0x1020480010440005,1507,1501,1500,1500,2012,1498,1505,1500,1500,1498,988,1500,1500,1500,1500,1500,1500,1500,1500,2012,1500,1543,1500,2012,1500,1508,1504,1500,1520,1505,1500,2012,8.2
2025-05-02,11:49:17.180,-50,-36,10,3700,160,43,1,16,0,20,672,-5,10,7,-2,344,515,-1,-1,-1,-1,0x1020480010440005,1507,1501,1500,1500,2012,1498,1507,1500,1500,1498,988,1500,1500,1500,1500,1500,1500,1500,1500,2012,1500,1543,1500,2012,1500,1510,1505,1500,1520,1505,1500,2012,8.2
2025-05-02,11:49:17.680,-50,-31,10,3700,380,43,1,16,0,20,672,-16,7,7,-2,344,515,-1,-1,-1,-1,0x1020480010440004,1504,1501,1500,1500,2012,1492,1505,1500,1500,1492,988,1500,1500,1500,1500,1500,1500,1500,1500,2012,1500,1543,1500,2012,1500,1507,1503,1500,1520,1505,1500,2012,8.2
2025-05-02,11:49:18.180,-50,-34,10,3700,170,43,1,16,0,20,672,-4,7,7,-2,344,515,-1,-1,-1,-1,0x1020480010440004,1507,1501,1500,1500,2012,1498,1505,1500,1500,1498,988,1500,1500,1500,1500,1500,1500,1500,1500,2012,1500,1543,1500,2012,1500,1507,1503,1500,1520,1505,1500,2012,8.2
2025-05-02,11:49:18.680,-50,-33,10,3700,180,43,1,16,0,20,672,-3,7,7,-2,344,515,-1,-1,-1,-1,0x1020480010440004,1507,1501,1500,1500,2012,1499,1505,1500,1500,1499,988,1500,1500,1500,1500,1500,1500,1500,1500,2012,1500,1543,1500,2012,1500,1507,1503,1500,1520,1505,1500,2012,8.2
2025-05-02,11:49:19.180,-50,-30,10,3701,170,43,1,16,0,20,672,-3,7,7,-2,344,515,-1,-1,-1,-1,0x1020480010440004,1507,1501,1500,1500,2012,1499,1505,1500,1500,1499,988,1500,1500,1500,1500,1500,1500,1500,1500,2012,1500,1543,1500,2012,1500,1507,1503,1500,1520,1505,1500,2012,8.2
2025-05-02,11:49:19.680,-28,-34,10,3701,160,43,1,16,0,20,672,-4,8,7,-2,344,515,-1,-1,-1,-1,0x1020480010440004,1507,1501,1500,1500,2012,1498,1505,1500,1500,1498,988,1500,1500,1500,1500,1500,1500,1500,1500,2012,1500,1543,1500,2012,1500,1508,1504,1500,1520,1505,1500,2012,8.2
2025-05-02,11:49:20.180,-28,-34,10,3701,170,43,1,16,0,20,672,-4,8,7,-2,344,515,-1,-1,-1,-1,0x1020480010440004,1507,1501,1500,1500,2012,1499,1505,1500,1500,1499,988,1500,1500,1500,1500,1500,1500,1500,1500,2012,1500,1543,1500,2012,1500,1508,1504,1500,1520,1505,1500,2012,8.2
2025-05-02,11:49:20.680,-26,-34,10,3701,160,43,1,16,0,20,672,-4,8,7,-2,344,515,-1,-1,-1,-1,0x1020480010440004,1507,1501,1500,1500,2012,1498,1505,1500,1500,1498,988,1500,1500,1500,1500,1500,1500,1500,1500,2012,1500,1543,1500,2012,1500,1508,1504,1500,1520,1505,1500,2012,8.2
2025-05-02,11:49:21.180,-26,-34,10,3702,170,43,1,16,0,20,672,-3,8,7,-2,344,515,-1,-1,-1,-1,0x1020480010440004,1507,1501,1500,1500,2012,1499,1505,1500,1500,1499,988,1500,1500,1500,1500,1500,1500,1500,1500,2012,1500,1543,1500,2012,1500,1508,1504,1500,1520,1505,1500,2012,8.2
2025-05-02,11:49:21.680,-43,-41,10,3702,160,43,1,16,0,20,672,-4,7,7,-2,344,515,-1,-1,-1,-1,0x1020480010440004,1507,1501,1500,1500,2012,1498,1505,1500,1500,1498,988,1500,1500,1500,1500,1500,1500,1500,1500,2012,1500,1543,1500,2012,1500,1507,1503,1500,1520,1505,1500,2012,8.2
2025-05-02,11:49:22.170,-43,-43,10,3702,170,43,1,16,0,20,672,-3,7,7,-2,345,515,-1,-1,-1,-1,0x1020480010440004,1507,1501,1500,1500,2012,1499,1505,1500,1500,1499,988,1500,1500,1500,1500,1500,1500,1500,1500,2012,1500,1543,1500,2012,1500,1507,1503,1500,1520,1505,1500,2012,8.2
2025-05-02,11:49:22.670,-50,-44,10,3702,190,43,1,16,0,20,672,-2,6,7,-2,344,515,-1,-1,-1,-1,0x1020480010440004,1507,1501,1500,1500,2012,1499,1504,1500,1500,1499,988,1500,1500,1500,1500,1500,1500,1500,1500,2012,1500,1543,1500,2012,1500,1506,1503,1500,1520,1505,1500,2012,8.2
2025-05-02,11:49:23.170,-50,-46,10,3702,170,43,1,16,0,20,672,-4,7,7,-2,344,515,-1,-1,-1,-1,0x1020480010440004,1507,1501,1500,1500,2012,1498,1505,1500,1500,1498,988,1500,1500,1500,1500,1500,1500,1500,1500,2012,1500,1543,1500,2012,1500,1507,1503,1500,1520,1505,1500,2012,8.2
2025-05-02,11:49:23.670,-65,-52,10,3703,160,43,1,16,0,20,672,-2,9,7,-2,345,515,-1,-1,-1,-1,0x1020480010440004,1507,1501,1500,1500,2012,1499,1506,1500,1500,1499,988,1500,1500,1500,1500,1500,1500,1500,1500,2012,1500,1543,1500,2012,1500,1509,1505,1500,1520,1505,1500,2012,8.2
2025-05-02,11:49:24.170,-73,-65,10,3703,160,43,1,16,0,20,672,-2,8,7,-2,344,515,-1,-1,-1,-1,0x1020480010440004,1507,1501,1500,1500,2012,1499,1505,1500,1500,1499,988,1500,1500,1500,1500,1500,1500,1500,1500,2012,1500,1543,1500,2012,1500,1508,1504,1500,1520,1505,1500,2012,8.2
2025-05-02,11:49:24.670,-68,-71,10,3703,170,43,1,16,0,20,672,1,7,7,-2,344,515,-1,-1,-1,-1,0x1020480010440004,1508,1501,1500,1500,2012,1500,1505,1500,1500,1500,988,1500,1500,1500,1500,1500,1500,1500,1500,2012,1500,1543,1500,2012,1500,1507,1503,1500,1520,1505,1500,2012,8.2
2025-05-02,11:49:25.170,-72,-70,10,3703,210,43,1,16,0,20,672,13,8,7,-2,344,515,-1,-1,-1,-1,0x1020480010440004,1511,1501,1500,1500,2012,1506,1505,1500,1500,1506,988,1500,1500,1500,1500,1500,1500,1500,1500,2012,1500,1543,1500,2012,1500,1508,1504,1500,1520,1505,1500,2012,8.2
2025-05-02,11:49:25.670,-72,-61,10,3703,200,43,1,16,0,20,672,13,7,7,-2,345,515,-1,-1,-1,-1,0x1020480010440004,1511,1501,1500,1500,2012,1506,1505,1500,1500,1506,988,1500,1500,1500,1500,1500,1500,1500,1500,2012,1500,1543,1500,2012,1500,1507,1503,1500,1520,1505,1500,2012,8.2
2025-05-02,11:49:26.170,-72,-58,10,3703,170,43,1,16,0,20,672,11,6,7,-2,344,515,-1,-1,-1,-1,0x1020480010440004,1510,1501,1500,1500,2012,1505,1504,1500,1500,1505,988,1500,1500,1500,1500,1500,1500,1500,1500,2012,1500,1543,1500,2012,1500,1506,1503,1500,1520,1505,1500,2012,8.2
2025-05-02,11:49:26.670,-72,-60,10,3704,210,43,1,16,0,20,672,9,7,7,-2,344,515,-1,-1,-1,-1,0x1020480010440004,1510,1501,1500,1500,2012,1504,1505,1500,1500,1504,988,1500,1500,1500,1500,1500,1500,1500,1500,2012,1500,1543,1500,2012,1500,1507,1503,1500,1520,1505,1500,2012,8.2
2025-05-02,11:49:27.170,-62,-63,10,3704,560,43,1,16,0,20,672,-210,6,7,-2,344,515,-1,-1,-1,-1,0x1020480014440004,1468,1501,1500,1500,2012,1395,1504,1500,1500,1395,988,1500,1500,1500,1500,1500,1500,1500,1500,2012,1500,1543,1500,2012,1500,1506,1503,1500,1520,1505,1500,2012,8.2
2025-05-02,11:49:27.670,-65,-63,10,3704,370,43,1,16,0,20,672,7,10,6,-2,344,515,-1,-1,-1,-1,0x1020480010440004,1510,1501,1500,1500,2012,1503,1507,1500,1500,1503,988,1500,1500,1500,1500,1500,1500,1500,1500,2012,1500,1543,1500,2012,1500,1510,1505,1500,1520,1505,1500,2012,8.2
2025-05-02,11:49:28.170,-68,-55,10,3704,290,43,1,16,0,20,672,87,13,6,-2,344,515,-1,-1,-1,-1,0x1020480014440004,1529,1502,1500,1500,2012,1543,1509,1500,1500,1543,988,1500,1500,1500,1500,1500,1500,1500,1500,2012,1500,1543,1500,2012,1500,1513,1507,1500,1520,1505,1500,2012,8.2
2025-05-02,11:49:28.670,-68,-59,10,3704,940,43,1,16,0,20,672,1024,197,6,-2,344,515,-1,-1,-1,-1,0x1020480014440005,1812,1523,1500,1500,2012,2012,1635,1500,1500,2012,988,1500,1500,1500,1500,1500,1500,1500,1372,1628,1500,1543,1500,2012,1500,1686,1594,1500,1520,1505,1500,2012,8.2
2025-05-02,11:49:29.170,-68,-58,10,3703,350,43,1,16,0,20,672,864,137,7,-2,344,515,-1,-1,-1,-1,0x1020480014440005,1735,1517,1500,1500,2012,1932,1594,1500,1500,1932,988,1500,1500,1500,1500,1500,1500,1500,1372,1628,1500,1543,1500,2012,1500,1635,1567,1500,1520,1505,1500,2012,8.2
2025-05-02,11:49:29.670,-66,-68,10,3703,3250,43,1,16,1,20,672,444,536,7,-2,344,515,-1,-1,-1,-1,0x1020480014440005,1617,1571,1500,1500,2012,1722,1867,1500,1500,1722,988,1500,1500,1500,1500,1500,1500,1500,1372,1628,1500,1543,1500,2012,1500,1907,1784,1500,1520,1505,1500,2012,8.2
2025-05-02,11:49:30.170,-69,-60,10,3702,800,43,1,16,4075,20,673,192,708,6,-2,344,515,-1,-1,-1,-1,0x1020480014442005,1556,1614,1500,1500,2012,1596,1985,1500,1500,1596,988,1500,1500,1500,1500,1500,1500,1500,1372,1628,1500,1543,1500,2012,1500,1987,1955,1500,1520,1505,1500,2012,8.2
2025-05-02,11:49:30.670,-69,-59,10,3690,6960,44,1,16,5689,20,674,219,1019,7,-2,344,515,-1,-1,-1,-1,0x1020480014442005,1563,1628,1500,1500,2012,1609,2012,1500,1500,1609,988,1500,1500,1500,1500,1500,1500,1500,1372,1628,1500,1543,1500,2012,1500,2012,2012,1500,1520,1505,1500,2012,8.2
2025-05-02,11:49:31.170,-69,-56,10,3676,5390,43,1,16,6903,20,675,369,1021,6,-2,344,515,-1,-1,-1,-1,0x1020480014442005,1599,1628,1500,1500,2012,1684,2012,1500,1500,1684,988,1500,1500,1500,1500,1500,1500,1500,1372,1628,1500,1543,1500,2012,1500,2012,2012,1500,1520,1505,1500,2012,8.2
2025-05-02,11:49:31.670,-59,-63,10,3677,3920,43,1,16,7042,20,675,888,574,6,-2,344,515,-1,-1,-1,-1,0x1020480014440405,1738,1577,1500,1500,2012,1944,1893,1500,1500,1937,988,1500,1500,1500,1500,1500,1500,1500,1372,1628,1500,1543,1500,2012,1500,1937,1808,1500,1520,1505,1500,2012,8.2
2025-05-02,11:49:32.170,-62,-54,10,3677,1660,43,1,16,6212,20,676,571,542,7,-2,344,515,-1,-1,-1,-1,0x1020480014440405,1648,1572,1500,1500,2012,1785,1871,1500,1500,1785,988,1500,1500,1500,1500,1500,1500,1500,1372,1628,1500,1543,1500,2012,1500,1910,1789,1500,1520,1505,1500,2012,8.2
2025-05-02,11:49:32.670,-62,-56,10,3692,1070,44,1,16,4511,20,676,1024,5,6,-2,344,516,-1,-1,-1,-1,0x1020480014440405,1812,1500,1500,1500,2012,2012,1503,1500,1500,2012,988,1500,1500,1500,1500,1500,1500,1500,1183,2012,1500,1543,1500,2012,1500,1505,1502,1500,1520,1505,1500,2012,8.2
2025-05-02,11:49:33.170,-58,-57,10,3696,890,45,1,16,2666,20,676,1024,84,7,-2,344,515,-1,-1,-1,-1,0x1020480014440405,1812,1510,1500,1500,2012,2012,1557,1500,1500,2012,988,1500,1500,1500,1500,1500,1500,1500,1372,1628,1500,1543,1500,2012,1500,1576,1541,1500,1520,1505,1500,2012,8.2
2025-05-02,11:49:33.670,-61,-70,10,3698,710,46,1,16,1859,20,676,535,286,7,-2,344,515,-1,-1,-1,-1,0x1020480014440405,1642,1536,1500,1500,2012,1767,1696,1500,1500,1772,988,1500,1500,1500,1500,1500,1500,1500,1372,1628,1500,1543,1500,2012,1500,1755,1644,1500,1520,1505,1500,2012,8.2
2025-05-02,11:49:34.170,-65,-70,10,3699,260,45,1,16,1252,20,676,258,-89,7,-2,344,515,-1,-1,-1,-1,0x1020480016440405,1573,1459,1500,1500,2012,1628,1451,1458,1500,1629,988,1500,1500,1500,1500,1500,1500,1458,988,2012,1500,1543,1500,2012,1500,1452,1500,1500,1520,1505,1500,2012,8.2
2025-05-02,11:49:34.670,-67,-66,10,3701,160,45,1,16,685,20,676,-5,4,7,-2,344,515,-1,-1,-1,-1,0x1020480010440405,1507,1500,1500,1500,2012,1498,1502,1500,1500,1498,988,1500,1500,1500,1500,1500,1500,1500,1372,2012,1500,1543,1500,2012,1500,1503,1501,1500,1520,1505,1500,2012,8.2
2025-05-02,11:49:35.170,-62,-66,10,3702,2050,43,1,16,270,20,676,-4,732,6,-2,344,515,-1,-1,-1,-1,0x1020480010442405,1507,1620,1500,1500,2012,1498,2001,1500,1500,1498,988,1500,1500,1500,1500,1500,1500,1500,1372,1628,1500,1543,1500,2012,1500,1998,1979,1500,1520,1505,1500,2012,8.2
2025-05-02,11:49:35.670,-61,-66,10,3702,7270,43,1,16,5527,20,678,-3,1016,6,-2,344,515,-1,-1,-1,-1,0x1020480010442005,1507,1628,1500,1500,2012,1499,2012,1500,1500,1499,988,1500,1500,1500,1500,1500,1500,1500,1372,1628,1500,1543,1500,2012,1500,2012,2012,1500,1520,1505,1500,2012,8.2
2025-05-02,11:49:36.170,-58,-66,10,3674,5340,43,1,16,7042,20,678,207,1016,6,-2,344,515,-1,-1,-1,-1,0x1020480014442005,1560,1628,1500,1500,2012,1603,2012,1500,1500,1603,988,1500,1500,1500,1500,1500,1500,1500,1372,1628,1500,1543,1500,2012,1500,2012,2012,1500,1520,1505,1500,2012,8.2
2025-05-02,11:49:36.670,-51,-66,10,3675,5930,43,1,16,6570,20,679,-1024,1024,6,-2,344,515,-1,-1,-1,-1,0x1020480014442005,1142,1628,1500,1500,2012,988,2012,1500,1500,988,988,1500,1500,1500,1500,1500,1500,1500,1372,1628,1500,1543,1500,2012,1500,2012,2012,1500,1520,1505,1500,2012,8.2
2025-05-02,11:49:37.170,-37,-66,10,3678,250,43,1,16,0,20,679,-764,-704,7,-2,344,515,-1,-1,-1,-1,0x1020480016400005,1295,1266,1500,1498,2012,1118,1148,1264,1500,1118,988,1500,1500,1500,1500,1500,1500,1264,1173,2012,1500,1543,1500,988,1500,1233,1500,1500,1520,1505,1500,2012,8.2
2025-05-02,11:49:37.670,-45,-44,10,3696,810,43,1,16,379,20,679,-3,-198,7,-2,344,515,-1,-1,-1,-1,0x1020480012480005,1507,1419,1500,1499,2012,1499,1401,1418,1500,1499,988,1500,1500,1500,1500,1500,1500,1425,1372,2012,1500,1543,1500,988,1500,1328,1500,1500,1520,1505,1500,2012,8.2
2025-05-02,11:49:38.170,-45,-43,10,3699,300,43,1,16,0,20,679,-4,9,7,-2,344,515,-1,-1,-1,-1,0x1020480010440005,1507,1501,1500,1500,2012,1498,1506,1500,1500,1498,988,1500,1500,1500,1500,1500,1500,1500,1372,2012,1500,1543,1500,2012,1500,1509,1505,1500,1520,1505,1500,2012,8.2
2025-05-02,11:49:38.670,-48,-50,10,3699,310,43,1,16,0,20,679,-4,9,7,-2,344,515,-1,-1,-1,-1,0x1020480010440005,1507,1501,1500,1500,2012,1498,1506,1500,1500,1498,988,1500,1500,1500,1500,1500,1500,1500,1500,2012,1500,1543,1500,2012,1500,1509,1505,1500,1520,1505,1500,2012,8.2
2025-05-02,11:49:39.170,-41,-50,10,3700,380,43,1,16,0,20,679,-3,9,7,-2,344,515,-1,-1,-1,-1,0x1020480010440005,1507,1501,1500,1500,2012,1499,1506,1500,1500,1499,988,1500,1500,1500,1500,1500,1500,1500,1500,2012,1500,1543,1500,2012,1500,1509,1505,1500,1520,1505,1500,2012,8.2
2025-05-02,11:49:39.670,-38,-50,10,3700,300,43,1,16,0,20,679,-2,9,6,-2,344,515,-1,-1,-1,-1,0x1020480010440005,1507,1501,1500,1500,2012,1499,1506,1500,1500,1499,988,1500,1500,1500,1500,1500,1500,1500,1500,2012,1500,1543,1500,2012,1500,1509,1504,1500,1520,1505,1500,2012,8.2
2025-05-02,11:49:40.170,-35,-50,10,3700,290,43,1,16,0,20,679,-2,8,7,-2,344,515,-1,-1,-1,-1,0x1020480010440005,1508,1501,1500,1500,2012,1499,1505,1500,1500,1500,988,1500,1500,1500,1500,1500,1500,1500,1500,2012,1500,1543,1500,2012,1500,1508,1504,1500,1520,1505,1500,2012,8.2
2025-05-02,11:49:40.670,-40,-42,10,3701,280,43,1,16,0,20,679,-2,8,7,-2,344,515,-1,-1,-1,-1,0x1020480010440004,1507,1501,1500,1500,2012,1499,1505,1500,1500,1499,988,1500,1500,1500,1500,1500,1500,1500,1500,2012,1500,1543,1500,2012,1500,1508,1504,1500,1520,1505,1500,2012,8.2
2025-05-02,11:49:41.170,-40,-39,10,3701,300,43,1,16,0,20,679,-3,8,7,-2,344,515,-1,-1,-1,-1,0x1020480010440004,1507,1501,1500,1500,2012,1499,1505,1500,1500,1499,988,1500,1500,1500,1500,1500,1500,1500,1500,2012,1500,1543,1500,2012,1500,1508,1504,1500,1520,1505,1500,2012,8.2
2025-05-02,11:49:41.670,-41,-48,10,3701,270,43,1,16,0,20,679,-2,8,6,-2,344,515,-1,-1,-1,-1,0x1020480010440004,1507,1501,1500,1500,2012,1499,1505,1500,1500,1499,988,1500,1500,1500,1500,1500,1500,1500,1500,2012,1500,1543,1500,2012,1500,1508,1504,1500,1520,1505,1500,2012,8.2
2025-05-02,11:49:42.170,-39,-48,10,3701,270,43,1,16,0,20,679,-2,9,7,-2,344,515,-1,-1,-1,-1,0x1020480010440004,1507,1501,1500,1500,2012,1499,1506,1500,1500,1499,988,1500,1500,1500,1500,1500,1500,1500,1500,2012,1500,1543,1500,2012,1500,1508,1504,1500,1520,1505,1500,2012,8.2
2025-05-02,11:49:42.670,-38,-48,10,3702,240,43,1,16,0,20,679,-2,8,7,-2,344,515,-1,-1,-1,-1,0x1020480010440004,1507,1501,1500,1500,2012,1499,1505,1500,1500,1499,988,1500,1500,1500,1500,1500,1500,1500,1500,2012,1500,1543,1500,2012,1500,1508,1504,1500,1520,1505,1500,2012,8.2
2025-05-02,11:49:43.170,-42,-48,10,3702,260,43,1,16,0,20,680,-2,7,6,-2,344,515,-1,-1,-1,-1,0x1020480010440004,1507,1501,1500,1500,2012,1499,1505,1500,1500,1499,988,1500,1500,1500,1500,1500,1500,1500,1500,2012,1500,1543,1500,2012,1500,1507,1503,1500,1520,1505,1500,2012,8.2
2025-05-02,11:49:43.670,-48,-53,10,3702,230,43,1,16,0,20,680,21,7,7,-2,344,515,-1,-1,-1,-1,0x1020480010440004,1513,1501,1500,1500,2012,1510,1505,1500,1500,1510,988,1500,1500,1500,1500,1500,1500,1500,1500,2012,1500,1543,1500,2012,1500,1507,1503,1500,1520,1505,1500,2012,8.2
2025-05-02,11:49:44.170,-48,-53,10,3702,220,43,1,16,0,20,680,23,8,7,-2,344,515,-1,-1,-1,-1,0x1020480010440004,1513,1501,1500,1500,2012,1511,1505,1500,1500,1511,988,1500,1500,1500,1500,1500,1500,1500,1500,2012,1500,1543,1500,2012,1500,1507,1503,1500,1520,1505,1500,2012,8.2
2025-05-02,11:49:44.670,-52,-51,10,3702,300,43,1,16,0,20,680,22,7,7,-2,344,515,-1,-1,-1,-1,0x1020480010440004,1513,1501,1500,1500,2012,1511,1505,1500,1500,1511,988,1500,1500,1500,1500,1500,1500,1500,1500,2012,1500,1543,1500,2012,1500,1507,1503,1500,1520,1505,1500,2012,8.2
2025-05-02,11:49:45.170,-52,-50,10,3703,230,43,1,16,0,20,680,23,7,7,-2,344,515,-1,-1,-1,-1,0x1020480010440004,1513,1501,1500,1500,2012,1511,1505,1500,1500,1511,988,1500,1500,1500,1500,1500,1500,1500,1500,2012,1500,1543,1500,2012,1500,1507,1503,1500,1520,1505,1500,2012,8.2
2025-05-02,11:49:45.670,-52,-50,10,3703,240,43,1,16,0,20,680,22,7,7,-2,344,515,-1,-1,-1,-1,0x1020480010440004,1513,1501,1500,1500,2012,1511,1505,1500,1500,1511,988,1500,1500,1500,1500,1500,1500,1500,1500,2012,1500,1543,1500,2012,1500,1507,1503,1500,1520,1505,1500,2012,8.2
2025-05-02,11:49:46.170,-52,-49,10,3703,220,43,1,16,0,20,680,22,7,7,-2,344,515,-1,-1,-1,-1,0x1020480010440004,1513,1501,1500,1500,2012,1511,1505,1500,1500,1511,988,1500,1500,1500,1500,1500,1500,1500,1500,2012,1500,1543,1500,2012,1500,1507,1503,1500,1520,1505,1500,2012,8.2
2025-05-02,11:49:46.670,-52,-50,10,3703,220,43,1,16,0,20,680,22,8,7,-2,344,515,-1,-1,-1,-1,0x1020480010440004,1513,1501,1500,1500,2012,1511,1505,1500,1500,1511,988,1500,1500,1500,1500,1500,1500,1500,1500,2012,1500,1543,1500,2012,1500,1508,1503,1500,1520,1505,1500,2012,8.2
2025-05-02,11:49:47.170,-52,-50,10,3703,230,43,1,16,0,20,680,22,7,7,-2,344,515,-1,-1,-1,-1,0x1020480010440004,1513,1501,1500,1500,2012,1511,1505,1500,1500,1511,988,1500,1500,1500,1500,1500,1500,1500,1500,2012,1500,1543,1500,2012,1500,1507,1503,1500,1520,1505,1500,2012,8.2
2025-05-02,11:49:47.670,-52,-50,10,3703,240,43,1,16,0,20,680,22,7,7,-2,344,515,-1,-1,-1,-1,0x1020480010440004,1513,1501,1500,1500,2012,1511,1505,1500,1500,1511,988,1500,1500,1500,1500,1500,1500,1500,1500,2012,1500,1543,1500,2012,1500,1507,1503,1500,1520,1505,1500,2012,8.2
2025-05-02,11:49:48.170,-52,-51,10,3703,230,43,1,16,0,20,680,22,7,7,-2,344,515,-1,-1,-1,-1,0x1020480010440004,1513,1501,1500,1500,2012,1511,1505,1500,1500,1511,988,1500,1500,1500,1500,1500,1500,1500,1500,2012,1500,1543,1500,2012,1500,1507,1503,1500,1520,1505,1500,2012,8.2
2025-05-02,11:49:48.670,-52,-50,10,3704,240,43,1,16,0,20,680,22,7,7,-2,344,515,-1,-1,-1,-1,0x1020480010440004,1513,1501,1500,1500,2012,1511,1505,1500,1500,1511,988,1500,1500,1500,1500,1500,1500,1500,1500,2012,1500,1543,1500,2012,1500,1508,1503,1500,1520,1505,1500,2012,8.2
2025-05-02,11:49:49.170,-56,-50,10,3704,240,43,1,16,0,20,680,21,7,7,-2,344,515,-1,-1,-1,-1,0x1020480010440004,1513,1501,1500,1500,2012,1510,1505,1500,1500,1510,988,1500,1500,1500,1500,1500,1500,1500,1500,2012,1500,1543,1500,2012,1500,1507,1503,1500,1520,1505,1500,2012,8.2
2025-05-02,11:49:49.660,-56,-47,10,3704,220,43,1,16,0,20,680,21,7,7,-2,344,515,-1,-1,-1,-1,0x1020480010440004,1513,1501,1500,1500,2012,1510,1505,1500,1500,1510,988,1500,1500,1500,1500,1500,1500,1500,1500,2012,1500,1543,1500,2012,1500,1507,1503,1500,1520,1505,1500,2012,8.2
2025-05-02,11:49:50.150,-46,-50,10,3704,260,43,1,16,0,20,680,-1,7,7,-2,344,515,-1,-1,-1,-1,0x1020480010440004,1508,1501,1500,1500,2012,1500,1505,1500,1500,1500,988,1500,1500,1500,1500,1500,1500,1500,1500,2012,1500,1543,1500,2012,1500,1507,1503,1500,1520,1505,1500,2012,8.2
2025-05-02,11:49:50.650,-43,-50,10,3704,170,43,1,16,0,20,680,-2,8,7,-2,344,515,-1,-1,-1,-1,0x1020480010440004,1507,1501,1500,1500,2012,1499,1505,1500,1500,1499,988,1500,1500,1500,1500,1500,1500,1500,1500,2012,1500,1543,1500,2012,1500,1508,1504,1500,1520,1505,1500,2012,8.2
2025-05-02,11:49:51.150,-42,-43,10,3704,170,43,1,16,0,20,680,-2,8,6,-2,344,515,-1,-1,-1,-1,0x1020480010440004,1507,1501,1500,1500,2012,1499,1505,1500,1500,1499,988,1500,1500,1500,1500,1500,1500,1500,1500,2012,1500,1543,1500,2012,1500,1508,1504,1500,1520,1505,1500,2012,8.2
2025-05-02,11:49:51.650,-42,-44,10,3705,170,43,1,16,0,20,680,-2,8,7,-1,344,515,-1,-1,-1,-1,0x1020480010440004,1507,1501,1500,1500,2012,1499,1505,1500,1500,1499,988,1500,1500,1500,1500,1500,1500,1500,1500,2012,1500,1543,1500,2012,1500,1508,1504,1500,1520,1505,1500,2012,8.2
2025-05-02,11:49:52.150,-41,-44,10,3705,160,42,1,16,0,20,680,-2,8,7,-2,344,515,-1,-1,-1,-1,0x1020480010440004,1507,1501,1500,1500,2012,1499,1505,1500,1500,1499,988,1500,1500,1500,1500,1500,1500,1500,1500,2012,1500,1543,1500,2012,1500,1508,1503,1500,1520,1505,1500,2012,8.2
2025-05-02,11:49:52.650,-36,-42,10,3705,160,42,1,16,0,20,680,-2,8,7,-2,344,515,-1,-1,-1,-1,0x1020480010440004,1508,1501,1500,1500,2012,1499,1505,1500,1500,1500,988,1500,1500,1500,1500,1500,1500,1500,1500,2012,1500,1543,1500,2012,1500,1508,1504,1500,1520,1505,1500,2012,8.2
2025-05-02,11:49:53.150,-41,-39,10,3705,160,42,1,16,0,20,680,-1,7,7,-2,344,515,-1,-1,-1,-1,0x1020480010440004,1508,1501,1500,1500,2012,1500,1505,1500,1500,1500,988,1500,1500,1500,1500,1500,1500,1500,1500,2012,1500,1543,1500,2012,1500,1507,1503,1500,1520,1505,1500,2012,8.2
2025-05-02,11:49:53.650,-41,-38,10,3705,170,42,1,16,0,20,680,-2,7,7,-2,344,515,-1,-1,-1,-1,0x1020480010440004,1507,1501,1500,1500,2012,1499,1505,1500,1500,1499,988,1500,1500,1500,1500,1500,1500,1500,1500,2012,1500,1543,1500,2012,1500,1507,1503,1500,1520,1505,1500,2012,8.2
2025-05-02,11:49:54.150,-41,-40,10,3705,160,42,1,16,0,20,680,-1,7,7,-2,344,515,-1,-1,-1,-1,0x1020480010440004,1508,1501,1500,1500,2012,1500,1505,1500,1500,1500,988,1500,1500,1500,1500,1500,1500,1500,1500,2012,1500,1543,1500,2012,1500,1507,1503,1500,1520,1505,1500,2012,8.2
2025-05-02,11:49:54.650,-50,-62,10,3705,160,42,1,16,0,20,680,-1,7,6,-2,344,515,-1,-1,-1,-1,0x1020480010440004,1508,1501,1500,1500,2012,1500,1505,1500,1500,1500,988,1500,1500,1500,1500,1500,1500,1500,1500,2012,1500,1543,1500,2012,1500,1507,1503,1500,1520,1505,1500,2012,8.2
2025-05-02,11:49:55.150,-52,-62,10,3705,170,42,1,16,0,20,680,-1,7,7,-2,344,515,-1,-1,-1,-1,0x1020480010440004,1508,1501,1500,1500,2012,1500,1505,1500,1500,1500,988,1500,1500,1500,1500,1500,1500,1500,1500,2012,1500,1543,1500,2012,1500,1507,1503,1500,1520,1505,1500,2012,8.2
2025-05-02,11:49:55.650,-56,-65,10,3705,260,42,1,16,0,20,680,-1,7,7,-2,344,515,-1,-1,-1,-1,0x1020480010440004,1507,1501,1500,1500,2012,1500,1505,1500,1500,1499,988,1500,1500,1500,1500,1500,1500,1500,1500,2012,1500,1543,1500,2012,1500,1507,1503,1500,1520,1505,1500,2012,8.2
2025-05-02,11:49:56.150,-60,-65,10,3705,160,42,1,16,0,20,680,-1,7,7,-2,344,515,-1,-1,-1,-1,0x1020480010440004,1508,1501,1500,1500,2012,1500,1505,1500,1500,1500,988,1500,1500,1500,1500,1500,1500,1500,1500,2012,1500,1543,1500,2012,1500,1507,1503,1500,1520,1505,1500,2012,8.2
2025-05-02,11:49:56.650,-56,-62,10,3705,170,42,1,16,0,20,680,-1,7,7,-2,344,515,-1,-1,-1,-1,0x1020480010440004,1508,1501,1500,1500,2012,1500,1505,1500,1500,1500,988,1500,1500,1500,1500,1500,1500,1500,1500,2012,1500,1543,1500,2012,1500,1507,1503,1500,1520,1505,1500,2012,8.2
2025-05-02,11:49:57.150,-51,-57,10,3706,160,42,1,16,0,20,680,-1,7,7,-2,344,515,-1,-1,-1,-1,0x1020480010440004,1508,1501,1500,1500,2012,1500,1505,1500,1500,1500,988,1500,1500,1500,1500,1500,1500,1500,1500,2012,1500,1543,1500,2012,1500,1507,1503,1500,1520,1505,1500,2012,8.2
2025-05-02,11:49:57.650,-50,-57,10,3706,170,42,1,16,0,20,680,-1,7,7,-2,344,515,-1,-1,-1,-1,0x1020480010440004,1508,1501,1500,1500,2012,1500,1505,1500,1500,1500,988,1500,1500,1500,1500,1500,1500,1500,1500,2012,1500,1543,1500,2012,1500,1507,1503,1500,1520,1505,1500,2012,8.2
2025-05-02,11:49:58.150,-45,-44,10,3706,160,42,1,16,0,20,680,-1,7,7,-2,344,515,-1,-1,-1,-1,0x1020480010440004,1508,1501,1500,1500,2012,1500,1505,1500,1500,1500,988,1500,1500,1500,1500,1500,1500,1500,1500,2012,1500,1543,1500,2012,1500,1507,1503,1500,1520,1505,1500,2012,8.2
2025-05-02,11:49:58.650,-45,-40,10,3706,170,42,1,16,0,20,680,-2,7,7,-2,344,515,-1,-1,-1,-1,0x1020480010440004,1508,1501,1500,1500,2012,1499,1505,1500,1500,1500,988,1500,1500,1500,1500,1500,1500,1500,1500,2012,1500,1543,1500,2012,1500,1507,1503,1500,1520,1505,1500,2012,8.2
2025-05-02,11:49:59.150,-45,-42,10,3706,150,42,1,16,0,20,680,-1,8,6,-2,344,515,-1,-1,-1,-1,0x1020480010440004,1508,1501,1500,1500,2012,1500,1505,1500,1500,1500,988,1500,1500,1500,1500,1500,1500,1500,1500,2012,1500,1543,1500,2012,1500,1508,1503,1500,1520,1505,1500,2012,8.2
2025-05-02,11:49:59.650,-45,-43,10,3706,160,42,1,16,0,20,680,-1,7,7,-2,344,515,-1,-1,-1,-1,0x1020480010440004,1508,1501,1500,1500,2012,1500,1505,1500,1500,1500,988,1500,1500,1500,1500,1500,1500,1500,1500,2012,1500,1543,1500,2012,1500,1508,1504,1500,1520,1505,1500,2012,8.2
2025-05-02,11:50:00.150,-45,-44,10,3706,170,42,1,16,0,20,680,-1,8,6,-2,344,515,-1,-1,-1,-1,0x1020480010440004,1508,1501,1500,1500,2012,1500,1505,1500,1500,1500,988,1500,1500,1500,1500,1500,1500,1500,1500,2012,1500,1543,1500,2012,1500,1507,1503,1500,1520,1505,1500,2012,8.2
2025-05-02,11:50:00.650,-46,-45,10,3706,160,42,1,16,0,20,680,-1,7,7,-2,344,515,-1,-1,-1,-1,0x1020480010440004,1508,1501,1500,1500,2012,1500,1505,1500,1500,1500,988,1500,1500,1500,1500,1500,1500,1500,1500,2012,1500,1543,1500,2012,1500,1508,1504,1500,1520,1505,1500,2012,8.2
2025-05-02,11:50:01.150,-46,-45,10,3706,260,42,1,16,0,20,680,-1,8,7,-2,344,515,-1,-1,-1,-1,0x1020480010440004,1508,1501,1500,1500,2012,1500,1505,1500,1500,1500,988,1500,1500,1500,1500,1500,1500,1500,1500,2012,1500,1543,1500,2012,1500,1508,1504,1500,1520,1505,1500,2012,8.2
2025-05-02,11:50:01.650,-46,-46,10,3706,160,42,1,16,0,20,680,-1,7,7,-2,344,515,-1,-1,-1,-1,0x1020480010440004,1508,1501,1500,1500,2012,1500,1505,1500,1500,1500,988,1500,1500,1500,1500,1500,1500,1500,1500,2012,1500,1543,1500,2012,1500,1507,1504,1500,1520,1505,1500,2012,8.2
2025-05-02,11:50:02.150,-48,-47,10,3706,170,42,1,16,0,20,680,-1,8,7,-2,344,515,-1,-1,-1,-1,0x1020480010440004,1508,1501,1500,1500,2012,1500,1505,1500,1500,1500,988,1500,1500,1500,1500,1500,1500,1500,1500,2012,1500,1543,1500,2012,1500,1508,1504,1500,1520,1505,1500,2012,8.2
2025-05-02,11:50:02.650,-52,-47,10,3706,160,42,1,16,0,20,680,-1,7,7,-2,344,515,-1,-1,-1,-1,0x1020480010440004,1508,1501,1500,1500,2012,1500,1505,1500,1500,1500,988,1500,1500,1500,1500,1500,1500,1500,1500,2012,1500,1543,1500,2012,1500,1508,1504,1500,1520,1505,1500,2012,8.2
2025-05-02,11:50:03.150,-52,-45,10,3706,160,42,1,16,0,20,681,-1,7,7,-2,344,515,-1,-1,-1,-1,0x1020480010440004,1508,1501,1500,1500,2012,1500,1505,1500,1500,1500,988,1500,1500,1500,1500,1500,1500,1500,1500,2012,1500,1543,1500,2012,1500,1507,1503,1500,1520,1505,1500,2012,8.2
2025-05-02,11:50:03.650,-52,-44,10,3706,160,42,1,16,0,20,681,-1,8,6,-2,344,515,-1,-1,-1,-1,0x1020480010440004,1508,1501,1500,1500,2012,1500,1505,1500,1500,1500,988,1500,1500,1500,1500,1500,1500,1500,1500,2012,1500,1543,1500,2012,1500,1508,1504,1500,1520,1505,1500,2012,8.2
2025-05-02,11:50:04.150,-52,-44,10,3707,170,42,1,16,0,20,681,-2,7,6,-2,344,515,-1,-1,-1,-1,0x1020480010440004,1507,1501,1500,1500,2012,1499,1505,1500,1500,1499,988,1500,1500,1500,1500,1500,1500,1500,1500,2012,1500,1543,1500,2012,1500,1508,1504,1500,1520,1505,1500,2012,8.2
2025-05-02,11:50:04.650,-38,-45,10,3707,170,42,1,16,0,20,681,-2,8,6,-2,344,515,-1,-1,-1,-1,0x1020480010440004,1507,1501,1500,1500,2012,1499,1505,1500,1500,1499,988,1500,1500,1500,1500,1500,1500,1500,1500,2012,1500,1543,1500,2012,1500,1508,1504,1500,1520,1505,1500,2012,8.2
2025-05-02,11:50:05.150,-39,-45,10,3707,160,42,1,16,0,20,681,-1,7,7,-2,344,515,-1,-1,-1,-1,0x1020480010440004,1508,1501,1500,1500,2012,1500,1505,1500,1500,1500,988,1500,1500,1500,1500,1500,1500,1500,1500,2012,1500,1543,1500,2012,1500,1508,1504,1500,1520,1505,1500,2012,8.2
2025-05-02,11:50:05.650,-36,-45,10,3707,170,42,1,16,0,20,681,-2,7,6,-2,344,515,-1,-1,-1,-1,0x1020480010440004,1507,1501,1500,1500,2012,1499,1505,1500,1500,1499,988,1500,1500,1500,1500,1500,1500,1500,1500,2012,1500,1543,1500,2012,1500,1508,1503,1500,1520,1505,1500,2012,8.2
2025-05-02,11:50:06.150,-33,-45,10,3707,170,42,1,16,0,20,681,-1,8,7,-2,344,515,-1,-1,-1,-1,0x1020480010440004,1508,1501,1500,1500,2012,1500,1505,1500,1500,1500,988,1500,1500,1500,1500,1500,1500,1500,1500,2012,1500,1543,1500,2012,1500,1508,1504,1500,1520,1505,1500,2012,8.2
2025-05-02,11:50:06.650,-33,-45,10,3707,250,42,1,16,0,20,681,-1,8,6,-2,344,515,-1,-1,-1,-1,0x1020480010440004,1507,1501,1500,1500,2012,1500,1505,1500,1500,1499,988,1500,1500,1500,1500,1500,1500,1500,1500,2012,1500,1543,1500,2012,1500,1508,1504,1500,1520,1505,1500,2012,8.2
2025-05-02,11:50:07.150,-32,-45,10,3707,160,42,1,16,0,20,681,-2,8,7,-2,344,515,-1,-1,-1,-1,0x1020480010440004,1507,1501,1500,1500,2012,1499,1505,1500,1500,1499,988,1500,1500,1500,1500,1500,1500,1500,1500,2012,1500,1543,1500,2012,1500,1508,1504,1500,1520,1505,1500,2012,8.2
2025-05-02,11:50:07.650,-32,-45,10,3707,160,42,1,16,0,20,681,-1,7,7,-2,344,515,-1,-1,-1,-1,0x1020480010440004,1507,1501,1500,1500,2012,1500,1505,1500,1500,1499,988,1500,1500,1500,1500,1500,1500,1500,1500,2012,1500,1543,1500,2012,1500,1507,1503,1500,1520,1505,1500,2012,8.2
2025-05-02,11:50:08.150,-34,-45,10,3707,160,42,1,16,0,20,681,-2,7,6,-2,344,515,-1,-1,-1,-1,0x1020480010440004,1507,1501,1500,1500,2012,1499,1505,1500,1500,1499,988,1500,1500,1500,1500,1500,1500,1500,1500,2012,1500,1543,1500,2012,1500,1507,1503,1500,1520,1505,1500,2012,8.2
2025-05-02,11:50:08.650,-34,-45,10,3707,170,42,1,16,0,20,681,-1,7,7,-2,344,515,-1,-1,-1,-1,0x1020480010440004,1507,1501,1500,1500,2012,1499,1505,1500,1500,1499,988,1500,1500,1500,1500,1500,1500,1500,1500,2012,1500,1543,1500,2012,1500,1507,1503,1500,1520,1505,1500,2012,8.2
2025-05-02,11:50:09.150,-35,-45,10,3707,160,42,1,16,0,20,681,-2,7,7,-2,344,515,-1,-1,-1,-1,0x1020480010440004,1507,1501,1500,1500,2012,1499,1505,1500,1500,1499,988,1500,1500,1500,1500,1500,1500,1500,1500,2012,1500,1543,1500,2012,1500,1507,1503,1500,1520,1505,1500,2012,8.2
2025-05-02,11:50:09.650,-35,-37,10,3707,170,42,1,16,0,20,681,-1,8,7,-2,344,515,-1,-1,-1,-1,0x1020480010440004,1508,1501,1500,1500,2012,1500,1505,1500,1500,1500,988,1500,1500,1500,1500,1500,1500,1500,1500,2012,1500,1543,1500,2012,1500,1508,1504,1500,1520,1505,1500,2012,8.2
2025-05-02,11:50:10.150,-35,-38,10,3707,170,42,1,16,0,20,681,-2,7,7,-2,344,515,-1,-1,-1,-1,0x1020480010440004,1508,1501,1500,1500,2012,1499,1505,1500,1500,1500,988,1500,1500,1500,1500,1500,1500,1500,1500,2012,1500,1543,1500,2012,1500,1507,1503,1500,1520,1505,1500,2012,8.2
2025-05-02,11:50:10.650,-35,-39,10,3707,170,42,1,16,0,20,681,-2,7,7,-2,344,515,-1,-1,-1,-1,0x1020480010440004,1507,1501,1500,1500,2012,1499,1505,1500,1500,1499,988,1500,1500,1500,1500,1500,1500,1500,1500,2012,1500,1543,1500,2012,1500,1507,1503,1500,1520,1505,1500,2012,8.2
2025-05-02,11:50:11.150,-35,-39,10,3707,170,42,1,16,0,20,681,-2,7,7,-2,344,515,-1,-1,-1,-1,0x1020480010440004,1507,1501,1500,1500,2012,1499,1505,1500,1500,1499,988,1500,1500,1500,1500,1500,1500,1500,1500,2012,1500,1543,1500,2012,1500,1507,1503,1500,1520,1505,1500,2012,8.2
2025-05-02,11:50:11.650,-35,-37,10,3707,150,42,1,16,0,20,681,-2,8,7,-2,344,515,-1,-1,-1,-1,0x1020480010440004,1507,1501,1500,1500,2012,1499,1505,1500,1500,1499,988,1500,1500,1500,1500,1500,1500,1500,1500,2012,1500,1543,1500,2012,1500,1507,1503,1500,1520,1505,1500,2012,8.2
2025-05-02,11:50:12.150,-35,-36,10,3708,260,42,1,16,0,20,681,-2,8,7,-2,344,515,-1,-1,-1,-1,0x1020480010440004,1508,1501,1500,1500,2012,1499,1505,1500,1500,1500,988,1500,1500,1500,1500,1500,1500,1500,1500,2012,1500,1543,1500,2012,1500,1508,1504,1500,1520,1505,1500,2012,8.2
2025-05-02,11:50:12.650,-35,-36,10,3708,160,42,1,16,0,20,681,-2,7,7,-2,344,515,-1,-1,-1,-1,0x1020480010440004,1507,1501,1500,1500,2012,1499,1505,1500,1500,1499,988,1500,1500,1500,1500,1500,1500,1500,1500,2012,1500,1543,1500,2012,1500,1508,1504,1500,1520,1505,1500,2012,8.2
2025-05-02,11:50:13.150,-35,-35,10,3708,170,42,1,16,0,20,681,-1,8,7,-2,344,515,-1,-1,-1,-1,0x1020480010440004,1508,1501,1500,1500,2012,1500,1505,1500,1500,1500,988,1500,1500,1500,1500,1500,1500,1500,1500,2012,1500,1543,1500,2012,1500,1508,1504,1500,1520,1505,1500,2012,8.2
2025-05-02,11:50:13.650,-35,-36,10,3708,170,42,1,16,0,20,681,-2,8,7,-2,344,515,-1,-1,-1,-1,0x1020480010440004,1507,1501,1500,1500,2012,1499,1505,1500,1500,1499,988,1500,1500,1500,1500,1500,1500,1500,1500,2012,1500,1543,1500,2012,1500,1508,1504,1500,1520,1505,1500,2012,8.2
2025-05-02,11:50:14.150,-35,-35,10,3708,160,42,1,16,0,20,681,-2,8,7,-2,344,515,-1,-1,-1,-1,0x1020480010440004,1507,1501,1500,1500,2012,1499,1505,1500,1500,1499,988,1500,1500,1500,1500,1500,1500,1500,1500,2012,1500,1543,1500,2012,1500,1508,1504,1500,1520,1505,1500,2012,8.2
2025-05-02,11:50:14.650,-35,-35,10,3708,160,42,1,16,0,20,681,-1,7,7,-2,344,515,-1,-1,-1,-1,0x1020480010440004,1508,1501,1500,1500,2012,1500,1505,1500,1500,1500,988,1500,1500,1500,1500,1500,1500,1500,1500,2012,1500,1543,1500,2012,1500,1508,1504,1500,1520,1505,1500,2012,8.2
2025-05-02,11:50:15.150,-34,-36,10,3708,160,42,1,16,0,20,681,-1,8,7,-2,344,515,-1,-1,-1,-1,0x1020480010440004,1508,1501,1500,1500,2012,1500,1505,1500,1500,1500,988,1500,1500,1500,1500,1500,1500,1500,1500,2012,1500,1543,1500,2012,1500,1507,1504,1500,1520,1505,1500,2012,8.2
2025-05-02,11:50:15.650,-34,-36,10,3708,170,42,1,16,0,20,681,-2,8,7,-2,344,515,-1,-1,-1,-1,0x1020480010440004,1507,1501,1500,1500,2012,1499,1505,1500,1500,1499,988,1500,1500,1500,1500,1500,1500,1500,1500,2012,1500,1543,1500,2012,1500,1508,1504,1500,1520,1505,1500,2012,8.2
2025-05-02,11:50:16.150,-35,-36,10,3708,170,42,1,16,0,20,681,-2,8,7,-2,344,515,-1,-1,-1,-1,0x1020480010440004,1507,1501,1500,1500,2012,1499,1505,1500,1500,1499,988,1500,1500,1500,1500,1500,1500,1500,1500,2012,1500,1543,1500,2012,1500,1508,1504,1500,1520,1505,1500,2012,8.2
2025-05-02,11:50:16.650,-35,-36,10,3708,160,42,1,16,0,20,681,-2,8,7,-2,344,515,-1,-1,-1,-1,0x1020480010440004,1507,1501,1500,1500,2012,1499,1505,1500,1500,1499,988,1500,1500,1500,1500,1500,1500,1500,1500,2012,1500,1543,1500,2012,1500,1507,1504,1500,1520,1505,1500,2012,8.2
2025-05-02,11:50:17.150,-34,-36,10,3708,150,42,1,16,0,20,681,-2,8,7,-2,344,515,-1,-1,-1,-1,0x1020480010440004,1507,1501,1500,1500,2012,1499,1505,1500,1500,1499,988,1500,1500,1500,1500,1500,1500,1500,1500,2012,1500,1543,1500,2012,1500,1508,1504,1500,1520,1505,1500,2012,8.2
2025-05-02,11:50:17.650,-35,-36,10,3708,270,42,1,16,0,20,681,-2,8,7,-2,344,515,-1,-1,-1,-1,0x1020480010440004,1507,1501,1500,1500,2012,1499,1505,1500,1500,1499,988,1500,1500,1500,1500,1500,1500,1500,1500,2012,1500,1543,1500,2012,1500,1507,1504,1500,1520,1505,1500,2012,8.2
2025-05-02,11:50:18.150,-35,-36,10,3708,160,42,1,16,0,20,681,-2,8,7,-2,344,515,-1,-1,-1,-1,0x1020480010440004,1507,1501,1500,1500,2012,1499,1505,1500,1500,1499,988,1500,1500,1500,1500,1500,1500,1500,1500,2012,1500,1543,1500,2012,1500,1508,1504,1500,1520,1505,1500,2012,8.2
2025-05-02,11:50:18.650,-34,-36,10,3708,170,42,1,16,0,20,681,-2,8,7,-2,344,515,-1,-1,-1,-1,0x1020480010440004,1507,1501,1500,1500,2012,1499,1505,1500,1500,1499,988,1500,1500,1500,1500,1500,1500,1500,1500,2012,1500,1543,1500,2012,1500,1508,1504,1500,1520,1505,1500,2012,8.2
2025-05-02,11:50:19.150,-33,-36,10,3708,170,42,1,16,0,20,681,-2,7,7,-2,344,515,-1,-1,-1,-1,0x1020480010440004,1507,1501,1500,1500,2012,1499,1505,1500,1500,1499,988,1500,1500,1500,1500,1500,1500,1500,1500,2012,1500,1543,1500,2012,1500,1507,1503,1500,1520,1505,1500,2012,8.2
2025-05-02,11:50:19.650,-30,-36,10,3708,180,42,1,16,0,20,681,-2,7,6,-2,344,515,-1,-1,-1,-1,0x1020480010440004,1507,1501,1500,1500,2012,1499,1505,1500,1500,1499,988,1500,1500,1500,1500,1500,1500,1500,1500,2012,1500,1543,1500,2012,1500,1508,1504,1500,1520,1505,1500,2012,8.2
2025-05-02,11:50:20.150,-31,-36,10,3708,150,42,1,16,0,20,681,-2,7,6,-2,344,515,-1,-1,-1,-1,0x1020480010440004,1507,1501,1500,1500,2012,1499,1505,1500,1500,1499,988,1500,1500,1500,1500,1500,1500,1500,1500,2012,1500,1543,1500,2012,1500,1507,1503,1500,1520,1505,1500,2012,8.2
2025-05-02,11:50:20.650,-33,-36,10,3708,160,42,1,16,0,20,681,-2,8,6,-2,344,515,-1,-1,-1,-1,0x1020480010440004,1507,1501,1500,1500,2012,1499,1505,1500,1500,1499,988,1500,1500,1500,1500,1500,1500,1500,1500,2012,1500,1543,1500,2012,1500,1508,1504,1500,1520,1505,1500,2012,8.2
2025-05-02,11:50:21.150,-34,-36,10,3708,160,42,1,16,0,20,681,-2,8,7,-2,344,515,-1,-1,-1,-1,0x1020480010440004,1507,1501,1500,1500,2012,1499,1505,1500,1500,1499,988,1500,1500,1500,1500,1500,1500,1500,1500,2012,1500,1543,1500,2012,1500,1508,1503,1500,1520,1505,1500,2012,8.2
2025-05-02,11:50:21.650,-39,-39,10,3708,170,42,1,16,0,20,681,-2,8,7,-2,344,515,-1,-1,-1,-1,0x1020480010440004,1507,1501,1500,1500,2012,1499,1505,1500,1500,1499,988,1500,1500,1500,1500,1500,1500,1500,1500,2012,1500,1543,1500,2012,1500,1508,1504,1500,1520,1505,1500,2012,8.2
2025-05-02,11:50:22.150,-40,-48,10,3708,160,42,1,16,0,20,681,-2,9,7,-2,344,515,-1,-1,-1,-1,0x1020480010440004,1507,1501,1500,1500,2012,1499,1506,1500,1500,1499,988,1500,1500,1500,1500,1500,1500,1500,1500,2012,1500,1543,1500,2012,1500,1509,1505,1500,1520,1505,1500,2012,8.2
2025-05-02,11:50:22.650,-37,-48,10,3708,170,42,1,16,0,20,681,-2,12,7,-2,344,515,-1,-1,-1,-1,0x1020480010440004,1507,1501,1500,1500,2012,1499,1508,1500,1500,1499,988,1500,1500,1500,1500,1500,1500,1500,1500,2012,1500,1543,1500,2012,1500,1512,1506,1500,1520,1505,1500,2012,8.2
2025-05-02,11:50:23.150,-38,-48,10,3708,250,42,1,16,0,20,681,-2,12,7,-2,344,515,-1,-1,-1,-1,0x1020480010440004,1507,1501,1500,1500,2012,1499,1508,1500,1500,1499,988,1500,1500,1500,1500,1500,1500,1500,1500,2012,1500,1543,1500,2012,1500,1512,1506,1500,1520,1505,1500,2012,8.2
2025-05-02,11:50:23.650,-37,-48,10,3708,160,42,1,16,0,20,681,-2,6,7,-2,344,515,-1,-1,-1,-1,0x1020480010440004,1507,1501,1500,1500,2012,1499,1504,1500,1500,1499,988,1500,1500,1500,1500,1500,1500,1500,1500,2012,1500,1543,1500,2012,1500,1506,1503,1500,1520,1505,1500,2012,8.2
2025-05-02,11:50:24.150,-43,-41,10,3709,160,42,1,16,0,20,681,-3,7,7,-2,344,515,-1,-1,-1,-1,0x1020480010440004,1507,1501,1500,1500,2012,1499,1505,1500,1500,1499,988,1500,1500,1500,1500,1500,1500,1500,1500,2012,1500,1543,1500,2012,1500,1507,1503,1500,1520,1505,1500,2012,8.2
2025-05-02,11:50:24.650,-44,-64,10,3709,160,42,1,16,0,20,681,-3,6,7,-2,344,515,-1,-1,-1,-1,0x1020480010440004,1507,1501,1500,1500,2012,1499,1504,1500,1500,1499,988,1500,1500,1500,1500,1500,1500,1500,1500,2012,1500,1543,1500,2012,1500,1506,1503,1500,1520,1505,1500,2012,8.2
2025-05-02,11:50:25.150,-40,-64,10,3709,160,42,1,16,0,20,681,-3,6,7,-2,344,515,-1,-1,-1,-1,0x1020480010440004,1507,1501,1500,1500,2012,1499,1504,1500,1500,1499,988,1500,1500,1500,1500,1500,1500,1500,1500,2012,1500,1543,1500,2012,1500,1507,1503,1500,1520,1505,1500,2012,8.2
2025-05-02,11:50:25.650,-56,-59,10,3709,170,42,1,16,0,20,682,-3,6,6,-2,344,515,-1,-1,-1,-1,0x1020480010440004,1507,1501,1500,1500,2012,1499,1504,1500,1500,1499,988,1500,1500,1500,1500,1500,1500,1500,1500,2012,1500,1543,1500,2012,1500,1506,1503,1500,1520,1505,1500,2012,8.2
2025-05-02,11:50:26.150,-62,-55,10,3709,160,42,1,16,0,20,682,-3,6,7,-2,344,515,-1,-1,-1,-1,0x1020480010440004,1507,1501,1500,1500,2012,1499,1504,1500,1500,1499,988,1500,1500,1500,1500,1500,1500,1500,1500,2012,1500,1543,1500,2012,1500,1506,1503,1500,1520,1505,1500,2012,8.2
2025-05-02,11:50:26.650,-62,-48,10,3709,160,42,1,16,359,20,682,-3,8,7,-2,344,515,-1,-1,-1,-1,0x1020480010440004,1507,1501,1500,1500,2012,1499,1505,1500,1500,1498,988,1500,1500,1500,1500,1500,1500,1500,1500,2012,1500,1543,1500,2012,1500,1507,1504,1500,1520,1505,1500,2012,8.2
2025-05-02,11:50:27.150,-62,-47,10,3709,230,42,1,16,107,20,682,-2,8,7,-2,344,515,-1,-1,-1,-1,0x1020480010440004,1507,1501,1500,1500,2012,1499,1505,1500,1500,1499,988,1500,1500,1500,1500,1500,1500,1500,1500,2012,1500,1543,1500,2012,1500,1508,1504,1500,1520,1505,1500,2012,8.2
2025-05-02,11:50:27.650,-62,-38,10,3709,220,42,1,16,0,20,682,-2,10,7,-2,344,515,-1,-1,-1,-1,0x1020480010440004,1507,1501,1500,1500,2012,1499,1507,1500,1500,1499,988,1500,1500,1500,1500,1500,1500,1500,1500,2012,1500,1543,1500,2012,1500,1510,1505,1500,1520,1505,1500,2012,8.2
2025-05-02,11:50:28.150,-51,-44,10,3709,210,42,1,16,0,20,682,-2,15,7,-2,344,515,-1,-1,-1,-1,0x1020480010440004,1507,1502,1500,1500,2012,1499,1511,1500,1500,1499,988,1500,1500,1500,1500,1500,1500,1500,1500,2012,1500,1543,1500,2012,1500,1516,1508,1500,1520,1505,1500,2012,8.2
2025-05-02,11:50:28.650,-51,-37,10,3709,260,42,1,16,0,20,682,-2,11,7,-2,344,515,-1,-1,-1,-1,0x1020480010440004,1507,1501,1500,1500,2012,1499,1507,1500,1500,1499,988,1500,1500,1500,1500,1500,1500,1500,1500,2012,1500,1543,1500,2012,1500,1512,1506,1500,1520,1505,1500,2012,8.2
2025-05-02,11:50:29.150,-51,-53,10,3709,160,42,1,16,0,20,682,-2,9,7,-2,344,515,-1,-1,-1,-1,0x1020480010440004,1507,1501,1500,1500,2012,1499,1506,1500,1500,1499,988,1500,1500,1500,1500,1500,1500,1500,1500,2012,1500,1543,1500,2012,1500,1509,1505,1500,1520,1505,1500,2012,8.2
2025-05-02,11:50:29.650,-53,-53,10,3709,170,42,1,16,0,20,682,-2,10,7,-2,344,515,-1,-1,-1,-1,0x1020480010440004,1507,1501,1500,1500,2012,1499,1507,1500,1500,1499,988,1500,1500,1500,1500,1500,1500,1500,1500,2012,1500,1543,1500,2012,1500,1510,1505,1500,1520,1505,1500,2012,8.2
2025-05-02,11:50:30.150,-45,-53,10,3709,170,42,1,16,0,20,682,-3,10,7,-2,344,515,-1,-1,-1,-1,0x1020480010440004,1507,1501,1500,1500,2012,1499,1507,1500,1500,1499,988,1500,1500,1500,1500,1500,1500,1500,1500,2012,1500,1543,1500,2012,1500,1510,1505,1500,1520,1505,1500,2012,8.2
2025-05-02,11:50:30.650,-50,-53,10,3709,320,42,1,16,0,20,682,34,9,7,-2,344,515,-1,-1,-1,-1,0x1020480010440004,1516,1501,1500,1500,2012,1517,1506,1500,1500,1517,988,1500,1500,1500,1500,1500,1500,1500,1500,2012,1500,1543,1500,2012,1500,1509,1505,1500,1520,1505,1500,2012,8.2
2025-05-02,11:50:31.150,-57,-72,10,3709,210,42,1,16,920,20,682,-2,10,7,-2,344,515,-1,-1,-1,-1,0x1020480010440004,1507,1501,1500,1500,2012,1499,1507,1500,1500,1499,988,1500,1500,1500,1500,1500,1500,1500,1500,2012,1500,1543,1500,2012,1500,1510,1505,1500,1520,1505,1500,2012,8.2
2025-05-02,11:50:31.650,-55,-63,10,3709,180,42,1,16,481,20,682,-2,10,7,-2,344,515,-1,-1,-1,-1,0x1020480010440004,1507,1501,1500,1500,2012,1499,1507,1500,1500,1499,988,1500,1500,1500,1500,1500,1500,1500,1500,2012,1500,1543,1500,2012,1500,1510,1505,1500,1520,1505,1500,2012,8.2
2025-05-02,11:50:32.150,-56,-70,10,3709,230,42,1,16,0,20,682,-2,11,7,-2,344,515,-1,-1,-1,-1,0x1020480010440004,1507,1501,1500,1500,2012,1499,1507,1500,1500,1499,988,1500,1500,1500,1500,1500,1500,1500,1500,2012,1500,1543,1500,2012,1500,1512,1506,1500,1520,1505,1500,2012,8.2
2025-05-02,11:50:32.650,-55,-64,10,3709,160,42,1,16,0,20,682,-2,11,6,-2,344,515,-1,-1,-1,-1,0x1020480010440004,1507,1501,1500,1500,2012,1499,1507,1500,1500,1499,988,1500,1500,1500,1500,1500,1500,1500,1500,2012,1500,1543,1500,2012,1500,1512,1506,1500,1520,1505,1500,2012,8.2
2025-05-02,11:50:33.150,-55,-56,10,3709,160,42,1,16,0,20,682,-2,11,6,-2,344,515,-1,-1,-1,-1,0x1020480010440004,1507,1501,1500,1500,2012,1499,1507,1500,1500,1499,988,1500,1500,1500,1500,1500,1500,1500,1500,2012,1500,1543,1500,2012,1500,1512,1506,1500,1520,1505,1500,2012,8.2
2025-05-02,11:50:33.650,-54,-65,10,3709,160,42,1,16,0,20,682,-2,12,7,-2,344,515,-1,-1,-1,-1,0x1020480010440004,1507,1501,1500,1500,2012,1499,1508,1500,1500,1499,988,1500,1500,1500,1500,1500,1500,1500,1500,2012,1500,1543,1500,2012,1500,1512,1506,1500,1520,1505,1500,2012,8.2
2025-05-02,11:50:34.150,-54,-65,10,3709,270,42,1,16,0,20,682,-2,12,6,-2,344,515,-1,-1,-1,-1,0x1020480010440004,1507,1502,1500,1500,2012,1499,1508,1500,1500,1499,988,1500,1500,1500,1500,1500,1500,1500,1500,2012,1500,1543,1500,2012,1500,1512,1507,1500,1520,1505,1500,2012,8.2
2025-05-02,11:50:34.650,-54,-65,10,3709,160,42,1,16,0,20,682,-2,12,7,-2,344,515,-1,-1,-1,-1,0x1020480010440004,1507,1501,1500,1500,2012,1499,1508,1500,1500,1499,988,1500,1500,1500,1500,1500,1500,1500,1500,2012,1500,1543,1500,2012,1500,1512,1506,1500,1520,1505,1500,2012,8.2
2025-05-02,11:50:35.150,-54,-65,10,3709,160,42,1,16,0,20,682,-3,12,7,-2,344,515,-1,-1,-1,-1,0x1020480010440004,1507,1501,1500,1500,2012,1499,1508,1500,1500,1499,988,1500,1500,1500,1500,1500,1500,1500,1500,2012,1500,1543,1500,2012,1500,1512,1506,1500,1520,1505,1500,2012,8.2
2025-05-02,11:50:35.650,-53,-65,10,3709,170,42,1,16,0,20,682,-3,12,7,-2,344,515,-1,-1,-1,-1,0x1020480010440004,1507,1501,1500,1500,2012,1499,1508,1500,1500,1499,988,1500,1500,1500,1500,1500,1500,1500,1500,2012,1500,1543,1500,2012,1500,1512,1506,1500,1520,1505,1500,2012,8.2
2025-05-02,11:50:36.150,-53,-65,10,3709,160,42,1,16,0,20,682,-2,13,7,-2,344,515,-1,-1,-1,-1,0x1020480010440004,1507,1501,1500,1500,2012,1499,1509,1500,1500,1499,988,1500,1500,1500,1500,1500,1500,1500,1500,2012,1500,1543,1500,2012,1500,1512,1506,1500,1520,1505,1500,2012,8.2
2025-05-02,11:50:36.650,-53,-71,10,3709,170,42,1,16,0,20,682,-2,12,7,-2,344,515,-1,-1,-1,-1,0x1020480010440004,1507,1501,1500,1500,2012,1499,1508,1500,1500,1499,988,1500,1500,1500,1500,1500,1500,1500,1500,2012,1500,1543,1500,2012,1500,1512,1506,1500,1520,1505,1500,2012,8.2
2025-05-02,11:50:37.150,-53,-71,10,3709,170,42,1,16,0,20,682,-3,12,7,-2,344,515,-1,-1,-1,-1,0x1020480010440004,1507,1501,1500,1500,2012,1499,1508,1500,1500,1499,988,1500,1500,1500,1500,1500,1500,1500,1500,2012,1500,1543,1500,2012,1500,1512,1506,1500,1520,1505,1500,2012,8.2
2025-05-02,11:50:37.650,-54,-71,10,3709,160,42,1,16,0,20,682,-2,12,7,-2,344,515,-1,-1,-1,-1,0x1020480010440004,1507,1501,1500,1500,2012,1499,1508,1500,1500,1499,988,1500,1500,1500,1500,1500,1500,1500,1500,2012,1500,1543,1500,2012,1500,1512,1506,1500,1520,1505,1500,2012,8.2
2025-05-02,11:50:38.150,-53,-71,10,3709,150,42,1,16,0,20,682,-3,12,7,-1,343,514,-1,-1,-1,-1,0x1020480010440004,1507,1501,1500,1500,2012,1499,1508,1500,1500,1498,988,1500,1500,1500,1500,1500,1500,1500,1500,2012,1500,1543,1500,2012,1500,1512,1506,1500,1520,1505,1500,2012,8.2
2025-05-02,11:50:38.650,-53,-65,10,3709,170,42,1,16,0,20,682,-3,12,7,-2,344,515,-1,-1,-1,-1,0x1020480010440004,1507,1501,1500,1500,2012,1499,1508,1500,1500,1499,988,1500,1500,1500,1500,1500,1500,1500,1500,2012,1500,1543,1500,2012,1500,1512,1506,1500,1520,1505,1500,2012,8.2
2025-05-02,11:50:39.150,-53,-65,10,3709,160,42,1,16,0,20,682,-3,12,7,-2,344,515,-1,-1,-1,-1,0x1020480010440004,1507,1501,1500,1500,2012,1499,1508,1500,1500,1499,988,1500,1500,1500,1500,1500,1500,1500,1500,2012,1500,1543,1500,2012,1500,1512,1506,1500,1520,1505,1500,2012,8.2
2025-05-02,11:50:39.650,-53,-65,10,3709,260,42,1,16,0,20,682,-3,12,7,-2,344,515,-1,-1,-1,-1,0x1020480010440004,1507,1501,1500,1500,2012,1499,1508,1500,1500,1499,988,1500,1500,1500,1500,1500,1500,1500,1500,2012,1500,1543,1500,2012,1500,1512,1506,1500,1520,1505,1500,2012,8.2
2025-05-02,11:50:40.150,-53,-65,10,3709,160,42,1,16,0,20,682,-3,12,6,-2,344,515,-1,-1,-1,-1,0x1020480010440004,1507,1501,1500,1500,2012,1499,1508,1500,1500,1499,988,1500,1500,1500,1500,1500,1500,1500,1500,2012,1500,1543,1500,2012,1500,1512,1506,1500,1520,1505,1500,2012,8.2
2025-05-02,11:50:40.650,-53,-83,10,3710,160,42,1,16,0,20,682,-3,12,6,-2,344,515,-1,-1,-1,-1,0x1020480010440004,1507,1501,1500,1500,2012,1499,1508,1500,1500,1499,988,1500,1500,1500,1500,1500,1500,1500,1500,2012,1500,1543,1500,2012,1500,1512,1506,1500,1520,1505,1500,2012,8.2
2025-05-02,11:50:41.150,-53,-83,10,3710,160,42,1,16,0,20,682,-3,12,7,-2,344,515,-1,-1,-1,-1,0x1020480010440004,1507,1501,1500,1500,2012,1499,1508,1500,1500,1499,988,1500,1500,1500,1500,1500,1500,1500,1500,2012,1500,1543,1500,2012,1500,1512,1506,1500,1520,1505,1500,2012,8.2
2025-05-02,11:50:41.650,-53,-83,10,3710,170,42,1,16,0,20,682,-3,12,6,-2,344,515,-1,-1,-1,-1,0x1020480010440004,1507,1501,1500,1500,2012,1499,1508,1500,1500,1499,988,1500,1500,1500,1500,1500,1500,1500,1500,2012,1500,1543,1500,2012,1500,1512,1506,1500,1520,1505,1500,2012,8.2
2025-05-02,11:50:42.150,-52,-83,10,3710,170,42,1,16,0,20,682,-3,12,7,-2,344,515,-1,-1,-1,-1,0x1020480010440004,1507,1501,1500,1500,2012,1499,1508,1500,1500,1499,988,1500,1500,1500,1500,1500,1500,1500,1500,2012,1500,1543,1500,2012,1500,1512,1506,1500,1520,1505,1500,2012,8.2
2025-05-02,11:50:42.650,-52,-83,10,3710,160,42,1,16,0,20,682,-3,12,7,-2,344,515,-1,-1,-1,-1,0x1020480010440004,1507,1501,1500,1500,2012,1499,1508,1500,1500,1499,988,1500,1500,1500,1500,1500,1500,1500,1500,2012,1500,1543,1500,2012,1500,1512,1506,1500,1520,1505,1500,2012,8.2
2025-05-02,11:50:43.150,-52,-83,10,3710,160,42,1,16,0,20,682,-3,12,7,-2,344,515,-1,-1,-1,-1,0x1020480010440004,1507,1501,1500,1500,2012,1499,1508,1500,1500,1499,988,1500,1500,1500,1500,1500,1500,1500,1500,2012,1500,1543,1500,2012,1500,1512,1506,1500,1520,1505,1500,2012,8.2
2025-05-02,11:50:43.650,-54,-83,10,3710,170,42,1,16,0,20,682,-3,12,7,-2,344,515,-1,-1,-1,-1,0x1020480010440004,1507,1501,1500,1500,2012,1499,1508,1500,1500,1499,988,1500,1500,1500,1500,1500,1500,1500,1500,2012,1500,1543,1500,2012,1500,1512,1506,1500,1520,1505,1500,2012,8.2
2025-05-02,11:50:44.150,-56,-83,10,3710,160,42,1,16,0,20,682,-3,12,6,-2,344,515,-1,-1,-1,-1,0x1020480010440004,1507,1501,1500,1500,2012,1499,1508,1500,1500,1499,988,1500,1500,1500,1500,1500,1500,1500,1500,2012,1500,1543,1500,2012,1500,1512,1506,1500,1520,1505,1500,2012,8.2
2025-05-02,11:50:44.650,-59,-65,10,3710,170,42,1,16,0,20,682,-2,12,6,-2,344,515,-1,-1,-1,-1,0x1020480010440004,1507,1501,1500,1500,2012,1499,1508,1500,1500,1499,988,1500,1500,1500,1500,1500,1500,1500,1500,2012,1500,1543,1500,2012,1500,1512,1506,1500,1520,1505,1500,2012,8.2
2025-05-02,11:50:45.150,-54,-65,10,3710,250,42,1,16,0,20,682,-3,11,7,-2,344,515,-1,-1,-1,-1,0x1020480010440004,1507,1501,1500,1500,2012,1499,1507,1500,1500,1499,988,1500,1500,1500,1500,1500,1500,1500,1500,2012,1500,1543,1500,2012,1500,1512,1506,1500,1520,1505,1500,2012,8.2
2025-05-02,11:50:45.650,-53,-65,10,3710,160,42,1,16,0,20,682,-2,12,6,-2,344,515,-1,-1,-1,-1,0x1020480010440004,1507,1501,1500,1500,2012,1499,1508,1500,1500,1499,988,1500,1500,1500,1500,1500,1500,1500,1500,2012,1500,1543,1500,2012,1500,1512,1506,1500,1520,1505,1500,2012,8.2
2025-05-02,11:50:46.150,-52,-65,10,3710,160,42,1,16,0,20,682,-3,10,7,-2,344,515,-1,-1,-1,-1,0x1020480010440004,1507,1501,1500,1500,2012,1499,1507,1500,1500,1499,988,1500,1500,1500,1500,1500,1500,1500,1500,2012,1500,1543,1500,2012,1500,1510,1505,1500,1520,1505,1500,2012,8.2
2025-05-02,11:50:46.650,-51,-65,10,3710,170,42,1,16,0,20,682,-3,9,7,-2,343,515,-1,-1,-1,-1,0x1020480010440004,1507,1501,1500,1500,2012,1499,1506,1500,1500,1499,988,1500,1500,1500,1500,1500,1500,1500,1500,2012,1500,1543,1500,2012,1500,1509,1505,1500,1520,1505,1500,2012,8.2
2025-05-02,11:50:47.150,-52,-65,10,3710,160,42,1,16,0,20,683,-2,10,6,-2,344,515,-1,-1,-1,-1,0x1020480010440004,1507,1501,1500,1500,2012,1499,1507,1500,1500,1499,988,1500,1500,1500,1500,1500,1500,1500,1500,2012,1500,1543,1500,2012,1500,1510,1505,1500,1520,1505,1500,2012,8.2
2025-05-02,11:50:47.650,-52,-67,10,3710,160,42,1,16,0,20,683,-2,10,7,-2,344,515,-1,-1,-1,-1,0x1020480010440004,1507,1501,1500,1500,2012,1499,1507,1500,1500,1499,988,1500,1500,1500,1500,1500,1500,1500,1500,2012,1500,1543,1500,2012,1500,1510,1505,1500,1520,1505,1500,2012,8.2
2025-05-02,11:50:48.150,-52,-67,10,3710,160,42,1,16,0,20,683,-2,10,6,-2,344,515,-1,-1,-1,-1,0x1020480010440004,1507,1501,1500,1500,2012,1499,1507,1500,1500,1499,988,1500,1500,1500,1500,1500,1500,1500,1500,2012,1500,1543,1500,2012,1500,1510,1505,1500,1520,1505,1500,2012,8.2
2025-05-02,11:50:48.650,-54,-67,10,3710,160,42,1,16,0,20,683,-3,10,7,-2,343,514,-1,-1,-1,-1,0x1020480010440004,1507,1501,1500,1500,2012,1499,1507,1500,1500,1499,988,1500,1500,1500,1500,1500,1500,1500,1500,2012,1500,1543,1500,2012,1500,1510,1505,1500,1520,1505,1500,2012,8.2
2025-05-02,11:50:49.150,-53,-64,10,3710,160,42,1,16,0,20,683,-2,11,6,-2,344,515,-1,-1,-1,-1,0x1020480010440004,1507,1501,1500,1500,2012,1499,1507,1500,1500,1499,988,1500,1500,1500,1500,1500,1500,1500,1500,2012,1500,1543,1500,2012,1500,1512,1506,1500,1520,1505,1500,2012,8.2
2025-05-02,11:50:49.640,-53,-64,10,3710,160,42,1,16,0,20,683,-2,11,6,-2,344,515,-1,-1,-1,-1,0x1020480010440004,1507,1501,1500,1500,2012,1499,1507,1500,1500,1499,988,1500,1500,1500,1500,1500,1500,1500,1500,2012,1500,1543,1500,2012,1500,1512,1506,1500,1520,1505,1500,2012,8.2
2025-05-02,11:50:50.140,-53,-64,10,3710,160,42,1,16,0,20,683,-3,11,6,-2,344,515,-1,-1,-1,-1,0x1020480010440004,1507,1501,1500,1500,2012,1499,1507,1500,1500,1499,988,1500,1500,1500,1500,1500,1500,1500,1500,2012,1500,1543,1500,2012,1500,1512,1506,1500,1520,1505,1500,2012,8.2
2025-05-02,11:50:50.620,-55,-64,10,3710,280,42,1,16,0,20,683,-3,12,7,-2,344,515,-1,-1,-1,-1,0x1020480010440004,1507,1501,1500,1500,2012,1499,1508,1500,1500,1499,988,1500,1500,1500,1500,1500,1500,1500,1500,2012,1500,1543,1500,2012,1500,1512,1506,1500,1520,1505,1500,2012,8.2
2025-05-02,11:50:51.120,-54,-64,10,3710,170,42,1,16,0,20,683,-3,12,7,-2,344,515,-1,-1,-1,-1,0x1020480010440004,1507,1501,1500,1500,2012,1499,1508,1500,1500,1499,988,1500,1500,1500,1500,1500,1500,1500,1500,2012,1500,1543,1500,2012,1500,1512,1506,1500,1520,1505,1500,2012,8.2
2025-05-02,11:50:51.620,-53,-56,10,3710,160,42,1,16,0,20,683,-3,12,6,-2,344,515,-1,-1,-1,-1,0x1020480010440004,1507,1501,1500,1500,2012,1499,1508,1500,1500,1499,988,1500,1500,1500,1500,1500,1500,1500,1500,2012,1500,1543,1500,2012,1500,1512,1506,1500,1520,1505,1500,2012,8.2
2025-05-02,11:50:52.120,-53,-56,10,3710,160,42,1,16,0,20,683,-3,12,7,-1,344,514,-1,-1,-1,-1,0x1020480010440004,1507,1501,1500,1500,2012,1499,1508,1500,1500,1499,988,1500,1500,1500,1500,1500,1500,1500,1500,2012,1500,1543,1500,2012,1500,1512,1506,1500,1520,1505,1500,2012,8.2
2025-05-02,11:50:52.620,-53,-56,10,3710,170,42,1,16,0,20,683,-3,12,7,-1,343,515,-1,-1,-1,-1,0x1020480010440004,1507,1501,1500,1500,2012,1498,1508,1500,1500,1498,988,1500,1500,1500,1500,1500,1500,1500,1500,2012,1500,1543,1500,2012,1500,1512,1506,1500,1520,1505,1500,2012,8.2
2025-05-02,11:50:53.120,-53,-56,10,3710,170,42,1,16,0,20,683,-3,10,7,-2,344,515,-1,-1,-1,-1,0x1020480010440004,1507,1501,1500,1500,2012,1499,1507,1500,1500,1499,988,1500,1500,1500,1500,1500,1500,1500,1500,2012,1500,1543,1500,2012,1500,1510,1505,1500,1520,1505,1500,2012,8.2
2025-05-02,11:50:53.620,-57,-56,10,3710,160,42,1,16,0,20,683,-3,13,7,-2,344,515,-1,-1,-1,-1,0x1020480010440004,1507,1502,1500,1500,2012,1499,1509,1500,1500,1499,988,1500,1500,1500,1500,1500,1500,1500,1500,2012,1500,1543,1500,2012,1500,1513,1507,1500,1520,1505,1500,2012,8.2
2025-05-02,11:50:54.120,-58,-60,10,3710,160,42,1,16,0,20,683,-3,8,7,-2,344,515,-1,-1,-1,-1,0x1020480010440004,1507,1501,1500,1500,2012,1499,1505,1500,1500,1499,988,1500,1500,1500,1500,1500,1500,1500,1500,2012,1500,1543,1500,2012,1500,1509,1505,1500,1520,1505,1500,2012,8.2
2025-05-02,11:50:54.620,-57,-60,10,3710,160,42,1,16,0,20,683,-4,10,6,-2,344,515,-1,-1,-1,-1,0x1020480010440004,1507,1501,1500,1500,2012,1498,1507,1500,1500,1498,988,1500,1500,1500,1500,1500,1500,1500,1500,2012,1500,1543,1500,2012,1500,1509,1505,1500,1520,1505,1500,2012,8.2
2025-05-02,11:50:55.120,-57,-68,10,3710,340,42,1,16,0,20,683,184,36,7,-2,344,515,-1,-1,-1,-1,0x1020480014440004,1554,1505,1500,1500,2012,1592,1524,1500,1500,1592,988,1500,1500,1500,1500,1500,1500,1500,1500,2012,1500,1543,1500,2012,1500,1536,1520,1500,1520,1505,1500,2012,8.2
2025-05-02,11:50:55.620,-56,-68,10,3710,290,42,1,16,0,20,683,652,29,7,-2,344,515,-1,-1,-1,-1,0x1020480014440005,1671,1502,1500,1500,2012,1826,1520,1500,1500,1826,988,1500,1500,1500,1500,1500,1500,1500,988,2012,1500,1543,1500,2012,1500,1530,1510,1500,1520,1505,1500,2012,8.2
2025-05-02,11:50:56.120,-56,-68,10,3710,480,42,1,16,0,20,683,-3,12,7,-2,344,515,-1,-1,-1,-1,0x1020480010440005,1507,1501,1500,1500,2012,1499,1508,1500,1500,1499,988,1500,1500,1500,1500,1500,1500,1500,1224,2012,1500,1543,1500,2012,1500,1512,1506,1500,1520,1505,1500,2012,8.2
2025-05-02,11:50:56.620,-55,-68,10,3709,200,42,1,16,0,20,683,123,12,7,-2,344,515,-1,-1,-1,-1,0x1020480014440005,1539,1501,1500,1500,2012,1561,1508,1500,1500,1562,988,1500,1500,1500,1500,1500,1500,1500,1372,2012,1500,1543,1500,2012,1500,1512,1506,1500,1520,1505,1500,2012,8.2
2025-05-02,11:50:57.120,-60,-61,10,3710,340,42,1,16,0,20,683,192,14,7,-2,344,515,-1,-1,-1,-1,0x1020480014440005,1556,1502,1500,1500,2012,1596,1509,1500,1500,1595,988,1500,1500,1500,1500,1500,1500,1500,1372,2012,1500,1543,1500,2012,1500,1515,1508,1500,1520,1505,1500,2012,8.2
2025-05-02,11:50:57.620,-62,-61,10,3710,580,42,1,16,0,20,683,539,118,7,-2,344,515,-1,-1,-1,-1,0x1020480014440005,1640,1513,1500,1500,2012,1769,1581,1500,1500,1769,988,1500,1500,1500,1500,1500,1500,1500,1372,1628,1500,1543,1500,2012,1500,1617,1554,1500,1520,1505,1500,2012,8.2
2025-05-02,11:50:58.120,-61,-69,10,3709,2350,42,1,16,3250,20,684,583,659,6,-2,344,515,-1,-1,-1,-1,0x1020480014442005,1647,1603,1500,1500,2012,1791,1951,1500,1500,1783,988,1500,1500,1500,1500,1500,1500,1500,1372,1628,1500,1543,1500,2012,1500,1968,1912,1500,1520,1505,1500,2012,8.2
2025-05-02,11:50:58.620,-59,-69,10,3686,1160,42,1,16,5786,20,685,-1,640,7,-2,344,515,-1,-1,-1,-1,0x1020480010442005,1508,1595,1500,1500,2012,1500,1938,1500,1500,1500,988,1500,1500,1500,1500,1500,1500,1500,1372,1628,1500,1543,1500,2012,1500,1946,1864,1500,1520,1505,1500,2012,8.2
2025-05-02,11:50:59.120,-59,-69,10,3683,3610,42,1,16,6025,20,685,-415,338,7,-2,344,515,-1,-1,-1,-1,0x1020480014440805,1422,1546,1500,1500,2012,1292,1723,1500,1500,1298,988,1500,1500,1500,1500,1500,1500,1500,1372,1628,1500,1543,1500,2012,1500,1896,1684,1500,1520,1505,1500,2012,8.2
2025-05-02,11:50:59.620,-41,-69,10,3693,4310,43,1,16,4820,20,685,-663,730,6,-2,344,515,-1,-1,-1,-1,0x1020480014442005,1345,1623,1500,1500,2012,1169,2000,1500,1500,1176,988,1500,1500,1500,1500,1500,1500,1500,1372,1628,1500,1543,1500,2012,1500,2003,1992,1500,1520,1505,1500,2012,8.2
2025-05-02,11:51:00.120,-49,-53,10,3691,4890,43,1,16,5588,20,686,3,914,6,-2,344,515,-1,-1,-1,-1,0x1020480010442405,1508,1628,1500,1500,2012,1501,2012,1500,1500,1501,988,1500,1500,1500,1500,1500,1500,1500,1372,1628,1500,1543,1500,2012,1500,2012,2012,1500,1520,1505,1500,2012,8.2
2025-05-02,11:51:00.620,-57,-57,10,3680,5420,43,1,16,6282,20,687,7,1024,6,-2,344,515,-1,-1,-1,-1,0x1020480010442405,1510,1628,1500,1500,2012,1503,2012,1500,1500,1503,988,1500,1500,1500,1500,1500,1500,1500,1372,1628,1500,1543,1500,2012,1500,2012,2012,1500,1520,1505,1500,2012,8.2
2025-05-02,11:51:01.120,-54,-68,10,3680,400,43,1,16,5556,20,687,-232,35,7,-2,344,515,-1,-1,-1,-1,0x1020480014400405,1463,1502,1500,1500,2012,1378,1524,1500,1500,1384,988,1500,1500,1500,1500,1500,1500,1500,1131,2012,1500,1543,1500,988,1500,1519,1510,1500,1520,1505,1500,2012,8.2
2025-05-02,11:51:01.620,-54,-68,10,3700,1140,44,1,16,3677,20,687,1024,485,7,-2,344,515,-1,-1,-1,-1,0x1020480014440405,1812,1561,1500,1500,2012,2012,1832,1500,1500,2012,988,1500,1500,1500,1500,1500,1500,1500,1372,1628,1500,1543,1500,2012,1500,1871,1743,1500,1520,1505,1500,2012,8.2
2025-05-02,11:51:02.120,-53,-68,10,3702,1340,44,1,16,2515,20,688,1024,368,7,-2,344,515,-1,-1,-1,-1,0x1020480014440405,1812,1546,1500,1500,2012,2012,1752,1500,1500,2012,988,1500,1500,1500,1500,1500,1500,1500,1372,1628,1500,1543,1500,2012,1500,1810,1685,1500,1520,1505,1500,2012,8.2
2025-05-02,11:51:02.620,-59,-56,10,3700,9210,44,1,16,5609,20,688,1022,822,6,-2,344,515,-1,-1,-1,-1,0x1020480014442405,1803,1628,1500,1500,2012,2011,2012,1500,1500,2011,988,1500,1500,1500,1500,1500,1500,1500,1372,1628,1500,1543,1500,2012,1500,2012,2012,1500,1520,1505,1500,2012,8.2
2025-05-02,11:51:03.120,-64,-82,10,3679,5920,44,1,16,6087,21,689,519,1024,6,-2,344,515,-1,-1,-1,-1,0x1020480014442405,1635,1628,1500,1500,2012,1759,2012,1500,1500,1760,988,1500,1500,1500,1500,1500,1500,1500,1372,1628,1500,1543,1500,2012,1500,2012,2012,1500,1520,1505,1500,2012,8.2
2025-05-02,11:51:03.620,-56,-53,10,3676,5390,43,1,16,7222,21,690,66,1024,6,-2,344,515,-1,-1,-1,-1,0x1020480014442405,1527,1628,1500,1500,2012,1533,2012,1500,1500,1540,988,1500,1500,1500,1500,1500,1500,1500,1372,1628,1500,1543,1500,2012,1500,2012,2012,1500,1520,1505,1500,2012,8.2
2025-05-02,11:51:04.120,-58,-58,10,3678,1280,43,1,16,6923,21,690,387,723,6,-2,344,515,-1,-1,-1,-1,0x1020480014442005,1603,1617,1500,1500,2012,1693,1995,1500,1500,1693,988,1500,1500,1500,1500,1500,1500,1500,1372,1628,1500,1543,1500,2012,1500,1994,1957,1500,1520,1505,1500,2012,8.2
2025-05-02,11:51:04.620,-62,-66,10,3680,5250,42,1,16,7281,21,691,703,616,7,-2,344,515,-1,-1,-1,-1,0x1020480014442005,1687,1592,1500,1500,2012,1851,1922,1500,1500,1851,988,1500,1500,1500,1500,1500,1500,1500,1372,1628,1500,1543,1500,2012,1500,1951,1868,1500,1520,1505,1500,2012,8.2
2025-05-02,11:51:05.120,-58,-51,10,3688,2530,42,1,16,4622,21,691,1024,6,6,-2,344,515,-1,-1,-1,-1,0x1020480014440005,1812,1501,1500,1500,2012,2012,1504,1500,1500,2012,988,1500,1500,1500,1500,1500,1500,1500,1270,1730,1500,1543,1500,2012,1500,1771,1503,1500,1520,1505,1500,2012,8.2
2025-05-02,11:51:05.620,-54,-56,10,3696,1390,43,1,16,3662,21,691,1024,231,6,-2,344,515,-1,-1,-1,-1,0x1020480014440005,1812,1528,1500,1500,2012,2012,1658,1500,1500,2012,988,1500,1500,1500,1500,1500,1500,1500,1372,1628,1500,1543,1500,2012,1500,1731,1613,1500,1520,1505,1500,2012,8.2
2025-05-02,11:51:06.120,-58,-51,10,3697,3020,43,1,16,2843,21,692,1024,566,6,-2,344,515,-1,-1,-1,-1,0x1020480014440005,1812,1578,1500,1500,2012,2012,1887,1500,1500,2012,988,1500,1500,1500,1500,1500,1500,1500,1372,1628,1500,1543,1500,2012,1500,1922,1813,1500,1520,1505,1500,2012,8.2
2025-05-02,11:51:06.620,-62,-64,10,3693,6710,44,1,16,5759,21,693,211,1024,6,-2,344,515,-1,-1,-1,-1,0x1020480014442005,1561,1628,1500,1500,2012,1605,2012,1500,1500,1605,988,1500,1500,1500,1500,1500,1500,1500,1372,1628,1500,1543,1500,2012,1500,2012,2012,1500,1520,1505,1500,2012,8.2
2025-05-02,11:51:07.120,-61,-65,10,3676,5380,44,1,16,6550,21,693,5,596,6,-2,344,515,-1,-1,-1,-1,0x1020480010442405,1509,1593,1500,1500,2012,1502,1908,1500,1500,1502,988,1500,1500,1500,1500,1500,1500,1500,1372,1628,1500,1543,1500,2012,1500,2003,1898,1500,1520,1505,1500,2012,8.2
2025-05-02,11:51:07.620,-55,-65,10,3676,1180,44,1,16,7774,21,694,-300,896,6,-2,344,515,-1,-1,-1,-1,0x1020480014442405,1449,1628,1500,1500,2012,1350,2012,1500,1500,1350,988,1500,1500,1500,1500,1500,1500,1500,1372,1628,1500,1543,1500,2012,1500,2012,2012,1500,1520,1505,1500,2012,8.2
2025-05-02,11:51:08.120,-46,-65,10,3687,4890,43,1,16,5542,21,694,-977,646,6,-2,344,515,-1,-1,-1,-1,0x1020480014442C05,1182,1600,1500,1500,2012,1012,1942,1500,1500,1018,988,1500,1500,1500,1500,1500,1500,1500,1372,1628,1500,1543,1500,2012,1500,1962,1899,1500,1520,1505,1500,2012,8.2
2025-05-02,11:51:08.620,-47,-46,10,3681,8010,43,1,16,5507,21,695,6,1024,6,-2,344,515,-1,-1,-1,-1,0x1020480010442405,1509,1628,1500,1500,2012,1503,2012,1500,1500,1503,988,1500,1500,1500,1500,1500,1500,1500,1372,1628,1500,1543,1500,2012,1500,2012,2012,1500,1520,1505,1500,2012,8.2
2025-05-02,11:51:09.120,-53,-51,10,3675,5900,43,1,16,6398,21,696,-465,1024,6,-2,344,515,-1,-1,-1,-1,0x1020480014442405,1401,1628,1500,1500,2012,1268,2012,1500,1500,1261,988,1500,1500,1500,1500,1500,1500,1500,1372,1628,1500,1543,1500,2012,1500,2012,2012,1500,1520,1505,1500,2012,8.2
2025-05-02,11:51:09.620,-66,-52,10,3674,5040,43,1,16,7177,21,696,411,155,7,-2,344,515,-1,-1,-1,-1,0x1020480014440405,1602,1528,1500,1500,2012,1719,1581,1500,1500,1691,988,1500,1500,1500,1500,1500,1500,1500,1372,1628,1500,1543,1500,2012,1500,2007,1612,1500,1520,1505,1500,2012,8.2
2025-05-02,11:51:10.120,-66,-56,10,3676,1400,44,1,16,3232,21,697,1024,734,6,-2,344,515,-1,-1,-1,-1,0x1020480014442405,1812,1620,1500,1500,2012,2012,2003,1500,1500,2012,988,1500,1500,1500,1500,1500,1500,1500,1372,1628,1500,1543,1500,2012,1500,1999,1982,1500,1520,1505,1500,2012,8.2
2025-05-02,11:51:10.620,-54,-57,10,3691,6550,44,1,16,3384,21,697,1024,552,6,-2,344,515,-1,-1,-1,-1,0x1020480014440405,1812,1574,1500,1500,2012,2012,1878,1500,1500,2012,988,1500,1500,1500,1500,1500,1500,1500,1372,1628,1500,1543,1500,2012,1500,1915,1796,1500,1520,1505,1500,2012,8.2
2025-05-02,11:51:11.120,-60,-59,10,3687,8370,45,1,16,5224,21,698,691,1024,6,-2,344,515,-1,-1,-1,-1,0x1020480014442005,1690,1628,1500,1500,2012,1845,2012,1500,1500,1857,988,1500,1500,1500,1500,1500,1500,1500,1372,1628,1500,1543,1500,2012,1500,2012,2012,1500,1520,1505,1500,2012,8.2
2025-05-02,11:51:11.620,-65,-59,10,3666,5990,45,1,16,6430,21,699,680,1024,6,-2,344,515,-1,-1,-1,-1,0x1020480014442005,1680,1628,1500,1500,2012,1840,2012,1500,1500,1840,988,1500,1500,1500,1500,1500,1500,1500,1372,1628,1500,1543,1500,2012,1500,2012,2012,1500,1520,1505,1500,2012,8.2
2025-05-02,11:51:12.120,-65,-53,10,3667,5160,44,1,16,7235,21,700,5,1024,6,-2,344,515,-1,-1,-1,-1,0x1020480010442005,1509,1628,1500,1500,2012,1502,2012,1500,1500,1502,988,1500,1500,1500,1500,1500,1500,1500,1372,1628,1500,1543,1500,2012,1500,2012,2012,1500,1520,1505,1500,2012,8.2
2025-05-02,11:51:12.620,-57,-58,10,3672,5210,44,1,16,7467,21,700,112,903,6,-2,344,515,-1,-1,-1,-1,0x1020480014442005,1536,1628,1500,1500,2012,1556,2012,1500,1500,1556,988,1500,1500,1500,1500,1500,1500,1500,1372,1628,1500,1543,1500,2012,1500,2012,2012,1500,1520,1505,1500,2012,8.2
2025-05-02,11:51:13.120,-63,-57,10,3673,5880,43,1,16,7387,21,701,818,240,6,-2,344,515,-1,-1,-1,-1,0x1020480014440005,1718,1536,1500,1500,2012,1909,1664,1500,1500,1902,988,1500,1500,1500,1500,1500,1500,1500,1372,1628,1500,1543,1500,2012,1500,1941,1646,1500,1520,1505,1500,2012,8.2
2025-05-02,11:51:13.620,-61,-62,10,3674,1630,43,1,16,4546,21,701,1024,172,6,-2,344,515,-1,-1,-1,-1,0x1020480014440005,1812,1519,1500,1500,2012,2012,1618,1500,1500,2012,988,1500,1500,1500,1500,1500,1500,1500,1372,1628,1500,1543,1500,2012,1500,1795,1575,1500,1520,1505,1500,2012,8.2
2025-05-02,11:51:14.120,-54,-62,10,3685,1960,43,1,16,3098,21,701,1024,460,6,-2,344,515,-1,-1,-1,-1,0x1020480014440005,1812,1557,1500,1500,2012,2012,1815,1500,1500,2012,988,1500,1500,1500,1500,1500,1500,1500,1372,1628,1500,1543,1500,2012,1500,1864,1729,1500,1520,1505,1500,2012,8.2
2025-05-02,11:51:14.620,-60,-59,10,3687,11160,44,1,16,4854,21,702,519,951,6,-2,344,515,-1,-1,-1,-1,0x1020480014442005,1641,1628,1500,1500,2012,1750,2012,1500,1500,1770,988,1500,1500,1500,1500,1500,1500,1500,1372,1628,1500,1543,1500,2012,1500,2012,2012,1500,1520,1505,1500,2012,8.2
2025-05-02,11:51:15.120,-63,-63,10,3671,5420,44,1,16,6383,21,703,11,1024,6,-2,344,515,-1,-1,-1,-1,0x1020480010442405,1513,1628,1500,1500,2012,1500,2012,1500,1500,1511,988,1500,1500,1500,1500,1500,1500,1500,1372,1628,1500,1543,1500,2012,1500,2012,2012,1500,1520,1505,1500,2012,8.2
2025-05-02,11:51:15.620,-63,-61,10,3669,5380,45,1,16,7370,21,704,-386,684,6,-2,344,515,-1,-1,-1,-1,0x1020480014442405,1427,1610,1500,1500,2012,1307,1968,1500,1500,1307,988,1500,1500,1500,1500,1500,1500,1500,1372,1628,1500,1543,1500,2012,1500,1997,1942,1500,1520,1505,1500,2012,8.2
2025-05-02,11:51:16.120,-63,-52,10,3671,970,44,1,16,6802,21,704,-752,760,6,-2,344,515,-1,-1,-1,-1,0x1020480014442C05,1301,1628,1500,1500,2012,1124,2012,1500,1500,1124,988,1500,1500,1500,1500,1500,1500,1500,1372,1628,1500,1543,1500,2012,1500,2012,2012,1500,1520,1505,1500,2012,8.2
2025-05-02,11:51:16.620,-44,-49,10,3676,2040,43,1,16,3414,21,705,-817,457,6,-2,344,515,-1,-1,-1,-1,0x1020480014440C05,1264,1560,1500,1500,2012,1092,1813,1500,1500,1085,988,1500,1500,1500,1500,1500,1500,1500,1372,1628,1500,1543,1500,2012,1500,1871,1742,1500,1520,1505,1500,2012,8.2
2025-05-02,11:51:17.120,-57,-55,10,3685,250,43,1,16,1389,21,705,-657,-213,7,-2,344,515,-1,-1,-1,-1,0x1020480016440405,1341,1401,1500,1499,2012,1172,1394,1400,1500,1172,988,1500,1500,1500,1500,1500,1500,1400,1060,2012,1500,1543,1500,2012,1500,1348,1500,1500,1520,1505,1500,2012,8.2
2025-05-02,11:51:17.620,-60,-65,10,3690,240,43,1,16,2347,21,705,-58,9,7,-2,344,515,-1,-1,-1,-1,0x1020480014440405,1497,1501,1500,1500,2012,1471,1506,1500,1500,1471,988,1500,1500,1500,1500,1500,1500,1500,1372,2012,1500,1543,1500,2012,1500,1509,1505,1500,1520,1505,1500,2012,8.2
2025-05-02,11:51:18.120,-65,-53,10,3694,0,43,1,16,2837,21,705,36,-559,7,-2,344,515,-1,-1,-1,-1,0x1020480012440405,1517,1267,1500,1498,2012,1518,1221,1265,1500,1518,988,1500,1500,1500,1500,1500,1500,1265,1372,2012,1500,1543,1500,2012,1500,1165,1500,1500,1520,1505,1500,2012,8.2
2025-05-02,11:51:18.620,-62,-66,10,3695,160,42,1,16,759,21,705,-1,8,6,-2,344,515,-1,-1,-1,-1,0x1020480010440405,1507,1501,1500,1500,2012,1500,1505,1500,1500,1499,988,1500,1500,1500,1500,1500,1500,1500,1500,2012,1500,1543,1500,2012,1500,1508,1504,1500,1520,1505,1500,2012,8.2
2025-05-02,11:51:19.120,-65,-54,10,3696,170,42,1,16,352,21,705,-2,9,7,-2,344,515,-1,-1,-1,-1,0x1020480010440005,1507,1501,1500,1500,2012,1499,1506,1500,1500,1499,988,1500,1500,1500,1500,1500,1500,1500,1500,2012,1500,1543,1500,2012,1500,1509,1505,1500,1520,1505,1500,2012,8.2
2025-05-02,11:51:19.620,-62,-55,10,3697,170,42,1,16,0,21,705,-2,11,7,-2,344,515,-1,-1,-1,-1,0x1020480010440005,1507,1501,1500,1500,2012,1499,1507,1500,1500,1499,988,1500,1500,1500,1500,1500,1500,1500,1500,2012,1500,1543,1500,2012,1500,1512,1506,1500,1520,1505,1500,2012,8.2
2025-05-02,11:51:20.120,-63,-60,10,3697,150,42,1,16,0,21,705,-3,11,7,-2,344,515,-1,-1,-1,-1,0x1020480010440005,1507,1501,1500,1500,2012,1499,1507,1500,1500,1499,988,1500,1500,1500,1500,1500,1500,1500,1500,2012,1500,1543,1500,2012,1500,1512,1506,1500,1520,1505,1500,2012,8.2
2025-05-02,11:51:20.620,-63,-56,10,3697,160,42,1,16,0,21,705,2,12,7,-2,344,515,-1,-1,-1,-1,0x1020480010440004,1508,1501,1500,1500,2012,1501,1508,1500,1500,1501,988,1500,1500,1500,1500,1500,1500,1500,1500,2012,1500,1543,1500,2012,1500,1512,1506,1500,1520,1505,1500,2012,8.2
2025-05-02,11:51:21.120,-63,-55,10,3698,170,42,1,16,0,21,705,2,11,7,-2,344,515,-1,-1,-1,-1,0x1020480010440004,1508,1501,1500,1500,2012,1501,1507,1500,1500,1501,988,1500,1500,1500,1500,1500,1500,1500,1500,2012,1500,1543,1500,2012,1500,1512,1506,1500,1520,1505,1500,2012,8.2
2025-05-02,11:51:21.620,-58,-60,10,3698,230,42,1,16,0,21,705,-4,12,7,-2,344,515,-1,-1,-1,-1,0x1020480010440004,1507,1501,1500,1500,2012,1498,1508,1500,1500,1498,988,1500,1500,1500,1500,1500,1500,1500,1500,2012,1500,1543,1500,2012,1500,1512,1506,1500,1520,1505,1500,2012,8.2
2025-05-02,11:51:22.120,-63,-58,10,3698,10490,42,1,16,3034,21,705,89,728,6,-2,344,515,-1,-1,-1,-1,0x1020480014442005,1527,1622,1500,1500,2012,1544,1998,1500,1500,1539,988,1500,1500,1500,1500,1500,1500,1500,1372,1628,1500,1543,1500,2012,1500,2002,1978,1500,1520,1505,1500,2012,8.2
2025-05-02,11:51:22.620,-59,-58,10,3698,10500,42,1,16,5021,21,706,342,747,6,-2,344,515,-1,-1,-1,-1,0x1020480014442005,1590,1628,1500,1500,2012,1671,2011,1500,1500,1663,988,1500,1500,1500,1500,1500,1500,1500,1372,1628,1500,1543,1500,2012,1500,2011,2011,1500,1520,1505,1500,2012,8.2
2025-05-02,11:51:23.120,-51,-58,10,3671,4290,42,1,16,5617,21,707,141,739,6,-2,344,515,-1,-1,-1,-1,0x1020480014442005,1543,1626,1500,1500,2012,1570,2006,1500,1500,1570,988,1500,1500,1500,1500,1500,1500,1500,1372,1628,1500,1543,1500,2012,1500,2008,2002,1500,1520,1505,1500,2012,8.2
2025-05-02,11:51:23.620,-51,-58,10,3674,760,42,1,16,4690,21,707,1024,3,6,-2,344,515,-1,-1,-1,-1,0x1020480014440405,1812,1500,1500,1500,2012,2012,1502,1500,1500,2012,988,1500,1500,1500,1500,1500,1500,1500,1219,1781,1500,1543,1500,2012,1500,1530,1502,1500,1520,1505,1500,2012,8.2
2025-05-02,11:51:24.120,-55,-58,10,3691,1410,43,1,16,3225,21,707,1024,619,7,-2,344,515,-1,-1,-1,-1,0x1020480014442405,1812,1593,1500,1500,2012,2012,1924,1500,1500,2012,988,1500,1500,1500,1500,1500,1500,1500,1372,1628,1500,1543,1500,2012,1500,1950,1872,1500,1520,1505,1500,2012,8.2
2025-05-02,11:51:24.620,-68,-63,10,3692,320,44,1,16,3345,21,708,168,130,7,-2,344,515,-1,-1,-1,-1,0x1020480014440405,1550,1517,1500,1500,2012,1584,1589,1500,1500,1584,988,1500,1500,1500,1500,1500,1500,1500,1372,1628,1500,1543,1500,2012,1500,1629,1569,1500,1520,1505,1500,2012,8.2
2025-05-02,11:51:25.120,-68,-58,10,3695,0,43,1,16,3420,21,708,-2,-546,7,-2,344,515,-1,-1,-1,-1,0x10204800124C0405,1507,1275,1500,1498,2012,1499,1227,1272,1500,1499,988,1500,1500,1500,1500,1500,1500,1272,1243,2012,1500,1543,1500,2012,1500,1171,1500,1500,1520,1505,1500,2012,8.2
2025-05-02,11:51:25.620,-68,-56,10,3697,170,43,1,16,844,21,708,-3,3,7,-2,344,515,-1,-1,-1,-1,0x1020480010440405,1507,1500,1500,1500,2012,1499,1502,1500,1500,1499,988,1500,1500,1500,1500,1500,1500,1500,1372,2012,1500,1543,1500,2012,1500,1504,1501,1500,1520,1505,1500,2012,8.2
2025-05-02,11:51:26.120,-68,-58,10,3697,170,42,1,16,415,21,708,-2,7,7,-2,344,515,-1,-1,-1,-1,0x1020480010440405,1507,1501,1500,1500,2012,1499,1505,1500,1500,1499,988,1500,1500,1500,1500,1500,1500,1500,1372,2012,1500,1543,1500,2012,1500,1507,1503,1500,1520,1505,1500,2012,8.2
2025-05-02,11:51:26.620,-67,-57,10,3697,170,42,1,16,0,21,708,-3,7,7,-2,344,515,-1,-1,-1,-1,0x1020480010440405,1507,1501,1500,1500,2012,1499,1505,1500,1500,1499,988,1500,1500,1500,1500,1500,1500,1500,1500,2012,1500,1543,1500,2012,1500,1507,1503,1500,1520,1505,1500,2012,8.2
2025-05-02,11:51:27.120,-61,-58,10,3698,160,42,1,16,0,21,708,-3,8,6,-2,344,515,-1,-1,-1,-1,0x1020480010440405,1507,1501,1500,1500,2012,1499,1505,1500,1500,1499,988,1500,1500,1500,1500,1500,1500,1500,1500,2012,1500,1543,1500,2012,1500,1508,1504,1500,1520,1505,1500,2012,8.2
2025-05-02,11:51:27.620,-61,-61,10,3698,160,42,1,16,0,21,708,-3,8,7,-2,344,515,-1,-1,-1,-1,0x1020480010440005,1507,1501,1500,1500,2012,1499,1505,1500,1500,1499,988,1500,1500,1500,1500,1500,1500,1500,1500,2012,1500,1543,1500,2012,1500,1508,1504,1500,1520,1505,1500,2012,8.2
2025-05-02,11:51:28.120,-61,-56,10,3698,160,42,1,16,0,21,708,-3,9,7,-2,344,515,-1,-1,-1,-1,0x1020480010440004,1507,1501,1500,1500,2012,1499,1506,1500,1500,1499,988,1500,1500,1500,1500,1500,1500,1500,1500,2012,1500,1543,1500,2012,1500,1509,1505,1500,1520,1505,1500,2012,8.2
2025-05-02,11:51:28.620,-57,-57,10,3699,160,42,1,16,0,21,708,-3,7,7,-2,344,515,-1,-1,-1,-1,0x1020480010440004,1507,1501,1500,1500,2012,1499,1505,1500,1500,1499,988,1500,1500,1500,1500,1500,1500,1500,1500,2012,1500,1543,1500,2012,1500,1506,1503,1500,1520,1505,1500,2012,8.2
2025-05-02,11:51:29.120,-63,-61,10,3699,160,42,1,16,0,21,708,-3,6,6,-2,344,515,-1,-1,-1,-1,0x1020480010440004,1507,1501,1500,1500,2012,1499,1504,1500,1500,1499,988,1500,1500,1500,1500,1500,1500,1500,1500,2012,1500,1543,1500,2012,1500,1506,1503,1500,1520,1505,1500,2012,8.2
2025-05-02,11:51:29.620,-56,-60,10,3699,160,42,1,16,0,21,708,-3,5,6,-2,344,515,-1,-1,-1,-1,0x1020480010440004,1507,1500,1500,1500,2012,1499,1503,1500,1500,1499,988,1500,1500,1500,1500,1500,1500,1500,1500,2012,1500,1543,1500,2012,1500,1505,1502,1500,1520,1505,1500,2012,8.2
2025-05-02,11:51:30.120,-56,-58,10,3699,180,42,1,16,0,21,708,-4,8,6,-2,344,515,-1,-1,-1,-1,0x1020480010440004,1507,1501,1500,1500,2012,1498,1505,1500,1500,1498,988,1500,1500,1500,1500,1500,1500,1500,1500,2012,1500,1543,1500,2012,1500,1508,1504,1500,1520,1505,1500,2012,8.2
2025-05-02,11:51:30.620,-74,-63,10,3700,160,42,1,16,0,21,708,-3,6,7,-2,344,515,-1,-1,-1,-1,0x1020480010440004,1507,1501,1500,1500,2012,1499,1504,1500,1500,1499,988,1500,1500,1500,1500,1500,1500,1500,1500,2012,1500,1543,1500,2012,1500,1506,1503,1500,1520,1505,1500,2012,8.2
2025-05-02,11:51:31.120,-68,-61,10,3700,170,42,1,16,0,21,708,-3,7,7,-2,344,515,-1,-1,-1,-1,0x1020480010440004,1507,1501,1500,1500,2012,1498,1505,1500,1500,1498,988,1500,1500,1500,1500,1500,1500,1500,1500,2012,1500,1543,1500,2012,1500,1507,1503,1500,1520,1505,1500,2012,8.2
2025-05-02,11:51:31.620,-63,-63,10,3700,170,42,1,16,0,21,708,-3,6,7,-2,344,515,-1,-1,-1,-1,0x1020480010440004,1507,1501,1500,1500,2012,1499,1504,1500,1500,1499,988,1500,1500,1500,1500,1500,1500,1500,1500,2012,1500,1543,1500,2012,1500,1506,1503,1500,1520,1505,1500,2012,8.2
2025-05-02,11:51:32.120,-65,-64,10,3700,160,42,1,16,0,21,708,-4,8,7,-2,344,515,-1,-1,-1,-1,0x1020480010440004,1507,1501,1500,1500,2012,1498,1505,1500,1500,1498,988,1500,1500,1500,1500,1500,1500,1500,1500,2012,1500,1543,1500,2012,1500,1508,1504,1500,1520,1505,1500,2012,8.2
2025-05-02,11:51:32.620,-59,-69,10,3700,160,42,1,16,0,21,708,-4,6,6,-2,344,515,-1,-1,-1,-1,0x1020480010440004,1507,1501,1500,1500,2012,1498,1504,1500,1500,1498,988,1500,1500,1500,1500,1500,1500,1500,1500,2012,1500,1543,1500,2012,1500,1506,1503,1500,1520,1505,1500,2012,8.2
2025-05-02,11:51:33.120,-66,-60,10,3701,160,42,1,16,0,21,708,-4,8,6,-2,344,515,-1,-1,-1,-1,0x1020480010440004,1507,1501,1500,1500,2012,1498,1505,1500,1500,1498,988,1500,1500,1500,1500,1500,1500,1500,1500,2012,1500,1543,1500,2012,1500,1508,1504,1500,1520,1505,1500,2012,8.2
2025-05-02,11:51:33.620,-63,-65,10,3701,160,42,1,16,0,21,708,-3,8,7,-2,344,515,-1,-1,-1,-1,0x1020480010440004,1507,1501,1500,1500,2012,1499,1505,1500,1500,1499,988,1500,1500,1500,1500,1500,1500,1500,1500,2012,1500,1543,1500,2012,1500,1509,1505,1500,1520,1505,1500,2012,8.2
2025-05-02,11:51:34.120,-66,-66,10,3701,160,42,1,16,0,21,708,-4,10,7,-2,344,515,-1,-1,-1,-1,0x1020480010440004,1507,1501,1500,1500,2012,1498,1507,1500,1500,1498,988,1500,1500,1500,1500,1500,1500,1500,1500,2012,1500,1543,1500,2012,1500,1510,1505,1500,1520,1505,1500,2012,8.2
2025-05-02,11:51:34.620,-63,-58,10,3701,160,42,1,16,0,21,708,-4,9,6,-2,344,515,-1,-1,-1,-1,0x1020480010440004,1507,1501,1500,1500,2012,1498,1506,1500,1500,1499,988,1500,1500,1500,1500,1500,1500,1500,1500,2012,1500,1543,1500,2012,1500,1509,1505,1500,1520,1505,1500,2012,8.2
2025-05-02,11:51:35.120,-63,-58,10,3701,170,42,1,16,0,21,708,-3,9,6,-2,344,515,-1,-1,-1,-1,0x1020480010440004,1507,1501,1500,1500,2012,1499,1506,1500,1500,1499,988,1500,1500,1500,1500,1500,1500,1500,1500,2012,1500,1543,1500,2012,1500,1509,1505,1500,1520,1505,1500,2012,8.2
2025-05-02,11:51:35.620,-63,-56,10,3701,160,42,1,16,0,21,708,-4,9,7,-2,344,515,-1,-1,-1,-1,0x1020480010440004,1507,1501,1500,1500,2012,1498,1506,1500,1500,1498,988,1500,1500,1500,1500,1500,1500,1500,1500,2012,1500,1543,1500,2012,1500,1509,1505,1500,1520,1505,1500,2012,8.2
2025-05-02,11:51:36.120,-63,-56,10,3701,170,42,1,16,0,21,708,-3,9,6,-2,344,515,-1,-1,-1,-1,0x1020480010440004,1507,1501,1500,1500,2012,1499,1506,1500,1500,1499,988,1500,1500,1500,1500,1500,1500,1500,1500,2012,1500,1543,1500,2012,1500,1509,1505,1500,1520,1505,1500,2012,8.2
2025-05-02,11:51:36.620,-63,-54,10,3702,500,42,1,16,0,21,708,346,9,7,-2,344,515,-1,-1,-1,-1,0x1020480014440004,1594,1501,1500,1500,2012,1673,1506,1500,1500,1672,988,1500,1500,1500,1500,1500,1500,1500,1500,2012,1500,1543,1500,2012,1500,1509,1505,1500,1520,1505,1500,2012,8.2
2025-05-02,11:51:37.120,-63,-54,10,3701,860,42,1,16,0,21,708,918,10,6,-2,344,515,-1,-1,-1,-1,0x1020480014440004,1755,1501,1500,1500,2012,1959,1507,1500,1500,1958,988,1500,1500,1500,1500,1500,1500,1500,1500,2012,1500,1543,1500,2012,1500,1510,1505,1500,1520,1505,1500,2012,8.2
2025-05-02,11:51:37.620,-63,-56,10,3701,300,42,1,16,0,21,708,0,9,7,-2,345,515,-1,-1,-1,-1,0x1020480010440004,1508,1501,1500,1500,2012,1500,1506,1500,1500,1500,988,1500,1500,1500,1500,1500,1500,1500,1500,2012,1500,1543,1500,2012,1500,1509,1505,1500,1520,1505,1500,2012,8.2
2025-05-02,11:51:38.120,-63,-55,10,3701,570,42,1,16,0,21,709,304,8,6,-2,344,515,-1,-1,-1,-1,0x1020480014440004,1585,1501,1500,1500,2012,1652,1505,1500,1500,1652,988,1500,1500,1500,1500,1500,1500,1500,1500,2012,1500,1543,1500,2012,1500,1508,1504,1500,1520,1505,1500,2012,8.2
2025-05-02,11:51:38.620,-70,-58,10,3701,390,43,1,16,0,21,709,679,8,7,-2,344,515,-1,-1,-1,-1,0x1020480014440004,1679,1501,1500,1500,2012,1839,1505,1500,1500,1839,988,1500,1500,1500,1500,1500,1500,1500,1500,2012,1500,1543,1500,2012,1500,1508,1504,1500,1520,1505,1500,2012,8.2
2025-05-02,11:51:39.120,-60,-60,10,3701,830,43,1,16,0,21,709,953,9,6,-2,344,515,-1,-1,-1,-1,0x1020480014440004,1782,1501,1500,1500,2012,1976,1506,1500,1500,1984,988,1500,1500,1500,1500,1500,1500,1500,1500,2012,1500,1543,1500,2012,1500,1509,1504,1500,1520,1505,1500,2012,8.2
2025-05-02,11:51:39.620,-60,-57,10,3700,230,43,1,16,0,21,709,3,9,7,-2,345,515,-1,-1,-1,-1,0x1020480010440004,1508,1501,1500,1500,2012,1501,1506,1500,1500,1502,988,1500,1500,1500,1500,1500,1500,1500,1500,2012,1500,1543,1500,2012,1500,1509,1505,1500,1520,1505,1500,2012,8.2
2025-05-02,11:51:40.120,-62,-60,10,3701,250,43,1,16,0,21,709,3,9,7,-2,345,515,-1,-1,-1,-1,0x1020480010440004,1508,1501,1500,1500,2012,1501,1506,1500,1500,1501,988,1500,1500,1500,1500,1500,1500,1500,1500,2012,1500,1543,1500,2012,1500,1508,1505,1500,1520,1505,1500,2012,8.2
2025-05-02,11:51:40.620,-61,-62,10,3702,260,43,1,16,0,21,709,15,8,6,-2,344,515,-1,-1,-1,-1,0x1020480010440004,1509,1501,1500,1500,2012,1507,1505,1500,1500,1502,988,1500,1500,1500,1500,1500,1500,1500,1500,2012,1500,1543,1500,2012,1500,1508,1504,1500,1520,1505,1500,2012,8.2
2025-05-02,11:51:41.120,-60,-54,10,3702,370,42,1,16,0,21,709,573,9,6,-2,344,515,-1,-1,-1,-1,0x1020480014440004,1646,1501,1500,1500,2012,1786,1506,1500,1500,1781,988,1500,1500,1500,1500,1500,1500,1500,1500,2012,1500,1543,1500,2012,1500,1509,1505,1500,1520,1505,1500,2012,8.2
2025-05-02,11:51:41.620,-58,-59,10,3702,310,42,1,16,0,21,709,711,10,7,-2,345,515,-1,-1,-1,-1,0x1020480014440004,1689,1501,1500,1500,2012,1855,1507,1500,1500,1856,988,1500,1500,1500,1500,1500,1500,1500,1500,2012,1500,1543,1500,2012,1500,1510,1505,1500,1520,1505,1500,2012,8.2
2025-05-02,11:51:42.120,-60,-56,10,3702,180,42,1,16,0,21,709,654,10,7,-2,345,515,-1,-1,-1,-1,0x1020480014440004,1672,1501,1500,1500,2012,1827,1507,1500,1500,1827,988,1500,1500,1500,1500,1500,1500,1500,1500,2012,1500,1543,1500,2012,1500,1510,1505,1500,1520,1505,1500,2012,8.2
2025-05-02,11:51:42.620,-60,-56,10,3702,1690,42,1,16,1,21,709,443,544,6,-2,344,515,-1,-1,-1,-1,0x1020480014440005,1617,1571,1500,1500,2012,1721,1872,1500,1500,1722,988,1500,1500,1500,1500,1500,1500,1500,1372,1628,1500,1543,1500,2012,1500,1910,1783,1500,1520,1505,1500,2012,8.2
2025-05-02,11:51:43.120,-61,-59,10,3702,6680,42,1,16,5019,21,710,65,834,6,-2,344,515,-1,-1,-1,-1,0x1020480014442005,1524,1628,1500,1500,2012,1532,2012,1500,1500,1532,988,1500,1500,1500,1500,1500,1500,1500,1372,1628,1500,1543,1500,2012,1500,2012,2012,1500,1520,1505,1500,2012,8.2
2025-05-02,11:51:43.620,-56,-59,10,3673,1870,43,1,16,6119,21,711,496,590,6,-2,344,515,-1,-1,-1,-1,0x1020480014440405,1629,1581,1500,1500,2012,1748,1904,1500,1500,1748,988,1500,1500,1500,1500,1500,1500,1500,1372,1628,1500,1543,1500,2012,1500,1934,1826,1500,1520,1505,1500,2012,8.2
2025-05-02,11:51:44.120,-58,-59,10,3674,5890,43,1,16,5805,21,711,-199,736,6,-2,344,515,-1,-1,-1,-1,0x1020480014442405,1462,1624,1500,1500,2012,1401,2004,1500,1500,1381,988,1500,1500,1500,1500,1500,1500,1500,1372,1628,1500,1543,1500,2012,1500,2005,1996,1500,1520,1505,1500,2012,8.2
2025-05-02,11:51:44.620,-62,-73,10,3677,2200,43,1,16,6384,21,712,100,628,7,-2,344,515,-1,-1,-1,-1,0x1020480014442405,1533,1595,1500,1500,2012,1550,1930,1500,1500,1550,988,1500,1500,1500,1500,1500,1500,1500,1372,1628,1500,1543,1500,2012,1500,1945,1860,1500,1520,1505,1500,2012,8.2
2025-05-02,11:51:45.120,-61,-73,10,3677,1190,44,1,16,5381,21,713,1023,-216,6,-2,345,515,-1,-1,-1,-1,0x1020480016480405,1812,1421,1500,1499,2012,2011,1392,1420,1500,2012,988,1500,1500,1500,1500,1500,1500,1420,988,2012,1500,1543,1500,988,1500,1637,1500,1500,1520,1505,1500,2012,8.2
2025-05-02,11:51:45.620,-59,-73,10,3688,1620,44,1,16,4203,21,713,1024,17,6,-2,345,515,-1,-1,-1,-1,0x1020480014440405,1812,1508,1500,1500,2012,2012,1511,1500,1500,2012,988,1500,1500,1500,1500,1500,1500,1500,1372,1628,1500,1543,1500,2012,1500,1804,1533,1500,1520,1505,1500,2012,8.2
2025-05-02,11:51:46.120,-56,-73,10,3692,7220,44,1,16,3842,21,713,1024,678,6,-2,345,515,-1,-1,-1,-1,0x1020480014442405,1812,1608,1500,1500,2012,2012,1964,1500,1500,2012,988,1500,1500,1500,1500,1500,1500,1500,1372,1628,1500,1543,1500,2012,1500,1978,1934,1500,1520,1505,1500,2012,8.2
2025-05-02,11:51:46.620,-66,-71,10,3688,6600,45,1,16,5619,21,714,-313,1024,6,-2,344,515,-1,-1,-1,-1,0x1020480014442405,1454,1628,1500,1500,2012,1344,2012,1500,1500,1363,988,1500,1500,1500,1500,1500,1500,1500,1372,1628,1500,1543,1500,2012,1500,2012,2012,1500,1520,1505,1500,2012,8.2
2025-05-02,11:51:47.120,-63,-71,10,3669,5290,45,1,16,6963,21,715,-395,212,6,-2,345,515,-1,-1,-1,-1,0x1020480014440405,1421,1533,1500,1500,2012,1311,1645,1500,1500,1297,988,1500,1500,1500,1500,1500,1500,1500,1372,1628,1500,1543,1500,2012,1500,2012,1631,1500,1520,1505,1500,2012,8.2
2025-05-02,11:51:47.620,-56,-71,10,3671,4380,45,1,16,7387,22,715,-394,745,6,-2,344,515,-1,-1,-1,-1,0x1020480014442005,1428,1627,1500,1500,2012,1303,2010,1500,1500,1310,988,1500,1500,1500,1500,1500,1500,1500,1372,1628,1500,1543,1500,2012,1500,2010,2012,1500,1520,1505,1500,2012,8.2
2025-05-02,11:51:48.120,-51,-71,10,3678,4750,44,1,16,5863,22,716,-714,570,6,-2,344,515,-1,-1,-1,-1,0x1020480014440805,1317,1576,1500,1500,2012,1143,1890,1500,1500,1143,988,1500,1500,1500,1500,1500,1500,1500,1372,1628,1500,1543,1500,2012,1500,1924,1804,1500,1520,1505,1500,2012,8.2
2025-05-02,11:51:48.620,-41,-71,10,3680,10210,43,1,16,5166,22,716,-129,802,7,-2,344,515,-1,-1,-1,-1,0x1020480014442005,1481,1628,1500,1500,2012,1436,2012,1500,1500,1430,988,1500,1500,1500,1500,1500,1500,1500,1372,1628,1500,1543,1500,2012,1500,2012,2012,1500,1520,1505,1500,2012,8.2
2025-05-02,11:51:49.120,-51,-51,10,3671,5850,43,1,16,6395,22,717,-308,593,6,-2,345,516,-1,-1,-1,-1,0x1020480014442405,1445,1588,1500,1500,2012,1346,1906,1500,1500,1341,988,1500,1500,1500,1500,1500,1500,1500,1372,1628,1500,1543,1500,2012,1500,1959,1886,1500,1520,1505,1500,2012,8.2
2025-05-02,11:51:49.610,-69,-57,10,3670,4780,43,1,16,6502,22,718,386,663,7,-2,344,515,-1,-1,-1,-1,0x1020480014442405,1603,1604,1500,1500,2012,1693,1954,1500,1500,1693,988,1500,1500,1500,1500,1500,1500,1500,1372,1628,1500,1543,1500,2012,1500,1977,1931,1500,1520,1505,1500,2012,8.2
2025-05-02,11:51:50.110,-50,-62,10,3677,1710,43,1,16,4089,22,718,1019,512,6,-2,344,515,-1,-1,-1,-1,0x1020480014440405,1811,1567,1500,1500,2012,2009,1850,1500,1500,2009,988,1500,1500,1500,1500,1500,1500,1500,1372,1628,1500,1543,1500,2012,1500,1894,1769,1500,1520,1505,1500,2012,8.2
2025-05-02,11:51:50.590,-50,-62,10,3687,2600,43,1,16,3150,22,718,1015,566,6,-2,344,515,-1,-1,-1,-1,0x1020480014440405,1809,1574,1500,1500,2012,2007,1887,1500,1500,2007,988,1500,1500,1500,1500,1500,1500,1500,1372,1628,1500,1543,1500,2012,1500,1916,1798,1500,1520,1505,1500,2012,8.2
2025-05-02,11:51:51.090,-55,-52,10,3687,9920,44,1,16,5507,22,719,917,810,6,-2,344,515,-1,-1,-1,-1,0x1020480014442405,1764,1628,1500,1500,2012,1958,2012,1500,1500,1967,988,1500,1500,1500,1500,1500,1500,1500,1372,1628,1500,1543,1500,2012,1500,2012,2012,1500,1520,1505,1500,2012,8.2
2025-05-02,11:51:51.590,-60,-59,10,3667,5840,45,1,16,5935,22,720,43,1024,6,-2,345,515,-1,-1,-1,-1,0x1020480014442405,1522,1628,1500,1500,2012,1521,2012,1500,1500,1528,988,1500,1500,1500,1500,1500,1500,1500,1372,1628,1500,1543,1500,2012,1500,2012,2012,1500,1520,1505,1500,2012,8.2
2025-05-02,11:51:52.090,-60,-52,10,3666,5470,44,1,16,7048,22,721,348,1024,6,-2,344,515,-1,-1,-1,-1,0x1020480014442405,1594,1628,1500,1500,2012,1674,2012,1500,1500,1673,988,1500,1500,1500,1500,1500,1500,1500,1372,1628,1500,1543,1500,2012,1500,2012,2012,1500,1520,1505,1500,2012,8.2
2025-05-02,11:51:52.590,-61,-58,10,3669,3130,43,1,16,7620,22,721,196,695,6,-2,344,515,-1,-1,-1,-1,0x1020480014442405,1557,1613,1500,1500,2012,1598,1976,1500,1500,1597,988,1500,1500,1500,1500,1500,1500,1500,1372,1628,1500,1543,1500,2012,1500,1987,1952,1500,1520,1505,1500,2012,8.2
2025-05-02,11:51:53.090,-62,-58,10,3672,530,43,1,16,2573,22,721,707,4,7,-2,344,515,-1,-1,-1,-1,0x1020480014440005,1688,1500,1500,1500,2012,1853,1502,1500,1500,1853,988,1500,1500,1500,1500,1500,1500,1500,1050,2012,1500,1543,1500,2012,1500,1504,1502,1500,1520,1505,1500,2012,8.2
2025-05-02,11:51:53.590,-66,-61,10,3689,330,43,1,16,1439,22,721,0,7,6,-2,344,515,-1,-1,-1,-1,0x1020480010440005,1508,1501,1500,1500,2012,1500,1505,1500,1500,1500,988,1500,1500,1500,1500,1500,1500,1500,1372,2012,1500,1543,1500,2012,1500,1508,1504,1500,1520,1505,1500,2012,8.2
2025-05-02,11:51:54.090,-67,-65,10,3692,290,43,1,16,0,22,721,-4,7,7,-2,344,515,-1,-1,-1,-1,0x1020480010440005,1507,1501,1500,1500,2012,1498,1505,1500,1500,1498,988,1500,1500,1500,1500,1500,1500,1500,1372,2012,1500,1543,1500,2012,1500,1507,1503,1500,1520,1505,1500,2012,8.2
2025-05-02,11:51:54.590,-65,-61,10,3693,410,43,1,16,0,22,721,-53,-845,7,-2,344,515,-1,-1,-1,-1,0x10204800164C0005,1498,1191,1500,1497,2012,1474,1078,1279,1411,1474,988,1500,1500,1500,1500,1500,1500,1188,1500,2012,1500,1543,1500,2012,1500,1181,1500,1500,1520,1505,1500,2012,8.2
2025-05-02,11:51:55.090,-65,-60,10,3693,200,43,1,16,0,22,721,-5,10,6,-2,344,515,-1,-1,-1,-1,0x1020480010440005,1507,1501,1500,1500,2012,1498,1507,1500,1500,1498,988,1500,1500,1500,1500,1500,1500,1500,1500,2012,1500,1543,1500,2012,1500,1510,1506,1500,1520,1505,1500,2012,8.2
2025-05-02,11:51:55.590,-65,-60,10,3694,190,43,1,16,0,22,721,-5,8,7,-2,344,515,-1,-1,-1,-1,0x1020480010440005,1507,1501,1500,1500,2012,1498,1505,1500,1500,1498,988,1500,1500,1500,1500,1500,1500,1500,1500,2012,1500,1543,1500,2012,1500,1507,1503,1500,1520,1505,1500,2012,8.2
2025-05-02,11:51:56.090,-65,-55,10,3695,190,42,1,16,0,22,722,-6,8,6,-2,345,515,-1,-1,-1,-1,0x1020480010440005,1506,1501,1500,1500,2012,1497,1505,1500,1500,1497,988,1500,1500,1500,1500,1500,1500,1500,1500,2012,1500,1543,1500,2012,1500,1508,1504,1500,1520,1505,1500,2012,8.2
2025-05-02,11:51:56.590,-65,-52,10,3695,200,42,1,16,0,22,722,-6,8,7,-2,345,515,-1,-1,-1,-1,0x1020480010440004,1506,1501,1500,1500,2012,1497,1505,1500,1500,1497,988,1500,1500,1500,1500,1500,1500,1500,1500,2012,1500,1543,1500,2012,1500,1508,1504,1500,1520,1505,1500,2012,8.2
2025-05-02,11:51:57.090,-65,-49,10,3695,200,42,1,16,0,22,722,-5,8,7,-2,344,515,-1,-1,-1,-1,0x1020480010440004,1507,1501,1500,1500,2012,1498,1505,1500,1500,1498,988,1500,1500,1500,1500,1500,1500,1500,1500,2012,1500,1543,1500,2012,1500,1508,1504,1500,1520,1505,1500,2012,8.2
2025-05-02,11:51:57.590,-54,-50,10,3696,280,42,1,16,0,22,722,-5,8,7,-2,345,515,-1,-1,-1,-1,0x1020480010440004,1506,1501,1500,1500,2012,1498,1505,1500,1500,1497,988,1500,1500,1500,1500,1500,1500,1500,1500,2012,1500,1543,1500,2012,1500,1507,1504,1500,1520,1505,1500,2012,8.2
2025-05-02,11:51:58.090,-54,-44,10,3696,230,42,1,16,0,22,722,-5,8,6,-2,344,515,-1,-1,-1,-1,0x1020480010440004,1507,1501,1500,1500,2012,1498,1505,1500,1500,1498,988,1500,1500,1500,1500,1500,1500,1500,1500,2012,1500,1543,1500,2012,1500,1508,1504,1500,1520,1505,1500,2012,8.2
2025-05-02,11:51:58.590,-54,-45,10,3696,200,42,1,16,0,22,722,-5,8,6,-2,345,515,-1,-1,-1,-1,0x1020480010440004,1507,1501,1500,1500,2012,1498,1505,1500,1500,1498,988,1500,1500,1500,1500,1500,1500,1500,1500,2012,1500,1543,1500,2012,1500,1508,1504,1500,1520,1505,1500,2012,8.2
2025-05-02,11:51:59.090,-54,-43,10,3697,280,42,1,16,0,22,722,-6,8,6,-2,345,515,-1,-1,-1,-1,0x1020480010440004,1506,1501,1500,1500,2012,1497,1505,1500,1500,1497,988,1500,1500,1500,1500,1500,1500,1500,1500,2012,1500,1543,1500,2012,1500,1508,1503,1500,1520,1505,1500,2012,8.2
2025-05-02,11:51:59.590,-54,-40,10,3697,190,42,1,16,0,22,722,-5,8,6,-2,344,515,-1,-1,-1,-1,0x1020480010440004,1507,1501,1500,1500,2012,1498,1505,1500,1500,1498,988,1500,1500,1500,1500,1500,1500,1500,1500,2012,1500,1543,1500,2012,1500,1508,1504,1500,1520,1505,1500,2012,8.2
2025-05-02,11:52:00.090,-54,-37,10,3697,230,42,1,16,0,22,722,-5,8,7,-2,344,515,-1,-1,-1,-1,0x1020480010440004,1507,1501,1500,1500,2012,1498,1505,1500,1500,1498,988,1500,1500,1500,1500,1500,1500,1500,1500,2012,1500,1543,1500,2012,1500,1507,1503,1500,1520,1505,1500,2012,8.2
2025-05-02,11:52:00.590,-54,-36,10,3697,200,42,1,16,343,22,722,-5,8,6,-2,344,515,-1,-1,-1,-1,0x1020480010440004,1507,1501,1500,1500,2012,1498,1505,1500,1500,1498,988,1500,1500,1500,1500,1500,1500,1500,1500,2012,1500,1543,1500,2012,1500,1508,1504,1500,1520,1505,1500,2012,8.2
2025-05-02,11:52:01.090,-54,-37,10,3697,160,42,1,16,567,22,722,-5,9,6,-2,344,515,-1,-1,-1,-1,0x1020480010440004,1507,1501,1500,1500,2012,1498,1506,1500,1500,1498,988,1500,1500,1500,1500,1500,1500,1500,1500,2012,1500,1543,1500,2012,1500,1509,1505,1500,1520,1505,1500,2012,8.2
2025-05-02,11:52:01.590,-40,-40,10,3698,160,42,1,16,596,22,722,-5,8,7,-2,345,515,-1,-1,-1,-1,0x1020480010440004,1507,1501,1500,1500,2012,1498,1505,1500,1500,1498,988,1500,1500,1500,1500,1500,1500,1500,1500,2012,1500,1543,1500,2012,1500,1508,1504,1500,1520,1505,1500,2012,8.2
2025-05-02,11:52:02.090,-44,-44,10,3698,160,42,1,16,346,22,722,-5,8,6,-2,345,515,-1,-1,-1,-1,0x1020480010440004,1507,1501,1500,1500,2012,1498,1505,1500,1500,1498,988,1500,1500,1500,1500,1500,1500,1500,1500,2012,1500,1543,1500,2012,1500,1508,1504,1500,1520,1505,1500,2012,8.2
2025-05-02,11:52:02.590,-45,-44,10,3698,360,42,1,16,0,22,722,-5,8,7,-2,344,515,-1,-1,-1,-1,0x1020480010440004,1507,1501,1500,1500,2012,1498,1505,1500,1500,1498,988,1500,1500,1500,1500,1500,1500,1500,1500,2012,1500,1543,1500,2012,1500,1508,1504,1500,1520,1505,1500,2012,8.2
2025-05-02,11:52:03.090,-49,-39,10,3698,210,42,1,16,744,22,722,-5,9,6,-2,345,515,-1,-1,-1,-1,0x1020480010440004,1507,1501,1500,1500,2012,1498,1506,1500,1500,1498,988,1500,1500,1500,1500,1500,1500,1500,1500,2012,1500,1543,1500,2012,1500,1509,1505,1500,1520,1505,1500,2012,8.2
2025-05-02,11:52:03.590,-49,-37,10,3698,170,42,1,16,424,22,722,-5,11,7,-2,344,515,-1,-1,-1,-1,0x1020480010440004,1507,1501,1500,1500,2012,1498,1507,1500,1500,1498,988,1500,1500,1500,1500,1500,1500,1500,1500,2012,1500,1543,1500,2012,1500,1512,1506,1500,1520,1505,1500,2012,8.2
2025-05-02,11:52:04.090,-43,-47,10,3699,2380,42,1,16,186,22,722,1024,464,6,-2,344,515,-1,-1,-1,-1,0x1020480014440005,1812,1559,1500,1500,2012,2012,1818,1500,1500,2012,988,1500,1500,1500,1500,1500,1500,1500,1372,1628,1500,1543,1500,2012,1500,1867,1738,1500,1520,1505,1500,2012,8.2
2025-05-02,11:52:04.590,-52,-52,10,3697,300,42,1,16,1282,22,722,420,13,7,-2,345,515,-1,-1,-1,-1,0x1020480014440005,1601,1502,1500,1500,2012,1710,1509,1500,1500,1688,988,1500,1500,1500,1500,1500,1500,1500,988,2012,1500,1543,1500,2012,1500,1513,1507,1500,1520,1505,1500,2012,8.2
2025-05-02,11:52:05.090,-56,-58,10,3696,300,43,1,16,622,22,722,842,198,6,-2,345,515,-1,-1,-1,-1,0x1020480014440005,1728,1524,1500,1500,2012,1921,1635,1500,1500,1921,988,1500,1500,1500,1500,1500,1500,1500,1372,1628,1500,1543,1500,2012,1500,1687,1595,1500,1520,1505,1500,2012,8.2
2025-05-02,11:52:05.590,-64,-64,10,3697,520,42,1,16,170,22,722,82,9,7,-2,345,515,-1,-1,-1,-1,0x1020480014440005,1531,1501,1500,1500,2012,1541,1506,1500,1500,1547,988,1500,1500,1500,1500,1500,1500,1500,1234,2012,1500,1543,1500,2012,1500,1509,1505,1500,1520,1505,1500,2012,8.2
2025-05-02,11:52:06.090,-65,-66,10,3698,190,42,1,16,0,22,722,-2,9,6,-2,345,515,-1,-1,-1,-1,0x1020480010440005,1507,1501,1500,1500,2012,1499,1506,1500,1500,1499,988,1500,1500,1500,1500,1500,1500,1500,1372,2012,1500,1543,1500,2012,1500,1509,1505,1500,1520,1505,1500,2012,8.2
2025-05-02,11:52:06.590,-65,-64,10,3698,210,42,1,16,0,22,722,-1,9,7,-2,344,515,-1,-1,-1,-1,0x1020480010440005,1508,1501,1500,1500,2012,1500,1506,1500,1500,1500,988,1500,1500,1500,1500,1500,1500,1500,1372,2012,1500,1543,1500,2012,1500,1509,1505,1500,1520,1505,1500,2012,8.2
2025-05-02,11:52:07.090,-65,-64,10,3699,200,42,1,16,0,22,723,-2,9,7,-2,345,515,-1,-1,-1,-1,0x1020480010440005,1508,1501,1500,1500,2012,1499,1506,1500,1500,1500,988,1500,1500,1500,1500,1500,1500,1500,1500,2012,1500,1543,1500,2012,1500,1509,1505,1500,1520,1505,1500,2012,8.2
2025-05-02,11:52:07.590,-67,-61,10,3699,210,42,1,16,0,22,723,-2,9,6,-2,345,515,-1,-1,-1,-1,0x1020480010440005,1507,1501,1500,1500,2012,1499,1506,1500,1500,1499,988,1500,1500,1500,1500,1500,1500,1500,1500,2012,1500,1543,1500,2012,1500,1509,1505,1500,1520,1505,1500,2012,8.2
2025-05-02,11:52:08.090,-64,-67,10,3699,230,42,1,16,0,22,723,-2,10,7,-2,344,515,-1,-1,-1,-1,0x1020480010440005,1507,1501,1500,1500,2012,1499,1507,1500,1500,1499,988,1500,1500,1500,1500,1500,1500,1500,1500,2012,1500,1543,1500,2012,1500,1510,1505,1500,1520,1505,1500,2012,8.2
2025-05-02,11:52:08.590,-63,-59,10,3699,220,42,1,16,0,22,723,-2,9,7,-2,344,515,-1,-1,-1,-1,0x1020480010440004,1507,1501,1500,1500,2012,1499,1506,1500,1500,1499,988,1500,1500,1500,1500,1500,1500,1500,1500,2012,1500,1543,1500,2012,1500,1510,1505,1500,1520,1505,1500,2012,8.2
2025-05-02,11:52:09.090,-59,-50,10,3699,210,42,1,16,0,22,723,-2,9,6,-2,344,515,-1,-1,-1,-1,0x1020480010440004,1507,1501,1500,1500,2012,1499,1506,1500,1500,1499,988,1500,1500,1500,1500,1500,1500,1500,1500,2012,1500,1543,1500,2012,1500,1509,1505,1500,1520,1505,1500,2012,8.2
2025-05-02,11:52:09.590,-59,-51,10,3699,230,42,1,16,0,22,723,-3,10,7,-2,344,515,-1,-1,-1,-1,0x1020480010440004,1507,1501,1500,1500,2012,1499,1507,1500,1500,1499,988,1500,1500,1500,1500,1500,1500,1500,1500,2012,1500,1543,1500,2012,1500,1510,1505,1500,1520,1505,1500,2012,8.2
2025-05-02,11:52:10.090,-59,-61,10,3700,320,42,1,16,0,22,723,-2,9,6,-2,345,515,-1,-1,-1,-1,0x1020480010440004,1507,1501,1500,1500,2012,1499,1506,1500,1500,1499,988,1500,1500,1500,1500,1500,1500,1500,1500,2012,1500,1543,1500,2012,1500,1509,1505,1500,1520,1505,1500,2012,8.2
2025-05-02,11:52:10.590,-73,-55,10,3700,210,42,1,16,0,22,723,-2,10,6,-2,344,515,-1,-1,-1,-1,0x1020480010440004,1507,1501,1500,1500,2012,1499,1507,1500,1500,1499,988,1500,1500,1500,1500,1500,1500,1500,1500,2012,1500,1543,1500,2012,1500,1510,1505,1500,1520,1505,1500,2012,8.2
2025-05-02,11:52:11.090,-54,-60,10,3700,210,42,1,16,0,22,723,-2,13,6,-2,345,515,-1,-1,-1,-1,0x1020480010440004,1507,1501,1500,1500,2012,1499,1509,1500,1500,1499,988,1500,1500,1500,1500,1500,1500,1500,1500,2012,1500,1543,1500,2012,1500,1513,1506,1500,1520,1505,1500,2012,8.2
2025-05-02,11:52:11.590,-57,-60,10,3700,200,42,1,16,0,22,723,-3,15,6,-2,344,515,-1,-1,-1,-1,0x1020480010440004,1507,1502,1500,1500,2012,1499,1510,1500,1500,1499,988,1500,1500,1500,1500,1500,1500,1500,1500,2012,1500,1543,1500,2012,1500,1516,1508,1500,1520,1505,1500,2012,8.2
2025-05-02,11:52:12.090,-56,-60,10,3700,220,42,1,16,0,22,723,-3,11,6,-2,344,515,-1,-1,-1,-1,0x1020480010440004,1507,1501,1500,1500,2012,1499,1507,1500,1500,1499,988,1500,1500,1500,1500,1500,1500,1500,1500,2012,1500,1543,1500,2012,1500,1512,1506,1500,1520,1505,1500,2012,8.2
2025-05-02,11:52:12.590,-55,-60,10,3700,220,42,1,16,0,22,723,-2,9,7,-2,345,515,-1,-1,-1,-1,0x1020480010440004,1507,1501,1500,1500,2012,1499,1506,1500,1500,1499,988,1500,1500,1500,1500,1500,1500,1500,1500,2012,1500,1543,1500,2012,1500,1509,1505,1500,1520,1505,1500,2012,8.2
2025-05-02,11:52:13.090,-54,-60,10,3700,210,42,1,16,0,22,723,-3,10,6,-2,345,515,-1,-1,-1,-1,0x1020480010440004,1507,1501,1500,1500,2012,1499,1507,1500,1500,1498,988,1500,1500,1500,1500,1500,1500,1500,1500,2012,1500,1543,1500,2012,1500,1510,1505,1500,1520,1505,1500,2012,8.2
2025-05-02,11:52:13.590,-54,-60,10,3700,220,42,1,16,0,22,723,-4,13,7,-2,344,515,-1,-1,-1,-1,0x1020480010440004,1507,1501,1500,1500,2012,1498,1509,1500,1500,1498,988,1500,1500,1500,1500,1500,1500,1500,1500,2012,1500,1543,1500,2012,1500,1512,1506,1500,1520,1505,1500,2012,8.2
2025-05-02,11:52:14.090,-57,-60,10,3700,200,42,1,16,0,22,723,-2,13,7,-2,344,515,-1,-1,-1,-1,0x1020480010440004,1507,1502,1500,1500,2012,1499,1509,1500,1500,1499,988,1500,1500,1500,1500,1500,1500,1500,1500,2012,1500,1543,1500,2012,1500,1513,1507,1500,1520,1505,1500,2012,8.2
2025-05-02,11:52:14.590,-56,-60,10,3700,220,42,1,16,0,22,723,-1,12,6,-2,344,515,-1,-1,-1,-1,0x1020480010440004,1508,1501,1500,1500,2012,1500,1508,1500,1500,1500,988,1500,1500,1500,1500,1500,1500,1500,1500,2012,1500,1543,1500,2012,1500,1512,1506,1500,1520,1505,1500,2012,8.2
2025-05-02,11:52:15.090,-56,-60,10,3700,220,42,1,16,0,22,723,-2,12,6,-2,344,515,-1,-1,-1,-1,0x1020480010440004,1507,1502,1500,1500,2012,1499,1508,1500,1500,1499,988,1500,1500,1500,1500,1500,1500,1500,1500,2012,1500,1543,1500,2012,1500,1512,1507,1500,1520,1505,1500,2012,8.2
2025-05-02,11:52:15.590,-56,-60,10,3701,310,42,1,16,0,22,723,-1,16,7,-2,345,515,-1,-1,-1,-1,0x1020480010440004,1508,1502,1500,1500,2012,1500,1511,1500,1500,1500,988,1500,1500,1500,1500,1500,1500,1500,1500,2012,1500,1543,1500,2012,1500,1516,1509,1500,1520,1505,1500,2012,8.2
2025-05-02,11:52:16.090,-57,-60,10,3701,210,42,1,16,0,22,723,-2,18,7,-2,344,515,-1,-1,-1,-1,0x1020480010440004,1507,1502,1500,1500,2012,1499,1512,1500,1500,1499,988,1500,1500,1500,1500,1500,1500,1500,1500,2012,1500,1543,1500,2012,1500,1519,1510,1500,1520,1505,1500,2012,8.2
2025-05-02,11:52:16.590,-56,-62,10,3701,220,42,1,16,0,22,723,-1,329,6,-2,344,515,-1,-1,-1,-1,0x1020480010440005,1508,1539,1500,1500,2012,1500,1725,1500,1500,1500,988,1500,1500,1500,1500,1500,1500,1500,1372,1628,1500,1543,1500,2012,1500,1773,1657,1500,1520,1505,1500,2012,8.2
2025-05-02,11:52:17.090,-58,-59,10,3701,2260,42,1,16,3629,22,724,87,590,6,-2,344,515,-1,-1,-1,-1,0x1020480014440005,1529,1584,1500,1500,2012,1543,1905,1500,1500,1543,988,1500,1500,1500,1500,1500,1500,1500,1372,1628,1500,1543,1500,2012,1500,1935,1837,1500,1520,1505,1500,2012,8.2
2025-05-02,11:52:17.590,-56,-57,10,3689,4040,42,1,16,4069,22,724,455,688,6,-2,345,515,-1,-1,-1,-1,0x1020480014442005,1626,1611,1500,1500,2012,1727,1971,1500,1500,1742,988,1500,1500,1500,1500,1500,1500,1500,1372,1628,1500,1543,1500,2012,1500,1978,1933,1500,1520,1505,1500,2012,8.2
2025-05-02,11:52:18.090,-54,-63,10,3687,1880,42,1,16,3802,22,725,1024,536,6,-2,344,515,-1,-1,-1,-1,0x1020480014440005,1812,1571,1500,1500,2012,2012,1867,1500,1500,2012,988,1500,1500,1500,1500,1500,1500,1500,1372,1628,1500,1543,1500,2012,1500,1907,1785,1500,1520,1505,1500,2012,8.2
2025-05-02,11:52:18.590,-54,-63,10,3690,2040,43,1,16,3075,22,725,1024,588,6,-2,345,515,-1,-1,-1,-1,0x1020480014440005,1812,1584,1500,1500,2012,2012,1903,1500,1500,2012,988,1500,1500,1500,1500,1500,1500,1500,1372,1628,1500,1543,1500,2012,1500,1934,1837,1500,1520,1505,1500,2012,8.2
2025-05-02,11:52:19.090,-63,-68,10,3690,6770,44,1,16,5693,22,726,1,1024,6,-2,345,515,-1,-1,-1,-1,0x1020480010442005,1508,1628,1500,1500,2012,1500,2012,1500,1500,1500,988,1500,1500,1500,1500,1500,1500,1500,1372,1628,1500,1543,1500,2012,1500,2012,2012,1500,1520,1505,1500,2012,8.2
2025-05-02,11:52:19.590,-64,-68,10,3673,5080,44,1,16,7090,22,727,1,1024,6,-2,344,515,-1,-1,-1,-1,0x1020480010442405,1508,1628,1500,1500,2012,1500,2012,1500,1500,1500,988,1500,1500,1500,1500,1500,1500,1500,1372,1628,1500,1543,1500,2012,1500,2012,2012,1500,1520,1505,1500,2012,8.2
2025-05-02,11:52:20.090,-59,-68,10,3673,0,44,1,16,5114,22,727,6,-714,7,-2,345,515,-1,-1,-1,-1,0x10204800124C0405,1509,1207,1500,1497,2012,1503,1143,1205,1500,1503,988,1500,1500,1500,1500,1500,1500,1204,1122,2012,1500,1543,1500,2012,1500,1275,1500,1500,1520,1505,1500,2012,8.2
2025-05-02,11:52:20.590,-58,-68,10,3693,430,43,1,16,917,22,727,-161,10,6,-2,345,515,-1,-1,-1,-1,0x1020480014440405,1477,1501,1500,1500,2012,1420,1507,1500,1500,1420,988,1500,1500,1500,1500,1500,1500,1500,1372,2012,1500,1543,1500,2012,1500,1510,1505,1500,1520,1505,1500,2012,8.2
2025-05-02,11:52:21.090,-47,-56,10,3696,290,42,1,16,0,22,727,4,11,7,-2,344,515,-1,-1,-1,-1,0x1020480010440405,1508,1501,1500,1500,2012,1502,1507,1500,1500,1502,988,1500,1500,1500,1500,1500,1500,1500,1372,2012,1500,1543,1500,2012,1500,1512,1506,1500,1520,1505,1500,2012,8.2
2025-05-02,11:52:21.590,-47,-56,10,3697,190,42,1,16,0,22,727,4,13,6,-2,344,515,-1,-1,-1,-1,0x1020480010440405,1508,1502,1500,1500,2012,1502,1509,1500,1500,1502,988,1500,1500,1500,1500,1500,1500,1500,1500,2012,1500,1543,1500,2012,1500,1513,1507,1500,1520,1505,1500,2012,8.2
2025-05-02,11:52:22.090,-50,-55,10,3697,180,42,1,16,0,22,727,2,13,7,-2,344,515,-1,-1,-1,-1,0x1020480010440405,1508,1502,1500,1500,2012,1501,1509,1500,1500,1501,988,1500,1500,1500,1500,1500,1500,1500,1500,2012,1500,1543,1500,2012,1500,1513,1507,1500,1520,1505,1500,2012,8.2
2025-05-02,11:52:22.590,-51,-55,10,3698,210,42,1,16,0,22,727,-1,12,7,-2,344,515,-1,-1,-1,-1,0x1020480010440405,1508,1501,1500,1500,2012,1500,1508,1500,1500,1500,988,1500,1500,1500,1500,1500,1500,1500,1500,2012,1500,1543,1500,2012,1500,1512,1506,1500,1520,1505,1500,2012,8.2
2025-05-02,11:52:23.090,-47,-55,10,3698,160,42,1,16,0,22,727,-1,11,7,-2,344,515,-1,-1,-1,-1,0x1020480010440405,1508,1501,1500,1500,2012,1500,1507,1500,1500,1500,988,1500,1500,1500,1500,1500,1500,1500,1500,2012,1500,1543,1500,2012,1500,1512,1506,1500,1520,1505,1500,2012,8.2
2025-05-02,11:52:23.590,-43,-55,10,3698,150,42,1,16,0,22,727,-2,10,7,-2,344,515,-1,-1,-1,-1,0x1020480010440004,1507,1501,1500,1500,2012,1499,1507,1500,1500,1499,988,1500,1500,1500,1500,1500,1500,1500,1500,2012,1500,1543,1500,2012,1500,1510,1505,1500,1520,1505,1500,2012,8.2
2025-05-02,11:52:24.090,-49,-36,10,3699,170,42,1,16,0,22,727,-3,10,6,-2,344,515,-1,-1,-1,-1,0x1020480010440004,1507,1501,1500,1500,2012,1499,1507,1500,1500,1499,988,1500,1500,1500,1500,1500,1500,1500,1500,2012,1500,1543,1500,2012,1500,1510,1505,1500,1520,1505,1500,2012,8.2
2025-05-02,11:52:24.590,-49,-38,10,3699,160,42,1,16,0,22,727,-3,10,7,-2,344,515,-1,-1,-1,-1,0x1020480010440004,1507,1501,1500,1500,2012,1499,1507,1500,1500,1499,988,1500,1500,1500,1500,1500,1500,1500,1500,2012,1500,1543,1500,2012,1500,1509,1505,1500,1520,1505,1500,2012,8.2
2025-05-02,11:52:25.090,-39,-37,10,3699,160,41,1,16,729,22,727,-2,10,7,-2,345,515,-1,-1,-1,-1,0x1020480010440004,1507,1501,1500,1500,2012,1499,1507,1500,1500,1499,988,1500,1500,1500,1500,1500,1500,1500,1500,2012,1500,1543,1500,2012,1500,1509,1505,1500,1520,1505,1500,2012,8.2
2025-05-02,11:52:25.590,-39,-38,10,3699,160,41,1,16,578,22,727,-3,9,7,-2,344,515,-1,-1,-1,-1,0x1020480010440004,1507,1501,1500,1500,2012,1499,1506,1500,1500,1499,988,1500,1500,1500,1500,1500,1500,1500,1500,2012,1500,1543,1500,2012,1500,1509,1505,1500,1520,1505,1500,2012,8.2
2025-05-02,11:52:26.090,-39,-40,10,3699,170,41,1,16,211,22,727,-3,10,6,-2,344,515,-1,-1,-1,-1,0x1020480010440004,1507,1501,1500,1500,2012,1499,1506,1500,1500,1499,988,1500,1500,1500,1500,1500,1500,1500,1500,2012,1500,1543,1500,2012,1500,1510,1505,1500,1520,1505,1500,2012,8.2
2025-05-02,11:52:26.590,-47,-42,10,3699,250,41,1,16,0,22,727,-3,9,7,-2,344,515,-1,-1,-1,-1,0x1020480010440004,1507,1501,1500,1500,2012,1499,1506,1500,1500,1499,988,1500,1500,1500,1500,1500,1500,1500,1500,2012,1500,1543,1500,2012,1500,1509,1505,1500,1520,1505,1500,2012,8.2
2025-05-02,11:52:27.090,-47,-38,10,3700,170,41,1,16,0,22,727,-3,10,6,-2,344,515,-1,-1,-1,-1,0x1020480010440004,1507,1501,1500,1500,2012,1499,1507,1500,1500,1499,988,1500,1500,1500,1500,1500,1500,1500,1500,2012,1500,1543,1500,2012,1500,1510,1505,1500,1520,1505,1500,2012,8.2
2025-05-02,11:52:27.590,-47,-35,10,3700,200,41,1,16,0,22,727,-3,11,6,-2,344,515,-1,-1,-1,-1,0x1020480010440004,1507,1501,1500,1500,2012,1499,1507,1500,1500,1499,988,1500,1500,1500,1500,1500,1500,1500,1500,2012,1500,1543,1500,2012,1500,1512,1506,1500,1520,1505,1500,2012,8.2
2025-05-02,11:52:28.090,-42,-34,10,3700,180,41,1,16,0,22,727,-3,13,6,-2,345,515,-1,-1,-1,-1,0x1020480010440004,1507,1502,1500,1500,2012,1499,1509,1500,1500,1499,988,1500,1500,1500,1500,1500,1500,1500,1500,2012,1500,1543,1500,2012,1500,1513,1507,1500,1520,1505,1500,2012,8.2
2025-05-02,11:52:28.590,-42,-36,10,3700,190,41,1,16,0,22,727,-2,9,6,-2,344,515,-1,-1,-1,-1,0x1020480010440004,1507,1501,1500,1500,2012,1499,1506,1500,1500,1499,988,1500,1500,1500,1500,1500,1500,1500,1500,2012,1500,1543,1500,2012,1500,1509,1505,1500,1520,1505,1500,2012,8.2
2025-05-02,11:52:29.090,-54,-46,10,3700,160,41,1,16,0,22,727,-3,10,7,-2,344,515,-1,-1,-1,-1,0x1020480010440004,1507,1501,1500,1500,2012,1499,1507,1500,1500,1499,988,1500,1500,1500,1500,1500,1500,1500,1500,2012,1500,1543,1500,2012,1500,1510,1505,1500,1520,1505,1500,2012,8.2
2025-05-02,11:52:29.590,-54,-47,10,3700,420,41,1,16,0,22,727,313,10,6,-2,344,515,-1,-1,-1,-1,0x1020480014440004,1587,1501,1500,1500,2012,1656,1507,1500,1500,1656,988,1500,1500,1500,1500,1500,1500,1500,1500,2012,1500,1543,1500,2012,1500,1510,1505,1500,1520,1505,1500,2012,8.2
2025-05-02,11:52:30.090,-50,-51,10,3700,1410,41,1,16,985,22,728,537,214,6,-2,345,515,-1,-1,-1,-1,0x1020480014440005,1643,1524,1500,1500,2012,1768,1646,1500,1500,1776,988,1500,1500,1500,1500,1500,1500,1500,1372,1628,1500,1543,1500,2012,1500,1714,1596,1500,1520,1505,1500,2012,8.2
2025-05-02,11:52:30.590,-54,-51,10,3698,510,42,1,16,514,22,728,-454,362,7,-2,344,515,-1,-1,-1,-1,0x1020480014440005,1408,1543,1500,1500,2012,1273,1748,1500,1500,1273,988,1500,1500,1500,1500,1500,1500,1500,1372,1628,1500,1543,1500,2012,1500,1806,1674,1500,1520,1505,1500,2012,8.2
2025-05-02,11:52:31.090,-52,-51,10,3697,750,42,1,16,240,22,728,-453,333,7,-2,344,515,-1,-1,-1,-1,0x1020480014440005,1408,1542,1500,1500,2012,1274,1728,1500,1500,1274,988,1500,1500,1500,1500,1500,1500,1500,1372,1628,1500,1543,1500,2012,1500,1787,1667,1500,1520,1505,1500,2012,8.2
2025-05-02,11:52:31.590,-51,-51,10,3696,8650,43,1,16,4123,22,729,-531,682,6,-2,344,515,-1,-1,-1,-1,0x1020480014442805,1385,1610,1500,1500,2012,1235,1968,1500,1500,1234,988,1500,1500,1500,1500,1500,1500,1500,1372,1628,1500,1543,1500,2012,1500,1980,1938,1500,1520,1505,1500,2012,8.2
2025-05-02,11:52:32.090,-43,-51,10,3671,6840,43,1,16,5406,22,730,-596,722,6,-2,344,516,-1,-1,-1,-1,0x1020480014442C05,1364,1621,1500,1500,2012,1202,1994,1500,1500,1203,988,1500,1500,1500,1500,1500,1500,1500,1372,1628,1500,1543,1500,2012,1500,2000,1984,1500,1520,1505,1500,2012,8.2
2025-05-02,11:52:32.590,-42,-51,10,3667,6080,42,1,16,5963,22,730,-111,1024,6,-2,344,515,-1,-1,-1,-1,0x1020480014442405,1483,1628,1500,1500,2012,1454,2012,1500,1500,1435,988,1500,1500,1500,1500,1500,1500,1500,1372,1628,1500,1543,1500,2012,1500,2012,2012,1500,1520,1505,1500,2012,8.2
2025-05-02,11:52:33.090,-54,-49,10,3670,6130,43,1,16,6899,22,731,809,580,6,-2,344,515,-1,-1,-1,-1,0x1020480014440405,1716,1586,1500,1500,2012,1904,1897,1500,1500,1899,988,1500,1500,1500,1500,1500,1500,1500,1372,1628,1500,1543,1500,2012,1500,2012,1846,1500,1520,1505,1500,2012,8.2
2025-05-02,11:52:33.590,-54,-48,10,3672,1520,43,1,16,4589,22,731,730,452,6,-2,344,515,-1,-1,-1,-1,0x1020480014440405,1695,1560,1500,1500,2012,1871,1809,1500,1500,1865,988,1500,1500,1500,1500,1500,1500,1500,1372,1628,1500,1543,1500,2012,1500,1868,1739,1500,1520,1505,1500,2012,8.2
2025-05-02,11:52:34.090,-53,-52,10,3690,1300,44,1,16,3047,22,731,1024,467,6,-2,344,515,-1,-1,-1,-1,0x1020480014440405,1812,1558,1500,1500,2012,2012,1820,1500,1500,2012,988,1500,1500,1500,1500,1500,1500,1500,1372,1628,1500,1543,1500,2012,1500,1869,1733,1500,1520,1505,1500,2012,8.2
2025-05-02,11:52:34.590,-58,-65,10,3690,1530,45,1,16,2252,22,732,646,497,6,-2,344,515,-1,-1,-1,-1,0x1020480014440405,1674,1565,1500,1500,2012,1822,1840,1500,1500,1830,988,1500,1500,1500,1500,1500,1500,1500,1372,1628,1500,1543,1500,2012,1500,1885,1759,1500,1520,1505,1500,2012,8.2
2025-05-02,11:52:35.090,-60,-65,10,3688,6940,45,1,16,5131,22,733,123,766,6,-2,344,515,-1,-1,-1,-1,0x1020480014442405,1546,1628,1500,1500,2012,1561,2012,1500,1500,1576,988,1500,1500,1500,1500,1500,1500,1500,1372,1628,1500,1543,1500,2012,1500,2012,2012,1500,1520,1505,1500,2012,8.2
2025-05-02,11:52:35.590,-58,-65,10,3668,5160,45,1,16,6613,22,733,-4,1024,7,-2,344,515,-1,-1,-1,-1,0x1020480010442405,1507,1628,1500,1500,2012,1498,2012,1500,1500,1498,988,1500,1500,1500,1500,1500,1500,1500,1372,1628,1500,1543,1500,2012,1500,2012,2012,1500,1520,1505,1500,2012,8.2
2025-05-02,11:52:36.090,-59,-58,10,3668,5110,44,1,16,7531,22,734,631,934,6,-2,344,515,-1,-1,-1,-1,0x1020480014442005,1665,1628,1500,1500,2012,1815,2012,1500,1500,1815,988,1500,1500,1500,1500,1500,1500,1500,1372,1628,1500,1543,1500,2012,1500,2012,2012,1500,1520,1505,1500,2012,8.2
2025-05-02,11:52:36.590,-61,-55,10,3670,5420,44,1,16,6925,22,735,485,718,6,-2,344,515,-1,-1,-1,-1,0x1020480014442005,1627,1620,1500,1500,2012,1742,1992,1500,1500,1743,988,1500,1500,1500,1500,1500,1500,1500,1372,1628,1500,1543,1500,2012,1500,2002,1991,1500,1520,1505,1500,2012,8.2
2025-05-02,11:52:37.090,-62,-54,10,3671,280,43,1,16,6674,22,735,602,-247,7,-2,344,515,-1,-1,-1,-1,0x10204800164C0005,1653,1397,1500,1499,2012,1801,1377,1389,1500,1794,988,1500,1500,1500,1500,1500,1500,1389,988,2012,1500,1543,1500,988,1500,1545,1500,1500,1520,1505,1500,2012,8.2
2025-05-02,11:52:37.590,-56,-54,10,3687,1040,44,1,16,3644,22,735,1024,64,7,-2,344,515,-1,-1,-1,-1,0x1020480014440005,1812,1508,1500,1500,2012,2012,1544,1500,1500,2012,988,1500,1500,1500,1500,1500,1500,1500,1372,1628,1500,1543,1500,2012,1500,1652,1531,1500,1520,1505,1500,2012,8.2
2025-05-02,11:52:38.090,-58,-69,10,3689,1870,44,1,16,2808,22,735,1024,626,7,-2,344,515,-1,-1,-1,-1,0x1020480014442005,1812,1594,1500,1500,2012,2012,1929,1500,1500,2012,988,1500,1500,1500,1500,1500,1500,1500,1372,1628,1500,1543,1500,2012,1500,1953,1867,1500,1520,1505,1500,2012,8.2
2025-05-02,11:52:38.590,-69,-70,10,3687,9100,45,1,16,5236,22,736,-95,1024,6,-2,344,515,-1,-1,-1,-1,0x1020480014442005,1492,1628,1500,1500,2012,1452,2012,1500,1500,1459,988,1500,1500,1500,1500,1500,1500,1500,1372,1628,1500,1543,1500,2012,1500,2012,2012,1500,1520,1505,1500,2012,8.2
2025-05-02,11:52:39.090,-65,-70,10,3669,5420,44,1,16,6842,22,737,-149,976,6,-2,344,515,-1,-1,-1,-1,0x1020480014442405,1480,1628,1500,1500,2012,1426,2012,1500,1500,1426,988,1500,1500,1500,1500,1500,1500,1500,1372,1628,1500,1543,1500,2012,1500,2012,2012,1500,1520,1505,1500,2012,8.2
2025-05-02,11:52:39.590,-61,-70,10,3669,2550,44,1,16,7333,22,737,-142,379,7,-2,344,515,-1,-1,-1,-1,0x1020480014440405,1481,1550,1500,1500,2012,1429,1759,1500,1500,1429,988,1500,1500,1500,1500,1500,1500,1500,1372,1628,1500,1543,1500,2012,1500,1870,1701,1500,1520,1505,1500,2012,8.2
2025-05-02,11:52:40.090,-54,-70,10,3680,980,43,1,16,4698,22,738,-812,235,7,-2,344,515,-1,-1,-1,-1,0x1020480014440405,1279,1529,1500,1500,2012,1094,1661,1500,1500,1100,988,1500,1500,1500,1500,1500,1500,1500,1372,1628,1500,1543,1500,2012,1500,1794,1615,1500,1520,1505,1500,2012,8.2
2025-05-02,11:52:40.590,-37,-70,10,3685,3530,43,1,16,4026,22,738,-660,745,6,-2,345,515,-1,-1,-1,-1,0x1020480014442C05,1331,1623,1500,1500,2012,1170,2010,1500,1500,1159,988,1500,1500,1500,1500,1500,1500,1500,1372,1628,1500,1543,1500,2012,1500,2004,1992,1500,1520,1505,1500,2012,8.2
2025-05-02,11:52:41.090,-48,-48,10,3671,5790,43,1,16,6493,22,739,-276,909,6,-2,345,515,-1,-1,-1,-1,0x1020480014442405,1451,1628,1500,1500,2012,1362,2012,1500,1500,1355,988,1500,1500,1500,1500,1500,1500,1500,1372,1628,1500,1543,1500,2012,1500,2012,2012,1500,1520,1505,1500,2012,8.2
2025-05-02,11:52:41.590,-57,-63,10,3666,680,43,1,16,5983,22,739,793,7,6,-2,345,515,-1,-1,-1,-1,0x1020480014440405,1714,1501,1500,1500,2012,1896,1505,1500,1500,1896,988,1500,1500,1500,1500,1500,1500,1500,988,2012,1500,1543,1500,2012,1500,1593,1503,1500,1520,1505,1500,2012,8.2
2025-05-02,11:52:42.090,-49,-63,10,3680,290,43,1,16,3249,22,740,391,8,7,-2,345,515,-1,-1,-1,-1,0x1020480014440405,1605,1501,1500,1500,2012,1695,1505,1500,1500,1695,988,1500,1500,1500,1500,1500,1500,1500,1372,2012,1500,1543,1500,2012,1500,1508,1504,1500,1520,1505,1500,2012,8.2
2025-05-02,11:52:42.590,-51,-63,10,3690,510,43,1,16,3183,22,740,590,11,7,-2,345,515,-1,-1,-1,-1,0x1020480014440405,1654,1501,1500,1500,2012,1795,1507,1500,1500,1795,988,1500,1500,1500,1500,1500,1500,1500,1372,2012,1500,1543,1500,2012,1500,1510,1505,1500,1520,1505,1500,2012,8.2
2025-05-02,11:52:43.090,-52,-63,10,3690,1190,43,1,16,2675,22,740,947,281,6,-2,344,515,-1,-1,-1,-1,0x1020480014440005,1771,1536,1500,1500,2012,1973,1692,1500,1500,1973,988,1500,1500,1500,1500,1500,1500,1500,1372,1628,1500,1543,1500,2012,1500,1758,1646,1500,1520,1505,1500,2012,8.2
2025-05-02,11:52:43.590,-54,-52,10,3689,1340,43,1,16,1704,22,740,1024,157,7,-2,344,515,-1,-1,-1,-1,0x1020480014440005,1812,1519,1500,1500,2012,2012,1607,1500,1500,2012,988,1500,1500,1500,1500,1500,1500,1500,1372,1628,1500,1543,1500,2012,1500,1653,1575,1500,1520,1505,1500,2012,8.2
2025-05-02,11:52:44.090,-57,-72,10,3687,7110,43,1,16,2595,22,740,274,591,7,-2,344,515,-1,-1,-1,-1,0x1020480014440005,1578,1585,1500,1500,2012,1637,1905,1500,1500,1637,988,1500,1500,1500,1500,1500,1500,1500,1372,1628,1500,1543,1500,2012,1500,1935,1839,1500,1520,1505,1500,2012,8.2
2025-05-02,11:52:44.590,-63,-53,10,3683,6680,43,1,16,5710,22,741,2,895,6,-2,344,515,-1,-1,-1,-1,0x1020480010442005,1508,1628,1500,1500,2012,1501,2012,1500,1500,1501,988,1500,1500,1500,1500,1500,1500,1500,1372,1628,1500,1543,1500,2012,1500,2012,2012,1500,1520,1505,1500,2012,8.2
2025-05-02,11:52:45.090,-63,-54,10,3666,5160,43,1,16,7035,22,742,66,1024,6,-2,344,515,-1,-1,-1,-1,0x1020480014442405,1524,1628,1500,1500,2012,1533,2012,1500,1500,1533,988,1500,1500,1500,1500,1500,1500,1500,1372,1628,1500,1543,1500,2012,1500,2012,2012,1500,1520,1505,1500,2012,8.2
2025-05-02,11:52:45.590,-58,-61,10,3666,2770,43,1,16,6957,23,742,159,410,6,-2,344,515,-1,-1,-1,-1,0x1020480014440405,1556,1559,1500,1500,2012,1579,1781,1500,1500,1596,988,1500,1500,1500,1500,1500,1500,1500,1372,1628,1500,1543,1500,2012,1500,1892,1738,1500,1520,1505,1500,2012,8.2
2025-05-02,11:52:46.090,-62,-60,10,3668,2350,43,1,16,6830,23,743,672,204,6,-2,345,515,-1,-1,-1,-1,0x1020480014440405,1677,1529,1500,1500,2012,1836,1639,1500,1500,1836,988,1500,1500,1500,1500,1500,1500,1500,1372,1628,1500,1543,1500,2012,1500,1824,1617,1500,1520,1505,1500,2012,8.2
2025-05-02,11:52:46.590,-62,-54,10,3684,1700,43,1,16,4878,23,743,1024,11,6,-2,345,515,-1,-1,-1,-1,0x1020480014440405,1812,1501,1500,1500,2012,2012,1507,1500,1500,2012,988,1500,1500,1500,1500,1500,1500,1500,1270,1730,1500,1543,1500,2012,1500,1658,1506,1500,1520,1505,1500,2012,8.2
2025-05-02,11:52:47.090,-58,-58,10,3686,1180,44,1,16,2598,23,743,1024,279,6,-2,344,515,-1,-1,-1,-1,0x1020480014440405,1812,1533,1500,1500,2012,2012,1691,1500,1500,2012,988,1500,1500,1500,1500,1500,1500,1500,1372,1628,1500,1543,1500,2012,1500,1740,1632,1500,1520,1505,1500,2012,8.2
2025-05-02,11:52:47.590,-60,-62,10,3686,8110,46,1,16,3295,23,743,1011,694,6,-2,344,515,-1,-1,-1,-1,0x1020480014442405,1807,1610,1500,1500,2012,2005,1975,1500,1500,2006,988,1500,1500,1500,1500,1500,1500,1500,1372,1628,1500,1543,1500,2012,1500,1981,1940,1500,1520,1505,1500,2012,8.2
2025-05-02,11:52:48.090,-68,-72,10,3681,9410,47,1,16,5243,23,745,117,1024,6,-2,344,515,-1,-1,-1,-1,0x1020480014442405,1537,1628,1500,1500,2012,1553,2012,1500,1500,1558,988,1500,1500,1500,1500,1500,1500,1500,1372,1628,1500,1543,1500,2012,1500,2012,2012,1500,1520,1505,1500,2012,8.2
2025-05-02,11:52:48.590,-59,-72,10,3661,510,46,1,16,2115,23,745,5,10,7,-2,344,515,-1,-1,-1,-1,0x1020480010440405,1509,1501,1500,1500,2012,1502,1507,1500,1500,1502,988,1500,1500,1500,1500,1500,1500,1500,1080,2012,1500,1543,1500,2012,1500,1510,1505,1500,1520,1505,1500,2012,8.2
2025-05-02,11:52:49.090,-52,-72,10,3685,1120,45,1,16,1089,23,745,1023,7,7,-2,344,515,-1,-1,-1,-1,0x1020480014440005,1803,1501,1500,1500,2012,2011,1505,1500,1500,2011,988,1500,1500,1500,1500,1500,1500,1500,1372,2012,1500,1543,1500,2012,1500,1507,1503,1500,1520,1505,1500,2012,8.2
2025-05-02,11:52:49.580,-49,-72,10,3687,1540,43,1,16,1496,23,745,1024,422,6,-2,344,515,-1,-1,-1,-1,0x1020480014440005,1812,1552,1500,1500,2012,2012,1789,1500,1500,2012,988,1500,1500,1500,1500,1500,1500,1500,1372,1628,1500,1543,1500,2012,1500,1837,1707,1500,1520,1505,1500,2012,8.2
2025-05-02,11:52:50.080,-56,-55,10,3683,13100,43,1,16,3951,23,746,58,832,6,-2,344,515,-1,-1,-1,-1,0x1020480014442005,1522,1628,1500,1500,2012,1529,2012,1500,1500,1528,988,1500,1500,1500,1500,1500,1500,1500,1372,1628,1500,1543,1500,2012,1500,2012,2012,1500,1520,1505,1500,2012,8.2
2025-05-02,11:52:50.570,-56,-55,10,3677,1320,43,1,16,4488,23,746,-455,488,7,-2,344,515,-1,-1,-1,-1,0x1020480014440005,1404,1561,1500,1500,2012,1278,1834,1500,1500,1267,988,1500,1500,1500,1500,1500,1500,1500,1372,1628,1500,1543,1500,2012,1500,1880,1745,1500,1520,1505,1500,2012,8.2
2025-05-02,11:52:51.070,-55,-50,10,3680,1180,43,1,16,2498,23,747,-942,623,6,-2,344,515,-1,-1,-1,-1,0x1020480014442005,1197,1594,1500,1500,2012,1029,1926,1500,1500,1029,988,1500,1500,1500,1500,1500,1500,1500,1372,1628,1500,1543,1500,2012,1500,1951,1874,1500,1520,1505,1500,2012,8.2
2025-05-02,11:52:51.570,-57,-53,10,3683,340,43,1,16,2105,23,747,-156,319,7,-2,344,515,-1,-1,-1,-1,0x1020480014440005,1476,1540,1500,1500,2012,1422,1718,1500,1500,1417,988,1500,1500,1500,1500,1500,1500,1500,1372,1628,1500,1543,1500,2012,1500,1778,1661,1500,1520,1505,1500,2012,8.2
2025-05-02,11:52:52.070,-37,-48,10,3684,4310,43,1,16,1835,23,747,-1024,661,7,-2,344,515,-1,-1,-1,-1,0x1020480014442005,1142,1601,1500,1500,2012,988,1953,1500,1500,988,988,1500,1500,1500,1500,1500,1500,1500,1372,1628,1500,1543,1500,2012,1500,1964,1902,1500,1520,1505,1500,2012,8.2
2025-05-02,11:52:52.570,-47,-44,10,3681,4560,43,1,16,5434,23,748,26,798,7,-2,344,515,-1,-1,-1,-1,0x1020480010442005,1514,1628,1500,1500,2012,1513,2012,1500,1500,1513,988,1500,1500,1500,1500,1500,1500,1500,1372,1628,1500,1543,1500,2012,1500,2012,2012,1500,1520,1505,1500,2012,8.2
2025-05-02,11:52:53.070,-47,-46,10,3664,920,42,1,16,6182,23,749,20,728,7,-2,344,515,-1,-1,-1,-1,0x1020480010442405,1510,1618,1500,1500,2012,1510,1998,1500,1500,1505,988,1500,1500,1500,1500,1500,1500,1500,1372,1628,1500,1543,1500,2012,1500,1995,1972,1500,1520,1505,1500,2012,8.2
2025-05-02,11:52:53.570,-47,-47,10,3666,3560,43,1,16,5344,23,749,1024,539,6,-2,344,515,-1,-1,-1,-1,0x1020480014440405,1812,1576,1500,1500,2012,2012,1869,1500,1500,2012,988,1500,1500,1500,1500,1500,1500,1500,1372,1628,1500,1543,1500,2012,1500,1919,1804,1500,1520,1505,1500,2012,8.2
2025-05-02,11:52:54.070,-51,-54,10,3677,3650,43,1,16,3959,23,749,1024,592,6,-2,345,515,-1,-1,-1,-1,0x1020480014440405,1812,1585,1500,1500,2012,2012,1905,1500,1500,2012,988,1500,1500,1500,1500,1500,1500,1500,1372,1628,1500,1543,1500,2012,1500,1936,1841,1500,1520,1505,1500,2012,8.2
2025-05-02,11:52:54.570,-56,-51,10,3676,4600,44,1,16,4114,23,750,1024,673,6,-2,345,515,-1,-1,-1,-1,0x1020480014442405,1812,1607,1500,1500,2012,2012,1961,1500,1500,2012,988,1500,1500,1500,1500,1500,1500,1500,1372,1628,1500,1543,1500,2012,1500,1976,1928,1500,1520,1505,1500,2012,8.2
2025-05-02,11:52:55.070,-60,-57,10,3670,6180,44,1,16,5985,23,751,136,1024,6,-2,345,515,-1,-1,-1,-1,0x1020480014442405,1542,1628,1500,1500,2012,1568,2012,1500,1500,1568,988,1500,1500,1500,1500,1500,1500,1500,1372,1628,1500,1543,1500,2012,1500,2012,2012,1500,1520,1505,1500,2012,8.2
2025-05-02,11:52:55.570,-61,-56,10,3662,5360,44,1,16,6978,23,752,559,837,6,-2,344,515,-1,-1,-1,-1,0x1020480014442405,1645,1628,1500,1500,2012,1779,2012,1500,1500,1780,988,1500,1500,1500,1500,1500,1500,1500,1372,1628,1500,1543,1500,2012,1500,2012,2012,1500,1520,1505,1500,2012,8.2
2025-05-02,11:52:56.070,-57,-53,10,3663,1710,44,1,16,6225,23,752,148,709,6,-2,345,516,-1,-1,-1,-1,0x1020480014442405,1550,1614,1500,1500,2012,1574,1985,1500,1500,1583,988,1500,1500,1500,1500,1500,1500,1500,1372,1628,1500,1543,1500,2012,1500,1987,1954,1500,1520,1505,1500,2012,8.2
2025-05-02,11:52:56.570,-59,-58,10,3665,5490,44,1,16,7105,23,753,466,986,6,-2,344,515,-1,-1,-1,-1,0x1020480014442405,1625,1628,1500,1500,2012,1733,2012,1500,1500,1740,988,1500,1500,1500,1500,1500,1500,1500,1372,1628,1500,1543,1500,2012,1500,2012,2012,1500,1520,1505,1500,2012,8.2
2025-05-02,11:52:57.070,-61,-60,10,3670,1240,42,1,16,6064,23,753,873,-2,6,-2,344,515,-1,-1,-1,-1,0x1020480014400005,1738,1499,1500,1500,2012,1936,1499,1499,1500,1936,988,1500,1500,1500,1500,1500,1500,1499,1069,2012,1500,1543,1500,988,1500,1499,1500,1500,1520,1505,1500,2012,8.2
2025-05-02,11:52:57.570,-61,-54,10,3679,1620,42,1,16,3728,23,753,1024,406,6,-2,344,515,-1,-1,-1,-1,0x1020480014440005,1812,1551,1500,1500,2012,2012,1778,1500,1500,2012,988,1500,1500,1500,1500,1500,1500,1500,1372,1628,1500,1543,1500,2012,1500,1833,1704,1500,1520,1505,1500,2012,8.2
2025-05-02,11:52:58.070,-61,-57,10,3680,3680,45,1,16,3562,23,753,1023,608,6,-2,344,515,-1,-1,-1,-1,0x1020480014440005,1803,1589,1500,1500,2012,2011,1916,1500,1500,2011,988,1500,1500,1500,1500,1500,1500,1500,1372,1628,1500,1543,1500,2012,1500,1943,1857,1500,1520,1505,1500,2012,8.2
2025-05-02,11:52:58.570,-71,-65,10,3677,10920,46,1,16,5055,23,754,0,833,6,-2,344,515,-1,-1,-1,-1,0x1020480010442005,1508,1628,1500,1500,2012,1500,2012,1500,1500,1500,988,1500,1500,1500,1500,1500,1500,1500,1372,1628,1500,1543,1500,2012,1500,2012,2012,1500,1520,1505,1500,2012,8.2
2025-05-02,11:52:59.070,-64,-66,10,3665,5510,45,1,16,6612,23,755,-118,988,7,-2,344,515,-1,-1,-1,-1,0x1020480014442405,1484,1628,1500,1500,2012,1441,2012,1500,1500,1436,988,1500,1500,1500,1500,1500,1500,1500,1372,1628,1500,1543,1500,2012,1500,2012,2012,1500,1520,1505,1500,2012,8.2
2025-05-02,11:52:59.570,-58,-66,10,3662,530,45,1,16,5851,23,755,-156,242,7,-2,345,515,-1,-1,-1,-1,0x1020480014440405,1478,1527,1500,1500,2012,1422,1666,1500,1500,1422,988,1500,1500,1500,1500,1500,1500,1500,1372,1628,1500,1543,1500,2012,1500,1707,1608,1500,1520,1505,1500,2012,8.2
2025-05-02,11:53:00.070,-55,-66,10,3683,1690,44,1,16,5694,23,755,-545,417,7,-2,344,515,-1,-1,-1,-1,0x1020480014440405,1381,1554,1500,1500,2012,1228,1785,1500,1500,1228,988,1500,1500,1500,1500,1500,1500,1500,1372,1628,1500,1543,1500,2012,1500,1844,1717,1500,1520,1505,1500,2012,8.2
2025-05-02,11:53:00.570,-45,-66,10,3683,5220,43,1,16,4255,23,755,-605,676,7,-2,345,515,-1,-1,-1,-1,0x1020480014442C05,1357,1608,1500,1500,2012,1198,1963,1500,1500,1193,988,1500,1500,1500,1500,1500,1500,1500,1372,1628,1500,1543,1500,2012,1500,1977,1930,1500,1520,1505,1500,2012,8.2
2025-05-02,11:53:01.070,-36,-66,10,3678,2490,43,1,16,4940,23,756,-597,575,6,-2,344,515,-1,-1,-1,-1,0x1020480014440405,1363,1581,1500,1500,2012,1202,1894,1500,1500,1202,988,1500,1500,1500,1500,1500,1500,1500,1372,1628,1500,1543,1500,2012,1500,1928,1824,1500,1520,1505,1500,2012,8.2
2025-05-02,11:53:01.570,-61,-56,10,3675,400,43,1,16,4276,23,756,-285,10,6,-2,344,515,-1,-1,-1,-1,0x1020480014440C05,1448,1501,1500,1500,2012,1358,1507,1500,1500,1348,988,1500,1500,1500,1500,1500,1500,1500,1080,2012,1500,1543,1500,2012,1500,1510,1505,1500,1520,1505,1500,2012,8.2
2025-05-02,11:53:02.070,-61,-56,10,3684,180,44,1,16,3060,23,757,2,7,7,-2,344,515,-1,-1,-1,-1,0x1020480010440405,1508,1501,1500,1500,2012,1501,1505,1500,1500,1501,988,1500,1500,1500,1500,1500,1500,1500,988,2012,1500,1543,1500,2012,1500,1508,1504,1500,1520,1505,1500,2012,8.2
2025-05-02,11:53:02.570,-61,-52,10,3685,270,43,1,16,1265,23,757,1,8,7,-2,344,515,-1,-1,-1,-1,0x1020480010440405,1508,1501,1500,1500,2012,1500,1505,1500,1500,1500,988,1500,1500,1500,1500,1500,1500,1500,1372,2012,1500,1543,1500,2012,1500,1508,1504,1500,1520,1505,1500,2012,8.2
2025-05-02,11:53:03.070,-61,-55,10,3687,190,42,1,16,837,23,757,-1,8,6,-2,344,515,-1,-1,-1,-1,0x1020480010440005,1507,1501,1500,1500,2012,1500,1505,1500,1500,1499,988,1500,1500,1500,1500,1500,1500,1500,1372,2012,1500,1543,1500,2012,1500,1508,1504,1500,1520,1505,1500,2012,8.2
2025-05-02,11:53:03.570,-62,-59,10,3687,170,42,1,16,462,23,757,-3,4,6,-2,344,515,-1,-1,-1,-1,0x1020480010440005,1507,1500,1500,1500,2012,1499,1502,1500,1500,1499,988,1500,1500,1500,1500,1500,1500,1500,1500,2012,1500,1543,1500,2012,1500,1504,1501,1500,1520,1505,1500,2012,8.2
2025-05-02,11:53:04.070,-63,-70,10,3688,170,42,1,16,205,23,757,-4,7,7,-2,344,515,-1,-1,-1,-1,0x1020480010440005,1507,1501,1500,1500,2012,1498,1505,1500,1500,1498,988,1500,1500,1500,1500,1500,1500,1500,1500,2012,1500,1543,1500,2012,1500,1507,1504,1500,1520,1505,1500,2012,8.2
2025-05-02,11:53:04.570,-71,-66,10,3688,170,42,1,16,0,23,757,-4,8,7,-2,344,515,-1,-1,-1,-1,0x1020480010440005,1507,1501,1500,1500,2012,1498,1505,1500,1500,1498,988,1500,1500,1500,1500,1500,1500,1500,1500,2012,1500,1543,1500,2012,1500,1508,1504,1500,1520,1505,1500,2012,8.2
2025-05-02,11:53:05.070,-66,-67,10,3689,250,42,1,16,0,23,757,-4,8,7,-2,344,515,-1,-1,-1,-1,0x1020480010440005,1507,1501,1500,1500,2012,1498,1505,1500,1500,1498,988,1500,1500,1500,1500,1500,1500,1500,1500,2012,1500,1543,1500,2012,1500,1508,1504,1500,1520,1505,1500,2012,8.2
2025-05-02,11:53:05.570,-69,-66,10,3689,160,42,1,16,0,23,757,-4,7,7,-2,344,515,-1,-1,-1,-1,0x1020480010440004,1507,1501,1500,1500,2012,1498,1505,1500,1500,1498,988,1500,1500,1500,1500,1500,1500,1500,1500,2012,1500,1543,1500,2012,1500,1507,1503,1500,1520,1505,1500,2012,8.2
2025-05-02,11:53:06.070,-69,-66,10,3689,160,42,1,16,0,23,757,-3,7,7,-2,345,515,-1,-1,-1,-1,0x1020480010440004,1507,1501,1500,1500,2012,1499,1505,1500,1500,1498,988,1500,1500,1500,1500,1500,1500,1500,1500,2012,1500,1543,1500,2012,1500,1506,1503,1500,1520,1505,1500,2012,8.2
2025-05-02,11:53:06.570,-68,-65,10,3689,170,42,1,16,0,23,757,-4,6,7,-2,344,515,-1,-1,-1,-1,0x1020480010440004,1507,1501,1500,1500,2012,1498,1504,1500,1500,1498,988,1500,1500,1500,1500,1500,1500,1500,1500,2012,1500,1543,1500,2012,1500,1506,1503,1500,1520,1505,1500,2012,8.2
2025-05-02,11:53:07.070,-68,-67,10,3690,170,42,1,16,0,23,757,-4,7,6,-2,344,515,-1,-1,-1,-1,0x1020480010440004,1507,1501,1500,1500,2012,1498,1505,1500,1500,1498,988,1500,1500,1500,1500,1500,1500,1500,1500,2012,1500,1543,1500,2012,1500,1507,1503,1500,1520,1505,1500,2012,8.2
2025-05-02,11:53:07.570,-84,-63,10,3690,170,42,1,16,0,23,757,-4,7,7,-2,344,515,-1,-1,-1,-1,0x1020480010440004,1507,1501,1500,1500,2012,1498,1505,1500,1500,1498,988,1500,1500,1500,1500,1500,1500,1500,1500,2012,1500,1543,1500,2012,1500,1507,1503,1500,1520,1505,1500,2012,8.2
2025-05-02,11:53:08.070,-84,-61,10,3690,170,42,1,16,0,23,757,-4,7,7,-2,344,515,-1,-1,-1,-1,0x1020480010440004,1507,1501,1500,1500,2012,1498,1505,1500,1500,1498,988,1500,1500,1500,1500,1500,1500,1500,1500,2012,1500,1543,1500,2012,1500,1507,1503,1500,1520,1505,1500,2012,8.2
2025-05-02,11:53:08.570,-84,-60,10,3690,170,42,1,16,0,23,757,-3,6,7,-2,345,515,-1,-1,-1,-1,0x1020480010440004,1507,1501,1500,1500,2012,1499,1504,1500,1500,1499,988,1500,1500,1500,1500,1500,1500,1500,1500,2012,1500,1543,1500,2012,1500,1506,1503,1500,1520,1505,1500,2012,8.2
2025-05-02,11:53:09.070,-84,-60,10,3691,160,42,1,16,0,23,757,-4,6,7,-2,344,515,-1,-1,-1,-1,0x1020480010440004,1507,1501,1500,1500,2012,1498,1504,1500,1500,1499,988,1500,1500,1500,1500,1500,1500,1500,1500,2012,1500,1543,1500,2012,1500,1506,1503,1500,1520,1505,1500,2012,8.2
2025-05-02,11:53:09.570,-68,-64,10,3691,170,42,1,16,0,23,757,-3,4,7,-2,344,515,-1,-1,-1,-1,0x1020480010440004,1507,1500,1500,1500,2012,1499,1502,1500,1500,1499,988,1500,1500,1500,1500,1500,1500,1500,1500,2012,1500,1543,1500,2012,1500,1504,1502,1500,1520,1505,1500,2012,8.2
2025-05-02,11:53:10.070,-68,-61,10,3691,180,42,1,16,0,23,757,-3,5,7,-2,344,515,-1,-1,-1,-1,0x1020480010440004,1507,1500,1500,1500,2012,1499,1503,1500,1500,1499,988,1500,1500,1500,1500,1500,1500,1500,1500,2012,1500,1543,1500,2012,1500,1505,1502,1500,1520,1505,1500,2012,8.2
2025-05-02,11:53:10.570,-68,-57,10,3691,260,42,1,16,0,23,757,-3,4,6,-2,344,515,-1,-1,-1,-1,0x1020480010440004,1507,1500,1500,1500,2012,1499,1502,1500,1500,1499,988,1500,1500,1500,1500,1500,1500,1500,1500,2012,1500,1543,1500,2012,1500,1504,1502,1500,1520,1505,1500,2012,8.2
2025-05-02,11:53:11.070,-67,-59,10,3691,170,42,1,16,0,23,757,-3,4,7,-2,344,515,-1,-1,-1,-1,0x1020480010440004,1507,1500,1500,1500,2012,1499,1502,1500,1500,1499,988,1500,1500,1500,1500,1500,1500,1500,1500,2012,1500,1543,1500,2012,1500,1504,1502,1500,1520,1505,1500,2012,8.2
2025-05-02,11:53:11.570,-67,-63,10,3692,170,42,1,16,0,23,757,-3,5,7,-2,344,515,-1,-1,-1,-1,0x1020480010440004,1507,1500,1500,1500,2012,1499,1503,1500,1500,1499,988,1500,1500,1500,1500,1500,1500,1500,1500,2012,1500,1543,1500,2012,1500,1505,1502,1500,1520,1505,1500,2012,8.2
2025-05-02,11:53:12.070,-67,-59,10,3692,170,42,1,16,0,23,757,-3,5,7,-2,344,515,-1,-1,-1,-1,0x1020480010440004,1507,1500,1500,1500,2012,1499,1503,1500,1500,1499,988,1500,1500,1500,1500,1500,1500,1500,1500,2012,1500,1543,1500,2012,1500,1505,1502,1500,1520,1505,1500,2012,8.2
2025-05-02,11:53:12.570,-64,-57,10,3692,170,42,1,16,0,23,757,-3,6,6,-2,344,515,-1,-1,-1,-1,0x1020480010440004,1507,1501,1500,1500,2012,1499,1504,1500,1500,1499,988,1500,1500,1500,1500,1500,1500,1500,1500,2012,1500,1543,1500,2012,1500,1506,1503,1500,1520,1505,1500,2012,8.2
2025-05-02,11:53:13.070,-64,-56,10,3692,160,42,1,16,0,23,757,-3,5,6,-2,345,515,-1,-1,-1,-1,0x1020480010440004,1507,1500,1500,1500,2012,1499,1503,1500,1500,1499,988,1500,1500,1500,1500,1500,1500,1500,1500,2012,1500,1543,1500,2012,1500,1505,1502,1500,1520,1505,1500,2012,8.2
2025-05-02,11:53:13.570,-64,-58,10,3692,170,42,1,16,0,23,757,-4,5,7,-2,344,515,-1,-1,-1,-1,0x1020480010440004,1507,1500,1500,1500,2012,1498,1503,1500,1500,1498,988,1500,1500,1500,1500,1500,1500,1500,1500,2012,1500,1543,1500,2012,1500,1504,1502,1500,1520,1505,1500,2012,8.2
2025-05-02,11:53:14.070,-68,-66,10,3693,170,42,1,16,0,23,757,-3,5,7,-2,344,515,-1,-1,-1,-1,0x1020480010440004,1507,1500,1500,1500,2012,1499,1503,1500,1500,1499,988,1500,1500,1500,1500,1500,1500,1500,1500,2012,1500,1543,1500,2012,1500,1505,1502,1500,1520,1505,1500,2012,8.2
2025-05-02,11:53:14.570,-86,-74,10,3693,160,42,1,16,0,23,757,-2,6,7,-2,344,515,-1,-1,-1,-1,0x1020480010440004,1507,1501,1500,1500,2012,1499,1504,1500,1500,1499,988,1500,1500,1500,1500,1500,1500,1500,1500,2012,1500,1543,1500,2012,1500,1506,1503,1500,1520,1505,1500,2012,8.2
2025-05-02,11:53:15.070,-64,-73,10,3693,160,42,1,16,0,23,757,-2,6,7,-2,344,515,-1,-1,-1,-1,0x1020480010440004,1507,1501,1500,1500,2012,1499,1504,1500,1500,1499,988,1500,1500,1500,1500,1500,1500,1500,1500,2012,1500,1543,1500,2012,1500,1506,1503,1500,1520,1505,1500,2012,8.2
2025-05-02,11:53:15.570,-62,-73,10,3693,150,42,1,16,0,23,757,-2,7,7,-2,344,515,-1,-1,-1,-1,0x1020480010440004,1507,1501,1500,1500,2012,1499,1505,1500,1500,1499,988,1500,1500,1500,1500,1500,1500,1500,1500,2012,1500,1543,1500,2012,1500,1507,1503,1500,1520,1505,1500,2012,8.2
2025-05-02,11:53:16.070,-67,-72,10,3693,230,42,1,16,0,23,757,-3,7,7,-2,344,515,-1,-1,-1,-1,0x1020480010440004,1507,1501,1500,1500,2012,1499,1505,1500,1500,1499,988,1500,1500,1500,1500,1500,1500,1500,1500,2012,1500,1543,1500,2012,1500,1507,1503,1500,1520,1505,1500,2012,8.2
2025-05-02,11:53:16.570,-76,-69,10,3693,170,42,1,16,0,23,757,-3,7,7,-2,344,515,-1,-1,-1,-1,0x1020480010440004,1507,1501,1500,1500,2012,1499,1505,1500,1500,1499,988,1500,1500,1500,1500,1500,1500,1500,1500,2012,1500,1543,1500,2012,1500,1507,1503,1500,1520,1505,1500,2012,8.2
2025-05-02,11:53:17.070,-80,-72,10,3693,160,42,1,16,0,23,757,-3,12,7,-2,344,515,-1,-1,-1,-1,0x1020480010440004,1507,1501,1500,1500,2012,1499,1508,1500,1500,1499,988,1500,1500,1500,1500,1500,1500,1500,1500,2012,1500,1543,1500,2012,1500,1512,1506,1500,1520,1505,1500,2012,8.2
2025-05-02,11:53:17.570,-72,-69,10,3693,170,42,1,16,0,23,757,-3,4,7,-2,344,515,-1,-1,-1,-1,0x1020480010440004,1507,1500,1500,1500,2012,1499,1502,1500,1500,1499,988,1500,1500,1500,1500,1500,1500,1500,1500,2012,1500,1543,1500,2012,1500,1504,1502,1500,1520,1505,1500,2012,8.2
2025-05-02,11:53:18.070,-72,-59,10,3694,170,42,1,16,0,23,757,-2,13,7,-2,345,515,-1,-1,-1,-1,0x1020480010440004,1507,1502,1500,1500,2012,1499,1509,1500,1500,1499,988,1500,1500,1500,1500,1500,1500,1500,1500,2012,1500,1543,1500,2012,1500,1513,1507,1500,1520,1505,1500,2012,8.2
2025-05-02,11:53:18.570,-72,-62,10,3694,610,42,1,16,0,23,757,1023,9,6,-2,344,515,-1,-1,-1,-1,0x1020480014440004,1803,1501,1500,1500,2012,2011,1506,1500,1500,2011,988,1500,1500,1500,1500,1500,1500,1500,1500,2012,1500,1543,1500,2012,1500,1509,1505,1500,1520,1505,1500,2012,8.2
2025-05-02,11:53:19.070,-64,-59,10,3693,590,42,1,16,0,23,757,363,8,7,-2,344,515,-1,-1,-1,-1,0x1020480014440004,1601,1501,1500,1500,2012,1681,1505,1500,1500,1688,988,1500,1500,1500,1500,1500,1500,1500,1500,2012,1500,1543,1500,2012,1500,1509,1504,1500,1520,1505,1500,2012,8.2
2025-05-02,11:53:19.570,-64,-64,10,3693,610,42,1,16,0,23,757,675,121,7,-2,344,515,-1,-1,-1,-1,0x1020480014440004,1673,1512,1500,1500,2012,1837,1583,1500,1500,1829,988,1500,1500,1500,1500,1500,1500,1500,1372,1628,1500,1543,1500,2012,1500,1607,1549,1500,1520,1505,1500,2012,8.2
2025-05-02,11:53:20.070,-64,-65,10,3693,6640,42,1,16,3539,23,758,1023,678,7,-2,344,515,-1,-1,-1,-1,0x1020480014442005,1803,1608,1500,1500,2012,2011,1964,1500,1500,2011,988,1500,1500,1500,1500,1500,1500,1500,1372,1628,1500,1543,1500,2012,1500,1978,1934,1500,1520,1505,1500,2012,8.2
2025-05-02,11:53:20.570,-52,-65,10,3664,7410,43,1,16,5540,23,759,918,746,7,-2,344,515,-1,-1,-1,-1,0x1020480014442405,1746,1628,1500,1500,2012,1959,2011,1500,1500,1947,988,1500,1500,1500,1500,1500,1500,1500,1372,1628,1500,1543,1500,2012,1500,2012,2012,1500,1520,1505,1500,2012,8.2
2025-05-02,11:53:21.070,-51,-65,10,3662,3340,44,1,16,4540,23,760,1008,679,7,-2,344,515,-1,-1,-1,-1,0x1020480014442405,1805,1608,1500,1500,2012,2004,1965,1500,1500,2004,988,1500,1500,1500,1500,1500,1500,1500,1372,1628,1500,1543,1500,2012,1500,1978,1934,1500,1520,1505,1500,2012,8.2
2025-05-02,11:53:21.570,-54,-65,10,3670,3340,44,1,16,4361,23,760,1024,660,7,-2,344,515,-1,-1,-1,-1,0x1020480014442405,1812,1604,1500,1500,2012,2012,1952,1500,1500,2012,988,1500,1500,1500,1500,1500,1500,1500,1372,1628,1500,1543,1500,2012,1500,1970,1916,1500,1520,1505,1500,2012,8.2
2025-05-02,11:53:22.070,-59,-60,10,3673,5960,44,1,16,4613,23,761,-11,688,6,-2,344,515,-1,-1,-1,-1,0x1020480010442405,1506,1611,1500,1500,2012,1495,1971,1500,1500,1495,988,1500,1500,1500,1500,1500,1500,1500,1372,1628,1500,1543,1500,2012,1500,1983,1945,1500,1520,1505,1500,2012,8.2
2025-05-02,11:53:22.570,-56,-60,10,3668,5570,44,1,16,6490,23,762,532,1024,6,-2,344,515,-1,-1,-1,-1,0x1020480014442405,1633,1628,1500,1500,2012,1766,2012,1500,1500,1755,988,1500,1500,1500,1500,1500,1500,1500,1372,1628,1500,1543,1500,2012,1500,2012,2012,1500,1520,1505,1500,2012,8.2
2025-05-02,11:53:23.070,-59,-64,10,3665,5540,44,1,16,7436,23,762,536,1024,6,-2,344,515,-1,-1,-1,-1,0x1020480014442405,1642,1628,1500,1500,2012,1768,2012,1500,1500,1773,988,1500,1500,1500,1500,1500,1500,1500,1372,1628,1500,1543,1500,2012,1500,2012,2012,1500,1520,1505,1500,2012,8.2
2025-05-02,11:53:23.570,-61,-57,10,3665,920,44,1,16,7005,23,763,192,661,6,-2,344,515,-1,-1,-1,-1,0x1020480014442405,1550,1604,1500,1500,2012,1596,1953,1500,1500,1583,988,1500,1500,1500,1500,1500,1500,1500,1372,1628,1500,1543,1500,2012,1500,1965,1904,1500,1520,1505,1500,2012,8.2
2025-05-02,11:53:24.070,-58,-62,10,3668,220,45,1,16,5453,23,763,166,-179,6,-2,344,515,-1,-1,-1,-1,0x10204800164C0405,1540,1422,1500,1499,2012,1583,1411,1421,1500,1564,988,1500,1500,1500,1500,1500,1500,1421,1039,2012,1500,1543,1500,2012,1500,1413,1500,1500,1520,1505,1500,2012,8.2
2025-05-02,11:53:24.570,-58,-62,10,3683,840,44,1,16,3311,23,763,1024,455,6,-2,344,515,-1,-1,-1,-1,0x1020480014440005,1812,1558,1500,1500,2012,2012,1811,1500,1500,2012,988,1500,1500,1500,1500,1500,1500,1500,1372,1628,1500,1543,1500,2012,1500,1862,1732,1500,1520,1505,1500,2012,8.2
2025-05-02,11:53:25.070,-57,-62,10,3684,2780,45,1,16,2513,23,763,1024,428,6,-2,344,515,-1,-1,-1,-1,0x1020480014440005,1812,1554,1500,1500,2012,2012,1793,1500,1500,2012,988,1500,1500,1500,1500,1500,1500,1500,1372,1628,1500,1543,1500,2012,1500,1847,1715,1500,1520,1505,1500,2012,8.2
2025-05-02,11:53:25.570,-62,-64,10,3683,11680,46,1,16,3819,23,764,-2,790,7,-2,344,515,-1,-1,-1,-1,0x1020480010442005,1507,1628,1500,1500,2012,1499,2012,1500,1500,1499,988,1500,1500,1500,1500,1500,1500,1500,1372,1628,1500,1543,1500,2012,1500,2012,2012,1500,1520,1505,1500,2012,8.2
2025-05-02,11:53:26.070,-65,-65,10,3678,5590,45,1,16,6340,23,765,0,1024,6,-2,344,515,-1,-1,-1,-1,0x1020480010442005,1508,1628,1500,1500,2012,1500,2012,1500,1500,1500,988,1500,1500,1500,1500,1500,1500,1500,1372,1628,1500,1543,1500,2012,1500,2012,2012,1500,1520,1505,1500,2012,8.2
2025-05-02,11:53:26.570,-63,-65,10,3664,570,44,1,16,6477,23,765,-257,170,7,-2,344,515,-1,-1,-1,-1,0x1020480014440405,1458,1517,1500,1500,2012,1372,1616,1500,1500,1372,988,1500,1500,1500,1500,1500,1500,1500,1372,1628,1500,1543,1500,2012,1500,1788,1569,1500,1520,1505,1500,2012,8.2
2025-05-02,11:53:27.070,-57,-65,10,3665,540,44,1,16,5373,23,766,-509,524,7,-2,344,515,-1,-1,-1,-1,0x1020480014440C05,1392,1562,1500,1500,2012,1246,1859,1500,1500,1246,988,1500,1500,1500,1500,1500,1500,1500,1372,1628,1500,1543,1500,2012,1500,1884,1747,1500,1520,1505,1500,2012,8.2
2025-05-02,11:53:27.570,-51,-65,10,3680,8460,43,1,16,5197,23,766,-281,641,7,-2,344,515,-1,-1,-1,-1,0x1020480014442C05,1447,1599,1500,1500,2012,1360,1939,1500,1500,1344,988,1500,1500,1500,1500,1500,1500,1500,1372,1628,1500,1543,1500,2012,1500,1960,1905,1500,1520,1505,1500,2012,8.2
2025-05-02,11:53:28.070,-40,-65,10,3673,6020,43,1,16,5028,23,767,-544,779,6,-2,344,515,-1,-1,-1,-1,0x1020480014442405,1381,1628,1500,1500,2012,1228,2012,1500,1500,1228,988,1500,1500,1500,1500,1500,1500,1500,1372,1628,1500,1543,1500,2012,1500,2012,2012,1500,1520,1505,1500,2012,8.2
2025-05-02,11:53:28.570,-51,-65,10,3668,800,43,1,16,5429,24,767,-543,195,7,-2,344,515,-1,-1,-1,-1,0x1020480014440405,1385,1525,1500,1500,2012,1229,1633,1500,1500,1234,988,1500,1500,1500,1500,1500,1500,1500,1372,1628,1500,1543,1500,2012,1500,1756,1600,1500,1520,1505,1500,2012,8.2
2025-05-02,11:53:29.070,-61,-55,10,3672,8960,43,1,16,5174,24,767,436,876,6,-2,345,515,-1,-1,-1,-1,0x1020480014442405,1608,1628,1500,1500,2012,1718,2012,1500,1500,1703,988,1500,1500,1500,1500,1500,1500,1500,1372,1628,1500,1543,1500,2012,1500,2012,2012,1500,1520,1505,1500,2012,8.2
2025-05-02,11:53:29.570,-57,-50,10,3678,920,43,1,16,4650,24,768,847,295,7,-2,344,515,-1,-1,-1,-1,0x1020480014440405,1730,1531,1500,1500,2012,1923,1702,1500,1500,1923,988,1500,1500,1500,1500,1500,1500,1500,1372,1628,1500,1543,1500,2012,1500,1744,1624,1500,1520,1505,1500,2012,8.2
2025-05-02,11:53:30.070,-57,-53,10,3678,1880,43,1,16,3802,24,768,1023,585,6,-2,344,515,-1,-1,-1,-1,0x1020480014440405,1803,1583,1500,1500,2012,2011,1900,1500,1500,2011,988,1500,1500,1500,1500,1500,1500,1500,1372,1628,1500,1543,1500,2012,1500,1932,1833,1500,1520,1505,1500,2012,8.2
2025-05-02,11:53:30.570,-55,-54,10,3679,2190,43,1,16,2782,24,768,1024,605,6,-2,344,515,-1,-1,-1,-1,0x1020480014440005,1812,1588,1500,1500,2012,2012,1914,1500,1500,2012,988,1500,1500,1500,1500,1500,1500,1500,1372,1628,1500,1543,1500,2012,1500,1942,1854,1500,1520,1505,1500,2012,8.2
2025-05-02,11:53:31.070,-58,-59,10,3676,3570,44,1,16,3629,24,769,353,653,6,-2,344,515,-1,-1,-1,-1,0x1020480014442005,1593,1602,1500,1500,2012,1676,1947,1500,1500,1670,988,1500,1500,1500,1500,1500,1500,1500,1372,1628,1500,1543,1500,2012,1500,1966,1907,1500,1520,1505,1500,2012,8.2
2025-05-02,11:53:31.570,-60,-60,10,3670,4150,44,1,16,5335,24,770,333,675,6,-2,344,515,-1,-1,-1,-1,0x1020480014442405,1592,1608,1500,1500,2012,1666,1962,1500,1500,1667,988,1500,1500,1500,1500,1500,1500,1500,1372,1628,1500,1543,1500,2012,1500,1977,1931,1500,1520,1505,1500,2012,8.2
2025-05-02,11:53:32.070,-52,-60,10,3667,3980,44,1,16,5843,24,770,126,738,7,-2,344,515,-1,-1,-1,-1,0x1020480014442405,1539,1625,1500,1500,2012,1563,2005,1500,1500,1562,988,1500,1500,1500,1500,1500,1500,1500,1372,1628,1500,1543,1500,2012,1500,2007,1999,1500,1520,1505,1500,2012,8.2
2025-05-02,11:53:32.570,-57,-49,10,3666,5190,44,1,16,7147,24,771,303,424,7,-2,344,515,-1,-1,-1,-1,0x1020480014440405,1585,1566,1500,1500,2012,1651,1790,1500,1500,1652,988,1500,1500,1500,1500,1500,1500,1500,1372,1628,1500,1543,1500,2012,1500,2012,1764,1500,1520,1505,1500,2012,8.2
2025-05-02,11:53:33.070,-58,-54,10,3666,3000,43,1,16,6324,24,771,203,315,7,-2,344,515,-1,-1,-1,-1,0x1020480014440405,1559,1546,1500,1500,2012,1601,1716,1500,1500,1601,988,1500,1500,1500,1500,1500,1500,1500,1372,1628,1500,1543,1500,2012,1500,1888,1684,1500,1520,1505,1500,2012,8.2
2025-05-02,11:53:33.570,-59,-58,10,3678,1180,43,1,16,5488,24,771,831,12,7,-2,344,515,-1,-1,-1,-1,0x1020480014440405,1721,1501,1500,1500,2012,1915,1508,1500,1500,1909,988,1500,1500,1500,1500,1500,1500,1500,1219,1781,1500,1543,1500,2012,1500,1729,1506,1500,1520,1505,1500,2012,8.2
2025-05-02,11:53:34.070,-58,-58,10,3680,1180,44,1,16,3563,24,771,1024,358,6,-2,344,515,-1,-1,-1,-1,0x1020480014440405,1812,1543,1500,1500,2012,2012,1745,1500,1500,2012,988,1500,1500,1500,1500,1500,1500,1500,1372,1628,1500,1543,1500,2012,1500,1793,1672,1500,1520,1505,1500,2012,8.2
2025-05-02,11:53:34.570,-60,-58,10,3679,2330,46,1,16,2852,24,771,937,554,6,-2,344,515,-1,-1,-1,-1,0x1020480014440405,1766,1575,1500,1500,2012,1968,1879,1500,1500,1969,988,1500,1500,1500,1500,1500,1500,1500,1372,1628,1500,1543,1500,2012,1500,1916,1799,1500,1520,1505,1500,2012,8.2
2025-05-02,11:53:35.070,-66,-72,10,3678,8780,45,1,16,5266,24,772,620,685,6,-2,344,515,-1,-1,-1,-1,0x1020480014442405,1663,1610,1500,1500,2012,1810,1969,1500,1500,1810,988,1500,1500,1500,1500,1500,1500,1500,1372,1628,1500,1543,1500,2012,1500,1982,1942,1500,1520,1505,1500,2012,8.2
2025-05-02,11:53:35.570,-64,-72,10,3666,440,45,1,16,5505,24,773,-245,386,6,-2,344,515,-1,-1,-1,-1,0x1020480014440005,1460,1544,1500,1500,2012,1378,1764,1500,1500,1377,988,1500,1500,1500,1500,1500,1500,1500,1372,1628,1500,1543,1500,2012,1500,1798,1676,1500,1520,1505,1500,2012,8.2
2025-05-02,11:53:36.070,-62,-72,10,3664,370,44,1,16,6001,24,773,30,356,6,-2,344,515,-1,-1,-1,-1,0x1020480010440005,1515,1542,1500,1500,2012,1515,1744,1500,1500,1514,988,1500,1500,1500,1500,1500,1500,1500,1372,1628,1500,1543,1500,2012,1500,1790,1670,1500,1520,1505,1500,2012,8.2
2025-05-02,11:53:36.570,-55,-72,10,3678,1020,44,1,16,5637,24,773,-513,507,7,-2,344,515,-1,-1,-1,-1,0x1020480014440005,1391,1567,1500,1500,2012,1244,1847,1500,1500,1244,988,1500,1500,1500,1500,1500,1500,1500,1372,1628,1500,1543,1500,2012,1500,1892,1767,1500,1520,1505,1500,2012,8.2
2025-05-02,11:53:37.070,-54,-47,10,3680,1910,42,1,16,3471,24,773,-754,579,6,-2,344,515,-1,-1,-1,-1,0x1020480014440805,1300,1581,1500,1500,2012,1123,1896,1500,1500,1123,988,1500,1500,1500,1500,1500,1500,1500,1372,1628,1500,1543,1500,2012,1500,1928,1826,1500,1520,1505,1500,2012,8.2
2025-05-02,11:53:37.570,-54,-45,10,3678,9350,42,1,16,5064,24,774,-541,726,6,-2,344,515,-1,-1,-1,-1,0x1020480014442805,1382,1622,1500,1500,2012,1230,1997,1500,1500,1230,988,1500,1500,1500,1500,1500,1500,1500,1372,1628,1500,1543,1500,2012,1500,2001,1987,1500,1520,1505,1500,2012,8.2
2025-05-02,11:53:38.070,-50,-49,10,3668,400,43,1,16,4722,24,775,-1,531,6,-2,344,515,-1,-1,-1,-1,0x1020480010440405,1508,1570,1500,1500,2012,1500,1863,1500,1500,1500,988,1500,1500,1500,1500,1500,1500,1500,1372,1628,1500,1543,1500,2012,1500,1904,1780,1500,1520,1505,1500,2012,8.2
2025-05-02,11:53:38.570,-62,-59,10,3672,1260,43,1,16,4618,24,775,528,371,7,-2,345,515,-1,-1,-1,-1,0x1020480014440405,1634,1547,1500,1500,2012,1764,1754,1500,1500,1757,988,1500,1500,1500,1500,1500,1500,1500,1372,1628,1500,1543,1500,2012,1500,1812,1687,1500,1520,1505,1500,2012,8.2
2025-05-02,11:53:39.070,-62,-50,10,3679,1830,43,1,16,4382,24,775,467,576,6,-2,344,515,-1,-1,-1,-1,0x1020480014440405,1622,1580,1500,1500,2012,1733,1894,1500,1500,1733,988,1500,1500,1500,1500,1500,1500,1500,1372,1628,1500,1543,1500,2012,1500,1927,1822,1500,1520,1505,1500,2012,8.2
2025-05-02,11:53:39.570,-62,-49,10,3678,1690,43,1,16,3817,24,775,852,586,6,-2,344,515,-1,-1,-1,-1,0x1020480014440405,1739,1580,1500,1500,2012,1926,1901,1500,1500,1938,988,1500,1500,1500,1500,1500,1500,1500,1372,1628,1500,1543,1500,2012,1500,1927,1822,1500,1520,1505,1500,2012,8.2
2025-05-02,11:53:40.070,-54,-54,10,3677,2050,43,1,16,3846,24,776,1010,548,6,-2,344,515,-1,-1,-1,-1,0x1020480014440405,1806,1574,1500,1500,2012,2005,1875,1500,1500,2004,988,1500,1500,1500,1500,1500,1500,1500,1372,1628,1500,1543,1500,2012,1500,1913,1795,1500,1520,1505,1500,2012,8.2
2025-05-02,11:53:40.570,-53,-71,10,3676,5400,43,1,16,3365,24,776,426,616,6,-2,344,515,-1,-1,-1,-1,0x1020480014442405,1610,1592,1500,1500,2012,1713,1922,1500,1500,1708,988,1500,1500,1500,1500,1500,1500,1500,1372,1628,1500,1543,1500,2012,1500,1947,1866,1500,1520,1505,1500,2012,8.2
2025-05-02,11:53:41.070,-57,-58,10,3673,5860,44,1,16,4406,24,776,477,715,6,-2,344,515,-1,-1,-1,-1,0x1020480014442405,1627,1619,1500,1500,2012,1738,1989,1500,1500,1744,988,1500,1500,1500,1500,1500,1500,1500,1372,1628,1500,1543,1500,2012,1500,1996,1973,1500,1520,1505,1500,2012,8.2
2025-05-02,11:53:41.570,-64,-55,10,3665,4550,44,1,16,5981,24,777,-41,776,6,-2,344,515,-1,-1,-1,-1,0x1020480010442405,1500,1628,1500,1500,2012,1480,2012,1500,1500,1480,988,1500,1500,1500,1500,1500,1500,1500,1372,1628,1500,1543,1500,2012,1500,2012,2012,1500,1520,1505,1500,2012,8.2
2025-05-02,11:53:42.070,-59,-57,10,3661,5760,43,1,16,7192,24,778,518,357,6,-2,344,515,-1,-1,-1,-1,0x1020480014440005,1631,1551,1500,1500,2012,1759,1744,1500,1500,1753,988,1500,1500,1500,1500,1500,1500,1500,1372,1628,1500,1543,1500,2012,1500,2012,1705,1500,1520,1505,1500,2012,8.2
2025-05-02,11:53:42.570,-59,-54,10,3661,5990,43,1,16,7104,24,778,678,588,6,-2,345,516,-1,-1,-1,-1,0x1020480014440005,1675,1584,1500,1500,2012,1839,1903,1500,1500,1832,988,1500,1500,1500,1500,1500,1500,1500,1372,1628,1500,1543,1500,2012,1500,1934,1837,1500,1520,1505,1500,2012,8.2
2025-05-02,11:53:43.070,-59,-55,10,3663,910,43,1,16,6935,24,779,295,157,7,-2,344,515,-1,-1,-1,-1,0x1020480014440405,1579,1522,1500,1500,2012,1647,1607,1500,1500,1639,988,1500,1500,1500,1500,1500,1500,1500,1372,1628,1500,1543,1500,2012,1500,1854,1589,1500,1520,1505,1500,2012,8.2
2025-05-02,11:53:43.570,-59,-53,10,3669,660,43,1,16,3205,24,779,1022,152,6,-2,345,515,-1,-1,-1,-1,0x1020480014440405,1807,1518,1500,1500,2012,2011,1604,1500,1500,2011,988,1500,1500,1500,1500,1500,1500,1500,1372,1628,1500,1543,1500,2012,1500,1649,1573,1500,1520,1505,1500,2012,8.2
2025-05-02,11:53:44.070,-56,-55,10,3677,950,44,1,16,2471,24,779,676,620,7,-2,344,515,-1,-1,-1,-1,0x1020480014440405,1681,1589,1500,1500,2012,1838,1924,1500,1500,1843,988,1500,1500,1500,1500,1500,1500,1500,1372,1628,1500,1543,1500,2012,1500,1944,1857,1500,1520,1505,1500,2012,8.2
2025-05-02,11:53:44.570,-57,-61,10,3678,820,44,1,16,2972,24,779,795,330,6,-2,344,515,-1,-1,-1,-1,0x1020480014440405,1718,1541,1500,1500,2012,1897,1726,1500,1500,1904,988,1500,1500,1500,1500,1500,1500,1500,1372,1628,1500,1543,1500,2012,1500,1785,1666,1500,1520,1505,1500,2012,8.2
2025-05-02,11:53:45.070,-56,-61,10,3678,290,44,1,16,545,24,780,516,144,7,-2,344,515,-1,-1,-1,-1,0x1020480014440405,1640,1518,1500,1500,2012,1758,1598,1500,1500,1768,988,1500,1500,1500,1500,1500,1500,1500,1372,1628,1500,1543,1500,2012,1500,1643,1571,1500,1520,1505,1500,2012,8.2
2025-05-02,11:53:45.570,-55,-61,10,3682,230,44,1,16,0,24,780,0,17,6,-2,344,515,-1,-1,-1,-1,0x1020480010440405,1508,1503,1500,1500,2012,1500,1511,1500,1500,1500,988,1500,1500,1500,1500,1500,1500,1500,1018,2012,1500,1543,1500,2012,1500,1520,1511,1500,1520,1505,1500,2012,8.2
2025-05-02,11:53:46.070,-54,-57,10,3683,180,43,1,16,0,24,780,18,9,6,-2,344,515,-1,-1,-1,-1,0x1020480010440405,1512,1501,1500,1500,2012,1509,1506,1500,1500,1509,988,1500,1500,1500,1500,1500,1500,1500,1372,2012,1500,1543,1500,2012,1500,1509,1505,1500,1520,1505,1500,2012,8.2
2025-05-02,11:53:46.570,-55,-57,10,3684,160,42,1,16,0,24,780,22,9,6,-2,344,515,-1,-1,-1,-1,0x1020480010440405,1513,1501,1500,1500,2012,1511,1506,1500,1500,1511,988,1500,1500,1500,1500,1500,1500,1500,1372,2012,1500,1543,1500,2012,1500,1509,1505,1500,1520,1505,1500,2012,8.2
2025-05-02,11:53:47.070,-54,-57,10,3684,240,42,1,16,0,24,780,83,291,7,-2,344,515,-1,-1,-1,-1,0x1020480014440005,1529,1536,1500,1500,2012,1541,1699,1500,1500,1541,988,1500,1500,1500,1500,1500,1500,1500,1372,1628,1500,1543,1500,2012,1500,1758,1646,1500,1520,1505,1500,2012,8.2
2025-05-02,11:53:47.570,-55,-57,10,3684,6520,42,1,16,1803,24,780,669,591,6,-2,344,515,-1,-1,-1,-1,0x1020480014440005,1676,1582,1500,1500,2012,1834,1905,1500,1500,1834,988,1500,1500,1500,1500,1500,1500,1500,1372,1628,1500,1543,1500,2012,1500,1935,1828,1500,1520,1505,1500,2012,8.2
2025-05-02,11:53:48.070,-59,-58,10,3677,3320,42,1,16,3396,24,780,662,644,6,-2,344,515,-1,-1,-1,-1,0x1020480014442005,1674,1599,1500,1500,2012,1831,1941,1500,1500,1831,988,1500,1500,1500,1500,1500,1500,1500,1372,1628,1500,1543,1500,2012,1500,1961,1895,1500,1520,1505,1500,2012,8.2
2025-05-02,11:53:48.570,-65,-64,10,3665,5990,43,1,16,6137,24,781,358,1024,6,-2,344,515,-1,-1,-1,-1,0x1020480014442405,1597,1628,1500,1500,2012,1679,2012,1500,1500,1679,988,1500,1500,1500,1500,1500,1500,1500,1372,1628,1500,1543,1500,2012,1500,2012,2012,1500,1520,1505,1500,2012,8.2
2025-05-02,11:53:49.070,-65,-61,10,3659,410,43,1,16,6572,24,782,9,403,6,-2,344,515,-1,-1,-1,-1,0x1020480010440405,1510,1552,1500,1500,2012,1504,1776,1500,1500,1504,988,1500,1500,1500,1500,1500,1500,1500,1372,1628,1500,1543,1500,2012,1500,1838,1708,1500,1520,1505,1500,2012,8.2
2025-05-02,11:53:49.560,-65,-58,10,3665,0,43,1,16,4966,24,782,8,-3,7,-2,344,515,-1,-1,-1,-1,0x1020480010400405,1510,1499,1500,1500,2012,1504,1499,1499,1500,1504,988,1500,1500,1500,1500,1500,1500,1499,1254,2012,1500,1543,1500,988,1500,1498,1500,1500,1520,1505,1500,2012,8.2
2025-05-02,11:53:50.030,-55,-54,10,3683,180,43,1,16,1711,24,782,9,8,7,-2,344,515,-1,-1,-1,-1,0x1020480010440405,1510,1501,1500,1500,2012,1504,1505,1500,1500,1505,988,1500,1500,1500,1500,1500,1500,1500,1372,2012,1500,1543,1500,2012,1500,1508,1504,1500,1520,1505,1500,2012,8.2
2025-05-02,11:53:50.530,-58,-45,10,3684,160,42,1,16,470,24,782,10,10,7,-2,344,515,-1,-1,-1,-1,0x1020480010440405,1510,1501,1500,1500,2012,1505,1507,1500,1500,1504,988,1500,1500,1500,1500,1500,1500,1500,1372,2012,1500,1543,1500,2012,1500,1510,1505,1500,1520,1505,1500,2012,8.2
2025-05-02,11:53:51.010,-58,-44,10,3684,170,42,1,16,353,24,782,9,10,6,-2,344,515,-1,-1,-1,-1,0x1020480010440405,1510,1501,1500,1500,2012,1504,1507,1500,1500,1504,988,1500,1500,1500,1500,1500,1500,1500,1500,2012,1500,1543,1500,2012,1500,1510,1505,1500,1520,1505,1500,2012,8.2
2025-05-02,11:53:51.510,-58,-45,10,3684,170,42,1,16,553,24,782,7,10,7,-2,344,515,-1,-1,-1,-1,0x1020480010440405,1510,1501,1500,1500,2012,1503,1507,1500,1500,1503,988,1500,1500,1500,1500,1500,1500,1500,1500,2012,1500,1543,1500,2012,1500,1510,1505,1500,1520,1505,1500,2012,8.2
2025-05-02,11:53:52.010,-57,-48,10,3685,190,42,1,16,997,24,782,6,8,6,-2,344,515,-1,-1,-1,-1,0x1020480010440405,1509,1501,1500,1500,2012,1503,1505,1500,1500,1503,988,1500,1500,1500,1500,1500,1500,1500,1500,2012,1500,1543,1500,2012,1500,1508,1504,1500,1520,1505,1500,2012,8.2
2025-05-02,11:53:52.510,-57,-46,10,3685,160,42,1,16,921,24,782,7,8,6,-2,344,515,-1,-1,-1,-1,0x1020480010440005,1510,1501,1500,1500,2012,1503,1505,1500,1500,1503,988,1500,1500,1500,1500,1500,1500,1500,1500,2012,1500,1543,1500,2012,1500,1508,1504,1500,1520,1505,1500,2012,8.2
2025-05-02,11:53:53.010,-57,-50,10,3685,6060,42,1,16,2934,24,783,-271,586,6,-2,344,515,-1,-1,-1,-1,0x1020480014440005,1458,1580,1500,1500,2012,1365,1901,1500,1500,1370,988,1500,1500,1500,1500,1500,1500,1500,1372,1628,1500,1543,1500,2012,1500,1933,1822,1500,1520,1505,1500,2012,8.2
2025-05-02,11:53:53.510,-50,-56,10,3668,6620,42,1,16,3846,24,783,-306,669,7,-2,344,515,-1,-1,-1,-1,0x1020480014442C05,1451,1606,1500,1500,2012,1347,1958,1500,1500,1354,988,1500,1500,1500,1500,1500,1500,1500,1372,1628,1500,1543,1500,2012,1500,1973,1924,1500,1520,1505,1500,2012,8.2
2025-05-02,11:53:54.010,-38,-56,10,3657,4050,42,1,16,4594,24,784,-814,691,6,-2,344,515,-1,-1,-1,-1,0x1020480014442405,1271,1612,1500,1500,2012,1093,1973,1500,1500,1093,988,1500,1500,1500,1500,1500,1500,1500,1372,1628,1500,1543,1500,2012,1500,1984,1949,1500,1520,1505,1500,2012,8.2
2025-05-02,11:53:54.510,-49,-53,10,3658,6340,42,1,16,5711,24,785,-67,1022,6,-2,344,515,-1,-1,-1,-1,0x1020480014442405,1493,1628,1500,1500,2012,1467,2012,1500,1500,1461,988,1500,1500,1500,1500,1500,1500,1500,1372,1628,1500,1543,1500,2012,1500,2012,2012,1500,1520,1505,1500,2012,8.2
2025-05-02,11:53:55.010,-54,-51,10,3658,1020,43,1,16,5530,24,785,1016,-108,7,-2,344,515,-1,-1,-1,-1,0x1020480016440405,1809,1441,1500,1500,2012,2008,1446,1441,1500,2007,988,1500,1500,1500,1500,1500,1500,1441,1018,2012,1500,1543,1500,2012,1500,1681,1500,1500,1520,1505,1500,2012,8.2
2025-05-02,11:53:55.510,-54,-50,10,3667,1200,43,1,16,3226,24,786,1024,244,6,-2,344,515,-1,-1,-1,-1,0x1020480014440405,1812,1531,1500,1500,2012,2012,1667,1500,1500,2012,988,1500,1500,1500,1500,1500,1500,1500,1372,1628,1500,1543,1500,2012,1500,1723,1625,1500,1520,1505,1500,2012,8.2
2025-05-02,11:53:56.010,-53,-48,10,3678,230,44,1,16,1315,24,786,929,101,6,-2,345,515,-1,-1,-1,-1,0x1020480014440405,1761,1513,1500,1500,2012,1964,1569,1500,1500,1964,988,1500,1500,1500,1500,1500,1500,1500,1372,1628,1500,1543,1500,2012,1500,1603,1552,1500,1520,1505,1500,2012,8.2
2025-05-02,11:53:56.510,-69,-54,10,3680,160,43,1,16,534,24,786,815,12,6,-2,344,515,-1,-1,-1,-1,0x1020480014440405,1720,1501,1500,1500,2012,1907,1508,1500,1500,1907,988,1500,1500,1500,1500,1500,1500,1500,1111,2012,1500,1543,1500,2012,1500,1512,1506,1500,1520,1505,1500,2012,8.2
2025-05-02,11:53:57.010,-69,-50,10,3682,910,42,1,16,0,24,786,0,12,7,-2,345,515,-1,-1,-1,-1,0x1020480010440405,1508,1501,1500,1500,2012,1500,1508,1500,1500,1500,988,1500,1500,1500,1500,1500,1500,1500,1372,2012,1500,1543,1500,2012,1500,1512,1506,1500,1520,1505,1500,2012,8.2
2025-05-02,11:53:57.510,-69,-52,10,3683,190,42,1,16,0,24,786,3,10,7,-2,344,515,-1,-1,-1,-1,0x1020480010440005,1508,1501,1500,1500,2012,1501,1507,1500,1500,1501,988,1500,1500,1500,1500,1500,1500,1500,1372,2012,1500,1543,1500,2012,1500,1510,1505,1500,1520,1505,1500,2012,8.2
2025-05-02,11:53:58.010,-69,-51,10,3683,170,42,1,16,0,24,786,2,10,7,-2,344,515,-1,-1,-1,-1,0x1020480010440005,1508,1501,1500,1500,2012,1501,1507,1500,1500,1500,988,1500,1500,1500,1500,1500,1500,1500,1500,2012,1500,1543,1500,2012,1500,1510,1505,1500,1520,1505,1500,2012,8.2
2025-05-02,11:53:58.510,-69,-50,10,3684,190,42,1,16,0,24,786,3,11,6,-2,344,515,-1,-1,-1,-1,0x1020480010440005,1508,1501,1500,1500,2012,1501,1507,1500,1500,1501,988,1500,1500,1500,1500,1500,1500,1500,1500,2012,1500,1543,1500,2012,1500,1512,1505,1500,1520,1505,1500,2012,8.2
2025-05-02,11:53:59.010,-51,-47,10,3684,1890,42,1,16,163,24,786,1024,435,6,-2,344,515,-1,-1,-1,-1,0x1020480014440005,1812,1555,1500,1500,2012,2012,1798,1500,1500,2012,988,1500,1500,1500,1500,1500,1500,1500,1372,1628,1500,1543,1500,2012,1500,1851,1721,1500,1520,1505,1500,2012,8.2
2025-05-02,11:53:59.510,-57,-54,10,3681,1190,42,1,16,1026,24,786,1024,451,6,-2,344,515,-1,-1,-1,-1,0x1020480014440005,1812,1557,1500,1500,2012,2012,1809,1500,1500,2012,988,1500,1500,1500,1500,1500,1500,1500,1372,1628,1500,1543,1500,2012,1500,1860,1730,1500,1520,1505,1500,2012,8.2
2025-05-02,11:54:00.010,-57,-60,10,3678,2010,43,1,16,1632,24,786,1024,505,6,-2,344,515,-1,-1,-1,-1,0x1020480014440005,1812,1566,1500,1500,2012,2012,1846,1500,1500,2012,988,1500,1500,1500,1500,1500,1500,1500,1372,1628,1500,1543,1500,2012,1500,1890,1765,1500,1520,1505,1500,2012,8.2
2025-05-02,11:54:00.510,-55,-60,10,3678,0,44,1,16,2536,24,787,7,-681,7,-2,344,515,-1,-1,-1,-1,0x1020480012440005,1510,1207,1500,1497,2012,1503,1160,1205,1500,1503,988,1500,1500,1500,1500,1500,1500,1204,1141,2012,1500,1543,1500,2012,1500,1108,1500,1500,1520,1505,1500,2012,8.2
2025-05-02,11:54:01.010,-55,-60,10,3682,200,44,1,16,526,24,787,6,8,7,-2,344,515,-1,-1,-1,-1,0x1020480010440005,1509,1501,1500,1500,2012,1503,1505,1500,1500,1503,988,1500,1500,1500,1500,1500,1500,1500,1372,2012,1500,1543,1500,2012,1500,1508,1504,1500,1520,1505,1500,2012,8.2
2025-05-02,11:54:01.510,-54,-60,10,3685,160,44,1,16,231,24,787,7,9,6,-2,344,515,-1,-1,-1,-1,0x1020480010440005,1510,1501,1500,1500,2012,1503,1506,1500,1500,1503,988,1500,1500,1500,1500,1500,1500,1500,1372,2012,1500,1543,1500,2012,1500,1509,1505,1500,1520,1505,1500,2012,8.2
2025-05-02,11:54:02.010,-56,-60,10,3685,630,43,1,16,0,24,787,652,414,6,-2,344,515,-1,-1,-1,-1,0x1020480014440005,1681,1550,1500,1500,2012,1826,1783,1500,1500,1841,988,1500,1500,1500,1500,1500,1500,1500,1372,1628,1500,1543,1500,2012,1500,1831,1702,1500,1520,1505,1500,2012,8.2
2025-05-02,11:54:02.510,-58,-62,10,3685,2360,42,1,16,2446,24,787,-95,538,7,-2,344,515,-1,-1,-1,-1,0x1020480014440005,1494,1574,1500,1500,2012,1453,1868,1500,1500,1462,988,1500,1500,1500,1500,1500,1500,1500,1372,1628,1500,1543,1500,2012,1500,1914,1795,1500,1520,1505,1500,2012,8.2
2025-05-02,11:54:03.010,-59,-58,10,3679,270,42,1,16,2497,24,787,10,11,6,-2,344,515,-1,-1,-1,-1,0x1020480010440005,1510,1501,1500,1500,2012,1505,1507,1500,1500,1505,988,1500,1500,1500,1500,1500,1500,1500,988,2012,1500,1543,1500,2012,1500,1512,1506,1500,1520,1505,1500,2012,8.2
2025-05-02,11:54:03.510,-55,-64,10,3681,320,42,1,16,1280,24,787,-228,1,7,-2,344,515,-1,-1,-1,-1,0x1020480014440005,1464,1500,1500,1500,2012,1386,1500,1500,1500,1387,988,1500,1500,1500,1500,1500,1500,1500,1372,2012,1500,1543,1500,2012,1500,1501,1500,1500,1520,1505,1500,2012,8.2
2025-05-02,11:54:04.010,-56,-64,10,3685,370,42,1,16,881,24,787,109,440,6,-2,345,515,-1,-1,-1,-1,0x1020480014440005,1535,1554,1500,1500,2012,1554,1810,1500,1500,1554,988,1500,1500,1500,1500,1500,1500,1500,1372,1628,1500,1543,1500,2012,1500,1853,1716,1500,1520,1505,1500,2012,8.2
2025-05-02,11:54:04.510,-60,-60,10,3684,2460,42,1,16,3919,24,788,357,661,6,-2,344,515,-1,-1,-1,-1,0x1020480014442005,1597,1604,1500,1500,2012,1684,1953,1500,1500,1678,988,1500,1500,1500,1500,1500,1500,1500,1372,1628,1500,1543,1500,2012,1500,1970,1915,1500,1520,1505,1500,2012,8.2
2025-05-02,11:54:05.010,-60,-56,10,3673,8210,42,1,16,4649,24,788,316,735,6,-2,345,515,-1,-1,-1,-1,0x1020480014442005,1588,1624,1500,1500,2012,1650,2003,1500,1500,1658,988,1500,1500,1500,1500,1500,1500,1500,1372,1628,1500,1543,1500,2012,1500,2005,1997,1500,1520,1505,1500,2012,8.2
2025-05-02,11:54:05.510,-57,-62,10,3666,2580,43,1,16,5504,24,789,646,156,7,-2,345,516,-1,-1,-1,-1,0x1020480014440405,1669,1521,1500,1500,2012,1828,1600,1500,1500,1823,988,1500,1500,1500,1500,1500,1500,1500,1372,1628,1500,1543,1500,2012,1500,1821,1585,1500,1520,1505,1500,2012,8.2
2025-05-02,11:54:06.010,-56,-62,10,3671,2750,43,1,16,4734,24,789,478,256,7,-2,345,515,-1,-1,-1,-1,0x1020480014440405,1625,1531,1500,1500,2012,1739,1683,1500,1500,1739,988,1500,1500,1500,1500,1500,1500,1500,1372,1628,1500,1543,1500,2012,1500,1841,1626,1500,1520,1505,1500,2012,8.2
2025-05-02,11:54:06.510,-58,-62,10,3676,1380,44,1,16,2977,25,789,1024,212,6,-2,344,515,-1,-1,-1,-1,0x1020480014440405,1812,1523,1500,1500,2012,2012,1645,1500,1500,2012,988,1500,1500,1500,1500,1500,1500,1500,1372,1628,1500,1543,1500,2012,1500,1686,1594,1500,1520,1505,1500,2012,8.2
2025-05-02,11:54:07.010,-61,-57,10,3678,2290,45,1,16,2735,25,790,128,579,6,-2,345,515,-1,-1,-1,-1,0x1020480014440405,1540,1581,1500,1500,2012,1552,1896,1500,1500,1564,988,1500,1500,1500,1500,1500,1500,1500,1372,1628,1500,1543,1500,2012,1500,1928,1826,1500,1520,1505,1500,2012,8.2
2025-05-02,11:54:07.510,-73,-65,10,3676,1690,46,1,16,3876,25,790,1010,711,6,-2,344,515,-1,-1,-1,-1,0x1020480014442405,1803,1618,1500,1500,2012,2005,1987,1500,1500,2011,988,1500,1500,1500,1500,1500,1500,1500,1372,1628,1500,1543,1500,2012,1500,1978,1934,1500,1520,1505,1500,2012,8.2
2025-05-02,11:54:08.000,-67,-64,10,3671,6190,46,1,16,4453,25,791,-520,567,6,-2,344,515,-1,-1,-1,-1,0x1020480014440405,1398,1578,1500,1500,2012,1240,1888,1500,1500,1257,988,1500,1500,1500,1500,1500,1500,1500,1372,1628,1500,1543,1500,2012,1500,1923,1814,1500,1520,1505,1500,2012,8.2
2025-05-02,11:54:08.500,-65,-61,10,3657,5710,46,1,16,6127,25,792,7,1024,7,-2,344,515,-1,-1,-1,-1,0x1020480010442405,1510,1628,1500,1500,2012,1503,2012,1500,1500,1504,988,1500,1500,1500,1500,1500,1500,1500,1372,1628,1500,1543,1500,2012,1500,2012,2012,1500,1520,1505,1500,2012,8.2
2025-05-02,11:54:09.000,-65,-61,10,3659,480,46,1,16,5646,25,792,-488,500,6,-2,344,515,-1,-1,-1,-1,0x1020480014440405,1398,1565,1500,1500,2012,1256,1851,1500,1500,1257,988,1500,1500,1500,1500,1500,1500,1500,1372,1628,1500,1543,1500,2012,1500,1887,1761,1500,1520,1505,1500,2012,8.2
2025-05-02,11:54:09.500,-65,-58,10,3676,3860,44,1,16,4317,25,792,-753,499,6,-2,344,516,-1,-1,-1,-1,0x1020480014440805,1301,1569,1500,1500,2012,1123,1834,1500,1500,1124,988,1500,1500,1500,1500,1500,1500,1500,1372,1628,1500,1543,1500,2012,1500,1916,1777,1500,1520,1505,1500,2012,8.2
2025-05-02,11:54:10.000,-65,-47,10,3678,630,44,1,16,2144,25,792,10,114,6,-2,344,515,-1,-1,-1,-1,0x1020480010440005,1510,1516,1500,1500,2012,1504,1578,1500,1500,1505,988,1500,1500,1500,1500,1500,1500,1500,1372,1628,1500,1543,1500,2012,1500,1626,1563,1500,1520,1505,1500,2012,8.2
2025-05-02,11:54:10.500,-65,-47,10,3679,280,43,1,16,522,25,792,11,11,7,-2,345,515,-1,-1,-1,-1,0x1020480010440005,1510,1501,1500,1500,2012,1505,1507,1500,1500,1505,988,1500,1500,1500,1500,1500,1500,1500,1243,2012,1500,1543,1500,2012,1500,1512,1506,1500,1520,1505,1500,2012,8.2
2025-05-02,11:54:11.000,-65,-47,10,3682,8290,43,1,16,1578,25,793,-97,689,6,-2,344,515,-1,-1,-1,-1,0x1020480014442005,1492,1611,1500,1500,2012,1452,1972,1500,1500,1457,988,1500,1500,1500,1500,1500,1500,1500,1372,1628,1500,1543,1500,2012,1500,1983,1946,1500,1520,1505,1500,2012,8.2
2025-05-02,11:54:11.500,-41,-51,10,3682,480,43,1,16,2396,25,793,-222,526,7,-2,344,515,-1,-1,-1,-1,0x1020480014440005,1465,1567,1500,1500,2012,1394,1870,1500,1500,1389,988,1500,1500,1500,1500,1500,1500,1500,1372,1628,1500,1543,1500,2012,1500,1901,1770,1500,1520,1505,1500,2012,8.2
2025-05-02,11:54:12.000,-48,-45,10,3666,3920,43,1,16,4975,25,794,-332,723,6,-2,344,515,-1,-1,-1,-1,0x1020480014442005,1441,1621,1500,1500,2012,1334,1995,1500,1500,1334,988,1500,1500,1500,1500,1500,1500,1500,1372,1628,1500,1543,1500,2012,1500,1994,1969,1500,1520,1505,1500,2012,8.2
2025-05-02,11:54:12.500,-58,-62,10,3661,1240,43,1,16,5354,25,795,959,-155,7,-2,345,515,-1,-1,-1,-1,0x10204800164C0405,1777,1427,1500,1499,2012,1979,1416,1427,1500,1979,988,1500,1500,1500,1500,1500,1500,1426,988,2012,1500,1543,1500,2012,1500,1506,1500,1500,1520,1505,1500,2012,8.2
2025-05-02,11:54:13.000,-52,-46,10,3668,1580,43,1,16,3833,25,795,1024,142,6,-2,345,516,-1,-1,-1,-1,0x1020480014440405,1812,1516,1500,1500,2012,2012,1598,1500,1500,2012,988,1500,1500,1500,1500,1500,1500,1500,1372,1628,1500,1543,1500,2012,1500,1629,1564,1500,1520,1505,1500,2012,8.2
2025-05-02,11:54:13.500,-50,-52,10,3677,1580,44,1,16,2439,25,795,1024,234,6,-2,345,515,-1,-1,-1,-1,0x1020480014440405,1812,1530,1500,1500,2012,2012,1660,1500,1500,2012,988,1500,1500,1500,1500,1500,1500,1500,1372,1628,1500,1543,1500,2012,1500,1750,1622,1500,1520,1505,1500,2012,8.2
2025-05-02,11:54:14.000,-51,-50,10,3677,9120,44,1,16,4130,25,795,974,734,6,-2,345,515,-1,-1,-1,-1,0x1020480014442405,1792,1624,1500,1500,2012,1987,2003,1500,1500,1992,988,1500,1500,1500,1500,1500,1500,1500,1372,1628,1500,1543,1500,2012,1500,2005,1995,1500,1520,1505,1500,2012,8.2
2025-05-02,11:54:14.500,-59,-62,10,3660,6170,44,1,16,5924,25,796,405,1024,6,-2,345,515,-1,-1,-1,-1,0x1020480014442405,1608,1628,1500,1500,2012,1702,2012,1500,1500,1702,988,1500,1500,1500,1500,1500,1500,1500,1372,1628,1500,1543,1500,2012,1500,2012,2012,1500,1520,1505,1500,2012,8.2
2025-05-02,11:54:15.000,-56,-62,10,3652,570,44,1,16,6180,25,797,193,474,6,-2,344,515,-1,-1,-1,-1,0x1020480014440405,1560,1558,1500,1500,2012,1596,1824,1500,1500,1604,988,1500,1500,1500,1500,1500,1500,1500,1372,1628,1500,1543,1500,2012,1500,1864,1734,1500,1520,1505,1500,2012,8.2
2025-05-02,11:54:15.500,-56,-62,10,3656,5790,44,1,16,6894,25,797,664,484,6,-2,345,515,-1,-1,-1,-1,0x1020480014440405,1672,1568,1500,1500,2012,1832,1819,1500,1500,1827,988,1500,1500,1500,1500,1500,1500,1500,1372,1628,1500,1543,1500,2012,1500,1979,1774,1500,1520,1505,1500,2012,8.2
2025-05-02,11:54:16.000,-62,-67,10,3667,3500,43,1,16,6451,25,798,242,700,6,-2,345,515,-1,-1,-1,-1,0x1020480014442405,1567,1614,1500,1500,2012,1621,1979,1500,1500,1615,988,1500,1500,1500,1500,1500,1500,1500,1372,1628,1500,1543,1500,2012,1500,1989,1958,1500,1520,1505,1500,2012,8.2
2025-05-02,11:54:16.500,-58,-53,10,3667,0,43,1,16,5321,25,798,764,6,7,-2,345,515,-1,-1,-1,-1,0x1020480014440005,1706,1501,1500,1500,2012,1882,1505,1500,1500,1882,988,1500,1500,1500,1500,1500,1500,1500,1122,2012,1500,1543,1500,2012,1500,1506,1503,1500,1520,1505,1500,2012,8.2
2025-05-02,11:54:17.000,-54,-59,10,3673,1590,43,1,16,3767,25,798,1024,444,6,-2,345,515,-1,-1,-1,-1,0x1020480014440005,1812,1556,1500,1500,2012,2012,1804,1500,1500,2012,988,1500,1500,1500,1500,1500,1500,1500,1372,1628,1500,1543,1500,2012,1500,1856,1725,1500,1520,1505,1500,2012,8.2
2025-05-02,11:54:17.500,-58,-58,10,3674,3740,44,1,16,3159,25,798,1024,614,7,-2,345,515,-1,-1,-1,-1,0x1020480014442005,1812,1591,1500,1500,2012,2012,1920,1500,1500,2012,988,1500,1500,1500,1500,1500,1500,1500,1372,1628,1500,1543,1500,2012,1500,1947,1865,1500,1520,1505,1500,2012,8.2
2025-05-02,11:54:18.000,-66,-66,10,3670,6190,44,1,16,5793,25,799,-2,1024,6,-2,345,515,-1,-1,-1,-1,0x1020480010442005,1507,1628,1500,1500,2012,1499,2012,1500,1500,1499,988,1500,1500,1500,1500,1500,1500,1500,1372,1628,1500,1543,1500,2012,1500,2012,2012,1500,1520,1505,1500,2012,8.2
2025-05-02,11:54:18.500,-62,-66,10,3655,2110,44,1,16,6684,25,800,40,10,7,-2,344,515,-1,-1,-1,-1,0x1020480010440405,1517,1504,1500,1500,2012,1520,1507,1500,1500,1519,988,1500,1500,1500,1500,1500,1500,1500,1321,1679,1500,1543,1500,2012,1500,1972,1516,1500,1520,1505,1500,2012,8.2
2025-05-02,11:54:19.000,-56,-66,10,3655,470,43,1,16,6147,25,800,-190,4,7,-2,344,515,-1,-1,-1,-1,0x1020480014440405,1472,1500,1500,1500,2012,1405,1502,1500,1500,1406,988,1500,1500,1500,1500,1500,1500,1500,988,2012,1500,1543,1500,2012,1500,1504,1502,1500,1520,1505,1500,2012,8.2
2025-05-02,11:54:19.500,-54,-66,10,3677,960,43,1,16,3572,25,800,-580,351,6,-2,345,515,-1,-1,-1,-1,0x1020480014440405,1369,1544,1500,1500,2012,1210,1740,1500,1500,1210,988,1500,1500,1500,1500,1500,1500,1500,1372,1628,1500,1543,1500,2012,1500,1798,1677,1500,1520,1505,1500,2012,8.2
2025-05-02,11:54:20.000,-45,-66,10,3677,2830,43,1,16,2697,25,800,-520,634,6,-2,344,515,-1,-1,-1,-1,0x1020480014442C05,1388,1597,1500,1500,2012,1240,1934,1500,1500,1240,988,1500,1500,1500,1500,1500,1500,1500,1372,1628,1500,1543,1500,2012,1500,1957,1886,1500,1520,1505,1500,2012,8.2
2025-05-02,11:54:20.500,-41,-66,10,3669,5310,43,1,16,6599,25,801,-159,921,6,-2,344,515,-1,-1,-1,-1,0x1020480014442405,1478,1628,1500,1500,2012,1421,2012,1500,1500,1421,988,1500,1500,1500,1500,1500,1500,1500,1372,1628,1500,1543,1500,2012,1500,2012,2012,1500,1520,1505,1500,2012,8.2
2025-05-02,11:54:21.000,-49,-48,10,3653,5730,43,1,16,6536,25,802,660,1024,6,-2,345,516,-1,-1,-1,-1,0x1020480014442405,1669,1628,1500,1500,2012,1836,2012,1500,1500,1822,988,1500,1500,1500,1500,1500,1500,1500,1372,1628,1500,1543,1500,2012,1500,2012,2012,1500,1520,1505,1500,2012,8.2
2025-05-02,11:54:21.500,-49,-46,10,3653,750,44,1,16,3840,25,802,998,625,6,-2,344,515,-1,-1,-1,-1,0x1020480014442405,1799,1590,1500,1500,2012,1999,1928,1500,1500,1999,988,1500,1500,1500,1500,1500,1500,1500,1372,1628,1500,1543,1500,2012,1500,1945,1862,1500,1520,1505,1500,2012,8.2
2025-05-02,11:54:22.000,-53,-52,10,3667,1450,44,1,16,3612,25,803,1024,558,6,-2,344,515,-1,-1,-1,-1,0x1020480014440405,1812,1576,1500,1500,2012,2012,1883,1500,1500,2012,988,1500,1500,1500,1500,1500,1500,1500,1372,1628,1500,1543,1500,2012,1500,1918,1804,1500,1520,1505,1500,2012,8.2
2025-05-02,11:54:22.500,-55,-52,10,3668,6500,45,1,16,3518,25,803,1024,697,6,-2,345,515,-1,-1,-1,-1,0x1020480014442005,1812,1614,1500,1500,2012,2012,1978,1500,1500,2012,988,1500,1500,1500,1500,1500,1500,1500,1372,1628,1500,1543,1500,2012,1500,1983,1945,1500,1520,1505,1500,2012,8.2
2025-05-02,11:54:23.000,-59,-59,10,3662,6490,46,1,16,5774,25,804,302,1024,6,-2,345,515,-1,-1,-1,-1,0x1020480014442005,1582,1628,1500,1500,2012,1651,2012,1500,1500,1645,988,1500,1500,1500,1500,1500,1500,1500,1372,1628,1500,1543,1500,2012,1500,2012,2012,1500,1520,1505,1500,2012,8.2
2025-05-02,11:54:23.500,-55,-58,10,3651,4970,46,1,16,6963,25,805,281,247,7,-2,345,515,-1,-1,-1,-1,0x1020480014440005,1579,1534,1500,1500,2012,1640,1669,1500,1500,1640,988,1500,1500,1500,1500,1500,1500,1500,1372,1628,1500,1543,1500,2012,1500,2012,1638,1500,1520,1505,1500,2012,8.2
2025-05-02,11:54:24.000,-60,-60,10,3652,440,45,1,16,5787,25,805,293,-595,7,-2,344,515,-1,-1,-1,-1,0x1020480016480005,1583,1298,1500,1498,2012,1646,1203,1297,1500,1646,988,1500,1500,1500,1500,1500,1500,1296,1009,2012,1500,1543,1500,988,1500,1268,1500,1500,1520,1505,1500,2012,8.2
2025-05-02,11:54:24.500,-60,-54,10,3674,460,44,1,16,2837,25,805,601,7,7,-2,344,515,-1,-1,-1,-1,0x1020480014440005,1657,1501,1500,1500,2012,1800,1505,1500,1500,1800,988,1500,1500,1500,1500,1500,1500,1500,1372,2012,1500,1543,1500,2012,1500,1507,1503,1500,1520,1505,1500,2012,8.2
2025-05-02,11:54:25.000,-60,-55,10,3676,350,43,1,16,2127,25,805,117,8,7,-2,345,515,-1,-1,-1,-1,0x1020480014440005,1537,1501,1500,1500,2012,1558,1505,1500,1500,1558,988,1500,1500,1500,1500,1500,1500,1500,1372,2012,1500,1543,1500,2012,1500,1508,1504,1500,1520,1505,1500,2012,8.2
2025-05-02,11:54:25.500,-60,-53,10,3677,270,43,1,16,1590,25,805,21,11,7,-2,344,515,-1,-1,-1,-1,0x1020480010440005,1513,1501,1500,1500,2012,1510,1507,1500,1500,1511,988,1500,1500,1500,1500,1500,1500,1500,1500,2012,1500,1543,1500,2012,1500,1512,1506,1500,1520,1505,1500,2012,8.2
2025-05-02,11:54:26.000,-60,-50,10,3677,360,43,1,16,1147,25,805,164,12,7,-2,344,515,-1,-1,-1,-1,0x1020480014440005,1546,1501,1500,1500,2012,1582,1508,1500,1500,1577,988,1500,1500,1500,1500,1500,1500,1500,1500,2012,1500,1543,1500,2012,1500,1512,1506,1500,1520,1505,1500,2012,8.2
2025-05-02,11:54:26.500,-58,-50,10,3678,7490,43,1,16,4335,25,805,369,421,6,-2,345,515,-1,-1,-1,-1,0x1020480014440005,1595,1557,1500,1500,2012,1692,1780,1500,1500,1674,988,1500,1500,1500,1500,1500,1500,1500,1372,1628,1500,1543,1500,2012,1500,1898,1728,1500,1520,1505,1500,2012,8.2
2025-05-02,11:54:27.000,-58,-51,10,3676,710,43,1,16,2262,25,806,780,241,6,-2,345,515,-1,-1,-1,-1,0x1020480014440005,1708,1527,1500,1500,2012,1890,1665,1500,1500,1885,988,1500,1500,1500,1500,1500,1500,1500,1372,1628,1500,1543,1500,2012,1500,1721,1610,1500,1520,1505,1500,2012,8.2
2025-05-02,11:54:27.500,-55,-57,10,3673,2260,43,1,16,1945,25,806,1024,576,6,-2,345,515,-1,-1,-1,-1,0x1020480014440005,1812,1578,1500,1500,2012,2012,1894,1500,1500,2012,988,1500,1500,1500,1500,1500,1500,1500,1372,1628,1500,1543,1500,2012,1500,1927,1812,1500,1520,1505,1500,2012,8.2
2025-05-02,11:54:28.000,-61,-55,10,3670,5770,43,1,16,3513,25,806,1012,662,7,-2,344,515,-1,-1,-1,-1,0x1020480014442005,1807,1604,1500,1500,2012,2006,1953,1500,1500,2006,988,1500,1500,1500,1500,1500,1500,1500,1372,1628,1500,1543,1500,2012,1500,1970,1917,1500,1520,1505,1500,2012,8.2
2025-05-02,11:54:28.500,-63,-64,10,3655,5880,44,1,16,6032,25,807,-114,1024,6,-2,345,515,-1,-1,-1,-1,0x1020480014442005,1486,1628,1500,1500,2012,1443,2012,1500,1500,1443,988,1500,1500,1500,1500,1500,1500,1500,1372,1628,1500,1543,1500,2012,1500,2012,2012,1500,1520,1505,1500,2012,8.2
2025-05-02,11:54:29.000,-58,-64,10,3652,250,44,1,16,6415,25,808,6,284,7,-2,345,515,-1,-1,-1,-1,0x1020480010440405,1509,1534,1500,1500,2012,1503,1694,1500,1500,1503,988,1500,1500,1500,1500,1500,1500,1500,1372,1628,1500,1543,1500,2012,1500,1752,1635,1500,1520,1505,1500,2012,8.2
2025-05-02,11:54:29.500,-54,-64,10,3662,940,43,1,16,5618,25,808,-518,633,6,-2,344,515,-1,-1,-1,-1,0x1020480014442405,1393,1596,1500,1500,2012,1241,1933,1500,1500,1247,988,1500,1500,1500,1500,1500,1500,1500,1372,1628,1500,1543,1500,2012,1500,1956,1884,1500,1520,1505,1500,2012,8.2
2025-05-02,11:54:30.000,-49,-64,10,3671,3600,43,1,16,4326,25,808,-813,706,7,-2,344,515,-1,-1,-1,-1,0x1020480014442C05,1273,1616,1500,1500,2012,1094,1983,1500,1500,1094,988,1500,1500,1500,1500,1500,1500,1500,1372,1628,1500,1543,1500,2012,1500,1987,1954,1500,1520,1505,1500,2012,8.2
2025-05-02,11:54:30.500,-38,-64,10,3669,480,43,1,16,3178,25,809,-277,152,7,-2,344,515,-1,-1,-1,-1,0x1020480014440405,1454,1518,1500,1500,2012,1362,1604,1500,1500,1361,988,1500,1500,1500,1500,1500,1500,1500,1372,1628,1500,1543,1500,2012,1500,1649,1572,1500,1520,1505,1500,2012,8.2
2025-05-02,11:54:31.000,-45,-50,10,3672,230,43,1,16,2632,25,809,-257,119,6,-2,345,516,-1,-1,-1,-1,0x1020480014440C05,1458,1515,1500,1500,2012,1372,1581,1500,1500,1371,988,1500,1500,1500,1500,1500,1500,1500,1372,1628,1500,1543,1500,2012,1500,1619,1560,1500,1520,1505,1500,2012,8.2
2025-05-02,11:54:31.500,-48,-50,10,3676,170,43,1,16,2594,25,809,-77,12,7,-2,344,515,-1,-1,-1,-1,0x1020480014440405,1494,1501,1500,1500,2012,1462,1508,1500,1500,1462,988,1500,1500,1500,1500,1500,1500,1500,1224,2012,1500,1543,1500,2012,1500,1512,1506,1500,1520,1505,1500,2012,8.2
2025-05-02,11:54:32.000,-51,-47,10,3677,170,43,1,16,2089,25,809,1,11,7,-2,345,515,-1,-1,-1,-1,0x1020480010440405,1508,1501,1500,1500,2012,1500,1507,1500,1500,1500,988,1500,1500,1500,1500,1500,1500,1500,1372,2012,1500,1543,1500,2012,1500,1512,1506,1500,1520,1505,1500,2012,8.2
2025-05-02,11:54:32.500,-56,-50,10,3678,500,42,1,16,1613,25,809,-162,294,7,-2,345,516,-1,-1,-1,-1,0x1020480014440405,1473,1535,1500,1500,2012,1419,1701,1500,1500,1409,988,1500,1500,1500,1500,1500,1500,1500,1372,1628,1500,1543,1500,2012,1500,1759,1640,1500,1520,1505,1500,2012,8.2
2025-05-02,11:54:33.000,-81,-60,10,3677,4360,42,1,16,3762,25,809,752,664,7,-2,344,515,-1,-1,-1,-1,0x1020480014442005,1703,1605,1500,1500,2012,1876,1955,1500,1500,1876,988,1500,1500,1500,1500,1500,1500,1500,1372,1628,1500,1543,1500,2012,1500,1971,1918,1500,1520,1505,1500,2012,8.2
2025-05-02,11:54:33.500,-81,-47,10,3659,1190,43,1,16,4264,25,810,1024,16,6,-2,345,515,-1,-1,-1,-1,0x1020480014440005,1803,1502,1500,1500,2012,2012,1511,1500,1500,2011,988,1500,1500,1500,1500,1500,1500,1500,1168,1832,1500,1543,1500,2012,1500,1692,1509,1500,1520,1505,1500,2012,8.2
2025-05-02,11:54:34.000,-53,-53,10,3659,1750,44,1,16,3187,25,810,1024,376,6,-2,345,515,-1,-1,-1,-1,0x1020480014440005,1812,1546,1500,1500,2012,2012,1757,1500,1500,2012,988,1500,1500,1500,1500,1500,1500,1500,1372,1628,1500,1543,1500,2012,1500,1814,1684,1500,1520,1505,1500,2012,8.2
2025-05-02,11:54:34.500,-56,-51,10,3669,3650,45,1,16,3537,25,811,1009,575,6,-2,345,515,-1,-1,-1,-1,0x1020480014440005,1806,1577,1500,1500,2012,2004,1894,1500,1500,2005,988,1500,1500,1500,1500,1500,1500,1500,1372,1628,1500,1543,1500,2012,1500,1920,1807,1500,1520,1505,1500,2012,8.2
2025-05-02,11:54:35.000,-61,-61,10,3664,5840,45,1,16,4640,25,811,839,706,6,-2,344,515,-1,-1,-1,-1,0x1020480014442005,1727,1616,1500,1500,2012,1919,1983,1500,1500,1919,988,1500,1500,1500,1500,1500,1500,1500,1372,1628,1500,1543,1500,2012,1500,1992,1966,1500,1520,1505,1500,2012,8.2
2025-05-02,11:54:35.500,-56,-61,10,3654,6070,45,1,16,6126,25,812,-321,1024,6,-2,344,515,-1,-1,-1,-1,0x1020480014442405,1444,1628,1500,1500,2012,1340,2012,1500,1500,1340,988,1500,1500,1500,1500,1500,1500,1500,1372,1628,1500,1543,1500,2012,1500,2012,2012,1500,1520,1505,1500,2012,8.2
2025-05-02,11:54:36.000,-54,-61,10,3652,6170,45,1,16,7278,25,813,646,1024,6,-2,344,515,-1,-1,-1,-1,0x1020480014442405,1669,1628,1500,1500,2012,1823,2012,1500,1500,1823,988,1500,1500,1500,1500,1500,1500,1500,1372,1628,1500,1543,1500,2012,1500,2012,2012,1500,1520,1505,1500,2012,8.2
2025-05-02,11:54:36.500,-59,-61,10,3652,510,44,1,16,6892,26,813,270,479,7,-2,344,515,-1,-1,-1,-1,0x1020480014440405,1571,1558,1500,1500,2012,1635,1828,1500,1500,1625,988,1500,1500,1500,1500,1500,1500,1500,1372,1628,1500,1543,1500,2012,1500,1897,1733,1500,1520,1505,1500,2012,8.2
2025-05-02,11:54:37.000,-60,-62,10,3653,940,44,1,16,6245,26,814,839,413,6,-2,345,515,-1,-1,-1,-1,0x1020480014440405,1724,1550,1500,1500,2012,1919,1783,1500,1500,1914,988,1500,1500,1500,1500,1500,1500,1500,1372,1628,1500,1543,1500,2012,1500,1837,1700,1500,1520,1505,1500,2012,8.2
2025-05-02,11:54:37.500,-59,-62,10,3667,2310,44,1,16,4947,26,814,1022,354,6,-2,345,515,-1,-1,-1,-1,0x1020480014440405,1807,1546,1500,1500,2012,2011,1742,1500,1500,2011,988,1500,1500,1500,1500,1500,1500,1500,1372,1628,1500,1543,1500,2012,1500,1809,1685,1500,1520,1505,1500,2012,8.2
2025-05-02,11:54:38.000,-57,-62,10,3670,1510,44,1,16,3436,26,814,1023,451,7,-2,345,515,-1,-1,-1,-1,0x1020480014440405,1803,1558,1500,1500,2012,2011,1809,1500,1500,2011,988,1500,1500,1500,1500,1500,1500,1500,1372,1628,1500,1543,1500,2012,1500,1861,1731,1500,1520,1505,1500,2012,8.2
2025-05-02,11:54:38.500,-59,-58,10,3669,4220,44,1,16,4339,26,814,936,349,7,-2,344,515,-1,-1,-1,-1,0x1020480014440405,1765,1544,1500,1500,2012,1968,1739,1500,1500,1968,988,1500,1500,1500,1500,1500,1500,1500,1372,1628,1500,1543,1500,2012,1500,1861,1676,1500,1520,1505,1500,2012,8.2
2025-05-02,11:54:39.000,-65,-63,10,3667,7550,44,1,16,5377,26,815,-2,885,6,-2,345,515,-1,-1,-1,-1,0x1020480010442405,1504,1628,1500,1500,2012,1499,2012,1500,1500,1492,988,1500,1500,1500,1500,1500,1500,1500,1372,1628,1500,1543,1500,2012,1500,2012,2012,1500,1520,1505,1500,2012,8.2
2025-05-02,11:54:39.500,-65,-62,10,3651,5510,44,1,16,6852,26,816,-493,1024,6,-2,344,515,-1,-1,-1,-1,0x1020480014442005,1397,1628,1500,1500,2012,1254,2012,1500,1500,1254,988,1500,1500,1500,1500,1500,1500,1500,1372,1628,1500,1543,1500,2012,1500,2012,2012,1500,1520,1505,1500,2012,8.2
2025-05-02,11:54:40.000,-65,-56,10,3651,1020,43,1,16,5598,26,816,892,-107,6,-2,344,515,-1,-1,-1,-1,0x1020480016480005,1740,1460,1500,1500,2012,1946,1447,1460,1500,1938,988,1500,1500,1500,1500,1500,1500,1459,1203,2012,1500,1543,1500,988,1500,1419,1500,1500,1520,1505,1500,2012,8.2
2025-05-02,11:54:40.500,-56,-45,10,3670,270,43,1,16,3376,26,816,-319,3,6,-2,344,515,-1,-1,-1,-1,0x1020480014440005,1445,1500,1500,1500,2012,1341,1502,1500,1500,1341,988,1500,1500,1500,1500,1500,1500,1500,1372,2012,1500,1543,1500,2012,1500,1503,1501,1500,1520,1505,1500,2012,8.2
2025-05-02,11:54:41.000,-56,-42,10,3673,1160,43,1,16,1943,26,816,-171,427,6,-2,345,515,-1,-1,-1,-1,0x1020480014440005,1473,1554,1500,1500,2012,1415,1792,1500,1500,1409,988,1500,1500,1500,1500,1500,1500,1500,1372,1628,1500,1543,1500,2012,1500,1847,1715,1500,1520,1505,1500,2012,8.2
2025-05-02,11:54:41.500,-56,-38,10,3672,4320,43,1,16,3565,26,817,-944,566,6,-2,344,515,-1,-1,-1,-1,0x1020480014440005,1197,1578,1500,1500,2012,1028,1887,1500,1500,1029,988,1500,1500,1500,1500,1500,1500,1500,1372,1628,1500,1543,1500,2012,1500,1922,1812,1500,1520,1505,1500,2012,8.2
2025-05-02,11:54:42.000,-33,-43,10,3660,9940,43,1,16,5376,26,818,-698,723,6,-2,344,515,-1,-1,-1,-1,0x1020480014442005,1324,1624,1500,1500,2012,1151,1995,1500,1500,1151,988,1500,1500,1500,1500,1500,1500,1500,1372,1628,1500,1543,1500,2012,1500,2005,1996,1500,1520,1505,1500,2012,8.2
2025-05-02,11:54:42.500,-44,-44,10,3643,8780,43,1,16,5194,26,819,-239,669,6,-2,345,515,-1,-1,-1,-1,0x1020480014442C05,1462,1606,1500,1500,2012,1381,1958,1500,1500,1381,988,1500,1500,1500,1500,1500,1500,1500,1372,1628,1500,1543,1500,2012,1500,1974,1925,1500,1520,1505,1500,2012,8.2
2025-05-02,11:54:43.000,-58,-57,10,3644,5900,43,1,16,5979,26,819,-26,1020,6,-2,344,515,-1,-1,-1,-1,0x1020480010442405,1503,1628,1500,1500,2012,1487,2012,1500,1500,1487,988,1500,1500,1500,1500,1500,1500,1500,1372,1628,1500,1543,1500,2012,1500,2012,2012,1500,1520,1505,1500,2012,8.2
2025-05-02,11:54:43.500,-58,-55,10,3648,1390,44,1,16,5654,26,820,285,152,6,-2,345,515,-1,-1,-1,-1,0x1020480014440405,1581,1520,1500,1500,2012,1642,1604,1500,1500,1642,988,1500,1500,1500,1500,1500,1500,1500,1372,1628,1500,1543,1500,2012,1500,1801,1579,1500,1520,1505,1500,2012,8.2
2025-05-02,11:54:44.000,-58,-48,10,3665,520,43,1,16,4101,26,820,1024,353,6,-2,345,515,-1,-1,-1,-1,0x1020480014440405,1812,1544,1500,1500,2012,2012,1742,1500,1500,2012,988,1500,1500,1500,1500,1500,1500,1500,1372,1628,1500,1543,1500,2012,1500,1799,1677,1500,1520,1505,1500,2012,8.2
2025-05-02,11:54:44.500,-50,-53,10,3667,2560,43,1,16,2874,26,820,1007,609,6,-2,345,515,-1,-1,-1,-1,0x1020480014442405,1810,1590,1500,1500,2012,2003,1917,1500,1500,2009,988,1500,1500,1500,1500,1500,1500,1500,1372,1628,1500,1543,1500,2012,1500,1944,1860,1500,1520,1505,1500,2012,8.2
2025-05-02,11:54:45.000,-50,-53,10,3665,4700,44,1,16,4124,26,821,530,520,6,-2,345,515,-1,-1,-1,-1,0x1020480014440405,1638,1566,1500,1500,2012,1765,1856,1500,1500,1765,988,1500,1500,1500,1500,1500,1500,1500,1372,1628,1500,1543,1500,2012,1500,1892,1766,1500,1520,1505,1500,2012,8.2
2025-05-02,11:54:45.500,-59,-62,10,3660,2900,44,1,16,4778,26,821,743,720,6,-2,344,515,-1,-1,-1,-1,0x1020480014442405,1700,1620,1500,1500,2012,1871,1993,1500,1500,1871,988,1500,1500,1500,1500,1500,1500,1500,1372,1628,1500,1543,1500,2012,1500,1998,1981,1500,1520,1505,1500,2012,8.2
2025-05-02,11:54:46.000,-55,-58,10,3647,6070,45,1,16,6380,26,822,-245,1024,6,-2,345,515,-1,-1,-1,-1,0x1020480014442405,1458,1628,1500,1500,2012,1378,2012,1500,1500,1372,988,1500,1500,1500,1500,1500,1500,1500,1372,1628,1500,1543,1500,2012,1500,2012,2012,1500,1520,1505,1500,2012,8.2
2025-05-02,11:54:46.500,-60,-49,10,3648,2350,44,1,16,7030,26,822,499,565,6,-2,344,515,-1,-1,-1,-1,0x1020480014440005,1630,1581,1500,1500,2012,1749,1887,1500,1500,1749,988,1500,1500,1500,1500,1500,1500,1500,1372,1628,1500,1543,1500,2012,1500,1925,1826,1500,1520,1505,1500,2012,8.2
2025-05-02,11:54:47.000,-61,-68,10,3654,1020,44,1,16,6103,26,823,466,346,6,-2,344,515,-1,-1,-1,-1,0x1020480014440005,1622,1542,1500,1500,2012,1733,1737,1500,1500,1732,988,1500,1500,1500,1500,1500,1500,1500,1372,1628,1500,1543,1500,2012,1500,1795,1668,1500,1520,1505,1500,2012,8.2
2025-05-02,11:54:47.500,-58,-68,10,3666,480,43,1,16,5248,26,823,412,368,6,-2,344,515,-1,-1,-1,-1,0x1020480014440005,1609,1546,1500,1500,2012,1706,1752,1500,1500,1706,988,1500,1500,1500,1500,1500,1500,1500,1372,1628,1500,1543,1500,2012,1500,1809,1685,1500,1520,1505,1500,2012,8.2
2025-05-02,11:54:48.000,-59,-68,10,3667,1040,43,1,16,4016,26,823,1024,194,6,-2,344,516,-1,-1,-1,-1,0x1020480014440005,1812,1523,1500,1500,2012,2012,1633,1500,1500,2012,988,1500,1500,1500,1500,1500,1500,1500,1372,1628,1500,1543,1500,2012,1500,1683,1593,1500,1520,1505,1500,2012,8.2
2025-05-02,11:54:48.500,-57,-68,10,3668,1270,43,1,16,3038,26,823,804,553,6,-2,345,515,-1,-1,-1,-1,0x1020480014440005,1718,1574,1500,1500,2012,1902,1879,1500,1500,1902,988,1500,1500,1500,1500,1500,1500,1500,1372,1628,1500,1543,1500,2012,1500,1915,1798,1500,1520,1505,1500,2012,8.2
2025-05-02,11:54:49.000,-59,-68,10,3666,9510,44,1,16,3907,26,823,925,759,6,-2,345,515,-1,-1,-1,-1,0x1020480014442005,1759,1628,1500,1500,2012,1962,2012,1500,1500,1962,988,1500,1500,1500,1500,1500,1500,1500,1372,1628,1500,1543,1500,2012,1500,2012,2012,1500,1520,1505,1500,2012,8.2
2025-05-02,11:54:49.500,-67,-69,10,3659,5840,44,1,16,6124,26,825,-233,845,6,-2,344,515,-1,-1,-1,-1,0x1020480014442405,1468,1628,1500,1500,2012,1384,2012,1500,1500,1384,988,1500,1500,1500,1500,1500,1500,1500,1372,1628,1500,1543,1500,2012,1500,2012,2012,1500,1520,1505,1500,2012,8.2
2025-05-02,11:54:49.980,-63,-58,10,3647,4220,44,1,16,6853,26,825,1,749,6,-2,344,515,-1,-1,-1,-1,0x1020480010442405,1508,1628,1500,1500,2012,1500,2012,1500,1500,1500,988,1500,1500,1500,1500,1500,1500,1500,1372,1628,1500,1543,1500,2012,1500,2012,2012,1500,1520,1505,1500,2012,8.2
2025-05-02,11:54:50.480,-54,-55,10,3648,1960,44,1,16,6837,26,825,-290,424,7,-2,344,515,-1,-1,-1,-1,0x1020480014440405,1452,1553,1500,1500,2012,1355,1790,1500,1500,1355,988,1500,1500,1500,1500,1500,1500,1500,1372,1628,1500,1543,1500,2012,1500,1845,1714,1500,1520,1505,1500,2012,8.2
2025-05-02,11:54:50.980,-54,-55,10,3663,1600,44,1,16,4320,26,826,-731,568,6,-2,344,515,-1,-1,-1,-1,0x1020480014440C05,1311,1576,1500,1500,2012,1135,1889,1500,1500,1135,988,1500,1500,1500,1500,1500,1500,1500,1372,1628,1500,1543,1500,2012,1500,1924,1804,1500,1520,1505,1500,2012,8.2
2025-05-02,11:54:51.480,-34,-55,10,3664,5680,43,1,16,4483,26,826,-396,670,6,-2,344,515,-1,-1,-1,-1,0x1020480014442405,1428,1606,1500,1500,2012,1302,1959,1500,1500,1310,988,1500,1500,1500,1500,1500,1500,1500,1372,1628,1500,1543,1500,2012,1500,1974,1926,1500,1520,1505,1500,2012,8.2
2025-05-02,11:54:51.980,-49,-53,10,3659,4920,43,1,16,5495,26,827,-345,733,6,-2,344,515,-1,-1,-1,-1,0x1020480014442C05,1438,1624,1500,1500,2012,1328,2002,1500,1500,1328,988,1500,1500,1500,1500,1500,1500,1500,1372,1628,1500,1543,1500,2012,1500,2005,1995,1500,1520,1505,1500,2012,8.2
2025-05-02,11:54:52.480,-64,-56,10,3649,990,43,1,16,5773,26,827,3,501,6,-2,345,515,-1,-1,-1,-1,0x1020480010440405,1506,1565,1500,1500,2012,1501,1843,1500,1500,1496,988,1500,1500,1500,1500,1500,1500,1500,1372,1628,1500,1543,1500,2012,1500,1887,1761,1500,1520,1505,1500,2012,8.2
2025-05-02,11:54:52.980,-64,-56,10,3655,2290,43,1,16,5167,26,827,775,599,6,-2,344,515,-1,-1,-1,-1,0x1020480014440405,1709,1587,1500,1500,2012,1887,1910,1500,1500,1887,988,1500,1500,1500,1500,1500,1500,1500,1372,1628,1500,1543,1500,2012,1500,1940,1849,1500,1520,1505,1500,2012,8.2
2025-05-02,11:54:53.480,-64,-52,10,3663,1060,43,1,16,4212,26,828,861,465,6,-2,345,515,-1,-1,-1,-1,0x1020480014440005,1735,1559,1500,1500,2012,1930,1818,1500,1500,1931,988,1500,1500,1500,1500,1500,1500,1500,1372,1628,1500,1543,1500,2012,1500,1868,1738,1500,1520,1505,1500,2012,8.2
2025-05-02,11:54:53.980,-61,-50,10,3664,850,43,1,16,2992,26,828,831,455,6,-2,345,515,-1,-1,-1,-1,0x1020480014440005,1725,1558,1500,1500,2012,1915,1811,1500,1500,1915,988,1500,1500,1500,1500,1500,1500,1500,1372,1628,1500,1543,1500,2012,1500,1862,1732,1500,1520,1505,1500,2012,8.2
2025-05-02,11:54:54.480,-61,-51,10,3667,780,43,1,16,2477,26,828,707,418,7,-2,344,515,-1,-1,-1,-1,0x1020480014440005,1688,1553,1500,1500,2012,1853,1786,1500,1500,1853,988,1500,1500,1500,1500,1500,1500,1500,1372,1628,1500,1543,1500,2012,1500,1841,1711,1500,1520,1505,1500,2012,8.2
2025-05-02,11:54:54.980,-56,-56,10,3668,730,43,1,16,2197,26,828,241,421,7,-2,344,515,-1,-1,-1,-1,0x1020480014440005,1573,1553,1500,1500,2012,1620,1788,1500,1500,1628,988,1500,1500,1500,1500,1500,1500,1500,1372,1628,1500,1543,1500,2012,1500,1843,1712,1500,1520,1505,1500,2012,8.2
2025-05-02,11:54:55.480,-57,-57,10,3669,170,43,1,16,1731,26,828,-3,10,6,-2,345,515,-1,-1,-1,-1,0x1020480010440005,1507,1501,1500,1500,2012,1499,1507,1500,1500,1499,988,1500,1500,1500,1500,1500,1500,1500,1131,2012,1500,1543,1500,2012,1500,1510,1505,1500,1520,1505,1500,2012,8.2
2025-05-02,11:54:55.980,-57,-53,10,3671,180,43,1,16,1247,26,828,-2,5,6,-2,344,515,-1,-1,-1,-1,0x1020480010440005,1507,1501,1500,1500,2012,1499,1503,1500,1500,1499,988,1500,1500,1500,1500,1500,1500,1500,1372,2012,1500,1543,1500,2012,1500,1506,1503,1500,1520,1505,1500,2012,8.2
2025-05-02,11:54:56.480,-57,-54,10,3673,170,43,1,16,797,26,828,-3,5,7,-2,345,515,-1,-1,-1,-1,0x1020480010440005,1507,1500,1500,1500,2012,1499,1503,1500,1500,1499,988,1500,1500,1500,1500,1500,1500,1500,1372,2012,1500,1543,1500,2012,1500,1505,1502,1500,1520,1505,1500,2012,8.2
2025-05-02,11:54:56.980,-57,-55,10,3673,160,42,1,16,393,26,828,-3,5,7,-2,345,515,-1,-1,-1,-1,0x1020480010440005,1507,1500,1500,1500,2012,1499,1503,1500,1500,1499,988,1500,1500,1500,1500,1500,1500,1500,1500,2012,1500,1543,1500,2012,1500,1505,1502,1500,1520,1505,1500,2012,8.2
2025-05-02,11:54:57.480,-57,-57,10,3673,260,42,1,16,0,26,828,-3,5,7,-2,345,515,-1,-1,-1,-1,0x1020480010440005,1507,1501,1500,1500,2012,1499,1503,1500,1500,1499,988,1500,1500,1500,1500,1500,1500,1500,1500,2012,1500,1543,1500,2012,1500,1506,1503,1500,1520,1505,1500,2012,8.2
2025-05-02,11:54:57.980,-57,-59,10,3674,480,42,1,16,0,26,828,-481,8,7,-2,344,515,-1,-1,-1,-1,0x1020480014440005,1400,1501,1500,1500,2012,1260,1505,1500,1500,1259,988,1500,1500,1500,1500,1500,1500,1500,1500,2012,1500,1543,1500,2012,1500,1508,1504,1500,1520,1505,1500,2012,8.2
2025-05-02,11:54:58.480,-56,-60,10,3674,590,42,1,16,0,26,828,-542,341,6,-2,345,515,-1,-1,-1,-1,0x1020480014440805,1382,1540,1500,1500,2012,1229,1733,1500,1500,1229,988,1500,1500,1500,1500,1500,1500,1500,1372,1628,1500,1543,1500,2012,1500,1784,1660,1500,1520,1505,1500,2012,8.2
2025-05-02,11:54:58.980,-54,-60,10,3673,200,43,1,16,2789,26,829,-548,-554,7,-2,345,515,-1,-1,-1,-1,0x1020480016480805,1380,1321,1500,1498,2012,1226,1223,1320,1500,1226,988,1500,1500,1500,1500,1500,1500,1319,999,2012,1500,1543,1500,2012,1500,1753,1500,1500,1520,1505,1500,2012,8.2
2025-05-02,11:54:59.480,-53,-61,10,3673,180,43,1,16,0,26,829,-461,4,6,-2,344,515,-1,-1,-1,-1,0x1020480014440805,1406,1500,1500,1500,2012,1270,1502,1500,1500,1269,988,1500,1500,1500,1500,1500,1500,1500,1372,2012,1500,1543,1500,2012,1500,1504,1501,1500,1520,1505,1500,2012,8.2
2025-05-02,11:54:59.980,-52,-61,10,3673,210,43,1,16,1110,26,829,-1,9,7,-2,345,515,-1,-1,-1,-1,0x1020480010440005,1508,1501,1500,1500,2012,1500,1506,1500,1500,1500,988,1500,1500,1500,1500,1500,1500,1500,1372,2012,1500,1543,1500,2012,1500,1508,1505,1500,1520,1505,1500,2012,8.2
2025-05-02,11:55:00.480,-51,-61,10,3673,170,43,1,16,736,26,829,1,7,6,-2,344,515,-1,-1,-1,-1,0x1020480010440005,1508,1501,1500,1500,2012,1500,1505,1500,1500,1500,988,1500,1500,1500,1500,1500,1500,1500,1500,2012,1500,1543,1500,2012,1500,1507,1503,1500,1520,1505,1500,2012,8.2
2025-05-02,11:55:00.980,-50,-61,10,3674,190,43,1,16,353,26,829,-3,8,6,-2,345,515,-1,-1,-1,-1,0x1020480010440005,1507,1501,1500,1500,2012,1499,1505,1500,1500,1499,988,1500,1500,1500,1500,1500,1500,1500,1500,2012,1500,1543,1500,2012,1500,1508,1504,1500,1520,1505,1500,2012,8.2
2025-05-02,11:55:01.480,-50,-61,10,3674,170,43,1,16,0,26,829,-2,8,6,-2,344,515,-1,-1,-1,-1,0x1020480010440005,1507,1501,1500,1500,2012,1499,1505,1500,1500,1499,988,1500,1500,1500,1500,1500,1500,1500,1500,2012,1500,1543,1500,2012,1500,1508,1504,1500,1520,1505,1500,2012,8.2
2025-05-02,11:55:01.980,-50,-61,10,3675,160,42,1,16,0,26,829,-2,8,6,-2,344,515,-1,-1,-1,-1,0x1020480010440005,1508,1501,1500,1500,2012,1499,1505,1500,1500,1500,988,1500,1500,1500,1500,1500,1500,1500,1500,2012,1500,1543,1500,2012,1500,1508,1504,1500,1520,1505,1500,2012,8.2
2025-05-02,11:55:02.480,-51,-61,10,3675,160,42,1,16,0,26,829,-2,8,7,-2,345,515,-1,-1,-1,-1,0x1020480010440004,1507,1501,1500,1500,2012,1499,1505,1500,1500,1499,988,1500,1500,1500,1500,1500,1500,1500,1500,2012,1500,1543,1500,2012,1500,1508,1504,1500,1520,1505,1500,2012,8.2
2025-05-02,11:55:02.980,-52,-61,10,3675,260,42,1,16,0,26,829,-2,9,7,-2,344,515,-1,-1,-1,-1,0x1020480010440004,1507,1501,1500,1500,2012,1499,1506,1500,1500,1499,988,1500,1500,1500,1500,1500,1500,1500,1500,2012,1500,1543,1500,2012,1500,1509,1505,1500,1520,1505,1500,2012,8.2
2025-05-02,11:55:03.480,-52,-61,10,3676,170,42,1,16,0,26,829,-2,9,6,-2,345,515,-1,-1,-1,-1,0x1020480010440004,1507,1501,1500,1500,2012,1499,1506,1500,1500,1499,988,1500,1500,1500,1500,1500,1500,1500,1500,2012,1500,1543,1500,2012,1500,1509,1505,1500,1520,1505,1500,2012,8.2
2025-05-02,11:55:03.980,-51,-61,10,3676,160,42,1,16,0,26,829,-2,9,7,-2,344,515,-1,-1,-1,-1,0x1020480010440004,1507,1501,1500,1500,2012,1499,1506,1500,1500,1499,988,1500,1500,1500,1500,1500,1500,1500,1500,2012,1500,1543,1500,2012,1500,1509,1505,1500,1520,1505,1500,2012,8.2
2025-05-02,11:55:04.480,-51,-61,10,3676,160,42,1,16,0,26,829,-2,10,7,-2,344,515,-1,-1,-1,-1,0x1020480010440004,1507,1501,1500,1500,2012,1499,1507,1500,1500,1499,988,1500,1500,1500,1500,1500,1500,1500,1500,2012,1500,1543,1500,2012,1500,1510,1505,1500,1520,1505,1500,2012,8.2
2025-05-02,11:55:04.980,-51,-61,10,3676,170,42,1,16,0,26,829,-2,11,6,-2,345,515,-1,-1,-1,-1,0x1020480010440004,1507,1501,1500,1500,2012,1499,1507,1500,1500,1499,988,1500,1500,1500,1500,1500,1500,1500,1500,2012,1500,1543,1500,2012,1500,1512,1506,1500,1520,1505,1500,2012,8.2
2025-05-02,11:55:05.480,-52,-61,10,3676,180,42,1,16,0,26,829,-3,433,6,-2,344,515,-1,-1,-1,-1,0x1020480010440004,1507,1552,1500,1500,2012,1499,1796,1500,1500,1499,988,1500,1500,1500,1500,1500,1500,1500,1372,1628,1500,1543,1500,2012,1500,1840,1710,1500,1520,1505,1500,2012,8.2
2025-05-02,11:55:05.980,-51,-61,10,3676,490,42,1,16,2253,26,830,306,153,6,-2,345,515,-1,-1,-1,-1,0x1020480014440005,1583,1519,1500,1500,2012,1653,1605,1500,1500,1647,988,1500,1500,1500,1500,1500,1500,1500,1372,1628,1500,1543,1500,2012,1500,1670,1578,1500,1520,1505,1500,2012,8.2
2025-05-02,11:55:06.480,-55,-54,10,3671,3340,42,1,16,2133,26,830,667,713,6,-2,344,515,-1,-1,-1,-1,0x1020480014442005,1672,1618,1500,1500,2012,1833,1988,1500,1500,1827,988,1500,1500,1500,1500,1500,1500,1500,1372,1628,1500,1543,1500,2012,1500,1995,1960,1500,1520,1505,1500,2012,8.2
2025-05-02,11:55:06.980,-55,-51,10,3664,540,42,1,16,2206,26,831,0,252,7,-2,344,515,-1,-1,-1,-1,0x1020480010440005,1508,1533,1500,1500,2012,1500,1672,1500,1500,1500,988,1500,1500,1500,1500,1500,1500,1500,1372,1628,1500,1543,1500,2012,1500,1730,1631,1500,1520,1505,1500,2012,8.2
2025-05-02,11:55:07.480,-55,-47,10,3662,4880,43,1,16,3139,26,832,475,617,6,-2,345,515,-1,-1,-1,-1,0x1020480014442005,1624,1592,1500,1500,2012,1737,1922,1500,1500,1737,988,1500,1500,1500,1500,1500,1500,1500,1372,1628,1500,1543,1500,2012,1500,1948,1867,1500,1520,1505,1500,2012,8.2
2025-05-02,11:55:07.980,-49,-48,10,3662,2320,43,1,16,3844,26,832,686,617,6,-2,345,515,-1,-1,-1,-1,0x1020480014442005,1678,1592,1500,1500,2012,1843,1922,1500,1500,1838,988,1500,1500,1500,1500,1500,1500,1500,1372,1628,1500,1543,1500,2012,1500,1948,1866,1500,1520,1505,1500,2012,8.2
2025-05-02,11:55:08.480,-41,-36,10,3660,1680,43,1,16,3362,26,832,769,453,6,-2,344,515,-1,-1,-1,-1,0x1020480014440005,1711,1558,1500,1500,2012,1884,1810,1500,1500,1891,988,1500,1500,1500,1500,1500,1500,1500,1372,1628,1500,1543,1500,2012,1500,1861,1732,1500,1520,1505,1500,2012,8.2
2025-05-02,11:55:08.980,-51,-50,10,3666,50,43,1,16,2984,26,833,5,-451,7,-2,345,515,-1,-1,-1,-1,0x10204800124C0005,1506,1324,1500,1498,2012,1502,1275,1323,1500,1496,988,1500,1500,1500,1500,1500,1500,1322,1069,2012,1500,1543,1500,2012,1500,1221,1500,1500,1520,1505,1500,2012,8.2
2025-05-02,11:55:09.480,-46,-55,10,3671,450,43,1,16,2005,26,833,3,10,6,-2,345,515,-1,-1,-1,-1,0x1020480010440005,1508,1501,1500,1500,2012,1501,1507,1500,1500,1501,988,1500,1500,1500,1500,1500,1500,1500,1372,2012,1500,1543,1500,2012,1500,1510,1505,1500,1520,1505,1500,2012,8.2
2025-05-02,11:55:09.980,-48,-55,10,3674,160,43,1,16,1603,26,833,3,409,6,-2,344,515,-1,-1,-1,-1,0x1020480010440005,1508,1550,1500,1500,2012,1501,1780,1500,1500,1501,988,1500,1500,1500,1500,1500,1500,1500,1372,1628,1500,1543,1500,2012,1500,1834,1700,1500,1520,1505,1500,2012,8.2
2025-05-02,11:55:10.480,-50,-55,10,3674,7620,43,1,16,5417,26,834,3,1001,6,-2,344,515,-1,-1,-1,-1,0x1020480010442005,1508,1628,1500,1500,2012,1501,2012,1500,1500,1501,988,1500,1500,1500,1500,1500,1500,1500,1372,1628,1500,1543,1500,2012,1500,2012,2012,1500,1520,1505,1500,2012,8.2
2025-05-02,11:55:10.980,-54,-51,10,3649,1050,43,1,16,5879,26,834,689,6,7,-2,345,515,-1,-1,-1,-1,0x1020480014440405,1682,1501,1500,1500,2012,1844,1504,1500,1500,1844,988,1500,1500,1500,1500,1500,1500,1500,988,2012,1500,1543,1500,2012,1500,1867,1503,1500,1520,1505,1500,2012,8.2
2025-05-02,11:55:11.480,-56,-55,10,3649,20,43,1,16,4314,26,834,1024,-310,6,-2,344,515,-1,-1,-1,-1,0x10204800164C0405,1808,1370,1500,1499,2012,2012,1345,1369,1500,2007,988,1500,1500,1500,1500,1500,1500,1369,1111,2012,1500,1543,1500,2012,1500,1290,1500,1500,1520,1505,1500,2012,8.2
2025-05-02,11:55:11.980,-56,-60,10,3668,1060,44,1,16,2495,26,834,1024,395,6,-2,344,515,-1,-1,-1,-1,0x1020480014440405,1812,1547,1500,1500,2012,2012,1770,1500,1500,2012,988,1500,1500,1500,1500,1500,1500,1500,1372,1628,1500,1543,1500,2012,1500,1819,1687,1500,1520,1505,1500,2012,8.2
2025-05-02,11:55:12.480,-63,-72,10,3669,3670,45,1,16,2044,26,835,454,703,6,-2,344,515,-1,-1,-1,-1,0x1020480014442405,1627,1616,1500,1500,2012,1719,1988,1500,1500,1744,988,1500,1500,1500,1500,1500,1500,1500,1372,1628,1500,1543,1500,2012,1500,1990,1961,1500,1520,1505,1500,2012,8.2
2025-05-02,11:55:12.980,-65,-61,10,3667,2220,45,1,16,5615,27,836,-142,749,6,-2,344,515,-1,-1,-1,-1,0x1020480014442405,1484,1628,1500,1500,2012,1429,2012,1500,1500,1437,988,1500,1500,1500,1500,1500,1500,1500,1372,1628,1500,1543,1500,2012,1500,2005,1996,1500,1520,1505,1500,2012,8.2
2025-05-02,11:55:13.480,-65,-58,10,3653,2560,45,1,16,5820,27,836,-661,613,6,-2,345,515,-1,-1,-1,-1,0x1020480014442C05,1339,1591,1500,1500,2012,1170,1920,1500,1500,1169,988,1500,1500,1500,1500,1500,1500,1500,1372,1628,1500,1543,1500,2012,1500,1947,1865,1500,1520,1505,1500,2012,8.2
2025-05-02,11:55:13.980,-65,-52,10,3660,4820,45,1,16,5195,27,837,4,503,6,-2,345,515,-1,-1,-1,-1,0x1020480010440405,1508,1571,1500,1500,2012,1502,1844,1500,1500,1502,988,1500,1500,1500,1500,1500,1500,1500,1372,1628,1500,1543,1500,2012,1500,1911,1783,1500,1520,1505,1500,2012,8.2
2025-05-02,11:55:14.480,-65,-45,10,3663,4140,44,1,16,4532,27,837,-2,629,7,-2,345,515,-1,-1,-1,-1,0x1020480010442405,1504,1595,1500,1500,2012,1499,1931,1500,1500,1491,988,1500,1500,1500,1500,1500,1500,1500,1372,1628,1500,1543,1500,2012,1500,1954,1880,1500,1520,1505,1500,2012,8.2
2025-05-02,11:55:14.980,-65,-45,10,3663,220,44,1,16,4810,27,837,765,-261,7,-2,345,515,-1,-1,-1,-1,0x10204800164C0005,1707,1386,1500,1499,2012,1882,1370,1385,1500,1882,988,1500,1500,1500,1500,1500,1500,1385,1018,2012,1500,1543,1500,2012,1500,1392,1500,1500,1520,1505,1500,2012,8.2
2025-05-02,11:55:15.480,-49,-49,10,3668,370,44,1,16,3582,27,837,791,9,6,-2,345,515,-1,-1,-1,-1,0x1020480014440005,1709,1501,1500,1500,2012,1895,1506,1500,1500,1888,988,1500,1500,1500,1500,1500,1500,1500,1372,2012,1500,1543,1500,2012,1500,1509,1504,1500,1520,1505,1500,2012,8.2
2025-05-02,11:55:15.980,-53,-50,10,3670,1440,45,1,16,2541,27,837,1021,180,6,-2,344,515,-1,-1,-1,-1,0x1020480014440005,1809,1519,1500,1500,2012,2010,1623,1500,1500,2010,988,1500,1500,1500,1500,1500,1500,1500,1372,1628,1500,1543,1500,2012,1500,1661,1578,1500,1520,1505,1500,2012,8.2
2025-05-02,11:55:16.480,-55,-54,10,3670,470,45,1,16,1504,27,837,817,15,6,-2,345,515,-1,-1,-1,-1,0x1020480014440005,1725,1502,1500,1500,2012,1908,1510,1500,1500,1916,988,1500,1500,1500,1500,1500,1500,1500,1168,1832,1500,1543,1500,2012,1500,1516,1509,1500,1520,1505,1500,2012,8.2
2025-05-02,11:55:16.980,-56,-54,10,3670,480,45,1,16,962,27,837,674,0,6,-2,345,515,-1,-1,-1,-1,0x1020480014400005,1678,1500,1500,1500,2012,1837,1500,1500,1500,1837,988,1500,1500,1500,1500,1500,1500,1500,1372,2012,1500,1543,1500,2012,1500,1500,1500,1500,1520,1505,1500,2012,8.2
2025-05-02,11:55:17.480,-59,-58,10,3671,550,46,1,16,439,27,838,524,11,7,-2,344,515,-1,-1,-1,-1,0x1020480014440005,1636,1501,1500,1500,2012,1762,1507,1500,1500,1762,988,1500,1500,1500,1500,1500,1500,1500,1372,2012,1500,1543,1500,2012,1500,1512,1506,1500,1520,1505,1500,2012,8.2
2025-05-02,11:55:17.980,-59,-59,10,3672,10200,46,1,16,2827,27,838,433,612,6,-2,344,515,-1,-1,-1,-1,0x1020480014442005,1617,1591,1500,1500,2012,1716,1911,1500,1500,1722,988,1500,1500,1500,1500,1500,1500,1500,1372,1628,1500,1543,1500,2012,1500,1951,1874,1500,1520,1505,1500,2012,8.2
2025-05-02,11:55:18.480,-59,-57,10,3671,4070,43,1,16,2218,27,838,342,441,7,-2,344,515,-1,-1,-1,-1,0x1020480014440005,1594,1561,1500,1500,2012,1671,1802,1500,1500,1671,988,1500,1500,1500,1500,1500,1500,1500,1372,1628,1500,1543,1500,2012,1500,1875,1744,1500,1520,1505,1500,2012,8.2
2025-05-02,11:55:18.980,-59,-53,10,3668,1620,43,1,16,3064,27,838,197,544,6,-2,345,515,-1,-1,-1,-1,0x1020480014440005,1557,1572,1500,1500,2012,1598,1872,1500,1500,1598,988,1500,1500,1500,1500,1500,1500,1500,1372,1628,1500,1543,1500,2012,1500,1910,1789,1500,1520,1505,1500,2012,8.2
2025-05-02,11:55:19.480,-59,-54,10,3663,7450,43,1,16,5625,27,839,-5,1024,6,-2,345,515,-1,-1,-1,-1,0x1020480010442005,1507,1628,1500,1500,2012,1498,2012,1500,1500,1498,988,1500,1500,1500,1500,1500,1500,1500,1372,1628,1500,1543,1500,2012,1500,2012,2012,1500,1520,1505,1500,2012,8.2
2025-05-02,11:55:19.980,-56,-59,10,3648,5050,43,1,16,6865,27,840,278,1024,6,-2,345,515,-1,-1,-1,-1,0x1020480014442405,1575,1628,1500,1500,2012,1639,2012,1500,1500,1631,988,1500,1500,1500,1500,1500,1500,1500,1372,1628,1500,1543,1500,2012,1500,2012,2012,1500,1520,1505,1500,2012,8.2
2025-05-02,11:55:20.480,-58,-52,10,3648,650,43,1,16,6344,27,840,529,641,6,-2,344,515,-1,-1,-1,-1,0x1020480014442405,1637,1599,1500,1500,2012,1764,1939,1500,1500,1764,988,1500,1500,1500,1500,1500,1500,1500,1372,1628,1500,1543,1500,2012,1500,1952,1876,1500,1520,1505,1500,2012,8.2
2025-05-02,11:55:20.980,-54,-53,10,3649,890,43,1,16,6178,27,841,962,-22,6,-2,345,515,-1,-1,-1,-1,0x1020480014440405,1773,1490,1500,1500,2012,1981,1489,1490,1500,1975,988,1500,1500,1500,1500,1500,1500,1490,988,2012,1500,1543,1500,2012,1500,1697,1500,1500,1520,1505,1500,2012,8.2
2025-05-02,11:55:21.480,-54,-54,10,3664,630,44,1,16,3443,27,841,1024,406,6,-2,345,515,-1,-1,-1,-1,0x1020480014440405,1812,1550,1500,1500,2012,2012,1778,1500,1500,2012,988,1500,1500,1500,1500,1500,1500,1500,1372,1628,1500,1543,1500,2012,1500,1833,1699,1500,1520,1505,1500,2012,8.2
2025-05-02,11:55:21.980,-57,-56,10,3666,6900,45,1,16,3334,27,841,1019,562,6,-2,345,515,-1,-1,-1,-1,0x1020480014440405,1811,1580,1500,1500,2012,2009,1885,1500,1500,2009,988,1500,1500,1500,1500,1500,1500,1500,1372,1628,1500,1543,1500,2012,1500,1925,1819,1500,1520,1505,1500,2012,8.2
2025-05-02,11:55:22.480,-66,-67,10,3663,10270,44,1,16,4961,27,842,-2,936,6,-2,344,515,-1,-1,-1,-1,0x1020480010442405,1507,1628,1500,1500,2012,1499,2012,1500,1500,1499,988,1500,1500,1500,1500,1500,1500,1500,1372,1628,1500,1543,1500,2012,1500,2012,2012,1500,1520,1505,1500,2012,8.2
2025-05-02,11:55:22.980,-66,-64,10,3650,410,44,1,16,5918,27,842,-3,133,6,-2,344,515,-1,-1,-1,-1,0x1020480010440405,1507,1511,1500,1500,2012,1499,1591,1500,1500,1499,988,1500,1500,1500,1500,1500,1500,1500,1372,1628,1500,1543,1500,2012,1500,1891,1543,1500,1520,1505,1500,2012,8.2
2025-05-02,11:55:23.480,-54,-60,10,3656,410,43,1,16,5458,27,843,-1,570,7,-2,344,515,-1,-1,-1,-1,0x1020480010440405,1508,1575,1500,1500,2012,1500,1890,1500,1500,1500,988,1500,1500,1500,1500,1500,1500,1500,1372,1628,1500,1543,1500,2012,1500,1917,1802,1500,1520,1505,1500,2012,8.2
2025-05-02,11:55:23.980,-57,-60,10,3665,1690,43,1,16,5804,27,843,-385,347,6,-2,345,515,-1,-1,-1,-1,0x1020480014440005,1427,1548,1500,1500,2012,1308,1737,1500,1500,1308,988,1500,1500,1500,1500,1500,1500,1500,1372,1628,1500,1543,1500,2012,1500,1833,1692,1500,1520,1505,1500,2012,8.2
2025-05-02,11:55:24.480,-53,-60,10,3665,2110,43,1,16,3858,27,843,-700,642,6,-2,345,515,-1,-1,-1,-1,0x1020480014442805,1324,1599,1500,1500,2012,1150,1939,1500,1500,1151,988,1500,1500,1500,1500,1500,1500,1500,1372,1628,1500,1543,1500,2012,1500,1960,1893,1500,1520,1505,1500,2012,8.2
2025-05-02,11:55:24.980,-35,-60,10,3661,2430,43,1,16,4010,27,844,-598,438,6,-2,344,515,-1,-1,-1,-1,0x1020480014440805,1363,1558,1500,1500,2012,1201,1800,1500,1500,1201,988,1500,1500,1500,1500,1500,1500,1500,1372,1628,1500,1543,1500,2012,1500,1862,1731,1500,1520,1505,1500,2012,8.2
2025-05-02,11:55:25.480,-48,-42,10,3661,550,43,1,16,2114,27,844,-554,6,6,-2,344,515,-1,-1,-1,-1,0x1020480014440805,1381,1501,1500,1500,2012,1223,1504,1500,1500,1228,988,1500,1500,1500,1500,1500,1500,1500,1234,2012,1500,1543,1500,2012,1500,1507,1503,1500,1520,1505,1500,2012,8.2
2025-05-02,11:55:25.980,-61,-57,10,3668,210,43,1,16,1444,27,844,-42,5,7,-2,345,515,-1,-1,-1,-1,0x1020480010440005,1502,1500,1500,1500,2012,1479,1503,1500,1500,1485,988,1500,1500,1500,1500,1500,1500,1500,1372,2012,1500,1543,1500,2012,1500,1505,1502,1500,1520,1505,1500,2012,8.2
2025-05-02,11:55:26.480,-70,-58,10,3670,230,43,1,16,1959,27,844,-24,10,6,-2,344,516,-1,-1,-1,-1,0x1020480010440005,1503,1501,1500,1500,2012,1488,1507,1500,1500,1489,988,1500,1500,1500,1500,1500,1500,1500,1372,2012,1500,1543,1500,2012,1500,1510,1505,1500,1520,1505,1500,2012,8.2
2025-05-02,11:55:26.980,-70,-56,10,3670,11020,43,1,16,3911,27,844,103,762,6,-2,345,515,-1,-1,-1,-1,0x1020480014442005,1531,1628,1500,1500,2012,1551,2012,1500,1500,1546,988,1500,1500,1500,1500,1500,1500,1500,1372,1628,1500,1543,1500,2012,1500,2012,2012,1500,1520,1505,1500,2012,8.2
2025-05-02,11:55:27.480,-70,-55,10,3664,5310,43,1,16,5376,27,845,219,725,6,-2,344,515,-1,-1,-1,-1,0x1020480014442005,1560,1621,1500,1500,2012,1609,1996,1500,1500,1604,988,1500,1500,1500,1500,1500,1500,1500,1372,1628,1500,1543,1500,2012,1500,2000,1985,1500,1520,1505,1500,2012,8.2
2025-05-02,11:55:27.980,-70,-51,10,3650,2660,43,1,16,5493,27,845,784,659,6,-2,344,515,-1,-1,-1,-1,0x1020480014442405,1712,1603,1500,1500,2012,1892,1951,1500,1500,1892,988,1500,1500,1500,1500,1500,1500,1500,1372,1628,1500,1543,1500,2012,1500,1969,1913,1500,1520,1505,1500,2012,8.2
2025-05-02,11:55:28.480,-51,-58,10,3655,1960,43,1,16,4670,27,846,948,553,6,-2,344,515,-1,-1,-1,-1,0x1020480014440405,1771,1574,1500,1500,2012,1974,1879,1500,1500,1973,988,1500,1500,1500,1500,1500,1500,1500,1372,1628,1500,1543,1500,2012,1500,1915,1798,1500,1520,1505,1500,2012,8.2
2025-05-02,11:55:28.980,-54,-52,10,3659,3800,44,1,16,3558,27,846,766,558,6,-2,344,515,-1,-1,-1,-1,0x1020480014440405,1710,1579,1500,1500,2012,1882,1881,1500,1500,1889,988,1500,1500,1500,1500,1500,1500,1500,1372,1628,1500,1543,1500,2012,1500,1918,1815,1500,1520,1505,1500,2012,8.2
2025-05-02,11:55:29.480,-58,-62,10,3660,1150,45,1,16,3493,27,846,752,516,7,-2,345,515,-1,-1,-1,-1,0x1020480014440405,1703,1564,1500,1500,2012,1876,1853,1500,1500,1876,988,1500,1500,1500,1500,1500,1500,1500,1372,1628,1500,1543,1500,2012,1500,1890,1757,1500,1520,1505,1500,2012,8.2
2025-05-02,11:55:29.980,-62,-50,10,3657,6620,46,1,16,5707,27,847,376,869,6,-2,344,515,-1,-1,-1,-1,0x1020480014442405,1604,1628,1500,1500,2012,1688,2012,1500,1500,1694,988,1500,1500,1500,1500,1500,1500,1500,1372,1628,1500,1543,1500,2012,1500,2012,2012,1500,1520,1505,1500,2012,8.2
2025-05-02,11:55:30.480,-62,-53,10,3645,5070,45,1,16,6957,27,848,-1,1024,6,-2,345,515,-1,-1,-1,-1,0x1020480010442405,1507,1628,1500,1500,2012,1500,2012,1500,1500,1499,988,1500,1500,1500,1500,1500,1500,1500,1372,1628,1500,1543,1500,2012,1500,2012,2012,1500,1520,1505,1500,2012,8.2
2025-05-02,11:55:30.980,-56,-55,10,3644,1020,45,1,16,7028,27,848,483,532,6,-2,345,515,-1,-1,-1,-1,0x1020480014440405,1626,1570,1500,1500,2012,1741,1864,1500,1500,1741,988,1500,1500,1500,1500,1500,1500,1500,1372,1628,1500,1543,1500,2012,1500,1904,1782,1500,1520,1505,1500,2012,8.2
2025-05-02,11:55:31.480,-61,-63,10,3657,460,44,1,16,5868,27,848,169,428,6,-2,345,515,-1,-1,-1,-1,0x1020480014440405,1550,1553,1500,1500,2012,1584,1793,1500,1500,1584,988,1500,1500,1500,1500,1500,1500,1500,1372,1628,1500,1543,1500,2012,1500,1846,1714,1500,1520,1505,1500,2012,8.2
2025-05-02,11:55:31.980,-57,-63,10,3666,180,44,1,16,4014,27,848,115,26,7,-2,345,515,-1,-1,-1,-1,0x1020480014440005,1536,1504,1500,1500,2012,1557,1518,1500,1500,1557,988,1500,1500,1500,1500,1500,1500,1500,1090,2012,1500,1543,1500,2012,1500,1527,1515,1500,1520,1505,1500,2012,8.2
2025-05-02,11:55:32.480,-56,-63,10,3667,360,43,1,16,703,27,849,106,12,6,-2,345,515,-1,-1,-1,-1,0x1020480014440005,1534,1501,1500,1500,2012,1553,1508,1500,1500,1553,988,1500,1500,1500,1500,1500,1500,1500,1372,2012,1500,1543,1500,2012,1500,1512,1506,1500,1520,1505,1500,2012,8.2
2025-05-02,11:55:32.980,-57,-63,10,3668,400,43,1,16,0,27,849,14,8,6,-2,345,515,-1,-1,-1,-1,0x1020480010440005,1511,1501,1500,1500,2012,1507,1505,1500,1500,1507,988,1500,1500,1500,1500,1500,1500,1500,1372,2012,1500,1543,1500,2012,1500,1508,1504,1500,1520,1505,1500,2012,8.2
2025-05-02,11:55:33.480,-56,-63,10,3668,440,43,1,16,0,27,849,-2,-199,7,-2,345,515,-1,-1,-1,-1,0x1020480012480005,1507,1419,1500,1499,2012,1499,1401,1419,1500,1499,988,1500,1500,1500,1500,1500,1500,1418,1500,2012,1500,1543,1500,2012,1500,1327,1500,1500,1520,1505,1500,2012,8.2
2025-05-02,11:55:33.980,-59,-63,10,3668,500,43,1,16,0,27,849,-4,2,6,-2,344,515,-1,-1,-1,-1,0x1020480010440005,1507,1500,1500,1500,2012,1498,1501,1500,1500,1498,988,1500,1500,1500,1500,1500,1500,1500,1500,2012,1500,1543,1500,2012,1500,1501,1500,1500,1520,1505,1500,2012,8.2
2025-05-02,11:55:34.480,-65,-63,10,3669,470,43,1,16,0,27,849,-5,5,6,-2,345,515,-1,-1,-1,-1,0x1020480010440005,1507,1500,1500,1500,2012,1498,1503,1500,1500,1498,988,1500,1500,1500,1500,1500,1500,1500,1500,2012,1500,1543,1500,2012,1500,1505,1502,1500,1520,1505,1500,2012,8.2
2025-05-02,11:55:34.980,-65,-57,10,3669,460,44,1,16,0,27,849,-5,7,6,-2,345,515,-1,-1,-1,-1,0x1020480010440005,1507,1501,1500,1500,2012,1498,1505,1500,1500,1498,988,1500,1500,1500,1500,1500,1500,1500,1500,2012,1500,1543,1500,2012,1500,1506,1503,1500,1520,1505,1500,2012,8.2
2025-05-02,11:55:35.480,-58,-60,10,3669,430,44,1,16,0,27,849,-5,66,6,-2,345,515,-1,-1,-1,-1,0x1020480010440004,1507,1509,1500,1500,2012,1498,1545,1500,1500,1498,988,1500,1500,1500,1500,1500,1500,1500,1372,1628,1500,1543,1500,2012,1500,1568,1538,1500,1520,1505,1500,2012,8.2
2025-05-02,11:55:35.980,-63,-62,10,3670,520,43,1,16,0,27,849,-5,12,6,-2,344,515,-1,-1,-1,-1,0x1020480010440005,1507,1501,1500,1500,2012,1498,1508,1500,1500,1498,988,1500,1500,1500,1500,1500,1500,1500,1326,2012,1500,1543,1500,2012,1500,1512,1506,1500,1520,1505,1500,2012,8.2
2025-05-02,11:55:36.480,-62,-56,10,3670,260,43,1,16,0,27,849,-4,11,6,-2,344,515,-1,-1,-1,-1,0x1020480010440005,1507,1501,1500,1500,2012,1498,1507,1500,1500,1498,988,1500,1500,1500,1500,1500,1500,1500,1372,2012,1500,1543,1500,2012,1500,1512,1506,1500,1520,1505,1500,2012,8.2
2025-05-02,11:55:36.980,-62,-59,10,3671,260,43,1,16,0,27,849,-4,14,7,-2,345,515,-1,-1,-1,-1,0x1020480010440005,1507,1502,1500,1500,2012,1498,1509,1500,1500,1498,988,1500,1500,1500,1500,1500,1500,1500,1469,2012,1500,1543,1500,2012,1500,1515,1507,1500,1520,1505,1500,2012,8.2
2025-05-02,11:55:37.480,-57,-59,10,3671,310,43,1,16,0,27,849,-3,11,6,-2,344,515,-1,-1,-1,-1,0x1020480010440005,1507,1501,1500,1500,2012,1499,1507,1500,1500,1499,988,1500,1500,1500,1500,1500,1500,1500,1500,2012,1500,1543,1500,2012,1500,1512,1506,1500,1520,1505,1500,2012,8.2
2025-05-02,11:55:37.980,-57,-52,10,3671,270,43,1,16,0,27,849,87,10,7,-2,344,515,-1,-1,-1,-1,0x1020480014440005,1523,1501,1500,1500,2012,1549,1507,1500,1500,1531,988,1500,1500,1500,1500,1500,1500,1500,1500,2012,1500,1543,1500,2012,1500,1510,1505,1500,1520,1505,1500,2012,8.2
2025-05-02,11:55:38.480,-57,-50,10,3671,3680,43,1,16,1103,27,849,423,29,6,-2,344,515,-1,-1,-1,-1,0x1020480014440005,1624,1509,1500,1500,2012,1711,1520,1500,1500,1736,988,1500,1500,1500,1500,1500,1500,1500,1372,1628,1500,1543,1500,2012,1500,1729,1538,1500,1520,1505,1500,2012,8.2
2025-05-02,11:55:38.980,-65,-60,10,3670,610,44,1,16,503,27,849,1024,9,6,-2,344,515,-1,-1,-1,-1,0x1020480014440005,1812,1501,1500,1500,2012,2012,1506,1500,1500,2012,988,1500,1500,1500,1500,1500,1500,1500,1347,2012,1500,1543,1500,2012,1500,1508,1504,1500,1520,1505,1500,2012,8.2
2025-05-02,11:55:39.480,-65,-58,10,3670,660,44,1,16,0,27,849,1023,10,6,-2,345,515,-1,-1,-1,-1,0x1020480014440005,1803,1501,1500,1500,2012,2011,1507,1500,1500,2011,988,1500,1500,1500,1500,1500,1500,1500,1372,2012,1500,1543,1500,2012,1500,1510,1505,1500,1520,1505,1500,2012,8.2
2025-05-02,11:55:39.980,-64,-59,10,3671,300,44,1,16,0,27,849,1024,10,7,-2,344,515,-1,-1,-1,-1,0x1020480014440005,1803,1501,1500,1500,2012,2012,1507,1500,1500,2011,988,1500,1500,1500,1500,1500,1500,1500,1498,2012,1500,1543,1500,2012,1500,1512,1505,1500,1520,1505,1500,2012,8.2
2025-05-02,11:55:40.480,-64,-62,10,3671,1710,44,1,16,23,27,850,1024,538,6,-2,344,515,-1,-1,-1,-1,0x1020480014440005,1812,1570,1500,1500,2012,2012,1868,1500,1500,2012,988,1500,1500,1500,1500,1500,1500,1500,1372,1628,1500,1543,1500,2012,1500,1908,1780,1500,1520,1505,1500,2012,8.2
2025-05-02,11:55:40.980,-55,-65,10,3669,590,44,1,16,1625,27,850,779,496,6,-2,345,515,-1,-1,-1,-1,0x1020480014440005,1706,1565,1500,1500,2012,1889,1839,1500,1500,1881,988,1500,1500,1500,1500,1500,1500,1500,1372,1628,1500,1543,1500,2012,1500,1885,1759,1500,1520,1505,1500,2012,8.2
2025-05-02,11:55:41.480,-58,-65,10,3665,5650,44,1,16,3022,27,850,985,645,6,-2,344,515,-1,-1,-1,-1,0x1020480014442005,1777,1600,1500,1500,2012,2005,1942,1500,1500,1979,988,1500,1500,1500,1500,1500,1500,1500,1372,1628,1500,1543,1500,2012,1500,1962,1899,1500,1520,1505,1500,2012,8.2
2025-05-02,11:55:41.980,-63,-60,10,3653,9300,46,1,16,5295,27,851,342,1024,6,-2,345,515,-1,-1,-1,-1,0x1020480014442005,1594,1628,1500,1500,2012,1671,2012,1500,1500,1671,988,1500,1500,1500,1500,1500,1500,1500,1372,1628,1500,1543,1500,2012,1500,2012,2012,1500,1520,1505,1500,2012,8.2
2025-05-02,11:55:42.480,-65,-63,10,3644,5730,46,1,16,6620,27,852,-5,672,6,-2,345,515,-1,-1,-1,-1,0x1020480010442405,1507,1614,1500,1500,2012,1498,1960,1500,1500,1498,988,1500,1500,1500,1500,1500,1500,1500,1372,1628,1500,1543,1500,2012,1500,2012,2008,1500,1520,1505,1500,2012,8.2
2025-05-02,11:55:42.980,-56,-62,10,3645,840,45,1,16,6209,27,852,-407,351,6,-2,344,515,-1,-1,-1,-1,0x1020480014440405,1424,1546,1500,1500,2012,1297,1740,1500,1500,1302,988,1500,1500,1500,1500,1500,1500,1500,1372,1628,1500,1543,1500,2012,1500,1807,1683,1500,1520,1505,1500,2012,8.2
2025-05-02,11:55:43.480,-54,-62,10,3665,720,44,1,16,4843,27,853,-746,367,7,-2,345,515,-1,-1,-1,-1,0x1020480014440405,1309,1544,1500,1500,2012,1127,1751,1500,1500,1133,988,1500,1500,1500,1500,1500,1500,1500,1372,1628,1500,1543,1500,2012,1500,1800,1678,1500,1520,1505,1500,2012,8.2
2025-05-02,11:55:43.980,-53,-48,10,3666,1700,44,1,16,3113,27,853,-515,578,6,-2,344,515,-1,-1,-1,-1,0x1020480014440C05,1386,1584,1500,1500,2012,1243,1896,1500,1500,1235,988,1500,1500,1500,1500,1500,1500,1500,1372,1628,1500,1543,1500,2012,1500,1934,1837,1500,1520,1505,1500,2012,8.2
2025-05-02,11:55:44.480,-38,-50,10,3664,1840,44,1,16,3319,27,853,-497,452,6,-2,344,515,-1,-1,-1,-1,0x1020480014440405,1399,1553,1500,1500,2012,1252,1809,1500,1500,1258,988,1500,1500,1500,1500,1500,1500,1500,1372,1628,1500,1543,1500,2012,1500,1851,1713,1500,1520,1505,1500,2012,8.2
2025-05-02,11:55:44.980,-47,-47,10,3661,9800,44,1,16,5095,27,854,-289,795,6,-2,344,515,-1,-1,-1,-1,0x1020480014442C05,1454,1628,1500,1500,2012,1356,2012,1500,1500,1362,988,1500,1500,1500,1500,1500,1500,1500,1372,1628,1500,1543,1500,2012,1500,2012,2012,1500,1520,1505,1500,2012,8.2
2025-05-02,11:55:45.480,-59,-55,10,3649,740,44,1,16,5518,27,854,732,10,7,-2,344,515,-1,-1,-1,-1,0x1020480014440405,1693,1501,1500,1500,2012,1866,1507,1500,1500,1861,988,1500,1500,1500,1500,1500,1500,1500,1014,1986,1500,1543,1500,2012,1500,1882,1505,1500,1520,1505,1500,2012,8.2
2025-05-02,11:55:45.980,-59,-51,10,3657,980,45,1,16,3703,27,855,1024,364,6,-2,345,515,-1,-1,-1,-1,0x1020480014440405,1812,1542,1500,1500,2012,2012,1749,1500,1500,2012,988,1500,1500,1500,1500,1500,1500,1500,1372,1628,1500,1543,1500,2012,1500,1788,1668,1500,1520,1505,1500,2012,8.2
2025-05-02,11:55:46.480,-52,-53,10,3662,2810,45,1,16,2934,27,855,1024,547,6,-2,344,515,-1,-1,-1,-1,0x1020480014440005,1812,1576,1500,1500,2012,2012,1874,1500,1500,2012,988,1500,1500,1500,1500,1500,1500,1500,1372,1628,1500,1543,1500,2012,1500,1913,1805,1500,1520,1505,1500,2012,8.2
2025-05-02,11:55:46.980,-65,-61,10,3661,5330,45,1,16,4687,27,856,891,705,6,-2,344,515,-1,-1,-1,-1,0x1020480014442005,1744,1616,1500,1500,2012,1945,1990,1500,1500,1945,988,1500,1500,1500,1500,1500,1500,1500,1372,1628,1500,1543,1500,2012,1500,1991,1963,1500,1520,1505,1500,2012,8.2
2025-05-02,11:55:47.480,-71,-57,10,3642,5900,45,1,16,6071,27,856,69,1024,6,-2,344,515,-1,-1,-1,-1,0x1020480014442405,1525,1628,1500,1500,2012,1534,2012,1500,1500,1535,988,1500,1500,1500,1500,1500,1500,1500,1372,1628,1500,1543,1500,2012,1500,2012,2012,1500,1520,1505,1500,2012,8.2
2025-05-02,11:55:47.980,-71,-57,10,3641,5260,45,1,16,7292,27,857,564,1022,6,-2,344,515,-1,-1,-1,-1,0x1020480014442405,1646,1628,1500,1500,2012,1782,2012,1500,1500,1782,988,1500,1500,1500,1500,1500,1500,1500,1372,1628,1500,1543,1500,2012,1500,2012,2012,1500,1520,1505,1500,2012,8.2
2025-05-02,11:55:48.480,-58,-60,10,3644,720,44,1,16,6103,27,857,189,603,7,-2,344,515,-1,-1,-1,-1,0x1020480014440405,1555,1588,1500,1500,2012,1594,1913,1500,1500,1594,988,1500,1500,1500,1500,1500,1500,1500,1372,1628,1500,1543,1500,2012,1500,1941,1853,1500,1520,1505,1500,2012,8.2
2025-05-02,11:55:48.980,-58,-62,10,3659,820,44,1,16,5624,28,858,628,99,7,-2,344,515,-1,-1,-1,-1,0x1020480014440405,1668,1508,1500,1500,2012,1807,1583,1500,1500,1820,988,1500,1500,1500,1500,1500,1500,1500,1372,1628,1500,1543,1500,2012,1500,1579,1533,1500,1520,1505,1500,2012,8.2
2025-05-02,11:55:49.480,-54,-62,10,3662,710,44,1,16,4384,28,858,1023,227,6,-2,344,515,-1,-1,-1,-1,0x1020480014440405,1803,1523,1500,1500,2012,2011,1666,1500,1500,2011,988,1500,1500,1500,1500,1500,1500,1500,1372,1628,1500,1543,1500,2012,1500,1696,1592,1500,1520,1505,1500,2012,8.2
2025-05-02,11:55:49.950,-55,-62,10,3662,2050,44,1,16,3492,28,858,1024,552,7,-2,344,515,-1,-1,-1,-1,0x1020480014440405,1812,1577,1500,1500,2012,2012,1878,1500,1500,2012,988,1500,1500,1500,1500,1500,1500,1500,1372,1628,1500,1543,1500,2012,1500,1921,1810,1500,1520,1505,1500,2012,8.2
2025-05-02,11:55:50.450,-56,-62,10,3660,5800,45,1,16,3949,28,858,184,713,6,-2,344,515,-1,-1,-1,-1,0x1020480014442405,1561,1615,1500,1500,2012,1592,1988,1500,1500,1605,988,1500,1500,1500,1500,1500,1500,1500,1372,1628,1500,1543,1500,2012,1500,1989,1960,1500,1520,1505,1500,2012,8.2
2025-05-02,11:55:50.950,-66,-67,10,3644,4930,46,1,16,6320,28,859,1,225,6,-2,344,515,-1,-1,-1,-1,0x1020480010440405,1508,1535,1500,1500,2012,1500,1654,1500,1500,1501,988,1500,1500,1500,1500,1500,1500,1500,1372,1628,1500,1543,1500,2012,1500,2012,1639,1500,1520,1505,1500,2012,8.2
2025-05-02,11:55:51.450,-60,-67,10,3643,200,44,1,16,4176,28,859,-22,369,6,-2,344,515,-1,-1,-1,-1,0x1020480010440005,1503,1544,1500,1500,2012,1489,1761,1500,1500,1489,988,1500,1500,1500,1500,1500,1500,1500,1372,1628,1500,1543,1500,2012,1500,1810,1678,1500,1520,1505,1500,2012,8.2
2025-05-02,11:55:51.950,-55,-67,10,3657,3450,44,1,16,5200,28,860,-167,354,7,-2,344,515,-1,-1,-1,-1,0x1020480014440005,1476,1538,1500,1500,2012,1417,1758,1500,1500,1416,988,1500,1500,1500,1500,1500,1500,1500,1372,1628,1500,1543,1500,2012,1500,1881,1654,1500,1520,1505,1500,2012,8.2
2025-05-02,11:55:52.450,-54,-67,10,3662,2360,44,1,16,4544,28,860,-787,580,6,-2,345,515,-1,-1,-1,-1,0x1020480014442005,1285,1585,1500,1500,2012,1107,1897,1500,1500,1107,988,1500,1500,1500,1500,1500,1500,1500,1372,1628,1500,1543,1500,2012,1500,1948,1872,1500,1520,1505,1500,2012,8.2
2025-05-02,11:55:52.950,-36,-67,10,3658,10780,44,1,16,4767,28,861,-225,717,6,-2,345,515,-1,-1,-1,-1,0x1020480014442805,1462,1623,1500,1500,2012,1388,1991,1500,1500,1381,988,1500,1500,1500,1500,1500,1500,1500,1372,1628,1500,1543,1500,2012,1500,2004,1993,1500,1520,1505,1500,2012,8.2
2025-05-02,11:55:53.450,-39,-67,10,3657,1140,44,1,16,3551,28,861,-837,254,6,-2,344,515,-1,-1,-1,-1,0x1020480014440005,1260,1529,1500,1500,2012,1081,1681,1500,1500,1082,988,1500,1500,1500,1500,1500,1500,1500,1372,1628,1500,1543,1500,2012,1500,1760,1618,1500,1520,1505,1500,2012,8.2
2025-05-02,11:55:53.950,-50,-50,10,3657,3820,44,1,16,4738,28,861,-153,741,6,-2,344,515,-1,-1,-1,-1,0x1020480014442005,1481,1623,1500,1500,2012,1424,2007,1500,1500,1429,988,1500,1500,1500,1500,1500,1500,1500,1372,1628,1500,1543,1500,2012,1500,2003,1991,1500,1520,1505,1500,2012,8.2
2025-05-02,11:55:54.450,-74,-57,10,3654,910,45,1,16,5561,28,862,839,4,7,-2,345,515,-1,-1,-1,-1,0x1020480014440005,1721,1500,1500,1500,2012,1927,1502,1500,1500,1909,988,1500,1500,1500,1500,1500,1500,1500,1117,1883,1500,1543,1500,2012,1500,1810,1502,1500,1520,1505,1500,2012,8.2
2025-05-02,11:55:54.950,-49,-61,10,3656,1910,44,1,16,4922,28,862,899,597,7,-2,344,515,-1,-1,-1,-1,0x1020480014440005,1747,1589,1500,1500,2012,1949,1901,1500,1500,1949,988,1500,1500,1500,1500,1500,1500,1500,1372,1628,1500,1543,1500,2012,1500,1938,1858,1500,1520,1505,1500,2012,8.2
2025-05-02,11:55:55.450,-49,-61,10,3654,830,43,1,16,3202,28,863,1024,136,6,-2,344,515,-1,-1,-1,-1,0x1020480014440005,1812,1515,1500,1500,2012,2012,1593,1500,1500,2012,988,1500,1500,1500,1500,1500,1500,1500,1372,1628,1500,1543,1500,2012,1500,1676,1561,1500,1520,1505,1500,2012,8.2
2025-05-02,11:55:55.950,-51,-61,10,3657,1770,43,1,16,2806,28,863,1010,612,6,-2,344,515,-1,-1,-1,-1,0x1020480014440005,1806,1587,1500,1500,2012,2005,1919,1500,1500,2005,988,1500,1500,1500,1500,1500,1500,1500,1372,1628,1500,1543,1500,2012,1500,1945,1849,1500,1520,1505,1500,2012,8.2
2025-05-02,11:55:56.450,-53,-61,10,3655,6100,43,1,16,5169,28,864,717,707,6,-2,344,515,-1,-1,-1,-1,0x1020480014442005,1691,1617,1500,1500,2012,1858,1983,1500,1500,1858,988,1500,1500,1500,1500,1500,1500,1500,1372,1628,1500,1543,1500,2012,1500,1992,1967,1500,1520,1505,1500,2012,8.2
2025-05-02,11:55:56.950,-68,-54,10,3641,5600,43,1,16,6188,28,864,344,929,6,-2,344,515,-1,-1,-1,-1,0x1020480014442405,1591,1628,1500,1500,2012,1672,2012,1500,1500,1666,988,1500,1500,1500,1500,1500,1500,1500,1372,1628,1500,1543,1500,2012,1500,2012,2012,1500,1520,1505,1500,2012,8.2
2025-05-02,11:55:57.450,-68,-54,10,3640,1710,44,1,16,6241,28,865,161,202,6,-2,344,515,-1,-1,-1,-1,0x1020480014440405,1548,1526,1500,1500,2012,1580,1638,1500,1500,1580,988,1500,1500,1500,1500,1500,1500,1500,1372,1628,1500,1543,1500,2012,1500,1810,1606,1500,1520,1505,1500,2012,8.2
2025-05-02,11:55:57.950,-64,-53,10,3643,1040,44,1,16,5857,28,865,418,596,7,-2,344,515,-1,-1,-1,-1,0x1020480014440405,1613,1582,1500,1500,2012,1709,1908,1500,1500,1714,988,1500,1500,1500,1500,1500,1500,1500,1372,1628,1500,1543,1500,2012,1500,1937,1830,1500,1520,1505,1500,2012,8.2
2025-05-02,11:55:58.450,-56,-58,10,3655,1290,43,1,16,6312,28,865,9,739,6,-2,344,515,-1,-1,-1,-1,0x1020480010442405,1510,1625,1500,1500,2012,1504,2006,1500,1500,1504,988,1500,1500,1500,1500,1500,1500,1500,1372,1628,1500,1543,1500,2012,1500,2008,2002,1500,1520,1505,1500,2012,8.2
2025-05-02,11:55:58.950,-56,-58,10,3656,950,43,1,16,4329,28,866,293,500,6,-2,344,515,-1,-1,-1,-1,0x1020480014440405,1587,1563,1500,1500,2012,1646,1842,1500,1500,1655,988,1500,1500,1500,1500,1500,1500,1500,1372,1628,1500,1543,1500,2012,1500,1880,1753,1500,1520,1505,1500,2012,8.2
2025-05-02,11:55:59.450,-57,-56,10,3658,580,43,1,16,3307,28,866,1024,198,7,-2,344,515,-1,-1,-1,-1,0x1020480014440405,1812,1520,1500,1500,2012,2012,1635,1500,1500,2012,988,1500,1500,1500,1500,1500,1500,1500,1372,1628,1500,1543,1500,2012,1500,1679,1580,1500,1520,1505,1500,2012,8.2
2025-05-02,11:55:59.950,-58,-62,10,3659,8440,44,1,16,4330,28,866,1024,673,6,-2,344,515,-1,-1,-1,-1,0x1020480014442405,1812,1607,1500,1500,2012,2012,1961,1500,1500,2012,988,1500,1500,1500,1500,1500,1500,1500,1372,1628,1500,1543,1500,2012,1500,1976,1930,1500,1520,1505,1500,2012,8.2
2025-05-02,11:56:00.450,-65,-70,10,3656,8290,44,1,16,5383,28,867,9,1018,6,-2,344,515,-1,-1,-1,-1,0x1020480010442405,1510,1628,1500,1500,2012,1504,2012,1500,1500,1504,988,1500,1500,1500,1500,1500,1500,1500,1372,1628,1500,1543,1500,2012,1500,2012,2012,1500,1520,1505,1500,2012,8.2
2025-05-02,11:56:00.950,-66,-62,10,3638,380,44,1,16,6400,28,868,2,178,6,-2,344,515,-1,-1,-1,-1,0x1020480010440005,1508,1513,1500,1500,2012,1501,1622,1500,1500,1500,988,1500,1500,1500,1500,1500,1500,1500,1372,1628,1500,1543,1500,2012,1500,1942,1554,1500,1520,1505,1500,2012,8.2
2025-05-02,11:56:01.450,-66,-58,10,3640,320,44,1,16,6048,28,868,-345,423,6,-2,344,515,-1,-1,-1,-1,0x1020480014440005,1438,1553,1500,1500,2012,1328,1789,1500,1500,1328,988,1500,1500,1500,1500,1500,1500,1500,1372,1628,1500,1543,1500,2012,1500,1844,1713,1500,1520,1505,1500,2012,8.2
2025-05-02,11:56:01.950,-66,-53,10,3660,830,43,1,16,4473,28,868,-1017,-2,7,-2,344,515,-1,-1,-1,-1,0x1020480014440005,1147,1499,1500,1500,2012,992,1499,1499,1500,992,988,1500,1500,1500,1500,1500,1500,1499,1050,2012,1500,1543,1500,2012,1500,1499,1500,1500,1520,1505,1500,2012,8.2
2025-05-02,11:56:02.450,-66,-48,10,3660,1100,43,1,16,2957,28,868,392,346,6,-2,345,515,-1,-1,-1,-1,0x1020480014440005,1601,1539,1500,1500,2012,1696,1737,1500,1500,1689,988,1500,1500,1500,1500,1500,1500,1500,1372,1628,1500,1543,1500,2012,1500,1821,1658,1500,1520,1505,1500,2012,8.2
2025-05-02,11:56:02.950,-66,-45,10,3657,9840,43,1,16,5192,28,869,9,832,6,-2,344,515,-1,-1,-1,-1,0x1020480010442005,1510,1628,1500,1500,2012,1504,2012,1500,1500,1504,988,1500,1500,1500,1500,1500,1500,1500,1372,1628,1500,1543,1500,2012,1500,2012,2012,1500,1520,1505,1500,2012,8.2
2025-05-02,11:56:03.450,-46,-48,10,3645,5770,43,1,16,5915,28,870,9,807,6,-2,344,515,-1,-1,-1,-1,0x1020480010442405,1510,1628,1500,1500,2012,1504,2012,1500,1500,1505,988,1500,1500,1500,1500,1500,1500,1500,1372,1628,1500,1543,1500,2012,1500,2012,2012,1500,1520,1505,1500,2012,8.2
2025-05-02,11:56:03.950,-49,-48,10,3644,1250,44,1,16,3921,28,870,388,398,6,-2,344,515,-1,-1,-1,-1,0x1020480014440405,1601,1550,1500,1500,2012,1701,1772,1500,1500,1687,988,1500,1500,1500,1500,1500,1500,1500,1372,1628,1500,1543,1500,2012,1500,1829,1700,1500,1520,1505,1500,2012,8.2
2025-05-02,11:56:04.450,-47,-50,10,3656,290,46,1,16,1904,28,870,1024,26,6,-2,344,515,-1,-1,-1,-1,0x1020480014440405,1812,1504,1500,1500,2012,2012,1518,1500,1500,2012,988,1500,1500,1500,1500,1500,1500,1500,988,2012,1500,1543,1500,2012,1500,1527,1515,1500,1520,1505,1500,2012,8.2
2025-05-02,11:56:04.950,-50,-50,10,3661,5380,45,1,16,1993,28,870,567,546,6,-2,344,515,-1,-1,-1,-1,0x1020480014440405,1651,1573,1500,1500,2012,1783,1874,1500,1500,1789,988,1500,1500,1500,1500,1500,1500,1500,1372,1628,1500,1543,1500,2012,1500,1913,1792,1500,1520,1505,1500,2012,8.2
2025-05-02,11:56:05.450,-54,-56,10,3659,7040,45,1,16,4148,28,871,1010,734,6,-2,344,515,-1,-1,-1,-1,0x1020480014442405,1806,1624,1500,1500,2012,2005,2003,1500,1500,2005,988,1500,1500,1500,1500,1500,1500,1500,1372,1628,1500,1543,1500,2012,1500,2005,1995,1500,1520,1505,1500,2012,8.2
2025-05-02,11:56:05.950,-56,-60,10,3639,5780,45,1,16,5976,28,872,81,1024,6,-2,344,515,-1,-1,-1,-1,0x1020480014442405,1528,1628,1500,1500,2012,1540,2012,1500,1500,1540,988,1500,1500,1500,1500,1500,1500,1500,1372,1628,1500,1543,1500,2012,1500,2012,2012,1500,1520,1505,1500,2012,8.2
2025-05-02,11:56:06.450,-57,-60,10,3635,5020,44,1,16,7169,28,873,38,1024,6,-2,345,515,-1,-1,-1,-1,0x1020480010442405,1514,1628,1500,1500,2012,1519,2012,1500,1500,1513,988,1500,1500,1500,1500,1500,1500,1500,1372,1628,1500,1543,1500,2012,1500,2012,2012,1500,1520,1505,1500,2012,8.2
2025-05-02,11:56:06.950,-59,-53,10,3637,630,44,1,16,6591,28,873,394,768,6,-2,344,515,-1,-1,-1,-1,0x1020480014442405,1605,1628,1500,1500,2012,1697,2012,1500,1500,1696,988,1500,1500,1500,1500,1500,1500,1500,1372,1628,1500,1543,1500,2012,1500,2012,2012,1500,1520,1505,1500,2012,8.2
2025-05-02,11:56:07.450,-56,-59,10,3639,0,45,1,16,4992,28,873,1019,3,7,-2,344,515,-1,-1,-1,-1,0x1020480014440005,1811,1500,1500,1500,2012,2009,1502,1500,1500,2009,988,1500,1500,1500,1500,1500,1500,1500,1029,2012,1500,1543,1500,2012,1500,1503,1501,1500,1520,1505,1500,2012,8.2
2025-05-02,11:56:07.950,-55,-56,10,3655,590,45,1,16,2775,28,873,789,618,6,-2,344,515,-1,-1,-1,-1,0x1020480014440005,1713,1589,1500,1500,2012,1894,1923,1500,1500,1894,988,1500,1500,1500,1500,1500,1500,1500,1372,1628,1500,1543,1500,2012,1500,1948,1857,1500,1520,1505,1500,2012,8.2
2025-05-02,11:56:08.450,-56,-56,10,3656,2450,45,1,16,3246,28,874,1024,575,6,-2,344,516,-1,-1,-1,-1,0x1020480014440005,1812,1580,1500,1500,2012,2012,1894,1500,1500,2012,988,1500,1500,1500,1500,1500,1500,1500,1372,1628,1500,1543,1500,2012,1500,1927,1822,1500,1520,1505,1500,2012,8.2
2025-05-02,11:56:08.950,-60,-63,10,3650,6860,45,1,16,5615,28,875,104,1024,6,-2,344,515,-1,-1,-1,-1,0x1020480014442005,1533,1628,1500,1500,2012,1552,2012,1500,1500,1551,988,1500,1500,1500,1500,1500,1500,1500,1372,1628,1500,1543,1500,2012,1500,2012,2012,1500,1520,1505,1500,2012,8.2
2025-05-02,11:56:09.450,-64,-83,10,3636,5220,44,1,16,6955,28,876,5,1024,6,-2,344,515,-1,-1,-1,-1,0x1020480010442405,1509,1628,1500,1500,2012,1502,2012,1500,1500,1502,988,1500,1500,1500,1500,1500,1500,1500,1372,1628,1500,1543,1500,2012,1500,2012,2012,1500,1520,1505,1500,2012,8.2
2025-05-02,11:56:09.950,-64,-50,10,3636,690,44,1,16,7039,28,876,5,535,7,-2,344,515,-1,-1,-1,-1,0x1020480010440405,1508,1568,1500,1500,2012,1502,1866,1500,1500,1502,988,1500,1500,1500,1500,1500,1500,1500,1372,1628,1500,1543,1500,2012,1500,1906,1772,1500,1520,1505,1500,2012,8.2
2025-05-02,11:56:10.450,-64,-48,10,3638,2670,44,1,16,5120,28,876,-957,520,6,-2,344,515,-1,-1,-1,-1,0x1020480014440405,1197,1570,1500,1500,2012,1022,1856,1500,1500,1029,988,1500,1500,1500,1500,1500,1500,1500,1372,1628,1500,1543,1500,2012,1500,1898,1781,1500,1520,1505,1500,2012,8.2
2025-05-02,11:56:10.950,-34,-47,10,3649,10800,44,1,16,4855,28,877,-328,868,6,-2,344,515,-1,-1,-1,-1,0x1020480014442405,1447,1628,1500,1500,2012,1336,2012,1500,1500,1345,988,1500,1500,1500,1500,1500,1500,1500,1372,1628,1500,1543,1500,2012,1500,2012,2012,1500,1520,1505,1500,2012,8.2
2025-05-02,11:56:11.450,-47,-64,10,3633,5050,44,1,16,5704,28,878,-419,784,6,-2,344,515,-1,-1,-1,-1,0x1020480014442C05,1420,1628,1500,1500,2012,1291,2012,1500,1500,1296,988,1500,1500,1500,1500,1500,1500,1500,1372,1628,1500,1543,1500,2012,1500,2012,2012,1500,1520,1505,1500,2012,8.2
2025-05-02,11:56:11.950,-52,-52,10,3630,6840,45,1,16,5416,28,878,212,896,6,-2,344,515,-1,-1,-1,-1,0x1020480014442405,1557,1628,1500,1500,2012,1614,2012,1500,1500,1598,988,1500,1500,1500,1500,1500,1500,1500,1372,1628,1500,1543,1500,2012,1500,2012,2012,1500,1520,1505,1500,2012,8.2
2025-05-02,11:56:12.450,-53,-61,10,3632,6320,45,1,16,6079,28,879,206,1024,6,-2,344,515,-1,-1,-1,-1,0x1020480014442405,1560,1628,1500,1500,2012,1603,2012,1500,1500,1603,988,1500,1500,1500,1500,1500,1500,1500,1372,1628,1500,1543,1500,2012,1500,2012,2012,1500,1520,1505,1500,2012,8.2
2025-05-02,11:56:12.950,-49,-61,10,3633,970,45,1,16,5064,28,880,543,564,6,-2,344,515,-1,-1,-1,-1,0x1020480014440405,1637,1572,1500,1500,2012,1771,1886,1500,1500,1763,988,1500,1500,1500,1500,1500,1500,1500,1372,1628,1500,1543,1500,2012,1500,1915,1787,1500,1520,1505,1500,2012,8.2
2025-05-02,11:56:13.450,-51,-61,10,3647,1860,45,1,16,4122,28,880,1024,477,6,-2,344,515,-1,-1,-1,-1,0x1020480014440005,1812,1561,1500,1500,2012,2012,1826,1500,1500,2012,988,1500,1500,1500,1500,1500,1500,1500,1372,1628,1500,1543,1500,2012,1500,1874,1746,1500,1520,1505,1500,2012,8.2
2025-05-02,11:56:13.950,-55,-53,10,3649,11000,45,1,16,4964,28,880,1024,847,6,-2,344,515,-1,-1,-1,-1,0x1020480014442005,1812,1628,1500,1500,2012,2012,2012,1500,1500,2012,988,1500,1500,1500,1500,1500,1500,1500,1372,1628,1500,1543,1500,2012,1500,2012,2012,1500,1520,1505,1500,2012,8.2
2025-05-02,11:56:14.450,-58,-56,10,3639,5770,46,1,16,5846,28,881,4,1024,6,-2,344,515,-1,-1,-1,-1,0x1020480010442405,1508,1628,1500,1500,2012,1502,2012,1500,1500,1502,988,1500,1500,1500,1500,1500,1500,1500,1372,1628,1500,1543,1500,2012,1500,2012,2012,1500,1520,1505,1500,2012,8.2
2025-05-02,11:56:14.950,-63,-57,10,3629,5520,46,1,16,6744,29,882,335,1024,6,-2,344,515,-1,-1,-1,-1,0x1020480014442405,1592,1628,1500,1500,2012,1667,2012,1500,1500,1667,988,1500,1500,1500,1500,1500,1500,1500,1372,1628,1500,1543,1500,2012,1500,2012,2012,1500,1520,1505,1500,2012,8.2
2025-05-02,11:56:15.450,-52,-57,10,3631,5260,46,1,16,7547,29,883,323,1024,6,-2,344,515,-1,-1,-1,-1,0x1020480014442405,1589,1628,1500,1500,2012,1661,2012,1500,1500,1661,988,1500,1500,1500,1500,1500,1500,1500,1372,1628,1500,1543,1500,2012,1500,2012,2012,1500,1520,1505,1500,2012,8.2
2025-05-02,11:56:15.950,-58,-57,10,3633,5180,46,1,16,7652,29,883,293,406,6,-2,344,515,-1,-1,-1,-1,0x1020480014440405,1583,1555,1500,1500,2012,1646,1778,1500,1500,1646,988,1500,1500,1500,1500,1500,1500,1500,1372,1628,1500,1543,1500,2012,1500,1951,1721,1500,1520,1505,1500,2012,8.2
2025-05-02,11:56:16.450,-78,-52,10,3634,950,46,1,16,4490,29,884,1024,37,6,-2,344,515,-1,-1,-1,-1,0x1020480014440405,1812,1503,1500,1500,2012,2012,1525,1500,1500,2012,988,1500,1500,1500,1500,1500,1500,1500,1141,2012,1500,1543,1500,2012,1500,1521,1511,1500,1520,1505,1500,2012,8.2
2025-05-02,11:56:16.950,-55,-58,10,3650,1640,45,1,16,2575,29,884,1024,516,6,-2,344,515,-1,-1,-1,-1,0x1020480014440405,1812,1568,1500,1500,2012,2012,1853,1500,1500,2012,988,1500,1500,1500,1500,1500,1500,1500,1372,1628,1500,1543,1500,2012,1500,1896,1772,1500,1520,1505,1500,2012,8.2
2025-05-02,11:56:17.450,-59,-58,10,3650,1820,45,1,16,2515,29,884,1024,502,6,-2,344,515,-1,-1,-1,-1,0x1020480014440405,1812,1565,1500,1500,2012,2012,1844,1500,1500,2012,988,1500,1500,1500,1500,1500,1500,1500,1372,1628,1500,1543,1500,2012,1500,1888,1762,1500,1520,1505,1500,2012,8.2
2025-05-02,11:56:17.950,-63,-64,10,3648,8900,45,1,16,5237,29,885,261,901,6,-2,344,515,-1,-1,-1,-1,0x1020480014442405,1568,1628,1500,1500,2012,1630,2012,1500,1500,1619,988,1500,1500,1500,1500,1500,1500,1500,1372,1628,1500,1543,1500,2012,1500,2012,2012,1500,1520,1505,1500,2012,8.2
2025-05-02,11:56:18.450,-70,-67,10,3631,5240,45,1,16,6692,29,886,-36,1024,6,-2,344,515,-1,-1,-1,-1,0x1020480010442005,1499,1628,1500,1500,2012,1482,2012,1500,1500,1475,988,1500,1500,1500,1500,1500,1500,1500,1372,1628,1500,1543,1500,2012,1500,2012,2012,1500,1520,1505,1500,2012,8.2
2025-05-02,11:56:18.950,-70,-56,10,3631,950,44,1,16,6743,29,886,354,380,6,-2,344,515,-1,-1,-1,-1,0x1020480014440005,1596,1549,1500,1500,2012,1677,1760,1500,1500,1677,988,1500,1500,1500,1500,1500,1500,1500,1372,1628,1500,1543,1500,2012,1500,1821,1698,1500,1520,1505,1500,2012,8.2
2025-05-02,11:56:19.450,-70,-55,10,3648,1480,44,1,16,4039,29,886,-904,503,6,-2,344,515,-1,-1,-1,-1,0x1020480014440005,1204,1568,1500,1500,2012,1048,1844,1500,1500,1035,988,1500,1500,1500,1500,1500,1500,1500,1372,1628,1500,1543,1500,2012,1500,1894,1771,1500,1520,1505,1500,2012,8.2
2025-05-02,11:56:19.950,-70,-45,10,3650,2270,44,1,16,3406,29,887,-457,743,6,-2,344,515,-1,-1,-1,-1,0x1020480014442005,1412,1623,1500,1500,2012,1272,2009,1500,1500,1280,988,1500,1500,1500,1500,1500,1500,1500,1372,1628,1500,1543,1500,2012,1500,2004,1992,1500,1520,1505,1500,2012,8.2
2025-05-02,11:56:20.450,-40,-49,10,3646,580,44,1,16,4045,29,887,-381,51,7,-2,344,515,-1,-1,-1,-1,0x1020480014440805,1428,1507,1500,1500,2012,1310,1535,1500,1500,1310,988,1500,1500,1500,1500,1500,1500,1500,1372,1628,1500,1543,1500,2012,1500,1604,1529,1500,1520,1505,1500,2012,8.2
2025-05-02,11:56:20.950,-50,-50,10,3647,200,45,1,16,3543,29,887,0,-178,7,-2,344,515,-1,-1,-1,-1,0x10204800124C0005,1508,1424,1500,1499,2012,1500,1411,1423,1500,1500,988,1500,1500,1500,1500,1500,1500,1423,1014,1986,1500,1543,1500,2012,1500,1429,1500,1500,1520,1505,1500,2012,8.2
2025-05-02,11:56:21.450,-53,-50,10,3655,170,45,1,16,1704,29,887,-1,9,7,-2,345,515,-1,-1,-1,-1,0x1020480010440005,1508,1501,1500,1500,2012,1500,1506,1500,1500,1500,988,1500,1500,1500,1500,1500,1500,1500,1372,2012,1500,1543,1500,2012,1500,1509,1505,1500,1520,1505,1500,2012,8.2
2025-05-02,11:56:21.950,-55,-50,10,3656,170,43,1,16,1222,29,887,-2,2,6,-2,344,515,-1,-1,-1,-1,0x1020480010440005,1507,1500,1500,1500,2012,1499,1501,1500,1500,1499,988,1500,1500,1500,1500,1500,1500,1500,1372,2012,1500,1543,1500,2012,1500,1501,1500,1500,1520,1505,1500,2012,8.2
2025-05-02,11:56:22.450,-55,-52,10,3657,210,43,1,16,824,29,887,-3,7,6,-2,344,515,-1,-1,-1,-1,0x1020480010440005,1507,1501,1500,1500,2012,1499,1505,1500,1500,1499,988,1500,1500,1500,1500,1500,1500,1500,1500,2012,1500,1543,1500,2012,1500,1507,1503,1500,1520,1505,1500,2012,8.2
2025-05-02,11:56:22.950,-55,-50,10,3657,160,43,1,16,548,29,887,-2,5,7,-2,345,515,-1,-1,-1,-1,0x1020480010440005,1507,1500,1500,1500,2012,1499,1503,1500,1500,1499,988,1500,1500,1500,1500,1500,1500,1500,1500,2012,1500,1543,1500,2012,1500,1505,1502,1500,1520,1505,1500,2012,8.2
2025-05-02,11:56:23.450,-62,-52,10,3658,170,43,1,16,330,29,887,-3,7,6,-2,344,515,-1,-1,-1,-1,0x1020480010440005,1507,1501,1500,1500,2012,1499,1505,1500,1500,1499,988,1500,1500,1500,1500,1500,1500,1500,1500,2012,1500,1543,1500,2012,1500,1506,1503,1500,1520,1505,1500,2012,8.2
2025-05-02,11:56:23.950,-62,-53,10,3658,170,43,1,16,0,29,887,-2,7,7,-2,344,515,-1,-1,-1,-1,0x1020480010440005,1507,1501,1500,1500,2012,1499,1505,1500,1500,1499,988,1500,1500,1500,1500,1500,1500,1500,1500,2012,1500,1543,1500,2012,1500,1507,1503,1500,1520,1505,1500,2012,8.2
2025-05-02,11:56:24.450,-58,-54,10,3659,160,43,1,16,0,29,887,-3,8,6,-2,344,515,-1,-1,-1,-1,0x1020480010440004,1507,1501,1500,1500,2012,1499,1505,1500,1500,1499,988,1500,1500,1500,1500,1500,1500,1500,1500,2012,1500,1543,1500,2012,1500,1508,1504,1500,1520,1505,1500,2012,8.2
2025-05-02,11:56:24.950,-58,-54,10,3659,160,43,1,16,0,29,887,-3,8,7,-2,344,515,-1,-1,-1,-1,0x1020480010440004,1507,1501,1500,1500,2012,1499,1505,1500,1500,1499,988,1500,1500,1500,1500,1500,1500,1500,1500,2012,1500,1543,1500,2012,1500,1508,1504,1500,1520,1505,1500,2012,8.2
2025-05-02,11:56:25.450,-58,-51,10,3659,160,43,1,16,0,29,887,-3,11,7,-2,344,515,-1,-1,-1,-1,0x1020480010440004,1507,1501,1500,1500,2012,1499,1507,1500,1500,1499,988,1500,1500,1500,1500,1500,1500,1500,1500,2012,1500,1543,1500,2012,1500,1512,1506,1500,1520,1505,1500,2012,8.2
2025-05-02,11:56:25.950,-60,-54,10,3660,160,43,1,16,0,29,887,-2,12,7,-2,344,515,-1,-1,-1,-1,0x1020480010440004,1507,1501,1500,1500,2012,1499,1508,1500,1500,1499,988,1500,1500,1500,1500,1500,1500,1500,1500,2012,1500,1543,1500,2012,1500,1512,1506,1500,1520,1505,1500,2012,8.2
2025-05-02,11:56:26.450,-60,-52,10,3660,550,43,1,16,0,29,887,-2,443,7,-2,344,515,-1,-1,-1,-1,0x1020480010440005,1507,1556,1500,1500,2012,1499,1803,1500,1500,1499,988,1500,1500,1500,1500,1500,1500,1500,1372,1628,1500,1543,1500,2012,1500,1855,1725,1500,1520,1505,1500,2012,8.2
2025-05-02,11:56:26.950,-60,-53,10,3660,1540,43,1,16,2443,29,888,879,495,6,-2,344,515,-1,-1,-1,-1,0x1020480014440005,1740,1563,1500,1500,2012,1939,1839,1500,1500,1939,988,1500,1500,1500,1500,1500,1500,1500,1372,1628,1500,1543,1500,2012,1500,1879,1751,1500,1520,1505,1500,2012,8.2
2025-05-02,11:56:27.450,-60,-51,10,3653,1820,43,1,16,3547,29,888,1024,570,6,-2,344,515,-1,-1,-1,-1,0x1020480014440005,1812,1579,1500,1500,2012,2012,1890,1500,1500,2012,988,1500,1500,1500,1500,1500,1500,1500,1372,1628,1500,1543,1500,2012,1500,1924,1816,1500,1520,1505,1500,2012,8.2
2025-05-02,11:56:27.950,-60,-53,10,3648,3650,43,1,16,3950,29,889,1024,476,6,-2,344,515,-1,-1,-1,-1,0x1020480014440005,1812,1563,1500,1500,2012,2012,1826,1500,1500,2012,988,1500,1500,1500,1500,1500,1500,1500,1372,1628,1500,1543,1500,2012,1500,1880,1752,1500,1520,1505,1500,2012,8.2
2025-05-02,11:56:28.450,-59,-59,10,3648,2380,44,1,16,3485,29,889,629,577,6,-2,344,515,-1,-1,-1,-1,0x1020480014440005,1670,1581,1500,1500,2012,1814,1895,1500,1500,1823,988,1500,1500,1500,1500,1500,1500,1500,1372,1628,1500,1543,1500,2012,1500,1928,1825,1500,1520,1505,1500,2012,8.2
2025-05-02,11:56:28.950,-64,-60,10,3647,10480,45,1,16,5065,29,890,765,701,6,-2,344,515,-1,-1,-1,-1,0x1020480014442005,1703,1615,1500,1500,2012,1882,1980,1500,1500,1876,988,1500,1500,1500,1500,1500,1500,1500,1372,1628,1500,1543,1500,2012,1500,1989,1961,1500,1520,1505,1500,2012,8.2
2025-05-02,11:56:29.450,-64,-54,10,3641,5320,45,1,16,5935,29,891,82,723,6,-2,344,515,-1,-1,-1,-1,0x1020480014442405,1524,1621,1500,1500,2012,1541,1995,1500,1500,1532,988,1500,1500,1500,1500,1500,1500,1500,1372,1628,1500,1543,1500,2012,1500,2000,1983,1500,1520,1505,1500,2012,8.2
2025-05-02,11:56:29.950,-67,-61,10,3634,340,44,1,16,3696,29,891,4,4,6,-2,344,515,-1,-1,-1,-1,0x1020480010440405,1508,1500,1500,1500,2012,1502,1502,1500,1500,1502,988,1500,1500,1500,1500,1500,1500,1500,988,2012,1500,1543,1500,2012,1500,1504,1502,1500,1520,1505,1500,2012,8.2
2025-05-02,11:56:30.450,-67,-54,10,3650,190,44,1,16,2551,29,891,1,8,7,-2,344,515,-1,-1,-1,-1,0x1020480010440405,1508,1501,1500,1500,2012,1500,1505,1500,1500,1500,988,1500,1500,1500,1500,1500,1500,1500,1372,2012,1500,1543,1500,2012,1500,1508,1504,1500,1520,1505,1500,2012,8.2
2025-05-02,11:56:30.950,-67,-52,10,3657,170,43,1,16,2005,29,891,1,7,6,-2,344,515,-1,-1,-1,-1,0x1020480010440405,1508,1501,1500,1500,2012,1500,1505,1500,1500,1500,988,1500,1500,1500,1500,1500,1500,1500,1372,2012,1500,1543,1500,2012,1500,1507,1503,1500,1520,1505,1500,2012,8.2
2025-05-02,11:56:31.450,-67,-54,10,3658,170,43,1,16,1437,29,891,1,7,7,-2,344,515,-1,-1,-1,-1,0x1020480010440405,1508,1501,1500,1500,2012,1500,1505,1500,1500,1500,988,1500,1500,1500,1500,1500,1500,1500,1500,2012,1500,1543,1500,2012,1500,1507,1503,1500,1520,1505,1500,2012,8.2
2025-05-02,11:56:31.950,-63,-57,10,3658,750,43,1,16,883,29,891,969,36,6,-2,344,515,-1,-1,-1,-1,0x1020480014440405,1774,1503,1500,1500,2012,1984,1524,1500,1500,1976,988,1500,1500,1500,1500,1500,1500,1500,1500,2012,1500,1543,1500,2012,1500,1526,1514,1500,1520,1505,1500,2012,8.2
2025-05-02,11:56:32.450,-64,-60,10,3658,680,43,1,16,1374,29,891,-5,14,6,-2,344,515,-1,-1,-1,-1,0x1020480010440405,1510,1502,1500,1500,2012,1498,1509,1500,1500,1506,988,1500,1500,1500,1500,1500,1500,1500,1117,1883,1500,1543,1500,2012,1500,1544,1508,1500,1520,1505,1500,2012,8.2
2025-05-02,11:56:32.950,-67,-64,10,3658,240,43,1,16,1000,29,891,-618,10,7,-2,344,515,-1,-1,-1,-1,0x1020480014440405,1351,1501,1500,1500,2012,1191,1507,1500,1500,1185,988,1500,1500,1500,1500,1500,1500,1500,1372,2012,1500,1543,1500,2012,1500,1510,1505,1500,1520,1505,1500,2012,8.2
2025-05-02,11:56:33.450,-62,-57,10,3658,270,43,1,16,568,29,891,-2,9,6,-2,344,515,-1,-1,-1,-1,0x1020480010440005,1507,1501,1500,1500,2012,1499,1506,1500,1500,1499,988,1500,1500,1500,1500,1500,1500,1500,1372,2012,1500,1543,1500,2012,1500,1509,1505,1500,1520,1505,1500,2012,8.2
2025-05-02,11:56:33.950,-67,-62,10,3659,200,44,1,16,273,29,891,-4,8,7,-2,344,515,-1,-1,-1,-1,0x1020480010440005,1507,1501,1500,1500,2012,1498,1505,1500,1500,1498,988,1500,1500,1500,1500,1500,1500,1500,1500,2012,1500,1543,1500,2012,1500,1508,1504,1500,1520,1505,1500,2012,8.2
2025-05-02,11:56:34.450,-67,-63,10,3660,190,44,1,16,0,29,891,-5,9,6,-2,344,515,-1,-1,-1,-1,0x1020480010440005,1507,1501,1500,1500,2012,1498,1506,1500,1500,1498,988,1500,1500,1500,1500,1500,1500,1500,1500,2012,1500,1543,1500,2012,1500,1509,1505,1500,1520,1505,1500,2012,8.2
2025-05-02,11:56:34.950,-67,-60,10,3660,210,43,1,16,0,29,892,-4,7,7,-2,344,515,-1,-1,-1,-1,0x1020480010440005,1507,1501,1500,1500,2012,1498,1505,1500,1500,1498,988,1500,1500,1500,1500,1500,1500,1500,1500,2012,1500,1543,1500,2012,1500,1507,1503,1500,1520,1505,1500,2012,8.2
2025-05-02,11:56:35.450,-67,-61,10,3660,220,43,1,16,0,29,892,-4,8,6,-2,344,515,-1,-1,-1,-1,0x1020480010440005,1507,1501,1500,1500,2012,1498,1505,1500,1500,1498,988,1500,1500,1500,1500,1500,1500,1500,1500,2012,1500,1543,1500,2012,1500,1508,1504,1500,1520,1505,1500,2012,8.2
2025-05-02,11:56:35.950,-67,-61,10,3661,210,43,1,16,0,29,892,-4,9,7,-2,344,515,-1,-1,-1,-1,0x1020480010440004,1507,1501,1500,1500,2012,1498,1506,1500,1500,1498,988,1500,1500,1500,1500,1500,1500,1500,1500,2012,1500,1543,1500,2012,1500,1509,1505,1500,1520,1505,1500,2012,8.2
2025-05-02,11:56:36.450,-67,-60,10,3661,210,43,1,16,0,29,892,-5,8,7,-2,344,515,-1,-1,-1,-1,0x1020480010440004,1507,1501,1500,1500,2012,1498,1505,1500,1500,1498,988,1500,1500,1500,1500,1500,1500,1500,1500,2012,1500,1543,1500,2012,1500,1508,1504,1500,1520,1505,1500,2012,8.2
2025-05-02,11:56:36.950,-67,-59,10,3661,210,43,1,16,0,29,892,-4,3,6,-2,344,515,-1,-1,-1,-1,0x1020480010440004,1507,1500,1500,1500,2012,1498,1502,1500,1500,1498,988,1500,1500,1500,1500,1500,1500,1500,1500,2012,1500,1543,1500,2012,1500,1503,1501,1500,1520,1505,1500,2012,8.2
2025-05-02,11:56:37.450,-68,-62,10,3661,210,43,1,16,0,29,892,-5,6,6,-2,344,515,-1,-1,-1,-1,0x1020480010440004,1507,1500,1500,1500,2012,1498,1504,1500,1500,1498,988,1500,1500,1500,1500,1500,1500,1500,1500,2012,1500,1543,1500,2012,1500,1505,1502,1500,1520,1505,1500,2012,8.2
2025-05-02,11:56:37.950,-68,-63,10,3662,1460,43,1,16,0,29,892,13,6,7,-2,344,515,-1,-1,-1,-1,0x1020480014440004,1525,1501,1500,1500,2012,1506,1504,1500,1500,1535,988,1500,1500,1500,1500,1500,1500,1500,1500,2012,1500,1543,1500,2012,1500,1506,1503,1500,1520,1505,1500,2012,8.2
2025-05-02,11:56:38.450,-68,-66,10,3662,170,43,1,16,0,29,892,-4,6,7,-2,344,515,-1,-1,-1,-1,0x1020480010440004,1507,1501,1500,1500,2012,1498,1504,1500,1500,1498,988,1500,1500,1500,1500,1500,1500,1500,1500,2012,1500,1543,1500,2012,1500,1506,1503,1500,1520,1505,1500,2012,8.2
2025-05-02,11:56:38.950,-68,-65,10,3662,220,43,1,16,0,29,892,-4,5,6,-2,344,515,-1,-1,-1,-1,0x1020480010440004,1507,1500,1500,1500,2012,1499,1503,1500,1500,1498,988,1500,1500,1500,1500,1500,1500,1500,1500,2012,1500,1543,1500,2012,1500,1505,1502,1500,1520,1505,1500,2012,8.2
2025-05-02,11:56:39.450,-83,-67,10,3662,160,43,1,16,0,29,892,-3,8,7,-2,344,515,-1,-1,-1,-1,0x1020480010440004,1507,1501,1500,1500,2012,1499,1505,1500,1500,1499,988,1500,1500,1500,1500,1500,1500,1500,1500,2012,1500,1543,1500,2012,1500,1508,1504,1500,1520,1505,1500,2012,8.2
2025-05-02,11:56:39.950,-67,-59,10,3662,170,43,1,16,0,29,892,-4,7,6,-2,344,515,-1,-1,-1,-1,0x1020480010440004,1507,1501,1500,1500,2012,1498,1505,1500,1500,1498,988,1500,1500,1500,1500,1500,1500,1500,1500,2012,1500,1543,1500,2012,1500,1507,1503,1500,1520,1505,1500,2012,8.2
2025-05-02,11:56:40.450,-67,-55,10,3663,170,43,1,16,0,29,892,-4,11,7,-2,344,515,-1,-1,-1,-1,0x1020480010440004,1507,1501,1500,1500,2012,1498,1507,1500,1500,1498,988,1500,1500,1500,1500,1500,1500,1500,1500,2012,1500,1543,1500,2012,1500,1512,1506,1500,1520,1505,1500,2012,8.2
2025-05-02,11:56:40.950,-67,-53,10,3663,170,43,1,16,0,29,892,-4,8,6,-2,344,515,-1,-1,-1,-1,0x1020480010440004,1507,1501,1500,1500,2012,1498,1505,1500,1500,1498,988,1500,1500,1500,1500,1500,1500,1500,1500,2012,1500,1543,1500,2012,1500,1508,1504,1500,1520,1505,1500,2012,8.2
2025-05-02,11:56:41.450,-67,-53,10,3663,160,43,1,16,0,29,892,-4,8,7,-2,344,515,-1,-1,-1,-1,0x1020480010440004,1507,1501,1500,1500,2012,1498,1505,1500,1500,1498,988,1500,1500,1500,1500,1500,1500,1500,1500,2012,1500,1543,1500,2012,1500,1508,1504,1500,1520,1505,1500,2012,8.2
2025-05-02,11:56:41.950,-67,-52,10,3663,160,43,1,16,0,29,892,-4,8,7,-2,344,515,-1,-1,-1,-1,0x1020480010440004,1507,1501,1500,1500,2012,1498,1505,1500,1500,1498,988,1500,1500,1500,1500,1500,1500,1500,1500,2012,1500,1543,1500,2012,1500,1508,1503,1500,1520,1505,1500,2012,8.2
2025-05-02,11:56:42.450,-67,-56,10,3663,170,43,1,16,0,29,892,-3,8,7,-2,344,515,-1,-1,-1,-1,0x1020480010440004,1507,1501,1500,1500,2012,1499,1505,1500,1500,1499,988,1500,1500,1500,1500,1500,1500,1500,1500,2012,1500,1543,1500,2012,1500,1508,1504,1500,1520,1505,1500,2012,8.2
2025-05-02,11:56:42.950,-60,-54,10,3664,170,43,1,16,0,29,892,-4,183,6,-2,344,515,-1,-1,-1,-1,0x1020480010440004,1507,1520,1500,1500,2012,1498,1625,1500,1500,1498,988,1500,1500,1500,1500,1500,1500,1500,1372,1628,1500,1543,1500,2012,1500,1661,1579,1500,1520,1505,1500,2012,8.2
2025-05-02,11:56:43.450,-61,-60,10,3664,2460,43,1,16,976,29,892,428,307,6,-2,344,515,-1,-1,-1,-1,0x1020480014440005,1613,1540,1500,1500,2012,1714,1710,1500,1500,1713,988,1500,1500,1500,1500,1500,1500,1500,1372,1628,1500,1543,1500,2012,1500,1799,1662,1500,1520,1505,1500,2012,8.2
2025-05-02,11:56:43.950,-61,-63,10,3663,270,43,1,16,847,29,892,155,4,7,-2,344,515,-1,-1,-1,-1,0x1020480014440005,1542,1500,1500,1500,2012,1577,1502,1500,1500,1569,988,1500,1500,1500,1500,1500,1500,1500,1141,2012,1500,1543,1500,2012,1500,1504,1502,1500,1520,1505,1500,2012,8.2
2025-05-02,11:56:44.450,-61,-69,10,3661,2320,43,1,16,3080,29,893,867,735,6,-2,344,515,-1,-1,-1,-1,0x1020480014442005,1737,1624,1500,1500,2012,1933,2003,1500,1500,1934,988,1500,1500,1500,1500,1500,1500,1500,1372,1628,1500,1543,1500,2012,1500,2005,1996,1500,1520,1505,1500,2012,8.2
2025-05-02,11:56:44.950,-57,-69,10,3658,1280,43,1,16,3496,29,893,1024,480,7,-2,344,515,-1,-1,-1,-1,0x1020480014440005,1812,1562,1500,1500,2012,2012,1829,1500,1500,2012,988,1500,1500,1500,1500,1500,1500,1500,1372,1628,1500,1543,1500,2012,1500,1877,1749,1500,1520,1505,1500,2012,8.2
2025-05-02,11:56:45.450,-55,-69,10,3656,1970,45,1,16,2728,29,893,1024,583,6,-2,344,515,-1,-1,-1,-1,0x1020480014440005,1812,1579,1500,1500,2012,2012,1899,1500,1500,2012,988,1500,1500,1500,1500,1500,1500,1500,1372,1628,1500,1543,1500,2012,1500,1925,1818,1500,1520,1505,1500,2012,8.2
2025-05-02,11:56:45.950,-60,-62,10,3654,8970,46,1,16,5269,29,894,485,848,6,-2,344,515,-1,-1,-1,-1,0x1020480014442005,1630,1628,1500,1500,2012,1742,2012,1500,1500,1749,988,1500,1500,1500,1500,1500,1500,1500,1372,1628,1500,1543,1500,2012,1500,2012,2012,1500,1520,1505,1500,2012,8.2
2025-05-02,11:56:46.450,-63,-67,10,3637,5390,46,1,16,6717,29,895,210,537,6,-2,344,515,-1,-1,-1,-1,0x1020480014442405,1561,1576,1500,1500,2012,1605,1868,1500,1500,1605,988,1500,1500,1500,1500,1500,1500,1500,1372,1628,1500,1543,1500,2012,1500,2012,1860,1500,1520,1505,1500,2012,8.2
2025-05-02,11:56:46.950,-58,-67,10,3637,170,46,1,16,5944,29,895,-1,115,6,-2,344,515,-1,-1,-1,-1,0x1020480010440405,1508,1515,1500,1500,2012,1500,1579,1500,1500,1500,988,1500,1500,1500,1500,1500,1500,1500,1372,1628,1500,1543,1500,2012,1500,1625,1562,1500,1520,1505,1500,2012,8.2
2025-05-02,11:56:47.450,-59,-67,10,3659,210,44,1,16,3212,29,895,-64,7,6,-2,344,515,-1,-1,-1,-1,0x1020480014440405,1496,1501,1500,1500,2012,1468,1505,1500,1500,1468,988,1500,1500,1500,1500,1500,1500,1500,1305,2012,1500,1543,1500,2012,1500,1507,1503,1500,1520,1505,1500,2012,8.2
2025-05-02,11:56:47.950,-61,-48,10,3660,7750,44,1,16,2573,29,895,-662,398,6,-2,344,515,-1,-1,-1,-1,0x1020480014440C05,1339,1550,1500,1500,2012,1169,1772,1500,1500,1169,988,1500,1500,1500,1500,1500,1500,1500,1372,1628,1500,1543,1500,2012,1500,1870,1700,1500,1520,1505,1500,2012,8.2
2025-05-02,11:56:48.450,-38,-47,10,3655,8250,44,1,16,4535,29,896,-218,770,6,-2,344,515,-1,-1,-1,-1,0x1020480014442405,1470,1628,1500,1500,2012,1391,2012,1500,1500,1403,988,1500,1500,1500,1500,1500,1500,1500,1372,1628,1500,1543,1500,2012,1500,2012,2012,1500,1520,1505,1500,2012,8.2
2025-05-02,11:56:48.950,-40,-47,10,3635,5530,44,1,16,4909,29,897,-236,694,6,-2,344,515,-1,-1,-1,-1,0x1020480014442C05,1454,1613,1500,1500,2012,1382,1975,1500,1500,1362,988,1500,1500,1500,1500,1500,1500,1500,1372,1628,1500,1543,1500,2012,1500,1991,1964,1500,1520,1505,1500,2012,8.2
2025-05-02,11:56:49.450,-60,-75,10,3632,6540,44,1,16,6110,29,898,602,916,6,-2,344,515,-1,-1,-1,-1,0x1020480014442405,1648,1628,1500,1500,2012,1801,2012,1500,1500,1784,988,1500,1500,1500,1500,1500,1500,1500,1372,1628,1500,1543,1500,2012,1500,2012,2012,1500,1520,1505,1500,2012,8.2
2025-05-02,11:56:49.930,-51,-75,10,3635,510,44,1,16,3647,29,898,1022,-319,7,-2,344,515,-1,-1,-1,-1,0x10204800164C0405,1790,1368,1500,1499,2012,2011,1341,1367,1500,2011,988,1500,1500,1500,1500,1500,1500,1366,1213,2012,1500,1543,1500,988,1500,1285,1500,1500,1520,1505,1500,2012,8.2
2025-05-02,11:56:50.430,-49,-75,10,3653,2130,45,1,16,2318,29,898,770,534,6,-2,344,515,-1,-1,-1,-1,0x1020480014440005,1695,1571,1500,1500,2012,1885,1866,1500,1500,1865,988,1500,1500,1500,1500,1500,1500,1500,1372,1628,1500,1543,1500,2012,1500,1906,1783,1500,1520,1505,1500,2012,8.2
2025-05-02,11:56:50.930,-49,-75,10,3655,2350,45,1,16,2160,29,898,1024,565,6,-2,344,515,-1,-1,-1,-1,0x1020480014440005,1812,1577,1500,1500,2012,2012,1887,1500,1500,2012,988,1500,1500,1500,1500,1500,1500,1500,1372,1628,1500,1543,1500,2012,1500,1921,1810,1500,1520,1505,1500,2012,8.2
2025-05-02,11:56:51.430,-53,-49,10,3649,9730,46,1,16,4831,29,899,1022,719,6,-2,344,515,-1,-1,-1,-1,0x1020480014442005,1803,1620,1500,1500,2012,2011,1992,1500,1500,2011,988,1500,1500,1500,1500,1500,1500,1500,1372,1628,1500,1543,1500,2012,1500,1997,1979,1500,1520,1505,1500,2012,8.2
2025-05-02,11:56:51.930,-67,-56,10,3630,5940,46,1,16,6058,29,900,407,1024,6,-2,344,515,-1,-1,-1,-1,0x1020480014442405,1617,1628,1500,1500,2012,1703,2012,1500,1500,1722,988,1500,1500,1500,1500,1500,1500,1500,1372,1628,1500,1543,1500,2012,1500,2012,2012,1500,1520,1505,1500,2012,8.2
2025-05-02,11:56:52.430,-52,-56,10,3629,660,46,1,16,6067,29,901,36,790,6,-2,344,515,-1,-1,-1,-1,0x1020480010442405,1513,1628,1500,1500,2012,1518,2012,1500,1500,1511,988,1500,1500,1500,1500,1500,1500,1500,1372,1628,1500,1543,1500,2012,1500,2012,2012,1500,1520,1505,1500,2012,8.2
2025-05-02,11:56:52.930,-57,-58,10,3636,1070,46,1,16,5658,29,901,1023,453,6,-2,344,515,-1,-1,-1,-1,0x1020480014440405,1803,1558,1500,1500,2012,2011,1810,1500,1500,2011,988,1500,1500,1500,1500,1500,1500,1500,1372,1628,1500,1543,1500,2012,1500,1861,1731,1500,1520,1505,1500,2012,8.2
2025-05-02,11:56:53.430,-59,-60,10,3649,5940,46,1,16,6121,29,901,51,570,6,-2,344,515,-1,-1,-1,-1,0x1020480010442405,1517,1584,1500,1500,2012,1525,1890,1500,1500,1519,988,1500,1500,1500,1500,1500,1500,1500,1372,1628,1500,1543,1500,2012,1500,1968,1866,1500,1520,1505,1500,2012,8.2
2025-05-02,11:56:53.930,-56,-60,10,3650,800,47,1,16,4828,29,902,1020,106,6,-2,344,515,-1,-1,-1,-1,0x1020480014440405,1812,1509,1500,1500,2012,2010,1572,1500,1500,2010,988,1500,1500,1500,1500,1500,1500,1500,1372,1628,1500,1543,1500,2012,1500,1580,1536,1500,1520,1505,1500,2012,8.2
2025-05-02,11:56:54.430,-54,-60,10,3651,3440,48,1,16,3629,29,902,1024,431,6,-2,344,515,-1,-1,-1,-1,0x1020480014440405,1812,1559,1500,1500,2012,2012,1795,1500,1500,2012,988,1500,1500,1500,1500,1500,1500,1500,1372,1628,1500,1543,1500,2012,1500,1879,1735,1500,1520,1505,1500,2012,8.2
2025-05-02,11:56:54.930,-56,-60,10,3651,930,49,1,16,3317,29,902,961,14,6,-2,344,515,-1,-1,-1,-1,0x1020480014440405,1764,1502,1500,1500,2012,1980,1509,1500,1500,1966,988,1500,1500,1500,1500,1500,1500,1500,1117,1883,1500,1543,1500,2012,1500,1549,1508,1500,1520,1505,1500,2012,8.2
2025-05-02,11:56:55.430,-65,-65,10,3649,7640,49,1,16,4541,29,903,531,751,7,-2,344,515,-1,-1,-1,-1,0x1020480014442405,1643,1628,1500,1500,2012,1765,2012,1500,1500,1775,988,1500,1500,1500,1500,1500,1500,1500,1372,1628,1500,1543,1500,2012,1500,2012,2012,1500,1520,1505,1500,2012,8.2
2025-05-02,11:56:55.930,-63,-63,10,3638,940,49,1,16,5550,29,903,-392,476,6,-2,344,515,-1,-1,-1,-1,0x1020480014440005,1422,1561,1500,1500,2012,1304,1826,1500,1500,1299,988,1500,1500,1500,1500,1500,1500,1500,1372,1628,1500,1543,1500,2012,1500,1874,1746,1500,1520,1505,1500,2012,8.2
2025-05-02,11:56:56.430,-61,-63,10,3640,380,47,1,16,5229,29,904,37,518,6,-2,344,515,-1,-1,-1,-1,0x1020480010440005,1517,1565,1500,1500,2012,1518,1855,1500,1500,1518,988,1500,1500,1500,1500,1500,1500,1500,1372,1628,1500,1543,1500,2012,1500,1892,1759,1500,1520,1505,1500,2012,8.2
2025-05-02,11:56:56.930,-58,-63,10,3645,1980,44,1,16,5457,29,904,-674,366,6,-2,344,515,-1,-1,-1,-1,0x1020480014440005,1339,1550,1500,1500,2012,1163,1750,1500,1500,1169,988,1500,1500,1500,1500,1500,1500,1500,1372,1628,1500,1543,1500,2012,1500,1847,1700,1500,1520,1505,1500,2012,8.2
2025-05-02,11:56:57.430,-54,-63,10,3649,1130,44,1,16,3480,29,904,-845,546,6,-2,344,515,-1,-1,-1,-1,0x1020480014440805,1257,1570,1500,1500,2012,1078,1874,1500,1500,1078,988,1500,1500,1500,1500,1500,1500,1500,1372,1628,1500,1543,1500,2012,1500,1903,1780,1500,1520,1505,1500,2012,8.2
2025-05-02,11:56:57.930,-36,-63,10,3647,4640,44,1,16,4507,29,905,-402,668,6,-2,344,515,-1,-1,-1,-1,0x1020480014442005,1425,1606,1500,1500,2012,1299,1957,1500,1500,1305,988,1500,1500,1500,1500,1500,1500,1500,1372,1628,1500,1543,1500,2012,1500,1974,1925,1500,1520,1505,1500,2012,8.2
2025-05-02,11:56:58.430,-50,-53,10,3645,470,44,1,16,4582,29,905,3,8,6,-2,344,515,-1,-1,-1,-1,0x1020480010440005,1508,1501,1500,1500,2012,1501,1505,1500,1500,1501,988,1500,1500,1500,1500,1500,1500,1500,999,2012,1500,1543,1500,2012,1500,1509,1505,1500,1520,1505,1500,2012,8.2
2025-05-02,11:56:58.930,-53,-53,10,3651,200,44,1,16,3089,30,905,3,7,7,-2,344,515,-1,-1,-1,-1,0x1020480010440005,1508,1501,1500,1500,2012,1501,1505,1500,1500,1501,988,1500,1500,1500,1500,1500,1500,1500,1372,2012,1500,1543,1500,2012,1500,1507,1503,1500,1520,1505,1500,2012,8.2
2025-05-02,11:56:59.430,-56,-51,10,3655,190,44,1,16,2545,30,905,1,10,7,-2,344,515,-1,-1,-1,-1,0x1020480010440005,1508,1501,1500,1500,2012,1500,1507,1500,1500,1500,988,1500,1500,1500,1500,1500,1500,1500,1372,2012,1500,1543,1500,2012,1500,1510,1505,1500,1520,1505,1500,2012,8.2
2025-05-02,11:56:59.930,-56,-55,10,3656,210,43,1,16,2136,30,905,1,9,6,-2,344,515,-1,-1,-1,-1,0x1020480010440005,1508,1501,1500,1500,2012,1500,1506,1500,1500,1500,988,1500,1500,1500,1500,1500,1500,1500,1500,2012,1500,1543,1500,2012,1500,1509,1505,1500,1520,1505,1500,2012,8.2
2025-05-02,11:57:00.430,-56,-53,10,3656,180,43,1,16,1719,30,905,-2,8,7,-2,344,515,-1,-1,-1,-1,0x1020480010440005,1507,1501,1500,1500,2012,1499,1505,1500,1500,1499,988,1500,1500,1500,1500,1500,1500,1500,1500,2012,1500,1543,1500,2012,1500,1508,1504,1500,1520,1505,1500,2012,8.2
2025-05-02,11:57:00.930,-56,-53,10,3657,2610,43,1,16,1515,30,905,88,294,6,-2,344,515,-1,-1,-1,-1,0x1020480014440005,1521,1542,1500,1500,2012,1544,1701,1500,1500,1527,988,1500,1500,1500,1500,1500,1500,1500,1372,1628,1500,1543,1500,2012,1500,1803,1668,1500,1520,1505,1500,2012,8.2
2025-05-02,11:57:01.430,-59,-57,10,3657,520,43,1,16,176,30,905,-141,11,7,-2,344,515,-1,-1,-1,-1,0x1020480014440005,1485,1501,1500,1500,2012,1430,1507,1500,1500,1439,988,1500,1500,1500,1500,1500,1500,1500,1264,2012,1500,1543,1500,2012,1500,1512,1506,1500,1520,1505,1500,2012,8.2
2025-05-02,11:57:01.930,-60,-57,10,3655,740,43,1,16,0,30,906,-1024,8,7,-2,344,515,-1,-1,-1,-1,0x1020480014440805,1142,1501,1500,1500,2012,988,1505,1500,1500,988,988,1500,1500,1500,1500,1500,1500,1500,1372,2012,1500,1543,1500,2012,1500,1508,1504,1500,1520,1505,1500,2012,8.2
2025-05-02,11:57:02.430,-58,-57,10,3656,150,43,1,16,0,30,906,3,7,6,-2,344,515,-1,-1,-1,-1,0x1020480010440005,1508,1501,1500,1500,2012,1501,1505,1500,1500,1501,988,1500,1500,1500,1500,1500,1500,1500,1385,2012,1500,1543,1500,2012,1500,1507,1503,1500,1520,1505,1500,2012,8.2
2025-05-02,11:57:02.930,-59,-57,10,3657,160,43,1,16,0,30,906,1,3,6,-2,344,515,-1,-1,-1,-1,0x1020480010440005,1508,1500,1500,1500,2012,1500,1502,1500,1500,1500,988,1500,1500,1500,1500,1500,1500,1500,1500,2012,1500,1543,1500,2012,1500,1501,1501,1500,1520,1505,1500,2012,8.2
2025-05-02,11:57:03.430,-59,-57,10,3658,170,43,1,16,0,30,906,-1,2,6,-2,344,515,-1,-1,-1,-1,0x1020480010440005,1508,1500,1500,1500,2012,1500,1501,1500,1500,1500,988,1500,1500,1500,1500,1500,1500,1500,1500,2012,1500,1543,1500,2012,1500,1501,1500,1500,1520,1505,1500,2012,8.2
2025-05-02,11:57:03.930,-60,-63,10,3658,170,43,1,16,0,30,906,-1,5,7,-2,344,515,-1,-1,-1,-1,0x1020480010440005,1508,1500,1500,1500,2012,1500,1503,1500,1500,1500,988,1500,1500,1500,1500,1500,1500,1500,1500,2012,1500,1543,1500,2012,1500,1505,1502,1500,1520,1505,1500,2012,8.2
2025-05-02,11:57:04.430,-60,-61,10,3658,170,43,1,16,0,30,906,-2,5,6,-2,344,515,-1,-1,-1,-1,0x1020480010440004,1507,1500,1500,1500,2012,1499,1503,1500,1500,1499,988,1500,1500,1500,1500,1500,1500,1500,1500,2012,1500,1543,1500,2012,1500,1505,1502,1500,1520,1505,1500,2012,8.2
2025-05-02,11:57:04.930,-56,-61,10,3659,160,43,1,16,0,30,906,-1,4,7,-2,344,515,-1,-1,-1,-1,0x1020480010440004,1508,1500,1500,1500,2012,1500,1502,1500,1500,1500,988,1500,1500,1500,1500,1500,1500,1500,1500,2012,1500,1543,1500,2012,1500,1504,1502,1500,1520,1505,1500,2012,8.2
2025-05-02,11:57:05.430,-64,-65,10,3659,160,43,1,16,0,30,906,-1,4,7,-2,344,515,-1,-1,-1,-1,0x1020480010440004,1508,1500,1500,1500,2012,1500,1502,1500,1500,1500,988,1500,1500,1500,1500,1500,1500,1500,1500,2012,1500,1543,1500,2012,1500,1504,1502,1500,1520,1505,1500,2012,8.2
2025-05-02,11:57:05.930,-59,-66,10,3659,160,43,1,16,0,30,906,-2,4,7,-2,344,515,-1,-1,-1,-1,0x1020480010440004,1507,1500,1500,1500,2012,1499,1502,1500,1500,1499,988,1500,1500,1500,1500,1500,1500,1500,1500,2012,1500,1543,1500,2012,1500,1504,1502,1500,1520,1505,1500,2012,8.2
2025-05-02,11:57:06.430,-59,-66,10,3660,250,43,1,16,0,30,906,-1,4,6,-2,344,515,-1,-1,-1,-1,0x1020480010440004,1508,1500,1500,1500,2012,1500,1502,1500,1500,1500,988,1500,1500,1500,1500,1500,1500,1500,1500,2012,1500,1543,1500,2012,1500,1504,1502,1500,1520,1505,1500,2012,8.2
2025-05-02,11:57:06.930,-51,-65,10,3660,170,43,1,16,0,30,906,-2,4,7,-2,344,515,-1,-1,-1,-1,0x1020480010440004,1507,1500,1500,1500,2012,1499,1502,1500,1500,1499,988,1500,1500,1500,1500,1500,1500,1500,1500,2012,1500,1543,1500,2012,1500,1504,1502,1500,1520,1505,1500,2012,8.2
2025-05-02,11:57:07.430,-55,-44,10,3660,170,43,1,16,0,30,906,-1,5,6,-2,344,515,-1,-1,-1,-1,0x1020480010440004,1508,1500,1500,1500,2012,1500,1503,1500,1500,1500,988,1500,1500,1500,1500,1500,1500,1500,1500,2012,1500,1543,1500,2012,1500,1505,1502,1500,1520,1505,1500,2012,8.2
2025-05-02,11:57:07.930,-55,-43,10,3660,160,43,1,16,0,30,906,-2,4,7,-2,344,515,-1,-1,-1,-1,0x1020480010440004,1507,1500,1500,1500,2012,1499,1502,1500,1500,1499,988,1500,1500,1500,1500,1500,1500,1500,1500,2012,1500,1543,1500,2012,1500,1505,1502,1500,1520,1505,1500,2012,8.2
2025-05-02,11:57:08.430,-55,-43,10,3660,170,43,1,16,0,30,906,-1,5,7,-2,344,515,-1,-1,-1,-1,0x1020480010440004,1508,1500,1500,1500,2012,1500,1503,1500,1500,1500,988,1500,1500,1500,1500,1500,1500,1500,1500,2012,1500,1543,1500,2012,1500,1505,1502,1500,1520,1505,1500,2012,8.2
2025-05-02,11:57:08.930,-49,-47,10,3661,180,43,1,16,2132,30,906,-2,4,6,-2,344,515,-1,-1,-1,-1,0x1020480010440004,1507,1500,1500,1500,2012,1499,1502,1500,1500,1499,988,1500,1500,1500,1500,1500,1500,1500,1500,2012,1500,1543,1500,2012,1500,1504,1502,1500,1520,1505,1500,2012,8.2
2025-05-02,11:57:09.430,-52,-47,10,3661,180,43,1,16,1578,30,906,-1,6,6,-2,344,515,-1,-1,-1,-1,0x1020480010440004,1508,1501,1500,1500,2012,1500,1504,1500,1500,1500,988,1500,1500,1500,1500,1500,1500,1500,1500,2012,1500,1543,1500,2012,1500,1506,1503,1500,1520,1505,1500,2012,8.2
2025-05-02,11:57:09.930,-41,-41,10,3661,900,43,1,16,976,30,906,1024,126,6,-2,344,515,-1,-1,-1,-1,0x1020480014440004,1812,1513,1500,1500,2012,2012,1586,1500,1500,2012,988,1500,1500,1500,1500,1500,1500,1500,1372,1628,1500,1543,1500,2012,1500,1612,1552,1500,1520,1505,1500,2012,8.2
2025-05-02,11:57:10.430,-48,-44,10,3661,3130,43,1,16,2323,30,906,1024,551,6,-2,344,515,-1,-1,-1,-1,0x1020480014440005,1812,1574,1500,1500,2012,2012,1877,1500,1500,2012,988,1500,1500,1500,1500,1500,1500,1500,1372,1628,1500,1543,1500,2012,1500,1914,1795,1500,1520,1505,1500,2012,8.2
2025-05-02,11:57:10.930,-51,-64,10,3657,650,43,1,16,1926,30,907,688,387,6,-2,344,515,-1,-1,-1,-1,0x1020480014440005,1686,1548,1500,1500,2012,1844,1765,1500,1500,1850,988,1500,1500,1500,1500,1500,1500,1500,1372,1628,1500,1543,1500,2012,1500,1822,1694,1500,1520,1505,1500,2012,8.2
2025-05-02,11:57:11.430,-44,-64,10,3655,1250,43,1,16,1463,30,907,1024,397,6,-2,344,515,-1,-1,-1,-1,0x1020480014440005,1812,1550,1500,1500,2012,2012,1772,1500,1500,2012,988,1500,1500,1500,1500,1500,1500,1500,1372,1628,1500,1543,1500,2012,1500,1829,1700,1500,1520,1505,1500,2012,8.2
2025-05-02,11:57:11.930,-52,-51,10,3657,1500,44,1,16,977,30,907,579,393,6,-2,344,515,-1,-1,-1,-1,0x1020480014440005,1663,1549,1500,1500,2012,1789,1769,1500,1500,1810,988,1500,1500,1500,1500,1500,1500,1500,1372,1628,1500,1543,1500,2012,1500,1825,1698,1500,1520,1505,1500,2012,8.2
2025-05-02,11:57:12.430,-49,-51,10,3657,270,44,1,16,629,30,907,35,12,7,-2,344,515,-1,-1,-1,-1,0x1020480010440005,1516,1501,1500,1500,2012,1517,1508,1500,1500,1518,988,1500,1500,1500,1500,1500,1500,1500,1065,1935,1500,1543,1500,2012,1500,1512,1506,1500,1520,1505,1500,2012,8.2
2025-05-02,11:57:12.930,-72,-68,10,3660,260,44,1,16,296,30,907,-1,7,6,-2,344,515,-1,-1,-1,-1,0x1020480010440005,1508,1501,1500,1500,2012,1500,1505,1500,1500,1500,988,1500,1500,1500,1500,1500,1500,1500,1372,2012,1500,1543,1500,2012,1500,1507,1503,1500,1520,1505,1500,2012,8.2
2025-05-02,11:57:13.430,-64,-68,10,3660,210,44,1,16,0,30,907,6,9,7,-2,344,515,-1,-1,-1,-1,0x1020480010440005,1509,1501,1500,1500,2012,1503,1506,1500,1500,1503,988,1500,1500,1500,1500,1500,1500,1500,1372,2012,1500,1543,1500,2012,1500,1509,1505,1500,1520,1505,1500,2012,8.2
2025-05-02,11:57:13.930,-64,-68,10,3661,160,43,1,16,0,30,907,-1,9,7,-2,344,515,-1,-1,-1,-1,0x1020480010440005,1508,1501,1500,1500,2012,1500,1506,1500,1500,1500,988,1500,1500,1500,1500,1500,1500,1500,1500,2012,1500,1543,1500,2012,1500,1509,1505,1500,1520,1505,1500,2012,8.2
2025-05-02,11:57:14.430,-71,-78,10,3661,2750,43,1,16,2604,30,908,-5,725,6,-2,344,515,-1,-1,-1,-1,0x1020480010442005,1507,1618,1500,1500,2012,1498,1996,1500,1500,1498,988,1500,1500,1500,1500,1500,1500,1500,1372,1628,1500,1543,1500,2012,1500,1994,1970,1500,1520,1505,1500,2012,8.2
2025-05-02,11:57:14.930,-61,-78,10,3655,510,43,1,16,1168,30,908,637,12,6,-2,344,515,-1,-1,-1,-1,0x1020480014440005,1672,1501,1500,1500,2012,1818,1508,1500,1500,1827,988,1500,1500,1500,1500,1500,1500,1500,1029,2012,1500,1543,1500,2012,1500,1512,1506,1500,1520,1505,1500,2012,8.2
2025-05-02,11:57:15.430,-55,-78,10,3654,160,43,1,16,888,30,908,5,10,6,-2,344,515,-1,-1,-1,-1,0x1020480010440005,1509,1501,1500,1500,2012,1502,1507,1500,1500,1502,988,1500,1500,1500,1500,1500,1500,1500,1372,2012,1500,1543,1500,2012,1500,1510,1505,1500,1520,1505,1500,2012,8.2
2025-05-02,11:57:15.930,-52,-78,10,3658,6100,43,1,16,1015,30,908,1024,591,6,-2,344,515,-1,-1,-1,-1,0x1020480014440005,1812,1585,1500,1500,2012,2012,1905,1500,1500,2012,988,1500,1500,1500,1500,1500,1500,1500,1372,1628,1500,1543,1500,2012,1500,1935,1840,1500,1520,1505,1500,2012,8.2
2025-05-02,11:57:16.430,-55,-78,10,3657,830,44,1,16,1600,30,909,1011,398,6,-2,344,515,-1,-1,-1,-1,0x1020480014440005,1803,1550,1500,1500,2012,2005,1772,1500,1500,2011,988,1500,1500,1500,1500,1500,1500,1500,1372,1628,1500,1543,1500,2012,1500,1828,1700,1500,1520,1505,1500,2012,8.2
2025-05-02,11:57:16.930,-64,-63,10,3652,5950,44,1,16,4985,30,909,925,718,6,-2,344,515,-1,-1,-1,-1,0x1020480014442005,1759,1620,1500,1500,2012,1962,1992,1500,1500,1962,988,1500,1500,1500,1500,1500,1500,1500,1372,1628,1500,1543,1500,2012,1500,1997,1979,1500,1520,1505,1500,2012,8.2
2025-05-02,11:57:17.430,-56,-63,10,3633,6000,45,1,16,6038,30,910,612,973,6,-2,344,515,-1,-1,-1,-1,0x1020480014442405,1660,1628,1500,1500,2012,1806,2012,1500,1500,1806,988,1500,1500,1500,1500,1500,1500,1500,1372,1628,1500,1543,1500,2012,1500,2012,2012,1500,1520,1505,1500,2012,8.2
2025-05-02,11:57:17.930,-59,-56,10,3630,5230,45,1,16,6849,30,911,83,1024,6,-2,344,515,-1,-1,-1,-1,0x1020480014442405,1525,1628,1500,1500,2012,1541,2012,1500,1500,1535,988,1500,1500,1500,1500,1500,1500,1500,1372,1628,1500,1543,1500,2012,1500,2012,2012,1500,1520,1505,1500,2012,8.2
2025-05-02,11:57:18.430,-59,-53,10,3632,5630,45,1,16,7272,30,912,807,1023,6,-2,344,515,-1,-1,-1,-1,0x1020480014442405,1718,1628,1500,1500,2012,1903,2012,1500,1500,1903,988,1500,1500,1500,1500,1500,1500,1500,1372,1628,1500,1543,1500,2012,1500,2012,2012,1500,1520,1505,1500,2012,8.2
2025-05-02,11:57:18.930,-65,-56,10,3633,270,47,1,16,6254,30,912,806,-553,7,-2,344,515,-1,-1,-1,-1,0x1020480016480405,1710,1317,1500,1498,2012,1903,1224,1315,1500,1889,988,1500,1500,1500,1500,1500,1500,1315,988,2012,1500,1543,1500,988,1500,1868,1500,1500,1520,1505,1500,2012,8.2
2025-05-02,11:57:19.430,-62,-56,10,3634,2650,45,1,16,4160,30,913,1024,690,6,-2,344,515,-1,-1,-1,-1,0x1020480014442405,1812,1615,1500,1500,2012,2012,1972,1500,1500,2012,988,1500,1500,1500,1500,1500,1500,1500,1372,1628,1500,1543,1500,2012,1500,1990,1975,1500,1520,1505,1500,2012,8.2
2025-05-02,11:57:19.930,-58,-60,10,3648,2040,45,1,16,3509,30,913,1024,634,6,-2,344,515,-1,-1,-1,-1,0x1020480014442405,1812,1597,1500,1500,2012,2012,1934,1500,1500,2012,988,1500,1500,1500,1500,1500,1500,1500,1372,1628,1500,1543,1500,2012,1500,1957,1887,1500,1520,1505,1500,2012,8.2
2025-05-02,11:57:20.430,-58,-57,10,3645,9830,45,1,16,5116,30,914,-77,1024,6,-2,344,515,-1,-1,-1,-1,0x1020480014442405,1496,1628,1500,1500,2012,1462,2012,1500,1500,1469,988,1500,1500,1500,1500,1500,1500,1500,1372,1628,1500,1543,1500,2012,1500,2012,2012,1500,1520,1505,1500,2012,8.2
2025-05-02,11:57:20.930,-66,-64,10,3630,5850,45,1,16,6768,30,914,-283,1024,6,-2,344,515,-1,-1,-1,-1,0x1020480014442405,1450,1628,1500,1500,2012,1359,2012,1500,1500,1353,988,1500,1500,1500,1500,1500,1500,1500,1372,1628,1500,1543,1500,2012,1500,2012,2012,1500,1520,1505,1500,2012,8.2
2025-05-02,11:57:21.430,-66,-64,10,3630,1710,45,1,16,6590,30,915,-202,308,6,-2,344,515,-1,-1,-1,-1,0x1020480014440005,1467,1545,1500,1500,2012,1399,1699,1500,1500,1394,988,1500,1500,1500,1500,1500,1500,1500,1372,1628,1500,1543,1500,2012,1500,1852,1680,1500,1520,1505,1500,2012,8.2
2025-05-02,11:57:21.930,-66,-52,10,3640,1710,45,1,16,5225,30,915,-1024,681,6,-2,344,515,-1,-1,-1,-1,0x1020480014442005,1142,1606,1500,1500,2012,988,1966,1500,1500,988,988,1500,1500,1500,1500,1500,1500,1500,1372,1628,1500,1543,1500,2012,1500,1974,1924,1500,1520,1505,1500,2012,8.2
2025-05-02,11:57:22.430,-66,-47,10,3645,8510,45,1,16,5129,30,916,-337,971,6,-2,344,515,-1,-1,-1,-1,0x1020480014442805,1440,1628,1500,1500,2012,1332,2012,1500,1500,1331,988,1500,1500,1500,1500,1500,1500,1500,1372,1628,1500,1543,1500,2012,1500,2012,2012,1500,1520,1505,1500,2012,8.2
2025-05-02,11:57:22.930,-48,-50,10,3630,5110,44,1,16,7686,30,917,-71,1024,6,-2,344,515,-1,-1,-1,-1,0x1020480014442405,1491,1628,1500,1500,2012,1465,2012,1500,1500,1457,988,1500,1500,1500,1500,1500,1500,1500,1372,1628,1500,1543,1500,2012,1500,2012,2012,1500,1520,1505,1500,2012,8.2
2025-05-02,11:57:23.430,-51,-50,10,3627,370,44,1,16,5741,30,917,1007,-292,6,-2,344,515,-1,-1,-1,-1,0x1020480016480405,1793,1401,1500,1499,2012,2011,1354,1400,1500,1993,988,1500,1500,1500,1500,1500,1500,1400,988,2012,1500,1543,1500,988,1500,1879,1500,1500,1520,1505,1500,2012,8.2
2025-05-02,11:57:23.930,-48,-50,10,3630,1930,45,1,16,3636,30,918,1024,431,6,-2,344,515,-1,-1,-1,-1,0x1020480014440405,1812,1558,1500,1500,2012,2012,1794,1500,1500,2012,988,1500,1500,1500,1500,1500,1500,1500,1372,1628,1500,1543,1500,2012,1500,1861,1733,1500,1520,1505,1500,2012,8.2
2025-05-02,11:57:24.430,-53,-50,10,3645,3490,46,1,16,2988,30,918,1024,615,6,-2,344,515,-1,-1,-1,-1,0x1020480014442405,1812,1591,1500,1500,2012,2012,1921,1500,1500,2012,988,1500,1500,1500,1500,1500,1500,1500,1372,1628,1500,1543,1500,2012,1500,1947,1865,1500,1520,1505,1500,2012,8.2
2025-05-02,11:57:24.930,-67,-63,10,3640,8180,46,1,16,5657,30,919,1024,889,6,-2,344,515,-1,-1,-1,-1,0x1020480014442405,1812,1628,1500,1500,2012,2012,2012,1500,1500,2012,988,1500,1500,1500,1500,1500,1500,1500,1372,1628,1500,1543,1500,2012,1500,2012,2012,1500,1520,1505,1500,2012,8.2
2025-05-02,11:57:25.430,-67,-56,10,3621,5670,46,1,16,6153,30,920,-7,1024,6,-2,344,515,-1,-1,-1,-1,0x1020480010442405,1506,1628,1500,1500,2012,1497,2012,1500,1500,1497,988,1500,1500,1500,1500,1500,1500,1500,1372,1628,1500,1543,1500,2012,1500,2012,2012,1500,1520,1505,1500,2012,8.2
2025-05-02,11:57:25.930,-67,-59,10,3622,5380,46,1,16,7081,30,920,119,403,6,-2,344,515,-1,-1,-1,-1,0x1020480014440405,1538,1560,1500,1500,2012,1559,1776,1500,1500,1560,988,1500,1500,1500,1500,1500,1500,1500,1372,1628,1500,1543,1500,2012,1500,2012,1740,1500,1520,1505,1500,2012,8.2
2025-05-02,11:57:26.430,-58,-59,10,3626,4470,46,1,16,7317,30,921,644,753,7,-2,344,515,-1,-1,-1,-1,0x1020480014442405,1665,1628,1500,1500,2012,1827,2012,1500,1500,1815,988,1500,1500,1500,1500,1500,1500,1500,1372,1628,1500,1543,1500,2012,1500,2012,2012,1500,1520,1505,1500,2012,8.2
2025-05-02,11:57:26.930,-58,-62,10,3628,4280,45,1,16,6101,30,921,748,368,7,-2,345,515,-1,-1,-1,-1,0x1020480014440005,1689,1553,1500,1500,2012,1874,1752,1500,1500,1856,988,1500,1500,1500,1500,1500,1500,1500,1372,1628,1500,1543,1500,2012,1500,1906,1712,1500,1520,1505,1500,2012,8.2
2025-05-02,11:57:27.430,-60,-62,10,3641,880,46,1,16,2025,30,921,1011,-711,7,-2,345,515,-1,-1,-1,-1,0x10204800164C0005,1807,1207,1500,1497,2012,2005,1145,1205,1500,2011,988,1500,1500,1500,1500,1500,1500,1204,1296,2012,1500,1543,1500,988,1500,1102,1500,1500,1520,1505,1500,2012,8.2
2025-05-02,11:57:27.930,-63,-59,10,3646,170,46,1,16,934,30,921,444,10,6,-2,344,515,-1,-1,-1,-1,0x1020480014440005,1617,1501,1500,1500,2012,1722,1507,1500,1500,1722,988,1500,1500,1500,1500,1500,1500,1500,1372,2012,1500,1543,1500,2012,1500,1510,1505,1500,1520,1505,1500,2012,8.2
2025-05-02,11:57:28.430,-63,-58,10,3650,300,45,1,16,491,30,922,106,12,6,-2,345,515,-1,-1,-1,-1,0x1020480014440005,1534,1502,1500,1500,2012,1552,1508,1500,1500,1553,988,1500,1500,1500,1500,1500,1500,1500,1427,2012,1500,1543,1500,2012,1500,1512,1507,1500,1520,1505,1500,2012,8.2
2025-05-02,11:57:28.930,-63,-55,10,3650,170,45,1,16,255,30,922,-3,5,7,-2,344,515,-1,-1,-1,-1,0x1020480010440005,1507,1500,1500,1500,2012,1499,1503,1500,1500,1499,988,1500,1500,1500,1500,1500,1500,1500,1500,2012,1500,1543,1500,2012,1500,1505,1502,1500,1520,1505,1500,2012,8.2
2025-05-02,11:57:29.430,-63,-54,10,3651,170,43,1,16,0,30,922,-4,10,6,-2,345,515,-1,-1,-1,-1,0x1020480010440005,1507,1501,1500,1500,2012,1498,1506,1500,1500,1498,988,1500,1500,1500,1500,1500,1500,1500,1500,2012,1500,1543,1500,2012,1500,1510,1505,1500,1520,1505,1500,2012,8.2
2025-05-02,11:57:29.930,-63,-55,10,3652,170,43,1,16,0,30,922,-4,7,7,-2,345,515,-1,-1,-1,-1,0x1020480010440005,1507,1501,1500,1500,2012,1498,1505,1500,1500,1498,988,1500,1500,1500,1500,1500,1500,1500,1500,2012,1500,1543,1500,2012,1500,1507,1503,1500,1520,1505,1500,2012,8.2
2025-05-02,11:57:30.430,-69,-60,10,3652,170,43,1,16,0,30,922,-4,6,7,-2,345,515,-1,-1,-1,-1,0x1020480010440004,1507,1501,1500,1500,2012,1498,1504,1500,1500,1498,988,1500,1500,1500,1500,1500,1500,1500,1500,2012,1500,1543,1500,2012,1500,1506,1503,1500,1520,1505,1500,2012,8.2
2025-05-02,11:57:30.930,-69,-69,10,3653,170,43,1,16,0,30,922,-4,6,7,-2,345,515,-1,-1,-1,-1,0x1020480010440004,1507,1501,1500,1500,2012,1498,1504,1500,1500,1498,988,1500,1500,1500,1500,1500,1500,1500,1500,2012,1500,1543,1500,2012,1500,1506,1503,1500,1520,1505,1500,2012,8.2
2025-05-02,11:57:31.430,-85,-73,10,3653,180,43,1,16,0,30,922,-4,6,6,-2,345,515,-1,-1,-1,-1,0x1020480010440004,1507,1501,1500,1500,2012,1498,1504,1500,1500,1498,988,1500,1500,1500,1500,1500,1500,1500,1500,2012,1500,1543,1500,2012,1500,1507,1503,1500,1520,1505,1500,2012,8.2
2025-05-02,11:57:31.930,-67,-63,10,3653,160,43,1,16,0,30,922,-4,6,6,-2,344,515,-1,-1,-1,-1,0x1020480010440004,1507,1501,1500,1500,2012,1498,1504,1500,1500,1498,988,1500,1500,1500,1500,1500,1500,1500,1500,2012,1500,1543,1500,2012,1500,1506,1503,1500,1520,1505,1500,2012,8.2
2025-05-02,11:57:32.430,-72,-58,10,3654,170,43,1,16,0,30,922,-4,6,6,-2,344,515,-1,-1,-1,-1,0x1020480010440004,1507,1501,1500,1500,2012,1498,1504,1500,1500,1498,988,1500,1500,1500,1500,1500,1500,1500,1500,2012,1500,1543,1500,2012,1500,1506,1503,1500,1520,1505,1500,2012,8.2
2025-05-02,11:57:32.930,-73,-60,10,3654,170,43,1,16,0,30,922,-4,6,6,-2,345,515,-1,-1,-1,-1,0x1020480010440004,1507,1501,1500,1500,2012,1498,1504,1500,1500,1499,988,1500,1500,1500,1500,1500,1500,1500,1500,2012,1500,1543,1500,2012,1500,1506,1503,1500,1520,1505,1500,2012,8.2
2025-05-02,11:57:33.430,-74,-74,10,3654,170,43,1,16,0,30,922,-4,6,6,-2,344,515,-1,-1,-1,-1,0x1020480010440004,1507,1501,1500,1500,2012,1498,1504,1500,1500,1498,988,1500,1500,1500,1500,1500,1500,1500,1500,2012,1500,1543,1500,2012,1500,1506,1503,1500,1520,1505,1500,2012,8.2
2025-05-02,11:57:33.930,-72,-51,10,3655,260,43,1,16,0,30,922,-4,6,7,-2,344,515,-1,-1,-1,-1,0x1020480010440004,1507,1501,1500,1500,2012,1498,1504,1500,1500,1498,988,1500,1500,1500,1500,1500,1500,1500,1500,2012,1500,1543,1500,2012,1500,1506,1503,1500,1520,1505,1500,2012,8.2
2025-05-02,11:57:34.430,-72,-52,10,3655,170,43,1,16,0,30,922,-4,6,7,-2,344,515,-1,-1,-1,-1,0x1020480010440004,1507,1501,1500,1500,2012,1498,1504,1500,1500,1498,988,1500,1500,1500,1500,1500,1500,1500,1500,2012,1500,1543,1500,2012,1500,1506,1503,1500,1520,1505,1500,2012,8.2
2025-05-02,11:57:34.930,-62,-58,10,3655,160,43,1,16,0,30,922,-4,6,7,-2,345,515,-1,-1,-1,-1,0x1020480010440004,1507,1501,1500,1500,2012,1498,1504,1500,1500,1498,988,1500,1500,1500,1500,1500,1500,1500,1500,2012,1500,1543,1500,2012,1500,1506,1503,1500,1520,1505,1500,2012,8.2
2025-05-02,11:57:35.430,-64,-70,10,3655,160,43,1,16,0,30,922,-4,6,7,-2,345,515,-1,-1,-1,-1,0x1020480010440004,1507,1501,1500,1500,2012,1498,1504,1500,1500,1498,988,1500,1500,1500,1500,1500,1500,1500,1500,2012,1500,1543,1500,2012,1500,1506,1503,1500,1520,1505,1500,2012,8.2
2025-05-02,11:57:35.930,-76,-67,10,3656,170,43,1,16,0,30,922,-4,7,7,-2,345,515,-1,-1,-1,-1,0x1020480010440004,1507,1501,1500,1500,2012,1498,1505,1500,1500,1498,988,1500,1500,1500,1500,1500,1500,1500,1500,2012,1500,1543,1500,2012,1500,1507,1503,1500,1520,1505,1500,2012,8.2
2025-05-02,11:57:36.430,-57,-58,10,3656,170,43,1,16,0,30,922,-4,6,6,-2,345,515,-1,-1,-1,-1,0x1020480010440004,1507,1501,1500,1500,2012,1498,1504,1500,1500,1498,988,1500,1500,1500,1500,1500,1500,1500,1500,2012,1500,1543,1500,2012,1500,1506,1503,1500,1520,1505,1500,2012,8.2
2025-05-02,11:57:36.930,-62,-64,10,3656,170,43,1,16,0,30,922,-4,7,7,-2,344,515,-1,-1,-1,-1,0x1020480010440004,1507,1501,1500,1500,2012,1498,1505,1500,1500,1498,988,1500,1500,1500,1500,1500,1500,1500,1500,2012,1500,1543,1500,2012,1500,1507,1503,1500,1520,1505,1500,2012,8.2
2025-05-02,11:57:37.430,-68,-72,10,3656,170,43,1,16,0,30,922,-3,15,7,-2,344,515,-1,-1,-1,-1,0x1020480010440004,1507,1502,1500,1500,2012,1499,1510,1500,1500,1499,988,1500,1500,1500,1500,1500,1500,1500,1500,2012,1500,1543,1500,2012,1500,1516,1508,1500,1520,1505,1500,2012,8.2
2025-05-02,11:57:37.930,-61,-63,10,3657,170,43,1,16,0,30,922,-3,12,6,-2,344,515,-1,-1,-1,-1,0x1020480010440004,1507,1501,1500,1500,2012,1499,1508,1500,1500,1499,988,1500,1500,1500,1500,1500,1500,1500,1500,2012,1500,1543,1500,2012,1500,1512,1506,1500,1520,1505,1500,2012,8.2
2025-05-02,11:57:38.430,-58,-68,10,3657,160,43,1,16,0,30,922,-3,11,7,-2,344,515,-1,-1,-1,-1,0x1020480010440004,1507,1501,1500,1500,2012,1499,1507,1500,1500,1499,988,1500,1500,1500,1500,1500,1500,1500,1500,2012,1500,1543,1500,2012,1500,1512,1506,1500,1520,1505,1500,2012,8.2
2025-05-02,11:57:38.930,-59,-68,10,3657,160,43,1,16,0,30,922,-4,8,6,-2,345,515,-1,-1,-1,-1,0x1020480010440004,1507,1501,1500,1500,2012,1498,1505,1500,1500,1498,988,1500,1500,1500,1500,1500,1500,1500,1500,2012,1500,1543,1500,2012,1500,1508,1504,1500,1520,1505,1500,2012,8.2
2025-05-02,11:57:39.430,-58,-68,10,3657,260,43,1,16,0,30,922,-5,9,7,-2,345,515,-1,-1,-1,-1,0x1020480010440004,1507,1501,1500,1500,2012,1498,1506,1500,1500,1498,988,1500,1500,1500,1500,1500,1500,1500,1500,2012,1500,1543,1500,2012,1500,1509,1505,1500,1520,1505,1500,2012,8.2
2025-05-02,11:57:39.930,-61,-59,10,3657,170,43,1,16,0,30,922,-4,7,7,-2,344,515,-1,-1,-1,-1,0x1020480010440004,1507,1501,1500,1500,2012,1498,1505,1500,1500,1498,988,1500,1500,1500,1500,1500,1500,1500,1500,2012,1500,1543,1500,2012,1500,1507,1503,1500,1520,1505,1500,2012,8.2
2025-05-02,11:57:40.430,-66,-62,10,3658,160,43,1,16,0,30,922,-4,10,7,-2,345,515,-1,-1,-1,-1,0x1020480010440004,1507,1501,1500,1500,2012,1498,1507,1500,1500,1498,988,1500,1500,1500,1500,1500,1500,1500,1500,2012,1500,1543,1500,2012,1500,1510,1505,1500,1520,1505,1500,2012,8.2
2025-05-02,11:57:40.930,-62,-62,10,3658,170,43,1,16,0,30,922,3,11,6,-2,344,515,-1,-1,-1,-1,0x1020480010440004,1508,1501,1500,1500,2012,1501,1507,1500,1500,1501,988,1500,1500,1500,1500,1500,1500,1500,1500,2012,1500,1543,1500,2012,1500,1512,1506,1500,1520,1505,1500,2012,8.2
2025-05-02,11:57:41.430,-67,-59,10,3658,170,43,1,16,0,30,922,-4,10,6,-2,345,515,-1,-1,-1,-1,0x1020480010440004,1507,1501,1500,1500,2012,1498,1507,1500,1500,1498,988,1500,1500,1500,1500,1500,1500,1500,1500,2012,1500,1543,1500,2012,1500,1510,1505,1500,1520,1505,1500,2012,8.2
2025-05-02,11:57:41.930,-67,-57,10,3658,170,43,1,16,0,30,922,0,11,6,-2,345,515,-1,-1,-1,-1,0x1020480010440004,1508,1501,1500,1500,2012,1500,1507,1500,1500,1500,988,1500,1500,1500,1500,1500,1500,1500,1500,2012,1500,1543,1500,2012,1500,1512,1506,1500,1520,1505,1500,2012,8.2
2025-05-02,11:57:42.430,-67,-55,10,3658,170,43,1,16,0,30,922,-3,11,6,-2,344,515,-1,-1,-1,-1,0x1020480010440004,1507,1501,1500,1500,2012,1499,1507,1500,1500,1499,988,1500,1500,1500,1500,1500,1500,1500,1500,2012,1500,1543,1500,2012,1500,1512,1506,1500,1520,1505,1500,2012,8.2
2025-05-02,11:57:42.930,-67,-55,10,3658,390,43,1,16,0,30,922,130,10,6,-2,344,515,-1,-1,-1,-1,0x1020480014440004,1540,1501,1500,1500,2012,1565,1507,1500,1500,1564,988,1500,1500,1500,1500,1500,1500,1500,1500,2012,1500,1543,1500,2012,1500,1510,1505,1500,1520,1505,1500,2012,8.2
2025-05-02,11:57:43.430,-56,-58,10,3658,710,43,1,16,0,30,922,1024,12,7,-2,345,515,-1,-1,-1,-1,0x1020480014440004,1812,1501,1500,1500,2012,2012,1508,1500,1500,2012,988,1500,1500,1500,1500,1500,1500,1500,1500,2012,1500,1543,1500,2012,1500,1512,1506,1500,1520,1505,1500,2012,8.2
2025-05-02,11:57:43.930,-56,-58,10,3657,2870,43,1,16,437,30,922,1024,539,6,-2,344,515,-1,-1,-1,-1,0x1020480014440005,1812,1570,1500,1500,2012,2012,1869,1500,1500,2012,988,1500,1500,1500,1500,1500,1500,1500,1372,1628,1500,1543,1500,2012,1500,1903,1779,1500,1520,1505,1500,2012,8.2
2025-05-02,11:57:44.430,-56,-57,10,3654,3360,46,1,16,2636,30,923,1024,603,6,-2,344,515,-1,-1,-1,-1,0x1020480014440005,1812,1588,1500,1500,2012,2012,1913,1500,1500,2012,988,1500,1500,1500,1500,1500,1500,1500,1372,1628,1500,1543,1500,2012,1500,1941,1852,1500,1520,1505,1500,2012,8.2
2025-05-02,11:57:44.930,-68,-64,10,3641,6460,46,1,16,5836,30,924,325,1024,6,-2,344,515,-1,-1,-1,-1,0x1020480014442005,1590,1628,1500,1500,2012,1662,2012,1500,1500,1662,988,1500,1500,1500,1500,1500,1500,1500,1372,1628,1500,1543,1500,2012,1500,2012,2012,1500,1520,1505,1500,2012,8.2
2025-05-02,11:57:45.430,-68,-62,10,3631,850,46,1,16,6375,30,925,20,786,6,-2,344,515,-1,-1,-1,-1,0x1020480010442405,1513,1628,1500,1500,2012,1510,2012,1500,1500,1510,988,1500,1500,1500,1500,1500,1500,1500,1372,1628,1500,1543,1500,2012,1500,2012,2012,1500,1520,1505,1500,2012,8.2
2025-05-02,11:57:45.930,-57,-65,10,3632,2130,46,1,16,6607,30,925,-525,116,7,-2,345,515,-1,-1,-1,-1,0x1020480014440405,1391,1517,1500,1500,2012,1238,1579,1500,1500,1245,988,1500,1500,1500,1500,1500,1500,1500,1372,1628,1500,1543,1500,2012,1500,1841,1568,1500,1520,1505,1500,2012,8.2
2025-05-02,11:57:46.430,-47,-57,10,3647,360,45,1,16,2635,30,925,-952,-176,7,-2,345,515,-1,-1,-1,-1,0x10204800164C0C05,1191,1417,1500,1499,2012,1025,1413,1417,1500,1024,988,1500,1500,1500,1500,1500,1500,1416,1069,2012,1500,1543,1500,2012,1500,1372,1500,1500,1520,1505,1500,2012,8.2
2025-05-02,11:57:46.930,-39,-57,10,3651,7120,45,1,16,3715,30,926,10,594,6,-2,344,515,-1,-1,-1,-1,0x1020480010440405,1510,1577,1500,1500,2012,1505,1907,1500,1500,1505,988,1500,1500,1500,1500,1500,1500,1500,1372,1628,1500,1543,1500,2012,1500,1934,1808,1500,1520,1505,1500,2012,8.2
2025-05-02,11:57:47.430,-44,-57,10,3647,5220,45,1,16,6422,30,927,-685,768,6,-2,344,515,-1,-1,-1,-1,0x1020480014442405,1330,1628,1500,1500,2012,1158,2012,1500,1500,1157,988,1500,1500,1500,1500,1500,1500,1500,1372,1628,1500,1543,1500,2012,1500,2012,2012,1500,1520,1505,1500,2012,8.2
2025-05-02,11:57:47.930,-58,-55,10,3626,7110,44,1,16,5802,30,927,1022,912,6,-2,345,515,-1,-1,-1,-1,0x1020480014442405,1803,1628,1500,1500,2012,2011,2012,1500,1500,2011,988,1500,1500,1500,1500,1500,1500,1500,1372,1628,1500,1543,1500,2012,1500,2012,2012,1500,1520,1505,1500,2012,8.2
2025-05-02,11:57:48.430,-49,-55,10,3625,260,45,1,16,5268,30,928,1024,-415,7,-2,344,515,-1,-1,-1,-1,0x1020480016480405,1812,1370,1500,1499,2012,2012,1293,1368,1500,2012,988,1500,1500,1500,1500,1500,1500,1368,988,2012,1500,1543,1500,988,1500,1783,1500,1500,1520,1505,1500,2012,8.2
2025-05-02,11:57:48.930,-52,-55,10,3628,2490,46,1,16,3144,30,928,874,467,7,-2,344,515,-1,-1,-1,-1,0x1020480014440405,1743,1563,1500,1500,2012,1937,1820,1500,1500,1943,988,1500,1500,1500,1500,1500,1500,1500,1372,1628,1500,1543,1500,2012,1500,1897,1752,1500,1520,1505,1500,2012,8.2
2025-05-02,11:57:49.430,-54,-56,10,3643,1220,46,1,16,2905,30,929,1024,542,6,-2,345,515,-1,-1,-1,-1,0x1020480014440005,1812,1570,1500,1500,2012,2012,1871,1500,1500,2012,988,1500,1500,1500,1500,1500,1500,1500,1372,1628,1500,1543,1500,2012,1500,1910,1781,1500,1520,1505,1500,2012,8.2
2025-05-02,11:57:49.910,-66,-69,10,3640,10860,46,1,16,4951,30,929,978,712,7,-2,344,515,-1,-1,-1,-1,0x1020480014442005,1788,1618,1500,1500,2012,1994,1980,1500,1500,1989,988,1500,1500,1500,1500,1500,1500,1500,1372,1628,1500,1543,1500,2012,1500,1995,1973,1500,1520,1505,1500,2012,8.2
2025-05-02,11:57:50.410,-61,-69,10,3629,5750,46,1,16,6174,30,930,360,1024,7,-2,343,515,-1,-1,-1,-1,0x1020480014442405,1601,1628,1500,1500,2012,1656,2012,1500,1500,1687,988,1500,1500,1500,1500,1500,1500,1500,1372,1628,1500,1543,1500,2012,1500,2012,2012,1500,1520,1505,1500,2012,8.2
2025-05-02,11:57:50.910,-58,-69,10,3625,290,46,1,16,6217,30,931,-25,7,7,-2,344,515,-1,-1,-1,-1,0x1020480010440405,1503,1501,1500,1500,2012,1488,1505,1500,1500,1488,988,1500,1500,1500,1500,1500,1500,1500,1014,1986,1500,1543,1500,2012,1500,1873,1504,1500,1520,1505,1500,2012,8.2
2025-05-02,11:57:51.410,-59,-54,10,3627,470,46,1,16,4426,30,931,320,486,6,-2,344,515,-1,-1,-1,-1,0x1020480014440405,1591,1560,1500,1500,2012,1660,1833,1500,1500,1666,988,1500,1500,1500,1500,1500,1500,1500,1372,1628,1500,1543,1500,2012,1500,1871,1742,1500,1520,1505,1500,2012,8.2
2025-05-02,11:57:51.910,-65,-64,10,3646,3320,46,1,16,5534,30,931,46,849,6,-2,344,515,-1,-1,-1,-1,0x1020480010442405,1519,1628,1500,1500,2012,1523,2012,1500,1500,1522,988,1500,1500,1500,1500,1500,1500,1500,1372,1628,1500,1543,1500,2012,1500,2012,2012,1500,1520,1505,1500,2012,8.2
2025-05-02,11:57:52.410,-55,-69,10,3644,2070,44,1,16,4268,30,932,250,815,6,-2,345,515,-1,-1,-1,-1,0x1020480014442405,1571,1628,1500,1500,2012,1625,2012,1500,1500,1625,988,1500,1500,1500,1500,1500,1500,1500,1372,1628,1500,1543,1500,2012,1500,2012,2012,1500,1520,1505,1500,2012,8.2
2025-05-02,11:57:52.910,-58,-69,10,3642,1750,44,1,16,4132,30,932,1024,227,6,-2,345,515,-1,-1,-1,-1,0x1020480014440405,1812,1524,1500,1500,2012,2012,1655,1500,1500,2012,988,1500,1500,1500,1500,1500,1500,1500,1372,1628,1500,1543,1500,2012,1500,1702,1596,1500,1520,1505,1500,2012,8.2
2025-05-02,11:57:53.410,-58,-69,10,3644,1490,44,1,16,3575,30,932,559,624,6,-2,344,515,-1,-1,-1,-1,0x1020480014442405,1643,1590,1500,1500,2012,1779,1927,1500,1500,1774,988,1500,1500,1500,1500,1500,1500,1500,1372,1628,1500,1543,1500,2012,1500,1945,1860,1500,1520,1505,1500,2012,8.2
2025-05-02,11:57:53.910,-60,-69,10,3642,10770,44,1,16,4616,31,933,911,643,6,-2,345,515,-1,-1,-1,-1,0x1020480014442405,1762,1603,1500,1500,2012,1955,1940,1500,1500,1965,988,1500,1500,1500,1500,1500,1500,1500,1372,1628,1500,1543,1500,2012,1500,1971,1922,1500,1520,1505,1500,2012,8.2
2025-05-02,11:57:54.410,-66,-68,10,3637,0,45,1,16,4822,31,933,262,-444,7,-2,344,515,-1,-1,-1,-1,0x1020480016440005,1579,1314,1500,1498,2012,1631,1278,1313,1500,1639,988,1500,1500,1500,1500,1500,1500,1321,1090,2012,1500,1543,1500,2012,1500,1348,1500,1500,1520,1505,1500,2012,8.2
2025-05-02,11:57:54.910,-66,-64,10,3643,560,45,1,16,2337,31,933,-212,-47,7,-2,345,515,-1,-1,-1,-1,0x1020480016440005,1469,1478,1500,1500,2012,1394,1477,1478,1500,1399,988,1500,1500,1500,1500,1500,1500,1478,1372,2012,1500,1543,1500,2012,1500,1464,1500,1500,1520,1505,1500,2012,8.2
2025-05-02,11:57:55.410,-65,-66,10,3649,110,45,1,16,28402,31,933,-564,-519,7,-2,345,515,-1,-1,-1,-1,0x10204800164C0805,1375,1287,1500,1498,2012,1218,1241,1285,1500,1218,988,1500,1500,1500,1500,1500,1500,1285,1372,2012,1500,1543,1500,2012,1500,1183,1500,1500,1520,1505,1500,2012,8.2
2025-05-02,11:57:55.910,-62,-66,10,3649,220,44,1,16,681,31,934,-2,7,6,-2,344,515,-1,-1,-1,-1,0x1020480010440005,1507,1501,1500,1500,2012,1499,1505,1500,1500,1499,988,1500,1500,1500,1500,1500,1500,1500,1500,2012,1500,1543,1500,2012,1500,1507,1503,1500,1520,1505,1500,2012,8.2
2025-05-02,11:57:56.410,-60,-66,10,3650,160,44,1,16,335,31,934,-2,6,6,-2,345,515,-1,-1,-1,-1,0x1020480010440005,1507,1501,1500,1500,2012,1499,1504,1500,1500,1499,988,1500,1500,1500,1500,1500,1500,1500,1500,2012,1500,1543,1500,2012,1500,1506,1503,1500,1520,1505,1500,2012,8.2
2025-05-02,11:57:56.910,-59,-60,10,3651,170,43,1,16,0,31,934,-2,6,7,-2,344,515,-1,-1,-1,-1,0x1020480010440005,1507,1501,1500,1500,2012,1499,1504,1500,1500,1499,988,1500,1500,1500,1500,1500,1500,1500,1500,2012,1500,1543,1500,2012,1500,1506,1503,1500,1520,1505,1500,2012,8.2
2025-05-02,11:57:57.410,-58,-60,10,3651,160,43,1,16,0,31,934,-2,5,7,-2,344,515,-1,-1,-1,-1,0x1020480010440005,1507,1500,1500,1500,2012,1499,1503,1500,1500,1499,988,1500,1500,1500,1500,1500,1500,1500,1500,2012,1500,1543,1500,2012,1500,1505,1502,1500,1520,1505,1500,2012,8.2
2025-05-02,11:57:57.910,-60,-60,10,3652,170,43,1,16,0,31,934,-3,5,6,-2,345,515,-1,-1,-1,-1,0x1020480010440004,1507,1500,1500,1500,2012,1499,1503,1500,1500,1499,988,1500,1500,1500,1500,1500,1500,1500,1500,2012,1500,1543,1500,2012,1500,1505,1502,1500,1520,1505,1500,2012,8.2
2025-05-02,11:57:58.410,-60,-60,10,3652,170,43,1,16,0,31,934,-2,7,6,-2,344,515,-1,-1,-1,-1,0x1020480010440004,1507,1501,1500,1500,2012,1499,1505,1500,1500,1499,988,1500,1500,1500,1500,1500,1500,1500,1500,2012,1500,1543,1500,2012,1500,1507,1503,1500,1520,1505,1500,2012,8.2
2025-05-02,11:57:58.910,-68,-76,10,3652,170,43,1,16,0,31,934,-2,8,7,-2,344,515,-1,-1,-1,-1,0x1020480010440004,1508,1501,1500,1500,2012,1499,1505,1500,1500,1500,988,1500,1500,1500,1500,1500,1500,1500,1500,2012,1500,1543,1500,2012,1500,1508,1504,1500,1520,1505,1500,2012,8.2
2025-05-02,11:57:59.410,-68,-62,10,3652,170,43,1,16,0,31,934,-3,8,7,-2,344,515,-1,-1,-1,-1,0x1020480010440004,1507,1501,1500,1500,2012,1499,1505,1500,1500,1499,988,1500,1500,1500,1500,1500,1500,1500,1500,2012,1500,1543,1500,2012,1500,1508,1504,1500,1520,1505,1500,2012,8.2
2025-05-02,11:57:59.910,-66,-66,10,3653,180,43,1,16,0,31,934,-2,8,6,-2,344,515,-1,-1,-1,-1,0x1020480010440004,1507,1501,1500,1500,2012,1499,1505,1500,1500,1499,988,1500,1500,1500,1500,1500,1500,1500,1500,2012,1500,1543,1500,2012,1500,1508,1504,1500,1520,1505,1500,2012,8.2
2025-05-02,11:58:00.410,-66,-66,10,3653,170,43,1,16,0,31,934,-1,9,6,-2,344,515,-1,-1,-1,-1,0x1020480010440004,1508,1501,1500,1500,2012,1500,1506,1500,1500,1500,988,1500,1500,1500,1500,1500,1500,1500,1500,2012,1500,1543,1500,2012,1500,1509,1505,1500,1520,1505,1500,2012,8.2
2025-05-02,11:58:00.910,-62,-67,10,3653,160,43,1,16,0,31,934,-1,9,7,-2,344,515,-1,-1,-1,-1,0x1020480010440004,1507,1501,1500,1500,2012,1500,1506,1500,1500,1499,988,1500,1500,1500,1500,1500,1500,1500,1500,2012,1500,1543,1500,2012,1500,1509,1504,1500,1520,1505,1500,2012,8.2
2025-05-02,11:58:01.410,-74,-67,10,3654,220,43,1,16,0,31,934,-2,8,6,-2,344,515,-1,-1,-1,-1,0x1020480010440004,1507,1501,1500,1500,2012,1499,1505,1500,1500,1499,988,1500,1500,1500,1500,1500,1500,1500,1500,2012,1500,1543,1500,2012,1500,1508,1504,1500,1520,1505,1500,2012,8.2
2025-05-02,11:58:01.910,-70,-73,10,3654,170,43,1,16,0,31,934,-2,8,7,-2,344,515,-1,-1,-1,-1,0x1020480010440004,1507,1501,1500,1500,2012,1499,1505,1500,1500,1499,988,1500,1500,1500,1500,1500,1500,1500,1500,2012,1500,1543,1500,2012,1500,1509,1505,1500,1520,1505,1500,2012,8.2
2025-05-02,11:58:02.410,-72,-76,10,3654,160,43,1,16,0,31,934,-2,9,7,-2,344,515,-1,-1,-1,-1,0x1020480010440004,1507,1501,1500,1500,2012,1499,1506,1500,1500,1499,988,1500,1500,1500,1500,1500,1500,1500,1500,2012,1500,1543,1500,2012,1500,1509,1505,1500,1520,1505,1500,2012,8.2
2025-05-02,11:58:02.910,-66,-71,10,3654,170,43,1,16,0,31,934,-2,8,7,-2,344,515,-1,-1,-1,-1,0x1020480010440004,1507,1501,1500,1500,2012,1499,1505,1500,1500,1499,988,1500,1500,1500,1500,1500,1500,1500,1500,2012,1500,1543,1500,2012,1500,1508,1504,1500,1520,1505,1500,2012,8.2
2025-05-02,11:58:03.410,-59,-71,10,3654,160,43,1,16,0,31,934,-2,9,6,-2,344,515,-1,-1,-1,-1,0x1020480010440004,1507,1501,1500,1500,2012,1499,1506,1500,1500,1499,988,1500,1500,1500,1500,1500,1500,1500,1500,2012,1500,1543,1500,2012,1500,1509,1505,1500,1520,1505,1500,2012,8.2
2025-05-02,11:58:03.910,-52,-71,10,3655,170,43,1,16,0,31,934,-2,7,7,-2,344,515,-1,-1,-1,-1,0x1020480010440004,1507,1501,1500,1500,2012,1499,1505,1500,1500,1499,988,1500,1500,1500,1500,1500,1500,1500,1500,2012,1500,1543,1500,2012,1500,1507,1503,1500,1520,1505,1500,2012,8.2
2025-05-02,11:58:04.410,-56,-71,10,3655,160,43,1,16,0,31,934,-2,7,7,-2,344,515,-1,-1,-1,-1,0x1020480010440004,1507,1501,1500,1500,2012,1499,1505,1500,1500,1499,988,1500,1500,1500,1500,1500,1500,1500,1500,2012,1500,1543,1500,2012,1500,1507,1503,1500,1520,1505,1500,2012,8.2
2025-05-02,11:58:04.910,-55,-71,10,3655,160,43,1,16,0,31,934,-3,7,7,-2,344,515,-1,-1,-1,-1,0x1020480010440004,1507,1501,1500,1500,2012,1499,1505,1500,1500,1499,988,1500,1500,1500,1500,1500,1500,1500,1500,2012,1500,1543,1500,2012,1500,1507,1503,1500,1520,1505,1500,2012,8.2
2025-05-02,11:58:05.410,-58,-57,10,3655,170,43,1,16,0,31,934,-2,8,7,-2,344,515,-1,-1,-1,-1,0x1020480010440004,1507,1501,1500,1500,2012,1499,1505,1500,1500,1499,988,1500,1500,1500,1500,1500,1500,1500,1500,2012,1500,1543,1500,2012,1500,1508,1504,1500,1520,1505,1500,2012,8.2
2025-05-02,11:58:05.910,-60,-64,10,3655,170,43,1,16,0,31,934,-2,9,6,-2,344,515,-1,-1,-1,-1,0x1020480010440004,1507,1501,1500,1500,2012,1499,1506,1500,1500,1499,988,1500,1500,1500,1500,1500,1500,1500,1500,2012,1500,1543,1500,2012,1500,1509,1505,1500,1520,1505,1500,2012,8.2
2025-05-02,11:58:06.410,-63,-66,10,3656,160,43,1,16,0,31,934,-2,9,7,-2,344,515,-1,-1,-1,-1,0x1020480010440004,1507,1501,1500,1500,2012,1499,1506,1500,1500,1499,988,1500,1500,1500,1500,1500,1500,1500,1500,2012,1500,1543,1500,2012,1500,1509,1505,1500,1520,1505,1500,2012,8.2
2025-05-02,11:58:06.910,-67,-67,10,3656,200,43,1,16,0,31,934,-2,9,6,-2,344,515,-1,-1,-1,-1,0x1020480010440004,1507,1501,1500,1500,2012,1499,1506,1500,1500,1499,988,1500,1500,1500,1500,1500,1500,1500,1500,2012,1500,1543,1500,2012,1500,1508,1505,1500,1520,1505,1500,2012,8.2
2025-05-02,11:58:07.410,-67,-70,10,3656,170,43,1,16,0,31,934,-2,8,7,-2,344,515,-1,-1,-1,-1,0x1020480010440004,1507,1501,1500,1500,2012,1499,1505,1500,1500,1499,988,1500,1500,1500,1500,1500,1500,1500,1500,2012,1500,1543,1500,2012,1500,1508,1504,1500,1520,1505,1500,2012,8.2
2025-05-02,11:58:07.910,-67,-67,10,3656,160,43,1,16,0,31,934,-2,7,7,-2,344,515,-1,-1,-1,-1,0x1020480010440004,1507,1501,1500,1500,2012,1499,1505,1500,1500,1499,988,1500,1500,1500,1500,1500,1500,1500,1500,2012,1500,1543,1500,2012,1500,1507,1503,1500,1520,1505,1500,2012,8.2
2025-05-02,11:58:08.410,-67,-64,10,3656,170,43,1,16,0,31,934,-2,6,7,-2,344,515,-1,-1,-1,1,0x1020480010440004,1507,1501,1500,1500,2012,1499,1504,1500,1500,1499,988,1500,1500,1500,1500,1500,1500,1500,1500,2012,1500,1543,1500,2012,1500,1506,1503,1500,1520,1505,1500,2012,8.2
2025-05-02,11:58:08.910,-61,-70,10,3656,170,43,1,16,0,31,934,-2,7,7,-2,344,515,-1,-1,-1,1,0x1020480010440004,1507,1501,1500,1500,2012,1499,1505,1500,1500,1499,988,1500,1500,1500,1500,1500,1500,1500,1500,2012,1500,1543,1500,2012,1500,1507,1503,1500,1520,1505,1500,2012,8.2
2025-05-02,11:58:09.410,-62,-70,10,3657,170,43,1,16,0,31,934,-3,7,6,-2,344,515,-1,-1,-1,1,0x10204B0010440004,1507,1501,1500,1500,2012,1499,1505,1500,1500,1499,988,1500,1500,1500,1500,1500,1500,1500,1500,2012,1500,1543,1500,2012,1500,1507,1503,1500,1520,1505,1500,2012,8.2
2025-05-02,11:58:09.910,-69,-69,10,3657,170,43,1,16,0,31,934,-4,9,6,-2,344,515,-1,-1,-1,-1,0x10204A0010440004,1507,1501,1500,1500,2012,1498,1506,1500,1500,1498,988,1500,1500,1500,1500,1500,1500,1500,1500,2012,1500,1543,1500,2012,1500,1509,1505,1500,1520,1505,1500,2012,8.2
2025-05-02,11:58:10.410,-66,-69,10,3657,170,43,1,16,0,31,934,-3,12,6,-2,344,515,-1,-1,-1,-1,0x1020480010440004,1507,1501,1500,1500,2012,1499,1508,1500,1500,1499,988,1500,1500,1500,1500,1500,1500,1500,1500,2012,1500,1543,1500,2012,1500,1512,1506,1500,1520,1505,1500,2012,8.2
2025-05-02,11:58:10.910,-70,-67,10,3657,170,43,1,16,0,31,934,-4,10,7,-2,343,515,-1,-1,-1,-1,0x1020080010440004,1507,1501,1500,1500,2012,1498,1507,1500,1500,1498,988,1500,1500,1500,1500,1500,1500,1500,1500,2012,1500,1543,1500,2012,1500,1510,1505,1500,1520,1505,1500,2012,8.2
2025-05-02,11:58:11.410,-67,-75,10,3657,160,43,1,16,0,31,934,-3,9,7,-2,343,515,-1,-1,-1,-1,0x1020080010440004,1507,1501,1500,1500,2012,1499,1506,1500,1500,1499,988,1500,1500,1500,1500,1500,1500,1500,1500,2012,1500,1543,1500,2012,1500,1509,1505,1500,1520,1505,1500,2012,8.2
2025-05-02,11:58:11.910,-64,-75,10,3657,160,43,1,16,0,31,934,-3,9,6,-2,344,515,-1,-1,-1,-1,0x1020080010440004,1507,1501,1500,1500,2012,1499,1506,1500,1500,1499,988,1500,1500,1500,1500,1500,1500,1500,1500,2012,1500,1543,1500,2012,1500,1509,1505,1500,1520,1505,1500,2012,8.2
2025-05-02,11:58:12.410,-61,-57,10,3657,230,43,1,16,0,31,934,-2,9,6,-2,344,515,-1,-1,-1,-1,0x1020080010440004,1507,1501,1500,1500,2012,1499,1505,1500,1500,1499,988,1500,1500,1500,1500,1500,1500,1500,1500,2012,1500,1543,1500,2012,1500,1509,1505,1500,1520,1505,1500,2012,8.2
2025-05-02,11:58:12.900,-61,-57,10,3658,170,43,1,16,0,31,934,-3,10,7,-2,343,515,-1,-1,-1,-1,0x1020080010440004,1507,1501,1500,1500,2012,1499,1507,1500,1500,1499,988,1500,1500,1500,1500,1500,1500,1500,1500,2012,1500,1543,1500,2012,1500,1510,1505,1500,1520,1505,1500,2012,8.2
2025-05-02,11:58:13.390,-68,-62,10,3658,170,43,1,16,0,31,934,-2,9,7,-2,344,515,-1,-1,-1,-1,0x1020080010440004,1507,1501,1500,1500,2012,1499,1506,1500,1500,1499,988,1500,1500,1500,1500,1500,1500,1500,1500,2012,1500,1543,1500,2012,1500,1509,1505,1500,1520,1505,1500,2012,8.2
