1213,Time,1RSS(dB),2RSS(dB),TPWR(mW),Lipo,Curr(mA),Temp(°C),Rpm(kmh),Capa,ST,TH,P1,P2,P3,P4,SA,SB,SC,SD,LSW,CH1(us),CH2(us),CH3(us),CH4(us),CH5(us),CH6(us),CH7(us),CH8(us),CH9(us),CH10(us),CH11(us),CH12(us),CH13(us),CH14(us),CH15(us),CH16(us),CH17(us),CH18(us),CH19(us),CH20(us),CH21(us),CH22(us),CH23(us),CH24(us),CH25(us),CH26(us),CH27(us),CH28(us),CH29(us),CH30(us),CH31(us),CH32(us),TxBat(V)
2025-03-03,11:39:44.680,-65,-58,10,3900,11367,40,541,1810,72,374,356,709,0,0,0,-1,-1,-1,0x1002487FD0060015,1514,1640,1536,1500,2012,1536,1687,1500,1500,1500,988,1500,1500,1500,1500,1500,1500,1500,1372,1628,1500,1539,1500,2012,1500,1500,1500,1500,1500,1500,1500,2012,8.3
2025-03-03,11:39:44.780,-65,-58,10,3900,11367,40,541,1810,49,332,356,710,0,0,0,-1,-1,-1,0x1002487FD0060015,1530,1627,1536,1500,2012,1524,1666,1500,1500,1524,988,1500,1500,1524,1500,1500,1500,1500,1372,1628,1500,1539,1500,2012,1500,1500,1500,1500,1500,1500,1500,2012,8.3
2025-03-03,11:39:45.000,-65,-57,10,3879,7825,39,541,1815,-85,418,356,709,0,0,0,-1,-1,-1,0x1002487FD0060015,1500,1654,1536,1500,2012,1458,1709,1500,1500,1458,988,1500,1500,1472,1500,1500,1500,1500,1372,1628,1500,1539,1500,2012,1500,1500,1500,1500,1500,1500,1500,2012,8.3
2025-03-03,11:39:45.500,-65,-52,10,3888,7852,39,541,1816,-542,649,356,710,0,0,0,-1,-1,-1,0x1002487FD0060815,1399,1745,1536,1500,2012,1229,1824,1500,1500,1229,988,1500,1500,1302,1500,1500,1500,1500,1372,1628,1500,1539,1500,2012,1500,1500,1500,1500,1500,1500,1500,2012,8.3
2025-03-03,11:39:46.000,-65,-50,10,3883,13692,39,541,1817,-625,614,356,709,0,0,0,-1,-1,-1,0x1002487FD0060815,1367,1729,1536,1500,2012,1188,1807,1500,1500,1177,988,1500,1500,1255,1500,1500,1500,1500,1372,1628,1500,1539,1500,2012,1500,1500,1500,1500,1500,1500,1500,2012,8.3
2025-03-03,11:39:46.500,-65,-52,10,3869,29057,39,541,1820,-752,198,356,710,0,0,0,-1,-1,-1,0x1002487FD0060815,1327,1585,1536,1500,2012,1124,1599,1500,1500,1124,988,1500,1500,1200,1500,1500,1500,1500,1372,1628,1500,1539,1500,2012,1500,1500,1500,1500,1500,1500,1500,2012,8.3
2025-03-03,11:39:47.000,-50,-52,10,3868,10770,39,541,1822,-878,528,356,710,0,0,0,-1,-1,-1,0x1002487FD0060815,1268,1694,1536,1500,2012,1061,1764,1500,1500,1061,988,1500,1500,1119,1500,1500,1500,1500,1372,1628,1500,1539,1500,2012,1500,1500,1500,1500,1500,1500,1500,2012,8.3
2025-03-03,11:39:47.500,-58,-57,10,3879,6620,39,541,1822,-920,415,356,710,0,0,0,-1,-1,-1,0x1002487FD0060815,1243,1653,1536,1500,2012,1040,1707,1500,1500,1040,988,1500,1500,1084,1500,1500,1500,1500,1372,1628,1500,1539,1500,2012,1500,1500,1500,1500,1500,1500,1500,2012,8.3
2025-03-03,11:39:48.000,-58,-68,10,3882,22827,39,541,1824,-589,525,356,709,0,0,0,-1,-1,-1,0x1002487FD0060815,1386,1693,1536,1500,2012,1206,1762,1500,1500,1206,988,1500,1500,1282,1500,1500,1500,1500,1372,1628,1500,1539,1500,2012,1500,1500,1500,1500,1500,1500,1500,2012,8.3
2025-03-03,11:39:48.500,-64,-73,10,3857,20337,40,541,1826,-51,712,356,709,0,0,0,-1,-1,-1,0x1002487FD0060015,1505,1774,1536,1500,2012,1475,1856,1500,1500,1474,988,1500,1500,1483,1500,1500,1500,1500,1372,1628,1500,1539,1500,2012,1500,1500,1500,1500,1500,1500,1500,2012,8.3
2025-03-03,11:39:49.000,-61,-56,10,3839,35020,40,541,1829,1,902,356,709,0,0,0,-1,-1,-1,0x1002487FD0062015,1514,1914,1536,1500,2012,1500,1951,1500,1500,1500,988,1500,1500,1500,1500,1500,1500,1500,1372,1628,1500,1539,1500,2012,1500,1500,1500,1500,1500,1500,1500,2012,8.3
2025-03-03,11:39:49.500,-63,-64,10,3869,5362,39,541,1831,108,212,356,710,0,0,0,-1,-1,-1,0x1002487FD0060015,1536,1590,1536,1500,2012,1554,1606,1500,1500,1548,988,1500,1500,1532,1500,1500,1500,1500,1372,1628,1500,1539,1500,2012,1500,1500,1500,1500,1500,1500,1500,2012,8.3
2025-03-03,11:39:50.000,-78,-68,10,3884,15485,39,541,1833,-518,614,356,710,0,0,0,-1,-1,-1,0x1002487FD0060015,1406,1729,1536,1500,2012,1241,1807,1500,1500,1241,988,1500,1500,1313,1500,1500,1500,1500,1372,1628,1500,1539,1500,2012,1500,1500,1500,1500,1500,1500,1500,2012,8.3
2025-03-03,11:39:50.500,-77,-74,10,3862,21760,40,541,1836,44,421,356,710,0,0,0,-1,-1,-1,0x1002487FD0060015,1524,1655,1536,1500,2012,1522,1710,1500,1500,1522,988,1500,1500,1515,1500,1500,1500,1500,1372,1628,1500,1539,1500,2012,1500,1500,1500,1500,1500,1500,1500,2012,8.3
2025-03-03,11:39:51.000,-75,-76,10,3855,13200,40,541,1837,-557,473,356,710,0,0,0,-1,-1,-1,0x1002487FD0060015,1395,1674,1536,1500,2012,1222,1736,1500,1500,1221,988,1500,1500,1296,1500,1500,1500,1500,1372,1628,1500,1539,1500,2012,1500,1500,1500,1500,1500,1500,1500,2012,8.3
2025-03-03,11:39:51.500,-66,-70,10,3883,4665,40,541,1838,-192,762,356,710,0,0,0,-1,-1,-1,0x1002487FD0060815,1473,1802,1536,1500,2012,1404,1881,1500,1500,1384,988,1500,1500,1421,1500,1500,1500,1500,1372,1628,1500,1539,1500,2012,1500,1500,1500,1500,1500,1500,1500,2012,8.3
2025-03-03,11:39:52.000,-66,-66,10,3877,13932,40,541,1840,-831,377,356,710,0,0,0,-1,-1,-1,0x1002487FD0060815,1292,1641,1536,1500,2012,1085,1688,1500,1500,1085,988,1500,1500,1152,1500,1500,1500,1500,1372,1628,1500,1539,1500,2012,1500,1500,1500,1500,1500,1500,1500,2012,8.3
2025-03-03,11:39:52.500,-64,-76,10,3856,18947,40,541,1842,-109,770,356,709,0,0,0,-1,-1,-1,0x1002487FD0060015,1493,1809,1536,1500,2012,1446,1885,1500,1500,1440,988,1500,1500,1460,1500,1500,1500,1500,1372,1628,1500,1539,1500,2012,1500,1500,1500,1500,1500,1500,1500,2012,8.3
2025-03-03,11:39:53.000,-71,-82,10,3809,55282,40,541,1849,-394,844,356,709,0,0,0,-1,-1,-1,0x1002487FD0062015,1439,1868,1536,1500,2012,1303,1922,1500,1500,1304,988,1500,1500,1363,1500,1500,1500,1500,1372,1628,1500,1539,1500,2012,1500,1500,1500,1500,1500,1500,1500,2012,8.3
2025-03-03,11:39:53.500,-71,-82,10,3689,57722,40,541,1855,553,1016,356,710,0,0,0,-1,-1,-1,0x1002487FD0062015,1636,2005,1536,1500,2012,1776,2008,1500,1500,1776,988,1500,1500,1701,1500,1500,1500,1500,1372,1628,1500,1539,1500,2012,1500,1500,1500,1500,1500,1500,1500,2012,8.3
2025-03-03,11:39:54.000,-72,-76,10,3624,47052,40,541,1863,3,794,356,709,0,0,0,-1,-1,-1,0x1002487FD0060415,1515,1828,1536,1500,2012,1501,1897,1500,1500,1502,988,1500,1500,1501,1500,1500,1500,1500,1372,1628,1500,1539,1500,2012,1500,1500,1500,1500,1500,1500,1500,2012,8.3
2025-03-03,11:39:54.500,-81,-77,10,3705,7047,40,541,1865,-412,472,356,709,0,0,0,-1,-1,-1,0x1002487FD0061C15,1435,1674,1536,1500,2012,1294,1736,1500,1500,1294,988,1500,1500,1356,1500,1500,1500,1500,1372,1628,1500,1539,1500,2012,1500,1500,1500,1500,1500,1500,1500,2012,8.3
2025-03-03,11:39:55.000,-70,-76,10,3859,4265,40,541,1865,-570,-2,356,710,0,0,0,-1,-1,-1,0x1002487FD0060415,1396,1499,1536,1500,2012,1215,1499,1499,1500,1222,988,1500,1500,1297,1500,1500,1500,1499,1308,1696,1500,1539,1500,2012,1500,1500,1500,1500,1500,1500,1500,2012,8.3
2025-03-03,11:39:55.500,-74,-73,10,3872,4190,41,541,1866,-727,505,356,709,0,0,0,-1,-1,-1,0x1002487FD0061C15,1337,1686,1536,1500,2012,1137,1752,1500,1500,1136,988,1500,1500,1213,1500,1500,1500,1500,1372,1628,1500,1539,1500,2012,1500,1500,1500,1500,1500,1500,1500,2012,8.3
2025-03-03,11:39:56.000,-68,-78,10,3871,7487,41,541,1867,-465,197,356,710,0,0,0,-1,-1,-1,0x1002487FD0060C15,1418,1585,1536,1500,2012,1268,1598,1500,1500,1263,988,1500,1500,1331,1500,1500,1500,1500,1372,1628,1500,1539,1500,2012,1500,1500,1500,1500,1500,1500,1500,2012,8.3
2025-03-03,11:39:56.500,-68,-78,10,3863,11470,41,541,1868,-380,-14,356,710,0,0,0,-1,-1,-1,0x1002487FD0060415,1443,1494,1536,1500,2012,1310,1493,1495,1500,1311,988,1500,1500,1368,1500,1500,1500,1494,1215,2012,1500,1539,1500,2012,1500,1500,1500,1500,1500,1500,1500,2012,8.3
2025-03-03,11:39:57.000,-69,-72,10,3886,160,41,541,1868,-130,-14,356,710,0,0,0,-1,-1,-1,0x1002487FD0061415,1491,1494,1536,1500,2012,1435,1493,1495,1500,1435,988,1500,1500,1456,1500,1500,1500,1494,1372,2012,1500,1539,1500,2012,1500,1500,1500,1500,1500,1500,1500,2012,8.3
2025-03-03,11:39:57.500,-61,-72,10,3896,750,41,541,1868,138,-336,356,710,0,0,0,-1,-1,-1,0x1002487FD20E0415,1545,1384,1536,1500,2012,1569,1332,1385,1500,1569,988,1500,1500,1546,1500,1500,1500,1384,1147,2012,1500,1539,1500,2012,1500,1500,1500,1500,1500,1500,1500,2012,8.3
2025-03-03,11:39:58.000,-63,-64,10,3899,310,40,541,1868,4,59,356,709,0,0,0,-1,-1,-1,0x1002487FD0060015,1515,1536,1536,1500,2012,1502,1529,1500,1500,1501,988,1500,1500,1501,1500,1500,1500,1500,1372,2012,1500,1539,1500,2012,1500,1500,1500,1500,1500,1500,1500,2012,8.3
2025-03-03,11:39:58.500,-66,-65,10,3901,387,40,541,1868,-134,-11,356,710,0,0,0,-1,-1,-1,0x1002487FD0060015,1493,1496,1523,1500,2012,1433,1495,1496,1500,1439,988,1500,1500,1459,1500,1500,1500,1496,1372,2012,1500,1539,1500,2012,1500,1500,1500,1500,1500,1500,1500,2012,8.3
2025-03-03,11:39:59.000,-66,-65,10,3902,300,40,541,1868,-23,-14,356,710,0,0,0,-1,-1,-1,0x1002487FD0060015,1510,1494,1523,1500,2012,1489,1493,1495,1500,1489,988,1500,1500,1493,1500,1500,1500,1494,1372,2012,1500,1539,1500,2012,1500,1500,1500,1500,1500,1500,1500,2012,8.3
2025-03-03,11:39:59.500,-64,-62,10,3905,302,39,541,1868,-4,105,356,709,0,0,0,-1,-1,-1,0x1002487FD0060015,1513,1558,1525,1500,2012,1498,1552,1500,1500,1498,988,1500,1500,1499,1500,1500,1500,1500,1372,1628,1500,1539,1500,2012,1500,1500,1500,1500,1500,1500,1500,2012,8.3
2025-03-03,11:40:00.000,-61,-62,10,3906,722,39,541,1868,-3,-18,356,709,0,0,0,-1,-1,-1,0x1002487FD0060015,1514,1493,1536,1500,2012,1499,1491,1493,1500,1499,988,1500,1500,1499,1500,1500,1500,1493,1372,2012,1500,1539,1500,2012,1500,1500,1500,1500,1500,1500,1500,2012,8.3
2025-03-03,11:40:00.500,-61,-63,10,3907,347,39,541,1868,-3,-17,356,709,0,0,0,-1,-1,-1,0x1002487FD0060015,1514,1493,1536,1500,2012,1499,1492,1493,1500,1499,988,1500,1500,1499,1500,1500,1500,1493,1372,2012,1500,1539,1500,2012,1500,1500,1500,1500,1500,1500,1500,2012,8.3
2025-03-03,11:40:01.000,-60,-64,10,3909,340,39,541,1868,-3,-14,356,709,0,0,0,-1,-1,-1,0x1002487FD0060015,1514,1494,1536,1500,2012,1499,1493,1495,1500,1499,988,1500,1500,1499,1500,1500,1500,1494,1398,2012,1500,1539,1500,2012,1500,1500,1500,1500,1500,1500,1500,2012,8.3
2025-03-03,11:40:01.500,-59,-64,10,3910,337,39,541,1868,-3,-13,356,709,0,0,0,-1,-1,-1,0x1002487FD0060015,1514,1495,1536,1500,2012,1499,1494,1495,1500,1499,988,1500,1500,1499,1500,1500,1500,1495,1500,2012,1500,1539,1500,2012,1500,1500,1500,1500,1500,1500,1500,2012,8.3
2025-03-03,11:40:02.000,-59,-64,10,3911,342,39,541,1869,-2,-13,356,710,0,0,0,-1,-1,-1,0x1002487FD0060015,1514,1495,1536,1500,2012,1499,1494,1495,1500,1499,988,1500,1500,1499,1500,1500,1500,1495,1500,2012,1500,1539,1500,2012,1500,1500,1500,1500,1500,1500,1500,2012,8.3
2025-03-03,11:40:02.500,-60,-64,10,3912,347,39,541,1869,-3,-15,356,710,0,0,0,-1,-1,-1,0x1002487FD0060015,1514,1494,1536,1500,2012,1499,1493,1495,1500,1499,988,1500,1500,1499,1500,1500,1500,1494,1500,2012,1500,1539,1500,2012,1500,1500,1500,1500,1500,1500,1500,2012,8.3
2025-03-03,11:40:03.000,-60,-64,10,3913,250,39,541,1869,-4,-14,357,711,0,0,0,-1,-1,-1,0x1002487FD0060014,1513,1494,1505,1500,2012,1498,1493,1495,1500,1498,988,1500,1500,1499,1500,1500,1500,1494,1500,2012,1500,1539,1500,2012,1500,1500,1500,1500,1500,1500,1500,2012,8.3
2025-03-03,11:40:03.500,-60,-61,10,3914,147,39,541,1869,-3,-13,356,710,0,0,0,-1,-1,-1,0x1002487FD0060014,1514,1495,1500,1500,2012,1499,1494,1495,1500,1499,988,1500,1500,1499,1500,1500,1500,1495,1500,2012,1500,1539,1500,2012,1500,1500,1500,1500,1500,1500,1500,2012,8.3
2025-03-03,11:40:04.000,-60,-62,10,3916,145,39,541,1869,-3,-12,356,710,0,0,0,-1,-1,-1,0x1002487FD0060014,1514,1496,1500,1500,2012,1499,1494,1496,1500,1499,988,1500,1500,1499,1500,1500,1500,1496,1500,2012,1500,1539,1500,2012,1500,1500,1500,1500,1500,1500,1500,2012,8.3
2025-03-03,11:40:04.500,-60,-62,10,3917,140,38,541,1869,-4,-13,356,710,0,0,0,-1,-1,-1,0x1002487FD0060014,1513,1495,1500,1500,2012,1498,1494,1495,1500,1498,988,1500,1500,1499,1500,1500,1500,1495,1500,2012,1500,1539,1500,2012,1500,1500,1500,1500,1500,1500,1500,2012,8.3
2025-03-03,11:40:05.000,-59,-62,10,3918,150,38,541,1869,-3,-12,356,710,0,0,0,-1,-1,-1,0x1002487FD0060014,1514,1496,1500,1500,2012,1499,1494,1496,1500,1499,988,1500,1500,1499,1500,1500,1500,1496,1500,2012,1500,1539,1500,2012,1500,1500,1500,1500,1500,1500,1500,2012,8.3
2025-03-03,11:40:05.500,-59,-61,10,3919,147,38,541,1869,-4,-15,356,710,0,0,0,-1,-1,-1,0x1002487FD0060014,1513,1494,1500,1500,2012,1498,1493,1495,1500,1498,988,1500,1500,1499,1500,1500,1500,1494,1500,2012,1500,1539,1500,2012,1500,1500,1500,1500,1500,1500,1500,2012,8.3
2025-03-03,11:40:06.000,-59,-63,10,3919,150,38,541,1869,-3,-16,356,710,0,0,0,-1,-1,-1,0x1002487FD0060014,1514,1494,1500,1500,2012,1499,1492,1494,1500,1499,988,1500,1500,1499,1500,1500,1500,1494,1500,2012,1500,1539,1500,2012,1500,1500,1500,1500,1500,1500,1500,2012,8.3
2025-03-03,11:40:06.500,-59,-63,10,3920,145,38,541,1869,-3,-16,356,710,0,0,0,-1,-1,-1,0x1002487FD0060014,1514,1494,1500,1500,2012,1499,1492,1494,1500,1499,988,1500,1500,1499,1500,1500,1500,1494,1500,2012,1500,1539,1500,2012,1500,1500,1500,1500,1500,1500,1500,2012,8.3
2025-03-03,11:40:07.000,-59,-62,10,3921,145,38,541,1869,-2,-16,356,710,0,0,0,-1,-1,-1,0x1002487FD0060014,1514,1494,1500,1500,2012,1499,1492,1494,1500,1499,988,1500,1500,1499,1500,1500,1500,1494,1500,2012,1500,1539,1500,2012,1500,1500,1500,1500,1500,1500,1500,2012,8.3
2025-03-03,11:40:07.500,-59,-63,10,3922,145,38,541,1869,-3,-16,357,710,0,0,0,-1,-1,-1,0x1002487FD0060014,1514,1494,1500,1500,2012,1499,1492,1494,1500,1499,988,1500,1500,1499,1500,1500,1500,1494,1500,2012,1500,1539,1500,2012,1500,1500,1500,1500,1500,1500,1500,2012,8.3
2025-03-03,11:40:08.000,-60,-62,10,3922,140,38,541,1869,-4,-17,357,710,0,0,0,-1,-1,-1,0x1002487FD0060014,1513,1493,1500,1500,2012,1498,1492,1493,1500,1498,988,1500,1500,1499,1500,1500,1500,1493,1500,2012,1500,1539,1500,2012,1500,1500,1500,1500,1500,1500,1500,2012,8.3
2025-03-03,11:40:08.500,-58,-62,10,3923,145,38,541,1869,-3,-17,356,710,0,0,0,-1,-1,-1,0x1002487FD0060014,1514,1493,1500,1500,2012,1499,1492,1493,1500,1499,988,1500,1500,1499,1500,1500,1500,1493,1500,2012,1500,1539,1500,2012,1500,1500,1500,1500,1500,1500,1500,2012,8.3
2025-03-03,11:40:09.000,-59,-62,10,3924,145,38,541,1869,-3,-16,356,710,0,0,0,-1,-1,-1,0x1002487FD0060014,1514,1494,1500,1500,2012,1499,1492,1494,1500,1499,988,1500,1500,1499,1500,1500,1500,1494,1500,2012,1500,1539,1500,2012,1500,1500,1500,1500,1500,1500,1500,2012,8.3
2025-03-03,11:40:09.500,-63,-62,10,3924,147,38,541,1869,-3,-16,357,710,0,0,0,-1,-1,-1,0x1002487FD0060014,1514,1494,1500,1500,2012,1499,1492,1494,1500,1499,988,1500,1500,1499,1500,1500,1500,1494,1500,2012,1500,1539,1500,2012,1500,1500,1500,1500,1500,1500,1500,2012,8.2
2025-03-03,11:40:10.000,-63,-63,10,3925,145,38,541,1869,-2,-17,356,709,0,0,0,-1,-1,-1,0x1002487FD0060014,1514,1493,1500,1500,2012,1499,1492,1493,1500,1499,988,1500,1500,1499,1500,1500,1500,1493,1500,2012,1500,1539,1500,2012,1500,1500,1500,1500,1500,1500,1500,2012,8.2
2025-03-03,11:40:10.500,-59,-63,10,3925,145,38,541,1869,-3,-16,357,710,0,0,0,-1,-1,-1,0x1002487FD0060014,1514,1494,1500,1500,2012,1499,1492,1494,1500,1499,988,1500,1500,1499,1500,1500,1500,1494,1500,2012,1500,1539,1500,2012,1500,1500,1500,1500,1500,1500,1500,2012,8.2
2025-03-03,11:40:11.000,-59,-63,10,3926,147,38,541,1869,-3,-16,356,710,0,0,0,-1,-1,-1,0x1002487FD0060014,1514,1494,1500,1500,2012,1499,1492,1494,1500,1499,988,1500,1500,1499,1500,1500,1500,1494,1500,2012,1500,1539,1500,2012,1500,1500,1500,1500,1500,1500,1500,2012,8.2
2025-03-03,11:40:11.500,-60,-63,10,3926,142,38,541,1869,-2,-17,356,710,0,0,0,-1,-1,-1,0x1002487FD0060014,1514,1493,1500,1500,2012,1499,1492,1493,1500,1499,988,1500,1500,1499,1500,1500,1500,1493,1500,2012,1500,1539,1500,2012,1500,1500,1500,1500,1500,1500,1500,2012,8.2
2025-03-03,11:40:12.000,-59,-63,10,3927,145,38,541,1869,-3,-17,356,710,0,0,0,-1,-1,-1,0x1002487FD0060014,1514,1493,1500,1500,2012,1499,1492,1493,1500,1499,988,1500,1500,1499,1500,1500,1500,1493,1500,2012,1500,1539,1500,2012,1500,1500,1500,1500,1500,1500,1500,2012,8.2
2025-03-03,11:40:12.500,-59,-63,10,3927,140,38,541,1869,-3,-16,357,710,0,0,0,-1,-1,-1,0x1002487FD0060014,1514,1494,1500,1500,2012,1499,1492,1494,1500,1499,988,1500,1500,1499,1500,1500,1500,1494,1500,2012,1500,1539,1500,2012,1500,1500,1500,1500,1500,1500,1500,2012,8.2
2025-03-03,11:40:13.000,-57,-65,10,3928,150,37,541,1869,-2,-16,356,710,0,0,0,-1,-1,-1,0x1002487FD0060014,1514,1494,1500,1500,2012,1499,1492,1494,1500,1499,988,1500,1500,1499,1500,1500,1500,1494,1500,2012,1500,1539,1500,2012,1500,1500,1500,1500,1500,1500,1500,2012,8.2
2025-03-03,11:40:13.500,-60,-61,10,3928,142,37,541,1869,-4,-17,357,711,0,0,0,-1,-1,-1,0x1002487FD0060014,1513,1493,1500,1500,2012,1498,1492,1493,1500,1498,988,1500,1500,1499,1500,1500,1500,1493,1500,2012,1500,1539,1500,2012,1500,1500,1500,1500,1500,1500,1500,2012,8.2
2025-03-03,11:40:14.000,-59,-62,10,3929,145,37,541,1869,-3,-17,356,710,0,0,0,-1,-1,-1,0x1002487FD0060014,1514,1493,1500,1500,2012,1499,1492,1493,1500,1499,988,1500,1500,1499,1500,1500,1500,1493,1500,2012,1500,1539,1500,2012,1500,1500,1500,1500,1500,1500,1500,2012,8.2
2025-03-03,11:40:14.500,-60,-62,10,3929,150,37,541,1869,-2,-17,356,709,0,0,0,-1,-1,-1,0x1002487FD0060014,1514,1493,1500,1500,2012,1499,1492,1493,1500,1499,988,1500,1500,1499,1500,1500,1500,1493,1500,2012,1500,1539,1500,2012,1500,1500,1500,1500,1500,1500,1500,2012,8.2
2025-03-03,11:40:15.000,-59,-62,10,3930,142,37,541,1869,-3,-18,356,710,0,0,0,-1,-1,-1,0x1002487FD0060014,1514,1493,1500,1500,2012,1499,1491,1493,1500,1499,988,1500,1500,1499,1500,1500,1500,1493,1500,2012,1500,1539,1500,2012,1500,1500,1500,1500,1500,1500,1500,2012,8.2
2025-03-03,11:40:15.500,-59,-62,10,3930,150,37,541,1869,-4,-18,357,711,0,0,0,-1,-1,-1,0x1002487FD0060014,1513,1493,1500,1500,2012,1498,1491,1493,1500,1498,988,1500,1500,1499,1500,1500,1500,1493,1500,2012,1500,1539,1500,2012,1500,1500,1500,1500,1500,1500,1500,2012,8.2
2025-03-03,11:40:16.000,-59,-62,10,3931,150,37,541,1869,-3,-17,356,710,0,0,0,-1,-1,-1,0x1002487FD0060014,1514,1493,1500,1500,2012,1499,1492,1493,1500,1499,988,1500,1500,1499,1500,1500,1500,1493,1500,2012,1500,1539,1500,2012,1500,1500,1500,1500,1500,1500,1500,2012,8.2
2025-03-03,11:40:16.500,-59,-62,10,3931,145,37,541,1869,-3,-16,356,710,0,0,0,-1,-1,-1,0x1002487FD0060014,1514,1494,1500,1500,2012,1499,1492,1494,1500,1499,988,1500,1500,1499,1500,1500,1500,1494,1500,2012,1500,1539,1500,2012,1500,1500,1500,1500,1500,1500,1500,2012,8.2
2025-03-03,11:40:17.000,-60,-62,10,3931,142,37,541,1869,-2,-16,356,710,0,0,0,-1,-1,-1,0x1002487FD0060014,1514,1494,1500,1500,2012,1499,1492,1494,1500,1499,988,1500,1500,1499,1500,1500,1500,1494,1500,2012,1500,1539,1500,2012,1500,1500,1500,1500,1500,1500,1500,2012,8.2
2025-03-03,11:40:17.500,-59,-62,10,3932,145,37,541,1869,-3,-17,356,710,0,0,0,-1,-1,-1,0x1002487FD0060014,1514,1493,1500,1500,2012,1499,1492,1493,1500,1499,988,1500,1500,1499,1500,1500,1500,1493,1500,2012,1500,1539,1500,2012,1500,1500,1500,1500,1500,1500,1500,2012,8.3
2025-03-03,11:40:18.000,-58,-65,10,3932,145,37,541,1869,-3,-17,356,710,0,0,0,-1,-1,-1,0x1002487FD0060014,1514,1493,1500,1500,2012,1499,1492,1493,1500,1499,988,1500,1500,1499,1500,1500,1500,1493,1500,2012,1500,1539,1500,2012,1500,1500,1500,1500,1500,1500,1500,2012,8.3
2025-03-03,11:40:18.500,-59,-65,10,3932,150,37,541,1869,-3,-16,356,710,0,0,0,-1,-1,-1,0x1002487FD0060014,1514,1494,1500,1500,2012,1499,1492,1494,1500,1499,988,1500,1500,1499,1500,1500,1500,1494,1500,2012,1500,1539,1500,2012,1500,1500,1500,1500,1500,1500,1500,2012,8.3
2025-03-03,11:40:19.000,-58,-62,10,3933,142,37,541,1869,-2,-17,356,710,0,0,0,-1,-1,-1,0x1002487FD0060014,1514,1493,1500,1500,2012,1499,1492,1493,1500,1499,988,1500,1500,1499,1500,1500,1500,1493,1500,2012,1500,1539,1500,2012,1500,1500,1500,1500,1500,1500,1500,2012,8.3
2025-03-03,11:40:19.500,-60,-62,10,3933,145,37,541,1869,-3,-16,356,710,0,0,0,-1,-1,-1,0x1002487FD0060014,1514,1494,1500,1500,2012,1499,1492,1494,1500,1499,988,1500,1500,1499,1500,1500,1500,1494,1500,2012,1500,1539,1500,2012,1500,1500,1500,1500,1500,1500,1500,2012,8.3
2025-03-03,11:40:20.000,-62,-62,10,3933,150,37,541,1869,-3,-16,356,710,0,0,0,-1,-1,-1,0x1002487FD0060014,1514,1494,1500,1500,2012,1499,1492,1494,1500,1499,988,1500,1500,1499,1500,1500,1500,1494,1500,2012,1500,1539,1500,2012,1500,1500,1500,1500,1500,1500,1500,2012,8.3
2025-03-03,11:40:20.500,-62,-62,10,3934,140,37,541,1869,-2,-16,356,710,0,0,0,-1,-1,-1,0x1002487FD0060014,1514,1494,1500,1500,2012,1499,1492,1494,1500,1499,988,1500,1500,1499,1500,1500,1500,1494,1500,2012,1500,1539,1500,2012,1500,1500,1500,1500,1500,1500,1500,2012,8.3
2025-03-03,11:40:21.000,-59,-63,10,3934,150,37,541,1869,-3,-16,357,710,0,0,0,-1,-1,-1,0x1002487FD0060014,1513,1494,1500,1500,2012,1499,1492,1494,1500,1498,988,1500,1500,1499,1500,1500,1500,1494,1500,2012,1500,1539,1500,2012,1500,1500,1500,1500,1500,1500,1500,2012,8.3
2025-03-03,11:40:21.500,-59,-63,10,3934,147,37,541,1869,-3,-17,356,710,0,0,0,-1,-1,-1,0x1002487FD0060014,1514,1493,1500,1500,2012,1499,1492,1493,1500,1499,988,1500,1500,1499,1500,1500,1500,1493,1500,2012,1500,1539,1500,2012,1500,1500,1500,1500,1500,1500,1500,2012,8.3
2025-03-03,11:40:22.000,-59,-61,10,3935,150,37,541,1869,-3,-17,356,710,0,0,0,-1,-1,-1,0x1002487FD0060014,1514,1493,1500,1500,2012,1499,1492,1493,1500,1499,988,1500,1500,1499,1500,1500,1500,1493,1500,2012,1500,1539,1500,2012,1500,1500,1500,1500,1500,1500,1500,2012,8.3
2025-03-03,11:40:22.500,-58,-61,10,3935,147,37,541,1869,-3,-17,356,710,0,0,0,-1,-1,-1,0x1002487FD0060014,1514,1493,1500,1500,2012,1499,1492,1493,1500,1499,988,1500,1500,1499,1500,1500,1500,1493,1500,2012,1500,1539,1500,2012,1500,1500,1500,1500,1500,1500,1500,2012,8.3
2025-03-03,11:40:23.000,-59,-61,10,3935,145,37,541,1869,-3,-18,356,710,0,0,0,-1,-1,-1,0x1002487FD0060014,1514,1493,1500,1500,2012,1499,1491,1493,1500,1499,988,1500,1500,1499,1500,1500,1500,1493,1500,2012,1500,1539,1500,2012,1500,1500,1500,1500,1500,1500,1500,2012,8.3
2025-03-03,11:40:23.500,-60,-61,10,3935,147,37,541,1869,-3,-16,356,710,0,0,0,-1,-1,-1,0x1002487FD0060014,1514,1494,1500,1500,2012,1499,1492,1494,1500,1499,988,1500,1500,1499,1500,1500,1500,1494,1500,2012,1500,1539,1500,2012,1500,1500,1500,1500,1500,1500,1500,2012,8.3
2025-03-03,11:40:24.000,-59,-65,10,3936,147,37,541,1869,-3,-15,356,710,0,0,0,-1,-1,-1,0x1002487FD0060014,1514,1494,1500,1500,2012,1499,1493,1495,1500,1499,988,1500,1500,1499,1500,1500,1500,1494,1500,2012,1500,1539,1500,2012,1500,1500,1500,1500,1500,1500,1500,2012,8.3
2025-03-03,11:40:24.500,-59,-65,10,3936,147,37,541,1869,-3,-14,356,710,0,0,0,-1,-1,-1,0x1002487FD0060014,1514,1494,1500,1500,2012,1499,1493,1495,1500,1499,988,1500,1500,1499,1500,1500,1500,1494,1500,2012,1500,1539,1500,2012,1500,1500,1500,1500,1500,1500,1500,2012,8.3
2025-03-03,11:40:25.000,-59,-65,10,3936,145,37,541,1869,-3,-13,356,710,0,0,0,-1,-1,-1,0x1002487FD0060014,1514,1495,1500,1500,2012,1499,1494,1495,1500,1499,988,1500,1500,1499,1500,1500,1500,1495,1500,2012,1500,1539,1500,2012,1500,1500,1500,1500,1500,1500,1500,2012,8.3
2025-03-03,11:40:25.500,-61,-65,10,3936,145,37,541,1869,-3,54,356,710,0,0,0,-1,-1,-1,0x1002487FD0060014,1513,1533,1500,1500,2012,1499,1527,1500,1500,1498,988,1500,1500,1499,1500,1500,1500,1500,1339,2012,1500,1539,1500,2012,1500,1500,1500,1500,1500,1500,1500,2012,8.2
2025-03-03,11:40:26.000,-63,-65,10,3936,507,37,541,1869,-1,36,356,710,0,0,0,-1,-1,-1,0x1002487FD0060014,1514,1522,1510,1500,2012,1500,1518,1500,1500,1500,988,1500,1500,1500,1500,1500,1500,1500,1065,2012,1500,1539,1500,2012,1500,1500,1500,1500,1500,1500,1500,2012,8.2
2025-03-03,11:40:26.500,-63,-65,10,3936,162,37,541,1870,-2,-16,356,709,0,0,0,-1,-1,-1,0x1002487FD0060014,1514,1494,1510,1500,2012,1499,1492,1494,1500,1499,988,1500,1500,1499,1500,1500,1500,1494,1372,2012,1500,1539,1500,2012,1500,1500,1500,1500,1500,1500,1500,2012,8.2
2025-03-03,11:40:27.000,-63,-65,10,3937,160,37,541,1870,-211,190,356,710,0,0,0,-1,-1,-1,0x1002487FD0060015,1484,1583,1512,1500,2012,1395,1595,1500,1500,1413,988,1500,1500,1442,1500,1500,1500,1500,1372,1628,1500,1539,1500,2012,1500,1500,1500,1500,1500,1500,1500,2012,8.2
2025-03-03,11:40:27.500,-63,-65,10,3937,9380,37,541,1871,36,289,356,710,0,0,0,-1,-1,-1,0x1002487FD0060015,1525,1614,1536,1500,2012,1518,1644,1500,1500,1525,988,1500,1500,1517,1500,1500,1500,1500,1372,1628,1500,1539,1500,2012,1500,1500,1500,1500,1500,1500,1500,2012,8.2
2025-03-03,11:40:28.000,-58,-65,10,3907,7107,37,541,1871,-865,284,356,710,0,0,0,-1,-1,-1,0x1002487FD0060815,1276,1612,1536,1500,2012,1068,1642,1500,1500,1068,988,1500,1500,1129,1500,1500,1500,1500,1372,1628,1500,1539,1500,2012,1500,1500,1500,1500,1500,1500,1500,2012,8.2
2025-03-03,11:40:28.500,-55,-65,10,3909,5640,38,541,1872,1,431,356,710,0,0,0,-1,-1,-1,0x1002487FD0060015,1514,1659,1536,1500,2012,1500,1715,1500,1500,1500,988,1500,1500,1500,1500,1500,1500,1500,1372,1628,1500,1539,1500,2012,1500,1500,1500,1500,1500,1500,1500,2012,8.2
2025-03-03,11:40:29.000,-54,-65,10,3910,8917,38,541,1873,10,98,356,709,0,0,0,-1,-1,-1,0x1002487FD0060015,1519,1555,1536,1500,2012,1505,1549,1500,1500,1511,988,1500,1500,1507,1500,1500,1500,1500,1372,1628,1500,1539,1500,2012,1500,1500,1500,1500,1500,1500,1500,2012,8.2
2025-03-03,11:40:29.500,-53,-65,10,3909,4407,39,541,1874,7,92,356,710,0,0,0,-1,-1,-1,0x1002487FD0060015,1516,1554,1536,1500,2012,1503,1546,1500,1500,1503,988,1500,1500,1502,1500,1500,1500,1500,1372,1628,1500,1539,1500,2012,1500,1500,1500,1500,1500,1500,1500,2012,8.2
2025-03-03,11:40:30.000,-53,-52,10,3927,4605,39,541,1874,344,264,356,710,0,0,0,-1,-1,-1,0x1002487FD0060015,1594,1606,1536,1500,2012,1672,1632,1500,1500,1677,988,1500,1500,1623,1500,1500,1500,1500,1372,1628,1500,1539,1500,2012,1500,1500,1500,1500,1500,1500,1500,2012,8.2
2025-03-03,11:40:30.500,-56,-57,10,3914,6867,39,541,1875,248,297,356,710,0,0,0,-1,-1,-1,0x1002487FD0060015,1570,1616,1536,1500,2012,1624,1648,1500,1500,1624,988,1500,1500,1584,1500,1500,1500,1500,1372,1628,1500,1539,1500,2012,1500,1500,1500,1500,1500,1500,1500,2012,8.2
2025-03-03,11:40:31.000,-61,-62,10,3908,5650,39,541,1876,152,249,356,709,0,0,0,-1,-1,-1,0x1002487FD0060015,1548,1601,1536,1500,2012,1576,1624,1500,1500,1576,988,1500,1500,1551,1500,1500,1500,1500,1372,1628,1500,1539,1500,2012,1500,1500,1500,1500,1500,1500,1500,2012,8.2
2025-03-03,11:40:31.500,-52,-65,10,3913,3655,39,541,1876,47,247,356,710,0,0,0,-1,-1,-1,0x1002487FD0060015,1524,1600,1536,1500,2012,1523,1623,1500,1500,1523,988,1500,1500,1515,1500,1500,1500,1500,1372,1628,1500,1539,1500,2012,1500,1500,1500,1500,1500,1500,1500,2012,8.2
2025-03-03,11:40:32.000,-64,-63,10,3914,17290,39,541,1879,4,-17,356,709,0,0,0,-1,-1,-1,0x1002487FD0060015,1515,1493,1536,1500,2012,1502,1492,1493,1500,1502,988,1500,1500,1501,1500,1500,1500,1493,1127,1901,1500,1539,1500,2012,1500,1500,1500,1500,1500,1500,1500,2012,8.2
2025-03-03,11:40:32.500,-64,-63,10,3915,8777,39,541,1881,-156,958,356,709,0,0,0,-1,-1,-1,0x1002487FD0062015,1485,1958,1536,1500,2012,1422,1979,1500,1500,1417,988,1500,1500,1444,1500,1500,1500,1500,1372,1628,1500,1539,1500,2012,1500,1500,1500,1500,1500,1500,1500,2012,8.2
2025-03-03,11:40:33.000,-70,-74,10,3905,1177,39,541,1882,0,-19,356,710,0,0,0,-1,-1,-1,0x1002487FD0060015,1514,1492,1536,1500,2012,1500,1491,1493,1500,1500,988,1500,1500,1500,1500,1500,1500,1492,1372,2012,1500,1539,1500,2012,1500,1500,1500,1500,1500,1500,1500,2012,8.3
2025-03-03,11:40:33.500,-74,-76,10,3921,350,39,541,1882,-1,-18,356,709,0,0,0,-1,-1,-1,0x1002487FD0060015,1514,1493,1536,1500,2012,1500,1491,1493,1500,1500,988,1500,1500,1500,1500,1500,1500,1493,1372,2012,1500,1539,1500,2012,1500,1500,1500,1500,1500,1500,1500,2012,8.3
2025-03-03,11:40:34.000,-77,-71,10,3925,350,39,541,1882,-1,-17,356,710,0,0,0,-1,-1,-1,0x1002487FD0060015,1514,1493,1536,1500,2012,1500,1492,1493,1500,1500,988,1500,1500,1500,1500,1500,1500,1493,1412,2012,1500,1539,1500,2012,1500,1500,1500,1500,1500,1500,1500,2012,8.3
2025-03-03,11:40:34.500,-79,-71,10,3926,350,38,541,1882,-1,-17,356,709,0,0,0,-1,-1,-1,0x1002487FD0060015,1514,1493,1536,1500,2012,1500,1492,1493,1500,1500,988,1500,1500,1500,1500,1500,1500,1493,1500,2012,1500,1539,1500,2012,1500,1500,1500,1500,1500,1500,1500,2012,8.3
2025-03-03,11:40:35.000,-73,-73,10,3927,372,38,541,1882,-1,-17,356,710,0,0,0,-1,-1,-1,0x1002487FD0060015,1514,1493,1536,1500,2012,1500,1492,1493,1500,1499,988,1500,1500,1499,1500,1500,1500,1493,1500,2012,1500,1539,1500,2012,1500,1500,1500,1500,1500,1500,1500,2012,8.3
2025-03-03,11:40:35.500,-65,-78,10,3928,372,38,541,1882,-1,-13,356,710,0,0,0,-1,-1,-1,0x1002487FD0060015,1514,1495,1536,1500,2012,1500,1494,1495,1500,1499,988,1500,1500,1499,1500,1500,1500,1495,1500,2012,1500,1539,1500,2012,1500,1500,1500,1500,1500,1500,1500,2012,8.3
2025-03-03,11:40:36.000,-65,-65,10,3929,257,38,541,1882,-2,-13,356,710,0,0,0,-1,-1,-1,0x1002487FD0060014,1514,1495,1504,1500,2012,1499,1494,1495,1500,1499,988,1500,1500,1499,1500,1500,1500,1495,1500,2012,1500,1539,1500,2012,1500,1500,1500,1500,1500,1500,1500,2012,8.3
2025-03-03,11:40:36.500,-72,-71,10,3930,165,38,541,1882,-1,-15,356,710,0,0,0,-1,-1,-1,0x1002487FD0060014,1514,1494,1500,1500,2012,1500,1493,1495,1500,1500,988,1500,1500,1500,1500,1500,1500,1494,1500,2012,1500,1539,1500,2012,1500,1500,1500,1500,1500,1500,1500,2012,8.3
2025-03-03,11:40:37.000,-74,-75,10,3931,147,38,541,1882,0,-16,356,710,0,0,0,-1,-1,-1,0x1002487FD0060014,1514,1494,1500,1500,2012,1500,1492,1494,1500,1500,988,1500,1500,1500,1500,1500,1500,1494,1500,2012,1500,1539,1500,2012,1500,1500,1500,1500,1500,1500,1500,2012,8.3
2025-03-03,11:40:37.500,-69,-75,10,3931,142,37,541,1882,-1,-16,356,709,0,0,0,-1,-1,-1,0x1002487FD0060014,1514,1494,1500,1500,2012,1500,1492,1494,1500,1500,988,1500,1500,1500,1500,1500,1500,1494,1500,2012,1500,1539,1500,2012,1500,1500,1500,1500,1500,1500,1500,2012,8.3
2025-03-03,11:40:38.000,-75,-79,10,3932,142,37,541,1882,-1,-18,356,709,0,0,0,-1,-1,-1,0x1002487FD0060014,1514,1493,1500,1500,2012,1500,1491,1493,1500,1500,988,1500,1500,1500,1500,1500,1500,1493,1500,2012,1500,1539,1500,2012,1500,1500,1500,1500,1500,1500,1500,2012,8.3
2025-03-03,11:40:38.500,-77,-73,10,3932,145,37,541,1882,-2,-12,356,710,0,0,0,-1,-1,-1,0x1002487FD0060014,1514,1496,1500,1500,2012,1499,1494,1496,1500,1499,988,1500,1500,1499,1500,1500,1500,1496,1500,2012,1500,1539,1500,2012,1500,1500,1500,1500,1500,1500,1500,2012,8.3
2025-03-03,11:40:39.000,-83,-72,10,3933,552,37,541,1882,-1,-15,356,710,0,0,0,-1,-1,-1,0x1002487FD0060015,1514,1494,1528,1500,2012,1500,1493,1495,1500,1500,988,1500,1500,1500,1500,1500,1500,1494,1229,2012,1500,1539,1500,2012,1500,1500,1500,1500,1500,1500,1500,2012,8.3
2025-03-03,11:40:39.500,-73,-74,10,3933,352,37,541,1882,-2,-14,357,711,0,0,0,-1,-1,-1,0x1002487FD0060015,1514,1494,1536,1500,2012,1499,1493,1495,1500,1499,988,1500,1500,1499,1500,1500,1500,1494,1372,2012,1500,1539,1500,2012,1500,1500,1500,1500,1500,1500,1500,2012,8.3
2025-03-03,11:40:40.000,-75,-73,10,3933,357,37,541,1882,-1,-20,356,710,0,0,0,-1,-1,-1,0x1002487FD0060015,1514,1492,1536,1500,2012,1500,1490,1492,1500,1500,988,1500,1500,1500,1500,1500,1500,1492,1372,2012,1500,1539,1500,2012,1500,1500,1500,1500,1500,1500,1500,2012,8.3
2025-03-03,11:40:40.500,-81,-80,10,3933,347,38,541,1882,-1,-18,356,710,0,0,0,-1,-1,-1,0x1002487FD0060015,1514,1493,1536,1500,2012,1500,1491,1493,1500,1500,988,1500,1500,1500,1500,1500,1500,1493,1500,2012,1500,1539,1500,2012,1500,1500,1500,1500,1500,1500,1500,2012,8.3
2025-03-03,11:40:41.000,-79,-81,10,3933,375,38,541,1882,-1,-18,356,710,0,0,0,-1,-1,-1,0x1002487FD0060015,1514,1493,1536,1500,2012,1500,1491,1493,1500,1500,988,1500,1500,1500,1500,1500,1500,1493,1500,2012,1500,1539,1500,2012,1500,1500,1500,1500,1500,1500,1500,2012,8.3
2025-03-03,11:40:41.500,-78,-75,10,3934,365,38,541,1882,-1,-19,356,709,0,0,0,-1,-1,-1,0x1002487FD0060015,1514,1492,1536,1500,2012,1500,1491,1493,1500,1500,988,1500,1500,1500,1500,1500,1500,1492,1500,2012,1500,1539,1500,2012,1500,1500,1500,1500,1500,1500,1500,2012,8.3
2025-03-03,11:40:42.000,-78,-78,10,3934,367,38,541,1883,-1,-18,356,709,0,0,0,-1,-1,-1,0x1002487FD0060015,1514,1493,1516,1500,2012,1500,1491,1493,1500,1500,988,1500,1500,1500,1500,1500,1500,1493,1500,2012,1500,1539,1500,2012,1500,1500,1500,1500,1500,1500,1500,2012,8.3
2025-03-03,11:40:42.500,-82,-77,10,3934,187,38,541,1883,-1,-18,356,710,0,0,0,-1,-1,-1,0x1002487FD0060014,1514,1493,1500,1500,2012,1500,1491,1493,1500,1500,988,1500,1500,1500,1500,1500,1500,1493,1500,2012,1500,1539,1500,2012,1500,1500,1500,1500,1500,1500,1500,2012,8.3
2025-03-03,11:40:43.000,-79,-81,10,3935,150,38,541,1883,-1,-18,356,710,0,0,0,-1,-1,-1,0x1002487FD0060014,1514,1493,1500,1500,2012,1500,1491,1493,1500,1500,988,1500,1500,1500,1500,1500,1500,1493,1500,2012,1500,1539,1500,2012,1500,1500,1500,1500,1500,1500,1500,2012,8.3
2025-03-03,11:40:43.500,-78,-86,10,3936,180,37,541,1883,-1,-18,356,710,0,0,0,-1,-1,-1,0x1002487FD0060014,1514,1492,1500,1500,2012,1500,1491,1493,1500,1500,988,1500,1500,1500,1500,1500,1500,1492,1500,2012,1500,1539,1500,2012,1500,1500,1500,1500,1500,1500,1500,2012,8.3
2025-03-03,11:40:44.000,-81,-86,10,3936,157,37,541,1883,-2,-23,356,709,0,0,0,-1,-1,-1,0x1002487FD0060014,1514,1491,1500,1500,2012,1499,1489,1491,1500,1499,988,1500,1500,1499,1500,1500,1500,1491,1500,2012,1500,1539,1500,2012,1500,1500,1500,1500,1500,1500,1500,2012,8.3
2025-03-03,11:40:44.500,-82,-82,10,3936,142,37,541,1883,-1,-19,356,710,0,0,0,-1,-1,-1,0x1002487FD0060014,1514,1492,1500,1500,2012,1500,1491,1493,1500,1500,988,1500,1500,1500,1500,1500,1500,1492,1500,2012,1500,1539,1500,2012,1500,1500,1500,1500,1500,1500,1500,2012,8.3
2025-03-03,11:40:45.000,-73,-92,10,3936,145,37,541,1883,-1,-20,356,709,0,0,0,-1,-1,-1,0x1002487FD0060014,1514,1492,1500,1500,2012,1500,1490,1492,1500,1500,988,1500,1500,1500,1500,1500,1500,1492,1500,2012,1500,1539,1500,2012,1500,1500,1500,1500,1500,1500,1500,2012,8.3
2025-03-03,11:40:45.500,-80,-82,10,3937,142,37,541,1883,-2,-19,356,710,0,0,0,-1,-1,-1,0x1002487FD0060014,1514,1492,1500,1500,2012,1499,1491,1493,1500,1500,988,1500,1500,1500,1500,1500,1500,1492,1500,2012,1500,1539,1500,2012,1500,1500,1500,1500,1500,1500,1500,2012,8.3
2025-03-03,11:40:46.000,-79,-78,10,3937,180,37,541,1883,-2,-19,356,710,0,0,0,-1,-1,-1,0x1002487FD0060014,1514,1492,1500,1500,2012,1499,1491,1493,1500,1499,988,1500,1500,1499,1500,1500,1500,1492,1500,2012,1500,1539,1500,2012,1500,1500,1500,1500,1500,1500,1500,2012,8.3
2025-03-03,11:40:46.500,-76,-78,10,3937,142,37,541,1883,-2,-18,356,709,0,0,0,-1,-1,-1,0x1002487FD0060014,1514,1493,1500,1500,2012,1499,1491,1493,1500,1499,988,1500,1500,1499,1500,1500,1500,1493,1500,2012,1500,1539,1500,2012,1500,1500,1500,1500,1500,1500,1500,2012,8.3
2025-03-03,11:40:47.000,-75,-78,10,3937,140,37,541,1883,-1,-19,356,710,0,0,0,-1,-1,-1,0x1002487FD0060014,1514,1492,1500,1500,2012,1500,1491,1493,1500,1499,988,1500,1500,1499,1500,1500,1500,1492,1500,2012,1500,1539,1500,2012,1500,1500,1500,1500,1500,1500,1500,2012,8.3
2025-03-03,11:40:47.500,-79,-86,10,3938,170,37,541,1883,-2,-18,356,710,0,0,0,-1,-1,-1,0x1002487FD0060014,1514,1493,1500,1500,2012,1499,1491,1493,1500,1500,988,1500,1500,1500,1500,1500,1500,1493,1500,2012,1500,1539,1500,2012,1500,1500,1500,1500,1500,1500,1500,2012,8.3
2025-03-03,11:40:48.000,-82,-87,10,3938,145,37,541,1883,-2,-19,356,709,0,0,0,-1,-1,-1,0x1002487FD0060014,1514,1492,1500,1500,2012,1499,1491,1493,1500,1500,988,1500,1500,1500,1500,1500,1500,1492,1500,2012,1500,1539,1500,2012,1500,1500,1500,1500,1500,1500,1500,2012,8.3
2025-03-03,11:40:48.500,-79,-87,10,3938,170,37,541,1883,-1,-19,356,709,0,0,0,-1,-1,-1,0x1002487FD0060014,1514,1492,1500,1500,2012,1500,1491,1493,1500,1500,988,1500,1500,1500,1500,1500,1500,1492,1500,2012,1500,1539,1500,2012,1500,1500,1500,1500,1500,1500,1500,2012,8.3
2025-03-03,11:40:49.000,-80,-85,10,3938,162,37,541,1883,-1,-18,356,710,0,0,0,-1,-1,-1,0x1002487FD0060014,1514,1493,1500,1500,2012,1500,1491,1493,1500,1500,988,1500,1500,1500,1500,1500,1500,1493,1500,2012,1500,1539,1500,2012,1500,1500,1500,1500,1500,1500,1500,2012,8.3
2025-03-03,11:40:49.500,-81,-75,10,3938,137,37,541,1883,-1,-18,356,710,0,0,0,-1,-1,-1,0x1002487FD0060014,1514,1493,1500,1500,2012,1500,1491,1493,1500,1499,988,1500,1500,1499,1500,1500,1500,1493,1500,2012,1500,1539,1500,2012,1500,1500,1500,1500,1500,1500,1500,2012,8.3
2025-03-03,11:40:50.000,-79,-76,10,3938,145,37,541,1883,-1,-18,356,710,0,0,0,-1,-1,-1,0x1002487FD0060014,1514,1493,1500,1500,2012,1499,1491,1493,1500,1499,988,1500,1500,1499,1500,1500,1500,1493,1500,2012,1500,1539,1500,2012,1500,1500,1500,1500,1500,1500,1500,2012,8.3
2025-03-03,11:40:50.500,-75,-79,10,3939,155,37,541,1883,-1,-19,356,710,0,0,0,-1,-1,-1,0x1002487FD0060014,1514,1492,1500,1500,2012,1500,1491,1493,1500,1500,988,1500,1500,1500,1500,1500,1500,1492,1500,2012,1500,1539,1500,2012,1500,1500,1500,1500,1500,1500,1500,2012,8.3
2025-03-03,11:40:51.000,-80,-74,10,3939,162,37,541,1883,-1,-19,356,710,0,0,0,-1,-1,-1,0x1002487FD0060014,1514,1492,1500,1500,2012,1500,1491,1493,1500,1499,988,1500,1500,1499,1500,1500,1500,1492,1500,2012,1500,1539,1500,2012,1500,1500,1500,1500,1500,1500,1500,2012,8.3
2025-03-03,11:40:51.500,-79,-73,10,3939,157,37,541,1883,-2,-19,356,710,0,0,0,-1,-1,-1,0x1002487FD0060014,1514,1492,1500,1500,2012,1499,1491,1493,1500,1499,988,1500,1500,1499,1500,1500,1500,1492,1500,2012,1500,1539,1500,2012,1500,1500,1500,1500,1500,1500,1500,2012,8.3
2025-03-03,11:40:52.000,-76,-74,10,3939,162,37,541,1883,-2,-18,356,710,0,0,0,-1,-1,-1,0x1002487FD0060014,1514,1493,1500,1500,2012,1499,1491,1493,1500,1499,988,1500,1500,1499,1500,1500,1500,1493,1500,2012,1500,1539,1500,2012,1500,1500,1500,1500,1500,1500,1500,2012,8.3
2025-03-03,11:40:52.500,-72,-76,10,3939,155,37,541,1883,-2,-19,356,710,0,0,0,-1,-1,-1,0x1002487FD0060014,1514,1492,1500,1500,2012,1499,1491,1493,1500,1499,988,1500,1500,1499,1500,1500,1500,1492,1500,2012,1500,1539,1500,2012,1500,1500,1500,1500,1500,1500,1500,2012,8.3
2025-03-03,11:40:53.000,-77,-71,10,3939,152,37,541,1883,-1,-18,356,710,0,0,0,-1,-1,-1,0x1002487FD0060014,1514,1493,1500,1500,2012,1500,1491,1493,1500,1499,988,1500,1500,1499,1500,1500,1500,1493,1500,2012,1500,1539,1500,2012,1500,1500,1500,1500,1500,1500,1500,2012,8.3
2025-03-03,11:40:53.500,-76,-71,10,3940,170,37,541,1883,-2,-18,356,710,0,0,0,-1,-1,-1,0x1002487FD0060014,1514,1493,1500,1500,2012,1499,1491,1493,1500,1499,988,1500,1500,1499,1500,1500,1500,1493,1500,2012,1500,1539,1500,2012,1500,1500,1500,1500,1500,1500,1500,2012,8.3
2025-03-03,11:40:54.000,-77,-75,10,3940,147,37,541,1883,-2,-18,356,710,0,0,0,-1,-1,-1,0x1002487FD0060014,1514,1493,1500,1500,2012,1499,1491,1493,1500,1499,988,1500,1500,1499,1500,1500,1500,1493,1500,2012,1500,1539,1500,2012,1500,1500,1500,1500,1500,1500,1500,2012,8.3
2025-03-03,11:40:54.500,-74,-77,10,3940,157,37,541,1883,-2,-19,356,710,0,0,0,-1,-1,-1,0x1002487FD0060014,1514,1492,1500,1500,2012,1499,1491,1493,1500,1499,988,1500,1500,1499,1500,1500,1500,1492,1500,2012,1500,1539,1500,2012,1500,1500,1500,1500,1500,1500,1500,2012,8.3
2025-03-03,11:40:55.000,-77,-72,10,3940,142,37,541,1883,-1,-18,356,709,0,0,0,-1,-1,-1,0x1002487FD0060014,1514,1493,1500,1500,2012,1500,1491,1493,1500,1500,988,1500,1500,1500,1500,1500,1500,1493,1500,2012,1500,1539,1500,2012,1500,1500,1500,1500,1500,1500,1500,2012,8.3
2025-03-03,11:40:55.500,-72,-76,10,3940,162,37,541,1883,-1,-18,356,710,0,0,0,-1,-1,-1,0x1002487FD0060014,1514,1493,1500,1500,2012,1500,1491,1493,1500,1500,988,1500,1500,1500,1500,1500,1500,1493,1500,2012,1500,1539,1500,2012,1500,1500,1500,1500,1500,1500,1500,2012,8.3
2025-03-03,11:40:56.000,-60,-56,10,3940,147,37,541,1883,-1,-18,356,710,0,0,0,-1,-1,-1,0x1002487FD0060014,1514,1493,1500,1500,2012,1500,1491,1493,1500,1500,988,1500,1500,1500,1500,1500,1500,1493,1500,2012,1500,1539,1500,2012,1500,1500,1500,1500,1500,1500,1500,2012,8.3
2025-03-03,11:40:56.500,-60,-56,10,3940,150,37,541,1883,-1,-18,356,710,0,0,0,-1,-1,-1,0x1002487FD0060014,1514,1493,1500,1500,2012,1500,1491,1493,1500,1500,988,1500,1500,1500,1500,1500,1500,1493,1500,2012,1500,1539,1500,2012,1500,1500,1500,1500,1500,1500,1500,2012,8.3
2025-03-03,11:40:57.000,-59,-50,10,3941,142,37,541,1883,-1,-18,356,709,0,0,0,-1,-1,-1,0x1002487FD0060014,1514,1493,1500,1500,2012,1500,1491,1493,1500,1500,988,1500,1500,1500,1500,1500,1500,1493,1500,2012,1500,1539,1500,2012,1500,1500,1500,1500,1500,1500,1500,2012,8.3
2025-03-03,11:40:57.500,-43,-46,10,3941,152,37,541,1883,-1,-18,356,710,0,0,0,-1,-1,-1,0x1002487FD0060014,1514,1493,1500,1500,2012,1500,1491,1493,1500,1500,988,1500,1500,1500,1500,1500,1500,1493,1500,2012,1500,1539,1500,2012,1500,1500,1500,1500,1500,1500,1500,2012,8.3
2025-03-03,11:40:58.000,-46,-48,10,3941,152,37,541,1883,-1,-18,356,709,0,0,0,-1,-1,-1,0x1002487FD0060014,1514,1493,1500,1500,2012,1500,1491,1493,1500,1500,988,1500,1500,1500,1500,1500,1500,1493,1500,2012,1500,1539,1500,2012,1500,1500,1500,1500,1500,1500,1500,2012,8.3
2025-03-03,11:40:58.500,-42,-48,10,3941,150,37,541,1883,-2,-18,356,710,0,0,0,-1,-1,-1,0x1002487FD0060014,1514,1493,1500,1500,2012,1499,1491,1493,1500,1499,988,1500,1500,1499,1500,1500,1500,1493,1500,2012,1500,1539,1500,2012,1500,1500,1500,1500,1500,1500,1500,2012,8.3
2025-03-03,11:40:59.000,-38,-48,10,3941,185,37,541,1883,-1,-18,356,710,0,0,0,-1,-1,-1,0x1002487FD0060014,1514,1493,1500,1500,2012,1500,1491,1493,1500,1500,988,1500,1500,1500,1500,1500,1500,1493,1500,2012,1500,1539,1500,2012,1500,1500,1500,1500,1500,1500,1500,2012,8.3
2025-03-03,11:40:59.500,-33,-48,10,3941,147,37,541,1883,-1,-18,356,710,0,0,0,-1,-1,-1,0x1002487FD0060014,1514,1493,1500,1500,2012,1500,1491,1493,1500,1500,988,1500,1500,1500,1500,1500,1500,1493,1500,2012,1500,1539,1500,2012,1500,1500,1500,1500,1500,1500,1500,2012,8.3
2025-03-03,11:41:00.000,-32,-48,10,3941,150,37,541,1883,-1,-18,356,710,0,0,0,-1,-1,-1,0x1002487FD0060014,1514,1493,1500,1500,2012,1500,1491,1493,1500,1500,988,1500,1500,1500,1500,1500,1500,1493,1500,2012,1500,1539,1500,2012,1500,1500,1500,1500,1500,1500,1500,2012,8.3
2025-03-03,11:41:00.500,-40,-18,10,3941,185,37,541,1883,-2,-18,356,710,0,0,0,-1,-1,-1,0x1002487FD0060014,1514,1493,1500,1500,2012,1499,1491,1493,1500,1499,988,1500,1500,1499,1500,1500,1500,1493,1500,2012,1500,1539,1500,2012,1500,1500,1500,1500,1500,1500,1500,2012,8.3
2025-03-03,11:41:01.000,-21,-21,10,3941,195,36,541,1883,-2,-18,356,709,0,0,0,-1,-1,-1,0x1002487FD0060014,1514,1493,1500,1500,2012,1499,1491,1493,1500,1500,988,1500,1500,1500,1500,1500,1500,1493,1500,2012,1500,1539,1500,2012,1500,1500,1500,1500,1500,1500,1500,2012,8.3
2025-03-03,11:41:01.500,-21,-17,10,3942,157,36,541,1883,-2,-19,356,710,0,0,0,-1,-1,-1,0x1002487FD0060014,1514,1492,1500,1500,2012,1499,1491,1493,1500,1499,988,1500,1500,1499,1500,1500,1500,1493,1500,2012,1500,1539,1500,2012,1500,1500,1500,1500,1500,1500,1500,2012,8.3
2025-03-03,11:41:02.000,-24,-17,10,3942,155,36,541,1883,-1,-18,356,710,0,0,0,-1,-1,-1,0x1002487FD0060014,1514,1493,1500,1500,2012,1500,1491,1493,1500,1500,988,1500,1500,1500,1500,1500,1500,1493,1500,2012,1500,1539,1500,2012,1500,1500,1500,1500,1500,1500,1500,2012,8.3
2025-03-03,11:41:02.500,-24,-17,10,3942,147,36,541,1883,-2,-18,356,710,0,0,0,-1,-1,-1,0x1002487FD0060014,1514,1493,1500,1500,2012,1499,1491,1493,1500,1499,988,1500,1500,1499,1500,1500,1500,1493,1500,2012,1500,1539,1500,2012,1500,1500,1500,1500,1500,1500,1500,2012,8.3
2025-03-03,11:41:03.000,-24,-16,10,3942,157,36,541,1883,-1,-18,356,710,0,0,0,-1,-1,-1,0x1002487FD0060014,1514,1493,1500,1500,2012,1500,1491,1493,1500,1500,988,1500,1500,1500,1500,1500,1500,1493,1500,2012,1500,1539,1500,2012,1500,1500,1500,1500,1500,1500,1500,2012,8.3
2025-03-03,11:41:03.500,-24,-16,10,3942,167,36,541,1883,-1,-18,356,710,0,0,0,-1,-1,-1,0x1002487FD0060014,1514,1493,1500,1500,2012,1500,1491,1493,1500,1500,988,1500,1500,1500,1500,1500,1500,1493,1500,2012,1500,1539,1500,2012,1500,1500,1500,1500,1500,1500,1500,2012,8.3
2025-03-03,11:41:04.000,-24,-26,10,3942,157,36,541,1883,-1,-18,356,710,0,0,0,-1,-1,-1,0x1002487FD0060014,1514,1493,1500,1500,2012,1500,1491,1493,1500,1500,988,1500,1500,1500,1500,1500,1500,1493,1500,2012,1500,1539,1500,2012,1500,1500,1500,1500,1500,1500,1500,2012,8.3
2025-03-03,11:41:04.500,-23,-26,10,3942,152,36,541,1883,-2,-19,356,710,0,0,0,-1,-1,-1,0x1002487FD0060014,1514,1493,1500,1500,2012,1499,1491,1493,1500,1499,988,1500,1500,1499,1500,1500,1500,1493,1500,2012,1500,1539,1500,2012,1500,1500,1500,1500,1500,1500,1500,2012,8.3
2025-03-03,11:41:05.000,-23,-26,10,3942,207,36,541,1883,-2,-18,356,710,0,0,0,-1,-1,-1,0x1002487FD0060014,1514,1493,1500,1500,2012,1499,1491,1493,1500,1499,988,1500,1500,1499,1500,1500,1500,1493,1500,2012,1500,1539,1500,2012,1500,1500,1500,1500,1500,1500,1500,2012,8.3
2025-03-03,11:41:05.500,-23,-26,10,3942,142,36,541,1883,-1,-18,356,709,0,0,0,-1,-1,-1,0x1002487FD0060014,1514,1493,1500,1500,2012,1500,1491,1493,1500,1500,988,1500,1500,1500,1500,1500,1500,1493,1500,2012,1500,1539,1500,2012,1500,1500,1500,1500,1500,1500,1500,2012,8.3
2025-03-03,11:41:06.000,-20,-26,10,3943,170,36,541,1883,-2,-18,356,710,0,0,0,-1,-1,-1,0x1002487FD0060014,1514,1493,1500,1500,2012,1499,1491,1493,1500,1499,988,1500,1500,1499,1500,1500,1500,1493,1500,2012,1500,1539,1500,2012,1500,1500,1500,1500,1500,1500,1500,2012,8.3
2025-03-03,11:41:06.500,-21,-26,10,3943,160,36,541,1883,-1,-18,356,710,0,0,0,-1,-1,-1,0x1002487FD0060014,1514,1493,1500,1500,2012,1500,1491,1493,1500,1499,988,1500,1500,1499,1500,1500,1500,1493,1500,2012,1500,1539,1500,2012,1500,1500,1500,1500,1500,1500,1500,2012,8.3
2025-03-03,11:41:07.000,-17,-26,10,3943,210,36,541,1884,-1,-19,356,710,0,0,0,-1,-1,-1,0x1002487FD0060014,1514,1492,1500,1500,2012,1500,1491,1493,1500,1500,988,1500,1500,1500,1500,1500,1500,1492,1500,2012,1500,1539,1500,2012,1500,1500,1500,1500,1500,1500,1500,2012,8.3
2025-03-03,11:41:07.500,-18,-26,10,3943,177,36,541,1884,-2,-18,356,710,0,0,0,-1,-1,-1,0x1002487FD0060014,1514,1493,1500,1500,2012,1499,1491,1493,1500,1499,988,1500,1500,1499,1500,1500,1500,1493,1500,2012,1500,1539,1500,2012,1500,1500,1500,1500,1500,1500,1500,2012,8.3
2025-03-03,11:41:08.000,-20,-26,10,3943,165,36,541,1884,0,-19,356,710,0,0,0,-1,-1,-1,0x1002487FD0060014,1514,1492,1500,1500,2012,1500,1491,1493,1500,1500,988,1500,1500,1500,1500,1500,1500,1492,1500,2012,1500,1539,1500,2012,1500,1500,1500,1500,1500,1500,1500,2012,8.3
2025-03-03,11:41:08.500,-22,-16,10,3943,205,36,541,1884,-1,-18,356,710,0,0,0,-1,-1,-1,0x1002487FD0060014,1514,1493,1500,1500,2012,1500,1491,1493,1500,1500,988,1500,1500,1500,1500,1500,1500,1493,1500,2012,1500,1539,1500,2012,1500,1500,1500,1500,1500,1500,1500,2012,8.3
2025-03-03,11:41:09.000,-46,-45,10,3943,167,36,541,1884,-1,-18,356,710,0,0,0,-1,-1,-1,0x1002487FD0060014,1514,1493,1500,1500,2012,1500,1491,1493,1500,1500,988,1500,1500,1500,1500,1500,1500,1493,1500,2012,1500,1539,1500,2012,1500,1500,1500,1500,1500,1500,1500,2012,8.3
2025-03-03,11:41:09.500,-46,-45,10,3943,147,36,541,1884,-1,-18,356,710,0,0,0,-1,-1,-1,0x1002487FD0060014,1514,1493,1500,1500,2012,1500,1491,1493,1500,1500,988,1500,1500,1500,1500,1500,1500,1493,1500,2012,1500,1539,1500,2012,1500,1500,1500,1500,1500,1500,1500,2012,8.3
2025-03-03,11:41:10.000,-46,-45,10,3943,147,36,541,1884,-1,-18,356,710,0,0,0,-1,-1,-1,0x1002487FD0060014,1514,1493,1500,1500,2012,1500,1491,1493,1500,1500,988,1500,1500,1500,1500,1500,1500,1493,1500,2012,1500,1539,1500,2012,1500,1500,1500,1500,1500,1500,1500,2012,8.3
2025-03-03,11:41:10.500,-46,-45,10,3943,152,36,541,1884,-1,-18,356,709,0,0,0,-1,-1,-1,0x1002487FD0060014,1514,1493,1500,1500,2012,1500,1491,1493,1500,1500,988,1500,1500,1500,1500,1500,1500,1493,1500,2012,1500,1539,1500,2012,1500,1500,1500,1500,1500,1500,1500,2012,8.3
2025-03-03,11:41:11.000,-50,-46,10,3943,167,36,541,1884,-1,-18,356,710,0,0,0,-1,-1,-1,0x1002487FD0060014,1514,1493,1500,1500,2012,1500,1491,1493,1500,1499,988,1500,1500,1499,1500,1500,1500,1493,1500,2012,1500,1539,1500,2012,1500,1500,1500,1500,1500,1500,1500,2012,8.3
2025-03-03,11:41:11.500,-49,-51,10,3943,187,36,541,1884,-1,-18,356,709,0,0,0,-1,-1,-1,0x1002487FD0060014,1514,1493,1500,1500,2012,1500,1491,1493,1500,1500,988,1500,1500,1500,1500,1500,1500,1493,1500,2012,1500,1539,1500,2012,1500,1500,1500,1500,1500,1500,1500,2012,8.3
2025-03-03,11:41:12.000,-49,-54,10,3944,152,36,541,1884,-2,-17,356,710,0,0,0,-1,-1,-1,0x1002487FD0060014,1514,1493,1500,1500,2012,1499,1492,1493,1500,1499,988,1500,1500,1499,1500,1500,1500,1493,1500,2012,1500,1539,1500,2012,1500,1500,1500,1500,1500,1500,1500,2012,8.3
2025-03-03,11:41:12.500,-53,-50,10,3944,190,36,541,1884,-2,-18,356,710,0,0,0,-1,-1,-1,0x1002487FD0060014,1514,1493,1500,1500,2012,1499,1491,1493,1500,1499,988,1500,1500,1499,1500,1500,1500,1493,1500,2012,1500,1539,1500,2012,1500,1500,1500,1500,1500,1500,1500,2012,8.3
2025-03-03,11:41:13.000,-53,-51,10,3944,175,36,541,1884,-1,-18,356,710,0,0,0,-1,-1,-1,0x1002487FD0060014,1514,1493,1500,1500,2012,1500,1491,1493,1500,1499,988,1500,1500,1499,1500,1500,1500,1493,1500,2012,1500,1539,1500,2012,1500,1500,1500,1500,1500,1500,1500,2012,8.3
2025-03-03,11:41:13.500,-53,-51,10,3944,180,36,541,1884,-2,-18,356,710,0,0,0,-1,-1,-1,0x1002487FD0060014,1514,1493,1500,1500,2012,1499,1491,1493,1500,1499,988,1500,1500,1499,1500,1500,1500,1493,1500,2012,1500,1539,1500,2012,1500,1500,1500,1500,1500,1500,1500,2012,8.3
2025-03-03,11:41:14.000,-47,-49,10,3944,185,36,541,1884,-1,-18,356,710,0,0,0,-1,-1,-1,0x1002487FD0060014,1514,1493,1500,1500,2012,1500,1491,1493,1500,1500,988,1500,1500,1500,1500,1500,1500,1493,1500,2012,1500,1539,1500,2012,1500,1500,1500,1500,1500,1500,1500,2012,8.3
2025-03-03,11:41:14.500,-53,-42,10,3944,185,36,541,1884,-2,-17,356,710,0,0,0,-1,-1,-1,0x1002487FD0060014,1514,1493,1500,1500,2012,1499,1492,1493,1500,1500,988,1500,1500,1500,1500,1500,1500,1493,1500,2012,1500,1539,1500,2012,1500,1500,1500,1500,1500,1500,1500,2012,8.3
2025-03-03,11:41:15.000,-42,-41,10,3944,180,36,541,1884,-1,-16,356,710,0,0,0,-1,-1,-1,0x1002487FD0060014,1514,1494,1500,1500,2012,1500,1492,1494,1500,1500,988,1500,1500,1500,1500,1500,1500,1494,1500,2012,1500,1539,1500,2012,1500,1500,1500,1500,1500,1500,1500,2012,8.3
2025-03-03,11:41:15.500,-42,-40,10,3944,157,36,541,1884,-2,-17,356,709,0,0,0,-1,-1,-1,0x1002487FD0060014,1514,1493,1500,1500,2012,1499,1492,1493,1500,1499,988,1500,1500,1499,1500,1500,1500,1493,1500,2012,1500,1539,1500,2012,1500,1500,1500,1500,1500,1500,1500,2012,8.3
2025-03-03,11:41:16.000,-42,-40,10,3944,180,36,541,1884,-2,-17,356,710,0,0,0,-1,-1,-1,0x1002487FD0060014,1514,1493,1500,1500,2012,1499,1492,1493,1500,1499,988,1500,1500,1499,1500,1500,1500,1493,1500,2012,1500,1539,1500,2012,1500,1500,1500,1500,1500,1500,1500,2012,8.3
2025-03-03,11:41:16.500,-42,-40,10,3944,187,36,541,1884,-1,-17,356,710,0,0,0,-1,-1,-1,0x1002487FD0060014,1514,1493,1500,1500,2012,1500,1492,1493,1500,1500,988,1500,1500,1500,1500,1500,1500,1493,1500,2012,1500,1539,1500,2012,1500,1500,1500,1500,1500,1500,1500,2012,8.3
2025-03-03,11:41:17.000,-42,-43,10,3944,202,36,541,1884,-2,-17,356,710,0,0,0,-1,-1,-1,0x1002487FD0060014,1514,1493,1500,1500,2012,1499,1492,1493,1500,1500,988,1500,1500,1500,1500,1500,1500,1493,1500,2012,1500,1539,1500,2012,1500,1500,1500,1500,1500,1500,1500,2012,8.3
2025-03-03,11:41:17.500,-52,-55,10,3944,157,36,541,1884,-1,-17,356,710,0,0,0,-1,-1,-1,0x1002487FD0060014,1514,1493,1500,1500,2012,1500,1492,1493,1500,1499,988,1500,1500,1499,1500,1500,1500,1493,1500,2012,1500,1539,1500,2012,1500,1500,1500,1500,1500,1500,1500,2012,8.3
2025-03-03,11:41:18.000,-55,-54,10,3944,172,36,541,1884,-1,-17,356,710,0,0,0,-1,-1,-1,0x1002487FD0060014,1514,1493,1500,1500,2012,1500,1492,1493,1500,1500,988,1500,1500,1500,1500,1500,1500,1493,1500,2012,1500,1539,1500,2012,1500,1500,1500,1500,1500,1500,1500,2012,8.3
2025-03-03,11:41:18.500,-57,-51,10,3944,160,36,541,1884,-1,-16,356,710,0,0,0,-1,-1,-1,0x1002487FD0060014,1514,1494,1500,1500,2012,1500,1492,1494,1500,1500,988,1500,1500,1500,1500,1500,1500,1494,1500,2012,1500,1539,1500,2012,1500,1500,1500,1500,1500,1500,1500,2012,8.3
2025-03-03,11:41:19.000,-55,-55,10,3944,155,36,541,1884,-1,-17,356,710,0,0,0,-1,-1,-1,0x1002487FD0060014,1514,1493,1500,1500,2012,1500,1492,1493,1500,1500,988,1500,1500,1500,1500,1500,1500,1493,1500,2012,1500,1539,1500,2012,1500,1500,1500,1500,1500,1500,1500,2012,8.3
2025-03-03,11:41:19.500,-74,-65,10,3945,190,36,541,1884,-1,-17,356,710,0,0,0,-1,-1,-1,0x1002487FD0060014,1514,1493,1500,1500,2012,1500,1492,1493,1500,1500,988,1500,1500,1500,1500,1500,1500,1493,1500,2012,1500,1539,1500,2012,1500,1500,1500,1500,1500,1500,1500,2012,8.3
2025-03-03,11:41:20.000,-86,-88,10,3945,180,36,541,1884,-2,-17,356,710,0,0,0,-1,-1,-1,0x1002487FD0060014,1514,1493,1500,1500,2012,1499,1492,1493,1500,1499,988,1500,1500,1499,1500,1500,1500,1493,1500,2012,1500,1539,1500,2012,1500,1500,1500,1500,1500,1500,1500,2012,8.3
2025-03-03,11:41:20.500,-83,-77,10,3945,182,36,541,1884,-1,-18,356,710,0,0,0,-1,-1,-1,0x1002487FD0060014,1514,1493,1500,1500,2012,1500,1491,1493,1500,1499,988,1500,1500,1499,1500,1500,1500,1493,1500,2012,1500,1539,1500,2012,1500,1500,1500,1500,1500,1500,1500,2012,8.3
2025-03-03,11:41:21.000,-82,-71,10,3945,170,36,541,1884,-1,-17,356,709,0,0,0,-1,-1,-1,0x1002487FD0060014,1514,1493,1500,1500,2012,1500,1492,1493,1500,1500,988,1500,1500,1500,1500,1500,1500,1493,1500,2012,1500,1539,1500,2012,1500,1500,1500,1500,1500,1500,1500,2012,8.3
2025-03-03,11:41:21.500,-86,-79,10,3945,147,36,541,1884,-2,-17,356,709,0,0,0,-1,-1,-1,0x1002487FD0060014,1514,1493,1500,1500,2012,1499,1492,1493,1500,1499,988,1500,1500,1499,1500,1500,1500,1493,1500,2012,1500,1539,1500,2012,1500,1500,1500,1500,1500,1500,1500,2012,8.3
2025-03-03,11:41:22.000,-85,-80,10,3945,175,36,541,1884,-2,-17,356,709,0,0,0,-1,-1,-1,0x1002487FD0060014,1514,1493,1500,1500,2012,1499,1492,1493,1500,1499,988,1500,1500,1499,1500,1500,1500,1493,1500,2012,1500,1539,1500,2012,1500,1500,1500,1500,1500,1500,1500,2012,8.3
2025-03-03,11:41:22.500,-80,-82,10,3945,167,36,541,1884,-2,-17,356,710,0,0,0,-1,-1,-1,0x1002487FD0060014,1514,1493,1500,1500,2012,1499,1492,1493,1500,1499,988,1500,1500,1499,1500,1500,1500,1493,1500,2012,1500,1539,1500,2012,1500,1500,1500,1500,1500,1500,1500,2012,8.3
2025-03-03,11:41:23.000,-81,-82,10,3945,190,36,541,1884,-2,-17,356,710,0,0,0,-1,-1,-1,0x1002487FD0060014,1514,1493,1500,1500,2012,1499,1492,1493,1500,1499,988,1500,1500,1499,1500,1500,1500,1493,1500,2012,1500,1539,1500,2012,1500,1500,1500,1500,1500,1500,1500,2012,8.3
2025-03-03,11:41:23.500,-81,-77,10,3945,200,36,541,1884,-1,-17,356,709,0,0,0,-1,-1,-1,0x1002487FD0060014,1514,1493,1500,1500,2012,1500,1492,1493,1500,1500,988,1500,1500,1500,1500,1500,1500,1493,1500,2012,1500,1539,1500,2012,1500,1500,1500,1500,1500,1500,1500,2012,8.3
2025-03-03,11:41:24.000,-77,-77,10,3945,172,36,541,1884,-1,-17,356,710,0,0,0,-1,-1,-1,0x1002487FD0060014,1514,1493,1500,1500,2012,1500,1492,1493,1500,1500,988,1500,1500,1500,1500,1500,1500,1493,1500,2012,1500,1539,1500,2012,1500,1500,1500,1500,1500,1500,1500,2012,8.3
2025-03-03,11:41:24.500,-77,-77,10,3945,162,36,541,1884,-1,-18,356,710,0,0,0,-1,-1,-1,0x1002487FD0060014,1514,1493,1500,1500,2012,1500,1491,1493,1500,1500,988,1500,1500,1500,1500,1500,1500,1493,1500,2012,1500,1539,1500,2012,1500,1500,1500,1500,1500,1500,1500,2012,8.3
2025-03-03,11:41:25.000,-80,-77,10,3945,167,36,541,1884,-2,-17,356,710,0,0,0,-1,-1,-1,0x1002487FD0060014,1514,1493,1500,1500,2012,1499,1492,1493,1500,1499,988,1500,1500,1499,1500,1500,1500,1493,1500,2012,1500,1539,1500,2012,1500,1500,1500,1500,1500,1500,1500,2012,8.3
2025-03-03,11:41:25.500,-80,-79,10,3945,200,36,541,1884,-1,-17,356,710,0,0,0,-1,-1,-1,0x1002487FD0060014,1514,1493,1500,1500,2012,1500,1492,1493,1500,1499,988,1500,1500,1499,1500,1500,1500,1493,1500,2012,1500,1539,1500,2012,1500,1500,1500,1500,1500,1500,1500,2012,8.3
2025-03-03,11:41:26.000,-83,-76,10,3945,182,36,541,1884,-1,-17,356,710,0,0,0,-1,-1,-1,0x1002487FD0060014,1514,1493,1500,1500,2012,1500,1492,1493,1500,1500,988,1500,1500,1500,1500,1500,1500,1493,1500,2012,1500,1539,1500,2012,1500,1500,1500,1500,1500,1500,1500,2012,8.3
2025-03-03,11:41:26.500,-87,-81,10,3945,182,36,541,1884,-1,-17,356,710,0,0,0,-1,-1,-1,0x1002487FD0060014,1514,1493,1500,1500,2012,1500,1492,1493,1500,1500,988,1500,1500,1500,1500,1500,1500,1493,1500,2012,1500,1539,1500,2012,1500,1500,1500,1500,1500,1500,1500,2012,8.3
2025-03-03,11:41:27.000,-81,-81,10,3945,175,36,541,1884,-1,-17,356,710,0,0,0,-1,-1,-1,0x1002487FD0060014,1514,1493,1500,1500,2012,1500,1492,1493,1500,1500,988,1500,1500,1500,1500,1500,1500,1493,1500,2012,1500,1539,1500,2012,1500,1500,1500,1500,1500,1500,1500,2012,8.3
2025-03-03,11:41:27.500,-79,-80,10,3945,165,36,541,1884,-2,-17,356,710,0,0,0,-1,-1,-1,0x1002487FD0060014,1514,1493,1500,1500,2012,1499,1492,1493,1500,1499,988,1500,1500,1499,1500,1500,1500,1493,1500,2012,1500,1539,1500,2012,1500,1500,1500,1500,1500,1500,1500,2012,8.3
2025-03-03,11:41:28.000,-93,-82,10,3945,192,36,541,1884,-1,-17,356,709,0,0,0,-1,-1,-1,0x1002487FD0060014,1514,1493,1500,1500,2012,1500,1492,1493,1500,1500,988,1500,1500,1500,1500,1500,1500,1493,1500,2012,1500,1539,1500,2012,1500,1500,1500,1500,1500,1500,1500,2012,8.3
2025-03-03,11:41:28.500,-85,-80,10,3945,145,36,541,1884,-2,-17,356,710,0,0,0,-1,-1,-1,0x1002487FD0060014,1514,1493,1500,1500,2012,1499,1492,1493,1500,1500,988,1500,1500,1500,1500,1500,1500,1493,1500,2012,1500,1539,1500,2012,1500,1500,1500,1500,1500,1500,1500,2012,8.3
2025-03-03,11:41:29.000,-83,-79,10,3946,170,36,541,1884,-1,-16,356,710,0,0,0,-1,-1,-1,0x1002487FD0060014,1514,1494,1500,1500,2012,1500,1492,1494,1500,1500,988,1500,1500,1500,1500,1500,1500,1494,1500,2012,1500,1539,1500,2012,1500,1500,1500,1500,1500,1500,1500,2012,8.3
2025-03-03,11:41:29.500,-83,-74,10,3946,165,36,541,1885,-1,-16,356,710,0,0,0,-1,-1,-1,0x1002487FD0060014,1514,1494,1500,1500,2012,1500,1492,1494,1500,1499,988,1500,1500,1499,1500,1500,1500,1494,1500,2012,1500,1539,1500,2012,1500,1500,1500,1500,1500,1500,1500,2012,8.3
2025-03-03,11:41:30.000,-83,-73,10,3946,147,36,541,1885,-1,-17,356,709,0,0,0,-1,-1,-1,0x1002487FD0060014,1514,1493,1500,1500,2012,1500,1492,1493,1500,1500,988,1500,1500,1500,1500,1500,1500,1493,1500,2012,1500,1539,1500,2012,1500,1500,1500,1500,1500,1500,1500,2012,8.3
2025-03-03,11:41:30.500,-74,-76,10,3946,140,36,541,1885,-1,-17,356,709,0,0,0,-1,-1,-1,0x1002487FD0060014,1514,1493,1500,1500,2012,1500,1492,1493,1500,1500,988,1500,1500,1500,1500,1500,1500,1493,1500,2012,1500,1539,1500,2012,1500,1500,1500,1500,1500,1500,1500,2012,8.3
2025-03-03,11:41:31.000,-71,-74,10,3946,145,36,541,1885,-1,-17,356,710,0,0,0,-1,-1,-1,0x1002487FD0060014,1514,1493,1500,1500,2012,1500,1492,1493,1500,1500,988,1500,1500,1500,1500,1500,1500,1493,1500,2012,1500,1539,1500,2012,1500,1500,1500,1500,1500,1500,1500,2012,8.3
2025-03-03,11:41:31.500,-69,-76,10,3946,142,36,541,1885,-1,-17,356,710,0,0,0,-1,-1,-1,0x1002487FD0060014,1514,1493,1500,1500,2012,1500,1492,1493,1500,1500,988,1500,1500,1500,1500,1500,1500,1493,1500,2012,1500,1539,1500,2012,1500,1500,1500,1500,1500,1500,1500,2012,8.3
2025-03-03,11:41:32.000,-69,-76,10,3946,140,36,541,1885,-1,-18,356,709,0,0,0,-1,-1,-1,0x1002487FD0060014,1514,1493,1500,1500,2012,1500,1491,1493,1500,1500,988,1500,1500,1500,1500,1500,1500,1493,1500,2012,1500,1539,1500,2012,1500,1500,1500,1500,1500,1500,1500,2012,8.3
2025-03-03,11:41:32.500,-72,-63,10,3946,150,36,541,1885,-1,-17,356,710,0,0,0,-1,-1,-1,0x1002487FD0060014,1514,1493,1500,1500,2012,1500,1492,1493,1500,1500,988,1500,1500,1500,1500,1500,1500,1493,1500,2012,1500,1539,1500,2012,1500,1500,1500,1500,1500,1500,1500,2012,8.3
2025-03-03,11:41:33.000,-71,-71,10,3946,155,36,541,1885,-1,-17,356,710,0,0,0,-1,-1,-1,0x1002487FD0060014,1514,1493,1500,1500,2012,1500,1492,1493,1500,1500,988,1500,1500,1500,1500,1500,1500,1493,1500,2012,1500,1539,1500,2012,1500,1500,1500,1500,1500,1500,1500,2012,8.3
2025-03-03,11:41:33.500,-72,-71,10,3946,140,36,541,1885,-1,-16,356,710,0,0,0,-1,-1,-1,0x1002487FD0060014,1514,1494,1500,1500,2012,1500,1492,1494,1500,1500,988,1500,1500,1500,1500,1500,1500,1494,1500,2012,1500,1539,1500,2012,1500,1500,1500,1500,1500,1500,1500,2012,8.3
2025-03-03,11:41:34.000,-74,-71,10,3946,192,36,541,1885,-2,-17,356,710,0,0,0,-1,-1,-1,0x1002487FD0060014,1514,1493,1500,1500,2012,1499,1492,1493,1500,1499,988,1500,1500,1499,1500,1500,1500,1493,1500,2012,1500,1539,1500,2012,1500,1500,1500,1500,1500,1500,1500,2012,8.3
2025-03-03,11:41:34.500,-76,-68,10,3946,187,36,541,1885,-1,-12,356,710,0,0,0,-1,-1,-1,0x1002487FD0060014,1514,1496,1500,1500,2012,1500,1494,1496,1500,1500,988,1500,1500,1500,1500,1500,1500,1496,1500,2012,1500,1539,1500,2012,1500,1500,1500,1500,1500,1500,1500,2012,8.3
2025-03-03,11:41:35.000,-76,-64,10,3946,170,36,541,1885,-1,-7,356,710,0,0,0,-1,-1,-1,0x1002487FD0060014,1514,1497,1500,1500,2012,1500,1497,1497,1500,1500,988,1500,1500,1500,1500,1500,1500,1497,1500,2012,1500,1539,1500,2012,1500,1500,1500,1500,1500,1500,1500,2012,8.3
2025-03-03,11:41:35.500,-78,-67,10,3946,167,36,541,1885,-1,-81,356,709,0,0,0,-1,-1,-1,0x1002487FD2060014,1514,1468,1500,1500,2012,1500,1460,1468,1500,1500,988,1500,1500,1500,1500,1500,1500,1468,1500,2012,1500,1539,1500,2012,1500,1500,1500,1500,1500,1500,1500,2012,8.3
2025-03-03,11:41:36.000,-67,-71,10,3946,142,36,541,1885,-2,0,356,710,0,0,0,-1,-1,-1,0x1002487FD0060014,1514,1500,1500,1500,2012,1499,1500,1500,1500,1499,988,1500,1500,1499,1500,1500,1500,1500,1500,2012,1500,1539,1500,2012,1500,1500,1500,1500,1500,1500,1500,2012,8.3
2025-03-03,11:41:36.500,-67,-71,10,3946,185,36,541,1885,-964,-16,356,710,0,0,0,-1,-1,-1,0x1002487FD0060014,1259,1494,1500,1500,2012,1018,1492,1494,1500,1053,988,1500,1500,1106,1500,1500,1500,1494,1500,2012,1500,1539,1500,2012,1500,1500,1500,1500,1500,1500,1500,2012,8.3
2025-03-03,11:41:37.000,-64,-72,10,3946,9525,36,541,1886,-1024,103,356,709,0,0,0,-1,-1,-1,0x1002487FD0060815,1177,1557,1525,1500,2012,988,1551,1500,1500,988,988,1500,1500,988,1500,1500,1500,1500,1372,1628,1500,1539,1500,2012,1500,1500,1500,1500,1500,1500,1500,2012,8.3
2025-03-03,11:41:37.500,-72,-69,10,3938,4817,36,541,1886,-1024,130,356,709,0,0,0,-1,-1,-1,0x1002487FD0060815,1177,1565,1536,1500,2012,988,1565,1500,1500,988,988,1500,1500,988,1500,1500,1500,1500,1372,1628,1500,1539,1500,2012,1500,1500,1500,1500,1500,1500,1500,2012,8.3
2025-03-03,11:41:38.000,-73,-70,10,3925,5885,36,541,1887,-1024,358,356,709,0,0,0,-1,-1,-1,0x1002487FD0060815,1177,1635,1536,1500,2012,988,1679,1500,1500,988,988,1500,1500,988,1500,1500,1500,1500,1372,1628,1500,1539,1500,2012,1500,1500,1500,1500,1500,1500,1500,2012,8.3
2025-03-03,11:41:38.500,-76,-67,10,3908,15750,36,541,1889,708,202,356,710,0,0,0,-1,-1,-1,0x1002487FD0060015,1676,1587,1536,1500,2012,1854,1601,1500,1500,1854,988,1500,1500,1776,1500,1500,1500,1500,1372,1628,1500,1539,1500,2012,1500,1500,1500,1500,1500,1500,1500,2012,8.3
2025-03-03,11:41:39.000,-60,-66,10,3887,15972,37,541,1891,807,645,356,710,0,0,0,-1,-1,-1,0x1002487FD0060015,1701,1743,1536,1500,2012,1903,1822,1500,1500,1897,988,1500,1500,1825,1500,1500,1500,1500,1372,1628,1500,1539,1500,2012,1500,1500,1500,1500,1500,1500,1500,2012,8.3
2025-03-03,11:41:39.500,-64,-56,10,3850,21767,37,541,1894,472,665,356,710,0,0,0,-1,-1,-1,0x1002487FD0060015,1640,1752,1536,1500,2012,1729,1832,1500,1500,1785,988,1500,1500,1710,1500,1500,1500,1500,1372,1628,1500,1539,1500,2012,1500,1500,1500,1500,1500,1500,1500,2012,8.3
2025-03-03,11:41:40.000,-66,-66,10,3836,23325,37,541,1896,-521,622,356,709,0,0,0,-1,-1,-1,0x1002487FD0060815,1406,1732,1536,1500,2012,1232,1811,1500,1500,1240,988,1500,1500,1312,1500,1500,1500,1500,1372,1628,1500,1539,1500,2012,1500,1500,1500,1500,1500,1500,1500,2012,8.3
2025-03-03,11:41:40.500,-58,-69,10,3834,13570,37,541,1899,-827,151,356,710,0,0,0,-1,-1,-1,0x1002487FD0060815,1294,1571,1536,1500,2012,1087,1575,1500,1500,1087,988,1500,1500,1155,1500,1500,1500,1500,1372,1628,1500,1539,1500,2012,1500,1500,1500,1500,1500,1500,1500,2012,8.3
2025-03-03,11:41:41.000,-58,-69,10,3879,9992,38,541,1900,-816,254,356,710,0,0,0,-1,-1,-1,0x1002487FD0060815,1299,1602,1536,1500,2012,1092,1627,1500,1500,1092,988,1500,1500,1161,1500,1500,1500,1500,1372,1628,1500,1539,1500,2012,1500,1500,1500,1500,1500,1500,1500,2012,8.3
2025-03-03,11:41:41.500,-46,-69,10,3888,11780,38,541,1901,-903,204,356,709,0,0,0,-1,-1,-1,0x1002487FD0060815,1253,1587,1536,1500,2012,1049,1602,1500,1500,1049,988,1500,1500,1098,1500,1500,1500,1500,1372,1628,1500,1539,1500,2012,1500,1500,1500,1500,1500,1500,1500,2012,8.3
2025-03-03,11:41:42.000,-51,-50,10,3874,21367,38,541,1903,-736,631,356,709,0,0,0,-1,-1,-1,0x1002487FD0060815,1333,1737,1536,1500,2012,1132,1815,1500,1500,1132,988,1500,1500,1208,1500,1500,1500,1500,1372,1628,1500,1539,1500,2012,1500,1500,1500,1500,1500,1500,1500,2012,8.3
2025-03-03,11:41:42.500,-59,-60,10,3850,7020,38,541,1905,-577,-760,356,710,0,0,0,-1,-1,-1,0x1002487FD20A0815,1390,1279,1536,1500,2012,1212,1120,1279,1500,1212,988,1500,1500,1288,1500,1500,1500,1279,1297,2012,1500,1539,1500,2012,1500,1500,1500,1500,1500,1500,1500,2012,8.3
2025-03-03,11:41:43.000,-65,-57,10,3902,465,38,541,1905,489,-24,356,709,0,0,0,-1,-1,-1,0x1002487FD0060015,1610,1491,1536,1500,2012,1744,1488,1491,1500,1717,988,1500,1500,1653,1500,1500,1500,1491,1372,2012,1500,1539,1500,2012,1500,1500,1500,1500,1500,1500,1500,2012,8.3
2025-03-03,11:41:43.500,-63,-70,10,3922,5792,38,541,1905,-684,542,356,709,0,0,0,-1,-1,-1,0x1002487FD0060015,1358,1699,1536,1500,2012,1158,1771,1500,1500,1164,988,1500,1500,1242,1500,1500,1500,1500,1372,1628,1500,1539,1500,2012,1500,1500,1500,1500,1500,1500,1500,2012,8.3
2025-03-03,11:41:44.000,-61,-66,10,3915,19510,38,541,1908,-499,821,356,710,0,0,0,-1,-1,-1,0x1002487FD0060015,1421,1849,1536,1500,2012,1251,1910,1500,1500,1268,988,1500,1500,1336,1500,1500,1500,1500,1372,1628,1500,1539,1500,2012,1500,1500,1500,1500,1500,1500,1500,2012,8.3
2025-03-03,11:41:44.500,-64,-72,10,3851,29620,38,541,1911,-357,276,356,710,0,0,0,-1,-1,-1,0x1002487FD0060815,1448,1609,1536,1500,2012,1322,1638,1500,1500,1321,988,1500,1500,1376,1500,1500,1500,1500,1372,1628,1500,1539,1500,2012,1500,1500,1500,1500,1500,1500,1500,2012,8.3
2025-03-03,11:41:45.000,-58,-72,10,3840,13212,38,541,1912,-101,32,356,709,0,0,0,-1,-1,-1,0x1002487FD0060015,1497,1519,1536,1500,2012,1450,1516,1500,1500,1450,988,1500,1500,1466,1500,1500,1500,1500,1214,1798,1500,1539,1500,2012,1500,1500,1500,1500,1500,1500,1500,2012,8.3
2025-03-03,11:41:45.500,-61,-59,10,3887,8812,38,541,1914,-273,796,356,710,0,0,0,-1,-1,-1,0x1002487FD0060815,1463,1829,1536,1500,2012,1364,1898,1500,1500,1357,988,1500,1500,1403,1500,1500,1500,1500,1372,1628,1500,1539,1500,2012,1500,1500,1500,1500,1500,1500,1500,2012,8.3
2025-03-03,11:41:46.000,-73,-75,10,3850,47902,38,541,1920,188,630,356,710,0,0,0,-1,-1,-1,0x1002487FD0060015,1554,1736,1536,1500,2012,1594,1815,1500,1500,1588,988,1500,1500,1560,1500,1500,1500,1500,1372,1628,1500,1539,1500,2012,1500,1500,1500,1500,1500,1500,1500,2012,8.3
2025-03-03,11:41:46.500,-73,-72,10,3832,11050,38,541,1921,-258,564,356,710,0,0,0,-1,-1,-1,0x1002487FD0060015,1473,1707,1536,1500,2012,1371,1782,1500,1500,1385,988,1500,1500,1422,1500,1500,1500,1500,1372,1628,1500,1539,1500,2012,1500,1500,1500,1500,1500,1500,1500,2012,8.3
2025-03-03,11:41:47.000,-73,-72,10,3852,18542,38,541,1923,-571,682,356,710,0,0,0,-1,-1,-1,0x1002487FD0060815,1392,1760,1536,1500,2012,1215,1841,1500,1500,1215,988,1500,1500,1291,1500,1500,1500,1500,1372,1628,1500,1539,1500,2012,1500,1500,1500,1500,1500,1500,1500,2012,8.3
2025-03-03,11:41:47.500,-70,-67,10,3846,15855,38,541,1925,-623,684,356,710,0,0,0,-1,-1,-1,0x1002487FD0060815,1375,1761,1536,1500,2012,1189,1842,1500,1500,1189,988,1500,1500,1266,1500,1500,1500,1500,1372,1628,1500,1539,1500,2012,1500,1500,1500,1500,1500,1500,1500,2012,8.3
2025-03-03,11:41:48.000,-73,-68,10,3838,15207,38,541,1927,-664,728,356,709,0,0,0,-1,-1,-1,0x1002487FD0060815,1366,1782,1536,1500,2012,1168,1864,1500,1500,1175,988,1500,1500,1253,1500,1500,1500,1500,1372,1628,1500,1539,1500,2012,1500,1500,1500,1500,1500,1500,1500,2012,8.3
2025-03-03,11:41:48.500,-76,-69,10,3822,28230,38,541,1931,-219,869,356,709,0,0,0,-1,-1,-1,0x1002487FD0062815,1468,1887,1536,1500,2012,1391,1934,1500,1500,1369,988,1500,1500,1411,1500,1500,1500,1500,1372,1628,1500,1539,1500,2012,1500,1500,1500,1500,1500,1500,1500,2012,8.3
2025-03-03,11:41:49.000,-82,-72,10,3714,79660,38,541,1940,-213,1021,356,709,0,0,0,-1,-1,-1,0x1002487FD0062415,1481,2009,1536,1500,2012,1394,2010,1500,1500,1406,988,1500,1500,1437,1500,1500,1500,1500,1372,1628,1500,1539,1500,2012,1500,1500,1500,1500,1500,1500,1500,2012,8.3
2025-03-03,11:41:49.500,-72,-83,10,3583,67647,38,541,1949,44,948,356,709,0,0,0,-1,-1,-1,0x1002487FD0062415,1526,1950,1536,1500,2012,1522,1974,1500,1500,1527,988,1500,1500,1518,1500,1500,1500,1500,1372,1628,1500,1539,1500,2012,1500,1500,1500,1500,1500,1500,1500,2012,8.3
2025-03-03,11:41:50.000,-77,-73,10,3595,30582,39,541,1954,-370,-5,356,710,0,0,0,-1,-1,-1,0x1002487FD0060415,1446,1498,1536,1500,2012,1315,1498,1498,1500,1316,988,1500,1500,1372,1500,1500,1500,1498,1217,1798,1500,1539,1500,2012,1500,1500,1500,1500,1500,1500,1500,2012,8.3
2025-03-03,11:41:50.500,-74,-83,10,3809,2872,39,541,1954,-714,115,356,710,0,0,0,-1,-1,-1,0x1002487FD0061C15,1347,1561,1536,1500,2012,1143,1557,1500,1500,1150,988,1500,1500,1228,1500,1500,1500,1500,1372,1628,1500,1539,1500,2012,1500,1500,1500,1500,1500,1500,1500,2012,8.3
2025-03-03,11:41:51.000,-73,-84,10,3863,5177,39,541,1955,-609,805,356,709,0,0,0,-1,-1,-1,0x1002487FD0060C15,1384,1837,1536,1500,2012,1196,1902,1500,1500,1203,988,1500,1500,1279,1500,1500,1500,1500,1372,1628,1500,1539,1500,2012,1500,1500,1500,1500,1500,1500,1500,2012,8.3
2025-03-03,11:41:51.500,-75,-73,10,3858,15990,39,541,1956,-826,632,356,709,0,0,0,-1,-1,-1,0x1002487FD0060C15,1295,1737,1536,1500,2012,1087,1816,1500,1500,1087,988,1500,1500,1155,1500,1500,1500,1500,1372,1628,1500,1539,1500,2012,1500,1500,1500,1500,1500,1500,1500,2012,8.3
2025-03-03,11:41:52.000,-73,-75,10,3844,15365,39,541,1958,-824,368,356,710,0,0,0,-1,-1,-1,0x1002487FD0060C15,1296,1639,1536,1500,2012,1088,1684,1500,1500,1088,988,1500,1500,1156,1500,1500,1500,1500,1372,1628,1500,1539,1500,2012,1500,1500,1500,1500,1500,1500,1500,2012,8.3
2025-03-03,11:41:52.500,-69,-70,10,3828,24890,39,541,1961,-653,802,356,710,0,0,0,-1,-1,-1,0x1002487FD0060C15,1365,1834,1536,1500,2012,1174,1901,1500,1500,1174,988,1500,1500,1252,1500,1500,1500,1500,1372,1628,1500,1539,1500,2012,1500,1500,1500,1500,1500,1500,1500,2012,8.3
2025-03-03,11:41:53.000,-70,-65,10,3808,39252,39,541,1964,-426,488,356,710,0,0,0,-1,-1,-1,0x1002487FD0060815,1437,1679,1536,1500,2012,1287,1744,1500,1500,1299,988,1500,1500,1360,1500,1500,1500,1500,1372,1628,1500,1539,1500,2012,1500,1500,1500,1500,1500,1500,1500,2012,8.3
2025-03-03,11:41:53.500,-61,-65,10,3825,5062,39,541,1964,12,-333,356,710,0,0,0,-1,-1,-1,0x1002487FD2060015,1517,1385,1536,1500,2012,1506,1334,1385,1500,1506,988,1500,1500,1504,1500,1500,1500,1385,1187,2012,1500,1539,1500,2012,1500,1500,1500,1500,1500,1500,1500,2012,8.3
2025-03-03,11:41:54.000,-56,-65,10,3864,3187,39,541,1965,-656,567,356,710,0,0,0,-1,-1,-1,0x1002487FD0060815,1364,1708,1536,1500,2012,1172,1783,1500,1500,1172,988,1500,1500,1251,1500,1500,1500,1500,1372,1628,1500,1539,1500,2012,1500,1500,1500,1500,1500,1500,1500,2012,8.3
2025-03-03,11:41:54.500,-60,-64,10,3873,14327,39,541,1966,-757,500,356,709,0,0,0,-1,-1,-1,0x1002487FD0060815,1329,1684,1536,1500,2012,1121,1750,1500,1500,1127,988,1500,1500,1203,1500,1500,1500,1500,1372,1628,1500,1539,1500,2012,1500,1500,1500,1500,1500,1500,1500,2012,8.3
2025-03-03,11:41:55.000,-59,-73,10,3844,16505,39,541,1968,-458,292,356,710,0,0,0,-1,-1,-1,0x1002487FD0060815,1428,1610,1536,1500,2012,1271,1639,1500,1500,1281,988,1500,1500,1346,1500,1500,1500,1500,1372,1628,1500,1539,1500,2012,1500,1500,1500,1500,1500,1500,1500,2012,8.3
2025-03-03,11:41:55.500,-70,-74,10,3829,4775,39,541,1969,-669,288,356,710,0,0,0,-1,-1,-1,0x1002487FD0060815,1364,1613,1536,1500,2012,1166,1644,1500,1500,1173,988,1500,1500,1251,1500,1500,1500,1500,1372,1628,1500,1539,1500,2012,1500,1500,1500,1500,1500,1500,1500,2012,8.3
2025-03-03,11:41:56.000,-80,-70,10,3860,11467,38,541,1970,-316,370,356,710,0,0,0,-1,-1,-1,0x1002487FD0060815,1457,1639,1536,1500,2012,1342,1685,1500,1500,1342,988,1500,1500,1391,1500,1500,1500,1500,1372,1628,1500,1539,1500,2012,1500,1500,1500,1500,1500,1500,1500,2012,8.3
2025-03-03,11:41:56.500,-80,-72,10,3857,10052,38,541,1971,-463,579,356,710,0,0,0,-1,-1,-1,0x1002487FD0060815,1421,1713,1536,1500,2012,1269,1789,1500,1500,1269,988,1500,1500,1336,1500,1500,1500,1500,1372,1628,1500,1539,1500,2012,1500,1500,1500,1500,1500,1500,1500,2012,8.3
2025-03-03,11:41:57.000,-66,-75,10,3840,18777,38,541,1973,-745,813,356,710,0,0,0,-1,-1,-1,0x1002487FD0060815,1330,1843,1536,1500,2012,1128,1906,1500,1500,1128,988,1500,1500,1204,1500,1500,1500,1500,1372,1628,1500,1539,1500,2012,1500,1500,1500,1500,1500,1500,1500,2012,8.3
2025-03-03,11:41:57.500,-74,-72,10,3833,18895,39,541,1975,1024,121,356,709,0,0,0,-1,-1,-1,0x1002487FD0060015,1786,1562,1536,1500,2012,2012,1560,1500,1500,2012,988,1500,1500,2012,1500,1500,1500,1500,1372,1628,1500,1539,1500,2012,1500,1500,1500,1500,1500,1500,1500,2012,8.3
2025-03-03,11:41:58.000,-74,-72,10,3873,7635,39,541,1976,767,462,356,710,0,0,0,-1,-1,-1,0x1002487FD0060015,1699,1670,1536,1500,2012,1883,1731,1500,1500,1892,988,1500,1500,1820,1500,1500,1500,1500,1372,1628,1500,1539,1500,2012,1500,1500,1500,1500,1500,1500,1500,2012,8.3
2025-03-03,11:41:58.500,-73,-70,10,3858,16632,39,541,1979,1009,594,356,710,0,0,0,-1,-1,-1,0x1002487FD0060015,1778,1719,1536,1500,2012,2004,1797,1500,1500,2005,988,1500,1500,1998,1500,1500,1500,1500,1372,1628,1500,1539,1500,2012,1500,1500,1500,1500,1500,1500,1500,2012,8.3
2025-03-03,11:41:59.000,-59,-71,10,3805,19785,39,541,1981,813,553,356,710,0,0,0,-1,-1,-1,0x1002487FD0060015,1707,1703,1536,1500,2012,1906,1776,1500,1500,1906,988,1500,1500,1836,1500,1500,1500,1500,1372,1628,1500,1539,1500,2012,1500,1500,1500,1500,1500,1500,1500,2012,8.3
2025-03-03,11:41:59.500,-57,-71,10,3807,20060,39,541,1983,698,590,356,710,0,0,0,-1,-1,-1,0x1002487FD0060015,1673,1717,1536,1500,2012,1849,1795,1500,1500,1849,988,1500,1500,1771,1500,1500,1500,1500,1372,1628,1500,1539,1500,2012,1500,1500,1500,1500,1500,1500,1500,2012,8.3
2025-03-03,11:42:00.000,-62,-67,10,3804,19630,39,541,1986,566,654,356,709,0,0,0,-1,-1,-1,0x1002487FD0060015,1643,1747,1536,1500,2012,1783,1827,1500,1500,1790,988,1500,1500,1714,1500,1500,1500,1500,1372,1628,1500,1539,1500,2012,1500,1500,1500,1500,1500,1500,1500,2012,8.3
2025-03-03,11:42:00.500,-76,-69,10,3795,15370,39,541,1988,52,741,356,710,0,0,0,-1,-1,-1,0x1002487FD0060015,1523,1788,1536,1500,2012,1526,1870,1500,1500,1521,988,1500,1500,1514,1500,1500,1500,1500,1372,1628,1500,1539,1500,2012,1500,1500,1500,1500,1500,1500,1500,2012,8.3
2025-03-03,11:42:01.000,-76,-69,10,3788,52387,39,541,1996,3,13,356,710,0,0,0,-1,-1,-1,0x1002487FD0060015,1515,1508,1536,1500,2012,1501,1506,1500,1500,1501,988,1500,1500,1501,1500,1500,1500,1500,1132,1901,1500,1539,1500,2012,1500,1500,1500,1500,1500,1500,1500,2012,8.3
2025-03-03,11:42:01.500,-66,-70,10,3817,3395,39,541,1997,17,413,356,709,0,0,0,-1,-1,-1,0x1002487FD0060015,1515,1653,1536,1500,2012,1508,1706,1500,1500,1503,988,1500,1500,1502,1500,1500,1500,1500,1372,1628,1500,1539,1500,2012,1500,1500,1500,1500,1500,1500,1500,2012,8.3
2025-03-03,11:42:02.000,-67,-66,10,3847,19420,39,541,1999,590,810,356,710,0,0,0,-1,-1,-1,0x1002487FD0060015,1644,1841,1536,1500,2012,1795,1905,1500,1500,1794,988,1500,1500,1718,1500,1500,1500,1500,1372,1628,1500,1539,1500,2012,1500,1500,1500,1500,1500,1500,1500,2012,8.3
2025-03-03,11:42:02.500,-67,-69,10,3806,52382,39,541,2002,443,692,356,710,0,0,0,-1,-1,-1,0x1002487FD0060015,1612,1765,1536,1500,2012,1721,1846,1500,1500,1721,988,1500,1500,1656,1500,1500,1500,1500,1372,1628,1500,1539,1500,2012,1500,1500,1500,1500,1500,1500,1500,2012,8.3
2025-03-03,11:42:03.000,-66,-71,10,3778,5280,39,541,2006,14,-11,356,710,0,0,0,-1,-1,-1,0x1002487FD0060015,1517,1496,1536,1500,2012,1507,1495,1496,1500,1507,988,1500,1500,1504,1500,1500,1500,1496,1337,2012,1500,1539,1500,2012,1500,1500,1500,1500,1500,1500,1500,2012,8.3
2025-03-03,11:42:03.500,-68,-61,10,3849,2565,39,541,2006,612,587,356,710,0,0,0,-1,-1,-1,0x1002487FD0060015,1650,1716,1536,1500,2012,1806,1793,1500,1500,1806,988,1500,1500,1729,1500,1500,1500,1500,1372,1628,1500,1539,1500,2012,1500,1500,1500,1500,1500,1500,1500,2012,8.3
2025-03-03,11:42:04.000,-68,-61,10,3859,24312,39,541,2008,331,733,356,710,0,0,0,-1,-1,-1,0x1002487FD0060015,1591,1784,1536,1500,2012,1665,1866,1500,1500,1670,988,1500,1500,1618,1500,1500,1500,1500,1372,1628,1500,1539,1500,2012,1500,1500,1500,1500,1500,1500,1500,2012,8.3
2025-03-03,11:42:04.500,-73,-54,10,3829,5557,39,541,2010,1024,-731,356,710,0,0,0,-1,-1,-1,0x1002487FD20E0015,1786,1254,1536,1500,2012,2012,1135,1255,1500,2012,988,1500,1500,2012,1500,1500,1500,1254,1055,2012,1500,1539,1500,2012,1500,1500,1500,1500,1500,1500,1500,2012,8.3
2025-03-03,11:42:05.000,-74,-68,10,3852,2710,39,541,2010,1024,413,356,709,0,0,0,-1,-1,-1,0x1002487FD0060015,1786,1653,1536,1500,2012,2012,1706,1500,1500,2012,988,1500,1500,2012,1500,1500,1500,1500,1372,1628,1500,1539,1500,2012,1500,1500,1500,1500,1500,1500,1500,2012,8.3
2025-03-03,11:42:05.500,-66,-78,10,3860,13010,39,541,2011,1024,368,356,709,0,0,0,-1,-1,-1,0x1002487FD0060015,1786,1639,1536,1500,2012,2012,1684,1500,1500,2012,988,1500,1500,2012,1500,1500,1500,1500,1372,1628,1500,1539,1500,2012,1500,1500,1500,1500,1500,1500,1500,2012,8.3
2025-03-03,11:42:06.000,-85,-73,10,3831,25597,39,541,2013,959,679,356,709,0,0,0,-1,-1,-1,0x1002487FD0060015,1753,1759,1536,1500,2012,1979,1839,1500,1500,1979,988,1500,1500,1950,1500,1500,1500,1500,1372,1628,1500,1539,1500,2012,1500,1500,1500,1500,1500,1500,1500,2012,8.3
2025-03-03,11:42:06.500,-76,-68,10,3781,22507,39,541,2017,-376,569,356,710,0,0,0,-1,-1,-1,0x1002487FD0060015,1444,1709,1536,1500,2012,1312,1784,1500,1500,1313,988,1500,1500,1370,1500,1500,1500,1500,1372,1628,1500,1539,1500,2012,1500,1500,1500,1500,1500,1500,1500,2012,8.3
2025-03-03,11:42:07.000,-81,-68,10,3793,13972,40,541,2019,-480,230,356,710,0,0,0,-1,-1,-1,0x1002487FD0060815,1417,1595,1536,1500,2012,1260,1615,1500,1500,1260,988,1500,1500,1329,1500,1500,1500,1500,1372,1628,1500,1539,1500,2012,1500,1500,1500,1500,1500,1500,1500,2012,8.3
2025-03-03,11:42:07.500,-66,-67,10,3827,7727,40,541,2020,-648,-15,356,710,0,0,0,-1,-1,-1,0x1002487FD0060815,1366,1494,1536,1500,2012,1176,1493,1495,1500,1176,988,1500,1500,1254,1500,1500,1500,1494,1105,2012,1500,1539,1500,2012,1500,1500,1500,1500,1500,1500,1500,2012,8.3
2025-03-03,11:42:08.000,-83,-76,10,3859,2865,40,541,2020,-1024,325,356,710,0,0,0,-1,-1,-1,0x1002487FD0060815,1177,1625,1536,1500,2012,988,1662,1500,1500,988,988,1500,1500,988,1500,1500,1500,1500,1372,1628,1500,1539,1500,2012,1500,1500,1500,1500,1500,1500,1500,2012,8.3
2025-03-03,11:42:08.500,-83,-70,10,3863,24015,41,541,2024,-434,669,357,710,0,0,0,-1,-1,-1,0x1002487FD0060815,1413,1754,1536,1500,2012,1283,1834,1500,1500,1254,988,1500,1500,1324,1500,1500,1500,1500,1372,1628,1500,1539,1500,2012,1500,1500,1500,1500,1500,1500,1500,2012,8.3
2025-03-03,11:42:09.000,-72,-74,10,3772,43397,41,541,2026,-865,461,356,709,0,0,0,-1,-1,-1,0x1002487FD0060815,1276,1670,1536,1500,2012,1068,1730,1500,1500,1068,988,1500,1500,1129,1500,1500,1500,1500,1372,1628,1500,1539,1500,2012,1500,1500,1500,1500,1500,1500,1500,2012,8.3
2025-03-03,11:42:09.500,-77,-78,10,3738,22915,40,541,2031,-1024,695,356,709,0,0,0,-1,-1,-1,0x1002487FD0060815,1177,1767,1536,1500,2012,988,1847,1500,1500,988,988,1500,1500,988,1500,1500,1500,1500,1372,1628,1500,1539,1500,2012,1500,1500,1500,1500,1500,1500,1500,2012,8.3
2025-03-03,11:42:10.000,-77,-67,10,3794,9312,40,541,2032,-66,-734,356,710,0,0,0,-1,-1,-1,0x1002487FD20E0015,1499,1254,1536,1500,2012,1467,1133,1255,1500,1456,988,1500,1500,1471,1500,1500,1500,1254,1133,2012,1500,1539,1500,2012,1500,1500,1500,1500,1500,1500,1500,2012,8.3
2025-03-03,11:42:10.500,-67,-78,10,3844,1202,41,541,2032,20,425,356,710,0,0,0,-1,-1,-1,0x1002487FD0060015,1519,1657,1536,1500,2012,1510,1712,1500,1500,1510,988,1500,1500,1507,1500,1500,1500,1500,1372,1628,1500,1539,1500,2012,1500,1500,1500,1500,1500,1500,1500,2012,8.3
2025-03-03,11:42:11.000,-68,-78,10,3862,7947,40,541,2033,386,540,356,709,0,0,0,-1,-1,-1,0x1002487FD0060015,1600,1698,1536,1500,2012,1693,1770,1500,1500,1693,988,1500,1500,1634,1500,1500,1500,1500,1372,1628,1500,1539,1500,2012,1500,1500,1500,1500,1500,1500,1500,2012,8.3
2025-03-03,11:42:11.500,-60,-70,10,3837,27832,41,541,2037,-84,890,356,709,0,0,0,-1,-1,-1,0x1002487FD0062015,1502,1904,1536,1500,2012,1458,1945,1500,1500,1465,988,1500,1500,1476,1500,1500,1500,1500,1372,1628,1500,1539,1500,2012,1500,1500,1500,1500,1500,1500,1500,2012,8.3
2025-03-03,11:42:12.000,-66,-65,10,3792,19175,41,541,2040,135,421,356,709,0,0,0,-1,-1,-1,0x1002487FD0060015,1542,1655,1536,1500,2012,1567,1710,1500,1500,1562,988,1500,1500,1541,1500,1500,1500,1500,1372,1628,1500,1539,1500,2012,1500,1500,1500,1500,1500,1500,1500,2012,8.3
2025-03-03,11:42:12.500,-68,-72,10,3795,25597,40,541,2043,46,678,356,710,0,0,0,-1,-1,-1,0x1002487FD0060015,1524,1759,1536,1500,2012,1523,1839,1500,1500,1523,988,1500,1500,1515,1500,1500,1500,1500,1372,1628,1500,1539,1500,2012,1500,1500,1500,1500,1500,1500,1500,2012,8.3
2025-03-03,11:42:13.000,-67,-72,10,3795,3517,40,541,2044,-1024,67,356,710,0,0,0,-1,-1,-1,0x1002487FD0060815,1177,1541,1534,1500,2012,988,1533,1500,1500,988,988,1500,1500,988,1500,1500,1500,1500,1233,1766,1500,1539,1500,2012,1500,1500,1500,1500,1500,1500,1500,2012,8.3
2025-03-03,11:42:13.500,-74,-65,10,3859,4482,40,541,2045,-1024,105,356,709,0,0,0,-1,-1,-1,0x1002487FD0060815,1177,1558,1536,1500,2012,988,1552,1500,1500,988,988,1500,1500,988,1500,1500,1500,1500,1372,1628,1500,1539,1500,2012,1500,1500,1500,1500,1500,1500,1500,2012,8.3
2025-03-03,11:42:14.000,-65,-65,10,3863,3362,40,541,2045,-1024,399,356,710,0,0,0,-1,-1,-1,0x1002487FD0060815,1177,1648,1536,1500,2012,988,1699,1500,1500,988,988,1500,1500,988,1500,1500,1500,1500,1372,1628,1500,1539,1500,2012,1500,1500,1500,1500,1500,1500,1500,2012,8.3
2025-03-03,11:42:14.500,-73,-72,10,3853,18132,40,541,2047,-260,677,356,709,0,0,0,-1,-1,-1,0x1002487FD0060815,1468,1758,1536,1500,2012,1370,1838,1500,1500,1371,988,1500,1500,1412,1500,1500,1500,1500,1372,1628,1500,1539,1500,2012,1500,1500,1500,1500,1500,1500,1500,2012,8.3
2025-03-03,11:42:15.000,-78,-69,10,3793,49047,40,541,2052,-557,837,356,709,0,0,0,-1,-1,-1,0x1002487FD0062815,1396,1862,1536,1500,2012,1222,1918,1500,1500,1222,988,1500,1500,1297,1500,1500,1500,1500,1372,1628,1500,1539,1500,2012,1500,1500,1500,1500,1500,1500,1500,2012,8.3
2025-03-03,11:42:15.500,-78,-73,10,3664,53752,40,541,2059,-296,966,356,709,0,0,0,-1,-1,-1,0x1002487FD0063C15,1461,1965,1536,1500,2012,1352,1983,1500,1500,1352,988,1500,1500,1398,1500,1500,1500,1500,1372,1628,1500,1539,1500,2012,1500,1500,1500,1500,1500,1500,1500,2012,8.3
2025-03-03,11:42:16.000,-56,-68,10,3636,43822,40,541,2066,-1,-1022,356,710,0,0,0,-1,-1,-1,0x1002487FD20E0415,1514,1090,1536,1500,2012,1500,989,1500,1091,1500,988,1500,1500,1500,1500,1500,1500,1090,1105,2012,1500,1539,1500,2012,1500,1500,1500,1500,1500,1500,1500,2012,8.3
2025-03-03,11:42:16.500,-46,-68,10,3753,555,40,541,2066,-752,12,356,710,0,0,0,-1,-1,-1,0x1002487FD0060415,1326,1507,1536,1500,2012,1124,1506,1500,1500,1124,988,1500,1500,1199,1500,1500,1500,1500,1060,2012,1500,1539,1500,2012,1500,1500,1500,1500,1500,1500,1500,2012,8.3
2025-03-03,11:42:17.000,-41,-68,10,3848,3160,40,541,2066,-983,288,356,710,0,0,0,-1,-1,-1,0x1002487FD0061C15,1203,1613,1536,1500,2012,1009,1644,1500,1500,1009,988,1500,1500,1027,1500,1500,1500,1500,1372,1628,1500,1539,1500,2012,1500,1500,1500,1500,1500,1500,1500,2012,8.3
2025-03-03,11:42:17.500,-46,-52,10,3845,9505,40,541,2067,-1024,342,356,709,0,0,0,-1,-1,-1,0x1002487FD0060C15,1177,1630,1536,1500,2012,988,1671,1500,1500,988,988,1500,1500,988,1500,1500,1500,1500,1372,1628,1500,1539,1500,2012,1500,1500,1500,1500,1500,1500,1500,2012,8.3
2025-03-03,11:42:18.000,-73,-67,10,3833,7410,40,541,2068,2,137,356,710,0,0,0,-1,-1,-1,0x1002487FD0060415,1514,1567,1536,1500,2012,1501,1568,1500,1500,1500,988,1500,1500,1500,1500,1500,1500,1500,1372,1628,1500,1539,1500,2012,1500,1500,1500,1500,1500,1500,1500,2012,8.3
2025-03-03,11:42:18.500,-71,-68,10,3830,16795,40,541,2069,253,587,356,710,0,0,0,-1,-1,-1,0x1002487FD0060415,1571,1716,1536,1500,2012,1626,1793,1500,1500,1627,988,1500,1500,1586,1500,1500,1500,1500,1372,1628,1500,1539,1500,2012,1500,1500,1500,1500,1500,1500,1500,2012,8.3
2025-03-03,11:42:19.000,-68,-69,10,3825,9792,40,541,2071,1024,-96,356,710,0,0,0,-1,-1,-1,0x1002487FD20E0415,1786,1462,1536,1500,2012,2012,1452,1462,1500,2012,988,1500,1500,2012,1500,1500,1500,1462,1311,2012,1500,1539,1500,2012,1500,1500,1500,1500,1500,1500,1500,2012,8.3
2025-03-03,11:42:19.500,-69,-71,10,3851,1092,40,541,2071,1024,350,356,710,0,0,0,-1,-1,-1,0x1002487FD0060015,1786,1633,1536,1500,2012,2012,1675,1500,1500,2012,988,1500,1500,2012,1500,1500,1500,1500,1372,1628,1500,1539,1500,2012,1500,1500,1500,1500,1500,1500,1500,2012,8.3
2025-03-03,11:42:20.000,-69,-71,10,3856,20022,40,541,2073,888,588,356,710,0,0,0,-1,-1,-1,0x1002487FD0060015,1726,1716,1536,1500,2012,1944,1794,1500,1500,1939,988,1500,1500,1881,1500,1500,1500,1500,1372,1628,1500,1539,1500,2012,1500,1500,1500,1500,1500,1500,1500,2012,8.3
2025-03-03,11:42:20.500,-68,-60,10,3784,28387,40,541,2076,-28,436,356,710,0,0,0,-1,-1,-1,0x1002487FD0060015,1513,1654,1536,1500,2012,1479,1709,1500,1500,1496,988,1500,1500,1497,1500,1500,1500,1500,1372,1628,1500,1539,1500,2012,1500,1500,1500,1500,1500,1500,1500,2012,8.3
2025-03-03,11:42:21.000,-68,-60,10,3777,7742,40,541,2078,-851,210,356,710,0,0,0,-1,-1,-1,0x1002487FD0060815,1282,1589,1536,1500,2012,1075,1605,1500,1500,1075,988,1500,1500,1138,1500,1500,1500,1500,1372,1628,1500,1539,1500,2012,1500,1500,1500,1500,1500,1500,1500,2012,8.3
2025-03-03,11:42:21.500,-59,-50,10,3808,37977,40,541,2082,-647,217,356,710,0,0,0,-1,-1,-1,0x1002487FD0060815,1367,1591,1536,1500,2012,1177,1608,1500,1500,1177,988,1500,1500,1255,1500,1500,1500,1500,1372,1628,1500,1539,1500,2012,1500,1500,1500,1500,1500,1500,1500,2012,8.3
2025-03-03,11:42:22.000,-50,-49,10,3819,5112,41,541,2082,-927,313,356,709,0,0,0,-1,-1,-1,0x1002487FD0060815,1232,1621,1536,1500,2012,1037,1656,1500,1500,1032,988,1500,1500,1069,1500,1500,1500,1500,1372,1628,1500,1539,1500,2012,1500,1500,1500,1500,1500,1500,1500,2012,8.3
2025-03-03,11:42:22.500,-55,-52,10,3828,9600,41,541,2083,-1016,730,356,709,0,0,0,-1,-1,-1,0x1002487FD0060815,1183,1783,1536,1500,2012,992,1865,1500,1500,993,988,1500,1500,997,1500,1500,1500,1500,1372,1628,1500,1539,1500,2012,1500,1500,1500,1500,1500,1500,1500,2012,8.3
2025-03-03,11:42:23.000,-62,-54,10,3827,11825,41,541,2086,-870,582,356,709,0,0,0,-1,-1,-1,0x1002487FD0060815,1272,1714,1536,1500,2012,1065,1791,1500,1500,1065,988,1500,1500,1124,1500,1500,1500,1500,1372,1628,1500,1539,1500,2012,1500,1500,1500,1500,1500,1500,1500,2012,8.3
2025-03-03,11:42:23.500,-58,-81,10,3806,19037,41,541,2088,-282,706,356,710,0,0,0,-1,-1,-1,0x1002487FD0060815,1461,1772,1536,1500,2012,1359,1853,1500,1500,1352,988,1500,1500,1398,1500,1500,1500,1500,1372,1628,1500,1539,1500,2012,1500,1500,1500,1500,1500,1500,1500,2012,8.3
2025-03-03,11:42:24.000,-62,-66,10,3769,48222,40,541,2093,198,505,356,710,0,0,0,-1,-1,-1,0x1002487FD0060015,1559,1686,1536,1500,2012,1599,1752,1500,1500,1599,988,1500,1500,1567,1500,1500,1500,1500,1372,1628,1500,1539,1500,2012,1500,1500,1500,1500,1500,1500,1500,2012,8.3
2025-03-03,11:42:24.500,-56,-61,10,3756,7317,40,541,2096,107,-17,356,709,0,0,0,-1,-1,-1,0x1002487FD0060015,1538,1493,1536,1500,2012,1559,1492,1493,1500,1553,988,1500,1500,1536,1500,1500,1500,1493,1159,1866,1500,1539,1500,2012,1500,1500,1500,1500,1500,1500,1500,2012,8.3
2025-03-03,11:42:25.000,-67,-66,10,3818,3145,40,541,2097,-4,714,356,710,0,0,0,-1,-1,-1,0x1002487FD0060015,1513,1781,1536,1500,2012,1498,1862,1500,1500,1498,988,1500,1500,1499,1500,1500,1500,1500,1372,1628,1500,1539,1500,2012,1500,1500,1500,1500,1500,1500,1500,2012,8.3
2025-03-03,11:42:25.500,-69,-73,10,3819,28612,40,541,2102,178,810,356,709,0,0,0,-1,-1,-1,0x1002487FD0060015,1554,1841,1536,1500,2012,1589,1905,1500,1500,1589,988,1500,1500,1560,1500,1500,1500,1500,1372,1628,1500,1539,1500,2012,1500,1500,1500,1500,1500,1500,1500,2012,8.3
2025-03-03,11:42:26.000,-75,-70,10,3770,25347,40,541,2104,-861,516,356,710,0,0,0,-1,-1,-1,0x1002487FD0060015,1277,1690,1536,1500,2012,1070,1758,1500,1500,1070,988,1500,1500,1132,1500,1500,1500,1500,1372,1628,1500,1539,1500,2012,1500,1500,1500,1500,1500,1500,1500,2012,8.3
2025-03-03,11:42:26.500,-71,-76,10,3803,11905,40,541,2106,-1008,661,356,709,0,0,0,-1,-1,-1,0x1002487FD0060815,1188,1751,1536,1500,2012,996,1830,1500,1500,997,988,1500,1500,1005,1500,1500,1500,1500,1372,1628,1500,1539,1500,2012,1500,1500,1500,1500,1500,1500,1500,2012,8.3
2025-03-03,11:42:27.000,-71,-76,10,3796,47620,40,541,2110,-530,915,356,709,0,0,0,-1,-1,-1,0x1002487FD0062815,1403,1925,1536,1500,2012,1236,1958,1500,1500,1235,988,1500,1500,1308,1500,1500,1500,1500,1372,1628,1500,1539,1500,2012,1500,1500,1500,1500,1500,1500,1500,2012,8.3
2025-03-03,11:42:27.500,-69,-77,10,3673,77705,41,541,2120,179,1024,356,709,0,0,0,-1,-1,-1,0x1002487FD0062415,1554,2012,1536,1500,2012,1589,2012,1500,1500,1589,988,1500,1500,1560,1500,1500,1500,1500,1372,1628,1500,1539,1500,2012,1500,1500,1500,1500,1500,1500,1500,2012,8.3
2025-03-03,11:42:28.000,-70,-77,10,3505,70787,41,541,2129,67,1024,356,709,0,0,0,-1,-1,-1,0x1002487FD0062415,1526,2012,1536,1500,2012,1534,2012,1500,1500,1528,988,1500,1500,1518,1500,1500,1500,1500,1372,1628,1500,1539,1500,2012,1500,1500,1500,1500,1500,1500,1500,2012,8.3
2025-03-03,11:42:28.500,-73,-70,10,3511,57727,42,541,2137,-317,335,356,710,0,0,0,-1,-1,-1,0x1002487FD0060415,1462,1628,1536,1500,2012,1341,1667,1500,1500,1354,988,1500,1500,1400,1500,1500,1500,1500,1372,1628,1500,1539,1500,2012,1500,1500,1500,1500,1500,1500,1500,2012,8.3
2025-03-03,11:42:29.000,-71,-73,10,3603,9050,42,541,2139,-560,233,356,710,0,0,0,-1,-1,-1,0x1002487FD0061C15,1403,1596,1536,1500,2012,1220,1616,1500,1500,1235,988,1500,1500,1308,1500,1500,1500,1500,1372,1628,1500,1539,1500,2012,1500,1500,1500,1500,1500,1500,1500,2012,8.3
2025-03-03,11:42:29.500,-80,-75,10,3796,6420,42,541,2139,-601,519,356,710,0,0,0,-1,-1,-1,0x1002487FD0060C15,1383,1686,1536,1500,2012,1200,1752,1500,1500,1200,988,1500,1500,1277,1500,1500,1500,1500,1372,1628,1500,1539,1500,2012,1500,1500,1500,1500,1500,1500,1500,2012,8.3
2025-03-03,11:42:30.000,-90,-75,10,3803,11880,42,541,2140,-218,446,356,710,0,0,0,-1,-1,-1,0x1002487FD0060C15,1476,1664,1536,1500,2012,1391,1723,1500,1500,1392,988,1500,1500,1427,1500,1500,1500,1500,1372,1628,1500,1539,1500,2012,1500,1500,1500,1500,1500,1500,1500,2012,8.3
2025-03-03,11:42:30.500,-79,-67,10,3804,4440,41,541,2141,-639,588,356,709,0,0,0,-1,-1,-1,0x1002487FD0060C15,1370,1716,1536,1500,2012,1181,1794,1500,1500,1181,988,1500,1500,1258,1500,1500,1500,1500,1372,1628,1500,1539,1500,2012,1500,1500,1500,1500,1500,1500,1500,2012,8.3
2025-03-03,11:42:31.000,-79,-70,10,3804,16547,41,541,2143,-622,704,356,710,0,0,0,-1,-1,-1,0x1002487FD0060C15,1375,1771,1536,1500,2012,1189,1852,1500,1500,1189,988,1500,1500,1266,1500,1500,1500,1500,1372,1628,1500,1539,1500,2012,1500,1500,1500,1500,1500,1500,1500,2012,8.3
2025-03-03,11:42:31.500,-69,-72,10,3782,26952,42,541,2146,-635,242,356,709,0,0,0,-1,-1,-1,0x1002487FD0060815,1371,1599,1536,1500,2012,1183,1621,1500,1500,1183,988,1500,1500,1260,1500,1500,1500,1500,1372,1628,1500,1539,1500,2012,1500,1500,1500,1500,1500,1500,1500,2012,8.3
2025-03-03,11:42:32.000,-79,-68,10,3762,22582,42,541,2149,-154,370,356,710,0,0,0,-1,-1,-1,0x1002487FD0060815,1444,1639,1536,1500,2012,1423,1685,1500,1500,1311,988,1500,1500,1369,1500,1500,1500,1500,1372,1628,1500,1539,1500,2012,1500,1500,1500,1500,1500,1500,1500,2012,8.3
2025-03-03,11:42:32.500,-56,-74,10,3786,2445,42,541,2149,-876,62,356,710,0,0,0,-1,-1,-1,0x1002487FD0060815,1270,1538,1536,1500,2012,1062,1531,1500,1500,1063,988,1500,1500,1121,1500,1500,1500,1500,1104,1935,1500,1539,1500,2012,1500,1500,1500,1500,1500,1500,1500,2012,8.3
2025-03-03,11:42:33.000,-56,-63,10,3825,6967,42,541,2150,-744,670,356,709,0,0,0,-1,-1,-1,0x1002487FD0060815,1313,1755,1536,1500,2012,1128,1835,1500,1500,1108,988,1500,1500,1181,1500,1500,1500,1500,1372,1628,1500,1539,1500,2012,1500,1500,1500,1500,1500,1500,1500,2012,8.3
2025-03-03,11:42:33.500,-55,-68,10,3817,20380,42,541,2152,-537,574,356,710,0,0,0,-1,-1,-1,0x1002487FD0060815,1405,1711,1536,1500,2012,1232,1787,1500,1500,1238,988,1500,1500,1311,1500,1500,1500,1500,1372,1628,1500,1539,1500,2012,1500,1500,1500,1500,1500,1500,1500,2012,8.3
2025-03-03,11:42:34.000,-72,-71,10,3788,9262,42,541,2154,-708,422,356,710,0,0,0,-1,-1,-1,0x1002487FD0060815,1345,1656,1536,1500,2012,1146,1716,1500,1500,1147,988,1500,1500,1224,1500,1500,1500,1500,1372,1628,1500,1539,1500,2012,1500,1500,1500,1500,1500,1500,1500,2012,8.3
2025-03-03,11:42:34.500,-70,-72,10,3798,21025,42,541,2155,-536,547,356,710,0,0,0,-1,-1,-1,0x1002487FD0060815,1402,1701,1536,1500,2012,1232,1773,1500,1500,1232,988,1500,1500,1306,1500,1500,1500,1500,1372,1628,1500,1539,1500,2012,1500,1500,1500,1500,1500,1500,1500,2012,8.3
2025-03-03,11:42:35.000,-70,-72,10,3796,11217,42,541,2157,-869,131,356,710,0,0,0,-1,-1,-1,0x1002487FD0060815,1273,1565,1536,1500,2012,1066,1565,1500,1500,1066,988,1500,1500,1125,1500,1500,1500,1500,1372,1628,1500,1539,1500,2012,1500,1500,1500,1500,1500,1500,1500,2012,8.3
2025-03-03,11:42:35.500,-84,-76,10,3794,27002,42,541,2158,-515,739,356,710,0,0,0,-1,-1,-1,0x1002487FD0060815,1407,1787,1536,1500,2012,1243,1869,1500,1500,1243,988,1500,1500,1314,1500,1500,1500,1500,1372,1628,1500,1539,1500,2012,1500,1500,1500,1500,1500,1500,1500,2012,8.3
2025-03-03,11:42:36.000,-72,-71,10,3785,11545,42,541,2162,977,-240,356,709,0,0,0,-1,-1,-1,0x1002487FD20E0015,1746,1410,1536,1500,2012,1988,1380,1410,1500,1970,988,1500,1500,1934,1500,1500,1500,1416,1161,2012,1500,1539,1500,2012,1500,1500,1500,1500,1500,1500,1500,2012,8.3
2025-03-03,11:42:36.500,-66,-76,10,3817,5122,42,541,2162,885,448,356,710,0,0,0,-1,-1,-1,0x1002487FD0060015,1727,1665,1536,1500,2012,1942,1724,1500,1500,1942,988,1500,1500,1886,1500,1500,1500,1500,1372,1628,1500,1539,1500,2012,1500,1500,1500,1500,1500,1500,1500,2012,8.3
2025-03-03,11:42:37.000,-71,-72,10,3828,19130,42,541,2164,919,660,356,710,0,0,0,-1,-1,-1,0x1002487FD0060015,1739,1750,1536,1500,2012,1954,1830,1500,1500,1960,988,1500,1500,1916,1500,1500,1500,1500,1372,1628,1500,1539,1500,2012,1500,1500,1500,1500,1500,1500,1500,2012,8.3
2025-03-03,11:42:37.500,-66,-75,10,3764,32862,42,541,2168,1022,337,356,709,0,0,0,-1,-1,-1,0x1002487FD0060015,1784,1629,1536,1500,2012,2011,1668,1500,1500,2011,988,1500,1500,2009,1500,1500,1500,1500,1372,1628,1500,1539,1500,2012,1500,1500,1500,1500,1500,1500,1500,2012,8.3
2025-03-03,11:42:38.000,-59,-75,10,3738,15657,43,541,2171,915,635,356,709,0,0,0,-1,-1,-1,0x1002487FD0060015,1738,1734,1536,1500,2012,1952,1812,1500,1500,1958,988,1500,1500,1912,1500,1500,1500,1500,1372,1628,1500,1539,1500,2012,1500,1500,1500,1500,1500,1500,1500,2012,8.3
2025-03-03,11:42:38.500,-62,-65,10,3766,13725,43,541,2172,781,553,356,710,0,0,0,-1,-1,-1,0x1002487FD0060015,1698,1703,1536,1500,2012,1890,1776,1500,1500,1891,988,1500,1500,1818,1500,1500,1500,1500,1372,1628,1500,1539,1500,2012,1500,1500,1500,1500,1500,1500,1500,2012,8.3
2025-03-03,11:42:39.000,-67,-69,10,3773,18787,43,541,2175,230,815,356,709,0,0,0,-1,-1,-1,0x1002487FD0060015,1567,1845,1536,1500,2012,1615,1907,1500,1500,1616,988,1500,1500,1579,1500,1500,1500,1500,1372,1628,1500,1539,1500,2012,1500,1500,1500,1500,1500,1500,1500,2012,8.3
2025-03-03,11:42:39.500,-69,-72,10,3759,76310,42,541,2182,47,-12,356,710,0,0,0,-1,-1,-1,0x1002487FD0060015,1525,1496,1536,1500,2012,1523,1494,1496,1500,1524,988,1500,1500,1516,1500,1500,1500,1496,1132,1901,1500,1539,1500,2012,1500,1500,1500,1500,1500,1500,1500,2012,8.3
2025-03-03,11:42:40.000,-61,-63,10,3786,15982,42,541,2182,-2,977,356,709,0,0,0,-1,-1,-1,0x1002487FD0062015,1514,1974,1536,1500,2012,1499,1988,1500,1500,1499,988,1500,1500,1499,1500,1500,1500,1500,1372,1628,1500,1539,1500,2012,1500,1500,1500,1500,1500,1500,1500,2012,8.3
2025-03-03,11:42:40.500,-71,-63,10,3801,40992,42,541,2188,384,557,356,710,0,0,0,-1,-1,-1,0x1002487FD0060015,1600,1705,1536,1500,2012,1692,1778,1500,1500,1691,988,1500,1500,1633,1500,1500,1500,1500,1372,1628,1500,1539,1500,2012,1500,1500,1500,1500,1500,1500,1500,2012,8.3
2025-03-03,11:42:41.000,-70,-69,10,3762,16977,42,541,2192,224,-15,356,710,0,0,0,-1,-1,-1,0x1002487FD0060015,1564,1494,1536,1500,2012,1612,1493,1495,1500,1612,988,1500,1500,1576,1500,1500,1500,1494,1060,2012,1500,1539,1500,2012,1500,1500,1500,1500,1500,1500,1500,2012,8.3
2025-03-03,11:42:41.500,-63,-64,10,3792,4305,42,541,2192,708,-490,356,710,0,0,0,-1,-1,-1,0x1002487FD20E0015,1673,1333,1536,1500,2012,1854,1255,1333,1500,1848,988,1500,1500,1770,1500,1500,1500,1333,1243,2012,1500,1539,1500,2012,1500,1500,1500,1500,1500,1500,1500,2012,8.3
2025-03-03,11:42:42.000,-66,-57,10,3825,4075,42,541,2192,444,682,356,710,0,0,0,-1,-1,-1,0x1002487FD0060015,1606,1760,1536,1500,2012,1722,1841,1500,1500,1708,988,1500,1500,1646,1500,1500,1500,1500,1372,1628,1500,1539,1500,2012,1500,1500,1500,1500,1500,1500,1500,2012,8.3
2025-03-03,11:42:42.500,-70,-66,10,3821,28320,42,541,2196,528,620,356,709,0,0,0,-1,-1,-1,0x1002487FD0060015,1628,1731,1536,1500,2012,1764,1810,1500,1500,1758,988,1500,1500,1686,1500,1500,1500,1500,1372,1628,1500,1539,1500,2012,1500,1500,1500,1500,1500,1500,1500,2012,8.3
2025-03-03,11:42:43.000,-68,-60,10,3779,11730,43,541,2197,2,456,356,709,0,0,0,-1,-1,-1,0x1002487FD0060015,1517,1668,1536,1500,2012,1501,1728,1500,1500,1507,988,1500,1500,1504,1500,1500,1500,1500,1372,1628,1500,1539,1500,2012,1500,1500,1500,1500,1500,1500,1500,2012,8.3
2025-03-03,11:42:43.500,-64,-59,10,3798,7190,42,541,2198,263,-71,356,710,0,0,0,-1,-1,-1,0x1002487FD2060015,1568,1472,1536,1500,2012,1631,1465,1472,1500,1620,988,1500,1500,1581,1500,1500,1500,1467,1246,1764,1500,1539,1500,2012,1500,1500,1500,1500,1500,1500,1500,2012,8.3
2025-03-03,11:42:44.000,-64,-59,10,3823,602,43,541,2198,1024,258,356,709,0,0,0,-1,-1,-1,0x1002487FD0060015,1786,1604,1536,1500,2012,2012,1629,1500,1500,2012,988,1500,1500,2012,1500,1500,1500,1500,1372,1628,1500,1539,1500,2012,1500,1500,1500,1500,1500,1500,1500,2012,8.3
2025-03-03,11:42:44.500,-70,-75,10,3835,3050,43,541,2198,1024,281,356,710,0,0,0,-1,-1,-1,0x1002487FD0060015,1786,1611,1536,1500,2012,2012,1640,1500,1500,2012,988,1500,1500,2012,1500,1500,1500,1500,1372,1628,1500,1539,1500,2012,1500,1500,1500,1500,1500,1500,1500,2012,8.3
2025-03-03,11:42:45.000,-71,-66,10,3828,14335,42,541,2199,102,579,356,709,0,0,0,-1,-1,-1,0x1002487FD0060015,1545,1713,1536,1500,2012,1551,1789,1500,1500,1568,988,1500,1500,1546,1500,1500,1500,1500,1372,1628,1500,1539,1500,2012,1500,1500,1500,1500,1500,1500,1500,2012,8.3
2025-03-03,11:42:45.500,-67,-75,10,3801,15997,42,541,2202,-315,600,356,710,0,0,0,-1,-1,-1,0x1002487FD0060015,1457,1722,1536,1500,2012,1342,1801,1500,1500,1343,988,1500,1500,1392,1500,1500,1500,1500,1372,1628,1500,1539,1500,2012,1500,1500,1500,1500,1500,1500,1500,2012,8.3
2025-03-03,11:42:46.000,-70,-72,10,3775,27855,42,541,2204,-221,555,356,710,0,0,0,-1,-1,-1,0x1002487FD0060015,1478,1704,1536,1500,2012,1390,1777,1500,1500,1398,988,1500,1500,1431,1500,1500,1500,1500,1372,1628,1500,1539,1500,2012,1500,1500,1500,1500,1500,1500,1500,2012,8.3
2025-03-03,11:42:46.500,-69,-80,10,3789,10670,42,541,2206,-576,202,356,710,0,0,0,-1,-1,-1,0x1002487FD0060815,1390,1587,1536,1500,2012,1213,1601,1500,1500,1212,988,1500,1500,1288,1500,1500,1500,1500,1372,1628,1500,1539,1500,2012,1500,1500,1500,1500,1500,1500,1500,2012,8.3
2025-03-03,11:42:47.000,-71,-69,10,3804,10277,42,541,2207,-703,441,356,710,0,0,0,-1,-1,-1,0x1002487FD0060815,1346,1662,1536,1500,2012,1149,1720,1500,1500,1149,988,1500,1500,1226,1500,1500,1500,1500,1372,1628,1500,1539,1500,2012,1500,1500,1500,1500,1500,1500,1500,2012,8.3
2025-03-03,11:42:47.500,-73,-66,10,3789,34885,42,541,2211,-864,156,356,709,0,0,0,-1,-1,-1,0x1002487FD0060815,1276,1573,1536,1500,2012,1063,1578,1500,1500,1069,988,1500,1500,1130,1500,1500,1500,1500,1372,1628,1500,1539,1500,2012,1500,1500,1500,1500,1500,1500,1500,2012,8.3
2025-03-03,11:42:48.000,-74,-84,10,3778,7035,42,541,2212,-924,291,356,710,0,0,0,-1,-1,-1,0x1002487FD0060815,1242,1614,1536,1500,2012,1038,1645,1500,1500,1039,988,1500,1500,1082,1500,1500,1500,1500,1372,1628,1500,1539,1500,2012,1500,1500,1500,1500,1500,1500,1500,2012,8.3
2025-03-03,11:42:48.500,-74,-76,10,3796,15140,42,541,2214,-1024,605,356,710,0,0,0,-1,-1,-1,0x1002487FD0060815,1177,1724,1536,1500,2012,988,1803,1500,1500,988,988,1500,1500,988,1500,1500,1500,1500,1372,1628,1500,1539,1500,2012,1500,1500,1500,1500,1500,1500,1500,2012,8.3
2025-03-03,11:42:49.000,-73,-76,10,3777,37632,42,541,2219,-449,1000,356,709,0,0,0,-1,-1,-1,0x1002487FD0062815,1422,1992,1536,1500,2012,1276,2000,1500,1500,1269,988,1500,1500,1336,1500,1500,1500,1500,1372,1628,1500,1539,1500,2012,1500,1500,1500,1500,1500,1500,1500,2012,8.3
2025-03-03,11:42:49.500,-62,-64,10,3750,15647,42,541,2220,614,700,356,709,0,0,0,-1,-1,-1,0x1002487FD0060015,1641,1769,1536,1500,2012,1807,1850,1500,1500,1786,988,1500,1500,1711,1500,1500,1500,1500,1372,1628,1500,1539,1500,2012,1500,1500,1500,1500,1500,1500,1500,2012,8.3
2025-03-03,11:42:50.000,-66,-69,10,3802,2552,43,541,2221,1024,252,356,709,0,0,0,-1,-1,-1,0x1002487FD0060015,1786,1602,1536,1500,2012,2012,1626,1500,1500,2012,988,1500,1500,2012,1500,1500,1500,1500,1372,1628,1500,1539,1500,2012,1500,1500,1500,1500,1500,1500,1500,2012,8.3
2025-03-03,11:42:50.500,-66,-69,10,3827,5252,43,541,2222,938,370,356,709,0,0,0,-1,-1,-1,0x1002487FD0060015,1745,1639,1536,1500,2012,1969,1685,1500,1500,1969,988,1500,1500,1931,1500,1500,1500,1500,1372,1628,1500,1539,1500,2012,1500,1500,1500,1500,1500,1500,1500,2012,8.3
2025-03-03,11:42:51.000,-68,-71,10,3816,13300,43,541,2223,482,590,356,710,0,0,0,-1,-1,-1,0x1002487FD0060015,1620,1717,1536,1500,2012,1741,1795,1500,1500,1741,988,1500,1500,1672,1500,1500,1500,1500,1372,1628,1500,1539,1500,2012,1500,1500,1500,1500,1500,1500,1500,2012,8.3
2025-03-03,11:42:51.500,-59,-71,10,3784,33142,44,541,2228,-2,695,356,709,0,0,0,-1,-1,-1,0x1002487FD0060015,1514,1767,1536,1500,2012,1499,1847,1500,1500,1499,988,1500,1500,1499,1500,1500,1500,1500,1372,1628,1500,1539,1500,2012,1500,1500,1500,1500,1500,1500,1500,2012,8.3
2025-03-03,11:42:52.000,-66,-72,10,3746,22630,43,541,2230,-377,536,356,710,0,0,0,-1,-1,-1,0x1002487FD0060015,1444,1697,1536,1500,2012,1312,1768,1500,1500,1312,988,1500,1500,1369,1500,1500,1500,1500,1372,1628,1500,1539,1500,2012,1500,1500,1500,1500,1500,1500,1500,2012,8.3
2025-03-03,11:42:52.500,-65,-64,10,3770,33965,42,541,2234,1,348,356,709,0,0,0,-1,-1,-1,0x1002487FD0060015,1514,1632,1536,1500,2012,1500,1674,1500,1500,1500,988,1500,1500,1500,1500,1500,1500,1500,1372,1628,1500,1539,1500,2012,1500,1500,1500,1500,1500,1500,1500,2012,8.3
2025-03-03,11:42:53.000,-65,-69,10,3773,5277,43,541,2236,-1024,32,356,710,0,0,0,-1,-1,-1,0x1002487FD0060015,1177,1519,1536,1500,2012,988,1516,1500,1500,988,988,1500,1500,988,1500,1500,1500,1500,1311,2012,1500,1539,1500,2012,1500,1500,1500,1500,1500,1500,1500,2012,8.3
2025-03-03,11:42:53.500,-67,-69,10,3824,457,43,541,2236,-1024,262,356,710,0,0,0,-1,-1,-1,0x1002487FD0060815,1177,1605,1536,1500,2012,988,1631,1500,1500,988,988,1500,1500,988,1500,1500,1500,1500,1372,1628,1500,1539,1500,2012,1500,1500,1500,1500,1500,1500,1500,2012,8.3
2025-03-03,11:42:54.000,-63,-65,10,3834,6257,43,541,2236,-1024,422,356,710,0,0,0,-1,-1,-1,0x1002487FD0060815,1177,1656,1536,1500,2012,988,1711,1500,1500,988,988,1500,1500,988,1500,1500,1500,1500,1372,1628,1500,1539,1500,2012,1500,1500,1500,1500,1500,1500,1500,2012,8.3
2025-03-03,11:42:54.500,-68,-79,10,3806,27350,43,541,2239,-825,719,356,709,0,0,0,-1,-1,-1,0x1002487FD0060815,1296,1778,1536,1500,2012,1088,1859,1500,1500,1088,988,1500,1500,1156,1500,1500,1500,1500,1372,1628,1500,1539,1500,2012,1500,1500,1500,1500,1500,1500,1500,2012,8.3
2025-03-03,11:42:55.000,-75,-67,10,3736,30185,43,541,2243,-761,760,356,710,0,0,0,-1,-1,-1,0x1002487FD0060815,1323,1801,1536,1500,2012,1120,1880,1500,1500,1120,988,1500,1500,1194,1500,1500,1500,1500,1372,1628,1500,1539,1500,2012,1500,1500,1500,1500,1500,1500,1500,2012,8.3
2025-03-03,11:42:55.500,-75,-63,10,3692,55820,43,541,2249,-296,1024,356,709,0,0,0,-1,-1,-1,0x1002487FD0062815,1458,2012,1536,1500,2012,1352,2012,1500,1500,1346,988,1500,1500,1394,1500,1500,1500,1500,1372,1628,1500,1539,1500,2012,1500,1500,1500,1500,1500,1500,1500,2012,8.3
2025-03-03,11:42:56.000,-75,-61,10,3616,60465,43,541,2256,-34,-31,356,710,0,0,0,-1,-1,-1,0x1002487FD0060415,1508,1488,1536,1500,2012,1483,1485,1488,1500,1484,988,1500,1500,1489,1500,1500,1500,1488,1277,1730,1500,1539,1500,2012,1500,1500,1500,1500,1500,1500,1500,2012,8.3
2025-03-03,11:42:56.500,-59,-49,10,3683,2285,44,541,2257,-976,-15,356,710,0,0,0,-1,-1,-1,0x1002487FD0061C15,1208,1494,1536,1500,2012,1012,1493,1495,1500,1012,988,1500,1500,1034,1500,1500,1500,1494,1372,2012,1500,1539,1500,2012,1500,1500,1500,1500,1500,1500,1500,2012,8.3
2025-03-03,11:42:57.000,-40,-48,10,3820,1595,44,541,2257,-1024,350,356,710,0,0,0,-1,-1,-1,0x1002487FD0061C15,1177,1633,1536,1500,2012,988,1675,1500,1500,988,988,1500,1500,988,1500,1500,1500,1500,1372,1628,1500,1539,1500,2012,1500,1500,1500,1500,1500,1500,1500,2012,8.3
2025-03-03,11:42:57.500,-47,-43,10,3820,4892,43,541,2258,-493,460,356,710,0,0,0,-1,-1,-1,0x1002487FD0060C15,1410,1669,1536,1500,2012,1254,1730,1500,1500,1248,988,1500,1500,1319,1500,1500,1500,1500,1372,1628,1500,1539,1500,2012,1500,1500,1500,1500,1500,1500,1500,2012,8.3
2025-03-03,11:42:58.000,-69,-56,10,3809,12495,43,541,2259,308,764,356,710,0,0,0,-1,-1,-1,0x1002487FD0060415,1581,1804,1536,1500,2012,1654,1882,1500,1500,1648,988,1500,1500,1602,1500,1500,1500,1500,1372,1628,1500,1539,1500,2012,1500,1500,1500,1500,1500,1500,1500,2012,8.3
2025-03-03,11:42:58.500,-68,-65,10,3794,1787,43,541,2261,334,-9,356,709,0,0,0,-1,-1,-1,0x1002487FD0060415,1587,1497,1536,1500,2012,1667,1496,1497,1500,1659,988,1500,1500,1609,1500,1500,1500,1497,1372,2012,1500,1539,1500,2012,1500,1500,1500,1500,1500,1500,1500,2012,8.3
2025-03-03,11:42:59.000,-80,-68,10,3827,792,43,541,2261,1024,24,356,709,0,0,0,-1,-1,-1,0x1002487FD0060415,1786,1514,1536,1500,2012,2012,1512,1500,1500,2012,988,1500,1500,2012,1500,1500,1500,1500,1372,2012,1500,1539,1500,2012,1500,1500,1500,1500,1500,1500,1500,2012,8.3
2025-03-03,11:42:59.500,-68,-67,10,3831,4890,43,541,2262,1024,337,356,709,0,0,0,-1,-1,-1,0x1002487FD0060415,1786,1629,1536,1500,2012,2012,1668,1500,1500,2012,988,1500,1500,2012,1500,1500,1500,1500,1372,1628,1500,1539,1500,2012,1500,1500,1500,1500,1500,1500,1500,2012,8.3
2025-03-03,11:43:00.000,-72,-66,10,3821,11175,43,541,2262,738,357,356,710,0,0,0,-1,-1,-1,0x1002487FD0060015,1673,1635,1536,1500,2012,1869,1678,1500,1500,1848,988,1500,1500,1770,1500,1500,1500,1500,1372,1628,1500,1539,1500,2012,1500,1500,1500,1500,1500,1500,1500,2012,8.3
2025-03-03,11:43:00.500,-72,-59,10,3806,11597,43,541,2264,-149,656,356,710,0,0,0,-1,-1,-1,0x1002487FD0060015,1490,1748,1536,1500,2012,1426,1828,1500,1500,1432,988,1500,1500,1454,1500,1500,1500,1500,1372,1628,1500,1539,1500,2012,1500,1500,1500,1500,1500,1500,1500,2012,8.3
2025-03-03,11:43:01.000,-72,-56,10,3783,25785,43,541,2267,-564,608,356,710,0,0,0,-1,-1,-1,0x1002487FD0060815,1394,1726,1536,1500,2012,1218,1804,1500,1500,1218,988,1500,1500,1293,1500,1500,1500,1500,1372,1628,1500,1539,1500,2012,1500,1500,1500,1500,1500,1500,1500,2012,8.3
2025-03-03,11:43:01.500,-72,-50,10,3761,10930,43,541,2269,-931,447,356,710,0,0,0,-1,-1,-1,0x1002487FD0060815,1236,1664,1536,1500,2012,1035,1723,1500,1500,1035,988,1500,1500,1075,1500,1500,1500,1500,1372,1628,1500,1539,1500,2012,1500,1500,1500,1500,1500,1500,1500,2012,8.3
2025-03-03,11:43:02.000,-72,-52,10,3792,12270,43,541,2270,-811,288,356,709,0,0,0,-1,-1,-1,0x1002487FD0060815,1301,1613,1536,1500,2012,1095,1644,1500,1500,1095,988,1500,1500,1165,1500,1500,1500,1500,1372,1628,1500,1539,1500,2012,1500,1500,1500,1500,1500,1500,1500,2012,8.3
2025-03-03,11:43:02.500,-72,-51,10,3794,11467,44,541,2272,-817,618,356,709,0,0,0,-1,-1,-1,0x1002487FD0060815,1304,1730,1536,1500,2012,1092,1809,1500,1500,1098,988,1500,1500,1168,1500,1500,1500,1500,1372,1628,1500,1539,1500,2012,1500,1500,1500,1500,1500,1500,1500,2012,8.3
2025-03-03,11:43:03.000,-57,-55,10,3787,11132,44,541,2273,-962,450,356,710,0,0,0,-1,-1,-1,0x1002487FD0060815,1216,1666,1536,1500,2012,1019,1725,1500,1500,1019,988,1500,1500,1047,1500,1500,1500,1500,1372,1628,1500,1539,1500,2012,1500,1500,1500,1500,1500,1500,1500,2012,8.3
2025-03-03,11:43:03.500,-64,-65,10,3791,11400,44,541,2275,-491,706,356,709,0,0,0,-1,-1,-1,0x1002487FD0060815,1413,1772,1536,1500,2012,1255,1853,1500,1500,1254,988,1500,1500,1324,1500,1500,1500,1500,1372,1628,1500,1539,1500,2012,1500,1500,1500,1500,1500,1500,1500,2012,8.3
2025-03-03,11:43:04.000,-67,-64,10,3785,42237,44,541,2280,-2,807,356,709,0,0,0,-1,-1,-1,0x1002487FD0060015,1514,1838,1536,1500,2012,1499,1903,1500,1500,1500,988,1500,1500,1500,1500,1500,1500,1500,1372,1628,1500,1539,1500,2012,1500,1500,1500,1500,1500,1500,1500,2012,8.3
2025-03-03,11:43:04.500,-67,-62,10,3715,34027,44,541,2284,3,1024,356,709,0,0,0,-1,-1,-1,0x1002487FD0062015,1515,2012,1536,1500,2012,1501,2012,1500,1500,1501,988,1500,1500,1501,1500,1500,1500,1500,1372,1628,1500,1539,1500,2012,1500,1500,1500,1500,1500,1500,1500,2012,8.3
2025-03-03,11:43:05.000,-67,-57,10,3765,11085,44,541,2286,242,511,356,710,0,0,0,-1,-1,-1,0x1002487FD0060015,1572,1688,1536,1500,2012,1621,1755,1500,1500,1627,988,1500,1500,1587,1500,1500,1500,1500,1372,1628,1500,1539,1500,2012,1500,1500,1500,1500,1500,1500,1500,2012,8.3
2025-03-03,11:43:05.500,-67,-68,10,3808,24040,44,541,2288,22,564,356,710,0,0,0,-1,-1,-1,0x1002487FD0060015,1519,1707,1536,1500,2012,1511,1782,1500,1500,1511,988,1500,1500,1507,1500,1500,1500,1500,1372,1628,1500,1539,1500,2012,1500,1500,1500,1500,1500,1500,1500,2012,8.3
2025-03-03,11:43:06.000,-74,-73,10,3781,48867,44,541,2293,91,434,356,710,0,0,0,-1,-1,-1,0x1002487FD0060015,1534,1660,1536,1500,2012,1545,1717,1500,1500,1545,988,1500,1500,1530,1500,1500,1500,1500,1372,1628,1500,1539,1500,2012,1500,1500,1500,1500,1500,1500,1500,2012,8.3
2025-03-03,11:43:06.500,-74,-74,10,3744,19782,44,541,2295,-848,394,356,710,0,0,0,-1,-1,-1,0x1002487FD0060815,1284,1647,1536,1500,2012,1076,1697,1500,1500,1076,988,1500,1500,1141,1500,1500,1500,1500,1372,1628,1500,1539,1500,2012,1500,1500,1500,1500,1500,1500,1500,2012,8.3
2025-03-03,11:43:07.000,-71,-70,10,3800,6522,44,541,2296,-943,541,356,710,0,0,0,-1,-1,-1,0x1002487FD0060815,1228,1699,1536,1500,2012,1029,1770,1500,1500,1028,988,1500,1500,1063,1500,1500,1500,1500,1372,1628,1500,1539,1500,2012,1500,1500,1500,1500,1500,1500,1500,2012,8.3
2025-03-03,11:43:07.500,-73,-72,10,3796,23930,44,541,2299,-568,756,356,709,0,0,0,-1,-1,-1,0x1002487FD0060815,1392,1798,1536,1500,2012,1216,1878,1500,1500,1216,988,1500,1500,1292,1500,1500,1500,1500,1372,1628,1500,1539,1500,2012,1500,1500,1500,1500,1500,1500,1500,2012,8.3
2025-03-03,11:43:08.000,-68,-72,10,3698,82010,44,541,2309,-139,1024,356,709,0,0,0,-1,-1,-1,0x1002487FD0063415,1490,2012,1536,1500,2012,1431,2012,1500,1500,1431,988,1500,1500,1454,1500,1500,1500,1500,1372,1628,1500,1539,1500,2012,1500,1500,1500,1500,1500,1500,1500,2012,8.3
2025-03-03,11:43:08.500,-71,-71,10,3492,76067,44,541,2319,-244,1024,356,710,0,0,0,-1,-1,-1,0x1002487FD0063C15,1471,2012,1536,1500,2012,1378,2012,1500,1500,1379,988,1500,1500,1417,1500,1500,1500,1500,1372,1628,1500,1539,1500,2012,1500,1500,1500,1500,1500,1500,1500,2012,8.3
2025-03-03,11:43:09.000,-71,-74,10,3488,46850,44,541,2326,-2,775,356,709,0,0,0,-1,-1,-1,0x1002487FD0060415,1514,1813,1536,1500,2012,1499,1887,1500,1500,1499,988,1500,1500,1499,1500,1500,1500,1500,1372,1628,1500,1539,1500,2012,1500,1500,1500,1500,1500,1500,1500,2012,8.3
2025-03-03,11:43:09.500,-74,-77,10,3647,4950,44,541,2327,-388,324,356,710,0,0,0,-1,-1,-1,0x1002487FD0061C15,1453,1625,1536,1500,2012,1306,1662,1500,1500,1332,988,1500,1500,1384,1500,1500,1500,1500,1372,1628,1500,1539,1500,2012,1500,1500,1500,1500,1500,1500,1500,2012,8.3
2025-03-03,11:43:10.000,-72,-81,10,3783,3332,45,541,2327,-884,236,356,710,0,0,0,-1,-1,-1,0x1002487FD0061C15,1265,1597,1536,1500,2012,1058,1618,1500,1500,1059,988,1500,1500,1115,1500,1500,1500,1500,1372,1628,1500,1539,1500,2012,1500,1500,1500,1500,1500,1500,1500,2012,8.3
2025-03-03,11:43:10.520,-74,-76,10,3791,8567,45,541,2328,-843,622,356,709,0,0,0,-1,-1,-1,0x1002487FD0060C15,1239,1732,1536,1500,2012,1079,1811,1500,1500,1079,988,1500,1500,1079,1500,1500,1500,1500,1372,1628,1500,1539,1500,2012,1500,1500,1500,1500,1500,1500,1500,2012,8.3
2025-03-03,11:43:11.000,-74,-72,10,3781,12210,45,541,2330,-683,667,356,709,0,0,0,-1,-1,-1,0x1002487FD0060C15,1354,1746,1536,1500,2012,1159,1826,1500,1500,1159,988,1500,1500,1237,1500,1500,1500,1500,1372,1628,1500,1539,1500,2012,1500,1500,1500,1500,1500,1500,1500,2012,8.3
2025-03-03,11:43:11.500,-71,-70,10,3763,19465,45,541,2332,-163,430,356,710,0,0,0,-1,-1,-1,0x1002487FD0060C15,1486,1693,1536,1500,2012,1425,1762,1500,1500,1418,988,1500,1500,1445,1500,1500,1500,1500,1372,1628,1500,1539,1500,2012,1500,1500,1500,1500,1500,1500,1500,2012,8.3
2025-03-03,11:43:12.000,-69,-72,10,3758,11225,45,541,2334,-722,622,356,709,0,0,0,-1,-1,-1,0x1002487FD0061815,1339,1733,1536,1500,2012,1133,1811,1500,1500,1140,988,1500,1500,1217,1500,1500,1500,1500,1372,1628,1500,1539,1500,2012,1500,1500,1500,1500,1500,1500,1500,2012,8.3
2025-03-03,11:43:12.500,-62,-63,10,3757,38252,45,541,2336,-284,334,356,710,0,0,0,-1,-1,-1,0x1002487FD0060815,1463,1622,1536,1500,2012,1364,1657,1500,1500,1358,988,1500,1500,1403,1500,1500,1500,1500,1372,1628,1500,1539,1500,2012,1500,1500,1500,1500,1500,1500,1500,2012,8.3
2025-03-03,11:43:13.000,-58,-75,10,3760,747,45,541,2338,-737,260,356,710,0,0,0,-1,-1,-1,0x1002487FD0060815,1328,1604,1536,1500,2012,1132,1630,1500,1500,1126,988,1500,1500,1201,1500,1500,1500,1500,1372,1628,1500,1539,1500,2012,1500,1500,1500,1500,1500,1500,1500,2012,8.3
2025-03-03,11:43:13.500,-57,-65,10,3804,7822,45,541,2338,-914,549,356,710,0,0,0,-1,-1,-1,0x1002487FD0060815,1247,1702,1536,1500,2012,1043,1774,1500,1500,1044,988,1500,1500,1090,1500,1500,1500,1500,1372,1628,1500,1539,1500,2012,1500,1500,1500,1500,1500,1500,1500,2012,8.3
2025-03-03,11:43:14.000,-62,-77,10,3792,17587,45,541,2341,-610,-15,356,710,0,0,0,-1,-1,-1,0x1002487FD0060815,1380,1494,1536,1500,2012,1195,1493,1495,1500,1195,988,1500,1500,1273,1500,1500,1500,1494,1277,1730,1500,1539,1500,2012,1500,1500,1500,1500,1500,1500,1500,2012,8.3
2025-03-03,11:43:14.500,-68,-69,10,3787,1067,45,541,2341,-767,262,356,710,0,0,0,-1,-1,-1,0x1002487FD0060815,1320,1605,1536,1500,2012,1117,1631,1500,1500,1116,988,1500,1500,1191,1500,1500,1500,1500,1372,1628,1500,1539,1500,2012,1500,1500,1500,1500,1500,1500,1500,2012,8.3
2025-03-03,11:43:15.000,-74,-72,10,3811,6280,44,541,2342,-545,603,356,710,0,0,0,-1,-1,-1,0x1002487FD0060815,1399,1723,1536,1500,2012,1228,1801,1500,1500,1228,988,1500,1500,1302,1500,1500,1500,1500,1372,1628,1500,1539,1500,2012,1500,1500,1500,1500,1500,1500,1500,2012,8.3
2025-03-03,11:43:15.500,-74,-73,10,3794,18757,44,541,2344,-622,43,356,710,0,0,0,-1,-1,-1,0x1002487FD0060815,1376,1526,1536,1500,2012,1189,1521,1500,1500,1189,988,1500,1500,1267,1500,1500,1500,1500,1340,1662,1500,1539,1500,2012,1500,1500,1500,1500,1500,1500,1500,2012,8.3
2025-03-03,11:43:16.000,-70,-72,10,3778,18087,44,541,2346,-917,602,356,709,0,0,0,-1,-1,-1,0x1002487FD0060815,1245,1723,1536,1500,2012,1042,1801,1500,1500,1042,988,1500,1500,1087,1500,1500,1500,1500,1372,1628,1500,1539,1500,2012,1500,1500,1500,1500,1500,1500,1500,2012,8.3
2025-03-03,11:43:16.500,-75,-81,10,3779,11140,44,541,2348,260,-915,356,709,0,0,0,-1,-1,-1,0x1002487FD20E0015,1565,1090,1536,1500,2012,1630,1043,1500,1091,1614,988,1500,1500,1577,1500,1500,1500,1090,1105,2012,1500,1539,1500,2012,1500,1500,1500,1500,1500,1500,1500,2012,8.3
2025-03-03,11:43:17.000,-76,-72,10,3795,442,45,541,2348,1024,141,356,709,0,0,0,-1,-1,-1,0x1002487FD0060015,1786,1568,1536,1500,2012,2012,1570,1500,1500,2012,988,1500,1500,2012,1500,1500,1500,1500,1372,1628,1500,1539,1500,2012,1500,1500,1500,1500,1500,1500,1500,2012,8.3
2025-03-03,11:43:17.500,-76,-68,10,3821,20325,45,541,2351,1024,669,356,709,0,0,0,-1,-1,-1,0x1002487FD0060015,1786,1754,1536,1500,2012,2012,1834,1500,1500,2012,988,1500,1500,2012,1500,1500,1500,1500,1372,1628,1500,1539,1500,2012,1500,1500,1500,1500,1500,1500,1500,2012,8.3
2025-03-03,11:43:18.000,-77,-68,10,3761,29700,45,541,2355,879,542,356,709,0,0,0,-1,-1,-1,0x1002487FD0060015,1726,1699,1536,1500,2012,1939,1771,1500,1500,1939,988,1500,1500,1882,1500,1500,1500,1500,1372,1628,1500,1539,1500,2012,1500,1500,1500,1500,1500,1500,1500,2012,8.3
2025-03-03,11:43:18.500,-61,-64,10,3708,23770,45,541,2358,881,672,356,709,0,0,0,-1,-1,-1,0x1002487FD0060015,1727,1756,1536,1500,2012,1940,1836,1500,1500,1940,988,1500,1500,1884,1500,1500,1500,1500,1372,1628,1500,1539,1500,2012,1500,1500,1500,1500,1500,1500,1500,2012,8.3
2025-03-03,11:43:19.000,-64,-64,10,3736,14572,45,541,2360,686,604,356,710,0,0,0,-1,-1,-1,0x1002487FD0060015,1673,1724,1536,1500,2012,1843,1802,1500,1500,1848,988,1500,1500,1770,1500,1500,1500,1500,1372,1628,1500,1539,1500,2012,1500,1500,1500,1500,1500,1500,1500,2012,8.3
2025-03-03,11:43:19.500,-65,-64,10,3753,39592,44,541,2362,416,989,356,709,0,0,0,-1,-1,-1,0x1002487FD0062015,1607,1983,1536,1500,2012,1708,1994,1500,1500,1708,988,1500,1500,1646,1500,1500,1500,1500,1372,1628,1500,1539,1500,2012,1500,1500,1500,1500,1500,1500,1500,2012,8.3
2025-03-03,11:43:20.000,-67,-69,10,3747,57232,44,541,2373,85,-14,356,710,0,0,0,-1,-1,-1,0x1002487FD0060015,1533,1494,1536,1500,2012,1542,1493,1495,1500,1543,988,1500,1500,1529,1500,1500,1500,1494,1133,2012,1500,1539,1500,2012,1500,1500,1500,1500,1500,1500,1500,2012,8.3
2025-03-03,11:43:20.500,-66,-66,10,3769,26135,44,541,2373,1,916,356,709,0,0,0,-1,-1,-1,0x1002487FD0062015,1514,1925,1536,1500,2012,1500,1958,1500,1500,1500,988,1500,1500,1500,1500,1500,1500,1500,1372,1628,1500,1539,1500,2012,1500,1500,1500,1500,1500,1500,1500,2012,8.3
2025-03-03,11:43:21.000,-70,-72,10,3787,14200,44,541,2377,663,700,356,709,0,0,0,-1,-1,-1,0x1002487FD0060015,1663,1769,1536,1500,2012,1831,1850,1500,1500,1831,988,1500,1500,1753,1500,1500,1500,1500,1372,1628,1500,1539,1500,2012,1500,1500,1500,1500,1500,1500,1500,2012,8.3
2025-03-03,11:43:21.500,-68,-75,10,3758,27390,44,541,2380,574,-5,356,710,0,0,0,-1,-1,-1,0x1002487FD0060015,1641,1498,1536,1500,2012,1787,1498,1498,1500,1787,988,1500,1500,1711,1500,1500,1500,1498,1093,2012,1500,1539,1500,2012,1500,1500,1500,1500,1500,1500,1500,2012,8.3
2025-03-03,11:43:22.000,-66,-61,10,3782,1302,44,541,2381,665,472,356,710,0,0,0,-1,-1,-1,0x1002487FD0060015,1661,1674,1536,1500,2012,1832,1736,1500,1500,1827,988,1500,1500,1749,1500,1500,1500,1500,1372,1628,1500,1539,1500,2012,1500,1500,1500,1500,1500,1500,1500,2012,8.3
2025-03-03,11:43:22.500,-66,-56,10,3792,44457,44,541,2382,482,980,356,709,0,0,0,-1,-1,-1,0x1002487FD0062015,1617,1976,1536,1500,2012,1741,1990,1500,1500,1735,988,1500,1500,1667,1500,1500,1500,1500,1372,1628,1500,1539,1500,2012,1500,1500,1500,1500,1500,1500,1500,2012,8.3
2025-03-03,11:43:23.000,-66,-57,10,3768,9855,45,541,2386,265,700,356,709,0,0,0,-1,-1,-1,0x1002487FD0060015,1574,1769,1536,1500,2012,1632,1850,1500,1500,1632,988,1500,1500,1590,1500,1500,1500,1500,1372,1628,1500,1539,1500,2012,1500,1500,1500,1500,1500,1500,1500,2012,8.3
2025-03-03,11:43:23.500,-72,-58,10,3753,14962,45,541,2388,637,141,356,710,0,0,0,-1,-1,-1,0x1002487FD0060015,1653,1568,1536,1500,2012,1818,1570,1500,1500,1812,988,1500,1500,1734,1500,1500,1500,1500,1372,1628,1500,1539,1500,2012,1500,1500,1500,1500,1500,1500,1500,2012,8.3
2025-03-03,11:43:24.000,-66,-67,10,3779,1480,44,541,2388,1024,214,356,710,0,0,0,-1,-1,-1,0x1002487FD0060015,1786,1590,1536,1500,2012,2012,1607,1500,1500,2012,988,1500,1500,2012,1500,1500,1500,1500,1372,1628,1500,1539,1500,2012,1500,1500,1500,1500,1500,1500,1500,2012,8.3
2025-03-03,11:43:24.500,-66,-67,10,3804,8652,45,541,2389,1024,295,356,710,0,0,0,-1,-1,-1,0x1002487FD0060015,1786,1615,1536,1500,2012,2012,1647,1500,1500,2012,988,1500,1500,2012,1500,1500,1500,1500,1372,1628,1500,1539,1500,2012,1500,1500,1500,1500,1500,1500,1500,2012,8.3
2025-03-03,11:43:25.000,-63,-67,10,3790,18345,45,541,2390,603,645,356,710,0,0,0,-1,-1,-1,0x1002487FD0060015,1645,1743,1536,1500,2012,1801,1822,1500,1500,1796,988,1500,1500,1719,1500,1500,1500,1500,1372,1628,1500,1539,1500,2012,1500,1500,1500,1500,1500,1500,1500,2012,8.3
2025-03-03,11:43:25.500,-79,-72,10,3757,19470,45,541,2393,-554,410,356,709,0,0,0,-1,-1,-1,0x1002487FD0060015,1400,1652,1536,1500,2012,1223,1705,1500,1500,1229,988,1500,1500,1303,1500,1500,1500,1500,1372,1628,1500,1539,1500,2012,1500,1500,1500,1500,1500,1500,1500,2012,8.3
2025-03-03,11:43:26.000,-72,-71,10,3741,15907,46,541,2395,-539,689,356,710,0,0,0,-1,-1,-1,0x1002487FD0060815,1400,1764,1536,1500,2012,1231,1844,1500,1500,1231,988,1500,1500,1304,1500,1500,1500,1500,1372,1628,1500,1539,1500,2012,1500,1500,1500,1500,1500,1500,1500,2012,8.3
2025-03-03,11:43:26.500,-74,-67,10,3742,22562,46,541,2399,-512,381,356,709,0,0,0,-1,-1,-1,0x1002487FD0060815,1408,1643,1536,1500,2012,1244,1690,1500,1500,1245,988,1500,1500,1316,1500,1500,1500,1500,1372,1628,1500,1539,1500,2012,1500,1500,1500,1500,1500,1500,1500,2012,8.3
2025-03-03,11:43:27.000,-70,-64,10,3765,2675,46,541,2399,-807,451,356,710,0,0,0,-1,-1,-1,0x1002487FD0060815,1308,1666,1536,1500,2012,1097,1725,1500,1500,1102,988,1500,1500,1173,1500,1500,1500,1500,1372,1628,1500,1539,1500,2012,1500,1500,1500,1500,1500,1500,1500,2012,8.3
2025-03-03,11:43:27.500,-72,-75,10,3801,13360,46,541,2400,-1024,467,356,710,0,0,0,-1,-1,-1,0x1002487FD0060815,1177,1672,1536,1500,2012,988,1733,1500,1500,988,988,1500,1500,988,1500,1500,1500,1500,1372,1628,1500,1539,1500,2012,1500,1500,1500,1500,1500,1500,1500,2012,8.3
2025-03-03,11:43:28.000,-79,-69,10,3779,20107,45,541,2403,-337,753,356,709,0,0,0,-1,-1,-1,0x1002487FD0060815,1453,1795,1536,1500,2012,1332,1876,1500,1500,1332,988,1500,1500,1384,1500,1500,1500,1500,1372,1628,1500,1539,1500,2012,1500,1500,1500,1500,1500,1500,1500,2012,8.3
2025-03-03,11:43:28.500,-75,-73,10,3742,27545,45,541,2406,-617,679,356,710,0,0,0,-1,-1,-1,0x1002487FD0060815,1378,1759,1536,1500,2012,1192,1839,1500,1500,1192,988,1500,1500,1270,1500,1500,1500,1500,1372,1628,1500,1539,1500,2012,1500,1500,1500,1500,1500,1500,1500,2012,8.3
2025-03-03,11:43:29.000,-82,-80,10,3736,24372,44,541,2409,-515,279,356,710,0,0,0,-1,-1,-1,0x1002487FD0060815,1404,1610,1536,1500,2012,1243,1639,1500,1500,1236,988,1500,1500,1309,1500,1500,1500,1500,1372,1628,1500,1539,1500,2012,1500,1500,1500,1500,1500,1500,1500,2012,8.3
2025-03-03,11:43:29.500,-68,-80,10,3761,2470,44,541,2409,854,-16,356,710,0,0,0,-1,-1,-1,0x1002487FD0060015,1724,1494,1536,1500,2012,1927,1492,1494,1500,1936,988,1500,1500,1877,1500,1500,1500,1494,1159,1866,1500,1539,1500,2012,1500,1500,1500,1500,1500,1500,1500,2012,8.3
2025-03-03,11:43:30.000,-69,-64,10,3809,1420,45,541,2409,-8,166,356,710,0,0,0,-1,-1,-1,0x1002487FD0060015,1513,1576,1536,1500,2012,1496,1583,1500,1500,1496,988,1500,1500,1498,1500,1500,1500,1500,1372,1628,1500,1539,1500,2012,1500,1500,1500,1500,1500,1500,1500,2012,8.3
2025-03-03,11:43:30.500,-52,-60,10,3811,26067,45,541,2412,-5,-15,356,709,0,0,0,-1,-1,-1,0x1002487FD0060015,1513,1494,1536,1500,2012,1498,1493,1495,1500,1498,988,1500,1500,1499,1500,1500,1500,1494,1053,2003,1500,1539,1500,2012,1500,1500,1500,1500,1500,1500,1500,2012,8.3
2025-03-03,11:43:31.000,-55,-53,10,3810,497,46,541,2412,-941,570,356,709,0,0,0,-1,-1,-1,0x1002487FD0060015,1239,1709,1536,1500,2012,1030,1785,1500,1500,1037,988,1500,1500,1078,1500,1500,1500,1500,1372,1628,1500,1539,1500,2012,1500,1500,1500,1500,1500,1500,1500,2012,8.3
2025-03-03,11:43:31.500,-59,-58,10,3809,22890,46,541,2415,-1024,379,356,710,0,0,0,-1,-1,-1,0x1002487FD0060815,1177,1642,1536,1500,2012,988,1689,1500,1500,988,988,1500,1500,988,1500,1500,1500,1500,1372,1628,1500,1539,1500,2012,1500,1500,1500,1500,1500,1500,1500,2012,8.3
2025-03-03,11:43:32.000,-67,-67,10,3768,19000,45,541,2417,-415,561,356,709,0,0,0,-1,-1,-1,0x1002487FD0060015,1437,1706,1536,1500,2012,1293,1780,1500,1500,1298,988,1500,1500,1359,1500,1500,1500,1500,1372,1628,1500,1539,1500,2012,1500,1500,1500,1500,1500,1500,1500,2012,8.3
2025-03-03,11:43:32.500,-67,-66,10,3743,22295,45,541,2419,10,729,356,710,0,0,0,-1,-1,-1,0x1002487FD0060015,1516,1782,1536,1500,2012,1505,1864,1500,1500,1505,988,1500,1500,1503,1500,1500,1500,1500,1372,1628,1500,1539,1500,2012,1500,1500,1500,1500,1500,1500,1500,2012,8.3
2025-03-03,11:43:33.000,-67,-62,10,3728,34200,45,541,2423,621,466,356,710,0,0,0,-1,-1,-1,0x1002487FD0060015,1652,1671,1536,1500,2012,1810,1733,1500,1500,1810,988,1500,1500,1733,1500,1500,1500,1500,1372,1628,1500,1539,1500,2012,1500,1500,1500,1500,1500,1500,1500,2012,8.3
2025-03-03,11:43:33.500,-69,-63,10,3746,14622,45,541,2425,-787,-19,356,709,0,0,0,-1,-1,-1,0x1002487FD0060015,1318,1492,1536,1500,2012,1107,1491,1493,1500,1113,988,1500,1500,1187,1500,1500,1500,1492,1132,1901,1500,1539,1500,2012,1500,1500,1500,1500,1500,1500,1500,2012,8.3
2025-03-03,11:43:34.000,-66,-72,10,3781,892,45,541,2425,-1024,417,356,709,0,0,0,-1,-1,-1,0x1002487FD0060815,1177,1654,1536,1500,2012,988,1708,1500,1500,988,988,1500,1500,988,1500,1500,1500,1500,1372,1628,1500,1539,1500,2012,1500,1500,1500,1500,1500,1500,1500,2012,8.3
2025-03-03,11:43:34.500,-64,-72,10,3809,2727,45,541,2425,-1024,289,356,710,0,0,0,-1,-1,-1,0x1002487FD0060815,1177,1614,1536,1500,2012,988,1644,1500,1500,988,988,1500,1500,988,1500,1500,1500,1500,1372,1628,1500,1539,1500,2012,1500,1500,1500,1500,1500,1500,1500,2012,8.3
2025-03-03,11:43:35.000,-72,-73,10,3804,11197,45,541,2426,-905,525,356,710,0,0,0,-1,-1,-1,0x1002487FD0060815,1246,1693,1536,1500,2012,1048,1762,1500,1500,1042,988,1500,1500,1088,1500,1500,1500,1500,1372,1628,1500,1539,1500,2012,1500,1500,1500,1500,1500,1500,1500,2012,8.3
2025-03-03,11:43:35.500,-71,-71,10,3772,32602,45,541,2430,-429,822,356,709,0,0,0,-1,-1,-1,0x1002487FD0060815,1430,1850,1536,1500,2012,1286,1911,1500,1500,1286,988,1500,1500,1349,1500,1500,1500,1500,1372,1628,1500,1539,1500,2012,1500,1500,1500,1500,1500,1500,1500,2012,8.3
2025-03-03,11:43:36.000,-71,-69,10,3704,48292,45,541,2436,-203,1019,356,710,0,0,0,-1,-1,-1,0x1002487FD0062015,1478,2007,1536,1500,2012,1399,2009,1500,1500,1398,988,1500,1500,1431,1500,1500,1500,1500,1372,1628,1500,1539,1500,2012,1500,1500,1500,1500,1500,1500,1500,2012,8.3
2025-03-03,11:43:36.500,-72,-61,10,3614,76905,45,541,2445,1,-17,356,710,0,0,0,-1,-1,-1,0x1002487FD0060415,1514,1493,1536,1500,2012,1500,1492,1493,1500,1500,988,1500,1500,1500,1500,1500,1500,1493,1078,1969,1500,1539,1500,2012,1500,1500,1500,1500,1500,1500,1500,2012,8.3
2025-03-03,11:43:37.000,-72,-51,10,3685,125,45,541,2445,-757,-606,356,710,0,0,0,-1,-1,-1,0x1002487FD2060415,1326,1283,1536,1500,2012,1122,1197,1283,1500,1122,988,1500,1500,1198,1500,1500,1500,1283,1372,2012,1500,1539,1500,2012,1500,1500,1500,1500,1500,1500,1500,2012,8.3
2025-03-03,11:43:37.500,-72,-45,10,3800,1632,45,541,2445,-994,221,356,710,0,0,0,-1,-1,-1,0x1002487FD0061C15,1197,1592,1536,1500,2012,1003,1610,1500,1500,1004,988,1500,1500,1018,1500,1500,1500,1500,1372,1628,1500,1539,1500,2012,1500,1500,1500,1500,1500,1500,1500,2012,8.3
2025-03-03,11:43:38.000,-72,-43,10,3799,7492,45,541,2446,-846,501,356,710,0,0,0,-1,-1,-1,0x1002487FD0060C15,1285,1684,1536,1500,2012,1077,1750,1500,1500,1077,988,1500,1500,1142,1500,1500,1500,1500,1372,1628,1500,1539,1500,2012,1500,1500,1500,1500,1500,1500,1500,2012,8.3
2025-03-03,11:43:38.500,-59,-63,10,3783,15927,45,541,2447,135,596,356,710,0,0,0,-1,-1,-1,0x1002487FD0060415,1548,1720,1536,1500,2012,1567,1798,1500,1500,1575,988,1500,1500,1550,1500,1500,1500,1500,1372,1628,1500,1539,1500,2012,1500,1500,1500,1500,1500,1500,1500,2012,8.3
2025-03-03,11:43:39.000,-64,-62,10,3771,8437,45,541,2449,3,130,356,710,0,0,0,-1,-1,-1,0x1002487FD0060415,1515,1565,1536,1500,2012,1501,1565,1500,1500,1501,988,1500,1500,1501,1500,1500,1500,1500,1372,1628,1500,1539,1500,2012,1500,1500,1500,1500,1500,1500,1500,2012,8.3
2025-03-03,11:43:39.500,-64,-63,10,3782,4202,45,541,2449,666,61,356,709,0,0,0,-1,-1,-1,0x1002487FD0060415,1658,1538,1536,1500,2012,1833,1530,1500,1500,1822,988,1500,1500,1744,1500,1500,1500,1500,1173,2012,1500,1539,1500,2012,1500,1500,1500,1500,1500,1500,1500,2012,8.3
2025-03-03,11:43:40.000,-62,-61,10,3805,1980,45,541,2450,1024,390,356,710,0,0,0,-1,-1,-1,0x1002487FD0060415,1786,1649,1536,1500,2012,2012,1700,1500,1500,2012,988,1500,1500,2012,1500,1500,1500,1500,1372,1628,1500,1539,1500,2012,1500,1500,1500,1500,1500,1500,1500,2012,8.3
2025-03-03,11:43:40.500,-70,-72,10,3795,24292,46,541,2452,738,508,356,709,0,0,0,-1,-1,-1,0x1002487FD0060015,1684,1687,1536,1500,2012,1869,1754,1500,1500,1869,988,1500,1500,1793,1500,1500,1500,1500,1372,1628,1500,1539,1500,2012,1500,1500,1500,1500,1500,1500,1500,2012,8.3
2025-03-03,11:43:41.000,-62,-58,10,3752,18830,46,541,2454,-269,620,356,709,0,0,0,-1,-1,-1,0x1002487FD0060015,1466,1731,1536,1500,2012,1366,1810,1500,1500,1366,988,1500,1500,1409,1500,1500,1500,1500,1372,1628,1500,1539,1500,2012,1500,1500,1500,1500,1500,1500,1500,2012,8.3
2025-03-03,11:43:41.500,-62,-57,10,3750,12447,46,541,2456,-677,498,356,710,0,0,0,-1,-1,-1,0x1002487FD0060815,1356,1683,1536,1500,2012,1162,1749,1500,1500,1162,988,1500,1500,1240,1500,1500,1500,1500,1372,1628,1500,1539,1500,2012,1500,1500,1500,1500,1500,1500,1500,2012,8.3
2025-03-03,11:43:42.000,-52,-55,10,3764,10737,47,541,2458,-619,525,356,709,0,0,0,-1,-1,-1,0x1002487FD0060815,1381,1693,1536,1500,2012,1191,1762,1500,1500,1198,988,1500,1500,1275,1500,1500,1500,1500,1372,1628,1500,1539,1500,2012,1500,1500,1500,1500,1500,1500,1500,2012,8.3
2025-03-03,11:43:42.500,-51,-50,10,3767,12150,47,541,2459,-579,457,356,709,0,0,0,-1,-1,-1,0x1002487FD0060815,1390,1668,1536,1500,2012,1211,1728,1500,1500,1211,988,1500,1500,1287,1500,1500,1500,1500,1372,1628,1500,1539,1500,2012,1500,1500,1500,1500,1500,1500,1500,2012,8.3
2025-03-03,11:43:43.000,-58,-52,10,3768,8635,46,541,2460,-576,164,356,710,0,0,0,-1,-1,-1,0x1002487FD0060815,1390,1575,1536,1500,2012,1212,1582,1500,1500,1212,988,1500,1500,1288,1500,1500,1500,1500,1372,1628,1500,1539,1500,2012,1500,1500,1500,1500,1500,1500,1500,2012,8.3
2025-03-03,11:43:43.500,-65,-63,10,3792,28690,46,541,2461,-710,409,356,710,0,0,0,-1,-1,-1,0x1002487FD0060815,1343,1652,1536,1500,2012,1145,1704,1500,1500,1145,988,1500,1500,1223,1500,1500,1500,1500,1372,1628,1500,1539,1500,2012,1500,1500,1500,1500,1500,1500,1500,2012,8.3
2025-03-03,11:43:44.000,-75,-65,10,3773,18797,46,541,2465,-603,729,356,709,0,0,0,-1,-1,-1,0x1002487FD0060815,1379,1782,1536,1500,2012,1199,1864,1500,1500,1193,988,1500,1500,1271,1500,1500,1500,1500,1372,1628,1500,1539,1500,2012,1500,1500,1500,1500,1500,1500,1500,2012,8.3
2025-03-03,11:43:44.500,-75,-58,10,3745,20242,46,541,2468,-128,612,356,710,0,0,0,-1,-1,-1,0x1002487FD0060015,1490,1728,1536,1500,2012,1436,1806,1500,1500,1431,988,1500,1500,1454,1500,1500,1500,1500,1372,1628,1500,1539,1500,2012,1500,1500,1500,1500,1500,1500,1500,2012,8.3
2025-03-03,11:43:45.000,-68,-69,10,3762,12285,45,541,2470,93,736,356,709,0,0,0,-1,-1,-1,0x1002487FD0060015,1529,1786,1536,1500,2012,1546,1868,1500,1500,1534,988,1500,1500,1523,1500,1500,1500,1500,1372,1628,1500,1539,1500,2012,1500,1500,1500,1500,1500,1500,1500,2012,8.3
2025-03-03,11:43:45.500,-79,-66,10,3767,36305,45,541,2474,262,702,356,709,0,0,0,-1,-1,-1,0x1002487FD0060015,1573,1770,1536,1500,2012,1631,1851,1500,1500,1631,988,1500,1500,1589,1500,1500,1500,1500,1372,1628,1500,1539,1500,2012,1500,1500,1500,1500,1500,1500,1500,2012,8.3
2025-03-03,11:43:46.000,-65,-68,10,3756,37090,45,541,2479,108,179,356,710,0,0,0,-1,-1,-1,0x1002487FD0060015,1543,1624,1536,1500,2012,1536,1660,1500,1500,1564,988,1500,1500,1543,1500,1500,1500,1500,1372,1628,1500,1539,1500,2012,1500,1500,1500,1500,1500,1500,1500,2012,8.3
2025-03-03,11:43:46.500,-74,-74,10,3754,7450,45,541,2480,-788,359,356,709,0,0,0,-1,-1,-1,0x1002487FD0060815,1312,1636,1536,1500,2012,1106,1679,1500,1500,1106,988,1500,1500,1179,1500,1500,1500,1500,1372,1628,1500,1539,1500,2012,1500,1500,1500,1500,1500,1500,1500,2012,8.3
2025-03-03,11:43:47.000,-69,-74,10,3778,7607,45,541,2481,-872,540,356,710,0,0,0,-1,-1,-1,0x1002487FD0060815,1272,1698,1536,1500,2012,1064,1770,1500,1500,1065,988,1500,1500,1124,1500,1500,1500,1500,1372,1628,1500,1539,1500,2012,1500,1500,1500,1500,1500,1500,1500,2012,8.3
2025-03-03,11:43:47.500,-70,-72,10,3772,20772,45,541,2483,-501,837,356,709,0,0,0,-1,-1,-1,0x1002487FD0062815,1411,1862,1536,1500,2012,1250,1918,1500,1500,1249,988,1500,1500,1320,1500,1500,1500,1500,1372,1628,1500,1539,1500,2012,1500,1500,1500,1500,1500,1500,1500,2012,8.3
2025-03-03,11:43:48.000,-73,-72,10,3730,28415,46,541,2488,-346,823,356,709,0,0,0,-1,-1,-1,0x1002487FD0060815,1448,1851,1536,1500,2012,1327,1911,1500,1500,1322,988,1500,1500,1376,1500,1500,1500,1500,1372,1628,1500,1539,1500,2012,1500,1500,1500,1500,1500,1500,1500,2012,8.3
2025-03-03,11:43:48.500,-70,-74,10,3645,78165,46,541,2497,354,1024,356,709,0,0,0,-1,-1,-1,0x1002487FD0062015,1591,2012,1536,1500,2012,1677,2012,1500,1500,1670,988,1500,1500,1618,1500,1500,1500,1500,1372,1628,1500,1539,1500,2012,1500,1500,1500,1500,1500,1500,1500,2012,8.3
2025-03-03,11:43:49.000,-70,-74,10,3557,65185,46,541,2504,249,1016,355,709,0,0,0,-1,-1,-1,0x1002487FD0062415,1573,2005,1536,1500,2012,1624,2008,1500,1500,1630,988,1500,1500,1589,1500,1500,1500,1500,1372,1628,1500,1539,1500,2012,1500,1500,1500,1500,1500,1500,1500,2012,8.3
2025-03-03,11:43:49.500,-72,-76,10,3539,41627,46,541,2511,-343,541,356,710,0,0,0,-1,-1,-1,0x1002487FD0060415,1456,1699,1536,1500,2012,1329,1770,1500,1500,1338,988,1500,1500,1389,1500,1500,1500,1500,1372,1628,1500,1539,1500,2012,1500,1500,1500,1500,1500,1500,1500,2012,8.3
2025-03-03,11:43:50.000,-76,-74,10,3673,1662,47,541,2511,-835,112,356,710,0,0,0,-1,-1,-1,0x1002487FD0061C15,1292,1560,1536,1500,2012,1083,1556,1500,1500,1084,988,1500,1500,1151,1500,1500,1500,1500,1372,1628,1500,1539,1500,2012,1500,1500,1500,1500,1500,1500,1500,2012,8.3
2025-03-03,11:43:50.500,-72,-78,10,3771,7925,47,541,2512,-658,512,356,709,0,0,0,-1,-1,-1,0x1002487FD0060C15,1363,1688,1536,1500,2012,1171,1756,1500,1500,1171,988,1500,1500,1249,1500,1500,1500,1500,1372,1628,1500,1539,1500,2012,1500,1500,1500,1500,1500,1500,1500,2012,8.3
2025-03-03,11:43:51.000,-76,-72,10,3762,14855,47,541,2514,-228,668,356,710,0,0,0,-1,-1,-1,0x1002487FD0060C15,1474,1754,1536,1500,2012,1386,1834,1500,1500,1387,988,1500,1500,1423,1500,1500,1500,1500,1372,1628,1500,1539,1500,2012,1500,1500,1500,1500,1500,1500,1500,2012,8.3
2025-03-03,11:43:51.500,-71,-69,10,3748,23935,47,541,2517,-564,434,356,710,0,0,0,-1,-1,-1,0x1002487FD0060C15,1397,1660,1536,1500,2012,1218,1717,1500,1500,1224,988,1500,1500,1298,1500,1500,1500,1500,1372,1628,1500,1539,1500,2012,1500,1500,1500,1500,1500,1500,1500,2012,8.3
2025-03-03,11:43:52.000,-68,-74,10,3739,11427,47,541,2519,-709,656,356,709,0,0,0,-1,-1,-1,0x1002487FD0060C15,1344,1748,1536,1500,2012,1146,1828,1500,1500,1146,988,1500,1500,1223,1500,1500,1500,1500,1372,1628,1500,1539,1500,2012,1500,1500,1500,1500,1500,1500,1500,2012,8.3
2025-03-03,11:43:52.500,-70,-74,10,3741,21090,47,541,2520,-648,719,356,710,0,0,0,-1,-1,-1,0x1002487FD0060C15,1366,1778,1536,1500,2012,1176,1859,1500,1500,1176,988,1500,1500,1254,1500,1500,1500,1500,1372,1628,1500,1539,1500,2012,1500,1500,1500,1500,1500,1500,1500,2012,8.3
2025-03-03,11:43:53.000,-61,-74,10,3736,10972,47,541,2523,-252,57,356,709,0,0,0,-1,-1,-1,0x1002487FD0060815,1467,1535,1536,1500,2012,1374,1528,1500,1500,1368,988,1500,1500,1410,1500,1500,1500,1500,1372,1628,1500,1539,1500,2012,1500,1500,1500,1500,1500,1500,1500,2012,8.3
2025-03-03,11:43:53.500,-57,-65,10,3756,505,47,541,2523,-635,103,356,710,0,0,0,-1,-1,-1,0x1002487FD0060815,1371,1557,1536,1500,2012,1183,1551,1500,1500,1183,988,1500,1500,1260,1500,1500,1500,1500,1372,1628,1500,1539,1500,2012,1500,1500,1500,1500,1500,1500,1500,2012,8.3
2025-03-03,11:43:54.000,-63,-68,10,3791,4280,47,541,2524,-577,467,356,710,0,0,0,-1,-1,-1,0x1002487FD0060815,1386,1672,1536,1500,2012,1212,1733,1500,1500,1206,988,1500,1500,1282,1500,1500,1500,1500,1372,1628,1500,1539,1500,2012,1500,1500,1500,1500,1500,1500,1500,2012,8.3
2025-03-03,11:43:54.500,-64,-68,10,3788,9572,46,541,2525,22,0,356,710,0,0,0,-1,-1,-1,0x1002487FD0060015,1519,1500,1536,1500,2012,1511,1500,1500,1500,1511,988,1500,1500,1507,1500,1500,1500,1500,1119,2012,1500,1539,1500,2012,1500,1500,1500,1500,1500,1500,1500,2012,8.3
2025-03-03,11:43:55.000,-69,-69,10,3792,510,46,541,2525,-1024,-13,356,710,0,0,0,-1,-1,-1,0x1002487FD0060015,1177,1495,1536,1500,2012,988,1494,1495,1500,988,988,1500,1500,988,1500,1500,1500,1495,1372,2012,1500,1539,1500,2012,1500,1500,1500,1500,1500,1500,1500,2012,8.3
2025-03-03,11:43:55.500,-75,-76,10,3801,457,47,541,2525,-1024,-16,356,710,0,0,0,-1,-1,-1,0x1002487FD0060815,1177,1494,1536,1500,2012,988,1492,1494,1500,988,988,1500,1500,988,1500,1500,1500,1494,1372,2012,1500,1539,1500,2012,1500,1500,1500,1500,1500,1500,1500,2012,8.3
2025-03-03,11:43:56.000,-75,-77,10,3804,2612,46,541,2525,718,17,356,709,0,0,0,-1,-1,-1,0x1002487FD0060015,1666,1510,1536,1500,2012,1859,1508,1500,1500,1837,988,1500,1500,1758,1500,1500,1500,1500,1306,1696,1500,1539,1500,2012,1500,1500,1500,1500,1500,1500,1500,2012,8.3
2025-03-03,11:43:56.500,-75,-76,10,3805,685,46,541,2525,288,17,356,709,0,0,0,-1,-1,-1,0x1002487FD0060015,1582,1510,1536,1500,2012,1644,1508,1500,1500,1650,988,1500,1500,1603,1500,1500,1500,1500,1372,2012,1500,1539,1500,2012,1500,1500,1500,1500,1500,1500,1500,2012,8.3
2025-03-03,11:43:57.000,-75,-74,10,3808,395,46,541,2525,-2,-13,356,710,0,0,0,-1,-1,-1,0x1002487FD0060015,1514,1495,1536,1500,2012,1499,1494,1495,1500,1499,988,1500,1500,1499,1500,1500,1500,1495,1372,2012,1500,1539,1500,2012,1500,1500,1500,1500,1500,1500,1500,2012,8.3
2025-03-03,11:43:57.500,-75,-69,10,3810,357,46,541,2525,-1,-9,356,709,0,0,0,-1,-1,-1,0x1002487FD0060015,1514,1497,1536,1500,2012,1500,1496,1497,1500,1500,988,1500,1500,1500,1500,1500,1500,1497,1500,2012,1500,1539,1500,2012,1500,1500,1500,1500,1500,1500,1500,2012,8.3
2025-03-03,11:43:58.000,-72,-71,10,3813,347,45,541,2525,-1,-12,356,710,0,0,0,-1,-1,-1,0x1002487FD0060015,1514,1496,1536,1500,2012,1499,1494,1496,1500,1500,988,1500,1500,1500,1500,1500,1500,1496,1500,2012,1500,1539,1500,2012,1500,1500,1500,1500,1500,1500,1500,2012,8.3
2025-03-03,11:43:58.500,-70,-73,10,3814,367,45,541,2526,-2,-14,356,710,0,0,0,-1,-1,-1,0x1002487FD0060015,1514,1494,1536,1500,2012,1499,1493,1495,1500,1499,988,1500,1500,1499,1500,1500,1500,1494,1500,2012,1500,1539,1500,2012,1500,1500,1500,1500,1500,1500,1500,2012,8.3
2025-03-03,11:43:59.000,-69,-69,10,3816,355,45,541,2526,-2,-13,356,710,0,0,0,-1,-1,-1,0x1002487FD0060015,1514,1495,1535,1500,2012,1499,1494,1495,1500,1499,988,1500,1500,1499,1500,1500,1500,1495,1500,2012,1500,1539,1500,2012,1500,1500,1500,1500,1500,1500,1500,2012,8.3
2025-03-03,11:43:59.500,-69,-69,10,3817,245,45,541,2526,-3,-14,356,709,0,0,0,-1,-1,-1,0x1002487FD0060014,1514,1494,1500,1500,2012,1499,1493,1495,1500,1499,988,1500,1500,1499,1500,1500,1500,1494,1500,2012,1500,1539,1500,2012,1500,1500,1500,1500,1500,1500,1500,2012,8.3
2025-03-03,11:44:00.000,-78,-68,10,3819,155,45,541,2526,-3,-13,356,710,0,0,0,-1,-1,-1,0x1002487FD0060014,1514,1495,1500,1500,2012,1499,1494,1495,1500,1499,988,1500,1500,1499,1500,1500,1500,1495,1500,2012,1500,1539,1500,2012,1500,1500,1500,1500,1500,1500,1500,2012,8.3
2025-03-03,11:44:00.500,-70,-69,10,3821,155,44,541,2526,-2,-14,356,710,0,0,0,-1,-1,-1,0x1002487FD0060014,1514,1494,1500,1500,2012,1499,1493,1495,1500,1499,988,1500,1500,1499,1500,1500,1500,1494,1500,2012,1500,1539,1500,2012,1500,1500,1500,1500,1500,1500,1500,2012,8.3
2025-03-03,11:44:01.000,-70,-71,10,3822,155,44,541,2526,-1,-15,356,710,0,0,0,-1,-1,-1,0x1002487FD0060014,1514,1494,1500,1500,2012,1500,1493,1495,1500,1500,988,1500,1500,1500,1500,1500,1500,1494,1500,2012,1500,1539,1500,2012,1500,1500,1500,1500,1500,1500,1500,2012,8.3
2025-03-03,11:44:01.500,-77,-71,10,3824,150,44,541,2526,-1,-15,356,710,0,0,0,-1,-1,-1,0x1002487FD0060014,1514,1494,1500,1500,2012,1500,1493,1495,1500,1500,988,1500,1500,1500,1500,1500,1500,1494,1500,2012,1500,1539,1500,2012,1500,1500,1500,1500,1500,1500,1500,2012,8.3
2025-03-03,11:44:02.000,-77,-71,10,3825,152,44,541,2526,0,-19,356,709,0,0,0,-1,-1,-1,0x1002487FD0060014,1514,1492,1500,1500,2012,1500,1491,1493,1500,1500,988,1500,1500,1500,1500,1500,1500,1492,1500,2012,1500,1539,1500,2012,1500,1500,1500,1500,1500,1500,1500,2012,8.3
2025-03-03,11:44:02.500,-71,-73,10,3826,150,44,541,2526,1,-31,356,710,0,0,0,-1,-1,-1,0x1002487FD0020014,1514,1489,1500,1500,2012,1500,1485,1489,1500,1500,988,1500,1500,1500,1500,1500,1500,1489,1500,2012,1500,1539,1500,988,1500,1500,1500,1500,1500,1500,1500,2012,8.3
2025-03-03,11:44:03.000,-73,-72,10,3827,150,44,541,2526,-4,-10,356,709,0,0,0,-1,-1,-1,0x1002487FD0060014,1513,1496,1500,1500,2012,1498,1495,1496,1500,1498,988,1500,1500,1499,1500,1500,1500,1496,1500,2012,1500,1539,1500,2012,1500,1500,1500,1500,1500,1500,1500,2012,8.3
2025-03-03,11:44:03.500,-70,-74,10,3828,150,44,541,2526,-3,-15,356,710,0,0,0,-1,-1,-1,0x1002487FD0060014,1514,1494,1500,1500,2012,1499,1493,1495,1500,1499,988,1500,1500,1499,1500,1500,1500,1494,1500,2012,1500,1539,1500,2012,1500,1500,1500,1500,1500,1500,1500,2012,8.3
2025-03-03,11:44:04.000,-74,-74,10,3829,150,44,541,2526,21,-14,356,709,0,0,0,-1,-1,-1,0x1002487FD0060014,1519,1495,1500,1500,2012,1510,1494,1495,1500,1510,988,1500,1500,1507,1500,1500,1500,1495,1500,2012,1500,1539,1500,2012,1500,1500,1500,1500,1500,1500,1500,2012,8.3
2025-03-03,11:44:04.500,-69,-67,10,3830,2147,43,541,2526,206,284,356,710,0,0,0,-1,-1,-1,0x1002487FD0060015,1571,1612,1512,1500,2012,1589,1642,1500,1500,1625,988,1500,1500,1585,1500,1500,1500,1500,1372,1628,1500,1539,1500,2012,1500,1500,1500,1500,1500,1500,1500,2012,8.3
2025-03-03,11:44:05.000,-72,-71,10,3829,7242,43,541,2527,-435,312,356,709,0,0,0,-1,-1,-1,0x1002487FD0060815,1418,1621,1536,1500,2012,1288,1656,1500,1500,1262,988,1500,1500,1330,1500,1500,1500,1500,1372,1628,1500,1539,1500,2012,1500,1500,1500,1500,1500,1500,1500,2012,8.3
2025-03-03,11:44:05.500,-82,-73,10,3819,5432,43,541,2527,669,144,356,709,0,0,0,-1,-1,-1,0x1002487FD0060015,1665,1569,1536,1500,2012,1834,1572,1500,1500,1834,988,1500,1500,1756,1500,1500,1500,1500,1372,1628,1500,1539,1500,2012,1500,1500,1500,1500,1500,1500,1500,2012,8.3
2025-03-03,11:44:06.000,-82,-71,10,3824,1910,44,541,2528,-306,126,356,709,0,0,0,-1,-1,-1,0x1002487FD0060015,1460,1564,1536,1500,2012,1347,1563,1500,1500,1347,988,1500,1500,1395,1500,1500,1500,1500,1372,1628,1500,1539,1500,2012,1500,1500,1500,1500,1500,1500,1500,2012,8.3
2025-03-03,11:44:06.500,-73,-82,10,3826,1695,45,541,2528,-128,151,356,709,0,0,0,-1,-1,-1,0x1002487FD0060015,1492,1571,1536,1500,2012,1436,1575,1500,1500,1436,988,1500,1500,1457,1500,1500,1500,1500,1372,1628,1500,1539,1500,2012,1500,1500,1500,1500,1500,1500,1500,2012,8.3
2025-03-03,11:44:07.000,-74,-70,10,3827,3850,45,541,2528,-102,168,356,710,0,0,0,-1,-1,-1,0x1002487FD0060015,1497,1576,1536,1500,2012,1449,1584,1500,1500,1449,988,1500,1500,1466,1500,1500,1500,1500,1372,1628,1500,1539,1500,2012,1500,1500,1500,1500,1500,1500,1500,2012,8.3
2025-03-03,11:44:07.500,-66,-77,10,3826,1137,45,541,2528,-515,149,356,710,0,0,0,-1,-1,-1,0x1002487FD0060815,1407,1571,1536,1500,2012,1243,1574,1500,1500,1243,988,1500,1500,1314,1500,1500,1500,1500,1372,1628,1500,1539,1500,2012,1500,1500,1500,1500,1500,1500,1500,2012,8.3
2025-03-03,11:44:08.000,-65,-77,10,3827,1922,45,541,2529,-453,159,356,709,0,0,0,-1,-1,-1,0x1002487FD0060815,1424,1574,1536,1500,2012,1274,1579,1500,1500,1274,988,1500,1500,1340,1500,1500,1500,1500,1372,1628,1500,1539,1500,2012,1500,1500,1500,1500,1500,1500,1500,2012,8.3
2025-03-03,11:44:08.500,-76,-67,10,3828,2837,45,541,2529,148,211,356,709,0,0,0,-1,-1,-1,0x1002487FD0060015,1544,1589,1536,1500,2012,1582,1605,1500,1500,1567,988,1500,1500,1545,1500,1500,1500,1500,1372,1628,1500,1539,1500,2012,1500,1500,1500,1500,1500,1500,1500,2012,8.3
2025-03-03,11:44:09.000,-65,-65,10,3825,3197,45,541,2529,861,182,356,710,0,0,0,-1,-1,-1,0x1002487FD0060015,1725,1581,1536,1500,2012,1930,1591,1500,1500,1937,988,1500,1500,1879,1500,1500,1500,1500,1372,1628,1500,1539,1500,2012,1500,1500,1500,1500,1500,1500,1500,2012,8.3
2025-03-03,11:44:09.500,-69,-68,10,3825,2197,45,541,2530,-2,112,356,710,0,0,0,-1,-1,-1,0x1002487FD0060015,1514,1560,1536,1500,2012,1499,1556,1500,1500,1499,988,1500,1500,1499,1500,1500,1500,1500,1372,1628,1500,1539,1500,2012,1500,1500,1500,1500,1500,1500,1500,2012,8.3
2025-03-03,11:44:10.000,-67,-70,10,3828,765,45,541,2530,-149,-12,356,710,0,0,0,-1,-1,-1,0x1002487FD0060815,1476,1496,1536,1500,2012,1426,1494,1496,1500,1391,988,1500,1500,1426,1500,1500,1500,1496,1365,2012,1500,1539,1500,2012,1500,1500,1500,1500,1500,1500,1500,2012,8.3
2025-03-03,11:44:10.500,-70,-75,10,3833,5710,45,541,2530,857,237,356,710,0,0,0,-1,-1,-1,0x1002487FD0060015,1720,1597,1536,1500,2012,1928,1618,1500,1500,1929,988,1500,1500,1866,1500,1500,1500,1500,1372,1628,1500,1539,1500,2012,1500,1500,1500,1500,1500,1500,1500,2012,8.3
2025-03-03,11:44:11.000,-74,-75,10,3826,5245,45,541,2531,372,361,356,710,0,0,0,-1,-1,-1,0x1002487FD0060015,1595,1636,1536,1500,2012,1686,1680,1500,1500,1680,988,1500,1500,1624,1500,1500,1500,1500,1372,1628,1500,1539,1500,2012,1500,1500,1500,1500,1500,1500,1500,2012,8.3
2025-03-03,11:44:11.500,-69,-77,10,3814,12297,45,541,2532,251,439,356,710,0,0,0,-1,-1,-1,0x1002487FD0060015,1573,1662,1536,1500,2012,1625,1719,1500,1500,1631,988,1500,1500,1589,1500,1500,1500,1500,1372,1628,1500,1539,1500,2012,1500,1500,1500,1500,1500,1500,1500,2012,8.3
2025-03-03,11:44:12.000,-59,-75,10,3796,8050,46,541,2533,225,181,356,710,0,0,0,-1,-1,-1,0x1002487FD0060015,1565,1580,1536,1500,2012,1612,1590,1500,1500,1613,988,1500,1500,1577,1500,1500,1500,1500,1372,1628,1500,1539,1500,2012,1500,1500,1500,1500,1500,1500,1500,2012,8.3
2025-03-03,11:44:12.500,-60,-75,10,3799,8595,46,541,2534,604,451,356,709,0,0,0,-1,-1,-1,0x1002487FD0060015,1648,1666,1536,1500,2012,1802,1725,1500,1500,1802,988,1500,1500,1725,1500,1500,1500,1500,1372,1628,1500,1539,1500,2012,1500,1500,1500,1500,1500,1500,1500,2012,8.3
2025-03-03,11:44:13.000,-62,-75,10,3812,7510,46,541,2535,-3,436,356,710,0,0,0,-1,-1,-1,0x1002487FD0060015,1514,1660,1536,1500,2012,1499,1718,1500,1500,1499,988,1500,1500,1499,1500,1500,1500,1500,1372,1628,1500,1539,1500,2012,1500,1500,1500,1500,1500,1500,1500,2012,8.3
2025-03-03,11:44:13.500,-65,-71,10,3805,9655,46,541,2536,-2,583,356,710,0,0,0,-1,-1,-1,0x1002487FD0060015,1514,1714,1536,1500,2012,1499,1791,1500,1500,1500,988,1500,1500,1500,1500,1500,1500,1500,1372,1628,1500,1539,1500,2012,1500,1500,1500,1500,1500,1500,1500,2012,8.3
2025-03-03,11:44:14.000,-71,-73,10,3791,34117,45,541,2540,-2,24,356,709,0,0,0,-1,-1,-1,0x1002487FD0060015,1514,1514,1536,1500,2012,1499,1512,1500,1500,1499,988,1500,1500,1499,1500,1500,1500,1500,1306,1696,1500,1539,1500,2012,1500,1500,1500,1500,1500,1500,1500,2012,8.3
2025-03-03,11:44:14.500,-59,-69,10,3770,522,45,541,2541,54,349,356,710,0,0,0,-1,-1,-1,0x1002487FD0060015,1526,1637,1536,1500,2012,1527,1681,1500,1500,1527,988,1500,1500,1518,1500,1500,1500,1500,1372,1628,1500,1539,1500,2012,1500,1500,1500,1500,1500,1500,1500,2012,8.3
2025-03-03,11:44:15.000,-76,-75,10,3823,8462,45,541,2542,526,221,356,709,0,0,0,-1,-1,-1,0x1002487FD0060015,1629,1592,1536,1500,2012,1763,1610,1500,1500,1762,988,1500,1500,1689,1500,1500,1500,1500,1372,1628,1500,1539,1500,2012,1500,1500,1500,1500,1500,1500,1500,2012,8.3
2025-03-03,11:44:15.500,-69,-73,10,3811,2105,45,541,2542,532,185,356,709,0,0,0,-1,-1,-1,0x1002487FD0060015,1631,1582,1536,1500,2012,1766,1592,1500,1500,1766,988,1500,1500,1693,1500,1500,1500,1500,1372,1628,1500,1539,1500,2012,1500,1500,1500,1500,1500,1500,1500,2012,8.3
2025-03-03,11:44:16.000,-69,-68,10,3822,10745,45,541,2543,-47,687,356,710,0,0,0,-1,-1,-1,0x1002487FD0060015,1509,1763,1536,1500,2012,1477,1843,1500,1500,1485,988,1500,1500,1490,1500,1500,1500,1500,1372,1628,1500,1539,1500,2012,1500,1500,1500,1500,1500,1500,1500,2012,8.3
2025-03-03,11:44:16.500,-69,-68,10,3797,23850,45,541,2546,-1,693,356,710,0,0,0,-1,-1,-1,0x1002487FD0060015,1514,1766,1536,1500,2012,1500,1847,1500,1500,1500,988,1500,1500,1500,1500,1500,1500,1500,1372,1628,1500,1539,1500,2012,1500,1500,1500,1500,1500,1500,1500,2012,8.3
2025-03-03,11:44:17.000,-69,-67,10,3757,5935,46,541,2548,-1,339,356,710,0,0,0,-1,-1,-1,0x1002487FD0060015,1514,1629,1536,1500,2012,1500,1669,1500,1500,1500,988,1500,1500,1500,1500,1500,1500,1500,1372,1628,1500,1539,1500,2012,1500,1500,1500,1500,1500,1500,1500,2012,8.3
2025-03-03,11:44:17.500,-65,-57,10,3807,16185,46,541,2549,521,502,356,710,0,0,0,-1,-1,-1,0x1002487FD0060015,1625,1681,1536,1500,2012,1766,1745,1500,1500,1753,988,1500,1500,1682,1500,1500,1500,1500,1372,1628,1500,1539,1500,2012,1500,1500,1500,1500,1500,1500,1500,2012,8.3
2025-03-03,11:44:18.000,-64,-58,10,3800,16512,46,541,2551,698,696,356,710,0,0,0,-1,-1,-1,0x1002487FD0060015,1673,1767,1536,1500,2012,1849,1848,1500,1500,1849,988,1500,1500,1771,1500,1500,1500,1500,1372,1628,1500,1539,1500,2012,1500,1500,1500,1500,1500,1500,1500,2012,8.3
2025-03-03,11:44:18.500,-74,-61,10,3783,5897,45,541,2552,-1,476,356,710,0,0,0,-1,-1,-1,0x1002487FD0060015,1514,1675,1536,1500,2012,1500,1738,1500,1500,1500,988,1500,1500,1500,1500,1500,1500,1500,1372,1628,1500,1539,1500,2012,1500,1500,1500,1500,1500,1500,1500,2012,8.3
2025-03-03,11:44:19.000,-74,-53,10,3806,3392,45,541,2553,460,-16,356,709,0,0,0,-1,-1,-1,0x1002487FD0060015,1615,1494,1536,1500,2012,1730,1492,1494,1500,1730,988,1500,1500,1663,1500,1500,1500,1494,1372,2012,1500,1539,1500,2012,1500,1500,1500,1500,1500,1500,1500,2012,8.3
2025-03-03,11:44:19.500,-70,-66,10,3824,920,45,541,2553,415,65,356,709,0,0,0,-1,-1,-1,0x1002487FD0060015,1609,1533,1536,1500,2012,1698,1527,1500,1500,1714,988,1500,1500,1650,1500,1500,1500,1500,1338,1662,1500,1539,1500,2012,1500,1500,1500,1500,1500,1500,1500,2012,8.3
2025-03-03,11:44:20.000,-70,-66,10,3826,2735,45,541,2553,464,-20,356,709,0,0,0,-1,-1,-1,0x1002487FD0060015,1622,1492,1536,1500,2012,1732,1490,1492,1500,1746,988,1500,1500,1676,1500,1500,1500,1492,1187,2012,1500,1539,1500,2012,1500,1500,1500,1500,1500,1500,1500,2012,8.3
2025-03-03,11:44:20.500,-82,-66,10,3827,2295,45,541,2553,279,-25,356,710,0,0,0,-1,-1,-1,0x1002487FD0060015,1584,1490,1536,1500,2012,1639,1488,1490,1500,1652,988,1500,1500,1604,1500,1500,1500,1490,1372,2012,1500,1539,1500,2012,1500,1500,1500,1500,1500,1500,1500,2012,8.3
2025-03-03,11:44:21.000,-63,-59,10,3830,400,46,541,2553,-1,-14,356,710,0,0,0,-1,-1,-1,0x1002487FD0060015,1514,1494,1536,1500,2012,1500,1493,1495,1500,1500,988,1500,1500,1500,1500,1500,1500,1494,1372,2012,1500,1539,1500,2012,1500,1500,1500,1500,1500,1500,1500,2012,8.3
2025-03-03,11:44:21.500,-67,-67,10,3832,365,46,541,2553,-1,-15,356,709,0,0,0,-1,-1,-1,0x1002487FD0060015,1514,1494,1536,1500,2012,1500,1493,1495,1500,1500,988,1500,1500,1500,1500,1500,1500,1494,1500,2012,1500,1539,1500,2012,1500,1500,1500,1500,1500,1500,1500,2012,8.3
2025-03-03,11:44:22.000,-65,-67,10,3833,367,45,541,2553,-2,17,356,710,0,0,0,-1,-1,-1,0x1002487FD0060015,1514,1510,1536,1500,2012,1499,1508,1500,1500,1499,988,1500,1500,1499,1500,1500,1500,1500,1500,2012,1500,1539,1500,2012,1500,1500,1500,1500,1500,1500,1500,2012,8.3
2025-03-03,11:44:22.500,-66,-66,10,3834,370,45,541,2553,-1,-10,356,710,0,0,0,-1,-1,-1,0x1002487FD0060015,1514,1496,1536,1500,2012,1500,1495,1496,1500,1500,988,1500,1500,1500,1500,1500,1500,1496,1500,2012,1500,1539,1500,2012,1500,1500,1500,1500,1500,1500,1500,2012,8.3
2025-03-03,11:44:23.000,-65,-67,10,3835,327,45,541,2553,-1,-12,356,709,0,0,0,-1,-1,-1,0x1002487FD0060015,1514,1496,1518,1500,2012,1500,1494,1496,1500,1500,988,1500,1500,1500,1500,1500,1500,1496,1500,2012,1500,1539,1500,2012,1500,1500,1500,1500,1500,1500,1500,2012,8.3
2025-03-03,11:44:23.500,-67,-67,10,3836,162,44,541,2553,-1,-13,356,710,0,0,0,-1,-1,-1,0x1002487FD0060014,1514,1495,1500,1500,2012,1500,1494,1495,1500,1500,988,1500,1500,1500,1500,1500,1500,1495,1500,2012,1500,1539,1500,2012,1500,1500,1500,1500,1500,1500,1500,2012,8.3
2025-03-03,11:44:24.000,-66,-67,10,3837,155,44,541,2553,-2,0,356,710,0,0,0,-1,-1,-1,0x1002487FD0060014,1514,1500,1500,1500,2012,1500,1500,1500,1500,1499,988,1500,1500,1499,1500,1500,1500,1500,1500,2012,1500,1539,1500,2012,1500,1500,1500,1500,1500,1500,1500,2012,8.3
2025-03-03,11:44:24.500,-65,-70,10,3838,157,44,541,2553,-1,5,356,709,0,0,0,-1,-1,-1,0x1002487FD0060014,1514,1503,1500,1500,2012,1500,1502,1500,1500,1500,988,1500,1500,1500,1500,1500,1500,1500,1500,2012,1500,1539,1500,2012,1500,1500,1500,1500,1500,1500,1500,2012,8.3
2025-03-03,11:44:25.000,-66,-77,10,3839,165,44,541,2553,-1,-7,356,710,0,0,0,-1,-1,-1,0x1002487FD0060014,1514,1497,1500,1500,2012,1499,1497,1497,1500,1499,988,1500,1500,1499,1500,1500,1500,1497,1500,2012,1500,1539,1500,2012,1500,1500,1500,1500,1500,1500,1500,2012,8.3
2025-03-03,11:44:25.500,-64,-69,10,3839,160,43,541,2553,-1,-7,356,709,0,0,0,-1,-1,-1,0x1002487FD0060014,1514,1497,1500,1500,2012,1500,1497,1497,1500,1500,988,1500,1500,1500,1500,1500,1500,1497,1500,2012,1500,1539,1500,2012,1500,1500,1500,1500,1500,1500,1500,2012,8.3
2025-03-03,11:44:26.000,-66,-69,10,3840,177,43,541,2554,-1,-7,356,709,0,0,0,-1,-1,-1,0x1002487FD0060014,1514,1497,1500,1500,2012,1499,1497,1497,1500,1499,988,1500,1500,1499,1500,1500,1500,1497,1500,2012,1500,1539,1500,2012,1500,1500,1500,1500,1500,1500,1500,2012,8.3
2025-03-03,11:44:26.500,-66,-69,10,3841,160,43,541,2554,-1,-12,356,709,0,0,0,-1,-1,-1,0x1002487FD0060014,1514,1496,1500,1500,2012,1500,1494,1496,1500,1500,988,1500,1500,1500,1500,1500,1500,1496,1500,2012,1500,1539,1500,2012,1500,1500,1500,1500,1500,1500,1500,2012,8.3
2025-03-03,11:44:27.000,-66,-68,10,3841,147,43,541,2554,-2,-12,356,709,0,0,0,-1,-1,-1,0x1002487FD0060014,1514,1496,1500,1500,2012,1499,1494,1496,1500,1499,988,1500,1500,1499,1500,1500,1500,1496,1500,2012,1500,1539,1500,2012,1500,1500,1500,1500,1500,1500,1500,2012,8.3
2025-03-03,11:44:27.500,-66,-68,10,3842,165,43,541,2554,-2,-12,356,710,0,0,0,-1,-1,-1,0x1002487FD0060014,1514,1496,1500,1500,2012,1499,1494,1496,1500,1500,988,1500,1500,1500,1500,1500,1500,1496,1500,2012,1500,1539,1500,2012,1500,1500,1500,1500,1500,1500,1500,2012,8.3
2025-03-03,11:44:28.000,-66,-68,10,3842,155,43,541,2554,-1,-13,356,709,0,0,0,-1,-1,-1,0x1002487FD0060014,1514,1495,1500,1500,2012,1500,1494,1495,1500,1500,988,1500,1500,1500,1500,1500,1500,1495,1500,2012,1500,1539,1500,2012,1500,1500,1500,1500,1500,1500,1500,2012,8.3
2025-03-03,11:44:28.500,-66,-67,10,3843,177,43,541,2554,-1,-13,356,710,0,0,0,-1,-1,-1,0x1002487FD0060014,1514,1495,1500,1500,2012,1500,1494,1495,1500,1500,988,1500,1500,1500,1500,1500,1500,1495,1500,2012,1500,1539,1500,2012,1500,1500,1500,1500,1500,1500,1500,2012,8.3
2025-03-03,11:44:29.000,-68,-69,10,3843,160,43,541,2554,-1,-12,356,709,0,0,0,-1,-1,-1,0x1002487FD0060014,1514,1496,1500,1500,2012,1500,1494,1496,1500,1500,988,1500,1500,1500,1500,1500,1500,1496,1500,2012,1500,1539,1500,2012,1500,1500,1500,1500,1500,1500,1500,2012,8.3
2025-03-03,11:44:29.500,-68,-69,10,3844,160,43,541,2554,-1,-12,356,709,0,0,0,-1,-1,-1,0x1002487FD0060014,1514,1496,1500,1500,2012,1500,1494,1496,1500,1500,988,1500,1500,1500,1500,1500,1500,1496,1500,2012,1500,1539,1500,2012,1500,1500,1500,1500,1500,1500,1500,2012,8.3
2025-03-03,11:44:30.000,-66,-70,10,3844,200,43,541,2554,-2,-12,356,709,0,0,0,-1,-1,-1,0x1002487FD0060014,1514,1496,1500,1500,2012,1499,1494,1496,1500,1500,988,1500,1500,1500,1500,1500,1500,1496,1500,2012,1500,1539,1500,2012,1500,1500,1500,1500,1500,1500,1500,2012,8.3
2025-03-03,11:44:30.500,-67,-67,10,3844,157,43,541,2554,-2,-13,356,710,0,0,0,-1,-1,-1,0x1002487FD0060014,1514,1495,1500,1500,2012,1499,1494,1495,1500,1499,988,1500,1500,1499,1500,1500,1500,1495,1500,2012,1500,1539,1500,2012,1500,1500,1500,1500,1500,1500,1500,2012,8.3
2025-03-03,11:44:31.000,-66,-67,10,3845,177,43,541,2554,-1,-13,356,710,0,0,0,-1,-1,-1,0x1002487FD0060014,1514,1495,1500,1500,2012,1500,1494,1495,1500,1500,988,1500,1500,1500,1500,1500,1500,1495,1500,2012,1500,1539,1500,2012,1500,1500,1500,1500,1500,1500,1500,2012,8.3
2025-03-03,11:44:31.500,-67,-67,10,3846,162,43,541,2554,-2,-13,356,710,0,0,0,-1,-1,-1,0x1002487FD0060014,1514,1495,1500,1500,2012,1499,1494,1495,1500,1499,988,1500,1500,1499,1500,1500,1500,1495,1500,2012,1500,1539,1500,2012,1500,1500,1500,1500,1500,1500,1500,2012,8.3
2025-03-03,11:44:32.000,-66,-67,10,3846,172,43,541,2554,-1,-13,356,710,0,0,0,-1,-1,-1,0x1002487FD0060014,1514,1495,1500,1500,2012,1500,1494,1495,1500,1500,988,1500,1500,1500,1500,1500,1500,1495,1500,2012,1500,1539,1500,2012,1500,1500,1500,1500,1500,1500,1500,2012,8.3
2025-03-03,11:44:32.500,-66,-67,10,3846,162,43,541,2554,-1,-14,356,710,0,0,0,-1,-1,-1,0x1002487FD0060014,1514,1494,1500,1500,2012,1500,1493,1495,1500,1500,988,1500,1500,1500,1500,1500,1500,1495,1500,2012,1500,1539,1500,2012,1500,1500,1500,1500,1500,1500,1500,2012,8.3
2025-03-03,11:44:33.000,-67,-67,10,3847,170,43,541,2554,-2,-14,356,710,0,0,0,-1,-1,-1,0x1002487FD0060014,1514,1494,1500,1500,2012,1499,1493,1495,1500,1500,988,1500,1500,1500,1500,1500,1500,1494,1500,2012,1500,1539,1500,2012,1500,1500,1500,1500,1500,1500,1500,2012,8.3
2025-03-03,11:44:33.500,-69,-69,10,3847,157,43,541,2554,-2,-14,356,709,0,0,0,-1,-1,-1,0x1002487FD0060014,1514,1494,1500,1500,2012,1499,1493,1495,1500,1499,988,1500,1500,1499,1500,1500,1500,1494,1500,2012,1500,1539,1500,2012,1500,1500,1500,1500,1500,1500,1500,2012,8.3
2025-03-03,11:44:34.000,-67,-68,10,3847,157,43,541,2554,-2,-13,356,710,0,0,0,-1,-1,-1,0x1002487FD0060014,1514,1495,1500,1500,2012,1499,1494,1495,1500,1499,988,1500,1500,1499,1500,1500,1500,1495,1500,2012,1500,1539,1500,2012,1500,1500,1500,1500,1500,1500,1500,2012,8.3
2025-03-03,11:44:34.500,-66,-67,10,3848,165,43,541,2554,-1,-13,356,710,0,0,0,-1,-1,-1,0x1002487FD0060014,1514,1495,1500,1500,2012,1500,1494,1495,1500,1500,988,1500,1500,1500,1500,1500,1500,1495,1500,2012,1500,1539,1500,2012,1500,1500,1500,1500,1500,1500,1500,2012,8.3
2025-03-03,11:44:35.000,-68,-68,10,3848,150,43,541,2554,-1,-14,356,710,0,0,0,-1,-1,-1,0x1002487FD0060014,1514,1494,1500,1500,2012,1500,1493,1495,1500,1500,988,1500,1500,1500,1500,1500,1500,1494,1500,2012,1500,1539,1500,2012,1500,1500,1500,1500,1500,1500,1500,2012,8.3
2025-03-03,11:44:35.500,-68,-69,10,3848,167,43,541,2554,-1,-14,356,710,0,0,0,-1,-1,-1,0x1002487FD0060014,1514,1494,1500,1500,2012,1500,1493,1495,1500,1500,988,1500,1500,1500,1500,1500,1500,1494,1500,2012,1500,1539,1500,2012,1500,1500,1500,1500,1500,1500,1500,2012,8.3
2025-03-03,11:44:36.000,-67,-70,10,3849,165,43,541,2554,-2,-14,356,710,0,0,0,-1,-1,-1,0x1002487FD0060014,1514,1494,1500,1500,2012,1499,1493,1495,1500,1499,988,1500,1500,1499,1500,1500,1500,1494,1500,2012,1500,1539,1500,2012,1500,1500,1500,1500,1500,1500,1500,2012,8.3
2025-03-03,11:44:36.500,-69,-68,10,3849,162,43,541,2554,-2,-14,356,710,0,0,0,-1,-1,-1,0x1002487FD0060014,1514,1494,1500,1500,2012,1499,1493,1495,1500,1499,988,1500,1500,1499,1500,1500,1500,1494,1500,2012,1500,1539,1500,2012,1500,1500,1500,1500,1500,1500,1500,2012,8.3
2025-03-03,11:44:37.000,-69,-68,10,3849,147,43,541,2554,-1,-13,356,709,0,0,0,-1,-1,-1,0x1002487FD0060014,1514,1495,1500,1500,2012,1500,1494,1495,1500,1500,988,1500,1500,1500,1500,1500,1500,1495,1500,2012,1500,1539,1500,2012,1500,1500,1500,1500,1500,1500,1500,2012,8.3
2025-03-03,11:44:37.500,-69,-68,10,3850,180,43,541,2554,-1,-14,356,710,0,0,0,-1,-1,-1,0x1002487FD0060014,1514,1494,1500,1500,2012,1500,1493,1495,1500,1500,988,1500,1500,1500,1500,1500,1500,1494,1500,2012,1500,1539,1500,2012,1500,1500,1500,1500,1500,1500,1500,2012,8.3
2025-03-03,11:44:38.000,-69,-68,10,3850,170,43,541,2554,-2,-14,356,710,0,0,0,-1,-1,-1,0x1002487FD0060014,1514,1494,1500,1500,2012,1499,1493,1495,1500,1499,988,1500,1500,1499,1500,1500,1500,1494,1500,2012,1500,1539,1500,2012,1500,1500,1500,1500,1500,1500,1500,2012,8.3
2025-03-03,11:44:38.500,-67,-68,10,3850,172,43,541,2554,-1,-13,356,709,0,0,0,-1,-1,-1,0x1002487FD0060014,1514,1495,1500,1500,2012,1500,1494,1495,1500,1499,988,1500,1500,1499,1500,1500,1500,1495,1500,2012,1500,1539,1500,2012,1500,1500,1500,1500,1500,1500,1500,2012,8.3
2025-03-03,11:44:39.000,-65,-68,10,3851,152,43,541,2554,-2,-13,356,710,0,0,0,-1,-1,-1,0x1002487FD0060014,1514,1495,1500,1500,2012,1499,1494,1495,1500,1499,988,1500,1500,1499,1500,1500,1500,1495,1500,2012,1500,1539,1500,2012,1500,1500,1500,1500,1500,1500,1500,2012,8.3
2025-03-03,11:44:39.500,-65,-68,10,3851,182,42,541,2554,-2,-14,356,709,0,0,0,-1,-1,-1,0x1002487FD0060014,1514,1494,1500,1500,2012,1499,1493,1495,1500,1499,988,1500,1500,1499,1500,1500,1500,1494,1500,2012,1500,1539,1500,2012,1500,1500,1500,1500,1500,1500,1500,2012,8.3
2025-03-03,11:44:40.000,-65,-75,10,3851,185,42,541,2554,-2,-4,356,709,0,0,0,-1,-1,-1,0x1002487FD0060014,1514,1498,1500,1500,2012,1499,1498,1499,1500,1499,988,1500,1500,1499,1500,1500,1500,1498,1500,2012,1500,1539,1500,2012,1500,1500,1500,1500,1500,1500,1500,2012,8.3
2025-03-03,11:44:40.500,-62,-75,10,3851,8290,42,541,2555,661,272,356,710,0,0,0,-1,-1,-1,0x1002487FD0060015,1660,1608,1528,1500,2012,1830,1636,1500,1500,1824,988,1500,1500,1746,1500,1500,1500,1500,1372,1628,1500,1539,1500,2012,1500,1500,1500,1500,1500,1500,1500,2012,8.3
2025-03-03,11:44:41.000,-68,-69,10,3828,11630,42,541,2556,34,539,356,709,0,0,0,-1,-1,-1,0x1002487FD0060015,1525,1698,1536,1500,2012,1517,1769,1500,1500,1524,988,1500,1500,1516,1500,1500,1500,1500,1372,1628,1500,1539,1500,2012,1500,1500,1500,1500,1500,1500,1500,2012,8.3
2025-03-03,11:44:41.500,-65,-64,10,3810,15802,42,541,2557,-428,101,356,710,0,0,0,-1,-1,-1,0x1002487FD0060015,1431,1556,1536,1500,2012,1286,1550,1500,1500,1286,988,1500,1500,1350,1500,1500,1500,1500,1372,1628,1500,1539,1500,2012,1500,1500,1500,1500,1500,1500,1500,2012,8.3
2025-03-03,11:44:42.000,-66,-71,10,3818,1520,43,541,2558,-430,43,356,709,0,0,0,-1,-1,-1,0x1002487FD0060015,1430,1526,1536,1500,2012,1285,1521,1500,1500,1286,988,1500,1500,1349,1500,1500,1500,1500,1214,1798,1500,1539,1500,2012,1500,1500,1500,1500,1500,1500,1500,2012,8.3
2025-03-03,11:44:42.500,-72,-75,10,3840,1637,44,541,2559,-582,102,356,710,0,0,0,-1,-1,-1,0x1002487FD0060815,1392,1557,1536,1500,2012,1209,1551,1500,1500,1215,988,1500,1500,1291,1500,1500,1500,1500,1372,1628,1500,1539,1500,2012,1500,1500,1500,1500,1500,1500,1500,2012,8.3
2025-03-03,11:44:43.000,-72,-73,10,3840,6437,44,541,2559,-229,483,356,710,0,0,0,-1,-1,-1,0x1002487FD0060015,1474,1678,1536,1500,2012,1386,1741,1500,1500,1386,988,1500,1500,1423,1500,1500,1500,1500,1372,1628,1500,1539,1500,2012,1500,1500,1500,1500,1500,1500,1500,2012,8.3
2025-03-03,11:44:43.500,-70,-73,10,3821,13097,44,541,2561,-347,-11,356,710,0,0,0,-1,-1,-1,0x1002487FD0060015,1454,1496,1536,1500,2012,1327,1495,1496,1500,1333,988,1500,1500,1385,1500,1500,1500,1496,1188,1832,1500,1539,1500,2012,1500,1500,1500,1500,1500,1500,1500,2012,8.3
2025-03-03,11:44:44.000,-68,-71,10,3815,2092,44,541,2561,-561,293,356,710,0,0,0,-1,-1,-1,0x1002487FD0060815,1398,1615,1536,1500,2012,1220,1646,1500,1500,1225,988,1500,1500,1299,1500,1500,1500,1500,1372,1628,1500,1539,1500,2012,1500,1500,1500,1500,1500,1500,1500,2012,8.3
2025-03-03,11:44:44.500,-75,-75,10,3833,8165,44,541,2562,-604,434,356,709,0,0,0,-1,-1,-1,0x1002487FD0060815,1382,1660,1536,1500,2012,1198,1717,1500,1500,1198,988,1500,1500,1275,1500,1500,1500,1500,1372,1628,1500,1539,1500,2012,1500,1500,1500,1500,1500,1500,1500,2012,8.3
2025-03-03,11:44:45.000,-73,-75,10,3821,10385,44,541,2563,-584,569,356,710,0,0,0,-1,-1,-1,0x1002487FD0060815,1384,1709,1536,1500,2012,1208,1784,1500,1500,1203,988,1500,1500,1280,1500,1500,1500,1500,1372,1628,1500,1539,1500,2012,1500,1500,1500,1500,1500,1500,1500,2012,8.3
2025-03-03,11:44:45.500,-67,-66,10,3802,34647,44,541,2567,-74,-16,356,710,0,0,0,-1,-1,-1,0x1002487FD0060015,1499,1494,1536,1500,2012,1463,1492,1494,1500,1456,988,1500,1500,1471,1500,1500,1500,1494,1246,1764,1500,1539,1500,2012,1500,1500,1500,1500,1500,1500,1500,2012,8.3
2025-03-03,11:44:46.000,-67,-62,10,3791,185,44,541,2567,1024,-16,356,710,0,0,0,-1,-1,-1,0x1002487FD0060015,1786,1494,1536,1500,2012,2012,1492,1494,1500,2012,988,1500,1500,2012,1500,1500,1500,1494,1372,2012,1500,1539,1500,2012,1500,1500,1500,1500,1500,1500,1500,2012,8.3
2025-03-03,11:44:46.500,-62,-67,10,3838,3690,44,541,2567,876,289,356,709,0,0,0,-1,-1,-1,0x1002487FD0060015,1729,1614,1536,1500,2012,1938,1644,1500,1500,1944,988,1500,1500,1890,1500,1500,1500,1500,1372,1628,1500,1539,1500,2012,1500,1500,1500,1500,1500,1500,1500,2012,8.3
2025-03-03,11:44:47.000,-65,-56,10,3827,15212,44,541,2568,325,575,356,710,0,0,0,-1,-1,-1,0x1002487FD0060015,1579,1711,1536,1500,2012,1662,1787,1500,1500,1642,988,1500,1500,1597,1500,1500,1500,1500,1372,1628,1500,1539,1500,2012,1500,1500,1500,1500,1500,1500,1500,2012,8.3
2025-03-03,11:44:47.500,-57,-65,10,3790,21390,44,541,2571,-373,516,356,710,0,0,0,-1,-1,-1,0x1002487FD0060015,1445,1690,1536,1500,2012,1314,1758,1500,1500,1314,988,1500,1500,1371,1500,1500,1500,1500,1372,1628,1500,1539,1500,2012,1500,1500,1500,1500,1500,1500,1500,2012,8.3
2025-03-03,11:44:48.000,-67,-62,10,3769,17115,44,541,2573,-1,823,356,709,0,0,0,-1,-1,-1,0x1002487FD0060015,1514,1851,1536,1500,2012,1500,1911,1500,1500,1500,988,1500,1500,1500,1500,1500,1500,1500,1372,1628,1500,1539,1500,2012,1500,1500,1500,1500,1500,1500,1500,2012,8.3
2025-03-03,11:44:48.500,-77,-61,10,3759,65770,44,541,2582,2,-169,356,710,0,0,0,-1,-1,-1,0x1002487FD20E0015,1515,1433,1536,1500,2012,1501,1416,1433,1500,1501,988,1500,1500,1501,1500,1500,1500,1433,1132,1901,1500,1539,1500,2012,1500,1500,1500,1500,1500,1500,1500,2012,8.3
2025-03-03,11:44:49.000,-72,-64,10,3775,162,44,541,2582,-968,-155,356,710,0,0,0,-1,-1,-1,0x1002487FD20E0015,1221,1439,1536,1500,2012,1016,1423,1439,1500,1023,988,1500,1500,1053,1500,1500,1500,1439,1372,2012,1500,1539,1500,2012,1500,1500,1500,1500,1500,1500,1500,2012,8.3
2025-03-03,11:44:49.500,-72,-61,10,3824,500,44,541,2582,-1024,9,356,710,0,0,0,-1,-1,-1,0x1002487FD0060815,1177,1505,1536,1500,2012,988,1504,1500,1500,988,988,1500,1500,988,1500,1500,1500,1500,1372,2012,1500,1539,1500,2012,1500,1500,1500,1500,1500,1500,1500,2012,8.3
2025-03-03,11:44:50.000,-71,-73,10,3827,4747,44,541,2582,-999,399,356,709,0,0,0,-1,-1,-1,0x1002487FD0060815,1193,1648,1536,1500,2012,1001,1699,1500,1500,1000,988,1500,1500,1012,1500,1500,1500,1500,1372,1628,1500,1539,1500,2012,1500,1500,1500,1500,1500,1500,1500,2012,8.3
2025-03-03,11:44:50.500,-70,-71,10,3802,17832,44,541,2584,-749,542,356,709,0,0,0,-1,-1,-1,0x1002487FD0060815,1327,1699,1536,1500,2012,1126,1771,1500,1500,1125,988,1500,1500,1200,1500,1500,1500,1500,1372,1628,1500,1539,1500,2012,1500,1500,1500,1500,1500,1500,1500,2012,8.3
2025-03-03,11:44:51.000,-66,-71,10,3762,20022,44,541,2587,-35,589,356,710,0,0,0,-1,-1,-1,0x1002487FD0060015,1506,1717,1536,1500,2012,1483,1794,1500,1500,1477,988,1500,1500,1485,1500,1500,1500,1500,1372,1628,1500,1539,1500,2012,1500,1500,1500,1500,1500,1500,1500,2012,8.3
2025-03-03,11:44:51.500,-62,-71,10,3757,11177,45,541,2588,48,80,356,709,0,0,0,-1,-1,-1,0x1002487FD0060015,1525,1549,1536,1500,2012,1524,1540,1500,1500,1524,988,1500,1500,1516,1500,1500,1500,1500,1372,1628,1500,1539,1500,2012,1500,1500,1500,1500,1500,1500,1500,2012,8.3
2025-03-03,11:44:52.000,-66,-65,10,3790,997,45,541,2588,-164,277,356,709,0,0,0,-1,-1,-1,0x1002487FD0060015,1486,1610,1536,1500,2012,1418,1638,1500,1500,1419,988,1500,1500,1445,1500,1500,1500,1500,1372,1628,1500,1539,1500,2012,1500,1500,1500,1500,1500,1500,1500,2012,8.3
2025-03-03,11:44:52.500,-64,-65,10,3822,4902,45,541,2589,0,124,356,710,0,0,0,-1,-1,-1,0x1002487FD0060015,1514,1563,1536,1500,2012,1500,1562,1500,1500,1500,988,1500,1500,1500,1500,1500,1500,1500,1372,1628,1500,1539,1500,2012,1500,1500,1500,1500,1500,1500,1500,2012,8.3
2025-03-03,11:44:53.000,-52,-65,10,3821,710,45,541,2589,1,-626,356,710,0,0,0,-1,-1,-1,0x1002487FD20E0015,1514,1274,1536,1500,2012,1500,1187,1274,1500,1500,988,1500,1500,1500,1500,1500,1500,1274,1243,2012,1500,1539,1500,2012,1500,1500,1500,1500,1500,1500,1500,2012,8.3
2025-03-03,11:44:53.500,-51,-65,10,3829,92,45,541,2589,0,-10,357,710,0,0,0,-1,-1,-1,0x1002487FD0060015,1514,1496,1536,1500,2012,1500,1495,1496,1500,1500,988,1500,1500,1500,1500,1500,1500,1496,1372,2012,1500,1539,1500,2012,1500,1500,1500,1500,1500,1500,1500,2012,8.3
2025-03-03,11:44:54.000,-50,-53,10,3833,380,45,541,2589,0,17,356,709,0,0,0,-1,-1,-1,0x1002487FD0060015,1514,1510,1536,1500,2012,1500,1508,1500,1500,1500,988,1500,1500,1500,1500,1500,1500,1500,1372,2012,1500,1539,1500,2012,1500,1500,1500,1500,1500,1500,1500,2012,8.3
2025-03-03,11:44:54.500,-49,-46,10,3834,355,45,541,2589,-2,-12,356,710,0,0,0,-1,-1,-1,0x1002487FD0060015,1514,1496,1536,1500,2012,1499,1494,1496,1500,1499,988,1500,1500,1499,1500,1500,1500,1496,1500,2012,1500,1539,1500,2012,1500,1500,1500,1500,1500,1500,1500,2012,8.3
2025-03-03,11:44:55.000,-49,-47,10,3835,355,45,541,2589,-1,-13,356,710,0,0,0,-1,-1,-1,0x1002487FD0060015,1514,1495,1536,1500,2012,1500,1494,1495,1500,1500,988,1500,1500,1500,1500,1500,1500,1495,1500,2012,1500,1539,1500,2012,1500,1500,1500,1500,1500,1500,1500,2012,8.3
2025-03-03,11:44:55.500,-49,-51,10,3836,350,44,541,2589,-2,-13,356,710,0,0,0,-1,-1,-1,0x1002487FD0060015,1514,1495,1536,1500,2012,1499,1494,1495,1500,1499,988,1500,1500,1499,1500,1500,1500,1495,1500,2012,1500,1539,1500,2012,1500,1500,1500,1500,1500,1500,1500,2012,8.3
2025-03-03,11:44:56.000,-47,-51,10,3836,340,44,541,2589,-2,-14,356,710,0,0,0,-1,-1,-1,0x1002487FD0060015,1514,1494,1516,1500,2012,1499,1493,1495,1500,1499,988,1500,1500,1499,1500,1500,1500,1494,1500,2012,1500,1539,1500,2012,1500,1500,1500,1500,1500,1500,1500,2012,8.3
2025-03-03,11:44:56.500,-50,-51,10,3837,165,44,541,2589,-1,-13,356,710,0,0,0,-1,-1,-1,0x1002487FD0060014,1514,1495,1500,1500,2012,1500,1494,1495,1500,1500,988,1500,1500,1500,1500,1500,1500,1495,1500,2012,1500,1539,1500,2012,1500,1500,1500,1500,1500,1500,1500,2012,8.3
2025-03-03,11:44:57.000,-58,-52,10,3839,172,44,541,2589,-2,-14,356,710,0,0,0,-1,-1,-1,0x1002487FD0060014,1514,1494,1500,1500,2012,1499,1493,1495,1500,1499,988,1500,1500,1499,1500,1500,1500,1494,1500,2012,1500,1539,1500,2012,1500,1500,1500,1500,1500,1500,1500,2012,8.3
2025-03-03,11:44:57.500,-58,-50,10,3840,187,43,541,2589,-1,2,356,710,0,0,0,-1,-1,-1,0x1002487FD0060014,1514,1501,1500,1500,2012,1500,1501,1500,1500,1500,988,1500,1500,1500,1500,1500,1500,1500,1500,2012,1500,1539,1500,2012,1500,1500,1500,1500,1500,1500,1500,2012,8.3
2025-03-03,11:44:58.000,-49,-54,10,3840,5545,43,541,2590,-78,202,356,710,0,0,0,-1,-1,-1,0x1002487FD0060015,1503,1587,1533,1500,2012,1461,1601,1500,1500,1467,988,1500,1500,1478,1500,1500,1500,1500,1372,1628,1500,1539,1500,2012,1500,1500,1500,1500,1500,1500,1500,2012,8.3
2025-03-03,11:44:58.500,-48,-54,10,3831,3235,43,541,2590,-320,177,356,710,0,0,0,-1,-1,-1,0x1002487FD0060815,1457,1579,1536,1500,2012,1340,1588,1500,1500,1340,988,1500,1500,1390,1500,1500,1500,1500,1372,1628,1500,1539,1500,2012,1500,1500,1500,1500,1500,1500,1500,2012,8.3
2025-03-03,11:44:59.000,-39,-54,10,3830,2612,43,541,2591,-1,278,356,710,0,0,0,-1,-1,-1,0x1002487FD0060015,1514,1610,1536,1500,2012,1500,1639,1500,1500,1499,988,1500,1500,1499,1500,1500,1500,1500,1372,1628,1500,1539,1500,2012,1500,1500,1500,1500,1500,1500,1500,2012,8.3
2025-03-03,11:44:59.500,-37,-54,10,3828,5825,44,541,2591,-201,228,356,709,0,0,0,-1,-1,-1,0x1002487FD0060015,1479,1594,1536,1500,2012,1400,1614,1500,1500,1400,988,1500,1500,1433,1500,1500,1500,1500,1372,1628,1500,1539,1500,2012,1500,1500,1500,1500,1500,1500,1500,2012,8.3
2025-03-03,11:45:00.000,-43,-51,10,3824,1920,44,541,2592,-354,290,356,710,0,0,0,-1,-1,-1,0x1002487FD0060815,1445,1614,1536,1500,2012,1323,1645,1500,1500,1314,988,1500,1500,1371,1500,1500,1500,1500,1372,1628,1500,1539,1500,2012,1500,1500,1500,1500,1500,1500,1500,2012,8.3
2025-03-03,11:45:00.500,-42,-42,10,3828,5852,44,541,2592,474,-267,356,710,0,0,0,-1,-1,-1,0x1002487FD20E0015,1618,1402,1536,1500,2012,1737,1367,1403,1500,1737,988,1500,1500,1669,1500,1500,1500,1402,1161,2012,1500,1539,1500,2012,1500,1500,1500,1500,1500,1500,1500,2012,8.3
2025-03-03,11:45:01.000,-43,-48,10,3836,2522,44,541,2593,1010,78,356,710,0,0,0,-1,-1,-1,0x1002487FD0060015,1779,1548,1536,1500,2012,2005,1539,1500,1500,2005,988,1500,1500,1999,1500,1500,1500,1500,1372,1628,1500,1539,1500,2012,1500,1500,1500,1500,1500,1500,1500,2012,8.3
2025-03-03,11:45:01.500,-42,-48,10,3836,2277,44,541,2593,967,173,356,709,0,0,0,-1,-1,-1,0x1002487FD0060015,1752,1578,1536,1500,2012,1983,1586,1500,1500,1978,988,1500,1500,1947,1500,1500,1500,1500,1372,1628,1500,1539,1500,2012,1500,1500,1500,1500,1500,1500,1500,2012,8.3
2025-03-03,11:45:02.000,-50,-46,10,3832,2645,44,541,2593,83,-467,356,710,0,0,0,-1,-1,-1,0x1002487FD20A0015,1532,1358,1536,1500,2012,1541,1267,1358,1500,1542,988,1500,1500,1528,1500,1500,1500,1358,1105,2012,1500,1539,1500,2012,1500,1500,1500,1500,1500,1500,1500,2012,8.3
2025-03-03,11:45:02.500,-58,-51,10,3837,262,45,541,2593,-3,-19,356,710,0,0,0,-1,-1,-1,0x1002487FD0060015,1514,1492,1536,1500,2012,1499,1491,1493,1500,1499,988,1500,1500,1499,1500,1500,1500,1492,1372,2012,1500,1539,1500,2012,1500,1500,1500,1500,1500,1500,1500,2012,8.3
2025-03-03,11:45:03.000,-61,-62,10,3841,345,45,541,2593,-3,-17,356,710,0,0,0,-1,-1,-1,0x1002487FD0060015,1514,1493,1536,1500,2012,1499,1492,1493,1500,1499,988,1500,1500,1499,1500,1500,1500,1493,1372,2012,1500,1539,1500,2012,1500,1500,1500,1500,1500,1500,1500,2012,8.3
2025-03-03,11:45:03.500,-63,-60,10,3842,360,44,541,2593,-5,-18,356,710,0,0,0,-1,-1,-1,0x1002487FD0060015,1513,1493,1536,1500,2012,1498,1491,1493,1500,1498,988,1500,1500,1499,1500,1500,1500,1493,1500,2012,1500,1539,1500,2012,1500,1500,1500,1500,1500,1500,1500,2012,8.3
2025-03-03,11:45:04.000,-65,-50,10,3842,387,44,541,2593,-4,-17,356,710,0,0,0,-1,-1,-1,0x1002487FD0060015,1513,1493,1536,1500,2012,1498,1492,1493,1500,1498,988,1500,1500,1499,1500,1500,1500,1493,1500,2012,1500,1539,1500,2012,1500,1500,1500,1500,1500,1500,1500,2012,8.3
2025-03-03,11:45:04.500,-69,-50,10,3843,380,44,541,2593,-4,-21,356,709,0,0,0,-1,-1,-1,0x1002487FD0060015,1513,1492,1536,1500,2012,1498,1490,1492,1500,1498,988,1500,1500,1499,1500,1500,1500,1492,1500,2012,1500,1539,1500,2012,1500,1500,1500,1500,1500,1500,1500,2012,8.3
2025-03-03,11:45:05.000,-56,-65,10,3843,342,44,541,2593,-4,-16,356,710,0,0,0,-1,-1,-1,0x1002487FD0060015,1513,1494,1523,1500,2012,1498,1492,1494,1500,1498,988,1500,1500,1499,1500,1500,1500,1494,1500,2012,1500,1539,1500,2012,1500,1500,1500,1500,1500,1500,1500,2012,8.3
2025-03-03,11:45:05.500,-56,-57,10,3844,187,44,541,2594,-4,-19,356,710,0,0,0,-1,-1,-1,0x1002487FD0060014,1513,1492,1500,1500,2012,1498,1491,1493,1500,1498,988,1500,1500,1499,1500,1500,1500,1492,1500,2012,1500,1539,1500,2012,1500,1500,1500,1500,1500,1500,1500,2012,8.3
2025-03-03,11:45:06.000,-67,-65,10,3845,150,44,541,2594,-5,-14,356,709,0,0,0,-1,-1,-1,0x1002487FD0060014,1513,1494,1500,1500,2012,1498,1493,1495,1500,1498,988,1500,1500,1499,1500,1500,1500,1494,1500,2012,1500,1539,1500,2012,1500,1500,1500,1500,1500,1500,1500,2012,8.3
2025-03-03,11:45:06.500,-79,-68,10,3846,160,43,541,2594,-5,-16,356,710,0,0,0,-1,-1,-1,0x1002487FD0060014,1513,1494,1500,1500,2012,1498,1492,1494,1500,1498,988,1500,1500,1499,1500,1500,1500,1494,1500,2012,1500,1539,1500,2012,1500,1500,1500,1500,1500,1500,1500,2012,8.3
2025-03-03,11:45:07.000,-65,-64,10,3846,185,43,541,2594,-4,-11,356,710,0,0,0,-1,-1,-1,0x1002487FD0060014,1513,1496,1500,1500,2012,1498,1495,1496,1500,1498,988,1500,1500,1499,1500,1500,1500,1496,1500,2012,1500,1539,1500,2012,1500,1500,1500,1500,1500,1500,1500,2012,8.3
2025-03-03,11:45:07.500,-65,-63,10,3846,175,43,541,2594,-5,-17,356,710,0,0,0,-1,-1,-1,0x1002487FD0060014,1513,1493,1500,1500,2012,1498,1492,1493,1500,1498,988,1500,1500,1499,1500,1500,1500,1493,1500,2012,1500,1539,1500,2012,1500,1500,1500,1500,1500,1500,1500,2012,8.3
2025-03-03,11:45:08.000,-66,-68,10,3847,180,43,541,2594,-4,-16,356,709,0,0,0,-1,-1,-1,0x1002487FD0060014,1513,1494,1500,1500,2012,1498,1492,1494,1500,1498,988,1500,1500,1499,1500,1500,1500,1494,1500,2012,1500,1539,1500,2012,1500,1500,1500,1500,1500,1500,1500,2012,8.3
2025-03-03,11:45:08.500,-66,-63,10,3847,172,43,541,2594,-4,-15,356,710,0,0,0,-1,-1,-1,0x1002487FD0060014,1513,1494,1500,1500,2012,1498,1493,1495,1500,1498,988,1500,1500,1499,1500,1500,1500,1494,1500,2012,1500,1539,1500,2012,1500,1500,1500,1500,1500,1500,1500,2012,8.3
2025-03-03,11:45:09.000,-66,-60,10,3848,172,43,541,2594,-4,-10,356,710,0,0,0,-1,-1,-1,0x1002487FD0060014,1513,1496,1500,1500,2012,1498,1495,1496,1500,1498,988,1500,1500,1499,1500,1500,1500,1496,1500,2012,1500,1539,1500,2012,1500,1500,1500,1500,1500,1500,1500,2012,8.3
2025-03-03,11:45:09.500,-67,-62,10,3848,172,43,541,2594,-4,-14,356,710,0,0,0,-1,-1,-1,0x1002487FD0060014,1513,1494,1500,1500,2012,1498,1493,1495,1500,1498,988,1500,1500,1499,1500,1500,1500,1494,1500,2012,1500,1539,1500,2012,1500,1500,1500,1500,1500,1500,1500,2012,8.3
2025-03-03,11:45:10.000,-69,-60,10,3848,170,43,541,2594,-4,-13,356,710,0,0,0,-1,-1,-1,0x1002487FD0060014,1513,1495,1500,1500,2012,1498,1494,1495,1500,1498,988,1500,1500,1499,1500,1500,1500,1495,1500,2012,1500,1539,1500,2012,1500,1500,1500,1500,1500,1500,1500,2012,8.3
2025-03-03,11:45:10.500,-69,-63,10,3848,160,43,541,2594,-4,-15,356,710,0,0,0,-1,-1,-1,0x1002487FD0060014,1513,1494,1500,1500,2012,1498,1493,1495,1500,1498,988,1500,1500,1499,1500,1500,1500,1494,1500,2012,1500,1539,1500,2012,1500,1500,1500,1500,1500,1500,1500,2012,8.3
2025-03-03,11:45:11.000,-75,-67,10,3849,170,42,541,2594,-4,-8,356,710,0,0,0,-1,-1,-1,0x1002487FD0060014,1514,1497,1500,1500,2012,1498,1496,1497,1500,1499,988,1500,1500,1499,1500,1500,1500,1497,1500,2012,1500,1539,1500,2012,1500,1500,1500,1500,1500,1500,1500,2012,8.3
2025-03-03,11:45:11.500,-75,-53,10,3849,442,42,541,2594,-4,-13,356,710,0,0,0,-1,-1,-1,0x1002487FD0060015,1513,1495,1523,1500,2012,1498,1494,1495,1500,1498,988,1500,1500,1499,1500,1500,1500,1495,1215,2012,1500,1539,1500,2012,1500,1500,1500,1500,1500,1500,1500,2012,8.3
2025-03-03,11:45:12.000,-75,-53,10,3849,357,42,541,2594,-4,1,356,710,0,0,0,-1,-1,-1,0x1002487FD0060015,1513,1500,1536,1500,2012,1498,1500,1500,1500,1498,988,1500,1500,1499,1500,1500,1500,1500,1372,2012,1500,1539,1500,2012,1500,1500,1500,1500,1500,1500,1500,2012,8.3
2025-03-03,11:45:12.500,-54,-57,10,3849,342,42,541,2594,-4,-15,356,710,0,0,0,-1,-1,-1,0x1002487FD0060015,1513,1494,1536,1500,2012,1498,1493,1495,1500,1498,988,1500,1500,1499,1500,1500,1500,1494,1372,2012,1500,1539,1500,2012,1500,1500,1500,1500,1500,1500,1500,2012,8.3
2025-03-03,11:45:13.000,-52,-57,10,3849,357,42,541,2594,-2,-16,356,710,0,0,0,-1,-1,-1,0x1002487FD0060015,1514,1494,1536,1500,2012,1499,1492,1494,1500,1499,988,1500,1500,1499,1500,1500,1500,1494,1500,2012,1500,1539,1500,2012,1500,1500,1500,1500,1500,1500,1500,2012,8.3
2025-03-03,11:45:13.500,-69,-54,10,3849,385,43,541,2594,-3,-15,356,710,0,0,0,-1,-1,-1,0x1002487FD0060015,1514,1494,1536,1500,2012,1499,1493,1495,1500,1499,988,1500,1500,1499,1500,1500,1500,1494,1500,2012,1500,1539,1500,2012,1500,1500,1500,1500,1500,1500,1500,2012,8.3
2025-03-03,11:45:14.000,-69,-43,10,3850,360,43,541,2594,13,-16,356,710,0,0,0,-1,-1,-1,0x1002487FD0060015,1516,1494,1536,1500,2012,1506,1492,1494,1500,1506,988,1500,1500,1504,1500,1500,1500,1494,1500,2012,1500,1539,1500,2012,1500,1500,1500,1500,1500,1500,1500,2012,8.3
2025-03-03,11:45:14.500,-69,-41,10,3850,605,43,541,2594,1024,-14,356,710,0,0,0,-1,-1,-1,0x1002487FD0060015,1786,1494,1517,1500,2012,2012,1493,1495,1500,2012,988,1500,1500,2012,1500,1500,1500,1494,1500,2012,1500,1539,1500,2012,1500,1500,1500,1500,1500,1500,1500,2012,8.3
2025-03-03,11:45:15.000,-31,-46,10,3850,167,43,541,2594,1024,156,356,709,0,0,0,-1,-1,-1,0x1002487FD0060014,1786,1573,1505,1500,2012,2012,1578,1500,1500,2012,988,1500,1500,2012,1500,1500,1500,1500,1372,1628,1500,1539,1500,2012,1500,1500,1500,1500,1500,1500,1500,2012,8.3
2025-03-03,11:45:15.500,-30,-39,10,3851,5027,43,541,2595,1024,113,356,710,0,0,0,-1,-1,-1,0x1002487FD0060015,1786,1560,1536,1500,2012,2012,1556,1500,1500,2012,988,1500,1500,2012,1500,1500,1500,1500,1372,1628,1500,1539,1500,2012,1500,1500,1500,1500,1500,1500,1500,2012,8.3
2025-03-03,11:45:16.000,-34,-37,10,3840,7010,43,541,2596,-687,141,356,710,0,0,0,-1,-1,-1,0x1002487FD0060015,1358,1568,1536,1500,2012,1157,1570,1500,1500,1165,988,1500,1500,1243,1500,1500,1500,1500,1372,1628,1500,1539,1500,2012,1500,1500,1500,1500,1500,1500,1500,2012,8.3
2025-03-03,11:45:16.500,-37,-37,10,3832,15720,43,541,2597,109,294,356,710,0,0,0,-1,-1,-1,0x1002487FD0060015,1535,1615,1536,1500,2012,1554,1647,1500,1500,1548,988,1500,1500,1532,1500,1500,1500,1500,1372,1628,1500,1539,1500,2012,1500,1500,1500,1500,1500,1500,1500,2012,8.3
2025-03-03,11:45:17.000,-52,-56,10,3790,15730,44,541,2600,-124,536,356,709,0,0,0,-1,-1,-1,0x1002487FD0060015,1493,1697,1536,1500,2012,1438,1768,1500,1500,1438,988,1500,1500,1458,1500,1500,1500,1500,1372,1628,1500,1539,1500,2012,1500,1500,1500,1500,1500,1500,1500,2012,8.3
2025-03-03,11:45:17.500,-55,-57,10,3807,1807,44,541,2601,156,-15,356,710,0,0,0,-1,-1,-1,0x1002487FD0060015,1549,1494,1536,1500,2012,1578,1493,1495,1500,1578,988,1500,1500,1552,1500,1500,1500,1494,1297,2012,1500,1539,1500,2012,1500,1500,1500,1500,1500,1500,1500,2012,8.3
2025-03-03,11:45:18.000,-59,-56,10,3836,387,44,541,2601,1024,-15,356,709,0,0,0,-1,-1,-1,0x1002487FD0060015,1786,1494,1536,1500,2012,2012,1493,1495,1500,2012,988,1500,1500,2012,1500,1500,1500,1494,1372,2012,1500,1539,1500,2012,1500,1500,1500,1500,1500,1500,1500,2012,8.3
2025-03-03,11:45:18.500,-53,-59,10,3843,2225,44,541,2601,760,413,356,709,0,0,0,-1,-1,-1,0x1002487FD0060015,1691,1653,1536,1500,2012,1880,1706,1500,1500,1880,988,1500,1500,1805,1500,1500,1500,1500,1372,1628,1500,1539,1500,2012,1500,1500,1500,1500,1500,1500,1500,2012,8.3
2025-03-03,11:45:19.000,-54,-55,10,3841,7365,44,541,2602,802,533,356,710,0,0,0,-1,-1,-1,0x1002487FD0060015,1704,1696,1536,1500,2012,1901,1766,1500,1500,1901,988,1500,1500,1830,1500,1500,1500,1500,1372,1628,1500,1539,1500,2012,1500,1500,1500,1500,1500,1500,1500,2012,8.3
2025-03-03,11:45:19.500,-49,-51,10,3815,22127,44,541,2605,1002,581,356,709,0,0,0,-1,-1,-1,0x1002487FD0060015,1769,1713,1536,1500,2012,2001,1790,1500,1500,1996,988,1500,1500,1981,1500,1500,1500,1500,1372,1628,1500,1539,1500,2012,1500,1500,1500,1500,1500,1500,1500,2012,8.3
2025-03-03,11:45:20.000,-59,-69,10,3763,37192,44,541,2610,154,422,356,709,0,0,0,-1,-1,-1,0x1002487FD0060015,1545,1656,1536,1500,2012,1577,1711,1500,1500,1570,988,1500,1500,1547,1500,1500,1500,1500,1372,1628,1500,1539,1500,2012,1500,1500,1500,1500,1500,1500,1500,2012,8.3
2025-03-03,11:45:20.500,-55,-50,10,3739,28560,44,541,2615,-169,-717,356,710,0,0,0,-1,-1,-1,0x1002487FD20A0015,1485,1279,1536,1500,2012,1416,1142,1279,1500,1416,988,1500,1500,1443,1500,1500,1500,1279,1133,2012,1500,1539,1500,988,1500,1500,1500,1500,1500,1500,1500,2012,8.3
2025-03-03,11:45:21.000,-50,-38,10,3789,62,44,541,2615,1024,-739,356,710,0,0,0,-1,-1,-1,0x1002487FD20E0015,1786,1254,1536,1500,2012,2012,1131,1255,1500,2012,988,1500,1500,2012,1500,1500,1500,1254,1372,2012,1500,1539,1500,2012,1500,1500,1500,1500,1500,1500,1500,2012,8.3
2025-03-03,11:45:21.500,-50,-38,10,3830,217,44,541,2615,1024,-13,356,709,0,0,0,-1,-1,-1,0x1002487FD0060015,1786,1495,1536,1500,2012,2012,1494,1495,1500,2012,988,1500,1500,2012,1500,1500,1500,1495,1372,2012,1500,1539,1500,2012,1500,1500,1500,1500,1500,1500,1500,2012,8.3
2025-03-03,11:45:22.000,-50,-40,10,3831,2162,44,541,2615,1024,160,356,710,0,0,0,-1,-1,-1,0x1002487FD0060015,1786,1574,1536,1500,2012,2012,1580,1500,1500,2012,988,1500,1500,2012,1500,1500,1500,1500,1372,1628,1500,1539,1500,2012,1500,1500,1500,1500,1500,1500,1500,2012,8.3
2025-03-03,11:45:22.500,-50,-44,10,3827,8445,44,541,2616,1,119,356,710,0,0,0,-1,-1,-1,0x1002487FD0060015,1514,1562,1536,1500,2012,1500,1559,1500,1500,1500,988,1500,1500,1500,1500,1500,1500,1500,1372,1628,1500,1539,1500,2012,1500,1500,1500,1500,1500,1500,1500,2012,8.3
2025-03-03,11:45:23.000,-41,-48,10,3823,1225,44,541,2616,11,-49,356,709,0,0,0,-1,-1,-1,0x1002487FD2060015,1516,1481,1536,1500,2012,1505,1476,1481,1500,1505,988,1500,1500,1504,1500,1500,1500,1481,1372,2012,1500,1539,1500,2012,1500,1500,1500,1500,1500,1500,1500,2012,8.3
2025-03-03,11:45:23.500,-30,-48,10,3834,400,44,541,2616,620,143,356,710,0,0,0,-1,-1,-1,0x1002487FD0060015,1654,1569,1536,1500,2012,1810,1571,1500,1500,1815,988,1500,1500,1737,1500,1500,1500,1500,1372,1628,1500,1539,1500,2012,1500,1500,1500,1500,1500,1500,1500,2012,8.3
2025-03-03,11:45:24.000,-30,-31,10,3835,2975,44,541,2617,62,141,356,710,0,0,0,-1,-1,-1,0x1002487FD0060015,1525,1568,1536,1500,2012,1531,1570,1500,1500,1524,988,1500,1500,1516,1500,1500,1500,1500,1372,1628,1500,1539,1500,2012,1500,1500,1500,1500,1500,1500,1500,2012,8.3
2025-03-03,11:45:24.500,-38,-40,10,3826,27555,44,541,2619,-2,485,356,709,0,0,0,-1,-1,-1,0x1002487FD0060015,1514,1678,1536,1500,2012,1499,1742,1500,1500,1499,988,1500,1500,1499,1500,1500,1500,1500,1372,1628,1500,1539,1500,2012,1500,1500,1500,1500,1500,1500,1500,2012,8.3
2025-03-03,11:45:25.000,-45,-47,10,3797,2072,44,541,2620,-1,-653,356,709,0,0,0,-1,-1,-1,0x1002487FD20E0015,1514,1260,1536,1500,2012,1500,1174,1261,1500,1500,988,1500,1500,1500,1500,1500,1500,1260,1372,2012,1500,1539,1500,2012,1500,1500,1500,1500,1500,1500,1500,2012,8.3
2025-03-03,11:45:25.500,-53,-56,10,3831,137,44,541,2620,484,599,356,710,0,0,0,-1,-1,-1,0x1002487FD0060015,1627,1722,1536,1500,2012,1742,1799,1500,1500,1755,988,1500,1500,1684,1500,1500,1500,1500,1372,1628,1500,1539,1500,2012,1500,1500,1500,1500,1500,1500,1500,2012,8.3
2025-03-03,11:45:26.000,-52,-59,10,3828,19242,44,541,2622,257,530,356,710,0,0,0,-1,-1,-1,0x1002487FD0060015,1579,1695,1536,1500,2012,1628,1765,1500,1500,1643,988,1500,1500,1597,1500,1500,1500,1500,1372,1628,1500,1539,1500,2012,1500,1500,1500,1500,1500,1500,1500,2012,8.3
2025-03-03,11:45:26.500,-60,-67,10,3761,24532,44,541,2625,-267,220,356,710,0,0,0,-1,-1,-1,0x1002487FD0060015,1466,1592,1536,1500,2012,1367,1603,1500,1500,1367,988,1500,1500,1409,1500,1500,1500,1500,1372,1628,1500,1539,1500,2012,1500,1500,1500,1500,1500,1500,1500,2012,8.3
2025-03-03,11:45:27.000,-63,-63,10,3765,572,44,541,2626,1024,-18,356,709,0,0,0,-1,-1,-1,0x1002487FD0060015,1786,1493,1536,1500,2012,2012,1491,1493,1500,2012,988,1500,1500,2012,1500,1500,1500,1493,1372,2012,1500,1539,1500,2012,1500,1500,1500,1500,1500,1500,1500,2012,8.3
2025-03-03,11:45:27.500,-66,-61,10,3827,532,44,541,2626,1024,154,356,710,0,0,0,-1,-1,-1,0x1002487FD0060015,1786,1572,1536,1500,2012,2012,1577,1500,1500,2012,988,1500,1500,2012,1500,1500,1500,1500,1372,1628,1500,1539,1500,2012,1500,1500,1500,1500,1500,1500,1500,2012,8.3
2025-03-03,11:45:28.000,-58,-67,10,3830,2607,44,541,2626,1024,191,356,709,0,0,0,-1,-1,-1,0x1002487FD0060015,1786,1583,1536,1500,2012,2012,1595,1500,1500,2012,988,1500,1500,2012,1500,1500,1500,1500,1372,1628,1500,1539,1500,2012,1500,1500,1500,1500,1500,1500,1500,2012,8.3
2025-03-03,11:45:28.500,-59,-67,10,3821,10672,44,541,2627,134,503,356,710,0,0,0,-1,-1,-1,0x1002487FD0060015,1544,1685,1536,1500,2012,1567,1751,1500,1500,1567,988,1500,1500,1545,1500,1500,1500,1500,1372,1628,1500,1539,1500,2012,1500,1500,1500,1500,1500,1500,1500,2012,8.3
2025-03-03,11:45:29.000,-72,-68,10,3793,19677,45,541,2629,406,534,356,709,0,0,0,-1,-1,-1,0x1002487FD0060015,1602,1696,1536,1500,2012,1703,1767,1500,1500,1697,988,1500,1500,1638,1500,1500,1500,1500,1372,1628,1500,1539,1500,2012,1500,1500,1500,1500,1500,1500,1500,2012,8.3
2025-03-03,11:45:29.500,-66,-77,10,3758,24802,45,541,2632,-108,699,356,710,0,0,0,-1,-1,-1,0x1002487FD0060015,1495,1768,1536,1500,2012,1446,1849,1500,1500,1446,988,1500,1500,1464,1500,1500,1500,1500,1372,1628,1500,1539,1500,2012,1500,1500,1500,1500,1500,1500,1500,2012,8.3
2025-03-03,11:45:30.000,-59,-74,10,3743,16282,45,541,2634,0,-563,356,710,0,0,0,-1,-1,-1,0x1002487FD20A0015,1514,1323,1536,1500,2012,1500,1219,1324,1500,1500,988,1500,1500,1500,1500,1500,1500,1323,1105,2012,1500,1539,1500,2012,1500,1500,1500,1500,1500,1500,1500,2012,8.3
2025-03-03,11:45:30.500,-43,-74,10,3796,0,46,541,2634,-1,-620,356,709,0,0,0,-1,-1,-1,0x1002487FD20E0015,1514,1276,1536,1500,2012,1500,1190,1277,1500,1500,988,1500,1500,1500,1500,1500,1500,1276,1372,2012,1500,1539,1500,2012,1500,1500,1500,1500,1500,1500,1500,2012,8.3
2025-03-03,11:45:31.000,-42,-41,10,3832,225,45,541,2634,-1,-18,356,710,0,0,0,-1,-1,-1,0x1002487FD0060015,1514,1493,1536,1500,2012,1500,1491,1493,1500,1500,988,1500,1500,1500,1500,1500,1500,1493,1372,2012,1500,1539,1500,2012,1500,1500,1500,1500,1500,1500,1500,2012,8.3
2025-03-03,11:45:31.500,-52,-49,10,3830,475,45,541,2634,1023,68,356,709,0,0,0,-1,-1,-1,0x1002487FD0060015,1785,1542,1536,1500,2012,2011,1541,1500,1500,2011,988,1500,1500,2011,1500,1500,1500,1500,1372,2012,1500,1539,1500,2012,1500,1500,1500,1500,1500,1500,1500,2012,8.3
2025-03-03,11:45:32.000,-57,-50,10,3830,6612,45,541,2635,1024,256,356,709,0,0,0,-1,-1,-1,0x1002487FD0060015,1786,1603,1536,1500,2012,2012,1628,1500,1500,2012,988,1500,1500,2012,1500,1500,1500,1500,1372,1628,1500,1539,1500,2012,1500,1500,1500,1500,1500,1500,1500,2012,8.3
2025-03-03,11:45:32.500,-39,-47,10,3811,8920,45,541,2636,-2,459,356,710,0,0,0,-1,-1,-1,0x1002487FD0060015,1514,1669,1536,1500,2012,1499,1729,1500,1500,1499,988,1500,1500,1499,1500,1500,1500,1500,1372,1628,1500,1539,1500,2012,1500,1500,1500,1500,1500,1500,1500,2012,8.3
2025-03-03,11:45:33.000,-37,-43,10,3805,6362,44,541,2637,-3,-714,356,710,0,0,0,-1,-1,-1,0x1002487FD20E0015,1514,1254,1536,1500,2012,1499,1143,1255,1500,1499,988,1500,1500,1499,1500,1500,1500,1254,1372,2012,1500,1539,1500,2012,1500,1500,1500,1500,1500,1500,1500,2012,8.3
2025-03-03,11:45:33.500,-42,-45,10,3826,330,44,541,2637,1024,-14,356,709,0,0,0,-1,-1,-1,0x1002487FD0060015,1786,1494,1536,1500,2012,2012,1493,1495,1500,2012,988,1500,1500,2012,1500,1500,1500,1494,1372,2012,1500,1539,1500,2012,1500,1500,1500,1500,1500,1500,1500,2012,8.3
2025-03-03,11:45:34.000,-41,-45,10,3831,3050,44,541,2637,1024,172,356,709,0,0,0,-1,-1,-1,0x1002487FD0060015,1786,1578,1536,1500,2012,2012,1586,1500,1500,2012,988,1500,1500,2012,1500,1500,1500,1500,1372,1628,1500,1539,1500,2012,1500,1500,1500,1500,1500,1500,1500,2012,8.3
2025-03-03,11:45:34.500,-48,-47,10,3828,3357,44,541,2638,1024,122,356,709,0,0,0,-1,-1,-1,0x1002487FD0060015,1786,1563,1536,1500,2012,2012,1561,1500,1500,2012,988,1500,1500,2012,1500,1500,1500,1500,1372,1628,1500,1539,1500,2012,1500,1500,1500,1500,1500,1500,1500,2012,8.3
2025-03-03,11:45:35.000,-52,-44,10,3827,1177,44,541,2638,-4,-19,356,710,0,0,0,-1,-1,-1,0x1002487FD0060015,1513,1492,1536,1500,2012,1498,1491,1493,1500,1498,988,1500,1500,1499,1500,1500,1500,1492,1255,2012,1500,1539,1500,2012,1500,1500,1500,1500,1500,1500,1500,2012,8.3
2025-03-03,11:45:35.500,-51,-57,10,3831,342,44,541,2638,-4,-7,356,709,0,0,0,-1,-1,-1,0x1002487FD0060015,1513,1497,1536,1500,2012,1498,1497,1497,1500,1498,988,1500,1500,1499,1500,1500,1500,1497,1372,2012,1500,1539,1500,2012,1500,1500,1500,1500,1500,1500,1500,2012,8.3
2025-03-03,11:45:36.000,-48,-57,10,3834,345,44,541,2638,-3,-12,356,710,0,0,0,-1,-1,-1,0x1002487FD0060015,1514,1496,1536,1500,2012,1498,1494,1496,1500,1499,988,1500,1500,1499,1500,1500,1500,1496,1372,2012,1500,1539,1500,2012,1500,1500,1500,1500,1500,1500,1500,2012,8.3
2025-03-03,11:45:36.500,-47,-57,10,3835,352,44,541,2638,-4,-13,356,709,0,0,0,-1,-1,-1,0x1002487FD0060015,1513,1495,1536,1500,2012,1498,1494,1495,1500,1498,988,1500,1500,1499,1500,1500,1500,1495,1500,2012,1500,1539,1500,2012,1500,1500,1500,1500,1500,1500,1500,2012,8.3
2025-03-03,11:45:37.000,-51,-41,10,3835,345,44,541,2638,-4,-14,356,710,0,0,0,-1,-1,-1,0x1002487FD0060015,1514,1494,1536,1500,2012,1498,1493,1495,1500,1499,988,1500,1500,1499,1500,1500,1500,1494,1500,2012,1500,1539,1500,2012,1500,1500,1500,1500,1500,1500,1500,2012,8.3
2025-03-03,11:45:37.500,-51,-43,10,3836,352,44,541,2638,-4,-14,356,709,0,0,0,-1,-1,-1,0x1002487FD0060015,1513,1494,1536,1500,2012,1498,1493,1495,1500,1498,988,1500,1500,1499,1500,1500,1500,1494,1500,2012,1500,1539,1500,2012,1500,1500,1500,1500,1500,1500,1500,2012,8.3
2025-03-03,11:45:38.000,-45,-45,10,3837,297,44,541,2638,-4,-15,356,710,0,0,0,-1,-1,-1,0x1002487FD0060015,1513,1494,1515,1500,2012,1498,1493,1495,1500,1498,988,1500,1500,1499,1500,1500,1500,1494,1500,2012,1500,1539,1500,2012,1500,1500,1500,1500,1500,1500,1500,2012,8.3
2025-03-03,11:45:38.500,-43,-45,10,3838,157,43,541,2638,-4,-12,356,710,0,0,0,-1,-1,-1,0x1002487FD0060014,1513,1496,1500,1500,2012,1498,1494,1496,1500,1498,988,1500,1500,1499,1500,1500,1500,1496,1500,2012,1500,1539,1500,2012,1500,1500,1500,1500,1500,1500,1500,2012,8.3
2025-03-03,11:45:39.000,-43,-45,10,3839,147,43,541,2638,-3,-10,356,709,0,0,0,-1,-1,-1,0x1002487FD0060014,1513,1496,1500,1500,2012,1499,1495,1496,1500,1498,988,1500,1500,1499,1500,1500,1500,1496,1500,2012,1500,1539,1500,2012,1500,1500,1500,1500,1500,1500,1500,2012,8.3
2025-03-03,11:45:39.500,-41,-45,10,3839,150,43,541,2638,-4,-10,356,710,0,0,0,-1,-1,-1,0x1002487FD0060014,1513,1496,1500,1500,2012,1498,1495,1496,1500,1498,988,1500,1500,1499,1500,1500,1500,1496,1500,2012,1500,1539,1500,2012,1500,1500,1500,1500,1500,1500,1500,2012,8.3
2025-03-03,11:45:40.000,-42,-45,10,3840,150,42,541,2638,-4,-14,356,710,0,0,0,-1,-1,-1,0x1002487FD0060014,1513,1494,1500,1500,2012,1498,1493,1495,1500,1498,988,1500,1500,1499,1500,1500,1500,1494,1500,2012,1500,1539,1500,2012,1500,1500,1500,1500,1500,1500,1500,2012,8.3
2025-03-03,11:45:40.500,-47,-42,10,3841,147,42,541,2638,-4,16,356,710,0,0,0,-1,-1,-1,0x1002487FD0060014,1513,1509,1500,1500,2012,1498,1508,1500,1500,1498,988,1500,1500,1499,1500,1500,1500,1500,1500,2012,1500,1539,1500,2012,1500,1500,1500,1500,1500,1500,1500,2012,8.3
2025-03-03,11:45:41.000,-47,-34,10,3841,142,42,541,2638,-4,-13,356,710,0,0,0,-1,-1,-1,0x1002487FD0060014,1513,1495,1500,1500,2012,1498,1494,1495,1500,1498,988,1500,1500,1499,1500,1500,1500,1495,1500,2012,1500,1539,1500,2012,1500,1500,1500,1500,1500,1500,1500,2012,8.3
2025-03-03,11:45:41.500,-47,-31,10,3842,145,42,541,2638,-4,-13,356,709,0,0,0,-1,-1,-1,0x1002487FD0060014,1513,1495,1500,1500,2012,1498,1494,1495,1500,1498,988,1500,1500,1499,1500,1500,1500,1495,1500,2012,1500,1539,1500,2012,1500,1500,1500,1500,1500,1500,1500,2012,8.3
2025-03-03,11:45:42.000,-47,-29,10,3842,145,42,541,2638,-4,8,356,710,0,0,0,-1,-1,-1,0x1002487FD0060014,1513,1504,1500,1500,2012,1498,1504,1500,1500,1498,988,1500,1500,1499,1500,1500,1500,1500,1500,2012,1500,1539,1500,2012,1500,1500,1500,1500,1500,1500,1500,2012,8.3
2025-03-03,11:45:42.500,-47,-24,10,3842,145,42,541,2638,-3,13,356,709,0,0,0,-1,-1,-1,0x1002487FD0060014,1513,1508,1500,1500,2012,1499,1506,1500,1500,1498,988,1500,1500,1499,1500,1500,1500,1500,1500,2012,1500,1539,1500,2012,1500,1500,1500,1500,1500,1500,1500,2012,8.3
2025-03-03,11:45:43.000,-18,-24,10,3843,155,42,541,2638,-3,-18,356,710,0,0,0,-1,-1,-1,0x1002487FD0060014,1514,1493,1500,1500,2012,1499,1491,1493,1500,1499,988,1500,1500,1499,1500,1500,1500,1493,1500,2012,1500,1539,1500,2012,1500,1500,1500,1500,1500,1500,1500,2012,8.3
2025-03-03,11:45:43.500,-18,-24,10,3843,142,42,541,2638,-3,-19,356,710,0,0,0,-1,-1,-1,0x1002487FD0060014,1513,1493,1500,1500,2012,1499,1491,1493,1500,1498,988,1500,1500,1499,1500,1500,1500,1493,1500,2012,1500,1539,1500,2012,1500,1500,1500,1500,1500,1500,1500,2012,8.3
2025-03-03,11:45:44.000,-19,-24,10,3844,150,42,541,2638,-3,-17,356,709,0,0,0,-1,-1,-1,0x1002487FD0060014,1514,1493,1500,1500,2012,1499,1492,1493,1500,1499,988,1500,1500,1499,1500,1500,1500,1493,1500,2012,1500,1539,1500,2012,1500,1500,1500,1500,1500,1500,1500,2012,8.3
2025-03-03,11:45:44.500,-20,-28,10,3844,147,42,541,2638,-3,-16,356,710,0,0,0,-1,-1,-1,0x1002487FD0060014,1514,1494,1500,1500,2012,1499,1492,1494,1500,1499,988,1500,1500,1499,1500,1500,1500,1494,1500,2012,1500,1539,1500,2012,1500,1500,1500,1500,1500,1500,1500,2012,8.3
2025-03-03,11:45:45.000,-20,-28,10,3844,150,42,541,2638,-3,-16,356,710,0,0,0,-1,-1,-1,0x1002487FD0060014,1514,1494,1500,1500,2012,1499,1492,1494,1500,1499,988,1500,1500,1499,1500,1500,1500,1494,1500,2012,1500,1539,1500,2012,1500,1500,1500,1500,1500,1500,1500,2012,8.3
2025-03-03,11:45:45.500,-20,-28,10,3845,150,42,541,2638,-3,-17,356,710,0,0,0,-1,-1,-1,0x1002487FD0060014,1514,1493,1500,1500,2012,1499,1492,1493,1500,1499,988,1500,1500,1499,1500,1500,1500,1493,1500,2012,1500,1539,1500,2012,1500,1500,1500,1500,1500,1500,1500,2012,8.3
2025-03-03,11:45:46.000,-19,-28,10,3845,145,42,541,2639,-3,-17,356,709,0,0,0,-1,-1,-1,0x1002487FD0060014,1514,1493,1500,1500,2012,1499,1492,1493,1500,1499,988,1500,1500,1499,1500,1500,1500,1493,1500,2012,1500,1539,1500,2012,1500,1500,1500,1500,1500,1500,1500,2012,8.3
2025-03-03,11:45:46.500,-19,-28,10,3845,150,42,541,2639,-3,-18,356,709,0,0,0,-1,-1,-1,0x1002487FD0060014,1514,1493,1500,1500,2012,1499,1491,1493,1500,1499,988,1500,1500,1499,1500,1500,1500,1493,1500,2012,1500,1539,1500,2012,1500,1500,1500,1500,1500,1500,1500,2012,8.3
2025-03-03,11:45:47.000,-21,-24,10,3846,147,42,541,2639,-3,-18,356,710,0,0,0,-1,-1,-1,0x1002487FD0060014,1514,1493,1500,1500,2012,1499,1491,1493,1500,1499,988,1500,1500,1499,1500,1500,1500,1493,1500,2012,1500,1539,1500,2012,1500,1500,1500,1500,1500,1500,1500,2012,8.3
2025-03-03,11:45:47.500,-23,-24,10,3846,147,42,541,2639,-3,-18,356,710,0,0,0,-1,-1,-1,0x1002487FD0060014,1514,1493,1500,1500,2012,1499,1491,1493,1500,1499,988,1500,1500,1499,1500,1500,1500,1493,1500,2012,1500,1539,1500,2012,1500,1500,1500,1500,1500,1500,1500,2012,8.3
2025-03-03,11:45:48.000,-22,-24,10,3846,145,42,541,2639,-3,-19,356,710,0,0,0,-1,-1,-1,0x1002487FD0060014,1514,1492,1500,1500,2012,1499,1491,1493,1500,1499,988,1500,1500,1499,1500,1500,1500,1492,1500,2012,1500,1539,1500,2012,1500,1500,1500,1500,1500,1500,1500,2012,8.3
2025-03-03,11:45:48.500,-23,-24,10,3847,150,42,541,2639,-3,-19,356,710,0,0,0,-1,-1,-1,0x1002487FD0060014,1514,1492,1500,1500,2012,1499,1491,1493,1500,1499,988,1500,1500,1499,1500,1500,1500,1492,1500,2012,1500,1539,1500,2012,1500,1500,1500,1500,1500,1500,1500,2012,8.3
2025-03-03,11:45:49.000,-23,-24,10,3847,142,42,541,2639,-3,-19,356,710,0,0,0,-1,-1,-1,0x1002487FD0060014,1514,1492,1500,1500,2012,1499,1491,1493,1500,1499,988,1500,1500,1499,1500,1500,1500,1492,1500,2012,1500,1539,1500,2012,1500,1500,1500,1500,1500,1500,1500,2012,8.3
2025-03-03,11:45:49.500,-23,-24,10,3847,142,42,541,2639,-3,-18,356,710,0,0,0,-1,-1,-1,0x1002487FD0060014,1514,1493,1500,1500,2012,1499,1491,1493,1500,1499,988,1500,1500,1499,1500,1500,1500,1493,1500,2012,1500,1539,1500,2012,1500,1500,1500,1500,1500,1500,1500,2012,8.3
2025-03-03,11:45:50.000,-25,-29,10,3847,147,42,541,2639,-3,-18,356,710,0,0,0,-1,-1,-1,0x1002487FD0060014,1514,1493,1500,1500,2012,1499,1491,1493,1500,1499,988,1500,1500,1499,1500,1500,1500,1493,1500,2012,1500,1539,1500,2012,1500,1500,1500,1500,1500,1500,1500,2012,8.3
2025-03-03,11:45:50.500,-35,-31,10,3848,145,42,541,2639,-3,-17,356,710,0,0,0,-1,-1,-1,0x1002487FD0060014,1514,1493,1500,1500,2012,1499,1492,1493,1500,1499,988,1500,1500,1499,1500,1500,1500,1493,1500,2012,1500,1539,1500,2012,1500,1500,1500,1500,1500,1500,1500,2012,8.3
2025-03-03,11:45:51.000,-47,-51,10,3848,147,42,541,2639,-3,-18,356,710,0,0,0,-1,-1,-1,0x1002487FD0060014,1513,1493,1500,1500,2012,1499,1491,1493,1500,1498,988,1500,1500,1499,1500,1500,1500,1492,1500,2012,1500,1539,1500,2012,1500,1500,1500,1500,1500,1500,1500,2012,8.3
2025-03-03,11:45:51.500,-45,-46,10,3848,167,42,541,2639,-3,-18,356,710,0,0,0,-1,-1,-1,0x1002487FD0060014,1514,1493,1500,1500,2012,1499,1491,1493,1500,1499,988,1500,1500,1499,1500,1500,1500,1493,1500,2012,1500,1539,1500,2012,1500,1500,1500,1500,1500,1500,1500,2012,8.3
2025-03-03,11:45:52.000,-43,-45,10,3848,147,42,541,2639,-3,-19,356,710,0,0,0,-1,-1,-1,0x1002487FD0060014,1514,1492,1500,1500,2012,1499,1491,1493,1500,1499,988,1500,1500,1499,1500,1500,1500,1492,1500,2012,1500,1539,1500,2012,1500,1500,1500,1500,1500,1500,1500,2012,8.3
2025-03-03,11:45:52.500,-42,-45,10,3849,152,42,541,2639,-3,-19,356,709,0,0,0,-1,-1,-1,0x1002487FD0060014,1514,1492,1500,1500,2012,1499,1491,1493,1500,1499,988,1500,1500,1499,1500,1500,1500,1492,1500,2012,1500,1539,1500,2012,1500,1500,1500,1500,1500,1500,1500,2012,8.3
2025-03-03,11:45:53.000,-44,-49,10,3849,155,42,541,2639,-2,-19,356,710,0,0,0,-1,-1,-1,0x1002487FD0060014,1514,1492,1500,1500,2012,1499,1491,1493,1500,1499,988,1500,1500,1499,1500,1500,1500,1492,1500,2012,1500,1539,1500,2012,1500,1500,1500,1500,1500,1500,1500,2012,8.3
2025-03-03,11:45:53.500,-44,-46,10,3849,152,42,541,2639,-3,-19,356,709,0,0,0,-1,-1,-1,0x1002487FD0060014,1514,1492,1500,1500,2012,1499,1491,1493,1500,1499,988,1500,1500,1499,1500,1500,1500,1492,1500,2012,1500,1539,1500,2012,1500,1500,1500,1500,1500,1500,1500,2012,8.3
2025-03-03,11:45:54.000,-45,-38,10,3849,162,42,541,2639,-3,-18,356,710,0,0,0,-1,-1,-1,0x1002487FD0060014,1514,1493,1500,1500,2012,1499,1491,1493,1500,1499,988,1500,1500,1499,1500,1500,1500,1493,1500,2012,1500,1539,1500,2012,1500,1500,1500,1500,1500,1500,1500,2012,8.3
2025-03-03,11:45:54.500,-27,-41,10,3850,145,42,541,2639,-3,-19,356,709,0,0,0,-1,-1,-1,0x1002487FD0060014,1514,1492,1500,1500,2012,1499,1491,1493,1500,1499,988,1500,1500,1499,1500,1500,1500,1492,1500,2012,1500,1539,1500,2012,1500,1500,1500,1500,1500,1500,1500,2012,8.3
2025-03-03,11:45:55.000,-25,-41,10,3850,150,42,541,2639,-3,-19,356,709,0,0,0,-1,-1,-1,0x1002487FD0060014,1514,1492,1500,1500,2012,1499,1491,1493,1500,1499,988,1500,1500,1499,1500,1500,1500,1492,1500,2012,1500,1539,1500,2012,1500,1500,1500,1500,1500,1500,1500,2012,8.3
2025-03-03,11:45:55.500,-24,-41,10,3850,165,42,541,2639,-3,-17,356,710,0,0,0,-1,-1,-1,0x1002487FD0060014,1514,1493,1500,1500,2012,1499,1492,1493,1500,1499,988,1500,1500,1499,1500,1500,1500,1493,1500,2012,1500,1539,1500,2012,1500,1500,1500,1500,1500,1500,1500,2012,8.3
2025-03-03,11:45:56.000,-23,-41,10,3850,147,42,541,2639,-3,-18,356,709,0,0,0,-1,-1,-1,0x1002487FD0060014,1514,1493,1500,1500,2012,1499,1491,1493,1500,1499,988,1500,1500,1499,1500,1500,1500,1493,1500,2012,1500,1539,1500,2012,1500,1500,1500,1500,1500,1500,1500,2012,8.3
2025-03-03,11:45:56.500,-23,-41,10,3850,160,42,541,2639,-3,-19,356,710,0,0,0,-1,-1,-1,0x1002487FD0060014,1514,1492,1500,1500,2012,1499,1491,1493,1500,1499,988,1500,1500,1499,1500,1500,1500,1492,1500,2012,1500,1539,1500,2012,1500,1500,1500,1500,1500,1500,1500,2012,8.3
2025-03-03,11:45:57.000,-24,-41,10,3850,147,42,541,2639,-3,-18,356,710,0,0,0,-1,-1,-1,0x1002487FD0060014,1514,1493,1500,1500,2012,1499,1491,1493,1500,1499,988,1500,1500,1499,1500,1500,1500,1493,1500,2012,1500,1539,1500,2012,1500,1500,1500,1500,1500,1500,1500,2012,8.3
2025-03-03,11:45:57.500,-24,-41,10,3851,150,42,541,2639,-3,-18,356,710,0,0,0,-1,-1,-1,0x1002487FD0060014,1514,1493,1500,1500,2012,1499,1491,1493,1500,1499,988,1500,1500,1499,1500,1500,1500,1493,1500,2012,1500,1539,1500,2012,1500,1500,1500,1500,1500,1500,1500,2012,8.3
2025-03-03,11:45:58.000,-25,-22,10,3851,147,41,541,2639,-3,-19,356,710,0,0,0,-1,-1,-1,0x1002487FD0060014,1514,1492,1500,1500,2012,1499,1491,1493,1500,1499,988,1500,1500,1499,1500,1500,1500,1492,1500,2012,1500,1539,1500,2012,1500,1500,1500,1500,1500,1500,1500,2012,8.3
2025-03-03,11:45:58.500,-25,-23,10,3851,145,41,541,2639,-3,-18,356,710,0,0,0,-1,-1,-1,0x1002487FD0060014,1514,1493,1500,1500,2012,1499,1491,1493,1500,1499,988,1500,1500,1499,1500,1500,1500,1493,1500,2012,1500,1539,1500,2012,1500,1500,1500,1500,1500,1500,1500,2012,8.3
2025-03-03,11:45:59.000,-23,-23,10,3851,152,41,541,2639,-3,-18,356,710,0,0,0,-1,-1,-1,0x1002487FD0060014,1514,1493,1500,1500,2012,1499,1491,1493,1500,1499,988,1500,1500,1499,1500,1500,1500,1493,1500,2012,1500,1539,1500,2012,1500,1500,1500,1500,1500,1500,1500,2012,8.3
2025-03-03,11:45:59.500,-23,-23,10,3851,142,41,541,2639,-3,-19,356,709,0,0,0,-1,-1,-1,0x1002487FD0060014,1514,1492,1500,1500,2012,1499,1491,1493,1500,1499,988,1500,1500,1499,1500,1500,1500,1492,1500,2012,1500,1539,1500,2012,1500,1500,1500,1500,1500,1500,1500,2012,8.3
2025-03-03,11:46:00.000,-23,-22,10,3852,147,41,541,2639,-3,-19,356,709,0,0,0,-1,-1,-1,0x1002487FD0060014,1514,1492,1500,1500,2012,1499,1491,1493,1500,1499,988,1500,1500,1499,1500,1500,1500,1492,1500,2012,1500,1539,1500,2012,1500,1500,1500,1500,1500,1500,1500,2012,8.3
2025-03-03,11:46:00.500,-23,-22,10,3852,150,41,541,2639,-3,-19,356,710,0,0,0,-1,-1,-1,0x1002487FD0060014,1514,1492,1500,1500,2012,1499,1491,1493,1500,1499,988,1500,1500,1499,1500,1500,1500,1492,1500,2012,1500,1539,1500,2012,1500,1500,1500,1500,1500,1500,1500,2012,8.3
2025-03-03,11:46:01.000,-22,-22,10,3852,150,41,541,2639,-3,-19,356,709,0,0,0,-1,-1,-1,0x1002487FD0060014,1514,1492,1500,1500,2012,1499,1491,1493,1500,1499,988,1500,1500,1499,1500,1500,1500,1492,1500,2012,1500,1539,1500,2012,1500,1500,1500,1500,1500,1500,1500,2012,8.3
2025-03-03,11:46:01.500,-23,-22,10,3852,145,41,541,2639,-3,-18,356,710,0,0,0,-1,-1,-1,0x1002487FD0060014,1514,1493,1500,1500,2012,1499,1491,1493,1500,1499,988,1500,1500,1499,1500,1500,1500,1493,1500,2012,1500,1539,1500,2012,1500,1500,1500,1500,1500,1500,1500,2012,8.3
2025-03-03,11:46:02.000,-26,-22,10,3852,150,41,541,2639,-3,-18,356,710,0,0,0,-1,-1,-1,0x1002487FD0060014,1514,1493,1500,1500,2012,1499,1491,1493,1500,1499,988,1500,1500,1499,1500,1500,1500,1493,1500,2012,1500,1539,1500,2012,1500,1500,1500,1500,1500,1500,1500,2012,8.3
2025-03-03,11:46:02.500,-28,-29,10,3852,142,41,541,2639,-2,-16,356,709,0,0,0,-1,-1,-1,0x1002487FD0060014,1514,1494,1500,1500,2012,1499,1492,1494,1500,1499,988,1500,1500,1499,1500,1500,1500,1494,1500,2012,1500,1539,1500,2012,1500,1500,1500,1500,1500,1500,1500,2012,8.3
2025-03-03,11:46:03.000,-30,-31,10,3852,150,41,541,2639,-3,-17,356,710,0,0,0,-1,-1,-1,0x1002487FD0060014,1514,1493,1500,1500,2012,1499,1492,1493,1500,1499,988,1500,1500,1499,1500,1500,1500,1493,1500,2012,1500,1539,1500,2012,1500,1500,1500,1500,1500,1500,1500,2012,8.3
2025-03-03,11:46:03.500,-29,-31,10,3853,152,41,541,2639,-3,-17,356,709,0,0,0,-1,-1,-1,0x1002487FD0060014,1514,1493,1500,1500,2012,1499,1492,1493,1500,1499,988,1500,1500,1499,1500,1500,1500,1493,1500,2012,1500,1539,1500,2012,1500,1500,1500,1500,1500,1500,1500,2012,8.3
2025-03-03,11:46:04.000,-30,-31,10,3853,147,41,541,2639,-3,-17,356,710,0,0,0,-1,-1,-1,0x1002487FD0060014,1514,1493,1500,1500,2012,1499,1492,1493,1500,1499,988,1500,1500,1499,1500,1500,1500,1493,1500,2012,1500,1539,1500,2012,1500,1500,1500,1500,1500,1500,1500,2012,8.3
2025-03-03,11:46:04.500,-32,-31,10,3853,150,41,541,2639,-3,-16,356,710,0,0,0,-1,-1,-1,0x1002487FD0060014,1514,1494,1500,1500,2012,1499,1492,1494,1500,1499,988,1500,1500,1499,1500,1500,1500,1494,1500,2012,1500,1539,1500,2012,1500,1500,1500,1500,1500,1500,1500,2012,8.3
2025-03-03,11:46:05.000,-53,-45,10,3853,147,41,541,2639,-4,-16,356,710,0,0,0,-1,-1,-1,0x1002487FD0060014,1513,1494,1500,1500,2012,1498,1492,1494,1500,1498,988,1500,1500,1499,1500,1500,1500,1494,1500,2012,1500,1539,1500,2012,1500,1500,1500,1500,1500,1500,1500,2012,8.3
2025-03-03,11:46:05.500,-46,-50,10,3853,160,41,541,2639,-3,-16,356,709,0,0,0,-1,-1,-1,0x1002487FD0060014,1514,1494,1500,1500,2012,1499,1492,1494,1500,1499,988,1500,1500,1499,1500,1500,1500,1494,1500,2012,1500,1539,1500,2012,1500,1500,1500,1500,1500,1500,1500,2012,8.3
2025-03-03,11:46:06.000,-38,-50,10,3853,182,41,541,2639,-3,-16,356,710,0,0,0,-1,-1,-1,0x1002487FD0060014,1514,1494,1500,1500,2012,1499,1492,1494,1500,1499,988,1500,1500,1499,1500,1500,1500,1494,1500,2012,1500,1539,1500,2012,1500,1500,1500,1500,1500,1500,1500,2012,8.3
2025-03-03,11:46:06.500,-39,-39,10,3853,152,41,541,2639,-3,-16,356,710,0,0,0,-1,-1,-1,0x1002487FD0060014,1514,1494,1500,1500,2012,1499,1492,1494,1500,1499,988,1500,1500,1499,1500,1500,1500,1494,1500,2012,1500,1539,1500,2012,1500,1500,1500,1500,1500,1500,1500,2012,8.3
2025-03-03,11:46:07.000,-35,-40,10,3853,147,41,541,2639,-2,-16,356,710,0,0,0,-1,-1,-1,0x1002487FD0060014,1514,1494,1500,1500,2012,1499,1492,1494,1500,1499,988,1500,1500,1499,1500,1500,1500,1494,1500,2012,1500,1539,1500,2012,1500,1500,1500,1500,1500,1500,1500,2012,8.3
2025-03-03,11:46:07.500,-30,-40,10,3854,145,41,541,2639,-3,-17,356,709,0,0,0,-1,-1,-1,0x1002487FD0060014,1514,1493,1500,1500,2012,1499,1492,1493,1500,1499,988,1500,1500,1499,1500,1500,1500,1493,1500,2012,1500,1539,1500,2012,1500,1500,1500,1500,1500,1500,1500,2012,8.3
2025-03-03,11:46:08.000,-29,-40,10,3854,152,41,541,2639,-3,-18,356,710,0,0,0,-1,-1,-1,0x1002487FD0060014,1514,1493,1500,1500,2012,1499,1491,1493,1500,1499,988,1500,1500,1499,1500,1500,1500,1493,1500,2012,1500,1539,1500,2012,1500,1500,1500,1500,1500,1500,1500,2012,8.3
2025-03-03,11:46:08.500,-25,-40,10,3854,150,41,541,2639,-3,-18,356,710,0,0,0,-1,-1,-1,0x1002487FD0060014,1514,1493,1500,1500,2012,1499,1491,1493,1500,1499,988,1500,1500,1499,1500,1500,1500,1493,1500,2012,1500,1539,1500,2012,1500,1500,1500,1500,1500,1500,1500,2012,8.3
2025-03-03,11:46:09.000,-29,-29,10,3854,160,41,541,2639,-3,-19,356,710,0,0,0,-1,-1,-1,0x1002487FD0060014,1514,1492,1500,1500,2012,1499,1491,1493,1500,1499,988,1500,1500,1499,1500,1500,1500,1492,1500,2012,1500,1539,1500,2012,1500,1500,1500,1500,1500,1500,1500,2012,8.3
2025-03-03,11:46:09.500,-38,-41,10,3854,230,41,541,2639,-3,-18,356,709,0,0,0,-1,-1,-1,0x1002487FD0060014,1514,1493,1500,1500,2012,1499,1491,1493,1500,1499,988,1500,1500,1499,1500,1500,1500,1493,1500,2012,1500,1539,1500,2012,1500,1500,1500,1500,1500,1500,1500,2012,8.3
2025-03-03,11:46:10.000,-36,-44,10,3854,170,41,541,2639,-3,-17,356,709,0,0,0,-1,-1,-1,0x1002487FD0060014,1514,1493,1500,1500,2012,1499,1492,1493,1500,1499,988,1500,1500,1499,1500,1500,1500,1493,1500,2012,1500,1539,1500,2012,1500,1500,1500,1500,1500,1500,1500,2012,8.3
2025-03-03,11:46:10.500,-33,-44,10,3854,167,41,541,2639,-3,-17,356,709,0,0,0,-1,-1,-1,0x1002487FD0060014,1514,1493,1500,1500,2012,1499,1492,1493,1500,1499,988,1500,1500,1499,1500,1500,1500,1493,1500,2012,1500,1539,1500,2012,1500,1500,1500,1500,1500,1500,1500,2012,8.3
2025-03-03,11:46:11.000,-33,-51,10,3854,240,41,541,2639,-3,-18,356,709,0,0,0,-1,-1,-1,0x1002487FD0060014,1514,1493,1500,1500,2012,1499,1491,1493,1500,1499,988,1500,1500,1499,1500,1500,1500,1493,1500,2012,1500,1539,1500,2012,1500,1500,1500,1500,1500,1500,1500,2012,8.3
2025-03-03,11:46:11.500,-28,-51,10,3854,212,41,541,2639,-3,-16,356,709,0,0,0,-1,-1,-1,0x1002487FD0060014,1514,1494,1500,1500,2012,1499,1492,1494,1500,1499,988,1500,1500,1499,1500,1500,1500,1494,1500,2012,1500,1539,1500,2012,1500,1500,1500,1500,1500,1500,1500,2012,8.3
2025-03-03,11:46:12.000,-27,-51,10,3854,160,41,541,2640,-3,-17,356,710,0,0,0,-1,-1,-1,0x1002487FD0060014,1514,1493,1500,1500,2012,1499,1492,1493,1500,1499,988,1500,1500,1499,1500,1500,1500,1493,1500,2012,1500,1539,1500,2012,1500,1500,1500,1500,1500,1500,1500,2012,8.3
2025-03-03,11:46:12.500,-26,-51,10,3855,155,41,541,2640,-3,-16,356,710,0,0,0,-1,-1,-1,0x1002487FD0060014,1514,1494,1500,1500,2012,1499,1492,1494,1500,1499,988,1500,1500,1499,1500,1500,1500,1494,1500,2012,1500,1539,1500,2012,1500,1500,1500,1500,1500,1500,1500,2012,8.3
2025-03-03,11:46:13.000,-27,-51,10,3855,142,41,541,2640,-3,-16,356,710,0,0,0,-1,-1,-1,0x1002487FD0060014,1514,1494,1500,1500,2012,1499,1492,1494,1500,1499,988,1500,1500,1499,1500,1500,1500,1494,1500,2012,1500,1539,1500,2012,1500,1500,1500,1500,1500,1500,1500,2012,8.3
2025-03-03,11:46:13.500,-44,-33,10,3855,150,41,541,2640,-3,-16,356,710,0,0,0,-1,-1,-1,0x1002487FD0060014,1514,1494,1500,1500,2012,1499,1492,1494,1500,1499,988,1500,1500,1499,1500,1500,1500,1494,1500,2012,1500,1539,1500,2012,1500,1500,1500,1500,1500,1500,1500,2012,8.3
2025-03-03,11:46:14.000,-44,-34,10,3855,150,41,541,2640,-3,-16,356,710,0,0,0,-1,-1,-1,0x1002487FD0060014,1514,1494,1500,1500,2012,1499,1492,1494,1500,1499,988,1500,1500,1499,1500,1500,1500,1494,1500,2012,1500,1539,1500,2012,1500,1500,1500,1500,1500,1500,1500,2012,8.3
2025-03-03,11:46:14.500,-44,-33,10,3855,147,41,541,2640,-3,-16,356,710,0,0,0,-1,-1,-1,0x1002487FD0060014,1514,1494,1500,1500,2012,1499,1492,1494,1500,1499,988,1500,1500,1499,1500,1500,1500,1494,1500,2012,1500,1539,1500,2012,1500,1500,1500,1500,1500,1500,1500,2012,8.3
2025-03-03,11:46:15.000,-44,-33,10,3855,150,41,541,2640,-3,-16,356,710,0,0,0,-1,-1,-1,0x1002487FD0060014,1514,1494,1500,1500,2012,1499,1492,1494,1500,1499,988,1500,1500,1499,1500,1500,1500,1494,1500,2012,1500,1539,1500,2012,1500,1500,1500,1500,1500,1500,1500,2012,8.3
2025-03-03,11:46:15.500,-44,-34,10,3855,150,41,541,2640,-3,-17,356,710,0,0,0,-1,-1,-1,0x1002487FD0060014,1514,1493,1500,1500,2012,1499,1492,1493,1500,1499,988,1500,1500,1499,1500,1500,1500,1493,1500,2012,1500,1539,1500,2012,1500,1500,1500,1500,1500,1500,1500,2012,8.3
2025-03-03,11:46:16.000,-44,-34,10,3855,152,41,541,2640,-3,-16,356,710,0,0,0,-1,-1,-1,0x1002487FD0060014,1514,1494,1500,1500,2012,1499,1492,1494,1500,1499,988,1500,1500,1499,1500,1500,1500,1494,1500,2012,1500,1539,1500,2012,1500,1500,1500,1500,1500,1500,1500,2012,8.3
2025-03-03,11:46:16.500,-43,-38,10,3855,147,41,541,2640,-3,-16,356,710,0,0,0,-1,-1,-1,0x1002487FD0060014,1514,1494,1500,1500,2012,1499,1492,1494,1500,1499,988,1500,1500,1499,1500,1500,1500,1494,1500,2012,1500,1539,1500,2012,1500,1500,1500,1500,1500,1500,1500,2012,8.3
2025-03-03,11:46:17.000,-44,-41,10,3855,145,41,541,2640,-3,-16,356,709,0,0,0,-1,-1,-1,0x1002487FD0060014,1514,1494,1500,1500,2012,1499,1492,1494,1500,1499,988,1500,1500,1499,1500,1500,1500,1494,1500,2012,1500,1539,1500,2012,1500,1500,1500,1500,1500,1500,1500,2012,8.3
2025-03-03,11:46:17.500,-44,-26,10,3856,210,41,541,2640,-3,-16,356,710,0,0,0,-1,-1,-1,0x1002487FD0060014,1514,1494,1500,1500,2012,1499,1492,1494,1500,1499,988,1500,1500,1499,1500,1500,1500,1494,1500,2012,1500,1539,1500,2012,1500,1500,1500,1500,1500,1500,1500,2012,8.3
2025-03-03,11:46:18.000,-33,-33,10,3856,152,41,541,2640,-3,-17,356,710,0,0,0,-1,-1,-1,0x1002487FD0060014,1514,1493,1500,1500,2012,1499,1492,1493,1500,1499,988,1500,1500,1499,1500,1500,1500,1493,1500,2012,1500,1539,1500,2012,1500,1500,1500,1500,1500,1500,1500,2012,8.3
2025-03-03,11:46:18.500,-33,-30,10,3856,170,41,541,2640,-3,-16,356,709,0,0,0,-1,-1,-1,0x1002487FD0060014,1514,1494,1500,1500,2012,1499,1492,1494,1500,1499,988,1500,1500,1499,1500,1500,1500,1494,1500,2012,1500,1539,1500,2012,1500,1500,1500,1500,1500,1500,1500,2012,8.3
2025-03-03,11:46:19.000,-33,-30,10,3856,150,41,541,2640,-3,-16,356,710,0,0,0,-1,-1,-1,0x1002487FD0060014,1514,1494,1500,1500,2012,1499,1492,1494,1500,1499,988,1500,1500,1499,1500,1500,1500,1494,1500,2012,1500,1539,1500,2012,1500,1500,1500,1500,1500,1500,1500,2012,8.3
2025-03-03,11:46:19.500,-33,-29,10,3856,142,41,541,2640,-3,-17,356,710,0,0,0,-1,-1,-1,0x1002487FD0060014,1514,1493,1500,1500,2012,1499,1492,1493,1500,1499,988,1500,1500,1499,1500,1500,1500,1493,1500,2012,1500,1539,1500,2012,1500,1500,1500,1500,1500,1500,1500,2012,8.3
2025-03-03,11:46:20.000,-33,-30,10,3856,155,41,541,2640,-3,-15,356,710,0,0,0,-1,-1,-1,0x1002487FD0060014,1514,1494,1500,1500,2012,1499,1493,1495,1500,1499,988,1500,1500,1499,1500,1500,1500,1494,1500,2012,1500,1539,1500,2012,1500,1500,1500,1500,1500,1500,1500,2012,8.3
2025-03-03,11:46:20.500,-33,-25,10,3856,147,41,541,2640,-3,-7,356,709,0,0,0,-1,-1,-1,0x1002487FD0060014,1514,1497,1500,1500,2012,1499,1497,1497,1500,1499,988,1500,1500,1499,1500,1500,1500,1497,1500,2012,1500,1539,1500,2012,1500,1500,1500,1500,1500,1500,1500,2012,8.3
2025-03-03,11:46:21.000,-29,-23,10,3856,147,41,541,2640,-3,-17,356,709,0,0,0,-1,-1,-1,0x1002487FD0060014,1514,1493,1500,1500,2012,1499,1492,1493,1500,1499,988,1500,1500,1499,1500,1500,1500,1493,1500,2012,1500,1539,1500,2012,1500,1500,1500,1500,1500,1500,1500,2012,8.3
2025-03-03,11:46:21.500,-29,-25,10,3856,150,41,541,2640,-3,-14,356,710,0,0,0,-1,-1,-1,0x1002487FD0060014,1514,1494,1500,1500,2012,1499,1493,1495,1500,1499,988,1500,1500,1499,1500,1500,1500,1494,1500,2012,1500,1539,1500,2012,1500,1500,1500,1500,1500,1500,1500,2012,8.3
2025-03-03,11:46:22.000,-32,-28,10,3856,145,41,541,2640,-3,-14,356,710,0,0,0,-1,-1,-1,0x1002487FD0060014,1513,1494,1500,1500,2012,1499,1493,1495,1500,1498,988,1500,1500,1499,1500,1500,1500,1494,1500,2012,1500,1539,1500,2012,1500,1500,1500,1500,1500,1500,1500,2012,8.3
2025-03-03,11:46:22.500,-31,-26,10,3856,150,41,541,2640,-3,-15,356,710,0,0,0,-1,-1,-1,0x1002487FD0060014,1514,1494,1500,1500,2012,1499,1493,1495,1500,1499,988,1500,1500,1499,1500,1500,1500,1494,1500,2012,1500,1539,1500,2012,1500,1500,1500,1500,1500,1500,1500,2012,8.3
2025-03-03,11:46:23.000,-25,-28,10,3856,150,41,541,2640,-3,-5,356,710,0,0,0,-1,-1,-1,0x1002487FD0060014,1514,1498,1500,1500,2012,1499,1498,1498,1500,1499,988,1500,1500,1499,1500,1500,1500,1498,1500,2012,1500,1539,1500,2012,1500,1500,1500,1500,1500,1500,1500,2012,8.3
2025-03-03,11:46:23.500,-25,-28,10,3856,152,41,541,2640,-3,-13,356,709,0,0,0,-1,-1,-1,0x1002487FD0060014,1514,1495,1500,1500,2012,1499,1494,1495,1500,1499,988,1500,1500,1499,1500,1500,1500,1495,1500,2012,1500,1539,1500,2012,1500,1500,1500,1500,1500,1500,1500,2012,8.3
2025-03-03,11:46:24.000,-26,-26,10,3857,147,41,541,2640,-3,-15,356,710,0,0,0,-1,-1,-1,0x1002487FD0060014,1514,1494,1500,1500,2012,1499,1493,1495,1500,1499,988,1500,1500,1499,1500,1500,1500,1494,1500,2012,1500,1539,1500,2012,1500,1500,1500,1500,1500,1500,1500,2012,8.3
2025-03-03,11:46:24.500,-26,-28,10,3857,150,41,541,2640,-3,-13,356,710,0,0,0,-1,-1,-1,0x1002487FD0060014,1514,1495,1500,1500,2012,1499,1494,1495,1500,1499,988,1500,1500,1499,1500,1500,1500,1495,1500,2012,1500,1539,1500,2012,1500,1500,1500,1500,1500,1500,1500,2012,8.3
2025-03-03,11:46:25.000,-31,-32,10,3857,150,41,541,2640,-3,-13,356,710,0,0,0,-1,-1,-1,0x1002487FD0060014,1514,1495,1500,1500,2012,1499,1494,1495,1500,1499,988,1500,1500,1499,1500,1500,1500,1495,1500,2012,1500,1539,1500,2012,1500,1500,1500,1500,1500,1500,1500,2012,8.3
2025-03-03,11:46:25.500,-28,-32,10,3857,145,41,541,2640,-3,-15,356,709,0,0,0,-1,-1,-1,0x1002487FD0060014,1514,1494,1500,1500,2012,1499,1493,1495,1500,1499,988,1500,1500,1499,1500,1500,1500,1494,1500,2012,1500,1539,1500,2012,1500,1500,1500,1500,1500,1500,1500,2012,8.3
2025-03-03,11:46:26.000,-24,-31,10,3857,150,41,541,2640,559,-16,356,710,0,0,0,-1,-1,-1,0x1002487FD0060014,1635,1494,1500,1500,2012,1779,1492,1494,1500,1774,988,1500,1500,1700,1500,1500,1500,1494,1500,2012,1500,1539,1500,2012,1500,1500,1500,1500,1500,1500,1500,2012,8.3
2025-03-03,11:46:26.500,-23,-31,10,3857,320,41,541,2640,257,-14,356,710,0,0,0,-1,-1,-1,0x1002487FD0060014,1569,1494,1500,1500,2012,1628,1493,1495,1500,1622,988,1500,1500,1583,1500,1500,1500,1494,1500,2012,1500,1539,1500,2012,1500,1500,1500,1500,1500,1500,1500,2012,8.3
2025-03-03,11:46:27.000,-25,-31,10,3856,442,41,541,2640,365,-14,356,710,0,0,0,-1,-1,-1,0x1002487FD0060014,1618,1494,1500,1500,2012,1682,1493,1495,1500,1736,988,1500,1500,1668,1500,1500,1500,1494,1500,2012,1500,1539,1500,2012,1500,1500,1500,1500,1500,1500,1500,2012,8.3
2025-03-03,11:46:27.500,-24,-26,10,3856,652,41,541,2640,-1024,133,356,710,0,0,0,-1,-1,-1,0x1002487FD0060814,1177,1566,1505,1500,2012,988,1566,1500,1500,988,988,1500,1500,988,1500,1500,1500,1500,1372,1628,1500,1539,1500,2012,1500,1500,1500,1500,1500,1500,1500,2012,8.3
2025-03-03,11:46:28.000,-22,-26,10,3854,4445,41,541,2641,1024,-15,356,709,0,0,0,-1,-1,-1,0x1002487FD0060015,1786,1494,1536,1500,2012,2012,1493,1495,1500,2012,988,1500,1500,2012,1500,1500,1500,1494,1065,2012,1500,1539,1500,2012,1500,1500,1500,1500,1500,1500,1500,2012,8.3
2025-03-03,11:46:28.500,-28,-27,10,3848,2355,41,541,2641,1024,130,356,709,0,0,0,-1,-1,-1,0x1002487FD0060015,1786,1565,1536,1500,2012,2012,1565,1500,1500,2012,988,1500,1500,2012,1500,1500,1500,1500,1372,1628,1500,1539,1500,2012,1500,1500,1500,1500,1500,1500,1500,2012,8.3
2025-03-03,11:46:29.000,-32,-34,10,3846,4672,42,541,2641,1024,251,356,709,0,0,0,-1,-1,-1,0x1002487FD0060015,1786,1602,1536,1500,2012,2012,1625,1500,1500,2012,988,1500,1500,2012,1500,1500,1500,1500,1372,1628,1500,1539,1500,2012,1500,1500,1500,1500,1500,1500,1500,2012,8.3
2025-03-03,11:46:29.500,-27,-34,10,3838,4635,43,541,2642,460,26,356,710,0,0,0,-1,-1,-1,0x1002487FD0060015,1615,1516,1536,1500,2012,1730,1513,1500,1500,1730,988,1500,1500,1663,1500,1500,1500,1500,1105,2012,1500,1539,1500,2012,1500,1500,1500,1500,1500,1500,1500,2012,8.3
2025-03-03,11:46:30.000,-32,-47,10,3840,1147,43,541,2642,1024,-131,356,709,0,0,0,-1,-1,-1,0x1002487FD20E0015,1786,1448,1536,1500,2012,2012,1435,1449,1500,2012,988,1500,1500,2012,1500,1500,1500,1448,1365,2012,1500,1539,1500,2012,1500,1500,1500,1500,1500,1500,1500,2012,8.3
2025-03-03,11:46:30.500,-23,-47,10,3852,425,43,541,2642,1024,-7,356,709,0,0,0,-1,-1,-1,0x1002487FD0060015,1786,1497,1536,1500,2012,2012,1497,1497,1500,2012,988,1500,1500,2012,1500,1500,1500,1497,1372,2012,1500,1539,1500,2012,1500,1500,1500,1500,1500,1500,1500,2012,8.3
2025-03-03,11:46:31.000,-23,-47,10,3854,7432,42,541,2643,-3,363,356,710,0,0,0,-1,-1,-1,0x1002487FD0060015,1514,1637,1536,1500,2012,1499,1681,1500,1500,1499,988,1500,1500,1499,1500,1500,1500,1500,1372,1628,1500,1539,1500,2012,1500,1500,1500,1500,1500,1500,1500,2012,8.3
2025-03-03,11:46:31.500,-34,-34,10,3838,22775,43,541,2645,-21,702,356,709,0,0,0,-1,-1,-1,0x1002487FD0060015,1510,1770,1536,1500,2012,1490,1851,1500,1500,1489,988,1500,1500,1493,1500,1500,1500,1500,1372,1628,1500,1539,1500,2012,1500,1500,1500,1500,1500,1500,1500,2012,8.3
2025-03-03,11:46:32.000,-35,-39,10,3760,65315,43,541,2651,0,148,356,709,0,0,0,-1,-1,-1,0x1002487FD0060015,1514,1570,1536,1500,2012,1500,1574,1500,1500,1500,988,1500,1500,1500,1500,1500,1500,1500,1372,1628,1500,1539,1500,2012,1500,1500,1500,1500,1500,1500,1500,2012,8.3
2025-03-03,11:46:32.500,-58,-59,10,3671,42707,43,541,2657,3,118,356,710,0,0,0,-1,-1,-1,0x1002487FD0060015,1515,1561,1536,1500,2012,1501,1559,1500,1500,1501,988,1500,1500,1501,1500,1500,1500,1500,1372,1628,1500,1539,1500,2012,1500,1500,1500,1500,1500,1500,1500,2012,8.3
2025-03-03,11:46:33.000,-67,-70,10,3711,1572,43,541,2660,86,-680,356,710,0,0,0,-1,-1,-1,0x1002487FD20A0015,1529,1279,1536,1500,2012,1543,1160,1279,1500,1534,988,1500,1500,1523,1500,1500,1500,1279,1119,2012,1500,1539,1500,988,1500,1500,1500,1500,1500,1500,1500,2012,8.3
2025-03-03,11:46:33.500,-70,-70,10,3824,145,43,541,2659,1024,-740,356,709,0,0,0,-1,-1,-1,0x1002487FD2060015,1786,1254,1536,1500,2012,2012,1130,1255,1500,2012,988,1500,1500,2012,1500,1500,1500,1254,1372,2012,1500,1539,1500,2012,1500,1500,1500,1500,1500,1500,1500,2012,8.3
2025-03-03,11:46:34.000,-71,-72,10,3835,375,42,541,2659,1024,3,356,709,0,0,0,-1,-1,-1,0x1002487FD0060015,1786,1501,1536,1500,2012,2012,1501,1500,1500,2012,988,1500,1500,2012,1500,1500,1500,1500,1372,2012,1500,1539,1500,2012,1500,1500,1500,1500,1500,1500,1500,2012,8.3
2025-03-03,11:46:34.500,-65,-72,10,3836,2432,42,541,2660,1024,150,356,710,0,0,0,-1,-1,-1,0x1002487FD0060015,1786,1571,1536,1500,2012,2012,1575,1500,1500,2012,988,1500,1500,2012,1500,1500,1500,1500,1372,1628,1500,1539,1500,2012,1500,1500,1500,1500,1500,1500,1500,2012,8.3
2025-03-03,11:46:35.000,-69,-75,10,3835,3170,43,541,2660,154,39,356,709,0,0,0,-1,-1,-1,0x1002487FD0060015,1548,1524,1536,1500,2012,1577,1519,1500,1500,1577,988,1500,1500,1552,1500,1500,1500,1500,1211,1798,1500,1539,1500,2012,1500,1500,1500,1500,1500,1500,1500,2012,8.3
2025-03-03,11:46:35.500,-74,-79,10,3834,597,43,541,2660,275,4,356,710,0,0,0,-1,-1,-1,0x1002487FD0060015,1576,1502,1536,1500,2012,1637,1502,1500,1500,1637,988,1500,1500,1593,1500,1500,1500,1500,1372,2012,1500,1539,1500,2012,1500,1500,1500,1500,1500,1500,1500,2012,8.3
2025-03-03,11:46:36.000,-75,-82,10,3839,417,43,541,2660,384,86,356,710,0,0,0,-1,-1,-1,0x1002487FD0060015,1600,1552,1536,1500,2012,1692,1543,1500,1500,1692,988,1500,1500,1633,1500,1500,1500,1500,1372,1628,1500,1539,1500,2012,1500,1500,1500,1500,1500,1500,1500,2012,8.3
2025-03-03,11:46:36.500,-74,-71,10,3840,7185,43,541,2661,-458,479,356,710,0,0,0,-1,-1,-1,0x1002487FD0060015,1425,1676,1536,1500,2012,1271,1739,1500,1500,1277,988,1500,1500,1342,1500,1500,1500,1500,1372,1628,1500,1539,1500,2012,1500,1500,1500,1500,1500,1500,1500,2012,8.3
2025-03-03,11:46:37.000,-71,-72,10,3816,20405,43,541,2664,356,573,356,709,0,0,0,-1,-1,-1,0x1002487FD0060015,1592,1711,1536,1500,2012,1678,1786,1500,1500,1672,988,1500,1500,1619,1500,1500,1500,1500,1372,1628,1500,1539,1500,2012,1500,1500,1500,1500,1500,1500,1500,2012,8.3
2025-03-03,11:46:37.500,-71,-70,10,3768,26032,43,541,2666,-30,970,356,709,0,0,0,-1,-1,-1,0x1002487FD0062015,1509,1968,1536,1500,2012,1485,1985,1500,1500,1485,988,1500,1500,1490,1500,1500,1500,1500,1372,1628,1500,1539,1500,2012,1500,1500,1500,1500,1500,1500,1500,2012,8.3
2025-03-03,11:46:38.000,-61,-70,10,3739,45275,43,541,2672,0,-21,356,710,0,0,0,-1,-1,-1,0x1002487FD0060015,1514,1492,1536,1500,2012,1500,1490,1492,1500,1500,988,1500,1500,1500,1500,1500,1500,1492,1147,2012,1500,1539,1500,2012,1500,1500,1500,1500,1500,1500,1500,2012,8.3
2025-03-03,11:46:38.500,-56,-70,10,3787,205,43,541,2672,0,-749,356,710,0,0,0,-1,-1,-1,0x1002487FD2060015,1514,1254,1536,1500,2012,1500,1126,1255,1500,1500,988,1500,1500,1500,1500,1500,1500,1254,1372,2012,1500,1539,1500,2012,1500,1500,1500,1500,1500,1500,1500,2012,8.3
2025-03-03,11:46:39.000,-55,-70,10,3833,0,43,541,2672,1,-685,356,710,0,0,0,-1,-1,-1,0x1002487FD20E0015,1514,1254,1536,1500,2012,1500,1158,1255,1500,1500,988,1500,1500,1500,1500,1500,1500,1254,1372,2012,1500,1539,1500,2012,1500,1500,1500,1500,1500,1500,1500,2012,8.3
2025-03-03,11:46:39.500,-48,-48,10,3835,205,43,541,2672,59,-16,356,709,0,0,0,-1,-1,-1,0x1002487FD0060015,1524,1494,1536,1500,2012,1530,1492,1494,1500,1522,988,1500,1500,1515,1500,1500,1500,1494,1500,2012,1500,1539,1500,2012,1500,1500,1500,1500,1500,1500,1500,2012,8.3
2025-03-03,11:46:40.000,-48,-45,10,3834,5132,43,541,2672,334,131,356,710,0,0,0,-1,-1,-1,0x1002487FD0060015,1590,1565,1536,1500,2012,1667,1565,1500,1500,1667,988,1500,1500,1615,1500,1500,1500,1500,1372,1628,1500,1539,1500,2012,1500,1500,1500,1500,1500,1500,1500,2012,8.3
2025-03-03,11:46:40.500,-48,-40,10,3832,1362,42,541,2673,-2,97,356,710,0,0,0,-1,-1,-1,0x1002487FD0060015,1514,1555,1536,1500,2012,1499,1548,1500,1500,1499,988,1500,1500,1499,1500,1500,1500,1500,1372,1628,1500,1539,1500,2012,1500,1500,1500,1500,1500,1500,1500,2012,8.3
2025-03-03,11:46:41.000,-48,-29,10,3832,2092,42,541,2673,-2,195,356,709,0,0,0,-1,-1,-1,0x1002487FD0060015,1514,1585,1536,1500,2012,1499,1597,1500,1500,1499,988,1500,1500,1499,1500,1500,1500,1500,1372,1628,1500,1539,1500,2012,1500,1500,1500,1500,1500,1500,1500,2012,8.3
2025-03-03,11:46:41.500,-23,-29,10,3827,4052,42,541,2673,-3,214,356,709,0,0,0,-1,-1,-1,0x1002487FD0060015,1514,1590,1536,1500,2012,1499,1607,1500,1500,1499,988,1500,1500,1499,1500,1500,1500,1500,1372,1628,1500,1539,1500,2012,1500,1500,1500,1500,1500,1500,1500,2012,8.3
2025-03-03,11:46:42.000,-36,-38,10,3824,1885,42,541,2674,-1024,-25,356,710,0,0,0,-1,-1,-1,0x1002487FD2060015,1177,1490,1536,1500,2012,988,1488,1490,1500,988,988,1500,1500,988,1500,1500,1500,1490,1297,2012,1500,1539,1500,2012,1500,1500,1500,1500,1500,1500,1500,2012,8.3
2025-03-03,11:46:42.500,-50,-47,10,3830,2222,42,541,2674,-1024,224,356,710,0,0,0,-1,-1,-1,0x1002487FD0060815,1177,1593,1536,1500,2012,988,1612,1500,1500,988,988,1500,1500,988,1500,1500,1500,1500,1372,1628,1500,1539,1500,2012,1500,1500,1500,1500,1500,1500,1500,2012,8.3
2025-03-03,11:46:43.000,-52,-50,10,3831,7862,42,541,2675,-655,317,356,710,0,0,0,-1,-1,-1,0x1002487FD0060815,1360,1622,1536,1500,2012,1173,1658,1500,1500,1167,988,1500,1500,1245,1500,1500,1500,1500,1372,1628,1500,1539,1500,2012,1500,1500,1500,1500,1500,1500,1500,2012,8.3
2025-03-03,11:46:43.500,-52,-49,10,3813,10627,42,541,2676,194,308,356,710,0,0,0,-1,-1,-1,0x1002487FD0060015,1554,1620,1536,1500,2012,1597,1654,1500,1500,1589,988,1500,1500,1560,1500,1500,1500,1500,1372,1628,1500,1539,1500,2012,1500,1500,1500,1500,1500,1500,1500,2012,8.3
2025-03-03,11:46:44.000,-33,-47,10,3806,9627,43,541,2677,185,443,356,709,0,0,0,-1,-1,-1,0x1002487FD0060015,1555,1663,1536,1500,2012,1592,1721,1500,1500,1592,988,1500,1500,1562,1500,1500,1500,1500,1372,1628,1500,1539,1500,2012,1500,1500,1500,1500,1500,1500,1500,2012,8.3
2025-03-03,11:46:44.500,-57,-43,10,3803,8657,43,541,2678,-3,405,356,710,0,0,0,-1,-1,-1,0x1002487FD0060015,1514,1650,1536,1500,2012,1499,1702,1500,1500,1499,988,1500,1500,1499,1500,1500,1500,1500,1372,1628,1500,1539,1500,2012,1500,1500,1500,1500,1500,1500,1500,2012,8.3
2025-03-03,11:46:45.000,-57,-55,10,3803,9060,43,541,2679,-2,438,356,710,0,0,0,-1,-1,-1,0x1002487FD0060015,1514,1661,1536,1500,2012,1499,1719,1500,1500,1499,988,1500,1500,1499,1500,1500,1500,1500,1372,1628,1500,1539,1500,2012,1500,1500,1500,1500,1500,1500,1500,2012,8.3
2025-03-03,11:46:45.500,-60,-63,10,3802,10527,43,541,2681,-2,594,356,710,0,0,0,-1,-1,-1,0x1002487FD0060015,1514,1719,1536,1500,2012,1499,1797,1500,1500,1499,988,1500,1500,1499,1500,1500,1500,1500,1372,1628,1500,1539,1500,2012,1500,1500,1500,1500,1500,1500,1500,2012,8.3
2025-03-03,11:46:46.000,-65,-69,10,3797,15740,43,541,2682,-2,288,356,710,0,0,0,-1,-1,-1,0x1002487FD0060015,1514,1613,1536,1500,2012,1499,1644,1500,1500,1499,988,1500,1500,1499,1500,1500,1500,1500,1372,1628,1500,1539,1500,2012,1500,1500,1500,1500,1500,1500,1500,2012,8.3
2025-03-03,11:46:46.500,-76,-78,10,3790,4190,43,541,2683,-1024,-744,356,710,0,0,0,-1,-1,-1,0x1002487FD2060015,1177,1254,1536,1500,2012,988,1128,1255,1500,988,988,1500,1500,988,1500,1500,1500,1254,1229,2012,1500,1539,1500,2012,1500,1500,1500,1500,1500,1500,1500,2012,8.3
2025-03-03,11:46:47.000,-74,-78,10,3828,342,43,541,2683,-1024,-11,356,710,0,0,0,-1,-1,-1,0x1002487FD0060815,1177,1496,1536,1500,2012,988,1495,1496,1500,988,988,1500,1500,988,1500,1500,1500,1496,1372,2012,1500,1539,1500,2012,1500,1500,1500,1500,1500,1500,1500,2012,8.3
2025-03-03,11:46:47.500,-78,-77,10,3832,6627,43,541,2684,-1024,273,356,709,0,0,0,-1,-1,-1,0x1002487FD0060815,1177,1608,1536,1500,2012,988,1636,1500,1500,988,988,1500,1500,988,1500,1500,1500,1500,1372,1628,1500,1539,1500,2012,1500,1500,1500,1500,1500,1500,1500,2012,8.3
2025-03-03,11:46:48.000,-74,-76,10,3816,9252,43,541,2684,-221,426,356,709,0,0,0,-1,-1,-1,0x1002487FD0060815,1475,1657,1536,1500,2012,1390,1713,1500,1500,1390,988,1500,1500,1425,1500,1500,1500,1500,1372,1628,1500,1539,1500,2012,1500,1500,1500,1500,1500,1500,1500,2012,8.3
2025-03-03,11:46:48.500,-72,-71,10,3795,30242,43,541,2687,102,568,356,709,0,0,0,-1,-1,-1,0x1002487FD0060015,1537,1709,1536,1500,2012,1551,1784,1500,1500,1551,988,1500,1500,1534,1500,1500,1500,1500,1372,1628,1500,1539,1500,2012,1500,1500,1500,1500,1500,1500,1500,2012,8.3
2025-03-03,11:46:49.000,-74,-66,10,3742,24660,43,541,2691,187,612,356,710,0,0,0,-1,-1,-1,0x1002487FD0060015,1556,1728,1536,1500,2012,1593,1806,1500,1500,1594,988,1500,1500,1563,1500,1500,1500,1500,1372,1628,1500,1539,1500,2012,1500,1500,1500,1500,1500,1500,1500,2012,8.3
2025-03-03,11:46:49.500,-74,-66,10,3751,16760,43,541,2693,-52,-21,356,709,0,0,0,-1,-1,-1,0x1002487FD0060015,1503,1492,1536,1500,2012,1474,1490,1492,1500,1469,988,1500,1500,1479,1500,1500,1500,1492,1127,1901,1500,1539,1500,2012,1500,1500,1500,1500,1500,1500,1500,2012,8.3
2025-03-03,11:46:50.000,-74,-62,10,3771,137,43,541,2693,1,-392,356,710,0,0,0,-1,-1,-1,0x1002487FD2060015,1514,1370,1536,1500,2012,1500,1304,1370,1500,1500,988,1500,1500,1500,1500,1500,1500,1370,1372,2012,1500,1539,1500,2012,1500,1500,1500,1500,1500,1500,1500,2012,8.3
2025-03-03,11:46:50.500,-55,-60,10,3827,432,43,541,2693,154,41,356,710,0,0,0,-1,-1,-1,0x1002487FD0060015,1546,1525,1536,1500,2012,1577,1520,1500,1500,1572,988,1500,1500,1548,1500,1500,1500,1500,1372,2012,1500,1539,1500,2012,1500,1500,1500,1500,1500,1500,1500,2012,8.3
2025-03-03,11:46:51.000,-53,-60,10,3827,1925,43,541,2693,-173,-746,356,710,0,0,0,-1,-1,-1,0x1002487FD2060015,1486,1254,1536,1500,2012,1414,1127,1255,1500,1420,988,1500,1500,1446,1500,1500,1500,1254,1229,2012,1500,1539,1500,2012,1500,1500,1500,1500,1500,1500,1500,2012,8.3
2025-03-03,11:46:51.500,-24,-60,10,3828,97,43,541,2693,8,-18,356,710,0,0,0,-1,-1,-1,0x1002487FD0060015,1516,1493,1536,1500,2012,1504,1491,1493,1500,1504,988,1500,1500,1502,1500,1500,1500,1493,1372,2012,1500,1539,1500,2012,1500,1500,1500,1500,1500,1500,1500,2012,8.3
2025-03-03,11:46:52.000,-22,-60,10,3831,405,43,541,2693,0,27,356,710,0,0,0,-1,-1,-1,0x1002487FD0060015,1514,1516,1536,1500,2012,1500,1513,1500,1500,1500,988,1500,1500,1500,1500,1500,1500,1500,1372,2012,1500,1539,1500,2012,1500,1500,1500,1500,1500,1500,1500,2012,8.3
2025-03-03,11:46:52.500,-22,-60,10,3831,347,43,541,2693,0,-14,356,710,0,0,0,-1,-1,-1,0x1002487FD0060015,1514,1494,1536,1500,2012,1500,1493,1495,1500,1500,988,1500,1500,1500,1500,1500,1500,1494,1500,2012,1500,1539,1500,2012,1500,1500,1500,1500,1500,1500,1500,2012,8.3
2025-03-03,11:46:53.000,-20,-60,10,3831,342,42,541,2693,0,-14,356,710,0,0,0,-1,-1,-1,0x1002487FD0060015,1514,1494,1536,1500,2012,1500,1493,1495,1500,1500,988,1500,1500,1500,1500,1500,1500,1494,1500,2012,1500,1539,1500,2012,1500,1500,1500,1500,1500,1500,1500,2012,8.3
2025-03-03,11:46:53.500,-20,-60,10,3832,350,42,541,2693,0,-14,356,710,0,0,0,-1,-1,-1,0x1002487FD0060015,1514,1494,1536,1500,2012,1500,1493,1495,1500,1500,988,1500,1500,1500,1500,1500,1500,1494,1500,2012,1500,1539,1500,2012,1500,1500,1500,1500,1500,1500,1500,2012,8.3
2025-03-03,11:46:54.000,-21,-30,10,3833,330,42,541,2694,0,-14,356,710,0,0,0,-1,-1,-1,0x1002487FD0060015,1514,1494,1516,1500,2012,1500,1493,1495,1500,1500,988,1500,1500,1500,1500,1500,1500,1494,1500,2012,1500,1539,1500,2012,1500,1500,1500,1500,1500,1500,1500,2012,8.3
2025-03-03,11:46:54.500,-21,-30,10,3834,152,42,541,2694,0,-14,356,710,0,0,0,-1,-1,-1,0x1002487FD0060014,1514,1494,1500,1500,2012,1500,1493,1495,1500,1500,988,1500,1500,1500,1500,1500,1500,1494,1500,2012,1500,1539,1500,2012,1500,1500,1500,1500,1500,1500,1500,2012,8.3
2025-03-03,11:46:55.000,-20,-30,10,3835,147,42,541,2694,0,-16,356,709,0,0,0,-1,-1,-1,0x1002487FD0060014,1514,1494,1500,1500,2012,1500,1492,1494,1500,1500,988,1500,1500,1500,1500,1500,1500,1494,1500,2012,1500,1539,1500,2012,1500,1500,1500,1500,1500,1500,1500,2012,8.3
2025-03-03,11:46:55.500,-20,-30,10,3836,142,41,541,2694,0,-15,356,709,0,0,0,-1,-1,-1,0x1002487FD0060014,1514,1494,1500,1500,2012,1500,1493,1495,1500,1500,988,1500,1500,1500,1500,1500,1500,1494,1500,2012,1500,1539,1500,2012,1500,1500,1500,1500,1500,1500,1500,2012,8.3
2025-03-03,11:46:56.000,-20,-30,10,3837,240,41,541,2694,-642,-14,356,710,0,0,0,-1,-1,-1,0x1002487FD0060014,1377,1494,1500,1500,2012,1179,1493,1495,1500,1191,988,1500,1500,1269,1500,1500,1500,1494,1500,2012,1500,1539,1500,2012,1500,1500,1500,1500,1500,1500,1500,2012,8.3
2025-03-03,11:46:56.500,-20,-30,10,3837,315,41,541,2694,-1024,-15,356,710,0,0,0,-1,-1,-1,0x1002487FD0060814,1177,1494,1500,1500,2012,988,1493,1495,1500,988,988,1500,1500,988,1500,1500,1500,1494,1500,2012,1500,1539,1500,2012,1500,1500,1500,1500,1500,1500,1500,2012,8.3
2025-03-03,11:46:57.000,-20,-31,10,3837,192,41,541,2694,-1024,-14,356,710,0,0,0,-1,-1,-1,0x1002487FD0060814,1177,1494,1500,1500,2012,988,1493,1495,1500,988,988,1500,1500,988,1500,1500,1500,1494,1500,2012,1500,1539,1500,2012,1500,1500,1500,1500,1500,1500,1500,2012,8.3
2025-03-03,11:46:57.500,-20,-31,10,3838,170,41,541,2694,-988,-15,356,710,0,0,0,-1,-1,-1,0x1002487FD0060814,1201,1494,1500,1500,2012,1006,1493,1495,1500,1007,988,1500,1500,1025,1500,1500,1500,1494,1500,2012,1500,1539,1500,2012,1500,1500,1500,1500,1500,1500,1500,2012,8.3
2025-03-03,11:46:58.000,-19,-31,10,3838,257,41,541,2694,-1024,-14,356,710,0,0,0,-1,-1,-1,0x1002487FD0060814,1177,1494,1500,1500,2012,988,1493,1495,1500,988,988,1500,1500,988,1500,1500,1500,1494,1500,2012,1500,1539,1500,2012,1500,1500,1500,1500,1500,1500,1500,2012,8.3
2025-03-03,11:46:58.500,-21,-31,10,3839,260,41,541,2694,-1024,-15,356,710,0,0,0,-1,-1,-1,0x1002487FD0060814,1177,1494,1500,1500,2012,988,1493,1495,1500,988,988,1500,1500,988,1500,1500,1500,1494,1500,2012,1500,1539,1500,2012,1500,1500,1500,1500,1500,1500,1500,2012,8.3
2025-03-03,11:46:59.000,-20,-31,10,3839,225,41,541,2694,-1024,-14,356,710,0,0,0,-1,-1,-1,0x1002487FD0060814,1177,1494,1500,1500,2012,988,1493,1495,1500,988,988,1500,1500,988,1500,1500,1500,1494,1500,2012,1500,1539,1500,2012,1500,1500,1500,1500,1500,1500,1500,2012,8.3
2025-03-03,11:46:59.500,-20,-31,10,3839,190,41,541,2694,-1024,-14,356,709,0,0,0,-1,-1,-1,0x1002487FD0060814,1177,1494,1500,1500,2012,988,1493,1495,1500,988,988,1500,1500,988,1500,1500,1500,1494,1500,2012,1500,1539,1500,2012,1500,1500,1500,1500,1500,1500,1500,2012,8.3
2025-03-03,11:47:00.000,-20,-25,10,3840,232,41,541,2694,-964,-13,356,710,0,0,0,-1,-1,-1,0x1002487FD0060814,1214,1495,1500,1500,2012,1018,1494,1495,1500,1018,988,1500,1500,1044,1500,1500,1500,1495,1500,2012,1500,1539,1500,2012,1500,1500,1500,1500,1500,1500,1500,2012,8.3
2025-03-03,11:47:00.500,-22,-25,10,3840,380,41,541,2694,0,-12,356,709,0,0,0,-1,-1,-1,0x1002487FD0060014,1514,1496,1500,1500,2012,1500,1494,1496,1500,1500,988,1500,1500,1500,1500,1500,1500,1496,1500,2012,1500,1539,1500,2012,1500,1500,1500,1500,1500,1500,1500,2012,8.3
2025-03-03,11:47:01.000,-23,-25,10,3841,242,41,541,2694,1,-13,356,710,0,0,0,-1,-1,-1,0x1002487FD0060014,1514,1495,1500,1500,2012,1500,1494,1495,1500,1500,988,1500,1500,1500,1500,1500,1500,1495,1500,2012,1500,1539,1500,2012,1500,1500,1500,1500,1500,1500,1500,2012,8.3
2025-03-03,11:47:01.500,-23,-25,10,3841,225,41,541,2694,1,-12,356,709,0,0,0,-1,-1,-1,0x1002487FD0060014,1514,1496,1500,1500,2012,1500,1494,1496,1500,1500,988,1500,1500,1500,1500,1500,1500,1496,1500,2012,1500,1539,1500,2012,1500,1500,1500,1500,1500,1500,1500,2012,8.3
2025-03-03,11:47:02.000,-25,-25,10,3841,225,41,541,2694,0,-12,356,710,0,0,0,-1,-1,-1,0x1002487FD0060014,1514,1496,1500,1500,2012,1500,1494,1496,1500,1500,988,1500,1500,1500,1500,1500,1500,1496,1500,2012,1500,1539,1500,2012,1500,1500,1500,1500,1500,1500,1500,2012,8.3
2025-03-03,11:47:02.500,-24,-25,10,3842,247,41,541,2694,1,-13,356,709,0,0,0,-1,-1,-1,0x1002487FD0060014,1514,1495,1500,1500,2012,1500,1494,1495,1500,1500,988,1500,1500,1500,1500,1500,1500,1495,1500,2012,1500,1539,1500,2012,1500,1500,1500,1500,1500,1500,1500,2012,8.3
2025-03-03,11:47:03.000,-24,-25,10,3842,245,41,541,2694,0,-5,356,710,0,0,0,-1,-1,-1,0x1002487FD0060014,1514,1498,1500,1500,2012,1500,1498,1498,1500,1500,988,1500,1500,1500,1500,1500,1500,1498,1500,2012,1500,1539,1500,2012,1500,1500,1500,1500,1500,1500,1500,2012,8.3
2025-03-03,11:47:03.500,-18,-25,10,3842,235,41,541,2694,-183,-14,356,709,0,0,0,-1,-1,-1,0x1002487FD0060014,1489,1494,1500,1500,2012,1409,1493,1495,1500,1427,988,1500,1500,1451,1500,1500,1500,1494,1500,2012,1500,1539,1500,2012,1500,1500,1500,1500,1500,1500,1500,2012,8.3
2025-03-03,11:47:04.000,-18,-25,10,3843,287,41,541,2694,-1024,-13,356,709,0,0,0,-1,-1,-1,0x1002487FD0060814,1177,1495,1500,1500,2012,988,1494,1495,1500,988,988,1500,1500,988,1500,1500,1500,1495,1500,2012,1500,1539,1500,2012,1500,1500,1500,1500,1500,1500,1500,2012,8.3
2025-03-03,11:47:04.500,-18,-25,10,3843,157,41,541,2694,-1024,-12,356,710,0,0,0,-1,-1,-1,0x1002487FD0060814,1177,1496,1500,1500,2012,988,1494,1496,1500,988,988,1500,1500,988,1500,1500,1500,1496,1500,2012,1500,1539,1500,2012,1500,1500,1500,1500,1500,1500,1500,2012,8.3
2025-03-03,11:47:05.000,-18,-25,10,3843,175,41,541,2694,-1024,-9,356,710,0,0,0,-1,-1,-1,0x1002487FD0060814,1177,1497,1500,1500,2012,988,1496,1497,1500,988,988,1500,1500,988,1500,1500,1500,1497,1500,2012,1500,1539,1500,2012,1500,1500,1500,1500,1500,1500,1500,2012,8.3
2025-03-03,11:47:05.500,-21,-25,10,3844,152,41,541,2694,-1024,-12,356,710,0,0,0,-1,-1,-1,0x1002487FD0060814,1177,1496,1500,1500,2012,988,1494,1496,1500,988,988,1500,1500,988,1500,1500,1500,1496,1500,2012,1500,1539,1500,2012,1500,1500,1500,1500,1500,1500,1500,2012,8.3
2025-03-03,11:47:06.000,-20,-25,10,3844,145,41,541,2694,-1024,-12,356,710,0,0,0,-1,-1,-1,0x1002487FD0060814,1177,1496,1500,1500,2012,988,1494,1496,1500,988,988,1500,1500,988,1500,1500,1500,1496,1500,2012,1500,1539,1500,2012,1500,1500,1500,1500,1500,1500,1500,2012,8.3
2025-03-03,11:47:06.500,-22,-26,10,3844,155,41,541,2694,-1024,-12,356,710,0,0,0,-1,-1,-1,0x1002487FD0060814,1177,1496,1500,1500,2012,988,1494,1496,1500,988,988,1500,1500,988,1500,1500,1500,1496,1500,2012,1500,1539,1500,2012,1500,1500,1500,1500,1500,1500,1500,2012,8.3
2025-03-03,11:47:07.000,-28,-29,10,3845,207,41,541,2694,-1024,-10,356,710,0,0,0,-1,-1,-1,0x1002487FD0060814,1177,1496,1500,1500,2012,988,1495,1496,1500,988,988,1500,1500,988,1500,1500,1500,1496,1500,2012,1500,1539,1500,2012,1500,1500,1500,1500,1500,1500,1500,2012,8.3
2025-03-03,11:47:07.500,-23,-29,10,3845,147,41,541,2694,-976,-6,356,710,0,0,0,-1,-1,-1,0x1002487FD0060814,1201,1498,1500,1500,2012,1012,1497,1498,1500,1007,988,1500,1500,1024,1500,1500,1500,1498,1500,2012,1500,1539,1500,2012,1500,1500,1500,1500,1500,1500,1500,2012,8.3
2025-03-03,11:47:08.000,-21,-29,10,3845,465,41,541,2694,0,-1,356,710,0,0,0,-1,-1,-1,0x1002487FD0060014,1514,1500,1500,1500,2012,1500,1500,1500,1500,1500,988,1500,1500,1500,1500,1500,1500,1500,1500,2012,1500,1539,1500,2012,1500,1500,1500,1500,1500,1500,1500,2012,8.3
2025-03-03,11:47:08.500,-21,-24,10,3845,230,41,541,2694,0,-12,350,710,0,0,0,-1,-1,-1,0x1002487FD0060014,1514,1496,1500,1500,2012,1500,1494,1496,1500,1500,988,1500,1500,1500,1500,1500,1500,1496,1500,2012,1500,1539,1500,2012,1500,1500,1500,1500,1500,1500,1500,2012,8.3
2025-03-03,11:47:09.000,-20,-24,10,3845,222,41,541,2694,0,-12,183,709,0,0,0,-1,-1,-1,0x1002487FD0060014,1514,1496,1500,1500,2012,1500,1494,1496,1500,1500,988,1500,1500,1500,1500,1500,1500,1496,1500,2012,1500,1539,1500,2012,1500,1500,1500,1500,1500,1500,1500,2012,8.3
2025-03-03,11:47:09.500,-21,-24,10,3845,222,41,541,2694,0,-13,277,710,0,0,0,-1,-1,-1,0x1002487FD0060014,1514,1495,1500,1500,2012,1500,1494,1495,1500,1500,988,1500,1500,1500,1500,1500,1500,1495,1500,2012,1500,1539,1500,2012,1500,1500,1500,1500,1500,1500,1500,2012,8.3
2025-03-03,11:47:10.000,-21,-23,10,3846,220,41,541,2694,0,-12,-177,710,0,0,0,-1,-1,-1,0x1002487FD0060014,1514,1496,1500,1500,2012,1500,1494,1496,1500,1500,988,1500,1500,1500,1500,1500,1500,1496,1500,2012,1500,1539,1500,2012,1500,1500,1500,1500,1500,1500,1500,2012,8.3
2025-03-03,11:47:10.500,-21,-23,10,3846,212,41,541,2694,0,-11,18,709,0,0,0,-1,-1,-1,0x1002487FD0060014,1514,1496,1500,1500,2012,1500,1495,1496,1500,1500,988,1500,1500,1500,1500,1500,1500,1496,1500,2012,1500,1539,1500,2012,1500,1500,1500,1500,1500,1500,1500,2012,8.3
2025-03-03,11:47:11.000,-21,-23,10,3846,225,41,541,2694,0,-12,1,710,0,0,0,-1,-1,-1,0x1002487FD0060014,1514,1496,1500,1500,2012,1500,1494,1496,1500,1500,988,1500,1500,1500,1500,1500,1500,1496,1500,2012,1500,1539,1500,2012,1500,1500,1500,1500,1500,1500,1500,2012,8.3
2025-03-03,11:47:11.500,-20,-23,10,3846,495,41,541,2695,-1024,-11,1,710,0,0,0,-1,-1,-1,0x1002487FD0060814,1142,1496,1500,1500,2012,988,1495,1496,1500,988,988,1500,1500,988,1500,1500,1500,1496,1500,2012,1500,1539,1500,2012,1500,1500,1500,1500,1500,1500,1500,2012,8.3
2025-03-03,11:47:12.000,-20,-22,10,3846,300,41,541,2695,-1024,-6,1,710,0,0,0,-1,-1,-1,0x1002487FD0060814,1142,1498,1500,1500,2012,988,1497,1498,1500,988,988,1500,1500,988,1500,1500,1500,1498,1500,2012,1500,1539,1500,2012,1500,1500,1500,1500,1500,1500,1500,2012,8.3
2025-03-03,11:47:12.500,-21,-22,10,3846,240,41,541,2695,-1024,3,1,710,0,0,0,-1,-1,-1,0x1002487FD0060814,1142,1501,1500,1500,2012,988,1501,1500,1500,988,988,1500,1500,988,1500,1500,1500,1500,1500,2012,1500,1539,1500,2012,1500,1500,1500,1500,1500,1500,1500,2012,8.3
2025-03-03,11:47:13.000,-25,-22,10,3847,145,41,541,2695,-1024,8,1,710,0,0,0,-1,-1,-1,0x1002487FD0060814,1142,1504,1500,1500,2012,988,1504,1500,1500,988,988,1500,1500,988,1500,1500,1500,1500,1500,2012,1500,1539,1500,2012,1500,1500,1500,1500,1500,1500,1500,2012,8.3
2025-03-03,11:47:13.500,-26,-25,10,3847,142,41,541,2695,-1024,8,1,710,0,0,0,-1,-1,-1,0x1002487FD0060814,1142,1504,1500,1500,2012,988,1504,1500,1500,988,988,1500,1500,988,1500,1500,1500,1500,1500,2012,1500,1539,1500,2012,1500,1500,1500,1500,1500,1500,1500,2012,8.3
2025-03-03,11:47:14.000,-27,-26,10,3847,147,41,541,2695,-1024,14,1,710,0,0,0,-1,-1,-1,0x1002487FD0060814,1142,1508,1500,1500,2012,988,1507,1500,1500,988,988,1500,1500,988,1500,1500,1500,1500,1500,2012,1500,1539,1500,2012,1500,1500,1500,1500,1500,1500,1500,2012,8.3
2025-03-03,11:47:14.500,-27,-29,10,3848,262,40,541,2695,-1024,20,1,709,0,0,0,-1,-1,-1,0x1002487FD0060814,1142,1512,1500,1500,2012,988,1510,1500,1500,988,988,1500,1500,988,1500,1500,1500,1500,1500,2012,1500,1539,1500,2012,1500,1500,1500,1500,1500,1500,1500,2012,8.3
2025-03-03,11:47:15.000,-26,-29,10,3848,175,40,541,2695,-29,16,1,709,0,0,0,-1,-1,-1,0x1002487FD0060014,1503,1509,1500,1500,2012,1500,1508,1500,1500,1472,988,1500,1500,1481,1500,1500,1500,1500,1500,2012,1500,1539,1500,2012,1500,1500,1500,1500,1500,1500,1500,2012,8.3
2025-03-03,11:47:15.500,-25,-27,10,3848,517,40,541,2695,1024,21,1,709,0,0,0,-1,-1,-1,0x1002487FD0060014,1812,1513,1500,1500,2012,2012,1510,1500,1500,2012,988,1500,1500,2012,1500,1500,1500,1500,1500,2012,1500,1539,1500,2012,1500,1500,1500,1500,1500,1500,1500,2012,8.3
2025-03-03,11:47:16.000,-22,-27,10,3847,3875,41,541,2695,1024,-18,1,709,0,0,0,-1,-1,-1,0x1002487FD0060015,1812,1493,1528,1500,2012,2012,1491,1493,1500,2012,988,1500,1500,2012,1500,1500,1500,1493,1065,2012,1500,1539,1500,2012,1500,1500,1500,1500,1500,1500,1500,2012,8.3
2025-03-03,11:47:16.500,-24,-27,10,3842,8627,41,541,2696,-1024,366,2,710,0,0,0,-1,-1,-1,0x1002487FD0060015,1142,1638,1536,1500,2012,988,1683,1500,1500,988,988,1500,1500,988,1500,1500,1500,1500,1372,1628,1500,1539,1500,2012,1500,1500,1500,1500,1500,1500,1500,2012,8.3
2025-03-03,11:47:17.000,-24,-27,10,3813,17232,41,541,2698,-164,531,1,710,0,0,0,-1,-1,-1,0x1002487FD0060815,1478,1695,1536,1500,2012,1418,1765,1500,1500,1406,988,1500,1500,1437,1500,1500,1500,1500,1372,1628,1500,1539,1500,2012,1500,1500,1500,1500,1500,1500,1500,2012,8.3
2025-03-03,11:47:17.500,-54,-44,10,3791,8725,41,541,2699,317,312,1,710,0,0,0,-1,-1,-1,0x1002487FD0060015,1593,1617,1536,1500,2012,1658,1650,1500,1500,1658,988,1500,1500,1609,1500,1500,1500,1500,1372,1628,1500,1539,1500,2012,1500,1500,1500,1500,1500,1500,1500,2012,8.3
2025-03-03,11:47:18.000,-54,-52,10,3806,4852,42,541,2700,-434,94,1,710,0,0,0,-1,-1,-1,0x1002487FD0060015,1419,1554,1536,1500,2012,1283,1547,1500,1500,1284,988,1500,1500,1348,1500,1500,1500,1500,1372,1628,1500,1539,1500,2012,1500,1500,1500,1500,1500,1500,1500,2012,8.3
2025-03-03,11:47:18.500,-54,-58,10,3834,2100,42,541,2700,-47,89,1,709,0,0,0,-1,-1,-1,0x1002487FD0060015,1505,1553,1536,1500,2012,1477,1544,1500,1500,1477,988,1500,1500,1485,1500,1500,1500,1500,1372,1628,1500,1539,1500,2012,1500,1500,1500,1500,1500,1500,1500,2012,8.3
2025-03-03,11:47:19.000,-59,-58,10,3836,700,42,541,2700,-3,-18,1,710,0,0,0,-1,-1,-1,0x1002487FD0060015,1514,1493,1536,1500,2012,1499,1491,1493,1500,1499,988,1500,1500,1499,1500,1500,1500,1493,1229,2012,1500,1539,1500,2012,1500,1500,1500,1500,1500,1500,1500,2012,8.3
2025-03-03,11:47:19.500,-66,-60,10,3841,360,42,541,2700,-3,-9,1,710,0,0,0,-1,-1,-1,0x1002487FD0060015,1514,1497,1536,1500,2012,1499,1496,1497,1500,1499,988,1500,1500,1499,1500,1500,1500,1497,1372,2012,1500,1539,1500,2012,1500,1500,1500,1500,1500,1500,1500,2012,8.3
2025-03-03,11:47:20.000,-66,-60,10,3843,347,41,541,2700,-3,-10,82,710,0,0,0,-1,-1,-1,0x1002487FD0060015,1514,1496,1536,1500,2012,1499,1495,1496,1500,1499,988,1500,1500,1499,1500,1500,1500,1496,1372,2012,1500,1539,1500,2012,1500,1500,1500,1500,1500,1500,1500,2012,8.3
2025-03-03,11:47:20.500,-61,-59,10,3843,355,41,541,2700,-3,-11,85,709,0,0,0,-1,-1,-1,0x1002487FD0060015,1514,1496,1536,1500,2012,1499,1495,1496,1500,1499,988,1500,1500,1499,1500,1500,1500,1496,1500,2012,1500,1539,1500,2012,1500,1500,1500,1500,1500,1500,1500,2012,8.3
2025-03-03,11:47:21.000,-64,-61,10,3844,350,41,541,2700,-2,-12,104,709,0,0,0,-1,-1,-1,0x1002487FD0060015,1514,1496,1536,1500,2012,1499,1494,1496,1500,1499,988,1500,1500,1499,1500,1500,1500,1496,1500,2012,1500,1539,1500,2012,1500,1500,1500,1500,1500,1500,1500,2012,8.3
2025-03-03,11:47:21.500,-64,-58,10,3844,345,41,541,2700,-3,-13,121,710,0,0,0,-1,-1,-1,0x1002487FD0060015,1514,1495,1536,1500,2012,1499,1494,1495,1500,1499,988,1500,1500,1499,1500,1500,1500,1495,1500,2012,1500,1539,1500,2012,1500,1500,1500,1500,1500,1500,1500,2012,8.3
2025-03-03,11:47:22.000,-64,-57,10,3845,325,41,541,2700,-3,-13,125,709,0,0,0,-1,-1,-1,0x1002487FD0060015,1514,1495,1516,1500,2012,1499,1494,1495,1500,1499,988,1500,1500,1499,1500,1500,1500,1495,1500,2012,1500,1539,1500,2012,1500,1500,1500,1500,1500,1500,1500,2012,8.3
2025-03-03,11:47:22.500,-64,-57,10,3845,160,41,541,2700,-3,-13,125,709,0,0,0,-1,-1,-1,0x1002487FD0060014,1514,1495,1500,1500,2012,1499,1494,1495,1500,1499,988,1500,1500,1499,1500,1500,1500,1495,1500,2012,1500,1539,1500,2012,1500,1500,1500,1500,1500,1500,1500,2012,8.3
2025-03-03,11:47:23.000,-64,-57,10,3846,147,41,541,2700,-3,-14,51,709,0,0,0,-1,-1,-1,0x1002487FD0060014,1514,1494,1500,1500,2012,1499,1493,1495,1500,1499,988,1500,1500,1499,1500,1500,1500,1494,1500,2012,1500,1539,1500,2012,1500,1500,1500,1500,1500,1500,1500,2012,8.3
2025-03-03,11:47:23.500,-62,-57,10,3846,150,40,541,2700,-3,-14,-1,710,0,0,0,-1,-1,-1,0x1002487FD0060014,1514,1494,1500,1500,2012,1499,1493,1495,1500,1499,988,1500,1500,1499,1500,1500,1500,1494,1500,2012,1500,1539,1500,2012,1500,1500,1500,1500,1500,1500,1500,2012,8.3
2025-03-03,11:47:24.000,-66,-63,10,3847,2812,40,541,2701,-1,240,-1,710,0,0,0,-1,-1,-1,0x1002487FD0060015,1514,1598,1523,1500,2012,1500,1620,1500,1500,1499,988,1500,1500,1499,1500,1500,1500,1500,1372,1628,1500,1539,1500,2012,1500,1500,1500,1500,1500,1500,1500,2012,8.3
2025-03-03,11:47:24.500,-61,-60,10,3840,5430,40,541,2701,-2,233,0,710,0,0,0,-1,-1,-1,0x1002487FD0060015,1514,1596,1536,1500,2012,1499,1616,1500,1500,1499,988,1500,1500,1499,1500,1500,1500,1500,1372,1628,1500,1539,1500,2012,1500,1500,1500,1500,1500,1500,1500,2012,8.3
2025-03-03,11:47:25.000,-68,-68,10,3822,6767,40,541,2702,78,378,-1,710,0,0,0,-1,-1,-1,0x1002487FD0060015,1533,1642,1536,1500,2012,1539,1689,1500,1500,1539,988,1500,1500,1526,1500,1500,1500,1500,1372,1628,1500,1539,1500,2012,1500,1500,1500,1500,1500,1500,1500,2012,8.3
2025-03-03,11:47:25.500,-72,-75,10,3819,5242,40,541,2703,1024,180,0,709,0,0,0,-1,-1,-1,0x1002487FD0060015,1812,1580,1536,1500,2012,2012,1590,1500,1500,2012,988,1500,1500,2012,1500,1500,1500,1500,1372,1628,1500,1539,1500,2012,1500,1500,1500,1500,1500,1500,1500,2012,8.3
2025-03-03,11:47:26.000,-72,-83,10,3820,10517,41,541,2704,1024,427,0,710,0,0,0,-1,-1,-1,0x1002487FD0060015,1812,1657,1536,1500,2012,2012,1713,1500,1500,2012,988,1500,1500,2012,1500,1500,1500,1500,1372,1628,1500,1539,1500,2012,1500,1500,1500,1500,1500,1500,1500,2012,8.3
2025-03-03,11:47:26.500,-67,-83,10,3812,16907,42,541,2706,649,560,0,709,0,0,0,-1,-1,-1,0x1002487FD0060015,1665,1706,1536,1500,2012,1824,1780,1500,1500,1810,988,1500,1500,1732,1500,1500,1500,1500,1372,1628,1500,1539,1500,2012,1500,1500,1500,1500,1500,1500,1500,2012,8.3
2025-03-03,11:47:27.000,-65,-80,10,3770,24045,43,541,2709,-3,661,0,710,0,0,0,-1,-1,-1,0x1002487FD0060015,1514,1751,1536,1500,2012,1499,1830,1500,1500,1499,988,1500,1500,1499,1500,1500,1500,1500,1372,1628,1500,1539,1500,2012,1500,1500,1500,1500,1500,1500,1500,2012,8.3
2025-03-03,11:47:27.500,-59,-80,10,3764,7935,43,541,2711,-1024,-18,0,710,0,0,0,-1,-1,-1,0x1002487FD0060015,1142,1493,1536,1500,2012,988,1491,1493,1500,988,988,1500,1500,988,1500,1500,1500,1493,1119,2012,1500,1539,1500,2012,1500,1500,1500,1500,1500,1500,1500,2012,8.3
2025-03-03,11:47:28.000,-50,-80,10,3800,3110,43,541,2711,-1024,274,-1,710,0,0,0,-1,-1,-1,0x1002487FD0060815,1142,1609,1536,1500,2012,988,1637,1500,1500,988,988,1500,1500,988,1500,1500,1500,1500,1372,1628,1500,1539,1500,2012,1500,1500,1500,1500,1500,1500,1500,2012,8.3
2025-03-03,11:47:28.500,-48,-80,10,3823,8437,42,541,2712,-1024,392,0,709,0,0,0,-1,-1,-1,0x1002487FD0060815,1142,1646,1536,1500,2012,988,1696,1500,1500,988,988,1500,1500,988,1500,1500,1500,1500,1372,1628,1500,1539,1500,2012,1500,1500,1500,1500,1500,1500,1500,2012,8.3
2025-03-03,11:47:29.000,-51,-52,10,3807,13225,42,541,2713,-1024,430,-1,710,0,0,0,-1,-1,-1,0x1002487FD0060815,1142,1658,1536,1500,2012,988,1715,1500,1500,988,988,1500,1500,988,1500,1500,1500,1500,1372,1628,1500,1539,1500,2012,1500,1500,1500,1500,1500,1500,1500,2012,8.3
2025-03-03,11:47:29.500,-62,-55,10,3788,18035,42,541,2716,-1024,533,0,710,0,0,0,-1,-1,-1,0x1002487FD0060815,1142,1696,1536,1500,2012,988,1766,1500,1500,988,988,1500,1500,988,1500,1500,1500,1500,1372,1628,1500,1539,1500,2012,1500,1500,1500,1500,1500,1500,1500,2012,8.3
2025-03-03,11:47:30.000,-55,-48,10,3764,22212,42,541,2719,-1024,-18,0,709,0,0,0,-1,-1,-1,0x1002487FD0060815,1142,1493,1536,1500,2012,988,1491,1493,1500,988,988,1500,1500,988,1500,1500,1500,1493,1055,2012,1500,1539,1500,2012,1500,1500,1500,1500,1500,1500,1500,2012,8.3
2025-03-03,11:47:30.500,-51,-50,10,3794,467,42,541,2719,-1022,152,0,710,0,0,0,-1,-1,-1,0x1002487FD0060815,1143,1572,1536,1500,2012,989,1576,1500,1500,989,988,1500,1500,990,1500,1500,1500,1500,1372,1628,1500,1539,1500,2012,1500,1500,1500,1500,1500,1500,1500,2012,8.3
2025-03-03,11:47:31.000,-53,-50,10,3825,7125,42,541,2719,-1013,236,0,709,0,0,0,-1,-1,-1,0x1002487FD0060815,1150,1597,1536,1500,2012,994,1618,1500,1500,994,988,1500,1500,999,1500,1500,1500,1500,1372,1628,1500,1539,1500,2012,1500,1500,1500,1500,1500,1500,1500,2012,8.3
2025-03-03,11:47:31.500,-64,-61,10,3809,5910,42,541,2720,-927,250,0,710,0,0,0,-1,-1,-1,0x1002487FD0060815,1207,1601,1536,1500,2012,1037,1625,1500,1500,1037,988,1500,1500,1078,1500,1500,1500,1500,1372,1628,1500,1539,1500,2012,1500,1500,1500,1500,1500,1500,1500,2012,8.3
2025-03-03,11:47:32.000,-64,-58,10,3807,11997,42,541,2721,-3,360,0,709,0,0,0,-1,-1,-1,0x1002487FD0060015,1514,1636,1536,1500,2012,1499,1679,1500,1500,1499,988,1500,1500,1499,1500,1500,1500,1500,1372,1628,1500,1539,1500,2012,1500,1500,1500,1500,1500,1500,1500,2012,8.3
2025-03-03,11:47:32.500,-56,-64,10,3804,2070,42,541,2722,-3,-14,0,710,0,0,0,-1,-1,-1,0x1002487FD0060015,1514,1494,1536,1500,2012,1499,1493,1495,1500,1499,988,1500,1500,1499,1500,1500,1500,1494,1372,2012,1500,1539,1500,2012,1500,1500,1500,1500,1500,1500,1500,2012,8.3
2025-03-03,11:47:33.000,-56,-64,10,3826,402,42,541,2722,-3,23,3,709,0,0,0,-1,-1,-1,0x1002487FD0060015,1514,1514,1536,1500,2012,1499,1511,1500,1500,1499,988,1500,1500,1499,1500,1500,1500,1500,1372,2012,1500,1539,1500,2012,1500,1500,1500,1500,1500,1500,1500,2012,8.3
2025-03-03,11:47:33.500,-55,-58,10,3831,367,42,541,2722,-3,-13,120,709,0,0,0,-1,-1,-1,0x1002487FD0060015,1514,1495,1536,1500,2012,1499,1494,1495,1500,1499,988,1500,1500,1499,1500,1500,1500,1495,1385,2012,1500,1539,1500,2012,1500,1500,1500,1500,1500,1500,1500,2012,8.3
2025-03-03,11:47:34.000,-55,-58,10,3832,347,41,541,2722,-3,-12,154,710,0,0,0,-1,-1,-1,0x1002487FD0060015,1514,1496,1536,1500,2012,1499,1494,1496,1500,1499,988,1500,1500,1499,1500,1500,1500,1496,1500,2012,1500,1539,1500,2012,1500,1500,1500,1500,1500,1500,1500,2012,8.3
2025-03-03,11:47:34.500,-61,-61,10,3833,367,41,541,2722,-3,-2,166,709,0,0,0,-1,-1,-1,0x1002487FD0060015,1514,1499,1536,1500,2012,1499,1499,1499,1500,1499,988,1500,1500,1499,1500,1500,1500,1499,1500,2012,1500,1539,1500,2012,1500,1500,1500,1500,1500,1500,1500,2012,8.3
2025-03-03,11:47:35.000,-64,-73,10,3834,345,41,541,2722,-3,-7,182,710,0,0,0,-1,-1,-1,0x1002487FD0060015,1514,1497,1536,1500,2012,1499,1497,1497,1500,1499,988,1500,1500,1499,1500,1500,1500,1497,1500,2012,1500,1539,1500,2012,1500,1500,1500,1500,1500,1500,1500,2012,8.3
2025-03-03,11:47:35.500,-59,-67,10,3835,235,41,541,2722,-3,5,182,710,0,0,0,-1,-1,-1,0x1002487FD0060014,1514,1503,1505,1500,2012,1499,1502,1500,1500,1499,988,1500,1500,1499,1500,1500,1500,1500,1500,2012,1500,1539,1500,2012,1500,1500,1500,1500,1500,1500,1500,2012,8.3
2025-03-03,11:47:36.000,-66,-69,10,3836,2770,41,541,2722,619,165,182,709,0,0,0,-1,-1,-1,0x1002487FD0060015,1659,1576,1524,1500,2012,1809,1582,1500,1500,1809,988,1500,1500,1732,1500,1500,1500,1500,1372,1628,1500,1539,1500,2012,1500,1500,1500,1500,1500,1500,1500,2012,8.3
2025-03-03,11:47:36.500,-69,-69,10,3829,3792,41,541,2723,436,202,182,710,0,0,0,-1,-1,-1,0x1002487FD0060015,1615,1587,1536,1500,2012,1718,1601,1500,1500,1718,988,1500,1500,1654,1500,1500,1500,1500,1372,1628,1500,1539,1500,2012,1500,1500,1500,1500,1500,1500,1500,2012,8.3
2025-03-03,11:47:37.000,-70,-63,10,3822,3490,41,541,2723,-3,-14,182,709,0,0,0,-1,-1,-1,0x1002487FD0060015,1514,1494,1536,1500,2012,1499,1493,1495,1500,1499,988,1500,1500,1499,1500,1500,1500,1494,1055,2012,1500,1539,1500,2012,1500,1500,1500,1500,1500,1500,1500,2012,8.3
2025-03-03,11:47:37.500,-61,-67,10,3826,1812,41,541,2724,-610,70,182,709,0,0,0,-1,-1,-1,0x1002487FD0060815,1370,1543,1536,1500,2012,1195,1535,1500,1500,1195,988,1500,1500,1273,1500,1500,1500,1500,1303,1697,1500,1539,1500,2012,1500,1500,1500,1500,1500,1500,1500,2012,8.3
2025-03-03,11:47:38.000,-70,-68,10,3834,727,41,541,2724,-384,170,182,710,0,0,0,-1,-1,-1,0x1002487FD0060815,1436,1577,1536,1500,2012,1308,1585,1500,1500,1309,988,1500,1500,1367,1500,1500,1500,1500,1372,1628,1500,1539,1500,2012,1500,1500,1500,1500,1500,1500,1500,2012,8.3
2025-03-03,11:47:38.500,-73,-71,10,3833,3040,42,541,2724,-663,195,182,709,0,0,0,-1,-1,-1,0x1002487FD0060815,1356,1585,1536,1500,2012,1169,1597,1500,1500,1176,988,1500,1500,1254,1500,1500,1500,1500,1372,1628,1500,1539,1500,2012,1500,1500,1500,1500,1500,1500,1500,2012,8.3
2025-03-03,11:47:39.000,-76,-81,10,3827,4057,42,541,2724,-718,245,182,709,0,0,0,-1,-1,-1,0x1002487FD0060815,1324,1600,1536,1500,2012,1164,1621,1500,1500,1135,988,1500,1500,1212,1500,1500,1500,1500,1372,1628,1500,1539,1500,2012,1500,1500,1500,1500,1500,1500,1500,2012,8.3
2025-03-03,11:47:39.500,-79,-77,10,3822,4765,42,541,2725,-380,273,182,709,0,0,0,-1,-1,-1,0x1002487FD0060815,1435,1608,1536,1500,2012,1310,1636,1500,1500,1304,988,1500,1500,1364,1500,1500,1500,1500,1372,1628,1500,1539,1500,2012,1500,1500,1500,1500,1500,1500,1500,2012,8.3
2025-03-03,11:47:40.000,-74,-81,10,3818,5230,42,541,2726,6,297,182,709,0,0,0,-1,-1,-1,0x1002487FD0060015,1516,1616,1536,1500,2012,1503,1648,1500,1500,1503,988,1500,1500,1502,1500,1500,1500,1500,1372,1628,1500,1539,1500,2012,1500,1500,1500,1500,1500,1500,1500,2012,8.3
2025-03-03,11:47:40.500,-69,-72,10,3815,8900,42,541,2727,5,396,182,709,0,0,0,-1,-1,-1,0x1002487FD0060015,1516,1647,1536,1500,2012,1502,1698,1500,1500,1503,988,1500,1500,1502,1500,1500,1500,1500,1372,1628,1500,1539,1500,2012,1500,1500,1500,1500,1500,1500,1500,2012,8.3
2025-03-03,11:47:41.000,-68,-62,10,3805,6897,42,541,2728,4,136,182,710,0,0,0,-1,-1,-1,0x1002487FD0060015,1515,1567,1536,1500,2012,1502,1568,1500,1500,1502,988,1500,1500,1501,1500,1500,1500,1500,1372,1628,1500,1539,1500,2012,1500,1500,1500,1500,1500,1500,1500,2012,8.3
2025-03-03,11:47:41.500,-68,-62,10,3808,4875,41,541,2729,489,-235,182,710,0,0,0,-1,-1,-1,0x1002487FD20A0015,1623,1420,1536,1500,2012,1744,1377,1418,1500,1735,988,1500,1500,1667,1500,1500,1500,1417,1065,2012,1500,1539,1500,988,1500,1500,1500,1500,1500,1500,1500,2012,8.3
2025-03-03,11:47:42.000,-68,-38,10,3828,430,41,541,2729,760,-16,182,709,0,0,0,-1,-1,-1,0x1002487FD0060015,1703,1494,1536,1500,2012,1880,1492,1494,1500,1885,988,1500,1500,1810,1500,1500,1500,1494,1372,2012,1500,1539,1500,2012,1500,1500,1500,1500,1500,1500,1500,2012,8.3
2025-03-03,11:47:42.500,-30,-42,10,3832,1695,41,541,2729,93,156,182,710,0,0,0,-1,-1,-1,0x1002487FD0060015,1533,1573,1536,1500,2012,1546,1578,1500,1500,1541,988,1500,1500,1527,1500,1500,1500,1500,1372,1628,1500,1539,1500,2012,1500,1500,1500,1500,1500,1500,1500,2012,8.3
2025-03-03,11:47:43.000,-30,-42,10,3831,1600,42,541,2729,-359,-305,182,709,0,0,0,-1,-1,-1,0x1002487FD20E0015,1443,1393,1536,1500,2012,1321,1348,1393,1500,1321,988,1500,1500,1376,1500,1500,1500,1393,1283,2012,1500,1539,1500,2012,1500,1500,1500,1500,1500,1500,1500,2012,8.3
2025-03-03,11:47:43.500,-36,-38,10,3833,472,42,541,2729,-1,-16,182,710,0,0,0,-1,-1,-1,0x1002487FD0060015,1514,1494,1536,1500,2012,1500,1492,1494,1500,1500,988,1500,1500,1500,1500,1500,1500,1494,1372,2012,1500,1539,1500,2012,1500,1500,1500,1500,1500,1500,1500,2012,8.3
2025-03-03,11:47:44.000,-40,-38,10,3836,765,42,541,2729,-771,125,182,709,0,0,0,-1,-1,-1,0x1002487FD0060015,1311,1564,1536,1500,2012,1115,1562,1500,1500,1121,988,1500,1500,1196,1500,1500,1500,1500,1372,1628,1500,1539,1500,2012,1500,1500,1500,1500,1500,1500,1500,2012,8.3
2025-03-03,11:47:44.500,-46,-35,10,3835,2630,42,541,2729,109,176,182,710,0,0,0,-1,-1,-1,0x1002487FD0060015,1540,1579,1536,1500,2012,1554,1588,1500,1500,1555,988,1500,1500,1537,1500,1500,1500,1500,1372,1628,1500,1539,1500,2012,1500,1500,1500,1500,1500,1500,1500,2012,8.3
2025-03-03,11:47:45.000,-50,-46,10,3828,3205,42,541,2730,372,68,182,710,0,0,0,-1,-1,-1,0x1002487FD0060015,1606,1542,1536,1500,2012,1686,1534,1500,1500,1696,988,1500,1500,1637,1500,1500,1500,1500,1338,1662,1500,1539,1500,2012,1500,1500,1500,1500,1500,1500,1500,2012,8.3
2025-03-03,11:47:45.500,-50,-39,10,3828,355,42,541,2730,0,-17,182,709,0,0,0,-1,-1,-1,0x1002487FD0060015,1514,1493,1536,1500,2012,1500,1492,1493,1500,1500,988,1500,1500,1500,1500,1500,1500,1493,1372,2012,1500,1539,1500,2012,1500,1500,1500,1500,1500,1500,1500,2012,8.3
2025-03-03,11:47:46.000,-42,-44,10,3836,385,42,541,2730,-2,-15,182,710,0,0,0,-1,-1,-1,0x1002487FD0060015,1514,1494,1536,1500,2012,1499,1493,1495,1500,1499,988,1500,1500,1499,1500,1500,1500,1494,1372,2012,1500,1539,1500,2012,1500,1500,1500,1500,1500,1500,1500,2012,8.3
2025-03-03,11:47:46.500,-46,-47,10,3837,352,42,541,2730,-2,-16,182,710,0,0,0,-1,-1,-1,0x1002487FD0060015,1514,1494,1536,1500,2012,1499,1492,1494,1500,1499,988,1500,1500,1499,1500,1500,1500,1494,1498,2012,1500,1539,1500,2012,1500,1500,1500,1500,1500,1500,1500,2012,8.3
2025-03-03,11:47:47.000,-47,-47,10,3838,355,41,541,2730,-2,-18,182,710,0,0,0,-1,-1,-1,0x1002487FD0060015,1514,1493,1536,1500,2012,1499,1491,1493,1500,1499,988,1500,1500,1499,1500,1500,1500,1493,1500,2012,1500,1539,1500,2012,1500,1500,1500,1500,1500,1500,1500,2012,8.3
2025-03-03,11:47:47.500,-47,-47,10,3838,347,41,541,2730,-2,-13,182,709,0,0,0,-1,-1,-1,0x1002487FD0060015,1514,1495,1536,1500,2012,1499,1494,1495,1500,1499,988,1500,1500,1499,1500,1500,1500,1495,1500,2012,1500,1539,1500,2012,1500,1500,1500,1500,1500,1500,1500,2012,8.3
2025-03-03,11:47:48.000,-48,-49,10,3839,350,41,541,2730,-2,-6,182,710,0,0,0,-1,-1,-1,0x1002487FD0060015,1514,1498,1536,1500,2012,1499,1497,1498,1500,1499,988,1500,1500,1499,1500,1500,1500,1498,1500,2012,1500,1539,1500,2012,1500,1500,1500,1500,1500,1500,1500,2012,8.3
2025-03-03,11:47:48.500,-48,-49,10,3839,207,41,541,2730,-2,-13,182,710,0,0,0,-1,-1,-1,0x1002487FD0060014,1514,1495,1500,1500,2012,1499,1494,1495,1500,1499,988,1500,1500,1499,1500,1500,1500,1495,1500,2012,1500,1539,1500,2012,1500,1500,1500,1500,1500,1500,1500,2012,8.3
2025-03-03,11:47:49.000,-48,-49,10,3840,157,41,541,2730,-1,-12,182,709,0,0,0,-1,-1,-1,0x1002487FD0060014,1514,1496,1500,1500,2012,1500,1494,1496,1500,1500,988,1500,1500,1500,1500,1500,1500,1495,1500,2012,1500,1539,1500,2012,1500,1500,1500,1500,1500,1500,1500,2012,8.3
2025-03-03,11:47:49.500,-48,-42,10,3841,167,41,541,2730,-2,6,182,710,0,0,0,-1,-1,-1,0x1002487FD0060014,1514,1503,1500,1500,2012,1499,1503,1500,1500,1499,988,1500,1500,1499,1500,1500,1500,1500,1500,2012,1500,1539,1500,2012,1500,1500,1500,1500,1500,1500,1500,2012,8.3
2025-03-03,11:47:50.000,-52,-45,10,3841,147,40,541,2730,-2,6,182,709,0,0,0,-1,-1,-1,0x1002487FD0060014,1514,1498,1500,1500,2012,1500,1497,1498,1500,1499,988,1500,1500,1499,1500,1500,1500,1498,1500,2012,1500,1539,1500,2012,1500,1500,1500,1500,1500,1500,1500,2012,8.3
2025-03-03,11:47:50.500,-52,-45,10,3841,155,40,541,2730,-2,36,182,709,0,0,0,-1,-1,-1,0x1002487FD0060014,1514,1522,1500,1500,2012,1499,1518,1500,1500,1499,988,1500,1500,1499,1500,1500,1500,1500,1500,2012,1500,1539,1500,2012,1500,1500,1500,1500,1500,1500,1500,2012,8.3
2025-03-03,11:47:51.000,-52,-43,10,3841,2645,40,541,2731,-288,-111,182,710,0,0,0,-1,-1,-1,0x1002487FD20E0015,1462,1456,1528,1500,2012,1356,1445,1456,1500,1364,988,1500,1500,1407,1500,1500,1500,1456,1105,2012,1500,1539,1500,2012,1500,1500,1500,1500,1500,1500,1500,2012,8.3
2025-03-03,11:47:51.500,-49,-48,10,3840,452,40,541,2731,1,-14,182,709,0,0,0,-1,-1,-1,0x1002487FD0060015,1514,1494,1536,1500,2012,1500,1493,1495,1500,1500,988,1500,1500,1500,1500,1500,1500,1494,1372,2012,1500,1539,1500,2012,1500,1500,1500,1500,1500,1500,1500,2012,8.3
2025-03-03,11:47:52.000,-51,-46,10,3840,347,40,541,2731,0,-15,182,709,0,0,0,-1,-1,-1,0x1002487FD0060015,1514,1494,1536,1500,2012,1500,1493,1495,1500,1500,988,1500,1500,1500,1500,1500,1500,1494,1372,2012,1500,1539,1500,2012,1500,1500,1500,1500,1500,1500,1500,2012,8.3
2025-03-03,11:47:52.500,-48,-51,10,3841,340,40,541,2731,-1,-13,182,710,0,0,0,-1,-1,-1,0x1002487FD0060015,1514,1495,1536,1500,2012,1500,1494,1495,1500,1500,988,1500,1500,1500,1500,1500,1500,1495,1500,2012,1500,1539,1500,2012,1500,1500,1500,1500,1500,1500,1500,2012,8.3
2025-03-03,11:47:53.000,-48,-51,10,3841,342,41,541,2731,-1,-15,182,710,0,0,0,-1,-1,-1,0x1002487FD0060015,1514,1494,1536,1500,2012,1500,1493,1495,1500,1500,988,1500,1500,1500,1500,1500,1500,1494,1500,2012,1500,1539,1500,2012,1500,1500,1500,1500,1500,1500,1500,2012,8.3
2025-03-03,11:47:53.500,-47,-51,10,3842,340,41,541,2731,0,-16,182,710,0,0,0,-1,-1,-1,0x1002487FD0060015,1514,1494,1536,1500,2012,1500,1492,1494,1500,1500,988,1500,1500,1500,1500,1500,1500,1494,1500,2012,1500,1539,1500,2012,1500,1500,1500,1500,1500,1500,1500,2012,8.3
2025-03-03,11:47:54.000,-49,-51,10,3842,337,41,541,2731,0,-7,182,709,0,0,0,-1,-1,-1,0x1002487FD0060015,1514,1497,1523,1500,2012,1500,1497,1497,1500,1500,988,1500,1500,1500,1500,1500,1500,1497,1500,2012,1500,1539,1500,2012,1500,1500,1500,1500,1500,1500,1500,2012,8.3
2025-03-03,11:47:54.500,-49,-54,10,3842,177,41,541,2731,-1,-5,182,710,0,0,0,-1,-1,-1,0x1002487FD0060014,1514,1498,1500,1500,2012,1500,1498,1498,1500,1500,988,1500,1500,1500,1500,1500,1500,1498,1500,2012,1500,1539,1500,2012,1500,1500,1500,1500,1500,1500,1500,2012,8.3
2025-03-03,11:47:55.000,-54,-50,10,3843,142,41,541,2731,-1,75,182,710,0,0,0,-1,-1,-1,0x1002487FD0060014,1514,1546,1501,1500,2012,1500,1537,1500,1500,1500,988,1500,1500,1500,1500,1500,1500,1500,1372,1628,1500,1539,1500,2012,1500,1500,1500,1500,1500,1500,1500,2012,8.3
2025-03-03,11:47:55.500,-51,-42,10,3843,4157,40,541,2731,0,183,182,710,0,0,0,-1,-1,-1,0x1002487FD0060015,1514,1581,1536,1500,2012,1500,1591,1500,1500,1500,988,1500,1500,1500,1500,1500,1500,1500,1372,1628,1500,1539,1500,2012,1500,1500,1500,1500,1500,1500,1500,2012,8.3
2025-03-03,11:47:56.000,-52,-47,10,3829,10250,40,541,2732,659,484,182,709,0,0,0,-1,-1,-1,0x1002487FD0060015,1664,1678,1536,1500,2012,1829,1742,1500,1500,1817,988,1500,1500,1740,1500,1500,1500,1500,1372,1628,1500,1539,1500,2012,1500,1500,1500,1500,1500,1500,1500,2012,8.3
2025-03-03,11:47:56.500,-52,-47,10,3824,5635,40,541,2733,1024,37,182,710,0,0,0,-1,-1,-1,0x1002487FD0060015,1802,1523,1536,1500,2012,2012,1518,1500,1500,2012,988,1500,1500,2012,1500,1500,1500,1500,1372,2012,1500,1539,1500,2012,1500,1500,1500,1500,1500,1500,1500,2012,8.3
2025-03-03,11:47:57.000,-40,-45,10,3835,7517,40,541,2734,1024,354,182,709,0,0,0,-1,-1,-1,0x1002487FD0060015,1802,1634,1536,1500,2012,2012,1677,1500,1500,2012,988,1500,1500,2012,1500,1500,1500,1500,1372,1628,1500,1539,1500,2012,1500,1500,1500,1500,1500,1500,1500,2012,8.3
2025-03-03,11:47:57.500,-44,-40,10,3830,7372,41,541,2735,393,-161,182,710,0,0,0,-1,-1,-1,0x1002487FD20A0015,1604,1443,1536,1500,2012,1696,1420,1443,1500,1691,988,1500,1500,1633,1500,1500,1500,1443,1133,2012,1500,1539,1500,988,1500,1500,1500,1500,1500,1500,1500,2012,8.3
2025-03-03,11:47:58.000,-51,-50,10,3831,485,41,541,2735,-1,-19,182,710,0,0,0,-1,-1,-1,0x1002487FD0060015,1514,1492,1536,1500,2012,1500,1491,1493,1500,1500,988,1500,1500,1500,1500,1500,1500,1492,1372,2012,1500,1539,1500,2012,1500,1500,1500,1500,1500,1500,1500,2012,8.3
2025-03-03,11:47:58.500,-51,-52,10,3838,352,42,541,2735,6,-24,182,709,0,0,0,-1,1,-1,0x1002487FD0060015,1516,1491,1536,1500,2012,1503,1488,1491,1500,1503,988,1500,1500,1502,1500,1500,1500,1491,1372,2012,1500,1539,1500,2012,1500,1500,1500,1500,1500,1500,1500,2012,8.3
2025-03-03,11:47:59.000,-40,-50,10,3839,357,41,541,2735,-1,-14,182,710,0,0,0,-1,-1,-1,0x1002487FD0060015,1514,1494,1536,1500,2012,1500,1493,1495,1500,1500,988,1500,1500,1500,1500,1500,1500,1494,1500,2012,1500,1539,1500,2012,1500,1500,1500,1500,1500,1500,1500,2012,8.3
2025-03-03,11:47:59.500,-44,-50,10,3840,357,41,541,2735,-1,-14,182,710,0,0,0,-1,-1,-1,0x1002487FD0060015,1514,1494,1536,1500,2012,1500,1493,1495,1500,1500,988,1500,1500,1500,1500,1500,1500,1494,1500,2012,1500,1539,1500,2012,1500,1500,1500,1500,1500,1500,1500,2012,8.3
2025-03-03,11:48:00.000,-46,-46,10,3840,345,41,541,2735,10,-16,182,710,0,0,0,-1,-1,-1,0x1002487FD0060015,1516,1494,1536,1500,2012,1505,1492,1494,1500,1505,988,1500,1500,1503,1500,1500,1500,1494,1500,2012,1500,1539,1500,2012,1500,1500,1500,1500,1500,1500,1500,2012,8.3
2025-03-03,11:48:00.500,-73,-57,10,3841,327,41,541,2735,0,-14,182,709,0,0,0,-1,-1,-1,0x1002487FD0060015,1514,1494,1521,1500,2012,1500,1493,1495,1500,1500,988,1500,1500,1500,1500,1500,1500,1494,1500,2012,1500,1539,1500,2012,1500,1500,1500,1500,1500,1500,1500,2012,8.3
2025-03-03,11:48:01.000,-52,-57,10,3841,177,41,541,2735,-1,-7,182,709,0,0,0,-1,-1,-1,0x1002487FD0060014,1514,1497,1500,1500,2012,1500,1497,1497,1500,1500,988,1500,1500,1500,1500,1500,1500,1497,1500,2012,1500,1539,1500,2012,1500,1500,1500,1500,1500,1500,1500,2012,8.3
2025-03-03,11:48:01.500,-54,-44,10,3842,150,40,541,2735,0,-5,182,709,0,0,0,-1,-1,-1,0x1002487FD0060014,1514,1498,1500,1500,2012,1500,1498,1498,1500,1500,988,1500,1500,1500,1500,1500,1500,1498,1500,2012,1500,1539,1500,2012,1500,1500,1500,1500,1500,1500,1500,2012,8.3
2025-03-03,11:48:02.000,-53,-49,10,3843,145,40,541,2735,0,-14,182,709,0,0,0,-1,-1,-1,0x1002487FD0060014,1514,1494,1500,1500,2012,1500,1493,1495,1500,1500,988,1500,1500,1500,1500,1500,1500,1494,1500,2012,1500,1539,1500,2012,1500,1500,1500,1500,1500,1500,1500,2012,8.3
2025-03-03,11:48:02.500,-53,-46,10,3843,185,40,541,2735,0,-14,182,710,0,0,0,-1,-1,-1,0x1002487FD0060014,1514,1494,1500,1500,2012,1500,1493,1495,1500,1500,988,1500,1500,1500,1500,1500,1500,1494,1372,2012,1500,1539,1500,2012,1500,1500,1500,1500,1500,1500,1500,2012,8.3
2025-03-03,11:48:03.000,-53,-47,10,3843,145,39,541,2735,0,-19,182,709,0,0,0,-1,-1,-1,0x1002487FD0060014,1514,1492,1500,1500,2012,1500,1491,1493,1500,1500,988,1500,1500,1500,1500,1500,1500,1492,1500,2012,1500,1539,1500,2012,1500,1500,1500,1500,1500,1500,1500,2012,8.3
2025-03-03,11:48:03.500,-54,-56,10,3843,145,39,541,2735,-1,-16,182,710,0,0,0,-1,-1,-1,0x1002487FD0060014,1514,1494,1500,1500,2012,1500,1492,1494,1500,1500,988,1500,1500,1500,1500,1500,1500,1493,1500,2012,1500,1539,1500,2012,1500,1500,1500,1500,1500,1500,1500,2012,8.3
2025-03-03,11:48:04.000,-51,-59,10,3844,147,39,541,2735,0,-15,182,710,0,0,0,-1,-1,-1,0x1002487FD0060014,1514,1494,1500,1500,2012,1500,1493,1495,1500,1500,988,1500,1500,1500,1500,1500,1500,1494,1500,2012,1500,1539,1500,2012,1500,1500,1500,1500,1500,1500,1500,2012,8.3
2025-03-03,11:48:04.500,-52,-59,10,3844,150,39,541,2735,0,-13,182,710,0,0,0,-1,-1,-1,0x1002487FD0060014,1514,1495,1500,1500,2012,1500,1494,1495,1500,1500,988,1500,1500,1500,1500,1500,1500,1495,1500,2012,1500,1539,1500,2012,1500,1500,1500,1500,1500,1500,1500,2012,8.3
2025-03-03,11:48:05.000,-52,-61,10,3844,147,39,541,2735,-1,29,182,710,0,0,0,-1,-1,-1,0x1002487FD0060014,1514,1518,1500,1500,2012,1500,1514,1500,1500,1500,988,1500,1500,1500,1500,1500,1500,1500,1500,2012,1500,1539,1500,2012,1500,1500,1500,1500,1500,1500,1500,2012,8.3
2025-03-03,11:48:05.500,-63,-67,10,3844,147,39,541,2736,0,61,182,709,0,0,0,-1,-1,-1,0x1002487FD0060014,1514,1538,1500,1500,2012,1500,1530,1500,1500,1500,988,1500,1500,1500,1500,1500,1500,1500,1067,2012,1500,1539,1500,2012,1500,1500,1500,1500,1500,1500,1500,2012,8.3
2025-03-03,11:48:06.000,-55,-66,10,3844,332,39,541,2736,-1,28,182,710,0,0,0,-1,-1,-1,0x1002487FD0060014,1514,1517,1510,1500,2012,1500,1514,1500,1500,1500,988,1500,1500,1500,1500,1500,1500,1500,1372,2012,1500,1539,1500,2012,1500,1500,1500,1500,1500,1500,1500,2012,8.3
2025-03-03,11:48:06.500,-59,-66,10,3844,155,39,541,2736,-1,-10,182,709,0,0,0,-1,-1,-1,0x1002487FD0060014,1514,1496,1510,1500,2012,1500,1495,1496,1500,1500,988,1500,1500,1500,1500,1500,1500,1496,1372,2012,1500,1539,1500,2012,1500,1500,1500,1500,1500,1500,1500,2012,8.3
2025-03-03,11:48:07.000,-56,-66,10,3845,172,39,541,2736,-1,-6,182,709,0,0,0,-1,-1,-1,0x1002487FD0060014,1514,1498,1510,1500,2012,1500,1497,1498,1500,1500,988,1500,1500,1500,1500,1500,1500,1498,1427,2012,1500,1539,1500,2012,1500,1500,1500,1500,1500,1500,1500,2012,8.3
2025-03-03,11:48:07.500,-54,-67,10,3845,162,39,541,2736,-1,-6,182,710,0,0,0,-1,-1,-1,0x1002487FD0060014,1514,1498,1510,1500,2012,1500,1497,1498,1500,1500,988,1500,1500,1500,1500,1500,1500,1498,1500,2012,1500,1539,1500,2012,1500,1500,1500,1500,1500,1500,1500,2012,8.3
2025-03-03,11:48:08.000,-49,-67,10,3845,177,39,541,2736,-2,-10,182,710,0,0,0,-1,-1,-1,0x1002487FD0060014,1514,1496,1510,1500,2012,1499,1495,1496,1500,1499,988,1500,1500,1499,1500,1500,1500,1496,1500,2012,1500,1539,1500,2012,1500,1500,1500,1500,1500,1500,1500,2012,8.3
2025-03-03,11:48:08.500,-50,-67,10,3845,170,39,541,2736,-1,-13,182,710,0,0,0,-1,-1,-1,0x1002487FD0060014,1514,1495,1510,1500,2012,1500,1494,1495,1500,1500,988,1500,1500,1500,1500,1500,1500,1495,1500,2012,1500,1539,1500,2012,1500,1500,1500,1500,1500,1500,1500,2012,8.3
2025-03-03,11:48:09.000,-58,-62,10,3845,152,39,541,2736,-1,1,182,710,0,0,0,-1,-1,-1,0x1002487FD0060014,1514,1500,1500,1500,2012,1500,1500,1500,1500,1500,988,1500,1500,1500,1500,1500,1500,1500,1500,2012,1500,1539,1500,2012,1500,1500,1500,1500,1500,1500,1500,2012,8.3
2025-03-03,11:48:09.500,-72,-58,10,3846,150,39,541,2736,-1,-12,182,710,0,0,0,-1,-1,-1,0x1002487FD0060014,1514,1496,1500,1500,2012,1500,1494,1496,1500,1500,988,1500,1500,1500,1500,1500,1500,1496,1500,2012,1500,1539,1500,2012,1500,1500,1500,1500,1500,1500,1500,2012,8.3
2025-03-03,11:48:10.000,-64,-58,10,3846,150,39,541,2736,-1,-8,182,709,0,0,0,-1,-1,-1,0x1002487FD0060014,1514,1497,1500,1500,2012,1500,1496,1497,1500,1500,988,1500,1500,1500,1500,1500,1500,1497,1500,2012,1500,1539,1500,2012,1500,1500,1500,1500,1500,1500,1500,2012,8.3
2025-03-03,11:48:10.500,-59,-62,10,3846,147,39,541,2736,-1,-14,182,709,0,0,0,-1,-1,-1,0x1002487FD0060014,1514,1494,1500,1500,2012,1500,1493,1495,1500,1500,988,1500,1500,1500,1500,1500,1500,1494,1500,2012,1500,1539,1500,2012,1500,1500,1500,1500,1500,1500,1500,2012,8.3
2025-03-03,11:48:11.000,-58,-73,10,3846,152,39,541,2736,-1,-12,182,710,0,0,0,-1,-1,-1,0x1002487FD0060014,1514,1496,1500,1500,2012,1500,1494,1496,1500,1500,988,1500,1500,1500,1500,1500,1500,1496,1500,2012,1500,1539,1500,2012,1500,1500,1500,1500,1500,1500,1500,2012,8.3
2025-03-03,11:48:11.500,-61,-69,10,3846,157,39,541,2736,-1,-14,182,710,0,0,0,-1,-1,-1,0x1002487FD0060014,1514,1494,1500,1500,2012,1500,1493,1495,1500,1500,988,1500,1500,1500,1500,1500,1500,1494,1500,2012,1500,1539,1500,2012,1500,1500,1500,1500,1500,1500,1500,2012,8.3
2025-03-03,11:48:12.000,-52,-60,10,3846,162,39,541,2736,-1,-10,182,709,0,0,0,-1,-1,-1,0x1002487FD0060014,1514,1496,1500,1500,2012,1500,1495,1496,1500,1500,988,1500,1500,1500,1500,1500,1500,1496,1500,2012,1500,1539,1500,2012,1500,1500,1500,1500,1500,1500,1500,2012,8.3
2025-03-03,11:48:12.500,-57,-66,10,3846,150,39,541,2736,-1,38,182,709,0,0,0,-1,-1,-1,0x1002487FD0060014,1514,1523,1500,1500,2012,1500,1519,1500,1500,1500,988,1500,1500,1500,1500,1500,1500,1500,1500,2012,1500,1539,1500,2012,1500,1500,1500,1500,1500,1500,1500,2012,8.3
2025-03-03,11:48:13.000,-52,-66,10,3847,147,39,541,2736,-1,22,182,709,0,0,0,-1,-1,-1,0x1002487FD0060014,1514,1513,1500,1500,2012,1500,1511,1500,1500,1500,988,1500,1500,1500,1500,1500,1500,1500,1500,2012,1500,1539,1500,2012,1500,1500,1500,1500,1500,1500,1500,2012,8.3
2025-03-03,11:48:13.500,-55,-69,10,3847,145,39,541,2736,-1,9,182,710,0,0,0,-1,-1,-1,0x1002487FD0060014,1514,1505,1500,1500,2012,1500,1504,1500,1500,1500,988,1500,1500,1500,1500,1500,1500,1500,1500,2012,1500,1539,1500,2012,1500,1500,1500,1500,1500,1500,1500,2012,8.3
2025-03-03,11:48:14.000,-54,-65,10,3847,147,39,541,2736,-1,7,182,710,0,0,0,-1,-1,-1,0x1002487FD0060014,1514,1504,1500,1500,2012,1500,1503,1500,1500,1500,988,1500,1500,1500,1500,1500,1500,1500,1500,2012,1500,1539,1500,2012,1500,1500,1500,1500,1500,1500,1500,2012,8.3
2025-03-03,11:48:14.500,-53,-65,10,3847,155,39,541,2736,-1,12,182,710,0,0,0,-1,-1,-1,0x1002487FD0060014,1514,1507,1500,1500,2012,1500,1506,1500,1500,1500,988,1500,1500,1500,1500,1500,1500,1500,1500,2012,1500,1539,1500,2012,1500,1500,1500,1500,1500,1500,1500,2012,8.3
2025-03-03,11:48:15.000,-52,-57,10,3847,150,39,541,2736,-1,-10,182,710,0,0,0,-1,-1,-1,0x1002487FD0060014,1514,1496,1500,1500,2012,1500,1495,1496,1500,1500,988,1500,1500,1500,1500,1500,1500,1496,1500,2012,1500,1539,1500,2012,1500,1500,1500,1500,1500,1500,1500,2012,8.3
2025-03-03,11:48:15.500,-52,-50,10,3847,150,39,541,2736,-1,-8,182,709,0,0,0,-1,-1,-1,0x1002487FD0060014,1514,1497,1500,1500,2012,1500,1496,1497,1500,1500,988,1500,1500,1500,1500,1500,1500,1497,1500,2012,1500,1539,1500,2012,1500,1500,1500,1500,1500,1500,1500,2012,8.3
2025-03-03,11:48:16.000,-52,-55,10,3847,150,39,541,2736,-1,-11,182,709,0,0,0,-1,-1,-1,0x1002487FD0060014,1514,1496,1500,1500,2012,1500,1495,1496,1500,1500,988,1500,1500,1500,1500,1500,1500,1496,1500,2012,1500,1539,1500,2012,1500,1500,1500,1500,1500,1500,1500,2012,8.3
2025-03-03,11:48:16.500,-53,-49,10,3847,147,39,541,2736,-1,-1,182,710,0,0,0,-1,-1,-1,0x1002487FD0060014,1514,1500,1500,1500,2012,1500,1500,1500,1500,1500,988,1500,1500,1500,1500,1500,1500,1500,1500,2012,1500,1539,1500,2012,1500,1500,1500,1500,1500,1500,1500,2012,8.3
2025-03-03,11:48:17.000,-66,-48,10,3848,147,39,541,2736,-1,-14,182,710,0,0,0,-1,-1,-1,0x1002487FD0060014,1514,1494,1500,1500,2012,1500,1493,1495,1500,1500,988,1500,1500,1500,1500,1500,1500,1494,1500,2012,1500,1539,1500,2012,1500,1500,1500,1500,1500,1500,1500,2012,8.3
2025-03-03,11:48:17.500,-66,-50,10,3848,152,39,541,2736,-1,-3,182,709,0,0,0,-1,-1,-1,0x1002487FD0060014,1514,1499,1500,1500,2012,1500,1499,1499,1500,1500,988,1500,1500,1500,1500,1500,1500,1499,1500,2012,1500,1539,1500,2012,1500,1500,1500,1500,1500,1500,1500,2012,8.3
2025-03-03,11:48:18.000,-50,-53,10,3848,147,39,541,2736,-1,-13,182,709,0,0,0,-1,-1,-1,0x1002487FD0060014,1514,1495,1500,1500,2012,1500,1494,1495,1500,1500,988,1500,1500,1500,1500,1500,1500,1495,1500,2012,1500,1539,1500,2012,1500,1500,1500,1500,1500,1500,1500,2012,8.3
2025-03-03,11:48:18.500,-54,-55,10,3848,152,39,541,2736,-1,-16,182,710,0,0,0,-1,-1,-1,0x1002487FD0060014,1514,1494,1500,1500,2012,1500,1492,1494,1500,1500,988,1500,1500,1500,1500,1500,1500,1494,1500,2012,1500,1539,1500,2012,1500,1500,1500,1500,1500,1500,1500,2012,8.3
2025-03-03,11:48:19.000,-51,-55,10,3848,147,39,541,2736,-1,-18,182,710,0,0,0,-1,-1,-1,0x1002487FD0060014,1514,1493,1500,1500,2012,1500,1491,1493,1500,1500,988,1500,1500,1500,1500,1500,1500,1493,1500,2012,1500,1539,1500,2012,1500,1500,1500,1500,1500,1500,1500,2012,8.3
2025-03-03,11:48:19.500,-55,-53,10,3848,147,39,541,2736,0,-15,182,710,0,0,0,-1,-1,-1,0x1002487FD0060014,1514,1494,1500,1500,2012,1500,1493,1495,1500,1500,988,1500,1500,1500,1500,1500,1500,1494,1500,2012,1500,1539,1500,2012,1500,1500,1500,1500,1500,1500,1500,2012,8.3
2025-03-03,11:48:20.000,-51,-58,10,3848,150,39,541,2736,-1,-16,182,709,0,0,0,-1,-1,-1,0x1002487FD0060014,1514,1494,1500,1500,2012,1500,1492,1494,1500,1500,988,1500,1500,1500,1500,1500,1500,1494,1500,2012,1500,1539,1500,2012,1500,1500,1500,1500,1500,1500,1500,2012,8.3
2025-03-03,11:48:20.500,-50,-58,10,3848,150,39,541,2736,0,-13,182,709,0,0,0,-1,-1,-1,0x1002487FD0060014,1514,1495,1500,1500,2012,1500,1494,1495,1500,1500,988,1500,1500,1500,1500,1500,1500,1495,1500,2012,1500,1539,1500,2012,1500,1500,1500,1500,1500,1500,1500,2012,8.3
2025-03-03,11:48:21.000,-53,-58,10,3848,150,39,541,2736,0,-16,182,710,0,0,0,-1,-1,-1,0x1002487FD0060014,1514,1494,1500,1500,2012,1500,1492,1494,1500,1500,988,1500,1500,1500,1500,1500,1500,1494,1500,2012,1500,1539,1500,2012,1500,1500,1500,1500,1500,1500,1500,2012,8.3
2025-03-03,11:48:21.500,-51,-53,10,3848,147,39,541,2736,0,-16,182,710,0,0,0,-1,-1,-1,0x1002487FD0060014,1514,1494,1500,1500,2012,1500,1492,1494,1500,1500,988,1500,1500,1500,1500,1500,1500,1494,1500,2012,1500,1539,1500,2012,1500,1500,1500,1500,1500,1500,1500,2012,8.3
2025-03-03,11:48:22.000,-53,-57,10,3849,147,39,541,2736,0,-13,182,710,0,0,0,-1,-1,-1,0x1002487FD0060014,1514,1495,1500,1500,2012,1500,1494,1495,1500,1500,988,1500,1500,1500,1500,1500,1500,1495,1500,2012,1500,1539,1500,2012,1500,1500,1500,1500,1500,1500,1500,2012,8.3
2025-03-03,11:48:22.500,-59,-42,10,3849,145,39,541,2736,0,-14,182,710,0,0,0,-1,-1,-1,0x1002487FD0060014,1514,1494,1500,1500,2012,1500,1493,1495,1500,1500,988,1500,1500,1500,1500,1500,1500,1494,1500,2012,1500,1539,1500,2012,1500,1500,1500,1500,1500,1500,1500,2012,8.3
2025-03-03,11:48:23.000,-52,-62,10,3849,142,39,541,2736,0,-13,182,710,0,0,0,-1,-1,-1,0x1002487FD0060014,1514,1495,1500,1500,2012,1500,1494,1495,1500,1500,988,1500,1500,1500,1500,1500,1500,1495,1500,2012,1500,1539,1500,2012,1500,1500,1500,1500,1500,1500,1500,2012,8.3
2025-03-03,11:48:23.500,-58,-54,10,3849,150,39,541,2736,0,-13,182,709,0,0,0,-1,-1,-1,0x1002487FD0060014,1514,1495,1500,1500,2012,1500,1494,1495,1500,1500,988,1500,1500,1500,1500,1500,1500,1495,1500,2012,1500,1539,1500,2012,1500,1500,1500,1500,1500,1500,1500,2012,8.3
2025-03-03,11:48:24.000,-58,-47,10,3849,142,39,541,2736,0,-14,182,710,0,0,0,-1,-1,-1,0x1002487FD0060014,1514,1494,1500,1500,2012,1500,1493,1495,1500,1500,988,1500,1500,1500,1500,1500,1500,1494,1500,2012,1500,1539,1500,2012,1500,1500,1500,1500,1500,1500,1500,2012,8.3
2025-03-03,11:48:24.500,-42,-52,10,3849,150,39,541,2736,0,-15,182,709,0,0,0,-1,-1,-1,0x1002487FD0060014,1514,1494,1500,1500,2012,1500,1493,1495,1500,1500,988,1500,1500,1500,1500,1500,1500,1494,1500,2012,1500,1539,1500,2012,1500,1500,1500,1500,1500,1500,1500,2012,8.3
2025-03-03,11:48:25.000,-46,-47,10,3849,147,39,541,2736,0,-15,182,710,0,0,0,-1,-1,-1,0x1002487FD0060014,1514,1494,1500,1500,2012,1500,1493,1495,1500,1500,988,1500,1500,1500,1500,1500,1500,1494,1500,2012,1500,1539,1500,2012,1500,1500,1500,1500,1500,1500,1500,2012,8.3
2025-03-03,11:48:25.500,-46,-46,10,3849,147,39,541,2736,0,-14,182,710,0,0,0,-1,-1,-1,0x1002487FD0060014,1514,1494,1500,1500,2012,1500,1493,1495,1500,1500,988,1500,1500,1500,1500,1500,1500,1494,1500,2012,1500,1539,1500,2012,1500,1500,1500,1500,1500,1500,1500,2012,8.3
2025-03-03,11:48:26.000,-44,-50,10,3849,150,39,541,2736,0,-14,182,709,0,0,0,-1,-1,-1,0x1002487FD0060014,1514,1494,1500,1500,2012,1500,1493,1495,1500,1500,988,1500,1500,1500,1500,1500,1500,1494,1500,2012,1500,1539,1500,2012,1500,1500,1500,1500,1500,1500,1500,2012,8.3
2025-03-03,11:48:26.500,-45,-47,10,3849,147,39,541,2736,0,-15,182,710,0,0,0,-1,-1,-1,0x1002487FD0060014,1514,1494,1500,1500,2012,1500,1493,1495,1500,1500,988,1500,1500,1500,1500,1500,1500,1494,1500,2012,1500,1539,1500,2012,1500,1500,1500,1500,1500,1500,1500,2012,8.3
2025-03-03,11:48:27.000,-45,-47,10,3849,150,38,541,2736,0,-14,182,709,0,0,0,-1,-1,-1,0x1002487FD0060014,1514,1494,1500,1500,2012,1500,1493,1495,1500,1500,988,1500,1500,1500,1500,1500,1500,1494,1500,2012,1500,1539,1500,2012,1500,1500,1500,1500,1500,1500,1500,2012,8.3
2025-03-03,11:48:27.500,-44,-53,10,3849,150,38,541,2736,0,-16,182,710,0,0,0,-1,-1,-1,0x1002487FD0060014,1514,1494,1500,1500,2012,1500,1493,1495,1500,1500,988,1500,1500,1500,1500,1500,1500,1494,1500,2012,1500,1539,1500,2012,1500,1500,1500,1500,1500,1500,1500,2012,8.3
2025-03-03,11:48:28.000,-44,-49,10,3849,147,38,541,2736,0,-16,182,710,0,0,0,-1,-1,-1,0x1002487FD0060014,1514,1494,1500,1500,2012,1500,1492,1494,1500,1500,988,1500,1500,1500,1500,1500,1500,1494,1500,2012,1500,1539,1500,2012,1500,1500,1500,1500,1500,1500,1500,2012,8.3
2025-03-03,11:48:28.500,-44,-49,10,3850,152,38,541,2736,-1,-16,182,709,0,0,0,-1,-1,-1,0x1002487FD0060014,1514,1494,1500,1500,2012,1500,1492,1494,1500,1500,988,1500,1500,1500,1500,1500,1500,1494,1500,2012,1500,1539,1500,2012,1500,1500,1500,1500,1500,1500,1500,2012,8.3
2025-03-03,11:48:29.000,-44,-49,10,3850,147,38,541,2736,-1,-14,182,710,0,0,0,-1,-1,-1,0x1002487FD0060014,1514,1494,1500,1500,2012,1500,1493,1495,1500,1500,988,1500,1500,1500,1500,1500,1500,1494,1500,2012,1500,1539,1500,2012,1500,1500,1500,1500,1500,1500,1500,2012,8.3
2025-03-03,11:48:29.500,-43,-50,10,3850,142,38,541,2736,0,-14,182,710,0,0,0,-1,-1,-1,0x1002487FD0060014,1514,1494,1500,1500,2012,1500,1493,1495,1500,1500,988,1500,1500,1500,1500,1500,1500,1494,1500,2012,1500,1539,1500,2012,1500,1500,1500,1500,1500,1500,1500,2012,8.3
2025-03-03,11:48:30.000,-44,-50,10,3850,145,38,541,2736,0,-14,182,710,0,0,0,-1,-1,-1,0x1002487FD0060014,1514,1494,1500,1500,2012,1500,1493,1495,1500,1500,988,1500,1500,1500,1500,1500,1500,1494,1500,2012,1500,1539,1500,2012,1500,1500,1500,1500,1500,1500,1500,2012,8.3
2025-03-03,11:48:30.490,-43,-48,10,3850,147,38,541,2736,0,-15,182,709,0,0,0,-1,-1,-1,0x1002487FD0060014,1514,1494,1500,1500,2012,1500,1493,1495,1500,1500,988,1500,1500,1500,1500,1500,1500,1494,1500,2012,1500,1539,1500,2012,1500,1500,1500,1500,1500,1500,1500,2012,8.3
2025-03-03,11:48:30.990,-43,-44,10,3850,145,38,541,2736,-1,-14,182,709,0,0,0,-1,-1,-1,0x1002487FD0060014,1514,1494,1500,1500,2012,1500,1493,1495,1500,1500,988,1500,1500,1500,1500,1500,1500,1494,1500,2012,1500,1539,1500,2012,1500,1500,1500,1500,1500,1500,1500,2012,8.3
2025-03-03,11:48:31.490,-43,-49,10,3850,142,38,541,2737,0,-14,182,710,0,0,0,-1,-1,-1,0x1002487FD0060014,1514,1495,1500,1500,2012,1500,1494,1495,1500,1500,988,1500,1500,1500,1500,1500,1500,1495,1500,2012,1500,1539,1500,2012,1500,1500,1500,1500,1500,1500,1500,2012,8.3
2025-03-03,11:48:31.990,-42,-52,10,3850,152,38,541,2737,0,-14,182,710,0,0,0,-1,-1,-1,0x1002487FD0060014,1514,1494,1500,1500,2012,1500,1493,1495,1500,1500,988,1500,1500,1500,1500,1500,1500,1494,1500,2012,1500,1539,1500,2012,1500,1500,1500,1500,1500,1500,1500,2012,8.3
2025-03-03,11:48:32.490,-43,-52,10,3850,147,38,541,2737,0,-14,182,710,0,0,0,-1,-1,-1,0x1002487FD0060014,1514,1494,1500,1500,2012,1500,1493,1495,1500,1500,988,1500,1500,1500,1500,1500,1500,1494,1500,2012,1500,1539,1500,2012,1500,1500,1500,1500,1500,1500,1500,2012,8.3
2025-03-03,11:48:32.990,-45,-48,10,3850,145,38,541,2737,0,-17,182,710,0,0,0,-1,-1,-1,0x1002487FD0060014,1514,1493,1500,1500,2012,1500,1492,1493,1500,1500,988,1500,1500,1500,1500,1500,1500,1493,1500,2012,1500,1539,1500,2012,1500,1500,1500,1500,1500,1500,1500,2012,8.3
2025-03-03,11:48:33.490,-45,-48,10,3850,145,38,541,2737,-1,-17,182,710,0,0,0,-1,-1,-1,0x1002487FD0060014,1514,1493,1500,1500,2012,1500,1492,1493,1500,1500,988,1500,1500,1500,1500,1500,1500,1493,1500,2012,1500,1539,1500,2012,1500,1500,1500,1500,1500,1500,1500,2012,8.3
2025-03-03,11:48:33.990,-44,-50,10,3850,142,38,541,2737,0,-18,182,710,0,0,0,-1,-1,-1,0x1002487FD0060014,1514,1493,1500,1500,2012,1500,1491,1493,1500,1500,988,1500,1500,1500,1500,1500,1500,1493,1500,2012,1500,1539,1500,2012,1500,1500,1500,1500,1500,1500,1500,2012,8.3
2025-03-03,11:48:34.490,-42,-48,10,3850,147,38,541,2737,-1,-17,182,709,0,0,0,-1,-1,-1,0x1002487FD0060014,1514,1493,1500,1500,2012,1500,1492,1493,1500,1500,988,1500,1500,1500,1500,1500,1500,1493,1500,2012,1500,1539,1500,2012,1500,1500,1500,1500,1500,1500,1500,2012,8.3
2025-03-03,11:48:34.990,-43,-48,10,3850,147,38,541,2737,-1,-18,182,710,0,0,0,-1,-1,-1,0x1002487FD0060014,1514,1493,1500,1500,2012,1500,1491,1493,1500,1500,988,1500,1500,1500,1500,1500,1500,1493,1500,2012,1500,1539,1500,2012,1500,1500,1500,1500,1500,1500,1500,2012,8.3
2025-03-03,11:48:35.490,-43,-48,10,3850,140,38,541,2737,-1,-15,182,710,0,0,0,-1,-1,-1,0x1002487FD0060014,1514,1494,1500,1500,2012,1500,1493,1495,1500,1500,988,1500,1500,1500,1500,1500,1500,1494,1500,2012,1500,1539,1500,2012,1500,1500,1500,1500,1500,1500,1500,2012,8.3
2025-03-03,11:48:35.990,-43,-48,10,3850,147,38,541,2737,-1,-15,182,710,0,0,0,-1,-1,-1,0x1002487FD0060014,1514,1494,1500,1500,2012,1500,1493,1495,1500,1500,988,1500,1500,1500,1500,1500,1500,1494,1500,2012,1500,1539,1500,2012,1500,1500,1500,1500,1500,1500,1500,2012,8.3
2025-03-03,11:48:36.490,-44,-48,10,3851,147,38,541,2737,0,-12,182,709,0,0,0,-1,-1,-1,0x1002487FD0060014,1514,1496,1500,1500,2012,1500,1494,1496,1500,1500,988,1500,1500,1500,1500,1500,1500,1496,1500,2012,1500,1539,1500,2012,1500,1500,1500,1500,1500,1500,1500,2012,8.3
2025-03-03,11:48:36.990,-43,-48,10,3851,145,38,541,2737,0,-14,183,710,0,0,0,-1,-1,-1,0x1002487FD0060014,1514,1494,1500,1500,2012,1500,1493,1495,1500,1500,988,1500,1500,1500,1500,1500,1500,1494,1500,2012,1500,1539,1500,2012,1500,1500,1500,1500,1500,1500,1500,2012,8.3
2025-03-03,11:48:37.490,-44,-48,10,3851,147,38,541,2737,-1,-16,182,709,0,0,0,-1,-1,-1,0x1002487FD0060014,1514,1494,1500,1500,2012,1500,1492,1494,1500,1500,988,1500,1500,1500,1500,1500,1500,1494,1500,2012,1500,1539,1500,2012,1500,1500,1500,1500,1500,1500,1500,2012,8.3
2025-03-03,11:48:37.990,-43,-48,10,3851,142,38,541,2737,-1,-16,182,710,0,0,0,-1,-1,-1,0x1002487FD0060014,1514,1494,1500,1500,2012,1500,1492,1494,1500,1500,988,1500,1500,1500,1500,1500,1500,1494,1500,2012,1500,1539,1500,2012,1500,1500,1500,1500,1500,1500,1500,2012,8.3
2025-03-03,11:48:38.490,-44,-48,10,3851,147,38,541,2737,0,-15,182,710,0,0,0,-1,-1,-1,0x1002487FD0060014,1514,1494,1500,1500,2012,1500,1493,1495,1500,1500,988,1500,1500,1500,1500,1500,1500,1494,1500,2012,1500,1539,1500,2012,1500,1500,1500,1500,1500,1500,1500,2012,8.3
2025-03-03,11:48:38.990,-45,-50,10,3851,142,38,541,2737,0,-15,182,709,0,0,0,-1,-1,-1,0x1002487FD0060014,1514,1494,1500,1500,2012,1500,1493,1495,1500,1500,988,1500,1500,1500,1500,1500,1500,1494,1500,2012,1500,1539,1500,2012,1500,1500,1500,1500,1500,1500,1500,2012,8.3
2025-03-03,11:48:39.490,-47,-48,10,3851,147,38,541,2737,0,-15,182,710,0,0,0,-1,-1,-1,0x1002487FD0060014,1514,1494,1500,1500,2012,1500,1493,1495,1500,1500,988,1500,1500,1500,1500,1500,1500,1494,1500,2012,1500,1539,1500,2012,1500,1500,1500,1500,1500,1500,1500,2012,8.3
2025-03-03,11:48:39.990,-47,-48,10,3851,150,38,541,2737,0,-15,182,709,0,0,0,-1,-1,-1,0x1002487FD0060014,1514,1494,1500,1500,2012,1500,1493,1495,1500,1500,988,1500,1500,1500,1500,1500,1500,1494,1500,2012,1500,1539,1500,2012,1500,1500,1500,1500,1500,1500,1500,2012,8.3
2025-03-03,11:48:40.490,-43,-48,10,3851,142,38,541,2737,-1,-14,182,710,0,0,0,-1,-1,-1,0x1002487FD0060014,1514,1494,1500,1500,2012,1500,1493,1495,1500,1500,988,1500,1500,1500,1500,1500,1500,1494,1500,2012,1500,1539,1500,2012,1500,1500,1500,1500,1500,1500,1500,2012,8.3
2025-03-03,11:48:40.990,-44,-47,10,3851,142,38,541,2737,-1,-14,182,710,0,0,0,-1,-1,-1,0x1002487FD0060014,1514,1494,1500,1500,2012,1500,1493,1495,1500,1500,988,1500,1500,1500,1500,1500,1500,1494,1500,2012,1500,1539,1500,2012,1500,1500,1500,1500,1500,1500,1500,2012,8.3
2025-03-03,11:48:41.490,-44,-47,10,3851,145,38,541,2737,0,-14,182,710,0,0,0,-1,-1,-1,0x1002487FD0060014,1514,1494,1500,1500,2012,1500,1493,1495,1500,1500,988,1500,1500,1500,1500,1500,1500,1494,1500,2012,1500,1539,1500,2012,1500,1500,1500,1500,1500,1500,1500,2012,8.3
2025-03-03,11:48:41.990,-44,-47,10,3851,147,38,541,2737,0,-14,182,709,0,0,0,-1,-1,-1,0x1002487FD0060014,1514,1494,1500,1500,2012,1500,1493,1495,1500,1500,988,1500,1500,1500,1500,1500,1500,1494,1500,2012,1500,1539,1500,2012,1500,1500,1500,1500,1500,1500,1500,2012,8.3
2025-03-03,11:48:42.490,-43,-47,10,3851,150,38,541,2737,-1,-15,182,709,0,0,0,-1,-1,-1,0x1002487FD0060014,1514,1494,1500,1500,2012,1500,1493,1495,1500,1500,988,1500,1500,1500,1500,1500,1500,1494,1500,2012,1500,1539,1500,2012,1500,1500,1500,1500,1500,1500,1500,2012,8.3
2025-03-03,11:48:42.990,-43,-47,10,3851,142,38,541,2737,0,-15,182,710,0,0,0,-1,-1,-1,0x1002487FD0060014,1514,1494,1500,1500,2012,1500,1493,1495,1500,1500,988,1500,1500,1500,1500,1500,1500,1494,1500,2012,1500,1539,1500,2012,1500,1500,1500,1500,1500,1500,1500,2012,8.3
2025-03-03,11:48:43.490,-43,-47,10,3851,145,38,541,2737,-1,-14,182,710,0,0,0,-1,-1,-1,0x1002487FD0060014,1514,1494,1500,1500,2012,1500,1493,1495,1500,1500,988,1500,1500,1500,1500,1500,1500,1494,1500,2012,1500,1539,1500,2012,1500,1500,1500,1500,1500,1500,1500,2012,8.3
2025-03-03,11:48:43.990,-43,-47,10,3851,145,38,541,2737,-1,-15,182,710,0,0,0,-1,-1,-1,0x1002487FD0060014,1514,1494,1500,1500,2012,1500,1493,1495,1500,1500,988,1500,1500,1500,1500,1500,1500,1494,1500,2012,1500,1539,1500,2012,1500,1500,1500,1500,1500,1500,1500,2012,8.3
2025-03-03,11:48:44.490,-44,-51,10,3851,150,38,541,2737,0,-15,182,710,0,0,0,-1,-1,-1,0x1002487FD0060014,1514,1494,1500,1500,2012,1500,1493,1495,1500,1500,988,1500,1500,1500,1500,1500,1500,1494,1500,2012,1500,1539,1500,2012,1500,1500,1500,1500,1500,1500,1500,2012,8.3
2025-03-03,11:48:44.990,-42,-51,10,3851,142,38,541,2737,0,-15,182,710,0,0,0,-1,-1,-1,0x1002487FD0060014,1514,1494,1500,1500,2012,1500,1493,1495,1500,1500,988,1500,1500,1500,1500,1500,1500,1494,1500,2012,1500,1539,1500,2012,1500,1500,1500,1500,1500,1500,1500,2012,8.3
2025-03-03,11:48:45.490,-43,-51,10,3851,145,38,541,2737,-1,-17,182,710,0,0,0,-1,-1,-1,0x1002487FD0060014,1514,1493,1500,1500,2012,1500,1492,1493,1500,1500,988,1500,1500,1500,1500,1500,1500,1493,1500,2012,1500,1539,1500,2012,1500,1500,1500,1500,1500,1500,1500,2012,8.3
2025-03-03,11:48:45.990,-44,-51,10,3851,147,38,541,2737,0,-17,182,710,0,0,0,-1,-1,-1,0x1002487FD0060014,1514,1493,1500,1500,2012,1500,1492,1493,1500,1500,988,1500,1500,1500,1500,1500,1500,1493,1500,2012,1500,1539,1500,2012,1500,1500,1500,1500,1500,1500,1500,2012,8.3
2025-03-03,11:48:46.490,-45,-50,10,3851,145,38,541,2737,0,-17,182,710,0,0,0,-1,-1,-1,0x1002487FD0060014,1514,1493,1500,1500,2012,1500,1492,1493,1500,1500,988,1500,1500,1500,1500,1500,1500,1493,1500,2012,1500,1539,1500,2012,1500,1500,1500,1500,1500,1500,1500,2012,8.3
2025-03-03,11:48:46.990,-45,-50,10,3851,147,38,541,2737,0,-17,182,710,0,0,0,-1,-1,-1,0x1002487FD0060014,1514,1493,1500,1500,2012,1500,1492,1493,1500,1500,988,1500,1500,1500,1500,1500,1500,1493,1500,2012,1500,1539,1500,2012,1500,1500,1500,1500,1500,1500,1500,2012,8.3
2025-03-03,11:48:47.490,-45,-47,10,3851,150,38,541,2737,-1,-18,182,709,0,0,0,-1,-1,-1,0x1002487FD0060014,1514,1493,1500,1500,2012,1500,1491,1493,1500,1500,988,1500,1500,1500,1500,1500,1500,1493,1500,2012,1500,1539,1500,2012,1500,1500,1500,1500,1500,1500,1500,2012,8.3
2025-03-03,11:48:47.990,-45,-47,10,3851,147,38,541,2737,0,-18,182,710,0,0,0,-1,-1,-1,0x1002487FD0060014,1514,1493,1500,1500,2012,1500,1491,1493,1500,1500,988,1500,1500,1500,1500,1500,1500,1493,1500,2012,1500,1539,1500,2012,1500,1500,1500,1500,1500,1500,1500,2012,8.3
2025-03-03,11:48:48.490,-44,-44,10,3852,147,38,541,2737,-1,-20,182,709,0,0,0,-1,-1,-1,0x1002487FD0060014,1514,1492,1500,1500,2012,1500,1490,1492,1500,1500,988,1500,1500,1500,1500,1500,1500,1492,1500,2012,1500,1539,1500,2012,1500,1500,1500,1500,1500,1500,1500,2012,8.3
2025-03-03,11:48:48.990,-47,-48,10,3852,150,38,541,2737,0,-18,182,710,0,0,0,-1,-1,-1,0x1002487FD0060014,1514,1493,1500,1500,2012,1500,1491,1493,1500,1500,988,1500,1500,1500,1500,1500,1500,1493,1500,2012,1500,1539,1500,2012,1500,1500,1500,1500,1500,1500,1500,2012,8.3
2025-03-03,11:48:49.490,-44,-49,10,3852,152,38,541,2737,-1,-19,182,709,0,0,0,-1,-1,-1,0x1002487FD0060014,1514,1492,1500,1500,2012,1500,1491,1493,1500,1500,988,1500,1500,1500,1500,1500,1500,1492,1500,2012,1500,1539,1500,2012,1500,1500,1500,1500,1500,1500,1500,2012,8.3
2025-03-03,11:48:49.990,-42,-49,10,3852,145,38,541,2737,0,-18,182,710,0,0,0,-1,-1,-1,0x1002487FD0060014,1514,1493,1500,1500,2012,1500,1491,1493,1500,1500,988,1500,1500,1500,1500,1500,1500,1493,1500,2012,1500,1539,1500,2012,1500,1500,1500,1500,1500,1500,1500,2012,8.3
2025-03-03,11:48:50.490,-43,-49,10,3852,145,38,541,2737,0,-17,182,710,0,0,0,-1,-1,-1,0x1002487FD0060014,1514,1493,1500,1500,2012,1500,1492,1493,1500,1500,988,1500,1500,1500,1500,1500,1500,1493,1500,2012,1500,1539,1500,2012,1500,1500,1500,1500,1500,1500,1500,2012,8.3
2025-03-03,11:48:50.990,-45,-49,10,3852,147,38,541,2737,-1,-16,182,709,0,0,0,-1,-1,-1,0x1002487FD0060014,1514,1494,1500,1500,2012,1500,1492,1494,1500,1500,988,1500,1500,1500,1500,1500,1500,1494,1500,2012,1500,1539,1500,2012,1500,1500,1500,1500,1500,1500,1500,2012,8.3
2025-03-03,11:48:51.490,-44,-49,10,3852,147,38,541,2737,-1,-16,182,710,0,0,0,-1,-1,-1,0x1002487FD0060014,1514,1494,1500,1500,2012,1500,1492,1494,1500,1500,988,1500,1500,1500,1500,1500,1500,1494,1500,2012,1500,1539,1500,2012,1500,1500,1500,1500,1500,1500,1500,2012,8.3
2025-03-03,11:48:51.990,-44,-49,10,3852,150,38,541,2737,-1,-18,182,709,0,0,0,-1,-1,-1,0x1002487FD0060014,1514,1493,1500,1500,2012,1500,1491,1493,1500,1500,988,1500,1500,1500,1500,1500,1500,1493,1500,2012,1500,1539,1500,2012,1500,1500,1500,1500,1500,1500,1500,2012,8.3
2025-03-03,11:48:52.490,-43,-49,10,3852,150,38,541,2737,-1,-17,182,710,0,0,0,-1,-1,-1,0x1002487FD0060014,1514,1493,1500,1500,2012,1500,1492,1493,1500,1500,988,1500,1500,1500,1500,1500,1500,1493,1500,2012,1500,1539,1500,2012,1500,1500,1500,1500,1500,1500,1500,2012,8.3
2025-03-03,11:48:52.990,-44,-47,10,3852,147,38,541,2737,-2,-17,182,709,0,0,0,-1,-1,-1,0x1002487FD0060014,1514,1493,1500,1500,2012,1499,1492,1493,1500,1500,988,1500,1500,1500,1500,1500,1500,1493,1500,2012,1500,1539,1500,2012,1500,1500,1500,1500,1500,1500,1500,2012,8.3
2025-03-03,11:48:53.490,-43,-47,10,3852,152,38,541,2737,-1,-16,182,709,0,0,0,-1,-1,-1,0x1002487FD0060014,1514,1494,1500,1500,2012,1500,1492,1494,1500,1500,988,1500,1500,1500,1500,1500,1500,1494,1500,2012,1500,1539,1500,2012,1500,1500,1500,1500,1500,1500,1500,2012,8.3
2025-03-03,11:48:53.990,-48,-46,10,3852,155,38,541,2737,-1,-16,182,709,0,0,0,-1,-1,-1,0x1002487FD0060014,1514,1494,1500,1500,2012,1500,1492,1494,1500,1500,988,1500,1500,1500,1500,1500,1500,1494,1500,2012,1500,1539,1500,2012,1500,1500,1500,1500,1500,1500,1500,2012,8.3
2025-03-03,11:48:54.490,-48,-47,10,3852,147,38,541,2737,-1,-15,182,709,0,0,0,-1,-1,-1,0x1002487FD0060014,1514,1494,1500,1500,2012,1500,1493,1495,1500,1500,988,1500,1500,1500,1500,1500,1500,1494,1500,2012,1500,1539,1500,2012,1500,1500,1500,1500,1500,1500,1500,2012,8.3
2025-03-03,11:48:54.990,-48,-48,10,3852,150,38,541,2737,-1,-16,182,710,0,0,0,-1,-1,-1,0x1002487FD0060014,1514,1494,1500,1500,2012,1500,1492,1494,1500,1500,988,1500,1500,1500,1500,1500,1500,1494,1500,2012,1500,1539,1500,2012,1500,1500,1500,1500,1500,1500,1500,2012,8.3
2025-03-03,11:48:55.490,-48,-48,10,3852,140,38,541,2737,-1,-15,182,709,0,0,0,-1,-1,-1,0x1002487FD0060014,1514,1494,1500,1500,2012,1500,1493,1495,1500,1500,988,1500,1500,1500,1500,1500,1500,1494,1500,2012,1500,1539,1500,2012,1500,1500,1500,1500,1500,1500,1500,2012,8.3
2025-03-03,11:48:55.990,-48,-48,10,3852,155,38,541,2737,-1,-15,182,710,0,0,0,-1,-1,-1,0x1002487FD0060014,1514,1494,1500,1500,2012,1500,1493,1495,1500,1500,988,1500,1500,1500,1500,1500,1500,1494,1500,2012,1500,1539,1500,2012,1500,1500,1500,1500,1500,1500,1500,2012,8.3
2025-03-03,11:48:56.490,-48,-48,10,3852,147,38,541,2737,-1,-15,182,710,0,0,0,-1,-1,-1,0x1002487FD0060014,1514,1494,1500,1500,2012,1500,1493,1495,1500,1500,988,1500,1500,1500,1500,1500,1500,1494,1500,2012,1500,1539,1500,2012,1500,1500,1500,1500,1500,1500,1500,2012,8.3
2025-03-03,11:48:56.990,-48,-48,10,3852,150,38,541,2737,-1,-15,182,709,0,0,0,-1,-1,-1,0x1002487FD0060014,1514,1494,1500,1500,2012,1500,1493,1495,1500,1500,988,1500,1500,1500,1500,1500,1500,1494,1500,2012,1500,1539,1500,2012,1500,1500,1500,1500,1500,1500,1500,2012,8.3
2025-03-03,11:48:57.490,-48,-48,10,3852,150,38,541,2737,-1,-15,182,710,0,0,0,-1,-1,-1,0x1002487FD0060014,1514,1494,1500,1500,2012,1500,1493,1495,1500,1500,988,1500,1500,1500,1500,1500,1500,1494,1500,2012,1500,1539,1500,2012,1500,1500,1500,1500,1500,1500,1500,2012,8.3
2025-03-03,11:48:57.990,-45,-48,10,3852,145,38,541,2737,-1,-16,182,709,0,0,0,-1,-1,-1,0x1002487FD0060014,1514,1494,1500,1500,2012,1500,1492,1494,1500,1500,988,1500,1500,1500,1500,1500,1500,1494,1500,2012,1500,1539,1500,2012,1500,1500,1500,1500,1500,1500,1500,2012,8.3
2025-03-03,11:48:58.490,-44,-48,10,3852,145,38,541,2737,-1,-16,182,710,0,0,0,-1,-1,-1,0x1002487FD0060014,1514,1494,1500,1500,2012,1500,1493,1495,1500,1500,988,1500,1500,1500,1500,1500,1500,1494,1500,2012,1500,1539,1500,2012,1500,1500,1500,1500,1500,1500,1500,2012,8.3
2025-03-03,11:48:58.990,-45,-47,10,3852,145,38,541,2737,-1,-14,182,709,0,0,0,-1,-1,-1,0x1002487FD0060014,1514,1494,1500,1500,2012,1500,1493,1495,1500,1500,988,1500,1500,1500,1500,1500,1500,1494,1500,2012,1500,1539,1500,2012,1500,1500,1500,1500,1500,1500,1500,2012,8.3
2025-03-03,11:48:59.490,-47,-47,10,3852,147,38,541,2738,-1,-16,182,710,0,0,0,-1,-1,-1,0x1002487FD0060014,1514,1494,1500,1500,2012,1500,1492,1494,1500,1500,988,1500,1500,1500,1500,1500,1500,1494,1500,2012,1500,1539,1500,2012,1500,1500,1500,1500,1500,1500,1500,2012,8.3
2025-03-03,11:48:59.990,-44,-47,10,3852,152,37,541,2738,-1,-16,182,710,0,0,0,-1,-1,-1,0x1002487FD0060014,1514,1494,1500,1500,2012,1500,1492,1494,1500,1500,988,1500,1500,1500,1500,1500,1500,1494,1500,2012,1500,1539,1500,2012,1500,1500,1500,1500,1500,1500,1500,2012,8.3
2025-03-03,11:49:00.490,-48,-49,10,3852,155,37,541,2738,-1,-16,182,709,0,0,0,-1,-1,-1,0x1002487FD0060014,1514,1494,1500,1500,2012,1500,1492,1494,1500,1500,988,1500,1500,1500,1500,1500,1500,1494,1500,2012,1500,1539,1500,2012,1500,1500,1500,1500,1500,1500,1500,2012,8.3
2025-03-03,11:49:00.990,-48,-48,10,3852,150,37,541,2738,-1,-16,182,709,0,0,0,-1,-1,-1,0x1002487FD0060014,1514,1494,1500,1500,2012,1500,1492,1494,1500,1500,988,1500,1500,1500,1500,1500,1500,1494,1500,2012,1500,1539,1500,2012,1500,1500,1500,1500,1500,1500,1500,2012,8.3
2025-03-03,11:49:01.490,-52,-49,10,3852,142,37,541,2738,-1,-15,182,709,0,0,0,-1,-1,-1,0x1002487FD0060014,1514,1494,1500,1500,2012,1500,1493,1495,1500,1500,988,1500,1500,1500,1500,1500,1500,1494,1500,2012,1500,1539,1500,2012,1500,1500,1500,1500,1500,1500,1500,2012,8.3
2025-03-03,11:49:01.990,-52,-48,10,3852,147,37,541,2738,-1,-14,182,710,0,0,0,-1,-1,-1,0x1002487FD0060014,1514,1494,1500,1500,2012,1500,1493,1495,1500,1500,988,1500,1500,1500,1500,1500,1500,1494,1500,2012,1500,1539,1500,2012,1500,1500,1500,1500,1500,1500,1500,2012,8.3
2025-03-03,11:49:02.490,-44,-48,10,3852,142,37,541,2738,-2,-15,182,710,0,0,0,-1,-1,-1,0x1002487FD0060014,1514,1494,1500,1500,2012,1499,1493,1495,1500,1499,988,1500,1500,1499,1500,1500,1500,1494,1500,2012,1500,1539,1500,2012,1500,1500,1500,1500,1500,1500,1500,2012,8.3
2025-03-03,11:49:02.990,-42,-48,10,3852,150,37,541,2738,-1,-15,182,710,0,0,0,-1,-1,-1,0x1002487FD0060014,1514,1494,1500,1500,2012,1500,1493,1495,1500,1500,988,1500,1500,1500,1500,1500,1500,1494,1500,2012,1500,1539,1500,2012,1500,1500,1500,1500,1500,1500,1500,2012,8.3
2025-03-03,11:49:03.490,-43,-48,10,3852,150,37,541,2738,0,-15,182,709,0,0,0,-1,-1,-1,0x1002487FD0060014,1514,1494,1500,1500,2012,1500,1493,1495,1500,1500,988,1500,1500,1500,1500,1500,1500,1494,1500,2012,1500,1539,1500,2012,1500,1500,1500,1500,1500,1500,1500,2012,8.3
2025-03-03,11:49:03.990,-43,-48,10,3853,145,37,541,2738,0,-15,182,710,0,0,0,-1,-1,-1,0x1002487FD0060014,1514,1494,1500,1500,2012,1500,1493,1495,1500,1500,988,1500,1500,1500,1500,1500,1500,1494,1500,2012,1500,1539,1500,2012,1500,1500,1500,1500,1500,1500,1500,2012,8.3
2025-03-03,11:49:04.490,-44,-48,10,3853,147,37,541,2738,-1,-15,182,709,0,0,0,-1,-1,-1,0x1002487FD0060014,1514,1494,1500,1500,2012,1500,1493,1495,1500,1500,988,1500,1500,1500,1500,1500,1500,1494,1500,2012,1500,1539,1500,2012,1500,1500,1500,1500,1500,1500,1500,2012,8.3
2025-03-03,11:49:04.990,-43,-48,10,3853,150,37,541,2738,-1,-14,182,710,0,0,0,-1,-1,-1,0x1002487FD0060014,1514,1494,1500,1500,2012,1500,1493,1495,1500,1500,988,1500,1500,1500,1500,1500,1500,1494,1500,2012,1500,1539,1500,2012,1500,1500,1500,1500,1500,1500,1500,2012,8.3
2025-03-03,11:49:05.490,-44,-48,10,3853,147,37,541,2738,-1,-13,182,710,0,0,0,-1,-1,-1,0x1002487FD0060014,1514,1495,1500,1500,2012,1500,1494,1495,1500,1500,988,1500,1500,1500,1500,1500,1500,1495,1500,2012,1500,1539,1500,2012,1500,1500,1500,1500,1500,1500,1500,2012,8.3
2025-03-03,11:49:05.990,-48,-46,10,3853,147,37,541,2738,-1,-14,182,709,0,0,0,-1,-1,-1,0x1002487FD0060014,1514,1494,1500,1500,2012,1500,1493,1495,1500,1500,988,1500,1500,1500,1500,1500,1500,1494,1500,2012,1500,1539,1500,2012,1500,1500,1500,1500,1500,1500,1500,2012,8.3
2025-03-03,11:49:06.490,-48,-46,10,3853,150,37,541,2738,0,-14,182,710,0,0,0,-1,-1,-1,0x1002487FD0060014,1514,1494,1500,1500,2012,1500,1493,1495,1500,1500,988,1500,1500,1500,1500,1500,1500,1494,1500,2012,1500,1539,1500,2012,1500,1500,1500,1500,1500,1500,1500,2012,8.3
2025-03-03,11:49:06.990,-48,-46,10,3853,147,37,541,2738,-1,-13,182,709,0,0,0,-1,-1,-1,0x1002487FD0060014,1514,1495,1500,1500,2012,1500,1494,1495,1500,1500,988,1500,1500,1500,1500,1500,1500,1495,1500,2012,1500,1539,1500,2012,1500,1500,1500,1500,1500,1500,1500,2012,8.3
2025-03-03,11:49:07.490,-49,-46,10,3853,142,37,541,2738,-1,-11,182,710,0,0,0,-1,-1,-1,0x1002487FD0060014,1514,1496,1500,1500,2012,1500,1495,1496,1500,1500,988,1500,1500,1500,1500,1500,1500,1496,1500,2012,1500,1539,1500,2012,1500,1500,1500,1500,1500,1500,1500,2012,8.3
2025-03-03,11:49:07.990,-49,-47,10,3853,147,37,541,2738,-1,-12,182,710,0,0,0,-1,-1,-1,0x1002487FD0060014,1514,1496,1500,1500,2012,1500,1494,1496,1500,1500,988,1500,1500,1500,1500,1500,1500,1496,1500,2012,1500,1539,1500,2012,1500,1500,1500,1500,1500,1500,1500,2012,8.3
2025-03-03,11:49:08.490,-50,-47,10,3853,145,37,541,2738,-1,-12,182,710,0,0,0,-1,-1,-1,0x1002487FD0060014,1514,1496,1500,1500,2012,1500,1494,1496,1500,1500,988,1500,1500,1500,1500,1500,1500,1496,1500,2012,1500,1539,1500,2012,1500,1500,1500,1500,1500,1500,1500,2012,8.3
2025-03-03,11:49:08.990,-47,-46,10,3853,145,37,541,2738,-2,-9,182,709,0,0,0,-1,-1,-1,0x1002487FD0060014,1514,1497,1500,1500,2012,1499,1496,1497,1500,1500,988,1500,1500,1500,1500,1500,1500,1497,1500,2012,1500,1539,1500,2012,1500,1500,1500,1500,1500,1500,1500,2012,8.3
2025-03-03,11:49:09.490,-47,-46,10,3853,145,37,541,2738,-1,-9,182,710,0,0,0,-1,-1,-1,0x1002487FD0060014,1514,1497,1500,1500,2012,1500,1496,1497,1500,1500,988,1500,1500,1500,1500,1500,1500,1497,1500,2012,1500,1539,1500,2012,1500,1500,1500,1500,1500,1500,1500,2012,8.3
2025-03-03,11:49:09.990,-45,-46,10,3853,145,37,541,2738,-1,-8,182,709,0,0,0,-1,-1,-1,0x1002487FD0060014,1514,1497,1500,1500,2012,1500,1496,1497,1500,1500,988,1500,1500,1500,1500,1500,1500,1497,1500,2012,1500,1539,1500,2012,1500,1500,1500,1500,1500,1500,1500,2012,8.3
2025-03-03,11:49:10.490,-43,-50,10,3853,145,37,541,2738,-1,131,182,710,0,0,0,-1,-1,-1,0x1002487FD0060014,1514,1565,1505,1500,2012,1500,1565,1500,1500,1500,988,1500,1500,1500,1500,1500,1500,1500,1372,1628,1500,1539,1500,2012,1500,1500,1500,1500,1500,1500,1500,2012,8.3
2025-03-03,11:49:10.990,-48,-50,10,3853,2552,37,541,2738,-219,26,182,709,0,0,0,-1,-1,-1,0x1002487FD0060015,1475,1516,1536,1500,2012,1391,1513,1500,1500,1396,988,1500,1500,1429,1500,1500,1500,1500,1325,2012,1500,1539,1500,2012,1500,1500,1500,1500,1500,1500,1500,2012,8.3
2025-03-03,11:49:11.490,-54,-45,10,3850,3980,37,541,2739,-1,401,182,709,0,0,0,-1,-1,-1,0x1002487FD0060015,1514,1649,1536,1500,2012,1500,1700,1500,1500,1500,988,1500,1500,1500,1500,1500,1500,1500,1372,1628,1500,1539,1500,2012,1500,1500,1500,1500,1500,1500,1500,2012,8.3
2025-03-03,11:49:11.990,-54,-42,10,3823,22042,37,541,2741,-78,691,182,710,0,0,0,-1,-1,-1,0x1002487FD0060015,1500,1765,1536,1500,2012,1461,1845,1500,1500,1461,988,1500,1500,1474,1500,1500,1500,1500,1372,1628,1500,1539,1500,2012,1500,1500,1500,1500,1500,1500,1500,2012,8.3
2025-03-03,11:49:12.490,-37,-44,10,3791,2607,38,541,2742,-41,-750,182,710,0,0,0,-1,-1,-1,0x1002487FD20E0015,1507,1254,1536,1500,2012,1480,1125,1255,1500,1480,988,1500,1500,1487,1500,1500,1500,1254,1372,2012,1500,1539,1500,2012,1500,1500,1500,1500,1500,1500,1500,2012,8.3
2025-03-03,11:49:12.990,-37,-44,10,3844,77,38,541,2742,-254,-7,182,709,0,0,0,-1,-1,-1,0x1002487FD0060015,1469,1497,1536,1500,2012,1373,1497,1497,1500,1379,988,1500,1500,1417,1500,1500,1500,1497,1372,2012,1500,1539,1500,2012,1500,1500,1500,1500,1500,1500,1500,2012,8.3
2025-03-03,11:49:13.490,-41,-45,10,3848,13455,39,541,2744,-1024,-15,182,710,0,0,0,-1,-1,-1,0x1002487FD0060815,1157,1494,1536,1500,2012,988,1493,1495,1500,988,988,1500,1500,988,1500,1500,1500,1494,1275,1730,1500,1539,1500,2012,1500,1500,1500,1500,1500,1500,1500,2012,8.3
2025-03-03,11:49:13.990,-50,-50,10,3832,6035,39,541,2744,-1024,63,182,709,0,0,0,-1,-1,-1,0x1002487FD0060815,1157,1539,1535,1500,2012,988,1531,1500,1500,988,988,1500,1500,988,1500,1500,1500,1500,1134,1866,1500,1539,1500,2012,1500,1500,1500,1500,1500,1500,1500,2012,8.3
2025-03-03,11:49:14.490,-57,-51,10,3829,7590,39,541,2745,219,404,182,709,0,0,0,-1,-1,-1,0x1002487FD0060015,1552,1650,1536,1500,2012,1609,1702,1500,1500,1580,988,1500,1500,1554,1500,1500,1500,1500,1372,1628,1500,1539,1500,2012,1500,1500,1500,1500,1500,1500,1500,2012,8.3
2025-03-03,11:49:14.990,-57,-51,10,3819,14440,39,541,2747,899,431,182,709,0,0,0,-1,-1,-1,0x1002487FD0060015,1741,1659,1536,1500,2012,1949,1715,1500,1500,1949,988,1500,1500,1897,1500,1500,1500,1500,1372,1628,1500,1539,1500,2012,1500,1500,1500,1500,1500,1500,1500,2012,8.3
2025-03-03,11:49:15.490,-51,-53,10,3783,22727,39,541,2750,293,642,182,710,0,0,0,-1,-1,-1,0x1002487FD0060015,1584,1742,1536,1500,2012,1646,1821,1500,1500,1646,988,1500,1500,1600,1500,1500,1500,1500,1372,1628,1500,1539,1500,2012,1500,1500,1500,1500,1500,1500,1500,2012,8.3
2025-03-03,11:49:15.990,-48,-53,10,3760,7432,39,541,2750,8,-701,182,709,0,0,0,-1,-1,-1,0x1002487FD20E0015,1516,1254,1536,1500,2012,1503,1150,1255,1500,1504,988,1500,1500,1502,1500,1500,1500,1254,1372,2012,1500,1539,1500,2012,1500,1500,1500,1500,1500,1500,1500,2012,8.3
2025-03-03,11:49:16.490,-50,-53,10,3838,135,39,541,2750,6,-17,182,710,0,0,0,-1,-1,-1,0x1002487FD0060015,1516,1493,1536,1500,2012,1503,1492,1493,1500,1503,988,1500,1500,1502,1500,1500,1500,1493,1372,2012,1500,1539,1500,2012,1500,1500,1500,1500,1500,1500,1500,2012,8.3
2025-03-03,11:49:16.990,-55,-56,10,3841,360,39,541,2750,3,-13,182,709,0,0,0,-1,-1,-1,0x1002487FD0060015,1515,1495,1536,1500,2012,1501,1494,1495,1500,1502,988,1500,1500,1501,1500,1500,1500,1495,1372,2012,1500,1539,1500,2012,1500,1500,1500,1500,1500,1500,1500,2012,8.3
2025-03-03,11:49:17.490,-51,-56,10,3841,352,39,541,2750,1,-17,182,710,0,0,0,-1,-1,-1,0x1002487FD0060015,1514,1493,1536,1500,2012,1500,1492,1493,1500,1500,988,1500,1500,1500,1500,1500,1500,1493,1500,2012,1500,1539,1500,2012,1500,1500,1500,1500,1500,1500,1500,2012,8.3
2025-03-03,11:49:17.990,-56,-52,10,3841,350,38,541,2750,1,-7,182,709,0,0,0,-1,-1,-1,0x1002487FD0060015,1514,1497,1536,1500,2012,1500,1497,1497,1500,1500,988,1500,1500,1500,1500,1500,1500,1497,1500,2012,1500,1539,1500,2012,1500,1500,1500,1500,1500,1500,1500,2012,8.3
2025-03-03,11:49:18.490,-52,-52,10,3842,352,38,541,2750,1,-18,182,709,0,0,0,-1,-1,-1,0x1002487FD0060015,1514,1493,1536,1500,2012,1500,1491,1493,1500,1500,988,1500,1500,1500,1500,1500,1500,1493,1500,2012,1500,1539,1500,2012,1500,1500,1500,1500,1500,1500,1500,2012,8.3
2025-03-03,11:49:18.990,-52,-53,10,3842,275,38,541,2751,1,80,182,710,0,0,0,-1,-1,-1,0x1002487FD0060015,1514,1549,1513,1500,2012,1500,1540,1500,1500,1500,988,1500,1500,1500,1500,1500,1500,1500,1268,1732,1500,1539,1500,2012,1500,1500,1500,1500,1500,1500,1500,2012,8.3
2025-03-03,11:49:19.490,-66,-51,10,3843,730,38,541,2751,1,32,182,710,0,0,0,-1,-1,-1,0x1002487FD0060015,1514,1519,1536,1500,2012,1500,1516,1500,1500,1500,988,1500,1500,1500,1500,1500,1500,1500,1372,2012,1500,1539,1500,2012,1500,1500,1500,1500,1500,1500,1500,2012,8.3
2025-03-03,11:49:19.990,-59,-52,10,3843,357,38,541,2751,0,0,182,710,0,0,0,-1,-1,-1,0x1002487FD0060015,1514,1500,1536,1500,2012,1500,1500,1500,1500,1500,988,1500,1500,1500,1500,1500,1500,1500,1372,2012,1500,1539,1500,2012,1500,1500,1500,1500,1500,1500,1500,2012,8.3
2025-03-03,11:49:20.490,-59,-52,10,3843,350,38,541,2751,0,-192,182,709,0,0,0,-1,-1,-1,0x1002487FD20A0015,1514,1432,1536,1500,2012,1500,1404,1432,1500,1500,988,1500,1500,1500,1500,1500,1500,1432,1372,2012,1500,1539,1500,988,1500,1500,1500,1500,1500,1500,1500,2012,8.3
2025-03-03,11:49:20.990,-59,-53,10,3844,350,38,541,2751,1,-691,182,710,0,0,0,-1,-1,-1,0x1002487FD20E0015,1514,1254,1536,1500,2012,1500,1155,1255,1500,1500,988,1500,1500,1500,1500,1500,1500,1254,1500,2012,1500,1539,1500,2012,1500,1500,1500,1500,1500,1500,1500,2012,8.3
2025-03-03,11:49:21.490,-54,-56,10,3844,350,38,541,2751,1,-750,182,710,0,0,0,-1,-1,-1,0x1002487FD2060015,1514,1254,1536,1500,2012,1500,1125,1255,1500,1500,988,1500,1500,1500,1500,1500,1500,1254,1500,2012,1500,1539,1500,2012,1500,1500,1500,1500,1500,1500,1500,2012,8.3
2025-03-03,11:49:21.990,-52,-56,10,3845,355,38,541,2751,1,-741,182,709,0,0,0,-1,-1,-1,0x1002487FD20E0015,1514,1254,1536,1500,2012,1500,1130,1255,1500,1500,988,1500,1500,1500,1500,1500,1500,1254,1500,2012,1500,1539,1500,2012,1500,1500,1500,1500,1500,1500,1500,2012,8.3
2025-03-03,11:49:22.490,-52,-56,10,3845,292,38,541,2751,1,-562,182,709,0,0,0,-1,-1,-1,0x1002487FD2060014,1514,1304,1508,1500,2012,1500,1219,1304,1500,1500,988,1500,1500,1500,1500,1500,1500,1304,1500,2012,1500,1539,1500,2012,1500,1500,1500,1500,1500,1500,1500,2012,8.3
2025-03-03,11:49:22.990,-52,-56,10,3845,145,38,541,2751,1,-31,182,710,0,0,0,-1,-1,-1,0x1002487FD0060014,1514,1488,1500,1500,2012,1500,1485,1488,1500,1500,988,1500,1500,1500,1500,1500,1500,1488,1500,2012,1500,1539,1500,2012,1500,1500,1500,1500,1500,1500,1500,2012,8.3
2025-03-03,11:49:23.490,-52,-56,10,3846,147,38,541,2751,0,-750,182,710,0,0,0,-1,-1,-1,0x1002487FD2060014,1514,1254,1500,1500,2012,1500,1125,1255,1500,1500,988,1500,1500,1500,1500,1500,1500,1254,1500,2012,1500,1539,1500,2012,1500,1500,1500,1500,1500,1500,1500,2012,8.3
2025-03-03,11:49:23.990,-51,-56,10,3846,147,37,541,2751,1,-637,182,710,0,0,0,-1,-1,-1,0x1002487FD20E0014,1514,1268,1500,1500,2012,1500,1182,1268,1500,1500,988,1500,1500,1500,1500,1500,1500,1268,1500,2012,1500,1539,1500,2012,1500,1500,1500,1500,1500,1500,1500,2012,8.3
2025-03-03,11:49:24.490,-52,-55,10,3846,145,37,541,2751,0,-643,182,710,0,0,0,-1,-1,-1,0x1002487FD2060014,1514,1265,1500,1500,2012,1500,1179,1265,1500,1500,988,1500,1500,1500,1500,1500,1500,1265,1500,2012,1500,1539,1500,2012,1500,1500,1500,1500,1500,1500,1500,2012,8.3
2025-03-03,11:49:24.990,-52,-70,10,3847,145,37,541,2751,0,-519,182,709,0,0,0,-1,-1,-1,0x5002487FD20E0014,1514,1321,1500,1500,2012,1500,1241,1321,1500,1500,988,1500,1500,1500,1500,1500,1500,1321,1500,2012,1500,1539,1500,2012,1500,1500,1500,1500,1500,1500,1500,2012,8.3
2025-03-03,11:49:25.490,-51,-70,10,3847,147,37,541,2751,1,-589,182,710,0,0,0,-1,-1,-1,0x1002487FD2060014,1514,1291,1500,1500,2012,1500,1206,1291,1500,1500,988,1500,1500,1500,1500,1500,1500,1291,1500,2012,1500,1539,1500,2012,1500,1500,1500,1500,1500,1500,1500,2012,8.3
2025-03-03,11:49:25.990,-51,-70,10,3847,142,37,541,2751,0,-794,182,710,0,0,0,-1,-1,-1,0x9002487FD20E0014,1514,1254,1500,1500,2012,1500,1103,1255,1500,1500,988,1500,1500,1500,1500,1500,1500,1254,1500,2012,1500,1539,1500,2012,1500,1500,1500,1500,1500,1500,1500,2012,8.3
2025-03-03,11:49:26.490,-51,-70,10,3847,147,37,541,2751,0,-787,182,710,0,0,0,-1,-1,-1,0x9002487FD2060014,1514,1254,1500,1500,2012,1500,1107,1255,1500,1500,988,1500,1500,1500,1500,1500,1500,1254,1500,2012,1500,1539,1500,2012,1500,1500,1500,1500,1500,1500,1500,2012,8.3
2025-03-03,11:49:26.990,-51,-70,10,3847,142,37,541,2751,0,-607,182,710,0,0,0,-1,-1,-1,0x1002487FD20E0014,1514,1282,1500,1500,2012,1500,1197,1283,1500,1500,988,1500,1500,1500,1500,1500,1500,1282,1500,2012,1500,1539,1500,2012,1500,1500,1500,1500,1500,1500,1500,2012,8.3
2025-03-03,11:49:27.490,-51,-70,10,3848,150,37,541,2751,1,-607,182,709,0,0,0,-1,-1,-1,0x1002487FD2060014,1514,1282,1500,1500,2012,1500,1197,1283,1500,1500,988,1500,1500,1500,1500,1500,1500,1282,1500,2012,1500,1539,1500,2012,1500,1500,1500,1500,1500,1500,1500,2012,8.3
2025-03-03,11:49:27.990,-51,-70,10,3848,142,37,541,2751,2,-705,182,710,0,0,0,-1,-1,-1,0x1002487FD20E0014,1514,1254,1500,1500,2012,1501,1148,1255,1500,1500,988,1500,1500,1500,1500,1500,1500,1254,1500,2012,1500,1539,1500,2012,1500,1500,1500,1500,1500,1500,1500,2012,8.3
2025-03-03,11:49:28.490,-51,-70,10,3848,145,37,541,2751,0,-474,182,710,0,0,0,-1,-1,-1,0x1002487FD2060014,1514,1339,1500,1500,2012,1500,1263,1339,1500,1500,988,1500,1500,1500,1500,1500,1500,1339,1500,2012,1500,1539,1500,2012,1500,1500,1500,1500,1500,1500,1500,2012,8.3
2025-03-03,11:49:28.990,-52,-57,10,3848,1852,37,541,2751,-60,385,182,709,0,0,0,-1,-1,-1,0x1002487FD0060015,1505,1644,1522,1500,2012,1470,1692,1500,1500,1476,988,1500,1500,1484,1500,1500,1500,1500,1372,1628,1500,1539,1500,2012,1500,1500,1500,1500,1500,1500,1500,2012,8.3
2025-03-03,11:49:29.490,-51,-57,10,3843,11530,37,541,2752,481,354,182,710,0,0,0,-1,-1,-1,0x1002487FD0060015,1623,1634,1536,1500,2012,1740,1677,1500,1500,1735,988,1500,1500,1667,1500,1500,1500,1500,1372,1628,1500,1539,1500,2012,1500,1500,1500,1500,1500,1500,1500,2012,8.3
2025-03-03,11:49:29.990,-58,-59,10,3812,12730,37,541,2754,-292,529,182,710,0,0,0,-1,-1,-1,0x1002487FD0060015,1457,1694,1536,1500,2012,1354,1764,1500,1500,1349,988,1500,1500,1396,1500,1500,1500,1500,1372,1628,1500,1539,1500,2012,1500,1500,1500,1500,1500,1500,1500,2012,8.3
2025-03-03,11:49:30.490,-70,-60,10,3803,11965,37,541,2755,303,331,181,709,0,0,0,-1,-1,-1,0x1002487FD0060015,1587,1627,1536,1500,2012,1651,1665,1500,1500,1651,988,1500,1500,1604,1500,1500,1500,1500,1372,1628,1500,1539,1500,2012,1500,1500,1500,1500,1500,1500,1500,2012,8.3
2025-03-03,11:49:30.990,-70,-60,10,3806,9750,38,541,2756,0,507,182,710,0,0,0,-1,-1,-1,0x1002487FD0060015,1512,1686,1536,1500,2012,1500,1753,1500,1500,1495,988,1500,1500,1497,1500,1500,1500,1500,1372,1628,1500,1539,1500,2012,1500,1500,1500,1500,1500,1500,1500,2012,8.3
2025-03-03,11:49:31.490,-73,-71,10,3808,6430,38,541,2757,1023,-605,182,709,0,0,0,-1,-1,-1,0x1002487FD20E0015,1801,1284,1536,1500,2012,2011,1198,1284,1500,2011,988,1500,1500,2011,1500,1500,1500,1284,1201,2012,1500,1539,1500,2012,1500,1500,1500,1500,1500,1500,1500,2012,8.3
2025-03-03,11:49:31.990,-73,-65,10,3828,417,38,541,2757,1024,45,182,709,0,0,0,-1,-1,-1,0x1002487FD0060015,1802,1528,1536,1500,2012,2012,1522,1500,1500,2012,988,1500,1500,2012,1500,1500,1500,1500,1372,2012,1500,1539,1500,2012,1500,1500,1500,1500,1500,1500,1500,2012,8.3
2025-03-03,11:49:32.490,-60,-70,10,3840,1907,39,541,2757,1024,296,182,710,0,0,0,-1,-1,-1,0x1002487FD0060015,1802,1616,1536,1500,2012,2012,1648,1500,1500,2012,988,1500,1500,2012,1500,1500,1500,1500,1372,1628,1500,1539,1500,2012,1500,1500,1500,1500,1500,1500,1500,2012,8.3
2025-03-03,11:49:32.990,-65,-77,10,3836,7172,39,541,2758,241,409,182,709,0,0,0,-1,-1,-1,0x1002487FD0060015,1577,1652,1536,1500,2012,1620,1704,1500,1500,1631,988,1500,1500,1589,1500,1500,1500,1500,1372,1628,1500,1539,1500,2012,1500,1500,1500,1500,1500,1500,1500,2012,8.3
2025-03-03,11:49:33.490,-67,-75,10,3808,30367,39,541,2761,-119,757,182,709,0,0,0,-1,-1,-1,0x1002487FD0060015,1498,1798,1536,1500,2012,1441,1878,1500,1500,1456,988,1500,1500,1471,1500,1500,1500,1500,1372,1628,1500,1539,1500,2012,1500,1500,1500,1500,1500,1500,1500,2012,8.3
2025-03-03,11:49:33.990,-65,-70,10,3746,31890,40,541,2765,80,771,182,709,0,0,0,-1,-1,-1,0x1002487FD0060015,1532,1810,1536,1500,2012,1540,1885,1500,1500,1539,988,1500,1500,1526,1500,1500,1500,1500,1372,1628,1500,1539,1500,2012,1500,1500,1500,1500,1500,1500,1500,2012,8.3
2025-03-03,11:49:34.490,-59,-57,10,3709,28687,40,541,2768,7,803,182,710,0,0,0,-1,-1,-1,0x1002487FD0060015,1516,1835,1536,1500,2012,1503,1901,1500,1500,1503,988,1500,1500,1502,1500,1500,1500,1500,1372,1628,1500,1539,1500,2012,1500,1500,1500,1500,1500,1500,1500,2012,8.3
2025-03-03,11:49:34.990,-57,-53,10,3731,11335,39,541,2771,2,-236,182,710,0,0,0,-1,-1,-1,0x1002487FD20E0015,1515,1411,1536,1500,2012,1501,1382,1411,1500,1501,988,1500,1500,1501,1500,1500,1500,1411,1201,2012,1500,1539,1500,2012,1500,1500,1500,1500,1500,1500,1500,2012,8.3
2025-03-03,11:49:35.490,-57,-52,10,3802,42,39,541,2771,-778,-743,182,710,0,0,0,-1,-1,-1,0x1002487FD20E0815,1302,1254,1536,1500,2012,1111,1129,1255,1500,1111,988,1500,1500,1185,1500,1500,1500,1254,1372,2012,1500,1539,1500,2012,1500,1500,1500,1500,1500,1500,1500,2012,8.3
2025-03-03,11:49:35.990,-57,-43,10,3832,15,39,541,2771,-900,-613,182,710,0,0,0,-1,-1,-1,0x1002487FD2060815,1239,1280,1536,1500,2012,1050,1194,1280,1500,1051,988,1500,1500,1102,1500,1500,1500,1280,1372,2012,1500,1539,1500,2012,1500,1500,1500,1500,1500,1500,1500,2012,8.3
2025-03-03,11:49:36.490,-44,-47,10,3832,2975,39,541,2771,-14,274,182,710,0,0,0,-1,-1,-1,0x1002487FD0060015,1511,1609,1536,1500,2012,1493,1637,1500,1500,1493,988,1500,1500,1495,1500,1500,1500,1500,1372,1628,1500,1539,1500,2012,1500,1500,1500,1500,1500,1500,1500,2012,8.3
2025-03-03,11:49:36.990,-48,-50,10,3828,11772,39,541,2772,-341,443,182,710,0,0,0,-1,-1,-1,0x1002487FD0060015,1450,1663,1536,1500,2012,1330,1721,1500,1500,1335,988,1500,1500,1386,1500,1500,1500,1500,1372,1628,1500,1539,1500,2012,1500,1500,1500,1500,1500,1500,1500,2012,8.3
2025-03-03,11:49:37.490,-69,-56,10,3794,6892,39,541,2773,262,170,182,710,0,0,0,-1,-1,-1,0x1002487FD0060015,1577,1577,1536,1500,2012,1631,1585,1500,1500,1631,988,1500,1500,1589,1500,1500,1500,1500,1372,1628,1500,1539,1500,2012,1500,1500,1500,1500,1500,1500,1500,2012,8.3
2025-03-03,11:49:37.990,-69,-54,10,3806,2020,39,541,2773,-1,200,182,709,0,0,0,-1,-1,-1,0x1002487FD0060015,1514,1586,1536,1500,2012,1500,1600,1500,1500,1500,988,1500,1500,1500,1500,1500,1500,1500,1372,1628,1500,1539,1500,2012,1500,1500,1500,1500,1500,1500,1500,2012,8.3
2025-03-03,11:49:38.490,-61,-58,10,3822,8460,39,541,2774,-1,378,182,709,0,0,0,-1,-1,-1,0x1002487FD0060015,1514,1642,1536,1500,2012,1500,1689,1500,1500,1500,988,1500,1500,1500,1500,1500,1500,1500,1372,1628,1500,1539,1500,2012,1500,1500,1500,1500,1500,1500,1500,2012,8.3
2025-03-03,11:49:38.990,-62,-61,10,3811,15557,39,541,2776,1019,-216,182,709,0,0,0,-1,-1,-1,0x1002487FD20E0015,1799,1416,1536,1500,2012,2009,1392,1416,1500,2009,988,1500,1500,2007,1500,1500,1500,1416,1053,2003,1500,1539,1500,988,1500,1500,1500,1500,1500,1500,1500,2012,8.3
2025-03-03,11:49:39.490,-63,-64,10,3811,375,39,541,2776,1024,226,182,710,0,0,0,-1,-1,-1,0x1002487FD0060015,1802,1594,1536,1500,2012,2012,1613,1500,1500,2012,988,1500,1500,2012,1500,1500,1500,1500,1372,1628,1500,1539,1500,2012,1500,1500,1500,1500,1500,1500,1500,2012,8.3
2025-03-03,11:49:39.990,-62,-64,10,3824,10027,39,541,2777,716,445,182,710,0,0,0,-1,-1,-1,0x1002487FD0060015,1698,1664,1536,1500,2012,1858,1722,1500,1500,1877,988,1500,1500,1801,1500,1500,1500,1500,1372,1628,1500,1539,1500,2012,1500,1500,1500,1500,1500,1500,1500,2012,8.3
2025-03-03,11:49:40.490,-67,-59,10,3799,11652,39,541,2779,100,18,182,709,0,0,0,-1,-1,-1,0x1002487FD0060015,1538,1511,1536,1500,2012,1550,1509,1500,1500,1550,988,1500,1500,1534,1500,1500,1500,1500,1308,1696,1500,1539,1500,2012,1500,1500,1500,1500,1500,1500,1500,2012,8.3
2025-03-03,11:49:40.990,-62,-58,10,3804,500,39,541,2779,-304,17,182,710,0,0,0,-1,-1,-1,0x1002487FD0060015,1459,1510,1536,1500,2012,1348,1508,1500,1500,1355,988,1500,1500,1401,1500,1500,1500,1500,1372,2012,1500,1539,1500,2012,1500,1500,1500,1500,1500,1500,1500,2012,8.3
2025-03-03,11:49:41.490,-62,-57,10,3826,4280,39,541,2779,-2,234,181,709,0,0,0,-1,-1,-1,0x1002487FD0060015,1514,1596,1536,1500,2012,1499,1617,1500,1500,1499,988,1500,1500,1499,1500,1500,1500,1500,1372,1628,1500,1539,1500,2012,1500,1500,1500,1500,1500,1500,1500,2012,8.3
2025-03-03,11:49:41.990,-62,-49,10,3821,9745,39,541,2781,-359,311,182,710,0,0,0,-1,-1,-1,0x1002487FD0060815,1440,1621,1536,1500,2012,1321,1655,1500,1500,1315,988,1500,1500,1372,1500,1500,1500,1500,1372,1628,1500,1539,1500,2012,1500,1500,1500,1500,1500,1500,1500,2012,8.3
2025-03-03,11:49:42.490,-62,-47,10,3809,1945,39,541,2781,53,-15,182,709,0,0,0,-1,-1,-1,0x1002487FD0060015,1524,1494,1536,1500,2012,1526,1493,1495,1500,1521,988,1500,1500,1514,1500,1500,1500,1494,1372,2012,1500,1539,1500,2012,1500,1500,1500,1500,1500,1500,1500,2012,8.3
2025-03-03,11:49:42.990,-62,-50,10,3823,1047,39,541,2781,-3,-16,182,710,0,0,0,-1,-1,-1,0x1002487FD0060015,1514,1494,1536,1500,2012,1499,1492,1494,1500,1499,988,1500,1500,1499,1500,1500,1500,1494,1133,2012,1500,1539,1500,2012,1500,1500,1500,1500,1500,1500,1500,2012,8.3
2025-03-03,11:49:43.490,-62,-50,10,3829,365,39,541,2781,-7,-25,182,709,0,0,0,-1,-1,-1,0x1002487FD0060015,1513,1490,1536,1500,2012,1497,1488,1490,1500,1497,988,1500,1500,1498,1500,1500,1500,1490,1372,2012,1500,1539,1500,2012,1500,1500,1500,1500,1500,1500,1500,2012,8.3
2025-03-03,11:49:43.990,-62,-50,10,3830,367,39,541,2781,-22,-29,182,710,0,0,0,-1,-1,-1,0x1002487FD0020015,1510,1491,1536,1500,2012,1489,1486,1491,1500,1489,988,1500,1500,1493,1500,1500,1500,1491,1372,2012,1500,1539,1500,988,1500,1500,1500,1500,1500,1500,1500,2012,8.3
2025-03-03,11:49:44.490,-62,-49,10,3831,370,39,541,2781,-31,-20,182,710,0,0,0,-1,1,-1,0x1002487FD0060015,1508,1492,1536,1500,2012,1485,1490,1492,1500,1485,988,1500,1500,1490,1500,1500,1500,1492,1500,2012,1500,1539,1500,2012,1500,1500,1500,1500,1500,1500,1500,2012,8.3
2025-03-03,11:49:44.990,-51,-49,10,3832,382,39,541,2781,-79,-19,182,710,0,0,0,-1,1,-1,0x1002487FD0060015,1500,1492,1536,1500,2012,1461,1491,1493,1500,1461,988,1500,1500,1474,1500,1500,1500,1492,1500,2012,1500,1539,1500,2012,1500,1500,1500,1500,1500,1500,1500,2012,8.3
2025-03-03,11:49:45.490,-55,-49,10,3832,350,38,541,2781,-71,-19,182,709,0,0,0,-1,1,-1,0x10024B7FD0060015,1501,1492,1536,1500,2012,1465,1491,1493,1500,1465,988,1500,1500,1476,1500,1500,1500,1492,1500,2012,1500,1539,1500,2012,1500,1500,1500,1500,1500,1500,1500,2012,8.3
2025-03-03,11:49:45.990,-55,-50,10,3833,342,38,541,2781,-59,-17,182,710,0,0,0,-1,-1,-1,0x10024A7FD0060015,1503,1493,1521,1500,2012,1471,1492,1493,1500,1471,988,1500,1500,1481,1500,1500,1500,1493,1500,2012,1500,1539,1500,2012,1500,1500,1500,1500,1500,1500,1500,2012,8.3
2025-03-03,11:49:46.490,-52,-51,10,3833,582,38,541,2781,-935,104,182,710,0,0,0,-1,-1,-1,0x1002687FD0060814,1215,1557,1504,1500,2012,1033,1552,1500,1500,1033,988,1500,1500,1071,1500,1500,1500,1500,1372,1628,1500,1539,1500,2012,1500,1500,1500,1500,1500,1500,1500,2012,8.3
2025-03-03,11:49:46.990,-52,-53,10,3833,6790,38,541,2782,-1023,-14,182,709,0,0,0,-1,-1,-1,0x1002087FD0060815,1158,1494,1536,1500,2012,989,1493,1495,1500,989,988,1500,1500,989,1500,1500,1500,1494,1060,2012,1500,1539,1500,2012,1500,1500,1500,1500,1500,1500,1500,2012,8.3
2025-03-03,11:49:47.490,-66,-63,10,3831,542,38,541,2782,-1024,229,182,710,0,0,0,-1,-1,-1,0x1002087FD0060815,1157,1595,1536,1500,2012,988,1614,1500,1500,988,988,1500,1500,988,1500,1500,1500,1500,1372,1628,1500,1539,1500,2012,1500,1500,1500,1500,1500,1500,1500,2012,8.3
2025-03-03,11:49:47.990,-69,-56,10,3828,6902,38,541,2783,-821,240,182,710,0,0,0,-1,-1,-1,0x1002087FD0060815,1277,1599,1536,1500,2012,1123,1621,1500,1500,1085,988,1500,1500,1152,1500,1500,1500,1500,1372,1628,1500,1539,1500,2012,1500,1500,1500,1500,1500,1500,1500,2012,8.3
2025-03-03,11:49:48.490,-69,-59,10,3810,9015,38,541,2784,23,313,182,710,0,0,0,-1,-1,-1,0x1002087FD0060015,1519,1621,1536,1500,2012,1511,1656,1500,1500,1511,988,1500,1500,1507,1500,1500,1500,1500,1372,1628,1500,1539,1500,2012,1500,1500,1500,1500,1500,1500,1500,2012,8.3
2025-03-03,11:49:48.990,-69,-56,10,3809,2950,39,541,2784,400,-746,182,710,0,0,0,-1,-1,-1,0x1002087FD2060015,1608,1254,1536,1500,2012,1700,1127,1255,1500,1700,988,1500,1500,1640,1500,1500,1500,1254,1337,2012,1500,1539,1500,2012,1500,1500,1500,1500,1500,1500,1500,2012,8.3
2025-03-03,11:49:49.490,-69,-55,10,3828,350,39,541,2784,-1,-15,182,710,0,0,0,-1,-1,-1,0x1002087FD0060015,1514,1494,1536,1500,2012,1500,1493,1495,1500,1500,988,1500,1500,1500,1500,1500,1500,1494,1372,2012,1500,1539,1500,2012,1500,1500,1500,1500,1500,1500,1500,2012,8.3
