Date,Time,1RSS(dB),2RSS(dB),TPWR(mW),Lipo,Curr(mA),Temp(°C),Bat,dent,Rpm(kmh),Tmp2(°C),dist,Capa,ST,TH,P1,P2,P3,P4,SA,SB,SC,SD,LSW,CH1(us),CH2(us),CH3(us),CH4(us),CH5(us),CH6(us),CH7(us),CH8(us),CH9(us),CH10(us),CH11(us),CH12(us),CH13(us),CH14(us),CH15(us),CH16(us),CH17(us),CH18(us),CH19(us),CH20(us),CH21(us),CH22(us),CH23(us),CH24(us),CH25(us),CH26(us),CH27(us),CH28(us),CH29(us),CH30(us),CH31(us),CH32(us),TxBat(V)
2026-04-17,20:30:56.580,-66,-61,10,4009,8720,23,44,16,5810,25,4,123,-666,153,673,1024,202,0,0,-1,-1,-1,0x1002480594140405,1379,1693,1730,988,2012,1167,1570,1500,1500,1183,1193,1449,1500,1500,1500,1500,1500,1500,1372,1628,1500,1585,1500,2012,1500,1839,1693,1500,1520,1653,1500,2012,8.4
2026-04-17,20:30:57.080,-70,-64,10,4001,12890,23,44,16,9578,25,4,125,-722,351,673,1024,203,0,0,-1,-1,-1,0x1002480594140045,1355,1628,1730,988,2012,1139,1670,1500,1500,1140,1193,1449,1500,1500,1500,1500,1500,1500,1372,1628,1500,1585,1500,2012,1500,1756,1628,1500,1520,1653,1500,2012,8.4
2026-04-17,20:30:57.580,-74,-70,10,3992,15300,23,44,16,13288,25,4,126,-178,685,673,1024,203,0,0,-1,-1,-1,0x1002480594140405,1474,1753,1730,988,2012,1411,1842,1500,1500,1412,1193,1449,1500,1500,1500,1500,1500,1500,1372,1628,1500,1585,1500,2012,1500,1888,1753,1500,1520,1653,1500,2012,8.4
2026-04-17,20:30:58.080,-80,-70,10,3987,11590,23,44,16,11744,25,4,128,15,2,673,1024,203,0,0,-1,-1,-1,0x1002480490140045,1502,1500,1730,988,2012,1507,1501,1500,1500,1496,1193,1449,1500,1500,1500,1500,1500,1500,1117,1883,1500,1585,1500,2012,1500,1501,1500,1500,1520,1653,1500,2012,8.4
2026-04-17,20:30:58.580,-80,-72,10,3999,1080,23,44,16,3830,26,4,129,11,258,673,1024,203,0,0,-1,-1,-1,0x1002480590140405,1505,1574,1730,988,2012,1505,1629,1500,1500,1505,1193,1449,1500,1500,1500,1500,1500,1500,1372,1628,1500,1585,1500,2012,1500,1679,1574,1500,1520,1653,1500,2012,8.4
2026-04-17,20:30:59.080,-72,-73,10,3997,4440,23,44,16,6840,26,4,130,12,140,673,1024,204,0,0,-1,-1,-1,0x1002480590140445,1505,1541,1730,988,2012,1506,1570,1500,1500,1506,1193,1449,1500,1500,1500,1500,1500,1500,1372,1628,1500,1585,1500,2012,1500,1595,1541,1500,1520,1653,1500,2012,8.4
2026-04-17,20:30:59.580,-73,-70,10,4000,4550,23,44,16,3986,26,4,130,12,317,673,1024,203,0,0,-1,-1,-1,0x1002480590140005,1505,1596,1730,988,2012,1506,1658,1500,1500,1506,1193,1449,1500,1500,1500,1500,1500,1500,1372,1628,1500,1585,1500,2012,1500,1714,1596,1500,1520,1653,1500,2012,8.4
2026-04-17,20:31:00.080,-73,-70,10,4007,5110,23,44,16,4232,26,4,131,-751,384,673,1024,204,0,0,-1,-1,-1,0x1002480594140445,1344,1620,1730,988,2012,1125,1692,1500,1500,1124,1193,1449,1500,1500,1500,1500,1500,1500,1372,1628,1500,1585,1500,2012,1500,1750,1620,1500,1520,1653,1500,2012,8.4
2026-04-17,20:31:00.580,-72,-69,10,4011,7350,23,44,16,7490,26,4,132,-638,465,673,1024,204,0,0,-1,-1,-1,0x1002480594141885,1378,1652,1730,988,2012,1181,1732,1500,1500,1181,1193,1449,1500,1500,1500,1500,1500,1500,1372,1628,1500,1585,1500,2012,1500,1792,1652,1500,1520,1653,1500,2012,8.4
2026-04-17,20:31:01.080,-72,-73,10,4009,6370,23,44,16,5720,27,4,133,-880,299,673,1024,203,0,0,-1,-1,-1,0x1002480594140CC5,1297,1589,1730,988,2012,1060,1649,1500,1500,1061,1193,1449,1500,1500,1500,1500,1500,1500,1372,1628,1500,1585,1500,2012,1500,1704,1589,1500,1520,1653,1500,2012,8.4
2026-04-17,20:31:01.580,-75,-72,10,4009,5670,23,44,16,5506,27,4,134,-761,453,673,1024,203,0,0,-1,-1,-1,0x1002480594140885,1338,1647,1730,988,2012,1120,1726,1500,1500,1113,1193,1449,1500,1500,1500,1500,1500,1500,1372,1628,1500,1585,1500,2012,1500,1785,1647,1500,1520,1653,1500,2012,8.4
2026-04-17,20:31:02.080,-75,-67,10,4008,11310,23,44,16,8092,27,4,135,-191,520,673,1024,203,0,0,-1,-1,-1,0x1002480594140CC5,1469,1673,1730,988,2012,1405,1760,1500,1500,1398,1193,1449,1500,1500,1500,1500,1500,1500,1372,1628,1500,1585,1500,2012,1500,1816,1673,1500,1520,1653,1500,2012,8.4
2026-04-17,20:31:02.580,-75,-66,10,3996,11490,23,44,16,9976,27,4,137,10,438,673,1024,203,0,0,-1,-1,-1,0x1002480590140885,1505,1647,1730,988,2012,1505,1719,1500,1500,1505,1193,1449,1500,1500,1500,1500,1500,1500,1372,1628,1500,1585,1500,2012,1500,1784,1647,1500,1520,1653,1500,2012,8.4
2026-04-17,20:31:03.080,-75,-67,10,3997,3460,23,44,16,6626,27,4,137,11,40,673,1024,203,0,0,-1,-1,-1,0x1002480490140045,1505,1510,1730,988,2012,1505,1520,1500,1500,1505,1193,1449,1500,1500,1500,1500,1500,1500,1060,2012,1500,1585,1500,2012,1500,1522,1510,1500,1520,1653,1500,2012,8.4
2026-04-17,20:31:03.580,-75,-66,10,3994,8960,23,44,16,8656,27,4,138,11,568,672,1024,203,0,0,-1,-1,-1,0x1002480590140005,1505,1693,1730,988,2012,1505,1784,1500,1500,1505,1193,1449,1500,1500,1500,1500,1500,1500,1372,1628,1500,1585,1500,2012,1500,1839,1693,1500,1520,1653,1500,2012,8.4
2026-04-17,20:31:04.080,-75,-63,10,3991,9380,23,44,16,9004,27,4,140,-978,3,673,1024,203,0,0,-1,-1,-1,0x1002480494140045,1255,1500,1730,988,2012,1011,1501,1500,1500,1017,1193,1449,1500,1500,1500,1500,1500,1500,988,2012,1500,1585,1500,2012,1500,1501,1500,1500,1520,1653,1500,2012,8.4
2026-04-17,20:31:04.580,-75,-61,10,3997,5500,23,44,16,5786,27,4,140,-577,229,673,1024,203,0,0,-1,-1,-1,0x1002480594140405,1381,1555,1730,988,2012,1212,1622,1500,1500,1188,1193,1449,1500,1500,1500,1500,1500,1500,1372,1628,1500,1585,1500,2012,1500,1648,1555,1500,1520,1653,1500,2012,8.4
2026-04-17,20:31:05.080,-59,-45,10,4002,5290,23,44,16,5150,28,4,141,757,42,673,1024,203,0,0,-1,-1,-1,0x1002480594140045,1653,1525,1730,988,2012,1878,1521,1500,1500,1878,1193,1449,1500,1500,1500,1500,1500,1500,1372,1628,1500,1585,1500,2012,1500,1544,1525,1500,1520,1653,1500,2012,8.4
2026-04-17,20:31:05.580,-59,-43,10,4001,0,23,44,16,3486,28,5,142,810,48,673,1024,203,0,0,-1,-1,-1,0x1002480494140005,1667,1517,1730,988,2012,1905,1524,1500,1500,1904,1193,1449,1500,1500,1500,1500,1500,1500,1347,2012,1500,1585,1500,2012,1500,1536,1517,1500,1520,1653,1500,2012,8.4
2026-04-17,20:31:06.080,-39,-46,10,4009,0,23,44,16,918,28,5,142,8,39,673,1024,203,0,0,-1,-1,-1,0x1002480590140045,1505,1514,1667,988,2012,1504,1519,1500,1500,1504,1193,1449,1500,1500,1500,1500,1500,1500,1014,1986,1500,1585,1500,2012,1500,1531,1514,1500,1520,1653,1500,2012,8.4
2026-04-17,20:31:06.580,-38,-46,10,4013,5880,23,44,16,0,28,5,142,7,88,673,1024,203,0,0,-1,-1,-1,0x1002480190140405,1505,1532,1727,988,2012,1503,1544,1500,1500,1504,1193,1449,1500,1500,1500,1500,1500,1500,1372,1628,1500,1585,1500,2012,1500,1567,1532,1500,1520,1653,1500,2012,8.4
2026-04-17,20:31:07.080,-41,-46,10,4017,0,23,44,16,0,28,5,142,10,2,673,1024,203,0,0,-1,-1,-1,0x1002480090140005,1505,1500,1730,988,2012,1505,1501,1500,1500,1504,1193,1449,1500,1500,1500,1500,1500,1500,1305,2012,1500,1585,1500,2012,1500,1501,1500,1500,1520,1653,1500,2012,8.4
2026-04-17,20:31:07.580,-40,-46,10,4018,0,23,44,16,0,28,5,142,3,57,673,1024,203,0,0,-1,-1,-1,0x1002480090140005,1504,1521,1730,988,2012,1501,1528,1500,1500,1501,1193,1449,1500,1500,1500,1500,1500,1500,1372,2012,1500,1585,1500,2012,1500,1544,1521,1500,1520,1653,1500,2012,8.4
2026-04-17,20:31:08.080,-42,-46,10,4018,0,23,44,16,0,28,5,142,3,3,673,1024,203,0,0,-1,-1,-1,0x1002480890140005,1504,1501,1730,988,2012,1501,1501,1500,1500,1501,1193,1449,1500,1500,1500,1500,1500,1500,1442,2012,1500,1585,1500,2012,1500,1502,1501,1500,1520,1653,1500,2012,8.4
2026-04-17,20:31:08.580,-44,-46,10,4018,0,23,44,16,0,28,5,142,3,9,673,1024,203,0,0,-1,-1,-1,0x1002480890140005,1504,1502,1730,988,2012,1501,1504,1500,1500,1501,1193,1449,1500,1500,1500,1500,1500,1500,1500,2012,1500,1585,1500,2012,1500,1507,1502,1500,1520,1653,1500,2012,8.4
2026-04-17,20:31:09.080,-41,-46,10,4017,0,23,44,16,0,28,5,142,3,3,673,1024,203,0,0,-1,-1,-1,0x1002480890140005,1504,1501,1730,988,2012,1501,1501,1500,1500,1501,1193,1449,1500,1500,1500,1500,1500,1500,1500,2012,1500,1585,1500,2012,1500,1502,1501,1500,1520,1653,1500,2012,8.4
2026-04-17,20:31:09.580,-37,-46,10,4016,0,23,44,16,0,28,5,142,2,3,673,1024,203,0,0,-1,-1,-1,0x1002480890140005,1503,1501,1730,988,2012,1501,1501,1500,1500,1501,1193,1449,1500,1500,1500,1500,1500,1500,1500,2012,1500,1585,1500,2012,1500,1502,1501,1500,1520,1653,1500,2012,8.4
2026-04-17,20:31:10.080,-36,-46,10,4016,0,23,44,16,0,28,5,142,2,1,673,1024,203,0,0,-1,-1,-1,0x1002480890140004,1503,1500,1518,988,2012,1501,1500,1500,1500,1501,1193,1449,1500,1500,1500,1500,1500,1500,1500,2012,1500,1585,1500,2012,1500,1501,1500,1500,1520,1653,1500,2012,8.4
2026-04-17,20:31:10.580,-41,-29,10,4016,0,23,44,16,0,28,5,142,3,3,673,1024,204,0,0,-1,-1,-1,0x1002480890140004,1504,1500,1500,988,2012,1501,1501,1500,1500,1501,1193,1449,1500,1500,1500,1500,1500,1500,1500,2012,1500,1585,1500,2012,1500,1501,1500,1500,1520,1653,1500,2012,8.4
2026-04-17,20:31:11.080,-41,-31,10,4016,0,23,44,16,0,28,5,142,2,1,673,1024,203,0,0,-1,-1,-1,0x1002480890140004,1503,1500,1500,988,2012,1501,1500,1500,1500,1501,1193,1449,1500,1500,1500,1500,1500,1500,1500,2012,1500,1585,1500,2012,1500,1501,1500,1500,1520,1653,1500,2012,8.4
2026-04-17,20:31:11.580,-41,-32,10,4016,0,23,44,16,0,28,5,142,2,3,673,1024,203,0,0,-1,-1,-1,0x1002480A90140004,1503,1501,1500,988,2012,1501,1501,1500,1500,1501,1193,1449,1500,1500,1500,1500,1500,1500,1500,2012,1500,1585,1500,2012,1500,1502,1501,1500,1520,1653,1500,2012,8.4
2026-04-17,20:31:12.080,-41,-30,10,4016,0,23,44,16,0,28,5,142,2,11,673,1024,204,0,0,-1,-1,-1,0x1002480A90140004,1503,1504,1500,988,2012,1501,1505,1500,1500,1501,1193,1449,1500,1500,1500,1500,1500,1500,1500,2012,1500,1585,1500,2012,1500,1509,1504,1500,1520,1653,1500,2012,8.4
2026-04-17,20:31:12.580,-41,-27,10,4016,0,23,44,16,0,28,5,142,3,115,673,1024,203,0,0,-1,-1,-1,0x1002480990140405,1503,1535,1541,988,2012,1501,1557,1500,1500,1501,1193,1449,1500,1500,1500,1500,1500,1500,1372,1628,1500,1585,1500,2012,1500,1577,1535,1500,1520,1653,1500,2012,8.4
2026-04-17,20:31:13.080,-41,-32,10,4019,520,23,44,16,1596,28,5,142,-680,215,673,1024,203,0,0,-1,-1,-1,0x1002480594140005,1374,1561,1730,988,2012,1160,1607,1500,1500,1173,1193,1449,1500,1500,1500,1500,1500,1500,1372,1628,1500,1585,1500,2012,1500,1653,1561,1500,1520,1653,1500,2012,8.4
2026-04-17,20:31:13.580,-50,-45,10,4023,1400,23,44,16,2082,28,5,143,-21,3,673,1024,203,0,0,-1,-1,-1,0x1002480490140045,1502,1501,1730,988,2012,1490,1501,1500,1500,1495,1193,1449,1500,1500,1500,1500,1500,1500,1152,2012,1500,1585,1500,2012,1500,1502,1501,1500,1520,1653,1500,2012,8.4
2026-04-17,20:31:14.080,-48,-47,10,4023,7070,23,44,16,4478,27,5,143,-384,1,673,1024,203,0,0,-1,-1,-1,0x1002480494140005,1439,1500,1730,988,2012,1308,1500,1500,1500,1314,1193,1449,1500,1500,1500,1500,1500,1500,1117,1883,1500,1585,1500,2012,1500,1501,1500,1500,1520,1653,1500,2012,8.4
2026-04-17,20:31:14.580,-53,-46,10,4025,3320,23,44,16,3440,27,5,144,-613,58,673,1024,203,0,0,-1,-1,-1,0x1002480594140445,1388,1517,1730,988,2012,1194,1529,1500,1500,1201,1193,1449,1500,1500,1500,1500,1500,1500,1117,1883,1500,1585,1500,2012,1500,1536,1517,1500,1520,1653,1500,2012,8.4
2026-04-17,20:31:15.080,-53,-46,10,4026,1710,23,44,16,3524,27,5,144,13,401,673,1024,203,0,0,-1,-1,-1,0x1002480590140005,1505,1632,1730,988,2012,1506,1700,1500,1500,1506,1193,1449,1500,1500,1500,1500,1500,1500,1372,1628,1500,1585,1500,2012,1500,1765,1632,1500,1520,1653,1500,2012,8.4
2026-04-17,20:31:15.580,-53,-42,10,4022,13130,23,44,16,7794,27,5,145,7,317,672,1024,203,0,0,-1,-1,-1,0x1002480590140045,1504,1617,1730,988,2012,1503,1658,1500,1500,1503,1193,1449,1500,1500,1500,1500,1500,1500,1372,1628,1500,1585,1500,2012,1500,1758,1617,1500,1520,1653,1500,2012,8.4
2026-04-17,20:31:16.080,-49,-47,10,4018,0,23,44,16,5434,27,5,146,1024,2,673,1024,203,0,0,-1,-1,-1,0x1002480494140005,1749,1500,1730,988,2012,2012,1501,1500,1500,2012,1193,1449,1500,1500,1500,1500,1500,1500,1305,2012,1500,1585,1500,2012,1500,1501,1500,1500,1520,1653,1500,2012,8.4
2026-04-17,20:31:16.580,-43,-47,10,4018,5210,23,44,16,3378,27,5,146,1024,2,673,1024,203,0,0,-1,-1,-1,0x1002480494140045,1749,1500,1730,988,2012,2012,1501,1500,1500,2012,1193,1449,1500,1500,1500,1500,1500,1500,988,2012,1500,1585,1500,2012,1500,1501,1500,1500,1520,1653,1500,2012,8.4
2026-04-17,20:31:17.080,-44,-47,10,4017,4270,23,44,16,3022,27,5,147,1024,154,672,1024,203,0,0,-1,-1,-1,0x1002480594140005,1749,1547,1730,988,2012,2012,1577,1500,1500,2012,1193,1449,1500,1500,1500,1500,1500,1500,1372,1628,1500,1585,1500,2012,1500,1612,1547,1500,1520,1653,1500,2012,8.4
2026-04-17,20:31:17.580,-43,-47,10,4016,8930,23,44,16,7346,27,5,147,601,318,673,1024,204,0,0,-1,-1,-1,0x1002480594140445,1613,1587,1730,988,2012,1800,1659,1500,1500,1800,1193,1449,1500,1500,1500,1500,1500,1500,1372,1628,1500,1585,1500,2012,1500,1700,1587,1500,1520,1653,1500,2012,8.4
2026-04-17,20:31:18.080,-50,-54,10,4019,4760,23,44,16,4946,27,5,148,-429,1,673,1024,203,0,0,-1,-1,-1,0x1002480494100005,1432,1500,1730,988,2012,1286,1500,1500,1500,1299,1193,1449,1500,1500,1500,1500,1500,1500,1183,2012,1500,1585,1500,2012,1500,1501,1500,1500,1520,1653,1500,2012,8.4
2026-04-17,20:31:18.580,-43,-55,10,4016,8160,23,44,16,4972,27,5,149,-1024,1,673,1024,203,0,0,-1,-1,-1,0x1002480494140045,1222,1500,1730,988,2012,988,1500,1500,1500,988,1193,1449,1500,1500,1500,1500,1500,1500,1065,1935,1500,1585,1500,2012,1500,1501,1500,1500,1520,1653,1500,2012,8.4
2026-04-17,20:31:19.080,-33,-55,10,4016,6090,23,44,16,4548,27,5,150,-1024,0,673,1024,203,0,0,-1,-1,-1,0x1002480494140005,1222,1500,1730,988,2012,988,1500,1500,1500,988,1193,1449,1500,1500,1500,1500,1500,1500,1014,1986,1500,1585,1500,2012,1500,1500,1500,1500,1520,1653,1500,2012,8.4
2026-04-17,20:31:19.580,-38,-39,10,4016,2030,23,44,16,1456,27,5,150,-1024,238,673,1024,203,0,0,-1,-1,-1,0x1002480594140445,1222,1572,1730,988,2012,988,1619,1500,1500,988,1193,1449,1500,1500,1500,1500,1500,1500,1372,1628,1500,1585,1500,2012,1500,1676,1572,1500,1520,1653,1500,2012,8.4
2026-04-17,20:31:20.080,-44,-41,10,4020,940,23,44,16,1886,27,5,151,-1024,27,673,1024,203,0,0,-1,-1,-1,0x1002480594140005,1222,1504,1730,988,2012,988,1513,1500,1500,988,1193,1449,1500,1500,1500,1500,1500,1500,1065,1935,1500,1585,1500,2012,1500,1511,1504,1500,1520,1653,1500,2012,8.4
2026-04-17,20:31:20.580,-46,-47,10,4023,840,23,44,16,1588,27,5,151,-1024,258,673,1024,203,0,0,-1,-1,-1,0x1002480594140445,1222,1574,1730,988,2012,988,1629,1500,1500,988,1193,1449,1500,1500,1500,1500,1500,1500,1372,1628,1500,1585,1500,2012,1500,1679,1574,1500,1520,1653,1500,2012,8.4
2026-04-17,20:31:21.080,-49,-48,10,4025,9140,23,44,16,5438,27,5,151,1023,85,673,1024,203,0,0,-1,-1,-1,0x1002480594140005,1748,1522,1730,988,2012,2011,1542,1500,1500,2011,1193,1449,1500,1500,1500,1500,1500,1500,1065,1935,1500,1585,1500,2012,1500,1556,1522,1500,1520,1653,1500,2012,8.4
2026-04-17,20:31:21.580,-60,-53,10,4013,38320,23,44,16,16778,27,5,153,1024,351,673,1024,203,0,0,-1,-1,-1,0x1002480594140445,1749,1645,1730,988,2012,2012,1675,1500,1500,2012,1193,1449,1500,1500,1500,1500,1500,1500,1372,1628,1500,1585,1500,2012,1500,1869,1645,1500,1520,1653,1500,2012,8.4
2026-04-17,20:31:22.080,-51,-56,10,4002,0,23,44,16,11454,27,5,156,797,103,673,1024,203,0,0,-1,-1,-1,0x1002480494140005,1664,1528,1730,988,2012,1898,1551,1500,1500,1899,1193,1449,1500,1500,1500,1500,1500,1500,1372,1628,1500,1585,1500,2012,1500,1568,1528,1500,1520,1653,1500,2012,8.4
2026-04-17,20:31:22.580,-56,-57,10,3991,29280,23,44,16,13266,27,5,158,278,831,673,1024,203,0,0,-1,-1,-1,0x1002480594140045,1557,1839,1730,988,2012,1639,1915,1500,1500,1663,1193,1449,1500,1500,1500,1500,1500,1500,1372,1628,1500,1585,1500,2012,1500,1943,1839,1500,1520,1653,1500,2012,8.4
2026-04-17,20:31:23.080,-71,-55,10,3974,7700,23,44,16,8966,27,5,160,3,711,672,1024,203,0,0,-1,-1,-1,0x1002480590140405,1504,1789,1730,988,2012,1501,1855,1500,1500,1501,1193,1449,1500,1500,1500,1500,1500,1500,1372,1628,1500,1585,1500,2012,1500,1909,1789,1500,1520,1653,1500,2012,8.4
2026-04-17,20:31:23.580,-71,-47,10,3965,5460,23,44,16,9954,28,5,163,73,-588,673,1024,203,0,0,-1,-1,-1,0x1002480492100045,1511,1261,1730,1300,2012,1536,1206,1198,1500,1524,1193,1449,1500,1500,1500,1500,1500,1197,1275,2012,1500,1585,1500,2012,1500,1127,1500,1500,1520,1653,1144,2012,8.4
2026-04-17,20:31:24.080,-71,-31,10,3980,4720,23,44,16,1334,28,5,163,1024,186,673,1024,203,0,0,-1,-1,-1,0x1002480594140405,1749,1554,1730,988,2012,2012,1593,1500,1500,2012,1193,1449,1500,1500,1500,1500,1500,1500,1372,1628,1500,1585,1500,2012,1500,1634,1554,1500,1520,1653,1500,2012,8.4
2026-04-17,20:31:24.580,-71,-31,10,3980,6930,23,44,16,3036,28,5,163,65,73,673,1024,203,0,0,-1,-1,-1,0x1002480594140045,1519,1535,1730,988,2012,1532,1536,1500,1500,1547,1193,1449,1500,1500,1500,1500,1500,1500,1372,1628,1500,1585,1500,2012,1500,1573,1535,1500,1520,1653,1500,2012,8.4
2026-04-17,20:31:25.080,-71,-34,10,3999,6580,23,44,16,4972,28,5,164,-878,30,673,1024,203,0,0,-1,-1,-1,0x1002480594140405,1304,1520,1730,988,2012,1061,1515,1500,1500,1069,1193,1449,1500,1500,1500,1500,1500,1500,1321,1679,1500,1585,1500,2012,1500,1538,1520,1500,1520,1653,1500,2012,8.4
2026-04-17,20:31:25.580,-71,-34,10,4008,5360,23,44,16,1938,28,5,165,10,329,673,1024,203,0,0,-1,-1,-1,0x1002480590140445,1505,1604,1730,988,2012,1505,1664,1500,1500,1505,1193,1449,1500,1500,1500,1500,1500,1500,1372,1628,1500,1585,1500,2012,1500,1727,1604,1500,1520,1653,1500,2012,8.4
2026-04-17,20:31:26.080,-37,-39,10,4008,4790,23,44,16,5292,28,5,165,9,341,673,1024,204,0,0,-1,-1,-1,0x1002480590140005,1505,1606,1730,988,2012,1504,1670,1500,1500,1505,1193,1449,1500,1500,1500,1500,1500,1500,1372,1628,1500,1585,1500,2012,1500,1728,1606,1500,1520,1653,1500,2012,8.4
2026-04-17,20:31:26.580,-44,-40,10,4006,7140,25,44,16,5158,28,5,166,875,356,673,1024,203,0,0,-1,-1,-1,0x1002480594140445,1688,1611,1730,988,2012,1937,1678,1500,1500,1937,1193,1449,1500,1500,1500,1500,1500,1500,1372,1628,1500,1585,1500,2012,1500,1736,1611,1500,1520,1653,1500,2012,8.4
2026-04-17,20:31:27.080,-48,-51,10,4004,8440,25,44,16,6870,28,5,167,-367,404,673,1024,203,0,0,-1,-1,-1,0x1002480594140005,1440,1633,1730,988,2012,1317,1702,1500,1500,1317,1193,1449,1500,1500,1500,1500,1500,1500,1372,1628,1500,1585,1500,2012,1500,1767,1633,1500,1520,1653,1500,2012,8.4
2026-04-17,20:31:27.580,-52,-49,10,4002,5950,25,44,16,5180,28,5,168,120,412,672,1024,203,0,0,-1,-1,-1,0x1002480594140445,1520,1626,1730,988,2012,1560,1706,1500,1500,1552,1193,1449,1500,1500,1500,1500,1500,1500,1372,1628,1500,1585,1500,2012,1500,1758,1626,1500,1520,1653,1500,2012,8.4
2026-04-17,20:31:28.080,-57,-71,10,4001,6650,25,44,16,5068,28,5,169,720,334,673,1024,203,0,0,-1,-1,-1,0x1002480594140005,1646,1603,1730,988,2012,1860,1667,1500,1500,1865,1193,1449,1500,1500,1500,1500,1500,1500,1372,1628,1500,1585,1500,2012,1500,1725,1603,1500,1520,1653,1500,2012,8.4
2026-04-17,20:31:28.580,-61,-60,10,3998,12710,25,44,16,7566,28,5,170,-180,487,672,1024,203,0,0,-1,-1,-1,0x1002480594140445,1479,1661,1730,988,2012,1410,1743,1500,1500,1425,1193,1449,1500,1500,1500,1500,1500,1500,1372,1628,1500,1585,1500,2012,1500,1802,1661,1500,1520,1653,1500,2012,8.4
2026-04-17,20:31:29.080,-86,-65,10,3997,7420,25,44,16,6164,28,5,171,222,498,673,1024,203,0,0,-1,-1,-1,0x1002480594140405,1537,1659,1730,988,2012,1618,1749,1500,1500,1604,1193,1449,1500,1500,1500,1500,1500,1500,1372,1628,1500,1585,1500,2012,1500,1806,1659,1500,1520,1653,1500,2012,8.4
2026-04-17,20:31:29.580,-86,-69,10,3993,8580,25,44,16,10012,28,5,172,616,286,673,1024,203,0,0,-1,-1,-1,0x10024805941418C5,1617,1575,1730,988,2012,1808,1643,1500,1500,1808,1193,1449,1500,1500,1500,1500,1500,1500,1372,1628,1500,1585,1500,2012,1500,1690,1575,1500,1520,1653,1500,2012,8.4
2026-04-17,20:31:30.080,-79,-61,10,3993,3500,25,44,16,3278,28,5,173,1024,204,673,1024,203,0,0,-1,-1,-1,0x1002480594141C85,1749,1566,1730,988,2012,2012,1602,1500,1500,2012,1193,1449,1500,1500,1500,1500,1500,1500,1372,1628,1500,1585,1500,2012,1500,1671,1566,1500,1520,1653,1500,2012,8.4
2026-04-17,20:31:30.580,-79,-58,10,3991,2970,25,44,16,3596,29,5,174,1024,340,673,1024,203,0,0,-1,-1,-1,0x10024805941408C5,1749,1604,1730,988,2012,2012,1670,1500,1500,2012,1193,1449,1500,1500,1500,1500,1500,1500,1372,1628,1500,1585,1500,2012,1500,1726,1604,1500,1520,1653,1500,2012,8.4
2026-04-17,20:31:31.080,-79,-59,10,3995,5670,25,44,16,5532,29,5,175,1024,378,673,1024,203,0,0,-1,-1,-1,0x1002480594140C85,1749,1618,1730,988,2012,2012,1689,1500,1500,2012,1193,1449,1500,1500,1500,1500,1500,1500,1372,1628,1500,1585,1500,2012,1500,1747,1618,1500,1520,1653,1500,2012,8.4
2026-04-17,20:31:31.580,-67,-65,10,3994,9420,25,44,16,6930,29,5,176,15,459,672,1024,203,0,0,-1,-1,-1,0x1002480590140045,1510,1649,1730,988,2012,1507,1729,1500,1500,1523,1193,1449,1500,1500,1500,1500,1500,1500,1372,1628,1500,1585,1500,2012,1500,1788,1649,1500,1520,1653,1500,2012,8.4
2026-04-17,20:31:32.080,-67,-65,10,3995,4620,25,44,16,3638,29,5,177,-756,461,673,1024,203,0,0,-1,-1,-1,0x1002480594140405,1339,1650,1730,988,2012,1122,1730,1500,1500,1116,1193,1449,1500,1500,1500,1500,1500,1500,1372,1628,1500,1585,1500,2012,1500,1789,1650,1500,1520,1653,1500,2012,8.4
2026-04-17,20:31:32.580,-64,-67,10,3995,7980,25,44,16,6598,29,5,178,-648,370,673,1024,203,0,0,-1,-1,-1,0x1002480594140445,1376,1616,1730,988,2012,1176,1685,1500,1500,1177,1193,1449,1500,1500,1500,1500,1500,1500,1372,1628,1500,1585,1500,2012,1500,1743,1616,1500,1520,1653,1500,2012,8.4
2026-04-17,20:31:33.080,-60,-67,10,3992,9770,25,44,16,7542,29,5,179,-199,505,672,1024,203,0,0,-1,-1,-1,0x1002480594140005,1470,1667,1730,988,2012,1401,1752,1500,1500,1400,1193,1449,1500,1500,1500,1500,1500,1500,1372,1628,1500,1585,1500,2012,1500,1810,1667,1500,1520,1653,1500,2012,8.4
2026-04-17,20:31:33.580,-55,-67,10,3991,2410,25,44,16,5304,30,5,180,-218,461,672,1024,203,0,0,-1,-1,-1,0x1002480594140445,1462,1650,1730,988,2012,1391,1730,1500,1500,1378,1193,1449,1500,1500,1500,1500,1500,1500,1372,1628,1500,1585,1500,2012,1500,1789,1650,1500,1520,1653,1500,2012,8.4
2026-04-17,20:31:34.080,-52,-67,10,3993,2660,25,44,16,5820,30,5,181,32,3,673,1024,203,0,0,-1,-1,-1,0x1002480490140005,1506,1500,1730,988,2012,1516,1501,1500,1500,1509,1193,1449,1500,1500,1500,1500,1500,1500,1111,2012,1500,1585,1500,2012,1500,1501,1500,1500,1520,1653,1500,2012,8.4
2026-04-17,20:31:34.580,-46,-67,10,3995,0,25,44,16,3192,30,5,181,964,3,673,1024,203,0,0,-1,-1,-1,0x1002480494140045,1717,1501,1730,988,2012,1982,1501,1500,1500,1975,1193,1449,1500,1500,1500,1500,1500,1500,1372,2012,1500,1585,1500,2012,1500,1502,1501,1500,1520,1653,1500,2012,8.4
2026-04-17,20:31:35.080,-45,-67,10,3996,1570,25,44,16,2496,30,5,181,0,29,673,1024,203,0,0,-1,-1,-1,0x1002480590140005,1503,1510,1730,988,2012,1500,1514,1500,1500,1500,1193,1449,1500,1500,1500,1500,1500,1500,1117,1883,1500,1585,1500,2012,1500,1523,1510,1500,1520,1653,1500,2012,8.4
2026-04-17,20:31:35.580,-45,-51,10,4003,2970,25,44,16,3266,30,5,181,-1024,135,673,1024,203,0,0,-1,-1,-1,0x1002480594140445,1222,1540,1730,988,2012,988,1573,1500,1500,988,1193,1449,1500,1500,1500,1500,1500,1500,1372,1628,1500,1585,1500,2012,1500,1599,1540,1500,1520,1653,1500,2012,8.4
2026-04-17,20:31:36.080,-47,-57,10,4007,3810,25,44,16,3540,30,6,182,-445,320,673,1024,203,0,0,-1,-1,-1,0x1002480594140005,1424,1597,1730,988,2012,1278,1655,1500,1500,1278,1193,1449,1500,1500,1500,1500,1500,1500,1372,1628,1500,1585,1500,2012,1500,1716,1597,1500,1520,1653,1500,2012,8.4
2026-04-17,20:31:36.580,-53,-57,10,4007,6900,25,44,16,4870,30,6,182,-1024,1,673,1024,203,0,0,-1,-1,-1,0x1002480494140045,1222,1500,1730,988,2012,988,1500,1500,1500,988,1193,1449,1500,1500,1500,1500,1500,1500,988,2012,1500,1585,1500,2012,1500,1501,1500,1500,1520,1653,1500,2012,8.4
2026-04-17,20:31:37.080,-59,-50,10,4009,3080,25,44,16,2482,30,6,183,-860,214,673,1024,203,0,0,-1,-1,-1,0x1002480594140405,1306,1558,1730,988,2012,1070,1607,1500,1500,1070,1193,1449,1500,1500,1500,1500,1500,1500,1372,1628,1500,1585,1500,2012,1500,1645,1558,1500,1520,1653,1500,2012,8.4
2026-04-17,20:31:37.580,-59,-44,10,4010,1640,25,44,16,2988,30,6,183,-859,-469,673,1024,204,0,0,-1,-1,-1,0x10024804961C0045,1300,1255,1730,1305,2012,1071,1266,1189,1500,1064,1193,1449,1500,1500,1500,1500,1500,1189,1090,2012,1500,1585,1500,2012,1500,1207,1500,1500,1520,1653,1189,2012,8.4
2026-04-17,20:31:38.080,-59,-49,10,4008,0,25,44,16,1414,30,6,183,2,4,673,1024,204,0,0,-1,-1,-1,0x1002480490140005,1503,1501,1730,988,2012,1501,1502,1500,1500,1501,1193,1449,1500,1500,1500,1500,1500,1500,1372,2012,1500,1585,1500,2012,1500,1503,1501,1500,1520,1653,1500,2012,8.4
2026-04-17,20:31:38.580,-44,-49,10,4006,0,25,44,16,0,30,6,183,2,7,673,1024,204,0,0,-1,-1,-1,0x1002480090140005,1503,1502,1730,988,2012,1501,1503,1500,1500,1501,1193,1449,1500,1500,1500,1500,1500,1500,1372,2012,1500,1585,1500,2012,1500,1505,1502,1500,1520,1653,1500,2012,8.4
2026-04-17,20:31:39.080,-44,-49,10,4003,0,25,44,16,0,30,6,183,1,12,673,1024,204,0,0,-1,-1,-1,0x1002480190140405,1503,1504,1730,988,2012,1500,1506,1500,1500,1500,1193,1449,1500,1500,1500,1500,1500,1500,1500,2012,1500,1585,1500,2012,1500,1509,1504,1500,1520,1653,1500,2012,8.4
2026-04-17,20:31:39.580,-44,-49,10,4005,0,25,44,16,0,30,6,183,2,4,673,1024,204,0,0,-1,-1,-1,0x1002480090140005,1503,1501,1730,988,2012,1501,1502,1500,1500,1501,1193,1449,1500,1500,1500,1500,1500,1500,1500,2012,1500,1585,1500,2012,1500,1503,1501,1500,1520,1653,1500,2012,8.4
2026-04-17,20:31:40.080,-46,-49,10,4005,0,25,44,16,0,30,6,183,1,11,673,1024,203,0,0,-1,-1,-1,0x1002480890140005,1503,1503,1730,988,2012,1500,1505,1500,1500,1500,1193,1449,1500,1500,1500,1500,1500,1500,1500,2012,1500,1585,1500,2012,1500,1508,1503,1500,1520,1653,1500,2012,8.4
2026-04-17,20:31:40.580,-44,-49,10,4010,0,25,44,16,0,30,6,183,2,3,673,1024,203,0,0,-1,-1,-1,0x1002480890140005,1503,1501,1615,988,2012,1501,1501,1500,1500,1501,1193,1449,1500,1500,1500,1500,1500,1500,1500,2012,1500,1585,1500,2012,1500,1502,1501,1500,1520,1653,1500,2012,8.4
2026-04-17,20:31:41.080,-44,-49,10,4014,0,25,44,16,0,30,6,183,2,3,673,1024,204,0,0,-1,-1,-1,0x1002480890140004,1503,1501,1500,988,2012,1501,1501,1500,1500,1501,1193,1449,1500,1500,1500,1500,1500,1500,1500,2012,1500,1585,1500,2012,1500,1502,1501,1500,1520,1653,1500,2012,8.4
2026-04-17,20:31:41.580,-44,-49,10,4016,0,25,44,16,0,30,6,183,2,3,673,1024,204,0,0,-1,-1,-1,0x1002480890140004,1503,1501,1500,988,2012,1501,1501,1500,1500,1501,1193,1449,1500,1500,1500,1500,1500,1500,1500,2012,1500,1585,1500,2012,1500,1503,1501,1500,1520,1653,1500,2012,8.4
2026-04-17,20:31:42.080,-45,-49,10,4016,0,25,44,16,0,30,6,183,2,4,673,1024,203,0,0,-1,-1,-1,0x1002480A90140004,1503,1501,1500,988,2012,1501,1501,1500,1500,1501,1193,1449,1500,1500,1500,1500,1500,1500,1500,2012,1500,1585,1500,2012,1500,1502,1501,1500,1520,1653,1500,2012,8.4
2026-04-17,20:31:42.580,-45,-49,10,4016,0,25,44,16,0,29,6,183,2,4,673,1024,204,0,0,-1,-1,-1,0x1002480A90140004,1503,1501,1500,988,2012,1501,1502,1500,1500,1501,1193,1449,1500,1500,1500,1500,1500,1500,1500,2012,1500,1585,1500,2012,1500,1503,1501,1500,1520,1653,1500,2012,8.4
2026-04-17,20:31:43.080,-45,-49,10,4016,0,25,44,16,0,29,6,183,2,4,673,1024,204,0,0,-1,-1,-1,0x1002480A90140004,1503,1501,1500,988,2012,1501,1502,1500,1500,1500,1193,1449,1500,1500,1500,1500,1500,1500,1500,2012,1500,1585,1500,2012,1500,1503,1501,1500,1520,1653,1500,2012,8.4
2026-04-17,20:31:43.580,-44,-49,10,4016,0,25,44,16,0,29,6,183,1,4,673,1024,203,0,0,-1,-1,-1,0x1002480A90140004,1503,1501,1500,988,2012,1500,1502,1500,1500,1500,1193,1449,1500,1500,1500,1500,1500,1500,1500,2012,1500,1585,1500,2012,1500,1503,1501,1500,1520,1653,1500,2012,8.4
2026-04-17,20:31:44.080,-44,-49,10,4016,0,25,44,16,0,29,6,183,2,4,673,1024,203,0,0,-1,-1,-1,0x1002480A90140004,1503,1501,1500,988,2012,1501,1502,1500,1500,1501,1193,1449,1500,1500,1500,1500,1500,1500,1500,2012,1500,1585,1500,2012,1500,1503,1501,1500,1520,1653,1500,2012,8.4
2026-04-17,20:31:44.580,-45,-49,10,4016,0,25,44,16,0,29,6,183,2,5,673,1024,204,0,0,-1,-1,-1,0x1002480A90140004,1503,1501,1500,988,2012,1500,1502,1500,1500,1501,1193,1449,1500,1500,1500,1500,1500,1500,1500,2012,1500,1585,1500,2012,1500,1504,1501,1500,1520,1653,1500,2012,8.4
2026-04-17,20:31:45.080,-44,-49,10,4016,0,25,44,16,0,29,6,183,2,4,673,1024,203,0,0,-1,-1,-1,0x1002480A90140004,1503,1501,1500,988,2012,1501,1502,1500,1500,1501,1193,1449,1500,1500,1500,1500,1500,1500,1500,2012,1500,1585,1500,2012,1500,1503,1501,1500,1520,1653,1500,2012,8.4
2026-04-17,20:31:45.580,-44,-49,10,4016,0,25,44,16,0,28,6,183,2,3,672,1024,203,0,0,-1,-1,-1,0x1002480A90140004,1503,1501,1500,988,2012,1501,1501,1500,1500,1501,1193,1449,1500,1500,1500,1500,1500,1500,1500,2012,1500,1585,1500,2012,1500,1502,1501,1500,1520,1653,1500,2012,8.4
2026-04-17,20:31:46.080,-44,-49,10,4016,0,25,44,16,0,28,6,183,2,3,673,1024,203,0,0,-1,-1,-1,0x1002480A90140004,1503,1501,1500,988,2012,1501,1501,1500,1500,1501,1193,1449,1500,1500,1500,1500,1500,1500,1500,2012,1500,1585,1500,2012,1500,1502,1501,1500,1520,1653,1500,2012,8.4
2026-04-17,20:31:46.580,-45,-49,10,4016,0,25,44,16,0,28,6,183,2,3,673,1024,204,0,0,-1,-1,-1,0x1002480A90140004,1503,1501,1500,988,2012,1501,1501,1500,1500,1501,1193,1449,1500,1500,1500,1500,1500,1500,1500,2012,1500,1585,1500,2012,1500,1502,1501,1500,1520,1653,1500,2012,8.4
2026-04-17,20:31:47.080,-45,-49,10,4016,0,25,44,16,0,28,6,183,2,3,673,1024,203,0,0,-1,-1,-1,0x1002480A90140004,1503,1501,1500,988,2012,1501,1501,1500,1500,1501,1193,1449,1500,1500,1500,1500,1500,1500,1500,2012,1500,1585,1500,2012,1500,1502,1501,1500,1520,1653,1500,2012,8.4
2026-04-17,20:31:47.580,-44,-49,10,4016,0,25,44,16,0,28,6,183,2,5,673,1024,204,0,0,-1,-1,-1,0x1002480A90140004,1503,1501,1500,988,2012,1501,1502,1500,1500,1501,1193,1449,1500,1500,1500,1500,1500,1500,1500,2012,1500,1585,1500,2012,1500,1504,1501,1500,1520,1653,1500,2012,8.4
2026-04-17,20:31:48.080,-45,-49,10,4016,0,25,44,16,0,28,6,183,1,11,673,1024,203,0,0,-1,-1,-1,0x1002480A90140004,1503,1504,1500,988,2012,1500,1505,1500,1500,1500,1193,1449,1500,1500,1500,1500,1500,1500,1500,2012,1500,1585,1500,2012,1500,1509,1504,1500,1520,1653,1500,2012,8.4
2026-04-17,20:31:48.580,-43,-49,10,4016,0,25,44,16,0,28,6,183,1,9,673,1024,204,0,0,-1,-1,-1,0x1002480890140004,1503,1503,1500,988,2012,1500,1504,1500,1500,1500,1193,1449,1500,1500,1500,1500,1500,1500,1500,2012,1500,1585,1500,2012,1500,1507,1503,1500,1520,1653,1500,2012,8.4
2026-04-17,20:31:49.080,-45,-49,10,4016,0,25,44,16,0,28,6,183,2,5,673,1024,204,0,0,-1,-1,-1,0x1002480890140004,1503,1501,1500,988,2012,1501,1502,1500,1500,1501,1193,1449,1500,1500,1500,1500,1500,1500,1500,2012,1500,1585,1500,2012,1500,1504,1501,1500,1520,1653,1500,2012,8.4
2026-04-17,20:31:49.580,-45,-49,10,4016,0,25,44,16,0,28,6,183,1,3,673,1024,203,0,0,-1,-1,-1,0x1002480890140004,1503,1501,1500,988,2012,1500,1501,1500,1500,1500,1193,1449,1500,1500,1500,1500,1500,1500,1500,2012,1500,1585,1500,2012,1500,1502,1501,1500,1520,1653,1500,2012,8.4
2026-04-17,20:31:50.080,-45,-49,10,4016,0,25,44,16,0,28,6,183,1,3,673,1024,204,0,0,-1,-1,-1,0x1002480A90140004,1503,1501,1500,988,2012,1500,1501,1500,1500,1500,1193,1449,1500,1500,1500,1500,1500,1500,1500,2012,1500,1585,1500,2012,1500,1502,1501,1500,1520,1653,1500,2012,8.4
2026-04-17,20:31:50.580,-44,-49,10,4016,0,25,44,16,0,28,6,183,1,3,673,1024,203,0,0,-1,-1,-1,0x1002480A90140004,1503,1501,1500,988,2012,1500,1501,1500,1500,1500,1193,1449,1500,1500,1500,1500,1500,1500,1500,2012,1500,1585,1500,2012,1500,1502,1501,1500,1520,1653,1500,2012,8.4
2026-04-17,20:31:51.080,-45,-49,10,4016,0,25,44,16,0,28,6,183,2,4,673,1024,203,0,0,-1,-1,-1,0x1002480A90140004,1503,1501,1500,988,2012,1501,1502,1500,1500,1500,1193,1449,1500,1500,1500,1500,1500,1500,1500,2012,1500,1585,1500,2012,1500,1503,1501,1500,1520,1653,1500,2012,8.4
2026-04-17,20:31:51.580,-46,-49,10,4016,0,25,44,16,0,28,6,183,2,4,673,1024,203,0,0,-1,-1,-1,0x1002480A90140004,1503,1501,1500,988,2012,1501,1502,1500,1500,1501,1193,1449,1500,1500,1500,1500,1500,1500,1500,2012,1500,1585,1500,2012,1500,1503,1501,1500,1520,1653,1500,2012,8.4
2026-04-17,20:31:52.080,-45,-49,10,4016,0,25,44,16,0,28,6,183,2,5,673,1024,203,0,0,-1,-1,-1,0x1002480A90140004,1503,1501,1500,988,2012,1501,1502,1500,1500,1500,1193,1449,1500,1500,1500,1500,1500,1500,1500,2012,1500,1585,1500,2012,1500,1504,1501,1500,1520,1653,1500,2012,8.4
2026-04-17,20:31:52.580,-46,-49,10,4016,0,25,44,16,0,28,6,183,2,6,673,1024,203,0,0,-1,-1,-1,0x1002480A90140004,1503,1502,1500,988,2012,1501,1503,1500,1500,1501,1193,1449,1500,1500,1500,1500,1500,1500,1500,2012,1500,1585,1500,2012,1500,1505,1502,1500,1520,1653,1500,2012,8.4
2026-04-17,20:31:53.080,-46,-49,10,4016,0,25,44,16,0,28,6,183,2,11,673,1024,203,0,0,-1,-1,-1,0x1002480990140004,1503,1504,1500,988,2012,1501,1505,1500,1500,1501,1193,1449,1500,1500,1500,1500,1500,1500,1500,2012,1500,1585,1500,2012,1500,1509,1504,1500,1520,1653,1500,2012,8.4
2026-04-17,20:31:53.580,-47,-49,10,4016,0,25,44,16,0,28,6,183,2,11,673,1024,203,0,0,-1,-1,-1,0x1002480890140004,1503,1504,1500,988,2012,1501,1505,1500,1500,1501,1193,1449,1500,1500,1500,1500,1500,1500,1500,2012,1500,1585,1500,2012,1500,1509,1504,1500,1520,1653,1500,2012,8.4
2026-04-17,20:31:54.080,-46,-49,10,4016,0,25,44,16,0,28,6,183,1,10,673,1024,202,0,0,-1,-1,-1,0x1002480890140004,1503,1503,1500,988,2012,1500,1505,1500,1500,1501,1193,1449,1500,1500,1500,1500,1500,1500,1500,2012,1500,1585,1500,2012,1500,1508,1503,1500,1520,1653,1500,2012,8.4
2026-04-17,20:31:54.580,-47,-49,10,4016,0,25,44,16,0,28,6,183,1,9,673,1024,203,0,0,-1,-1,-1,0x1002480890140004,1503,1503,1500,988,2012,1500,1504,1500,1500,1500,1193,1449,1500,1500,1500,1500,1500,1500,1500,2012,1500,1585,1500,2012,1500,1507,1503,1500,1520,1653,1500,2012,8.4
2026-04-17,20:31:55.080,-46,-49,10,4016,0,25,44,16,0,27,6,183,1,7,673,1024,203,0,0,-1,-1,-1,0x1002480890140004,1503,1502,1500,988,2012,1500,1503,1500,1500,1500,1193,1449,1500,1500,1500,1500,1500,1500,1500,2012,1500,1585,1500,2012,1500,1505,1502,1500,1520,1653,1500,2012,8.4
2026-04-17,20:31:55.580,-46,-49,10,4016,0,25,44,16,0,27,6,183,1,3,673,1024,203,0,0,-1,-1,-1,0x1002480890140004,1503,1501,1500,988,2012,1500,1501,1500,1500,1500,1193,1449,1500,1500,1500,1500,1500,1500,1500,2012,1500,1585,1500,2012,1500,1502,1501,1500,1520,1653,1500,2012,8.4
2026-04-17,20:31:56.080,-46,-49,10,4016,0,25,44,16,0,27,6,183,2,2,673,1024,202,0,0,-1,-1,-1,0x1002480890140004,1503,1500,1500,988,2012,1501,1501,1500,1500,1500,1193,1449,1500,1500,1500,1500,1500,1500,1500,2012,1500,1585,1500,2012,1500,1501,1500,1500,1520,1653,1500,2012,8.4
2026-04-17,20:31:56.580,-48,-49,10,4016,0,25,44,16,0,27,6,183,2,4,673,1024,203,0,0,-1,-1,-1,0x1002480A90140004,1503,1501,1500,988,2012,1501,1502,1500,1500,1501,1193,1449,1500,1500,1500,1500,1500,1500,1500,2012,1500,1585,1500,2012,1500,1502,1501,1500,1520,1653,1500,2012,8.4
2026-04-17,20:31:57.080,-47,-49,10,4016,0,25,44,16,0,27,6,183,2,3,673,1024,203,0,0,-1,-1,-1,0x1002480A90140004,1503,1501,1500,988,2012,1501,1501,1500,1500,1501,1193,1449,1500,1500,1500,1500,1500,1500,1500,2012,1500,1585,1500,2012,1500,1502,1501,1500,1520,1653,1500,2012,8.4
2026-04-17,20:31:57.580,-47,-49,10,4016,0,25,44,16,0,27,6,183,2,3,673,1024,203,0,0,-1,-1,-1,0x1002480A90140004,1503,1501,1500,988,2012,1500,1501,1500,1500,1500,1193,1449,1500,1500,1500,1500,1500,1500,1500,2012,1500,1585,1500,2012,1500,1502,1501,1500,1520,1653,1500,2012,8.4
2026-04-17,20:31:58.080,-47,-49,10,4016,0,25,44,16,0,27,6,183,1,4,673,1024,203,0,0,-1,-1,-1,0x1002480A90140004,1503,1501,1500,988,2012,1500,1502,1500,1500,1500,1193,1449,1500,1500,1500,1500,1500,1500,1500,2012,1500,1585,1500,2012,1500,1503,1501,1500,1520,1653,1500,2012,8.4
2026-04-17,20:31:58.580,-47,-49,10,4016,0,25,44,16,0,27,6,183,2,4,673,1024,203,0,0,-1,-1,-1,0x1002480A90140004,1503,1501,1500,988,2012,1501,1502,1500,1500,1501,1193,1449,1500,1500,1500,1500,1500,1500,1500,2012,1500,1585,1500,2012,1500,1503,1501,1500,1520,1653,1500,2012,8.4
2026-04-17,20:31:59.080,-46,-49,10,4016,0,25,44,16,0,27,6,183,2,5,673,1024,203,0,0,-1,-1,-1,0x1002480A90140004,1503,1501,1500,988,2012,1501,1502,1500,1500,1501,1193,1449,1500,1500,1500,1500,1500,1500,1500,2012,1500,1585,1500,2012,1500,1504,1501,1500,1520,1653,1500,2012,8.4
2026-04-17,20:31:59.580,-46,-49,10,4016,0,25,44,16,0,27,6,183,2,5,673,1024,203,0,0,-1,-1,-1,0x1002480A90140004,1503,1501,1500,988,2012,1501,1502,1500,1500,1501,1193,1449,1500,1500,1500,1500,1500,1500,1500,2012,1500,1585,1500,2012,1500,1503,1501,1500,1520,1653,1500,2012,8.4
2026-04-17,20:32:00.080,-46,-49,10,4016,0,25,44,16,0,27,6,183,2,5,673,1024,203,0,0,-1,-1,-1,0x1002480A90140004,1503,1501,1500,988,2012,1501,1502,1500,1500,1500,1193,1449,1500,1500,1500,1500,1500,1500,1500,2012,1500,1585,1500,2012,1500,1503,1501,1500,1520,1653,1500,2012,8.4
2026-04-17,20:32:00.580,-46,-49,10,4016,0,25,44,16,0,27,6,183,1,4,673,1024,203,0,0,-1,-1,-1,0x1002480A90140004,1503,1501,1500,988,2012,1500,1502,1500,1500,1500,1193,1449,1500,1500,1500,1500,1500,1500,1500,2012,1500,1585,1500,2012,1500,1504,1501,1500,1520,1653,1500,2012,8.4
2026-04-17,20:32:01.080,-47,-49,10,4016,0,25,44,16,0,27,6,183,2,5,673,1024,203,0,0,-1,-1,-1,0x1002480A90140004,1503,1501,1500,988,2012,1501,1502,1500,1500,1501,1193,1449,1500,1500,1500,1500,1500,1500,1500,2012,1500,1585,1500,2012,1500,1504,1501,1500,1520,1653,1500,2012,8.4
2026-04-17,20:32:01.580,-46,-49,10,4016,0,25,44,16,0,27,6,183,1,5,673,1024,203,0,0,-1,-1,-1,0x1002480A90140004,1503,1501,1500,988,2012,1500,1502,1500,1500,1501,1193,1449,1500,1500,1500,1500,1500,1500,1500,2012,1500,1585,1500,2012,1500,1504,1501,1500,1520,1653,1500,2012,8.4
2026-04-17,20:32:02.080,-46,-49,10,4016,0,25,44,16,0,27,6,183,1,5,673,1024,203,0,0,-1,-1,-1,0x1002480A90140004,1503,1501,1500,988,2012,1500,1502,1500,1500,1500,1193,1449,1500,1500,1500,1500,1500,1500,1500,2012,1500,1585,1500,2012,1500,1504,1501,1500,1520,1653,1500,2012,8.4
2026-04-17,20:32:02.580,-46,-49,10,4016,0,25,44,16,0,27,6,183,1,4,673,1024,203,0,0,-1,-1,-1,0x1002480A90140004,1503,1501,1500,988,2012,1500,1502,1500,1500,1500,1193,1449,1500,1500,1500,1500,1500,1500,1500,2012,1500,1585,1500,2012,1500,1503,1501,1500,1520,1653,1500,2012,8.4
2026-04-17,20:32:03.080,-47,-49,10,4016,0,25,44,16,0,27,6,183,2,3,673,1024,203,0,0,-1,-1,-1,0x1002480A90140004,1503,1501,1500,988,2012,1501,1501,1500,1500,1501,1193,1449,1500,1500,1500,1500,1500,1500,1500,2012,1500,1585,1500,2012,1500,1502,1501,1500,1520,1653,1500,2012,8.4
2026-04-17,20:32:03.580,-46,-49,10,4016,0,25,44,16,0,27,6,183,1,4,673,1024,203,0,0,-1,-1,-1,0x1002480A90140004,1503,1501,1500,988,2012,1500,1502,1500,1500,1501,1193,1449,1500,1500,1500,1500,1500,1500,1500,2012,1500,1585,1500,2012,1500,1502,1501,1500,1520,1653,1500,2012,8.4
2026-04-17,20:32:04.080,-46,-49,10,4016,0,25,44,16,0,27,6,183,1,5,673,1024,203,0,0,-1,-1,-1,0x1002480A90140004,1503,1501,1500,988,2012,1500,1502,1500,1500,1500,1193,1449,1500,1500,1500,1500,1500,1500,1500,2012,1500,1585,1500,2012,1500,1504,1501,1500,1520,1653,1500,2012,8.4
2026-04-17,20:32:04.580,-46,-49,10,4016,0,25,44,16,0,27,6,183,1,4,673,1024,203,0,0,-1,-1,-1,0x1002480A90140004,1503,1501,1500,988,2012,1500,1502,1500,1500,1500,1193,1449,1500,1500,1500,1500,1500,1500,1500,2012,1500,1585,1500,2012,1500,1503,1501,1500,1520,1653,1500,2012,8.4
2026-04-17,20:32:05.080,-45,-49,10,4016,0,25,44,16,0,27,6,183,2,4,673,1024,203,0,0,-1,-1,-1,0x1002480A90140004,1503,1501,1500,988,2012,1501,1502,1500,1500,1501,1193,1449,1500,1500,1500,1500,1500,1500,1500,2012,1500,1585,1500,2012,1500,1503,1501,1500,1520,1653,1500,2012,8.4
2026-04-17,20:32:05.580,-45,-49,10,4016,0,25,44,16,0,27,6,183,1,3,673,1024,203,0,0,-1,-1,-1,0x1002480A90140004,1503,1501,1500,988,2012,1500,1501,1500,1500,1500,1193,1449,1500,1500,1500,1500,1500,1500,1500,2012,1500,1585,1500,2012,1500,1503,1501,1500,1520,1653,1500,2012,8.4
2026-04-17,20:32:06.080,-45,-49,10,4016,0,25,44,16,0,27,6,183,2,3,673,1024,203,0,0,-1,-1,-1,0x1002480A90140004,1503,1501,1500,988,2012,1501,1501,1500,1500,1501,1193,1449,1500,1500,1500,1500,1500,1500,1500,2012,1500,1585,1500,2012,1500,1502,1501,1500,1520,1653,1500,2012,8.4
2026-04-17,20:32:06.580,-46,-49,10,4016,0,25,44,16,0,27,6,183,1,3,673,1024,202,0,0,-1,-1,-1,0x1002480A90140004,1503,1501,1500,988,2012,1500,1501,1500,1500,1501,1193,1449,1500,1500,1500,1500,1500,1500,1500,2012,1500,1585,1500,2012,1500,1502,1501,1500,1520,1653,1500,2012,8.4
2026-04-17,20:32:07.080,-46,-49,10,4016,0,25,44,16,0,27,6,183,2,4,673,1024,203,0,0,-1,-1,-1,0x1002480A90140004,1503,1501,1500,988,2012,1501,1502,1500,1500,1501,1193,1449,1500,1500,1500,1500,1500,1500,1500,2012,1500,1585,1500,2012,1500,1503,1501,1500,1520,1653,1500,2012,8.4
2026-04-17,20:32:07.580,-46,-49,10,4016,0,25,44,16,0,27,6,183,2,4,673,1024,203,0,0,-1,-1,-1,0x1002480A90140004,1503,1501,1500,988,2012,1501,1502,1500,1500,1501,1193,1449,1500,1500,1500,1500,1500,1500,1500,2012,1500,1585,1500,2012,1500,1503,1501,1500,1520,1653,1500,2012,8.4
2026-04-17,20:32:08.080,-46,-49,10,4016,0,25,44,16,0,27,6,183,2,4,673,1024,203,0,0,-1,-1,-1,0x1002480A90140004,1503,1501,1500,988,2012,1501,1502,1500,1500,1501,1193,1449,1500,1500,1500,1500,1500,1500,1500,2012,1500,1585,1500,2012,1500,1503,1501,1500,1520,1653,1500,2012,8.4
2026-04-17,20:32:08.580,-46,-49,10,4016,0,25,44,16,0,27,6,183,2,5,673,1024,203,0,0,-1,-1,-1,0x1002480A90140004,1503,1501,1500,988,2012,1501,1502,1500,1500,1501,1193,1449,1500,1500,1500,1500,1500,1500,1500,2012,1500,1585,1500,2012,1500,1504,1501,1500,1520,1653,1500,2012,8.4
2026-04-17,20:32:09.080,-46,-49,10,4016,0,25,44,16,0,27,6,183,2,5,673,1024,203,0,0,-1,-1,-1,0x1002480A90140004,1503,1501,1500,988,2012,1501,1502,1500,1500,1501,1193,1449,1500,1500,1500,1500,1500,1500,1500,2012,1500,1585,1500,2012,1500,1504,1501,1500,1520,1653,1500,2012,8.4
2026-04-17,20:32:09.580,-46,-49,10,4016,0,25,44,16,0,27,6,183,2,4,673,1024,203,0,0,-1,-1,-1,0x1002480A90140004,1503,1501,1500,988,2012,1501,1502,1500,1500,1501,1193,1449,1500,1500,1500,1500,1500,1500,1500,2012,1500,1585,1500,2012,1500,1504,1501,1500,1520,1653,1500,2012,8.4
2026-04-17,20:32:10.080,-47,-49,10,4016,0,25,44,16,0,27,6,183,2,5,673,1024,203,0,0,-1,-1,-1,0x1002480A90140004,1503,1501,1500,988,2012,1501,1502,1500,1500,1501,1193,1449,1500,1500,1500,1500,1500,1500,1500,2012,1500,1585,1500,2012,1500,1504,1501,1500,1520,1653,1500,2012,8.4
2026-04-17,20:32:10.580,-46,-49,10,4016,0,25,44,16,0,27,6,183,2,5,673,1024,203,0,0,-1,-1,-1,0x1002480A90140004,1503,1501,1500,988,2012,1501,1502,1500,1500,1501,1193,1449,1500,1500,1500,1500,1500,1500,1500,2012,1500,1585,1500,2012,1500,1504,1501,1500,1520,1653,1500,2012,8.4
2026-04-17,20:32:11.080,-46,-49,10,4016,0,25,44,16,0,27,6,183,2,5,673,1024,203,0,0,-1,-1,-1,0x1002480A90140004,1503,1501,1500,988,2012,1501,1502,1500,1500,1501,1193,1449,1500,1500,1500,1500,1500,1500,1500,2012,1500,1585,1500,2012,1500,1504,1501,1500,1520,1653,1500,2012,8.4
2026-04-17,20:32:11.580,-47,-49,10,4016,0,25,44,16,0,27,6,183,2,5,673,1024,203,0,0,-1,-1,-1,0x1002480A90140004,1503,1501,1500,988,2012,1501,1502,1500,1500,1501,1193,1449,1500,1500,1500,1500,1500,1500,1500,2012,1500,1585,1500,2012,1500,1504,1501,1500,1520,1653,1500,2012,8.4
2026-04-17,20:32:12.080,-47,-49,10,4016,0,25,44,16,0,27,6,183,2,5,673,1024,203,0,0,-1,-1,-1,0x1002480A90140004,1503,1501,1500,988,2012,1501,1502,1500,1500,1501,1193,1449,1500,1500,1500,1500,1500,1500,1500,2012,1500,1585,1500,2012,1500,1504,1501,1500,1520,1653,1500,2012,8.4
2026-04-17,20:32:12.580,-47,-49,10,4016,0,25,44,16,0,27,6,183,2,4,673,1024,203,0,0,-1,-1,-1,0x1002480A90140004,1503,1501,1500,988,2012,1501,1502,1500,1500,1501,1193,1449,1500,1500,1500,1500,1500,1500,1500,2012,1500,1585,1500,2012,1500,1503,1501,1500,1520,1653,1500,2012,8.4
2026-04-17,20:32:13.080,-44,-49,10,4016,0,25,44,16,0,27,6,183,2,5,673,1024,203,0,0,-1,-1,-1,0x1002480A90140004,1503,1501,1500,988,2012,1501,1502,1500,1500,1501,1193,1449,1500,1500,1500,1500,1500,1500,1500,2012,1500,1585,1500,2012,1500,1504,1501,1500,1520,1653,1500,2012,8.4
2026-04-17,20:32:13.580,-42,-49,10,4016,2800,25,44,16,0,27,6,183,-903,163,673,1024,203,0,0,-1,-1,-1,0x1002480994140405,1287,1549,1569,988,2012,1049,1581,1500,1500,1049,1193,1449,1500,1500,1500,1500,1500,1500,1372,1628,1500,1585,1500,2012,1500,1619,1549,1500,1520,1653,1500,2012,8.4
2026-04-17,20:32:14.080,-41,-49,10,4020,1710,25,44,16,1858,27,6,184,-1024,4,673,1024,203,0,0,-1,-1,-1,0x1002480494140005,1222,1501,1730,988,2012,988,1502,1500,1500,988,1193,1449,1500,1500,1500,1500,1500,1500,988,2012,1500,1585,1500,2012,1500,1503,1501,1500,1520,1653,1500,2012,8.4
2026-04-17,20:32:14.580,-31,-49,10,4022,2340,25,44,16,1916,27,6,184,-1024,246,673,1024,203,0,0,-1,-1,-1,0x1002480594140445,1222,1570,1730,988,2012,988,1623,1500,1500,988,1193,1449,1500,1500,1500,1500,1500,1500,1372,1628,1500,1585,1500,2012,1500,1673,1570,1500,1520,1653,1500,2012,8.4
2026-04-17,20:32:15.080,-35,-36,10,4025,4090,25,44,16,3382,26,6,184,353,327,673,1024,203,0,0,-1,-1,-1,0x1002480594140005,1554,1600,1730,988,2012,1676,1663,1500,1500,1655,1193,1449,1500,1500,1500,1500,1500,1500,1372,1628,1500,1585,1500,2012,1500,1720,1600,1500,1520,1653,1500,2012,8.4
2026-04-17,20:32:15.580,-36,-49,10,4026,3950,25,44,16,2634,26,6,185,1022,268,673,1024,203,0,0,-1,-1,-1,0x1002480594140445,1747,1578,1730,988,2012,2011,1634,1500,1500,2011,1193,1449,1500,1500,1500,1500,1500,1500,1372,1628,1500,1585,1500,2012,1500,1685,1578,1500,1520,1653,1500,2012,8.4
2026-04-17,20:32:16.080,-38,-49,10,4028,1850,25,44,16,2400,26,6,185,443,186,673,1024,203,0,0,-1,-1,-1,0x1002480594140405,1586,1555,1730,988,2012,1721,1593,1500,1500,1738,1193,1449,1500,1500,1500,1500,1500,1500,1372,1628,1500,1585,1500,2012,1500,1635,1555,1500,1520,1653,1500,2012,8.4
2026-04-17,20:32:16.580,-32,-49,10,4026,8330,25,44,16,4264,27,6,186,818,332,673,1024,203,0,0,-1,-1,-1,0x1002480594140045,1670,1602,1730,988,2012,1909,1666,1500,1500,1909,1193,1449,1500,1500,1500,1500,1500,1500,1372,1628,1500,1585,1500,2012,1500,1722,1602,1500,1520,1653,1500,2012,8.4
2026-04-17,20:32:17.080,-32,-49,10,4023,6230,25,44,16,4800,27,6,187,947,1,672,1024,203,0,0,-1,-1,-1,0x1002480494140005,1711,1500,1730,988,2012,1973,1500,1500,1500,1968,1193,1449,1500,1500,1500,1500,1500,1500,988,2012,1500,1585,1500,2012,1500,1501,1500,1500,1520,1653,1500,2012,8.4
2026-04-17,20:32:17.580,-35,-49,10,4022,0,25,44,16,2194,27,6,187,80,5,673,1024,203,0,0,-1,-1,-1,0x1002480494140045,1525,1501,1730,988,2012,1540,1502,1500,1500,1568,1193,1449,1500,1500,1500,1500,1500,1500,1372,2012,1500,1585,1500,2012,1500,1504,1501,1500,1520,1653,1500,2012,8.4
2026-04-17,20:32:18.080,-35,-49,10,4020,0,25,44,16,160,27,6,187,-277,0,673,1024,203,0,0,-1,-1,-1,0x1002480094140005,1448,1500,1730,988,2012,1362,1500,1500,1500,1340,1193,1449,1500,1500,1500,1500,1500,1500,1372,2012,1500,1585,1500,2012,1500,1500,1500,1500,1520,1653,1500,2012,8.4
2026-04-17,20:32:18.580,-34,-49,10,4017,1640,25,44,16,126,27,6,187,1024,136,673,1024,203,0,0,-1,-1,-1,0x1002480194140405,1749,1543,1730,988,2012,2012,1568,1500,1500,2012,1193,1449,1500,1500,1500,1500,1500,1500,1372,1628,1500,1585,1500,2012,1500,1602,1543,1500,1520,1653,1500,2012,8.4
2026-04-17,20:32:19.080,-34,-49,10,4020,210,25,44,16,678,27,6,187,629,4,672,1024,203,0,0,-1,-1,-1,0x1002480494140045,1629,1501,1730,988,2012,1814,1502,1500,1500,1830,1193,1449,1500,1500,1500,1500,1500,1500,1101,2012,1500,1585,1500,2012,1500,1502,1501,1500,1520,1653,1500,2012,8.4
2026-04-17,20:32:19.580,-34,-49,10,4020,0,25,44,16,0,27,6,187,2,2,673,1024,203,0,0,-1,-1,-1,0x1002480090140005,1503,1500,1730,988,2012,1501,1501,1500,1500,1501,1193,1449,1500,1500,1500,1500,1500,1500,1372,2012,1500,1585,1500,2012,1500,1501,1500,1500,1520,1653,1500,2012,8.4
2026-04-17,20:32:20.080,-32,-49,10,4020,0,25,44,16,0,27,6,187,1,2,673,1024,203,0,0,-1,-1,-1,0x1002480090140005,1503,1500,1730,988,2012,1500,1501,1500,1500,1500,1193,1449,1500,1500,1500,1500,1500,1500,1372,2012,1500,1585,1500,2012,1500,1501,1500,1500,1520,1653,1500,2012,8.4
2026-04-17,20:32:20.580,-32,-49,10,4020,0,25,44,16,0,27,6,187,1,3,673,1024,203,0,0,-1,-1,-1,0x1002480290140005,1503,1501,1730,988,2012,1500,1501,1500,1500,1500,1193,1449,1500,1500,1500,1500,1500,1500,1500,2012,1500,1585,1500,2012,1500,1502,1501,1500,1520,1653,1500,2012,8.4
2026-04-17,20:32:21.080,-30,-49,10,4018,0,25,44,16,0,27,6,187,1,2,673,1024,203,0,0,-1,-1,-1,0x1002480A90140005,1503,1500,1730,988,2012,1500,1501,1500,1500,1500,1193,1449,1500,1500,1500,1500,1500,1500,1500,2012,1500,1585,1500,2012,1500,1501,1500,1500,1520,1653,1500,2012,8.4
2026-04-17,20:32:21.580,-32,-49,10,4016,0,25,44,16,0,27,6,187,1,4,673,1024,203,0,0,-1,-1,-1,0x1002480890140005,1503,1501,1730,988,2012,1500,1502,1500,1500,1500,1193,1449,1500,1500,1500,1500,1500,1500,1500,2012,1500,1585,1500,2012,1500,1503,1501,1500,1520,1653,1500,2012,8.4
2026-04-17,20:32:22.080,-33,-49,10,4016,0,25,44,16,0,27,6,187,1,46,673,1024,203,0,0,-1,-1,-1,0x1002480990140405,1503,1517,1610,988,2012,1500,1523,1500,1500,1500,1193,1449,1500,1500,1500,1500,1500,1500,1500,2012,1500,1585,1500,2012,1500,1536,1517,1500,1520,1653,1500,2012,8.4
2026-04-17,20:32:22.580,-31,-49,10,4016,0,25,44,16,0,27,6,187,1,3,673,1024,203,0,0,-1,-1,-1,0x1002480890140004,1503,1501,1500,988,2012,1500,1501,1500,1500,1500,1193,1449,1500,1500,1500,1500,1500,1500,1500,2012,1500,1585,1500,2012,1500,1502,1501,1500,1520,1653,1500,2012,8.4
2026-04-17,20:32:23.080,-30,-49,10,4016,0,25,44,16,210,27,6,187,1,6,673,1024,203,0,0,-1,-1,-1,0x1002480890140004,1503,1502,1500,988,2012,1500,1503,1500,1500,1500,1193,1449,1500,1500,1500,1500,1500,1500,1500,2012,1500,1585,1500,2012,1500,1505,1502,1500,1520,1653,1500,2012,8.4
2026-04-17,20:32:23.580,-31,-49,10,4016,0,25,44,16,652,27,6,187,174,25,673,1024,203,0,0,-1,-1,-1,0x1002480494140004,1524,1508,1500,988,2012,1587,1512,1500,1500,1565,1193,1449,1500,1500,1500,1500,1500,1500,1500,2012,1500,1585,1500,2012,1500,1519,1508,1500,1520,1653,1500,2012,8.4
2026-04-17,20:32:24.080,-28,-49,10,4018,1640,25,44,16,1004,27,6,187,1024,161,673,1024,203,0,0,-1,-1,-1,0x1002480594140045,1749,1549,1688,988,2012,2012,1580,1500,1500,2012,1193,1449,1500,1500,1500,1500,1500,1500,1372,1628,1500,1585,1500,2012,1500,1619,1549,1500,1520,1653,1500,2012,8.4
2026-04-17,20:32:24.580,-30,-49,10,4022,310,25,44,16,1206,27,6,187,1024,136,673,1024,203,0,0,-1,-1,-1,0x1002480594140445,1749,1543,1730,988,2012,2012,1568,1500,1500,2012,1193,1449,1500,1500,1500,1500,1500,1500,1372,1628,1500,1585,1500,2012,1500,1601,1543,1500,1520,1653,1500,2012,8.4
2026-04-17,20:32:25.080,-33,-49,10,4025,2060,25,44,16,898,27,6,187,1024,147,673,1024,203,0,0,-1,-1,-1,0x1002480594140005,1749,1545,1730,988,2012,2012,1573,1500,1500,2012,1193,1449,1500,1500,1500,1500,1500,1500,1372,1628,1500,1585,1500,2012,1500,1608,1545,1500,1520,1653,1500,2012,8.4
2026-04-17,20:32:25.580,-34,-25,10,4025,4200,25,44,16,66,27,6,188,1023,280,673,1024,203,0,0,-1,-1,-1,0x1002480194140405,1748,1582,1730,988,2012,2011,1640,1500,1500,2011,1193,1449,1500,1500,1500,1500,1500,1500,1372,1628,1500,1585,1500,2012,1500,1692,1582,1500,1520,1653,1500,2012,8.4
2026-04-17,20:32:26.080,-34,-26,10,4023,2590,25,44,16,5358,27,6,189,1024,216,673,1024,203,0,0,-1,-1,-1,0x1002480594140405,1749,1558,1730,988,2012,2012,1608,1500,1500,2012,1193,1449,1500,1500,1500,1500,1500,1500,1372,1628,1500,1585,1500,2012,1500,1646,1558,1500,1520,1653,1500,2012,8.4
2026-04-17,20:32:26.580,-33,-37,10,4020,7560,25,44,16,3820,27,6,190,-8,350,673,1024,203,0,0,-1,-1,-1,0x1002480590140445,1503,1608,1730,988,2012,1496,1675,1500,1500,1497,1193,1449,1500,1500,1500,1500,1500,1500,1372,1628,1500,1585,1500,2012,1500,1732,1608,1500,1520,1653,1500,2012,8.4
2026-04-17,20:32:27.080,-38,-38,10,4013,11030,25,44,16,7402,27,6,191,-1024,23,673,1024,203,0,0,-1,-1,-1,0x1002480594140005,1222,1521,1730,988,2012,988,1511,1500,1500,988,1193,1449,1500,1500,1500,1500,1500,1500,1321,1679,1500,1585,1500,2012,1500,1613,1521,1500,1520,1653,1500,2012,8.4
2026-04-17,20:32:27.580,-41,-45,10,4011,0,25,44,16,4854,27,6,191,332,205,673,1024,203,0,0,-1,-1,-1,0x1002480594140445,1546,1555,1730,988,2012,1666,1602,1500,1500,1630,1193,1449,1500,1500,1500,1500,1500,1500,1372,1628,1500,1585,1500,2012,1500,1638,1555,1500,1520,1653,1500,2012,8.4
2026-04-17,20:32:28.080,-46,-48,10,4012,17440,25,44,16,9372,27,6,192,1023,221,673,1024,202,0,0,-1,-1,-1,0x1002480594140405,1748,1589,1730,988,2012,2011,1610,1500,1500,2011,1193,1449,1500,1500,1500,1500,1500,1500,1372,1628,1500,1585,1500,2012,1500,1735,1589,1500,1520,1653,1500,2012,8.4
2026-04-17,20:32:28.580,-41,-50,10,4006,0,25,44,16,6038,27,6,194,1024,-333,673,1024,203,0,0,-1,-1,-1,0x1002480496180045,1749,1340,1730,1201,2012,2012,1334,1297,1500,2012,1193,1449,1500,1500,1500,1500,1500,1292,1315,2012,1500,1585,1500,988,1500,1332,1500,1500,1520,1653,1255,2012,8.4
2026-04-17,20:32:29.080,-38,-50,10,4007,0,25,44,16,1748,27,6,194,1024,53,673,1024,203,0,0,-1,-1,-1,0x1002480494140005,1749,1515,1730,988,2012,2012,1526,1500,1500,2012,1193,1449,1500,1500,1500,1500,1500,1500,1372,2012,1500,1585,1500,2012,1500,1532,1515,1500,1520,1653,1500,2012,8.4
2026-04-17,20:32:29.580,-38,-50,10,4010,2660,25,44,16,1970,27,6,194,1024,1,673,1024,203,0,0,-1,-1,-1,0x1002480494140045,1749,1500,1730,988,2012,2012,1500,1500,1500,2012,1193,1449,1500,1500,1500,1500,1500,1500,1111,2012,1500,1585,1500,2012,1500,1500,1500,1500,1520,1653,1500,2012,8.4
2026-04-17,20:32:30.080,-38,-50,10,4009,2200,25,44,16,492,28,6,194,1024,108,673,1024,203,0,0,-1,-1,-1,0x1002480194140005,1749,1537,1730,988,2012,2012,1554,1500,1500,2012,1193,1449,1500,1500,1500,1500,1500,1500,1372,1628,1500,1585,1500,2012,1500,1581,1537,1500,1520,1653,1500,2012,8.4
2026-04-17,20:32:30.580,-41,-50,10,4020,380,25,44,16,542,28,6,194,1024,131,673,1024,203,0,0,-1,-1,-1,0x1002480594140445,1749,1541,1730,988,2012,2012,1565,1500,1500,2012,1193,1449,1500,1500,1500,1500,1500,1500,1372,1628,1500,1585,1500,2012,1500,1596,1541,1500,1520,1653,1500,2012,8.4
2026-04-17,20:32:31.080,-44,-36,10,4020,3460,25,44,16,1836,28,6,195,1024,221,673,1024,203,0,0,-1,-1,-1,0x1002480594140005,1749,1562,1730,988,2012,2012,1610,1500,1500,2012,1193,1449,1500,1500,1500,1500,1500,1500,1372,1628,1500,1585,1500,2012,1500,1656,1562,1500,1520,1653,1500,2012,8.4
2026-04-17,20:32:31.580,-51,-43,10,4018,10010,25,44,16,5654,28,6,195,6,437,672,1024,203,0,0,-1,-1,-1,0x1002480590140445,1504,1640,1730,988,2012,1503,1718,1500,1500,1503,1193,1449,1500,1500,1500,1500,1500,1500,1372,1628,1500,1585,1500,2012,1500,1777,1640,1500,1520,1653,1500,2012,8.4
2026-04-17,20:32:32.080,-51,-34,10,4013,5140,25,44,16,7914,28,6,196,-44,0,673,1024,203,0,0,-1,-1,-1,0x1002480490140005,1499,1500,1730,988,2012,1478,1500,1500,1500,1485,1193,1449,1500,1500,1500,1500,1500,1500,1065,1935,1500,1585,1500,2012,1500,1500,1500,1500,1520,1653,1500,2012,8.4
2026-04-17,20:32:32.580,-51,-28,10,4011,0,25,44,16,5966,28,6,197,-18,-77,673,1024,203,0,0,-1,-1,-1,0x1002480492180045,1501,1456,1730,1046,2012,1491,1462,1444,1500,1491,1193,1449,1500,1500,1500,1500,1500,1444,1372,2012,1500,1585,1500,2012,1500,1429,1500,1500,1520,1653,1434,2012,8.4
2026-04-17,20:32:33.080,-31,-34,10,4008,6090,25,44,16,3578,28,6,197,108,412,673,1024,203,0,0,-1,-1,-1,0x1002480594140005,1520,1627,1730,988,2012,1554,1706,1500,1500,1554,1193,1449,1500,1500,1500,1500,1500,1500,1372,1628,1500,1585,1500,2012,1500,1759,1627,1500,1520,1653,1500,2012,8.4
2026-04-17,20:32:33.580,-46,-49,10,4008,13270,25,44,16,8988,28,6,198,-263,580,673,1024,202,0,0,-1,-1,-1,0x1002480594140445,1459,1697,1730,988,2012,1369,1790,1500,1500,1369,1193,1449,1500,1500,1500,1500,1500,1500,1372,1628,1500,1585,1500,2012,1500,1843,1697,1500,1520,1653,1500,2012,8.4
2026-04-17,20:32:34.080,-50,-48,10,3991,18070,25,44,16,13986,28,6,200,-208,764,673,1024,203,0,0,-1,-1,-1,0x1002480594140005,1469,1798,1730,988,2012,1396,1882,1500,1500,1397,1193,1449,1500,1500,1500,1500,1500,1500,1372,1628,1500,1585,1500,2012,1500,1919,1798,1500,1520,1653,1500,2012,8.4
2026-04-17,20:32:34.580,-65,-55,10,3964,43860,25,44,16,29222,28,6,204,-193,784,673,1024,203,0,0,-1,-1,-1,0x1002480594140445,1471,1869,1730,988,2012,1404,1892,1500,1500,1404,1193,1449,1500,1500,1500,1500,1500,1500,1372,1628,1500,1585,1500,2012,1500,1975,1869,1500,1520,1653,1500,2012,8.4
2026-04-17,20:32:35.080,-59,-55,10,3951,5920,25,44,16,19210,28,6,207,-974,78,673,1024,203,0,0,-1,-1,-1,0x1002480494140005,1256,1528,1730,988,2012,1013,1539,1500,1500,1019,1193,1449,1500,1500,1500,1500,1500,1500,1372,1628,1500,1585,1500,2012,1500,1558,1528,1500,1520,1653,1500,2012,8.4
2026-04-17,20:32:35.580,-64,-59,10,3948,3920,25,44,16,5442,28,6,208,-1023,285,673,1024,203,0,0,-1,-1,-1,0x1002480594140045,1223,1573,1730,988,2012,989,1642,1500,1500,989,1193,1449,1500,1500,1500,1500,1500,1500,1372,1628,1500,1585,1500,2012,1500,1678,1573,1500,1520,1653,1500,2012,8.4
2026-04-17,20:32:36.080,-63,-63,10,3947,9490,25,44,16,7958,28,6,210,-568,536,673,1024,203,0,0,-1,-1,-1,0x1002480594140405,1393,1680,1730,988,2012,1216,1768,1500,1500,1210,1193,1449,1500,1500,1500,1500,1500,1500,1372,1628,1500,1585,1500,2012,1500,1824,1680,1500,1520,1653,1500,2012,8.4
2026-04-17,20:32:36.580,-68,-62,10,3948,26160,25,44,16,16740,28,6,212,-488,773,673,1024,203,0,0,-1,-1,-1,0x1002480594140045,1406,1810,1730,988,2012,1256,1886,1500,1500,1237,1193,1449,1500,1500,1500,1500,1500,1500,1372,1628,1500,1585,1500,2012,1500,1926,1810,1500,1520,1653,1500,2012,8.4
2026-04-17,20:32:37.080,-56,-65,10,3968,3290,25,44,16,8370,28,6,214,-824,286,673,1024,203,0,0,-1,-1,-1,0x1002480594140405,1321,1575,1730,988,2012,1088,1643,1500,1500,1089,1193,1449,1500,1500,1500,1500,1500,1500,1372,1628,1500,1585,1500,2012,1500,1681,1575,1500,1520,1653,1500,2012,8.4
2026-04-17,20:32:37.580,-52,-65,10,3959,13410,25,44,16,10370,28,6,215,-562,612,672,1024,203,0,0,-1,-1,-1,0x1002480594140045,1397,1714,1730,988,2012,1219,1806,1500,1500,1220,1193,1449,1500,1500,1500,1500,1500,1500,1372,1628,1500,1585,1500,2012,1500,1858,1714,1500,1520,1653,1500,2012,8.4
2026-04-17,20:32:38.080,-60,-63,10,3950,17300,25,44,16,14298,28,6,218,-661,700,672,1024,203,0,0,-1,-1,-1,0x1002480594140405,1372,1761,1730,988,2012,1170,1850,1500,1500,1170,1193,1449,1500,1500,1500,1500,1500,1500,1372,1628,1500,1585,1500,2012,1500,1894,1761,1500,1520,1653,1500,2012,8.4
2026-04-17,20:32:38.580,-57,-63,10,3940,24410,25,44,16,20672,29,7,220,-76,924,672,1024,203,0,0,-1,-1,-1,0x1002480594140045,1489,1900,1730,988,2012,1462,1962,1500,1500,1457,1193,1449,1500,1500,1500,1500,1500,1500,1372,1628,1500,1585,1500,2012,1500,1977,1900,1500,1520,1653,1500,2012,8.4
2026-04-17,20:32:39.080,-59,-63,10,3946,4270,25,44,16,16736,29,7,223,-352,9,673,1024,203,0,0,-1,-1,-1,0x1002480494140005,1443,1503,1730,988,2012,1324,1504,1500,1500,1325,1193,1449,1500,1500,1500,1500,1500,1500,1183,2012,1500,1585,1500,2012,1500,1507,1503,1500,1520,1653,1500,2012,8.4
2026-04-17,20:32:39.580,-58,-63,10,3945,8260,25,44,16,7450,29,7,223,-47,679,672,1024,203,0,0,-1,-1,-1,0x1002480594140445,1491,1743,1730,988,2012,1477,1839,1500,1500,1459,1193,1449,1500,1500,1500,1500,1500,1500,1372,1628,1500,1585,1500,2012,1500,1880,1743,1500,1520,1653,1500,2012,8.4
2026-04-17,20:32:40.080,-59,-37,10,3944,12780,25,44,16,12154,29,7,226,894,-594,673,1024,203,0,0,-1,-1,-1,0x10024804961C0005,1700,1221,1730,1333,2012,1947,1203,1146,1500,1953,1193,1449,1500,1500,1500,1500,1500,1146,1090,2012,1500,1585,1500,2012,1500,1150,1500,1500,1520,1653,1146,2012,8.4
2026-04-17,20:32:40.580,-35,-55,10,3955,3740,25,44,16,1576,30,7,226,-481,360,673,1024,203,0,0,-1,-1,-1,0x1002480594140445,1416,1608,1730,988,2012,1260,1680,1500,1500,1260,1193,1449,1500,1500,1500,1500,1500,1500,1372,1628,1500,1585,1500,2012,1500,1732,1608,1500,1520,1653,1500,2012,8.4
2026-04-17,20:32:41.080,-30,-55,10,3976,3180,25,44,16,4554,30,7,227,17,395,673,1024,203,0,0,-1,-1,-1,0x1002480590140005,1500,1620,1730,988,2012,1508,1697,1500,1500,1487,1193,1449,1500,1500,1500,1500,1500,1500,1372,1628,1500,1585,1500,2012,1500,1750,1620,1500,1520,1653,1500,2012,8.4
2026-04-17,20:32:41.580,-39,-39,10,3964,19400,25,44,16,15040,30,7,229,1024,-714,673,1024,203,0,0,-1,-1,-1,0x1002480496180045,1749,1252,1730,1308,2012,2012,1143,1186,1500,2012,1193,1449,1500,1500,1500,1500,1500,1186,988,2012,1500,1585,1500,988,1500,1509,1500,1500,1520,1653,1131,2012,8.4
2026-04-17,20:32:42.080,-50,-52,10,3970,0,25,44,16,3710,30,7,230,927,-171,673,1024,203,0,0,-1,-1,-1,0x1002480496180005,1708,1402,1730,1117,2012,1963,1415,1377,1500,1963,1193,1449,1500,1500,1500,1500,1500,1376,1372,2012,1500,1585,1500,2012,1500,1365,1500,1500,1520,1653,1355,2012,8.4
2026-04-17,20:32:42.580,-50,-46,10,3971,9280,25,44,16,4510,30,7,230,899,206,673,1024,203,0,0,-1,-1,-1,0x1002480594140045,1686,1559,1730,988,2012,1949,1603,1500,1500,1933,1193,1449,1500,1500,1500,1500,1500,1500,1372,1628,1500,1585,1500,2012,1500,1647,1559,1500,1520,1653,1500,2012,8.4
2026-04-17,20:32:43.080,-50,-44,10,3960,27250,25,44,16,14884,30,7,232,967,-17,673,1024,203,0,0,-1,-1,-1,0x1002480494140045,1733,1489,1730,1002,2012,1983,1492,1486,1500,1994,1193,1449,1500,1500,1500,1500,1500,1486,1014,1986,1500,1585,1500,2012,1500,1608,1500,1500,1520,1653,1486,2012,8.4
2026-04-17,20:32:43.580,-50,-41,10,3963,6550,25,44,16,996,30,7,234,329,373,673,1024,203,0,0,-1,-1,-1,0x1002480194140005,1558,1616,1730,988,2012,1664,1686,1500,1500,1664,1193,1449,1500,1500,1500,1500,1500,1500,1372,1628,1500,1585,1500,2012,1500,1744,1616,1500,1520,1653,1500,2012,8.4
2026-04-17,20:32:44.080,-52,-54,10,3969,6160,25,44,16,7320,30,7,235,-83,486,673,1024,202,0,0,-1,-1,-1,0x1002480594140405,1493,1665,1730,988,2012,1459,1743,1500,1500,1466,1193,1449,1500,1500,1500,1500,1500,1500,1372,1628,1500,1585,1500,2012,1500,1807,1665,1500,1520,1653,1500,2012,8.4
2026-04-17,20:32:44.580,-54,-53,10,3962,16360,25,44,16,11316,30,7,237,1024,-519,673,1024,203,0,0,-1,-1,-1,0x1002480496180045,1749,1279,1730,1281,2012,2012,1233,1220,1500,2012,1193,1449,1500,1500,1500,1500,1500,1220,988,2012,1500,1585,1500,988,1500,1427,1500,1500,1520,1653,1170,2012,8.4
2026-04-17,20:32:45.080,-54,-57,10,3962,0,25,44,16,4524,30,7,238,1024,91,673,1024,203,0,0,-1,-1,-1,0x1002480494140005,1749,1529,1730,988,2012,2012,1545,1500,1500,2012,1193,1449,1500,1500,1500,1500,1500,1500,1372,1628,1500,1585,1500,2012,1500,1561,1529,1500,1520,1653,1500,2012,8.4
2026-04-17,20:32:45.580,-53,-57,10,3975,1330,25,44,16,1620,30,7,238,1024,335,673,1024,203,0,0,-1,-1,-1,0x1002480594140445,1749,1602,1730,988,2012,2012,1667,1500,1500,2012,1193,1449,1500,1500,1500,1500,1500,1500,1372,1628,1500,1585,1500,2012,1500,1723,1602,1500,1520,1653,1500,2012,8.4
2026-04-17,20:32:46.080,-58,-58,10,3974,7770,25,44,16,5966,30,7,239,1024,3,673,1024,203,0,0,-1,-1,-1,0x1002480494140005,1749,1500,1730,988,2012,2012,1501,1500,1500,2012,1193,1449,1500,1500,1500,1500,1500,1500,988,2012,1500,1585,1500,2012,1500,1502,1500,1500,1520,1653,1500,2012,8.4
2026-04-17,20:32:46.580,-58,-55,10,3981,2410,25,44,16,3264,30,7,240,1024,4,673,1024,203,0,0,-1,-1,-1,0x1002480494140045,1749,1501,1730,988,2012,2012,1502,1500,1500,2012,1193,1449,1500,1500,1500,1500,1500,1500,1168,1832,1500,1585,1500,2012,1500,1503,1501,1500,1520,1653,1500,2012,8.4
2026-04-17,20:32:47.080,-58,-52,10,3987,2200,25,44,16,3190,30,7,240,1024,375,673,1024,203,0,0,-1,-1,-1,0x1002480594140405,1749,1617,1730,988,2012,2012,1687,1500,1500,2012,1193,1449,1500,1500,1500,1500,1500,1500,1372,1628,1500,1585,1500,2012,1500,1745,1617,1500,1520,1653,1500,2012,8.4
2026-04-17,20:32:47.580,-47,-60,10,3982,14500,25,44,16,9280,30,7,241,28,203,673,1024,203,0,0,-1,-1,-1,0x1002480590140045,1506,1558,1730,988,2012,1514,1601,1500,1500,1509,1193,1449,1500,1500,1500,1500,1500,1500,1372,1628,1500,1585,1500,2012,1500,1680,1558,1500,1520,1653,1500,2012,8.4
2026-04-17,20:32:48.080,-48,-54,10,3975,16110,25,44,16,11750,30,7,243,525,709,672,1024,203,0,0,-1,-1,-1,0x1002480594140405,1586,1771,1730,988,2012,1762,1854,1500,1500,1739,1193,1449,1500,1500,1500,1500,1500,1500,1372,1628,1500,1585,1500,2012,1500,1901,1771,1500,1520,1653,1500,2012,8.4
2026-04-17,20:32:48.580,-53,-52,10,3955,34780,25,44,16,19788,30,7,245,13,837,672,1024,203,0,0,-1,-1,-1,0x1002480590140045,1505,1844,1730,988,2012,1506,1918,1500,1500,1507,1193,1449,1500,1500,1500,1500,1500,1500,1372,1628,1500,1585,1500,2012,1500,1946,1844,1500,1520,1653,1500,2012,8.4
2026-04-17,20:32:49.080,-59,-61,10,3948,2340,25,44,16,8318,30,7,248,683,198,673,1024,203,0,0,-1,-1,-1,0x1002480594140405,1631,1564,1730,988,2012,1841,1599,1500,1500,1835,1193,1449,1500,1500,1500,1500,1500,1500,1372,1628,1500,1585,1500,2012,1500,1652,1564,1500,1520,1653,1500,2012,8.4
2026-04-17,20:32:49.580,-55,-61,10,3947,4900,25,44,16,6636,30,7,249,1024,6,673,1024,202,0,0,-1,-1,-1,0x1002480594140445,1749,1505,1730,988,2012,2012,1503,1500,1500,2012,1193,1449,1500,1500,1500,1500,1500,1500,1321,1679,1500,1585,1500,2012,1500,1525,1505,1500,1520,1653,1500,2012,8.4
2026-04-17,20:32:50.080,-52,-61,10,3951,8820,25,44,16,7310,30,7,250,1024,15,673,1024,203,0,0,-1,-1,-1,0x1002480494140005,1749,1505,1730,988,2012,2012,1507,1500,1500,2012,1193,1449,1500,1500,1500,1500,1500,1500,1029,2012,1500,1585,1500,2012,1500,1512,1505,1500,1520,1653,1500,2012,8.4
2026-04-17,20:32:50.580,-57,-57,10,3960,12360,25,44,16,7430,30,7,250,722,530,673,1024,203,0,0,-1,-1,-1,0x1002480594140045,1644,1660,1730,988,2012,1861,1765,1500,1500,1861,1193,1449,1500,1500,1500,1500,1500,1500,1372,1628,1500,1585,1500,2012,1500,1807,1660,1500,1520,1653,1500,2012,8.4
2026-04-17,20:32:51.080,-63,-59,10,3966,32540,25,44,16,19056,30,7,253,-2,817,673,1024,203,0,0,-1,-1,-1,0x1002480590140405,1503,1838,1730,988,2012,1499,1908,1500,1500,1499,1193,1449,1500,1500,1500,1500,1500,1500,1372,1628,1500,1585,1500,2012,1500,1942,1838,1500,1520,1653,1500,2012,8.4
2026-04-17,20:32:51.580,-63,-59,10,3950,16950,25,44,16,14550,30,7,257,-493,21,673,1024,203,0,0,-1,-1,-1,0x1002480594140445,1417,1507,1730,988,2012,1254,1510,1500,1500,1263,1193,1449,1500,1500,1500,1500,1500,1500,1080,2012,1500,1585,1500,2012,1500,1516,1507,1500,1520,1653,1500,2012,8.4
2026-04-17,20:32:52.080,-63,-57,10,3947,2410,25,44,16,6992,30,7,257,-519,459,672,1024,203,0,0,-1,-1,-1,0x1002480594140005,1405,1645,1730,988,2012,1241,1729,1500,1500,1235,1193,1449,1500,1500,1500,1500,1500,1500,1372,1628,1500,1585,1500,2012,1500,1782,1645,1500,1520,1653,1500,2012,8.4
2026-04-17,20:32:52.580,-63,-57,10,3945,7180,25,44,16,8608,30,8,258,-547,285,673,1024,203,0,0,-1,-1,-1,0x1002480594140445,1401,1604,1730,988,2012,1227,1642,1500,1500,1227,1193,1449,1500,1500,1500,1500,1500,1500,1372,1628,1500,1585,1500,2012,1500,1738,1604,1500,1520,1653,1500,2012,8.4
2026-04-17,20:32:53.080,-63,-58,10,3949,1890,25,44,16,5926,31,8,259,-77,0,673,1024,203,0,0,-1,-1,-1,0x1002480494140005,1489,1500,1730,988,2012,1462,1500,1500,1500,1454,1193,1449,1500,1500,1500,1500,1500,1500,1305,2012,1500,1585,1500,2012,1500,1500,1500,1500,1520,1653,1500,2012,8.4
2026-04-17,20:32:53.580,-63,-42,10,3972,0,25,44,16,2970,31,8,259,5,4,673,1024,203,0,0,-1,-1,-1,0x1002480490140045,1504,1501,1730,988,2012,1502,1502,1500,1500,1502,1193,1449,1500,1500,1500,1500,1500,1500,1372,2012,1500,1585,1500,2012,1500,1502,1501,1500,1520,1653,1500,2012,8.4
2026-04-17,20:32:54.080,-63,-41,10,3979,0,25,44,16,1056,31,8,259,4,0,673,1024,203,0,0,-1,-1,-1,0x1002480490140005,1504,1500,1730,988,2012,1502,1500,1500,1500,1502,1193,1449,1500,1500,1500,1500,1500,1500,1442,2012,1500,1585,1500,2012,1500,1500,1500,1500,1520,1653,1500,2012,8.4
2026-04-17,20:32:54.580,-54,-48,10,3981,0,25,44,16,0,31,8,259,4,0,673,1024,203,0,0,-1,-1,-1,0x1002480290140005,1504,1500,1730,988,2012,1502,1500,1500,1500,1502,1193,1449,1500,1500,1500,1500,1500,1500,1500,2012,1500,1585,1500,2012,1500,1500,1500,1500,1520,1653,1500,2012,8.4
2026-04-17,20:32:55.080,-54,-54,10,3982,0,25,44,16,0,31,8,259,5,0,673,1024,203,0,0,-1,-1,-1,0x1002480290140005,1504,1500,1730,988,2012,1502,1500,1500,1500,1502,1193,1449,1500,1500,1500,1500,1500,1500,1500,2012,1500,1585,1500,2012,1500,1500,1500,1500,1520,1653,1500,2012,8.4
2026-04-17,20:32:55.580,-55,-54,10,3983,0,25,44,16,0,31,8,259,5,0,673,1024,203,0,0,-1,-1,-1,0x1002480290140005,1504,1500,1730,988,2012,1502,1500,1500,1500,1502,1193,1449,1500,1500,1500,1500,1500,1500,1500,2012,1500,1585,1500,2012,1500,1500,1500,1500,1520,1653,1500,2012,8.4
2026-04-17,20:32:56.080,-57,-54,10,3983,0,25,44,16,0,31,8,259,4,0,673,1024,203,0,0,-1,-1,-1,0x1002480A90140004,1504,1500,1518,988,2012,1502,1500,1500,1500,1502,1193,1449,1500,1500,1500,1500,1500,1500,1500,2012,1500,1585,1500,2012,1500,1500,1500,1500,1520,1653,1500,2012,8.4
2026-04-17,20:32:56.580,-58,-52,10,3983,0,25,44,16,0,31,8,259,5,1,673,1024,203,0,0,-1,-1,-1,0x1002480A90140004,1504,1500,1500,988,2012,1502,1500,1500,1500,1502,1193,1449,1500,1500,1500,1500,1500,1500,1500,2012,1500,1585,1500,2012,1500,1501,1500,1500,1520,1653,1500,2012,8.4
2026-04-17,20:32:57.080,-58,-50,10,3983,0,25,44,16,0,31,8,259,6,1,673,1024,203,0,0,-1,-1,-1,0x1002480A90140004,1504,1500,1500,988,2012,1503,1500,1500,1500,1503,1193,1449,1500,1500,1500,1500,1500,1500,1500,2012,1500,1585,1500,2012,1500,1501,1500,1500,1520,1653,1500,2012,8.4
2026-04-17,20:32:57.580,-58,-50,10,3984,0,25,44,16,0,30,8,259,5,1,673,1024,203,0,0,-1,-1,-1,0x1002480A90140004,1504,1500,1500,988,2012,1502,1500,1500,1500,1502,1193,1449,1500,1500,1500,1500,1500,1500,1500,2012,1500,1585,1500,2012,1500,1501,1500,1500,1520,1653,1500,2012,8.4
2026-04-17,20:32:58.080,-58,-48,10,3987,0,25,44,16,0,30,8,259,4,1,673,1024,203,0,0,-1,-1,-1,0x1002480A90140004,1504,1500,1500,988,2012,1502,1500,1500,1500,1502,1193,1449,1500,1500,1500,1500,1500,1500,1500,2012,1500,1585,1500,2012,1500,1501,1500,1500,1520,1653,1500,2012,8.4
2026-04-17,20:32:58.580,-58,-47,10,3991,0,25,44,16,0,30,8,259,5,1,673,1024,203,0,0,-1,-1,-1,0x1002480A90140004,1504,1500,1500,988,2012,1502,1500,1500,1500,1502,1193,1449,1500,1500,1500,1500,1500,1500,1500,2012,1500,1585,1500,2012,1500,1501,1500,1500,1520,1653,1500,2012,8.4
2026-04-17,20:32:59.080,-58,-46,10,3994,0,25,44,16,0,30,8,259,5,1,673,1024,203,0,0,-1,-1,-1,0x1002480A90140004,1504,1500,1500,988,2012,1502,1500,1500,1500,1502,1193,1449,1500,1500,1500,1500,1500,1500,1500,2012,1500,1585,1500,2012,1500,1501,1500,1500,1520,1653,1500,2012,8.4
2026-04-17,20:32:59.580,-58,-47,10,3998,0,25,44,16,0,30,8,259,6,1,673,1024,203,0,0,-1,-1,-1,0x1002480A90140004,1504,1500,1500,988,2012,1503,1500,1500,1500,1502,1193,1449,1500,1500,1500,1500,1500,1500,1500,2012,1500,1585,1500,2012,1500,1501,1500,1500,1520,1653,1500,2012,8.4
2026-04-17,20:33:00.080,-58,-47,10,4000,0,25,44,16,0,30,8,259,5,-1,673,1024,203,0,0,-1,-1,-1,0x1002480A90140004,1504,1499,1500,988,2012,1502,1500,1499,1500,1502,1193,1449,1500,1500,1500,1500,1500,1499,1500,2012,1500,1585,1500,2012,1500,1499,1500,1500,1520,1653,1499,2012,8.4
2026-04-17,20:33:00.580,-58,-49,10,4000,0,25,44,16,0,30,8,259,3,63,673,1024,203,0,0,-1,-1,-1,0x1002480A90140004,1504,1519,1500,988,2012,1501,1531,1500,1500,1501,1193,1449,1500,1500,1500,1500,1500,1500,1500,2012,1500,1585,1500,2012,1500,1540,1519,1500,1520,1653,1500,2012,8.4
2026-04-17,20:33:01.080,-58,-48,10,4000,1150,25,44,16,2016,30,8,259,15,340,673,1024,203,0,0,-1,-1,-1,0x1002480590140045,1505,1600,1730,988,2012,1507,1670,1500,1500,1507,1193,1449,1500,1500,1500,1500,1500,1500,1372,1628,1500,1585,1500,2012,1500,1726,1600,1500,1520,1653,1500,2012,8.4
2026-04-17,20:33:01.580,-58,-45,10,3995,10930,25,44,16,8192,30,8,260,7,1,673,1024,203,0,0,-1,-1,-1,0x1002480490140005,1504,1500,1730,988,2012,1503,1500,1500,1500,1503,1193,1449,1500,1500,1500,1500,1500,1500,1050,2012,1500,1585,1500,2012,1500,1501,1500,1500,1520,1653,1500,2012,8.4
2026-04-17,20:33:02.080,-58,-32,10,3995,0,25,44,16,5350,30,8,261,-2,1,673,1024,203,0,0,-1,-1,-1,0x1002480490140045,1503,1500,1730,988,2012,1499,1500,1500,1500,1500,1193,1449,1500,1500,1500,1500,1500,1500,1372,2012,1500,1585,1500,2012,1500,1501,1500,1500,1520,1653,1500,2012,8.4
2026-04-17,20:33:02.580,-44,-39,10,3995,0,25,44,16,3980,30,8,261,-237,2,673,1024,203,0,0,-1,-1,-1,0x1002480494140005,1464,1500,1730,988,2012,1382,1501,1500,1500,1382,1193,1449,1500,1500,1500,1500,1500,1500,1372,2012,1500,1585,1500,2012,1500,1501,1500,1500,1520,1653,1500,2012,8.4
2026-04-17,20:33:03.080,-39,-44,10,3994,0,25,44,16,2628,30,8,261,5,8,673,1024,203,0,0,-1,-1,-1,0x1002480490140045,1504,1503,1730,988,2012,1502,1504,1500,1500,1502,1193,1449,1500,1500,1500,1500,1500,1500,1500,2012,1500,1585,1500,2012,1500,1507,1503,1500,1520,1653,1500,2012,8.4
2026-04-17,20:33:03.580,-47,-62,10,3996,0,25,44,16,1430,30,8,261,10,6,673,1024,203,0,0,-1,-1,-1,0x1002480490140005,1505,1502,1730,988,2012,1505,1503,1500,1500,1504,1193,1449,1500,1500,1500,1500,1500,1500,1500,2012,1500,1585,1500,2012,1500,1505,1502,1500,1520,1653,1500,2012,8.4
2026-04-17,20:33:04.080,-41,-62,10,4000,0,25,44,16,420,30,8,261,4,2,673,1024,203,0,0,-1,-1,-1,0x1002480090140005,1504,1500,1730,988,2012,1502,1501,1500,1500,1502,1193,1449,1500,1500,1500,1500,1500,1500,1500,2012,1500,1585,1500,2012,1500,1501,1500,1500,1520,1653,1500,2012,8.4
2026-04-17,20:33:04.580,-41,-62,10,4000,0,25,44,16,0,30,8,261,9,6,673,1024,203,0,0,-1,-1,-1,0x1002480290140005,1505,1501,1633,988,2012,1504,1503,1500,1500,1504,1193,1449,1500,1500,1500,1500,1500,1500,1500,2012,1500,1585,1500,2012,1500,1505,1501,1500,1520,1653,1500,2012,8.4
2026-04-17,20:33:05.080,-45,-50,10,3999,8860,25,44,16,3286,29,8,261,792,256,673,1024,203,0,0,-1,-1,-1,0x1002480594140445,1656,1582,1730,988,2012,1896,1628,1500,1500,1884,1193,1449,1500,1500,1500,1500,1500,1500,1372,1628,1500,1585,1500,2012,1500,1693,1582,1500,1520,1653,1500,2012,8.4
2026-04-17,20:33:05.580,-43,-50,10,3998,7630,25,44,16,4518,29,8,262,-6,452,673,1024,202,0,0,-1,-1,-1,0x1002480590140045,1504,1641,1730,988,2012,1497,1726,1500,1500,1503,1193,1449,1500,1500,1500,1500,1500,1500,1372,1628,1500,1585,1500,2012,1500,1779,1641,1500,1520,1653,1500,2012,8.4
2026-04-17,20:33:06.080,-42,-40,10,3992,5880,25,44,16,9082,29,8,263,5,451,673,1024,203,0,0,-1,-1,-1,0x1002480590140405,1504,1646,1730,988,2012,1502,1725,1500,1500,1503,1193,1449,1500,1500,1500,1500,1500,1500,1372,1628,1500,1585,1500,2012,1500,1784,1646,1500,1520,1653,1500,2012,8.4
2026-04-17,20:33:06.580,-51,-60,10,3982,15440,25,44,16,11482,29,8,265,-526,698,673,1024,203,0,0,-1,-1,-1,0x1002480594140045,1406,1759,1730,988,2012,1237,1849,1500,1500,1238,1193,1449,1500,1500,1500,1500,1500,1500,1372,1628,1500,1585,1500,2012,1500,1892,1759,1500,1520,1653,1500,2012,8.4
2026-04-17,20:33:07.080,-60,-62,10,3961,26310,25,44,16,20132,29,8,268,9,612,673,1024,203,0,0,-1,-1,-1,0x1002480590140405,1505,1740,1730,988,2012,1504,1806,1500,1500,1504,1193,1449,1500,1500,1500,1500,1500,1500,1372,1628,1500,1585,1500,2012,1500,1871,1740,1500,1520,1653,1500,2012,8.4
2026-04-17,20:33:07.580,-65,-66,10,3956,3110,25,44,16,10570,29,8,270,-19,11,673,1024,203,0,0,-1,-1,-1,0x1002480490140045,1501,1503,1730,988,2012,1491,1505,1500,1500,1490,1193,1449,1500,1500,1500,1500,1500,1500,1275,2012,1500,1585,1500,2012,1500,1508,1503,1500,1520,1653,1500,2012,8.4
2026-04-17,20:33:08.080,-65,-70,10,3955,10150,25,44,16,8024,29,8,270,864,626,672,1024,203,0,0,-1,-1,-1,0x1002480594140005,1685,1720,1730,988,2012,1932,1813,1500,1500,1932,1193,1449,1500,1500,1500,1500,1500,1500,1372,1628,1500,1585,1500,2012,1500,1863,1720,1500,1520,1653,1500,2012,8.4
2026-04-17,20:33:08.580,-65,-62,10,3953,4370,25,44,16,3642,29,8,271,809,699,673,1024,203,0,0,-1,-1,-1,0x1002480594140445,1667,1754,1730,988,2012,1904,1849,1500,1500,1904,1193,1449,1500,1500,1500,1500,1500,1500,1372,1628,1500,1585,1500,2012,1500,1889,1754,1500,1520,1653,1500,2012,8.4
2026-04-17,20:33:09.080,-65,-59,10,3954,3990,25,44,16,6568,29,8,273,1024,258,673,1024,203,0,0,-1,-1,-1,0x1002480594140405,1749,1569,1730,988,2012,2012,1629,1500,1500,2012,1193,1449,1500,1500,1500,1500,1500,1500,1372,1628,1500,1585,1500,2012,1500,1671,1569,1500,1520,1653,1500,2012,8.4
2026-04-17,20:33:09.580,-65,-54,10,3968,3220,25,44,16,5706,29,8,274,1024,285,673,1024,203,0,0,-1,-1,-1,0x1002480594140445,1749,1580,1730,988,2012,2012,1647,1500,1500,2012,1193,1449,1500,1500,1500,1500,1500,1500,1372,1628,1500,1585,1500,2012,1500,1695,1580,1500,1520,1653,1500,2012,8.4
2026-04-17,20:33:10.080,-73,-65,10,3967,4480,25,44,16,4316,30,8,275,1024,326,673,1024,203,0,0,-1,-1,-1,0x1002480594140005,1749,1599,1730,988,2012,2012,1663,1500,1500,2012,1193,1449,1500,1500,1500,1500,1500,1500,1372,1628,1500,1585,1500,2012,1500,1719,1599,1500,1520,1653,1500,2012,8.4
2026-04-17,20:33:10.580,-73,-65,10,3970,8400,25,44,16,5760,30,8,275,12,454,673,1024,203,0,0,-1,-1,-1,0x1002480590140445,1505,1647,1730,988,2012,1506,1727,1500,1500,1506,1193,1449,1500,1500,1500,1500,1500,1500,1372,1628,1500,1585,1500,2012,1500,1786,1647,1500,1520,1653,1500,2012,8.4
2026-04-17,20:33:11.080,-62,-66,10,3971,1500,25,44,16,3592,30,8,276,-431,375,673,1024,202,0,0,-1,-1,-1,0x1002480594140005,1427,1617,1730,988,2012,1285,1687,1500,1500,1286,1193,1449,1500,1500,1500,1500,1500,1500,1372,1628,1500,1585,1500,2012,1500,1745,1617,1500,1520,1653,1500,2012,8.4
2026-04-17,20:33:11.580,-63,-66,10,3976,4620,25,44,16,3614,30,8,277,-878,260,673,1024,203,0,0,-1,-1,-1,0x1002480594140445,1304,1570,1730,988,2012,1061,1630,1500,1500,1068,1193,1449,1500,1500,1500,1500,1500,1500,1372,1628,1500,1585,1500,2012,1500,1674,1570,1500,1520,1653,1500,2012,8.4
2026-04-17,20:33:12.080,-65,-66,10,3978,6300,25,44,16,3498,30,8,278,-961,366,673,1024,203,0,0,-1,-1,-1,0x1002480594140005,1250,1614,1730,988,2012,1020,1683,1500,1500,1013,1193,1449,1500,1500,1500,1500,1500,1500,1372,1628,1500,1585,1500,2012,1500,1741,1614,1500,1520,1653,1500,2012,8.4
2026-04-17,20:33:12.580,-61,-66,10,3975,9170,25,44,16,7546,30,8,279,34,491,673,1024,203,0,0,-1,-1,-1,0x1002480590140445,1509,1662,1730,988,2012,1517,1745,1500,1500,1516,1193,1449,1500,1500,1500,1500,1500,1500,1372,1628,1500,1585,1500,2012,1500,1804,1662,1500,1520,1653,1500,2012,8.4
2026-04-17,20:33:13.080,-57,-66,10,3976,3500,25,44,16,7524,30,8,280,38,3,673,1024,203,0,0,-1,-1,-1,0x1002480490140005,1509,1501,1730,988,2012,1519,1501,1500,1500,1518,1193,1449,1500,1500,1500,1500,1500,1500,1122,2012,1500,1585,1500,2012,1500,1502,1501,1500,1520,1653,1500,2012,8.4
2026-04-17,20:33:13.580,-50,-66,10,3978,0,25,44,16,2624,30,8,280,270,209,673,1024,203,0,0,-1,-1,-1,0x1002480594140445,1548,1560,1730,988,2012,1635,1609,1500,1500,1635,1193,1449,1500,1500,1500,1500,1500,1500,1372,1628,1500,1585,1500,2012,1500,1649,1560,1500,1520,1653,1500,2012,8.4
2026-04-17,20:33:14.080,-44,-66,10,3979,4270,25,44,16,3884,30,8,280,350,15,673,1024,203,0,0,-1,-1,-1,0x1002480494140005,1562,1501,1730,988,2012,1669,1507,1500,1500,1675,1193,1449,1500,1500,1500,1500,1500,1500,988,2012,1500,1585,1500,2012,1500,1503,1501,1500,1520,1653,1500,2012,8.4
2026-04-17,20:33:14.580,-49,-49,10,3983,1290,25,44,16,3570,30,8,281,6,21,673,1024,203,0,0,-1,-1,-1,0x1002480590140045,1504,1507,1730,988,2012,1503,1510,1500,1500,1503,1193,1449,1500,1500,1500,1500,1500,1500,1018,2012,1500,1585,1500,2012,1500,1516,1507,1500,1520,1653,1500,2012,8.4
2026-04-17,20:33:15.080,-45,-51,10,3990,1990,25,44,16,2050,30,8,281,-217,283,673,1024,203,0,0,-1,-1,-1,0x1002480594140405,1469,1583,1730,988,2012,1392,1641,1500,1500,1398,1193,1449,1500,1500,1500,1500,1500,1500,1372,1628,1500,1585,1500,2012,1500,1694,1583,1500,1520,1653,1500,2012,8.4
2026-04-17,20:33:15.580,-41,-51,10,3989,3500,25,44,16,3996,30,8,281,-782,368,673,1024,203,0,0,-1,-1,-1,0x1002480594140045,1335,1611,1730,988,2012,1109,1684,1500,1500,1109,1193,1449,1500,1500,1500,1500,1500,1500,1372,1628,1500,1585,1500,2012,1500,1737,1611,1500,1520,1653,1500,2012,8.4
2026-04-17,20:33:16.080,-44,-51,10,3985,11240,25,44,16,8872,30,8,283,31,43,673,1024,203,0,0,-1,-1,-1,0x1002480490140005,1508,1511,1730,988,2012,1520,1521,1500,1500,1515,1193,1449,1500,1500,1500,1500,1500,1500,988,2012,1500,1585,1500,2012,1500,1525,1511,1500,1520,1653,1500,2012,8.4
2026-04-17,20:33:16.580,-49,-51,10,3985,14150,25,44,16,8812,30,8,283,483,114,673,1024,203,0,0,-1,-1,-1,0x1002480594140045,1598,1544,1730,988,2012,1741,1557,1500,1500,1765,1193,1449,1500,1500,1500,1500,1500,1500,1372,1628,1500,1585,1500,2012,1500,1648,1544,1500,1520,1653,1500,2012,8.4
2026-04-17,20:33:17.080,-50,-62,10,3976,12430,25,44,16,11652,30,8,285,2,635,672,1024,203,0,0,-1,-1,-1,0x1002480590140405,1503,1732,1730,988,2012,1501,1817,1500,1500,1501,1193,1449,1500,1500,1500,1500,1500,1500,1372,1628,1500,1585,1500,2012,1500,1871,1732,1500,1520,1653,1500,2012,8.4
2026-04-17,20:33:17.580,-57,-66,10,3973,2620,25,44,16,7594,30,8,286,531,466,673,1024,203,0,0,-1,-1,-1,0x1002480594140045,1598,1652,1730,988,2012,1765,1738,1500,1500,1765,1193,1449,1500,1500,1500,1500,1500,1500,1372,1628,1500,1585,1500,2012,1500,1791,1652,1500,1520,1653,1500,2012,8.4
2026-04-17,20:33:18.080,-60,-66,10,3969,11280,25,44,16,9924,30,8,287,677,586,673,1024,203,0,0,-1,-1,-1,0x1002480594140405,1633,1700,1730,988,2012,1838,1793,1500,1500,1838,1193,1449,1500,1500,1500,1500,1500,1500,1372,1628,1500,1585,1500,2012,1500,1846,1700,1500,1520,1653,1500,2012,8.4
2026-04-17,20:33:18.580,-58,-66,10,3963,10580,26,44,16,11088,30,8,289,1,-1,673,1024,203,0,0,-1,-1,-1,0x1002480490140045,1503,1499,1730,988,2012,1500,1500,1499,1500,1500,1193,1449,1500,1500,1500,1500,1500,1499,1014,1986,1500,1585,1500,2012,1500,1521,1500,1500,1520,1653,1499,2012,8.4
2026-04-17,20:33:19.080,-67,-58,10,3966,0,26,44,16,7644,30,8,289,642,8,673,1024,203,0,0,-1,-1,-1,0x1002480494140005,1624,1502,1730,988,2012,1826,1504,1500,1500,1820,1193,1449,1500,1500,1500,1500,1500,1500,1372,2012,1500,1585,1500,2012,1500,1506,1502,1500,1520,1653,1500,2012,8.4
2026-04-17,20:33:19.580,-65,-60,10,3972,0,26,44,16,4920,30,9,289,1024,32,673,1024,203,0,0,-1,-1,-1,0x1002480594140045,1749,1511,1730,988,2012,2012,1516,1500,1500,2012,1193,1449,1500,1500,1500,1500,1500,1500,1372,2012,1500,1585,1500,2012,1500,1524,1511,1500,1520,1653,1500,2012,8.4
2026-04-17,20:33:20.080,-65,-58,10,3972,0,26,44,16,3034,30,9,289,1024,30,673,1024,203,0,0,-1,-1,-1,0x1002480594140405,1749,1511,1730,988,2012,2012,1515,1500,1500,2012,1193,1449,1500,1500,1500,1500,1500,1500,1500,2012,1500,1585,1500,2012,1500,1523,1511,1500,1520,1653,1500,2012,8.4
2026-04-17,20:33:20.580,-65,-59,10,3978,0,26,44,16,634,31,9,289,327,38,673,1024,203,0,0,-1,-1,-1,0x1002480594140045,1557,1514,1730,988,2012,1663,1519,1500,1500,1663,1193,1449,1500,1500,1500,1500,1500,1500,1500,2012,1500,1585,1500,2012,1500,1530,1514,1500,1520,1653,1500,2012,8.4
2026-04-17,20:33:21.080,-65,-58,10,3983,0,26,44,16,0,31,9,289,1,33,673,1024,203,0,0,-1,-1,-1,0x1002480190140405,1503,1512,1730,988,2012,1500,1516,1500,1500,1500,1193,1449,1500,1500,1500,1500,1500,1500,1500,2012,1500,1585,1500,2012,1500,1526,1512,1500,1520,1653,1500,2012,8.4
2026-04-17,20:33:21.580,-65,-57,10,3983,10650,25,44,16,3636,31,9,290,967,454,672,1024,203,0,0,-1,-1,-1,0x1002480594140045,1724,1647,1730,988,2012,1983,1727,1500,1500,1983,1193,1449,1500,1500,1500,1500,1500,1500,1372,1628,1500,1585,1500,2012,1500,1786,1647,1500,1520,1653,1500,2012,8.4
2026-04-17,20:33:22.080,-65,-62,10,3972,18950,25,44,16,12864,31,9,292,11,685,673,1024,203,0,0,-1,-1,-1,0x1002480590140445,1505,1746,1730,988,2012,1505,1842,1500,1500,1505,1193,1449,1500,1500,1500,1500,1500,1500,1372,1628,1500,1585,1500,2012,1500,1887,1746,1500,1520,1653,1500,2012,8.4
2026-04-17,20:33:22.580,-67,-64,10,3955,15900,25,44,16,14792,30,9,295,1,1,673,1024,203,0,0,-1,-1,-1,0x1002480490140005,1503,1500,1730,988,2012,1500,1500,1500,1500,1500,1193,1449,1500,1500,1500,1500,1500,1500,988,2012,1500,1585,1500,2012,1500,1501,1500,1500,1520,1653,1500,2012,8.4
2026-04-17,20:33:23.080,-67,-65,10,3955,0,26,44,16,8704,30,9,296,-1024,3,673,1024,203,0,0,-1,-1,-1,0x1002480494140045,1223,1501,1730,988,2012,988,1501,1500,1500,989,1193,1449,1500,1500,1500,1500,1500,1500,1372,2012,1500,1585,1500,2012,1500,1502,1501,1500,1520,1653,1500,2012,8.4
2026-04-17,20:33:23.580,-67,-63,10,3955,2690,26,44,16,3122,30,9,296,-823,439,673,1024,203,0,0,-1,-1,-1,0x1002480594140005,1317,1641,1730,988,2012,1089,1719,1500,1500,1084,1193,1449,1500,1500,1500,1500,1500,1500,1372,1628,1500,1585,1500,2012,1500,1778,1641,1500,1520,1653,1500,2012,8.4
2026-04-17,20:33:24.080,-76,-63,10,3951,13970,26,44,16,10132,30,9,297,-108,692,673,1024,203,0,0,-1,-1,-1,0x1002480594140445,1486,1750,1730,988,2012,1446,1846,1500,1500,1447,1193,1449,1500,1500,1500,1500,1500,1500,1372,1628,1500,1585,1500,2012,1500,1886,1750,1500,1520,1653,1500,2012,8.4
2026-04-17,20:33:24.580,-76,-57,10,3943,12120,26,44,16,15030,30,9,301,-537,1,673,1024,203,0,0,-1,-1,-1,0x1002480494140005,1407,1500,1730,988,2012,1225,1500,1500,1500,1240,1193,1449,1500,1500,1500,1500,1500,1500,1168,1832,1500,1585,1500,2012,1500,1505,1500,1500,1520,1653,1500,2012,8.4
2026-04-17,20:33:25.080,-76,-46,10,3952,3600,26,44,16,7004,30,9,302,-572,353,673,1024,203,0,0,-1,-1,-1,0x1002480594140045,1392,1613,1730,988,2012,1214,1676,1500,1500,1209,1193,1449,1500,1500,1500,1500,1500,1500,1372,1628,1500,1585,1500,2012,1500,1740,1613,1500,1520,1653,1500,2012,8.4
2026-04-17,20:33:25.580,-76,-37,10,3952,870,26,44,16,4830,30,9,302,93,3,673,1024,203,0,0,-1,-1,-1,0x1002480494140005,1521,1500,1730,988,2012,1539,1501,1500,1500,1556,1193,1449,1500,1500,1500,1500,1500,1500,1275,2012,1500,1585,1500,2012,1500,1501,1500,1500,1520,1653,1500,2012,8.4
2026-04-17,20:33:26.080,-76,-28,10,3953,1010,26,44,16,1812,30,9,302,4,30,673,1024,203,0,0,-1,-1,-1,0x1002480590140045,1504,1515,1730,988,2012,1502,1515,1500,1500,1502,1193,1449,1500,1500,1500,1500,1500,1500,1270,1730,1500,1585,1500,2012,1500,1523,1515,1500,1520,1653,1500,2012,8.4
2026-04-17,20:33:26.580,-76,-30,10,3966,0,26,44,16,878,30,9,302,5,1,673,1024,203,0,0,-1,-1,-1,0x1002480490140005,1504,1500,1730,988,2012,1502,1500,1500,1500,1502,1193,1449,1500,1500,1500,1500,1500,1500,1366,2012,1500,1585,1500,2012,1500,1501,1500,1500,1520,1653,1500,2012,8.4
2026-04-17,20:33:27.080,-76,-30,10,3982,0,26,44,16,258,31,9,302,5,2,673,1024,203,0,0,-1,-1,-1,0x1002480090140005,1504,1500,1730,988,2012,1502,1501,1500,1500,1502,1193,1449,1500,1500,1500,1500,1500,1500,1372,2012,1500,1585,1500,2012,1500,1501,1500,1500,1520,1653,1500,2012,8.4
2026-04-17,20:33:27.580,-76,-29,10,3983,0,26,44,16,0,31,9,302,5,2,673,1024,203,0,0,-1,-1,-1,0x1002480090140005,1504,1500,1730,988,2012,1502,1501,1500,1500,1502,1193,1449,1500,1500,1500,1500,1500,1500,1500,2012,1500,1585,1500,2012,1500,1501,1500,1500,1520,1653,1500,2012,8.4
2026-04-17,20:33:28.080,-76,-30,10,3984,0,26,44,16,0,31,9,302,4,3,673,1024,203,0,0,-1,-1,-1,0x1002480290140005,1504,1501,1730,988,2012,1502,1501,1500,1500,1502,1193,1449,1500,1500,1500,1500,1500,1500,1500,2012,1500,1585,1500,2012,1500,1501,1501,1500,1520,1653,1500,2012,8.4
2026-04-17,20:33:28.580,-76,-30,10,3983,0,26,44,16,0,31,9,302,4,2,673,1024,203,0,0,-1,-1,-1,0x1002480A90140005,1504,1500,1730,988,2012,1502,1501,1500,1500,1502,1193,1449,1500,1500,1500,1500,1500,1500,1500,2012,1500,1585,1500,2012,1500,1501,1500,1500,1520,1653,1500,2012,8.4
2026-04-17,20:33:29.080,-76,-30,10,3983,0,26,44,16,0,31,9,302,4,3,673,1024,203,0,0,-1,-1,-1,0x1002480A90140005,1504,1501,1721,988,2012,1502,1501,1500,1500,1502,1193,1449,1500,1500,1500,1500,1500,1500,1500,2012,1500,1585,1500,2012,1500,1502,1501,1500,1520,1653,1500,2012,8.4
2026-04-17,20:33:29.580,-76,-32,10,3983,1150,26,44,16,150,30,9,302,353,201,673,1024,203,0,0,-1,-1,-1,0x1002480994140005,1558,1558,1702,988,2012,1676,1600,1500,1500,1664,1193,1449,1500,1500,1500,1500,1500,1500,1372,1628,1500,1585,1500,2012,1500,1643,1558,1500,1520,1653,1500,2012,8.4
2026-04-17,20:33:30.080,-30,-33,10,3982,9630,26,44,16,6178,30,9,303,2,318,673,1024,203,0,0,-1,-1,-1,0x1002480590140445,1503,1607,1730,988,2012,1501,1648,1500,1500,1501,1193,1449,1500,1500,1500,1500,1500,1500,1372,1628,1500,1585,1500,2012,1500,1723,1607,1500,1520,1653,1500,2012,8.4
2026-04-17,20:33:30.580,-41,-42,10,3981,2030,26,44,16,6178,30,9,304,103,1,673,1024,203,0,0,-1,-1,-1,0x1002480494140005,1518,1500,1730,988,2012,1551,1500,1500,1500,1545,1193,1449,1500,1500,1500,1500,1500,1500,1296,2012,1500,1585,1500,2012,1500,1501,1500,1500,1520,1653,1500,2012,8.4
2026-04-17,20:33:31.080,-41,-39,10,3981,0,26,44,16,4506,30,9,304,567,1,673,1024,203,0,0,-1,-1,-1,0x1002480494140045,1609,1500,1730,988,2012,1783,1500,1500,1500,1790,1193,1449,1500,1500,1500,1500,1500,1500,1372,2012,1500,1585,1500,2012,1500,1501,1500,1500,1520,1653,1500,2012,8.4
2026-04-17,20:33:31.580,-41,-38,10,3981,0,26,44,16,1782,30,9,304,3,3,673,1024,203,0,0,-1,-1,-1,0x1002480490140005,1504,1500,1730,988,2012,1501,1501,1500,1500,1501,1193,1449,1500,1500,1500,1500,1500,1500,1427,2012,1500,1585,1500,2012,1500,1501,1500,1500,1520,1653,1500,2012,8.4
2026-04-17,20:33:32.080,-41,-39,10,3981,0,26,44,16,262,30,9,304,3,2,673,1024,203,0,0,-1,-1,-1,0x1002480290140005,1504,1500,1730,988,2012,1501,1501,1500,1500,1501,1193,1449,1500,1500,1500,1500,1500,1500,1500,2012,1500,1585,1500,2012,1500,1501,1500,1500,1520,1653,1500,2012,8.4
2026-04-17,20:33:32.580,-41,-35,10,3984,0,26,44,16,628,30,9,304,3,2,673,1024,203,0,0,-1,-1,-1,0x1002480690140045,1504,1500,1730,988,2012,1501,1501,1500,1500,1501,1193,1449,1500,1500,1500,1500,1500,1500,1500,2012,1500,1585,1500,2012,1500,1501,1500,1500,1520,1653,1500,2012,8.4
2026-04-17,20:33:33.080,-41,-36,10,3983,0,26,44,16,274,30,9,304,1,3,673,1024,203,0,0,-1,-1,-1,0x1002480290140005,1503,1501,1730,988,2012,1500,1501,1500,1500,1500,1193,1449,1500,1500,1500,1500,1500,1500,1500,2012,1500,1585,1500,2012,1500,1502,1501,1500,1520,1653,1500,2012,8.4
2026-04-17,20:33:33.580,-41,-35,10,3983,0,26,44,16,0,30,9,304,647,238,673,1024,203,0,0,-1,-1,-1,0x1002480194140405,1622,1564,1624,988,2012,1823,1619,1500,1500,1817,1193,1449,1500,1500,1500,1500,1500,1500,1372,1628,1500,1585,1500,2012,1500,1660,1564,1500,1520,1653,1500,2012,8.4
2026-04-17,20:33:34.080,-51,-45,10,3982,4970,26,44,16,4506,30,9,305,1024,3,673,1024,203,0,0,-1,-1,-1,0x1002480494140045,1748,1501,1730,988,2012,2012,1501,1500,1500,2011,1193,1449,1500,1500,1500,1500,1500,1500,988,2012,1500,1585,1500,2012,1500,1502,1501,1500,1520,1653,1500,2012,8.4
2026-04-17,20:33:34.580,-51,-45,10,3983,2690,26,44,16,676,30,9,305,1024,207,673,1024,203,0,0,-1,-1,-1,0x1002480594140405,1749,1559,1730,988,2012,2012,1603,1500,1500,2012,1193,1449,1500,1500,1500,1500,1500,1500,1372,1628,1500,1585,1500,2012,1500,1647,1559,1500,1520,1653,1500,2012,8.4
2026-04-17,20:33:35.080,-40,-49,10,3984,520,26,44,16,1378,30,9,305,1024,136,673,1024,203,0,0,-1,-1,-1,0x1002480594140405,1749,1543,1730,988,2012,2012,1568,1500,1500,2012,1193,1449,1500,1500,1500,1500,1500,1500,1372,1628,1500,1585,1500,2012,1500,1601,1543,1500,1520,1653,1500,2012,8.4
2026-04-17,20:33:35.580,-38,-49,10,3988,140,26,44,16,874,30,9,305,2,6,673,1024,203,0,0,-1,-1,-1,0x1002480490140045,1503,1502,1730,988,2012,1501,1503,1500,1500,1501,1193,1449,1500,1500,1500,1500,1500,1500,1090,2012,1500,1585,1500,2012,1500,1505,1502,1500,1520,1653,1500,2012,8.4
2026-04-17,20:33:36.080,-38,-49,10,3988,0,26,44,16,0,30,9,305,2,2,673,1024,203,0,0,-1,-1,-1,0x1002480090140005,1503,1500,1730,988,2012,1501,1501,1500,1500,1501,1193,1449,1500,1500,1500,1500,1500,1500,1372,2012,1500,1585,1500,2012,1500,1501,1500,1500,1520,1653,1500,2012,8.4
2026-04-17,20:33:36.580,-34,-49,10,3988,0,26,44,16,0,30,9,305,1,1,673,1024,203,0,0,-1,-1,-1,0x1002480090140005,1503,1500,1730,988,2012,1500,1500,1500,1500,1501,1193,1449,1500,1500,1500,1500,1500,1500,1372,2012,1500,1585,1500,2012,1500,1501,1500,1500,1520,1653,1500,2012,8.4
2026-04-17,20:33:37.080,-31,-49,10,3988,0,26,44,16,0,30,9,305,1,0,673,1024,203,0,0,-1,-1,-1,0x1002480290140005,1503,1500,1730,988,2012,1500,1500,1500,1500,1500,1193,1449,1500,1500,1500,1500,1500,1500,1500,2012,1500,1585,1500,2012,1500,1500,1500,1500,1520,1653,1500,2012,8.4
2026-04-17,20:33:37.580,-31,-49,10,3986,0,26,44,16,0,30,9,305,1,2,673,1024,202,0,0,-1,-1,-1,0x1002480A90140005,1503,1500,1730,988,2012,1500,1501,1500,1500,1500,1193,1449,1500,1500,1500,1500,1500,1500,1500,2012,1500,1585,1500,2012,1500,1501,1500,1500,1520,1653,1500,2012,8.4
2026-04-17,20:33:38.080,-34,-49,10,3983,0,26,44,16,0,30,9,305,0,1,673,1024,203,0,0,-1,-1,-1,0x1002480A90140005,1503,1500,1730,988,2012,1500,1500,1500,1500,1500,1193,1449,1500,1500,1500,1500,1500,1500,1500,2012,1500,1585,1500,2012,1500,1501,1500,1500,1520,1653,1500,2012,8.4
2026-04-17,20:33:38.580,-35,-29,10,3983,0,26,44,16,0,30,9,305,1,6,673,1024,203,0,0,-1,-1,-1,0x1002480A90140005,1503,1501,1615,988,2012,1500,1503,1500,1500,1500,1193,1449,1500,1500,1500,1500,1500,1500,1500,2012,1500,1585,1500,2012,1500,1504,1501,1500,1520,1653,1500,2012,8.4
2026-04-17,20:33:39.080,-35,-32,10,3983,0,26,44,16,0,30,9,305,1,6,673,1024,203,0,0,-1,-1,-1,0x1002480890140004,1503,1501,1500,988,2012,1500,1503,1500,1500,1501,1193,1449,1500,1500,1500,1500,1500,1500,1500,2012,1500,1585,1500,2012,1500,1504,1501,1500,1520,1653,1500,2012,8.4
2026-04-17,20:33:39.580,-35,-29,10,3983,0,25,44,16,566,29,9,305,983,66,673,1024,203,0,0,-1,-1,-1,0x1002480594140444,1725,1524,1509,988,2012,1991,1533,1500,1500,1984,1193,1449,1500,1500,1500,1500,1500,1500,1372,1628,1500,1585,1500,2012,1500,1550,1524,1500,1520,1653,1500,2012,8.4
2026-04-17,20:33:40.080,-39,-33,10,3985,1290,25,44,16,908,29,9,305,1010,7,673,1024,203,0,0,-1,-1,-1,0x1002480594140445,1747,1506,1730,988,2012,2005,1503,1500,1500,2010,1193,1449,1500,1500,1500,1500,1500,1500,1168,1832,1500,1585,1500,2012,1500,1514,1506,1500,1520,1653,1500,2012,8.4
2026-04-17,20:33:40.580,-39,-30,10,3989,1570,25,44,16,886,29,9,306,436,173,673,1024,203,0,0,-1,-1,-1,0x1002480594140445,1578,1551,1730,988,2012,1718,1586,1500,1500,1718,1193,1449,1500,1500,1500,1500,1500,1500,1372,1628,1500,1585,1500,2012,1500,1626,1551,1500,1520,1653,1500,2012,8.4
2026-04-17,20:33:41.080,-39,-27,10,3992,5290,25,44,16,1412,29,9,306,0,236,673,1024,203,0,0,-1,-1,-1,0x1002480590140045,1503,1564,1730,988,2012,1500,1618,1500,1500,1500,1193,1449,1500,1500,1500,1500,1500,1500,1372,1628,1500,1585,1500,2012,1500,1665,1564,1500,1520,1653,1500,2012,8.4
2026-04-17,20:33:41.580,-39,-28,10,3993,2690,26,44,16,3384,28,9,307,-1024,239,673,1024,203,0,0,-1,-1,-1,0x1002480594140405,1222,1564,1730,988,2012,988,1619,1500,1500,988,1193,1449,1500,1500,1500,1500,1500,1500,1372,1628,1500,1585,1500,2012,1500,1661,1564,1500,1520,1653,1500,2012,8.4
2026-04-17,20:33:42.080,-39,-28,10,3993,8120,26,44,16,4436,28,9,307,-114,5,673,1024,203,0,0,-1,-1,-1,0x1002480594140045,1490,1509,1730,988,2012,1443,1502,1500,1500,1457,1193,1449,1500,1500,1500,1500,1500,1500,1270,1730,1500,1585,1500,2012,1500,1512,1509,1500,1520,1653,1500,2012,8.4
2026-04-17,20:33:42.580,-33,-34,10,3991,9030,26,44,16,4676,28,9,308,254,493,673,1024,203,0,0,-1,-1,-1,0x1002480594140405,1553,1658,1730,988,2012,1627,1746,1500,1500,1650,1193,1449,1500,1500,1500,1500,1500,1500,1372,1628,1500,1585,1500,2012,1500,1800,1658,1500,1520,1653,1500,2012,8.4
2026-04-17,20:33:43.080,-48,-48,10,3985,15940,26,44,16,11114,28,9,310,-1,744,673,1024,203,0,0,-1,-1,-1,0x1002480590140045,1503,1784,1730,988,2012,1500,1872,1500,1500,1500,1193,1449,1500,1500,1500,1500,1500,1500,1372,1628,1500,1585,1500,2012,1500,1911,1784,1500,1520,1653,1500,2012,8.4
2026-04-17,20:33:43.580,-51,-48,10,3966,11730,26,44,16,12984,28,9,312,92,-1,673,1024,203,0,0,-1,-1,-1,0x1002480494140005,1516,1499,1730,988,2012,1551,1500,1499,1500,1540,1193,1449,1500,1500,1500,1500,1500,1499,1050,2012,1500,1585,1500,2012,1500,1499,1500,1500,1520,1653,1499,2012,8.4
2026-04-17,20:33:44.080,-57,-57,10,3964,0,26,44,16,10074,29,9,313,860,2,673,1024,203,0,0,-1,-1,-1,0x1002480494140045,1683,1500,1730,988,2012,1930,1501,1500,1500,1930,1193,1449,1500,1500,1500,1500,1500,1500,1372,2012,1500,1585,1500,2012,1500,1501,1500,1500,1520,1653,1500,2012,8.4
2026-04-17,20:33:44.580,-58,-57,10,3965,3530,26,44,16,4620,29,9,313,1023,34,673,1024,203,0,0,-1,-1,-1,0x1002480594140405,1741,1511,1730,988,2012,2011,1517,1500,1500,2004,1193,1449,1500,1500,1500,1500,1500,1500,1050,2012,1500,1585,1500,2012,1500,1526,1511,1500,1520,1653,1500,2012,8.4
2026-04-17,20:33:45.080,-53,-59,10,3967,9000,26,44,16,4412,29,9,313,1024,219,673,1024,203,0,0,-1,-1,-1,0x1002480594140045,1749,1575,1730,988,2012,2012,1609,1500,1500,2012,1193,1449,1500,1500,1500,1500,1500,1500,1372,1628,1500,1585,1500,2012,1500,1675,1575,1500,1520,1653,1500,2012,8.4
2026-04-17,20:33:45.580,-56,-59,10,3983,1290,26,44,16,2106,29,9,314,1024,369,673,1024,203,0,0,-1,-1,-1,0x1002480594140005,1749,1614,1730,988,2012,2012,1684,1500,1500,2012,1193,1449,1500,1500,1500,1500,1500,1500,1372,1628,1500,1585,1500,2012,1500,1741,1614,1500,1520,1653,1500,2012,8.4
2026-04-17,20:33:46.080,-59,-59,10,3984,4230,26,44,16,4048,29,9,315,149,395,673,1024,203,0,0,-1,-1,-1,0x1002480594140445,1527,1624,1730,988,2012,1574,1697,1500,1500,1574,1193,1449,1500,1500,1500,1500,1500,1500,1372,1628,1500,1585,1500,2012,1500,1755,1624,1500,1520,1653,1500,2012,8.4
2026-04-17,20:33:46.580,-60,-61,10,3976,15940,26,44,16,11122,29,9,316,-732,273,672,1024,203,0,0,-1,-1,-1,0x1002480594140005,1352,1596,1730,988,2012,1134,1636,1500,1500,1135,1193,1449,1500,1500,1500,1500,1500,1500,1372,1628,1500,1585,1500,2012,1500,1735,1596,1500,1520,1653,1500,2012,8.4
2026-04-17,20:33:47.080,-60,-61,10,3974,2730,26,44,16,6952,29,9,318,-111,23,673,1024,203,0,0,-1,-1,-1,0x1002480494140045,1484,1508,1730,988,2012,1445,1511,1500,1500,1439,1193,1449,1500,1500,1500,1500,1500,1500,1296,2012,1500,1585,1500,2012,1500,1518,1508,1500,1520,1653,1500,2012,8.4
2026-04-17,20:33:47.580,-59,-61,10,3974,0,26,44,16,3378,29,9,318,2,2,673,1024,203,0,0,-1,-1,-1,0x1002480490140005,1503,1500,1730,988,2012,1501,1501,1500,1500,1501,1193,1449,1500,1500,1500,1500,1500,1500,1372,2012,1500,1585,1500,2012,1500,1501,1500,1500,1520,1653,1500,2012,8.4
2026-04-17,20:33:48.080,-63,-56,10,3974,0,26,44,16,1400,29,9,318,1,2,673,1024,203,0,0,-1,-1,-1,0x1002480490140045,1503,1500,1730,988,2012,1500,1501,1500,1500,1501,1193,1449,1500,1500,1500,1500,1500,1500,1427,2012,1500,1585,1500,2012,1500,1501,1500,1500,1520,1653,1500,2012,8.4
2026-04-17,20:33:48.580,-63,-50,10,3975,0,26,44,16,670,30,9,318,1,0,673,1024,203,0,0,-1,-1,-1,0x1002480490140005,1503,1500,1730,988,2012,1500,1500,1500,1500,1501,1193,1449,1500,1500,1500,1500,1500,1500,1500,2012,1500,1585,1500,2012,1500,1500,1500,1500,1520,1653,1500,2012,8.4
2026-04-17,20:33:49.080,-64,-62,10,3984,0,26,44,16,0,30,9,318,2,1,673,1024,203,0,0,-1,-1,-1,0x1002480290140005,1503,1500,1730,988,2012,1501,1500,1500,1500,1501,1193,1449,1500,1500,1500,1500,1500,1500,1500,2012,1500,1585,1500,2012,1500,1501,1500,1500,1520,1653,1500,2012,8.4
2026-04-17,20:33:49.580,-64,-59,10,3983,0,26,44,16,0,30,9,318,2,1,673,1024,203,0,0,-1,-1,-1,0x1002480290140005,1503,1500,1730,988,2012,1501,1500,1500,1500,1501,1193,1449,1500,1500,1500,1500,1500,1500,1500,2012,1500,1585,1500,2012,1500,1501,1500,1500,1520,1653,1500,2012,8.4
2026-04-17,20:33:50.080,-64,-55,10,3983,0,26,44,16,0,30,9,318,2,1,673,1024,203,0,0,-1,-1,-1,0x1002480290140004,1503,1500,1523,988,2012,1501,1500,1500,1500,1501,1193,1449,1500,1500,1500,1500,1500,1500,1500,2012,1500,1585,1500,2012,1500,1501,1500,1500,1520,1653,1500,2012,8.4
2026-04-17,20:33:50.580,-64,-57,10,3983,0,26,44,16,0,30,9,318,1,0,673,1024,203,0,0,-1,-1,-1,0x1002480A90140004,1503,1500,1500,988,2012,1500,1500,1500,1500,1500,1193,1449,1500,1500,1500,1500,1500,1500,1500,2012,1500,1585,1500,2012,1500,1501,1500,1500,1520,1653,1500,2012,8.4
2026-04-17,20:33:51.080,-64,-57,10,3983,0,26,44,16,0,30,9,318,2,0,673,1024,203,0,0,-1,-1,-1,0x1002480A90140004,1503,1500,1500,988,2012,1501,1500,1500,1500,1501,1193,1449,1500,1500,1500,1500,1500,1500,1500,2012,1500,1585,1500,2012,1500,1500,1500,1500,1520,1653,1500,2012,8.4
2026-04-17,20:33:51.580,-64,-56,10,3983,0,26,44,16,0,30,9,318,2,0,673,1024,203,0,0,-1,-1,-1,0x1002480A90140004,1503,1500,1500,988,2012,1501,1500,1500,1500,1501,1193,1449,1500,1500,1500,1500,1500,1500,1500,2012,1500,1585,1500,2012,1500,1500,1500,1500,1520,1653,1500,2012,8.4
2026-04-17,20:33:52.080,-64,-56,10,3983,0,26,44,16,0,30,9,318,2,0,673,1024,203,0,0,-1,-1,-1,0x1002480A90140004,1503,1500,1500,988,2012,1501,1500,1500,1500,1501,1193,1449,1500,1500,1500,1500,1500,1500,1500,2012,1500,1585,1500,2012,1500,1500,1500,1500,1520,1653,1500,2012,8.4
2026-04-17,20:33:52.580,-64,-56,10,3983,0,26,44,16,0,29,9,318,1,0,673,1024,203,0,0,-1,-1,-1,0x1002480A90140004,1503,1500,1500,988,2012,1500,1500,1500,1500,1501,1193,1449,1500,1500,1500,1500,1500,1500,1500,2012,1500,1585,1500,2012,1500,1500,1500,1500,1520,1653,1500,2012,8.4
2026-04-17,20:33:53.080,-64,-56,10,3983,0,26,44,16,0,29,9,318,2,0,673,1024,203,0,0,-1,-1,-1,0x1002480A90140004,1503,1500,1500,988,2012,1501,1500,1500,1500,1501,1193,1449,1500,1500,1500,1500,1500,1500,1500,2012,1500,1585,1500,2012,1500,1500,1500,1500,1520,1653,1500,2012,8.4
2026-04-17,20:33:53.580,-64,-57,10,3983,0,26,44,16,0,29,9,318,2,0,673,1024,203,0,0,-1,-1,-1,0x1002480A90140004,1503,1500,1500,988,2012,1501,1500,1500,1500,1501,1193,1449,1500,1500,1500,1500,1500,1500,1500,2012,1500,1585,1500,2012,1500,1500,1500,1500,1520,1653,1500,2012,8.4
2026-04-17,20:33:54.080,-64,-54,10,3983,0,26,44,16,0,29,9,318,2,0,673,1024,203,0,0,-1,-1,-1,0x1002480A90140004,1503,1500,1500,988,2012,1501,1500,1500,1500,1501,1193,1449,1500,1500,1500,1500,1500,1500,1500,2012,1500,1585,1500,2012,1500,1499,1500,1500,1520,1653,1500,2012,8.4
2026-04-17,20:33:54.580,-64,-58,10,3983,0,26,44,16,0,29,9,318,3,-1,673,1024,203,0,0,-1,-1,-1,0x1002480A90140004,1504,1499,1500,988,2012,1501,1500,1499,1500,1501,1193,1449,1500,1500,1500,1500,1500,1499,1500,2012,1500,1585,1500,2012,1500,1500,1500,1500,1520,1653,1499,2012,8.4
2026-04-17,20:33:55.080,-57,-60,10,3983,0,26,44,16,0,29,9,318,2,-1,673,1024,203,0,0,-1,-1,-1,0x1002480A90140004,1503,1499,1500,988,2012,1501,1500,1499,1500,1501,1193,1449,1500,1500,1500,1500,1500,1499,1500,2012,1500,1585,1500,2012,1500,1499,1500,1500,1520,1653,1499,2012,8.4
2026-04-17,20:33:55.580,-57,-60,10,3983,0,26,44,16,0,29,9,318,2,0,673,1024,203,0,0,-1,-1,-1,0x1002480A90140004,1503,1500,1500,988,2012,1501,1500,1500,1500,1501,1193,1449,1500,1500,1500,1500,1500,1500,1500,2012,1500,1585,1500,2012,1500,1500,1500,1500,1520,1653,1500,2012,8.4
2026-04-17,20:33:56.080,-58,-60,10,3983,0,26,44,16,0,28,9,318,2,1,673,1024,203,0,0,-1,-1,-1,0x1002480A90140004,1503,1500,1500,988,2012,1501,1500,1500,1500,1501,1193,1449,1500,1500,1500,1500,1500,1500,1500,2012,1500,1585,1500,2012,1500,1501,1500,1500,1520,1653,1500,2012,8.4
2026-04-17,20:33:56.580,-58,-60,10,3983,0,26,44,16,0,28,9,318,2,1,673,1024,203,0,0,-1,-1,-1,0x1002480A90140004,1503,1500,1500,988,2012,1501,1500,1500,1500,1501,1193,1449,1500,1500,1500,1500,1500,1500,1500,2012,1500,1585,1500,2012,1500,1501,1500,1500,1520,1653,1500,2012,8.4
2026-04-17,20:33:57.080,-53,-60,10,3983,0,26,44,16,0,28,9,318,2,0,673,1024,203,0,0,-1,-1,-1,0x1002480A90140004,1503,1500,1500,988,2012,1501,1500,1500,1500,1501,1193,1449,1500,1500,1500,1500,1500,1500,1500,2012,1500,1585,1500,2012,1500,1500,1500,1500,1520,1653,1500,2012,8.4
2026-04-17,20:33:57.580,-55,-60,10,3984,0,26,44,16,0,28,9,318,0,143,673,1024,202,0,0,-1,-1,-1,0x1002480990140404,1503,1544,1532,988,2012,1500,1571,1500,1500,1500,1193,1449,1500,1500,1500,1500,1500,1500,1372,1628,1500,1585,1500,2012,1500,1605,1544,1500,1520,1653,1500,2012,8.4
2026-04-17,20:33:58.080,-58,-54,10,3988,3670,26,44,16,2706,28,9,318,1,314,673,1024,203,0,0,-1,-1,-1,0x1002480590140405,1503,1595,1730,988,2012,1500,1657,1500,1500,1500,1193,1449,1500,1500,1500,1500,1500,1500,1372,1628,1500,1585,1500,2012,1500,1712,1595,1500,1520,1653,1500,2012,8.4
2026-04-17,20:33:58.580,-58,-49,10,3988,4790,26,44,16,6060,28,9,318,-327,427,673,1024,203,0,0,-1,-1,-1,0x1002480594140045,1447,1636,1730,988,2012,1337,1713,1500,1500,1337,1193,1449,1500,1500,1500,1500,1500,1500,1372,1628,1500,1585,1500,2012,1500,1772,1636,1500,1520,1653,1500,2012,8.4
2026-04-17,20:33:59.080,-58,-40,10,3989,1500,26,44,16,6546,28,9,319,-261,23,673,1024,203,0,0,-1,-1,-1,0x1002480494140005,1456,1504,1730,988,2012,1370,1511,1500,1500,1359,1193,1449,1500,1500,1500,1500,1500,1500,1213,2012,1500,1585,1500,2012,1500,1509,1504,1500,1520,1653,1500,2012,8.4
2026-04-17,20:33:59.580,-58,-41,10,3989,4550,26,44,16,4240,28,9,319,936,276,673,1024,203,0,0,-1,-1,-1,0x1002480594140045,1702,1581,1730,988,2012,1968,1638,1500,1500,1956,1193,1449,1500,1500,1500,1500,1500,1500,1372,1628,1500,1585,1500,2012,1500,1690,1581,1500,1520,1653,1500,2012,8.4
2026-04-17,20:34:00.080,-58,-38,10,3990,6440,26,44,16,4078,28,9,320,4,332,673,1024,203,0,0,-1,-1,-1,0x1002480590140405,1504,1602,1730,988,2012,1502,1666,1500,1500,1502,1193,1449,1500,1500,1500,1500,1500,1500,1372,1628,1500,1585,1500,2012,1500,1722,1602,1500,1520,1653,1500,2012,8.4
2026-04-17,20:34:00.580,-41,-42,10,3990,4580,26,44,16,3010,28,9,320,-363,292,673,1024,203,0,0,-1,-1,-1,0x1002480594140045,1440,1582,1730,988,2012,1319,1646,1500,1500,1318,1193,1449,1500,1500,1500,1500,1500,1500,1372,1628,1500,1585,1500,2012,1500,1693,1582,1500,1520,1653,1500,2012,8.4
2026-04-17,20:34:01.080,-49,-45,10,3992,940,26,44,16,2560,28,9,321,-596,200,673,1024,203,0,0,-1,-1,-1,0x1002480594140405,1393,1555,1730,988,2012,1202,1600,1500,1500,1209,1193,1449,1500,1500,1500,1500,1500,1500,1372,1628,1500,1585,1500,2012,1500,1635,1555,1500,1520,1653,1500,2012,8.4
2026-04-17,20:34:01.580,-60,-57,10,3991,3810,26,44,16,3336,28,9,321,-169,276,673,1024,203,0,0,-1,-1,-1,0x1002480594140045,1474,1581,1730,988,2012,1416,1638,1500,1500,1410,1193,1449,1500,1500,1500,1500,1500,1500,1372,1628,1500,1585,1500,2012,1500,1690,1581,1500,1520,1653,1500,2012,8.4
2026-04-17,20:34:02.080,-53,-57,10,3989,2480,26,44,16,3662,28,10,321,-308,297,673,1024,203,0,0,-1,-1,-1,0x1002480594140405,1451,1588,1730,988,2012,1346,1648,1500,1500,1346,1193,1449,1500,1500,1500,1500,1500,1500,1372,1628,1500,1585,1500,2012,1500,1702,1588,1500,1520,1653,1500,2012,8.4
2026-04-17,20:34:02.580,-53,-57,10,3988,1430,26,44,16,3774,28,10,322,179,292,673,1024,203,0,0,-1,-1,-1,0x1002480594140045,1534,1587,1730,988,2012,1589,1646,1500,1500,1595,1193,1449,1500,1500,1500,1500,1500,1500,1372,1628,1500,1585,1500,2012,1500,1700,1587,1500,1520,1653,1500,2012,8.4
2026-04-17,20:34:03.080,-56,-57,10,3986,2480,26,44,16,3828,28,10,322,-2,298,673,1024,203,0,0,-1,-1,-1,0x1002480590140405,1503,1589,1730,988,2012,1499,1649,1500,1500,1499,1193,1449,1500,1500,1500,1500,1500,1500,1372,1628,1500,1585,1500,2012,1500,1702,1589,1500,1520,1653,1500,2012,8.4
2026-04-17,20:34:03.580,-59,-72,10,3984,3950,26,44,16,3636,28,10,322,745,299,673,1024,203,0,0,-1,-1,-1,0x1002480594140045,1649,1589,1730,988,2012,1872,1649,1500,1500,1871,1193,1449,1500,1500,1500,1500,1500,1500,1372,1628,1500,1585,1500,2012,1500,1704,1589,1500,1520,1653,1500,2012,8.4
2026-04-17,20:34:04.080,-60,-72,10,3984,5670,26,44,16,4332,28,10,323,0,348,673,1024,202,0,0,-1,-1,-1,0x1002480590140405,1503,1607,1730,988,2012,1500,1674,1500,1500,1500,1193,1449,1500,1500,1500,1500,1500,1500,1372,1628,1500,1585,1500,2012,1500,1731,1607,1500,1520,1653,1500,2012,8.4
2026-04-17,20:34:04.580,-55,-62,10,3983,4550,26,44,16,4648,28,10,324,-441,335,673,1024,203,0,0,-1,-1,-1,0x1002480594140045,1425,1603,1730,988,2012,1280,1667,1500,1500,1279,1193,1449,1500,1500,1500,1500,1500,1500,1372,1628,1500,1585,1500,2012,1500,1724,1603,1500,1520,1653,1500,2012,8.4
2026-04-17,20:34:05.080,-62,-64,10,3982,4160,26,44,16,4968,28,10,324,-141,346,673,1024,203,0,0,-1,-1,-1,0x1002480594141C85,1481,1607,1730,988,2012,1430,1673,1500,1500,1430,1193,1449,1500,1500,1500,1500,1500,1500,1372,1628,1500,1585,1500,2012,1500,1730,1607,1500,1520,1653,1500,2012,8.4
2026-04-17,20:34:05.580,-64,-64,10,3982,3320,26,44,16,4234,28,10,325,1021,116,673,1024,203,0,0,-1,-1,-1,0x10024805941418C5,1747,1535,1730,988,2012,2010,1558,1500,1500,2010,1193,1449,1500,1500,1500,1500,1500,1500,1372,1628,1500,1585,1500,2012,1500,1578,1535,1500,1520,1653,1500,2012,8.4
2026-04-17,20:34:06.080,-62,-64,10,3983,4440,26,44,16,3608,29,10,325,984,321,673,1024,203,0,0,-1,-1,-1,0x1002480594140C85,1731,1597,1730,988,2012,1992,1660,1500,1500,1992,1193,1449,1500,1500,1500,1500,1500,1500,1372,1628,1500,1585,1500,2012,1500,1716,1597,1500,1520,1653,1500,2012,8.4
2026-04-17,20:34:06.580,-59,-64,10,3982,5250,26,44,16,4892,29,10,326,512,371,673,1024,203,0,0,-1,-1,-1,0x10024805941408C5,1598,1616,1730,988,2012,1756,1685,1500,1500,1767,1193,1449,1500,1500,1500,1500,1500,1500,1372,1628,1500,1585,1500,2012,1500,1744,1616,1500,1520,1653,1500,2012,8.4
2026-04-17,20:34:07.080,-61,-64,10,3980,5530,26,44,16,5168,29,10,327,426,347,673,1024,203,0,0,-1,-1,-1,0x1002480594140C85,1578,1607,1730,988,2012,1713,1673,1500,1500,1719,1193,1449,1500,1500,1500,1500,1500,1500,1372,1628,1500,1585,1500,2012,1500,1730,1607,1500,1520,1653,1500,2012,8.4
2026-04-17,20:34:07.580,-62,-53,10,3979,5040,26,44,16,5182,29,10,328,-133,356,673,1024,203,0,0,-1,-1,-1,0x10024805941408C5,1482,1610,1730,988,2012,1434,1678,1500,1500,1434,1193,1449,1500,1500,1500,1500,1500,1500,1372,1628,1500,1585,1500,2012,1500,1735,1610,1500,1520,1653,1500,2012,8.4
2026-04-17,20:34:08.080,-62,-50,10,3977,4900,26,44,16,5386,29,10,328,-128,354,673,1024,203,0,0,-1,-1,-1,0x1002480594140405,1483,1610,1730,988,2012,1436,1677,1500,1500,1437,1193,1449,1500,1500,1500,1500,1500,1500,1372,1628,1500,1585,1500,2012,1500,1735,1610,1500,1520,1653,1500,2012,8.4
2026-04-17,20:34:08.580,-62,-50,10,3977,5320,26,44,16,4766,30,10,329,5,395,673,1024,203,0,0,-1,-1,-1,0x1002480590140045,1504,1626,1730,988,2012,1502,1697,1500,1500,1502,1193,1449,1500,1500,1500,1500,1500,1500,1372,1628,1500,1585,1500,2012,1500,1757,1626,1500,1520,1653,1500,2012,8.4
2026-04-17,20:34:09.080,-62,-49,10,3976,8440,26,44,16,6132,30,10,330,556,391,673,1024,203,0,0,-1,-1,-1,0x1002480594140405,1600,1623,1730,988,2012,1778,1695,1500,1500,1772,1193,1449,1500,1500,1500,1500,1500,1500,1372,1628,1500,1585,1500,2012,1500,1754,1623,1500,1520,1653,1500,2012,8.4
2026-04-17,20:34:09.580,-62,-49,10,3976,6370,26,44,16,6008,30,10,330,-16,388,673,1024,203,0,0,-1,-1,-1,0x1002480590140045,1503,1622,1730,988,2012,1492,1694,1500,1500,1498,1193,1449,1500,1500,1500,1500,1500,1500,1372,1628,1500,1585,1500,2012,1500,1753,1622,1500,1520,1653,1500,2012,8.4
2026-04-17,20:34:10.080,-64,-55,10,3971,6440,26,44,16,6344,30,10,331,-559,397,673,1024,203,0,0,-1,-1,-1,0x1002480594140405,1396,1626,1730,988,2012,1221,1698,1500,1500,1216,1193,1449,1500,1500,1500,1500,1500,1500,1372,1628,1500,1585,1500,2012,1500,1757,1626,1500,1520,1653,1500,2012,8.4
2026-04-17,20:34:10.580,-64,-43,10,3969,6900,26,44,16,5990,30,10,332,499,27,673,1024,203,0,0,-1,-1,-1,0x1002480594140045,1591,1514,1730,988,2012,1749,1513,1500,1500,1749,1193,1449,1500,1500,1500,1500,1500,1500,1321,1679,1500,1585,1500,2012,1500,1530,1514,1500,1520,1653,1500,2012,8.4
2026-04-17,20:34:11.080,-64,-45,10,3971,940,26,44,16,3524,30,10,333,178,354,673,1024,203,0,0,-1,-1,-1,0x1002480594140005,1530,1609,1730,988,2012,1589,1677,1500,1500,1584,1193,1449,1500,1500,1500,1500,1500,1500,1372,1628,1500,1585,1500,2012,1500,1734,1609,1500,1520,1653,1500,2012,8.4
2026-04-17,20:34:11.580,-79,-62,10,3973,940,26,44,16,3016,30,10,333,80,245,673,1024,203,0,0,-1,-1,-1,0x1002480594140445,1519,1565,1730,988,2012,1540,1622,1500,1500,1548,1193,1449,1500,1500,1500,1500,1500,1500,1372,1628,1500,1585,1500,2012,1500,1664,1565,1500,1520,1653,1500,2012,8.4
2026-04-17,20:34:12.080,-79,-34,10,3978,3010,26,44,16,2636,30,10,334,1,212,673,1024,203,0,0,-1,-1,-1,0x1002480590140405,1503,1558,1730,988,2012,1500,1606,1500,1500,1500,1193,1449,1500,1500,1500,1500,1500,1500,1372,1628,1500,1585,1500,2012,1500,1644,1558,1500,1520,1653,1500,2012,8.4
2026-04-17,20:34:12.580,-79,-26,10,3984,450,26,44,16,2888,30,10,334,-335,220,673,1024,203,0,0,-1,-1,-1,0x1002480594140045,1446,1562,1730,988,2012,1333,1610,1500,1500,1333,1193,1449,1500,1500,1500,1500,1500,1500,1372,1628,1500,1585,1500,2012,1500,1655,1562,1500,1520,1653,1500,2012,8.4
2026-04-17,20:34:13.080,-44,-39,10,3987,520,26,44,16,3044,30,10,334,1,262,673,1024,203,0,0,-1,-1,-1,0x1002480590140405,1503,1576,1730,988,2012,1500,1631,1500,1500,1500,1193,1449,1500,1500,1500,1500,1500,1500,1372,1628,1500,1585,1500,2012,1500,1682,1576,1500,1520,1653,1500,2012,8.4
2026-04-17,20:34:13.580,-48,-51,10,3988,240,26,44,16,3348,30,10,334,-397,1,673,1024,203,0,0,-1,-1,-1,0x1002480494140045,1440,1500,1730,988,2012,1302,1500,1500,1500,1317,1193,1449,1500,1500,1500,1500,1500,1500,988,2012,1500,1585,1500,2012,1500,1501,1500,1500,1520,1653,1500,2012,8.4
2026-04-17,20:34:14.080,-50,-56,10,3989,0,26,44,16,1996,30,10,334,2,1,673,1024,203,0,0,-1,-1,-1,0x1002480490100005,1503,1500,1730,988,2012,1501,1500,1500,1500,1501,1193,1449,1500,1500,1500,1500,1500,1500,1372,2012,1500,1585,1500,2012,1500,1501,1500,1500,1520,1653,1500,2012,8.4
2026-04-17,20:34:14.580,-52,-56,10,3987,0,26,44,16,0,30,10,334,0,3,673,1024,203,0,0,-1,-1,-1,0x1002480090140005,1503,1501,1730,988,2012,1500,1501,1500,1500,1500,1193,1449,1500,1500,1500,1500,1500,1500,1372,2012,1500,1585,1500,2012,1500,1502,1501,1500,1520,1653,1500,2012,8.4
2026-04-17,20:34:15.080,-54,-52,10,3986,0,26,44,16,0,30,10,334,2,4,673,1024,202,0,0,-1,-1,-1,0x1002480290140005,1503,1501,1730,988,2012,1501,1502,1500,1500,1501,1193,1449,1500,1500,1500,1500,1500,1500,1500,2012,1500,1585,1500,2012,1500,1503,1501,1500,1520,1653,1500,2012,8.4
2026-04-17,20:34:15.580,-54,-46,10,3985,0,26,44,16,0,30,10,334,2,5,673,1024,203,0,0,-1,-1,-1,0x1002480290140005,1503,1501,1730,988,2012,1501,1502,1500,1500,1501,1193,1449,1500,1500,1500,1500,1500,1500,1500,2012,1500,1585,1500,2012,1500,1504,1501,1500,1520,1653,1500,2012,8.4
2026-04-17,20:34:16.080,-54,-41,10,3983,0,26,44,16,0,30,10,334,2,4,673,1024,203,0,0,-1,-1,-1,0x1002480A90140005,1503,1501,1730,988,2012,1501,1502,1500,1500,1501,1193,1449,1500,1500,1500,1500,1500,1500,1500,2012,1500,1585,1500,2012,1500,1503,1501,1500,1520,1653,1500,2012,8.4
2026-04-17,20:34:16.580,-54,-43,10,3983,0,26,44,16,0,30,10,334,1,3,673,1024,203,0,0,-1,-1,-1,0x1002480A90140005,1503,1501,1688,988,2012,1500,1501,1500,1500,1501,1193,1449,1500,1500,1500,1500,1500,1500,1500,2012,1500,1585,1500,2012,1500,1502,1501,1500,1520,1653,1500,2012,8.4
2026-04-17,20:34:17.080,-50,-47,10,3983,0,26,44,16,0,30,10,334,2,3,673,1024,203,0,0,-1,-1,-1,0x1002480A90140004,1503,1501,1500,988,2012,1501,1501,1500,1500,1500,1193,1449,1500,1500,1500,1500,1500,1500,1500,2012,1500,1585,1500,2012,1500,1502,1501,1500,1520,1653,1500,2012,8.4
2026-04-17,20:34:17.580,-47,-47,10,3983,0,26,44,16,0,30,10,334,1,5,673,1024,203,0,0,-1,-1,-1,0x1002480A90140004,1502,1501,1500,988,2012,1500,1502,1500,1500,1500,1193,1449,1500,1500,1500,1500,1500,1500,1500,2012,1500,1585,1500,2012,1500,1504,1501,1500,1520,1653,1500,2012,8.4
2026-04-17,20:34:18.080,-44,-47,10,3983,0,26,44,16,0,30,10,334,2,34,673,1024,203,0,0,-1,-1,-1,0x1002480A90140004,1502,1511,1500,988,2012,1501,1517,1500,1500,1500,1193,1449,1500,1500,1500,1500,1500,1500,1500,2012,1500,1585,1500,2012,1500,1525,1511,1500,1520,1653,1500,2012,8.4
2026-04-17,20:34:18.580,-40,-47,10,3983,3360,26,44,16,2754,30,10,334,-428,268,673,1024,203,0,0,-1,-1,-1,0x1002480594140045,1423,1578,1712,988,2012,1286,1634,1500,1500,1277,1193,1449,1500,1500,1500,1500,1500,1500,1372,1628,1500,1585,1500,2012,1500,1685,1578,1500,1520,1653,1500,2012,8.4
2026-04-17,20:34:19.080,-42,-47,10,3983,730,26,44,16,4064,30,10,334,1,299,673,1024,203,0,0,-1,-1,-1,0x1002480590140405,1502,1589,1730,988,2012,1500,1649,1500,1500,1500,1193,1449,1500,1500,1500,1500,1500,1500,1372,1628,1500,1585,1500,2012,1500,1704,1589,1500,1520,1653,1500,2012,8.4
2026-04-17,20:34:19.580,-48,-49,10,3986,1920,26,44,16,4128,30,10,335,-400,-329,673,1024,203,0,0,-1,-1,-1,0x1002480496100045,1428,1332,1730,1210,2012,1300,1336,1287,1500,1290,1193,1449,1500,1500,1500,1500,1500,1287,1101,2012,1500,1585,1500,2012,1500,1253,1500,1500,1520,1653,1249,2012,8.4
2026-04-17,20:34:20.080,-48,-50,10,3986,0,26,44,16,1712,30,10,335,2,7,673,1024,203,0,0,-1,-1,-1,0x1002480490140005,1502,1502,1730,988,2012,1501,1503,1500,1500,1501,1193,1449,1500,1500,1500,1500,1500,1500,1372,2012,1500,1585,1500,2012,1500,1505,1502,1500,1520,1653,1500,2012,8.4
2026-04-17,20:34:20.580,-48,-51,10,3985,0,26,44,16,604,30,10,335,1,3,673,1024,203,0,0,-1,-1,-1,0x1002480490140045,1502,1501,1730,988,2012,1500,1501,1500,1500,1500,1193,1449,1500,1500,1500,1500,1500,1500,1372,2012,1500,1585,1500,2012,1500,1502,1501,1500,1520,1653,1500,2012,8.4
2026-04-17,20:34:21.080,-63,-49,10,3985,5110,26,44,16,1622,30,10,335,-1024,292,673,1024,203,0,0,-1,-1,-1,0x1002480194140005,1222,1586,1730,988,2012,988,1646,1500,1500,988,1193,1449,1500,1500,1500,1500,1500,1500,1372,1628,1500,1585,1500,2012,1500,1699,1586,1500,1520,1653,1500,2012,8.4
2026-04-17,20:34:21.580,-63,-44,10,3986,1360,26,44,16,2692,30,10,335,-1024,228,673,1024,203,0,0,-1,-1,-1,0x1002480594140405,1222,1564,1730,988,2012,988,1614,1500,1500,988,1193,1449,1500,1500,1500,1500,1500,1500,1372,1628,1500,1585,1500,2012,1500,1661,1564,1500,1520,1653,1500,2012,8.4
2026-04-17,20:34:22.080,-46,-50,10,3987,1150,26,44,16,2320,30,10,335,-1024,219,673,1024,203,0,0,-1,-1,-1,0x1002480594140045,1222,1562,1730,988,2012,988,1609,1500,1500,988,1193,1449,1500,1500,1500,1500,1500,1500,1372,1628,1500,1585,1500,2012,1500,1655,1562,1500,1520,1653,1500,2012,8.4
2026-04-17,20:34:22.580,-47,-38,10,3991,1850,26,44,16,2456,30,10,336,-650,287,673,1024,203,0,0,-1,-1,-1,0x1002480594140405,1367,1585,1730,988,2012,1175,1643,1500,1500,1163,1193,1449,1500,1500,1500,1500,1500,1500,1372,1628,1500,1585,1500,2012,1500,1696,1585,1500,1520,1653,1500,2012,8.4
2026-04-17,20:34:23.080,-47,-37,10,3991,2970,26,44,16,5334,29,10,336,1,378,673,1024,203,0,0,-1,-1,-1,0x1002480590140045,1502,1618,1730,988,2012,1500,1689,1500,1500,1500,1193,1449,1500,1500,1500,1500,1500,1500,1372,1628,1500,1585,1500,2012,1500,1747,1618,1500,1520,1653,1500,2012,8.4
2026-04-17,20:34:23.580,-47,-35,10,3991,800,26,44,16,5924,29,10,337,-272,-601,673,1024,203,0,0,-1,-1,-1,0x10024804961C0005,1462,1219,1730,1334,2012,1364,1200,1145,1500,1380,1193,1449,1500,1500,1500,1500,1500,1145,1080,2012,1500,1585,1500,2012,1500,1147,1500,1500,1520,1653,1145,2012,8.4
2026-04-17,20:34:24.080,-47,-37,10,3988,3250,26,44,16,2422,29,10,337,12,260,673,1024,203,0,0,-1,-1,-1,0x1002480590140445,1504,1575,1730,988,2012,1506,1630,1500,1500,1506,1193,1449,1500,1500,1500,1500,1500,1500,1372,1628,1500,1585,1500,2012,1500,1680,1575,1500,1520,1653,1500,2012,8.4
2026-04-17,20:34:24.580,-41,-44,10,3987,520,26,44,16,3352,29,10,337,142,266,673,1024,203,0,0,-1,-1,-1,0x1002480594140005,1525,1578,1730,988,2012,1571,1633,1500,1500,1571,1193,1449,1500,1500,1500,1500,1500,1500,1372,1628,1500,1585,1500,2012,1500,1685,1578,1500,1520,1653,1500,2012,8.4
2026-04-17,20:34:25.080,-44,-53,10,3989,2410,26,44,16,3426,29,10,337,-390,137,673,1024,203,0,0,-1,-1,-1,0x1002480594140445,1431,1540,1730,988,2012,1305,1568,1500,1500,1298,1193,1449,1500,1500,1500,1500,1500,1500,1372,1628,1500,1585,1500,2012,1500,1593,1540,1500,1520,1653,1500,2012,8.4
2026-04-17,20:34:25.580,-49,-47,10,3991,1150,26,44,16,2818,29,10,337,3,297,673,1024,203,0,0,-1,-1,-1,0x1002480590140405,1502,1589,1730,988,2012,1501,1648,1500,1500,1501,1193,1449,1500,1500,1500,1500,1500,1500,1372,1628,1500,1585,1500,2012,1500,1702,1589,1500,1520,1653,1500,2012,8.4
2026-04-17,20:34:26.080,-48,-51,10,3991,1430,26,44,16,4858,29,10,338,-585,4,673,1024,203,0,0,-1,-1,-1,0x1002480594140045,1401,1506,1730,988,2012,1208,1502,1500,1500,1230,1193,1449,1500,1500,1500,1500,1500,1500,1321,1679,1500,1585,1500,2012,1500,1545,1506,1500,1520,1653,1500,2012,8.4
2026-04-17,20:34:26.580,-49,-56,10,3991,0,26,44,16,3328,29,10,338,4,4,673,1024,203,0,0,-1,-1,-1,0x1002480490140005,1503,1501,1730,988,2012,1502,1502,1500,1500,1502,1193,1449,1500,1500,1500,1500,1500,1500,1357,2012,1500,1585,1500,2012,1500,1503,1501,1500,1520,1653,1500,2012,8.4
2026-04-17,20:34:27.080,-63,-57,10,3989,0,26,44,16,1538,30,10,338,1,4,673,1024,203,0,0,-1,-1,-1,0x1002480490140045,1501,1501,1730,988,2012,1500,1502,1500,1500,1500,1193,1449,1500,1500,1500,1500,1500,1500,1372,2012,1500,1585,1500,2012,1500,1503,1501,1500,1520,1653,1500,2012,8.4
2026-04-17,20:34:27.580,-56,-60,10,3986,1610,26,44,16,462,30,10,338,-717,138,673,1024,203,0,0,-1,-1,-1,0x1002480194140405,1363,1540,1730,988,2012,1136,1569,1500,1500,1157,1193,1449,1500,1500,1500,1500,1500,1500,1372,1628,1500,1585,1500,2012,1500,1594,1540,1500,1520,1653,1500,2012,8.4
2026-04-17,20:34:28.080,-63,-69,10,3985,1500,26,44,16,2234,29,10,338,-1024,201,673,1024,203,0,0,-1,-1,-1,0x1002480594140405,1222,1558,1730,988,2012,988,1600,1500,1500,988,1193,1449,1500,1500,1500,1500,1500,1500,1372,1628,1500,1585,1500,2012,1500,1643,1558,1500,1520,1653,1500,2012,8.4
2026-04-17,20:34:28.580,-62,-69,10,3987,800,26,44,16,2640,29,10,339,-90,4,673,1024,203,0,0,-1,-1,-1,0x1002480494140045,1485,1501,1730,988,2012,1455,1502,1500,1500,1450,1193,1449,1500,1500,1500,1500,1500,1500,988,2012,1500,1585,1500,2012,1500,1503,1501,1500,1520,1653,1500,2012,8.4
2026-04-17,20:34:29.080,-58,-69,10,3988,0,26,44,16,2168,29,10,339,-151,38,673,1024,203,0,0,-1,-1,-1,0x1002480594140405,1474,1514,1730,988,2012,1425,1519,1500,1500,1417,1193,1449,1500,1500,1500,1500,1500,1500,1372,2012,1500,1585,1500,2012,1500,1530,1514,1500,1520,1653,1500,2012,8.4
2026-04-17,20:34:29.580,-55,-69,10,3988,0,26,44,16,1390,29,10,339,10,3,672,1024,203,0,0,-1,-1,-1,0x1002480490140045,1502,1500,1730,988,2012,1505,1501,1500,1500,1505,1193,1449,1500,1500,1500,1500,1500,1500,1372,2012,1500,1585,1500,2012,1500,1502,1500,1500,1520,1653,1500,2012,8.4
2026-04-17,20:34:30.080,-60,-69,10,3988,0,26,44,16,250,29,10,339,9,2,673,1024,203,0,0,-1,-1,-1,0x1002480090140005,1502,1500,1730,988,2012,1504,1501,1500,1500,1505,1193,1449,1500,1500,1500,1500,1500,1500,1500,2012,1500,1585,1500,2012,1500,1501,1500,1500,1520,1653,1500,2012,8.4
2026-04-17,20:34:30.580,-63,-62,10,3986,0,26,44,16,0,30,10,339,-1024,234,673,1024,203,0,0,-1,-1,-1,0x1002480194140405,1222,1563,1730,988,2012,988,1617,1500,1500,988,1193,1449,1500,1500,1500,1500,1500,1500,1372,1628,1500,1585,1500,2012,1500,1657,1563,1500,1520,1653,1500,2012,8.4
2026-04-17,20:34:31.080,-63,-51,10,3985,1080,26,44,16,1780,30,10,339,-1024,126,673,1024,203,0,0,-1,-1,-1,0x1002480594140405,1222,1540,1730,988,2012,988,1563,1500,1500,988,1193,1449,1500,1500,1500,1500,1500,1500,1372,1628,1500,1585,1500,2012,1500,1593,1540,1500,1520,1653,1500,2012,8.4
2026-04-17,20:34:31.580,-63,-54,10,3989,590,26,44,16,1714,29,10,339,-1010,207,673,1024,203,0,0,-1,-1,-1,0x1002480594140045,1222,1559,1730,988,2012,995,1603,1500,1500,988,1193,1449,1500,1500,1500,1500,1500,1500,1372,1628,1500,1585,1500,2012,1500,1647,1559,1500,1520,1653,1500,2012,8.4
2026-04-17,20:34:32.080,-59,-65,10,3990,800,26,44,16,3616,29,10,340,-388,267,673,1024,203,0,0,-1,-1,-1,0x1002480594140405,1439,1578,1730,988,2012,1306,1633,1500,1500,1321,1193,1449,1500,1500,1500,1500,1500,1500,1372,1628,1500,1585,1500,2012,1500,1685,1578,1500,1520,1653,1500,2012,8.4
2026-04-17,20:34:32.580,-50,-65,10,3992,1710,26,44,16,3710,29,10,340,3,269,673,1024,203,0,0,-1,-1,-1,0x1002480590140045,1501,1578,1730,988,2012,1501,1634,1500,1500,1501,1193,1449,1500,1500,1500,1500,1500,1500,1372,1628,1500,1585,1500,2012,1500,1685,1578,1500,1520,1653,1500,2012,8.4
2026-04-17,20:34:33.080,-52,-39,10,3995,520,26,44,16,3320,29,10,340,3,174,673,1024,203,0,0,-1,-1,-1,0x1002480590140405,1502,1551,1730,988,2012,1501,1587,1500,1500,1502,1193,1449,1500,1500,1500,1500,1500,1500,1372,1628,1500,1585,1500,2012,1500,1626,1551,1500,1520,1653,1500,2012,8.4
2026-04-17,20:34:33.580,-50,-48,10,3995,100,26,44,16,2416,29,10,340,2,225,673,1024,203,0,0,-1,-1,-1,0x1002480590140045,1501,1563,1730,988,2012,1501,1612,1500,1500,1501,1193,1449,1500,1500,1500,1500,1500,1500,1372,1628,1500,1585,1500,2012,1500,1659,1563,1500,1520,1653,1500,2012,8.4
2026-04-17,20:34:34.080,-50,-43,10,3994,450,26,44,16,3220,29,10,340,2,291,673,1024,203,0,0,-1,-1,-1,0x1002480590140405,1501,1586,1730,988,2012,1501,1645,1500,1500,1501,1193,1449,1500,1500,1500,1500,1500,1500,1372,1628,1500,1585,1500,2012,1500,1698,1586,1500,1520,1653,1500,2012,8.4
2026-04-17,20:34:34.580,-50,-36,10,3995,2760,26,44,16,3848,29,10,340,267,322,673,1024,203,0,0,-1,-1,-1,0x1002480594140045,1547,1597,1730,988,2012,1633,1661,1500,1500,1639,1193,1449,1500,1500,1500,1500,1500,1500,1372,1628,1500,1585,1500,2012,1500,1716,1597,1500,1520,1653,1500,2012,8.4
2026-04-17,20:34:35.080,-50,-28,10,3993,3180,26,44,16,4648,29,10,341,248,85,673,1024,203,0,0,-1,-1,-1,0x1002480594140405,1547,1533,1730,988,2012,1624,1542,1500,1500,1640,1193,1449,1500,1500,1500,1500,1500,1500,1372,1628,1500,1585,1500,2012,1500,1565,1533,1500,1520,1653,1500,2012,8.4
2026-04-17,20:34:35.580,-43,-44,10,3992,2760,26,44,16,3508,29,10,341,2,78,673,1024,203,0,0,-1,-1,-1,0x1002480590140445,1501,1529,1730,988,2012,1501,1539,1500,1500,1500,1193,1449,1500,1500,1500,1500,1500,1500,1372,1628,1500,1585,1500,2012,1500,1560,1529,1500,1520,1653,1500,2012,8.4
2026-04-17,20:34:36.080,-43,-43,10,3992,6160,26,44,16,4866,29,10,341,17,223,673,1024,203,0,0,-1,-1,-1,0x1002480590140005,1504,1566,1730,988,2012,1508,1611,1500,1500,1508,1193,1449,1500,1500,1500,1500,1500,1500,1372,1628,1500,1585,1500,2012,1500,1665,1566,1500,1520,1653,1500,2012,8.4
2026-04-17,20:34:36.580,-49,-51,10,3988,6020,26,44,16,4692,29,10,342,117,393,673,1024,203,0,0,-1,-1,-1,0x1002480594140445,1527,1624,1730,988,2012,1558,1696,1500,1500,1580,1193,1449,1500,1500,1500,1500,1500,1500,1372,1628,1500,1585,1500,2012,1500,1755,1624,1500,1520,1653,1500,2012,8.4
2026-04-17,20:34:37.080,-50,-49,10,3983,3530,26,44,16,5724,29,10,343,95,151,673,1024,203,0,0,-1,-1,-1,0x1002480594140005,1511,1543,1730,988,2012,1547,1575,1500,1500,1531,1193,1449,1500,1500,1500,1500,1500,1500,1372,1628,1500,1585,1500,2012,1500,1603,1543,1500,1520,1653,1500,2012,8.4
2026-04-17,20:34:37.580,-50,-49,10,3984,1710,26,44,16,4484,29,10,343,245,309,673,1024,203,0,0,-1,-1,-1,0x1002480594140445,1543,1598,1730,988,2012,1622,1654,1500,1500,1629,1193,1449,1500,1500,1500,1500,1500,1500,1372,1628,1500,1585,1500,2012,1500,1717,1598,1500,1520,1653,1500,2012,8.4
2026-04-17,20:34:38.080,-50,-50,10,3983,520,26,44,16,3378,29,10,343,25,271,673,1024,203,0,0,-1,-1,-1,0x1002480590140405,1501,1579,1730,988,2012,1512,1635,1500,1500,1501,1193,1449,1500,1500,1500,1500,1500,1500,1372,1628,1500,1585,1500,2012,1500,1687,1579,1500,1520,1653,1500,2012,8.4
2026-04-17,20:34:38.580,-50,-47,10,3982,6300,26,44,16,5366,29,10,344,122,335,673,1024,203,0,0,-1,-1,-1,0x1002480594140045,1521,1603,1730,988,2012,1561,1667,1500,1500,1561,1193,1449,1500,1500,1500,1500,1500,1500,1372,1628,1500,1585,1500,2012,1500,1725,1603,1500,1520,1653,1500,2012,8.4
2026-04-17,20:34:39.080,-50,-45,10,3982,6580,26,44,16,6318,29,10,345,436,408,673,1024,203,0,0,-1,-1,-1,0x1002480594140405,1576,1624,1730,988,2012,1718,1704,1500,1500,1717,1193,1449,1500,1500,1500,1500,1500,1500,1372,1628,1500,1585,1500,2012,1500,1756,1624,1500,1520,1653,1500,2012,8.4
2026-04-17,20:34:39.580,-50,-42,10,3979,5250,26,44,16,7456,29,10,346,-577,114,673,1024,203,0,0,-1,-1,-1,0x1002480594140045,1402,1547,1730,988,2012,1212,1557,1500,1500,1232,1193,1449,1500,1500,1500,1500,1500,1500,1372,1628,1500,1585,1500,2012,1500,1620,1547,1500,1520,1653,1500,2012,8.4
2026-04-17,20:34:40.080,-49,-59,10,3978,0,26,44,16,6232,29,11,346,-1024,213,673,1024,203,0,0,-1,-1,-1,0x1002480594140405,1222,1555,1730,988,2012,988,1606,1500,1500,988,1193,1449,1500,1500,1500,1500,1500,1500,1372,1628,1500,1585,1500,2012,1500,1643,1555,1500,1520,1653,1500,2012,8.4
2026-04-17,20:34:40.580,-66,-62,10,3975,8470,26,44,16,5940,29,11,347,-1024,255,673,1024,203,0,0,-1,-1,-1,0x1002480594140445,1222,1582,1730,988,2012,988,1627,1500,1500,988,1193,1449,1500,1500,1500,1500,1500,1500,1372,1628,1500,1585,1500,2012,1500,1693,1582,1500,1520,1653,1500,2012,8.4
2026-04-17,20:34:41.080,-62,-62,10,3973,6020,26,44,16,5622,29,11,348,-954,405,673,1024,203,0,0,-1,-1,-1,0x1002480594140005,1261,1638,1730,988,2012,1023,1702,1500,1500,1024,1193,1449,1500,1500,1500,1500,1500,1500,1372,1628,1500,1585,1500,2012,1500,1768,1638,1500,1520,1653,1500,2012,8.4
2026-04-17,20:34:41.580,-61,-62,10,3972,11980,26,44,16,8608,29,11,349,6,500,673,1024,203,0,0,-1,-1,-1,0x1002480590140445,1502,1665,1730,988,2012,1503,1750,1500,1500,1503,1193,1449,1500,1500,1500,1500,1500,1500,1372,1628,1500,1585,1500,2012,1500,1807,1665,1500,1520,1653,1500,2012,8.4
2026-04-17,20:34:42.080,-64,-62,10,3956,15970,26,44,16,15576,30,11,351,3,-1,673,1024,203,0,0,-1,-1,-1,0x1002480490140005,1502,1499,1730,988,2012,1501,1500,1499,1500,1502,1193,1449,1500,1500,1500,1500,1500,1499,1065,1935,1500,1585,1500,2012,1500,1500,1500,1500,1520,1653,1499,2012,8.4
2026-04-17,20:34:42.580,-65,-42,10,3954,0,26,44,16,7662,30,11,352,-708,-12,673,1024,203,0,0,-1,-1,-1,0x1002480494140045,1361,1492,1730,998,2012,1146,1494,1490,1500,1154,1193,1449,1500,1500,1500,1500,1500,1490,1372,2012,1500,1585,1500,2012,1500,1500,1500,1500,1520,1653,1490,2012,8.4
2026-04-17,20:34:43.080,-65,-33,10,3953,0,26,44,16,4020,30,11,352,-383,86,673,1024,203,0,0,-1,-1,-1,0x1002480594140405,1437,1528,1730,988,2012,1309,1543,1500,1500,1315,1193,1449,1500,1500,1500,1500,1500,1500,1372,1628,1500,1585,1500,2012,1500,1557,1528,1500,1520,1653,1500,2012,8.4
2026-04-17,20:34:43.580,-65,-30,10,3954,7250,26,44,16,5372,30,11,353,-54,174,673,1024,203,0,0,-1,-1,-1,0x1002480594140045,1493,1548,1730,988,2012,1473,1587,1500,1500,1473,1193,1449,1500,1500,1500,1500,1500,1500,1372,1628,1500,1585,1500,2012,1500,1618,1548,1500,1520,1653,1500,2012,8.4
2026-04-17,20:34:44.080,-33,-34,10,3960,1680,26,44,16,3950,30,11,354,-548,181,673,1024,203,0,0,-1,-1,-1,0x1002480494140005,1408,1553,1730,988,2012,1226,1590,1500,1500,1246,1193,1449,1500,1500,1500,1500,1500,1500,1372,1628,1500,1585,1500,2012,1500,1630,1553,1500,1520,1653,1500,2012,8.4
2026-04-17,20:34:44.580,-37,-34,10,3972,2760,26,44,16,2844,30,11,354,-281,323,673,1024,203,0,0,-1,-1,-1,0x1002480594140045,1445,1598,1730,988,2012,1360,1661,1500,1500,1335,1193,1449,1500,1500,1500,1500,1500,1500,1372,1628,1500,1585,1500,2012,1500,1717,1598,1500,1520,1653,1500,2012,8.4
2026-04-17,20:34:45.080,-36,-42,10,3970,16390,26,44,16,8574,30,11,355,381,686,673,1024,203,0,0,-1,-1,-1,0x1002480594140405,1570,1746,1730,988,2012,1690,1843,1500,1500,1702,1193,1449,1500,1500,1500,1500,1500,1500,1372,1628,1500,1585,1500,2012,1500,1883,1746,1500,1520,1653,1500,2012,8.4
2026-04-17,20:34:45.580,-41,-42,10,3962,10330,26,44,16,8626,30,11,357,-1024,-304,673,1024,203,0,0,-1,-1,-1,0x1002480496180045,1222,1342,1730,1197,2012,988,1348,1300,1500,988,1193,1449,1500,1500,1500,1500,1500,1300,1192,2012,1500,1585,1500,2012,1500,1271,1500,1500,1520,1653,1265,2012,8.4
2026-04-17,20:34:46.080,-48,-43,10,3960,15160,26,44,16,7214,30,11,358,-1024,1,673,1024,203,0,0,-1,-1,-1,0x1002480494140005,1222,1500,1730,988,2012,988,1500,1500,1500,988,1193,1449,1500,1500,1500,1500,1500,1500,1168,1832,1500,1585,1500,2012,1500,1540,1500,1500,1520,1653,1500,2012,8.4
2026-04-17,20:34:46.580,-53,-45,10,3958,5390,26,44,16,5066,30,11,359,-1024,74,673,1024,203,0,0,-1,-1,-1,0x1002480594140045,1222,1527,1730,988,2012,988,1537,1500,1500,988,1193,1449,1500,1500,1500,1500,1500,1500,1372,1628,1500,1585,1500,2012,1500,1582,1527,1500,1520,1653,1500,2012,8.4
2026-04-17,20:34:47.080,-53,-34,10,3955,21470,26,44,16,12018,30,11,360,-1024,395,673,1024,202,0,0,-1,-1,-1,0x1002480594140405,1222,1669,1730,988,2012,988,1697,1500,1500,988,1193,1449,1500,1500,1500,1500,1500,1500,1372,1628,1500,1585,1500,2012,1500,1842,1669,1500,1520,1653,1500,2012,8.4
2026-04-17,20:34:47.580,-53,-33,10,3955,0,26,44,16,7916,30,11,362,-769,213,673,1024,203,0,0,-1,-1,-1,0x1002480494140045,1329,1554,1730,988,2012,1116,1606,1500,1500,1103,1193,1449,1500,1500,1500,1500,1500,1500,1372,1628,1500,1585,1500,2012,1500,1642,1554,1500,1520,1653,1500,2012,8.4
2026-04-17,20:34:48.080,-42,-36,10,3954,9630,26,44,16,4594,30,11,363,-2,503,673,1024,203,0,0,-1,-1,-1,0x1002480590140005,1501,1662,1730,988,2012,1499,1752,1500,1500,1499,1193,1449,1500,1500,1500,1500,1500,1500,1372,1628,1500,1585,1500,2012,1500,1804,1662,1500,1520,1653,1500,2012,8.4
2026-04-17,20:34:48.580,-43,-45,10,3951,11520,26,44,16,8546,30,11,365,-1024,-529,673,1024,203,0,0,-1,-1,-1,0x1002480496180045,1222,1276,1730,1284,2012,988,1230,1216,1500,988,1193,1449,1500,1500,1500,1500,1500,1216,988,2012,1500,1585,1500,988,1500,1356,1500,1500,1520,1653,1166,2012,8.4
2026-04-17,20:34:49.080,-50,-55,10,3950,0,26,44,16,2338,30,11,365,-1024,167,673,1024,203,0,0,-1,-1,-1,0x1002480594140405,1222,1550,1730,988,2012,988,1583,1500,1500,988,1193,1449,1500,1500,1500,1500,1500,1500,1372,1628,1500,1585,1500,2012,1500,1621,1550,1500,1520,1653,1500,2012,8.4
2026-04-17,20:34:49.580,-47,-55,10,3961,1640,26,44,16,2118,30,11,366,-1022,283,673,1024,203,0,0,-1,-1,-1,0x1002480594140445,1223,1579,1730,988,2012,990,1641,1500,1500,989,1193,1449,1500,1500,1500,1500,1500,1500,1372,1628,1500,1585,1500,2012,1500,1688,1579,1500,1520,1653,1500,2012,8.4
2026-04-17,20:34:50.080,-52,-33,10,3961,6970,26,44,16,5262,30,11,366,-1024,-664,673,1024,203,0,0,-1,-1,-1,0x1002480496180005,1222,1253,1730,1307,2012,988,1161,1187,1500,988,1193,1449,1500,1500,1500,1500,1500,1187,988,2012,1500,1585,1500,988,1500,1266,1500,1500,1520,1653,1132,2012,8.4
2026-04-17,20:34:50.580,-52,-31,10,3968,2340,26,44,16,1820,30,11,367,-1024,71,673,1024,203,0,0,-1,-1,-1,0x1002480594140445,1222,1530,1730,988,2012,988,1535,1500,1500,988,1193,1449,1500,1500,1500,1500,1500,1500,1372,1628,1500,1585,1500,2012,1500,1563,1530,1500,1520,1653,1500,2012,8.4
2026-04-17,20:34:51.080,-52,-34,10,3973,940,26,44,16,1842,30,11,367,-1024,215,673,1024,203,0,0,-1,-1,-1,0x1002480594140005,1222,1561,1730,988,2012,988,1608,1500,1500,988,1193,1449,1500,1500,1500,1500,1500,1500,1372,1628,1500,1585,1500,2012,1500,1652,1561,1500,1520,1653,1500,2012,8.4
2026-04-17,20:34:51.580,-36,-35,10,3974,6300,26,44,16,4402,30,11,368,-1024,377,673,1024,203,0,0,-1,-1,-1,0x1002480594140445,1222,1618,1730,988,2012,988,1688,1500,1500,988,1193,1449,1500,1500,1500,1500,1500,1500,1372,1628,1500,1585,1500,2012,1500,1746,1618,1500,1520,1653,1500,2012,8.4
2026-04-17,20:34:52.080,-45,-43,10,3969,12220,26,44,16,7348,30,11,369,1024,-434,673,1024,203,0,0,-1,-1,-1,0x1002480496100005,1748,1296,1730,1257,2012,2012,1283,1243,1500,2012,1193,1449,1500,1500,1500,1500,1500,1242,1050,2012,1500,1585,1500,2012,1500,1202,1500,1500,1520,1653,1197,2012,8.4
2026-04-17,20:34:52.580,-47,-41,10,3969,3290,26,44,16,930,30,11,369,1024,322,673,1024,202,0,0,-1,-1,-1,0x1002480594140445,1748,1597,1730,988,2012,2012,1661,1500,1500,2012,1193,1449,1500,1500,1500,1500,1500,1500,1372,1628,1500,1585,1500,2012,1500,1716,1597,1500,1520,1653,1500,2012,8.4
2026-04-17,20:34:53.080,-39,-44,10,3968,1640,26,44,16,2308,30,11,370,1021,145,672,1024,203,0,0,-1,-1,-1,0x1002480594140005,1747,1545,1730,988,2012,2010,1572,1500,1500,2010,1193,1449,1500,1500,1500,1500,1500,1500,1372,1628,1500,1585,1500,2012,1500,1606,1545,1500,1520,1653,1500,2012,8.4
2026-04-17,20:34:53.580,-32,-44,10,3968,1500,26,44,16,2088,31,11,370,627,245,673,1024,203,0,0,-1,-1,-1,0x1002480594140445,1618,1569,1730,988,2012,1820,1622,1500,1500,1813,1193,1449,1500,1500,1500,1500,1500,1500,1372,1628,1500,1585,1500,2012,1500,1672,1569,1500,1520,1653,1500,2012,8.4
2026-04-17,20:34:54.080,-31,-44,10,3970,5530,26,44,16,4732,31,11,371,601,-141,673,1024,203,0,0,-1,-1,-1,0x10024804961C0005,1609,1406,1730,1113,2012,1809,1425,1381,1500,1795,1193,1449,1500,1500,1500,1500,1500,1381,1065,1935,1500,1585,1500,2012,1500,1437,1500,1500,1520,1653,1381,2012,8.4
2026-04-17,20:34:54.580,-34,-44,10,3974,0,26,44,16,3076,31,11,371,665,54,673,1024,203,0,0,-1,-1,-1,0x1002480594140445,1632,1519,1730,988,2012,1832,1527,1500,1500,1839,1193,1449,1500,1500,1500,1500,1500,1500,1372,2012,1500,1585,1500,2012,1500,1541,1519,1500,1520,1653,1500,2012,8.4
2026-04-17,20:34:55.080,-33,-44,10,3977,1500,26,44,16,1134,31,11,371,829,66,673,1024,203,0,0,-1,-1,-1,0x1002480594140405,1669,1523,1721,988,2012,1914,1533,1500,1500,1909,1193,1449,1500,1500,1500,1500,1500,1500,1372,1628,1500,1585,1500,2012,1500,1550,1523,1500,1520,1653,1500,2012,8.4
2026-04-17,20:34:55.580,-49,-49,10,3977,1710,26,44,16,1162,31,11,372,1024,175,673,1024,203,0,0,-1,-1,-1,0x1002480594140045,1748,1552,1730,988,2012,2012,1587,1500,1500,2012,1193,1449,1500,1500,1500,1500,1500,1500,1372,1628,1500,1585,1500,2012,1500,1627,1552,1500,1520,1653,1500,2012,8.4
2026-04-17,20:34:56.080,-54,-51,10,3977,1920,26,44,16,1782,31,11,372,1024,185,673,1024,203,0,0,-1,-1,-1,0x1002480594140405,1748,1557,1730,988,2012,2012,1592,1500,1500,2012,1193,1449,1500,1500,1500,1500,1500,1500,1372,1628,1500,1585,1500,2012,1500,1634,1557,1500,1520,1653,1500,2012,8.4
2026-04-17,20:34:56.580,-54,-46,10,3978,3010,26,44,16,2420,31,11,372,953,270,673,1024,203,0,0,-1,-1,-1,0x1002480594140045,1717,1578,1730,988,2012,1976,1635,1500,1500,1976,1193,1449,1500,1500,1500,1500,1500,1500,1372,1628,1500,1585,1500,2012,1500,1687,1578,1500,1520,1653,1500,2012,8.4
2026-04-17,20:34:57.080,-54,-38,10,3977,11030,26,44,16,5912,31,11,373,-1024,-455,673,1024,203,0,0,-1,-1,-1,0x10024804961C0005,1222,1259,1730,1301,2012,988,1273,1195,1500,988,1193,1449,1500,1500,1500,1500,1500,1195,988,2012,1500,1585,1500,2012,1500,1284,1500,1500,1520,1653,1195,2012,8.4
2026-04-17,20:34:57.580,-58,-52,10,3975,1990,26,44,16,2924,31,11,374,505,4,673,1024,203,0,0,-1,-1,-1,0x1002480494140045,1588,1501,1730,988,2012,1759,1502,1500,1500,1746,1193,1449,1500,1500,1500,1500,1500,1500,1270,1730,1500,1585,1500,2012,1500,1504,1501,1500,1520,1653,1500,2012,8.4
2026-04-17,20:34:58.080,-58,-46,10,3975,2200,26,44,16,1894,31,11,374,1023,161,673,1024,202,0,0,-1,-1,-1,0x1002480594140005,1747,1552,1730,988,2012,2011,1580,1500,1500,2011,1193,1449,1500,1500,1500,1500,1500,1500,1372,1628,1500,1585,1500,2012,1500,1627,1552,1500,1520,1653,1500,2012,8.4
2026-04-17,20:34:58.580,-58,-39,10,3975,1500,26,44,16,1464,30,11,375,1024,223,673,1024,203,0,0,-1,-1,-1,0x1002480594140445,1748,1563,1730,988,2012,2012,1611,1500,1500,2012,1193,1449,1500,1500,1500,1500,1500,1500,1372,1628,1500,1585,1500,2012,1500,1658,1563,1500,1520,1653,1500,2012,8.4
2026-04-17,20:34:59.080,-38,-44,10,3975,660,26,44,16,1796,30,11,375,-63,1,673,1024,203,0,0,-1,-1,-1,0x1002480490140005,1495,1500,1709,988,2012,1469,1500,1500,1500,1478,1193,1449,1500,1500,1500,1500,1500,1500,1060,2012,1500,1585,1500,2012,1500,1501,1500,1500,1520,1653,1500,2012,8.4
2026-04-17,20:34:59.580,-34,-44,10,3976,0,26,44,16,878,30,11,375,-144,4,673,1024,203,0,0,-1,-1,-1,0x1002480494140045,1475,1501,1709,988,2012,1434,1502,1500,1500,1421,1193,1449,1500,1500,1500,1500,1500,1500,1372,2012,1500,1585,1500,2012,1500,1503,1501,1500,1520,1653,1500,2012,8.4
2026-04-17,20:35:00.080,-31,-44,10,3975,0,26,44,16,0,30,11,375,3,4,673,1024,203,0,0,-1,-1,-1,0x1002480090140005,1501,1501,1709,988,2012,1501,1502,1500,1500,1501,1193,1449,1500,1500,1500,1500,1500,1500,1372,2012,1500,1585,1500,2012,1500,1503,1501,1500,1520,1653,1500,2012,8.4
2026-04-17,20:35:00.580,-28,-44,10,3971,0,26,44,16,0,31,11,375,3,1,673,1024,203,0,0,-1,-1,-1,0x1002480090140005,1501,1500,1709,988,2012,1501,1500,1500,1500,1501,1193,1449,1500,1500,1500,1500,1500,1500,1500,2012,1500,1585,1500,2012,1500,1501,1500,1500,1520,1653,1500,2012,8.4
2026-04-17,20:35:01.080,-26,-44,10,3968,0,26,44,16,0,31,11,375,5,4,673,1024,203,0,0,-1,-1,-1,0x1002480090140005,1502,1501,1709,988,2012,1502,1502,1500,1500,1502,1193,1449,1500,1500,1500,1500,1500,1500,1500,2012,1500,1585,1500,2012,1500,1502,1501,1500,1520,1653,1500,2012,8.4
2026-04-17,20:35:01.580,-26,-44,10,3967,0,26,44,16,0,31,11,375,5,2,673,1024,203,0,0,-1,-1,-1,0x1002480890140005,1502,1500,1709,988,2012,1502,1501,1500,1500,1502,1193,1449,1500,1500,1500,1500,1500,1500,1500,2012,1500,1585,1500,2012,1500,1501,1500,1500,1520,1653,1500,2012,8.4
2026-04-17,20:35:02.080,-25,-44,10,3969,0,26,44,16,0,30,11,375,2,4,673,1024,203,0,0,-1,-1,-1,0x1002480890140005,1501,1501,1607,988,2012,1501,1502,1500,1500,1501,1193,1449,1500,1500,1500,1500,1500,1500,1500,2012,1500,1585,1500,2012,1500,1503,1501,1500,1520,1653,1500,2012,8.4
2026-04-17,20:35:02.580,-26,-44,10,3972,0,26,44,16,0,30,11,375,2,-1,673,1024,203,0,0,-1,-1,-1,0x1002480890140004,1501,1499,1500,988,2012,1501,1500,1499,1500,1501,1193,1449,1500,1500,1500,1500,1500,1499,1500,2012,1500,1585,1500,2012,1500,1499,1500,1500,1520,1653,1499,2012,8.4
2026-04-17,20:35:03.080,-28,-44,10,3976,0,26,44,16,0,30,11,375,2,3,673,1024,203,0,0,-1,-1,-1,0x1002480A90140004,1501,1501,1500,988,2012,1501,1501,1500,1500,1501,1193,1449,1500,1500,1500,1500,1500,1500,1500,2012,1500,1585,1500,2012,1500,1502,1501,1500,1520,1653,1500,2012,8.4
2026-04-17,20:35:03.580,-27,-44,10,3979,0,26,44,16,0,30,11,375,2,-5,673,1024,203,0,0,-1,-1,-1,0x1002480A90100004,1501,1497,1500,992,2012,1501,1498,1497,1500,1501,1193,1449,1500,1500,1500,1500,1500,1497,1500,2012,1500,1585,1500,2012,1500,1496,1500,1500,1520,1653,1496,2012,8.4
2026-04-17,20:35:04.080,-36,-42,10,3982,0,26,44,16,0,30,11,375,1,1,673,1024,203,0,0,-1,-1,-1,0x1002480890140004,1501,1500,1500,988,2012,1500,1500,1500,1500,1500,1193,1449,1500,1500,1500,1500,1500,1500,1500,2012,1500,1585,1500,2012,1500,1501,1500,1500,1520,1653,1500,2012,8.4
2026-04-17,20:35:04.580,-47,-45,10,3983,0,26,44,16,154,30,11,375,1,1,673,1024,203,0,0,-1,-1,-1,0x1002480890140004,1501,1500,1500,988,2012,1500,1500,1500,1500,1500,1193,1449,1500,1500,1500,1500,1500,1500,1500,2012,1500,1585,1500,2012,1500,1501,1500,1500,1520,1653,1500,2012,8.4
2026-04-17,20:35:05.080,-42,-45,10,3983,0,26,44,16,1582,30,11,375,1,2,673,1024,203,0,0,-1,-1,-1,0x1002480490140004,1501,1500,1500,988,2012,1500,1501,1500,1500,1500,1193,1449,1500,1500,1500,1500,1500,1500,1500,2012,1500,1585,1500,2012,1500,1501,1500,1500,1520,1653,1500,2012,8.4
2026-04-17,20:35:05.580,-38,-45,10,3982,0,26,44,16,0,30,11,375,1,2,673,1024,203,0,0,-1,-1,-1,0x1002480290140004,1501,1500,1500,988,2012,1500,1501,1500,1500,1500,1193,1449,1500,1500,1500,1500,1500,1500,1500,2012,1500,1585,1500,2012,1500,1501,1500,1500,1520,1653,1500,2012,8.4
2026-04-17,20:35:06.080,-43,-30,10,3982,0,26,44,16,0,30,11,375,1,1,673,1024,203,0,0,-1,-1,-1,0x1002480290140004,1501,1500,1500,988,2012,1500,1500,1500,1500,1500,1193,1449,1500,1500,1500,1500,1500,1500,1500,2012,1500,1585,1500,2012,1500,1501,1500,1500,1520,1653,1500,2012,8.4
2026-04-17,20:35:06.580,-37,-33,10,3982,0,26,44,16,0,30,11,375,2,1,673,1024,203,0,0,-1,-1,-1,0x1002480290140004,1501,1500,1500,988,2012,1501,1500,1500,1500,1501,1193,1449,1500,1500,1500,1500,1500,1500,1500,2012,1500,1585,1500,2012,1500,1501,1500,1500,1520,1653,1500,2012,8.4
2026-04-17,20:35:07.080,-37,-28,10,3982,0,26,44,16,0,30,11,375,2,3,673,1024,203,0,0,-1,-1,-1,0x1002480A90140004,1501,1501,1500,988,2012,1501,1501,1500,1500,1501,1193,1449,1500,1500,1500,1500,1500,1500,1500,2012,1500,1585,1500,2012,1500,1502,1501,1500,1520,1653,1500,2012,8.4
2026-04-17,20:35:07.580,-37,-27,10,3983,0,26,44,16,860,30,11,375,1,1,673,1024,203,0,0,-1,-1,-1,0x1002480690140044,1501,1500,1500,988,2012,1500,1500,1500,1500,1500,1193,1449,1500,1500,1500,1500,1500,1500,1500,2012,1500,1585,1500,2012,1500,1501,1500,1500,1520,1653,1500,2012,8.4
2026-04-17,20:35:08.080,-34,-32,10,3983,0,26,44,16,1226,30,11,375,2,1,673,1024,203,0,0,-1,-1,-1,0x1002480690140044,1501,1500,1500,988,2012,1501,1500,1500,1500,1501,1193,1449,1500,1500,1500,1500,1500,1500,1500,2012,1500,1585,1500,2012,1500,1501,1500,1500,1520,1653,1500,2012,8.4
2026-04-17,20:35:08.580,-34,-31,10,3983,0,26,44,16,384,30,11,375,2,2,673,1024,203,0,0,-1,-1,-1,0x1002480290140004,1501,1500,1500,988,2012,1501,1501,1500,1500,1501,1193,1449,1500,1500,1500,1500,1500,1500,1500,2012,1500,1585,1500,2012,1500,1501,1500,1500,1520,1653,1500,2012,8.4
2026-04-17,20:35:09.080,-34,-28,10,3983,0,26,44,16,1212,29,11,375,2,1,673,1024,203,0,0,-1,-1,-1,0x1002480690140044,1501,1500,1500,988,2012,1501,1500,1500,1500,1501,1193,1449,1500,1500,1500,1500,1500,1500,1500,2012,1500,1585,1500,2012,1500,1501,1500,1500,1520,1653,1500,2012,8.4
2026-04-17,20:35:09.580,-34,-27,10,3983,0,26,44,16,1516,29,11,375,2,2,673,1024,203,0,0,-1,-1,-1,0x1002480690140044,1501,1500,1500,988,2012,1501,1501,1500,1500,1501,1193,1449,1500,1500,1500,1500,1500,1500,1500,2012,1500,1585,1500,2012,1500,1501,1500,1500,1520,1653,1500,2012,8.4
2026-04-17,20:35:10.080,-41,-36,10,3983,0,26,44,16,252,29,11,375,1,2,673,1024,203,0,0,-1,-1,-1,0x1002480290140004,1501,1500,1500,988,2012,1500,1501,1500,1500,1500,1193,1449,1500,1500,1500,1500,1500,1500,1500,2012,1500,1585,1500,2012,1500,1501,1500,1500,1520,1653,1500,2012,8.4
2026-04-17,20:35:10.580,-41,-29,10,3983,0,26,44,16,110,29,11,375,2,3,673,1024,203,0,0,-1,-1,-1,0x1002480290140004,1501,1501,1500,988,2012,1501,1501,1500,1500,1500,1193,1449,1500,1500,1500,1500,1500,1500,1500,2012,1500,1585,1500,2012,1500,1502,1501,1500,1520,1653,1500,2012,8.4
2026-04-17,20:35:11.080,-41,-24,10,3983,0,26,44,16,360,29,11,375,2,3,673,1024,203,0,0,-1,-1,-1,0x1002480290140004,1501,1501,1500,988,2012,1501,1501,1500,1500,1501,1193,1449,1500,1500,1500,1500,1500,1500,1500,2012,1500,1585,1500,2012,1500,1502,1501,1500,1520,1653,1500,2012,8.4
2026-04-17,20:35:11.580,-41,-25,10,3982,0,26,44,16,0,29,11,375,1,1,673,1024,203,0,0,-1,-1,-1,0x1002480A90140004,1501,1500,1500,988,2012,1500,1500,1500,1500,1501,1193,1449,1500,1500,1500,1500,1500,1500,1500,2012,1500,1585,1500,2012,1500,1501,1500,1500,1520,1653,1500,2012,8.4
2026-04-17,20:35:12.080,-41,-25,10,3982,0,26,44,16,254,29,11,375,1,-337,673,1024,204,0,0,-1,-1,-1,0x1002480A92100004,1501,1334,1500,1208,2012,1500,1332,1290,1500,1500,1193,1449,1500,1500,1500,1500,1500,1290,1500,2012,1500,1585,1500,2012,1500,1275,1500,1500,1520,1653,1253,2012,8.4
2026-04-17,20:35:12.580,-38,-32,10,3982,0,26,44,16,0,29,11,375,1,-768,673,1024,204,0,0,-1,-1,-1,0x1002480A92180004,1501,1252,1500,1308,2012,1500,1116,1186,1500,1500,1193,1449,1500,1500,1500,1500,1500,1186,1500,2012,1500,1585,1500,2012,1500,1081,1500,1500,1520,1653,1131,2012,8.4
2026-04-17,20:35:13.080,-38,-25,10,3982,0,26,44,16,300,29,11,375,2,-1024,673,1024,203,0,0,-1,-1,-1,0x1002480A92100004,1501,1169,1500,1377,2012,1500,988,1500,1080,1501,1193,1449,1500,1500,1500,1500,1500,1080,1500,2012,1500,1585,1500,2012,1500,988,1500,1500,1520,1653,1080,2012,8.4
2026-04-17,20:35:13.580,-38,-27,10,3983,0,26,44,16,914,28,11,375,1,5,673,1024,203,0,0,-1,-1,-1,0x1002480690140044,1501,1501,1500,988,2012,1500,1502,1500,1500,1500,1193,1449,1500,1500,1500,1500,1500,1500,1500,2012,1500,1585,1500,2012,1500,1503,1501,1500,1520,1653,1500,2012,8.4
2026-04-17,20:35:14.080,-38,-27,10,3983,0,26,44,16,1288,28,11,375,1,5,673,1024,203,0,0,-1,-1,-1,0x1002480690140004,1501,1501,1500,988,2012,1500,1502,1500,1500,1500,1193,1449,1500,1500,1500,1500,1500,1500,1500,2012,1500,1585,1500,2012,1500,1504,1501,1500,1520,1653,1500,2012,8.4
2026-04-17,20:35:14.580,-38,-28,10,3983,0,26,44,16,388,28,11,375,1,3,673,1024,203,0,0,-1,-1,-1,0x1002480290140004,1501,1501,1500,988,2012,1500,1501,1500,1500,1500,1193,1449,1500,1500,1500,1500,1500,1500,1500,2012,1500,1585,1500,2012,1500,1502,1501,1500,1520,1653,1500,2012,8.4
2026-04-17,20:35:15.080,-43,-27,10,3983,0,26,44,16,52,28,11,375,1,3,673,1024,203,0,0,-1,-1,-1,0x1002480290140004,1501,1501,1500,988,2012,1500,1501,1500,1500,1500,1193,1449,1500,1500,1500,1500,1500,1500,1500,2012,1500,1585,1500,2012,1500,1502,1501,1500,1520,1653,1500,2012,8.4
2026-04-17,20:35:15.580,-43,-29,10,3983,0,26,44,16,1002,28,11,375,2,2,673,1024,204,0,0,-1,-1,-1,0x1002480690140044,1501,1500,1500,988,2012,1501,1501,1500,1500,1501,1193,1449,1500,1500,1500,1500,1500,1500,1500,2012,1500,1585,1500,2012,1500,1501,1500,1500,1520,1653,1500,2012,8.4
2026-04-17,20:35:16.080,-43,-27,10,3983,0,26,44,16,854,28,11,375,2,2,673,1024,204,0,0,-1,-1,-1,0x1002480690140044,1501,1500,1500,988,2012,1501,1501,1500,1500,1500,1193,1449,1500,1500,1500,1500,1500,1500,1500,2012,1500,1585,1500,2012,1500,1501,1500,1500,1520,1653,1500,2012,8.4
2026-04-17,20:35:16.580,-43,-31,10,3983,0,26,44,16,1498,28,11,375,1,4,673,1024,203,0,0,-1,-1,-1,0x1002480690140044,1501,1501,1500,988,2012,1500,1502,1500,1500,1500,1193,1449,1500,1500,1500,1500,1500,1500,1500,2012,1500,1585,1500,2012,1500,1503,1501,1500,1520,1653,1500,2012,8.4
2026-04-17,20:35:17.080,-37,-34,10,3983,0,26,44,16,448,28,11,375,1,4,673,1024,204,0,0,-1,-1,-1,0x1002480290140004,1501,1501,1500,988,2012,1500,1502,1500,1500,1501,1193,1449,1500,1500,1500,1500,1500,1500,1500,2012,1500,1585,1500,2012,1500,1503,1501,1500,1520,1653,1500,2012,8.4
2026-04-17,20:35:17.580,-42,-36,10,3983,0,26,44,16,0,28,11,375,1,3,673,1024,203,0,0,-1,-1,-1,0x1002480290140004,1501,1501,1500,988,2012,1500,1501,1500,1500,1500,1193,1449,1500,1500,1500,1500,1500,1500,1500,2012,1500,1585,1500,2012,1500,1502,1501,1500,1520,1653,1500,2012,8.4
2026-04-17,20:35:18.080,-42,-38,10,3983,0,26,44,16,0,28,11,375,2,2,673,1024,203,0,0,-1,-1,-1,0x1002480290140004,1501,1500,1500,988,2012,1501,1501,1500,1500,1501,1193,1449,1500,1500,1500,1500,1500,1500,1500,2012,1500,1585,1500,2012,1500,1501,1500,1500,1520,1653,1500,2012,8.4
2026-04-17,20:35:18.580,-41,-41,10,3983,0,26,44,16,0,28,11,375,1,2,673,1024,204,0,0,-1,-1,-1,0x1002480A90140004,1501,1500,1500,988,2012,1500,1501,1500,1500,1500,1193,1449,1500,1500,1500,1500,1500,1500,1500,2012,1500,1585,1500,2012,1500,1501,1500,1500,1520,1653,1500,2012,8.4
2026-04-17,20:35:19.080,-46,-35,10,3983,0,26,44,16,0,28,11,375,1,2,673,1024,203,0,0,-1,-1,-1,0x1002480A90140004,1501,1500,1500,988,2012,1500,1501,1500,1500,1501,1193,1449,1500,1500,1500,1500,1500,1500,1500,2012,1500,1585,1500,2012,1500,1501,1500,1500,1520,1653,1500,2012,8.4
2026-04-17,20:35:19.580,-43,-38,10,3983,0,26,44,16,0,28,11,375,2,2,673,1024,203,0,0,-1,-1,-1,0x1002480A90140004,1501,1500,1500,988,2012,1501,1501,1500,1500,1501,1193,1449,1500,1500,1500,1500,1500,1500,1500,2012,1500,1585,1500,2012,1500,1501,1500,1500,1520,1653,1500,2012,8.4
2026-04-17,20:35:20.080,-43,-34,10,3983,0,26,44,16,48,28,11,375,1,3,673,1024,203,0,0,-1,-1,-1,0x1002480A90140004,1501,1500,1500,988,2012,1500,1501,1500,1500,1500,1193,1449,1500,1500,1500,1500,1500,1500,1500,2012,1500,1585,1500,2012,1500,1502,1500,1500,1520,1653,1500,2012,8.4
2026-04-17,20:35:20.580,-43,-25,10,3983,0,26,44,16,1600,28,11,375,1,3,673,1024,204,0,0,-1,-1,-1,0x1002480690140044,1501,1501,1500,988,2012,1500,1501,1500,1500,1500,1193,1449,1500,1500,1500,1500,1500,1500,1500,2012,1500,1585,1500,2012,1500,1502,1501,1500,1520,1653,1500,2012,8.4
2026-04-17,20:35:21.080,-32,-32,10,3983,0,26,44,16,1630,28,11,375,1,4,673,1024,204,0,0,-1,-1,-1,0x1002480690140004,1501,1501,1500,988,2012,1500,1502,1500,1500,1500,1193,1449,1500,1500,1500,1500,1500,1500,1500,2012,1500,1585,1500,2012,1500,1503,1501,1500,1520,1653,1500,2012,8.4
2026-04-17,20:35:21.580,-32,-30,10,3982,0,26,44,16,626,28,11,375,2,2,673,1024,203,0,0,-1,-1,-1,0x1002480690140044,1501,1500,1500,988,2012,1501,1501,1500,1500,1501,1193,1449,1500,1500,1500,1500,1500,1500,1500,2012,1500,1585,1500,2012,1500,1501,1500,1500,1520,1653,1500,2012,8.4
2026-04-17,20:35:22.080,-32,-25,10,3982,0,26,44,16,1776,28,11,375,1,2,673,1024,204,0,0,-1,-1,-1,0x1002480690140004,1501,1500,1500,988,2012,1500,1501,1500,1500,1500,1193,1449,1500,1500,1500,1500,1500,1500,1500,2012,1500,1585,1500,2012,1500,1501,1500,1500,1520,1653,1500,2012,8.4
2026-04-17,20:35:22.580,-41,-35,10,3982,0,26,44,16,1056,28,11,375,1,2,673,1024,203,0,0,-1,-1,-1,0x1002480690140044,1501,1500,1500,988,2012,1500,1501,1500,1500,1500,1193,1449,1500,1500,1500,1500,1500,1500,1500,2012,1500,1585,1500,2012,1500,1501,1500,1500,1520,1653,1500,2012,8.4
2026-04-17,20:35:23.080,-41,-31,10,3982,0,26,44,16,0,28,11,375,1,2,673,1024,203,0,0,-1,-1,-1,0x1002480290140004,1501,1500,1500,988,2012,1500,1501,1500,1500,1500,1193,1449,1500,1500,1500,1500,1500,1500,1500,2012,1500,1585,1500,2012,1500,1501,1500,1500,1520,1653,1500,2012,8.4
2026-04-17,20:35:23.580,-41,-31,10,3982,0,26,44,16,0,28,11,375,1,2,673,1024,203,0,0,-1,-1,-1,0x1002480290140004,1501,1500,1500,988,2012,1500,1501,1500,1500,1500,1193,1449,1500,1500,1500,1500,1500,1500,1500,2012,1500,1585,1500,2012,1500,1501,1500,1500,1520,1653,1500,2012,8.4
2026-04-17,20:35:24.080,-41,-33,10,3983,0,26,44,16,0,28,11,375,1,3,673,1024,204,0,0,-1,-1,-1,0x1002480290140004,1501,1501,1500,988,2012,1500,1501,1500,1500,1500,1193,1449,1500,1500,1500,1500,1500,1500,1500,2012,1500,1585,1500,2012,1500,1501,1501,1500,1520,1653,1500,2012,8.4
2026-04-17,20:35:24.580,-43,-41,10,3983,0,26,44,16,0,28,11,375,1,2,673,1024,204,0,0,-1,-1,-1,0x1002480A90140004,1501,1500,1500,988,2012,1500,1501,1500,1500,1500,1193,1449,1500,1500,1500,1500,1500,1500,1500,2012,1500,1585,1500,2012,1500,1501,1500,1500,1520,1653,1500,2012,8.4
2026-04-17,20:35:25.080,-43,-37,10,3983,0,26,44,16,0,28,11,375,2,2,673,1024,203,0,0,-1,-1,-1,0x1002480A90140004,1501,1500,1500,988,2012,1501,1501,1500,1500,1500,1193,1449,1500,1500,1500,1500,1500,1500,1500,2012,1500,1585,1500,2012,1500,1501,1500,1500,1520,1653,1500,2012,8.4
2026-04-17,20:35:25.580,-43,-35,10,3983,0,26,44,16,0,28,11,375,1,2,673,1024,204,0,0,-1,-1,-1,0x1002480A90140004,1501,1500,1500,988,2012,1500,1501,1500,1500,1500,1193,1449,1500,1500,1500,1500,1500,1500,1500,2012,1500,1585,1500,2012,1500,1501,1500,1500,1520,1653,1500,2012,8.4
2026-04-17,20:35:26.080,-43,-35,10,3983,0,26,44,16,0,28,11,375,2,3,673,1024,203,0,0,-1,-1,-1,0x1002480A90140004,1501,1501,1500,988,2012,1501,1501,1500,1500,1500,1193,1449,1500,1500,1500,1500,1500,1500,1500,2012,1500,1585,1500,2012,1500,1502,1501,1500,1520,1653,1500,2012,8.4
2026-04-17,20:35:26.580,-43,-37,10,3983,0,26,44,16,326,28,11,375,1,1,673,1024,203,0,0,-1,-1,-1,0x1002480A90140004,1501,1500,1500,988,2012,1500,1500,1500,1500,1500,1193,1449,1500,1500,1500,1500,1500,1500,1500,2012,1500,1585,1500,2012,1500,1501,1500,1500,1520,1653,1500,2012,8.4
2026-04-17,20:35:27.080,-43,-24,10,3983,0,26,44,16,574,28,11,375,1,2,673,1024,204,0,0,-1,-1,-1,0x1002480690140044,1501,1500,1500,988,2012,1500,1501,1500,1500,1500,1193,1449,1500,1500,1500,1500,1500,1500,1500,2012,1500,1585,1500,2012,1500,1501,1500,1500,1520,1653,1500,2012,8.4
2026-04-17,20:35:27.580,-43,-23,10,3983,0,26,44,16,0,28,11,375,1,2,673,1024,203,0,0,-1,-1,-1,0x1002480290140004,1501,1500,1500,988,2012,1500,1501,1500,1500,1500,1193,1449,1500,1500,1500,1500,1500,1500,1500,2012,1500,1585,1500,2012,1500,1501,1500,1500,1520,1653,1500,2012,8.4
2026-04-17,20:35:28.080,-43,-24,10,3983,0,26,44,16,0,28,11,375,1,3,673,1024,203,0,0,-1,-1,-1,0x1002480290140004,1501,1501,1500,988,2012,1500,1501,1500,1500,1500,1193,1449,1500,1500,1500,1500,1500,1500,1500,2012,1500,1585,1500,2012,1500,1502,1501,1500,1520,1653,1500,2012,8.4
2026-04-17,20:35:28.580,-43,-24,10,3983,0,26,44,16,0,28,11,375,1,3,673,1024,203,0,0,-1,-1,-1,0x1002480290140004,1501,1501,1500,988,2012,1500,1501,1500,1500,1500,1193,1449,1500,1500,1500,1500,1500,1500,1500,2012,1500,1585,1500,2012,1500,1502,1501,1500,1520,1653,1500,2012,8.4
2026-04-17,20:35:29.080,-43,-24,10,3983,0,26,44,16,0,28,11,375,1,3,673,1024,203,0,0,-1,-1,-1,0x1002480A90140004,1501,1501,1500,988,2012,1500,1501,1500,1500,1500,1193,1449,1500,1500,1500,1500,1500,1500,1500,2012,1500,1585,1500,2012,1500,1502,1501,1500,1520,1653,1500,2012,8.4
2026-04-17,20:35:29.580,-43,-25,10,3983,0,26,44,16,0,28,11,375,1,0,673,1024,204,0,0,-1,-1,-1,0x1002480A90140004,1501,1500,1500,988,2012,1500,1500,1500,1500,1500,1193,1449,1500,1500,1500,1500,1500,1500,1500,2012,1500,1585,1500,2012,1500,1500,1500,1500,1520,1653,1500,2012,8.4
2026-04-17,20:35:30.080,-43,-27,10,3983,0,26,44,16,0,28,11,375,2,-1,673,1024,203,0,0,-1,-1,-1,0x1002480A90140004,1501,1499,1500,988,2012,1501,1500,1499,1500,1501,1193,1449,1500,1500,1500,1500,1500,1499,1500,2012,1500,1585,1500,2012,1500,1499,1500,1500,1520,1653,1499,2012,8.4
2026-04-17,20:35:30.580,-37,-33,10,3983,0,26,44,16,0,28,11,375,1,0,673,1024,203,0,0,-1,-1,-1,0x1002480A90140004,1501,1500,1500,988,2012,1500,1500,1500,1500,1500,1193,1449,1500,1500,1500,1500,1500,1500,1500,2012,1500,1585,1500,2012,1500,1500,1500,1500,1520,1653,1500,2012,8.4
2026-04-17,20:35:31.080,-42,-35,10,3983,0,26,44,16,118,28,11,375,1,1,673,1024,203,0,0,-1,-1,-1,0x1002480A90140004,1501,1500,1500,988,2012,1500,1500,1500,1500,1500,1193,1449,1500,1500,1500,1500,1500,1500,1500,2012,1500,1585,1500,2012,1500,1501,1500,1500,1520,1653,1500,2012,8.4
2026-04-17,20:35:31.580,-42,-32,10,3983,0,26,44,16,0,28,11,375,2,1,673,1024,204,0,0,-1,-1,-1,0x1002480A90140004,1501,1500,1500,988,2012,1501,1500,1500,1500,1501,1193,1449,1500,1500,1500,1500,1500,1500,1500,2012,1500,1585,1500,2012,1500,1501,1500,1500,1520,1653,1500,2012,8.4
2026-04-17,20:35:32.080,-42,-27,10,3983,0,26,44,16,0,27,11,375,2,2,673,1024,203,0,0,-1,-1,-1,0x1002480A90140004,1501,1500,1500,988,2012,1501,1501,1500,1500,1501,1193,1449,1500,1500,1500,1500,1500,1500,1500,2012,1500,1585,1500,2012,1500,1501,1500,1500,1520,1653,1500,2012,8.4
2026-04-17,20:35:32.580,-42,-24,10,3983,0,26,44,16,0,27,11,375,2,1,673,1024,203,0,0,-1,-1,-1,0x1002480A90140004,1501,1500,1500,988,2012,1501,1500,1500,1500,1500,1193,1449,1500,1500,1500,1500,1500,1500,1500,2012,1500,1585,1500,2012,1500,1501,1500,1500,1520,1653,1500,2012,8.4
2026-04-17,20:35:33.080,-42,-23,10,3983,0,26,44,16,0,27,11,375,1,1,673,1024,203,0,0,-1,-1,-1,0x1002480A90140004,1501,1500,1500,988,2012,1500,1500,1500,1500,1500,1193,1449,1500,1500,1500,1500,1500,1500,1500,2012,1500,1585,1500,2012,1500,1501,1500,1500,1520,1653,1500,2012,8.4
2026-04-17,20:35:33.580,-42,-25,10,3983,0,26,44,16,0,27,11,375,2,3,673,1024,203,0,0,-1,-1,-1,0x1002480A90140004,1501,1501,1500,988,2012,1501,1501,1500,1500,1501,1193,1449,1500,1500,1500,1500,1500,1500,1500,2012,1500,1585,1500,2012,1500,1502,1501,1500,1520,1653,1500,2012,8.4
2026-04-17,20:35:34.080,-42,-26,10,3983,0,26,44,16,0,27,11,375,2,1,673,1024,203,0,0,-1,-1,-1,0x1002480A90140004,1501,1500,1500,988,2012,1501,1500,1500,1500,1500,1193,1449,1500,1500,1500,1500,1500,1500,1500,2012,1500,1585,1500,2012,1500,1501,1500,1500,1520,1653,1500,2012,8.4
2026-04-17,20:35:34.580,-40,-26,10,3983,0,26,44,16,0,27,11,375,1,2,673,1024,204,0,0,-1,-1,-1,0x1002480A90140004,1501,1500,1500,988,2012,1500,1501,1500,1500,1500,1193,1449,1500,1500,1500,1500,1500,1500,1500,2012,1500,1585,1500,2012,1500,1501,1500,1500,1520,1653,1500,2012,8.4
2026-04-17,20:35:35.080,-40,-30,10,3983,0,26,44,16,0,27,11,375,2,0,673,1024,203,0,0,-1,-1,-1,0x1002480A90140004,1501,1500,1500,988,2012,1501,1500,1500,1500,1501,1193,1449,1500,1500,1500,1500,1500,1500,1500,2012,1500,1585,1500,2012,1500,1500,1500,1500,1520,1653,1500,2012,8.4
2026-04-17,20:35:35.580,-48,-30,10,3983,0,26,44,16,0,27,11,375,2,-1,673,1024,203,0,0,-1,-1,-1,0x1002480A90140004,1501,1499,1500,989,2012,1501,1500,1499,1500,1501,1193,1449,1500,1500,1500,1500,1500,1498,1500,2012,1500,1585,1500,2012,1500,1499,1500,1500,1520,1653,1499,2012,8.4
2026-04-17,20:35:36.080,-48,-28,10,3983,0,26,44,16,0,27,11,375,1,1,673,1024,203,0,0,-1,-1,-1,0x1002480A90140004,1501,1500,1500,988,2012,1500,1500,1500,1500,1500,1193,1449,1500,1500,1500,1500,1500,1500,1500,2012,1500,1585,1500,2012,1500,1501,1500,1500,1520,1653,1500,2012,8.4
2026-04-17,20:35:36.580,-48,-29,10,3983,0,26,44,16,0,27,11,375,1,1,673,1024,203,0,0,-1,-1,-1,0x1002480A90140004,1501,1500,1500,988,2012,1500,1500,1500,1500,1500,1193,1449,1500,1500,1500,1500,1500,1500,1500,2012,1500,1585,1500,2012,1500,1501,1500,1500,1520,1653,1500,2012,8.4
2026-04-17,20:35:37.080,-48,-31,10,3983,0,26,44,16,0,27,11,375,2,1,673,1024,204,0,0,-1,-1,-1,0x1002480A90140004,1501,1500,1500,988,2012,1501,1500,1500,1500,1501,1193,1449,1500,1500,1500,1500,1500,1500,1500,2012,1500,1585,1500,2012,1500,1501,1500,1500,1520,1653,1500,2012,8.4
2026-04-17,20:35:37.580,-48,-30,10,3983,0,26,44,16,0,27,11,375,1,1,673,1024,203,0,0,-1,-1,-1,0x1002480A90140004,1501,1500,1500,988,2012,1500,1500,1500,1500,1500,1193,1449,1500,1500,1500,1500,1500,1500,1500,2012,1500,1585,1500,2012,1500,1501,1500,1500,1520,1653,1500,2012,8.4
2026-04-17,20:35:38.080,-48,-29,10,3983,0,26,44,16,0,27,11,375,2,1,673,1024,204,0,0,-1,-1,-1,0x1002480A90140004,1501,1500,1500,988,2012,1501,1500,1500,1500,1501,1193,1449,1500,1500,1500,1500,1500,1500,1500,2012,1500,1585,1500,2012,1500,1501,1500,1500,1520,1653,1500,2012,8.4
2026-04-17,20:35:38.580,-48,-30,10,3983,0,26,44,16,0,27,11,375,2,1,673,1024,203,0,0,-1,-1,-1,0x1002480A90140004,1501,1500,1500,988,2012,1501,1500,1500,1500,1501,1193,1449,1500,1500,1500,1500,1500,1500,1500,2012,1500,1585,1500,2012,1500,1501,1500,1500,1520,1653,1500,2012,8.4
2026-04-17,20:35:39.080,-48,-32,10,3983,0,26,44,16,0,27,11,375,2,1,673,1024,203,0,0,-1,-1,-1,0x1002480A90140004,1501,1500,1500,988,2012,1501,1500,1500,1500,1500,1193,1449,1500,1500,1500,1500,1500,1500,1500,2012,1500,1585,1500,2012,1500,1501,1500,1500,1520,1653,1500,2012,8.4
2026-04-17,20:35:39.580,-34,-33,10,3983,0,26,44,16,0,27,11,375,2,0,673,1024,203,0,0,-1,-1,-1,0x1002480A90140004,1501,1500,1500,988,2012,1501,1500,1500,1500,1501,1193,1449,1500,1500,1500,1500,1500,1500,1500,2012,1500,1585,1500,2012,1500,1500,1500,1500,1520,1653,1500,2012,8.4
2026-04-17,20:35:40.080,-36,-33,10,3983,0,26,44,16,0,27,11,375,2,0,673,1024,203,0,0,-1,-1,-1,0x1002480A90140004,1501,1500,1500,988,2012,1501,1500,1500,1500,1501,1193,1449,1500,1500,1500,1500,1500,1500,1500,2012,1500,1585,1500,2012,1500,1500,1500,1500,1520,1653,1500,2012,8.4
2026-04-17,20:35:40.580,-38,-33,10,3983,0,26,44,16,86,27,11,375,2,0,673,1024,203,0,0,-1,-1,-1,0x1002480A90140004,1501,1500,1500,988,2012,1501,1500,1500,1500,1501,1193,1449,1500,1500,1500,1500,1500,1500,1500,2012,1500,1585,1500,2012,1500,1500,1500,1500,1520,1653,1500,2012,8.4
2026-04-17,20:35:41.080,-40,-45,10,3983,0,26,44,16,0,27,11,375,2,0,673,1024,203,0,0,-1,-1,-1,0x1002480A90140004,1501,1500,1500,988,2012,1501,1500,1500,1500,1501,1193,1449,1500,1500,1500,1500,1500,1500,1500,2012,1500,1585,1500,2012,1500,1501,1500,1500,1520,1653,1500,2012,8.4
2026-04-17,20:35:41.580,-48,-46,10,3983,0,26,44,16,0,27,11,375,1,1,673,1024,203,0,0,-1,-1,-1,0x1002480A90140004,1501,1500,1500,988,2012,1500,1500,1500,1500,1500,1193,1449,1500,1500,1500,1500,1500,1500,1500,2012,1500,1585,1500,2012,1500,1501,1500,1500,1520,1653,1500,2012,8.4
2026-04-17,20:35:42.080,-46,-46,10,3983,0,26,44,16,0,27,11,375,2,2,673,1024,203,0,0,-1,-1,-1,0x1002480A90140004,1501,1501,1500,988,2012,1501,1501,1500,1500,1500,1193,1449,1500,1500,1500,1500,1500,1500,1500,2012,1500,1585,1500,2012,1500,1502,1501,1500,1520,1653,1500,2012,8.4
2026-04-17,20:35:42.580,-44,-46,10,3983,0,26,44,16,0,27,11,375,2,1,673,1024,204,0,0,-1,-1,-1,0x1002480A90140004,1501,1500,1500,988,2012,1501,1500,1500,1500,1501,1193,1449,1500,1500,1500,1500,1500,1500,1500,2012,1500,1585,1500,2012,1500,1501,1500,1500,1520,1653,1500,2012,8.4
2026-04-17,20:35:43.080,-46,-46,10,3983,0,26,44,16,0,27,11,375,2,1,673,1024,203,0,0,-1,-1,-1,0x1002480A90140004,1501,1500,1500,988,2012,1501,1500,1500,1500,1501,1193,1449,1500,1500,1500,1500,1500,1500,1500,2012,1500,1585,1500,2012,1500,1501,1500,1500,1520,1653,1500,2012,8.4
2026-04-17,20:35:43.580,-49,-40,10,3983,0,26,44,16,0,27,11,375,2,1,673,1024,204,0,0,-1,-1,-1,0x1002480A90140004,1501,1500,1500,988,2012,1501,1500,1500,1500,1501,1193,1449,1500,1500,1500,1500,1500,1500,1500,2012,1500,1585,1500,2012,1500,1501,1500,1500,1520,1653,1500,2012,8.4
2026-04-17,20:35:44.080,-49,-39,10,3983,0,26,44,16,0,27,11,375,2,1,673,1024,203,0,0,-1,-1,-1,0x1002480A90140004,1501,1500,1500,988,2012,1501,1500,1500,1500,1501,1193,1449,1500,1500,1500,1500,1500,1500,1500,2012,1500,1585,1500,2012,1500,1501,1500,1500,1520,1653,1500,2012,8.4
2026-04-17,20:35:44.580,-46,-42,10,3983,0,26,44,16,0,27,11,375,1,1,673,1024,203,0,0,-1,-1,-1,0x1002480A90140004,1501,1500,1500,988,2012,1500,1500,1500,1500,1501,1193,1449,1500,1500,1500,1500,1500,1500,1500,2012,1500,1585,1500,2012,1500,1501,1500,1500,1520,1653,1500,2012,8.4
2026-04-17,20:35:45.080,-37,-44,10,3983,0,26,44,16,382,27,11,375,2,1,673,1024,203,0,0,-1,-1,-1,0x1002480A90140004,1501,1500,1500,988,2012,1501,1500,1500,1500,1501,1193,1449,1500,1500,1500,1500,1500,1500,1500,2012,1500,1585,1500,2012,1500,1501,1500,1500,1520,1653,1500,2012,8.4
2026-04-17,20:35:45.580,-43,-42,10,3983,0,26,44,16,100,27,11,375,2,1,673,1024,203,0,0,-1,-1,-1,0x1002480290140004,1501,1500,1500,988,2012,1501,1500,1500,1500,1501,1193,1449,1500,1500,1500,1500,1500,1500,1500,2012,1500,1585,1500,2012,1500,1501,1500,1500,1520,1653,1500,2012,8.4
2026-04-17,20:35:46.080,-43,-36,10,3983,0,26,44,16,0,27,11,375,1,1,673,1024,204,0,0,-1,-1,-1,0x1002480290140004,1501,1500,1500,988,2012,1500,1500,1500,1500,1500,1193,1449,1500,1500,1500,1500,1500,1500,1500,2012,1500,1585,1500,2012,1500,1501,1500,1500,1520,1653,1500,2012,8.4
2026-04-17,20:35:46.580,-39,-39,10,3983,0,26,44,16,0,27,11,375,2,1,673,1024,204,0,0,-1,-1,-1,0x1002480290140004,1501,1500,1500,988,2012,1501,1500,1500,1500,1500,1193,1449,1500,1500,1500,1500,1500,1500,1500,2012,1500,1585,1500,2012,1500,1501,1500,1500,1520,1653,1500,2012,8.4
2026-04-17,20:35:47.080,-43,-39,10,3983,0,26,44,16,0,27,11,375,1,1,673,1024,203,0,0,-1,-1,-1,0x1002480A90140004,1501,1500,1500,988,2012,1500,1500,1500,1500,1500,1193,1449,1500,1500,1500,1500,1500,1500,1500,2012,1500,1585,1500,2012,1500,1501,1500,1500,1520,1653,1500,2012,8.4
2026-04-17,20:35:47.580,-45,-34,10,3983,0,26,44,16,0,27,11,375,1,1,673,1024,203,0,0,-1,-1,-1,0x1002480A90140004,1501,1500,1500,988,2012,1500,1500,1500,1500,1500,1193,1449,1500,1500,1500,1500,1500,1500,1500,2012,1500,1585,1500,2012,1500,1501,1500,1500,1520,1653,1500,2012,8.4
2026-04-17,20:35:48.080,-38,-37,10,3983,0,26,44,16,0,27,11,375,1,1,673,1024,203,0,0,-1,-1,-1,0x1002480A90140004,1501,1500,1500,988,2012,1500,1500,1500,1500,1500,1193,1449,1500,1500,1500,1500,1500,1500,1500,2012,1500,1585,1500,2012,1500,1501,1500,1500,1520,1653,1500,2012,8.4
2026-04-17,20:35:48.580,-43,-31,10,3983,0,26,44,16,0,27,11,375,1,1,673,1024,203,0,0,-1,-1,-1,0x1002480A90140004,1501,1500,1500,988,2012,1500,1500,1500,1500,1500,1193,1449,1500,1500,1500,1500,1500,1500,1500,2012,1500,1585,1500,2012,1500,1501,1500,1500,1520,1653,1500,2012,8.4
2026-04-17,20:35:49.080,-41,-35,10,3983,0,26,44,16,0,27,11,375,1,1,673,1024,203,0,0,-1,-1,-1,0x1002480A90140004,1501,1500,1500,988,2012,1500,1500,1500,1500,1500,1193,1449,1500,1500,1500,1500,1500,1500,1500,2012,1500,1585,1500,2012,1500,1501,1500,1500,1520,1653,1500,2012,8.4
2026-04-17,20:35:49.580,-41,-35,10,3983,0,26,44,16,0,27,11,375,1,1,673,1024,203,0,0,-1,-1,-1,0x1002480A90140004,1501,1500,1500,988,2012,1500,1500,1500,1500,1500,1193,1449,1500,1500,1500,1500,1500,1500,1500,2012,1500,1585,1500,2012,1500,1501,1500,1500,1520,1653,1500,2012,8.4
2026-04-17,20:35:50.080,-41,-33,10,3983,0,26,44,16,0,27,11,375,1,0,673,1024,203,0,0,-1,-1,-1,0x1002480A90140004,1501,1500,1500,988,2012,1500,1500,1500,1500,1500,1193,1449,1500,1500,1500,1500,1500,1500,1500,2012,1500,1585,1500,2012,1500,1501,1500,1500,1520,1653,1500,2012,8.4
2026-04-17,20:35:50.580,-41,-35,10,3983,0,26,44,16,0,27,11,375,1,1,673,1024,204,0,0,-1,-1,-1,0x1002480A90140004,1501,1500,1500,988,2012,1500,1500,1500,1500,1500,1193,1449,1500,1500,1500,1500,1500,1500,1500,2012,1500,1585,1500,2012,1500,1501,1500,1500,1520,1653,1500,2012,8.4
2026-04-17,20:35:51.080,-41,-36,10,3983,0,26,44,16,0,27,11,375,1,1,673,1024,203,0,0,-1,-1,-1,0x1002480A90140004,1501,1500,1500,988,2012,1500,1500,1500,1500,1500,1193,1449,1500,1500,1500,1500,1500,1500,1500,2012,1500,1585,1500,2012,1500,1501,1500,1500,1520,1653,1500,2012,8.4
2026-04-17,20:35:51.580,-41,-37,10,3983,0,26,44,16,0,27,11,375,1,1,673,1024,204,0,0,-1,-1,-1,0x1002480A90140004,1501,1500,1500,988,2012,1500,1500,1500,1500,1500,1193,1449,1500,1500,1500,1500,1500,1500,1500,2012,1500,1585,1500,2012,1500,1501,1500,1500,1520,1653,1500,2012,8.4
2026-04-17,20:35:52.080,-41,-35,10,3983,0,26,44,16,0,27,11,375,1,0,673,1024,203,0,0,-1,-1,-1,0x1002480A90140004,1501,1500,1500,988,2012,1500,1500,1500,1500,1500,1193,1449,1500,1500,1500,1500,1500,1500,1500,2012,1500,1585,1500,2012,1500,1500,1500,1500,1520,1653,1500,2012,8.4
2026-04-17,20:35:52.580,-41,-34,10,3983,0,26,44,16,0,27,11,375,1,1,673,1024,204,0,0,-1,-1,-1,0x1002480A90140004,1501,1500,1500,988,2012,1500,1500,1500,1500,1500,1193,1449,1500,1500,1500,1500,1500,1500,1500,2012,1500,1585,1500,2012,1500,1501,1500,1500,1520,1653,1500,2012,8.4
2026-04-17,20:35:53.080,-41,-34,10,3983,0,26,44,16,0,27,11,375,1,1,673,1024,204,0,0,-1,-1,-1,0x1002480A90140004,1501,1500,1500,988,2012,1500,1500,1500,1500,1500,1193,1449,1500,1500,1500,1500,1500,1500,1500,2012,1500,1585,1500,2012,1500,1501,1500,1500,1520,1653,1500,2012,8.4
2026-04-17,20:35:53.580,-41,-36,10,3983,0,26,44,16,0,27,11,375,1,1,673,1024,203,0,0,-1,-1,-1,0x1002480A90140004,1501,1500,1500,988,2012,1500,1500,1500,1500,1500,1193,1449,1500,1500,1500,1500,1500,1500,1500,2012,1500,1585,1500,2012,1500,1501,1500,1500,1520,1653,1500,2012,8.4
2026-04-17,20:35:54.080,-52,-37,10,3983,0,26,44,16,0,27,11,375,1,1,673,1024,203,0,0,-1,-1,-1,0x1002480A90140004,1501,1500,1500,988,2012,1500,1500,1500,1500,1500,1193,1449,1500,1500,1500,1500,1500,1500,1500,2012,1500,1585,1500,2012,1500,1501,1500,1500,1520,1653,1500,2012,8.4
2026-04-17,20:35:54.580,-37,-35,10,3983,0,26,44,16,0,27,11,375,1,1,673,1024,203,0,0,-1,-1,-1,0x1002480A90140004,1501,1500,1500,988,2012,1500,1500,1500,1500,1500,1193,1449,1500,1500,1500,1500,1500,1500,1500,2012,1500,1585,1500,2012,1500,1501,1500,1500,1520,1653,1500,2012,8.4
2026-04-17,20:35:55.080,-37,-35,10,3983,0,26,44,16,0,27,11,375,1,1,673,1024,203,0,0,-1,-1,-1,0x1002480A90140004,1501,1500,1500,988,2012,1500,1500,1500,1500,1500,1193,1449,1500,1500,1500,1500,1500,1500,1500,2012,1500,1585,1500,2012,1500,1501,1500,1500,1520,1653,1500,2012,8.4
2026-04-17,20:35:55.580,-37,-34,10,3983,0,26,44,16,0,27,11,375,1,1,673,1024,203,0,0,-1,-1,-1,0x1002480A90140004,1501,1500,1500,988,2012,1500,1500,1500,1500,1500,1193,1449,1500,1500,1500,1500,1500,1500,1500,2012,1500,1585,1500,2012,1500,1501,1500,1500,1520,1653,1500,2012,8.4
2026-04-17,20:35:56.080,-37,-35,10,3983,0,26,44,16,0,27,11,375,0,1,673,1024,203,0,0,-1,-1,-1,0x1002480A90140004,1501,1500,1500,988,2012,1500,1500,1500,1500,1500,1193,1449,1500,1500,1500,1500,1500,1500,1500,2012,1500,1585,1500,2012,1500,1501,1500,1500,1520,1653,1500,2012,8.4
2026-04-17,20:35:56.580,-37,-33,10,3983,0,26,44,16,0,27,11,375,1,1,673,1024,204,0,0,-1,-1,-1,0x1002480A90140004,1501,1500,1500,988,2012,1500,1500,1500,1500,1500,1193,1449,1500,1500,1500,1500,1500,1500,1500,2012,1500,1585,1500,2012,1500,1501,1500,1500,1520,1653,1500,2012,8.4
2026-04-17,20:35:57.080,-37,-32,10,3983,0,26,44,16,0,27,11,375,1,1,673,1024,203,0,0,-1,-1,-1,0x1002480A90140004,1501,1500,1500,988,2012,1500,1500,1500,1500,1500,1193,1449,1500,1500,1500,1500,1500,1500,1500,2012,1500,1585,1500,2012,1500,1501,1500,1500,1520,1653,1500,2012,8.4
2026-04-17,20:35:57.580,-37,-33,10,3983,0,26,44,16,0,27,11,375,2,1,673,1024,203,0,0,-1,-1,-1,0x1002480A90140004,1501,1500,1500,988,2012,1501,1500,1500,1500,1501,1193,1449,1500,1500,1500,1500,1500,1500,1500,2012,1500,1585,1500,2012,1500,1501,1500,1500,1520,1653,1500,2012,8.4
2026-04-17,20:35:58.080,-37,-33,10,3983,0,26,44,16,0,27,11,375,1,0,673,1024,203,0,0,-1,-1,-1,0x1002480A90140004,1501,1500,1500,988,2012,1500,1500,1500,1500,1500,1193,1449,1500,1500,1500,1500,1500,1500,1500,2012,1500,1585,1500,2012,1500,1500,1500,1500,1520,1653,1500,2012,8.4
2026-04-17,20:35:58.580,-41,-35,10,3983,0,26,44,16,0,27,11,375,1,1,673,1024,204,0,0,-1,-1,-1,0x1002480A90140004,1501,1500,1500,988,2012,1500,1500,1500,1500,1500,1193,1449,1500,1500,1500,1500,1500,1500,1500,2012,1500,1585,1500,2012,1500,1501,1500,1500,1520,1653,1500,2012,8.4
2026-04-17,20:35:59.080,-41,-36,10,3983,0,26,44,16,0,27,11,375,1,1,673,1024,203,0,0,-1,-1,-1,0x1002480A90140004,1501,1500,1500,988,2012,1500,1500,1500,1500,1500,1193,1449,1500,1500,1500,1500,1500,1500,1500,2012,1500,1585,1500,2012,1500,1501,1500,1500,1520,1653,1500,2012,8.4
2026-04-17,20:35:59.580,-41,-37,10,3983,0,26,44,16,0,27,11,375,1,1,673,1024,203,0,0,-1,-1,-1,0x1002480A90140004,1501,1500,1500,988,2012,1500,1500,1500,1500,1500,1193,1449,1500,1500,1500,1500,1500,1500,1500,2012,1500,1585,1500,2012,1500,1500,1500,1500,1520,1653,1500,2012,8.4
2026-04-17,20:36:00.080,-40,-46,10,3983,0,26,44,16,0,27,11,375,2,0,673,1024,203,0,0,-1,-1,-1,0x1002480A90140004,1501,1500,1500,988,2012,1501,1500,1500,1500,1500,1193,1449,1500,1500,1500,1500,1500,1500,1500,2012,1500,1585,1500,2012,1500,1501,1500,1500,1520,1653,1500,2012,8.4
2026-04-17,20:36:00.580,-39,-46,10,3983,0,26,44,16,0,27,11,375,2,1,673,1024,203,0,0,-1,-1,-1,0x1002480A90140004,1501,1500,1500,988,2012,1501,1500,1500,1500,1501,1193,1449,1500,1500,1500,1500,1500,1500,1500,2012,1500,1585,1500,2012,1500,1501,1500,1500,1520,1653,1500,2012,8.4
2026-04-17,20:36:01.080,-37,-46,10,3983,0,26,44,16,0,27,11,375,1,0,673,1024,204,0,0,-1,-1,-1,0x1002480A90140004,1501,1500,1500,988,2012,1500,1500,1500,1500,1500,1193,1449,1500,1500,1500,1500,1500,1500,1500,2012,1500,1585,1500,2012,1500,1500,1500,1500,1520,1653,1500,2012,8.4
2026-04-17,20:36:01.580,-36,-46,10,3983,0,26,44,16,0,27,11,375,1,1,673,1024,204,0,0,-1,-1,-1,0x1002480A90140004,1501,1500,1500,988,2012,1500,1500,1500,1500,1500,1193,1449,1500,1500,1500,1500,1500,1500,1500,2012,1500,1585,1500,2012,1500,1501,1500,1500,1520,1653,1500,2012,8.4
2026-04-17,20:36:02.080,-35,-46,10,3983,0,26,44,16,0,27,11,375,2,1,673,1024,203,0,0,-1,-1,-1,0x1002480A90140004,1501,1500,1500,988,2012,1501,1500,1500,1500,1501,1193,1449,1500,1500,1500,1500,1500,1500,1500,2012,1500,1585,1500,2012,1500,1501,1500,1500,1520,1653,1500,2012,8.4
2026-04-17,20:36:02.580,-35,-46,10,3983,0,26,44,16,0,27,11,375,1,0,673,1024,203,0,0,-1,-1,-1,0x1002480A90140004,1501,1500,1500,988,2012,1500,1500,1500,1500,1500,1193,1449,1500,1500,1500,1500,1500,1500,1500,2012,1500,1585,1500,2012,1500,1500,1500,1500,1520,1653,1500,2012,8.4
2026-04-17,20:36:03.080,-35,-46,10,3983,0,26,44,16,0,27,11,375,0,1,673,1024,203,0,0,-1,-1,-1,0x1002480A90140004,1501,1500,1500,988,2012,1500,1500,1500,1500,1500,1193,1449,1500,1500,1500,1500,1500,1500,1500,2012,1500,1585,1500,2012,1500,1501,1500,1500,1520,1653,1500,2012,8.4
2026-04-17,20:36:03.580,-34,-46,10,3983,0,26,44,16,0,27,11,375,1,1,673,1024,203,0,0,-1,-1,-1,0x1002480A90140004,1501,1500,1500,988,2012,1500,1500,1500,1500,1500,1193,1449,1500,1500,1500,1500,1500,1500,1500,2012,1500,1585,1500,2012,1500,1501,1500,1500,1520,1653,1500,2012,8.4
2026-04-17,20:36:04.080,-34,-46,10,3983,0,26,44,16,54,27,11,375,1,0,673,1024,203,0,0,-1,-1,-1,0x1002480A90140004,1501,1500,1500,988,2012,1500,1500,1500,1500,1500,1193,1449,1500,1500,1500,1500,1500,1500,1500,2012,1500,1585,1500,2012,1500,1501,1500,1500,1520,1653,1500,2012,8.4
2026-04-17,20:36:04.580,-38,-36,10,3983,0,26,44,16,192,27,11,375,1,0,673,1024,203,0,0,-1,-1,-1,0x1002480A90140004,1501,1500,1500,988,2012,1500,1500,1500,1500,1500,1193,1449,1500,1500,1500,1500,1500,1500,1500,2012,1500,1585,1500,2012,1500,1500,1500,1500,1520,1653,1500,2012,8.4
2026-04-17,20:36:05.080,-38,-33,10,3983,0,26,44,16,0,27,11,375,1,0,673,1024,203,0,0,-1,-1,-1,0x1002480A90140004,1501,1500,1500,988,2012,1500,1500,1500,1500,1500,1193,1449,1500,1500,1500,1500,1500,1500,1500,2012,1500,1585,1500,2012,1500,1500,1500,1500,1520,1653,1500,2012,8.4
2026-04-17,20:36:05.580,-38,-33,10,3983,0,26,44,16,0,27,11,375,1,1,673,1024,203,0,0,-1,-1,-1,0x1002480A90140004,1501,1500,1500,988,2012,1500,1500,1500,1500,1500,1193,1449,1500,1500,1500,1500,1500,1500,1500,2012,1500,1585,1500,2012,1500,1501,1500,1500,1520,1653,1500,2012,8.4
2026-04-17,20:36:06.080,-41,-38,10,3983,0,26,44,16,0,27,11,375,1,1,673,1024,203,0,0,-1,-1,-1,0x1002480A90140004,1501,1500,1500,988,2012,1500,1500,1500,1500,1500,1193,1449,1500,1500,1500,1500,1500,1500,1500,2012,1500,1585,1500,2012,1500,1501,1500,1500,1520,1653,1500,2012,8.4
2026-04-17,20:36:06.580,-43,-36,10,3983,0,26,44,16,0,27,11,375,1,1,673,1024,204,0,0,-1,-1,-1,0x1002480A90140004,1501,1500,1500,988,2012,1500,1500,1500,1500,1500,1193,1449,1500,1500,1500,1500,1500,1500,1500,2012,1500,1585,1500,2012,1500,1501,1500,1500,1520,1653,1500,2012,8.4
2026-04-17,20:36:07.080,-43,-36,10,3983,0,26,44,16,0,27,11,375,1,1,673,1024,204,0,0,-1,-1,-1,0x1002480A90140004,1501,1500,1500,988,2012,1500,1500,1500,1500,1500,1193,1449,1500,1500,1500,1500,1500,1500,1500,2012,1500,1585,1500,2012,1500,1501,1500,1500,1520,1653,1500,2012,8.4
2026-04-17,20:36:07.580,-47,-39,10,3983,0,26,44,16,0,27,11,375,1,1,673,1024,204,0,0,-1,-1,-1,0x1002480A90140004,1501,1500,1500,988,2012,1500,1500,1500,1500,1500,1193,1449,1500,1500,1500,1500,1500,1500,1500,2012,1500,1585,1500,2012,1500,1501,1500,1500,1520,1653,1500,2012,8.4
2026-04-17,20:36:08.080,-47,-38,10,3983,0,26,44,16,0,27,11,375,1,1,673,1024,204,0,0,-1,-1,-1,0x1002480A90140004,1501,1500,1500,988,2012,1500,1500,1500,1500,1500,1193,1449,1500,1500,1500,1500,1500,1500,1500,2012,1500,1585,1500,2012,1500,1500,1500,1500,1520,1653,1500,2012,8.4
2026-04-17,20:36:08.580,-47,-41,10,3983,0,26,44,16,0,27,11,375,1,1,673,1024,203,0,0,-1,-1,-1,0x1002480A90140004,1501,1500,1500,988,2012,1500,1500,1500,1500,1501,1193,1449,1500,1500,1500,1500,1500,1500,1500,2012,1500,1585,1500,2012,1500,1501,1500,1500,1520,1653,1500,2012,8.4
2026-04-17,20:36:09.080,-47,-39,10,3983,0,26,44,16,0,27,11,375,1,1,673,1024,204,0,0,-1,-1,-1,0x1002480A90140004,1501,1500,1500,988,2012,1500,1500,1500,1500,1500,1193,1449,1500,1500,1500,1500,1500,1500,1500,2012,1500,1585,1500,2012,1500,1501,1500,1500,1520,1653,1500,2012,8.4
2026-04-17,20:36:09.580,-47,-37,10,3983,0,26,44,16,0,27,11,375,1,1,673,1024,203,0,0,-1,-1,-1,0x1002480A90140004,1501,1500,1500,988,2012,1500,1500,1500,1500,1500,1193,1449,1500,1500,1500,1500,1500,1500,1500,2012,1500,1585,1500,2012,1500,1501,1500,1500,1520,1653,1500,2012,8.4
2026-04-17,20:36:10.080,-47,-33,10,3983,0,26,44,16,0,27,11,375,1,0,673,1024,203,0,0,-1,-1,-1,0x1002480A90140004,1501,1500,1500,988,2012,1500,1500,1500,1500,1500,1193,1449,1500,1500,1500,1500,1500,1500,1500,2012,1500,1585,1500,2012,1500,1501,1500,1500,1520,1653,1500,2012,8.4
2026-04-17,20:36:10.580,-47,-31,10,3983,0,26,44,16,0,27,11,375,1,1,673,1024,204,0,0,-1,-1,-1,0x1002480A90140004,1501,1500,1500,988,2012,1500,1500,1500,1500,1500,1193,1449,1500,1500,1500,1500,1500,1500,1500,2012,1500,1585,1500,2012,1500,1500,1500,1500,1520,1653,1500,2012,8.4
2026-04-17,20:36:11.080,-47,-33,10,3983,0,26,44,16,0,27,11,375,1,1,673,1024,204,0,0,-1,-1,-1,0x1002480A90140004,1501,1500,1500,988,2012,1500,1500,1500,1500,1500,1193,1449,1500,1500,1500,1500,1500,1500,1500,2012,1500,1585,1500,2012,1500,1501,1500,1500,1520,1653,1500,2012,8.4
2026-04-17,20:36:11.580,-47,-33,10,3983,0,26,44,16,0,27,11,375,1,1,673,1024,203,0,0,-1,-1,-1,0x1002480A90140004,1501,1500,1500,988,2012,1500,1500,1500,1500,1500,1193,1449,1500,1500,1500,1500,1500,1500,1500,2012,1500,1585,1500,2012,1500,1501,1500,1500,1520,1653,1500,2012,8.4
2026-04-17,20:36:12.080,-47,-33,10,3983,0,26,44,16,0,27,11,375,1,1,673,1024,203,0,0,-1,-1,-1,0x1002480A90140004,1501,1500,1500,988,2012,1500,1500,1500,1500,1500,1193,1449,1500,1500,1500,1500,1500,1500,1500,2012,1500,1585,1500,2012,1500,1501,1500,1500,1520,1653,1500,2012,8.4
2026-04-17,20:36:12.580,-47,-33,10,3983,0,26,44,16,0,27,11,375,1,0,673,1024,204,0,0,-1,-1,-1,0x1002480A90140004,1501,1500,1500,988,2012,1500,1500,1500,1500,1500,1193,1449,1500,1500,1500,1500,1500,1500,1500,2012,1500,1585,1500,2012,1500,1500,1500,1500,1520,1653,1500,2012,8.4
2026-04-17,20:36:13.080,-47,-32,10,3983,0,26,44,16,0,27,11,375,1,0,673,1024,203,0,0,-1,-1,-1,0x1002480A90140004,1501,1500,1500,988,2012,1500,1500,1500,1500,1500,1193,1449,1500,1500,1500,1500,1500,1500,1500,2012,1500,1585,1500,2012,1500,1500,1500,1500,1520,1653,1500,2012,8.4
2026-04-17,20:36:13.580,-47,-31,10,3983,0,26,44,16,0,27,11,375,1,1,673,1024,204,0,0,-1,-1,-1,0x1002480A90140004,1501,1500,1500,988,2012,1500,1500,1500,1500,1500,1193,1449,1500,1500,1500,1500,1500,1500,1500,2012,1500,1585,1500,2012,1500,1501,1500,1500,1520,1653,1500,2012,8.4
2026-04-17,20:36:14.080,-43,-49,10,3983,0,26,44,16,0,27,11,375,1,1,673,1024,203,0,0,-1,-1,-1,0x1002480A90140004,1501,1500,1500,988,2012,1500,1500,1500,1500,1500,1193,1449,1500,1500,1500,1500,1500,1500,1500,2012,1500,1585,1500,2012,1500,1501,1500,1500,1520,1653,1500,2012,8.4
2026-04-17,20:36:14.580,-41,-49,10,3983,0,26,44,16,0,27,11,375,1,0,673,1024,203,0,0,-1,-1,-1,0x1002480A90140004,1501,1500,1500,988,2012,1500,1500,1500,1500,1500,1193,1449,1500,1500,1500,1500,1500,1500,1500,2012,1500,1585,1500,2012,1500,1500,1500,1500,1520,1653,1500,2012,8.4
2026-04-17,20:36:15.080,-38,-49,10,3983,0,26,44,16,404,27,11,375,1,1,673,1024,204,0,0,-1,-1,-1,0x1002480A90140004,1501,1500,1500,988,2012,1500,1500,1500,1500,1500,1193,1449,1500,1500,1500,1500,1500,1500,1500,2012,1500,1585,1500,2012,1500,1501,1500,1500,1520,1653,1500,2012,8.4
2026-04-17,20:36:15.580,-40,-49,10,3983,0,26,44,16,268,27,11,375,1,1,673,1024,203,0,0,-1,-1,-1,0x1002480A90140004,1501,1500,1500,988,2012,1500,1500,1500,1500,1500,1193,1449,1500,1500,1500,1500,1500,1500,1500,2012,1500,1585,1500,2012,1500,1501,1500,1500,1520,1653,1500,2012,8.4
2026-04-17,20:36:16.080,-40,-49,10,3983,0,26,44,16,0,27,11,375,1,1,673,1024,203,0,0,-1,-1,-1,0x1002480A90140004,1501,1500,1500,988,2012,1500,1500,1500,1500,1500,1193,1449,1500,1500,1500,1500,1500,1500,1500,2012,1500,1585,1500,2012,1500,1501,1500,1500,1520,1653,1500,2012,8.4
2026-04-17,20:36:16.580,-42,-49,10,3983,0,26,44,16,0,27,11,375,1,1,673,1024,203,0,0,-1,-1,-1,0x1002480A90140004,1501,1500,1500,988,2012,1500,1500,1500,1500,1500,1193,1449,1500,1500,1500,1500,1500,1500,1500,2012,1500,1585,1500,2012,1500,1501,1500,1500,1520,1653,1500,2012,8.4
2026-04-17,20:36:17.080,-37,-49,10,3983,0,26,44,16,0,27,11,375,1,0,673,1024,203,0,0,-1,-1,-1,0x1002480A90140004,1501,1500,1500,988,2012,1500,1500,1500,1500,1500,1193,1449,1500,1500,1500,1500,1500,1500,1500,2012,1500,1585,1500,2012,1500,1500,1500,1500,1520,1653,1500,2012,8.4
2026-04-17,20:36:17.580,-43,-33,10,3983,0,26,44,16,0,27,11,375,1,1,673,1024,203,0,0,-1,-1,-1,0x1002480A90140004,1501,1500,1500,988,2012,1500,1500,1500,1500,1500,1193,1449,1500,1500,1500,1500,1500,1500,1500,2012,1500,1585,1500,2012,1500,1501,1500,1500,1520,1653,1500,2012,8.4
2026-04-17,20:36:18.080,-53,-36,10,3983,0,26,44,16,0,27,11,375,1,1,673,1024,204,0,0,-1,-1,-1,0x1002480A90140004,1501,1500,1500,988,2012,1500,1500,1500,1500,1500,1193,1449,1500,1500,1500,1500,1500,1500,1500,2012,1500,1585,1500,2012,1500,1501,1500,1500,1520,1653,1500,2012,8.4
2026-04-17,20:36:18.580,-53,-37,10,3983,0,26,44,16,0,27,11,375,1,1,673,1024,204,0,0,-1,-1,-1,0x1002480A90140004,1501,1500,1500,988,2012,1500,1500,1500,1500,1500,1193,1449,1500,1500,1500,1500,1500,1500,1500,2012,1500,1585,1500,2012,1500,1501,1500,1500,1520,1653,1500,2012,8.4
2026-04-17,20:36:19.080,-53,-36,10,3983,0,26,44,16,0,27,11,375,1,1,673,1024,203,0,0,-1,-1,-1,0x1002480A90140004,1501,1500,1500,988,2012,1500,1500,1500,1500,1500,1193,1449,1500,1500,1500,1500,1500,1500,1500,2012,1500,1585,1500,2012,1500,1501,1500,1500,1520,1653,1500,2012,8.4
2026-04-17,20:36:19.580,-53,-36,10,3983,0,26,44,16,0,27,11,375,1,1,673,1024,203,0,0,-1,-1,-1,0x1002480A90140004,1501,1500,1500,988,2012,1500,1500,1500,1500,1500,1193,1449,1500,1500,1500,1500,1500,1500,1500,2012,1500,1585,1500,2012,1500,1501,1500,1500,1520,1653,1500,2012,8.4
2026-04-17,20:36:20.080,-53,-35,10,3983,0,26,44,16,0,27,11,375,1,1,673,1024,204,0,0,-1,-1,-1,0x1002480A90140004,1501,1500,1500,988,2012,1500,1500,1500,1500,1500,1193,1449,1500,1500,1500,1500,1500,1500,1500,2012,1500,1585,1500,2012,1500,1501,1500,1500,1520,1653,1500,2012,8.4
2026-04-17,20:36:20.580,-31,-39,10,3983,0,26,44,16,0,27,11,375,1,1,673,1024,203,0,0,-1,-1,-1,0x1002480A90140004,1501,1500,1500,988,2012,1500,1500,1500,1500,1500,1193,1449,1500,1500,1500,1500,1500,1500,1500,2012,1500,1585,1500,2012,1500,1501,1500,1500,1520,1653,1500,2012,8.4
2026-04-17,20:36:21.080,-32,-39,10,3983,0,26,44,16,0,27,11,375,1,1,673,1024,204,0,0,-1,-1,-1,0x1002480A90140004,1501,1500,1500,988,2012,1500,1500,1500,1500,1500,1193,1449,1500,1500,1500,1500,1500,1500,1500,2012,1500,1585,1500,2012,1500,1500,1500,1500,1520,1653,1500,2012,8.4
2026-04-17,20:36:21.580,-31,-39,10,3983,0,26,44,16,0,27,11,375,1,1,673,1024,203,0,0,-1,-1,-1,0x1002480A90140004,1501,1500,1500,988,2012,1500,1500,1500,1500,1500,1193,1449,1500,1500,1500,1500,1500,1500,1500,2012,1500,1585,1500,2012,1500,1501,1500,1500,1520,1653,1500,2012,8.4
2026-04-17,20:36:22.080,-32,-39,10,3983,0,26,44,16,0,27,11,375,1,1,673,1024,204,0,0,-1,-1,-1,0x1002480A90140004,1501,1500,1500,988,2012,1500,1500,1500,1500,1500,1193,1449,1500,1500,1500,1500,1500,1500,1500,2012,1500,1585,1500,2012,1500,1501,1500,1500,1520,1653,1500,2012,8.4
2026-04-17,20:36:22.580,-34,-39,10,3983,0,26,44,16,0,27,11,375,1,1,673,1024,203,0,0,-1,-1,-1,0x1002480A90140004,1501,1500,1500,988,2012,1500,1500,1500,1500,1500,1193,1449,1500,1500,1500,1500,1500,1500,1500,2012,1500,1585,1500,2012,1500,1501,1500,1500,1520,1653,1500,2012,8.4
2026-04-17,20:36:23.080,-35,-34,10,3983,0,26,44,16,0,27,11,375,1,1,673,1024,204,0,0,-1,-1,-1,0x1002480A90140004,1501,1500,1500,988,2012,1500,1500,1500,1500,1500,1193,1449,1500,1500,1500,1500,1500,1500,1500,2012,1500,1585,1500,2012,1500,1501,1500,1500,1520,1653,1500,2012,8.4
2026-04-17,20:36:23.580,-35,-34,10,3983,0,26,44,16,0,27,11,375,1,1,673,1024,203,0,0,-1,-1,-1,0x1002480A90140004,1501,1500,1500,988,2012,1500,1500,1500,1500,1500,1193,1449,1500,1500,1500,1500,1500,1500,1500,2012,1500,1585,1500,2012,1500,1501,1500,1500,1520,1653,1500,2012,8.4
2026-04-17,20:36:24.080,-35,-35,10,3983,0,26,44,16,0,27,11,375,1,1,673,1024,204,0,0,-1,-1,-1,0x1002480A90140004,1501,1500,1500,988,2012,1500,1500,1500,1500,1500,1193,1449,1500,1500,1500,1500,1500,1500,1500,2012,1500,1585,1500,2012,1500,1501,1500,1500,1520,1653,1500,2012,8.4
2026-04-17,20:36:24.580,-35,-34,10,3983,0,26,44,16,0,27,11,375,1,1,673,1024,204,0,0,-1,-1,-1,0x1002480A90140004,1501,1500,1500,988,2012,1500,1500,1500,1500,1500,1193,1449,1500,1500,1500,1500,1500,1500,1500,2012,1500,1585,1500,2012,1500,1501,1500,1500,1520,1653,1500,2012,8.4
2026-04-17,20:36:25.080,-41,-44,10,3983,0,26,44,16,0,27,11,375,1,1,673,1024,203,0,0,-1,-1,-1,0x1002480A90140004,1501,1500,1500,988,2012,1500,1500,1500,1500,1500,1193,1449,1500,1500,1500,1500,1500,1500,1500,2012,1500,1585,1500,2012,1500,1501,1500,1500,1520,1653,1500,2012,8.4
2026-04-17,20:36:25.580,-38,-44,10,3983,0,26,44,16,0,27,11,375,1,0,673,1024,204,0,0,-1,-1,-1,0x1002480A90140004,1501,1500,1500,988,2012,1500,1500,1500,1500,1500,1193,1449,1500,1500,1500,1500,1500,1500,1500,2012,1500,1585,1500,2012,1500,1500,1500,1500,1520,1653,1500,2012,8.4
2026-04-17,20:36:26.080,-40,-44,10,3983,0,26,44,16,0,27,11,375,1,1,673,1024,203,0,0,-1,-1,-1,0x1002480A90140004,1501,1500,1500,988,2012,1500,1500,1500,1500,1500,1193,1449,1500,1500,1500,1500,1500,1500,1500,2012,1500,1585,1500,2012,1500,1501,1500,1500,1520,1653,1500,2012,8.4
2026-04-17,20:36:26.580,-42,-44,10,3983,0,26,44,16,0,27,11,375,1,0,673,1024,203,0,0,-1,-1,-1,0x1002480A90140004,1501,1500,1500,988,2012,1500,1500,1500,1500,1500,1193,1449,1500,1500,1500,1500,1500,1500,1500,2012,1500,1585,1500,2012,1500,1501,1500,1500,1520,1653,1500,2012,8.4
2026-04-17,20:36:27.080,-42,-44,10,3983,0,26,44,16,0,27,11,375,1,1,673,1024,203,0,0,-1,-1,-1,0x1002480A90140004,1501,1500,1500,988,2012,1500,1500,1500,1500,1500,1193,1449,1500,1500,1500,1500,1500,1500,1500,2012,1500,1585,1500,2012,1500,1501,1500,1500,1520,1653,1500,2012,8.4
2026-04-17,20:36:27.580,-40,-44,10,3983,0,26,44,16,0,27,11,375,1,1,673,1024,203,0,0,-1,-1,-1,0x1002480A90140004,1501,1500,1500,988,2012,1500,1500,1500,1500,1500,1193,1449,1500,1500,1500,1500,1500,1500,1500,2012,1500,1585,1500,2012,1500,1501,1500,1500,1520,1653,1500,2012,8.4
2026-04-17,20:36:28.080,-41,-44,10,3983,0,26,44,16,0,27,11,375,1,1,673,1024,203,0,0,-1,-1,-1,0x1002480A90140004,1501,1500,1500,988,2012,1500,1500,1500,1500,1500,1193,1449,1500,1500,1500,1500,1500,1500,1500,2012,1500,1585,1500,2012,1500,1501,1500,1500,1520,1653,1500,2012,8.4
2026-04-17,20:36:28.580,-43,-37,10,3983,0,26,44,16,0,27,11,375,1,1,673,1024,203,0,0,-1,-1,-1,0x1002480A90140004,1501,1500,1500,988,2012,1500,1500,1500,1500,1500,1193,1449,1500,1500,1500,1500,1500,1500,1500,2012,1500,1585,1500,2012,1500,1500,1500,1500,1520,1653,1500,2012,8.4
2026-04-17,20:36:29.080,-40,-42,10,3983,0,26,44,16,0,27,11,375,1,1,673,1024,203,0,0,-1,-1,-1,0x1002480A90140004,1501,1500,1500,988,2012,1500,1500,1500,1500,1500,1193,1449,1500,1500,1500,1500,1500,1500,1500,2012,1500,1585,1500,2012,1500,1500,1500,1500,1520,1653,1500,2012,8.4
2026-04-17,20:36:29.580,-40,-42,10,3983,0,26,44,16,0,27,11,375,1,1,673,1024,203,0,0,-1,-1,-1,0x1002480A90140004,1501,1500,1500,988,2012,1500,1500,1500,1500,1500,1193,1449,1500,1500,1500,1500,1500,1500,1500,2012,1500,1585,1500,2012,1500,1501,1500,1500,1520,1653,1500,2012,8.4
2026-04-17,20:36:30.080,-42,-42,10,3983,0,26,44,16,0,27,11,375,1,1,673,1024,203,0,0,-1,-1,-1,0x1002480A90140004,1501,1500,1500,988,2012,1500,1500,1500,1500,1500,1193,1449,1500,1500,1500,1500,1500,1500,1500,2012,1500,1585,1500,2012,1500,1501,1500,1500,1520,1653,1500,2012,8.4
2026-04-17,20:36:30.580,-47,-40,10,3983,0,26,44,16,0,27,11,375,1,1,672,1024,203,0,0,-1,-1,-1,0x1002480A90140004,1501,1500,1500,988,2012,1500,1500,1500,1500,1500,1193,1449,1500,1500,1500,1500,1500,1500,1500,2012,1500,1585,1500,2012,1500,1501,1500,1500,1520,1653,1500,2012,8.4
2026-04-17,20:36:31.080,-47,-29,10,3983,0,26,44,16,0,27,11,375,1,1,673,1024,203,0,0,-1,-1,-1,0x1002480A90140004,1501,1500,1500,988,2012,1500,1500,1500,1500,1500,1193,1449,1500,1500,1500,1500,1500,1500,1500,2012,1500,1585,1500,2012,1500,1501,1500,1500,1520,1653,1500,2012,8.4
2026-04-17,20:36:31.580,-47,-31,10,3983,0,26,44,16,0,27,11,375,1,1,673,1024,203,0,0,-1,-1,-1,0x1002480A90140004,1501,1500,1500,988,2012,1500,1500,1500,1500,1500,1193,1449,1500,1500,1500,1500,1500,1500,1500,2012,1500,1585,1500,2012,1500,1501,1500,1500,1520,1653,1500,2012,8.4
2026-04-17,20:36:32.080,-40,-40,10,3983,0,26,44,16,0,27,11,375,1,1,673,1024,203,0,0,-1,-1,-1,0x1002480A90140004,1501,1500,1500,988,2012,1500,1500,1500,1500,1500,1193,1449,1500,1500,1500,1500,1500,1500,1500,2012,1500,1585,1500,2012,1500,1501,1500,1500,1520,1653,1500,2012,8.4
2026-04-17,20:36:32.580,-40,-40,10,3983,0,26,44,16,0,27,11,375,1,0,673,1024,203,0,0,-1,-1,-1,0x1002480A90140004,1501,1500,1500,988,2012,1500,1500,1500,1500,1500,1193,1449,1500,1500,1500,1500,1500,1500,1500,2012,1500,1585,1500,2012,1500,1500,1500,1500,1520,1653,1500,2012,8.4
2026-04-17,20:36:33.080,-40,-38,10,3983,0,26,44,16,0,27,11,375,1,1,673,1024,204,0,0,-1,-1,-1,0x1002480A90140004,1501,1500,1500,988,2012,1500,1500,1500,1500,1500,1193,1449,1500,1500,1500,1500,1500,1500,1500,2012,1500,1585,1500,2012,1500,1501,1500,1500,1520,1653,1500,2012,8.4
2026-04-17,20:36:33.580,-40,-34,10,3983,0,26,44,16,0,27,11,375,1,1,673,1024,203,0,0,-1,-1,-1,0x1002480A90140004,1501,1500,1500,988,2012,1500,1500,1500,1500,1500,1193,1449,1500,1500,1500,1500,1500,1500,1500,2012,1500,1585,1500,2012,1500,1501,1500,1500,1520,1653,1500,2012,8.4
2026-04-17,20:36:34.080,-40,-27,10,3983,0,26,44,16,128,27,11,375,1,1,673,1024,203,0,0,-1,-1,-1,0x1002480A90140004,1501,1500,1500,988,2012,1500,1500,1500,1500,1500,1193,1449,1500,1500,1500,1500,1500,1500,1500,2012,1500,1585,1500,2012,1500,1501,1500,1500,1520,1653,1500,2012,8.4
2026-04-17,20:36:34.580,-40,-26,10,3983,0,26,44,16,0,27,11,375,1,0,673,1024,203,0,0,-1,-1,-1,0x1002480A90140004,1501,1500,1500,988,2012,1500,1500,1500,1500,1500,1193,1449,1500,1500,1500,1500,1500,1500,1500,2012,1500,1585,1500,2012,1500,1501,1500,1500,1520,1653,1500,2012,8.4
2026-04-17,20:36:35.080,-40,-26,10,3983,0,26,44,16,0,27,11,375,1,1,673,1024,203,0,0,-1,-1,-1,0x1002480A90140004,1501,1500,1500,988,2012,1500,1500,1500,1500,1500,1193,1449,1500,1500,1500,1500,1500,1500,1500,2012,1500,1585,1500,2012,1500,1501,1500,1500,1520,1653,1500,2012,8.4
2026-04-17,20:36:35.580,-40,-26,10,3983,0,26,44,16,0,27,11,375,1,0,673,1024,203,0,0,-1,-1,-1,0x1002480A90140004,1501,1500,1500,988,2012,1500,1500,1500,1500,1500,1193,1449,1500,1500,1500,1500,1500,1500,1500,2012,1500,1585,1500,2012,1500,1500,1500,1500,1520,1653,1500,2012,8.4
2026-04-17,20:36:36.080,-40,-25,10,3983,0,26,44,16,0,27,11,375,1,1,673,1024,203,0,0,-1,-1,-1,0x1002480A90140004,1501,1500,1500,988,2012,1500,1500,1500,1500,1500,1193,1449,1500,1500,1500,1500,1500,1500,1500,2012,1500,1585,1500,2012,1500,1501,1500,1500,1520,1653,1500,2012,8.4
2026-04-17,20:36:36.580,-40,-25,10,3983,0,26,44,16,0,27,11,375,1,1,673,1024,203,0,0,-1,-1,-1,0x1002480A90140004,1501,1500,1500,988,2012,1500,1500,1500,1500,1500,1193,1449,1500,1500,1500,1500,1500,1500,1500,2012,1500,1585,1500,2012,1500,1501,1500,1500,1520,1653,1500,2012,8.4
2026-04-17,20:36:37.080,-40,-27,10,3983,0,26,44,16,0,27,11,375,1,0,673,1024,203,0,0,-1,-1,-1,0x1002480A90140004,1501,1500,1500,988,2012,1500,1500,1500,1500,1500,1193,1449,1500,1500,1500,1500,1500,1500,1500,2012,1500,1585,1500,2012,1500,1500,1500,1500,1520,1653,1500,2012,8.4
2026-04-17,20:36:37.580,-40,-26,10,3983,0,26,44,16,0,27,11,375,1,1,673,1024,203,0,0,-1,-1,-1,0x1002480A90140004,1501,1500,1500,988,2012,1500,1500,1500,1500,1500,1193,1449,1500,1500,1500,1500,1500,1500,1500,2012,1500,1585,1500,2012,1500,1501,1500,1500,1520,1653,1500,2012,8.4
2026-04-17,20:36:38.080,-40,-25,10,3983,0,26,44,16,0,27,11,375,1,1,673,1024,203,0,0,-1,-1,-1,0x1002480A90140004,1501,1500,1500,988,2012,1500,1500,1500,1500,1500,1193,1449,1500,1500,1500,1500,1500,1500,1500,2012,1500,1585,1500,2012,1500,1501,1500,1500,1520,1653,1500,2012,8.4
2026-04-17,20:36:38.580,-40,-25,10,3983,0,26,44,16,0,27,11,375,1,1,673,1024,203,0,0,-1,-1,-1,0x1002480A90140004,1501,1500,1500,988,2012,1500,1500,1500,1500,1500,1193,1449,1500,1500,1500,1500,1500,1500,1500,2012,1500,1585,1500,2012,1500,1501,1500,1500,1520,1653,1500,2012,8.4
2026-04-17,20:36:39.080,-40,-25,10,3983,0,26,44,16,0,27,11,375,1,1,673,1024,203,0,0,-1,-1,-1,0x1002480A90140004,1501,1500,1500,988,2012,1500,1500,1500,1500,1500,1193,1449,1500,1500,1500,1500,1500,1500,1500,2012,1500,1585,1500,2012,1500,1501,1500,1500,1520,1653,1500,2012,8.4
2026-04-17,20:36:39.580,-40,-25,10,3983,0,26,44,16,0,27,11,375,0,1,673,1024,203,0,0,-1,-1,-1,0x1002480A90140004,1501,1500,1500,988,2012,1500,1500,1500,1500,1500,1193,1449,1500,1500,1500,1500,1500,1500,1500,2012,1500,1585,1500,2012,1500,1501,1500,1500,1520,1653,1500,2012,8.4
2026-04-17,20:36:40.080,-40,-25,10,3983,0,26,44,16,0,27,11,375,1,1,673,1024,203,0,0,-1,-1,-1,0x1002480A90140004,1501,1500,1500,988,2012,1500,1500,1500,1500,1500,1193,1449,1500,1500,1500,1500,1500,1500,1500,2012,1500,1585,1500,2012,1500,1501,1500,1500,1520,1653,1500,2012,8.4
2026-04-17,20:36:40.580,-40,-25,10,3983,0,26,44,16,0,27,11,375,1,1,673,1024,203,0,0,-1,-1,-1,0x1002480A90140004,1501,1500,1500,988,2012,1500,1500,1500,1500,1500,1193,1449,1500,1500,1500,1500,1500,1500,1500,2012,1500,1585,1500,2012,1500,1501,1500,1500,1520,1653,1500,2012,8.4
2026-04-17,20:36:41.080,-40,-25,10,3983,0,26,44,16,0,27,11,375,2,0,673,1024,203,0,0,-1,-1,-1,0x1002480A90140004,1501,1500,1500,988,2012,1501,1500,1500,1500,1501,1193,1449,1500,1500,1500,1500,1500,1500,1500,2012,1500,1585,1500,2012,1500,1501,1500,1500,1520,1653,1500,2012,8.4
2026-04-17,20:36:41.580,-40,-25,10,3983,0,26,44,16,0,27,11,375,1,1,673,1024,204,0,0,-1,-1,-1,0x1002480A90140004,1501,1500,1500,988,2012,1500,1500,1500,1500,1500,1193,1449,1500,1500,1500,1500,1500,1500,1500,2012,1500,1585,1500,2012,1500,1501,1500,1500,1520,1653,1500,2012,8.4
2026-04-17,20:36:42.080,-40,-25,10,3983,0,26,44,16,0,27,11,375,1,1,673,1024,203,0,0,-1,-1,-1,0x1002480A90140004,1501,1500,1500,988,2012,1500,1500,1500,1500,1500,1193,1449,1500,1500,1500,1500,1500,1500,1500,2012,1500,1585,1500,2012,1500,1501,1500,1500,1520,1653,1500,2012,8.4
2026-04-17,20:36:42.580,-40,-25,10,3983,0,26,44,16,0,27,11,375,1,1,673,1024,203,0,0,-1,-1,-1,0x1002480A90140004,1501,1500,1500,988,2012,1500,1500,1500,1500,1500,1193,1449,1500,1500,1500,1500,1500,1500,1500,2012,1500,1585,1500,2012,1500,1500,1500,1500,1520,1653,1500,2012,8.4
2026-04-17,20:36:43.080,-49,-35,10,3983,0,26,44,16,0,27,11,375,1,1,673,1024,203,0,0,-1,-1,-1,0x1002480A90140004,1501,1500,1500,988,2012,1500,1500,1500,1500,1500,1193,1449,1500,1500,1500,1500,1500,1500,1500,2012,1500,1585,1500,2012,1500,1501,1500,1500,1520,1653,1500,2012,8.4
2026-04-17,20:36:43.580,-51,-40,10,3983,0,26,44,16,172,27,11,375,1,0,673,1024,203,0,0,-1,-1,-1,0x1002480A90140004,1501,1500,1500,988,2012,1500,1500,1500,1500,1500,1193,1449,1500,1500,1500,1500,1500,1500,1500,2012,1500,1585,1500,2012,1500,1500,1500,1500,1520,1653,1500,2012,8.4
2026-04-17,20:36:44.080,-40,-45,10,3983,0,26,44,16,0,27,11,375,2,0,673,1024,203,0,0,-1,-1,-1,0x1002480A90140004,1501,1500,1500,988,2012,1501,1500,1500,1500,1500,1193,1449,1500,1500,1500,1500,1500,1500,1500,2012,1500,1585,1500,2012,1500,1500,1500,1500,1520,1653,1500,2012,8.4
2026-04-17,20:36:44.580,-38,-45,10,3983,0,26,44,16,0,27,11,375,1,1,673,1024,203,0,0,-1,-1,-1,0x1002480A90140004,1501,1500,1500,988,2012,1500,1500,1500,1500,1500,1193,1449,1500,1500,1500,1500,1500,1500,1500,2012,1500,1585,1500,2012,1500,1501,1500,1500,1520,1653,1500,2012,8.4
2026-04-17,20:36:45.080,-43,-34,10,3983,0,26,44,16,0,27,11,375,1,1,673,1024,203,0,0,-1,-1,-1,0x1002480A90140004,1501,1500,1500,988,2012,1500,1500,1500,1500,1500,1193,1449,1500,1500,1500,1500,1500,1500,1500,2012,1500,1585,1500,2012,1500,1500,1500,1500,1520,1653,1500,2012,8.4
2026-04-17,20:36:45.580,-38,-39,10,3983,0,26,44,16,0,27,11,375,1,1,673,1024,204,0,0,-1,-1,-1,0x1002480A90140004,1501,1500,1500,988,2012,1500,1500,1500,1500,1500,1193,1449,1500,1500,1500,1500,1500,1500,1500,2012,1500,1585,1500,2012,1500,1501,1500,1500,1520,1653,1500,2012,8.4
2026-04-17,20:36:46.080,-43,-35,10,3983,0,26,44,16,0,27,11,375,1,1,673,1024,203,0,0,-1,-1,-1,0x1002480A90140004,1501,1500,1500,988,2012,1500,1500,1500,1500,1500,1193,1449,1500,1500,1500,1500,1500,1500,1500,2012,1500,1585,1500,2012,1500,1501,1500,1500,1520,1653,1500,2012,8.4
2026-04-17,20:36:46.580,-37,-50,10,3983,0,26,44,16,0,27,11,375,2,0,673,1024,203,0,0,-1,-1,-1,0x1002480A90140004,1501,1500,1500,988,2012,1501,1500,1500,1500,1501,1193,1449,1500,1500,1500,1500,1500,1500,1500,2012,1500,1585,1500,2012,1500,1501,1500,1500,1520,1653,1500,2012,8.4
2026-04-17,20:36:47.080,-43,-30,10,3983,0,26,44,16,0,27,11,375,1,0,673,1024,203,0,0,-1,-1,-1,0x1002480A90140004,1501,1500,1500,988,2012,1500,1500,1500,1500,1501,1193,1449,1500,1500,1500,1500,1500,1500,1500,2012,1500,1585,1500,2012,1500,1501,1500,1500,1520,1653,1500,2012,8.4
2026-04-17,20:36:47.580,-43,-33,10,3983,0,26,44,16,0,27,11,375,1,0,673,1024,203,0,0,-1,-1,-1,0x1002480A90140004,1501,1500,1500,988,2012,1500,1500,1500,1500,1500,1193,1449,1500,1500,1500,1500,1500,1500,1500,2012,1500,1585,1500,2012,1500,1500,1500,1500,1520,1653,1500,2012,8.4
2026-04-17,20:36:48.080,-38,-35,10,3983,0,26,44,16,0,27,11,375,1,0,673,1024,203,0,0,-1,-1,-1,0x1002480A90140004,1501,1500,1500,988,2012,1500,1500,1500,1500,1500,1193,1449,1500,1500,1500,1500,1500,1500,1500,2012,1500,1585,1500,2012,1500,1501,1500,1500,1520,1653,1500,2012,8.4
2026-04-17,20:36:48.580,-38,-35,10,3983,0,26,44,16,0,27,11,375,1,1,673,1024,203,0,0,-1,-1,-1,0x1002480A90140004,1501,1500,1500,988,2012,1500,1500,1500,1500,1500,1193,1449,1500,1500,1500,1500,1500,1500,1500,2012,1500,1585,1500,2012,1500,1501,1500,1500,1520,1653,1500,2012,8.4
2026-04-17,20:36:49.080,-41,-33,10,3983,0,26,44,16,0,27,11,375,2,0,673,1024,203,0,0,-1,-1,-1,0x1002480A90140004,1501,1500,1500,988,2012,1501,1500,1500,1500,1501,1193,1449,1500,1500,1500,1500,1500,1500,1500,2012,1500,1585,1500,2012,1500,1501,1500,1500,1520,1653,1500,2012,8.4
2026-04-17,20:36:49.580,-41,-37,10,3983,0,26,44,16,234,27,11,375,1,1,673,1024,203,0,0,-1,-1,-1,0x1002480A90140004,1501,1500,1500,988,2012,1500,1500,1500,1500,1500,1193,1449,1500,1500,1500,1500,1500,1500,1500,2012,1500,1585,1500,2012,1500,1500,1500,1500,1520,1653,1500,2012,8.4
2026-04-17,20:36:50.080,-41,-26,10,3983,0,26,44,16,1236,27,11,375,1,1,673,1024,203,0,0,-1,-1,-1,0x1002480690140004,1501,1500,1500,988,2012,1500,1500,1500,1500,1500,1193,1449,1500,1500,1500,1500,1500,1500,1500,2012,1500,1585,1500,2012,1500,1501,1500,1500,1520,1653,1500,2012,8.4
2026-04-17,20:36:50.580,-35,-37,10,3984,1010,26,44,16,546,27,11,375,0,197,673,1024,203,0,0,-1,-1,-1,0x1002480190140405,1501,1557,1610,988,2012,1500,1598,1500,1500,1500,1193,1449,1500,1500,1500,1500,1500,1500,1372,1628,1500,1585,1500,2012,1500,1641,1557,1500,1520,1653,1500,2012,8.4
2026-04-17,20:36:51.080,-39,-35,10,3986,800,26,44,16,1854,27,11,375,-1024,152,673,1024,203,0,0,-1,-1,-1,0x1002480594140005,1222,1550,1730,988,2012,988,1576,1500,1500,988,1193,1449,1500,1500,1500,1500,1500,1500,1372,1628,1500,1585,1500,2012,1500,1612,1550,1500,1520,1653,1500,2012,8.4
2026-04-17,20:36:51.580,-36,-40,10,3989,730,26,44,16,1746,27,11,375,-1024,149,673,1024,203,0,0,-1,-1,-1,0x1002480594140445,1222,1546,1730,988,2012,988,1574,1500,1500,988,1193,1449,1500,1500,1500,1500,1500,1500,1372,1628,1500,1585,1500,2012,1500,1609,1546,1500,1520,1653,1500,2012,8.4
2026-04-17,20:36:52.080,-39,-51,10,3991,520,26,44,16,1572,27,11,375,-1024,183,673,1024,203,0,0,-1,-1,-1,0x1002480594140005,1222,1553,1730,988,2012,988,1591,1500,1500,988,1193,1449,1500,1500,1500,1500,1500,1500,1372,1628,1500,1585,1500,2012,1500,1632,1553,1500,1520,1653,1500,2012,8.4
2026-04-17,20:36:52.580,-44,-35,10,3996,1570,26,44,16,2126,27,11,375,-1010,209,673,1024,203,0,0,-1,-1,-1,0x1002480594140445,1230,1560,1730,988,2012,995,1604,1500,1500,995,1193,1449,1500,1500,1500,1500,1500,1500,1372,1628,1500,1585,1500,2012,1500,1649,1560,1500,1520,1653,1500,2012,8.4
2026-04-17,20:36:53.080,-44,-33,10,3997,2830,26,44,16,2850,27,11,376,-1,277,673,1024,203,0,0,-1,-1,-1,0x1002480590140005,1498,1581,1730,988,2012,1500,1638,1500,1500,1489,1193,1449,1500,1500,1500,1500,1500,1500,1372,1628,1500,1585,1500,2012,1500,1691,1581,1500,1520,1653,1500,2012,8.4
2026-04-17,20:36:53.580,-44,-28,10,3996,450,26,44,16,3312,27,11,376,-949,2,673,1024,203,0,0,-1,-1,-1,0x1002480494100045,1255,1500,1730,988,2012,1026,1501,1500,1500,1018,1193,1449,1500,1500,1500,1500,1500,1500,1213,2012,1500,1585,1500,2012,1500,1501,1500,1500,1520,1653,1500,2012,8.4
2026-04-17,20:36:54.080,-44,-27,10,3992,0,26,44,16,844,27,11,376,2,0,673,1024,203,0,0,-1,-1,-1,0x1002480490140005,1501,1500,1730,988,2012,1501,1500,1500,1500,1501,1193,1449,1500,1500,1500,1500,1500,1500,1372,2012,1500,1585,1500,2012,1500,1500,1500,1500,1520,1653,1500,2012,8.4
2026-04-17,20:36:54.580,-44,-26,10,3989,0,26,44,16,108,27,11,376,0,5,673,1024,203,0,0,-1,-1,-1,0x1002480090140005,1501,1501,1730,988,2012,1500,1502,1500,1500,1500,1193,1449,1500,1500,1500,1500,1500,1500,1372,2012,1500,1585,1500,2012,1500,1504,1501,1500,1520,1653,1500,2012,8.4
2026-04-17,20:36:55.080,-44,-26,10,3985,0,26,44,16,0,27,11,376,1,-2,673,1024,203,0,0,-1,-1,-1,0x1002480290140005,1501,1499,1730,989,2012,1500,1499,1499,1500,1500,1193,1449,1500,1500,1500,1500,1500,1498,1500,2012,1500,1585,1500,2012,1500,1499,1500,1500,1520,1653,1499,2012,8.4
2026-04-17,20:36:55.580,-44,-26,10,3985,0,26,44,16,0,27,11,376,2,1,673,1024,203,0,0,-1,-1,-1,0x1002480290140005,1501,1500,1730,988,2012,1501,1500,1500,1500,1501,1193,1449,1500,1500,1500,1500,1500,1500,1500,2012,1500,1585,1500,2012,1500,1501,1500,1500,1520,1653,1500,2012,8.4
2026-04-17,20:36:56.080,-44,-26,10,3983,0,26,44,16,0,27,11,376,2,4,673,1024,203,0,0,-1,-1,-1,0x1002480A90140005,1501,1501,1730,988,2012,1501,1502,1500,1500,1500,1193,1449,1500,1500,1500,1500,1500,1500,1500,2012,1500,1585,1500,2012,1500,1503,1501,1500,1520,1653,1500,2012,8.4
2026-04-17,20:36:56.580,-44,-24,10,3983,0,26,44,16,0,27,11,376,1,4,673,1024,203,0,0,-1,-1,-1,0x1002480A90140005,1501,1501,1560,988,2012,1500,1502,1500,1500,1500,1193,1449,1500,1500,1500,1500,1500,1500,1500,2012,1500,1585,1500,2012,1500,1503,1501,1500,1520,1653,1500,2012,8.4
2026-04-17,20:36:57.080,-44,-23,10,3983,0,26,44,16,0,27,11,376,2,5,673,1024,203,0,0,-1,-1,-1,0x1002480A90140004,1501,1501,1500,988,2012,1501,1502,1500,1500,1501,1193,1449,1500,1500,1500,1500,1500,1500,1500,2012,1500,1585,1500,2012,1500,1504,1501,1500,1520,1653,1500,2012,8.4
2026-04-17,20:36:57.580,-36,-35,10,3983,0,26,44,16,0,27,11,376,2,60,673,1024,203,0,0,-1,-1,-1,0x1002480990140404,1501,1521,1500,988,2012,1501,1530,1500,1500,1501,1193,1449,1500,1500,1500,1500,1500,1500,1500,2012,1500,1585,1500,2012,1500,1545,1521,1500,1520,1653,1500,2012,8.4
2026-04-17,20:36:58.080,-38,-50,10,3985,310,26,44,16,388,27,11,376,1,32,673,1024,203,0,0,-1,-1,-1,0x1002480890140005,1501,1511,1725,988,2012,1500,1516,1500,1500,1500,1193,1449,1500,1500,1500,1500,1500,1500,1029,2012,1500,1585,1500,2012,1500,1525,1511,1500,1520,1653,1500,2012,8.4
2026-04-17,20:36:58.580,-42,-29,10,3986,0,26,44,16,122,27,11,376,1,1,673,1024,204,0,0,-1,-1,-1,0x1002480890140005,1501,1500,1730,988,2012,1500,1500,1500,1500,1500,1193,1449,1500,1500,1500,1500,1500,1500,1372,2012,1500,1585,1500,2012,1500,1501,1500,1500,1520,1653,1500,2012,8.4
2026-04-17,20:36:59.080,-42,-27,10,3986,0,26,44,16,0,27,11,376,2,1,673,1024,203,0,0,-1,-1,-1,0x1002480890140005,1501,1500,1730,988,2012,1501,1500,1500,1500,1501,1193,1449,1500,1500,1500,1500,1500,1500,1372,2012,1500,1585,1500,2012,1500,1501,1500,1500,1520,1653,1500,2012,8.4
2026-04-17,20:36:59.580,-42,-26,10,3986,0,26,44,16,0,27,11,376,1,0,673,1024,203,0,0,-1,-1,-1,0x1002480890140005,1501,1500,1730,988,2012,1500,1500,1500,1500,1501,1193,1449,1500,1500,1500,1500,1500,1500,1500,2012,1500,1585,1500,2012,1500,1500,1500,1500,1520,1653,1500,2012,8.4
2026-04-17,20:37:00.080,-42,-26,10,3986,0,26,44,16,0,27,11,376,1,0,673,1024,203,0,0,-1,-1,-1,0x1002480A90140005,1501,1500,1730,988,2012,1500,1500,1500,1500,1500,1193,1449,1500,1500,1500,1500,1500,1500,1500,2012,1500,1585,1500,2012,1500,1500,1500,1500,1520,1653,1500,2012,8.4
2026-04-17,20:37:00.580,-42,-25,10,3983,0,26,44,16,0,27,11,376,2,0,673,1024,203,0,0,-1,-1,-1,0x1002480A90140005,1501,1500,1730,988,2012,1501,1500,1500,1500,1501,1193,1449,1500,1500,1500,1500,1500,1500,1500,2012,1500,1585,1500,2012,1500,1500,1500,1500,1520,1653,1500,2012,8.4
2026-04-17,20:37:01.080,-42,-25,10,3983,0,26,44,16,0,27,11,376,1,0,673,1024,203,0,0,-1,-1,-1,0x1002480A90140005,1501,1500,1642,988,2012,1500,1500,1500,1500,1500,1193,1449,1500,1500,1500,1500,1500,1500,1500,2012,1500,1585,1500,2012,1500,1500,1500,1500,1520,1653,1500,2012,8.4
2026-04-17,20:37:01.580,-42,-25,10,3983,0,26,44,16,0,27,11,376,1,0,673,1024,203,0,0,-1,-1,-1,0x1002480A90140004,1501,1499,1500,988,2012,1500,1500,1499,1500,1500,1193,1449,1500,1500,1500,1500,1500,1499,1500,2012,1500,1585,1500,2012,1500,1500,1500,1500,1520,1653,1500,2012,8.4
2026-04-17,20:37:02.080,-42,-26,10,3983,0,26,44,16,0,27,11,376,1,0,673,1024,203,0,0,-1,-1,-1,0x1002480A90140004,1501,1500,1500,988,2012,1500,1500,1500,1500,1500,1193,1449,1500,1500,1500,1500,1500,1500,1500,2012,1500,1585,1500,2012,1500,1500,1500,1500,1520,1653,1500,2012,8.4
2026-04-17,20:37:02.580,-42,-28,10,3983,0,26,44,16,0,27,11,376,1,2,673,1024,203,0,0,-1,-1,-1,0x1002480A90140004,1501,1500,1500,988,2012,1500,1501,1500,1500,1500,1193,1449,1500,1500,1500,1500,1500,1500,1500,2012,1500,1585,1500,2012,1500,1501,1500,1500,1520,1653,1500,2012,8.4
2026-04-17,20:37:03.080,-44,-35,10,3983,0,26,44,16,0,27,11,376,1,1,673,1024,203,0,0,-1,-1,-1,0x1002480A90140004,1501,1500,1500,988,2012,1500,1500,1500,1500,1500,1193,1449,1500,1500,1500,1500,1500,1500,1500,2012,1500,1585,1500,2012,1500,1501,1500,1500,1520,1653,1500,2012,8.4
2026-04-17,20:37:03.580,-44,-30,10,3983,0,26,44,16,0,27,11,376,1,2,673,1024,203,0,0,-1,-1,-1,0x1002480A90140004,1501,1500,1500,988,2012,1500,1501,1500,1500,1500,1193,1449,1500,1500,1500,1500,1500,1500,1500,2012,1500,1585,1500,2012,1500,1501,1500,1500,1520,1653,1500,2012,8.4
2026-04-17,20:37:04.080,-44,-23,10,3983,0,26,44,16,0,27,11,376,2,2,673,1024,203,0,0,-1,-1,-1,0x1002480A90140004,1501,1500,1500,988,2012,1501,1501,1500,1500,1501,1193,1449,1500,1500,1500,1500,1500,1500,1500,2012,1500,1585,1500,2012,1500,1501,1500,1500,1520,1653,1500,2012,8.4
2026-04-17,20:37:04.580,-44,-26,10,3983,0,26,44,16,0,27,11,376,1,2,673,1024,203,0,0,-1,-1,-1,0x1002480A90140004,1501,1500,1500,988,2012,1500,1501,1500,1500,1500,1193,1449,1500,1500,1500,1500,1500,1500,1500,2012,1500,1585,1500,2012,1500,1501,1500,1500,1520,1653,1500,2012,8.4
2026-04-17,20:37:05.080,-32,-30,10,3983,0,26,44,16,0,27,11,376,1,1,673,1024,203,0,0,-1,-1,-1,0x1002480A90140004,1501,1500,1500,988,2012,1500,1500,1500,1500,1500,1193,1449,1500,1500,1500,1500,1500,1500,1500,2012,1500,1585,1500,2012,1500,1501,1500,1500,1520,1653,1500,2012,8.4
2026-04-17,20:37:05.580,-32,-29,10,3983,0,26,44,16,0,27,11,376,1,3,673,1024,203,0,0,-1,-1,-1,0x1002480A90140004,1501,1501,1500,988,2012,1500,1501,1500,1500,1500,1193,1449,1500,1500,1500,1500,1500,1500,1500,2012,1500,1585,1500,2012,1500,1502,1501,1500,1520,1653,1500,2012,8.4
2026-04-17,20:37:06.080,-32,-29,10,3983,0,26,44,16,0,27,11,376,1,5,673,1024,203,0,0,-1,-1,-1,0x1002480A90140004,1501,1501,1500,988,2012,1500,1502,1500,1500,1500,1193,1449,1500,1500,1500,1500,1500,1500,1500,2012,1500,1585,1500,2012,1500,1504,1501,1500,1520,1653,1500,2012,8.4
2026-04-17,20:37:06.580,-32,-28,10,3983,0,26,44,16,0,27,11,376,0,4,673,1024,202,0,0,-1,-1,-1,0x1002480A90140004,1501,1501,1500,988,2012,1500,1502,1500,1500,1500,1193,1449,1500,1500,1500,1500,1500,1500,1500,2012,1500,1585,1500,2012,1500,1503,1501,1500,1520,1653,1500,2012,8.4
2026-04-17,20:37:07.080,-32,-27,10,3983,0,26,44,16,0,27,11,376,1,5,673,1024,203,0,0,-1,-1,-1,0x1002480A90140004,1501,1501,1500,988,2012,1500,1502,1500,1500,1500,1193,1449,1500,1500,1500,1500,1500,1500,1500,2012,1500,1585,1500,2012,1500,1504,1501,1500,1520,1653,1500,2012,8.4
2026-04-17,20:37:07.580,-32,-26,10,3983,0,26,44,16,0,27,11,376,1,5,673,1024,203,0,0,-1,-1,-1,0x1002480A90140004,1501,1501,1500,988,2012,1500,1502,1500,1500,1500,1193,1449,1500,1500,1500,1500,1500,1500,1500,2012,1500,1585,1500,2012,1500,1504,1501,1500,1520,1653,1500,2012,8.4
2026-04-17,20:37:08.080,-32,-26,10,3983,0,25,44,16,0,27,11,376,1,5,673,1024,203,0,0,-1,-1,-1,0x1002480A90140004,1501,1501,1500,988,2012,1500,1502,1500,1500,1500,1193,1449,1500,1500,1500,1500,1500,1500,1500,2012,1500,1585,1500,2012,1500,1504,1501,1500,1520,1653,1500,2012,8.4
2026-04-17,20:37:08.580,-32,-27,10,3983,0,25,44,16,0,27,11,376,1,6,673,1024,203,0,0,-1,-1,-1,0x1002480A90140004,1501,1502,1500,988,2012,1500,1503,1500,1500,1500,1193,1449,1500,1500,1500,1500,1500,1500,1500,2012,1500,1585,1500,2012,1500,1505,1502,1500,1520,1653,1500,2012,8.4
2026-04-17,20:37:09.080,-32,-28,10,3983,0,25,44,16,0,27,11,376,1,5,673,1024,203,0,0,-1,-1,-1,0x1002480A90140004,1501,1501,1500,988,2012,1500,1502,1500,1500,1500,1193,1449,1500,1500,1500,1500,1500,1500,1500,2012,1500,1585,1500,2012,1500,1504,1501,1500,1520,1653,1500,2012,8.4
2026-04-17,20:37:09.580,-32,-28,10,3983,0,25,44,16,0,27,11,376,1,5,673,1024,203,0,0,-1,-1,-1,0x1002480A90140004,1501,1501,1500,988,2012,1500,1502,1500,1500,1500,1193,1449,1500,1500,1500,1500,1500,1500,1500,2012,1500,1585,1500,2012,1500,1504,1501,1500,1520,1653,1500,2012,8.4
2026-04-17,20:37:10.080,-32,-28,10,3983,0,25,44,16,0,27,11,376,1,4,673,1024,203,0,0,-1,-1,-1,0x1002480A90140004,1501,1501,1500,988,2012,1500,1502,1500,1500,1500,1193,1449,1500,1500,1500,1500,1500,1500,1500,2012,1500,1585,1500,2012,1500,1503,1501,1500,1520,1653,1500,2012,8.4
2026-04-17,20:37:10.580,-32,-28,10,3983,0,25,44,16,0,27,11,376,1,12,673,1024,203,0,0,-1,-1,-1,0x1002480990140404,1501,1504,1500,988,2012,1500,1506,1500,1500,1500,1193,1449,1500,1500,1500,1500,1500,1500,1500,2012,1500,1585,1500,2012,1500,1509,1504,1500,1520,1653,1500,2012,8.4
2026-04-17,20:37:11.080,-32,-27,10,3983,0,25,44,16,0,27,11,376,1,3,673,1024,203,0,0,-1,-1,-1,0x1002480890140004,1501,1501,1500,988,2012,1500,1501,1500,1500,1500,1193,1449,1500,1500,1500,1500,1500,1500,1500,2012,1500,1585,1500,2012,1500,1502,1501,1500,1520,1653,1500,2012,8.4
2026-04-17,20:37:11.580,-32,-25,10,3983,0,25,44,16,0,27,11,376,0,3,673,1024,203,0,0,-1,-1,-1,0x1002480890140004,1501,1501,1500,988,2012,1500,1501,1500,1500,1500,1193,1449,1500,1500,1500,1500,1500,1500,1500,2012,1500,1585,1500,2012,1500,1502,1501,1500,1520,1653,1500,2012,8.4
2026-04-17,20:37:12.080,-39,-41,10,3983,0,25,44,16,0,27,11,376,-1,1,673,1024,203,0,0,-1,-1,-1,0x1002480890140004,1501,1500,1500,988,2012,1500,1500,1500,1500,1500,1193,1449,1500,1500,1500,1500,1500,1500,1500,2012,1500,1585,1500,2012,1500,1501,1500,1500,1520,1653,1500,2012,8.4
2026-04-17,20:37:12.580,-40,-41,10,3983,0,25,44,16,122,27,11,376,0,21,673,1024,203,0,0,-1,-1,-1,0x1002480A90140004,1501,1503,1500,988,2012,1500,1510,1500,1500,1500,1193,1449,1500,1500,1500,1500,1500,1500,1500,2012,1500,1585,1500,2012,1500,1516,1503,1500,1520,1653,1500,2012,8.4
2026-04-17,20:37:13.080,-55,-54,10,3984,310,25,44,16,1488,27,11,376,1,195,673,1024,203,0,0,-1,-1,-1,0x1002480990140005,1501,1557,1684,988,2012,1500,1597,1500,1500,1500,1193,1449,1500,1500,1500,1500,1500,1500,1372,1628,1500,1585,1500,2012,1500,1641,1557,1500,1520,1653,1500,2012,8.4
2026-04-17,20:37:13.580,-55,-45,10,3987,30,25,44,16,1690,27,11,376,1,4,673,1024,203,0,0,-1,-1,-1,0x1002480490140005,1501,1501,1730,988,2012,1500,1502,1500,1500,1500,1193,1449,1500,1500,1500,1500,1500,1500,1234,2012,1500,1585,1500,2012,1500,1502,1501,1500,1520,1653,1500,2012,8.4
2026-04-17,20:37:14.080,-55,-44,10,3989,170,25,44,16,1662,27,11,376,1,255,673,1024,203,0,0,-1,-1,-1,0x1002480590140445,1501,1572,1730,988,2012,1500,1627,1500,1500,1500,1193,1449,1500,1500,1500,1500,1500,1500,1372,1628,1500,1585,1500,2012,1500,1677,1572,1500,1520,1653,1500,2012,8.4
2026-04-17,20:37:14.580,-55,-39,10,3992,210,25,44,16,3772,27,11,376,1,0,673,1024,203,0,0,-1,-1,-1,0x1002480490140045,1501,1500,1730,988,2012,1500,1500,1500,1500,1500,1193,1449,1500,1500,1500,1500,1500,1500,1162,2012,1500,1585,1500,2012,1500,1500,1500,1500,1520,1653,1500,2012,8.4
2026-04-17,20:37:15.080,-55,-39,10,3992,1010,25,44,16,2684,27,11,376,1,461,672,1024,203,0,0,-1,-1,-1,0x1002480590140445,1501,1650,1730,988,2012,1500,1730,1500,1500,1500,1193,1449,1500,1500,1500,1500,1500,1500,1372,1628,1500,1585,1500,2012,1500,1789,1650,1500,1520,1653,1500,2012,8.4
2026-04-17,20:37:15.580,-55,-40,10,3991,730,25,44,16,8772,27,11,377,1,0,673,1024,203,0,0,-1,-1,-1,0x1002480490140045,1501,1500,1730,988,2012,1500,1500,1500,1500,1501,1193,1449,1500,1500,1500,1500,1500,1500,1243,2012,1500,1585,1500,2012,1500,1500,1500,1500,1520,1653,1500,2012,8.4
2026-04-17,20:37:16.080,-55,-38,10,3989,1820,25,44,16,1350,27,12,377,1,252,673,1024,203,0,0,-1,-1,-1,0x1002480590140405,1501,1564,1730,988,2012,1500,1626,1500,1500,1500,1193,1449,1500,1500,1500,1500,1500,1500,1372,1628,1500,1585,1500,2012,1500,1669,1564,1500,1520,1653,1500,2012,8.4
2026-04-17,20:37:16.580,-55,-40,10,3988,800,25,44,16,6360,27,12,377,0,0,673,1024,203,0,0,-1,-1,-1,0x1002480490140045,1501,1500,1730,988,2012,1500,1500,1500,1500,1500,1193,1449,1500,1500,1500,1500,1500,1500,1101,2012,1500,1585,1500,2012,1500,1501,1500,1500,1520,1653,1500,2012,8.4
2026-04-17,20:37:17.080,-55,-38,10,3988,450,25,44,16,2008,27,12,377,1,157,673,1024,203,0,0,-1,-1,-1,0x1002480590140005,1501,1547,1730,988,2012,1500,1578,1500,1500,1500,1193,1449,1500,1500,1500,1500,1500,1500,1372,1628,1500,1585,1500,2012,1500,1614,1547,1500,1520,1653,1500,2012,8.4
2026-04-17,20:37:17.580,-55,-38,10,3990,590,25,44,16,2796,27,12,377,1,366,673,1024,203,0,0,-1,-1,-1,0x1002480590140445,1501,1614,1730,988,2012,1500,1683,1500,1500,1500,1193,1449,1500,1500,1500,1500,1500,1500,1372,1628,1500,1585,1500,2012,1500,1741,1614,1500,1520,1653,1500,2012,8.4
2026-04-17,20:37:18.080,-55,-39,10,3990,1360,25,44,16,9158,27,12,377,1,1,673,1024,203,0,0,-1,-1,-1,0x1002480490140005,1501,1500,1730,988,2012,1500,1500,1500,1500,1500,1193,1449,1500,1500,1500,1500,1500,1500,1080,2012,1500,1585,1500,2012,1500,1501,1500,1500,1520,1653,1500,2012,8.4
2026-04-17,20:37:18.580,-55,-38,10,3989,0,25,44,16,4588,27,12,377,0,28,673,1024,203,0,0,-1,-1,-1,0x1002480490140045,1501,1505,1730,988,2012,1500,1514,1500,1500,1500,1193,1449,1500,1500,1500,1500,1500,1500,1372,2012,1500,1585,1500,2012,1500,1512,1505,1500,1520,1653,1500,2012,8.4
2026-04-17,20:37:19.080,-55,-41,10,3986,7110,25,44,16,15768,27,12,378,1,1,673,1024,203,0,0,-1,-1,-1,0x1002480490140005,1501,1500,1730,988,2012,1500,1500,1500,1500,1500,1193,1449,1500,1500,1500,1500,1500,1500,1065,1935,1500,1585,1500,2012,1500,1519,1500,1500,1520,1653,1500,2012,8.4
2026-04-17,20:37:19.580,-55,-40,10,3984,0,25,44,16,12614,27,12,378,1,0,673,1024,203,0,0,-1,-1,-1,0x1002480490140045,1501,1500,1730,988,2012,1500,1500,1500,1500,1500,1193,1449,1500,1500,1500,1500,1500,1500,1372,2012,1500,1585,1500,2012,1500,1501,1500,1500,1520,1653,1500,2012,8.4
2026-04-17,20:37:20.080,-42,-44,10,3982,0,25,44,16,4968,27,12,378,1,39,673,1024,203,0,0,-1,-1,-1,0x1002480490140005,1501,1510,1730,988,2012,1500,1519,1500,1500,1500,1193,1449,1500,1500,1500,1500,1500,1500,1372,2012,1500,1585,1500,2012,1500,1521,1510,1500,1520,1653,1500,2012,8.4
2026-04-17,20:37:20.580,-46,-46,10,3983,1220,25,44,16,7706,27,12,378,1,211,673,1024,203,0,0,-1,-1,-1,0x1002480590140045,1501,1555,1730,988,2012,1500,1605,1500,1500,1500,1193,1449,1500,1500,1500,1500,1500,1500,1372,1628,1500,1585,1500,2012,1500,1642,1555,1500,1520,1653,1500,2012,8.4
2026-04-17,20:37:21.080,-46,-46,10,3984,1710,25,44,16,7748,27,12,379,0,487,673,1024,203,0,0,-1,-1,-1,0x1002480590140405,1501,1656,1730,988,2012,1500,1743,1500,1500,1500,1193,1449,1500,1500,1500,1500,1500,1500,1372,1628,1500,1585,1500,2012,1500,1801,1656,1500,1520,1653,1500,2012,8.4
2026-04-17,20:37:21.580,-46,-46,10,3984,3390,26,44,16,16092,27,12,379,0,858,673,1024,203,0,0,-1,-1,-1,0x1002480590140045,1501,1841,1730,988,2012,1500,1929,1500,1500,1500,1193,1449,1500,1500,1500,1500,1500,1500,1372,1628,1500,1585,1500,2012,1500,1944,1841,1500,1520,1653,1500,2012,8.4
2026-04-17,20:37:22.080,-46,-48,10,3971,5360,26,44,16,31426,27,12,381,1,1,673,1024,203,0,0,-1,-1,-1,0x1002480490140005,1501,1500,1730,988,2012,1500,1500,1500,1500,1500,1193,1449,1500,1500,1500,1500,1500,1500,1168,1832,1500,1585,1500,2012,1500,1679,1500,1500,1520,1653,1500,2012,8.4
2026-04-17,20:37:22.580,-46,-44,10,3972,0,26,44,16,21154,27,12,382,0,3,673,1024,203,0,0,-1,-1,-1,0x1002480490140045,1501,1501,1730,988,2012,1500,1501,1500,1500,1500,1193,1449,1500,1500,1500,1500,1500,1500,1372,2012,1500,1585,1500,2012,1500,1502,1501,1500,1520,1653,1500,2012,8.4
2026-04-17,20:37:23.080,-46,-47,10,3971,800,26,44,16,482,27,12,382,1,447,673,1024,203,0,0,-1,-1,-1,0x1002480190140405,1501,1634,1730,988,2012,1500,1723,1500,1500,1500,1193,1449,1500,1500,1500,1500,1500,1500,1372,1628,1500,1585,1500,2012,1500,1775,1634,1500,1520,1653,1500,2012,8.4
2026-04-17,20:37:23.580,-46,-47,10,3967,4690,26,44,16,16406,27,12,382,1,1,673,1024,203,0,0,-1,-1,-1,0x1002480490140045,1501,1500,1730,988,2012,1500,1500,1500,1500,1500,1193,1449,1500,1500,1500,1500,1500,1500,988,2012,1500,1585,1500,2012,1500,1501,1500,1500,1520,1653,1500,2012,8.4
2026-04-17,20:37:24.080,-46,-44,10,3975,310,26,44,16,8902,27,12,383,1,225,673,1024,203,0,0,-1,-1,-1,0x1002480590140405,1501,1563,1730,988,2012,1500,1612,1500,1500,1501,1193,1449,1500,1500,1500,1500,1500,1500,1372,1628,1500,1585,1500,2012,1500,1659,1563,1500,1520,1653,1500,2012,8.4
2026-04-17,20:37:24.580,-46,-44,10,3981,100,26,44,16,5672,27,12,383,0,242,673,1024,203,0,0,-1,-1,-1,0x1002480590140045,1501,1568,1730,988,2012,1500,1621,1500,1500,1500,1193,1449,1500,1500,1500,1500,1500,1500,1372,1628,1500,1585,1500,2012,1500,1670,1568,1500,1520,1653,1500,2012,8.4
2026-04-17,20:37:25.080,-46,-43,10,3980,170,26,44,16,5062,27,12,383,1,234,673,1024,203,0,0,-1,-1,-1,0x1002480590140405,1501,1566,1730,988,2012,1500,1617,1500,1500,1500,1193,1449,1500,1500,1500,1500,1500,1500,1372,1628,1500,1585,1500,2012,1500,1665,1566,1500,1520,1653,1500,2012,8.4
2026-04-17,20:37:25.580,-46,-42,10,3980,170,26,44,16,4818,27,12,383,0,2,673,1024,203,0,0,-1,-1,-1,0x1002480490140045,1501,1500,1730,988,2012,1500,1501,1500,1500,1500,1193,1449,1500,1500,1500,1500,1500,1500,988,2012,1500,1585,1500,2012,1500,1501,1500,1500,1520,1653,1500,2012,8.4
2026-04-17,20:37:26.080,-46,-41,10,3985,1570,26,44,16,196,27,12,383,1,245,673,1024,203,0,0,-1,-1,-1,0x1002480190140405,1501,1569,1730,988,2012,1500,1622,1500,1500,1500,1193,1449,1500,1500,1500,1500,1500,1500,1372,1628,1500,1585,1500,2012,1500,1671,1569,1500,1520,1653,1500,2012,8.4
2026-04-17,20:37:26.580,-46,-40,10,3985,170,26,44,16,5210,27,12,383,0,263,673,1024,203,0,0,-1,-1,-1,0x1002480590140045,1501,1575,1730,988,2012,1500,1631,1500,1500,1500,1193,1449,1500,1500,1500,1500,1500,1500,1372,1628,1500,1585,1500,2012,1500,1682,1575,1500,1520,1653,1500,2012,8.4
2026-04-17,20:37:27.080,-46,-39,10,3985,2060,26,44,16,11628,27,12,383,1,431,673,1024,203,0,0,-1,-1,-1,0x1002480590140405,1501,1634,1730,988,2012,1500,1715,1500,1500,1500,1193,1449,1500,1500,1500,1500,1500,1500,1372,1628,1500,1585,1500,2012,1500,1769,1634,1500,1520,1653,1500,2012,8.4
2026-04-17,20:37:27.580,-46,-38,10,3982,5180,26,44,16,17138,27,12,383,1,579,673,1024,203,0,0,-1,-1,-1,0x1002480590140045,1501,1697,1730,988,2012,1500,1789,1500,1500,1500,1193,1449,1500,1500,1500,1500,1500,1500,1372,1628,1500,1585,1500,2012,1500,1844,1697,1500,1520,1653,1500,2012,8.4
2026-04-17,20:37:28.080,-46,-39,10,3977,6860,26,44,16,21364,27,12,384,1,725,672,1024,203,0,0,-1,-1,-1,0x1002480590140405,1501,1775,1730,988,2012,1500,1862,1500,1500,1500,1193,1449,1500,1500,1500,1500,1500,1500,1372,1628,1500,1585,1500,2012,1500,1904,1775,1500,1520,1653,1500,2012,8.4
2026-04-17,20:37:28.580,-46,-39,10,3974,1570,26,44,16,21608,27,13,385,0,134,673,1024,203,0,0,-1,-1,-1,0x1002480590140045,1501,1545,1730,988,2012,1500,1567,1500,1500,1500,1193,1449,1500,1500,1500,1500,1500,1500,1372,1628,1500,1585,1500,2012,1500,1606,1545,1500,1520,1653,1500,2012,8.4
2026-04-17,20:37:29.080,-46,-38,10,3974,0,26,44,16,17484,27,13,385,1,203,673,1024,203,0,0,-1,-1,-1,0x1002480590140405,1501,1555,1730,988,2012,1500,1601,1500,1500,1500,1193,1449,1500,1500,1500,1500,1500,1500,1372,1628,1500,1585,1500,2012,1500,1636,1555,1500,1520,1653,1500,2012,8.4
2026-04-17,20:37:29.580,-46,-38,10,3972,3530,26,44,16,14778,27,13,385,1,522,673,1024,203,0,0,-1,-1,-1,0x1002480590140445,1501,1675,1730,988,2012,1500,1761,1500,1500,1500,1193,1449,1500,1500,1500,1500,1500,1500,1372,1628,1500,1585,1500,2012,1500,1818,1675,1500,1520,1653,1500,2012,8.4
2026-04-17,20:37:30.080,-46,-38,10,3972,2830,26,44,16,17628,27,13,386,1,255,672,1024,203,0,0,-1,-1,-1,0x1002480590140005,1501,1592,1730,988,2012,1500,1627,1500,1500,1500,1193,1449,1500,1500,1500,1500,1500,1500,1372,1628,1500,1585,1500,2012,1500,1713,1592,1500,1520,1653,1500,2012,8.4
2026-04-17,20:37:30.580,-46,-37,10,3974,1680,26,44,16,12222,27,13,386,0,424,673,1024,203,0,0,-1,-1,-1,0x1002480590140445,1501,1626,1730,988,2012,1500,1712,1500,1500,1500,1193,1449,1500,1500,1500,1500,1500,1500,1372,1628,1500,1585,1500,2012,1500,1765,1626,1500,1520,1653,1500,2012,8.4
2026-04-17,20:37:31.080,-46,-38,10,3973,2830,26,44,16,14974,27,13,386,1,16,673,1024,203,0,0,-1,-1,-1,0x1002480490140005,1501,1500,1730,988,2012,1500,1508,1500,1500,1500,1193,1449,1500,1500,1500,1500,1500,1500,1029,2012,1500,1585,1500,2012,1500,1501,1500,1500,1520,1653,1500,2012,8.4
2026-04-17,20:37:31.580,-46,-39,10,3973,5500,26,44,16,15656,27,13,387,1,-1,673,1024,203,0,0,-1,-1,-1,0x1002480490140045,1501,1499,1730,988,2012,1500,1500,1499,1500,1500,1193,1449,1500,1500,1500,1500,1500,1499,1018,2012,1500,1585,1500,2012,1500,1499,1500,1500,1520,1653,1499,2012,8.4
2026-04-17,20:37:32.080,-46,-37,10,3973,4270,26,44,16,13354,27,13,387,1,16,673,1024,203,0,0,-1,-1,-1,0x1002480490140005,1501,1501,1730,988,2012,1500,1508,1500,1500,1500,1193,1449,1500,1500,1500,1500,1500,1500,1014,1986,1500,1585,1500,2012,1500,1502,1501,1500,1520,1653,1500,2012,8.4
2026-04-17,20:37:32.580,-46,-38,10,3973,3990,26,44,16,17156,27,13,388,1,406,673,1024,203,0,0,-1,-1,-1,0x1002480490140045,1501,1610,1730,988,2012,1500,1703,1500,1500,1500,1193,1449,1500,1500,1500,1500,1500,1500,1372,1628,1500,1585,1500,2012,1500,1742,1610,1500,1520,1653,1500,2012,8.4
2026-04-17,20:37:33.080,-46,-40,10,3966,17130,26,44,16,27244,27,13,390,1,342,673,1024,203,0,0,-1,-1,-1,0x1002480490140005,1501,1585,1730,988,2012,1500,1671,1500,1500,1500,1193,1449,1500,1500,1500,1500,1500,1500,1372,1628,1500,1585,1500,2012,1500,1704,1585,1500,1520,1653,1500,2012,8.4
2026-04-17,20:37:33.580,-46,-40,10,3958,12500,26,44,16,31734,27,13,391,0,-45,673,1024,203,0,0,-1,-1,-1,0x1002480490140045,1501,1478,1730,1016,2012,1500,1478,1472,1500,1500,1193,1449,1500,1500,1500,1500,1500,1472,988,2012,1500,1585,1500,2012,1500,1696,1500,1500,1520,1653,1472,2012,8.4
2026-04-17,20:37:34.080,-46,-37,10,3961,0,26,44,16,16926,27,13,392,0,74,673,1024,203,0,0,-1,-1,-1,0x1002480490140005,1501,1517,1730,988,2012,1500,1537,1500,1500,1500,1193,1449,1500,1500,1500,1500,1500,1500,1372,2012,1500,1585,1500,2012,1500,1547,1517,1500,1520,1653,1500,2012,8.4
2026-04-17,20:37:34.580,-46,-41,10,3947,26590,26,44,16,30242,27,13,393,0,-124,673,1024,203,0,0,-1,-1,-1,0x10024804921C0005,1501,1417,1730,1097,2012,1500,1438,1395,1500,1500,1193,1449,1500,1500,1500,1500,1500,1395,1014,1986,1500,1585,1500,2012,1500,1784,1500,1500,1520,1653,1395,2012,8.4
2026-04-17,20:37:35.080,-44,-37,10,3955,0,26,44,16,11822,27,13,395,1,6,673,1024,203,0,0,-1,-1,-1,0x1002480490140045,1501,1501,1730,988,2012,1500,1503,1500,1500,1500,1193,1449,1500,1500,1500,1500,1500,1500,1372,2012,1500,1585,1500,2012,1500,1504,1501,1500,1520,1653,1500,2012,8.4
2026-04-17,20:37:35.580,-44,-41,10,3961,31310,26,44,16,29028,27,14,396,1,-1,673,1024,202,0,0,-1,-1,-1,0x1002480490140045,1501,1499,1730,988,2012,1500,1500,1499,1500,1500,1193,1449,1500,1500,1500,1500,1500,1499,1117,1883,1500,1585,1500,2012,1500,1823,1500,1500,1520,1653,1499,2012,8.4
2026-04-17,20:37:36.080,-49,-39,10,3955,7600,26,44,16,25832,27,14,398,1,-3,673,1024,203,0,0,-1,-1,-1,0x1002480490140005,1501,1498,1730,990,2012,1500,1499,1498,1500,1500,1193,1449,1500,1500,1500,1500,1500,1498,988,2012,1500,1585,1500,2012,1500,1571,1500,1500,1520,1653,1498,2012,8.4
2026-04-17,20:37:36.580,-49,-39,10,3950,13380,26,44,16,24562,27,14,399,1,-1,673,1024,203,0,0,-1,-1,-1,0x1002480490140045,1501,1499,1730,988,2012,1500,1500,1499,1500,1500,1193,1449,1500,1500,1500,1500,1500,1499,1029,2012,1500,1585,1500,2012,1500,1499,1500,1500,1520,1653,1499,2012,8.4
2026-04-17,20:37:37.080,-49,-39,10,3961,9520,26,44,16,23424,27,14,400,1,113,673,1024,203,0,0,-1,-1,-1,0x1002480490140005,1501,1535,1730,988,2012,1500,1556,1500,1500,1500,1193,1449,1500,1500,1500,1500,1500,1500,1372,1628,1500,1585,1500,2012,1500,1584,1535,1500,1520,1653,1500,2012,8.4
2026-04-17,20:37:37.580,-49,-39,10,3952,6650,26,44,16,23138,27,14,401,0,61,673,1024,203,0,0,-1,-1,-1,0x1002480590140045,1501,1523,1730,988,2012,1500,1530,1500,1500,1500,1193,1449,1500,1500,1500,1500,1500,1500,1372,1628,1500,1585,1500,2012,1500,1548,1523,1500,1520,1653,1500,2012,8.4
2026-04-17,20:37:38.080,-49,-38,10,3964,1430,26,44,16,18682,27,14,401,1,526,673,1024,203,0,0,-1,-1,-1,0x1002480590140405,1501,1676,1730,988,2012,1500,1763,1500,1500,1500,1193,1449,1500,1500,1500,1500,1500,1500,1372,1628,1500,1585,1500,2012,1500,1819,1676,1500,1520,1653,1500,2012,8.4
2026-04-17,20:37:38.580,-49,-38,10,3965,1080,26,44,16,17000,27,14,402,1,801,673,1024,203,0,0,-1,-1,-1,0x1002480590140045,1501,1811,1730,988,2012,1500,1900,1500,1500,1500,1193,1449,1500,1500,1500,1500,1500,1500,1372,1628,1500,1585,1500,2012,1500,1927,1811,1500,1520,1653,1500,2012,8.4
2026-04-17,20:37:39.080,-49,-37,10,3964,10610,26,44,16,21804,27,14,402,1,1024,672,1024,203,0,0,-1,-1,-1,0x1002480590142405,1501,2012,1730,988,2012,1500,2012,1500,1500,1500,1193,1449,1500,1500,1500,1500,1500,1500,1372,1628,1500,1585,1500,2012,1500,2012,2012,1500,1520,1653,1500,2012,8.4
2026-04-17,20:37:39.580,-49,-38,10,3959,4510,26,44,16,20664,27,14,405,0,3,673,1024,203,0,0,-1,-1,-1,0x1002480490140045,1501,1501,1730,988,2012,1500,1501,1500,1500,1500,1193,1449,1500,1500,1500,1500,1500,1500,1264,2012,1500,1585,1500,2012,1500,1502,1501,1500,1520,1653,1500,2012,8.4
2026-04-17,20:37:40.080,-41,-43,10,3960,0,26,44,16,0,27,14,405,1,2,673,1024,203,0,0,-1,-1,-1,0x1002480090140005,1501,1500,1730,988,2012,1500,1501,1500,1500,1500,1193,1449,1500,1500,1500,1500,1500,1500,1372,2012,1500,1585,1500,2012,1500,1501,1500,1500,1520,1653,1500,2012,8.4
2026-04-17,20:37:40.580,-45,-42,10,3959,0,26,44,16,0,27,14,405,1,4,673,1024,203,0,0,-1,-1,-1,0x1002480090140005,1501,1501,1730,988,2012,1500,1502,1500,1500,1500,1193,1449,1500,1500,1500,1500,1500,1500,1385,2012,1500,1585,1500,2012,1500,1503,1501,1500,1520,1653,1500,2012,8.4
2026-04-17,20:37:41.080,-45,-30,10,3959,0,26,44,16,0,28,14,405,-2,43,672,1024,202,0,0,-1,-1,-1,0x1002480290140005,1501,1516,1730,988,2012,1499,1521,1500,1500,1499,1193,1449,1500,1500,1500,1500,1500,1500,1500,2012,1500,1585,1500,2012,1500,1533,1516,1500,1520,1653,1500,2012,8.4
2026-04-17,20:37:41.580,-45,-25,10,3967,10290,26,44,16,5170,28,14,405,1024,67,673,1024,203,0,0,-1,-1,-1,0x1002480594140045,1748,1529,1730,988,2012,2012,1533,1500,1500,2012,1193,1449,1500,1500,1500,1500,1500,1500,1372,1628,1500,1585,1500,2012,1500,1552,1529,1500,1520,1653,1500,2012,8.4
2026-04-17,20:37:42.080,-45,-28,10,3966,0,26,44,16,3268,28,14,406,1024,18,672,1024,203,0,0,-1,-1,-1,0x1002480494100045,1748,1501,1730,988,2012,2012,1509,1500,1500,2012,1193,1449,1500,1500,1500,1500,1500,1500,1336,2012,1500,1585,1500,2012,1500,1502,1501,1500,1520,1653,1500,2012,8.4
2026-04-17,20:37:42.580,-37,-32,10,3967,800,26,44,16,724,28,14,406,1024,226,673,1024,203,0,0,-1,-1,-1,0x1002480594140005,1748,1564,1730,988,2012,2012,1613,1500,1500,2012,1193,1449,1500,1500,1500,1500,1500,1500,1372,1628,1500,1585,1500,2012,1500,1659,1564,1500,1520,1653,1500,2012,8.4
2026-04-17,20:37:43.080,-37,-36,10,3968,3390,26,44,16,2914,27,14,406,167,407,673,1024,203,0,0,-1,-1,-1,0x1002480594140445,1528,1629,1730,988,2012,1583,1703,1500,1500,1583,1193,1449,1500,1500,1500,1500,1500,1500,1372,1628,1500,1585,1500,2012,1500,1762,1629,1500,1520,1653,1500,2012,8.4
2026-04-17,20:37:43.580,-38,-37,10,3956,26230,26,44,16,13676,27,14,409,-642,-305,673,1024,203,0,0,-1,-1,-1,0x10024804961C0005,1376,1324,1730,1221,2012,1179,1348,1277,1500,1180,1193,1449,1500,1500,1500,1500,1500,1277,988,2012,1500,1585,1500,2012,1500,1411,1500,1500,1520,1653,1277,2012,8.4
2026-04-17,20:37:44.080,-48,-56,10,3955,16430,26,44,16,7720,27,14,410,1024,68,673,1024,203,0,0,-1,-1,-1,0x1002480594140445,1748,1525,1730,988,2012,2012,1534,1500,1500,2012,1193,1449,1500,1500,1500,1500,1500,1500,1372,1628,1500,1585,1500,2012,1500,1620,1525,1500,1520,1653,1500,2012,8.4
2026-04-17,20:37:44.580,-61,-48,10,3950,12430,26,44,16,7244,27,14,411,133,304,673,1024,203,0,0,-1,-1,-1,0x1002480594140005,1524,1596,1730,988,2012,1566,1652,1500,1500,1573,1193,1449,1500,1500,1500,1500,1500,1500,1372,1628,1500,1585,1500,2012,1500,1713,1596,1500,1520,1653,1500,2012,8.4
2026-04-17,20:37:45.080,-61,-51,10,3944,7280,26,44,16,6636,27,14,413,10,530,673,1024,203,0,0,-1,-1,-1,0x1002480590140445,1503,1682,1730,988,2012,1505,1765,1500,1500,1506,1193,1449,1500,1500,1500,1500,1500,1500,1372,1628,1500,1585,1500,2012,1500,1827,1682,1500,1520,1653,1500,2012,8.4
2026-04-17,20:37:45.580,-61,-49,10,3935,10580,26,44,16,11224,27,14,414,-139,656,672,1024,203,0,0,-1,-1,-1,0x1002480594140005,1475,1723,1730,988,2012,1431,1828,1500,1500,1419,1193,1449,1500,1500,1500,1500,1500,1500,1372,1628,1500,1585,1500,2012,1500,1871,1723,1500,1520,1653,1500,2012,8.4
2026-04-17,20:37:46.080,-53,-54,10,3915,31810,26,44,16,30454,28,15,419,18,-2,673,1024,203,0,0,-1,-1,-1,0x1002480490140045,1504,1499,1730,989,2012,1509,1499,1499,1500,1509,1193,1449,1500,1500,1500,1500,1500,1498,988,2012,1500,1585,1500,2012,1500,1696,1500,1500,1520,1653,1499,2012,8.4
2026-04-17,20:37:46.580,-63,-64,10,3915,0,26,44,16,10842,28,15,420,1020,4,673,1024,203,0,0,-1,-1,-1,0x1002480494140005,1746,1501,1730,988,2012,2010,1502,1500,1500,2009,1193,1449,1500,1500,1500,1500,1500,1500,1372,2012,1500,1585,1500,2012,1500,1503,1501,1500,1520,1653,1500,2012,8.4
2026-04-17,20:37:47.080,-63,-59,10,3919,5070,26,44,16,5002,28,15,421,1024,106,673,1024,203,0,0,-1,-1,-1,0x1002480594140445,1748,1543,1730,988,2012,2012,1553,1500,1500,2012,1193,1449,1500,1500,1500,1500,1500,1500,1372,1628,1500,1585,1500,2012,1500,1634,1543,1500,1520,1653,1500,2012,8.4
2026-04-17,20:37:47.580,-68,-55,10,3922,7910,26,44,16,4716,28,15,422,1024,387,673,1024,203,0,0,-1,-1,-1,0x1002480594140005,1748,1622,1730,988,2012,2012,1693,1500,1500,2012,1193,1449,1500,1500,1500,1500,1500,1500,1372,1628,1500,1585,1500,2012,1500,1752,1622,1500,1520,1653,1500,2012,8.4
2026-04-17,20:37:48.080,-70,-63,10,3925,16780,26,44,16,8626,28,15,423,1,706,672,1024,203,0,0,-1,-1,-1,0x1002480590140445,1501,1758,1730,988,2012,1500,1853,1500,1500,1500,1193,1449,1500,1500,1500,1500,1500,1500,1372,1628,1500,1585,1500,2012,1500,1892,1758,1500,1520,1653,1500,2012,8.4
2026-04-17,20:37:48.580,-70,-62,10,3931,11800,26,44,16,11320,28,15,426,-451,417,673,1024,203,0,0,-1,-1,-1,0x1002480594140005,1424,1616,1730,988,2012,1275,1708,1500,1500,1282,1193,1449,1500,1500,1500,1500,1500,1500,1372,1628,1500,1585,1500,2012,1500,1749,1616,1500,1520,1653,1500,2012,8.4
2026-04-17,20:37:49.080,-70,-57,10,3911,46130,26,44,16,17664,28,15,428,-741,216,673,1024,203,0,0,-1,-1,-1,0x1002480594140445,1343,1597,1730,988,2012,1130,1608,1500,1500,1123,1193,1449,1500,1500,1500,1500,1500,1500,1372,1628,1500,1585,1500,2012,1500,1883,1597,1500,1520,1653,1500,2012,8.4
2026-04-17,20:37:49.580,-70,-41,10,3900,17720,26,44,16,11644,28,15,431,783,124,673,1024,203,0,0,-1,-1,-1,0x1002480594140405,1644,1525,1725,988,2012,1891,1562,1500,1500,1864,1193,1449,1500,1500,1500,1500,1500,1500,1372,1628,1500,1585,1500,2012,1500,1654,1525,1500,1520,1653,1500,2012,8.4
2026-04-17,20:37:50.080,-70,-39,10,3898,8930,26,44,16,9464,28,15,432,1023,262,673,1024,203,0,0,-1,-1,-1,0x1002480594140045,1747,1591,1730,988,2012,2011,1631,1500,1500,2011,1193,1449,1500,1500,1500,1500,1500,1500,1372,1628,1500,1585,1500,2012,1500,1700,1591,1500,1520,1653,1500,2012,8.4
2026-04-17,20:37:50.580,-34,-44,10,3911,1680,26,44,16,4604,28,15,433,-1024,392,673,1024,203,0,0,-1,-1,-1,0x1002480494100005,1222,1589,1730,988,2012,988,1696,1500,1500,988,1193,1449,1500,1500,1500,1500,1500,1500,1372,1628,1500,1585,1500,2012,1500,1725,1589,1500,1520,1653,1500,2012,8.4
2026-04-17,20:37:51.080,-30,-44,10,3917,15270,26,44,16,7846,29,15,434,-1024,-719,673,1024,203,0,0,-1,-1,-1,0x10024804961C0045,1222,1208,1730,1344,2012,988,1141,1131,1500,988,1193,1449,1500,1500,1500,1500,1500,1131,988,2012,1500,1585,1500,2012,1500,1293,1500,1500,1520,1653,1131,2012,8.4
2026-04-17,20:37:51.580,-35,-29,10,3932,4230,26,44,16,3948,29,15,435,-820,187,673,1024,203,0,0,-1,-1,-1,0x1002480594140405,1300,1571,1730,988,2012,1090,1593,1500,1500,1065,1193,1449,1500,1500,1500,1500,1500,1500,1372,1628,1500,1585,1500,2012,1500,1680,1571,1500,1520,1653,1500,2012,8.4
2026-04-17,20:37:52.080,-35,-24,10,3938,0,26,44,16,2702,29,15,436,-921,2,673,1024,203,0,0,-1,-1,-1,0x1002480494140045,1267,1500,1730,988,2012,1040,1501,1500,1500,1029,1193,1449,1500,1500,1500,1500,1500,1500,1326,2012,1500,1585,1500,2012,1500,1501,1500,1500,1520,1653,1500,2012,8.4
2026-04-17,20:37:52.580,-35,-25,10,3942,0,26,44,16,438,29,15,436,2,3,673,1024,203,0,0,-1,-1,-1,0x1002480090140005,1501,1501,1730,988,2012,1501,1501,1500,1500,1501,1193,1449,1500,1500,1500,1500,1500,1500,1372,2012,1500,1585,1500,2012,1500,1502,1501,1500,1520,1653,1500,2012,8.4
2026-04-17,20:37:53.080,-42,-38,10,3944,0,26,44,16,0,29,15,436,1,2,673,1024,203,0,0,-1,-1,-1,0x1002480090140005,1501,1500,1730,988,2012,1500,1501,1500,1500,1500,1193,1449,1500,1500,1500,1500,1500,1500,1469,2012,1500,1585,1500,2012,1500,1501,1500,1500,1520,1653,1500,2012,8.4
2026-04-17,20:37:53.580,-42,-41,10,3947,0,26,44,16,0,30,15,436,1,2,673,1024,203,0,0,-1,-1,-1,0x1002480290140005,1501,1500,1730,988,2012,1500,1501,1500,1500,1500,1193,1449,1500,1500,1500,1500,1500,1500,1500,2012,1500,1585,1500,2012,1500,1501,1500,1500,1520,1653,1500,2012,8.4
2026-04-17,20:37:54.080,-42,-39,10,3950,0,26,44,16,0,30,15,436,1,2,673,1024,203,0,0,-1,-1,-1,0x1002480A90140005,1501,1500,1730,988,2012,1500,1501,1500,1500,1500,1193,1449,1500,1500,1500,1500,1500,1500,1500,2012,1500,1585,1500,2012,1500,1501,1500,1500,1520,1653,1500,2012,8.4
2026-04-17,20:37:54.580,-41,-42,10,3950,0,26,44,16,0,30,15,436,1,2,673,1024,203,0,0,-1,-1,-1,0x1002480A90140005,1501,1500,1730,988,2012,1500,1501,1500,1500,1500,1193,1449,1500,1500,1500,1500,1500,1500,1500,2012,1500,1585,1500,2012,1500,1501,1500,1500,1520,1653,1500,2012,8.4
2026-04-17,20:37:55.080,-44,-42,10,3950,0,26,44,16,0,29,15,436,1,2,673,1024,203,0,0,-1,-1,-1,0x1002480A90140004,1501,1500,1509,988,2012,1500,1501,1500,1500,1500,1193,1449,1500,1500,1500,1500,1500,1500,1500,2012,1500,1585,1500,2012,1500,1501,1500,1500,1520,1653,1500,2012,8.4
2026-04-17,20:37:55.580,-70,-48,10,3950,0,26,44,16,0,29,15,436,1,2,673,1024,204,0,0,-1,-1,-1,0x1002480A90140004,1501,1500,1500,988,2012,1500,1501,1500,1500,1500,1193,1449,1500,1500,1500,1500,1500,1500,1500,2012,1500,1585,1500,2012,1500,1501,1500,1500,1520,1653,1500,2012,8.4
2026-04-17,20:37:56.080,-70,-46,10,3950,0,26,44,16,0,29,15,436,1,0,673,1024,203,0,0,-1,-1,-1,0x1002480A90140004,1501,1500,1500,988,2012,1500,1500,1500,1500,1500,1193,1449,1500,1500,1500,1500,1500,1500,1500,2012,1500,1585,1500,2012,1500,1500,1500,1500,1520,1653,1500,2012,8.4
2026-04-17,20:37:56.580,-70,-41,10,3952,0,26,44,16,0,29,15,436,1,-1,673,1024,203,0,0,-1,-1,-1,0x1002480A90140004,1501,1499,1500,988,2012,1500,1500,1499,1500,1500,1193,1449,1500,1500,1500,1500,1500,1499,1500,2012,1500,1585,1500,2012,1500,1499,1500,1500,1520,1653,1499,2012,8.4
2026-04-17,20:37:57.080,-52,-44,10,3956,0,26,44,16,0,29,15,436,2,-1,673,1024,203,0,0,-1,-1,-1,0x1002480A90140004,1501,1499,1500,988,2012,1501,1500,1499,1500,1500,1193,1449,1500,1500,1500,1500,1500,1499,1500,2012,1500,1585,1500,2012,1500,1499,1500,1500,1520,1653,1499,2012,8.4
2026-04-17,20:37:57.580,-52,-35,10,3959,0,26,44,16,0,29,15,436,1,-1,673,1024,203,0,0,-1,-1,-1,0x1002480A90140004,1501,1500,1500,988,2012,1500,1500,1500,1500,1500,1193,1449,1500,1500,1500,1500,1500,1500,1500,2012,1500,1585,1500,2012,1500,1500,1500,1500,1520,1653,1500,2012,8.4
2026-04-17,20:37:58.080,-52,-34,10,3962,0,26,44,16,0,29,15,436,1,0,673,1024,203,0,0,-1,-1,-1,0x1002480A90140004,1501,1500,1500,988,2012,1500,1500,1500,1500,1500,1193,1449,1500,1500,1500,1500,1500,1500,1500,2012,1500,1585,1500,2012,1500,1500,1500,1500,1520,1653,1500,2012,8.4
2026-04-17,20:37:58.580,-38,-36,10,3965,0,26,44,16,0,29,15,436,1,0,673,1024,203,0,0,-1,-1,-1,0x1002480A90140004,1501,1500,1500,988,2012,1500,1500,1500,1500,1500,1193,1449,1500,1500,1500,1500,1500,1500,1500,2012,1500,1585,1500,2012,1500,1500,1500,1500,1520,1653,1500,2012,8.4
2026-04-17,20:37:59.080,-38,-36,10,3966,0,26,44,16,44,28,15,436,1,0,673,1024,203,0,0,-1,-1,-1,0x1002480A90140004,1501,1500,1500,988,2012,1500,1500,1500,1500,1500,1193,1449,1500,1500,1500,1500,1500,1500,1500,2012,1500,1585,1500,2012,1500,1500,1500,1500,1520,1653,1500,2012,8.4
2026-04-17,20:37:59.580,-38,-39,10,3966,0,26,44,16,0,28,15,436,1,0,673,1024,204,0,0,-1,-1,-1,0x1002480A90140004,1501,1500,1500,988,2012,1500,1500,1500,1500,1500,1193,1449,1500,1500,1500,1500,1500,1500,1500,2012,1500,1585,1500,2012,1500,1500,1500,1500,1520,1653,1500,2012,8.4
2026-04-17,20:38:00.080,-37,-40,10,3966,0,26,44,16,0,28,15,436,1,1,673,1024,203,0,0,-1,-1,-1,0x1002480A90140004,1501,1500,1500,988,2012,1500,1500,1500,1500,1500,1193,1449,1500,1500,1500,1500,1500,1500,1500,2012,1500,1585,1500,2012,1500,1501,1500,1500,1520,1653,1500,2012,8.4
2026-04-17,20:38:00.580,-41,-40,10,3966,0,26,44,16,0,28,15,436,1,0,673,1024,203,0,0,-1,-1,-1,0x1002480A90140004,1501,1500,1500,988,2012,1500,1500,1500,1500,1500,1193,1449,1500,1500,1500,1500,1500,1500,1500,2012,1500,1585,1500,2012,1500,1500,1500,1500,1520,1653,1500,2012,8.4
2026-04-17,20:38:01.080,-40,-40,10,3966,0,26,44,16,0,28,15,436,1,0,673,1024,204,0,0,-1,-1,-1,0x1002480A90140004,1501,1500,1500,988,2012,1500,1500,1500,1500,1500,1193,1449,1500,1500,1500,1500,1500,1500,1500,2012,1500,1585,1500,2012,1500,1500,1500,1500,1520,1653,1500,2012,8.4
2026-04-17,20:38:01.580,-41,-40,10,3966,0,26,44,16,0,28,15,436,2,0,673,1024,203,0,0,-1,-1,-1,0x1002480A90140004,1501,1500,1500,988,2012,1501,1500,1500,1500,1500,1193,1449,1500,1500,1500,1500,1500,1500,1500,2012,1500,1585,1500,2012,1500,1500,1500,1500,1520,1653,1500,2012,8.4
2026-04-17,20:38:02.080,-49,-48,10,3966,0,26,44,16,0,28,15,436,1,2,673,1024,203,0,0,-1,-1,-1,0x1002480A90140004,1501,1500,1500,988,2012,1500,1501,1500,1500,1500,1193,1449,1500,1500,1500,1500,1500,1500,1500,2012,1500,1585,1500,2012,1500,1501,1500,1500,1520,1653,1500,2012,8.4
2026-04-17,20:38:02.580,-49,-59,10,3966,0,26,44,16,0,28,15,436,1,2,673,1024,203,0,0,-1,-1,-1,0x1002480A90140004,1501,1500,1500,988,2012,1500,1501,1500,1500,1500,1193,1449,1500,1500,1500,1500,1500,1500,1500,2012,1500,1585,1500,2012,1500,1501,1500,1500,1520,1653,1500,2012,8.4
2026-04-17,20:38:03.080,-48,-59,10,3966,0,26,44,16,0,28,15,436,1,1,673,1024,203,0,0,-1,-1,-1,0x1002480A90140004,1501,1500,1500,988,2012,1500,1500,1500,1500,1500,1193,1449,1500,1500,1500,1500,1500,1500,1500,2012,1500,1585,1500,2012,1500,1501,1500,1500,1520,1653,1500,2012,8.4
2026-04-17,20:38:03.580,-47,-59,10,3966,0,26,44,16,0,28,15,436,0,2,673,1024,204,0,0,-1,-1,-1,0x1002480A90140004,1501,1500,1500,988,2012,1500,1501,1500,1500,1500,1193,1449,1500,1500,1500,1500,1500,1500,1500,2012,1500,1585,1500,2012,1500,1501,1500,1500,1520,1653,1500,2012,8.4
2026-04-17,20:38:04.080,-51,-37,10,3966,0,26,44,16,0,28,15,436,0,0,673,1024,204,0,0,-1,-1,-1,0x1002480A90140004,1501,1500,1500,988,2012,1500,1500,1500,1500,1500,1193,1449,1500,1500,1500,1500,1500,1500,1500,2012,1500,1585,1500,2012,1500,1500,1500,1500,1520,1653,1500,2012,8.4
2026-04-17,20:38:04.580,-50,-45,10,3966,0,26,44,16,0,28,15,436,1,-1,673,1024,203,0,0,-1,-1,-1,0x1002480A90140004,1501,1499,1500,988,2012,1500,1500,1499,1500,1500,1193,1449,1500,1500,1500,1500,1500,1499,1500,2012,1500,1585,1500,2012,1500,1499,1500,1500,1520,1653,1499,2012,8.4
2026-04-17,20:38:05.080,-50,-44,10,3966,0,26,44,16,0,28,15,436,1,0,673,1024,204,0,0,-1,-1,-1,0x1002480A90140004,1501,1500,1500,988,2012,1500,1500,1500,1500,1500,1193,1449,1500,1500,1500,1500,1500,1500,1500,2012,1500,1585,1500,2012,1500,1500,1500,1500,1520,1653,1500,2012,8.4
2026-04-17,20:38:05.580,-54,-38,10,3966,0,26,44,16,0,28,15,436,1,0,673,1024,204,0,0,-1,-1,-1,0x1002480A90140004,1501,1500,1500,988,2012,1500,1500,1500,1500,1500,1193,1449,1500,1500,1500,1500,1500,1500,1500,2012,1500,1585,1500,2012,1500,1500,1500,1500,1520,1653,1500,2012,8.4
2026-04-17,20:38:06.080,-47,-38,10,3966,0,26,44,16,0,28,15,436,2,-1,673,1024,203,0,0,-1,-1,-1,0x1002480A90140004,1501,1499,1500,988,2012,1501,1499,1499,1500,1501,1193,1449,1500,1500,1500,1500,1500,1499,1500,2012,1500,1585,1500,2012,1500,1499,1500,1500,1520,1653,1499,2012,8.4
2026-04-17,20:38:06.580,-47,-34,10,3966,0,26,44,16,0,28,15,436,1,1,673,1024,204,0,0,-1,-1,-1,0x1002480A90140004,1501,1500,1500,988,2012,1500,1500,1500,1500,1500,1193,1449,1500,1500,1500,1500,1500,1500,1500,2012,1500,1585,1500,2012,1500,1501,1500,1500,1520,1653,1500,2012,8.4
2026-04-17,20:38:07.080,-29,-37,10,3966,0,26,44,16,0,28,15,436,1,1,673,1024,204,0,0,-1,-1,-1,0x1002480A90140004,1501,1500,1500,988,2012,1500,1501,1500,1500,1500,1193,1449,1500,1500,1500,1500,1500,1500,1500,2012,1500,1585,1500,2012,1500,1501,1500,1500,1520,1653,1500,2012,8.4
2026-04-17,20:38:07.580,-30,-26,10,3966,0,26,44,16,0,28,15,436,2,3,673,1024,203,0,0,-1,-1,-1,0x1002480A90140004,1501,1501,1500,988,2012,1501,1501,1500,1500,1501,1193,1449,1500,1500,1500,1500,1500,1500,1500,2012,1500,1585,1500,2012,1500,1502,1501,1500,1520,1653,1500,2012,8.4
2026-04-17,20:38:08.080,-30,-28,10,3966,0,26,44,16,0,28,15,436,2,4,673,1024,203,0,0,-1,-1,-1,0x1002480A90140004,1501,1501,1500,988,2012,1501,1502,1500,1500,1501,1193,1449,1500,1500,1500,1500,1500,1500,1500,2012,1500,1585,1500,2012,1500,1503,1501,1500,1520,1653,1500,2012,8.4
2026-04-17,20:38:08.580,-30,-25,10,3966,0,26,44,16,0,28,15,436,2,2,673,1024,203,0,0,-1,-1,-1,0x1002480A90140004,1501,1500,1500,988,2012,1501,1501,1500,1500,1501,1193,1449,1500,1500,1500,1500,1500,1500,1500,2012,1500,1585,1500,2012,1500,1501,1500,1500,1520,1653,1500,2012,8.4
2026-04-17,20:38:09.080,-30,-24,10,3966,0,26,44,16,370,28,15,436,1,0,673,1024,203,0,0,-1,-1,-1,0x1002480A90140004,1501,1500,1500,988,2012,1501,1500,1500,1500,1501,1193,1449,1500,1500,1500,1500,1500,1500,1500,2012,1500,1585,1500,2012,1500,1501,1500,1500,1520,1653,1500,2012,8.4
2026-04-17,20:38:09.580,-30,-21,10,3966,0,26,44,16,166,28,15,436,1,-1,673,1024,203,0,0,-1,-1,-1,0x1002480A90140004,1501,1499,1500,988,2012,1500,1500,1499,1500,1501,1193,1449,1500,1500,1500,1500,1500,1499,1500,2012,1500,1585,1500,2012,1500,1499,1500,1500,1520,1653,1499,2012,8.4
2026-04-17,20:38:10.080,-37,-32,10,3966,0,26,44,16,256,28,15,436,2,0,673,1024,203,0,0,-1,-1,-1,0x1002480A90140004,1501,1500,1500,988,2012,1501,1500,1500,1500,1501,1193,1449,1500,1500,1500,1500,1500,1500,1500,2012,1500,1585,1500,2012,1500,1500,1500,1500,1520,1653,1500,2012,8.4
2026-04-17,20:38:10.580,-37,-29,10,3966,0,26,44,16,0,28,15,436,2,0,673,1024,204,0,0,-1,-1,-1,0x1002480A90140004,1501,1500,1500,988,2012,1501,1500,1500,1500,1501,1193,1449,1500,1500,1500,1500,1500,1500,1500,2012,1500,1585,1500,2012,1500,1500,1500,1500,1520,1653,1500,2012,8.4
2026-04-17,20:38:11.080,-37,-28,10,3966,0,26,44,16,0,27,15,436,2,2,673,1024,204,0,0,-1,-1,-1,0x1002480A90140004,1501,1500,1500,988,2012,1501,1501,1500,1500,1501,1193,1449,1500,1500,1500,1500,1500,1500,1500,2012,1500,1585,1500,2012,1500,1501,1500,1500,1520,1653,1500,2012,8.4
2026-04-17,20:38:11.580,-37,-19,10,3966,0,26,44,16,0,27,15,436,2,1,673,1024,203,0,0,-1,-1,-1,0x1002480A90140004,1501,1500,1500,988,2012,1501,1500,1500,1500,1501,1193,1449,1500,1500,1500,1500,1500,1500,1500,2012,1500,1585,1500,2012,1500,1501,1500,1500,1520,1653,1500,2012,8.4
2026-04-17,20:38:12.080,-37,-20,10,3966,0,26,44,16,0,27,15,436,2,4,673,1024,203,0,0,-1,-1,-1,0x1002480A90140004,1501,1501,1500,988,2012,1501,1502,1500,1500,1501,1193,1449,1500,1500,1500,1500,1500,1500,1500,2012,1500,1585,1500,2012,1500,1503,1501,1500,1520,1653,1500,2012,8.4
2026-04-17,20:38:12.580,-37,-21,10,3966,0,26,44,16,0,27,15,436,3,3,673,1024,203,0,0,-1,-1,-1,0x1002480A90140004,1501,1500,1500,988,2012,1501,1501,1500,1500,1501,1193,1449,1500,1500,1500,1500,1500,1500,1500,2012,1500,1585,1500,2012,1500,1501,1500,1500,1520,1653,1500,2012,8.4
2026-04-17,20:38:13.080,-37,-21,10,3966,0,26,44,16,0,27,15,436,2,5,673,1024,203,0,0,-1,-1,-1,0x1002480A90140004,1501,1501,1500,988,2012,1501,1502,1500,1500,1501,1193,1449,1500,1500,1500,1500,1500,1500,1500,2012,1500,1585,1500,2012,1500,1504,1501,1500,1520,1653,1500,2012,8.4
2026-04-17,20:38:13.580,-37,-22,10,3966,0,26,44,16,0,27,15,436,2,5,673,1024,203,0,0,-1,-1,-1,0x1002480A90140004,1501,1501,1500,988,2012,1501,1502,1500,1500,1501,1193,1449,1500,1500,1500,1500,1500,1500,1500,2012,1500,1585,1500,2012,1500,1504,1501,1500,1520,1653,1500,2012,8.4
2026-04-17,20:38:14.080,-37,-21,10,3966,0,26,44,16,0,27,15,436,3,7,673,1024,203,0,0,-1,-1,-1,0x1002480A90140004,1501,1502,1500,988,2012,1501,1503,1500,1500,1501,1193,1449,1500,1500,1500,1500,1500,1500,1500,2012,1500,1585,1500,2012,1500,1505,1502,1500,1520,1653,1500,2012,8.4
2026-04-17,20:38:14.580,-37,-21,10,3966,0,26,44,16,0,27,15,436,2,25,673,1024,203,0,0,-1,-1,-1,0x1002480990140404,1501,1509,1500,988,2012,1501,1512,1500,1500,1501,1193,1449,1500,1500,1500,1500,1500,1500,1500,2012,1500,1585,1500,2012,1500,1520,1509,1500,1520,1653,1500,2012,8.4
2026-04-17,20:38:15.080,-37,-22,10,3966,0,26,44,16,0,27,15,436,2,28,673,1024,203,0,0,-1,-1,-1,0x1002480890140004,1501,1510,1500,988,2012,1501,1514,1500,1500,1501,1193,1449,1500,1500,1500,1500,1500,1500,1500,2012,1500,1585,1500,2012,1500,1522,1510,1500,1520,1653,1500,2012,8.4
2026-04-17,20:38:15.580,-37,-22,10,3966,0,26,44,16,0,27,15,436,2,28,673,1024,203,0,0,-1,-1,-1,0x1002480890140004,1501,1510,1500,988,2012,1501,1514,1500,1500,1501,1193,1449,1500,1500,1500,1500,1500,1500,1500,2012,1500,1585,1500,2012,1500,1522,1510,1500,1520,1653,1500,2012,8.4
2026-04-17,20:38:16.080,-37,-22,10,3966,0,26,44,16,0,27,15,436,2,29,673,1024,203,0,0,-1,-1,-1,0x1002480890140004,1501,1510,1500,988,2012,1501,1514,1500,1500,1501,1193,1449,1500,1500,1500,1500,1500,1500,1500,2012,1500,1585,1500,2012,1500,1523,1510,1500,1520,1653,1500,2012,8.4
2026-04-17,20:38:16.580,-37,-22,10,3966,0,26,44,16,0,27,15,436,2,31,673,1024,203,0,0,-1,-1,-1,0x1002480890140004,1501,1511,1500,988,2012,1501,1515,1500,1500,1501,1193,1449,1500,1500,1500,1500,1500,1500,1500,2012,1500,1585,1500,2012,1500,1524,1511,1500,1520,1653,1500,2012,8.4
2026-04-17,20:38:17.080,-37,-22,10,3966,0,26,44,16,0,27,15,436,2,19,673,1024,203,0,0,-1,-1,-1,0x1002480890140004,1501,1507,1500,988,2012,1501,1509,1500,1500,1501,1193,1449,1500,1500,1500,1500,1500,1500,1500,2012,1500,1585,1500,2012,1500,1515,1507,1500,1520,1653,1500,2012,8.4
2026-04-17,20:38:17.580,-37,-21,10,3966,0,26,44,16,0,27,15,436,2,8,673,1024,203,0,0,-1,-1,-1,0x1002480890140004,1501,1502,1500,988,2012,1501,1504,1500,1500,1501,1193,1449,1500,1500,1500,1500,1500,1500,1500,2012,1500,1585,1500,2012,1500,1505,1502,1500,1520,1653,1500,2012,8.4
2026-04-17,20:38:18.080,-37,-20,10,3966,0,26,44,16,0,27,15,436,1,9,673,1024,203,0,0,-1,-1,-1,0x1002480890140004,1501,1503,1500,988,2012,1500,1504,1500,1500,1500,1193,1449,1500,1500,1500,1500,1500,1500,1500,2012,1500,1585,1500,2012,1500,1507,1503,1500,1520,1653,1500,2012,8.4
2026-04-17,20:38:18.580,-37,-20,10,3966,0,26,44,16,0,27,15,436,2,6,673,1024,203,0,0,-1,-1,-1,0x1002480890140004,1501,1502,1500,988,2012,1501,1503,1500,1500,1501,1193,1449,1500,1500,1500,1500,1500,1500,1500,2012,1500,1585,1500,2012,1500,1504,1502,1500,1520,1653,1500,2012,8.4
2026-04-17,20:38:19.080,-37,-20,10,3966,0,26,44,16,0,27,15,436,2,7,673,1024,203,0,0,-1,-1,-1,0x1002480A90140004,1501,1502,1500,988,2012,1501,1503,1500,1500,1501,1193,1449,1500,1500,1500,1500,1500,1500,1500,2012,1500,1585,1500,2012,1500,1505,1502,1500,1520,1653,1500,2012,8.4
2026-04-17,20:38:19.580,-37,-20,10,3966,0,26,44,16,0,27,15,436,2,15,673,1024,203,0,0,-1,-1,-1,0x1002480A90140004,1501,1505,1500,988,2012,1501,1507,1500,1500,1501,1193,1449,1500,1500,1500,1500,1500,1500,1500,2012,1500,1585,1500,2012,1500,1511,1505,1500,1520,1653,1500,2012,8.4
2026-04-17,20:38:20.080,-37,-21,10,3966,0,26,44,16,0,27,15,436,2,17,673,1024,203,0,0,-1,-1,-1,0x1002480A90140004,1501,1506,1500,988,2012,1501,1508,1500,1500,1501,1193,1449,1500,1500,1500,1500,1500,1500,1500,2012,1500,1585,1500,2012,1500,1513,1506,1500,1520,1653,1500,2012,8.4
2026-04-17,20:38:20.580,-37,-21,10,3966,0,26,44,16,0,27,15,436,2,20,673,1024,203,0,0,-1,-1,-1,0x1002480A90140004,1501,1507,1500,988,2012,1501,1510,1500,1500,1501,1193,1449,1500,1500,1500,1500,1500,1500,1500,2012,1500,1585,1500,2012,1500,1516,1507,1500,1520,1653,1500,2012,8.4
2026-04-17,20:38:21.080,-37,-21,10,3966,0,26,44,16,0,27,15,436,2,16,673,1024,203,0,0,-1,-1,-1,0x1002480A90140004,1501,1505,1500,988,2012,1501,1508,1500,1500,1501,1193,1449,1500,1500,1500,1500,1500,1500,1500,2012,1500,1585,1500,2012,1500,1512,1505,1500,1520,1653,1500,2012,8.4
2026-04-17,20:38:21.580,-37,-21,10,3966,0,26,44,16,0,27,15,436,3,13,673,1024,203,0,0,-1,-1,-1,0x1002480A90140004,1501,1504,1500,988,2012,1501,1506,1500,1500,1501,1193,1449,1500,1500,1500,1500,1500,1500,1500,2012,1500,1585,1500,2012,1500,1510,1504,1500,1520,1653,1500,2012,8.4
2026-04-17,20:38:22.080,-37,-21,10,3966,0,26,44,16,0,27,15,436,2,18,673,1024,202,0,0,-1,-1,-1,0x1002480A90140004,1501,1507,1500,988,2012,1501,1509,1500,1500,1501,1193,1449,1500,1500,1500,1500,1500,1500,1500,2012,1500,1585,1500,2012,1500,1514,1507,1500,1520,1653,1500,2012,8.4
2026-04-17,20:38:22.580,-37,-21,10,3966,0,26,44,16,0,27,15,436,2,28,673,1024,203,0,0,-1,-1,-1,0x1002480A90140004,1501,1510,1500,988,2012,1501,1513,1500,1500,1501,1193,1449,1500,1500,1500,1500,1500,1500,1500,2012,1500,1585,1500,2012,1500,1522,1510,1500,1520,1653,1500,2012,8.4
2026-04-17,20:38:23.080,-37,-21,10,3966,0,26,44,16,0,27,15,436,2,10,673,1024,203,0,0,-1,-1,-1,0x1002480A90140004,1501,1503,1500,988,2012,1501,1505,1500,1500,1501,1193,1449,1500,1500,1500,1500,1500,1500,1500,2012,1500,1585,1500,2012,1500,1508,1503,1500,1520,1653,1500,2012,8.4
2026-04-17,20:38:23.580,-37,-21,10,3966,0,26,44,16,0,27,15,436,3,9,673,1024,203,0,0,-1,-1,-1,0x1002480A90140004,1501,1503,1500,988,2012,1501,1504,1500,1500,1501,1193,1449,1500,1500,1500,1500,1500,1500,1500,2012,1500,1585,1500,2012,1500,1507,1503,1500,1520,1653,1500,2012,8.4
2026-04-17,20:38:24.080,-37,-21,10,3966,0,26,44,16,0,27,15,436,1,4,673,1024,203,0,0,-1,-1,-1,0x1002480A90140004,1501,1501,1500,988,2012,1500,1502,1500,1500,1500,1193,1449,1500,1500,1500,1500,1500,1500,1500,2012,1500,1585,1500,2012,1500,1503,1501,1500,1520,1653,1500,2012,8.4
2026-04-17,20:38:24.580,-37,-20,10,3966,0,26,44,16,0,27,15,436,1,8,673,1024,202,0,0,-1,-1,-1,0x1002480A90140004,1501,1503,1500,988,2012,1500,1504,1500,1500,1500,1193,1449,1500,1500,1500,1500,1500,1500,1500,2012,1500,1585,1500,2012,1500,1506,1503,1500,1520,1653,1500,2012,8.4
2026-04-17,20:38:25.080,-37,-21,10,3966,0,26,44,16,0,27,15,436,2,10,673,1024,203,0,0,-1,-1,-1,0x1002480A90140004,1501,1503,1500,988,2012,1501,1505,1500,1500,1501,1193,1449,1500,1500,1500,1500,1500,1500,1500,2012,1500,1585,1500,2012,1500,1508,1503,1500,1520,1653,1500,2012,8.4
2026-04-17,20:38:25.580,-37,-21,10,3966,0,26,44,16,0,27,15,436,2,16,673,1024,203,0,0,-1,-1,-1,0x1002480A90140004,1501,1505,1500,988,2012,1501,1508,1500,1500,1501,1193,1449,1500,1500,1500,1500,1500,1500,1500,2012,1500,1585,1500,2012,1500,1512,1505,1500,1520,1653,1500,2012,8.4
2026-04-17,20:38:26.080,-37,-21,10,3966,0,26,44,16,0,27,15,436,2,18,673,1024,203,0,0,-1,-1,-1,0x1002480A90140004,1501,1506,1500,988,2012,1501,1509,1500,1500,1501,1193,1449,1500,1500,1500,1500,1500,1500,1500,2012,1500,1585,1500,2012,1500,1514,1506,1500,1520,1653,1500,2012,8.4
2026-04-17,20:38:26.580,-37,-22,10,3966,0,26,44,16,0,27,15,436,2,28,673,1024,203,0,0,-1,-1,-1,0x1002480A90140004,1501,1510,1500,988,2012,1501,1514,1500,1500,1501,1193,1449,1500,1500,1500,1500,1500,1500,1500,2012,1500,1585,1500,2012,1500,1522,1510,1500,1520,1653,1500,2012,8.4
2026-04-17,20:38:27.080,-37,-22,10,3966,0,26,44,16,0,27,15,436,1,39,674,1024,202,0,0,-1,-1,-1,0x1002480A90140004,1501,1514,1500,988,2012,1500,1519,1500,1500,1500,1193,1449,1500,1500,1500,1500,1500,1500,1500,2012,1500,1585,1500,2012,1500,1531,1514,1500,1520,1653,1500,2012,8.4
2026-04-17,20:38:27.580,-37,-22,10,3966,0,26,44,16,0,27,15,436,2,12,673,1024,203,0,0,-1,-1,-1,0x1002480A90140004,1501,1504,1500,988,2012,1501,1506,1500,1500,1501,1193,1449,1500,1500,1500,1500,1500,1500,1500,2012,1500,1585,1500,2012,1500,1509,1504,1500,1520,1653,1500,2012,8.4
2026-04-17,20:38:28.080,-37,-22,10,3966,0,26,44,16,0,27,15,436,3,18,673,1024,203,0,0,-1,-1,-1,0x1002480A90140004,1501,1506,1500,988,2012,1501,1509,1500,1500,1501,1193,1449,1500,1500,1500,1500,1500,1500,1500,2012,1500,1585,1500,2012,1500,1514,1506,1500,1520,1653,1500,2012,8.4
2026-04-17,20:38:28.580,-37,-22,10,3966,0,26,44,16,0,27,15,436,2,25,673,1024,203,0,0,-1,-1,-1,0x1002480A90140004,1501,1509,1500,988,2012,1501,1512,1500,1500,1501,1193,1449,1500,1500,1500,1500,1500,1500,1500,2012,1500,1585,1500,2012,1500,1520,1509,1500,1520,1653,1500,2012,8.4
2026-04-17,20:38:29.080,-37,-22,10,3966,0,26,44,16,0,27,15,436,3,27,673,1024,203,0,0,-1,-1,-1,0x1002480A90140004,1501,1510,1500,988,2012,1501,1513,1500,1500,1501,1193,1449,1500,1500,1500,1500,1500,1500,1500,2012,1500,1585,1500,2012,1500,1521,1510,1500,1520,1653,1500,2012,8.4
2026-04-17,20:38:29.580,-37,-22,10,3966,0,26,44,16,0,27,15,436,2,27,673,1024,203,0,0,-1,-1,-1,0x1002480A90140004,1501,1510,1500,988,2012,1501,1513,1500,1500,1501,1193,1449,1500,1500,1500,1500,1500,1500,1500,2012,1500,1585,1500,2012,1500,1521,1510,1500,1520,1653,1500,2012,8.4
2026-04-17,20:38:30.080,-37,-21,10,3966,0,26,44,16,0,27,15,436,2,6,673,1024,203,0,0,-1,-1,-1,0x1002480A90140004,1501,1502,1500,988,2012,1501,1503,1500,1500,1501,1193,1449,1500,1500,1500,1500,1500,1500,1500,2012,1500,1585,1500,2012,1500,1505,1502,1500,1520,1653,1500,2012,8.4
2026-04-17,20:38:30.580,-37,-19,10,3966,0,26,44,16,0,27,15,436,1,2,673,1024,203,0,0,-1,-1,-1,0x1002480A90140004,1501,1501,1500,988,2012,1500,1501,1500,1500,1500,1193,1449,1500,1500,1500,1500,1500,1500,1500,2012,1500,1585,1500,2012,1500,1501,1501,1500,1520,1653,1500,2012,8.4
2026-04-17,20:38:31.080,-37,-18,10,3966,0,26,44,16,0,27,15,436,588,4,673,1024,203,0,0,-1,-1,-1,0x1002480A94140004,1603,1501,1500,988,2012,1794,1502,1500,1500,1781,1193,1449,1500,1500,1500,1500,1500,1500,1500,2012,1500,1585,1500,2012,1500,1503,1501,1500,1520,1653,1500,2012,8.4
2026-04-17,20:38:31.580,-37,-18,10,3966,0,26,44,16,0,27,15,436,-1024,4,673,1024,203,0,0,-1,-1,-1,0x1002480A94140004,1222,1501,1500,988,2012,988,1502,1500,1500,988,1193,1449,1500,1500,1500,1500,1500,1500,1500,2012,1500,1585,1500,2012,1500,1503,1501,1500,1520,1653,1500,2012,8.4
2026-04-17,20:38:32.080,-37,-20,10,3966,0,26,44,16,0,27,15,436,-1024,5,673,1024,203,0,0,-1,-1,-1,0x1002480A94140004,1222,1501,1500,988,2012,988,1502,1500,1500,988,1193,1449,1500,1500,1500,1500,1500,1500,1500,2012,1500,1585,1500,2012,1500,1504,1501,1500,1520,1653,1500,2012,8.4
2026-04-17,20:38:32.580,-37,-20,10,3966,0,26,44,16,0,27,15,436,-1024,4,673,1024,203,0,0,-1,-1,-1,0x1002480A94140004,1222,1501,1500,988,2012,988,1502,1500,1500,988,1193,1449,1500,1500,1500,1500,1500,1500,1500,2012,1500,1585,1500,2012,1500,1503,1501,1500,1520,1653,1500,2012,8.4
2026-04-17,20:38:33.080,-37,-21,10,3966,0,26,44,16,0,27,15,436,-1024,5,673,1024,203,0,0,-1,-1,-1,0x1002480A94140004,1222,1501,1500,988,2012,988,1502,1500,1500,988,1193,1449,1500,1500,1500,1500,1500,1500,1500,2012,1500,1585,1500,2012,1500,1504,1501,1500,1520,1653,1500,2012,8.4
2026-04-17,20:38:33.580,-34,-24,10,3966,0,26,44,16,0,27,15,436,7,30,673,1024,203,0,0,-1,-1,-1,0x1002480A90140004,1502,1510,1500,988,2012,1503,1515,1500,1500,1503,1193,1449,1500,1500,1500,1500,1500,1500,1500,2012,1500,1585,1500,2012,1500,1523,1510,1500,1520,1653,1500,2012,8.4
2026-04-17,20:38:34.080,-34,-24,10,3966,0,26,44,16,0,27,15,436,1024,30,673,1024,203,0,0,-1,-1,-1,0x1002480A94140004,1748,1511,1500,988,2012,2012,1515,1500,1500,2012,1193,1449,1500,1500,1500,1500,1500,1500,1500,2012,1500,1585,1500,2012,1500,1524,1511,1500,1520,1653,1500,2012,8.4
2026-04-17,20:38:34.580,-34,-23,10,3966,0,26,44,16,0,27,15,436,1024,12,673,1024,203,0,0,-1,-1,-1,0x1002480A94140004,1748,1504,1500,988,2012,2012,1506,1500,1500,2012,1193,1449,1500,1500,1500,1500,1500,1500,1500,2012,1500,1585,1500,2012,1500,1509,1504,1500,1520,1653,1500,2012,8.4
2026-04-17,20:38:35.080,-34,-23,10,3966,0,26,44,16,0,27,15,436,1024,11,673,1024,203,0,0,-1,-1,-1,0x1002480A94140004,1748,1504,1500,988,2012,2012,1505,1500,1500,2012,1193,1449,1500,1500,1500,1500,1500,1500,1500,2012,1500,1585,1500,2012,1500,1509,1504,1500,1520,1653,1500,2012,8.4
2026-04-17,20:38:35.580,-34,-23,10,3966,0,26,44,16,0,27,15,436,0,5,673,1024,203,0,0,-1,-1,-1,0x1002480A90140004,1501,1501,1500,988,2012,1500,1502,1500,1500,1500,1193,1449,1500,1500,1500,1500,1500,1500,1500,2012,1500,1585,1500,2012,1500,1504,1501,1500,1520,1653,1500,2012,8.4
2026-04-17,20:38:36.080,-34,-23,10,3966,0,26,44,16,0,27,15,436,1023,9,673,1024,203,0,0,-1,-1,-1,0x1002480A94140004,1747,1502,1500,988,2012,2011,1504,1500,1500,2011,1193,1449,1500,1500,1500,1500,1500,1500,1500,2012,1500,1585,1500,2012,1500,1506,1502,1500,1520,1653,1500,2012,8.4
2026-04-17,20:38:36.580,-34,-23,10,3966,0,26,44,16,0,27,15,436,1024,7,673,1024,203,0,0,-1,-1,-1,0x1002480A94140004,1748,1502,1500,988,2012,2012,1503,1500,1500,2012,1193,1449,1500,1500,1500,1500,1500,1500,1500,2012,1500,1585,1500,2012,1500,1505,1502,1500,1520,1653,1500,2012,8.4
2026-04-17,20:38:37.080,-34,-21,10,3966,0,26,44,16,0,27,15,436,-436,5,673,1024,203,0,0,-1,-1,-1,0x1002480A94140004,1436,1501,1500,988,2012,1282,1502,1500,1500,1313,1193,1449,1500,1500,1500,1500,1500,1500,1500,2012,1500,1585,1500,2012,1500,1504,1501,1500,1520,1653,1500,2012,8.4
2026-04-17,20:38:37.580,-34,-20,10,3966,0,26,44,16,0,27,15,436,566,4,673,1024,203,0,0,-1,-1,-1,0x1002480A94140004,1596,1501,1500,988,2012,1783,1502,1500,1500,1766,1193,1449,1500,1500,1500,1500,1500,1500,1500,2012,1500,1585,1500,2012,1500,1503,1501,1500,1520,1653,1500,2012,8.4
2026-04-17,20:38:38.080,-34,-20,10,3966,0,26,44,16,0,27,15,436,2,4,673,1024,203,0,0,-1,-1,-1,0x1002480A90140004,1501,1501,1500,988,2012,1501,1502,1500,1500,1501,1193,1449,1500,1500,1500,1500,1500,1500,1500,2012,1500,1585,1500,2012,1500,1502,1501,1500,1520,1653,1500,2012,8.4
2026-04-17,20:38:38.580,-34,-22,10,3966,0,26,44,16,0,27,15,436,1,29,673,1024,203,0,0,-1,-1,-1,0x1002480A90140004,1501,1510,1500,988,2012,1500,1514,1500,1500,1500,1193,1449,1500,1500,1500,1500,1500,1500,1500,2012,1500,1585,1500,2012,1500,1522,1510,1500,1520,1653,1500,2012,8.4
2026-04-17,20:38:39.080,-34,-23,10,3967,520,26,44,16,224,27,15,436,1,5,673,1024,203,0,0,-1,-1,-1,0x1002480A90140005,1501,1501,1688,988,2012,1500,1502,1500,1500,1500,1193,1449,1500,1500,1500,1500,1500,1500,988,2012,1500,1585,1500,2012,1500,1504,1501,1500,1520,1653,1500,2012,8.4
2026-04-17,20:38:39.580,-34,-21,10,3969,0,26,44,16,0,27,15,436,1,4,673,1024,203,0,0,-1,-1,-1,0x1002480A90140005,1501,1501,1730,988,2012,1500,1502,1500,1500,1500,1193,1449,1500,1500,1500,1500,1500,1500,1372,2012,1500,1585,1500,2012,1500,1503,1501,1500,1520,1653,1500,2012,8.4
2026-04-17,20:38:40.080,-34,-20,10,3969,0,26,44,16,0,27,15,436,1,5,673,1024,203,0,0,-1,-1,-1,0x1002480A90140005,1501,1501,1730,988,2012,1500,1502,1500,1500,1500,1193,1449,1500,1500,1500,1500,1500,1500,1372,2012,1500,1585,1500,2012,1500,1504,1501,1500,1520,1653,1500,2012,8.4
2026-04-17,20:38:40.580,-34,-22,10,3969,0,26,44,16,0,27,15,436,1,7,673,1024,203,0,0,-1,-1,-1,0x1002480A90140005,1501,1502,1730,988,2012,1500,1503,1500,1500,1500,1193,1449,1500,1500,1500,1500,1500,1500,1500,2012,1500,1585,1500,2012,1500,1505,1502,1500,1520,1653,1500,2012,8.4
2026-04-17,20:38:41.080,-34,-21,10,3969,0,26,44,16,0,27,15,436,1,6,673,1024,203,0,0,-1,-1,-1,0x1002480A90140005,1501,1502,1730,988,2012,1500,1503,1500,1500,1500,1193,1449,1500,1500,1500,1500,1500,1500,1500,2012,1500,1585,1500,2012,1500,1505,1502,1500,1520,1653,1500,2012,8.4
2026-04-17,20:38:41.580,-34,-21,10,3966,0,26,44,16,0,27,15,436,1,11,673,1024,203,0,0,-1,-1,-1,0x1002480A90140005,1501,1504,1730,988,2012,1500,1505,1500,1500,1500,1193,1449,1500,1500,1500,1500,1500,1500,1500,2012,1500,1585,1500,2012,1500,1509,1504,1500,1520,1653,1500,2012,8.4
2026-04-17,20:38:42.080,-34,-20,10,3966,0,26,44,16,0,27,15,436,1,14,673,1024,203,0,0,-1,-1,-1,0x1002480A90140005,1501,1504,1661,988,2012,1500,1507,1500,1500,1500,1193,1449,1500,1500,1500,1500,1500,1500,1500,2012,1500,1585,1500,2012,1500,1510,1504,1500,1520,1653,1500,2012,8.4
2026-04-17,20:38:42.580,-34,-20,10,3966,0,26,44,16,0,27,15,436,1,15,673,1024,203,0,0,-1,-1,-1,0x1002480A90140004,1501,1505,1500,988,2012,1500,1507,1500,1500,1500,1193,1449,1500,1500,1500,1500,1500,1500,1500,2012,1500,1585,1500,2012,1500,1512,1505,1500,1520,1653,1500,2012,8.4
2026-04-17,20:38:43.080,-34,-20,10,3966,0,26,44,16,0,27,15,436,1,16,673,1024,203,0,0,-1,-1,-1,0x1002480A90140004,1501,1505,1500,988,2012,1500,1508,1500,1500,1501,1193,1449,1500,1500,1500,1500,1500,1500,1500,2012,1500,1585,1500,2012,1500,1512,1505,1500,1520,1653,1500,2012,8.4
2026-04-17,20:38:43.580,-34,-20,10,3966,0,26,44,16,0,27,15,436,1,17,673,1024,203,0,0,-1,-1,-1,0x1002480A90140004,1501,1506,1500,988,2012,1500,1508,1500,1500,1500,1193,1449,1500,1500,1500,1500,1500,1500,1500,2012,1500,1585,1500,2012,1500,1513,1506,1500,1520,1653,1500,2012,8.4
2026-04-17,20:38:44.080,-34,-20,10,3966,0,26,44,16,0,27,15,436,1,20,673,1024,203,0,0,-1,-1,-1,0x1002480A90140004,1501,1507,1500,988,2012,1500,1510,1500,1500,1500,1193,1449,1500,1500,1500,1500,1500,1500,1500,2012,1500,1585,1500,2012,1500,1516,1507,1500,1520,1653,1500,2012,8.4
2026-04-17,20:38:44.580,-34,-23,10,3966,0,26,44,16,0,27,15,436,1,19,673,1024,202,0,0,-1,-1,-1,0x1002480A90140004,1501,1507,1500,988,2012,1500,1509,1500,1500,1501,1193,1449,1500,1500,1500,1500,1500,1500,1500,2012,1500,1585,1500,2012,1500,1515,1507,1500,1520,1653,1500,2012,8.4
2026-04-17,20:38:45.080,-34,-23,10,3966,0,26,44,16,0,27,15,436,0,18,673,1024,203,0,0,-1,-1,-1,0x1002480A90140004,1501,1507,1500,988,2012,1500,1509,1500,1500,1500,1193,1449,1500,1500,1500,1500,1500,1500,1500,2012,1500,1585,1500,2012,1500,1515,1507,1500,1520,1653,1500,2012,8.4
2026-04-17,20:38:45.580,-34,-23,10,3966,0,26,44,16,0,27,15,436,1,18,673,1024,203,0,0,-1,-1,-1,0x1002480A90140004,1501,1506,1500,988,2012,1500,1509,1500,1500,1500,1193,1449,1500,1500,1500,1500,1500,1500,1500,2012,1500,1585,1500,2012,1500,1514,1506,1500,1520,1653,1500,2012,8.4
2026-04-17,20:38:46.080,-34,-23,10,3966,0,26,44,16,0,27,15,436,0,20,673,1024,203,0,0,-1,-1,-1,0x1002480A90140004,1501,1507,1500,988,2012,1500,1510,1500,1500,1500,1193,1449,1500,1500,1500,1500,1500,1500,1500,2012,1500,1585,1500,2012,1500,1516,1507,1500,1520,1653,1500,2012,8.4
2026-04-17,20:38:46.580,-34,-24,10,3966,0,26,44,16,0,27,15,436,1,24,673,1024,203,0,0,-1,-1,-1,0x1002480A90140004,1501,1508,1500,988,2012,1500,1512,1500,1500,1500,1193,1449,1500,1500,1500,1500,1500,1500,1500,2012,1500,1585,1500,2012,1500,1518,1508,1500,1520,1653,1500,2012,8.4
2026-04-17,20:38:47.080,-34,-23,10,3966,0,26,44,16,0,27,15,436,0,24,673,1024,203,0,0,-1,-1,-1,0x1002480A90140004,1501,1508,1500,988,2012,1500,1512,1500,1500,1500,1193,1449,1500,1500,1500,1500,1500,1500,1500,2012,1500,1585,1500,2012,1500,1519,1508,1500,1520,1653,1500,2012,8.4
2026-04-17,20:38:47.580,-34,-23,10,3966,0,26,44,16,0,27,15,436,1,21,673,1024,203,0,0,-1,-1,-1,0x1002480A90140004,1501,1508,1500,988,2012,1500,1510,1500,1500,1500,1193,1449,1500,1500,1500,1500,1500,1500,1500,2012,1500,1585,1500,2012,1500,1516,1508,1500,1520,1653,1500,2012,8.4
2026-04-17,20:38:48.080,-34,-22,10,3966,0,26,44,16,0,27,15,436,1,-1,673,1024,203,0,0,-1,-1,-1,0x1002480A90140004,1501,1499,1500,988,2012,1500,1500,1499,1500,1500,1193,1449,1500,1500,1500,1500,1500,1499,1500,2012,1500,1585,1500,2012,1500,1500,1500,1500,1520,1653,1499,2012,8.4
2026-04-17,20:38:48.580,-42,-28,10,3966,0,26,44,16,0,27,15,436,1,1,673,1024,203,0,0,-1,-1,-1,0x1002480A90140004,1501,1500,1500,988,2012,1500,1500,1500,1500,1500,1193,1449,1500,1500,1500,1500,1500,1500,1500,2012,1500,1585,1500,2012,1500,1500,1500,1500,1520,1653,1500,2012,8.4
2026-04-17,20:38:49.080,-42,-27,10,3966,0,26,44,16,0,27,15,436,1,1,673,1024,203,0,0,-1,-1,-1,0x1002480A90140004,1501,1500,1500,988,2012,1500,1500,1500,1500,1500,1193,1449,1500,1500,1500,1500,1500,1500,1500,2012,1500,1585,1500,2012,1500,1501,1500,1500,1520,1653,1500,2012,8.4
2026-04-17,20:38:49.580,-42,-28,10,3966,0,26,44,16,0,27,15,436,0,1,673,1024,203,0,0,-1,-1,-1,0x1002480A90140004,1501,1500,1500,988,2012,1500,1500,1500,1500,1500,1193,1449,1500,1500,1500,1500,1500,1500,1500,2012,1500,1585,1500,2012,1500,1501,1500,1500,1520,1653,1500,2012,8.4
2026-04-17,20:38:50.080,-50,-46,10,3966,0,26,44,16,0,27,15,436,0,1,673,1024,202,0,0,-1,-1,-1,0x1002480A90140004,1501,1500,1500,988,2012,1500,1500,1500,1500,1500,1193,1449,1500,1500,1500,1500,1500,1500,1500,2012,1500,1585,1500,2012,1500,1501,1500,1500,1520,1653,1500,2012,8.4
2026-04-17,20:38:50.580,-50,-37,10,3966,0,26,44,16,0,27,15,436,1,1,673,1024,203,0,0,-1,-1,-1,0x1002480A90140004,1501,1500,1500,988,2012,1500,1500,1500,1500,1500,1193,1449,1500,1500,1500,1500,1500,1500,1500,2012,1500,1585,1500,2012,1500,1501,1500,1500,1520,1653,1500,2012,8.4
2026-04-17,20:38:51.080,-50,-25,10,3966,0,26,44,16,0,27,15,436,0,1,673,1024,203,0,0,-1,-1,-1,0x1002480A90140004,1501,1500,1500,988,2012,1500,1500,1500,1500,1500,1193,1449,1500,1500,1500,1500,1500,1500,1500,2012,1500,1585,1500,2012,1500,1501,1500,1500,1520,1653,1500,2012,8.4
2026-04-17,20:38:51.580,-36,-44,10,3966,0,26,44,16,0,27,15,436,1,1,673,1024,203,0,0,-1,-1,-1,0x1002480A90140004,1501,1500,1500,988,2012,1500,1500,1500,1500,1500,1193,1449,1500,1500,1500,1500,1500,1500,1500,2012,1500,1585,1500,2012,1500,1501,1500,1500,1520,1653,1500,2012,8.4
2026-04-17,20:38:52.080,-28,-44,10,3966,0,26,44,16,184,27,15,436,0,1,673,1024,203,0,0,-1,-1,-1,0x1002480A90140004,1501,1500,1500,988,2012,1500,1500,1500,1500,1500,1193,1449,1500,1500,1500,1500,1500,1500,1500,2012,1500,1585,1500,2012,1500,1501,1500,1500,1520,1653,1500,2012,8.4
2026-04-17,20:38:52.580,-33,-32,10,3966,0,26,44,16,404,27,15,436,0,1,673,1024,203,0,0,-1,-1,-1,0x1002480A90140004,1501,1500,1500,988,2012,1500,1500,1500,1500,1500,1193,1449,1500,1500,1500,1500,1500,1500,1500,2012,1500,1585,1500,2012,1500,1501,1500,1500,1520,1653,1500,2012,8.4
2026-04-17,20:38:53.080,-33,-32,10,3966,0,26,44,16,442,27,15,436,1,1,673,1024,203,0,0,-1,-1,-1,0x1002480A90140004,1501,1500,1500,988,2012,1500,1500,1500,1500,1500,1193,1449,1500,1500,1500,1500,1500,1500,1500,2012,1500,1585,1500,2012,1500,1501,1500,1500,1520,1653,1500,2012,8.4
2026-04-17,20:38:53.580,-35,-35,10,3966,0,26,44,16,0,27,15,436,1,1,673,1024,203,0,0,-1,-1,-1,0x1002480A90140004,1501,1500,1500,988,2012,1500,1500,1500,1500,1500,1193,1449,1500,1500,1500,1500,1500,1500,1500,2012,1500,1585,1500,2012,1500,1501,1500,1500,1520,1653,1500,2012,8.4
2026-04-17,20:38:54.080,-32,-35,10,3966,0,26,44,16,0,27,15,436,0,1,673,1024,203,0,0,-1,-1,-1,0x1002480A90140004,1501,1500,1500,988,2012,1500,1500,1500,1500,1500,1193,1449,1500,1500,1500,1500,1500,1500,1500,2012,1500,1585,1500,2012,1500,1501,1500,1500,1520,1653,1500,2012,8.4
2026-04-17,20:38:54.580,-30,-35,10,3966,0,26,44,16,42,27,15,436,0,1,673,1024,203,0,0,-1,-1,-1,0x1002480A90140004,1501,1500,1500,988,2012,1500,1500,1500,1500,1500,1193,1449,1500,1500,1500,1500,1500,1500,1500,2012,1500,1585,1500,2012,1500,1501,1500,1500,1520,1653,1500,2012,8.4
2026-04-17,20:38:55.080,-31,-35,10,3966,0,26,44,16,126,27,15,436,1,1,673,1024,203,0,0,-1,-1,-1,0x1002480A90140004,1501,1500,1500,988,2012,1500,1500,1500,1500,1500,1193,1449,1500,1500,1500,1500,1500,1500,1500,2012,1500,1585,1500,2012,1500,1501,1500,1500,1520,1653,1500,2012,8.4
2026-04-17,20:38:55.580,-31,-35,10,3966,0,26,44,16,246,27,15,436,1,1,673,1024,202,0,0,-1,-1,-1,0x1002480A90140004,1501,1500,1500,988,2012,1500,1500,1500,1500,1500,1193,1449,1500,1500,1500,1500,1500,1500,1500,2012,1500,1585,1500,2012,1500,1501,1500,1500,1520,1653,1500,2012,8.4
2026-04-17,20:38:56.080,-30,-35,10,3966,0,26,44,16,0,27,15,436,0,1,673,1024,203,0,0,-1,-1,-1,0x1002480A90140004,1501,1500,1500,988,2012,1500,1500,1500,1500,1500,1193,1449,1500,1500,1500,1500,1500,1500,1500,2012,1500,1585,1500,2012,1500,1501,1500,1500,1520,1653,1500,2012,8.4
2026-04-17,20:38:56.580,-35,-32,10,3966,0,26,44,16,0,27,15,436,0,1,673,1024,203,0,0,-1,-1,-1,0x1002480A90140004,1501,1500,1500,988,2012,1500,1500,1500,1500,1500,1193,1449,1500,1500,1500,1500,1500,1500,1500,2012,1500,1585,1500,2012,1500,1501,1500,1500,1520,1653,1500,2012,8.4
2026-04-17,20:38:57.080,-35,-33,10,3966,0,26,44,16,0,27,15,436,1,1,673,1024,203,0,0,-1,-1,-1,0x1002480A90140004,1501,1500,1500,988,2012,1500,1500,1500,1500,1500,1193,1449,1500,1500,1500,1500,1500,1500,1500,2012,1500,1585,1500,2012,1500,1501,1500,1500,1520,1653,1500,2012,8.4
2026-04-17,20:38:57.580,-34,-32,10,3966,0,26,44,16,0,27,15,436,1,1,673,1024,203,0,0,-1,-1,-1,0x1002480A90140004,1501,1500,1500,988,2012,1500,1500,1500,1500,1500,1193,1449,1500,1500,1500,1500,1500,1500,1500,2012,1500,1585,1500,2012,1500,1501,1500,1500,1520,1653,1500,2012,8.4
2026-04-17,20:38:58.080,-31,-37,10,3966,0,26,44,16,0,27,15,436,1,1,673,1024,203,0,0,-1,-1,-1,0x1002480A90140004,1501,1500,1500,988,2012,1500,1500,1500,1500,1500,1193,1449,1500,1500,1500,1500,1500,1500,1500,2012,1500,1585,1500,2012,1500,1501,1500,1500,1520,1653,1500,2012,8.4
2026-04-17,20:38:58.580,-36,-30,10,3966,0,26,44,16,0,27,15,436,1,1,673,1024,203,0,0,-1,-1,-1,0x1002480A90140004,1501,1500,1500,988,2012,1500,1500,1500,1500,1500,1193,1449,1500,1500,1500,1500,1500,1500,1500,2012,1500,1585,1500,2012,1500,1501,1500,1500,1520,1653,1500,2012,8.4
2026-04-17,20:38:59.080,-33,-35,10,3966,0,26,44,16,0,27,15,436,1,1,673,1024,203,0,0,-1,-1,-1,0x1002480A90140004,1501,1500,1500,988,2012,1500,1500,1500,1500,1500,1193,1449,1500,1500,1500,1500,1500,1500,1500,2012,1500,1585,1500,2012,1500,1501,1500,1500,1520,1653,1500,2012,8.4
2026-04-17,20:38:59.580,-31,-35,10,3966,0,26,44,16,88,27,15,436,1,1,673,1024,203,0,0,-1,-1,-1,0x1002480A90140004,1501,1500,1500,988,2012,1500,1500,1500,1500,1500,1193,1449,1500,1500,1500,1500,1500,1500,1500,2012,1500,1585,1500,2012,1500,1501,1500,1500,1520,1653,1500,2012,8.4
2026-04-17,20:39:00.080,-30,-35,10,3966,0,26,44,16,0,27,15,436,1,1,673,1024,203,0,0,-1,-1,-1,0x1002480A90140004,1501,1500,1500,988,2012,1500,1500,1500,1500,1500,1193,1449,1500,1500,1500,1500,1500,1500,1500,2012,1500,1585,1500,2012,1500,1501,1500,1500,1520,1653,1500,2012,8.4
2026-04-17,20:39:00.580,-29,-35,10,3966,0,26,44,16,0,27,15,436,1,1,673,1024,203,0,0,-1,-1,-1,0x1002480A90140004,1501,1500,1500,988,2012,1500,1500,1500,1500,1500,1193,1449,1500,1500,1500,1500,1500,1500,1500,2012,1500,1585,1500,2012,1500,1501,1500,1500,1520,1653,1500,2012,8.4
2026-04-17,20:39:01.080,-29,-35,10,3966,0,26,44,16,0,27,15,436,1,1,673,1024,203,0,0,-1,-1,-1,0x1002480A90140004,1501,1500,1500,988,2012,1500,1500,1500,1500,1500,1193,1449,1500,1500,1500,1500,1500,1500,1500,2012,1500,1585,1500,2012,1500,1501,1500,1500,1520,1653,1500,2012,8.4
2026-04-17,20:39:01.580,-29,-35,10,3966,0,26,44,16,0,27,15,436,1,1,673,1024,203,0,0,-1,-1,-1,0x1002480A90140004,1501,1500,1500,988,2012,1500,1500,1500,1500,1500,1193,1449,1500,1500,1500,1500,1500,1500,1500,2012,1500,1585,1500,2012,1500,1501,1500,1500,1520,1653,1500,2012,8.4
2026-04-17,20:39:02.080,-30,-35,10,3966,0,26,44,16,0,27,15,436,2,1,673,1024,203,0,0,-1,-1,-1,0x1002480A90140004,1501,1500,1500,988,2012,1501,1500,1500,1500,1501,1193,1449,1500,1500,1500,1500,1500,1500,1500,2012,1500,1585,1500,2012,1500,1501,1500,1500,1520,1653,1500,2012,8.4
2026-04-17,20:39:02.580,-31,-35,10,3966,0,26,44,16,0,27,15,436,1,1,673,1024,203,0,0,-1,-1,-1,0x1002480A90140004,1501,1500,1500,988,2012,1500,1500,1500,1500,1500,1193,1449,1500,1500,1500,1500,1500,1500,1500,2012,1500,1585,1500,2012,1500,1501,1500,1500,1520,1653,1500,2012,8.4
2026-04-17,20:39:03.080,-31,-35,10,3966,0,26,44,16,0,27,15,436,2,1,673,1024,203,0,0,-1,-1,-1,0x1002480A90140004,1501,1500,1500,988,2012,1501,1500,1500,1500,1501,1193,1449,1500,1500,1500,1500,1500,1500,1500,2012,1500,1585,1500,2012,1500,1501,1500,1500,1520,1653,1500,2012,8.4
2026-04-17,20:39:03.580,-29,-35,10,3966,0,26,44,16,0,27,15,436,1,1,673,1024,203,0,0,-1,-1,-1,0x1002480A90140004,1501,1500,1500,988,2012,1500,1500,1500,1500,1500,1193,1449,1500,1500,1500,1500,1500,1500,1500,2012,1500,1585,1500,2012,1500,1501,1500,1500,1520,1653,1500,2012,8.4
2026-04-17,20:39:04.080,-30,-35,10,3966,0,26,44,16,0,27,15,436,2,1,673,1024,203,0,0,-1,-1,-1,0x1002480A90140004,1501,1500,1500,988,2012,1501,1500,1500,1500,1500,1193,1449,1500,1500,1500,1500,1500,1500,1500,2012,1500,1585,1500,2012,1500,1501,1500,1500,1520,1653,1500,2012,8.4
2026-04-17,20:39:04.580,-29,-35,10,3966,0,26,44,16,0,27,15,436,1,1,673,1024,203,0,0,-1,-1,-1,0x1002480A90140004,1501,1500,1500,988,2012,1500,1500,1500,1500,1500,1193,1449,1500,1500,1500,1500,1500,1500,1500,2012,1500,1585,1500,2012,1500,1501,1500,1500,1520,1653,1500,2012,8.4
2026-04-17,20:39:05.080,-29,-35,10,3967,0,26,44,16,0,27,15,436,0,1,673,1024,203,0,0,-1,-1,-1,0x1002480A90140004,1501,1500,1500,988,2012,1500,1500,1500,1500,1500,1193,1449,1500,1500,1500,1500,1500,1500,1500,2012,1500,1585,1500,2012,1500,1501,1500,1500,1520,1653,1500,2012,8.4
2026-04-17,20:39:05.580,-29,-35,10,3967,0,26,44,16,0,27,15,436,1,1,673,1024,203,0,0,-1,-1,-1,0x1002480A90140004,1501,1500,1500,988,2012,1500,1500,1500,1500,1500,1193,1449,1500,1500,1500,1500,1500,1500,1500,2012,1500,1585,1500,2012,1500,1501,1500,1500,1520,1653,1500,2012,8.4
2026-04-17,20:39:06.080,-30,-35,10,3968,0,26,44,16,0,27,15,436,1,1,673,1024,203,0,0,-1,-1,-1,0x1002480A90140004,1501,1500,1500,988,2012,1500,1500,1500,1500,1500,1193,1449,1500,1500,1500,1500,1500,1500,1500,2012,1500,1585,1500,2012,1500,1501,1500,1500,1520,1653,1500,2012,8.4
2026-04-17,20:39:06.580,-31,-35,10,3968,0,26,44,16,0,27,15,436,1,1,673,1024,202,0,0,-1,-1,-1,0x1002480A90140004,1501,1500,1500,988,2012,1500,1500,1500,1500,1500,1193,1449,1500,1500,1500,1500,1500,1500,1500,2012,1500,1585,1500,2012,1500,1501,1500,1500,1520,1653,1500,2012,8.4
2026-04-17,20:39:07.080,-31,-35,10,3968,0,26,44,16,0,27,15,436,0,1,673,1024,203,0,0,-1,-1,-1,0x1002480A90140004,1501,1500,1500,988,2012,1500,1500,1500,1500,1500,1193,1449,1500,1500,1500,1500,1500,1500,1500,2012,1500,1585,1500,2012,1500,1501,1500,1500,1520,1653,1500,2012,8.4
2026-04-17,20:39:07.580,-32,-35,10,3968,0,26,44,16,0,27,15,436,1,1,673,1024,203,0,0,-1,-1,-1,0x1002480A90140004,1501,1500,1500,988,2012,1500,1500,1500,1500,1500,1193,1449,1500,1500,1500,1500,1500,1500,1500,2012,1500,1585,1500,2012,1500,1501,1500,1500,1520,1653,1500,2012,8.4
2026-04-17,20:39:08.080,-32,-35,10,3967,0,26,44,16,0,27,15,436,1,1,673,1024,203,0,0,-1,-1,-1,0x1002480A90140004,1501,1500,1500,988,2012,1500,1500,1500,1500,1500,1193,1449,1500,1500,1500,1500,1500,1500,1500,2012,1500,1585,1500,2012,1500,1501,1500,1500,1520,1653,1500,2012,8.4
2026-04-17,20:39:08.580,-32,-35,10,3967,0,26,44,16,0,27,15,436,1,1,673,1024,203,0,0,-1,-1,-1,0x1002480A90140004,1501,1500,1500,988,2012,1500,1500,1500,1500,1500,1193,1449,1500,1500,1500,1500,1500,1500,1500,2012,1500,1585,1500,2012,1500,1501,1500,1500,1520,1653,1500,2012,8.4
2026-04-17,20:39:09.080,-33,-35,10,3967,0,26,44,16,0,27,15,436,1,1,673,1024,203,0,0,-1,-1,-1,0x1002480A90140004,1501,1500,1500,988,2012,1500,1500,1500,1500,1500,1193,1449,1500,1500,1500,1500,1500,1500,1500,2012,1500,1585,1500,2012,1500,1501,1500,1500,1520,1653,1500,2012,8.4
2026-04-17,20:39:09.580,-31,-35,10,3967,0,26,44,16,0,27,15,436,1,1,673,1024,203,0,0,-1,-1,-1,0x1002480A90140004,1501,1500,1500,988,2012,1500,1500,1500,1500,1500,1193,1449,1500,1500,1500,1500,1500,1500,1500,2012,1500,1585,1500,2012,1500,1501,1500,1500,1520,1653,1500,2012,8.4
2026-04-17,20:39:10.080,-31,-35,10,3966,0,26,44,16,0,27,15,436,1,1,673,1024,203,0,0,-1,-1,-1,0x1002480A90140004,1501,1500,1500,988,2012,1500,1500,1500,1500,1500,1193,1449,1500,1500,1500,1500,1500,1500,1500,2012,1500,1585,1500,2012,1500,1501,1500,1500,1520,1653,1500,2012,8.4
2026-04-17,20:39:10.580,-33,-35,10,3966,0,26,44,16,0,27,15,436,1,1,673,1024,203,0,0,-1,-1,-1,0x1002480A90140004,1501,1500,1500,988,2012,1500,1500,1500,1500,1500,1193,1449,1500,1500,1500,1500,1500,1500,1500,2012,1500,1585,1500,2012,1500,1501,1500,1500,1520,1653,1500,2012,8.4
2026-04-17,20:39:11.080,-34,-33,10,3966,0,26,44,16,0,27,15,436,1,1,673,1024,203,0,0,-1,-1,-1,0x1002480A90140004,1501,1500,1500,988,2012,1500,1500,1500,1500,1500,1193,1449,1500,1500,1500,1500,1500,1500,1500,2012,1500,1585,1500,2012,1500,1501,1500,1500,1520,1653,1500,2012,8.4
2026-04-17,20:39:11.580,-34,-34,10,3966,0,26,44,16,0,27,15,436,1,1,673,1024,203,0,0,-1,-1,-1,0x1002480A90140004,1501,1500,1500,988,2012,1500,1500,1500,1500,1500,1193,1449,1500,1500,1500,1500,1500,1500,1500,2012,1500,1585,1500,2012,1500,1501,1500,1500,1520,1653,1500,2012,8.4
2026-04-17,20:39:12.080,-34,-35,10,3966,0,26,44,16,0,27,15,436,1,1,673,1024,202,0,0,-1,-1,-1,0x1002480A90140004,1501,1500,1500,988,2012,1500,1500,1500,1500,1500,1193,1449,1500,1500,1500,1500,1500,1500,1500,2012,1500,1585,1500,2012,1500,1501,1500,1500,1520,1653,1500,2012,8.4
2026-04-17,20:39:12.580,-34,-35,10,3967,0,26,44,16,0,27,15,436,1,1,673,1024,204,0,0,-1,-1,-1,0x1002480A90140004,1501,1500,1500,988,2012,1500,1500,1500,1500,1500,1193,1449,1500,1500,1500,1500,1500,1500,1500,2012,1500,1585,1500,2012,1500,1501,1500,1500,1520,1653,1500,2012,8.4
2026-04-17,20:39:13.080,-34,-35,10,3967,0,26,44,16,0,27,15,436,1,1,673,1024,203,0,0,-1,-1,-1,0x1002480A90140004,1501,1500,1500,988,2012,1500,1500,1500,1500,1500,1193,1449,1500,1500,1500,1500,1500,1500,1500,2012,1500,1585,1500,2012,1500,1501,1500,1500,1520,1653,1500,2012,8.4
2026-04-17,20:39:13.580,-34,-34,10,3967,0,26,44,16,0,27,15,436,1,1,673,1024,203,0,0,-1,-1,-1,0x1002480A90140004,1501,1500,1500,988,2012,1500,1500,1500,1500,1500,1193,1449,1500,1500,1500,1500,1500,1500,1500,2012,1500,1585,1500,2012,1500,1501,1500,1500,1520,1653,1500,2012,8.4
2026-04-17,20:39:14.080,-34,-33,10,3967,0,26,44,16,0,27,15,436,1,1,673,1024,204,0,0,-1,-1,-1,0x1002480A90140004,1501,1500,1500,988,2012,1500,1500,1500,1500,1500,1193,1449,1500,1500,1500,1500,1500,1500,1500,2012,1500,1585,1500,2012,1500,1501,1500,1500,1520,1653,1500,2012,8.4
2026-04-17,20:39:14.580,-34,-36,10,3966,0,26,44,16,0,27,15,436,1,1,673,1024,204,0,0,-1,-1,-1,0x1002480A90140004,1501,1500,1500,988,2012,1500,1500,1500,1500,1500,1193,1449,1500,1500,1500,1500,1500,1500,1500,2012,1500,1585,1500,2012,1500,1501,1500,1500,1520,1653,1500,2012,8.4
2026-04-17,20:39:15.080,-34,-36,10,3966,0,26,44,16,0,27,15,436,1,1,673,1024,203,0,0,-1,-1,-1,0x1002480A90140004,1501,1500,1500,988,2012,1500,1500,1500,1500,1500,1193,1449,1500,1500,1500,1500,1500,1500,1500,2012,1500,1585,1500,2012,1500,1501,1500,1500,1520,1653,1500,2012,8.4
2026-04-17,20:39:15.580,-34,-35,10,3966,0,26,44,16,0,27,15,436,1,1,673,1024,204,0,0,-1,-1,-1,0x1002480A90140004,1501,1500,1500,988,2012,1500,1500,1500,1500,1500,1193,1449,1500,1500,1500,1500,1500,1500,1500,2012,1500,1585,1500,2012,1500,1501,1500,1500,1520,1653,1500,2012,8.4
2026-04-17,20:39:16.080,-30,-38,10,3967,0,26,44,16,52,27,15,436,1,1,673,1024,203,0,0,-1,-1,-1,0x1002480A90140004,1501,1500,1500,988,2012,1500,1500,1500,1500,1500,1193,1449,1500,1500,1500,1500,1500,1500,1500,2012,1500,1585,1500,2012,1500,1501,1500,1500,1520,1653,1500,2012,8.4
2026-04-17,20:39:16.580,-28,-38,10,3967,0,26,44,16,0,27,15,436,1,1,673,1024,204,0,0,-1,-1,-1,0x1002480A90140004,1501,1500,1500,988,2012,1500,1500,1500,1500,1500,1193,1449,1500,1500,1500,1500,1500,1500,1500,2012,1500,1585,1500,2012,1500,1501,1500,1500,1520,1653,1500,2012,8.4
2026-04-17,20:39:17.080,-34,-37,10,3967,0,26,44,16,0,27,15,436,1,1,673,1024,203,0,0,-1,-1,-1,0x1002480A90140004,1501,1500,1500,988,2012,1500,1500,1500,1500,1500,1193,1449,1500,1500,1500,1500,1500,1500,1500,2012,1500,1585,1500,2012,1500,1501,1500,1500,1520,1653,1500,2012,8.4
2026-04-17,20:39:17.580,-36,-37,10,3967,0,26,44,16,0,27,15,436,1,1,673,1024,203,0,0,-1,-1,-1,0x1002480A90140004,1501,1500,1500,988,2012,1500,1500,1500,1500,1500,1193,1449,1500,1500,1500,1500,1500,1500,1500,2012,1500,1585,1500,2012,1500,1501,1500,1500,1520,1653,1500,2012,8.4
2026-04-17,20:39:18.080,-34,-37,10,3967,0,26,44,16,0,27,15,436,1,1,673,1024,204,0,0,-1,-1,-1,0x1002480A90140004,1501,1500,1500,988,2012,1500,1500,1500,1500,1500,1193,1449,1500,1500,1500,1500,1500,1500,1500,2012,1500,1585,1500,2012,1500,1501,1500,1500,1520,1653,1500,2012,8.4
2026-04-17,20:39:18.580,-32,-37,10,3967,0,26,44,16,0,27,15,436,1,1,673,1024,203,0,0,-1,-1,-1,0x1002480A90140004,1501,1500,1500,988,2012,1500,1500,1500,1500,1500,1193,1449,1500,1500,1500,1500,1500,1500,1500,2012,1500,1585,1500,2012,1500,1501,1500,1500,1520,1653,1500,2012,8.4
2026-04-17,20:39:19.080,-28,-37,10,3968,0,26,44,16,0,27,15,436,1,1,672,1024,204,0,0,-1,-1,-1,0x1002480A90140004,1501,1500,1500,988,2012,1500,1500,1500,1500,1500,1193,1449,1500,1500,1500,1500,1500,1500,1500,2012,1500,1585,1500,2012,1500,1501,1500,1500,1520,1653,1500,2012,8.4
2026-04-17,20:39:19.580,-29,-37,10,3968,0,26,44,16,0,27,15,436,1,1,672,1024,203,0,0,-1,-1,-1,0x1002480A90140004,1501,1500,1500,988,2012,1500,1500,1500,1500,1500,1193,1449,1500,1500,1500,1500,1500,1500,1500,2012,1500,1585,1500,2012,1500,1501,1500,1500,1520,1653,1500,2012,8.4
2026-04-17,20:39:20.080,-28,-37,10,3969,0,26,44,16,0,27,15,436,1,1,673,1024,203,0,0,-1,-1,-1,0x1002480A90140004,1501,1500,1500,988,2012,1500,1500,1500,1500,1500,1193,1449,1500,1500,1500,1500,1500,1500,1500,2012,1500,1585,1500,2012,1500,1501,1500,1500,1520,1653,1500,2012,8.4
2026-04-17,20:39:20.580,-29,-37,10,3969,0,26,44,16,0,27,15,436,1,1,673,1024,203,0,0,-1,-1,-1,0x1002480A90140004,1501,1500,1500,988,2012,1500,1500,1500,1500,1500,1193,1449,1500,1500,1500,1500,1500,1500,1500,2012,1500,1585,1500,2012,1500,1501,1500,1500,1520,1653,1500,2012,8.4
2026-04-17,20:39:21.080,-29,-37,10,3968,0,26,44,16,0,27,15,436,1,1,673,1024,204,0,0,-1,-1,-1,0x1002480A90140004,1501,1500,1500,988,2012,1500,1500,1500,1500,1500,1193,1449,1500,1500,1500,1500,1500,1500,1500,2012,1500,1585,1500,2012,1500,1501,1500,1500,1520,1653,1500,2012,8.4
2026-04-17,20:39:21.580,-29,-37,10,3967,0,26,44,16,0,27,15,436,0,1,673,1024,203,0,0,-1,-1,-1,0x1002480A90140004,1501,1500,1500,988,2012,1500,1500,1500,1500,1500,1193,1449,1500,1500,1500,1500,1500,1500,1500,2012,1500,1585,1500,2012,1500,1501,1500,1500,1520,1653,1500,2012,8.4
2026-04-17,20:39:22.080,-29,-37,10,3967,0,26,44,16,0,27,15,436,1,1,673,1024,203,0,0,-1,-1,-1,0x1002480A90140004,1501,1500,1500,988,2012,1500,1500,1500,1500,1500,1193,1449,1500,1500,1500,1500,1500,1500,1500,2012,1500,1585,1500,2012,1500,1501,1500,1500,1520,1653,1500,2012,8.4
2026-04-17,20:39:22.580,-29,-37,10,3966,0,26,44,16,0,27,15,436,1,1,673,1024,203,0,0,-1,-1,-1,0x1002480A90140004,1501,1500,1500,988,2012,1500,1500,1500,1500,1500,1193,1449,1500,1500,1500,1500,1500,1500,1500,2012,1500,1585,1500,2012,1500,1501,1500,1500,1520,1653,1500,2012,8.4
2026-04-17,20:39:23.080,-29,-37,10,3966,0,26,44,16,0,27,15,436,2,2,673,1024,203,0,0,-1,-1,-1,0x1002480A90140004,1501,1500,1500,988,2012,1501,1501,1500,1500,1500,1193,1449,1500,1500,1500,1500,1500,1500,1500,2012,1500,1585,1500,2012,1500,1501,1500,1500,1520,1653,1500,2012,8.4
2026-04-17,20:39:23.580,-29,-37,10,3967,0,26,44,16,0,27,15,436,1,1,673,1024,203,0,0,-1,-1,-1,0x1002480A90140004,1501,1500,1500,988,2012,1500,1500,1500,1500,1500,1193,1449,1500,1500,1500,1500,1500,1500,1500,2012,1500,1585,1500,2012,1500,1501,1500,1500,1520,1653,1500,2012,8.4
2026-04-17,20:39:24.080,-29,-37,10,3967,0,26,44,16,0,27,15,436,1,1,673,1024,203,0,0,-1,-1,-1,0x1002480A90140004,1501,1500,1500,988,2012,1500,1500,1500,1500,1500,1193,1449,1500,1500,1500,1500,1500,1500,1500,2012,1500,1585,1500,2012,1500,1501,1500,1500,1520,1653,1500,2012,8.4
2026-04-17,20:39:24.580,-29,-37,10,3967,0,26,44,16,0,27,15,436,1,1,673,1024,203,0,0,-1,-1,-1,0x1002480A90140004,1501,1500,1500,988,2012,1500,1500,1500,1500,1500,1193,1449,1500,1500,1500,1500,1500,1500,1500,2012,1500,1585,1500,2012,1500,1501,1500,1500,1520,1653,1500,2012,8.4
2026-04-17,20:39:25.080,-36,-42,10,3967,0,26,44,16,0,27,15,436,1,1,673,1024,203,0,0,-1,-1,-1,0x1002480A90140004,1501,1500,1500,988,2012,1500,1500,1500,1500,1500,1193,1449,1500,1500,1500,1500,1500,1500,1500,2012,1500,1585,1500,2012,1500,1501,1500,1500,1520,1653,1500,2012,8.4
2026-04-17,20:39:25.580,-31,-42,10,3966,0,26,44,16,0,27,15,436,1,1,673,1024,203,0,0,-1,-1,-1,0x1002480A90140004,1501,1500,1500,988,2012,1500,1500,1500,1500,1500,1193,1449,1500,1500,1500,1500,1500,1500,1500,2012,1500,1585,1500,2012,1500,1501,1500,1500,1520,1653,1500,2012,8.4
2026-04-17,20:39:26.080,-35,-42,10,3966,0,26,44,16,0,27,15,436,1,1,673,1024,203,0,0,-1,-1,-1,0x1002480A90140004,1501,1500,1500,988,2012,1500,1500,1500,1500,1500,1193,1449,1500,1500,1500,1500,1500,1500,1500,2012,1500,1585,1500,2012,1500,1501,1500,1500,1520,1653,1500,2012,8.4
2026-04-17,20:39:26.580,-36,-42,10,3966,0,26,44,16,0,27,15,436,1,1,673,1024,204,0,0,-1,-1,-1,0x1002480A90140004,1501,1500,1500,988,2012,1500,1500,1500,1500,1500,1193,1449,1500,1500,1500,1500,1500,1500,1500,2012,1500,1585,1500,2012,1500,1501,1500,1500,1520,1653,1500,2012,8.4
2026-04-17,20:39:27.080,-33,-42,10,3966,0,26,44,16,0,27,15,436,1,1,673,1024,203,0,0,-1,-1,-1,0x1002480A90140004,1501,1500,1500,988,2012,1500,1500,1500,1500,1500,1193,1449,1500,1500,1500,1500,1500,1500,1500,2012,1500,1585,1500,2012,1500,1501,1500,1500,1520,1653,1500,2012,8.4
2026-04-17,20:39:27.580,-31,-42,10,3966,0,26,44,16,0,27,15,436,1,1,673,1024,203,0,0,-1,-1,-1,0x1002480A90140004,1501,1500,1500,988,2012,1500,1500,1500,1500,1500,1193,1449,1500,1500,1500,1500,1500,1500,1500,2012,1500,1585,1500,2012,1500,1501,1500,1500,1520,1653,1500,2012,8.4
2026-04-17,20:39:28.080,-36,-36,10,3966,0,26,44,16,0,27,15,436,0,1,673,1024,203,0,0,-1,-1,-1,0x1002480A90140004,1501,1500,1500,988,2012,1500,1500,1500,1500,1500,1193,1449,1500,1500,1500,1500,1500,1500,1500,2012,1500,1585,1500,2012,1500,1501,1500,1500,1520,1653,1500,2012,8.4
2026-04-17,20:39:28.580,-36,-41,10,3967,0,26,44,16,0,27,15,436,1,1,673,1024,203,0,0,-1,-1,-1,0x1002480A90140004,1501,1500,1500,988,2012,1500,1500,1500,1500,1500,1193,1449,1500,1500,1500,1500,1500,1500,1500,2012,1500,1585,1500,2012,1500,1501,1500,1500,1520,1653,1500,2012,8.4
2026-04-17,20:39:29.080,-33,-42,10,3967,0,26,44,16,0,27,15,436,1,1,673,1024,203,0,0,-1,-1,-1,0x1002480A90140004,1501,1500,1500,988,2012,1500,1500,1500,1500,1500,1193,1449,1500,1500,1500,1500,1500,1500,1500,2012,1500,1585,1500,2012,1500,1501,1500,1500,1520,1653,1500,2012,8.4
2026-04-17,20:39:29.580,-34,-42,10,3967,0,26,44,16,0,27,15,436,1,1,673,1024,204,0,0,-1,-1,-1,0x1002480A90140004,1501,1500,1500,988,2012,1500,1500,1500,1500,1500,1193,1449,1500,1500,1500,1500,1500,1500,1500,2012,1500,1585,1500,2012,1500,1501,1500,1500,1520,1653,1500,2012,8.4
2026-04-17,20:39:30.080,-34,-42,10,3967,0,26,44,16,0,27,15,436,1,1,673,1024,203,0,0,-1,-1,-1,0x1002480A90140004,1501,1500,1500,988,2012,1500,1500,1500,1500,1500,1193,1449,1500,1500,1500,1500,1500,1500,1500,2012,1500,1585,1500,2012,1500,1501,1500,1500,1520,1653,1500,2012,8.4
2026-04-17,20:39:30.580,-37,-33,10,3966,0,26,44,16,0,27,15,436,1,1,673,1024,203,0,0,-1,-1,-1,0x1002480A90140004,1501,1500,1500,988,2012,1500,1500,1500,1500,1500,1193,1449,1500,1500,1500,1500,1500,1500,1500,2012,1500,1585,1500,2012,1500,1501,1500,1500,1520,1653,1500,2012,8.4
2026-04-17,20:39:31.080,-37,-32,10,3966,0,26,44,16,0,27,15,436,2,1,673,1024,204,0,0,-1,-1,-1,0x1002480A90140004,1501,1500,1500,988,2012,1501,1500,1500,1500,1501,1193,1449,1500,1500,1500,1500,1500,1500,1500,2012,1500,1585,1500,2012,1500,1501,1500,1500,1520,1653,1500,2012,8.4
2026-04-17,20:39:31.580,-37,-32,10,3967,0,26,44,16,0,27,15,436,1,1,673,1024,203,0,0,-1,-1,-1,0x1002480A90140004,1501,1500,1500,988,2012,1500,1500,1500,1500,1500,1193,1449,1500,1500,1500,1500,1500,1500,1500,2012,1500,1585,1500,2012,1500,1501,1500,1500,1520,1653,1500,2012,8.4
2026-04-17,20:39:32.080,-37,-31,10,3967,0,26,44,16,0,27,15,436,1,1,673,1024,204,0,0,-1,-1,-1,0x1002480A90140004,1501,1500,1500,988,2012,1500,1500,1500,1500,1500,1193,1449,1500,1500,1500,1500,1500,1500,1500,2012,1500,1585,1500,2012,1500,1501,1500,1500,1520,1653,1500,2012,8.4
2026-04-17,20:39:32.580,-37,-32,10,3967,0,26,44,16,0,27,15,436,1,1,673,1024,203,0,0,-1,-1,-1,0x1002480A90140004,1501,1500,1500,988,2012,1500,1500,1500,1500,1500,1193,1449,1500,1500,1500,1500,1500,1500,1500,2012,1500,1585,1500,2012,1500,1501,1500,1500,1520,1653,1500,2012,8.4
2026-04-17,20:39:33.080,-33,-36,10,3968,0,26,44,16,0,27,15,436,1,2,673,1024,204,0,0,-1,-1,-1,0x1002480A90140004,1501,1500,1500,988,2012,1500,1501,1500,1500,1500,1193,1449,1500,1500,1500,1500,1500,1500,1500,2012,1500,1585,1500,2012,1500,1501,1500,1500,1520,1653,1500,2012,8.4
2026-04-17,20:39:33.580,-32,-36,10,3968,0,26,44,16,0,27,15,436,2,1,673,1024,203,0,0,-1,-1,-1,0x1002480A90140004,1501,1500,1500,988,2012,1501,1500,1500,1500,1501,1193,1449,1500,1500,1500,1500,1500,1500,1500,2012,1500,1585,1500,2012,1500,1501,1500,1500,1520,1653,1500,2012,8.4
2026-04-17,20:39:34.080,-34,-36,10,3968,0,26,44,16,0,27,15,436,1,1,673,1024,204,0,0,-1,-1,-1,0x1002480A90140004,1501,1500,1500,988,2012,1500,1500,1500,1500,1500,1193,1449,1500,1500,1500,1500,1500,1500,1500,2012,1500,1585,1500,2012,1500,1501,1500,1500,1520,1653,1500,2012,8.4
2026-04-17,20:39:34.580,-36,-36,10,3968,0,26,44,16,0,27,15,436,2,1,673,1024,204,0,0,-1,-1,-1,0x1002480A90140004,1501,1500,1500,988,2012,1501,1500,1500,1500,1501,1193,1449,1500,1500,1500,1500,1500,1500,1500,2012,1500,1585,1500,2012,1500,1501,1500,1500,1520,1653,1500,2012,8.4
2026-04-17,20:39:35.080,-35,-36,10,3968,0,26,44,16,0,27,15,436,1,1,673,1024,203,0,0,-1,-1,-1,0x1002480A90140004,1501,1500,1500,988,2012,1500,1500,1500,1500,1500,1193,1449,1500,1500,1500,1500,1500,1500,1500,2012,1500,1585,1500,2012,1500,1501,1500,1500,1520,1653,1500,2012,8.4
2026-04-17,20:39:35.580,-34,-36,10,3966,0,26,44,16,0,27,15,436,1,1,673,1024,203,0,0,-1,-1,-1,0x1002480A90140004,1501,1500,1500,988,2012,1500,1500,1500,1500,1500,1193,1449,1500,1500,1500,1500,1500,1500,1500,2012,1500,1585,1500,2012,1500,1501,1500,1500,1520,1653,1500,2012,8.4
2026-04-17,20:39:36.080,-36,-36,10,3966,0,26,44,16,0,27,15,436,1,1,673,1024,203,0,0,-1,-1,-1,0x1002480A90140004,1501,1500,1500,988,2012,1500,1500,1500,1500,1500,1193,1449,1500,1500,1500,1500,1500,1500,1500,2012,1500,1585,1500,2012,1500,1501,1500,1500,1520,1653,1500,2012,8.4
2026-04-17,20:39:36.580,-35,-36,10,3966,0,26,44,16,0,27,15,436,1,1,673,1024,203,0,0,-1,-1,-1,0x1002480A90140004,1501,1500,1500,988,2012,1500,1500,1500,1500,1500,1193,1449,1500,1500,1500,1500,1500,1500,1500,2012,1500,1585,1500,2012,1500,1501,1500,1500,1520,1653,1500,2012,8.4
2026-04-17,20:39:37.080,-39,-47,10,3966,0,26,44,16,0,27,15,436,1,1,673,1024,203,0,0,-1,-1,-1,0x1002480A90140004,1501,1500,1500,988,2012,1500,1500,1500,1500,1500,1193,1449,1500,1500,1500,1500,1500,1500,1500,2012,1500,1585,1500,2012,1500,1501,1500,1500,1520,1653,1500,2012,8.4
2026-04-17,20:39:37.580,-37,-47,10,3966,0,26,44,16,0,27,15,436,1,1,673,1024,203,0,0,-1,-1,-1,0x1002480A90140004,1501,1500,1500,988,2012,1500,1500,1500,1500,1500,1193,1449,1500,1500,1500,1500,1500,1500,1500,2012,1500,1585,1500,2012,1500,1501,1500,1500,1520,1653,1500,2012,8.4
2026-04-17,20:39:38.080,-29,-47,10,3966,0,26,44,16,114,27,15,436,1,1,673,1024,203,0,0,-1,-1,-1,0x1002480A90140004,1501,1500,1500,988,2012,1501,1500,1500,1500,1500,1193,1449,1500,1500,1500,1500,1500,1500,1500,2012,1500,1585,1500,2012,1500,1501,1500,1500,1520,1653,1500,2012,8.4
2026-04-17,20:39:38.580,-29,-47,10,3966,0,26,44,16,0,27,15,436,1,1,673,1024,203,0,0,-1,-1,-1,0x1002480A90140004,1501,1500,1500,988,2012,1500,1500,1500,1500,1500,1193,1449,1500,1500,1500,1500,1500,1500,1500,2012,1500,1585,1500,2012,1500,1501,1500,1500,1520,1653,1500,2012,8.4
2026-04-17,20:39:39.080,-29,-47,10,3966,0,26,44,16,0,27,15,436,1,1,673,1024,203,0,0,-1,-1,-1,0x1002480A90140004,1501,1500,1500,988,2012,1500,1500,1500,1500,1500,1193,1449,1500,1500,1500,1500,1500,1500,1500,2012,1500,1585,1500,2012,1500,1501,1500,1500,1520,1653,1500,2012,8.4
2026-04-17,20:39:39.580,-40,-42,10,3966,0,26,44,16,128,27,15,436,1,1,673,1024,203,0,0,-1,-1,-1,0x1002480A90140004,1501,1500,1500,988,2012,1500,1500,1500,1500,1500,1193,1449,1500,1500,1500,1500,1500,1500,1500,2012,1500,1585,1500,2012,1500,1501,1500,1500,1520,1653,1500,2012,8.4
2026-04-17,20:39:40.080,-27,-42,10,3966,0,26,44,16,0,27,15,436,1,1,673,1024,203,0,0,-1,-1,-1,0x1002480A90140004,1501,1500,1500,988,2012,1500,1500,1500,1500,1500,1193,1449,1500,1500,1500,1500,1500,1500,1500,2012,1500,1585,1500,2012,1500,1501,1500,1500,1520,1653,1500,2012,8.4
2026-04-17,20:39:40.580,-33,-29,10,3966,0,26,44,16,0,27,15,436,1,1,673,1024,203,0,0,-1,-1,-1,0x1002480A90140004,1501,1500,1500,988,2012,1500,1500,1500,1500,1500,1193,1449,1500,1500,1500,1500,1500,1500,1500,2012,1500,1585,1500,2012,1500,1501,1500,1500,1520,1653,1500,2012,8.4
2026-04-17,20:39:41.080,-33,-31,10,3967,0,26,44,16,0,27,15,436,1,1,673,1024,203,0,0,-1,-1,-1,0x1002480A90140004,1501,1500,1500,988,2012,1500,1500,1500,1500,1500,1193,1449,1500,1500,1500,1500,1500,1500,1500,2012,1500,1585,1500,2012,1500,1501,1500,1500,1520,1653,1500,2012,8.4
2026-04-17,20:39:41.580,-33,-30,10,3967,0,26,44,16,0,27,15,436,1,1,673,1024,203,0,0,-1,-1,-1,0x1002480A90140004,1501,1500,1500,988,2012,1500,1500,1500,1500,1500,1193,1449,1500,1500,1500,1500,1500,1500,1500,2012,1500,1585,1500,2012,1500,1501,1500,1500,1520,1653,1500,2012,8.4
2026-04-17,20:39:42.080,-33,-31,10,3967,0,26,44,16,0,27,15,436,1,1,673,1024,203,0,0,-1,-1,-1,0x1002480A90140004,1501,1500,1500,988,2012,1500,1500,1500,1500,1500,1193,1449,1500,1500,1500,1500,1500,1500,1500,2012,1500,1585,1500,2012,1500,1501,1500,1500,1520,1653,1500,2012,8.4
2026-04-17,20:39:42.580,-33,-30,10,3967,0,26,44,16,0,27,15,436,1,1,673,1024,203,0,0,-1,-1,-1,0x1002480A90140004,1501,1500,1500,988,2012,1500,1500,1500,1500,1500,1193,1449,1500,1500,1500,1500,1500,1500,1500,2012,1500,1585,1500,2012,1500,1501,1500,1500,1520,1653,1500,2012,8.4
2026-04-17,20:39:43.080,-33,-30,10,3966,0,26,44,16,0,27,15,436,1,1,673,1024,203,0,0,-1,-1,-1,0x1002480A90140004,1501,1500,1500,988,2012,1500,1500,1500,1500,1500,1193,1449,1500,1500,1500,1500,1500,1500,1500,2012,1500,1585,1500,2012,1500,1501,1500,1500,1520,1653,1500,2012,8.4
2026-04-17,20:39:43.580,-33,-29,10,3966,0,26,44,16,0,27,15,436,1,1,673,1024,203,0,0,-1,-1,-1,0x1002480A90140004,1501,1500,1500,988,2012,1500,1500,1500,1500,1500,1193,1449,1500,1500,1500,1500,1500,1500,1500,2012,1500,1585,1500,2012,1500,1501,1500,1500,1520,1653,1500,2012,8.4
2026-04-17,20:39:44.080,-33,-29,10,3966,0,26,44,16,0,27,15,436,1,1,673,1024,203,0,0,-1,-1,-1,0x1002480A90140004,1501,1500,1500,988,2012,1500,1500,1500,1500,1500,1193,1449,1500,1500,1500,1500,1500,1500,1500,2012,1500,1585,1500,2012,1500,1501,1500,1500,1520,1653,1500,2012,8.4
2026-04-17,20:39:44.580,-33,-31,10,3966,0,26,44,16,0,27,15,436,1,1,673,1024,203,0,0,-1,-1,-1,0x1002480A90140004,1501,1500,1500,988,2012,1500,1500,1500,1500,1500,1193,1449,1500,1500,1500,1500,1500,1500,1500,2012,1500,1585,1500,2012,1500,1501,1500,1500,1520,1653,1500,2012,8.4
2026-04-17,20:39:45.080,-37,-32,10,3966,0,26,44,16,0,27,15,436,1,1,673,1024,203,0,0,-1,-1,-1,0x1002480A90140004,1501,1500,1500,988,2012,1500,1500,1500,1500,1500,1193,1449,1500,1500,1500,1500,1500,1500,1500,2012,1500,1585,1500,2012,1500,1501,1500,1500,1520,1653,1500,2012,8.4
2026-04-17,20:39:45.580,-37,-33,10,3966,0,26,44,16,0,27,15,436,1,1,673,1024,203,0,0,-1,-1,-1,0x1002480A90140004,1501,1500,1500,988,2012,1500,1500,1500,1500,1500,1193,1449,1500,1500,1500,1500,1500,1500,1500,2012,1500,1585,1500,2012,1500,1501,1500,1500,1520,1653,1500,2012,8.4
2026-04-17,20:39:46.080,-37,-31,10,3966,0,26,44,16,0,27,15,436,1,1,673,1024,203,0,0,-1,-1,-1,0x1002480A90140004,1501,1500,1500,988,2012,1500,1500,1500,1500,1500,1193,1449,1500,1500,1500,1500,1500,1500,1500,2012,1500,1585,1500,2012,1500,1501,1500,1500,1520,1653,1500,2012,8.4
2026-04-17,20:39:46.580,-38,-36,10,3966,0,26,44,16,0,27,15,436,0,1,673,1024,203,0,0,-1,-1,-1,0x1002480A90140004,1501,1500,1500,988,2012,1500,1500,1500,1500,1500,1193,1449,1500,1500,1500,1500,1500,1500,1500,2012,1500,1585,1500,2012,1500,1501,1500,1500,1520,1653,1500,2012,8.4
2026-04-17,20:39:47.080,-26,-36,10,3966,0,26,44,16,0,27,15,436,1,1,673,1024,204,0,0,-1,-1,-1,0x1002480A90140004,1501,1500,1500,988,2012,1500,1500,1500,1500,1500,1193,1449,1500,1500,1500,1500,1500,1500,1500,2012,1500,1585,1500,2012,1500,1501,1500,1500,1520,1653,1500,2012,8.4
2026-04-17,20:39:47.580,-25,-36,10,3966,0,26,44,16,0,27,15,436,1,1,673,1024,203,0,0,-1,-1,-1,0x1002480A90140004,1501,1500,1500,988,2012,1500,1500,1500,1500,1501,1193,1449,1500,1500,1500,1500,1500,1500,1500,2012,1500,1585,1500,2012,1500,1501,1500,1500,1520,1653,1500,2012,8.4
2026-04-17,20:39:48.080,-26,-36,10,3966,0,26,44,16,0,27,15,436,1,1,673,1024,203,0,0,-1,-1,-1,0x1002480A90140004,1501,1500,1500,988,2012,1500,1500,1500,1500,1500,1193,1449,1500,1500,1500,1500,1500,1500,1500,2012,1500,1585,1500,2012,1500,1501,1500,1500,1520,1653,1500,2012,8.4
2026-04-17,20:39:48.580,-25,-36,10,3966,0,26,44,16,0,27,15,436,1,1,673,1024,203,0,0,-1,-1,-1,0x1002480A90140004,1501,1500,1500,988,2012,1500,1500,1500,1500,1500,1193,1449,1500,1500,1500,1500,1500,1500,1500,2012,1500,1585,1500,2012,1500,1501,1500,1500,1520,1653,1500,2012,8.4
2026-04-17,20:39:49.080,-24,-36,10,3966,0,26,44,16,0,27,15,436,1,1,673,1024,203,0,0,-1,-1,-1,0x1002480A90140004,1501,1500,1500,988,2012,1500,1500,1500,1500,1501,1193,1449,1500,1500,1500,1500,1500,1500,1500,2012,1500,1585,1500,2012,1500,1501,1500,1500,1520,1653,1500,2012,8.4
2026-04-17,20:39:49.580,-24,-36,10,3966,0,26,44,16,0,27,15,436,2,1,673,1024,203,0,0,-1,-1,-1,0x1002480A90140004,1501,1500,1500,988,2012,1501,1500,1500,1500,1501,1193,1449,1500,1500,1500,1500,1500,1500,1500,2012,1500,1585,1500,2012,1500,1501,1500,1500,1520,1653,1500,2012,8.4
2026-04-17,20:39:50.080,-24,-36,10,3966,0,26,44,16,0,27,15,436,2,1,673,1024,203,0,0,-1,-1,-1,0x1002480A90140004,1501,1500,1500,988,2012,1501,1500,1500,1500,1501,1193,1449,1500,1500,1500,1500,1500,1500,1500,2012,1500,1585,1500,2012,1500,1501,1500,1500,1520,1653,1500,2012,8.4
2026-04-17,20:39:50.580,-24,-36,10,3966,0,26,75,16,0,27,15,436,1,1,673,1024,203,0,0,-1,-1,-1,0x1002480A90140004,1501,1500,1500,988,2012,1500,1500,1500,1500,1500,1142,1449,1500,1500,1500,1500,1500,1500,1500,2012,1500,1585,1500,2012,1500,1501,1500,1500,1520,1653,1500,2012,8.4
2026-04-17,20:39:51.080,-24,-36,10,3966,0,26,75,16,0,27,15,436,1,1,673,1024,203,0,0,-1,-1,-1,0x1002480A90140004,1501,1500,1500,988,2012,1500,1500,1500,1500,1500,1142,1449,1500,1500,1500,1500,1500,1500,1500,2012,1500,1585,1500,2012,1500,1501,1500,1500,1520,1653,1500,2012,8.4
2026-04-17,20:39:51.580,-24,-36,10,3966,0,26,75,16,0,27,15,436,1,1,673,1024,203,0,0,-1,-1,-1,0x1002480A90140004,1501,1500,1500,988,2012,1500,1500,1500,1500,1500,1142,1449,1500,1500,1500,1500,1500,1500,1500,2012,1500,1585,1500,2012,1500,1501,1500,1500,1520,1653,1500,2012,8.4
2026-04-17,20:39:52.080,-24,-36,10,3966,0,26,75,16,0,27,15,436,1,1,673,1024,203,0,0,-1,-1,-1,0x1002480A90140004,1501,1500,1500,988,2012,1500,1500,1500,1500,1501,1142,1449,1500,1500,1500,1500,1500,1500,1500,2012,1500,1585,1500,2012,1500,1501,1500,1500,1520,1653,1500,2012,8.4
2026-04-17,20:39:52.580,-24,-36,10,3966,0,26,75,16,0,27,15,436,1,1,673,1024,203,0,0,-1,-1,-1,0x1002480A90140004,1501,1500,1500,988,2012,1501,1500,1500,1500,1501,1142,1449,1500,1500,1500,1500,1500,1500,1500,2012,1500,1585,1500,2012,1500,1501,1500,1500,1520,1653,1500,2012,8.4
2026-04-17,20:39:53.080,-24,-36,10,3966,0,26,75,16,0,27,15,436,2,1,673,1024,203,0,0,-1,-1,-1,0x1002480A90140004,1501,1500,1500,988,2012,1501,1500,1500,1500,1501,1142,1449,1500,1500,1500,1500,1500,1500,1500,2012,1500,1585,1500,2012,1500,1501,1500,1500,1520,1653,1500,2012,8.4
2026-04-17,20:39:53.580,-24,-36,10,3966,0,26,75,16,0,27,15,436,1,1,673,1024,203,0,0,-1,-1,-1,0x1002480A90140004,1501,1500,1500,988,2012,1500,1500,1500,1500,1500,1142,1449,1500,1500,1500,1500,1500,1500,1500,2012,1500,1585,1500,2012,1500,1501,1500,1500,1520,1653,1500,2012,8.4
2026-04-17,20:39:54.080,-24,-36,10,3966,0,26,75,16,0,27,15,436,1,1,673,1024,203,0,0,-1,-1,-1,0x1002480A90140004,1501,1500,1500,988,2012,1500,1500,1500,1500,1500,1142,1449,1500,1500,1500,1500,1500,1500,1500,2012,1500,1585,1500,2012,1500,1501,1500,1500,1520,1653,1500,2012,8.4
2026-04-17,20:39:54.580,-24,-36,10,3967,0,26,75,16,0,27,15,436,1,1,673,1024,203,0,0,-1,-1,-1,0x1002480A90140004,1501,1500,1500,988,2012,1500,1500,1500,1500,1500,1142,1449,1500,1500,1500,1500,1500,1500,1500,2012,1500,1585,1500,2012,1500,1501,1500,1500,1520,1653,1500,2012,8.4
2026-04-17,20:39:55.080,-24,-36,10,3967,0,26,75,16,0,27,15,436,2,1,673,1024,203,0,0,-1,-1,-1,0x1002480A90140004,1501,1500,1500,988,2012,1501,1500,1500,1500,1501,1142,1449,1500,1500,1500,1500,1500,1500,1500,2012,1500,1585,1500,2012,1500,1501,1500,1500,1520,1653,1500,2012,8.4
2026-04-17,20:39:55.580,-24,-36,10,3967,0,26,75,16,0,27,15,436,1,1,673,1024,203,0,0,-1,-1,-1,0x1002480A90140004,1501,1500,1500,988,2012,1500,1500,1500,1500,1500,1142,1449,1500,1500,1500,1500,1500,1500,1500,2012,1500,1585,1500,2012,1500,1501,1500,1500,1520,1653,1500,2012,8.4
2026-04-17,20:39:56.080,-24,-36,10,3967,0,26,75,16,0,27,15,436,0,1,674,1024,202,0,0,-1,-1,-1,0x1002480A90140004,1501,1500,1500,988,2012,1500,1500,1500,1500,1500,1142,1449,1500,1500,1500,1500,1500,1500,1500,2012,1500,1585,1500,2012,1500,1501,1500,1500,1520,1653,1500,2012,8.4
2026-04-17,20:39:56.580,-24,-36,10,3967,0,26,75,16,0,27,15,436,1,1,673,1024,203,0,0,-1,-1,-1,0x1002480A90140004,1501,1500,1500,988,2012,1500,1500,1500,1500,1500,1142,1449,1500,1500,1500,1500,1500,1500,1500,2012,1500,1585,1500,2012,1500,1501,1500,1500,1520,1653,1500,2012,8.4
2026-04-17,20:39:57.080,-24,-36,10,3967,0,26,75,16,0,27,15,436,1,1,673,1024,203,0,0,-1,-1,-1,0x1002480A90140004,1501,1500,1500,988,2012,1500,1500,1500,1500,1500,1142,1449,1500,1500,1500,1500,1500,1500,1500,2012,1500,1585,1500,2012,1500,1501,1500,1500,1520,1653,1500,2012,8.4
2026-04-17,20:39:57.580,-24,-36,10,3966,0,26,75,16,0,27,15,436,1,1,673,1024,203,0,0,-1,-1,-1,0x1002480A90140004,1501,1500,1500,988,2012,1500,1500,1500,1500,1500,1142,1449,1500,1500,1500,1500,1500,1500,1500,2012,1500,1585,1500,2012,1500,1501,1500,1500,1520,1653,1500,2012,8.4
2026-04-17,20:39:58.080,-24,-36,10,3967,0,26,75,16,0,27,15,436,1,1,673,1024,203,0,0,-1,-1,-1,0x1002480A90140004,1501,1500,1500,988,2012,1500,1500,1500,1500,1500,1142,1449,1500,1500,1500,1500,1500,1500,1500,2012,1500,1585,1500,2012,1500,1501,1500,1500,1520,1653,1500,2012,8.4
2026-04-17,20:39:58.580,-24,-36,10,3967,0,26,75,16,0,27,15,436,2,1,673,1024,203,0,0,-1,-1,-1,0x1002480A90140004,1501,1500,1500,988,2012,1501,1500,1500,1500,1500,1142,1449,1500,1500,1500,1500,1500,1500,1500,2012,1500,1585,1500,2012,1500,1501,1500,1500,1520,1653,1500,2012,8.4
2026-04-17,20:39:59.080,-23,-36,10,3968,0,26,75,16,0,27,15,436,1,1,673,1024,203,0,0,-1,-1,-1,0x1002480A90140004,1501,1500,1500,988,2012,1500,1500,1500,1500,1500,1142,1449,1500,1500,1500,1500,1500,1500,1500,2012,1500,1585,1500,2012,1500,1501,1500,1500,1520,1653,1500,2012,8.4
2026-04-17,20:39:59.580,-23,-36,10,3968,0,26,75,16,0,27,15,436,2,1,673,1024,203,0,0,-1,-1,-1,0x1002480A90140004,1501,1500,1500,988,2012,1501,1500,1500,1500,1501,1142,1449,1500,1500,1500,1500,1500,1500,1500,2012,1500,1585,1500,2012,1500,1501,1500,1500,1520,1653,1500,2012,8.4
2026-04-17,20:40:00.080,-24,-36,10,3968,0,26,75,16,0,27,15,436,1,1,673,1024,203,0,0,-1,-1,-1,0x1002480A90140004,1501,1500,1500,988,2012,1500,1500,1500,1500,1500,1142,1449,1500,1500,1500,1500,1500,1500,1500,2012,1500,1585,1500,2012,1500,1501,1500,1500,1520,1653,1500,2012,8.4
2026-04-17,20:40:00.580,-23,-36,10,3967,0,26,75,16,0,27,15,436,1,1,673,1024,202,0,0,-1,-1,-1,0x1002480A90140004,1501,1500,1500,988,2012,1500,1500,1500,1500,1500,1142,1449,1500,1500,1500,1500,1500,1500,1500,2012,1500,1585,1500,2012,1500,1501,1500,1500,1520,1653,1500,2012,8.4
2026-04-17,20:40:01.080,-23,-36,10,3967,0,26,75,16,0,27,15,436,1,1,673,1024,203,0,0,-1,-1,-1,0x1002480A90140004,1501,1500,1500,988,2012,1500,1500,1500,1500,1500,1142,1449,1500,1500,1500,1500,1500,1500,1500,2012,1500,1585,1500,2012,1500,1501,1500,1500,1520,1653,1500,2012,8.4
2026-04-17,20:40:01.580,-23,-36,10,3966,0,26,75,16,0,27,15,436,1,1,673,1024,203,0,0,-1,-1,-1,0x1002480A90140004,1501,1500,1500,988,2012,1500,1500,1500,1500,1500,1142,1449,1500,1500,1500,1500,1500,1500,1500,2012,1500,1585,1500,2012,1500,1501,1500,1500,1520,1653,1500,2012,8.4
2026-04-17,20:40:02.080,-23,-36,10,3966,0,26,75,16,0,27,15,436,2,1,673,1024,203,0,0,-1,-1,-1,0x1002480A90140004,1501,1500,1500,988,2012,1501,1500,1500,1500,1500,1142,1449,1500,1500,1500,1500,1500,1500,1500,2012,1500,1585,1500,2012,1500,1501,1500,1500,1520,1653,1500,2012,8.4
2026-04-17,20:40:02.580,-23,-36,10,3966,0,26,75,16,0,27,15,436,1,1,673,1024,203,0,0,-1,-1,-1,0x1002480A90140004,1501,1500,1500,988,2012,1500,1500,1500,1500,1500,1142,1449,1500,1500,1500,1500,1500,1500,1500,2012,1500,1585,1500,2012,1500,1501,1500,1500,1520,1653,1500,2012,8.4
2026-04-17,20:40:03.080,-23,-36,10,3967,0,26,75,16,0,27,15,436,2,1,673,1024,203,0,0,-1,-1,-1,0x1002480A90140004,1501,1500,1500,988,2012,1501,1500,1500,1500,1501,1142,1449,1500,1500,1500,1500,1500,1500,1500,2012,1500,1585,1500,2012,1500,1501,1500,1500,1520,1653,1500,2012,8.4
2026-04-17,20:40:03.580,-23,-36,10,3967,0,26,75,16,0,27,15,436,1,1,673,1024,203,0,0,-1,-1,-1,0x1002480A90140004,1501,1500,1500,988,2012,1500,1500,1500,1500,1501,1142,1449,1500,1500,1500,1500,1500,1500,1500,2012,1500,1585,1500,2012,1500,1501,1500,1500,1520,1653,1500,2012,8.4
2026-04-17,20:40:04.080,-23,-36,10,3967,0,26,75,16,0,27,15,436,1,1,673,1024,203,0,0,-1,-1,-1,0x1002480A90140004,1501,1500,1500,988,2012,1500,1500,1500,1500,1500,1142,1449,1500,1500,1500,1500,1500,1500,1500,2012,1500,1585,1500,2012,1500,1501,1500,1500,1520,1653,1500,2012,8.4
2026-04-17,20:40:04.580,-23,-36,10,3967,0,26,75,16,0,27,15,436,2,1,673,1024,203,0,0,-1,-1,-1,0x1002480A90140004,1501,1500,1500,988,2012,1501,1500,1500,1500,1501,1142,1449,1500,1500,1500,1500,1500,1500,1500,2012,1500,1585,1500,2012,1500,1501,1500,1500,1520,1653,1500,2012,8.4
2026-04-17,20:40:05.080,-23,-36,10,3967,0,26,75,16,0,27,15,436,1,1,673,1024,202,0,0,-1,-1,-1,0x1002480A90140004,1501,1500,1500,988,2012,1500,1500,1500,1500,1500,1142,1449,1500,1500,1500,1500,1500,1500,1500,2012,1500,1585,1500,2012,1500,1501,1500,1500,1520,1653,1500,2012,8.4
2026-04-17,20:40:05.580,-23,-36,10,3967,0,26,75,16,0,27,15,436,1,1,673,1024,203,0,0,-1,-1,-1,0x1002480A90140004,1501,1500,1500,988,2012,1500,1500,1500,1500,1500,1142,1449,1500,1500,1500,1500,1500,1500,1500,2012,1500,1585,1500,2012,1500,1501,1500,1500,1520,1653,1500,2012,8.4
2026-04-17,20:40:06.080,-23,-36,10,3969,0,26,75,16,0,27,15,436,2,1,673,1024,203,0,0,-1,-1,-1,0x1002480A90140004,1501,1500,1500,988,2012,1501,1500,1500,1500,1501,1142,1449,1500,1500,1500,1500,1500,1500,1500,2012,1500,1585,1500,2012,1500,1501,1500,1500,1520,1653,1500,2012,8.4
2026-04-17,20:40:06.580,-23,-36,10,3968,0,26,75,16,0,27,15,436,1,1,673,1024,203,0,0,-1,-1,-1,0x1002480A90140004,1501,1500,1500,988,2012,1500,1500,1500,1500,1500,1142,1449,1500,1500,1500,1500,1500,1500,1500,2012,1500,1585,1500,2012,1500,1501,1500,1500,1520,1653,1500,2012,8.4
2026-04-17,20:40:07.080,-23,-36,10,3968,0,26,75,16,0,27,15,436,1,1,673,1024,203,0,0,-1,-1,-1,0x1002480A90140004,1501,1500,1500,988,2012,1500,1500,1500,1500,1500,1142,1449,1500,1500,1500,1500,1500,1500,1500,2012,1500,1585,1500,2012,1500,1501,1500,1500,1520,1653,1500,2012,8.4
2026-04-17,20:40:07.580,-23,-36,10,3968,0,26,75,16,0,27,15,436,1,1,673,1024,203,0,0,-1,-1,-1,0x1002480A90140004,1501,1500,1500,988,2012,1500,1500,1500,1500,1500,1142,1449,1500,1500,1500,1500,1500,1500,1500,2012,1500,1585,1500,2012,1500,1501,1500,1500,1520,1653,1500,2012,8.4
2026-04-17,20:40:08.080,-23,-36,10,3968,0,26,75,16,0,27,15,436,2,1,673,1024,203,0,0,-1,-1,-1,0x1002480A90140004,1501,1500,1500,988,2012,1501,1500,1500,1500,1501,1142,1449,1500,1500,1500,1500,1500,1500,1500,2012,1500,1585,1500,2012,1500,1501,1500,1500,1520,1653,1500,2012,8.4
2026-04-17,20:40:08.580,-23,-36,10,3967,0,26,75,16,0,27,15,436,2,1,673,1024,203,0,0,-1,-1,-1,0x1002480A90140004,1501,1500,1500,988,2012,1501,1500,1500,1500,1501,1142,1449,1500,1500,1500,1500,1500,1500,1500,2012,1500,1585,1500,2012,1500,1501,1500,1500,1520,1653,1500,2012,8.4
2026-04-17,20:40:09.080,-23,-36,10,3967,0,26,75,16,0,27,15,436,2,1,673,1024,203,0,0,-1,-1,-1,0x1002480A90140004,1501,1500,1500,988,2012,1501,1500,1500,1500,1501,1142,1449,1500,1500,1500,1500,1500,1500,1500,2012,1500,1585,1500,2012,1500,1501,1500,1500,1520,1653,1500,2012,8.4
2026-04-17,20:40:09.580,-23,-36,10,3967,0,26,75,16,0,27,15,436,2,1,673,1024,203,0,0,-1,-1,-1,0x1002480A90140004,1501,1500,1500,988,2012,1501,1500,1500,1500,1501,1142,1449,1500,1500,1500,1500,1500,1500,1500,2012,1500,1585,1500,2012,1500,1501,1500,1500,1520,1653,1500,2012,8.4
2026-04-17,20:40:10.080,-23,-36,10,3966,0,26,75,16,0,27,15,436,2,1,673,1024,203,0,0,-1,-1,-1,0x1002480A90140004,1501,1500,1500,988,2012,1501,1500,1500,1500,1501,1142,1449,1500,1500,1500,1500,1500,1500,1500,2012,1500,1585,1500,2012,1500,1501,1500,1500,1520,1653,1500,2012,8.4
2026-04-17,20:40:10.580,-23,-36,10,3966,0,26,75,16,0,27,15,436,2,1,673,1024,202,0,0,-1,-1,-1,0x1002480A90140004,1501,1500,1500,988,2012,1501,1500,1500,1500,1501,1142,1449,1500,1500,1500,1500,1500,1500,1500,2012,1500,1585,1500,2012,1500,1501,1500,1500,1520,1653,1500,2012,8.4
2026-04-17,20:40:11.080,-23,-36,10,3966,0,26,75,16,0,27,15,436,2,1,673,1024,203,0,0,-1,-1,-1,0x1002480A90140004,1501,1500,1500,988,2012,1501,1500,1500,1500,1501,1142,1449,1500,1500,1500,1500,1500,1500,1500,2012,1500,1585,1500,2012,1500,1501,1500,1500,1520,1653,1500,2012,8.4
2026-04-17,20:40:11.580,-23,-36,10,3966,0,26,75,16,0,27,15,436,2,1,673,1024,203,0,0,-1,-1,-1,0x1002480A90140004,1501,1500,1500,988,2012,1500,1500,1500,1500,1501,1142,1449,1500,1500,1500,1500,1500,1500,1500,2012,1500,1585,1500,2012,1500,1501,1500,1500,1520,1653,1500,2012,8.4
2026-04-17,20:40:12.080,-23,-36,10,3966,0,26,75,16,0,27,15,436,1,1,673,1024,203,0,0,-1,-1,-1,0x1002480A90140004,1501,1500,1500,988,2012,1500,1500,1500,1500,1500,1142,1449,1500,1500,1500,1500,1500,1500,1500,2012,1500,1585,1500,2012,1500,1501,1500,1500,1520,1653,1500,2012,8.4
2026-04-17,20:40:12.580,-23,-36,10,3966,0,26,75,16,0,27,15,436,1,1,673,1024,203,0,0,-1,-1,-1,0x1002480A90140004,1501,1500,1500,988,2012,1500,1500,1500,1500,1500,1142,1449,1500,1500,1500,1500,1500,1500,1500,2012,1500,1585,1500,2012,1500,1501,1500,1500,1520,1653,1500,2012,8.4
2026-04-17,20:40:13.080,-23,-36,10,3967,0,26,75,16,0,27,15,436,1,1,673,1024,203,0,0,-1,-1,-1,0x1002480A90140004,1501,1500,1500,988,2012,1500,1500,1500,1500,1500,1142,1449,1500,1500,1500,1500,1500,1500,1500,2012,1500,1585,1500,2012,1500,1501,1500,1500,1520,1653,1500,2012,8.4
2026-04-17,20:40:13.580,-23,-36,10,3967,0,26,75,16,0,27,15,436,1,1,673,1024,202,0,0,-1,-1,-1,0x1002480A90140004,1501,1500,1500,988,2012,1500,1500,1500,1500,1500,1142,1449,1500,1500,1500,1500,1500,1500,1500,2012,1500,1585,1500,2012,1500,1501,1500,1500,1520,1653,1500,2012,8.4
2026-04-17,20:40:14.080,-23,-36,10,3967,0,26,75,16,0,27,15,436,2,1,673,1024,203,0,0,-1,-1,-1,0x1002480A90140004,1501,1500,1500,988,2012,1501,1500,1500,1500,1501,1142,1449,1500,1500,1500,1500,1500,1500,1500,2012,1500,1585,1500,2012,1500,1501,1500,1500,1520,1653,1500,2012,8.4
2026-04-17,20:40:14.580,-23,-36,10,3967,0,26,75,16,0,27,15,436,2,1,673,1024,203,0,0,-1,-1,-1,0x1002480A90140004,1501,1500,1500,988,2012,1501,1500,1500,1500,1501,1142,1449,1500,1500,1500,1500,1500,1500,1500,2012,1500,1585,1500,2012,1500,1501,1500,1500,1520,1653,1500,2012,8.4
2026-04-17,20:40:15.080,-23,-36,10,3967,0,26,75,16,0,27,15,436,1,1,673,1024,203,0,0,-1,-1,-1,0x1002480A90140004,1501,1500,1500,988,2012,1500,1500,1500,1500,1500,1142,1449,1500,1500,1500,1500,1500,1500,1500,2012,1500,1585,1500,2012,1500,1501,1500,1500,1520,1653,1500,2012,8.4
2026-04-17,20:40:15.580,-24,-36,10,3967,0,26,75,16,0,27,15,436,1,1,673,1024,203,0,0,-1,-1,-1,0x1002480A90140004,1501,1500,1500,988,2012,1500,1500,1500,1500,1500,1142,1449,1500,1500,1500,1500,1500,1500,1500,2012,1500,1585,1500,2012,1500,1501,1500,1500,1520,1653,1500,2012,8.4
2026-04-17,20:40:16.080,-38,-30,10,3967,0,26,75,16,0,27,15,436,1,1,673,1024,202,0,0,-1,-1,-1,0x1002480A90140004,1501,1500,1500,988,2012,1500,1500,1500,1500,1500,1142,1449,1500,1500,1500,1500,1500,1500,1500,2012,1500,1585,1500,2012,1500,1501,1500,1500,1520,1653,1500,2012,8.4
2026-04-17,20:40:16.580,-38,-27,10,3967,0,26,75,16,0,27,15,436,1,1,673,1024,203,0,0,-1,-1,-1,0x1002480A90140004,1501,1500,1500,988,2012,1500,1500,1500,1500,1500,1142,1449,1500,1500,1500,1500,1500,1500,1500,2012,1500,1585,1500,2012,1500,1501,1500,1500,1520,1653,1500,2012,8.4
2026-04-17,20:40:17.080,-36,-33,10,3967,0,26,75,16,0,27,15,436,1,1,673,1024,203,0,0,-1,-1,-1,0x1002480A90140004,1501,1500,1500,988,2012,1500,1500,1500,1500,1500,1142,1449,1500,1500,1500,1500,1500,1500,1500,2012,1500,1585,1500,2012,1500,1501,1500,1500,1520,1653,1500,2012,8.4
2026-04-17,20:40:17.580,-36,-33,10,3967,0,26,75,16,0,27,15,436,2,1,673,1024,203,0,0,-1,-1,-1,0x1002480A90140004,1501,1500,1500,988,2012,1501,1500,1500,1500,1501,1142,1449,1500,1500,1500,1500,1500,1500,1500,2012,1500,1585,1500,2012,1500,1501,1500,1500,1520,1653,1500,2012,8.4
2026-04-17,20:40:18.080,-36,-33,10,3967,0,26,75,16,0,27,15,436,1,1,673,1024,203,0,0,-1,-1,-1,0x1002480A90140004,1501,1500,1500,988,2012,1500,1500,1500,1500,1500,1142,1449,1500,1500,1500,1500,1500,1500,1500,2012,1500,1585,1500,2012,1500,1501,1500,1500,1520,1653,1500,2012,8.4
2026-04-17,20:40:18.580,-27,-32,10,3967,0,26,75,16,0,27,15,436,1,1,673,1024,203,0,0,-1,-1,-1,0x1002480A90140004,1501,1500,1500,988,2012,1500,1500,1500,1500,1500,1142,1449,1500,1500,1500,1500,1500,1500,1500,2012,1500,1585,1500,2012,1500,1501,1500,1500,1520,1653,1500,2012,8.4
2026-04-17,20:40:19.080,-24,-32,10,3967,0,26,75,16,0,27,15,436,1,1,673,1024,203,0,0,-1,-1,-1,0x1002480A90140004,1501,1500,1500,988,2012,1500,1500,1500,1500,1500,1142,1449,1500,1500,1500,1500,1500,1500,1500,2012,1500,1585,1500,2012,1500,1500,1500,1500,1520,1653,1500,2012,8.4
2026-04-17,20:40:19.580,-27,-27,10,3967,0,26,75,16,0,27,15,436,2,1,674,1024,202,0,0,-1,-1,-1,0x1002480A90140004,1501,1500,1500,988,2012,1500,1500,1500,1500,1500,1142,1449,1500,1500,1500,1500,1500,1500,1500,2012,1500,1585,1500,2012,1500,1501,1500,1500,1520,1653,1500,2012,8.4
2026-04-17,20:40:20.080,-31,-31,10,3966,0,26,75,16,0,27,15,436,1,0,673,1024,203,0,0,-1,-1,-1,0x1002480A90140004,1501,1500,1500,988,2012,1500,1500,1500,1500,1500,1142,1449,1500,1500,1500,1500,1500,1500,1500,2012,1500,1585,1500,2012,1500,1500,1500,1500,1520,1653,1500,2012,8.4
2026-04-17,20:40:20.580,-30,-31,10,3966,0,26,75,16,0,27,15,436,1,1,673,1024,203,0,0,-1,-1,-1,0x1002480A90140004,1501,1500,1500,988,2012,1500,1500,1500,1500,1500,1142,1449,1500,1500,1500,1500,1500,1500,1500,2012,1500,1585,1500,2012,1500,1501,1500,1500,1520,1653,1500,2012,8.4
2026-04-17,20:40:21.080,-27,-31,10,3966,0,26,75,16,0,27,15,436,2,1,673,1024,203,0,0,-1,-1,-1,0x1002480A90140004,1501,1500,1500,988,2012,1501,1500,1500,1500,1501,1142,1449,1500,1500,1500,1500,1500,1500,1500,2012,1500,1585,1500,2012,1500,1501,1500,1500,1520,1653,1500,2012,8.4
2026-04-17,20:40:21.580,-24,-31,10,3966,0,26,75,16,0,27,15,436,2,1,673,1024,203,0,0,-1,-1,-1,0x1002480A90140004,1501,1500,1500,988,2012,1501,1500,1500,1500,1501,1142,1449,1500,1500,1500,1500,1500,1500,1500,2012,1500,1585,1500,2012,1500,1501,1500,1500,1520,1653,1500,2012,8.4
2026-04-17,20:40:22.080,-24,-31,10,3966,0,26,75,16,0,27,15,436,1,1,673,1024,203,0,0,-1,-1,-1,0x1002480A90140004,1501,1500,1500,988,2012,1500,1500,1500,1500,1500,1142,1449,1500,1500,1500,1500,1500,1500,1500,2012,1500,1585,1500,2012,1500,1501,1500,1500,1520,1653,1500,2012,8.4
2026-04-17,20:40:22.580,-23,-31,10,3966,0,26,75,16,0,27,15,436,1,1,673,1024,203,0,0,-1,-1,-1,0x1002480A90140004,1501,1500,1500,988,2012,1500,1500,1500,1500,1500,1142,1449,1500,1500,1500,1500,1500,1500,1500,2012,1500,1585,1500,2012,1500,1501,1500,1500,1520,1653,1500,2012,8.4
2026-04-17,20:40:23.080,-23,-31,10,3966,0,26,75,16,0,27,15,436,1,1,673,1024,203,0,0,-1,-1,-1,0x1002480A90140004,1501,1500,1500,988,2012,1500,1500,1500,1500,1500,1142,1449,1500,1500,1500,1500,1500,1500,1500,2012,1500,1585,1500,2012,1500,1501,1500,1500,1520,1653,1500,2012,8.4
2026-04-17,20:40:23.580,-25,-31,10,3967,0,26,75,16,0,27,15,436,1,1,673,1024,203,0,0,-1,-1,-1,0x1002480A90140004,1501,1500,1500,988,2012,1500,1500,1500,1500,1500,1142,1449,1500,1500,1500,1500,1500,1500,1500,2012,1500,1585,1500,2012,1500,1501,1500,1500,1520,1653,1500,2012,8.4
2026-04-17,20:40:24.080,-26,-31,10,3967,0,26,75,16,0,27,15,436,1,1,673,1024,203,0,0,-1,-1,-1,0x1002480A90140004,1501,1500,1500,988,2012,1500,1500,1500,1500,1500,1142,1449,1500,1500,1500,1500,1500,1500,1500,2012,1500,1585,1500,2012,1500,1501,1500,1500,1520,1653,1500,2012,8.4
2026-04-17,20:40:24.580,-26,-31,10,3967,0,26,75,16,0,27,15,436,1,1,673,1024,203,0,0,-1,-1,-1,0x1002480A90140004,1501,1500,1500,988,2012,1500,1500,1500,1500,1500,1142,1449,1500,1500,1500,1500,1500,1500,1500,2012,1500,1585,1500,2012,1500,1501,1500,1500,1520,1653,1500,2012,8.4
2026-04-17,20:40:25.080,-25,-31,10,3967,0,26,75,16,0,27,15,436,1,1,673,1024,203,0,0,-1,-1,-1,0x1002480A90140004,1501,1500,1500,988,2012,1500,1500,1500,1500,1501,1142,1449,1500,1500,1500,1500,1500,1500,1500,2012,1500,1585,1500,2012,1500,1501,1500,1500,1520,1653,1500,2012,8.4
2026-04-17,20:40:25.580,-25,-31,10,3968,0,26,75,16,0,27,15,436,1,1,673,1024,203,0,0,-1,-1,-1,0x1002480A90140004,1501,1500,1500,988,2012,1500,1500,1500,1500,1500,1142,1449,1500,1500,1500,1500,1500,1500,1500,2012,1500,1585,1500,2012,1500,1501,1500,1500,1520,1653,1500,2012,8.4
2026-04-17,20:40:26.080,-25,-31,10,3968,0,26,75,16,0,27,15,436,1,1,673,1024,203,0,0,-1,-1,-1,0x1002480A90140004,1501,1500,1500,988,2012,1500,1500,1500,1500,1500,1142,1449,1500,1500,1500,1500,1500,1500,1500,2012,1500,1585,1500,2012,1500,1501,1500,1500,1520,1653,1500,2012,8.4
2026-04-17,20:40:26.580,-22,-31,10,3969,0,26,75,16,0,27,15,436,1,1,673,1024,202,0,0,-1,-1,-1,0x1002480A90140004,1501,1500,1500,988,2012,1500,1500,1500,1500,1500,1142,1449,1500,1500,1500,1500,1500,1500,1500,2012,1500,1585,1500,2012,1500,1501,1500,1500,1520,1653,1500,2012,8.4
2026-04-17,20:40:27.080,-26,-31,10,3969,0,26,75,16,0,27,15,436,1,1,673,1024,203,0,0,-1,-1,-1,0x1002480A90140004,1501,1500,1500,988,2012,1500,1500,1500,1500,1500,1142,1449,1500,1500,1500,1500,1500,1500,1500,2012,1500,1585,1500,2012,1500,1501,1500,1500,1520,1653,1500,2012,8.4
2026-04-17,20:40:27.580,-25,-31,10,3969,0,26,75,16,0,27,15,436,1,1,673,1024,203,0,0,-1,-1,-1,0x1002480A90140004,1501,1500,1500,988,2012,1500,1500,1500,1500,1500,1142,1449,1500,1500,1500,1500,1500,1500,1500,2012,1500,1585,1500,2012,1500,1501,1500,1500,1520,1653,1500,2012,8.4
2026-04-17,20:40:28.080,-25,-31,10,3968,0,26,75,16,0,27,15,436,1,1,673,1024,203,0,0,-1,-1,-1,0x1002480A90140004,1501,1500,1500,988,2012,1500,1500,1500,1500,1501,1142,1449,1500,1500,1500,1500,1500,1500,1500,2012,1500,1585,1500,2012,1500,1501,1500,1500,1520,1653,1500,2012,8.4
2026-04-17,20:40:28.580,-25,-31,10,3967,0,26,75,16,0,27,15,436,1,1,673,1024,203,0,0,-1,-1,-1,0x1002480A90140004,1501,1500,1500,988,2012,1500,1500,1500,1500,1500,1142,1449,1500,1500,1500,1500,1500,1500,1500,2012,1500,1585,1500,2012,1500,1501,1500,1500,1520,1653,1500,2012,8.4
2026-04-17,20:40:29.080,-24,-31,10,3967,0,26,75,16,0,27,15,436,1,1,673,1024,203,0,0,-1,-1,-1,0x1002480A90140004,1501,1500,1500,988,2012,1500,1500,1500,1500,1500,1142,1449,1500,1500,1500,1500,1500,1500,1500,2012,1500,1585,1500,2012,1500,1501,1500,1500,1520,1653,1500,2012,8.4
2026-04-17,20:40:29.580,-24,-31,10,3967,0,26,75,16,0,27,15,436,1,1,673,1024,203,0,0,-1,-1,-1,0x1002480A90140004,1501,1500,1500,988,2012,1500,1500,1500,1500,1500,1142,1449,1500,1500,1500,1500,1500,1500,1500,2012,1500,1585,1500,2012,1500,1501,1500,1500,1520,1653,1500,2012,8.4
2026-04-17,20:40:30.080,-24,-31,10,3966,0,26,75,16,0,27,15,436,15,0,673,1024,203,0,0,-1,-1,-1,0x1002480A90140004,1501,1500,1500,988,2012,1507,1500,1500,1500,1501,1142,1449,1500,1500,1500,1500,1500,1500,1500,2012,1500,1585,1500,2012,1500,1500,1500,1500,1520,1653,1500,2012,8.4
2026-04-17,20:40:30.580,-21,-31,10,3966,0,26,75,16,0,27,15,436,-589,5,673,1024,203,0,0,-1,-1,-1,0x1002480A94140004,1393,1501,1500,988,2012,1206,1502,1500,1500,1213,1142,1449,1500,1500,1500,1500,1500,1500,1500,2012,1500,1585,1500,2012,1500,1504,1501,1500,1520,1653,1500,2012,8.4
2026-04-17,20:40:31.080,-22,-31,10,3966,2450,26,75,16,0,27,15,436,2,39,673,1024,203,0,0,-1,-1,-1,0x1002480A90140005,1501,1514,1569,988,2012,1501,1519,1500,1500,1500,1142,1449,1500,1500,1500,1500,1500,1500,1117,1883,1500,1585,1500,2012,1500,1531,1514,1500,1520,1653,1500,2012,8.4
2026-04-17,20:40:31.580,-20,-31,10,3970,2130,26,75,16,180,27,15,437,-28,3,673,1024,203,0,0,-1,-1,-1,0x1002480A90140005,1504,1501,1730,988,2012,1486,1501,1500,1500,1508,1142,1449,1500,1500,1500,1500,1500,1500,999,2012,1500,1585,1500,2012,1500,1502,1501,1500,1520,1653,1500,2012,8.4
2026-04-17,20:40:32.080,-22,-31,10,3970,0,26,75,16,78,27,15,437,1,2,673,1024,203,0,0,-1,-1,-1,0x1002480A90140005,1501,1500,1730,988,2012,1500,1501,1500,1500,1500,1142,1449,1500,1500,1500,1500,1500,1500,1372,2012,1500,1585,1500,2012,1500,1501,1500,1500,1520,1653,1500,2012,8.4
2026-04-17,20:40:32.580,-21,-31,10,3970,0,26,75,16,0,27,15,437,2,3,673,1024,203,0,0,-1,-1,-1,0x1002480A90140005,1501,1501,1730,988,2012,1501,1501,1500,1500,1501,1142,1449,1500,1500,1500,1500,1500,1500,1372,2012,1500,1585,1500,2012,1500,1502,1501,1500,1520,1653,1500,2012,8.4
2026-04-17,20:40:33.080,-22,-31,10,3970,0,26,75,16,0,27,15,437,1,3,673,1024,203,0,0,-1,-1,-1,0x1002480A90140005,1501,1501,1730,988,2012,1500,1501,1500,1500,1500,1142,1449,1500,1500,1500,1500,1500,1500,1500,2012,1500,1585,1500,2012,1500,1502,1501,1500,1520,1653,1500,2012,8.4
2026-04-17,20:40:33.580,-23,-31,10,3969,0,26,75,16,0,27,15,437,2,3,673,1024,203,0,0,-1,-1,-1,0x1002480A90140005,1501,1501,1730,988,2012,1501,1501,1500,1500,1501,1142,1449,1500,1500,1500,1500,1500,1500,1500,2012,1500,1585,1500,2012,1500,1502,1501,1500,1520,1653,1500,2012,8.4
2026-04-17,20:40:34.080,-23,-31,10,3966,0,26,75,16,294,27,15,437,2,4,673,1024,203,0,0,-1,-1,-1,0x1002480A90140005,1501,1501,1730,988,2012,1501,1502,1500,1500,1501,1142,1449,1500,1500,1500,1500,1500,1500,1500,2012,1500,1585,1500,2012,1500,1503,1501,1500,1520,1653,1500,2012,8.4
2026-04-17,20:40:34.580,-26,-23,10,3966,0,26,75,16,440,27,15,437,1,4,673,1024,203,0,0,-1,-1,-1,0x1002480A90140005,1501,1501,1656,988,2012,1500,1502,1500,1500,1500,1142,1449,1500,1500,1500,1500,1500,1500,1500,2012,1500,1585,1500,2012,1500,1503,1501,1500,1520,1653,1500,2012,8.4
2026-04-17,20:40:35.080,-26,-23,10,3966,0,26,75,16,102,27,15,437,1,4,673,1024,203,0,0,-1,-1,-1,0x1002480A90140004,1501,1501,1500,988,2012,1500,1502,1500,1500,1500,1142,1449,1500,1500,1500,1500,1500,1500,1500,2012,1500,1585,1500,2012,1500,1503,1501,1500,1520,1653,1500,2012,8.4
2026-04-17,20:40:35.580,-23,-28,10,3966,0,26,75,16,86,27,15,437,1,4,673,1024,203,0,0,-1,-1,-1,0x1002480A90140004,1501,1501,1500,988,2012,1500,1502,1500,1500,1500,1142,1449,1500,1500,1500,1500,1500,1500,1500,2012,1500,1585,1500,2012,1500,1503,1501,1500,1520,1653,1500,2012,8.4
2026-04-17,20:40:36.080,-26,-28,10,3966,0,26,75,16,0,27,15,437,1,4,673,1024,203,0,0,-1,-1,-1,0x1002480A90140004,1501,1501,1500,988,2012,1500,1502,1500,1500,1500,1142,1449,1500,1500,1500,1500,1500,1500,1500,2012,1500,1585,1500,2012,1500,1503,1501,1500,1520,1653,1500,2012,8.4
2026-04-17,20:40:36.580,-27,-28,10,3967,0,26,75,16,0,27,15,437,1,2,673,1024,203,0,0,-1,-1,-1,0x1002480A90140004,1501,1500,1500,988,2012,1500,1501,1500,1500,1501,1142,1449,1500,1500,1500,1500,1500,1500,1500,2012,1500,1585,1500,2012,1500,1501,1500,1500,1520,1653,1500,2012,8.4
2026-04-17,20:40:37.080,-25,-28,10,3967,0,26,75,16,0,27,15,437,1,2,673,1024,203,0,0,-1,-1,-1,0x1002480A90140004,1501,1500,1500,988,2012,1500,1501,1500,1500,1500,1142,1449,1500,1500,1500,1500,1500,1500,1500,2012,1500,1585,1500,2012,1500,1501,1500,1500,1520,1653,1500,2012,8.4
2026-04-17,20:40:37.580,-23,-28,10,3967,0,26,75,16,0,27,15,437,1,1,673,1024,203,0,0,-1,-1,-1,0x1002480A90140004,1501,1500,1500,988,2012,1500,1500,1500,1500,1500,1142,1449,1500,1500,1500,1500,1500,1500,1500,2012,1500,1585,1500,2012,1500,1501,1500,1500,1520,1653,1500,2012,8.4
2026-04-17,20:40:38.080,-23,-28,10,3967,0,26,75,16,0,27,15,437,1,2,673,1024,203,0,0,-1,-1,-1,0x1002480A90140004,1501,1500,1500,988,2012,1500,1501,1500,1500,1500,1142,1449,1500,1500,1500,1500,1500,1500,1500,2012,1500,1585,1500,2012,1500,1501,1500,1500,1520,1653,1500,2012,8.4
2026-04-17,20:40:38.580,-23,-28,10,3966,0,26,75,16,0,27,15,437,1,3,673,1024,203,0,0,-1,-1,-1,0x1002480A90140004,1501,1500,1500,988,2012,1500,1501,1500,1500,1500,1142,1449,1500,1500,1500,1500,1500,1500,1500,2012,1500,1585,1500,2012,1500,1502,1500,1500,1520,1653,1500,2012,8.4
2026-04-17,20:40:39.080,-23,-28,10,3966,0,26,75,16,0,27,15,437,0,3,673,1024,203,0,0,-1,-1,-1,0x1002480A90140004,1501,1501,1500,988,2012,1500,1501,1500,1500,1500,1142,1449,1500,1500,1500,1500,1500,1500,1500,2012,1500,1585,1500,2012,1500,1502,1501,1500,1520,1653,1500,2012,8.4
2026-04-17,20:40:39.580,-24,-28,10,3966,0,26,75,16,0,27,15,437,1,3,673,1024,203,0,0,-1,-1,-1,0x1002480A90140004,1501,1501,1500,988,2012,1500,1501,1500,1500,1500,1142,1449,1500,1500,1500,1500,1500,1500,1500,2012,1500,1585,1500,2012,1500,1502,1501,1500,1520,1653,1500,2012,8.4
2026-04-17,20:40:40.080,-25,-28,10,3966,0,26,75,16,0,27,15,437,1,4,673,1024,202,0,0,-1,-1,-1,0x1002480A90140004,1501,1501,1500,988,2012,1500,1502,1500,1500,1500,1193,1449,1500,1500,1500,1500,1500,1500,1500,2012,1500,1585,1500,2012,1500,1503,1501,1500,1520,1653,1500,2012,8.4
2026-04-17,20:40:40.580,-25,-28,10,3966,0,25,44,16,0,27,15,437,1,4,673,1024,203,0,0,-1,-1,-1,0x1002480A90140004,1501,1501,1500,988,2012,1500,1502,1500,1500,1500,1193,1449,1500,1500,1500,1500,1500,1500,1500,2012,1500,1585,1500,2012,1500,1503,1501,1500,1520,1653,1500,2012,8.4
2026-04-17,20:40:41.080,-26,-28,10,3966,0,25,44,16,0,27,15,437,1,4,673,1024,203,0,0,-1,-1,-1,0x1002480A90140004,1501,1501,1500,988,2012,1500,1502,1500,1500,1500,1193,1449,1500,1500,1500,1500,1500,1500,1500,2012,1500,1585,1500,2012,1500,1503,1501,1500,1520,1653,1500,2012,8.4
2026-04-17,20:40:41.580,-26,-28,10,3966,0,25,44,16,0,27,15,437,1,4,673,1024,203,0,0,-1,-1,-1,0x1002480A90140004,1501,1501,1500,988,2012,1500,1502,1500,1500,1500,1193,1449,1500,1500,1500,1500,1500,1500,1500,2012,1500,1585,1500,2012,1500,1503,1501,1500,1520,1653,1500,2012,8.4
2026-04-17,20:40:42.080,-26,-28,10,3966,0,25,44,16,0,27,15,437,1,4,673,1024,203,0,0,-1,-1,-1,0x1002480A90140004,1501,1501,1500,988,2012,1500,1502,1500,1500,1500,1193,1449,1500,1500,1500,1500,1500,1500,1500,2012,1500,1585,1500,2012,1500,1503,1501,1500,1520,1653,1500,2012,8.4
2026-04-17,20:40:42.580,-26,-28,10,3966,0,25,44,16,0,27,15,437,2,5,673,1024,203,0,0,-1,-1,-1,0x1002480A90140004,1501,1501,1500,988,2012,1501,1502,1500,1500,1500,1193,1449,1500,1500,1500,1500,1500,1500,1500,2012,1500,1585,1500,2012,1500,1503,1501,1500,1520,1653,1500,2012,8.4
2026-04-17,20:40:43.080,-26,-28,10,3967,0,25,44,16,0,27,15,437,1,5,673,1024,203,0,0,-1,-1,-1,0x1002480A90140004,1501,1501,1500,988,2012,1500,1502,1500,1500,1500,1193,1449,1500,1500,1500,1500,1500,1500,1500,2012,1500,1585,1500,2012,1500,1504,1501,1500,1520,1653,1500,2012,8.4
2026-04-17,20:40:43.580,-26,-28,10,3967,0,25,44,16,0,27,15,437,1,4,673,1024,203,0,0,-1,-1,-1,0x1002480A90140004,1501,1501,1500,988,2012,1500,1502,1500,1500,1500,1193,1449,1500,1500,1500,1500,1500,1500,1500,2012,1500,1585,1500,2012,1500,1503,1501,1500,1520,1653,1500,2012,8.4
2026-04-17,20:40:44.080,-25,-28,10,3967,0,25,44,16,0,27,15,437,2,5,673,1024,203,0,0,-1,-1,-1,0x1002480A90140004,1501,1501,1500,988,2012,1501,1502,1500,1500,1501,1193,1449,1500,1500,1500,1500,1500,1500,1500,2012,1500,1585,1500,2012,1500,1504,1501,1500,1520,1653,1500,2012,8.3
2026-04-17,20:40:44.580,-25,-28,10,3967,0,25,44,16,0,27,15,437,1,4,673,1024,203,0,0,-1,-1,-1,0x1002480A90140004,1501,1501,1500,988,2012,1500,1502,1500,1500,1500,1193,1449,1500,1500,1500,1500,1500,1500,1500,2012,1500,1585,1500,2012,1500,1503,1501,1500,1520,1653,1500,2012,8.3
2026-04-17,20:40:45.080,-25,-28,10,3967,0,25,44,16,0,27,15,437,1,4,673,1024,203,0,0,-1,-1,-1,0x1002480A90140004,1501,1501,1500,988,2012,1500,1502,1500,1500,1500,1193,1449,1500,1500,1500,1500,1500,1500,1500,2012,1500,1585,1500,2012,1500,1504,1501,1500,1520,1653,1500,2012,8.3
2026-04-17,20:40:45.580,-25,-28,10,3967,0,25,44,16,0,27,15,437,1,5,673,1024,203,0,0,-1,-1,-1,0x1002480A90140004,1501,1501,1500,988,2012,1500,1502,1500,1500,1500,1193,1449,1500,1500,1500,1500,1500,1500,1500,2012,1500,1585,1500,2012,1500,1504,1501,1500,1520,1653,1500,2012,8.3
2026-04-17,20:40:46.080,-25,-28,10,3967,0,25,44,16,0,27,15,437,1,5,673,1024,203,0,0,-1,-1,-1,0x1002480A90140004,1501,1501,1500,988,2012,1500,1502,1500,1500,1500,1193,1449,1500,1500,1500,1500,1500,1500,1500,2012,1500,1585,1500,2012,1500,1504,1501,1500,1520,1653,1500,2012,8.3
2026-04-17,20:40:46.580,-25,-28,10,3966,0,25,44,16,0,27,15,437,1,4,673,1024,203,0,0,-1,-1,-1,0x1002480A90140004,1501,1501,1500,988,2012,1500,1502,1500,1500,1500,1193,1449,1500,1500,1500,1500,1500,1500,1500,2012,1500,1585,1500,2012,1500,1504,1501,1500,1520,1653,1500,2012,8.3
2026-04-17,20:40:47.080,-25,-28,10,3966,0,25,44,16,0,27,15,437,2,4,673,1024,203,0,0,-1,-1,-1,0x1002480A90140004,1501,1501,1500,988,2012,1501,1502,1500,1500,1500,1193,1449,1500,1500,1500,1500,1500,1500,1500,2012,1500,1585,1500,2012,1500,1503,1501,1500,1520,1653,1500,2012,8.3
2026-04-17,20:40:47.580,-25,-28,10,3966,0,25,44,16,0,27,15,437,1,5,673,1024,203,0,0,-1,-1,-1,0x1002480A90140004,1501,1501,1500,988,2012,1500,1502,1500,1500,1500,1193,1449,1500,1500,1500,1500,1500,1500,1500,2012,1500,1585,1500,2012,1500,1504,1501,1500,1520,1653,1500,2012,8.3
2026-04-17,20:40:48.080,-25,-28,10,3966,0,25,44,16,0,27,15,437,1,4,673,1024,202,0,0,-1,-1,-1,0x1002480A90140004,1501,1501,1500,988,2012,1500,1502,1500,1500,1500,1193,1449,1500,1500,1500,1500,1500,1500,1500,2012,1500,1585,1500,2012,1500,1504,1501,1500,1520,1653,1500,2012,8.3
2026-04-17,20:40:48.580,-25,-28,10,3966,0,25,44,16,0,27,15,437,1,4,673,1024,203,0,0,-1,-1,-1,0x1002480A90140004,1501,1501,1500,988,2012,1500,1502,1500,1500,1500,1193,1449,1500,1500,1500,1500,1500,1500,1500,2012,1500,1585,1500,2012,1500,1503,1501,1500,1520,1653,1500,2012,8.3
2026-04-17,20:40:49.080,-25,-28,10,3966,0,25,44,16,0,27,15,437,1,4,673,1024,203,0,0,-1,-1,-1,0x1002480A90140004,1501,1501,1500,988,2012,1500,1502,1500,1500,1500,1193,1449,1500,1500,1500,1500,1500,1500,1500,2012,1500,1585,1500,2012,1500,1503,1501,1500,1520,1653,1500,2012,8.3
2026-04-17,20:40:49.580,-25,-28,10,3966,0,25,44,16,0,27,15,437,1,4,673,1024,203,0,0,-1,-1,-1,0x1002480A90140004,1501,1501,1500,988,2012,1500,1502,1500,1500,1500,1193,1449,1500,1500,1500,1500,1500,1500,1500,2012,1500,1585,1500,2012,1500,1503,1501,1500,1520,1653,1500,2012,8.3
2026-04-17,20:40:50.080,-25,-28,10,3966,0,25,44,16,0,27,15,437,1,2,673,1024,203,0,0,-1,-1,-1,0x1002480A90140004,1501,1501,1500,988,2012,1500,1501,1500,1500,1500,1193,1449,1500,1500,1500,1500,1500,1500,1500,2012,1500,1585,1500,2012,1500,1502,1501,1500,1520,1653,1500,2012,8.3
2026-04-17,20:40:50.580,-25,-28,10,3966,0,25,44,16,0,27,15,437,1,3,673,1024,203,0,0,-1,-1,-1,0x1002480A90140004,1501,1501,1500,988,2012,1500,1501,1500,1500,1500,1193,1449,1500,1500,1500,1500,1500,1500,1500,2012,1500,1585,1500,2012,1500,1502,1501,1500,1520,1653,1500,2012,8.3
2026-04-17,20:40:51.080,-24,-28,10,3967,0,25,44,16,0,27,15,437,1,2,673,1024,203,0,0,-1,-1,-1,0x1002480A90140004,1501,1500,1500,988,2012,1500,1501,1500,1500,1500,1193,1449,1500,1500,1500,1500,1500,1500,1500,2012,1500,1585,1500,2012,1500,1501,1500,1500,1520,1653,1500,2012,8.3
2026-04-17,20:40:51.580,-25,-28,10,3967,0,25,44,16,0,27,15,437,1,53,673,1024,203,0,0,-1,-1,-1,0x1002480A90140004,1501,1519,1500,988,2012,1500,1526,1500,1500,1501,1193,1449,1500,1500,1500,1500,1500,1500,1500,2012,1500,1585,1500,2012,1500,1540,1519,1500,1520,1653,1500,2012,8.3
2026-04-17,20:40:52.080,-25,-28,10,3969,240,25,44,16,500,27,15,437,1,104,673,1024,203,0,0,-1,-1,-1,0x1002480A90140005,1501,1536,1707,988,2012,1500,1552,1500,1500,1500,1193,1449,1500,1500,1500,1500,1500,1500,1372,1628,1500,1585,1500,2012,1500,1579,1536,1500,1520,1653,1500,2012,8.3
2026-04-17,20:40:52.580,-26,-28,10,3971,100,25,44,16,410,27,15,437,1,41,673,1024,203,0,0,-1,-1,-1,0x1002480A90140005,1501,1514,1730,988,2012,1500,1520,1500,1500,1500,1193,1449,1500,1500,1500,1500,1500,1500,1305,2012,1500,1585,1500,2012,1500,1531,1514,1500,1520,1653,1500,2012,8.3
2026-04-17,20:40:53.080,-24,-28,10,3971,100,25,44,16,48,27,15,437,1,97,673,1024,202,0,0,-1,-1,-1,0x1002480A90140005,1501,1534,1730,988,2012,1500,1548,1500,1500,1500,1193,1449,1500,1500,1500,1500,1500,1500,1372,1628,1500,1585,1500,2012,1500,1574,1534,1500,1520,1653,1500,2012,8.3
2026-04-17,20:40:53.580,-25,-28,10,3971,30,25,44,16,108,27,15,437,0,2,674,1024,201,0,0,-1,-1,-1,0x1002480A90140005,1501,1500,1730,988,2012,1500,1501,1500,1500,1500,1193,1449,1500,1500,1500,1500,1500,1500,1275,2012,1500,1585,1500,2012,1500,1501,1500,1500,1520,1653,1500,2012,8.3
2026-04-17,20:40:54.080,-25,-28,10,3974,0,25,44,16,0,27,15,437,1,2,673,1024,202,0,0,-1,-1,-1,0x1002480A90140005,1501,1500,1730,988,2012,1500,1501,1500,1500,1500,1193,1449,1500,1500,1500,1500,1500,1500,1372,2012,1500,1585,1500,2012,1500,1501,1500,1500,1520,1653,1500,2012,8.3
2026-04-17,20:40:54.580,-26,-28,10,3971,0,25,44,16,254,27,15,437,2,3,672,1024,203,0,0,-1,-1,-1,0x1002480A90140005,1501,1501,1730,988,2012,1501,1501,1500,1500,1501,1193,1449,1500,1500,1500,1500,1500,1500,1398,2012,1500,1585,1500,2012,1500,1502,1501,1500,1520,1653,1500,2012,8.3
2026-04-17,20:40:55.080,-27,-28,10,3970,0,25,44,16,0,27,15,437,1,3,673,1024,203,0,0,-1,-1,-1,0x1002480A90140005,1501,1501,1730,988,2012,1500,1501,1500,1500,1500,1193,1449,1500,1500,1500,1500,1500,1500,1500,2012,1500,1585,1500,2012,1500,1502,1501,1500,1520,1653,1500,2012,8.3
2026-04-17,20:40:55.580,-28,-28,10,3967,2830,25,44,16,0,27,15,437,2,111,673,1024,203,0,0,-1,-1,-1,0x1002480A90140005,1501,1537,1730,988,2012,1501,1555,1500,1500,1500,1193,1449,1500,1500,1500,1500,1500,1500,1372,1628,1500,1585,1500,2012,1500,1583,1537,1500,1520,1653,1500,2012,8.3
2026-04-17,20:40:56.080,-25,-28,10,3970,170,25,44,16,702,27,15,437,0,2,673,1024,203,0,0,-1,-1,-1,0x1002480A90140005,1501,1501,1730,988,2012,1500,1501,1500,1500,1500,1193,1449,1500,1500,1500,1500,1500,1500,988,2012,1500,1585,1500,2012,1500,1501,1501,1500,1520,1653,1500,2012,8.3
2026-04-17,20:40:56.580,-25,-28,10,3971,0,25,44,16,142,27,15,437,1,2,673,1024,203,0,0,-1,-1,-1,0x1002480A90140005,1501,1500,1730,988,2012,1500,1501,1500,1500,1500,1193,1449,1500,1500,1500,1500,1500,1500,1372,2012,1500,1585,1500,2012,1500,1501,1500,1500,1520,1653,1500,2012,8.3
2026-04-17,20:40:57.080,-24,-28,10,3971,0,25,44,16,0,27,15,437,1,4,673,1024,203,0,0,-1,-1,-1,0x1002480A90140005,1501,1501,1730,988,2012,1500,1502,1500,1500,1500,1193,1449,1500,1500,1500,1500,1500,1500,1372,2012,1500,1585,1500,2012,1500,1502,1501,1500,1520,1653,1500,2012,8.3
2026-04-17,20:40:57.580,-27,-28,10,3971,2030,25,44,16,64,27,15,437,1,81,673,1024,203,0,0,-1,-1,-1,0x1002480A90140005,1501,1530,1730,988,2012,1500,1540,1500,1500,1500,1193,1449,1500,1500,1500,1500,1500,1500,1372,1628,1500,1585,1500,2012,1500,1562,1530,1500,1520,1653,1500,2012,8.3
2026-04-17,20:40:58.080,-27,-28,10,3973,170,25,44,16,254,27,15,437,1,99,673,1024,203,0,0,-1,-1,-1,0x1002480A90140005,1501,1534,1730,988,2012,1500,1549,1500,1500,1500,1193,1449,1500,1500,1500,1500,1500,1500,1372,1628,1500,1585,1500,2012,1500,1575,1534,1500,1520,1653,1500,2012,8.3
2026-04-17,20:40:58.580,-24,-28,10,3973,100,25,44,16,422,27,15,437,1,2,673,1024,203,0,0,-1,-1,-1,0x1002480A90140005,1501,1500,1730,988,2012,1500,1501,1500,1500,1500,1193,1449,1500,1500,1500,1500,1500,1500,1018,2012,1500,1585,1500,2012,1500,1501,1500,1500,1520,1653,1500,2012,8.3
2026-04-17,20:40:59.080,-25,-28,10,3973,0,25,44,16,0,27,15,437,1,2,673,1024,203,0,0,-1,-1,-1,0x1002480A90140005,1501,1501,1730,988,2012,1500,1501,1500,1500,1500,1193,1449,1500,1500,1500,1500,1500,1500,1372,2012,1500,1585,1500,2012,1500,1502,1501,1500,1520,1653,1500,2012,8.3
2026-04-17,20:40:59.580,-27,-28,10,3973,0,25,44,16,600,27,15,437,1,3,673,1024,203,0,0,-1,-1,-1,0x1002480A90140005,1501,1501,1730,988,2012,1500,1501,1500,1500,1500,1193,1449,1500,1500,1500,1500,1500,1500,1372,2012,1500,1585,1500,2012,1500,1502,1501,1500,1520,1653,1500,2012,8.3
2026-04-17,20:41:00.080,-29,-24,10,3973,240,25,44,16,56,27,15,437,2,114,673,1024,203,0,0,-1,-1,-1,0x1002480A90140005,1501,1538,1730,988,2012,1501,1557,1500,1500,1501,1193,1449,1500,1500,1500,1500,1500,1500,1372,1628,1500,1585,1500,2012,1500,1586,1538,1500,1520,1653,1500,2012,8.3
2026-04-17,20:41:00.580,-29,-26,10,3973,100,25,44,16,732,27,15,437,1,3,673,1024,203,0,0,-1,-1,-1,0x1002480A90140005,1501,1501,1730,988,2012,1500,1501,1500,1500,1500,1193,1449,1500,1500,1500,1500,1500,1500,988,2012,1500,1585,1500,2012,1500,1502,1501,1500,1520,1653,1500,2012,8.3
2026-04-17,20:41:01.080,-26,-29,10,3972,1080,25,44,16,0,27,15,437,2,124,673,1024,203,0,0,-1,-1,-1,0x1002480A90140005,1501,1540,1730,988,2012,1501,1562,1500,1500,1500,1193,1449,1500,1500,1500,1500,1500,1500,1372,1628,1500,1585,1500,2012,1500,1592,1540,1500,1520,1653,1500,2012,8.3
2026-04-17,20:41:01.580,-26,-29,10,3976,380,25,44,16,562,27,15,437,1,8,673,1024,203,0,0,-1,-1,-1,0x1002480A90140005,1501,1502,1730,988,2012,1500,1504,1500,1500,1500,1193,1449,1500,1500,1500,1500,1500,1500,1101,2012,1500,1585,1500,2012,1500,1505,1502,1500,1520,1653,1500,2012,8.3
2026-04-17,20:41:02.080,-24,-29,10,3978,800,25,44,16,310,27,15,438,1,114,673,1024,203,0,0,-1,-1,-1,0x1002480A90140005,1501,1541,1730,988,2012,1500,1557,1500,1500,1500,1193,1449,1500,1500,1500,1500,1500,1500,1372,1628,1500,1585,1500,2012,1500,1595,1541,1500,1520,1653,1500,2012,8.3
2026-04-17,20:41:02.580,-24,-29,10,3978,0,25,44,16,376,27,15,438,1,2,673,1024,203,0,0,-1,-1,-1,0x1002480A90140005,1501,1500,1730,988,2012,1500,1501,1500,1500,1500,1193,1449,1500,1500,1500,1500,1500,1500,1315,2012,1500,1585,1500,2012,1500,1501,1500,1500,1520,1653,1500,2012,8.3
2026-04-17,20:41:03.080,-29,-29,10,3974,0,25,44,16,648,27,15,438,2,2,673,1024,203,0,0,-1,-1,-1,0x1002480A90140005,1501,1501,1730,988,2012,1501,1501,1500,1500,1501,1193,1449,1500,1500,1500,1500,1500,1500,1372,2012,1500,1585,1500,2012,1500,1502,1501,1500,1520,1653,1500,2012,8.3
2026-04-17,20:41:03.580,-30,-22,10,3973,520,25,44,16,0,27,15,438,1,128,673,1024,203,0,0,-1,-1,-1,0x1002480A90140005,1501,1541,1730,988,2012,1500,1564,1500,1500,1500,1193,1449,1500,1500,1500,1500,1500,1500,1372,1628,1500,1585,1500,2012,1500,1595,1541,1500,1520,1653,1500,2012,8.3
2026-04-17,20:41:04.080,-30,-26,10,3973,100,25,44,16,826,27,15,438,1,153,673,1024,203,0,0,-1,-1,-1,0x1002480A90140005,1501,1546,1730,988,2012,1500,1576,1500,1500,1500,1193,1449,1500,1500,1500,1500,1500,1500,1372,1628,1500,1585,1500,2012,1500,1611,1546,1500,1520,1653,1500,2012,8.3
2026-04-17,20:41:04.580,-25,-28,10,3974,70,25,44,16,786,27,15,438,2,3,673,1024,203,0,0,-1,-1,-1,0x1002480A90140005,1501,1501,1730,988,2012,1501,1501,1500,1500,1501,1193,1449,1500,1500,1500,1500,1500,1500,1183,2012,1500,1585,1500,2012,1500,1501,1501,1500,1520,1653,1500,2012,8.3
2026-04-17,20:41:05.080,-25,-28,10,3973,0,25,44,16,326,27,15,438,1,3,673,1024,203,0,0,-1,-1,-1,0x1002480A90140005,1501,1501,1730,988,2012,1500,1501,1500,1500,1500,1193,1449,1500,1500,1500,1500,1500,1500,1372,2012,1500,1585,1500,2012,1500,1502,1501,1500,1520,1653,1500,2012,8.3
2026-04-17,20:41:05.580,-30,-23,10,3973,0,25,44,16,550,27,15,438,1,4,673,1024,203,0,0,-1,-1,-1,0x1002480A90140005,1501,1501,1730,988,2012,1500,1502,1500,1500,1500,1193,1449,1500,1500,1500,1500,1500,1500,1372,2012,1500,1585,1500,2012,1500,1503,1501,1500,1520,1653,1500,2012,8.3
2026-04-17,20:41:06.080,-30,-23,10,3972,0,25,44,16,0,27,15,438,1,4,673,1024,203,0,0,-1,-1,-1,0x1002480A90140005,1501,1501,1730,988,2012,1500,1502,1500,1500,1500,1193,1449,1500,1500,1500,1500,1500,1500,1500,2012,1500,1585,1500,2012,1500,1503,1501,1500,1520,1653,1500,2012,8.3
2026-04-17,20:41:06.580,-30,-23,10,3968,0,25,44,16,0,27,15,438,1,3,673,1024,203,0,0,-1,-1,-1,0x1002480A90140005,1501,1501,1730,988,2012,1500,1501,1500,1500,1500,1193,1449,1500,1500,1500,1500,1500,1500,1500,2012,1500,1585,1500,2012,1500,1501,1501,1500,1520,1653,1500,2012,8.3
2026-04-17,20:41:07.080,-30,-24,10,3966,0,25,44,16,0,27,15,438,1,4,673,1024,203,0,0,-1,-1,-1,0x1002480A90140005,1501,1501,1730,988,2012,1500,1502,1500,1500,1500,1193,1449,1500,1500,1500,1500,1500,1500,1500,2012,1500,1585,1500,2012,1500,1503,1501,1500,1520,1653,1500,2012,8.3
2026-04-17,20:41:07.580,-30,-24,10,3966,0,25,44,16,0,27,15,438,1,48,672,1024,203,0,0,-1,-1,-1,0x1002480A90140005,1501,1517,1573,988,2012,1500,1524,1500,1500,1500,1193,1449,1500,1500,1500,1500,1500,1500,1500,2012,1500,1585,1500,2012,1500,1537,1517,1500,1520,1653,1500,2012,8.3
2026-04-17,20:41:08.080,-30,-24,10,3967,310,25,44,16,92,27,15,438,1,91,673,1024,203,0,0,-1,-1,-1,0x1002480A90140005,1501,1532,1730,988,2012,1500,1545,1500,1500,1500,1193,1449,1500,1500,1500,1500,1500,1500,1372,1628,1500,1585,1500,2012,1500,1568,1532,1500,1520,1653,1500,2012,8.4
2026-04-17,20:41:08.580,-27,-28,10,3970,2480,25,44,16,0,27,15,438,1,99,673,1024,203,0,0,-1,-1,-1,0x1002480A90140005,1501,1534,1670,988,2012,1500,1549,1500,1500,1501,1193,1449,1500,1500,1500,1500,1500,1500,1372,1628,1500,1585,1500,2012,1500,1575,1534,1500,1520,1653,1500,2012,8.4
2026-04-17,20:41:09.080,-25,-28,10,3973,70,25,44,16,384,27,15,438,1,2,673,1024,203,0,0,-1,-1,-1,0x1002480A90140005,1501,1500,1730,988,2012,1500,1501,1500,1500,1500,1193,1449,1500,1500,1500,1500,1500,1500,1152,2012,1500,1585,1500,2012,1500,1501,1500,1500,1520,1653,1500,2012,8.4
2026-04-17,20:41:09.580,-25,-28,10,3973,0,25,44,16,36,27,15,438,1,2,673,1024,202,0,0,-1,-1,-1,0x1002480A90140005,1501,1500,1730,988,2012,1500,1501,1500,1500,1500,1193,1449,1500,1500,1500,1500,1500,1500,1372,2012,1500,1585,1500,2012,1500,1501,1500,1500,1520,1653,1500,2012,8.4
2026-04-17,20:41:10.080,-31,-30,10,3973,0,25,44,16,124,27,15,438,1,3,673,1024,203,0,0,-1,-1,-1,0x1002480A90140005,1501,1501,1730,988,2012,1500,1501,1500,1500,1500,1193,1449,1500,1500,1500,1500,1500,1500,1372,2012,1500,1585,1500,2012,1500,1502,1501,1500,1520,1653,1500,2012,8.4
2026-04-17,20:41:10.580,-31,-30,10,3971,0,25,44,16,0,27,15,438,1,4,673,1024,203,0,0,-1,-1,-1,0x1002480A90140005,1501,1501,1730,988,2012,1500,1502,1500,1500,1500,1193,1449,1500,1500,1500,1500,1500,1500,1500,2012,1500,1585,1500,2012,1500,1503,1501,1500,1520,1653,1500,2012,8.4
2026-04-17,20:41:11.080,-31,-30,10,3968,0,25,44,16,0,27,15,438,1,4,673,1024,203,0,0,-1,-1,-1,0x1002480A90140005,1501,1501,1730,988,2012,1500,1502,1500,1500,1500,1193,1449,1500,1500,1500,1500,1500,1500,1500,2012,1500,1585,1500,2012,1500,1503,1501,1500,1520,1653,1500,2012,8.4
2026-04-17,20:41:11.580,-31,-30,10,3966,0,25,44,16,0,27,15,438,1,7,673,1024,203,0,0,-1,-1,-1,0x1002480A90140005,1501,1502,1730,988,2012,1500,1503,1500,1500,1500,1193,1449,1500,1500,1500,1500,1500,1500,1500,2012,1500,1585,1500,2012,1500,1505,1502,1500,1520,1653,1500,2012,8.4
2026-04-17,20:41:12.080,-31,-30,10,3966,0,25,44,16,0,27,15,438,1,10,673,1024,203,0,0,-1,-1,-1,0x1002480A90140005,1501,1503,1587,988,2012,1500,1505,1500,1500,1500,1193,1449,1500,1500,1500,1500,1500,1500,1500,2012,1500,1585,1500,2012,1500,1508,1503,1500,1520,1653,1500,2012,8.4
2026-04-17,20:41:12.580,-31,-30,10,3966,0,25,44,16,0,27,15,438,1,11,673,1024,203,0,0,-1,-1,-1,0x1002480A90140004,1501,1504,1500,988,2012,1500,1505,1500,1500,1500,1193,1449,1500,1500,1500,1500,1500,1500,1500,2012,1500,1585,1500,2012,1500,1509,1504,1500,1520,1653,1500,2012,8.4
2026-04-17,20:41:13.080,-31,-30,10,3966,0,25,44,16,0,27,15,438,1,9,673,1024,203,0,0,-1,-1,-1,0x1002480A90140004,1501,1503,1500,988,2012,1500,1504,1500,1500,1500,1193,1449,1500,1500,1500,1500,1500,1500,1500,2012,1500,1585,1500,2012,1500,1508,1503,1500,1520,1653,1500,2012,8.4
2026-04-17,20:41:13.580,-31,-29,10,3966,0,25,44,16,0,27,15,438,1,3,673,1024,203,0,0,-1,-1,-1,0x1002480A90140004,1501,1501,1500,988,2012,1500,1501,1500,1500,1500,1193,1449,1500,1500,1500,1500,1500,1500,1500,2012,1500,1585,1500,2012,1500,1502,1501,1500,1520,1653,1500,2012,8.4
2026-04-17,20:41:14.080,-31,-30,10,3966,0,25,44,16,0,27,15,438,1,2,673,1024,203,0,0,-1,-1,-1,0x1002480A90140004,1501,1500,1500,988,2012,1500,1501,1500,1500,1500,1193,1449,1500,1500,1500,1500,1500,1500,1500,2012,1500,1585,1500,2012,1500,1501,1500,1500,1520,1653,1500,2012,8.4
2026-04-17,20:41:14.580,-31,-31,10,3966,0,25,44,16,0,27,15,438,1,2,673,1024,203,0,0,-1,-1,-1,0x1002480A90140004,1501,1500,1500,988,2012,1500,1501,1500,1500,1500,1193,1449,1500,1500,1500,1500,1500,1500,1500,2012,1500,1585,1500,2012,1500,1501,1500,1500,1520,1653,1500,2012,8.4
2026-04-17,20:41:15.080,-31,-31,10,3966,0,25,44,16,0,27,15,438,1,4,673,1024,202,0,0,-1,-1,-1,0x1002480A90140004,1501,1501,1500,988,2012,1500,1502,1500,1500,1500,1193,1449,1500,1500,1500,1500,1500,1500,1500,2012,1500,1585,1500,2012,1500,1503,1501,1500,1520,1653,1500,2012,8.4
2026-04-17,20:41:15.580,-31,-31,10,3966,0,25,44,16,0,27,15,438,1,5,673,1024,203,0,0,-1,-1,-1,0x1002480A90140004,1501,1501,1500,988,2012,1500,1502,1500,1500,1500,1193,1449,1500,1500,1500,1500,1500,1500,1500,2012,1500,1585,1500,2012,1500,1504,1501,1500,1520,1653,1500,2012,8.4
2026-04-17,20:41:16.080,-31,-32,10,3966,0,25,44,16,0,27,15,438,1,5,673,1024,203,0,0,-1,-1,-1,0x1002480A90140004,1501,1501,1500,988,2012,1500,1502,1500,1500,1500,1193,1449,1500,1500,1500,1500,1500,1500,1500,2012,1500,1585,1500,2012,1500,1503,1501,1500,1520,1653,1500,2012,8.3
2026-04-17,20:41:16.580,-31,-32,10,3966,0,25,44,16,0,27,15,438,1,4,673,1024,202,0,0,-1,-1,-1,0x1002480A90140004,1501,1501,1500,988,2012,1500,1502,1500,1500,1500,1193,1449,1500,1500,1500,1500,1500,1500,1500,2012,1500,1585,1500,2012,1500,1503,1501,1500,1520,1653,1500,2012,8.3
2026-04-17,20:41:17.080,-31,-32,10,3966,0,25,44,16,0,27,15,438,1,4,673,1024,203,0,0,-1,-1,-1,0x1002480A90140004,1501,1501,1500,988,2012,1500,1502,1500,1500,1500,1193,1449,1500,1500,1500,1500,1500,1500,1500,2012,1500,1585,1500,2012,1500,1503,1501,1500,1520,1653,1500,2012,8.3
2026-04-17,20:41:17.580,-31,-31,10,3966,0,25,44,16,0,27,15,438,1,5,673,1024,203,0,0,-1,-1,-1,0x1002480A90140004,1501,1501,1500,988,2012,1500,1502,1500,1500,1500,1193,1449,1500,1500,1500,1500,1500,1500,1500,2012,1500,1585,1500,2012,1500,1504,1501,1500,1520,1653,1500,2012,8.3
2026-04-17,20:41:18.080,-31,-31,10,3966,0,25,44,16,0,27,15,438,1,4,673,1024,203,0,0,-1,-1,-1,0x1002480A90140004,1501,1501,1500,988,2012,1500,1502,1500,1500,1500,1193,1449,1500,1500,1500,1500,1500,1500,1500,2012,1500,1585,1500,2012,1500,1503,1501,1500,1520,1653,1500,2012,8.3
2026-04-17,20:41:18.580,-31,-31,10,3966,0,25,44,16,0,27,15,438,1,4,673,1024,203,0,0,-1,-1,-1,0x1002480A90140004,1501,1501,1500,988,2012,1500,1502,1500,1500,1500,1193,1449,1500,1500,1500,1500,1500,1500,1500,2012,1500,1585,1500,2012,1500,1503,1501,1500,1520,1653,1500,2012,8.3
2026-04-17,20:41:19.080,-31,-31,10,3966,0,25,44,16,0,27,15,438,2,3,673,1024,203,0,0,-1,-1,-1,0x1002480A90140004,1501,1501,1500,988,2012,1501,1501,1500,1500,1501,1193,1449,1500,1500,1500,1500,1500,1500,1500,2012,1500,1585,1500,2012,1500,1502,1501,1500,1520,1653,1500,2012,8.3
2026-04-17,20:41:19.580,-31,-31,10,3966,0,25,44,16,0,27,15,438,1,3,673,1024,202,0,0,-1,-1,-1,0x1002480A90140004,1501,1501,1500,988,2012,1500,1501,1500,1500,1500,1193,1449,1500,1500,1500,1500,1500,1500,1500,2012,1500,1585,1500,2012,1500,1502,1501,1500,1520,1653,1500,2012,8.3
2026-04-17,20:41:20.080,-31,-31,10,3966,0,25,44,16,0,27,15,438,1,4,673,1024,203,0,0,-1,-1,-1,0x1002480A90140004,1501,1501,1500,988,2012,1500,1502,1500,1500,1500,1193,1449,1500,1500,1500,1500,1500,1500,1500,2012,1500,1585,1500,2012,1500,1503,1501,1500,1520,1653,1500,2012,8.3
2026-04-17,20:41:20.580,-31,-31,10,3966,0,25,44,16,0,27,15,438,1,4,673,1024,203,0,0,-1,-1,-1,0x1002480A90140004,1501,1501,1500,988,2012,1500,1502,1500,1500,1500,1193,1449,1500,1500,1500,1500,1500,1500,1500,2012,1500,1585,1500,2012,1500,1503,1501,1500,1520,1653,1500,2012,8.3
2026-04-17,20:41:21.080,-31,-31,10,3966,0,25,44,16,0,27,15,438,1,4,673,1024,203,0,0,-1,-1,-1,0x1002480A90140004,1501,1501,1500,988,2012,1500,1502,1500,1500,1500,1193,1449,1500,1500,1500,1500,1500,1500,1500,2012,1500,1585,1500,2012,1500,1503,1501,1500,1520,1653,1500,2012,8.3
2026-04-17,20:41:21.580,-31,-32,10,3966,0,25,44,16,0,27,15,438,1,3,673,1024,203,0,0,-1,-1,-1,0x1002480A90140004,1501,1501,1500,988,2012,1500,1501,1500,1500,1500,1193,1449,1500,1500,1500,1500,1500,1500,1500,2012,1500,1585,1500,2012,1500,1502,1501,1500,1520,1653,1500,2012,8.3
2026-04-17,20:41:22.080,-31,-32,10,3966,0,25,44,16,0,27,15,438,1,4,673,1024,203,0,0,-1,-1,-1,0x1002480A90140004,1501,1501,1500,988,2012,1500,1502,1500,1500,1500,1193,1449,1500,1500,1500,1500,1500,1500,1500,2012,1500,1585,1500,2012,1500,1503,1501,1500,1520,1653,1500,2012,8.3
2026-04-17,20:41:22.580,-31,-31,10,3966,0,25,44,16,0,27,15,438,1,4,673,1024,203,0,0,-1,-1,-1,0x1002480A90140004,1501,1501,1500,988,2012,1500,1502,1500,1500,1500,1193,1449,1500,1500,1500,1500,1500,1500,1500,2012,1500,1585,1500,2012,1500,1503,1501,1500,1520,1653,1500,2012,8.3
2026-04-17,20:41:23.080,-31,-31,10,3966,0,25,44,16,0,27,15,438,1,3,673,1024,203,0,0,-1,-1,-1,0x1002480A90140004,1501,1501,1500,988,2012,1500,1502,1500,1500,1500,1193,1449,1500,1500,1500,1500,1500,1500,1500,2012,1500,1585,1500,2012,1500,1502,1501,1500,1520,1653,1500,2012,8.3
2026-04-17,20:41:23.580,-31,-32,10,3966,0,25,44,16,0,27,15,438,2,4,673,1024,203,0,0,-1,-1,-1,0x1002480A90140004,1501,1501,1500,988,2012,1501,1502,1500,1500,1501,1193,1449,1500,1500,1500,1500,1500,1500,1500,2012,1500,1585,1500,2012,1500,1503,1501,1500,1520,1653,1500,2012,8.3
2026-04-17,20:41:24.080,-31,-32,10,3966,0,25,44,16,0,26,15,438,1,3,673,1024,203,0,0,-1,-1,-1,0x1002480A90140004,1501,1501,1500,988,2012,1500,1501,1500,1500,1501,1193,1449,1500,1500,1500,1500,1500,1500,1500,2012,1500,1585,1500,2012,1500,1502,1501,1500,1520,1653,1500,2012,8.3
2026-04-17,20:41:24.580,-31,-31,10,3966,0,25,44,16,0,26,15,438,1,3,674,1024,202,0,0,-1,-1,-1,0x1002480A90140004,1501,1501,1500,988,2012,1500,1501,1500,1500,1500,1193,1449,1500,1500,1500,1500,1500,1500,1500,2012,1500,1585,1500,2012,1500,1502,1501,1500,1520,1653,1500,2012,8.3
2026-04-17,20:41:25.080,-31,-31,10,3966,0,25,44,16,0,26,15,438,2,4,673,1024,203,0,0,-1,-1,-1,0x1002480A90140004,1501,1501,1500,988,2012,1501,1502,1500,1500,1501,1193,1449,1500,1500,1500,1500,1500,1500,1500,2012,1500,1585,1500,2012,1500,1503,1501,1500,1520,1653,1500,2012,8.3
2026-04-17,20:41:25.580,-31,-31,10,3966,0,25,44,16,0,26,15,438,1,4,674,1024,202,0,0,-1,-1,-1,0x1002480A90140004,1501,1501,1500,988,2012,1500,1502,1500,1500,1500,1193,1449,1500,1500,1500,1500,1500,1500,1500,2012,1500,1585,1500,2012,1500,1503,1501,1500,1520,1653,1500,2012,8.3
2026-04-17,20:41:26.080,-31,-32,10,3966,0,25,44,16,0,26,15,438,1,4,673,1024,203,0,0,-1,-1,-1,0x1002480A90140004,1501,1501,1500,988,2012,1500,1502,1500,1500,1500,1193,1449,1500,1500,1500,1500,1500,1500,1500,2012,1500,1585,1500,2012,1500,1503,1501,1500,1520,1653,1500,2012,8.3
2026-04-17,20:41:26.580,-31,-32,10,3966,0,25,44,16,0,26,15,438,1,4,673,1024,202,0,0,-1,-1,-1,0x1002480A90140004,1501,1501,1500,988,2012,1500,1502,1500,1500,1500,1193,1449,1500,1500,1500,1500,1500,1500,1500,2012,1500,1585,1500,2012,1500,1503,1501,1500,1520,1653,1500,2012,8.3
2026-04-17,20:41:27.080,-31,-31,10,3966,0,25,44,16,0,26,15,438,1,3,673,1024,203,0,0,-1,-1,-1,0x1002480A90140004,1501,1501,1500,988,2012,1500,1501,1500,1500,1500,1193,1449,1500,1500,1500,1500,1500,1500,1500,2012,1500,1585,1500,2012,1500,1502,1501,1500,1520,1653,1500,2012,8.3
2026-04-17,20:41:27.580,-31,-31,10,3966,0,25,44,16,0,26,15,438,2,4,673,1024,203,0,0,-1,-1,-1,0x1002480A90140004,1501,1501,1500,988,2012,1501,1502,1500,1500,1501,1193,1449,1500,1500,1500,1500,1500,1500,1500,2012,1500,1585,1500,2012,1500,1503,1501,1500,1520,1653,1500,2012,8.3
2026-04-17,20:41:28.080,-31,-32,10,3966,0,25,44,16,0,26,15,438,1,3,673,1024,203,0,0,-1,-1,-1,0x1002480A90140004,1501,1501,1500,988,2012,1500,1501,1500,1500,1500,1193,1449,1500,1500,1500,1500,1500,1500,1500,2012,1500,1585,1500,2012,1500,1502,1501,1500,1520,1653,1500,2012,8.3
2026-04-17,20:41:28.580,-31,-31,10,3966,0,25,44,16,0,26,15,438,1,3,673,1024,203,0,0,-1,-1,-1,0x1002480A90140004,1501,1500,1500,988,2012,1500,1501,1500,1500,1500,1193,1449,1500,1500,1500,1500,1500,1500,1500,2012,1500,1585,1500,2012,1500,1502,1500,1500,1520,1653,1500,2012,8.3
2026-04-17,20:41:29.080,-31,-30,10,3966,0,25,44,16,0,26,15,438,1,2,673,1024,203,0,0,-1,-1,-1,0x1002480A90140004,1501,1500,1500,988,2012,1500,1500,1500,1500,1501,1193,1449,1500,1500,1500,1500,1500,1500,1500,2012,1500,1585,1500,2012,1500,1501,1500,1500,1520,1653,1500,2012,8.3
2026-04-17,20:41:29.580,-31,-29,10,3966,0,25,44,16,0,26,15,438,1,3,673,1024,203,0,0,-1,-1,-1,0x1002480A90140004,1501,1501,1500,988,2012,1500,1501,1500,1500,1500,1193,1449,1500,1500,1500,1500,1500,1500,1500,2012,1500,1585,1500,2012,1500,1502,1501,1500,1520,1653,1500,2012,8.3
2026-04-17,20:41:30.080,-31,-28,10,3966,0,25,44,16,0,26,15,438,1,2,673,1024,203,0,0,-1,-1,-1,0x1002480A90140004,1501,1501,1500,988,2012,1500,1501,1500,1500,1500,1193,1449,1500,1500,1500,1500,1500,1500,1500,2012,1500,1585,1500,2012,1500,1502,1501,1500,1520,1653,1500,2012,8.3
2026-04-17,20:41:30.580,-31,-28,10,3966,0,25,44,16,0,26,15,438,1,5,673,1024,202,0,0,-1,-1,-1,0x1002480A90140004,1501,1501,1500,988,2012,1500,1502,1500,1500,1500,1193,1449,1500,1500,1500,1500,1500,1500,1500,2012,1500,1585,1500,2012,1500,1504,1501,1500,1520,1653,1500,2012,8.3
2026-04-17,20:41:31.080,-31,-28,10,3966,0,25,44,16,0,26,15,438,1,1,673,1024,203,0,0,-1,-1,-1,0x1002480A90140004,1501,1500,1500,988,2012,1500,1500,1500,1500,1500,1193,1449,1500,1500,1500,1500,1500,1500,1500,2012,1500,1585,1500,2012,1500,1501,1500,1500,1520,1653,1500,2012,8.3
2026-04-17,20:41:31.580,-31,-28,10,3966,0,25,44,16,0,26,15,438,1,2,673,1024,203,0,0,-1,-1,-1,0x1002480A90140004,1501,1500,1500,988,2012,1500,1501,1500,1500,1500,1193,1449,1500,1500,1500,1500,1500,1500,1500,2012,1500,1585,1500,2012,1500,1501,1500,1500,1520,1653,1500,2012,8.3
2026-04-17,20:41:32.080,-31,-28,10,3966,0,25,44,16,0,26,15,438,1,2,673,1024,203,0,0,-1,-1,-1,0x1002480A90140004,1501,1500,1500,988,2012,1500,1501,1500,1500,1500,1193,1449,1500,1500,1500,1500,1500,1500,1500,2012,1500,1585,1500,2012,1500,1501,1500,1500,1520,1653,1500,2012,8.4
2026-04-17,20:41:32.580,-31,-28,10,3966,0,25,44,16,0,26,15,438,1,3,673,1024,203,0,0,-1,-1,-1,0x1002480A90140004,1501,1501,1500,988,2012,1500,1501,1500,1500,1500,1193,1449,1500,1500,1500,1500,1500,1500,1500,2012,1500,1585,1500,2012,1500,1501,1501,1500,1520,1653,1500,2012,8.4
2026-04-17,20:41:33.080,-31,-28,10,3966,0,25,44,16,0,26,15,438,1,3,673,1024,203,0,0,-1,-1,-1,0x1002480A90140004,1501,1501,1500,988,2012,1500,1501,1500,1500,1500,1193,1449,1500,1500,1500,1500,1500,1500,1500,2012,1500,1585,1500,2012,1500,1502,1501,1500,1520,1653,1500,2012,8.4
2026-04-17,20:41:33.580,-31,-28,10,3966,0,25,44,16,0,26,15,438,1,4,673,1024,203,0,0,-1,-1,-1,0x1002480A90140004,1501,1501,1500,988,2012,1500,1502,1500,1500,1500,1193,1449,1500,1500,1500,1500,1500,1500,1500,2012,1500,1585,1500,2012,1500,1503,1501,1500,1520,1653,1500,2012,8.4
2026-04-17,20:41:34.080,-31,-28,10,3966,0,25,44,16,0,26,15,438,2,4,673,1024,203,0,0,-1,-1,-1,0x1002480A90140004,1501,1501,1500,988,2012,1501,1502,1500,1500,1501,1193,1449,1500,1500,1500,1500,1500,1500,1500,2012,1500,1585,1500,2012,1500,1503,1501,1500,1520,1653,1500,2012,8.4
2026-04-17,20:41:34.580,-31,-28,10,3966,0,25,44,16,0,26,15,438,1,5,673,1024,203,0,0,-1,-1,-1,0x1002480A90140004,1501,1501,1500,988,2012,1500,1502,1500,1500,1500,1193,1449,1500,1500,1500,1500,1500,1500,1500,2012,1500,1585,1500,2012,1500,1503,1501,1500,1520,1653,1500,2012,8.4
2026-04-17,20:41:35.080,-31,-28,10,3966,0,25,44,16,0,26,15,438,1,5,673,1024,203,0,0,-1,-1,-1,0x1002480A90140004,1501,1501,1500,988,2012,1500,1502,1500,1500,1500,1193,1449,1500,1500,1500,1500,1500,1500,1500,2012,1500,1585,1500,2012,1500,1504,1501,1500,1520,1653,1500,2012,8.4
2026-04-17,20:41:35.580,-31,-28,10,3966,0,25,44,16,0,26,15,438,1,4,673,1024,203,0,0,-1,-1,-1,0x1002480A90140004,1501,1501,1500,988,2012,1500,1502,1500,1500,1500,1193,1449,1500,1500,1500,1500,1500,1500,1500,2012,1500,1585,1500,2012,1500,1503,1501,1500,1520,1653,1500,2012,8.4
2026-04-17,20:41:36.080,-31,-27,10,3966,0,25,44,16,0,26,15,438,1,3,673,1024,202,0,0,-1,-1,-1,0x1002480A90140004,1501,1501,1500,988,2012,1500,1501,1500,1500,1501,1193,1449,1500,1500,1500,1500,1500,1500,1500,2012,1500,1585,1500,2012,1500,1502,1501,1500,1520,1653,1500,2012,8.4
2026-04-17,20:41:36.580,-31,-28,10,3966,0,25,44,16,0,26,15,438,1,3,673,1024,202,0,0,-1,-1,-1,0x1002480A90140004,1501,1501,1500,988,2012,1500,1501,1500,1500,1500,1193,1449,1500,1500,1500,1500,1500,1500,1500,2012,1500,1585,1500,2012,1500,1502,1501,1500,1520,1653,1500,2012,8.4
2026-04-17,20:41:37.080,-31,-27,10,3966,0,25,44,16,0,26,15,438,2,4,673,1024,203,0,0,-1,-1,-1,0x1002480A90140004,1501,1501,1500,988,2012,1501,1502,1500,1500,1501,1193,1449,1500,1500,1500,1500,1500,1500,1500,2012,1500,1585,1500,2012,1500,1503,1501,1500,1520,1653,1500,2012,8.4
2026-04-17,20:41:37.580,-31,-28,10,3966,0,25,44,16,0,26,15,438,1,4,673,1024,203,0,0,-1,-1,-1,0x1002480A90140004,1501,1501,1500,988,2012,1500,1502,1500,1500,1500,1193,1449,1500,1500,1500,1500,1500,1500,1500,2012,1500,1585,1500,2012,1500,1503,1501,1500,1520,1653,1500,2012,8.4
2026-04-17,20:41:38.080,-31,-28,10,3966,0,25,44,16,0,26,15,438,1,4,673,1024,203,0,0,-1,-1,-1,0x1002480A90140004,1501,1501,1500,988,2012,1500,1502,1500,1500,1500,1193,1449,1500,1500,1500,1500,1500,1500,1500,2012,1500,1585,1500,2012,1500,1503,1501,1500,1520,1653,1500,2012,8.4
2026-04-17,20:41:38.580,-31,-28,10,3966,0,25,44,16,0,26,15,438,2,3,673,1024,203,0,0,-1,-1,-1,0x1002480A90140004,1501,1501,1500,988,2012,1500,1501,1500,1500,1501,1193,1449,1500,1500,1500,1500,1500,1500,1500,2012,1500,1585,1500,2012,1500,1503,1501,1500,1520,1653,1500,2012,8.4
2026-04-17,20:41:39.080,-31,-28,10,3966,0,25,44,16,0,26,15,438,1,4,673,1024,202,0,0,-1,-1,-1,0x1002480A90140004,1501,1501,1500,988,2012,1500,1502,1500,1500,1500,1193,1449,1500,1500,1500,1500,1500,1500,1500,2012,1500,1585,1500,2012,1500,1502,1501,1500,1520,1653,1500,2012,8.4
2026-04-17,20:41:39.580,-31,-28,10,3966,0,25,44,16,0,26,15,438,2,4,673,1024,203,0,0,-1,-1,-1,0x1002480A90140004,1501,1501,1500,988,2012,1501,1502,1500,1500,1501,1193,1449,1500,1500,1500,1500,1500,1500,1500,2012,1500,1585,1500,2012,1500,1503,1501,1500,1520,1653,1500,2012,8.4
2026-04-17,20:41:40.080,-31,-29,10,3966,0,25,44,16,0,26,15,438,1,3,673,1024,203,0,0,-1,-1,-1,0x1002480A90140004,1501,1501,1500,988,2012,1500,1501,1500,1500,1500,1193,1449,1500,1500,1500,1500,1500,1500,1500,2012,1500,1585,1500,2012,1500,1502,1501,1500,1520,1653,1500,2012,8.3
2026-04-17,20:41:40.580,-31,-29,10,3966,0,25,44,16,0,26,15,438,1,3,673,1024,203,0,0,-1,-1,-1,0x1002480A90140004,1501,1501,1500,988,2012,1500,1501,1500,1500,1500,1193,1449,1500,1500,1500,1500,1500,1500,1500,2012,1500,1585,1500,2012,1500,1502,1501,1500,1520,1653,1500,2012,8.3
2026-04-17,20:41:41.080,-31,-28,10,3966,0,25,44,16,0,26,15,438,1,4,673,1024,203,0,0,-1,-1,-1,0x1002480A90140004,1501,1501,1500,988,2012,1500,1502,1500,1500,1500,1193,1449,1500,1500,1500,1500,1500,1500,1500,2012,1500,1585,1500,2012,1500,1503,1501,1500,1520,1653,1500,2012,8.3
2026-04-17,20:41:41.580,-31,-28,10,3966,0,25,44,16,0,26,15,438,1,3,673,1024,202,0,0,-1,-1,-1,0x1002480A90140004,1501,1501,1500,988,2012,1500,1501,1500,1500,1500,1193,1449,1500,1500,1500,1500,1500,1500,1500,2012,1500,1585,1500,2012,1500,1503,1501,1500,1520,1653,1500,2012,8.3
2026-04-17,20:41:42.080,-31,-28,10,3966,0,25,44,16,0,26,15,438,1,-184,673,1024,203,0,0,-1,-1,-1,0x1002480A921C0004,1501,1377,1500,1151,2012,1500,1403,1344,1500,1500,1193,1449,1500,1500,1500,1500,1500,1344,1500,2012,1500,1585,1500,2012,1500,1367,1500,1500,1520,1653,1344,2012,8.3
2026-04-17,20:41:42.580,-31,-28,10,3966,0,25,44,16,0,26,15,438,1,2,673,1024,203,0,0,-1,-1,-1,0x1002480A90140004,1501,1500,1500,988,2012,1500,1501,1500,1500,1500,1193,1449,1500,1500,1500,1500,1500,1500,1500,2012,1500,1585,1500,2012,1500,1501,1500,1500,1520,1653,1500,2012,8.3
2026-04-17,20:41:43.080,-31,-29,10,3966,0,25,44,16,0,26,15,438,2,-422,673,1024,203,0,0,-1,-1,-1,0x1002480A92100004,1501,1304,1500,1248,2012,1501,1289,1252,1500,1501,1193,1449,1500,1500,1500,1500,1500,1251,1500,2012,1500,1585,1500,2012,1500,1229,1500,1500,1520,1653,1208,2012,8.3
2026-04-17,20:41:43.580,-31,-28,10,3966,0,25,44,16,0,26,15,438,1,-688,673,1024,203,0,0,-1,-1,-1,0x1002480A92100004,1501,1252,1500,1308,2012,1500,1156,1186,1500,1501,1193,1449,1500,1500,1500,1500,1500,1186,1500,2012,1500,1585,1500,2012,1500,1116,1500,1500,1520,1653,1131,2012,8.3
2026-04-17,20:41:44.080,-31,-28,10,3966,0,25,44,16,0,26,15,438,1,-126,673,1024,203,0,0,-1,-1,-1,0x1002480A92180004,1501,1429,1500,1082,2012,1501,1446,1410,1500,1500,1193,1449,1500,1500,1500,1500,1500,1410,1500,2012,1500,1585,1500,2012,1500,1388,1500,1500,1520,1653,1394,2012,8.3
2026-04-17,20:41:44.580,-31,-28,10,3966,0,25,44,16,0,26,15,438,1,-738,673,1024,203,0,0,-1,-1,-1,0x1002480A92100004,1501,1252,1500,1308,2012,1500,1131,1186,1500,1500,1193,1449,1500,1500,1500,1500,1500,1186,1500,2012,1500,1585,1500,2012,1500,1092,1500,1500,1520,1653,1131,2012,8.3
2026-04-17,20:41:45.080,-31,-29,10,3966,0,25,44,16,0,26,15,438,1,3,673,1024,203,0,0,-1,-1,-1,0x1002480A90140004,1501,1501,1500,988,2012,1500,1501,1500,1500,1500,1193,1449,1500,1500,1500,1500,1500,1500,1500,2012,1500,1585,1500,2012,1500,1502,1501,1500,1520,1653,1500,2012,8.3
2026-04-17,20:41:45.580,-31,-28,10,3966,0,25,44,16,0,26,15,438,1,-498,673,1024,203,0,0,-1,-1,-1,0x1002480A92180004,1501,1284,1500,1274,2012,1500,1251,1227,1500,1500,1193,1449,1500,1500,1500,1500,1500,1227,1500,2012,1500,1585,1500,2012,1500,1193,1500,1500,1520,1653,1178,2012,8.3
2026-04-17,20:41:46.080,-31,-28,10,3966,0,25,44,16,0,26,15,438,1,-297,673,1024,203,0,0,-1,-1,-1,0x1002480A92100004,1501,1345,1500,1194,2012,1500,1352,1303,1500,1500,1193,1449,1500,1500,1500,1500,1500,1303,1500,2012,1500,1585,1500,2012,1500,1283,1500,1500,1520,1653,1269,2012,8.3
2026-04-17,20:41:46.580,-31,-28,10,3966,0,25,44,16,0,26,15,438,1,-567,673,1024,203,0,0,-1,-1,-1,0x1002480A921C0004,1501,1230,1500,1327,2012,1500,1217,1158,1500,1500,1193,1449,1500,1500,1500,1500,1500,1158,1500,2012,1500,1585,1500,2012,1500,1191,1500,1500,1520,1653,1153,2012,8.3
2026-04-17,20:41:47.080,-31,-27,10,3966,0,25,44,16,0,26,15,438,3,-422,673,1024,203,0,0,-1,-1,-1,0x1002480A92180004,1501,1304,1500,1248,2012,1501,1289,1252,1500,1501,1193,1449,1500,1500,1500,1500,1500,1251,1500,2012,1500,1585,1500,988,1500,1295,1500,1500,1520,1653,1208,2012,8.3
2026-04-17,20:41:47.580,-31,-27,10,3966,0,25,44,16,0,26,15,438,2,-736,673,1024,203,0,0,-1,-1,-1,0x1002480A92180004,1501,1252,1500,1308,2012,1501,1132,1186,1500,1501,1193,1449,1500,1500,1500,1500,1500,1186,1500,2012,1500,1585,1500,2012,1500,1092,1500,1500,1520,1653,1131,2012,8.3
2026-04-17,20:41:48.080,-31,-27,10,3966,0,25,44,16,0,26,15,438,3,-861,673,1024,203,0,0,-1,-1,-1,0x1002480A92100004,1501,1169,1500,1377,2012,1501,1070,1500,1080,1501,1193,1449,1500,1500,1500,1500,1500,1080,1500,2012,1500,1585,1500,2012,1500,1052,1500,1500,1520,1653,1080,2012,8.3
2026-04-17,20:41:48.580,-31,-27,10,3966,0,25,44,16,0,26,15,438,2,-704,673,1024,203,0,0,-1,-1,-1,0x1002480A92180004,1501,1252,1500,1308,2012,1501,1148,1186,1500,1501,1193,1449,1500,1500,1500,1500,1500,1186,1500,2012,1500,1585,1500,2012,1500,1096,1500,1500,1520,1653,1131,2012,8.3
2026-04-17,20:41:49.080,-31,-27,10,3966,0,25,44,16,0,26,15,438,1,-741,673,1024,203,0,0,-1,-1,-1,0x1002480A921C0004,1501,1208,1500,1344,2012,1500,1130,1131,1500,1500,1193,1449,1500,1500,1500,1500,1500,1131,1500,2012,1500,1585,1500,2012,1500,1090,1500,1500,1520,1653,1131,2012,8.3
2026-04-17,20:41:49.580,-31,-27,10,3966,0,25,44,16,0,26,15,438,4,-1024,673,1024,203,0,0,-1,-1,-1,0x1002480A92100004,1502,1169,1500,1377,2012,1502,988,1500,1080,1502,1193,1449,1500,1500,1500,1500,1500,1080,1500,2012,1500,1585,1500,2012,1500,988,1500,1500,1520,1653,1080,2012,8.3
2026-04-17,20:41:50.080,-31,-27,10,3966,0,25,44,16,0,26,15,438,1,4,673,1024,203,0,0,-1,-1,-1,0x1002480A90140004,1501,1501,1500,988,2012,1500,1502,1500,1500,1500,1193,1449,1500,1500,1500,1500,1500,1500,1500,2012,1500,1585,1500,2012,1500,1503,1501,1500,1520,1653,1500,2012,8.3
2026-04-17,20:41:50.580,-31,-26,10,3966,0,25,44,16,0,26,15,438,1,2,673,1024,203,0,0,-1,-1,-1,0x1002480A90140004,1501,1500,1500,988,2012,1500,1501,1500,1500,1500,1193,1449,1500,1500,1500,1500,1500,1500,1500,2012,1500,1585,1500,2012,1500,1501,1500,1500,1520,1653,1500,2012,8.3
2026-04-17,20:41:51.080,-31,-27,10,3966,0,25,44,16,0,26,15,438,1,-2,673,1024,203,0,0,-1,-1,-1,0x1002480A90140004,1501,1498,1500,990,2012,1500,1499,1498,1500,1500,1193,1449,1500,1500,1500,1500,1500,1498,1500,2012,1500,1585,1500,2012,1500,1498,1500,1500,1520,1653,1498,2012,8.3
2026-04-17,20:41:51.580,-31,-27,10,3966,0,25,44,16,192,26,15,438,1,-737,673,1024,203,0,0,-1,-1,-1,0x1002480A92180004,1501,1252,1500,1308,2012,1500,1132,1186,1500,1500,1193,1449,1500,1500,1500,1500,1500,1186,1500,2012,1500,1585,1500,2012,1500,1092,1500,1500,1520,1653,1131,2012,8.3
2026-04-17,20:41:52.080,-31,-23,10,3966,0,25,44,16,318,26,15,438,1,-1024,673,1024,202,0,0,-1,-1,-1,0x1002480A92100004,1501,1169,1500,1377,2012,1500,988,1500,1080,1500,1193,1449,1500,1500,1500,1500,1500,1080,1500,2012,1500,1585,1500,2012,1500,988,1500,1500,1520,1653,1080,2012,8.3
2026-04-17,20:41:52.580,-31,-25,10,3966,0,25,44,16,58,26,15,438,1,-1024,673,1024,203,0,0,-1,-1,-1,0x1002480A92180004,1501,1169,1500,1377,2012,1500,988,1500,1080,1500,1193,1449,1500,1500,1500,1500,1500,1080,1500,2012,1500,1585,1500,2012,1500,988,1500,1500,1520,1653,1080,2012,8.3
2026-04-17,20:41:53.080,-31,-24,10,3966,0,25,44,16,0,26,15,438,1,-1024,673,1024,203,0,0,-1,-1,-1,0x1002480A92100004,1501,1169,1500,1377,2012,1500,988,1500,1080,1500,1193,1449,1500,1500,1500,1500,1500,1080,1500,2012,1500,1585,1500,2012,1500,988,1500,1500,1520,1653,1080,2012,8.3
2026-04-17,20:41:53.580,-31,-24,10,3966,0,25,44,16,224,26,15,438,1,3,673,1024,203,0,0,-1,-1,-1,0x1002480A90140004,1501,1501,1500,988,2012,1500,1501,1500,1500,1500,1193,1449,1500,1500,1500,1500,1500,1500,1500,2012,1500,1585,1500,2012,1500,1502,1501,1500,1520,1653,1500,2012,8.3
2026-04-17,20:41:54.080,-31,-25,10,3966,0,25,44,16,172,26,15,438,1,3,673,1024,203,0,0,-1,-1,-1,0x1002480A90140004,1501,1501,1500,988,2012,1500,1501,1500,1500,1500,1193,1449,1500,1500,1500,1500,1500,1500,1500,2012,1500,1585,1500,2012,1500,1502,1501,1500,1520,1653,1500,2012,8.3
2026-04-17,20:41:54.580,-31,-24,10,3966,0,25,44,16,1198,26,15,438,0,2,673,1024,203,0,0,-1,-1,-1,0x1002480A90140004,1501,1500,1500,988,2012,1500,1501,1500,1500,1500,1193,1449,1500,1500,1500,1500,1500,1500,1500,2012,1500,1585,1500,2012,1500,1501,1500,1500,1520,1653,1500,2012,8.3
2026-04-17,20:41:55.080,-22,-27,10,3966,0,25,44,16,242,26,15,438,1,-259,673,1024,203,0,0,-1,-1,-1,0x1002480A92100004,1501,1364,1500,1168,2012,1500,1371,1327,1500,1500,1193,1449,1500,1500,1500,1500,1500,1327,1500,2012,1500,1585,1500,2012,1500,1319,1500,1500,1520,1653,1297,2012,8.3
2026-04-17,20:41:55.580,-23,-27,10,3966,0,25,44,16,152,26,15,438,1,-1021,673,1024,203,0,0,-1,-1,-1,0x1002480A92180004,1501,1169,1500,1377,2012,1500,990,1500,1080,1500,1193,1449,1500,1500,1500,1500,1500,1080,1500,2012,1500,1585,1500,2012,1500,989,1500,1500,1520,1653,1080,2012,8.3
2026-04-17,20:41:56.080,-28,-24,10,3966,0,25,44,16,160,26,15,438,1,-51,673,1024,203,0,0,-1,-1,-1,0x1002480A92100004,1501,1471,1500,1026,2012,1500,1475,1463,1500,1500,1193,1449,1500,1500,1500,1500,1500,1463,1500,2012,1500,1585,1500,2012,1500,1441,1500,1500,1520,1653,1456,2012,8.3
2026-04-17,20:41:56.580,-28,-23,10,3966,0,25,44,16,350,26,15,438,-1,4,673,1024,202,0,0,-1,-1,-1,0x1002480A90140004,1501,1501,1500,988,2012,1500,1502,1500,1500,1500,1193,1449,1500,1500,1500,1500,1500,1500,1500,2012,1500,1585,1500,2012,1500,1503,1501,1500,1520,1653,1500,2012,8.3
2026-04-17,20:41:57.080,-28,-20,10,3966,0,25,44,16,500,26,15,438,1,4,673,1024,203,0,0,-1,-1,-1,0x1002480A90140004,1501,1501,1500,988,2012,1500,1502,1500,1500,1500,1193,1449,1500,1500,1500,1500,1500,1500,1500,2012,1500,1585,1500,2012,1500,1503,1501,1500,1520,1653,1500,2012,8.3
2026-04-17,20:41:57.580,-28,-21,10,3966,0,25,44,16,0,26,15,438,1,3,673,1024,202,0,0,-1,-1,-1,0x1002480A90140004,1501,1501,1500,988,2012,1500,1501,1500,1500,1500,1193,1449,1500,1500,1500,1500,1500,1500,1500,2012,1500,1585,1500,2012,1500,1502,1501,1500,1520,1653,1500,2012,8.3
2026-04-17,20:41:58.080,-28,-23,10,3966,0,25,44,16,0,26,15,438,1,4,673,1024,203,0,0,-1,-1,-1,0x1002480A90140004,1501,1501,1500,988,2012,1500,1502,1500,1500,1500,1193,1449,1500,1500,1500,1500,1500,1500,1500,2012,1500,1585,1500,2012,1500,1503,1501,1500,1520,1653,1500,2012,8.3
2026-04-17,20:41:58.580,-28,-24,10,3966,0,25,44,16,0,26,15,438,2,4,673,1024,203,0,0,-1,-1,-1,0x1002480A90140004,1501,1501,1500,988,2012,1501,1502,1500,1500,1501,1193,1449,1500,1500,1500,1500,1500,1500,1500,2012,1500,1585,1500,2012,1500,1503,1501,1500,1520,1653,1500,2012,8.3
2026-04-17,20:41:59.080,-28,-25,10,3966,0,25,44,16,0,26,15,438,1,3,673,1024,203,0,0,-1,-1,-1,0x1002480A90140004,1501,1501,1500,988,2012,1500,1501,1500,1500,1500,1193,1449,1500,1500,1500,1500,1500,1500,1500,2012,1500,1585,1500,2012,1500,1502,1501,1500,1520,1653,1500,2012,8.3
2026-04-17,20:41:59.580,-27,-27,10,3966,0,25,44,16,0,26,15,438,1,6,673,1024,203,0,0,-1,-1,-1,0x1002480A90140004,1501,1502,1500,988,2012,1500,1503,1500,1500,1500,1193,1449,1500,1500,1500,1500,1500,1500,1500,2012,1500,1585,1500,2012,1500,1504,1502,1500,1520,1653,1500,2012,8.3
2026-04-17,20:42:00.080,-27,-28,10,3966,0,25,44,16,0,26,15,438,1,4,673,1024,203,0,0,-1,-1,-1,0x1002480A90140004,1501,1501,1500,988,2012,1500,1502,1500,1500,1500,1193,1449,1500,1500,1500,1500,1500,1500,1500,2012,1500,1585,1500,2012,1500,1503,1501,1500,1520,1653,1500,2012,8.3
2026-04-17,20:42:00.580,-27,-27,10,3966,0,25,44,16,0,26,15,438,0,4,673,1024,203,0,0,-1,-1,-1,0x1002480A90140004,1501,1501,1500,988,2012,1500,1502,1500,1500,1500,1193,1449,1500,1500,1500,1500,1500,1500,1500,2012,1500,1585,1500,2012,1500,1503,1501,1500,1520,1653,1500,2012,8.3
2026-04-17,20:42:01.080,-27,-26,10,3966,0,25,44,16,0,26,15,438,1,4,673,1024,203,0,0,-1,-1,-1,0x1002480A90140004,1501,1501,1500,988,2012,1500,1502,1500,1500,1500,1193,1449,1500,1500,1500,1500,1500,1500,1500,2012,1500,1585,1500,2012,1500,1503,1501,1500,1520,1653,1500,2012,8.3
2026-04-17,20:42:01.580,-27,-25,10,3966,0,25,44,16,0,26,15,438,2,4,673,1024,203,0,0,-1,-1,-1,0x1002480A90140004,1501,1501,1500,988,2012,1501,1502,1500,1500,1501,1193,1449,1500,1500,1500,1500,1500,1500,1500,2012,1500,1585,1500,2012,1500,1503,1501,1500,1520,1653,1500,2012,8.3
2026-04-17,20:42:02.080,-27,-24,10,3966,0,25,44,16,0,26,15,438,1,3,673,1024,203,0,0,-1,-1,-1,0x1002480A90140004,1501,1501,1500,988,2012,1500,1501,1500,1500,1500,1193,1449,1500,1500,1500,1500,1500,1500,1500,2012,1500,1585,1500,2012,1500,1502,1501,1500,1520,1653,1500,2012,8.3
2026-04-17,20:42:02.580,-27,-25,10,3966,0,25,44,16,0,26,15,438,1,2,673,1024,203,0,1,-1,-1,-1,0x1002480A90140004,1501,1500,1500,988,2012,1500,1501,1500,1500,1500,1193,1449,1500,1500,1500,1500,1500,1500,1500,2012,1500,1585,1500,2012,1500,1501,1500,1500,1520,1653,1500,2012,8.3
2026-04-17,20:42:03.080,-27,-26,10,3966,0,25,44,16,0,26,15,438,2,1,673,1024,203,0,1,-1,-1,-1,0x1002480A90140004,1501,1500,1500,988,2012,1501,1500,1500,1500,1500,1193,1449,1500,1500,1500,1500,1500,1500,1500,2012,1500,1585,1500,2012,1500,1501,1500,1500,1520,1653,1500,2012,8.3
2026-04-17,20:42:03.580,-27,-26,10,3966,0,25,44,16,0,26,15,438,1,3,673,1024,203,0,1,-1,-1,-1,0x1002480A90140004,1501,1501,1500,988,2012,1500,1501,1500,1500,1500,1193,1449,1500,1500,1500,1500,1500,1500,1500,2012,1500,1585,1500,2012,1500,1501,1501,1500,1520,1653,1500,2012,8.3
2026-04-17,20:42:04.080,-27,-26,10,3966,0,25,44,16,0,26,15,438,1,3,673,1024,203,0,0,-1,-1,-1,0x1002480A90140004,1501,1501,1500,988,2012,1500,1501,1500,1500,1500,1193,1449,1500,1500,1500,1500,1500,1500,1500,2012,1500,1585,1500,2012,1500,1502,1501,1500,1520,1653,1500,2012,8.3
2026-04-17,20:42:04.580,-27,-26,10,3966,0,25,44,16,0,26,15,438,1,3,673,1024,203,0,-1,-1,-1,-1,0x1002480A90140004,1501,1501,1500,988,2012,1500,1501,1500,1500,1500,1193,1449,1500,1500,1500,1500,1500,1500,1500,2012,1500,1585,1500,2012,1500,1502,1501,1500,1520,1653,1500,2012,8.3
2026-04-17,20:42:05.080,-27,-25,10,3966,0,25,44,16,0,26,15,438,1,2,673,1024,203,0,0,-1,-1,-1,0x1002480A90140004,1501,1500,1500,988,2012,1500,1501,1500,1500,1500,1193,1449,1500,1500,1500,1500,1500,1500,1500,2012,1500,1585,1500,2012,1500,1501,1500,1500,1520,1653,1500,2012,8.3
2026-04-17,20:42:05.580,-27,-25,10,3966,0,25,44,16,0,26,15,438,1,3,673,1024,203,0,0,-1,-1,-1,0x1002480A90140004,1501,1501,1500,988,2012,1500,1501,1500,1500,1500,1193,1449,1500,1500,1500,1500,1500,1500,1500,2012,1500,1585,1500,2012,1500,1502,1501,1500,1520,1653,1500,2012,8.3
2026-04-17,20:42:06.080,-27,-25,10,3966,0,25,44,16,0,26,15,438,1,4,673,1024,203,0,0,-1,-1,-1,0x1002480A90140004,1501,1501,1500,988,2012,1500,1502,1500,1500,1501,1193,1449,1500,1500,1500,1500,1500,1500,1500,2012,1500,1585,1500,2012,1500,1503,1501,1500,1520,1653,1500,2012,8.3
2026-04-17,20:42:06.580,-27,-27,10,3966,0,25,44,16,0,26,15,438,1,6,673,1024,203,0,0,-1,-1,-1,0x1002480A90140004,1501,1501,1500,988,2012,1500,1503,1500,1500,1500,1193,1449,1500,1500,1500,1500,1500,1500,1500,2012,1500,1585,1500,2012,1500,1504,1501,1500,1520,1653,1500,2012,8.3
2026-04-17,20:42:07.080,-27,-28,10,3966,0,25,44,16,0,26,15,438,1,6,673,1024,203,0,0,-1,-1,-1,0x1002480A90140004,1501,1502,1500,988,2012,1500,1503,1500,1500,1500,1193,1449,1500,1500,1500,1500,1500,1500,1500,2012,1500,1585,1500,2012,1500,1505,1502,1500,1520,1653,1500,2012,8.3
2026-04-17,20:42:07.580,-27,-28,10,3966,0,25,44,16,0,26,15,438,1,6,673,1024,203,0,0,-1,-1,-1,0x1002480A90140004,1501,1502,1500,988,2012,1500,1503,1500,1500,1500,1193,1449,1500,1500,1500,1500,1500,1500,1500,2012,1500,1585,1500,2012,1500,1505,1502,1500,1520,1653,1500,2012,8.3
2026-04-17,20:42:08.080,-27,-28,10,3966,0,25,44,16,0,26,15,438,1,5,673,1024,202,0,0,-1,-1,-1,0x1002480A90140004,1501,1501,1500,988,2012,1500,1502,1500,1500,1500,1193,1449,1500,1500,1500,1500,1500,1500,1500,2012,1500,1585,1500,2012,1500,1504,1501,1500,1520,1653,1500,2012,8.3
2026-04-17,20:42:08.580,-27,-27,10,3966,0,25,44,16,0,26,15,438,1,4,673,1024,203,0,0,-1,-1,-1,0x1002480A90140004,1501,1501,1500,988,2012,1500,1502,1500,1500,1500,1193,1449,1500,1500,1500,1500,1500,1500,1500,2012,1500,1585,1500,2012,1500,1502,1501,1500,1520,1653,1500,2012,8.3
2026-04-17,20:42:09.080,-27,-27,10,3966,0,25,44,16,0,26,15,438,1,3,673,1024,203,0,0,-1,-1,-1,0x1002480A90140004,1501,1501,1500,988,2012,1500,1501,1500,1500,1500,1193,1449,1500,1500,1500,1500,1500,1500,1500,2012,1500,1585,1500,2012,1500,1502,1501,1500,1520,1653,1500,2012,8.3
2026-04-17,20:42:09.580,-27,-28,10,3966,0,25,44,16,0,26,15,438,1,4,673,1024,203,0,0,-1,-1,-1,0x1002480A90140004,1501,1501,1500,988,2012,1500,1502,1500,1500,1500,1193,1449,1500,1500,1500,1500,1500,1500,1500,2012,1500,1585,1500,2012,1500,1503,1501,1500,1520,1653,1500,2012,8.3
2026-04-17,20:42:10.080,-36,-30,10,3966,0,25,44,16,0,26,15,438,1,4,673,1024,202,0,0,-1,-1,-1,0x1002480A90140004,1501,1501,1500,988,2012,1500,1502,1500,1500,1500,1193,1449,1500,1500,1500,1500,1500,1500,1500,2012,1500,1585,1500,2012,1500,1503,1501,1500,1520,1653,1500,2012,8.3
2026-04-17,20:42:10.580,-36,-30,10,3966,0,25,44,16,0,26,15,438,2,4,673,1024,203,202,0,-1,-1,-1,0x1004480A90140004,1501,1501,1500,988,2012,1501,1502,1500,1500,1500,1193,1449,1500,1500,1500,1500,1500,1500,1500,2012,1500,1551,1500,2012,1500,1503,1501,1500,1520,1653,1500,2012,8.3
2026-04-17,20:42:11.080,-36,-30,10,3966,0,25,44,16,0,26,15,438,1,4,673,1024,201,249,0,-1,-1,-1,0x1008480A90140024,1501,1501,1500,988,2012,1500,1502,1500,1500,1500,1193,1449,1500,1500,1500,1500,1500,1500,1500,2012,1500,1552,1500,2012,1500,1503,1501,1500,1520,1653,1500,2012,8.3
2026-04-17,20:42:11.580,-36,-30,10,3966,0,25,44,16,0,26,15,438,1,4,673,1024,203,339,0,-1,-1,-1,0x1010480A90140004,1501,1501,1500,988,2012,1500,1502,1500,1500,1500,1193,1449,1500,1500,1500,1500,1500,1500,1500,2012,1500,1500,1500,2012,1500,1503,1501,1500,1520,1653,1500,2012,8.3
2026-04-17,20:42:12.080,-36,-30,10,3966,0,25,44,16,0,26,15,438,1,4,673,1024,202,515,0,-1,-1,-1,0x1020480A90140004,1501,1501,1500,988,2012,1500,1502,1500,1500,1501,1193,1449,1500,1500,1500,1500,1500,1500,1500,2012,1500,1548,1500,2012,1500,1503,1501,1500,1520,1653,1500,2012,8.3
2026-04-17,20:42:12.580,-36,-30,10,3966,0,25,44,16,0,26,15,438,2,3,673,1024,202,1024,0,-1,-1,-1,0x1000480A98140004,1501,1501,1500,988,2012,1501,1501,1500,1500,1501,1193,1449,1500,1500,1500,1500,1500,1500,1500,2012,1500,1642,1500,2012,1500,1502,1501,1500,1520,1653,1500,2012,8.3
2026-04-17,20:42:13.080,-36,-30,10,3966,0,25,44,16,0,26,15,438,1,3,673,1024,197,1024,0,-1,-1,-1,0x1000480A98140004,1501,1501,1500,988,2012,1500,1501,1500,1500,1500,1193,1449,1500,1500,1500,1500,1500,1500,1500,2012,1500,1642,1500,2012,1500,1502,1501,1500,1520,1653,1500,2012,8.3
2026-04-17,20:42:13.580,-36,-29,10,3966,0,25,44,16,0,26,15,438,1,3,673,1024,199,1024,0,-1,-1,-1,0x1000480A98140004,1501,1501,1500,988,2012,1500,1501,1500,1500,1501,1193,1449,1500,1500,1500,1500,1500,1500,1500,2012,1500,1642,1500,2012,1500,1502,1501,1500,1520,1653,1500,2012,8.3
2026-04-17,20:42:14.080,-36,-29,10,3966,0,25,44,16,0,26,15,438,2,3,673,1024,203,1024,0,-1,-1,-1,0x1000480A98140004,1501,1501,1500,988,2012,1501,1501,1500,1500,1500,1193,1449,1500,1500,1500,1500,1500,1500,1500,2012,1500,1642,1500,2012,1500,1502,1501,1500,1520,1653,1500,2012,8.3
2026-04-17,20:42:14.580,-36,-29,10,3966,0,25,44,16,0,26,15,438,1,2,673,1024,165,1024,0,-1,-1,-1,0x1000480A98140004,1501,1500,1500,988,2012,1500,1501,1500,1500,1501,1193,1449,1500,1500,1500,1500,1500,1500,1500,2012,1500,1642,1500,2012,1500,1501,1500,1500,1520,1653,1500,2012,8.3
2026-04-17,20:42:15.080,-36,-29,10,3966,0,25,44,16,0,26,15,438,2,3,673,1024,201,1024,0,-1,-1,-1,0x1000480A98140004,1501,1501,1500,988,2012,1501,1501,1500,1500,1501,1193,1449,1500,1500,1500,1500,1500,1500,1500,2012,1500,1642,1500,2012,1500,1502,1501,1500,1520,1653,1500,2012,8.3
2026-04-17,20:42:15.580,-36,-28,10,3966,0,25,44,16,0,26,15,438,1,3,673,1024,195,1024,0,-1,-1,-1,0x1000480A98140004,1501,1501,1500,988,2012,1500,1501,1500,1500,1500,1193,1449,1500,1500,1500,1500,1500,1500,1500,2012,1500,1642,1500,2012,1500,1501,1501,1500,1520,1653,1500,2012,8.3
2026-04-17,20:42:16.080,-36,-27,10,3966,0,25,44,16,0,26,15,438,2,3,673,1024,160,1024,0,-1,-1,-1,0x1000480A98140004,1501,1501,1500,988,2012,1501,1501,1500,1500,1501,1193,1449,1500,1500,1500,1500,1500,1500,1500,2012,1500,1642,1500,2012,1500,1503,1501,1500,1520,1653,1500,2012,8.3
2026-04-17,20:42:16.580,-36,-27,10,3966,0,25,44,16,0,26,15,438,2,4,673,1024,203,1024,0,-1,-1,-1,0x1000480A98140004,1501,1501,1500,988,2012,1501,1502,1500,1500,1500,1193,1449,1500,1500,1500,1500,1500,1500,1500,2012,1500,1642,1500,2012,1500,1503,1501,1500,1520,1653,1500,2012,8.3
2026-04-17,20:42:17.080,-36,-27,10,3966,0,25,44,16,0,26,15,438,1,4,673,1024,204,1024,0,-1,-1,-1,0x1000480A98140004,1501,1501,1500,988,2012,1500,1502,1500,1500,1500,1193,1449,1500,1500,1500,1500,1500,1500,1500,2012,1500,1642,1500,2012,1500,1503,1501,1500,1520,1653,1500,2012,8.3
2026-04-17,20:42:17.580,-36,-28,10,3966,0,25,44,16,0,26,15,438,1,5,673,1024,203,1024,0,-1,-1,-1,0x1000480A98140004,1501,1502,1500,988,2012,1500,1502,1500,1500,1500,1193,1449,1500,1500,1500,1500,1500,1500,1500,2012,1500,1642,1500,2012,1500,1504,1502,1500,1520,1653,1500,2012,8.3
2026-04-17,20:42:18.080,-36,-28,10,3966,0,25,44,16,0,26,15,438,1,5,673,1024,186,1024,0,-1,-1,-1,0x1000480A98140004,1501,1501,1500,988,2012,1500,1502,1500,1500,1500,1193,1449,1500,1500,1500,1500,1500,1500,1500,2012,1500,1642,1500,2012,1500,1504,1501,1500,1520,1653,1500,2012,8.3
2026-04-17,20:42:18.580,-36,-28,10,3966,0,25,44,16,0,26,15,438,2,4,673,1024,193,1024,0,-1,-1,-1,0x1000480A98140004,1501,1501,1500,988,2012,1501,1502,1500,1500,1501,1193,1449,1500,1500,1500,1500,1500,1500,1500,2012,1500,1642,1500,2012,1500,1502,1501,1500,1520,1653,1500,2012,8.3
2026-04-17,20:42:19.080,-36,-28,10,3966,0,25,44,16,0,26,15,438,2,3,673,1024,178,1024,1,-1,-1,-1,0x1000480A98140004,1501,1501,1500,988,2012,1501,1501,1500,1500,1500,1193,1449,1500,1500,1500,1500,1500,1500,1500,2012,1500,1642,1500,2012,1500,1502,1501,1500,1520,1696,1500,2012,8.3
2026-04-17,20:42:19.580,-36,-29,10,3966,0,25,44,16,0,26,15,438,1,2,673,1024,200,1024,1,-1,-1,-1,0x1000480A98140004,1501,1500,1500,988,2012,1500,1501,1500,1500,1500,1193,1449,1500,1500,1500,1500,1500,1500,1500,2012,1500,1642,1500,2012,1500,1501,1500,1500,1520,1696,1500,2012,8.3
2026-04-17,20:42:20.080,-36,-28,10,3966,0,25,44,16,0,26,15,438,2,2,673,1024,200,1024,0,-1,-1,-1,0x1000480A98140004,1501,1500,1500,988,2012,1501,1501,1500,1500,1501,1193,1449,1500,1500,1500,1500,1500,1500,1500,2012,1500,1642,1500,2012,1500,1501,1500,1500,1520,1653,1500,2012,8.4
2026-04-17,20:42:20.580,-36,-28,10,3966,0,25,44,16,0,26,15,438,2,3,673,1024,186,1024,-1,-1,-1,-1,0x1000480A98140004,1501,1501,1500,988,2012,1501,1501,1500,1500,1501,1193,1449,1500,1500,1500,1500,1500,1500,1500,2012,1500,1642,1500,2012,1500,1502,1501,1500,1520,1611,1500,2012,8.4
2026-04-17,20:42:21.080,-36,-29,10,3966,0,25,44,16,0,26,15,438,1,4,673,1024,203,1024,-1,-1,-1,-1,0x1000480A98140004,1501,1501,1500,988,2012,1500,1502,1500,1500,1501,1193,1449,1500,1500,1500,1500,1500,1500,1500,2012,1500,1642,1500,2012,1500,1503,1501,1500,1520,1611,1500,2012,8.4
2026-04-17,20:42:21.580,-36,-28,10,3966,0,25,44,16,0,26,15,438,1,3,673,1024,200,1024,-1,-1,-1,-1,0x1000480A98140004,1501,1500,1500,988,2012,1500,1501,1500,1500,1500,1193,1449,1500,1500,1500,1500,1500,1500,1500,2012,1500,1642,1500,2012,1500,1501,1500,1500,1520,1611,1500,2012,8.4
2026-04-17,20:42:22.080,-36,-28,10,3966,0,25,44,16,0,26,15,438,2,2,673,1024,185,1024,-1,-1,-1,-1,0x1000480A98140004,1501,1500,1500,988,2012,1501,1501,1500,1500,1500,1193,1449,1500,1500,1500,1500,1500,1500,1500,2012,1500,1642,1500,2012,1500,1501,1500,1500,1520,1611,1500,2012,8.4
2026-04-17,20:42:22.580,-36,-28,10,3966,0,25,44,16,0,26,15,438,1,2,673,1024,185,1024,-1,-1,-1,-1,0x1000480A98140004,1501,1500,1500,988,2012,1500,1501,1500,1500,1500,1193,1449,1500,1500,1500,1500,1500,1500,1500,2012,1500,1642,1500,2012,1500,1501,1500,1500,1520,1611,1500,2012,8.4
2026-04-17,20:42:23.080,-36,-28,10,3966,0,25,44,16,0,26,15,438,2,2,673,1024,199,1024,-1,-1,-1,-1,0x1000480A98140004,1501,1500,1500,988,2012,1501,1501,1500,1500,1501,1193,1449,1500,1500,1500,1500,1500,1500,1500,2012,1500,1642,1500,2012,1500,1501,1500,1500,1520,1611,1500,2012,8.4
2026-04-17,20:42:23.580,-36,-28,10,3966,0,25,44,16,0,26,15,438,1,2,673,1024,201,1024,0,-1,-1,-1,0x1000480A98140004,1501,1500,1500,988,2012,1500,1501,1500,1500,1500,1193,1449,1500,1500,1500,1500,1500,1500,1500,2012,1500,1642,1500,2012,1500,1501,1500,1500,1520,1653,1500,2012,8.4
2026-04-17,20:42:24.080,-36,-27,10,3966,0,25,44,16,0,26,15,438,1,4,673,1024,200,1024,0,-1,-1,-1,0x1000480A98140004,1501,1501,1500,988,2012,1500,1502,1500,1500,1500,1193,1449,1500,1500,1500,1500,1500,1500,1500,2012,1500,1642,1500,2012,1500,1503,1501,1500,1520,1653,1500,2012,8.4
2026-04-17,20:42:24.580,-36,-25,10,3966,0,25,44,16,0,26,15,438,0,2,673,1024,199,1024,0,-1,-1,-1,0x1000480A98140004,1501,1500,1500,988,2012,1500,1501,1500,1500,1500,1193,1449,1500,1500,1500,1500,1500,1500,1500,2012,1500,1642,1500,2012,1500,1501,1500,1500,1520,1653,1500,2012,8.4
2026-04-17,20:42:25.080,-36,-24,10,3966,0,25,44,16,0,26,15,438,10,2,673,1024,200,1024,0,-1,-1,-1,0x1000480A98140004,1502,1500,1500,988,2012,1505,1501,1500,1500,1505,1193,1449,1500,1500,1500,1500,1500,1500,1500,2012,1500,1642,1500,2012,1500,1501,1500,1500,1520,1653,1500,2012,8.4
2026-04-17,20:42:25.580,-36,-25,10,3966,0,25,44,16,0,26,15,438,7,5,673,1024,200,1024,0,-1,-1,-1,0x1000480A98140004,1502,1501,1500,988,2012,1503,1502,1500,1500,1503,1193,1449,1500,1500,1500,1500,1500,1500,1500,2012,1500,1642,1500,2012,1500,1504,1501,1500,1520,1653,1500,2012,8.4
2026-04-17,20:42:26.080,-36,-26,10,3966,0,25,44,16,0,26,15,438,4,3,673,1024,199,1024,0,-1,-1,-1,0x1000480A98140004,1502,1501,1500,988,2012,1502,1501,1500,1500,1502,1193,1449,1500,1500,1500,1500,1500,1500,1500,2012,1500,1642,1500,2012,1500,1502,1501,1500,1520,1653,1500,2012,8.4
2026-04-17,20:42:26.580,-36,-26,10,3966,0,25,44,16,0,26,15,438,5,4,673,1024,193,1024,0,-1,-1,-1,0x1000480A98140004,1502,1501,1500,988,2012,1502,1502,1500,1500,1502,1193,1449,1500,1500,1500,1500,1500,1500,1500,2012,1500,1642,1500,2012,1500,1502,1501,1500,1520,1653,1500,2012,8.4
2026-04-17,20:42:27.080,-36,-26,10,3966,0,25,44,16,0,26,15,438,6,3,673,1024,180,1024,0,-1,-1,-1,0x1000480A98140004,1502,1501,1500,988,2012,1503,1501,1500,1500,1503,1193,1449,1500,1500,1500,1500,1500,1500,1500,2012,1500,1642,1500,2012,1500,1502,1501,1500,1520,1653,1500,2012,8.4
2026-04-17,20:42:27.580,-36,-26,10,3966,0,25,44,16,0,26,15,438,1,3,673,1024,191,1024,0,-1,-1,-1,0x1000480A98140004,1501,1501,1500,988,2012,1500,1501,1500,1500,1500,1193,1449,1500,1500,1500,1500,1500,1500,1500,2012,1500,1642,1500,2012,1500,1502,1501,1500,1520,1653,1500,2012,8.4
2026-04-17,20:42:28.080,-36,-26,10,3966,0,25,44,16,0,26,15,438,2,3,673,1024,191,1024,0,-1,-1,-1,0x1000480A98140004,1501,1501,1500,988,2012,1501,1501,1500,1500,1501,1193,1449,1500,1500,1500,1500,1500,1500,1500,2012,1500,1642,1500,2012,1500,1502,1501,1500,1520,1653,1500,2012,8.4
2026-04-17,20:42:28.580,-36,-25,10,3966,0,25,44,16,0,26,15,438,1,3,673,1024,194,1024,0,-1,-1,-1,0x1000480A98140004,1501,1501,1500,988,2012,1500,1501,1500,1500,1500,1193,1449,1500,1500,1500,1500,1500,1500,1500,2012,1500,1642,1500,2012,1500,1502,1501,1500,1520,1653,1500,2012,8.4
2026-04-17,20:42:29.080,-36,-26,10,3966,0,25,44,16,0,26,15,438,2,2,673,1024,196,1024,0,-1,-1,-1,0x1000480A98140004,1501,1500,1500,988,2012,1501,1501,1500,1500,1501,1193,1449,1500,1500,1500,1500,1500,1500,1500,2012,1500,1642,1500,2012,1500,1501,1500,1500,1520,1653,1500,2012,8.4
2026-04-17,20:42:29.580,-36,-25,10,3966,0,25,44,16,0,26,15,438,2,3,673,1024,197,1024,0,-1,-1,-1,0x1000480A98140004,1501,1501,1500,988,2012,1501,1501,1500,1500,1500,1193,1449,1500,1500,1500,1500,1500,1500,1500,2012,1500,1642,1500,2012,1500,1502,1501,1500,1520,1653,1500,2012,8.4
2026-04-17,20:42:30.080,-36,-25,10,3966,0,25,44,16,0,26,15,438,1,4,673,1024,199,1024,0,-1,-1,-1,0x1000480A98140004,1501,1501,1500,988,2012,1500,1502,1500,1500,1501,1193,1449,1500,1500,1500,1500,1500,1500,1500,2012,1500,1642,1500,2012,1500,1503,1501,1500,1520,1653,1500,2012,8.4
2026-04-17,20:42:30.580,-36,-26,10,3966,0,25,44,16,0,26,15,438,2,5,673,1024,201,1024,0,-1,-1,-1,0x1000480A98140004,1501,1501,1500,988,2012,1501,1502,1500,1500,1501,1193,1449,1500,1500,1500,1500,1500,1500,1500,2012,1500,1642,1500,2012,1500,1504,1501,1500,1520,1653,1500,2012,8.4
2026-04-17,20:42:31.080,-36,-29,10,3966,0,25,44,16,0,26,15,438,1,5,672,1024,201,1024,0,-1,-1,-1,0x1000480A98140004,1501,1501,1500,988,2012,1500,1502,1500,1500,1500,1193,1449,1500,1500,1500,1500,1500,1500,1500,2012,1500,1642,1500,2012,1500,1503,1501,1500,1520,1653,1500,2012,8.4
2026-04-17,20:42:31.580,-36,-29,10,3966,0,25,44,16,0,26,15,438,2,3,673,1024,201,1024,0,-1,-1,-1,0x1000480A98140004,1501,1501,1500,988,2012,1501,1501,1500,1500,1500,1193,1449,1500,1500,1500,1500,1500,1500,1500,2012,1500,1642,1500,2012,1500,1502,1501,1500,1520,1653,1500,2012,8.4
2026-04-17,20:42:32.080,-47,-30,10,3966,0,25,44,16,0,26,15,438,2,5,672,1024,200,1024,0,-1,-1,-1,0x1000480A98140004,1501,1501,1500,988,2012,1501,1502,1500,1500,1501,1193,1449,1500,1500,1500,1500,1500,1500,1500,2012,1500,1642,1500,2012,1500,1504,1501,1500,1520,1653,1500,2012,8.4
2026-04-17,20:42:32.580,-47,-31,10,3966,0,25,44,16,0,26,15,438,1,5,673,1024,198,1024,0,-1,-1,-1,0x1000480A98140004,1501,1502,1500,988,2012,1500,1502,1500,1500,1500,1193,1449,1500,1500,1500,1500,1500,1500,1500,2012,1500,1642,1500,2012,1500,1505,1502,1500,1520,1653,1500,2012,8.4
2026-04-17,20:42:33.080,-47,-30,10,3966,0,25,44,16,0,26,15,438,1,5,673,1024,198,1024,0,-1,-1,-1,0x1000480A98140004,1501,1502,1500,988,2012,1500,1502,1500,1500,1500,1193,1449,1500,1500,1500,1500,1500,1500,1500,2012,1500,1642,1500,2012,1500,1504,1502,1500,1520,1653,1500,2012,8.4
2026-04-17,20:42:33.580,-47,-30,10,3966,0,25,44,16,0,26,15,438,1,6,673,1024,197,1024,0,-1,-1,-1,0x1000480A98140004,1501,1502,1500,988,2012,1500,1503,1500,1500,1500,1193,1449,1500,1500,1500,1500,1500,1500,1500,2012,1500,1642,1500,2012,1500,1505,1502,1500,1520,1653,1500,2012,8.4
2026-04-17,20:42:34.080,-47,-30,10,3966,0,25,44,16,0,26,15,438,1,8,673,1024,196,1024,0,-1,-1,-1,0x1000480A98140004,1501,1502,1500,988,2012,1500,1504,1500,1500,1501,1193,1449,1500,1500,1500,1500,1500,1500,1500,2012,1500,1642,1500,2012,1500,1506,1502,1500,1520,1653,1500,2012,8.4
2026-04-17,20:42:34.580,-47,-30,10,3966,0,25,44,16,0,26,15,438,1,10,673,1024,187,1024,0,-1,-1,-1,0x1000480A98140004,1501,1503,1500,988,2012,1500,1505,1500,1500,1501,1193,1449,1500,1500,1500,1500,1500,1500,1500,2012,1500,1642,1500,2012,1500,1508,1503,1500,1520,1653,1500,2012,8.4
2026-04-17,20:42:35.080,-47,-30,10,3966,0,25,44,16,0,26,15,438,2,11,673,1024,185,1024,0,-1,-1,-1,0x1000480A98140004,1501,1504,1500,988,2012,1501,1505,1500,1500,1501,1193,1449,1500,1500,1500,1500,1500,1500,1500,2012,1500,1642,1500,2012,1500,1509,1504,1500,1520,1653,1500,2012,8.4
2026-04-17,20:42:35.580,-47,-29,10,3966,0,25,44,16,0,26,15,438,2,9,673,1024,184,1024,0,-1,-1,-1,0x1000480A98140004,1501,1503,1500,988,2012,1501,1504,1500,1500,1501,1193,1449,1500,1500,1500,1500,1500,1500,1500,2012,1500,1642,1500,2012,1500,1507,1503,1500,1520,1653,1500,2012,8.4
2026-04-17,20:42:36.080,-47,-30,10,3966,0,25,44,16,0,27,15,438,2,5,673,1024,181,1024,0,-1,-1,-1,0x1000480A98140004,1501,1502,1500,988,2012,1501,1502,1500,1500,1501,1193,1449,1500,1500,1500,1500,1500,1500,1500,2012,1500,1642,1500,2012,1500,1505,1502,1500,1520,1653,1500,2012,8.4
2026-04-17,20:42:36.580,-47,-30,10,3966,0,25,44,16,0,27,15,438,2,5,673,1024,203,1024,0,-1,-1,-1,0x1000480A98140004,1501,1501,1500,988,2012,1501,1502,1500,1500,1501,1193,1449,1500,1500,1500,1500,1500,1500,1500,2012,1500,1642,1500,2012,1500,1504,1501,1500,1520,1653,1500,2012,8.4
2026-04-17,20:42:37.080,-47,-30,10,3966,0,25,44,16,0,27,15,438,2,12,673,1024,204,1024,0,-1,-1,-1,0x1000480A98140004,1501,1504,1500,988,2012,1501,1506,1500,1500,1501,1193,1449,1500,1500,1500,1500,1500,1500,1500,2012,1500,1642,1500,2012,1500,1509,1504,1500,1520,1653,1500,2012,8.4
2026-04-17,20:42:37.580,-47,-30,10,3966,0,25,44,16,0,27,15,438,2,4,673,1024,203,1024,0,-1,-1,-1,0x1000480A98140004,1501,1501,1500,988,2012,1501,1502,1500,1500,1500,1193,1449,1500,1500,1500,1500,1500,1500,1500,2012,1500,1642,1500,2012,1500,1503,1501,1500,1520,1653,1500,2012,8.4
2026-04-17,20:42:38.080,-47,-30,10,3966,0,25,44,16,0,27,15,438,1,4,673,1024,204,1024,0,-1,-1,-1,0x1000480A98140004,1501,1501,1500,988,2012,1500,1502,1500,1500,1500,1193,1449,1500,1500,1500,1500,1500,1500,1500,2012,1500,1642,1500,2012,1500,1503,1501,1500,1520,1653,1500,2012,8.4
